</harden/bcfiles/edk_bcfiles/KeyVault.bc>:CheckKeyMatches:%23	</harden/bcfiles/edk_bcfiles/KeyVault.bc>:CheckKeyMatches:%24	</harden/bcfiles/edk_bcfiles/KeyVault.bc>:CheckKeyMatches:30
</harden/bcfiles/edk_bcfiles/KeyVault.bc>:CheckKeyMatches:%33	</harden/bcfiles/edk_bcfiles/KeyVault.bc>:CheckKeyMatches:%34	</harden/bcfiles/edk_bcfiles/KeyVault.bc>:CheckKeyMatches:41
</harden/bcfiles/edk_bcfiles/KeyVault.bc>:CheckKeyMatches:%35	</harden/bcfiles/edk_bcfiles/KeyVault.bc>:CheckKeyMatches:42:0:0	</harden/bcfiles/edk_bcfiles/KeyVault.bc>:CheckKeyMatches:42
</harden/bcfiles/edk_bcfiles/KeyVault.bc>:CheckKeyMatches:%25	</harden/bcfiles/edk_bcfiles/KeyVault.bc>:CheckKeyMatches:31:0:0	</harden/bcfiles/edk_bcfiles/KeyVault.bc>:CheckKeyMatches:31
</harden/bcfiles/edk_bcfiles/KeyVault.bc>:CheckKeyMatches:%14	</harden/bcfiles/edk_bcfiles/KeyVault.bc>:CheckKeyMatches:%15	</harden/bcfiles/edk_bcfiles/KeyVault.bc>:CheckKeyMatches:20
</harden/bcfiles/edk_bcfiles/KeyVault.bc>:CreateVaultKey:%112	</harden/bcfiles/edk_bcfiles/KeyVault.bc>:CreateVaultKey:%113	</harden/bcfiles/edk_bcfiles/KeyVault.bc>:CreateVaultKey:129
</harden/bcfiles/edk_bcfiles/KeyVault.bc>:CreateVaultKey:%101	</harden/bcfiles/edk_bcfiles/KeyVault.bc>:CreateVaultKey:117:0:0	</harden/bcfiles/edk_bcfiles/KeyVault.bc>:CreateVaultKey:117
</harden/bcfiles/edk_bcfiles/KeyVault.bc>:CreateVaultKey:%114	</harden/bcfiles/edk_bcfiles/KeyVault.bc>:CreateVaultKey:130:0:0	</harden/bcfiles/edk_bcfiles/KeyVault.bc>:CreateVaultKey:130
</harden/bcfiles/edk_bcfiles/KeyVault.bc>:CreateVaultKey:%97	</harden/bcfiles/edk_bcfiles/KeyVault.bc>:CreateVaultKey:113:0:0	</harden/bcfiles/edk_bcfiles/KeyVault.bc>:CreateVaultKey:113
</harden/bcfiles/edk_bcfiles/KeyVault.bc>:CreateVaultKey:%96	</harden/bcfiles/edk_bcfiles/KeyVault.bc>:CreateVaultKey:112:0:0	</harden/bcfiles/edk_bcfiles/KeyVault.bc>:CreateVaultKey:112
</harden/bcfiles/edk_bcfiles/KeyVault.bc>:CreateVaultKey:%86	</harden/bcfiles/edk_bcfiles/KeyVault.bc>:CreateVaultKey:102:0:0	</harden/bcfiles/edk_bcfiles/KeyVault.bc>:CreateVaultKey:102
</harden/bcfiles/edk_bcfiles/KeyVault.bc>:CreateVaultKey:%80	</harden/bcfiles/edk_bcfiles/KeyVault.bc>:CreateVaultKey:%81	</harden/bcfiles/edk_bcfiles/KeyVault.bc>:CreateVaultKey:97
</harden/bcfiles/edk_bcfiles/KeyVault.bc>:CreateVaultKey:%75	</harden/bcfiles/edk_bcfiles/KeyVault.bc>:CreateVaultKey:90:0:0	</harden/bcfiles/edk_bcfiles/KeyVault.bc>:CreateVaultKey:90
</harden/bcfiles/edk_bcfiles/KeyVault.bc>:CreateVaultKey:%108	</harden/bcfiles/edk_bcfiles/KeyVault.bc>:CreateVaultKey:124:0:0	</harden/bcfiles/edk_bcfiles/KeyVault.bc>:CreateVaultKey:124
</harden/bcfiles/edk_bcfiles/KeyVault.bc>:CreateVaultKey:%92	</harden/bcfiles/edk_bcfiles/KeyVault.bc>:CreateVaultKey:%93	</harden/bcfiles/edk_bcfiles/KeyVault.bc>:CreateVaultKey:109
</harden/bcfiles/edk_bcfiles/KeyVault.bc>:CreateVaultKey:%117	</harden/bcfiles/edk_bcfiles/KeyVault.bc>:CreateVaultKey:133:0:0	</harden/bcfiles/edk_bcfiles/KeyVault.bc>:CreateVaultKey:133
</harden/bcfiles/edk_bcfiles/KeyVault.bc>:CreateVaultKey:%87	</harden/bcfiles/edk_bcfiles/KeyVault.bc>:CreateVaultKey:103:0:0	</harden/bcfiles/edk_bcfiles/KeyVault.bc>:CreateVaultKey:103
</harden/bcfiles/edk_bcfiles/KeyVault.bc>:CreateVaultKey:%100	</harden/bcfiles/edk_bcfiles/KeyVault.bc>:CreateVaultKey:116:0:0	</harden/bcfiles/edk_bcfiles/KeyVault.bc>:CreateVaultKey:116
</harden/bcfiles/edk_bcfiles/KeyVault.bc>:CreateVaultKey:%26	</harden/bcfiles/edk_bcfiles/KeyVault.bc>:CreateVaultKey:33:0:0	</harden/bcfiles/edk_bcfiles/KeyVault.bc>:CreateVaultKey:33
</harden/bcfiles/edk_bcfiles/KeyVault.bc>:CreateVaultKey:%25	</harden/bcfiles/edk_bcfiles/KeyVault.bc>:CreateVaultKey:32:0:0	</harden/bcfiles/edk_bcfiles/KeyVault.bc>:CreateVaultKey:32
</harden/bcfiles/edk_bcfiles/KeyVault.bc>:CreateVaultKey:%82	</harden/bcfiles/edk_bcfiles/KeyVault.bc>:CreateVaultKey:98:0:0	</harden/bcfiles/edk_bcfiles/KeyVault.bc>:CreateVaultKey:98
</harden/bcfiles/edk_bcfiles/KeyVault.bc>:CreateVaultKey:%45	</harden/bcfiles/edk_bcfiles/KeyVault.bc>:CreateVaultKey:55:0:0	</harden/bcfiles/edk_bcfiles/KeyVault.bc>:CreateVaultKey:55
</harden/bcfiles/edk_bcfiles/KeyVault.bc>:CreateVaultKey:%94	</harden/bcfiles/edk_bcfiles/KeyVault.bc>:CreateVaultKey:110:0:0	</harden/bcfiles/edk_bcfiles/KeyVault.bc>:CreateVaultKey:110
</harden/bcfiles/edk_bcfiles/KeyVault.bc>:CreateVaultKey:%104	</harden/bcfiles/edk_bcfiles/KeyVault.bc>:CreateVaultKey:%105	</harden/bcfiles/edk_bcfiles/KeyVault.bc>:CreateVaultKey:121
</harden/bcfiles/edk_bcfiles/KeyVault.bc>:CreateVaultKey:%7	</harden/bcfiles/edk_bcfiles/KeyVault.bc>:CreateVaultKey:92:0:0	</harden/bcfiles/edk_bcfiles/KeyVault.bc>:CreateVaultKey:92
</harden/bcfiles/edk_bcfiles/KeyVault.bc>:CreateVaultKey:%7	</harden/bcfiles/edk_bcfiles/KeyVault.bc>:CreateVaultKey:99:0:0	</harden/bcfiles/edk_bcfiles/KeyVault.bc>:CreateVaultKey:99
</harden/bcfiles/edk_bcfiles/KeyVault.bc>:CreateVaultKey:%7	</harden/bcfiles/edk_bcfiles/KeyVault.bc>:CreateVaultKey:105:0:0	</harden/bcfiles/edk_bcfiles/KeyVault.bc>:CreateVaultKey:105
</harden/bcfiles/edk_bcfiles/KeyVault.bc>:CreateVaultKey:%44	</harden/bcfiles/edk_bcfiles/KeyVault.bc>:CreateVaultKey:54:0:0	</harden/bcfiles/edk_bcfiles/KeyVault.bc>:CreateVaultKey:54
</harden/bcfiles/edk_bcfiles/KeyVault.bc>:CreateVaultKey:%116	</harden/bcfiles/edk_bcfiles/KeyVault.bc>:CreateVaultKey:132:0:0	</harden/bcfiles/edk_bcfiles/KeyVault.bc>:CreateVaultKey:132
</harden/bcfiles/edk_bcfiles/KeyVault.bc>:CreateVaultKey:%74	</harden/bcfiles/edk_bcfiles/KeyVault.bc>:CreateVaultKey:89:0:0	</harden/bcfiles/edk_bcfiles/KeyVault.bc>:CreateVaultKey:89
</harden/bcfiles/edk_bcfiles/KeyVault.bc>:ReadVaultKey:%88	</harden/bcfiles/edk_bcfiles/KeyVault.bc>:ReadVaultKey:104:0:0	</harden/bcfiles/edk_bcfiles/KeyVault.bc>:ReadVaultKey:104
</harden/bcfiles/edk_bcfiles/KeyVault.bc>:ReadVaultKey:%84	</harden/bcfiles/edk_bcfiles/KeyVault.bc>:ReadVaultKey:100:0:0	</harden/bcfiles/edk_bcfiles/KeyVault.bc>:ReadVaultKey:100
</harden/bcfiles/edk_bcfiles/KeyVault.bc>:ReadVaultKey:%83	</harden/bcfiles/edk_bcfiles/KeyVault.bc>:ReadVaultKey:99:0:0	</harden/bcfiles/edk_bcfiles/KeyVault.bc>:ReadVaultKey:99
</harden/bcfiles/edk_bcfiles/KeyVault.bc>:ReadVaultKey:%75	</harden/bcfiles/edk_bcfiles/KeyVault.bc>:ReadVaultKey:91:0:0	</harden/bcfiles/edk_bcfiles/KeyVault.bc>:ReadVaultKey:91
</harden/bcfiles/edk_bcfiles/KeyVault.bc>:ReadVaultKey:%56	</harden/bcfiles/edk_bcfiles/KeyVault.bc>:ReadVaultKey:70:0:0	</harden/bcfiles/edk_bcfiles/KeyVault.bc>:ReadVaultKey:70
</harden/bcfiles/edk_bcfiles/KeyVault.bc>:ReadVaultKey:%55	</harden/bcfiles/edk_bcfiles/KeyVault.bc>:ReadVaultKey:69:0:0	</harden/bcfiles/edk_bcfiles/KeyVault.bc>:ReadVaultKey:69
</harden/bcfiles/edk_bcfiles/KeyVault.bc>:ReadVaultKey:%50	</harden/bcfiles/edk_bcfiles/KeyVault.bc>:ReadVaultKey:63:0:0	</harden/bcfiles/edk_bcfiles/KeyVault.bc>:ReadVaultKey:63
</harden/bcfiles/edk_bcfiles/KeyVault.bc>:ReadVaultKey:%49	</harden/bcfiles/edk_bcfiles/KeyVault.bc>:ReadVaultKey:62:0:0	</harden/bcfiles/edk_bcfiles/KeyVault.bc>:ReadVaultKey:62
</harden/bcfiles/edk_bcfiles/KeyVault.bc>:ReadVaultKey:%31	</harden/bcfiles/edk_bcfiles/KeyVault.bc>:ReadVaultKey:41:0:0	</harden/bcfiles/edk_bcfiles/KeyVault.bc>:ReadVaultKey:41
</harden/bcfiles/edk_bcfiles/KeyVault.bc>:ReadVaultKey:%30	</harden/bcfiles/edk_bcfiles/KeyVault.bc>:ReadVaultKey:40:0:0	</harden/bcfiles/edk_bcfiles/KeyVault.bc>:ReadVaultKey:40
</harden/bcfiles/edk_bcfiles/KeyVault.bc>:ReadVaultKey:%78	</harden/bcfiles/edk_bcfiles/KeyVault.bc>:ReadVaultKey:94:0:0	</harden/bcfiles/edk_bcfiles/KeyVault.bc>:ReadVaultKey:94
</harden/bcfiles/edk_bcfiles/KeyVault.bc>:ReadVaultKey:%86	</harden/bcfiles/edk_bcfiles/KeyVault.bc>:ReadVaultKey:%87	</harden/bcfiles/edk_bcfiles/KeyVault.bc>:ReadVaultKey:103
</harden/bcfiles/edk_bcfiles/KeyVault.bc>:ReadVaultKey:%74	</harden/bcfiles/edk_bcfiles/KeyVault.bc>:ReadVaultKey:90:0:0	</harden/bcfiles/edk_bcfiles/KeyVault.bc>:ReadVaultKey:90
</harden/bcfiles/edk_bcfiles/KeyVault.bc>:ReadVaultKey:%11	</harden/bcfiles/edk_bcfiles/KeyVault.bc>:ReadVaultKey:18:0:0	</harden/bcfiles/edk_bcfiles/KeyVault.bc>:ReadVaultKey:18
</harden/bcfiles/edk_bcfiles/KeyVault.bc>:ReadVaultKey:%12	</harden/bcfiles/edk_bcfiles/KeyVault.bc>:ReadVaultKey:19:0:0	</harden/bcfiles/edk_bcfiles/KeyVault.bc>:ReadVaultKey:19
</harden/bcfiles/edk_bcfiles/KeyVault.bc>:ReadVaultKey:%10	</harden/bcfiles/edk_bcfiles/KeyVault.bc>:ReadVaultKey:65:0:0	</harden/bcfiles/edk_bcfiles/KeyVault.bc>:ReadVaultKey:65
</harden/bcfiles/edk_bcfiles/KeyVault.bc>:ReadVaultKey:%10	</harden/bcfiles/edk_bcfiles/KeyVault.bc>:ReadVaultKey:88:0:0	</harden/bcfiles/edk_bcfiles/KeyVault.bc>:ReadVaultKey:88
</harden/bcfiles/edk_bcfiles/KeyVault.bc>:ReadVaultKey:%10	</harden/bcfiles/edk_bcfiles/KeyVault.bc>:ReadVaultKey:106:0:0	</harden/bcfiles/edk_bcfiles/KeyVault.bc>:ReadVaultKey:106
</harden/bcfiles/edk_bcfiles/KeyVault.bc>:ReadVaultKey:%10	</harden/bcfiles/edk_bcfiles/KeyVault.bc>:ReadVaultKey:116:0:0	</harden/bcfiles/edk_bcfiles/KeyVault.bc>:ReadVaultKey:116
</harden/bcfiles/edk_bcfiles/KeyVault.bc>:KeyVaultHandler:%126	</harden/bcfiles/edk_bcfiles/KeyVault.bc>:KeyVaultHandler:150:0:0	</harden/bcfiles/edk_bcfiles/KeyVault.bc>:KeyVaultHandler:150
</harden/bcfiles/edk_bcfiles/KeyVault.bc>:KeyVaultHandler:%98	</harden/bcfiles/edk_bcfiles/KeyVault.bc>:KeyVaultHandler:118:0:0	</harden/bcfiles/edk_bcfiles/KeyVault.bc>:KeyVaultHandler:118
</harden/bcfiles/edk_bcfiles/KeyVault.bc>:KeyVaultHandler:%95	</harden/bcfiles/edk_bcfiles/KeyVault.bc>:KeyVaultHandler:115:0:0	</harden/bcfiles/edk_bcfiles/KeyVault.bc>:KeyVaultHandler:115
</harden/bcfiles/edk_bcfiles/KeyVault.bc>:KeyVaultHandler:%83	</harden/bcfiles/edk_bcfiles/KeyVault.bc>:KeyVaultHandler:101:0:0	</harden/bcfiles/edk_bcfiles/KeyVault.bc>:KeyVaultHandler:101
</harden/bcfiles/edk_bcfiles/KeyVault.bc>:KeyVaultHandler:%61	</harden/bcfiles/edk_bcfiles/KeyVault.bc>:KeyVaultHandler:77:0:0	</harden/bcfiles/edk_bcfiles/KeyVault.bc>:KeyVaultHandler:77
</harden/bcfiles/edk_bcfiles/KeyVault.bc>:KeyVaultHandler:%58	</harden/bcfiles/edk_bcfiles/KeyVault.bc>:KeyVaultHandler:72:0:0	</harden/bcfiles/edk_bcfiles/KeyVault.bc>:KeyVaultHandler:72
</harden/bcfiles/edk_bcfiles/KeyVault.bc>:KeyVaultHandler:%91	</harden/bcfiles/edk_bcfiles/KeyVault.bc>:KeyVaultHandler:111:0:0	</harden/bcfiles/edk_bcfiles/KeyVault.bc>:KeyVaultHandler:111
</harden/bcfiles/edk_bcfiles/KeyVault.bc>:KeyVaultHandler:%90	</harden/bcfiles/edk_bcfiles/KeyVault.bc>:KeyVaultHandler:110:0:0	</harden/bcfiles/edk_bcfiles/KeyVault.bc>:KeyVaultHandler:110
</harden/bcfiles/edk_bcfiles/KeyVault.bc>:KeyVaultHandler:%94	</harden/bcfiles/edk_bcfiles/KeyVault.bc>:KeyVaultHandler:114:0:0	</harden/bcfiles/edk_bcfiles/KeyVault.bc>:KeyVaultHandler:114
</harden/bcfiles/edk_bcfiles/KeyVault.bc>:KeyVaultHandler:%33	</harden/bcfiles/edk_bcfiles/KeyVault.bc>:KeyVaultHandler:42:0:0	</harden/bcfiles/edk_bcfiles/KeyVault.bc>:KeyVaultHandler:42
</harden/bcfiles/edk_bcfiles/KeyVault.bc>:VaultKeyAbort:%21	</harden/bcfiles/edk_bcfiles/KeyVault.bc>:VaultKeyAbort:30:0:0	</harden/bcfiles/edk_bcfiles/KeyVault.bc>:VaultKeyAbort:30
</harden/bcfiles/edk_bcfiles/KeyVault.bc>:VaultKeyAbort:%13	</harden/bcfiles/edk_bcfiles/KeyVault.bc>:VaultKeyAbort:19:0:0	</harden/bcfiles/edk_bcfiles/KeyVault.bc>:VaultKeyAbort:19
</harden/bcfiles/edk_bcfiles/KeyVault.bc>:VaultKeyAbort:%4	</harden/bcfiles/edk_bcfiles/KeyVault.bc>:VaultKeyAbort:4:0:0	</harden/bcfiles/edk_bcfiles/KeyVault.bc>:VaultKeyAbort:4
</harden/bcfiles/edk_bcfiles/KeyVault.bc>:KeyVaultInit:%61	</harden/bcfiles/edk_bcfiles/KeyVault.bc>:KeyVaultInit:82:0:0	</harden/bcfiles/edk_bcfiles/KeyVault.bc>:KeyVaultInit:82
</harden/bcfiles/edk_bcfiles/KeyVault.bc>:KeyVaultInit:%40	</harden/bcfiles/edk_bcfiles/KeyVault.bc>:KeyVaultInit:56:0:0	</harden/bcfiles/edk_bcfiles/KeyVault.bc>:KeyVaultInit:56
</harden/bcfiles/edk_bcfiles/KeyVault.bc>:KeyVaultInit:%7	</harden/bcfiles/edk_bcfiles/KeyVault.bc>:KeyVaultInit:14:0:0	</harden/bcfiles/edk_bcfiles/KeyVault.bc>:KeyVaultInit:14
