</harden/bcfiles/edk_bcfiles/KeyVault.bc>:KeyVaultHandler:%62	</harden/bcfiles/edk_bcfiles/KeyVault.bc>:KeyVaultHandler:%63
</harden/bcfiles/edk_bcfiles/KeyVault.bc>:VaultKeyAbort:%5	</harden/bcfiles/edk_bcfiles/KeyVault.bc>:VaultKeyAbort:%6
</harden/bcfiles/edk_bcfiles/KeyVault.bc>:VaultKeyAbort:%14	</harden/bcfiles/edk_bcfiles/KeyVault.bc>:VaultKeyAbort:%15
</harden/bcfiles/edk_bcfiles/KeyVault.bc>:VaultKeyAbort:%22	</harden/bcfiles/edk_bcfiles/KeyVault.bc>:VaultKeyAbort:%23
</harden/bcfiles/edk_bcfiles/KeyVault.bc>:KeyVaultInit:%8	</harden/bcfiles/edk_bcfiles/KeyVault.bc>:KeyVaultInit:%9
</harden/bcfiles/edk_bcfiles/KeyVault.bc>:KeyVaultInit:%41	</harden/bcfiles/edk_bcfiles/KeyVault.bc>:KeyVaultInit:%42
</harden/bcfiles/edk_bcfiles/KeyVault.bc>:KeyVaultInit:%62	</harden/bcfiles/edk_bcfiles/KeyVault.bc>:KeyVaultInit:%63
</harden/bcfiles/edk_bcfiles/KeyVault.bc>:CheckKeyMatches:%6	</harden/bcfiles/edk_bcfiles/KeyVault.bc>:CheckKeyMatches:%42
</harden/bcfiles/edk_bcfiles/KeyVault.bc>:CheckKeyMatches:%7	</harden/bcfiles/edk_bcfiles/KeyVault.bc>:CheckKeyMatches:%34
</harden/bcfiles/edk_bcfiles/KeyVault.bc>:CheckKeyMatches:%7	</harden/bcfiles/edk_bcfiles/KeyVault.bc>:CheckKeyMatches:%24
</harden/bcfiles/edk_bcfiles/KeyVault.bc>:CheckKeyMatches:28:0:getelementptr inbounds (%struct.KEY_VAULT_INFO, %struct.KEY_VAULT_INFO* @VaultInfo, i32 0, i32 2)	</harden/bcfiles/edk_bcfiles/KeyVault.bc>:CheckKeyMatches:%23
</harden/bcfiles/edk_bcfiles/KeyVault.bc>:CheckKeyMatches:%9	</harden/bcfiles/edk_bcfiles/KeyVault.bc>:CheckKeyMatches:%22
</harden/bcfiles/edk_bcfiles/KeyVault.bc>:CheckKeyMatches:39:0:getelementptr inbounds (%struct.KEY_VAULT_INFO, %struct.KEY_VAULT_INFO* @VaultInfo, i32 0, i32 3)	</harden/bcfiles/edk_bcfiles/KeyVault.bc>:CheckKeyMatches:%33
</harden/bcfiles/edk_bcfiles/KeyVault.bc>:CheckKeyMatches:%7	</harden/bcfiles/edk_bcfiles/KeyVault.bc>:CheckKeyMatches:%15
</harden/bcfiles/edk_bcfiles/KeyVault.bc>:CheckKeyMatches:%12	</harden/bcfiles/edk_bcfiles/KeyVault.bc>:CheckKeyMatches:%13
</harden/bcfiles/edk_bcfiles/KeyVault.bc>:CheckKeyMatches:%8	</harden/bcfiles/edk_bcfiles/KeyVault.bc>:CheckKeyMatches:%32
</harden/bcfiles/edk_bcfiles/KeyVault.bc>:CheckKeyMatches:%10	</harden/bcfiles/edk_bcfiles/KeyVault.bc>:CheckKeyMatches:%27
</harden/bcfiles/edk_bcfiles/KeyVault.bc>:CheckKeyMatches:%16	</harden/bcfiles/edk_bcfiles/KeyVault.bc>:CheckKeyMatches:%17
</harden/bcfiles/edk_bcfiles/KeyVault.bc>:CheckKeyMatches:%11	</harden/bcfiles/edk_bcfiles/KeyVault.bc>:CheckKeyMatches:%12
</harden/bcfiles/edk_bcfiles/KeyVault.bc>:CheckKeyMatches:18:0:getelementptr inbounds (%struct.KEY_VAULT_INFO, %struct.KEY_VAULT_INFO* @VaultInfo, i32 0, i32 4)	</harden/bcfiles/edk_bcfiles/KeyVault.bc>:CheckKeyMatches:%14
</harden/bcfiles/edk_bcfiles/KeyVault.bc>:CreateVaultKey:127:0:getelementptr inbounds (%struct.KEY_VAULT_INFO, %struct.KEY_VAULT_INFO* @VaultInfo, i32 0, i32 2)	</harden/bcfiles/edk_bcfiles/KeyVault.bc>:CreateVaultKey:%112
</harden/bcfiles/edk_bcfiles/KeyVault.bc>:CreateVaultKey:%3	</harden/bcfiles/edk_bcfiles/KeyVault.bc>:CreateVaultKey:%96
</harden/bcfiles/edk_bcfiles/KeyVault.bc>:CreateVaultKey:%4	</harden/bcfiles/edk_bcfiles/KeyVault.bc>:CreateVaultKey:%93
</harden/bcfiles/edk_bcfiles/KeyVault.bc>:CreateVaultKey:%3	</harden/bcfiles/edk_bcfiles/KeyVault.bc>:CreateVaultKey:%86
</harden/bcfiles/edk_bcfiles/KeyVault.bc>:CreateVaultKey:%4	</harden/bcfiles/edk_bcfiles/KeyVault.bc>:CreateVaultKey:%81
</harden/bcfiles/edk_bcfiles/KeyVault.bc>:CreateVaultKey:95:0:getelementptr inbounds (%struct.KEY_VAULT_INFO, %struct.KEY_VAULT_INFO* @VaultInfo, i32 0, i32 3)	</harden/bcfiles/edk_bcfiles/KeyVault.bc>:CreateVaultKey:%80
</harden/bcfiles/edk_bcfiles/KeyVault.bc>:CreateVaultKey:%4	</harden/bcfiles/edk_bcfiles/KeyVault.bc>:CreateVaultKey:%69
</harden/bcfiles/edk_bcfiles/KeyVault.bc>:CreateVaultKey:%78	</harden/bcfiles/edk_bcfiles/KeyVault.bc>:CreateVaultKey:%79
</harden/bcfiles/edk_bcfiles/KeyVault.bc>:CreateVaultKey:%106	</harden/bcfiles/edk_bcfiles/KeyVault.bc>:CreateVaultKey:%107
</harden/bcfiles/edk_bcfiles/KeyVault.bc>:CreateVaultKey:%3	</harden/bcfiles/edk_bcfiles/KeyVault.bc>:CreateVaultKey:%108
</harden/bcfiles/edk_bcfiles/KeyVault.bc>:CreateVaultKey:%4	</harden/bcfiles/edk_bcfiles/KeyVault.bc>:CreateVaultKey:%113
</harden/bcfiles/edk_bcfiles/KeyVault.bc>:CreateVaultKey:107:0:getelementptr inbounds (%struct.KEY_VAULT_INFO, %struct.KEY_VAULT_INFO* @VaultInfo, i32 0, i32 1)	</harden/bcfiles/edk_bcfiles/KeyVault.bc>:CreateVaultKey:%92
</harden/bcfiles/edk_bcfiles/KeyVault.bc>:CreateVaultKey:81:0:getelementptr inbounds (%struct.KEY_VAULT_INFO, %struct.KEY_VAULT_INFO* @VaultInfo, i32 0, i32 6)	</harden/bcfiles/edk_bcfiles/KeyVault.bc>:CreateVaultKey:%68
</harden/bcfiles/edk_bcfiles/KeyVault.bc>:CreateVaultKey:%3	</harden/bcfiles/edk_bcfiles/KeyVault.bc>:CreateVaultKey:%100
</harden/bcfiles/edk_bcfiles/KeyVault.bc>:CreateVaultKey:%6	</harden/bcfiles/edk_bcfiles/KeyVault.bc>:CreateVaultKey:%119
</harden/bcfiles/edk_bcfiles/KeyVault.bc>:CreateVaultKey:%3	</harden/bcfiles/edk_bcfiles/KeyVault.bc>:CreateVaultKey:%25
</harden/bcfiles/edk_bcfiles/KeyVault.bc>:CreateVaultKey:12:0:getelementptr inbounds (%struct.KEY_VAULT_INFO, %struct.KEY_VAULT_INFO* @VaultInfo, i32 0, i32 6)	</harden/bcfiles/edk_bcfiles/KeyVault.bc>:CreateVaultKey:%8
</harden/bcfiles/edk_bcfiles/KeyVault.bc>:CreateVaultKey:%5	</harden/bcfiles/edk_bcfiles/KeyVault.bc>:CreateVaultKey:%77
</harden/bcfiles/edk_bcfiles/KeyVault.bc>:CreateVaultKey:119:0:getelementptr inbounds (%struct.KEY_VAULT_INFO, %struct.KEY_VAULT_INFO* @VaultInfo, i32 0, i32 4)	</harden/bcfiles/edk_bcfiles/KeyVault.bc>:CreateVaultKey:%104
</harden/bcfiles/edk_bcfiles/KeyVault.bc>:CreateVaultKey:%109	</harden/bcfiles/edk_bcfiles/KeyVault.bc>:CreateVaultKey:%110
</harden/bcfiles/edk_bcfiles/KeyVault.bc>:CreateVaultKey:%3	</harden/bcfiles/edk_bcfiles/KeyVault.bc>:CreateVaultKey:%44
</harden/bcfiles/edk_bcfiles/KeyVault.bc>:CreateVaultKey:%4	</harden/bcfiles/edk_bcfiles/KeyVault.bc>:CreateVaultKey:%105
</harden/bcfiles/edk_bcfiles/KeyVault.bc>:CreateVaultKey:%3	</harden/bcfiles/edk_bcfiles/KeyVault.bc>:CreateVaultKey:%116
</harden/bcfiles/edk_bcfiles/KeyVault.bc>:CreateVaultKey:%3	</harden/bcfiles/edk_bcfiles/KeyVault.bc>:CreateVaultKey:%74
</harden/bcfiles/edk_bcfiles/KeyVault.bc>:CreateVaultKey:%2	</harden/bcfiles/edk_bcfiles/KeyVault.bc>:CreateVaultKey:%122
</harden/bcfiles/edk_bcfiles/KeyVault.bc>:CreateVaultKey:75:0:getelementptr inbounds (%struct.KEY_VAULT_INFO, %struct.KEY_VAULT_INFO* @VaultInfo, i32 0, i32 6)	</harden/bcfiles/edk_bcfiles/KeyVault.bc>:CreateVaultKey:%63
</harden/bcfiles/edk_bcfiles/KeyVault.bc>:ReadVaultKey:%5	</harden/bcfiles/edk_bcfiles/KeyVault.bc>:ReadVaultKey:%83
</harden/bcfiles/edk_bcfiles/KeyVault.bc>:ReadVaultKey:%3	</harden/bcfiles/edk_bcfiles/KeyVault.bc>:ReadVaultKey:%102
</harden/bcfiles/edk_bcfiles/KeyVault.bc>:ReadVaultKey:%9	</harden/bcfiles/edk_bcfiles/KeyVault.bc>:ReadVaultKey:%77
</harden/bcfiles/edk_bcfiles/KeyVault.bc>:ReadVaultKey:%7	</harden/bcfiles/edk_bcfiles/KeyVault.bc>:ReadVaultKey:%72
</harden/bcfiles/edk_bcfiles/KeyVault.bc>:ReadVaultKey:%6	</harden/bcfiles/edk_bcfiles/KeyVault.bc>:ReadVaultKey:%96
</harden/bcfiles/edk_bcfiles/KeyVault.bc>:ReadVaultKey:%6	</harden/bcfiles/edk_bcfiles/KeyVault.bc>:ReadVaultKey:%64
</harden/bcfiles/edk_bcfiles/KeyVault.bc>:ReadVaultKey:77:0:getelementptr inbounds (%struct.KEY_VAULT_INFO, %struct.KEY_VAULT_INFO* @VaultInfo, i32 0, i32 6)	</harden/bcfiles/edk_bcfiles/KeyVault.bc>:ReadVaultKey:%63
</harden/bcfiles/edk_bcfiles/KeyVault.bc>:ReadVaultKey:%6	</harden/bcfiles/edk_bcfiles/KeyVault.bc>:ReadVaultKey:%68
</harden/bcfiles/edk_bcfiles/KeyVault.bc>:ReadVaultKey:%6	</harden/bcfiles/edk_bcfiles/KeyVault.bc>:ReadVaultKey:%60
</harden/bcfiles/edk_bcfiles/KeyVault.bc>:ReadVaultKey:%4	</harden/bcfiles/edk_bcfiles/KeyVault.bc>:ReadVaultKey:%55
</harden/bcfiles/edk_bcfiles/KeyVault.bc>:ReadVaultKey:%8	</harden/bcfiles/edk_bcfiles/KeyVault.bc>:ReadVaultKey:%52
</harden/bcfiles/edk_bcfiles/KeyVault.bc>:ReadVaultKey:%53	</harden/bcfiles/edk_bcfiles/KeyVault.bc>:ReadVaultKey:%54
</harden/bcfiles/edk_bcfiles/KeyVault.bc>:ReadVaultKey:%4	</harden/bcfiles/edk_bcfiles/KeyVault.bc>:ReadVaultKey:%49
</harden/bcfiles/edk_bcfiles/KeyVault.bc>:ReadVaultKey:%7	</harden/bcfiles/edk_bcfiles/KeyVault.bc>:ReadVaultKey:%87
</harden/bcfiles/edk_bcfiles/KeyVault.bc>:ReadVaultKey:%4	</harden/bcfiles/edk_bcfiles/KeyVault.bc>:ReadVaultKey:%30
</harden/bcfiles/edk_bcfiles/KeyVault.bc>:ReadVaultKey:%4	</harden/bcfiles/edk_bcfiles/KeyVault.bc>:ReadVaultKey:%78
</harden/bcfiles/edk_bcfiles/KeyVault.bc>:ReadVaultKey:101:0:getelementptr inbounds (%struct.KEY_VAULT_INFO, %struct.KEY_VAULT_INFO* @VaultInfo, i32 0, i32 1)	</harden/bcfiles/edk_bcfiles/KeyVault.bc>:ReadVaultKey:%86
</harden/bcfiles/edk_bcfiles/KeyVault.bc>:ReadVaultKey:%4	</harden/bcfiles/edk_bcfiles/KeyVault.bc>:ReadVaultKey:%74
</harden/bcfiles/edk_bcfiles/KeyVault.bc>:ReadVaultKey:%4	</harden/bcfiles/edk_bcfiles/KeyVault.bc>:ReadVaultKey:%11
</harden/bcfiles/edk_bcfiles/KeyVault.bc>:KeyVaultHandler:%12	</harden/bcfiles/edk_bcfiles/KeyVault.bc>:KeyVaultHandler:%126
</harden/bcfiles/edk_bcfiles/KeyVault.bc>:KeyVaultHandler:%122	</harden/bcfiles/edk_bcfiles/KeyVault.bc>:KeyVaultHandler:%123
</harden/bcfiles/edk_bcfiles/KeyVault.bc>:KeyVaultHandler:%12	</harden/bcfiles/edk_bcfiles/KeyVault.bc>:KeyVaultHandler:%106
</harden/bcfiles/edk_bcfiles/KeyVault.bc>:KeyVaultHandler:%11	</harden/bcfiles/edk_bcfiles/KeyVault.bc>:KeyVaultHandler:%105
</harden/bcfiles/edk_bcfiles/KeyVault.bc>:KeyVaultHandler:%10	</harden/bcfiles/edk_bcfiles/KeyVault.bc>:KeyVaultHandler:%125
</harden/bcfiles/edk_bcfiles/KeyVault.bc>:KeyVaultHandler:%11	</harden/bcfiles/edk_bcfiles/KeyVault.bc>:KeyVaultHandler:%102
</harden/bcfiles/edk_bcfiles/KeyVault.bc>:KeyVaultHandler:%99	</harden/bcfiles/edk_bcfiles/KeyVault.bc>:KeyVaultHandler:%100
</harden/bcfiles/edk_bcfiles/KeyVault.bc>:KeyVaultHandler:%11	</harden/bcfiles/edk_bcfiles/KeyVault.bc>:KeyVaultHandler:%98
</harden/bcfiles/edk_bcfiles/KeyVault.bc>:KeyVaultHandler:%5	</harden/bcfiles/edk_bcfiles/KeyVault.bc>:KeyVaultHandler:%129
</harden/bcfiles/edk_bcfiles/KeyVault.bc>:KeyVaultHandler:%8	</harden/bcfiles/edk_bcfiles/KeyVault.bc>:KeyVaultHandler:%88
</harden/bcfiles/edk_bcfiles/KeyVault.bc>:KeyVaultHandler:%86	</harden/bcfiles/edk_bcfiles/KeyVault.bc>:KeyVaultHandler:%87
</harden/bcfiles/edk_bcfiles/KeyVault.bc>:KeyVaultHandler:%82	</harden/bcfiles/edk_bcfiles/KeyVault.bc>:KeyVaultHandler:%83
</harden/bcfiles/edk_bcfiles/KeyVault.bc>:KeyVaultHandler:%11	</harden/bcfiles/edk_bcfiles/KeyVault.bc>:KeyVaultHandler:%65
</harden/bcfiles/edk_bcfiles/KeyVault.bc>:KeyVaultHandler:%13	</harden/bcfiles/edk_bcfiles/KeyVault.bc>:KeyVaultHandler:%64
</harden/bcfiles/edk_bcfiles/KeyVault.bc>:KeyVaultHandler:76:0:@gSmst	</harden/bcfiles/edk_bcfiles/KeyVault.bc>:KeyVaultHandler:%61
</harden/bcfiles/edk_bcfiles/KeyVault.bc>:KeyVaultHandler:%10	</harden/bcfiles/edk_bcfiles/KeyVault.bc>:KeyVaultHandler:%67
</harden/bcfiles/edk_bcfiles/KeyVault.bc>:KeyVaultHandler:%57	</harden/bcfiles/edk_bcfiles/KeyVault.bc>:KeyVaultHandler:%58
</harden/bcfiles/edk_bcfiles/KeyVault.bc>:KeyVaultHandler:%13	</harden/bcfiles/edk_bcfiles/KeyVault.bc>:KeyVaultHandler:%52
</harden/bcfiles/edk_bcfiles/KeyVault.bc>:KeyVaultHandler:%11	</harden/bcfiles/edk_bcfiles/KeyVault.bc>:KeyVaultHandler:%86
</harden/bcfiles/edk_bcfiles/KeyVault.bc>:KeyVaultHandler:%8	</harden/bcfiles/edk_bcfiles/KeyVault.bc>:KeyVaultHandler:%82
</harden/bcfiles/edk_bcfiles/KeyVault.bc>:KeyVaultHandler:%12	</harden/bcfiles/edk_bcfiles/KeyVault.bc>:KeyVaultHandler:%90
</harden/bcfiles/edk_bcfiles/KeyVault.bc>:KeyVaultHandler:%13	</harden/bcfiles/edk_bcfiles/KeyVault.bc>:KeyVaultHandler:%41
</harden/bcfiles/edk_bcfiles/KeyVault.bc>:KeyVaultHandler:%39	</harden/bcfiles/edk_bcfiles/KeyVault.bc>:KeyVaultHandler:%40
</harden/bcfiles/edk_bcfiles/KeyVault.bc>:KeyVaultHandler:%8	</harden/bcfiles/edk_bcfiles/KeyVault.bc>:KeyVaultHandler:%39
</harden/bcfiles/edk_bcfiles/KeyVault.bc>:KeyVaultHandler:%36	</harden/bcfiles/edk_bcfiles/KeyVault.bc>:KeyVaultHandler:%37
</harden/bcfiles/edk_bcfiles/KeyVault.bc>:KeyVaultHandler:%8	</harden/bcfiles/edk_bcfiles/KeyVault.bc>:KeyVaultHandler:%57
</harden/bcfiles/edk_bcfiles/KeyVault.bc>:KeyVaultHandler:%9	</harden/bcfiles/edk_bcfiles/KeyVault.bc>:KeyVaultHandler:%36
</harden/bcfiles/edk_bcfiles/KeyVault.bc>:KeyVaultHandler:%8	</harden/bcfiles/edk_bcfiles/KeyVault.bc>:KeyVaultHandler:%32
</harden/bcfiles/edk_bcfiles/KeyVault.bc>:KeyVaultHandler:%11	</harden/bcfiles/edk_bcfiles/KeyVault.bc>:KeyVaultHandler:%122
</harden/bcfiles/edk_bcfiles/KeyVault.bc>:KeyVaultHandler:%12	</harden/bcfiles/edk_bcfiles/KeyVault.bc>:KeyVaultHandler:%94
</harden/bcfiles/edk_bcfiles/KeyVault.bc>:KeyVaultHandler:%9	</harden/bcfiles/edk_bcfiles/KeyVault.bc>:KeyVaultHandler:%17
</harden/bcfiles/edk_bcfiles/KeyVault.bc>:KeyVaultHandler:%8	</harden/bcfiles/edk_bcfiles/KeyVault.bc>:KeyVaultHandler:%14
</harden/bcfiles/edk_bcfiles/KeyVault.bc>:KeyVaultHandler:%32	</harden/bcfiles/edk_bcfiles/KeyVault.bc>:KeyVaultHandler:%33
</harden/bcfiles/edk_bcfiles/KeyVault.bc>:VaultKeyAbort:29:0:@gMmst	</harden/bcfiles/edk_bcfiles/KeyVault.bc>:VaultKeyAbort:%21
</harden/bcfiles/edk_bcfiles/KeyVault.bc>:VaultKeyAbort:26:0:@ProtocolHandle	</harden/bcfiles/edk_bcfiles/KeyVault.bc>:VaultKeyAbort:%18
</harden/bcfiles/edk_bcfiles/KeyVault.bc>:VaultKeyAbort:18:0:@gMmst	</harden/bcfiles/edk_bcfiles/KeyVault.bc>:VaultKeyAbort:%13
</harden/bcfiles/edk_bcfiles/KeyVault.bc>:VaultKeyAbort:15:0:@DispatchHandle	</harden/bcfiles/edk_bcfiles/KeyVault.bc>:VaultKeyAbort:%10
</harden/bcfiles/edk_bcfiles/KeyVault.bc>:VaultKeyAbort:6:0:getelementptr inbounds (%struct.KEY_VAULT_INFO, %struct.KEY_VAULT_INFO* @VaultInfo, i32 0, i32 0)	</harden/bcfiles/edk_bcfiles/KeyVault.bc>:VaultKeyAbort:%7
</harden/bcfiles/edk_bcfiles/KeyVault.bc>:VaultKeyAbort:3:0:@gSmst	</harden/bcfiles/edk_bcfiles/KeyVault.bc>:VaultKeyAbort:%4
</harden/bcfiles/edk_bcfiles/KeyVault.bc>:VaultKeyAbort:0:0:getelementptr inbounds (%struct.KEY_VAULT_INFO, %struct.KEY_VAULT_INFO* @VaultInfo, i32 0, i32 0)	</harden/bcfiles/edk_bcfiles/KeyVault.bc>:VaultKeyAbort:%1
</harden/bcfiles/edk_bcfiles/KeyVault.bc>:KeyVaultInit:%6	</harden/bcfiles/edk_bcfiles/KeyVault.bc>:KeyVaultInit:%82
</harden/bcfiles/edk_bcfiles/KeyVault.bc>:KeyVaultInit:%6	</harden/bcfiles/edk_bcfiles/KeyVault.bc>:KeyVaultInit:%65
</harden/bcfiles/edk_bcfiles/KeyVault.bc>:KeyVaultInit:81:0:@gMmst	</harden/bcfiles/edk_bcfiles/KeyVault.bc>:KeyVaultInit:%61
</harden/bcfiles/edk_bcfiles/KeyVault.bc>:KeyVaultInit:%6	</harden/bcfiles/edk_bcfiles/KeyVault.bc>:KeyVaultInit:%44
</harden/bcfiles/edk_bcfiles/KeyVault.bc>:KeyVaultInit:55:0:@gMmst	</harden/bcfiles/edk_bcfiles/KeyVault.bc>:KeyVaultInit:%40
</harden/bcfiles/edk_bcfiles/KeyVault.bc>:KeyVaultInit:48:0:getelementptr inbounds (%struct.KEY_VAULT_INFO, %struct.KEY_VAULT_INFO* @VaultInfo, i32 0, i32 4)	</harden/bcfiles/edk_bcfiles/KeyVault.bc>:KeyVaultInit:%36
</harden/bcfiles/edk_bcfiles/KeyVault.bc>:KeyVaultInit:43:0:getelementptr inbounds (%struct.KEY_VAULT_INFO, %struct.KEY_VAULT_INFO* @VaultInfo, i32 0, i32 3)	</harden/bcfiles/edk_bcfiles/KeyVault.bc>:KeyVaultInit:%32
</harden/bcfiles/edk_bcfiles/KeyVault.bc>:KeyVaultInit:%3	</harden/bcfiles/edk_bcfiles/KeyVault.bc>:KeyVaultInit:%84
</harden/bcfiles/edk_bcfiles/KeyVault.bc>:KeyVaultInit:39:0:getelementptr inbounds (%struct.KEY_VAULT_INFO, %struct.KEY_VAULT_INFO* @VaultInfo, i32 0, i32 0)	</harden/bcfiles/edk_bcfiles/KeyVault.bc>:KeyVaultInit:%29
</harden/bcfiles/edk_bcfiles/KeyVault.bc>:KeyVaultInit:36:0:getelementptr inbounds (%struct.KEY_VAULT_INFO, %struct.KEY_VAULT_INFO* @VaultInfo, i32 0, i32 0)	</harden/bcfiles/edk_bcfiles/KeyVault.bc>:KeyVaultInit:%27
</harden/bcfiles/edk_bcfiles/KeyVault.bc>:KeyVaultInit:%6	</harden/bcfiles/edk_bcfiles/KeyVault.bc>:KeyVaultInit:%11
</harden/bcfiles/edk_bcfiles/KeyVault.bc>:KeyVaultInit:13:0:@gSmst	</harden/bcfiles/edk_bcfiles/KeyVault.bc>:KeyVaultInit:%7
