</harden/bcfiles/edk_bcfiles/KeyVault.bc>:CreateVaultKey:%115	</harden/bcfiles/edk_bcfiles/KeyVault.bc>:CreateVaultKey:%118	</harden/bcfiles/edk_bcfiles/KeyVault.bc>:CreateVaultKey:135
</harden/bcfiles/edk_bcfiles/KeyVault.bc>:CreateVaultKey:%83	</harden/bcfiles/edk_bcfiles/KeyVault.bc>:CreateVaultKey:%84	</harden/bcfiles/edk_bcfiles/KeyVault.bc>:CreateVaultKey:100
</harden/bcfiles/edk_bcfiles/KeyVault.bc>:CreateVaultKey:%95	</harden/bcfiles/edk_bcfiles/KeyVault.bc>:CreateVaultKey:%98	</harden/bcfiles/edk_bcfiles/KeyVault.bc>:CreateVaultKey:114
</harden/bcfiles/edk_bcfiles/KeyVault.bc>:CreateVaultKey:%107	</harden/bcfiles/edk_bcfiles/KeyVault.bc>:CreateVaultKey:%110	</harden/bcfiles/edk_bcfiles/KeyVault.bc>:CreateVaultKey:126
</harden/bcfiles/edk_bcfiles/KeyVault.bc>:ReadVaultKey:%85	</harden/bcfiles/edk_bcfiles/KeyVault.bc>:ReadVaultKey:%89	</harden/bcfiles/edk_bcfiles/KeyVault.bc>:ReadVaultKey:105
</harden/bcfiles/edk_bcfiles/KeyVault.bc>:KeyVaultHandler:%87	</harden/bcfiles/edk_bcfiles/KeyVault.bc>:KeyVaultHandler:%88	</harden/bcfiles/edk_bcfiles/KeyVault.bc>:KeyVaultHandler:108
