</harden/bcfiles/edk_bcfiles/KeyVault.bc>:CheckKeyMatches:20	0	</harden/bcfiles/edk_bcfiles/KeyVault.bc>:CheckKeyMatches:%15
</harden/bcfiles/edk_bcfiles/KeyVault.bc>:CheckKeyMatches:30	0	</harden/bcfiles/edk_bcfiles/KeyVault.bc>:CheckKeyMatches:%24
</harden/bcfiles/edk_bcfiles/KeyVault.bc>:CheckKeyMatches:31	0	</harden/bcfiles/edk_bcfiles/KeyVault.bc>:CheckKeyMatches:31:0:0
</harden/bcfiles/edk_bcfiles/KeyVault.bc>:CheckKeyMatches:41	0	</harden/bcfiles/edk_bcfiles/KeyVault.bc>:CheckKeyMatches:%34
</harden/bcfiles/edk_bcfiles/KeyVault.bc>:CheckKeyMatches:42	0	</harden/bcfiles/edk_bcfiles/KeyVault.bc>:CheckKeyMatches:42:0:0
</harden/bcfiles/edk_bcfiles/KeyVault.bc>:CreateVaultKey:32	0	</harden/bcfiles/edk_bcfiles/KeyVault.bc>:CreateVaultKey:32:0:0
</harden/bcfiles/edk_bcfiles/KeyVault.bc>:CreateVaultKey:33	0	</harden/bcfiles/edk_bcfiles/KeyVault.bc>:CreateVaultKey:33:0:0
</harden/bcfiles/edk_bcfiles/KeyVault.bc>:CreateVaultKey:54	0	</harden/bcfiles/edk_bcfiles/KeyVault.bc>:CreateVaultKey:54:0:0
</harden/bcfiles/edk_bcfiles/KeyVault.bc>:CreateVaultKey:55	0	</harden/bcfiles/edk_bcfiles/KeyVault.bc>:CreateVaultKey:55:0:0
</harden/bcfiles/edk_bcfiles/KeyVault.bc>:CreateVaultKey:89	0	</harden/bcfiles/edk_bcfiles/KeyVault.bc>:CreateVaultKey:89:0:0
</harden/bcfiles/edk_bcfiles/KeyVault.bc>:CreateVaultKey:90	0	</harden/bcfiles/edk_bcfiles/KeyVault.bc>:CreateVaultKey:90:0:0
</harden/bcfiles/edk_bcfiles/KeyVault.bc>:CreateVaultKey:92	0	</harden/bcfiles/edk_bcfiles/KeyVault.bc>:CreateVaultKey:92:0:0
</harden/bcfiles/edk_bcfiles/KeyVault.bc>:CreateVaultKey:97	0	</harden/bcfiles/edk_bcfiles/KeyVault.bc>:CreateVaultKey:%81
</harden/bcfiles/edk_bcfiles/KeyVault.bc>:CreateVaultKey:98	0	</harden/bcfiles/edk_bcfiles/KeyVault.bc>:CreateVaultKey:98:0:0
</harden/bcfiles/edk_bcfiles/KeyVault.bc>:CreateVaultKey:99	0	</harden/bcfiles/edk_bcfiles/KeyVault.bc>:CreateVaultKey:99:0:0
</harden/bcfiles/edk_bcfiles/KeyVault.bc>:CreateVaultKey:102	0	</harden/bcfiles/edk_bcfiles/KeyVault.bc>:CreateVaultKey:102:0:0
</harden/bcfiles/edk_bcfiles/KeyVault.bc>:CreateVaultKey:103	0	</harden/bcfiles/edk_bcfiles/KeyVault.bc>:CreateVaultKey:103:0:0
</harden/bcfiles/edk_bcfiles/KeyVault.bc>:CreateVaultKey:105	0	</harden/bcfiles/edk_bcfiles/KeyVault.bc>:CreateVaultKey:105:0:0
</harden/bcfiles/edk_bcfiles/KeyVault.bc>:CreateVaultKey:109	0	</harden/bcfiles/edk_bcfiles/KeyVault.bc>:CreateVaultKey:%93
</harden/bcfiles/edk_bcfiles/KeyVault.bc>:CreateVaultKey:110	0	</harden/bcfiles/edk_bcfiles/KeyVault.bc>:CreateVaultKey:110:0:0
</harden/bcfiles/edk_bcfiles/KeyVault.bc>:CreateVaultKey:112	0	</harden/bcfiles/edk_bcfiles/KeyVault.bc>:CreateVaultKey:112:0:0
</harden/bcfiles/edk_bcfiles/KeyVault.bc>:CreateVaultKey:113	0	</harden/bcfiles/edk_bcfiles/KeyVault.bc>:CreateVaultKey:113:0:0
</harden/bcfiles/edk_bcfiles/KeyVault.bc>:CreateVaultKey:116	0	</harden/bcfiles/edk_bcfiles/KeyVault.bc>:CreateVaultKey:116:0:0
</harden/bcfiles/edk_bcfiles/KeyVault.bc>:CreateVaultKey:117	0	</harden/bcfiles/edk_bcfiles/KeyVault.bc>:CreateVaultKey:117:0:0
</harden/bcfiles/edk_bcfiles/KeyVault.bc>:CreateVaultKey:121	0	</harden/bcfiles/edk_bcfiles/KeyVault.bc>:CreateVaultKey:%105
</harden/bcfiles/edk_bcfiles/KeyVault.bc>:CreateVaultKey:124	0	</harden/bcfiles/edk_bcfiles/KeyVault.bc>:CreateVaultKey:124:0:0
</harden/bcfiles/edk_bcfiles/KeyVault.bc>:CreateVaultKey:129	0	</harden/bcfiles/edk_bcfiles/KeyVault.bc>:CreateVaultKey:%113
</harden/bcfiles/edk_bcfiles/KeyVault.bc>:CreateVaultKey:130	0	</harden/bcfiles/edk_bcfiles/KeyVault.bc>:CreateVaultKey:130:0:0
</harden/bcfiles/edk_bcfiles/KeyVault.bc>:CreateVaultKey:132	0	</harden/bcfiles/edk_bcfiles/KeyVault.bc>:CreateVaultKey:132:0:0
</harden/bcfiles/edk_bcfiles/KeyVault.bc>:CreateVaultKey:133	0	</harden/bcfiles/edk_bcfiles/KeyVault.bc>:CreateVaultKey:133:0:0
</harden/bcfiles/edk_bcfiles/KeyVault.bc>:ReadVaultKey:18	0	</harden/bcfiles/edk_bcfiles/KeyVault.bc>:ReadVaultKey:18:0:0
</harden/bcfiles/edk_bcfiles/KeyVault.bc>:ReadVaultKey:19	0	</harden/bcfiles/edk_bcfiles/KeyVault.bc>:ReadVaultKey:19:0:0
</harden/bcfiles/edk_bcfiles/KeyVault.bc>:ReadVaultKey:40	0	</harden/bcfiles/edk_bcfiles/KeyVault.bc>:ReadVaultKey:40:0:0
</harden/bcfiles/edk_bcfiles/KeyVault.bc>:ReadVaultKey:41	0	</harden/bcfiles/edk_bcfiles/KeyVault.bc>:ReadVaultKey:41:0:0
</harden/bcfiles/edk_bcfiles/KeyVault.bc>:ReadVaultKey:62	0	</harden/bcfiles/edk_bcfiles/KeyVault.bc>:ReadVaultKey:62:0:0
</harden/bcfiles/edk_bcfiles/KeyVault.bc>:ReadVaultKey:63	0	</harden/bcfiles/edk_bcfiles/KeyVault.bc>:ReadVaultKey:63:0:0
</harden/bcfiles/edk_bcfiles/KeyVault.bc>:ReadVaultKey:65	0	</harden/bcfiles/edk_bcfiles/KeyVault.bc>:ReadVaultKey:65:0:0
</harden/bcfiles/edk_bcfiles/KeyVault.bc>:ReadVaultKey:69	0	</harden/bcfiles/edk_bcfiles/KeyVault.bc>:ReadVaultKey:69:0:0
</harden/bcfiles/edk_bcfiles/KeyVault.bc>:ReadVaultKey:70	0	</harden/bcfiles/edk_bcfiles/KeyVault.bc>:ReadVaultKey:70:0:0
</harden/bcfiles/edk_bcfiles/KeyVault.bc>:ReadVaultKey:88	0	</harden/bcfiles/edk_bcfiles/KeyVault.bc>:ReadVaultKey:88:0:0
</harden/bcfiles/edk_bcfiles/KeyVault.bc>:ReadVaultKey:90	0	</harden/bcfiles/edk_bcfiles/KeyVault.bc>:ReadVaultKey:90:0:0
</harden/bcfiles/edk_bcfiles/KeyVault.bc>:ReadVaultKey:91	0	</harden/bcfiles/edk_bcfiles/KeyVault.bc>:ReadVaultKey:91:0:0
</harden/bcfiles/edk_bcfiles/KeyVault.bc>:ReadVaultKey:94	0	</harden/bcfiles/edk_bcfiles/KeyVault.bc>:ReadVaultKey:94:0:0
</harden/bcfiles/edk_bcfiles/KeyVault.bc>:ReadVaultKey:99	0	</harden/bcfiles/edk_bcfiles/KeyVault.bc>:ReadVaultKey:99:0:0
</harden/bcfiles/edk_bcfiles/KeyVault.bc>:ReadVaultKey:100	0	</harden/bcfiles/edk_bcfiles/KeyVault.bc>:ReadVaultKey:100:0:0
</harden/bcfiles/edk_bcfiles/KeyVault.bc>:ReadVaultKey:103	0	</harden/bcfiles/edk_bcfiles/KeyVault.bc>:ReadVaultKey:%87
</harden/bcfiles/edk_bcfiles/KeyVault.bc>:ReadVaultKey:104	0	</harden/bcfiles/edk_bcfiles/KeyVault.bc>:ReadVaultKey:104:0:0
</harden/bcfiles/edk_bcfiles/KeyVault.bc>:ReadVaultKey:106	0	</harden/bcfiles/edk_bcfiles/KeyVault.bc>:ReadVaultKey:106:0:0
</harden/bcfiles/edk_bcfiles/KeyVault.bc>:ReadVaultKey:116	0	</harden/bcfiles/edk_bcfiles/KeyVault.bc>:ReadVaultKey:116:0:0
</harden/bcfiles/edk_bcfiles/KeyVault.bc>:KeyVaultHandler:42	0	</harden/bcfiles/edk_bcfiles/KeyVault.bc>:KeyVaultHandler:42:0:0
</harden/bcfiles/edk_bcfiles/KeyVault.bc>:KeyVaultHandler:72	0	</harden/bcfiles/edk_bcfiles/KeyVault.bc>:KeyVaultHandler:72:0:0
</harden/bcfiles/edk_bcfiles/KeyVault.bc>:KeyVaultHandler:77	0	</harden/bcfiles/edk_bcfiles/KeyVault.bc>:KeyVaultHandler:77:0:0
</harden/bcfiles/edk_bcfiles/KeyVault.bc>:KeyVaultHandler:101	0	</harden/bcfiles/edk_bcfiles/KeyVault.bc>:KeyVaultHandler:101:0:0
</harden/bcfiles/edk_bcfiles/KeyVault.bc>:KeyVaultHandler:110	0	</harden/bcfiles/edk_bcfiles/KeyVault.bc>:KeyVaultHandler:110:0:0
</harden/bcfiles/edk_bcfiles/KeyVault.bc>:KeyVaultHandler:111	0	</harden/bcfiles/edk_bcfiles/KeyVault.bc>:KeyVaultHandler:111:0:0
</harden/bcfiles/edk_bcfiles/KeyVault.bc>:KeyVaultHandler:114	0	</harden/bcfiles/edk_bcfiles/KeyVault.bc>:KeyVaultHandler:114:0:0
</harden/bcfiles/edk_bcfiles/KeyVault.bc>:KeyVaultHandler:115	0	</harden/bcfiles/edk_bcfiles/KeyVault.bc>:KeyVaultHandler:115:0:0
</harden/bcfiles/edk_bcfiles/KeyVault.bc>:KeyVaultHandler:118	0	</harden/bcfiles/edk_bcfiles/KeyVault.bc>:KeyVaultHandler:118:0:0
</harden/bcfiles/edk_bcfiles/KeyVault.bc>:KeyVaultHandler:150	0	</harden/bcfiles/edk_bcfiles/KeyVault.bc>:KeyVaultHandler:150:0:0
</harden/bcfiles/edk_bcfiles/KeyVault.bc>:VaultKeyAbort:4	0	</harden/bcfiles/edk_bcfiles/KeyVault.bc>:VaultKeyAbort:4:0:0
</harden/bcfiles/edk_bcfiles/KeyVault.bc>:VaultKeyAbort:19	0	</harden/bcfiles/edk_bcfiles/KeyVault.bc>:VaultKeyAbort:19:0:0
</harden/bcfiles/edk_bcfiles/KeyVault.bc>:VaultKeyAbort:30	0	</harden/bcfiles/edk_bcfiles/KeyVault.bc>:VaultKeyAbort:30:0:0
</harden/bcfiles/edk_bcfiles/KeyVault.bc>:KeyVaultInit:14	0	</harden/bcfiles/edk_bcfiles/KeyVault.bc>:KeyVaultInit:14:0:0
</harden/bcfiles/edk_bcfiles/KeyVault.bc>:KeyVaultInit:56	0	</harden/bcfiles/edk_bcfiles/KeyVault.bc>:KeyVaultInit:56:0:0
</harden/bcfiles/edk_bcfiles/KeyVault.bc>:KeyVaultInit:82	0	</harden/bcfiles/edk_bcfiles/KeyVault.bc>:KeyVaultInit:82:0:0
</harden/bcfiles/edk_bcfiles/KeyVault.bc>:CheckKeyMatches:31	1	</harden/bcfiles/edk_bcfiles/KeyVault.bc>:CheckKeyMatches:31:1:0
</harden/bcfiles/edk_bcfiles/KeyVault.bc>:CheckKeyMatches:42	1	</harden/bcfiles/edk_bcfiles/KeyVault.bc>:CheckKeyMatches:42:1:0
</harden/bcfiles/edk_bcfiles/KeyVault.bc>:CreateVaultKey:32	1	</harden/bcfiles/edk_bcfiles/KeyVault.bc>:CreateVaultKey:32:1:5
</harden/bcfiles/edk_bcfiles/KeyVault.bc>:CreateVaultKey:33	1	</harden/bcfiles/edk_bcfiles/KeyVault.bc>:CreateVaultKey:33:1:0
</harden/bcfiles/edk_bcfiles/KeyVault.bc>:CreateVaultKey:54	1	</harden/bcfiles/edk_bcfiles/KeyVault.bc>:CreateVaultKey:54:1:3
</harden/bcfiles/edk_bcfiles/KeyVault.bc>:CreateVaultKey:55	1	</harden/bcfiles/edk_bcfiles/KeyVault.bc>:CreateVaultKey:55:1:0
</harden/bcfiles/edk_bcfiles/KeyVault.bc>:CreateVaultKey:89	1	</harden/bcfiles/edk_bcfiles/KeyVault.bc>:CreateVaultKey:89:1:5
</harden/bcfiles/edk_bcfiles/KeyVault.bc>:CreateVaultKey:90	1	</harden/bcfiles/edk_bcfiles/KeyVault.bc>:CreateVaultKey:90:1:0
</harden/bcfiles/edk_bcfiles/KeyVault.bc>:CreateVaultKey:92	1	</harden/bcfiles/edk_bcfiles/KeyVault.bc>:CreateVaultKey:92:1:0
</harden/bcfiles/edk_bcfiles/KeyVault.bc>:CreateVaultKey:98	1	</harden/bcfiles/edk_bcfiles/KeyVault.bc>:CreateVaultKey:98:1:0
</harden/bcfiles/edk_bcfiles/KeyVault.bc>:CreateVaultKey:99	1	</harden/bcfiles/edk_bcfiles/KeyVault.bc>:CreateVaultKey:99:1:0
</harden/bcfiles/edk_bcfiles/KeyVault.bc>:CreateVaultKey:102	1	</harden/bcfiles/edk_bcfiles/KeyVault.bc>:CreateVaultKey:102:1:5
</harden/bcfiles/edk_bcfiles/KeyVault.bc>:CreateVaultKey:103	1	</harden/bcfiles/edk_bcfiles/KeyVault.bc>:CreateVaultKey:103:1:0
</harden/bcfiles/edk_bcfiles/KeyVault.bc>:CreateVaultKey:105	1	</harden/bcfiles/edk_bcfiles/KeyVault.bc>:CreateVaultKey:105:1:0
</harden/bcfiles/edk_bcfiles/KeyVault.bc>:CreateVaultKey:110	1	</harden/bcfiles/edk_bcfiles/KeyVault.bc>:CreateVaultKey:110:1:0
</harden/bcfiles/edk_bcfiles/KeyVault.bc>:CreateVaultKey:112	1	</harden/bcfiles/edk_bcfiles/KeyVault.bc>:CreateVaultKey:112:1:4
</harden/bcfiles/edk_bcfiles/KeyVault.bc>:CreateVaultKey:113	1	</harden/bcfiles/edk_bcfiles/KeyVault.bc>:CreateVaultKey:113:1:0
</harden/bcfiles/edk_bcfiles/KeyVault.bc>:CreateVaultKey:116	1	</harden/bcfiles/edk_bcfiles/KeyVault.bc>:CreateVaultKey:116:1:4
</harden/bcfiles/edk_bcfiles/KeyVault.bc>:CreateVaultKey:117	1	</harden/bcfiles/edk_bcfiles/KeyVault.bc>:CreateVaultKey:117:1:0
</harden/bcfiles/edk_bcfiles/KeyVault.bc>:CreateVaultKey:124	1	</harden/bcfiles/edk_bcfiles/KeyVault.bc>:CreateVaultKey:124:1:2
</harden/bcfiles/edk_bcfiles/KeyVault.bc>:CreateVaultKey:130	1	</harden/bcfiles/edk_bcfiles/KeyVault.bc>:CreateVaultKey:130:1:0
</harden/bcfiles/edk_bcfiles/KeyVault.bc>:CreateVaultKey:132	1	</harden/bcfiles/edk_bcfiles/KeyVault.bc>:CreateVaultKey:132:1:3
</harden/bcfiles/edk_bcfiles/KeyVault.bc>:CreateVaultKey:133	1	</harden/bcfiles/edk_bcfiles/KeyVault.bc>:CreateVaultKey:133:1:0
</harden/bcfiles/edk_bcfiles/KeyVault.bc>:ReadVaultKey:18	1	</harden/bcfiles/edk_bcfiles/KeyVault.bc>:ReadVaultKey:18:1:5
</harden/bcfiles/edk_bcfiles/KeyVault.bc>:ReadVaultKey:19	1	</harden/bcfiles/edk_bcfiles/KeyVault.bc>:ReadVaultKey:19:1:0
</harden/bcfiles/edk_bcfiles/KeyVault.bc>:ReadVaultKey:40	1	</harden/bcfiles/edk_bcfiles/KeyVault.bc>:ReadVaultKey:40:1:3
</harden/bcfiles/edk_bcfiles/KeyVault.bc>:ReadVaultKey:41	1	</harden/bcfiles/edk_bcfiles/KeyVault.bc>:ReadVaultKey:41:1:0
</harden/bcfiles/edk_bcfiles/KeyVault.bc>:ReadVaultKey:62	1	</harden/bcfiles/edk_bcfiles/KeyVault.bc>:ReadVaultKey:62:1:5
</harden/bcfiles/edk_bcfiles/KeyVault.bc>:ReadVaultKey:63	1	</harden/bcfiles/edk_bcfiles/KeyVault.bc>:ReadVaultKey:63:1:0
</harden/bcfiles/edk_bcfiles/KeyVault.bc>:ReadVaultKey:65	1	</harden/bcfiles/edk_bcfiles/KeyVault.bc>:ReadVaultKey:65:1:0
</harden/bcfiles/edk_bcfiles/KeyVault.bc>:ReadVaultKey:69	1	</harden/bcfiles/edk_bcfiles/KeyVault.bc>:ReadVaultKey:69:1:5
</harden/bcfiles/edk_bcfiles/KeyVault.bc>:ReadVaultKey:70	1	</harden/bcfiles/edk_bcfiles/KeyVault.bc>:ReadVaultKey:70:1:0
</harden/bcfiles/edk_bcfiles/KeyVault.bc>:ReadVaultKey:88	1	</harden/bcfiles/edk_bcfiles/KeyVault.bc>:ReadVaultKey:88:1:0
</harden/bcfiles/edk_bcfiles/KeyVault.bc>:ReadVaultKey:90	1	</harden/bcfiles/edk_bcfiles/KeyVault.bc>:ReadVaultKey:90:1:3
</harden/bcfiles/edk_bcfiles/KeyVault.bc>:ReadVaultKey:91	1	</harden/bcfiles/edk_bcfiles/KeyVault.bc>:ReadVaultKey:91:1:0
</harden/bcfiles/edk_bcfiles/KeyVault.bc>:ReadVaultKey:94	1	</harden/bcfiles/edk_bcfiles/KeyVault.bc>:ReadVaultKey:94:1:2
</harden/bcfiles/edk_bcfiles/KeyVault.bc>:ReadVaultKey:99	1	</harden/bcfiles/edk_bcfiles/KeyVault.bc>:ReadVaultKey:99:1:4
</harden/bcfiles/edk_bcfiles/KeyVault.bc>:ReadVaultKey:100	1	</harden/bcfiles/edk_bcfiles/KeyVault.bc>:ReadVaultKey:100:1:0
</harden/bcfiles/edk_bcfiles/KeyVault.bc>:ReadVaultKey:104	1	</harden/bcfiles/edk_bcfiles/KeyVault.bc>:ReadVaultKey:104:1:0
</harden/bcfiles/edk_bcfiles/KeyVault.bc>:ReadVaultKey:106	1	</harden/bcfiles/edk_bcfiles/KeyVault.bc>:ReadVaultKey:106:1:0
</harden/bcfiles/edk_bcfiles/KeyVault.bc>:ReadVaultKey:116	1	</harden/bcfiles/edk_bcfiles/KeyVault.bc>:ReadVaultKey:116:1:0
</harden/bcfiles/edk_bcfiles/KeyVault.bc>:KeyVaultHandler:42	1	</harden/bcfiles/edk_bcfiles/KeyVault.bc>:KeyVaultHandler:42:1:0
</harden/bcfiles/edk_bcfiles/KeyVault.bc>:KeyVaultHandler:72	1	</harden/bcfiles/edk_bcfiles/KeyVault.bc>:KeyVaultHandler:72:1:0
</harden/bcfiles/edk_bcfiles/KeyVault.bc>:KeyVaultHandler:77	1	</harden/bcfiles/edk_bcfiles/KeyVault.bc>:KeyVaultHandler:77:1:5
</harden/bcfiles/edk_bcfiles/KeyVault.bc>:KeyVaultHandler:101	1	</harden/bcfiles/edk_bcfiles/KeyVault.bc>:KeyVaultHandler:101:1:0
</harden/bcfiles/edk_bcfiles/KeyVault.bc>:KeyVaultHandler:110	1	</harden/bcfiles/edk_bcfiles/KeyVault.bc>:KeyVaultHandler:110:1:5
</harden/bcfiles/edk_bcfiles/KeyVault.bc>:KeyVaultHandler:111	1	</harden/bcfiles/edk_bcfiles/KeyVault.bc>:KeyVaultHandler:111:1:0
</harden/bcfiles/edk_bcfiles/KeyVault.bc>:KeyVaultHandler:114	1	</harden/bcfiles/edk_bcfiles/KeyVault.bc>:KeyVaultHandler:114:1:4
</harden/bcfiles/edk_bcfiles/KeyVault.bc>:KeyVaultHandler:115	1	</harden/bcfiles/edk_bcfiles/KeyVault.bc>:KeyVaultHandler:115:1:0
</harden/bcfiles/edk_bcfiles/KeyVault.bc>:KeyVaultHandler:118	1	</harden/bcfiles/edk_bcfiles/KeyVault.bc>:KeyVaultHandler:118:1:1
</harden/bcfiles/edk_bcfiles/KeyVault.bc>:KeyVaultHandler:150	1	</harden/bcfiles/edk_bcfiles/KeyVault.bc>:KeyVaultHandler:150:1:0
</harden/bcfiles/edk_bcfiles/KeyVault.bc>:VaultKeyAbort:4	1	</harden/bcfiles/edk_bcfiles/KeyVault.bc>:VaultKeyAbort:4:1:8
</harden/bcfiles/edk_bcfiles/KeyVault.bc>:VaultKeyAbort:19	1	</harden/bcfiles/edk_bcfiles/KeyVault.bc>:VaultKeyAbort:19:1:24
</harden/bcfiles/edk_bcfiles/KeyVault.bc>:VaultKeyAbort:30	1	</harden/bcfiles/edk_bcfiles/KeyVault.bc>:VaultKeyAbort:30:1:17
</harden/bcfiles/edk_bcfiles/KeyVault.bc>:KeyVaultInit:14	1	</harden/bcfiles/edk_bcfiles/KeyVault.bc>:KeyVaultInit:14:1:7
</harden/bcfiles/edk_bcfiles/KeyVault.bc>:KeyVaultInit:56	1	</harden/bcfiles/edk_bcfiles/KeyVault.bc>:KeyVaultInit:56:1:23
</harden/bcfiles/edk_bcfiles/KeyVault.bc>:KeyVaultInit:82	1	</harden/bcfiles/edk_bcfiles/KeyVault.bc>:KeyVaultInit:82:1:16
