</harden/bcfiles/edk_bcfiles/KeyVault.bc>:CreateVaultKey	</harden/bcfiles/edk_bcfiles/KeyVault.bc>:CreateVaultKey:%95	</harden/bcfiles/edk_bcfiles/KeyVault.bc>:CreateVaultKey:%98	</harden/bcfiles/edk_bcfiles/KeyVault.bc>:KeyVaultHandler:%8	</harden/bcfiles/edk_bcfiles/KeyVault.bc>:CreateVaultKey:114	[</harden/bcfiles/edk_bcfiles/KeyVault.bc>:CreateVaultKey:%98, </harden/bcfiles/edk_bcfiles/KeyVault.bc>:CreateVaultKey:%95]	71
</harden/bcfiles/edk_bcfiles/KeyVault.bc>:CreateVaultKey	</harden/bcfiles/edk_bcfiles/KeyVault.bc>:CreateVaultKey:%107	</harden/bcfiles/edk_bcfiles/KeyVault.bc>:CreateVaultKey:%110	</harden/bcfiles/edk_bcfiles/KeyVault.bc>:KeyVaultHandler:%8	</harden/bcfiles/edk_bcfiles/KeyVault.bc>:CreateVaultKey:126	[</harden/bcfiles/edk_bcfiles/KeyVault.bc>:CreateVaultKey:%110, </harden/bcfiles/edk_bcfiles/KeyVault.bc>:CreateVaultKey:%107]	74
</harden/bcfiles/edk_bcfiles/KeyVault.bc>:CreateVaultKey	</harden/bcfiles/edk_bcfiles/KeyVault.bc>:CreateVaultKey:%115	</harden/bcfiles/edk_bcfiles/KeyVault.bc>:CreateVaultKey:%118	</harden/bcfiles/edk_bcfiles/KeyVault.bc>:KeyVaultHandler:%8	</harden/bcfiles/edk_bcfiles/KeyVault.bc>:CreateVaultKey:135	[</harden/bcfiles/edk_bcfiles/KeyVault.bc>:CreateVaultKey:%118, </harden/bcfiles/edk_bcfiles/KeyVault.bc>:CreateVaultKey:%115]	75
</harden/bcfiles/edk_bcfiles/KeyVault.bc>:CreateVaultKey	</harden/bcfiles/edk_bcfiles/KeyVault.bc>:CreateVaultKey:%5	</harden/bcfiles/edk_bcfiles/KeyVault.bc>:CreateVaultKey:%28	</harden/bcfiles/edk_bcfiles/KeyVault.bc>:KeyVaultHandler:%8	</harden/bcfiles/edk_bcfiles/KeyVault.bc>:CreateVaultKey:35	[</harden/bcfiles/edk_bcfiles/KeyVault.bc>:CreateVaultKey:%28, </harden/bcfiles/edk_bcfiles/KeyVault.bc>:CreateVaultKey:%5]	52
</harden/bcfiles/edk_bcfiles/KeyVault.bc>:CreateVaultKey	</harden/bcfiles/edk_bcfiles/KeyVault.bc>:CreateVaultKey:%6	</harden/bcfiles/edk_bcfiles/KeyVault.bc>:CreateVaultKey:%47	</harden/bcfiles/edk_bcfiles/KeyVault.bc>:KeyVaultHandler:%8	</harden/bcfiles/edk_bcfiles/KeyVault.bc>:CreateVaultKey:57	[</harden/bcfiles/edk_bcfiles/KeyVault.bc>:CreateVaultKey:%47, </harden/bcfiles/edk_bcfiles/KeyVault.bc>:CreateVaultKey:%6]	57
</harden/bcfiles/edk_bcfiles/KeyVault.bc>:ReadVaultKey	</harden/bcfiles/edk_bcfiles/KeyVault.bc>:ReadVaultKey:%85	</harden/bcfiles/edk_bcfiles/KeyVault.bc>:ReadVaultKey:%89	</harden/bcfiles/edk_bcfiles/KeyVault.bc>:KeyVaultHandler:%8	</harden/bcfiles/edk_bcfiles/KeyVault.bc>:ReadVaultKey:105	[</harden/bcfiles/edk_bcfiles/KeyVault.bc>:ReadVaultKey:%84, </harden/bcfiles/edk_bcfiles/KeyVault.bc>:ReadVaultKey:%85]	110
</harden/bcfiles/edk_bcfiles/KeyVault.bc>:ReadVaultKey	</harden/bcfiles/edk_bcfiles/KeyVault.bc>:ReadVaultKey:%9	</harden/bcfiles/edk_bcfiles/KeyVault.bc>:ReadVaultKey:%33	</harden/bcfiles/edk_bcfiles/KeyVault.bc>:KeyVaultHandler:%8	</harden/bcfiles/edk_bcfiles/KeyVault.bc>:ReadVaultKey:43	[</harden/bcfiles/edk_bcfiles/KeyVault.bc>:ReadVaultKey:%33, </harden/bcfiles/edk_bcfiles/KeyVault.bc>:ReadVaultKey:%9]	98
</harden/bcfiles/edk_bcfiles/KeyVault.bc>:ReadVaultKey	</harden/bcfiles/edk_bcfiles/KeyVault.bc>:ReadVaultKey:%8	</harden/bcfiles/edk_bcfiles/KeyVault.bc>:ReadVaultKey:%14	</harden/bcfiles/edk_bcfiles/KeyVault.bc>:KeyVaultHandler:%8	</harden/bcfiles/edk_bcfiles/KeyVault.bc>:ReadVaultKey:21	[</harden/bcfiles/edk_bcfiles/KeyVault.bc>:ReadVaultKey:%14, </harden/bcfiles/edk_bcfiles/KeyVault.bc>:ReadVaultKey:%8]	93
</harden/bcfiles/edk_bcfiles/KeyVault.bc>:KeyVaultHandler	</harden/bcfiles/edk_bcfiles/KeyVault.bc>:KeyVaultHandler:%127	</harden/bcfiles/edk_bcfiles/KeyVault.bc>:KeyVaultHandler:%125	</harden/bcfiles/edk_bcfiles/KeyVault.bc>:KeyVaultHandler:%8	</harden/bcfiles/edk_bcfiles/KeyVault.bc>:KeyVaultHandler:151	[</harden/bcfiles/edk_bcfiles/KeyVault.bc>:KeyVaultHandler:%126, </harden/bcfiles/edk_bcfiles/KeyVault.bc>:KeyVaultHandler:%127]	180
</harden/bcfiles/edk_bcfiles/KeyVault.bc>:KeyVaultHandler	</harden/bcfiles/edk_bcfiles/KeyVault.bc>:KeyVaultHandler:%87	</harden/bcfiles/edk_bcfiles/KeyVault.bc>:KeyVaultHandler:%88	</harden/bcfiles/edk_bcfiles/KeyVault.bc>:KeyVaultHandler:%8	</harden/bcfiles/edk_bcfiles/KeyVault.bc>:KeyVaultHandler:108	[</harden/bcfiles/edk_bcfiles/KeyVault.bc>:KeyVaultHandler:%88, </harden/bcfiles/edk_bcfiles/KeyVault.bc>:KeyVaultHandler:%87]	162
</harden/bcfiles/edk_bcfiles/KeyVault.bc>:KeyVaultHandler	</harden/bcfiles/edk_bcfiles/KeyVault.bc>:KeyVaultHandler:%84	</harden/bcfiles/edk_bcfiles/KeyVault.bc>:KeyVaultHandler:102:0:-9223372036854775799	</harden/bcfiles/edk_bcfiles/KeyVault.bc>:KeyVaultHandler:%8	</harden/bcfiles/edk_bcfiles/KeyVault.bc>:KeyVaultHandler:102	[</harden/bcfiles/edk_bcfiles/KeyVault.bc>:KeyVaultHandler:%83, </harden/bcfiles/edk_bcfiles/KeyVault.bc>:KeyVaultHandler:%84]	158
</harden/bcfiles/edk_bcfiles/KeyVault.bc>:KeyVaultHandler	</harden/bcfiles/edk_bcfiles/KeyVault.bc>:KeyVaultHandler:%59	</harden/bcfiles/edk_bcfiles/KeyVault.bc>:KeyVaultHandler:73:0:-9223372036854775806	</harden/bcfiles/edk_bcfiles/KeyVault.bc>:KeyVaultHandler:%8	</harden/bcfiles/edk_bcfiles/KeyVault.bc>:KeyVaultHandler:73	[</harden/bcfiles/edk_bcfiles/KeyVault.bc>:KeyVaultHandler:%58, </harden/bcfiles/edk_bcfiles/KeyVault.bc>:KeyVaultHandler:%59]	146
</harden/bcfiles/edk_bcfiles/KeyVault.bc>:KeyVaultHandler	</harden/bcfiles/edk_bcfiles/KeyVault.bc>:KeyVaultHandler:%34	</harden/bcfiles/edk_bcfiles/KeyVault.bc>:KeyVaultHandler:43:0:-9223372036854775806	</harden/bcfiles/edk_bcfiles/KeyVault.bc>:KeyVaultHandler:%8	</harden/bcfiles/edk_bcfiles/KeyVault.bc>:KeyVaultHandler:43	[</harden/bcfiles/edk_bcfiles/KeyVault.bc>:KeyVaultHandler:%33, </harden/bcfiles/edk_bcfiles/KeyVault.bc>:KeyVaultHandler:%34]	137
</harden/bcfiles/edk_bcfiles/KeyVault.bc>:KeyVaultHandler	</harden/bcfiles/edk_bcfiles/KeyVault.bc>:KeyVaultHandler:%13	</harden/bcfiles/edk_bcfiles/KeyVault.bc>:KeyVaultHandler:%38	</harden/bcfiles/edk_bcfiles/KeyVault.bc>:KeyVaultHandler:%9	</harden/bcfiles/edk_bcfiles/KeyVault.bc>:KeyVaultHandler:49	[</harden/bcfiles/edk_bcfiles/KeyVault.bc>:KeyVaultHandler:%38, </harden/bcfiles/edk_bcfiles/KeyVault.bc>:KeyVaultHandler:%13]	141
</harden/bcfiles/edk_bcfiles/KeyVault.bc>:KeyVaultHandler	</harden/bcfiles/edk_bcfiles/KeyVault.bc>:KeyVaultHandler:%12	</harden/bcfiles/edk_bcfiles/KeyVault.bc>:KeyVaultHandler:%40	</harden/bcfiles/edk_bcfiles/KeyVault.bc>:KeyVaultHandler:%8	</harden/bcfiles/edk_bcfiles/KeyVault.bc>:KeyVaultHandler:52	[</harden/bcfiles/edk_bcfiles/KeyVault.bc>:KeyVaultHandler:%40, </harden/bcfiles/edk_bcfiles/KeyVault.bc>:KeyVaultHandler:%12]	142
</harden/bcfiles/edk_bcfiles/KeyVault.bc>:KeyVaultHandler	</harden/bcfiles/edk_bcfiles/KeyVault.bc>:KeyVaultHandler:%10	</harden/bcfiles/edk_bcfiles/KeyVault.bc>:KeyVaultHandler:%107	</harden/bcfiles/edk_bcfiles/KeyVault.bc>:KeyVaultHandler:%8	</harden/bcfiles/edk_bcfiles/KeyVault.bc>:KeyVaultHandler:128	[</harden/bcfiles/edk_bcfiles/KeyVault.bc>:KeyVaultHandler:%107, </harden/bcfiles/edk_bcfiles/KeyVault.bc>:KeyVaultHandler:%10]	171
</harden/bcfiles/edk_bcfiles/KeyVault.bc>:KeyVaultHandler	</harden/bcfiles/edk_bcfiles/KeyVault.bc>:KeyVaultHandler:%10	</harden/bcfiles/edk_bcfiles/KeyVault.bc>:KeyVaultHandler:%103	</harden/bcfiles/edk_bcfiles/KeyVault.bc>:KeyVaultHandler:%8	</harden/bcfiles/edk_bcfiles/KeyVault.bc>:KeyVaultHandler:123	[</harden/bcfiles/edk_bcfiles/KeyVault.bc>:KeyVaultHandler:%107, </harden/bcfiles/edk_bcfiles/KeyVault.bc>:KeyVaultHandler:%10]	168
</harden/bcfiles/edk_bcfiles/KeyVault.bc>:KeyVaultHandler	</harden/bcfiles/edk_bcfiles/KeyVault.bc>:KeyVaultHandler:%10	</harden/bcfiles/edk_bcfiles/KeyVault.bc>:KeyVaultHandler:%66	</harden/bcfiles/edk_bcfiles/KeyVault.bc>:KeyVaultHandler:%8	</harden/bcfiles/edk_bcfiles/KeyVault.bc>:KeyVaultHandler:82	[</harden/bcfiles/edk_bcfiles/KeyVault.bc>:KeyVaultHandler:%107, </harden/bcfiles/edk_bcfiles/KeyVault.bc>:KeyVaultHandler:%10]	150
</harden/bcfiles/edk_bcfiles/KeyVault.bc>:KeyVaultHandler	</harden/bcfiles/edk_bcfiles/KeyVault.bc>:KeyVaultHandler:%10	</harden/bcfiles/edk_bcfiles/KeyVault.bc>:KeyVaultHandler:143:0:-9223372036854775806	</harden/bcfiles/edk_bcfiles/KeyVault.bc>:KeyVaultHandler:%8	</harden/bcfiles/edk_bcfiles/KeyVault.bc>:KeyVaultHandler:143	[</harden/bcfiles/edk_bcfiles/KeyVault.bc>:KeyVaultHandler:%107, </harden/bcfiles/edk_bcfiles/KeyVault.bc>:KeyVaultHandler:%10]	175
