</harden/bcfiles/edk_bcfiles/KeyVault.bc>:CreateVaultKey	</harden/bcfiles/edk_bcfiles/KeyVault.bc>:CreateVaultKey:%95	</harden/bcfiles/edk_bcfiles/KeyVault.bc>:CreateVaultKey:%98	</harden/bcfiles/edk_bcfiles/KeyVault.bc>:KeyVaultHandler:%8	</harden/bcfiles/edk_bcfiles/KeyVault.bc>:CreateVaultKey:114	[</harden/bcfiles/edk_bcfiles/KeyVault.bc>:CreateVaultKey:%97, </harden/bcfiles/edk_bcfiles/KeyVault.bc>:CreateVaultKey:%98]	71
</harden/bcfiles/edk_bcfiles/KeyVault.bc>:CreateVaultKey	</harden/bcfiles/edk_bcfiles/KeyVault.bc>:CreateVaultKey:%107	</harden/bcfiles/edk_bcfiles/KeyVault.bc>:CreateVaultKey:%110	</harden/bcfiles/edk_bcfiles/KeyVault.bc>:KeyVaultHandler:%8	</harden/bcfiles/edk_bcfiles/KeyVault.bc>:CreateVaultKey:126	[</harden/bcfiles/edk_bcfiles/KeyVault.bc>:CreateVaultKey:%109, </harden/bcfiles/edk_bcfiles/KeyVault.bc>:CreateVaultKey:%110]	74
</harden/bcfiles/edk_bcfiles/KeyVault.bc>:CreateVaultKey	</harden/bcfiles/edk_bcfiles/KeyVault.bc>:CreateVaultKey:%115	</harden/bcfiles/edk_bcfiles/KeyVault.bc>:CreateVaultKey:%118	</harden/bcfiles/edk_bcfiles/KeyVault.bc>:KeyVaultHandler:%8	</harden/bcfiles/edk_bcfiles/KeyVault.bc>:CreateVaultKey:135	[</harden/bcfiles/edk_bcfiles/KeyVault.bc>:CreateVaultKey:%117, </harden/bcfiles/edk_bcfiles/KeyVault.bc>:CreateVaultKey:%118]	75
</harden/bcfiles/edk_bcfiles/KeyVault.bc>:ReadVaultKey	</harden/bcfiles/edk_bcfiles/KeyVault.bc>:ReadVaultKey:%85	</harden/bcfiles/edk_bcfiles/KeyVault.bc>:ReadVaultKey:%89	</harden/bcfiles/edk_bcfiles/KeyVault.bc>:KeyVaultHandler:%8	</harden/bcfiles/edk_bcfiles/KeyVault.bc>:ReadVaultKey:105	[</harden/bcfiles/edk_bcfiles/KeyVault.bc>:ReadVaultKey:%85, </harden/bcfiles/edk_bcfiles/KeyVault.bc>:ReadVaultKey:%89]	110
</harden/bcfiles/edk_bcfiles/KeyVault.bc>:KeyVaultHandler	</harden/bcfiles/edk_bcfiles/KeyVault.bc>:KeyVaultHandler:%87	</harden/bcfiles/edk_bcfiles/KeyVault.bc>:KeyVaultHandler:%88	</harden/bcfiles/edk_bcfiles/KeyVault.bc>:KeyVaultHandler:%8	</harden/bcfiles/edk_bcfiles/KeyVault.bc>:KeyVaultHandler:108	[</harden/bcfiles/edk_bcfiles/KeyVault.bc>:KeyVaultHandler:%8, </harden/bcfiles/edk_bcfiles/KeyVault.bc>:KeyVaultHandler:%88]	162
