</harden/bcfiles/edk_bcfiles/KeyVault.bc>:CheckKeyMatches:%38	</harden/bcfiles/edk_bcfiles/KeyVault.bc>:KeyVaultHandler:%8	[</harden/bcfiles/edk_bcfiles/KeyVault.bc>:CheckKeyMatches:%37, </harden/bcfiles/edk_bcfiles/KeyVault.bc>:CheckKeyMatches:%38]	0
</harden/bcfiles/edk_bcfiles/KeyVault.bc>:CheckKeyMatches:%36	</harden/bcfiles/edk_bcfiles/KeyVault.bc>:KeyVaultHandler:%8	[</harden/bcfiles/edk_bcfiles/KeyVault.bc>:CheckKeyMatches:%32, </harden/bcfiles/edk_bcfiles/KeyVault.bc>:CheckKeyMatches:%36]	1
</harden/bcfiles/edk_bcfiles/KeyVault.bc>:CheckKeyMatches:%28	</harden/bcfiles/edk_bcfiles/KeyVault.bc>:KeyVaultHandler:%8	[</harden/bcfiles/edk_bcfiles/KeyVault.bc>:CheckKeyMatches:%22, </harden/bcfiles/edk_bcfiles/KeyVault.bc>:CheckKeyMatches:%28]	1
</harden/bcfiles/edk_bcfiles/KeyVault.bc>:CheckKeyMatches:%22	</harden/bcfiles/edk_bcfiles/KeyVault.bc>:KeyVaultHandler:%8	[</harden/bcfiles/edk_bcfiles/KeyVault.bc>:CheckKeyMatches:%9, </harden/bcfiles/edk_bcfiles/KeyVault.bc>:CheckKeyMatches:%22]	0
</harden/bcfiles/edk_bcfiles/KeyVault.bc>:CheckKeyMatches:%29	</harden/bcfiles/edk_bcfiles/KeyVault.bc>:KeyVaultHandler:%8	[</harden/bcfiles/edk_bcfiles/KeyVault.bc>:CheckKeyMatches:%28, </harden/bcfiles/edk_bcfiles/KeyVault.bc>:CheckKeyMatches:%29]	0
</harden/bcfiles/edk_bcfiles/KeyVault.bc>:CheckKeyMatches:%19	</harden/bcfiles/edk_bcfiles/KeyVault.bc>:KeyVaultHandler:%8	[</harden/bcfiles/edk_bcfiles/KeyVault.bc>:CheckKeyMatches:%18, </harden/bcfiles/edk_bcfiles/KeyVault.bc>:CheckKeyMatches:%19]	0
</harden/bcfiles/edk_bcfiles/KeyVault.bc>:CheckKeyMatches:%18	</harden/bcfiles/edk_bcfiles/KeyVault.bc>:KeyVaultHandler:%8	[</harden/bcfiles/edk_bcfiles/KeyVault.bc>:CheckKeyMatches:%13, </harden/bcfiles/edk_bcfiles/KeyVault.bc>:CheckKeyMatches:%18]	1
</harden/bcfiles/edk_bcfiles/KeyVault.bc>:CheckKeyMatches:%37	</harden/bcfiles/edk_bcfiles/KeyVault.bc>:KeyVaultHandler:%8	[</harden/bcfiles/edk_bcfiles/KeyVault.bc>:CheckKeyMatches:%32, </harden/bcfiles/edk_bcfiles/KeyVault.bc>:CheckKeyMatches:%37]	1
</harden/bcfiles/edk_bcfiles/KeyVault.bc>:CheckKeyMatches:%13	</harden/bcfiles/edk_bcfiles/KeyVault.bc>:KeyVaultHandler:%8	[</harden/bcfiles/edk_bcfiles/KeyVault.bc>:CheckKeyMatches:%12, </harden/bcfiles/edk_bcfiles/KeyVault.bc>:CheckKeyMatches:%13]	0
</harden/bcfiles/edk_bcfiles/KeyVault.bc>:CheckKeyMatches:%16	</harden/bcfiles/edk_bcfiles/KeyVault.bc>:KeyVaultHandler:%8	[</harden/bcfiles/edk_bcfiles/KeyVault.bc>:CheckKeyMatches:%17, </harden/bcfiles/edk_bcfiles/KeyVault.bc>:CheckKeyMatches:%16]	0
</harden/bcfiles/edk_bcfiles/KeyVault.bc>:CheckKeyMatches:%32	</harden/bcfiles/edk_bcfiles/KeyVault.bc>:KeyVaultHandler:%8	[</harden/bcfiles/edk_bcfiles/KeyVault.bc>:CheckKeyMatches:%8, </harden/bcfiles/edk_bcfiles/KeyVault.bc>:CheckKeyMatches:%32]	0
</harden/bcfiles/edk_bcfiles/KeyVault.bc>:CheckKeyMatches:%27	</harden/bcfiles/edk_bcfiles/KeyVault.bc>:KeyVaultHandler:%8	[</harden/bcfiles/edk_bcfiles/KeyVault.bc>:CheckKeyMatches:%10, </harden/bcfiles/edk_bcfiles/KeyVault.bc>:CheckKeyMatches:%27]	0
</harden/bcfiles/edk_bcfiles/KeyVault.bc>:CheckKeyMatches:%17	</harden/bcfiles/edk_bcfiles/KeyVault.bc>:KeyVaultHandler:%8	[</harden/bcfiles/edk_bcfiles/KeyVault.bc>:CheckKeyMatches:%13, </harden/bcfiles/edk_bcfiles/KeyVault.bc>:CheckKeyMatches:%17]	1
</harden/bcfiles/edk_bcfiles/KeyVault.bc>:CheckKeyMatches:%11	</harden/bcfiles/edk_bcfiles/KeyVault.bc>:KeyVaultHandler:%8	[</harden/bcfiles/edk_bcfiles/KeyVault.bc>:CheckKeyMatches:%4, </harden/bcfiles/edk_bcfiles/KeyVault.bc>:CheckKeyMatches:%11]	0
</harden/bcfiles/edk_bcfiles/KeyVault.bc>:CheckKeyMatches:%26	</harden/bcfiles/edk_bcfiles/KeyVault.bc>:KeyVaultHandler:%8	[</harden/bcfiles/edk_bcfiles/KeyVault.bc>:CheckKeyMatches:%22, </harden/bcfiles/edk_bcfiles/KeyVault.bc>:CheckKeyMatches:%26]	1
</harden/bcfiles/edk_bcfiles/KeyVault.bc>:CheckKeyMatches:%10	</harden/bcfiles/edk_bcfiles/KeyVault.bc>:KeyVaultHandler:%8	[</harden/bcfiles/edk_bcfiles/KeyVault.bc>:CheckKeyMatches:%3, </harden/bcfiles/edk_bcfiles/KeyVault.bc>:CheckKeyMatches:%10]	0
</harden/bcfiles/edk_bcfiles/KeyVault.bc>:CheckKeyMatches:%9	</harden/bcfiles/edk_bcfiles/KeyVault.bc>:KeyVaultHandler:%8	[</harden/bcfiles/edk_bcfiles/KeyVault.bc>:CheckKeyMatches:%2, </harden/bcfiles/edk_bcfiles/KeyVault.bc>:CheckKeyMatches:%9]	0
</harden/bcfiles/edk_bcfiles/KeyVault.bc>:CheckKeyMatches:%8	</harden/bcfiles/edk_bcfiles/KeyVault.bc>:KeyVaultHandler:%8	[</harden/bcfiles/edk_bcfiles/KeyVault.bc>:CheckKeyMatches:%1, </harden/bcfiles/edk_bcfiles/KeyVault.bc>:CheckKeyMatches:%8]	0
</harden/bcfiles/edk_bcfiles/KeyVault.bc>:CheckKeyMatches:%4	</harden/bcfiles/edk_bcfiles/KeyVault.bc>:KeyVaultHandler:%8	[</harden/bcfiles/edk_bcfiles/KeyVault.bc>:ReadVaultKey:%79, </harden/bcfiles/edk_bcfiles/KeyVault.bc>:CheckKeyMatches:%4]	0
</harden/bcfiles/edk_bcfiles/KeyVault.bc>:CheckKeyMatches:%12	</harden/bcfiles/edk_bcfiles/KeyVault.bc>:KeyVaultHandler:%8	[</harden/bcfiles/edk_bcfiles/KeyVault.bc>:CheckKeyMatches:%11, </harden/bcfiles/edk_bcfiles/KeyVault.bc>:CheckKeyMatches:%12]	0
</harden/bcfiles/edk_bcfiles/KeyVault.bc>:CheckKeyMatches:%3	</harden/bcfiles/edk_bcfiles/KeyVault.bc>:KeyVaultHandler:%8	[</harden/bcfiles/edk_bcfiles/KeyVault.bc>:ReadVaultKey:%77, </harden/bcfiles/edk_bcfiles/KeyVault.bc>:CheckKeyMatches:%3]	0
</harden/bcfiles/edk_bcfiles/KeyVault.bc>:CheckKeyMatches:%2	</harden/bcfiles/edk_bcfiles/KeyVault.bc>:KeyVaultHandler:%8	[</harden/bcfiles/edk_bcfiles/KeyVault.bc>:ReadVaultKey:%76, </harden/bcfiles/edk_bcfiles/KeyVault.bc>:CheckKeyMatches:%2]	0
</harden/bcfiles/edk_bcfiles/KeyVault.bc>:CheckKeyMatches:%1	</harden/bcfiles/edk_bcfiles/KeyVault.bc>:KeyVaultHandler:%8	[</harden/bcfiles/edk_bcfiles/KeyVault.bc>:ReadVaultKey:%73, </harden/bcfiles/edk_bcfiles/KeyVault.bc>:CheckKeyMatches:%1]	0
</harden/bcfiles/edk_bcfiles/KeyVault.bc>:CreateVaultKey:%120	</harden/bcfiles/edk_bcfiles/KeyVault.bc>:KeyVaultHandler:%8	[</harden/bcfiles/edk_bcfiles/KeyVault.bc>:CreateVaultKey:%118, </harden/bcfiles/edk_bcfiles/KeyVault.bc>:CreateVaultKey:%120]	1
</harden/bcfiles/edk_bcfiles/KeyVault.bc>:CreateVaultKey:%118	</harden/bcfiles/edk_bcfiles/KeyVault.bc>:KeyVaultHandler:%8	[</harden/bcfiles/edk_bcfiles/KeyVault.bc>:CreateVaultKey:%117, </harden/bcfiles/edk_bcfiles/KeyVault.bc>:CreateVaultKey:%118]	0
</harden/bcfiles/edk_bcfiles/KeyVault.bc>:CreateVaultKey:%109	</harden/bcfiles/edk_bcfiles/KeyVault.bc>:KeyVaultHandler:%8	[</harden/bcfiles/edk_bcfiles/KeyVault.bc>:CreateVaultKey:%108, </harden/bcfiles/edk_bcfiles/KeyVault.bc>:CreateVaultKey:%109]	0
</harden/bcfiles/edk_bcfiles/KeyVault.bc>:CreateVaultKey:%101	</harden/bcfiles/edk_bcfiles/KeyVault.bc>:KeyVaultHandler:%8	[</harden/bcfiles/edk_bcfiles/KeyVault.bc>:CreateVaultKey:%100, </harden/bcfiles/edk_bcfiles/KeyVault.bc>:CreateVaultKey:%101]	0
</harden/bcfiles/edk_bcfiles/KeyVault.bc>:CreateVaultKey:%97	</harden/bcfiles/edk_bcfiles/KeyVault.bc>:KeyVaultHandler:%8	[</harden/bcfiles/edk_bcfiles/KeyVault.bc>:CreateVaultKey:%96, </harden/bcfiles/edk_bcfiles/KeyVault.bc>:CreateVaultKey:%97]	0
</harden/bcfiles/edk_bcfiles/KeyVault.bc>:CreateVaultKey:%96	</harden/bcfiles/edk_bcfiles/KeyVault.bc>:KeyVaultHandler:%8	[</harden/bcfiles/edk_bcfiles/KeyVault.bc>:CreateVaultKey:%3, </harden/bcfiles/edk_bcfiles/KeyVault.bc>:CreateVaultKey:%96]	0
</harden/bcfiles/edk_bcfiles/KeyVault.bc>:CreateVaultKey:%95	</harden/bcfiles/edk_bcfiles/KeyVault.bc>:KeyVaultHandler:%8	[</harden/bcfiles/edk_bcfiles/KeyVault.bc>:CreateVaultKey:%98, </harden/bcfiles/edk_bcfiles/KeyVault.bc>:CreateVaultKey:%95]	1
</harden/bcfiles/edk_bcfiles/KeyVault.bc>:CreateVaultKey:%89	</harden/bcfiles/edk_bcfiles/KeyVault.bc>:KeyVaultHandler:%8	[</harden/bcfiles/edk_bcfiles/KeyVault.bc>:CreateVaultKey:%88, </harden/bcfiles/edk_bcfiles/KeyVault.bc>:CreateVaultKey:%89]	1
</harden/bcfiles/edk_bcfiles/KeyVault.bc>:CreateVaultKey:%86	</harden/bcfiles/edk_bcfiles/KeyVault.bc>:KeyVaultHandler:%8	[</harden/bcfiles/edk_bcfiles/KeyVault.bc>:CreateVaultKey:%3, </harden/bcfiles/edk_bcfiles/KeyVault.bc>:CreateVaultKey:%86]	0
</harden/bcfiles/edk_bcfiles/KeyVault.bc>:CreateVaultKey:%78	</harden/bcfiles/edk_bcfiles/KeyVault.bc>:KeyVaultHandler:%8	[</harden/bcfiles/edk_bcfiles/KeyVault.bc>:CreateVaultKey:%79, </harden/bcfiles/edk_bcfiles/KeyVault.bc>:CreateVaultKey:%78]	0
</harden/bcfiles/edk_bcfiles/KeyVault.bc>:CreateVaultKey:%75	</harden/bcfiles/edk_bcfiles/KeyVault.bc>:KeyVaultHandler:%8	[</harden/bcfiles/edk_bcfiles/KeyVault.bc>:CreateVaultKey:%74, </harden/bcfiles/edk_bcfiles/KeyVault.bc>:CreateVaultKey:%75]	0
</harden/bcfiles/edk_bcfiles/KeyVault.bc>:CreateVaultKey:%79	</harden/bcfiles/edk_bcfiles/KeyVault.bc>:KeyVaultHandler:%8	[</harden/bcfiles/edk_bcfiles/KeyVault.bc>:CreateVaultKey:%76, </harden/bcfiles/edk_bcfiles/KeyVault.bc>:CreateVaultKey:%79]	1
</harden/bcfiles/edk_bcfiles/KeyVault.bc>:CreateVaultKey:%103	</harden/bcfiles/edk_bcfiles/KeyVault.bc>:KeyVaultHandler:%8	[</harden/bcfiles/edk_bcfiles/KeyVault.bc>:CreateVaultKey:%102, </harden/bcfiles/edk_bcfiles/KeyVault.bc>:CreateVaultKey:%103]	1
</harden/bcfiles/edk_bcfiles/KeyVault.bc>:CreateVaultKey:%107	</harden/bcfiles/edk_bcfiles/KeyVault.bc>:KeyVaultHandler:%8	[</harden/bcfiles/edk_bcfiles/KeyVault.bc>:CreateVaultKey:%110, </harden/bcfiles/edk_bcfiles/KeyVault.bc>:CreateVaultKey:%107]	1
</harden/bcfiles/edk_bcfiles/KeyVault.bc>:CreateVaultKey:%102	</harden/bcfiles/edk_bcfiles/KeyVault.bc>:KeyVaultHandler:%8	[</harden/bcfiles/edk_bcfiles/KeyVault.bc>:CreateVaultKey:%101, </harden/bcfiles/edk_bcfiles/KeyVault.bc>:CreateVaultKey:%102]	0
</harden/bcfiles/edk_bcfiles/KeyVault.bc>:CreateVaultKey:%108	</harden/bcfiles/edk_bcfiles/KeyVault.bc>:KeyVaultHandler:%8	[</harden/bcfiles/edk_bcfiles/KeyVault.bc>:CreateVaultKey:%3, </harden/bcfiles/edk_bcfiles/KeyVault.bc>:CreateVaultKey:%108]	0
</harden/bcfiles/edk_bcfiles/KeyVault.bc>:CreateVaultKey:%76	</harden/bcfiles/edk_bcfiles/KeyVault.bc>:KeyVaultHandler:%8	[</harden/bcfiles/edk_bcfiles/KeyVault.bc>:CreateVaultKey:%75, </harden/bcfiles/edk_bcfiles/KeyVault.bc>:CreateVaultKey:%76]	0
</harden/bcfiles/edk_bcfiles/KeyVault.bc>:CreateVaultKey:%111	</harden/bcfiles/edk_bcfiles/KeyVault.bc>:KeyVaultHandler:%8	[</harden/bcfiles/edk_bcfiles/KeyVault.bc>:CreateVaultKey:%110, </harden/bcfiles/edk_bcfiles/KeyVault.bc>:CreateVaultKey:%111]	1
</harden/bcfiles/edk_bcfiles/KeyVault.bc>:CreateVaultKey:%117	</harden/bcfiles/edk_bcfiles/KeyVault.bc>:KeyVaultHandler:%8	[</harden/bcfiles/edk_bcfiles/KeyVault.bc>:CreateVaultKey:%116, </harden/bcfiles/edk_bcfiles/KeyVault.bc>:CreateVaultKey:%117]	0
</harden/bcfiles/edk_bcfiles/KeyVault.bc>:CreateVaultKey:%29	</harden/bcfiles/edk_bcfiles/KeyVault.bc>:KeyVaultHandler:%8	[</harden/bcfiles/edk_bcfiles/KeyVault.bc>:CreateVaultKey:%28, </harden/bcfiles/edk_bcfiles/KeyVault.bc>:CreateVaultKey:%29]	0
</harden/bcfiles/edk_bcfiles/KeyVault.bc>:CreateVaultKey:%87	</harden/bcfiles/edk_bcfiles/KeyVault.bc>:KeyVaultHandler:%8	[</harden/bcfiles/edk_bcfiles/KeyVault.bc>:CreateVaultKey:%86, </harden/bcfiles/edk_bcfiles/KeyVault.bc>:CreateVaultKey:%87]	0
</harden/bcfiles/edk_bcfiles/KeyVault.bc>:CreateVaultKey:%28	</harden/bcfiles/edk_bcfiles/KeyVault.bc>:KeyVaultHandler:%8	[</harden/bcfiles/edk_bcfiles/KeyVault.bc>:CreateVaultKey:%27, </harden/bcfiles/edk_bcfiles/KeyVault.bc>:CreateVaultKey:%28]	1
</harden/bcfiles/edk_bcfiles/KeyVault.bc>:CreateVaultKey:%115	</harden/bcfiles/edk_bcfiles/KeyVault.bc>:KeyVaultHandler:%8	[</harden/bcfiles/edk_bcfiles/KeyVault.bc>:CreateVaultKey:%118, </harden/bcfiles/edk_bcfiles/KeyVault.bc>:CreateVaultKey:%115]	1
</harden/bcfiles/edk_bcfiles/KeyVault.bc>:CreateVaultKey:%100	</harden/bcfiles/edk_bcfiles/KeyVault.bc>:KeyVaultHandler:%8	[</harden/bcfiles/edk_bcfiles/KeyVault.bc>:CreateVaultKey:%3, </harden/bcfiles/edk_bcfiles/KeyVault.bc>:CreateVaultKey:%100]	0
</harden/bcfiles/edk_bcfiles/KeyVault.bc>:CreateVaultKey:%119	</harden/bcfiles/edk_bcfiles/KeyVault.bc>:KeyVaultHandler:%8	[</harden/bcfiles/edk_bcfiles/KeyVault.bc>:CreateVaultKey:%6, </harden/bcfiles/edk_bcfiles/KeyVault.bc>:CreateVaultKey:%119]	0
</harden/bcfiles/edk_bcfiles/KeyVault.bc>:CreateVaultKey:%88	</harden/bcfiles/edk_bcfiles/KeyVault.bc>:KeyVaultHandler:%8	[</harden/bcfiles/edk_bcfiles/KeyVault.bc>:CreateVaultKey:%87, </harden/bcfiles/edk_bcfiles/KeyVault.bc>:CreateVaultKey:%88]	0
</harden/bcfiles/edk_bcfiles/KeyVault.bc>:CreateVaultKey:%27	</harden/bcfiles/edk_bcfiles/KeyVault.bc>:KeyVaultHandler:%8	[</harden/bcfiles/edk_bcfiles/KeyVault.bc>:CreateVaultKey:%26, </harden/bcfiles/edk_bcfiles/KeyVault.bc>:CreateVaultKey:%27]	0
</harden/bcfiles/edk_bcfiles/KeyVault.bc>:CreateVaultKey:%26	</harden/bcfiles/edk_bcfiles/KeyVault.bc>:KeyVaultHandler:%8	[</harden/bcfiles/edk_bcfiles/KeyVault.bc>:CreateVaultKey:%25, </harden/bcfiles/edk_bcfiles/KeyVault.bc>:CreateVaultKey:%26]	0
</harden/bcfiles/edk_bcfiles/KeyVault.bc>:CreateVaultKey:%47	</harden/bcfiles/edk_bcfiles/KeyVault.bc>:KeyVaultHandler:%8	[</harden/bcfiles/edk_bcfiles/KeyVault.bc>:CreateVaultKey:%46, </harden/bcfiles/edk_bcfiles/KeyVault.bc>:CreateVaultKey:%47]	1
</harden/bcfiles/edk_bcfiles/KeyVault.bc>:CreateVaultKey:%25	</harden/bcfiles/edk_bcfiles/KeyVault.bc>:KeyVaultHandler:%8	[</harden/bcfiles/edk_bcfiles/KeyVault.bc>:CreateVaultKey:%3, </harden/bcfiles/edk_bcfiles/KeyVault.bc>:CreateVaultKey:%25]	0
</harden/bcfiles/edk_bcfiles/KeyVault.bc>:CreateVaultKey:%106	</harden/bcfiles/edk_bcfiles/KeyVault.bc>:KeyVaultHandler:%8	[</harden/bcfiles/edk_bcfiles/KeyVault.bc>:CreateVaultKey:%107, </harden/bcfiles/edk_bcfiles/KeyVault.bc>:CreateVaultKey:%106]	0
</harden/bcfiles/edk_bcfiles/KeyVault.bc>:CreateVaultKey:%45	</harden/bcfiles/edk_bcfiles/KeyVault.bc>:KeyVaultHandler:%8	[</harden/bcfiles/edk_bcfiles/KeyVault.bc>:CreateVaultKey:%44, </harden/bcfiles/edk_bcfiles/KeyVault.bc>:CreateVaultKey:%45]	0
</harden/bcfiles/edk_bcfiles/KeyVault.bc>:CreateVaultKey:%98	</harden/bcfiles/edk_bcfiles/KeyVault.bc>:KeyVaultHandler:%8	[</harden/bcfiles/edk_bcfiles/KeyVault.bc>:CreateVaultKey:%97, </harden/bcfiles/edk_bcfiles/KeyVault.bc>:CreateVaultKey:%98]	0
</harden/bcfiles/edk_bcfiles/KeyVault.bc>:CreateVaultKey:%77	</harden/bcfiles/edk_bcfiles/KeyVault.bc>:KeyVaultHandler:%8	[</harden/bcfiles/edk_bcfiles/KeyVault.bc>:CreateVaultKey:%5, </harden/bcfiles/edk_bcfiles/KeyVault.bc>:CreateVaultKey:%77]	0
</harden/bcfiles/edk_bcfiles/KeyVault.bc>:CreateVaultKey:%46	</harden/bcfiles/edk_bcfiles/KeyVault.bc>:KeyVaultHandler:%8	[</harden/bcfiles/edk_bcfiles/KeyVault.bc>:CreateVaultKey:%45, </harden/bcfiles/edk_bcfiles/KeyVault.bc>:CreateVaultKey:%46]	0
</harden/bcfiles/edk_bcfiles/KeyVault.bc>:CreateVaultKey:%110	</harden/bcfiles/edk_bcfiles/KeyVault.bc>:KeyVaultHandler:%8	[</harden/bcfiles/edk_bcfiles/KeyVault.bc>:CreateVaultKey:%109, </harden/bcfiles/edk_bcfiles/KeyVault.bc>:CreateVaultKey:%110]	0
</harden/bcfiles/edk_bcfiles/KeyVault.bc>:CreateVaultKey:%99	</harden/bcfiles/edk_bcfiles/KeyVault.bc>:KeyVaultHandler:%8	[</harden/bcfiles/edk_bcfiles/KeyVault.bc>:CreateVaultKey:%98, </harden/bcfiles/edk_bcfiles/KeyVault.bc>:CreateVaultKey:%99]	1
</harden/bcfiles/edk_bcfiles/KeyVault.bc>:CreateVaultKey:%5	</harden/bcfiles/edk_bcfiles/KeyVault.bc>:KeyVaultHandler:%8	[</harden/bcfiles/edk_bcfiles/KeyVault.bc>:CreateVaultKey:%28, </harden/bcfiles/edk_bcfiles/KeyVault.bc>:CreateVaultKey:%5]	0
</harden/bcfiles/edk_bcfiles/KeyVault.bc>:CreateVaultKey:%44	</harden/bcfiles/edk_bcfiles/KeyVault.bc>:KeyVaultHandler:%8	[</harden/bcfiles/edk_bcfiles/KeyVault.bc>:CreateVaultKey:%3, </harden/bcfiles/edk_bcfiles/KeyVault.bc>:CreateVaultKey:%44]	0
</harden/bcfiles/edk_bcfiles/KeyVault.bc>:CreateVaultKey:%48	</harden/bcfiles/edk_bcfiles/KeyVault.bc>:KeyVaultHandler:%8	[</harden/bcfiles/edk_bcfiles/KeyVault.bc>:CreateVaultKey:%47, </harden/bcfiles/edk_bcfiles/KeyVault.bc>:CreateVaultKey:%48]	0
</harden/bcfiles/edk_bcfiles/KeyVault.bc>:CreateVaultKey:%116	</harden/bcfiles/edk_bcfiles/KeyVault.bc>:KeyVaultHandler:%8	[</harden/bcfiles/edk_bcfiles/KeyVault.bc>:CreateVaultKey:%3, </harden/bcfiles/edk_bcfiles/KeyVault.bc>:CreateVaultKey:%116]	0
</harden/bcfiles/edk_bcfiles/KeyVault.bc>:CreateVaultKey:%74	</harden/bcfiles/edk_bcfiles/KeyVault.bc>:KeyVaultHandler:%8	[</harden/bcfiles/edk_bcfiles/KeyVault.bc>:CreateVaultKey:%3, </harden/bcfiles/edk_bcfiles/KeyVault.bc>:CreateVaultKey:%74]	0
</harden/bcfiles/edk_bcfiles/KeyVault.bc>:CreateVaultKey:%6	</harden/bcfiles/edk_bcfiles/KeyVault.bc>:KeyVaultHandler:%8	[</harden/bcfiles/edk_bcfiles/KeyVault.bc>:CreateVaultKey:%47, </harden/bcfiles/edk_bcfiles/KeyVault.bc>:CreateVaultKey:%6]	0
</harden/bcfiles/edk_bcfiles/KeyVault.bc>:CreateVaultKey:%3	</harden/bcfiles/edk_bcfiles/KeyVault.bc>:KeyVaultHandler:%8	[</harden/bcfiles/edk_bcfiles/KeyVault.bc>:CreateVaultKey:%0, </harden/bcfiles/edk_bcfiles/KeyVault.bc>:CreateVaultKey:%3]	0
</harden/bcfiles/edk_bcfiles/KeyVault.bc>:CreateVaultKey:%0	</harden/bcfiles/edk_bcfiles/KeyVault.bc>:KeyVaultHandler:%8	[</harden/bcfiles/edk_bcfiles/KeyVault.bc>:KeyVaultHandler:%102, </harden/bcfiles/edk_bcfiles/KeyVault.bc>:CreateVaultKey:%0]	0
</harden/bcfiles/edk_bcfiles/KeyVault.bc>:ReadVaultKey:%89	</harden/bcfiles/edk_bcfiles/KeyVault.bc>:KeyVaultHandler:%8	[</harden/bcfiles/edk_bcfiles/KeyVault.bc>:ReadVaultKey:%85, </harden/bcfiles/edk_bcfiles/KeyVault.bc>:ReadVaultKey:%89]	1
</harden/bcfiles/edk_bcfiles/KeyVault.bc>:ReadVaultKey:%84	</harden/bcfiles/edk_bcfiles/KeyVault.bc>:KeyVaultHandler:%8	[</harden/bcfiles/edk_bcfiles/KeyVault.bc>:ReadVaultKey:%83, </harden/bcfiles/edk_bcfiles/KeyVault.bc>:ReadVaultKey:%84]	0
</harden/bcfiles/edk_bcfiles/KeyVault.bc>:ReadVaultKey:%83	</harden/bcfiles/edk_bcfiles/KeyVault.bc>:KeyVaultHandler:%8	[</harden/bcfiles/edk_bcfiles/KeyVault.bc>:ReadVaultKey:%5, </harden/bcfiles/edk_bcfiles/KeyVault.bc>:ReadVaultKey:%83]	0
</harden/bcfiles/edk_bcfiles/KeyVault.bc>:ReadVaultKey:%81	</harden/bcfiles/edk_bcfiles/KeyVault.bc>:KeyVaultHandler:%8	[</harden/bcfiles/edk_bcfiles/KeyVault.bc>:ReadVaultKey:%80, </harden/bcfiles/edk_bcfiles/KeyVault.bc>:ReadVaultKey:%81]	0
</harden/bcfiles/edk_bcfiles/KeyVault.bc>:ReadVaultKey:%77	</harden/bcfiles/edk_bcfiles/KeyVault.bc>:KeyVaultHandler:%8	[</harden/bcfiles/edk_bcfiles/KeyVault.bc>:ReadVaultKey:%9, </harden/bcfiles/edk_bcfiles/KeyVault.bc>:ReadVaultKey:%77]	0
</harden/bcfiles/edk_bcfiles/KeyVault.bc>:ReadVaultKey:%76	</harden/bcfiles/edk_bcfiles/KeyVault.bc>:KeyVaultHandler:%8	[</harden/bcfiles/edk_bcfiles/KeyVault.bc>:ReadVaultKey:%79, </harden/bcfiles/edk_bcfiles/KeyVault.bc>:ReadVaultKey:%76]	1
</harden/bcfiles/edk_bcfiles/KeyVault.bc>:ReadVaultKey:%75	</harden/bcfiles/edk_bcfiles/KeyVault.bc>:KeyVaultHandler:%8	[</harden/bcfiles/edk_bcfiles/KeyVault.bc>:ReadVaultKey:%74, </harden/bcfiles/edk_bcfiles/KeyVault.bc>:ReadVaultKey:%75]	0
</harden/bcfiles/edk_bcfiles/KeyVault.bc>:ReadVaultKey:%58	</harden/bcfiles/edk_bcfiles/KeyVault.bc>:KeyVaultHandler:%8	[</harden/bcfiles/edk_bcfiles/KeyVault.bc>:ReadVaultKey:%57, </harden/bcfiles/edk_bcfiles/KeyVault.bc>:ReadVaultKey:%58]	1
</harden/bcfiles/edk_bcfiles/KeyVault.bc>:ReadVaultKey:%57	</harden/bcfiles/edk_bcfiles/KeyVault.bc>:KeyVaultHandler:%8	[</harden/bcfiles/edk_bcfiles/KeyVault.bc>:ReadVaultKey:%56, </harden/bcfiles/edk_bcfiles/KeyVault.bc>:ReadVaultKey:%57]	0
</harden/bcfiles/edk_bcfiles/KeyVault.bc>:ReadVaultKey:%56	</harden/bcfiles/edk_bcfiles/KeyVault.bc>:KeyVaultHandler:%8	[</harden/bcfiles/edk_bcfiles/KeyVault.bc>:ReadVaultKey:%55, </harden/bcfiles/edk_bcfiles/KeyVault.bc>:ReadVaultKey:%56]	0
</harden/bcfiles/edk_bcfiles/KeyVault.bc>:ReadVaultKey:%55	</harden/bcfiles/edk_bcfiles/KeyVault.bc>:KeyVaultHandler:%8	[</harden/bcfiles/edk_bcfiles/KeyVault.bc>:ReadVaultKey:%4, </harden/bcfiles/edk_bcfiles/KeyVault.bc>:ReadVaultKey:%55]	0
</harden/bcfiles/edk_bcfiles/KeyVault.bc>:ReadVaultKey:%53	</harden/bcfiles/edk_bcfiles/KeyVault.bc>:KeyVaultHandler:%8	[</harden/bcfiles/edk_bcfiles/KeyVault.bc>:ReadVaultKey:%54, </harden/bcfiles/edk_bcfiles/KeyVault.bc>:ReadVaultKey:%53]	0
</harden/bcfiles/edk_bcfiles/KeyVault.bc>:ReadVaultKey:%52	</harden/bcfiles/edk_bcfiles/KeyVault.bc>:KeyVaultHandler:%8	[</harden/bcfiles/edk_bcfiles/KeyVault.bc>:ReadVaultKey:%8, </harden/bcfiles/edk_bcfiles/KeyVault.bc>:ReadVaultKey:%52]	0
</harden/bcfiles/edk_bcfiles/KeyVault.bc>:ReadVaultKey:%51	</harden/bcfiles/edk_bcfiles/KeyVault.bc>:KeyVaultHandler:%8	[</harden/bcfiles/edk_bcfiles/KeyVault.bc>:ReadVaultKey:%50, </harden/bcfiles/edk_bcfiles/KeyVault.bc>:ReadVaultKey:%51]	0
</harden/bcfiles/edk_bcfiles/KeyVault.bc>:ReadVaultKey:%50	</harden/bcfiles/edk_bcfiles/KeyVault.bc>:KeyVaultHandler:%8	[</harden/bcfiles/edk_bcfiles/KeyVault.bc>:ReadVaultKey:%49, </harden/bcfiles/edk_bcfiles/KeyVault.bc>:ReadVaultKey:%50]	0
</harden/bcfiles/edk_bcfiles/KeyVault.bc>:ReadVaultKey:%54	</harden/bcfiles/edk_bcfiles/KeyVault.bc>:KeyVaultHandler:%8	[</harden/bcfiles/edk_bcfiles/KeyVault.bc>:ReadVaultKey:%51, </harden/bcfiles/edk_bcfiles/KeyVault.bc>:ReadVaultKey:%54]	1
</harden/bcfiles/edk_bcfiles/KeyVault.bc>:ReadVaultKey:%49	</harden/bcfiles/edk_bcfiles/KeyVault.bc>:KeyVaultHandler:%8	[</harden/bcfiles/edk_bcfiles/KeyVault.bc>:ReadVaultKey:%4, </harden/bcfiles/edk_bcfiles/KeyVault.bc>:ReadVaultKey:%49]	0
</harden/bcfiles/edk_bcfiles/KeyVault.bc>:ReadVaultKey:%34	</harden/bcfiles/edk_bcfiles/KeyVault.bc>:KeyVaultHandler:%8	[</harden/bcfiles/edk_bcfiles/KeyVault.bc>:ReadVaultKey:%33, </harden/bcfiles/edk_bcfiles/KeyVault.bc>:ReadVaultKey:%34]	0
</harden/bcfiles/edk_bcfiles/KeyVault.bc>:ReadVaultKey:%33	</harden/bcfiles/edk_bcfiles/KeyVault.bc>:KeyVaultHandler:%8	[</harden/bcfiles/edk_bcfiles/KeyVault.bc>:ReadVaultKey:%32, </harden/bcfiles/edk_bcfiles/KeyVault.bc>:ReadVaultKey:%33]	1
</harden/bcfiles/edk_bcfiles/KeyVault.bc>:ReadVaultKey:%32	</harden/bcfiles/edk_bcfiles/KeyVault.bc>:KeyVaultHandler:%8	[</harden/bcfiles/edk_bcfiles/KeyVault.bc>:ReadVaultKey:%31, </harden/bcfiles/edk_bcfiles/KeyVault.bc>:ReadVaultKey:%32]	0
</harden/bcfiles/edk_bcfiles/KeyVault.bc>:ReadVaultKey:%31	</harden/bcfiles/edk_bcfiles/KeyVault.bc>:KeyVaultHandler:%8	[</harden/bcfiles/edk_bcfiles/KeyVault.bc>:ReadVaultKey:%30, </harden/bcfiles/edk_bcfiles/KeyVault.bc>:ReadVaultKey:%31]	0
</harden/bcfiles/edk_bcfiles/KeyVault.bc>:ReadVaultKey:%30	</harden/bcfiles/edk_bcfiles/KeyVault.bc>:KeyVaultHandler:%8	[</harden/bcfiles/edk_bcfiles/KeyVault.bc>:ReadVaultKey:%4, </harden/bcfiles/edk_bcfiles/KeyVault.bc>:ReadVaultKey:%30]	0
</harden/bcfiles/edk_bcfiles/KeyVault.bc>:ReadVaultKey:%80	</harden/bcfiles/edk_bcfiles/KeyVault.bc>:KeyVaultHandler:%8	[</harden/bcfiles/edk_bcfiles/KeyVault.bc>:ReadVaultKey:%79, </harden/bcfiles/edk_bcfiles/KeyVault.bc>:ReadVaultKey:%80]	1
</harden/bcfiles/edk_bcfiles/KeyVault.bc>:ReadVaultKey:%73	</harden/bcfiles/edk_bcfiles/KeyVault.bc>:KeyVaultHandler:%8	[</harden/bcfiles/edk_bcfiles/KeyVault.bc>:ReadVaultKey:%79, </harden/bcfiles/edk_bcfiles/KeyVault.bc>:ReadVaultKey:%73]	1
</harden/bcfiles/edk_bcfiles/KeyVault.bc>:ReadVaultKey:%90	</harden/bcfiles/edk_bcfiles/KeyVault.bc>:KeyVaultHandler:%8	[</harden/bcfiles/edk_bcfiles/KeyVault.bc>:ReadVaultKey:%85, </harden/bcfiles/edk_bcfiles/KeyVault.bc>:ReadVaultKey:%90]	1
</harden/bcfiles/edk_bcfiles/KeyVault.bc>:ReadVaultKey:%79	</harden/bcfiles/edk_bcfiles/KeyVault.bc>:KeyVaultHandler:%8	[</harden/bcfiles/edk_bcfiles/KeyVault.bc>:ReadVaultKey:%78, </harden/bcfiles/edk_bcfiles/KeyVault.bc>:ReadVaultKey:%79]	0
</harden/bcfiles/edk_bcfiles/KeyVault.bc>:ReadVaultKey:%78	</harden/bcfiles/edk_bcfiles/KeyVault.bc>:KeyVaultHandler:%8	[</harden/bcfiles/edk_bcfiles/KeyVault.bc>:ReadVaultKey:%4, </harden/bcfiles/edk_bcfiles/KeyVault.bc>:ReadVaultKey:%78]	0
</harden/bcfiles/edk_bcfiles/KeyVault.bc>:ReadVaultKey:%74	</harden/bcfiles/edk_bcfiles/KeyVault.bc>:KeyVaultHandler:%8	[</harden/bcfiles/edk_bcfiles/KeyVault.bc>:ReadVaultKey:%4, </harden/bcfiles/edk_bcfiles/KeyVault.bc>:ReadVaultKey:%74]	0
</harden/bcfiles/edk_bcfiles/KeyVault.bc>:ReadVaultKey:%15	</harden/bcfiles/edk_bcfiles/KeyVault.bc>:KeyVaultHandler:%8	[</harden/bcfiles/edk_bcfiles/KeyVault.bc>:ReadVaultKey:%14, </harden/bcfiles/edk_bcfiles/KeyVault.bc>:ReadVaultKey:%15]	0
</harden/bcfiles/edk_bcfiles/KeyVault.bc>:ReadVaultKey:%14	</harden/bcfiles/edk_bcfiles/KeyVault.bc>:KeyVaultHandler:%8	[</harden/bcfiles/edk_bcfiles/KeyVault.bc>:ReadVaultKey:%13, </harden/bcfiles/edk_bcfiles/KeyVault.bc>:ReadVaultKey:%14]	1
</harden/bcfiles/edk_bcfiles/KeyVault.bc>:ReadVaultKey:%13	</harden/bcfiles/edk_bcfiles/KeyVault.bc>:KeyVaultHandler:%8	[</harden/bcfiles/edk_bcfiles/KeyVault.bc>:ReadVaultKey:%12, </harden/bcfiles/edk_bcfiles/KeyVault.bc>:ReadVaultKey:%13]	0
</harden/bcfiles/edk_bcfiles/KeyVault.bc>:ReadVaultKey:%11	</harden/bcfiles/edk_bcfiles/KeyVault.bc>:KeyVaultHandler:%8	[</harden/bcfiles/edk_bcfiles/KeyVault.bc>:ReadVaultKey:%4, </harden/bcfiles/edk_bcfiles/KeyVault.bc>:ReadVaultKey:%11]	0
</harden/bcfiles/edk_bcfiles/KeyVault.bc>:ReadVaultKey:%85	</harden/bcfiles/edk_bcfiles/KeyVault.bc>:KeyVaultHandler:%8	[</harden/bcfiles/edk_bcfiles/KeyVault.bc>:ReadVaultKey:%84, </harden/bcfiles/edk_bcfiles/KeyVault.bc>:ReadVaultKey:%85]	0
</harden/bcfiles/edk_bcfiles/KeyVault.bc>:ReadVaultKey:%12	</harden/bcfiles/edk_bcfiles/KeyVault.bc>:KeyVaultHandler:%8	[</harden/bcfiles/edk_bcfiles/KeyVault.bc>:ReadVaultKey:%11, </harden/bcfiles/edk_bcfiles/KeyVault.bc>:ReadVaultKey:%12]	0
</harden/bcfiles/edk_bcfiles/KeyVault.bc>:ReadVaultKey:%9	</harden/bcfiles/edk_bcfiles/KeyVault.bc>:KeyVaultHandler:%8	[</harden/bcfiles/edk_bcfiles/KeyVault.bc>:ReadVaultKey:%33, </harden/bcfiles/edk_bcfiles/KeyVault.bc>:ReadVaultKey:%9]	0
</harden/bcfiles/edk_bcfiles/KeyVault.bc>:ReadVaultKey:%8	</harden/bcfiles/edk_bcfiles/KeyVault.bc>:KeyVaultHandler:%8	[</harden/bcfiles/edk_bcfiles/KeyVault.bc>:ReadVaultKey:%14, </harden/bcfiles/edk_bcfiles/KeyVault.bc>:ReadVaultKey:%8]	0
</harden/bcfiles/edk_bcfiles/KeyVault.bc>:ReadVaultKey:%5	</harden/bcfiles/edk_bcfiles/KeyVault.bc>:KeyVaultHandler:%8	[</harden/bcfiles/edk_bcfiles/KeyVault.bc>:ReadVaultKey:%1, </harden/bcfiles/edk_bcfiles/KeyVault.bc>:ReadVaultKey:%5]	0
</harden/bcfiles/edk_bcfiles/KeyVault.bc>:ReadVaultKey:%4	</harden/bcfiles/edk_bcfiles/KeyVault.bc>:KeyVaultHandler:%8	[</harden/bcfiles/edk_bcfiles/KeyVault.bc>:ReadVaultKey:%0, </harden/bcfiles/edk_bcfiles/KeyVault.bc>:ReadVaultKey:%4]	0
</harden/bcfiles/edk_bcfiles/KeyVault.bc>:ReadVaultKey:%1	</harden/bcfiles/edk_bcfiles/KeyVault.bc>:KeyVaultHandler:%8	[</harden/bcfiles/edk_bcfiles/KeyVault.bc>:KeyVaultHandler:%106, </harden/bcfiles/edk_bcfiles/KeyVault.bc>:ReadVaultKey:%1]	0
</harden/bcfiles/edk_bcfiles/KeyVault.bc>:ReadVaultKey:%0	</harden/bcfiles/edk_bcfiles/KeyVault.bc>:KeyVaultHandler:%8	[</harden/bcfiles/edk_bcfiles/KeyVault.bc>:KeyVaultHandler:%105, </harden/bcfiles/edk_bcfiles/KeyVault.bc>:ReadVaultKey:%0]	0
</harden/bcfiles/edk_bcfiles/KeyVault.bc>:KeyVaultHandler:%127	</harden/bcfiles/edk_bcfiles/KeyVault.bc>:KeyVaultHandler:%8	[</harden/bcfiles/edk_bcfiles/KeyVault.bc>:KeyVaultHandler:%126, </harden/bcfiles/edk_bcfiles/KeyVault.bc>:KeyVaultHandler:%127]	0
</harden/bcfiles/edk_bcfiles/KeyVault.bc>:KeyVaultHandler:%126	</harden/bcfiles/edk_bcfiles/KeyVault.bc>:KeyVaultHandler:%8	[</harden/bcfiles/edk_bcfiles/KeyVault.bc>:KeyVaultHandler:%12, </harden/bcfiles/edk_bcfiles/KeyVault.bc>:KeyVaultHandler:%126]	0
</harden/bcfiles/edk_bcfiles/KeyVault.bc>:KeyVaultHandler:%123	</harden/bcfiles/edk_bcfiles/KeyVault.bc>:KeyVaultHandler:%8	[</harden/bcfiles/edk_bcfiles/KeyVault.bc>:KeyVaultHandler:%122, </harden/bcfiles/edk_bcfiles/KeyVault.bc>:KeyVaultHandler:%123]	0
</harden/bcfiles/edk_bcfiles/KeyVault.bc>:KeyVaultHandler:%107	</harden/bcfiles/edk_bcfiles/KeyVault.bc>:KeyVaultHandler:%8	[</harden/bcfiles/edk_bcfiles/KeyVault.bc>:KeyVaultHandler:%106, </harden/bcfiles/edk_bcfiles/KeyVault.bc>:KeyVaultHandler:%107]	1
</harden/bcfiles/edk_bcfiles/KeyVault.bc>:KeyVaultHandler:%106	</harden/bcfiles/edk_bcfiles/KeyVault.bc>:KeyVaultHandler:%8	[</harden/bcfiles/edk_bcfiles/KeyVault.bc>:KeyVaultHandler:%12, </harden/bcfiles/edk_bcfiles/KeyVault.bc>:KeyVaultHandler:%106]	0
</harden/bcfiles/edk_bcfiles/KeyVault.bc>:KeyVaultHandler:%105	</harden/bcfiles/edk_bcfiles/KeyVault.bc>:KeyVaultHandler:%8	[</harden/bcfiles/edk_bcfiles/KeyVault.bc>:KeyVaultHandler:%106, </harden/bcfiles/edk_bcfiles/KeyVault.bc>:KeyVaultHandler:%105]	1
</harden/bcfiles/edk_bcfiles/KeyVault.bc>:KeyVaultHandler:%103	</harden/bcfiles/edk_bcfiles/KeyVault.bc>:KeyVaultHandler:%8	[</harden/bcfiles/edk_bcfiles/KeyVault.bc>:KeyVaultHandler:%102, </harden/bcfiles/edk_bcfiles/KeyVault.bc>:KeyVaultHandler:%103]	1
</harden/bcfiles/edk_bcfiles/KeyVault.bc>:KeyVaultHandler:%125	</harden/bcfiles/edk_bcfiles/KeyVault.bc>:KeyVaultHandler:%8	[</harden/bcfiles/edk_bcfiles/KeyVault.bc>:KeyVaultHandler:%10, </harden/bcfiles/edk_bcfiles/KeyVault.bc>:KeyVaultHandler:%125]	0
</harden/bcfiles/edk_bcfiles/KeyVault.bc>:KeyVaultHandler:%102	</harden/bcfiles/edk_bcfiles/KeyVault.bc>:KeyVaultHandler:%8	[</harden/bcfiles/edk_bcfiles/KeyVault.bc>:KeyVaultHandler:%11, </harden/bcfiles/edk_bcfiles/KeyVault.bc>:KeyVaultHandler:%102]	0
</harden/bcfiles/edk_bcfiles/KeyVault.bc>:KeyVaultHandler:%100	</harden/bcfiles/edk_bcfiles/KeyVault.bc>:KeyVaultHandler:%8	[</harden/bcfiles/edk_bcfiles/KeyVault.bc>:KeyVaultHandler:%99, </harden/bcfiles/edk_bcfiles/KeyVault.bc>:KeyVaultHandler:%100]	0
</harden/bcfiles/edk_bcfiles/KeyVault.bc>:KeyVaultHandler:%99	</harden/bcfiles/edk_bcfiles/KeyVault.bc>:KeyVaultHandler:%8	[</harden/bcfiles/edk_bcfiles/KeyVault.bc>:KeyVaultHandler:%98, </harden/bcfiles/edk_bcfiles/KeyVault.bc>:KeyVaultHandler:%99]	0
</harden/bcfiles/edk_bcfiles/KeyVault.bc>:KeyVaultHandler:%98	</harden/bcfiles/edk_bcfiles/KeyVault.bc>:KeyVaultHandler:%8	[</harden/bcfiles/edk_bcfiles/KeyVault.bc>:KeyVaultHandler:%11, </harden/bcfiles/edk_bcfiles/KeyVault.bc>:KeyVaultHandler:%98]	0
</harden/bcfiles/edk_bcfiles/KeyVault.bc>:KeyVaultHandler:%97	</harden/bcfiles/edk_bcfiles/KeyVault.bc>:KeyVaultHandler:%8	[</harden/bcfiles/edk_bcfiles/KeyVault.bc>:KeyVaultHandler:%96, </harden/bcfiles/edk_bcfiles/KeyVault.bc>:KeyVaultHandler:%97]	1
</harden/bcfiles/edk_bcfiles/KeyVault.bc>:KeyVaultHandler:%96	</harden/bcfiles/edk_bcfiles/KeyVault.bc>:KeyVaultHandler:%8	[</harden/bcfiles/edk_bcfiles/KeyVault.bc>:KeyVaultHandler:%95, </harden/bcfiles/edk_bcfiles/KeyVault.bc>:KeyVaultHandler:%96]	0
</harden/bcfiles/edk_bcfiles/KeyVault.bc>:KeyVaultHandler:%95	</harden/bcfiles/edk_bcfiles/KeyVault.bc>:KeyVaultHandler:%8	[</harden/bcfiles/edk_bcfiles/KeyVault.bc>:KeyVaultHandler:%94, </harden/bcfiles/edk_bcfiles/KeyVault.bc>:KeyVaultHandler:%95]	0
</harden/bcfiles/edk_bcfiles/KeyVault.bc>:KeyVaultHandler:%93	</harden/bcfiles/edk_bcfiles/KeyVault.bc>:KeyVaultHandler:%8	[</harden/bcfiles/edk_bcfiles/KeyVault.bc>:KeyVaultHandler:%92, </harden/bcfiles/edk_bcfiles/KeyVault.bc>:KeyVaultHandler:%93]	1
</harden/bcfiles/edk_bcfiles/KeyVault.bc>:KeyVaultHandler:%89	</harden/bcfiles/edk_bcfiles/KeyVault.bc>:KeyVaultHandler:%8	[</harden/bcfiles/edk_bcfiles/KeyVault.bc>:KeyVaultHandler:%88, </harden/bcfiles/edk_bcfiles/KeyVault.bc>:KeyVaultHandler:%89]	1
</harden/bcfiles/edk_bcfiles/KeyVault.bc>:KeyVaultHandler:%88	</harden/bcfiles/edk_bcfiles/KeyVault.bc>:KeyVaultHandler:%8	[</harden/bcfiles/edk_bcfiles/KeyVault.bc>:KeyVaultHandler:%8, </harden/bcfiles/edk_bcfiles/KeyVault.bc>:KeyVaultHandler:%88]	0
</harden/bcfiles/edk_bcfiles/KeyVault.bc>:KeyVaultHandler:%87	</harden/bcfiles/edk_bcfiles/KeyVault.bc>:KeyVaultHandler:%8	[</harden/bcfiles/edk_bcfiles/KeyVault.bc>:KeyVaultHandler:%88, </harden/bcfiles/edk_bcfiles/KeyVault.bc>:KeyVaultHandler:%87]	1
</harden/bcfiles/edk_bcfiles/KeyVault.bc>:KeyVaultHandler:%84	</harden/bcfiles/edk_bcfiles/KeyVault.bc>:KeyVaultHandler:%8	[</harden/bcfiles/edk_bcfiles/KeyVault.bc>:KeyVaultHandler:%83, </harden/bcfiles/edk_bcfiles/KeyVault.bc>:KeyVaultHandler:%84]	0
</harden/bcfiles/edk_bcfiles/KeyVault.bc>:KeyVaultHandler:%83	</harden/bcfiles/edk_bcfiles/KeyVault.bc>:KeyVaultHandler:%8	[</harden/bcfiles/edk_bcfiles/KeyVault.bc>:KeyVaultHandler:%82, </harden/bcfiles/edk_bcfiles/KeyVault.bc>:KeyVaultHandler:%83]	0
</harden/bcfiles/edk_bcfiles/KeyVault.bc>:KeyVaultHandler:%92	</harden/bcfiles/edk_bcfiles/KeyVault.bc>:KeyVaultHandler:%8	[</harden/bcfiles/edk_bcfiles/KeyVault.bc>:KeyVaultHandler:%91, </harden/bcfiles/edk_bcfiles/KeyVault.bc>:KeyVaultHandler:%92]	0
</harden/bcfiles/edk_bcfiles/KeyVault.bc>:KeyVaultHandler:%66	</harden/bcfiles/edk_bcfiles/KeyVault.bc>:KeyVaultHandler:%8	[</harden/bcfiles/edk_bcfiles/KeyVault.bc>:KeyVaultHandler:%65, </harden/bcfiles/edk_bcfiles/KeyVault.bc>:KeyVaultHandler:%66]	1
</harden/bcfiles/edk_bcfiles/KeyVault.bc>:KeyVaultHandler:%68	</harden/bcfiles/edk_bcfiles/KeyVault.bc>:KeyVaultHandler:%8	[</harden/bcfiles/edk_bcfiles/KeyVault.bc>:KeyVaultHandler:%67, </harden/bcfiles/edk_bcfiles/KeyVault.bc>:KeyVaultHandler:%68]	0
</harden/bcfiles/edk_bcfiles/KeyVault.bc>:KeyVaultHandler:%65	</harden/bcfiles/edk_bcfiles/KeyVault.bc>:KeyVaultHandler:%8	[</harden/bcfiles/edk_bcfiles/KeyVault.bc>:KeyVaultHandler:%11, </harden/bcfiles/edk_bcfiles/KeyVault.bc>:KeyVaultHandler:%65]	0
</harden/bcfiles/edk_bcfiles/KeyVault.bc>:KeyVaultHandler:%64	</harden/bcfiles/edk_bcfiles/KeyVault.bc>:KeyVaultHandler:%9	[</harden/bcfiles/edk_bcfiles/KeyVault.bc>:KeyVaultHandler:%13, </harden/bcfiles/edk_bcfiles/KeyVault.bc>:KeyVaultHandler:%64]	0
</harden/bcfiles/edk_bcfiles/KeyVault.bc>:KeyVaultHandler:%67	</harden/bcfiles/edk_bcfiles/KeyVault.bc>:KeyVaultHandler:%8	[</harden/bcfiles/edk_bcfiles/KeyVault.bc>:KeyVaultHandler:%10, </harden/bcfiles/edk_bcfiles/KeyVault.bc>:KeyVaultHandler:%67]	0
</harden/bcfiles/edk_bcfiles/KeyVault.bc>:KeyVaultHandler:%59	</harden/bcfiles/edk_bcfiles/KeyVault.bc>:KeyVaultHandler:%8	[</harden/bcfiles/edk_bcfiles/KeyVault.bc>:KeyVaultHandler:%58, </harden/bcfiles/edk_bcfiles/KeyVault.bc>:KeyVaultHandler:%59]	0
</harden/bcfiles/edk_bcfiles/KeyVault.bc>:KeyVaultHandler:%58	</harden/bcfiles/edk_bcfiles/KeyVault.bc>:KeyVaultHandler:%8	[</harden/bcfiles/edk_bcfiles/KeyVault.bc>:KeyVaultHandler:%57, </harden/bcfiles/edk_bcfiles/KeyVault.bc>:KeyVaultHandler:%58]	0
</harden/bcfiles/edk_bcfiles/KeyVault.bc>:KeyVaultHandler:%52	</harden/bcfiles/edk_bcfiles/KeyVault.bc>:KeyVaultHandler:%9	[</harden/bcfiles/edk_bcfiles/KeyVault.bc>:KeyVaultHandler:%13, </harden/bcfiles/edk_bcfiles/KeyVault.bc>:KeyVaultHandler:%52]	0
</harden/bcfiles/edk_bcfiles/KeyVault.bc>:KeyVaultHandler:%91	</harden/bcfiles/edk_bcfiles/KeyVault.bc>:KeyVaultHandler:%8	[</harden/bcfiles/edk_bcfiles/KeyVault.bc>:KeyVaultHandler:%90, </harden/bcfiles/edk_bcfiles/KeyVault.bc>:KeyVaultHandler:%91]	0
</harden/bcfiles/edk_bcfiles/KeyVault.bc>:KeyVaultHandler:%86	</harden/bcfiles/edk_bcfiles/KeyVault.bc>:KeyVaultHandler:%8	[</harden/bcfiles/edk_bcfiles/KeyVault.bc>:KeyVaultHandler:%87, </harden/bcfiles/edk_bcfiles/KeyVault.bc>:KeyVaultHandler:%86]	0
</harden/bcfiles/edk_bcfiles/KeyVault.bc>:KeyVaultHandler:%82	</harden/bcfiles/edk_bcfiles/KeyVault.bc>:KeyVaultHandler:%8	[</harden/bcfiles/edk_bcfiles/KeyVault.bc>:KeyVaultHandler:%8, </harden/bcfiles/edk_bcfiles/KeyVault.bc>:KeyVaultHandler:%82]	0
</harden/bcfiles/edk_bcfiles/KeyVault.bc>:KeyVaultHandler:%42	</harden/bcfiles/edk_bcfiles/KeyVault.bc>:KeyVaultHandler:%9	[</harden/bcfiles/edk_bcfiles/KeyVault.bc>:KeyVaultHandler:%41, </harden/bcfiles/edk_bcfiles/KeyVault.bc>:KeyVaultHandler:%42]	0
</harden/bcfiles/edk_bcfiles/KeyVault.bc>:KeyVaultHandler:%90	</harden/bcfiles/edk_bcfiles/KeyVault.bc>:KeyVaultHandler:%8	[</harden/bcfiles/edk_bcfiles/KeyVault.bc>:KeyVaultHandler:%12, </harden/bcfiles/edk_bcfiles/KeyVault.bc>:KeyVaultHandler:%90]	0
</harden/bcfiles/edk_bcfiles/KeyVault.bc>:KeyVaultHandler:%41	</harden/bcfiles/edk_bcfiles/KeyVault.bc>:KeyVaultHandler:%9	[</harden/bcfiles/edk_bcfiles/KeyVault.bc>:KeyVaultHandler:%13, </harden/bcfiles/edk_bcfiles/KeyVault.bc>:KeyVaultHandler:%41]	0
</harden/bcfiles/edk_bcfiles/KeyVault.bc>:KeyVaultHandler:%40	</harden/bcfiles/edk_bcfiles/KeyVault.bc>:KeyVaultHandler:%8	[</harden/bcfiles/edk_bcfiles/KeyVault.bc>:KeyVaultHandler:%39, </harden/bcfiles/edk_bcfiles/KeyVault.bc>:KeyVaultHandler:%40]	0
</harden/bcfiles/edk_bcfiles/KeyVault.bc>:KeyVaultHandler:%39	</harden/bcfiles/edk_bcfiles/KeyVault.bc>:KeyVaultHandler:%8	[</harden/bcfiles/edk_bcfiles/KeyVault.bc>:KeyVaultHandler:%8, </harden/bcfiles/edk_bcfiles/KeyVault.bc>:KeyVaultHandler:%39]	0
</harden/bcfiles/edk_bcfiles/KeyVault.bc>:KeyVaultHandler:%38	</harden/bcfiles/edk_bcfiles/KeyVault.bc>:KeyVaultHandler:%9	[</harden/bcfiles/edk_bcfiles/KeyVault.bc>:KeyVaultHandler:%37, </harden/bcfiles/edk_bcfiles/KeyVault.bc>:KeyVaultHandler:%38]	0
</harden/bcfiles/edk_bcfiles/KeyVault.bc>:KeyVaultHandler:%37	</harden/bcfiles/edk_bcfiles/KeyVault.bc>:KeyVaultHandler:%9	[</harden/bcfiles/edk_bcfiles/KeyVault.bc>:KeyVaultHandler:%36, </harden/bcfiles/edk_bcfiles/KeyVault.bc>:KeyVaultHandler:%37]	0
</harden/bcfiles/edk_bcfiles/KeyVault.bc>:KeyVaultHandler:%57	</harden/bcfiles/edk_bcfiles/KeyVault.bc>:KeyVaultHandler:%8	[</harden/bcfiles/edk_bcfiles/KeyVault.bc>:KeyVaultHandler:%8, </harden/bcfiles/edk_bcfiles/KeyVault.bc>:KeyVaultHandler:%57]	0
</harden/bcfiles/edk_bcfiles/KeyVault.bc>:KeyVaultHandler:%36	</harden/bcfiles/edk_bcfiles/KeyVault.bc>:KeyVaultHandler:%9	[</harden/bcfiles/edk_bcfiles/KeyVault.bc>:KeyVaultHandler:%9, </harden/bcfiles/edk_bcfiles/KeyVault.bc>:KeyVaultHandler:%36]	0
</harden/bcfiles/edk_bcfiles/KeyVault.bc>:KeyVaultHandler:%34	</harden/bcfiles/edk_bcfiles/KeyVault.bc>:KeyVaultHandler:%8	[</harden/bcfiles/edk_bcfiles/KeyVault.bc>:KeyVaultHandler:%33, </harden/bcfiles/edk_bcfiles/KeyVault.bc>:KeyVaultHandler:%34]	0
</harden/bcfiles/edk_bcfiles/KeyVault.bc>:KeyVaultHandler:%32	</harden/bcfiles/edk_bcfiles/KeyVault.bc>:KeyVaultHandler:%8	[</harden/bcfiles/edk_bcfiles/KeyVault.bc>:KeyVaultHandler:%8, </harden/bcfiles/edk_bcfiles/KeyVault.bc>:KeyVaultHandler:%32]	0
</harden/bcfiles/edk_bcfiles/KeyVault.bc>:KeyVaultHandler:%122	</harden/bcfiles/edk_bcfiles/KeyVault.bc>:KeyVaultHandler:%8	[</harden/bcfiles/edk_bcfiles/KeyVault.bc>:KeyVaultHandler:%11, </harden/bcfiles/edk_bcfiles/KeyVault.bc>:KeyVaultHandler:%122]	0
</harden/bcfiles/edk_bcfiles/KeyVault.bc>:KeyVaultHandler:%94	</harden/bcfiles/edk_bcfiles/KeyVault.bc>:KeyVaultHandler:%8	[</harden/bcfiles/edk_bcfiles/KeyVault.bc>:KeyVaultHandler:%12, </harden/bcfiles/edk_bcfiles/KeyVault.bc>:KeyVaultHandler:%94]	0
</harden/bcfiles/edk_bcfiles/KeyVault.bc>:KeyVaultHandler:%18	</harden/bcfiles/edk_bcfiles/KeyVault.bc>:KeyVaultHandler:%9	[</harden/bcfiles/edk_bcfiles/KeyVault.bc>:KeyVaultHandler:%17, </harden/bcfiles/edk_bcfiles/KeyVault.bc>:KeyVaultHandler:%18]	0
</harden/bcfiles/edk_bcfiles/KeyVault.bc>:KeyVaultHandler:%17	</harden/bcfiles/edk_bcfiles/KeyVault.bc>:KeyVaultHandler:%9	[</harden/bcfiles/edk_bcfiles/KeyVault.bc>:KeyVaultHandler:%9, </harden/bcfiles/edk_bcfiles/KeyVault.bc>:KeyVaultHandler:%17]	0
</harden/bcfiles/edk_bcfiles/KeyVault.bc>:KeyVaultHandler:%15	</harden/bcfiles/edk_bcfiles/KeyVault.bc>:KeyVaultHandler:%8	[</harden/bcfiles/edk_bcfiles/KeyVault.bc>:KeyVaultHandler:%14, </harden/bcfiles/edk_bcfiles/KeyVault.bc>:KeyVaultHandler:%15]	0
</harden/bcfiles/edk_bcfiles/KeyVault.bc>:KeyVaultHandler:%14	</harden/bcfiles/edk_bcfiles/KeyVault.bc>:KeyVaultHandler:%8	[</harden/bcfiles/edk_bcfiles/KeyVault.bc>:KeyVaultHandler:%8, </harden/bcfiles/edk_bcfiles/KeyVault.bc>:KeyVaultHandler:%14]	0
</harden/bcfiles/edk_bcfiles/KeyVault.bc>:KeyVaultHandler:%124	</harden/bcfiles/edk_bcfiles/KeyVault.bc>:KeyVaultHandler:%8	[</harden/bcfiles/edk_bcfiles/KeyVault.bc>:KeyVaultHandler:%123, </harden/bcfiles/edk_bcfiles/KeyVault.bc>:KeyVaultHandler:%124]	1
</harden/bcfiles/edk_bcfiles/KeyVault.bc>:KeyVaultHandler:%33	</harden/bcfiles/edk_bcfiles/KeyVault.bc>:KeyVaultHandler:%8	[</harden/bcfiles/edk_bcfiles/KeyVault.bc>:KeyVaultHandler:%32, </harden/bcfiles/edk_bcfiles/KeyVault.bc>:KeyVaultHandler:%33]	0
</harden/bcfiles/edk_bcfiles/KeyVault.bc>:KeyVaultHandler:%13	</harden/bcfiles/edk_bcfiles/KeyVault.bc>:KeyVaultHandler:%9	[</harden/bcfiles/edk_bcfiles/KeyVault.bc>:KeyVaultHandler:%38, </harden/bcfiles/edk_bcfiles/KeyVault.bc>:KeyVaultHandler:%13]	0
</harden/bcfiles/edk_bcfiles/KeyVault.bc>:KeyVaultHandler:%12	</harden/bcfiles/edk_bcfiles/KeyVault.bc>:KeyVaultHandler:%8	[</harden/bcfiles/edk_bcfiles/KeyVault.bc>:KeyVaultHandler:%40, </harden/bcfiles/edk_bcfiles/KeyVault.bc>:KeyVaultHandler:%12]	0
</harden/bcfiles/edk_bcfiles/KeyVault.bc>:KeyVaultHandler:%10	</harden/bcfiles/edk_bcfiles/KeyVault.bc>:KeyVaultHandler:%8	[</harden/bcfiles/edk_bcfiles/KeyVault.bc>:KeyVaultHandler:%107, </harden/bcfiles/edk_bcfiles/KeyVault.bc>:KeyVaultHandler:%10]	0
</harden/bcfiles/edk_bcfiles/KeyVault.bc>:KeyVaultHandler:%9	</harden/bcfiles/edk_bcfiles/KeyVault.bc>:KeyVaultHandler:%9	[</harden/bcfiles/edk_bcfiles/KeyVault.bc>:KeyVaultHandler:%9, </harden/bcfiles/edk_bcfiles/KeyVault.bc>:KeyVaultHandler:%9]	0
</harden/bcfiles/edk_bcfiles/KeyVault.bc>:KeyVaultHandler:%8	</harden/bcfiles/edk_bcfiles/KeyVault.bc>:KeyVaultHandler:%8	[</harden/bcfiles/edk_bcfiles/KeyVault.bc>:KeyVaultHandler:%8, </harden/bcfiles/edk_bcfiles/KeyVault.bc>:KeyVaultHandler:%8]	0
</harden/bcfiles/edk_bcfiles/KeyVault.bc>:KeyVaultHandler:%11	</harden/bcfiles/edk_bcfiles/KeyVault.bc>:KeyVaultHandler:%8	[</harden/bcfiles/edk_bcfiles/KeyVault.bc>:KeyVaultHandler:%86, </harden/bcfiles/edk_bcfiles/KeyVault.bc>:KeyVaultHandler:%11]	0
