</harden/bcfiles/edk_bcfiles/KeyVault.bc>:CheckKeyMatches:7	</harden/bcfiles/edk_bcfiles/KeyVault.bc>:llvm.dbg.declare	</harden/bcfiles/edk_bcfiles/KeyVault.bc>:CheckKeyMatches:!DIExpression()	2
</harden/bcfiles/edk_bcfiles/KeyVault.bc>:CheckKeyMatches:7	</harden/bcfiles/edk_bcfiles/KeyVault.bc>:llvm.dbg.declare	</harden/bcfiles/edk_bcfiles/KeyVault.bc>:CheckKeyMatches:!173	1
</harden/bcfiles/edk_bcfiles/KeyVault.bc>:CheckKeyMatches:7	</harden/bcfiles/edk_bcfiles/KeyVault.bc>:llvm.dbg.declare	</harden/bcfiles/edk_bcfiles/KeyVault.bc>:CheckKeyMatches:i64* %7	0
</harden/bcfiles/edk_bcfiles/KeyVault.bc>:CheckKeyMatches:9	</harden/bcfiles/edk_bcfiles/KeyVault.bc>:llvm.dbg.declare	</harden/bcfiles/edk_bcfiles/KeyVault.bc>:CheckKeyMatches:!DIExpression()	2
</harden/bcfiles/edk_bcfiles/KeyVault.bc>:CheckKeyMatches:9	</harden/bcfiles/edk_bcfiles/KeyVault.bc>:llvm.dbg.declare	</harden/bcfiles/edk_bcfiles/KeyVault.bc>:CheckKeyMatches:i8** %8	0
</harden/bcfiles/edk_bcfiles/KeyVault.bc>:CheckKeyMatches:9	</harden/bcfiles/edk_bcfiles/KeyVault.bc>:llvm.dbg.declare	</harden/bcfiles/edk_bcfiles/KeyVault.bc>:CheckKeyMatches:!175	1
</harden/bcfiles/edk_bcfiles/KeyVault.bc>:CheckKeyMatches:11	</harden/bcfiles/edk_bcfiles/KeyVault.bc>:llvm.dbg.declare	</harden/bcfiles/edk_bcfiles/KeyVault.bc>:CheckKeyMatches:!177	1
</harden/bcfiles/edk_bcfiles/KeyVault.bc>:CheckKeyMatches:11	</harden/bcfiles/edk_bcfiles/KeyVault.bc>:llvm.dbg.declare	</harden/bcfiles/edk_bcfiles/KeyVault.bc>:CheckKeyMatches:!DIExpression()	2
</harden/bcfiles/edk_bcfiles/KeyVault.bc>:CheckKeyMatches:11	</harden/bcfiles/edk_bcfiles/KeyVault.bc>:llvm.dbg.declare	</harden/bcfiles/edk_bcfiles/KeyVault.bc>:CheckKeyMatches:i8** %9	0
</harden/bcfiles/edk_bcfiles/KeyVault.bc>:CheckKeyMatches:13	</harden/bcfiles/edk_bcfiles/KeyVault.bc>:llvm.dbg.declare	</harden/bcfiles/edk_bcfiles/KeyVault.bc>:CheckKeyMatches:!DIExpression()	2
</harden/bcfiles/edk_bcfiles/KeyVault.bc>:CheckKeyMatches:13	</harden/bcfiles/edk_bcfiles/KeyVault.bc>:llvm.dbg.declare	</harden/bcfiles/edk_bcfiles/KeyVault.bc>:CheckKeyMatches:!179	1
</harden/bcfiles/edk_bcfiles/KeyVault.bc>:CheckKeyMatches:13	</harden/bcfiles/edk_bcfiles/KeyVault.bc>:llvm.dbg.declare	</harden/bcfiles/edk_bcfiles/KeyVault.bc>:CheckKeyMatches:i64* %10	0
</harden/bcfiles/edk_bcfiles/KeyVault.bc>:CheckKeyMatches:15	</harden/bcfiles/edk_bcfiles/KeyVault.bc>:llvm.dbg.declare	</harden/bcfiles/edk_bcfiles/KeyVault.bc>:CheckKeyMatches:!181	1
</harden/bcfiles/edk_bcfiles/KeyVault.bc>:CheckKeyMatches:15	</harden/bcfiles/edk_bcfiles/KeyVault.bc>:llvm.dbg.declare	</harden/bcfiles/edk_bcfiles/KeyVault.bc>:CheckKeyMatches:%struct.GUID** %11	0
</harden/bcfiles/edk_bcfiles/KeyVault.bc>:CheckKeyMatches:15	</harden/bcfiles/edk_bcfiles/KeyVault.bc>:llvm.dbg.declare	</harden/bcfiles/edk_bcfiles/KeyVault.bc>:CheckKeyMatches:!DIExpression()	2
</harden/bcfiles/edk_bcfiles/KeyVault.bc>:CheckKeyMatches:22	</harden/bcfiles/edk_bcfiles/KeyVault.bc>:CompareMem	</harden/bcfiles/edk_bcfiles/KeyVault.bc>:CheckKeyMatches:%13	0
</harden/bcfiles/edk_bcfiles/KeyVault.bc>:CheckKeyMatches:22	</harden/bcfiles/edk_bcfiles/KeyVault.bc>:CompareMem	</harden/bcfiles/edk_bcfiles/KeyVault.bc>:CheckKeyMatches:%17	1
</harden/bcfiles/edk_bcfiles/KeyVault.bc>:CheckKeyMatches:22	</harden/bcfiles/edk_bcfiles/KeyVault.bc>:CompareMem	</harden/bcfiles/edk_bcfiles/KeyVault.bc>:CheckKeyMatches:22:1:16	2
</harden/bcfiles/edk_bcfiles/KeyVault.bc>:CheckKeyMatches:33	</harden/bcfiles/edk_bcfiles/KeyVault.bc>:CompareMem	</harden/bcfiles/edk_bcfiles/KeyVault.bc>:CheckKeyMatches:%22	0
</harden/bcfiles/edk_bcfiles/KeyVault.bc>:CheckKeyMatches:33	</harden/bcfiles/edk_bcfiles/KeyVault.bc>:CompareMem	</harden/bcfiles/edk_bcfiles/KeyVault.bc>:CheckKeyMatches:%27	2
</harden/bcfiles/edk_bcfiles/KeyVault.bc>:CheckKeyMatches:33	</harden/bcfiles/edk_bcfiles/KeyVault.bc>:CompareMem	</harden/bcfiles/edk_bcfiles/KeyVault.bc>:CheckKeyMatches:%26	1
</harden/bcfiles/edk_bcfiles/KeyVault.bc>:CheckKeyMatches:43	</harden/bcfiles/edk_bcfiles/KeyVault.bc>:CompareMem	</harden/bcfiles/edk_bcfiles/KeyVault.bc>:CheckKeyMatches:%36	1
</harden/bcfiles/edk_bcfiles/KeyVault.bc>:CheckKeyMatches:43	</harden/bcfiles/edk_bcfiles/KeyVault.bc>:CompareMem	</harden/bcfiles/edk_bcfiles/KeyVault.bc>:CheckKeyMatches:%32	0
</harden/bcfiles/edk_bcfiles/KeyVault.bc>:CheckKeyMatches:43	</harden/bcfiles/edk_bcfiles/KeyVault.bc>:CompareMem	</harden/bcfiles/edk_bcfiles/KeyVault.bc>:CheckKeyMatches:43:1:32	2
</harden/bcfiles/edk_bcfiles/KeyVault.bc>:CreateVaultKey:7	</harden/bcfiles/edk_bcfiles/KeyVault.bc>:llvm.dbg.declare	</harden/bcfiles/edk_bcfiles/KeyVault.bc>:CreateVaultKey:!DIExpression()	2
</harden/bcfiles/edk_bcfiles/KeyVault.bc>:CreateVaultKey:7	</harden/bcfiles/edk_bcfiles/KeyVault.bc>:llvm.dbg.declare	</harden/bcfiles/edk_bcfiles/KeyVault.bc>:CreateVaultKey:!198	1
</harden/bcfiles/edk_bcfiles/KeyVault.bc>:CreateVaultKey:7	</harden/bcfiles/edk_bcfiles/KeyVault.bc>:llvm.dbg.declare	</harden/bcfiles/edk_bcfiles/KeyVault.bc>:CreateVaultKey:%struct.KEY_VAULT_COMM** %3	0
</harden/bcfiles/edk_bcfiles/KeyVault.bc>:CreateVaultKey:8	</harden/bcfiles/edk_bcfiles/KeyVault.bc>:llvm.dbg.declare	</harden/bcfiles/edk_bcfiles/KeyVault.bc>:CreateVaultKey:!200	1
</harden/bcfiles/edk_bcfiles/KeyVault.bc>:CreateVaultKey:8	</harden/bcfiles/edk_bcfiles/KeyVault.bc>:llvm.dbg.declare	</harden/bcfiles/edk_bcfiles/KeyVault.bc>:CreateVaultKey:i64* %4	0
</harden/bcfiles/edk_bcfiles/KeyVault.bc>:CreateVaultKey:8	</harden/bcfiles/edk_bcfiles/KeyVault.bc>:llvm.dbg.declare	</harden/bcfiles/edk_bcfiles/KeyVault.bc>:CreateVaultKey:!DIExpression()	2
</harden/bcfiles/edk_bcfiles/KeyVault.bc>:CreateVaultKey:9	</harden/bcfiles/edk_bcfiles/KeyVault.bc>:llvm.dbg.declare	</harden/bcfiles/edk_bcfiles/KeyVault.bc>:CreateVaultKey:!202	1
</harden/bcfiles/edk_bcfiles/KeyVault.bc>:CreateVaultKey:9	</harden/bcfiles/edk_bcfiles/KeyVault.bc>:llvm.dbg.declare	</harden/bcfiles/edk_bcfiles/KeyVault.bc>:CreateVaultKey:i64* %5	0
</harden/bcfiles/edk_bcfiles/KeyVault.bc>:CreateVaultKey:9	</harden/bcfiles/edk_bcfiles/KeyVault.bc>:llvm.dbg.declare	</harden/bcfiles/edk_bcfiles/KeyVault.bc>:CreateVaultKey:!DIExpression()	2
</harden/bcfiles/edk_bcfiles/KeyVault.bc>:CreateVaultKey:10	</harden/bcfiles/edk_bcfiles/KeyVault.bc>:llvm.dbg.declare	</harden/bcfiles/edk_bcfiles/KeyVault.bc>:CreateVaultKey:!204	1
</harden/bcfiles/edk_bcfiles/KeyVault.bc>:CreateVaultKey:10	</harden/bcfiles/edk_bcfiles/KeyVault.bc>:llvm.dbg.declare	</harden/bcfiles/edk_bcfiles/KeyVault.bc>:CreateVaultKey:!DIExpression()	2
</harden/bcfiles/edk_bcfiles/KeyVault.bc>:CreateVaultKey:10	</harden/bcfiles/edk_bcfiles/KeyVault.bc>:llvm.dbg.declare	</harden/bcfiles/edk_bcfiles/KeyVault.bc>:CreateVaultKey:i64* %6	0
</harden/bcfiles/edk_bcfiles/KeyVault.bc>:CreateVaultKey:11	</harden/bcfiles/edk_bcfiles/KeyVault.bc>:llvm.dbg.declare	</harden/bcfiles/edk_bcfiles/KeyVault.bc>:CreateVaultKey:[32 x i8]* %7	0
</harden/bcfiles/edk_bcfiles/KeyVault.bc>:CreateVaultKey:11	</harden/bcfiles/edk_bcfiles/KeyVault.bc>:llvm.dbg.declare	</harden/bcfiles/edk_bcfiles/KeyVault.bc>:CreateVaultKey:!DIExpression()	2
</harden/bcfiles/edk_bcfiles/KeyVault.bc>:CreateVaultKey:11	</harden/bcfiles/edk_bcfiles/KeyVault.bc>:llvm.dbg.declare	</harden/bcfiles/edk_bcfiles/KeyVault.bc>:CreateVaultKey:!206	1
</harden/bcfiles/edk_bcfiles/KeyVault.bc>:CreateVaultKey:21	</harden/bcfiles/edk_bcfiles/KeyVault.bc>:DebugPrintLevelEnabled	</harden/bcfiles/edk_bcfiles/KeyVault.bc>:CreateVaultKey:21:1:2147483648	0
</harden/bcfiles/edk_bcfiles/KeyVault.bc>:CreateVaultKey:24	</harden/bcfiles/edk_bcfiles/KeyVault.bc>:DebugPrint	</harden/bcfiles/edk_bcfiles/KeyVault.bc>:CreateVaultKey:24:1:2147483648	0
</harden/bcfiles/edk_bcfiles/KeyVault.bc>:CreateVaultKey:24	</harden/bcfiles/edk_bcfiles/KeyVault.bc>:DebugPrint	</harden/bcfiles/edk_bcfiles/KeyVault.bc>:CreateVaultKey:24:2:getelementptr inbounds ([48 x i8], [48 x i8]* @.str, i64 0, i64 0)	1
</harden/bcfiles/edk_bcfiles/KeyVault.bc>:CreateVaultKey:24	</harden/bcfiles/edk_bcfiles/KeyVault.bc>:DebugPrint	</harden/bcfiles/edk_bcfiles/KeyVault.bc>:CreateVaultKey:24:6:getelementptr inbounds ([15 x i8], [15 x i8]* @__func__.CreateVaultKey, i64 0, i64 0)	2
</harden/bcfiles/edk_bcfiles/KeyVault.bc>:CreateVaultKey:34	</harden/bcfiles/edk_bcfiles/KeyVault.bc>:AsciiStrLen	</harden/bcfiles/edk_bcfiles/KeyVault.bc>:CreateVaultKey:%27	0
</harden/bcfiles/edk_bcfiles/KeyVault.bc>:CreateVaultKey:43	</harden/bcfiles/edk_bcfiles/KeyVault.bc>:DebugPrintLevelEnabled	</harden/bcfiles/edk_bcfiles/KeyVault.bc>:CreateVaultKey:43:1:2147483648	0
</harden/bcfiles/edk_bcfiles/KeyVault.bc>:CreateVaultKey:46	</harden/bcfiles/edk_bcfiles/KeyVault.bc>:DebugPrint	</harden/bcfiles/edk_bcfiles/KeyVault.bc>:CreateVaultKey:46:1:2147483648	0
</harden/bcfiles/edk_bcfiles/KeyVault.bc>:CreateVaultKey:46	</harden/bcfiles/edk_bcfiles/KeyVault.bc>:DebugPrint	</harden/bcfiles/edk_bcfiles/KeyVault.bc>:CreateVaultKey:46:2:getelementptr inbounds ([31 x i8], [31 x i8]* @.str.1, i64 0, i64 0)	1
</harden/bcfiles/edk_bcfiles/KeyVault.bc>:CreateVaultKey:46	</harden/bcfiles/edk_bcfiles/KeyVault.bc>:DebugPrint	</harden/bcfiles/edk_bcfiles/KeyVault.bc>:CreateVaultKey:46:6:getelementptr inbounds ([15 x i8], [15 x i8]* @__func__.CreateVaultKey, i64 0, i64 0)	2
</harden/bcfiles/edk_bcfiles/KeyVault.bc>:CreateVaultKey:56	</harden/bcfiles/edk_bcfiles/KeyVault.bc>:AsciiStrLen	</harden/bcfiles/edk_bcfiles/KeyVault.bc>:CreateVaultKey:%46	0
</harden/bcfiles/edk_bcfiles/KeyVault.bc>:CreateVaultKey:65	</harden/bcfiles/edk_bcfiles/KeyVault.bc>:DebugPrintLevelEnabled	</harden/bcfiles/edk_bcfiles/KeyVault.bc>:CreateVaultKey:65:1:2147483648	0
</harden/bcfiles/edk_bcfiles/KeyVault.bc>:CreateVaultKey:68	</harden/bcfiles/edk_bcfiles/KeyVault.bc>:DebugPrint	</harden/bcfiles/edk_bcfiles/KeyVault.bc>:CreateVaultKey:68:1:2147483648	0
</harden/bcfiles/edk_bcfiles/KeyVault.bc>:CreateVaultKey:68	</harden/bcfiles/edk_bcfiles/KeyVault.bc>:DebugPrint	</harden/bcfiles/edk_bcfiles/KeyVault.bc>:CreateVaultKey:68:2:getelementptr inbounds ([31 x i8], [31 x i8]* @.str.2, i64 0, i64 0)	1
</harden/bcfiles/edk_bcfiles/KeyVault.bc>:CreateVaultKey:68	</harden/bcfiles/edk_bcfiles/KeyVault.bc>:DebugPrint	</harden/bcfiles/edk_bcfiles/KeyVault.bc>:CreateVaultKey:68:6:getelementptr inbounds ([15 x i8], [15 x i8]* @__func__.CreateVaultKey, i64 0, i64 0)	2
</harden/bcfiles/edk_bcfiles/KeyVault.bc>:CreateVaultKey:77	</harden/bcfiles/edk_bcfiles/KeyVault.bc>:llvm.cttz.i64	</harden/bcfiles/edk_bcfiles/KeyVault.bc>:CreateVaultKey:%64	0
</harden/bcfiles/edk_bcfiles/KeyVault.bc>:CreateVaultKey:77	</harden/bcfiles/edk_bcfiles/KeyVault.bc>:llvm.cttz.i64	</harden/bcfiles/edk_bcfiles/KeyVault.bc>:CreateVaultKey:77:1:true	1
</harden/bcfiles/edk_bcfiles/KeyVault.bc>:CreateVaultKey:94	</harden/bcfiles/edk_bcfiles/KeyVault.bc>:CalculateHash	</harden/bcfiles/edk_bcfiles/KeyVault.bc>:CreateVaultKey:%79	2
</harden/bcfiles/edk_bcfiles/KeyVault.bc>:CreateVaultKey:94	</harden/bcfiles/edk_bcfiles/KeyVault.bc>:CalculateHash	</harden/bcfiles/edk_bcfiles/KeyVault.bc>:CreateVaultKey:%76	0
</harden/bcfiles/edk_bcfiles/KeyVault.bc>:CreateVaultKey:94	</harden/bcfiles/edk_bcfiles/KeyVault.bc>:CalculateHash	</harden/bcfiles/edk_bcfiles/KeyVault.bc>:CreateVaultKey:%77	1
</harden/bcfiles/edk_bcfiles/KeyVault.bc>:CreateVaultKey:100	</harden/bcfiles/edk_bcfiles/KeyVault.bc>:CopyMem	</harden/bcfiles/edk_bcfiles/KeyVault.bc>:CreateVaultKey:%84	1
</harden/bcfiles/edk_bcfiles/KeyVault.bc>:CreateVaultKey:100	</harden/bcfiles/edk_bcfiles/KeyVault.bc>:CopyMem	</harden/bcfiles/edk_bcfiles/KeyVault.bc>:CreateVaultKey:%83	0
</harden/bcfiles/edk_bcfiles/KeyVault.bc>:CreateVaultKey:100	</harden/bcfiles/edk_bcfiles/KeyVault.bc>:CopyMem	</harden/bcfiles/edk_bcfiles/KeyVault.bc>:CreateVaultKey:100:1:32	2
</harden/bcfiles/edk_bcfiles/KeyVault.bc>:CreateVaultKey:104	</harden/bcfiles/edk_bcfiles/KeyVault.bc>:SetMem	</harden/bcfiles/edk_bcfiles/KeyVault.bc>:CreateVaultKey:%88	0
</harden/bcfiles/edk_bcfiles/KeyVault.bc>:CreateVaultKey:104	</harden/bcfiles/edk_bcfiles/KeyVault.bc>:SetMem	</harden/bcfiles/edk_bcfiles/KeyVault.bc>:CreateVaultKey:104:1:64	1
</harden/bcfiles/edk_bcfiles/KeyVault.bc>:CreateVaultKey:104	</harden/bcfiles/edk_bcfiles/KeyVault.bc>:SetMem	</harden/bcfiles/edk_bcfiles/KeyVault.bc>:CreateVaultKey:104:2:0	2
</harden/bcfiles/edk_bcfiles/KeyVault.bc>:CreateVaultKey:106	</harden/bcfiles/edk_bcfiles/KeyVault.bc>:SetMem	</harden/bcfiles/edk_bcfiles/KeyVault.bc>:CreateVaultKey:%90	0
</harden/bcfiles/edk_bcfiles/KeyVault.bc>:CreateVaultKey:106	</harden/bcfiles/edk_bcfiles/KeyVault.bc>:SetMem	</harden/bcfiles/edk_bcfiles/KeyVault.bc>:CreateVaultKey:106:1:32	1
</harden/bcfiles/edk_bcfiles/KeyVault.bc>:CreateVaultKey:106	</harden/bcfiles/edk_bcfiles/KeyVault.bc>:SetMem	</harden/bcfiles/edk_bcfiles/KeyVault.bc>:CreateVaultKey:106:2:0	2
</harden/bcfiles/edk_bcfiles/KeyVault.bc>:CreateVaultKey:114	</harden/bcfiles/edk_bcfiles/KeyVault.bc>:CopyMem	</harden/bcfiles/edk_bcfiles/KeyVault.bc>:CreateVaultKey:%95	0
</harden/bcfiles/edk_bcfiles/KeyVault.bc>:CreateVaultKey:114	</harden/bcfiles/edk_bcfiles/KeyVault.bc>:CopyMem	</harden/bcfiles/edk_bcfiles/KeyVault.bc>:CreateVaultKey:%98	1
</harden/bcfiles/edk_bcfiles/KeyVault.bc>:CreateVaultKey:114	</harden/bcfiles/edk_bcfiles/KeyVault.bc>:CopyMem	</harden/bcfiles/edk_bcfiles/KeyVault.bc>:CreateVaultKey:114:1:64	2
</harden/bcfiles/edk_bcfiles/KeyVault.bc>:CreateVaultKey:118	</harden/bcfiles/edk_bcfiles/KeyVault.bc>:SetMem	</harden/bcfiles/edk_bcfiles/KeyVault.bc>:CreateVaultKey:%102	0
</harden/bcfiles/edk_bcfiles/KeyVault.bc>:CreateVaultKey:118	</harden/bcfiles/edk_bcfiles/KeyVault.bc>:SetMem	</harden/bcfiles/edk_bcfiles/KeyVault.bc>:CreateVaultKey:118:1:64	1
</harden/bcfiles/edk_bcfiles/KeyVault.bc>:CreateVaultKey:118	</harden/bcfiles/edk_bcfiles/KeyVault.bc>:SetMem	</harden/bcfiles/edk_bcfiles/KeyVault.bc>:CreateVaultKey:118:2:0	2
</harden/bcfiles/edk_bcfiles/KeyVault.bc>:CreateVaultKey:126	</harden/bcfiles/edk_bcfiles/KeyVault.bc>:CopyMem	</harden/bcfiles/edk_bcfiles/KeyVault.bc>:CreateVaultKey:%107	0
</harden/bcfiles/edk_bcfiles/KeyVault.bc>:CreateVaultKey:126	</harden/bcfiles/edk_bcfiles/KeyVault.bc>:CopyMem	</harden/bcfiles/edk_bcfiles/KeyVault.bc>:CreateVaultKey:%110	1
</harden/bcfiles/edk_bcfiles/KeyVault.bc>:CreateVaultKey:126	</harden/bcfiles/edk_bcfiles/KeyVault.bc>:CopyMem	</harden/bcfiles/edk_bcfiles/KeyVault.bc>:CreateVaultKey:126:1:16	2
</harden/bcfiles/edk_bcfiles/KeyVault.bc>:CreateVaultKey:135	</harden/bcfiles/edk_bcfiles/KeyVault.bc>:CopyMem	</harden/bcfiles/edk_bcfiles/KeyVault.bc>:CreateVaultKey:%118	1
</harden/bcfiles/edk_bcfiles/KeyVault.bc>:CreateVaultKey:135	</harden/bcfiles/edk_bcfiles/KeyVault.bc>:CopyMem	</harden/bcfiles/edk_bcfiles/KeyVault.bc>:CreateVaultKey:%115	0
</harden/bcfiles/edk_bcfiles/KeyVault.bc>:CreateVaultKey:135	</harden/bcfiles/edk_bcfiles/KeyVault.bc>:CopyMem	</harden/bcfiles/edk_bcfiles/KeyVault.bc>:CreateVaultKey:%119	2
</harden/bcfiles/edk_bcfiles/KeyVault.bc>:ReadVaultKey:9	</harden/bcfiles/edk_bcfiles/KeyVault.bc>:llvm.dbg.declare	</harden/bcfiles/edk_bcfiles/KeyVault.bc>:ReadVaultKey:!DIExpression()	2
</harden/bcfiles/edk_bcfiles/KeyVault.bc>:ReadVaultKey:9	</harden/bcfiles/edk_bcfiles/KeyVault.bc>:llvm.dbg.declare	</harden/bcfiles/edk_bcfiles/KeyVault.bc>:ReadVaultKey:!266	1
</harden/bcfiles/edk_bcfiles/KeyVault.bc>:ReadVaultKey:9	</harden/bcfiles/edk_bcfiles/KeyVault.bc>:llvm.dbg.declare	</harden/bcfiles/edk_bcfiles/KeyVault.bc>:ReadVaultKey:%struct.KEY_VAULT_COMM** %4	0
</harden/bcfiles/edk_bcfiles/KeyVault.bc>:ReadVaultKey:11	</harden/bcfiles/edk_bcfiles/KeyVault.bc>:llvm.dbg.declare	</harden/bcfiles/edk_bcfiles/KeyVault.bc>:ReadVaultKey:!268	1
</harden/bcfiles/edk_bcfiles/KeyVault.bc>:ReadVaultKey:11	</harden/bcfiles/edk_bcfiles/KeyVault.bc>:llvm.dbg.declare	</harden/bcfiles/edk_bcfiles/KeyVault.bc>:ReadVaultKey:%struct.KEY_VAULT_COMM** %5	0
</harden/bcfiles/edk_bcfiles/KeyVault.bc>:ReadVaultKey:11	</harden/bcfiles/edk_bcfiles/KeyVault.bc>:llvm.dbg.declare	</harden/bcfiles/edk_bcfiles/KeyVault.bc>:ReadVaultKey:!DIExpression()	2
</harden/bcfiles/edk_bcfiles/KeyVault.bc>:ReadVaultKey:12	</harden/bcfiles/edk_bcfiles/KeyVault.bc>:llvm.dbg.declare	</harden/bcfiles/edk_bcfiles/KeyVault.bc>:ReadVaultKey:!270	1
</harden/bcfiles/edk_bcfiles/KeyVault.bc>:ReadVaultKey:12	</harden/bcfiles/edk_bcfiles/KeyVault.bc>:llvm.dbg.declare	</harden/bcfiles/edk_bcfiles/KeyVault.bc>:ReadVaultKey:i64* %6	0
</harden/bcfiles/edk_bcfiles/KeyVault.bc>:ReadVaultKey:12	</harden/bcfiles/edk_bcfiles/KeyVault.bc>:llvm.dbg.declare	</harden/bcfiles/edk_bcfiles/KeyVault.bc>:ReadVaultKey:!DIExpression()	2
</harden/bcfiles/edk_bcfiles/KeyVault.bc>:ReadVaultKey:13	</harden/bcfiles/edk_bcfiles/KeyVault.bc>:llvm.dbg.declare	</harden/bcfiles/edk_bcfiles/KeyVault.bc>:ReadVaultKey:!272	1
</harden/bcfiles/edk_bcfiles/KeyVault.bc>:ReadVaultKey:13	</harden/bcfiles/edk_bcfiles/KeyVault.bc>:llvm.dbg.declare	</harden/bcfiles/edk_bcfiles/KeyVault.bc>:ReadVaultKey:i64* %7	0
</harden/bcfiles/edk_bcfiles/KeyVault.bc>:ReadVaultKey:13	</harden/bcfiles/edk_bcfiles/KeyVault.bc>:llvm.dbg.declare	</harden/bcfiles/edk_bcfiles/KeyVault.bc>:ReadVaultKey:!DIExpression()	2
</harden/bcfiles/edk_bcfiles/KeyVault.bc>:ReadVaultKey:14	</harden/bcfiles/edk_bcfiles/KeyVault.bc>:llvm.dbg.declare	</harden/bcfiles/edk_bcfiles/KeyVault.bc>:ReadVaultKey:!274	1
</harden/bcfiles/edk_bcfiles/KeyVault.bc>:ReadVaultKey:14	</harden/bcfiles/edk_bcfiles/KeyVault.bc>:llvm.dbg.declare	</harden/bcfiles/edk_bcfiles/KeyVault.bc>:ReadVaultKey:i64* %8	0
</harden/bcfiles/edk_bcfiles/KeyVault.bc>:ReadVaultKey:14	</harden/bcfiles/edk_bcfiles/KeyVault.bc>:llvm.dbg.declare	</harden/bcfiles/edk_bcfiles/KeyVault.bc>:ReadVaultKey:!DIExpression()	2
</harden/bcfiles/edk_bcfiles/KeyVault.bc>:ReadVaultKey:15	</harden/bcfiles/edk_bcfiles/KeyVault.bc>:llvm.dbg.declare	</harden/bcfiles/edk_bcfiles/KeyVault.bc>:ReadVaultKey:!276	1
</harden/bcfiles/edk_bcfiles/KeyVault.bc>:ReadVaultKey:15	</harden/bcfiles/edk_bcfiles/KeyVault.bc>:llvm.dbg.declare	</harden/bcfiles/edk_bcfiles/KeyVault.bc>:ReadVaultKey:i64* %9	0
</harden/bcfiles/edk_bcfiles/KeyVault.bc>:ReadVaultKey:15	</harden/bcfiles/edk_bcfiles/KeyVault.bc>:llvm.dbg.declare	</harden/bcfiles/edk_bcfiles/KeyVault.bc>:ReadVaultKey:!DIExpression()	2
</harden/bcfiles/edk_bcfiles/KeyVault.bc>:ReadVaultKey:16	</harden/bcfiles/edk_bcfiles/KeyVault.bc>:llvm.dbg.declare	</harden/bcfiles/edk_bcfiles/KeyVault.bc>:ReadVaultKey:!278	1
</harden/bcfiles/edk_bcfiles/KeyVault.bc>:ReadVaultKey:16	</harden/bcfiles/edk_bcfiles/KeyVault.bc>:llvm.dbg.declare	</harden/bcfiles/edk_bcfiles/KeyVault.bc>:ReadVaultKey:[32 x i8]* %10	0
</harden/bcfiles/edk_bcfiles/KeyVault.bc>:ReadVaultKey:16	</harden/bcfiles/edk_bcfiles/KeyVault.bc>:llvm.dbg.declare	</harden/bcfiles/edk_bcfiles/KeyVault.bc>:ReadVaultKey:!DIExpression()	2
</harden/bcfiles/edk_bcfiles/KeyVault.bc>:ReadVaultKey:20	</harden/bcfiles/edk_bcfiles/KeyVault.bc>:AsciiStrLen	</harden/bcfiles/edk_bcfiles/KeyVault.bc>:ReadVaultKey:%13	0
</harden/bcfiles/edk_bcfiles/KeyVault.bc>:ReadVaultKey:29	</harden/bcfiles/edk_bcfiles/KeyVault.bc>:DebugPrintLevelEnabled	</harden/bcfiles/edk_bcfiles/KeyVault.bc>:ReadVaultKey:29:1:2147483648	0
</harden/bcfiles/edk_bcfiles/KeyVault.bc>:ReadVaultKey:32	</harden/bcfiles/edk_bcfiles/KeyVault.bc>:DebugPrint	</harden/bcfiles/edk_bcfiles/KeyVault.bc>:ReadVaultKey:32:1:2147483648	0
</harden/bcfiles/edk_bcfiles/KeyVault.bc>:ReadVaultKey:32	</harden/bcfiles/edk_bcfiles/KeyVault.bc>:DebugPrint	</harden/bcfiles/edk_bcfiles/KeyVault.bc>:ReadVaultKey:32:2:getelementptr inbounds ([31 x i8], [31 x i8]* @.str.1, i64 0, i64 0)	1
</harden/bcfiles/edk_bcfiles/KeyVault.bc>:ReadVaultKey:32	</harden/bcfiles/edk_bcfiles/KeyVault.bc>:DebugPrint	</harden/bcfiles/edk_bcfiles/KeyVault.bc>:ReadVaultKey:32:6:getelementptr inbounds ([13 x i8], [13 x i8]* @__func__.ReadVaultKey, i64 0, i64 0)	2
</harden/bcfiles/edk_bcfiles/KeyVault.bc>:ReadVaultKey:42	</harden/bcfiles/edk_bcfiles/KeyVault.bc>:AsciiStrLen	</harden/bcfiles/edk_bcfiles/KeyVault.bc>:ReadVaultKey:%32	0
</harden/bcfiles/edk_bcfiles/KeyVault.bc>:ReadVaultKey:51	</harden/bcfiles/edk_bcfiles/KeyVault.bc>:DebugPrintLevelEnabled	</harden/bcfiles/edk_bcfiles/KeyVault.bc>:ReadVaultKey:51:1:2147483648	0
</harden/bcfiles/edk_bcfiles/KeyVault.bc>:ReadVaultKey:54	</harden/bcfiles/edk_bcfiles/KeyVault.bc>:DebugPrint	</harden/bcfiles/edk_bcfiles/KeyVault.bc>:ReadVaultKey:54:1:2147483648	0
</harden/bcfiles/edk_bcfiles/KeyVault.bc>:ReadVaultKey:54	</harden/bcfiles/edk_bcfiles/KeyVault.bc>:DebugPrint	</harden/bcfiles/edk_bcfiles/KeyVault.bc>:ReadVaultKey:54:2:getelementptr inbounds ([31 x i8], [31 x i8]* @.str.2, i64 0, i64 0)	1
</harden/bcfiles/edk_bcfiles/KeyVault.bc>:ReadVaultKey:54	</harden/bcfiles/edk_bcfiles/KeyVault.bc>:DebugPrint	</harden/bcfiles/edk_bcfiles/KeyVault.bc>:ReadVaultKey:54:6:getelementptr inbounds ([13 x i8], [13 x i8]* @__func__.ReadVaultKey, i64 0, i64 0)	2
</harden/bcfiles/edk_bcfiles/KeyVault.bc>:ReadVaultKey:67	</harden/bcfiles/edk_bcfiles/KeyVault.bc>:CalculateHash	</harden/bcfiles/edk_bcfiles/KeyVault.bc>:ReadVaultKey:%52	1
</harden/bcfiles/edk_bcfiles/KeyVault.bc>:ReadVaultKey:67	</harden/bcfiles/edk_bcfiles/KeyVault.bc>:CalculateHash	</harden/bcfiles/edk_bcfiles/KeyVault.bc>:ReadVaultKey:%51	0
</harden/bcfiles/edk_bcfiles/KeyVault.bc>:ReadVaultKey:67	</harden/bcfiles/edk_bcfiles/KeyVault.bc>:CalculateHash	</harden/bcfiles/edk_bcfiles/KeyVault.bc>:ReadVaultKey:%54	2
</harden/bcfiles/edk_bcfiles/KeyVault.bc>:ReadVaultKey:71	</harden/bcfiles/edk_bcfiles/KeyVault.bc>:SetMem	</harden/bcfiles/edk_bcfiles/KeyVault.bc>:ReadVaultKey:%57	0
</harden/bcfiles/edk_bcfiles/KeyVault.bc>:ReadVaultKey:71	</harden/bcfiles/edk_bcfiles/KeyVault.bc>:SetMem	</harden/bcfiles/edk_bcfiles/KeyVault.bc>:ReadVaultKey:71:1:64	1
</harden/bcfiles/edk_bcfiles/KeyVault.bc>:ReadVaultKey:71	</harden/bcfiles/edk_bcfiles/KeyVault.bc>:SetMem	</harden/bcfiles/edk_bcfiles/KeyVault.bc>:ReadVaultKey:71:2:0	2
</harden/bcfiles/edk_bcfiles/KeyVault.bc>:ReadVaultKey:83	</harden/bcfiles/edk_bcfiles/KeyVault.bc>:llvm.cttz.i64	</harden/bcfiles/edk_bcfiles/KeyVault.bc>:ReadVaultKey:%68	0
</harden/bcfiles/edk_bcfiles/KeyVault.bc>:ReadVaultKey:83	</harden/bcfiles/edk_bcfiles/KeyVault.bc>:llvm.cttz.i64	</harden/bcfiles/edk_bcfiles/KeyVault.bc>:ReadVaultKey:83:1:true	1
</harden/bcfiles/edk_bcfiles/KeyVault.bc>:ReadVaultKey:95	</harden/bcfiles/edk_bcfiles/KeyVault.bc>:CheckKeyMatches	</harden/bcfiles/edk_bcfiles/KeyVault.bc>:ReadVaultKey:%77	3
</harden/bcfiles/edk_bcfiles/KeyVault.bc>:ReadVaultKey:95	</harden/bcfiles/edk_bcfiles/KeyVault.bc>:CheckKeyMatches	</harden/bcfiles/edk_bcfiles/KeyVault.bc>:ReadVaultKey:%76	2
</harden/bcfiles/edk_bcfiles/KeyVault.bc>:ReadVaultKey:95	</harden/bcfiles/edk_bcfiles/KeyVault.bc>:CheckKeyMatches	</harden/bcfiles/edk_bcfiles/KeyVault.bc>:ReadVaultKey:%72	0
</harden/bcfiles/edk_bcfiles/KeyVault.bc>:ReadVaultKey:95	</harden/bcfiles/edk_bcfiles/KeyVault.bc>:CheckKeyMatches	</harden/bcfiles/edk_bcfiles/KeyVault.bc>:ReadVaultKey:%73	1
</harden/bcfiles/edk_bcfiles/KeyVault.bc>:ReadVaultKey:95	</harden/bcfiles/edk_bcfiles/KeyVault.bc>:CheckKeyMatches	</harden/bcfiles/edk_bcfiles/KeyVault.bc>:ReadVaultKey:%79	4
</harden/bcfiles/edk_bcfiles/KeyVault.bc>:ReadVaultKey:105	</harden/bcfiles/edk_bcfiles/KeyVault.bc>:CopyMem	</harden/bcfiles/edk_bcfiles/KeyVault.bc>:ReadVaultKey:%89	1
</harden/bcfiles/edk_bcfiles/KeyVault.bc>:ReadVaultKey:105	</harden/bcfiles/edk_bcfiles/KeyVault.bc>:CopyMem	</harden/bcfiles/edk_bcfiles/KeyVault.bc>:ReadVaultKey:%85	0
</harden/bcfiles/edk_bcfiles/KeyVault.bc>:ReadVaultKey:105	</harden/bcfiles/edk_bcfiles/KeyVault.bc>:CopyMem	</harden/bcfiles/edk_bcfiles/KeyVault.bc>:ReadVaultKey:105:1:64	2
</harden/bcfiles/edk_bcfiles/KeyVault.bc>:ReadVaultKey:107	</harden/bcfiles/edk_bcfiles/KeyVault.bc>:SetMem	</harden/bcfiles/edk_bcfiles/KeyVault.bc>:ReadVaultKey:%91	0
</harden/bcfiles/edk_bcfiles/KeyVault.bc>:ReadVaultKey:107	</harden/bcfiles/edk_bcfiles/KeyVault.bc>:SetMem	</harden/bcfiles/edk_bcfiles/KeyVault.bc>:ReadVaultKey:107:1:32	1
</harden/bcfiles/edk_bcfiles/KeyVault.bc>:ReadVaultKey:107	</harden/bcfiles/edk_bcfiles/KeyVault.bc>:SetMem	</harden/bcfiles/edk_bcfiles/KeyVault.bc>:ReadVaultKey:107:2:0	2
</harden/bcfiles/edk_bcfiles/KeyVault.bc>:ReadVaultKey:117	</harden/bcfiles/edk_bcfiles/KeyVault.bc>:SetMem	</harden/bcfiles/edk_bcfiles/KeyVault.bc>:ReadVaultKey:%99	0
</harden/bcfiles/edk_bcfiles/KeyVault.bc>:ReadVaultKey:117	</harden/bcfiles/edk_bcfiles/KeyVault.bc>:SetMem	</harden/bcfiles/edk_bcfiles/KeyVault.bc>:ReadVaultKey:117:1:32	1
</harden/bcfiles/edk_bcfiles/KeyVault.bc>:ReadVaultKey:117	</harden/bcfiles/edk_bcfiles/KeyVault.bc>:SetMem	</harden/bcfiles/edk_bcfiles/KeyVault.bc>:ReadVaultKey:117:2:0	2
</harden/bcfiles/edk_bcfiles/KeyVault.bc>:KeyVaultHandler:10	</harden/bcfiles/edk_bcfiles/KeyVault.bc>:llvm.dbg.declare	</harden/bcfiles/edk_bcfiles/KeyVault.bc>:KeyVaultHandler:!DIExpression()	2
</harden/bcfiles/edk_bcfiles/KeyVault.bc>:KeyVaultHandler:10	</harden/bcfiles/edk_bcfiles/KeyVault.bc>:llvm.dbg.declare	</harden/bcfiles/edk_bcfiles/KeyVault.bc>:KeyVaultHandler:!341	1
</harden/bcfiles/edk_bcfiles/KeyVault.bc>:KeyVaultHandler:10	</harden/bcfiles/edk_bcfiles/KeyVault.bc>:llvm.dbg.declare	</harden/bcfiles/edk_bcfiles/KeyVault.bc>:KeyVaultHandler:i8** %6	0
</harden/bcfiles/edk_bcfiles/KeyVault.bc>:KeyVaultHandler:12	</harden/bcfiles/edk_bcfiles/KeyVault.bc>:llvm.dbg.declare	</harden/bcfiles/edk_bcfiles/KeyVault.bc>:KeyVaultHandler:!343	1
</harden/bcfiles/edk_bcfiles/KeyVault.bc>:KeyVaultHandler:12	</harden/bcfiles/edk_bcfiles/KeyVault.bc>:llvm.dbg.declare	</harden/bcfiles/edk_bcfiles/KeyVault.bc>:KeyVaultHandler:i8** %7	0
</harden/bcfiles/edk_bcfiles/KeyVault.bc>:KeyVaultHandler:12	</harden/bcfiles/edk_bcfiles/KeyVault.bc>:llvm.dbg.declare	</harden/bcfiles/edk_bcfiles/KeyVault.bc>:KeyVaultHandler:!DIExpression()	2
</harden/bcfiles/edk_bcfiles/KeyVault.bc>:KeyVaultHandler:14	</harden/bcfiles/edk_bcfiles/KeyVault.bc>:llvm.dbg.declare	</harden/bcfiles/edk_bcfiles/KeyVault.bc>:KeyVaultHandler:!345	1
</harden/bcfiles/edk_bcfiles/KeyVault.bc>:KeyVaultHandler:14	</harden/bcfiles/edk_bcfiles/KeyVault.bc>:llvm.dbg.declare	</harden/bcfiles/edk_bcfiles/KeyVault.bc>:KeyVaultHandler:i8** %8	0
</harden/bcfiles/edk_bcfiles/KeyVault.bc>:KeyVaultHandler:14	</harden/bcfiles/edk_bcfiles/KeyVault.bc>:llvm.dbg.declare	</harden/bcfiles/edk_bcfiles/KeyVault.bc>:KeyVaultHandler:!DIExpression()	2
</harden/bcfiles/edk_bcfiles/KeyVault.bc>:KeyVaultHandler:16	</harden/bcfiles/edk_bcfiles/KeyVault.bc>:llvm.dbg.declare	</harden/bcfiles/edk_bcfiles/KeyVault.bc>:KeyVaultHandler:!347	1
</harden/bcfiles/edk_bcfiles/KeyVault.bc>:KeyVaultHandler:16	</harden/bcfiles/edk_bcfiles/KeyVault.bc>:llvm.dbg.declare	</harden/bcfiles/edk_bcfiles/KeyVault.bc>:KeyVaultHandler:i64** %9	0
</harden/bcfiles/edk_bcfiles/KeyVault.bc>:KeyVaultHandler:16	</harden/bcfiles/edk_bcfiles/KeyVault.bc>:llvm.dbg.declare	</harden/bcfiles/edk_bcfiles/KeyVault.bc>:KeyVaultHandler:!DIExpression()	2
</harden/bcfiles/edk_bcfiles/KeyVault.bc>:KeyVaultHandler:17	</harden/bcfiles/edk_bcfiles/KeyVault.bc>:llvm.dbg.declare	</harden/bcfiles/edk_bcfiles/KeyVault.bc>:KeyVaultHandler:!349	1
</harden/bcfiles/edk_bcfiles/KeyVault.bc>:KeyVaultHandler:17	</harden/bcfiles/edk_bcfiles/KeyVault.bc>:llvm.dbg.declare	</harden/bcfiles/edk_bcfiles/KeyVault.bc>:KeyVaultHandler:i64* %10	0
</harden/bcfiles/edk_bcfiles/KeyVault.bc>:KeyVaultHandler:17	</harden/bcfiles/edk_bcfiles/KeyVault.bc>:llvm.dbg.declare	</harden/bcfiles/edk_bcfiles/KeyVault.bc>:KeyVaultHandler:!DIExpression()	2
</harden/bcfiles/edk_bcfiles/KeyVault.bc>:KeyVaultHandler:18	</harden/bcfiles/edk_bcfiles/KeyVault.bc>:llvm.dbg.declare	</harden/bcfiles/edk_bcfiles/KeyVault.bc>:KeyVaultHandler:%struct.KEY_VAULT_COMM** %11	0
</harden/bcfiles/edk_bcfiles/KeyVault.bc>:KeyVaultHandler:18	</harden/bcfiles/edk_bcfiles/KeyVault.bc>:llvm.dbg.declare	</harden/bcfiles/edk_bcfiles/KeyVault.bc>:KeyVaultHandler:!DIExpression()	2
</harden/bcfiles/edk_bcfiles/KeyVault.bc>:KeyVaultHandler:18	</harden/bcfiles/edk_bcfiles/KeyVault.bc>:llvm.dbg.declare	</harden/bcfiles/edk_bcfiles/KeyVault.bc>:KeyVaultHandler:!351	1
</harden/bcfiles/edk_bcfiles/KeyVault.bc>:KeyVaultHandler:19	</harden/bcfiles/edk_bcfiles/KeyVault.bc>:llvm.dbg.declare	</harden/bcfiles/edk_bcfiles/KeyVault.bc>:KeyVaultHandler:!353	1
</harden/bcfiles/edk_bcfiles/KeyVault.bc>:KeyVaultHandler:19	</harden/bcfiles/edk_bcfiles/KeyVault.bc>:llvm.dbg.declare	</harden/bcfiles/edk_bcfiles/KeyVault.bc>:KeyVaultHandler:%struct.KEY_VAULT_COMM** %12	0
</harden/bcfiles/edk_bcfiles/KeyVault.bc>:KeyVaultHandler:19	</harden/bcfiles/edk_bcfiles/KeyVault.bc>:llvm.dbg.declare	</harden/bcfiles/edk_bcfiles/KeyVault.bc>:KeyVaultHandler:!DIExpression()	2
</harden/bcfiles/edk_bcfiles/KeyVault.bc>:KeyVaultHandler:20	</harden/bcfiles/edk_bcfiles/KeyVault.bc>:llvm.dbg.declare	</harden/bcfiles/edk_bcfiles/KeyVault.bc>:KeyVaultHandler:!355	1
</harden/bcfiles/edk_bcfiles/KeyVault.bc>:KeyVaultHandler:20	</harden/bcfiles/edk_bcfiles/KeyVault.bc>:llvm.dbg.declare	</harden/bcfiles/edk_bcfiles/KeyVault.bc>:KeyVaultHandler:i64* %13	0
</harden/bcfiles/edk_bcfiles/KeyVault.bc>:KeyVaultHandler:20	</harden/bcfiles/edk_bcfiles/KeyVault.bc>:llvm.dbg.declare	</harden/bcfiles/edk_bcfiles/KeyVault.bc>:KeyVaultHandler:!DIExpression()	2
</harden/bcfiles/edk_bcfiles/KeyVault.bc>:KeyVaultHandler:32	</harden/bcfiles/edk_bcfiles/KeyVault.bc>:DebugPrintLevelEnabled	</harden/bcfiles/edk_bcfiles/KeyVault.bc>:KeyVaultHandler:32:1:64	0
</harden/bcfiles/edk_bcfiles/KeyVault.bc>:KeyVaultHandler:35	</harden/bcfiles/edk_bcfiles/KeyVault.bc>:DebugPrint	</harden/bcfiles/edk_bcfiles/KeyVault.bc>:KeyVaultHandler:35:1:64	0
</harden/bcfiles/edk_bcfiles/KeyVault.bc>:KeyVaultHandler:35	</harden/bcfiles/edk_bcfiles/KeyVault.bc>:DebugPrint	</harden/bcfiles/edk_bcfiles/KeyVault.bc>:KeyVaultHandler:35:2:getelementptr inbounds ([42 x i8], [42 x i8]* @.str.3, i64 0, i64 0)	1
</harden/bcfiles/edk_bcfiles/KeyVault.bc>:KeyVaultHandler:35	</harden/bcfiles/edk_bcfiles/KeyVault.bc>:DebugPrint	</harden/bcfiles/edk_bcfiles/KeyVault.bc>:KeyVaultHandler:35:6:getelementptr inbounds ([16 x i8], [16 x i8]* @__func__.KeyVaultHandler, i64 0, i64 0)	2
</harden/bcfiles/edk_bcfiles/KeyVault.bc>:KeyVaultHandler:61	</harden/bcfiles/edk_bcfiles/KeyVault.bc>:DebugPrintLevelEnabled	</harden/bcfiles/edk_bcfiles/KeyVault.bc>:KeyVaultHandler:61:1:64	0
</harden/bcfiles/edk_bcfiles/KeyVault.bc>:KeyVaultHandler:65	</harden/bcfiles/edk_bcfiles/KeyVault.bc>:DebugPrint	</harden/bcfiles/edk_bcfiles/KeyVault.bc>:KeyVaultHandler:%52	3
</harden/bcfiles/edk_bcfiles/KeyVault.bc>:KeyVaultHandler:65	</harden/bcfiles/edk_bcfiles/KeyVault.bc>:DebugPrint	</harden/bcfiles/edk_bcfiles/KeyVault.bc>:KeyVaultHandler:65:1:64	0
</harden/bcfiles/edk_bcfiles/KeyVault.bc>:KeyVaultHandler:65	</harden/bcfiles/edk_bcfiles/KeyVault.bc>:DebugPrint	</harden/bcfiles/edk_bcfiles/KeyVault.bc>:KeyVaultHandler:65:2:getelementptr inbounds ([61 x i8], [61 x i8]* @.str.4, i64 0, i64 0)	1
</harden/bcfiles/edk_bcfiles/KeyVault.bc>:KeyVaultHandler:65	</harden/bcfiles/edk_bcfiles/KeyVault.bc>:DebugPrint	</harden/bcfiles/edk_bcfiles/KeyVault.bc>:KeyVaultHandler:65:6:getelementptr inbounds ([16 x i8], [16 x i8]* @__func__.KeyVaultHandler, i64 0, i64 0)	2
</harden/bcfiles/edk_bcfiles/KeyVault.bc>:KeyVaultHandler:65	</harden/bcfiles/edk_bcfiles/KeyVault.bc>:DebugPrint	</harden/bcfiles/edk_bcfiles/KeyVault.bc>:KeyVaultHandler:65:10:176	4
</harden/bcfiles/edk_bcfiles/KeyVault.bc>:KeyVaultHandler:91	</harden/bcfiles/edk_bcfiles/KeyVault.bc>:DebugPrintLevelEnabled	</harden/bcfiles/edk_bcfiles/KeyVault.bc>:KeyVaultHandler:91:1:2147483648	0
</harden/bcfiles/edk_bcfiles/KeyVault.bc>:KeyVaultHandler:94	</harden/bcfiles/edk_bcfiles/KeyVault.bc>:DebugPrint	</harden/bcfiles/edk_bcfiles/KeyVault.bc>:KeyVaultHandler:94:1:2147483648	0
</harden/bcfiles/edk_bcfiles/KeyVault.bc>:KeyVaultHandler:94	</harden/bcfiles/edk_bcfiles/KeyVault.bc>:DebugPrint	</harden/bcfiles/edk_bcfiles/KeyVault.bc>:KeyVaultHandler:94:2:getelementptr inbounds ([31 x i8], [31 x i8]* @.str.5, i64 0, i64 0)	1
</harden/bcfiles/edk_bcfiles/KeyVault.bc>:KeyVaultHandler:94	</harden/bcfiles/edk_bcfiles/KeyVault.bc>:DebugPrint	</harden/bcfiles/edk_bcfiles/KeyVault.bc>:KeyVaultHandler:94:6:getelementptr inbounds ([16 x i8], [16 x i8]* @__func__.KeyVaultHandler, i64 0, i64 0)	2
</harden/bcfiles/edk_bcfiles/KeyVault.bc>:KeyVaultHandler:108	</harden/bcfiles/edk_bcfiles/KeyVault.bc>:CopyMem	</harden/bcfiles/edk_bcfiles/KeyVault.bc>:KeyVaultHandler:%88	1
</harden/bcfiles/edk_bcfiles/KeyVault.bc>:KeyVaultHandler:108	</harden/bcfiles/edk_bcfiles/KeyVault.bc>:CopyMem	</harden/bcfiles/edk_bcfiles/KeyVault.bc>:KeyVaultHandler:%87	0
</harden/bcfiles/edk_bcfiles/KeyVault.bc>:KeyVaultHandler:108	</harden/bcfiles/edk_bcfiles/KeyVault.bc>:CopyMem	</harden/bcfiles/edk_bcfiles/KeyVault.bc>:KeyVaultHandler:108:1:176	2
</harden/bcfiles/edk_bcfiles/KeyVault.bc>:KeyVaultHandler:112	</harden/bcfiles/edk_bcfiles/KeyVault.bc>:SetMem	</harden/bcfiles/edk_bcfiles/KeyVault.bc>:KeyVaultHandler:%92	0
</harden/bcfiles/edk_bcfiles/KeyVault.bc>:KeyVaultHandler:112	</harden/bcfiles/edk_bcfiles/KeyVault.bc>:SetMem	</harden/bcfiles/edk_bcfiles/KeyVault.bc>:KeyVaultHandler:112:1:64	1
</harden/bcfiles/edk_bcfiles/KeyVault.bc>:KeyVaultHandler:112	</harden/bcfiles/edk_bcfiles/KeyVault.bc>:SetMem	</harden/bcfiles/edk_bcfiles/KeyVault.bc>:KeyVaultHandler:112:2:0	2
</harden/bcfiles/edk_bcfiles/KeyVault.bc>:KeyVaultHandler:116	</harden/bcfiles/edk_bcfiles/KeyVault.bc>:SetMem	</harden/bcfiles/edk_bcfiles/KeyVault.bc>:KeyVaultHandler:%96	0
</harden/bcfiles/edk_bcfiles/KeyVault.bc>:KeyVaultHandler:116	</harden/bcfiles/edk_bcfiles/KeyVault.bc>:SetMem	</harden/bcfiles/edk_bcfiles/KeyVault.bc>:KeyVaultHandler:116:1:64	1
</harden/bcfiles/edk_bcfiles/KeyVault.bc>:KeyVaultHandler:116	</harden/bcfiles/edk_bcfiles/KeyVault.bc>:SetMem	</harden/bcfiles/edk_bcfiles/KeyVault.bc>:KeyVaultHandler:116:2:0	2
</harden/bcfiles/edk_bcfiles/KeyVault.bc>:KeyVaultHandler:122	</harden/bcfiles/edk_bcfiles/KeyVault.bc>:CreateVaultKey	</harden/bcfiles/edk_bcfiles/KeyVault.bc>:KeyVaultHandler:%102	0
</harden/bcfiles/edk_bcfiles/KeyVault.bc>:KeyVaultHandler:127	</harden/bcfiles/edk_bcfiles/KeyVault.bc>:ReadVaultKey	</harden/bcfiles/edk_bcfiles/KeyVault.bc>:KeyVaultHandler:%106	1
</harden/bcfiles/edk_bcfiles/KeyVault.bc>:KeyVaultHandler:127	</harden/bcfiles/edk_bcfiles/KeyVault.bc>:ReadVaultKey	</harden/bcfiles/edk_bcfiles/KeyVault.bc>:KeyVaultHandler:%105	0
</harden/bcfiles/edk_bcfiles/KeyVault.bc>:KeyVaultHandler:135	</harden/bcfiles/edk_bcfiles/KeyVault.bc>:DebugPrintLevelEnabled	</harden/bcfiles/edk_bcfiles/KeyVault.bc>:KeyVaultHandler:135:1:64	0
</harden/bcfiles/edk_bcfiles/KeyVault.bc>:KeyVaultHandler:138	</harden/bcfiles/edk_bcfiles/KeyVault.bc>:DebugPrint	</harden/bcfiles/edk_bcfiles/KeyVault.bc>:KeyVaultHandler:138:1:64	0
</harden/bcfiles/edk_bcfiles/KeyVault.bc>:KeyVaultHandler:138	</harden/bcfiles/edk_bcfiles/KeyVault.bc>:DebugPrint	</harden/bcfiles/edk_bcfiles/KeyVault.bc>:KeyVaultHandler:138:2:getelementptr inbounds ([30 x i8], [30 x i8]* @.str.6, i64 0, i64 0)	1
</harden/bcfiles/edk_bcfiles/KeyVault.bc>:KeyVaultHandler:147	</harden/bcfiles/edk_bcfiles/KeyVault.bc>:SetMem	</harden/bcfiles/edk_bcfiles/KeyVault.bc>:KeyVaultHandler:%123	0
</harden/bcfiles/edk_bcfiles/KeyVault.bc>:KeyVaultHandler:147	</harden/bcfiles/edk_bcfiles/KeyVault.bc>:SetMem	</harden/bcfiles/edk_bcfiles/KeyVault.bc>:KeyVaultHandler:147:1:176	1
</harden/bcfiles/edk_bcfiles/KeyVault.bc>:KeyVaultHandler:147	</harden/bcfiles/edk_bcfiles/KeyVault.bc>:SetMem	</harden/bcfiles/edk_bcfiles/KeyVault.bc>:KeyVaultHandler:147:2:0	2
</harden/bcfiles/edk_bcfiles/KeyVault.bc>:KeyVaultInit:5	</harden/bcfiles/edk_bcfiles/KeyVault.bc>:llvm.dbg.declare	</harden/bcfiles/edk_bcfiles/KeyVault.bc>:KeyVaultInit:!DIExpression()	2
</harden/bcfiles/edk_bcfiles/KeyVault.bc>:KeyVaultInit:5	</harden/bcfiles/edk_bcfiles/KeyVault.bc>:llvm.dbg.declare	</harden/bcfiles/edk_bcfiles/KeyVault.bc>:KeyVaultInit:!951	1
</harden/bcfiles/edk_bcfiles/KeyVault.bc>:KeyVaultInit:5	</harden/bcfiles/edk_bcfiles/KeyVault.bc>:llvm.dbg.declare	</harden/bcfiles/edk_bcfiles/KeyVault.bc>:KeyVaultInit:i8** %4	0
</harden/bcfiles/edk_bcfiles/KeyVault.bc>:KeyVaultInit:7	</harden/bcfiles/edk_bcfiles/KeyVault.bc>:llvm.dbg.declare	</harden/bcfiles/edk_bcfiles/KeyVault.bc>:KeyVaultInit:!953	1
</harden/bcfiles/edk_bcfiles/KeyVault.bc>:KeyVaultInit:7	</harden/bcfiles/edk_bcfiles/KeyVault.bc>:llvm.dbg.declare	</harden/bcfiles/edk_bcfiles/KeyVault.bc>:KeyVaultInit:!DIExpression()	2
</harden/bcfiles/edk_bcfiles/KeyVault.bc>:KeyVaultInit:7	</harden/bcfiles/edk_bcfiles/KeyVault.bc>:llvm.dbg.declare	</harden/bcfiles/edk_bcfiles/KeyVault.bc>:KeyVaultInit:%struct.EFI_SYSTEM_TABLE** %5	0
</harden/bcfiles/edk_bcfiles/KeyVault.bc>:KeyVaultInit:8	</harden/bcfiles/edk_bcfiles/KeyVault.bc>:llvm.dbg.declare	</harden/bcfiles/edk_bcfiles/KeyVault.bc>:KeyVaultInit:!955	1
</harden/bcfiles/edk_bcfiles/KeyVault.bc>:KeyVaultInit:8	</harden/bcfiles/edk_bcfiles/KeyVault.bc>:llvm.dbg.declare	</harden/bcfiles/edk_bcfiles/KeyVault.bc>:KeyVaultInit:i64* %6	0
</harden/bcfiles/edk_bcfiles/KeyVault.bc>:KeyVaultInit:8	</harden/bcfiles/edk_bcfiles/KeyVault.bc>:llvm.dbg.declare	</harden/bcfiles/edk_bcfiles/KeyVault.bc>:KeyVaultInit:!DIExpression()	2
</harden/bcfiles/edk_bcfiles/KeyVault.bc>:KeyVaultInit:26	</harden/bcfiles/edk_bcfiles/KeyVault.bc>:DebugPrintLevelEnabled	</harden/bcfiles/edk_bcfiles/KeyVault.bc>:KeyVaultInit:26:1:2147483648	0
</harden/bcfiles/edk_bcfiles/KeyVault.bc>:KeyVaultInit:29	</harden/bcfiles/edk_bcfiles/KeyVault.bc>:DebugPrint	</harden/bcfiles/edk_bcfiles/KeyVault.bc>:KeyVaultInit:29:1:2147483648	0
</harden/bcfiles/edk_bcfiles/KeyVault.bc>:KeyVaultInit:29	</harden/bcfiles/edk_bcfiles/KeyVault.bc>:DebugPrint	</harden/bcfiles/edk_bcfiles/KeyVault.bc>:KeyVaultInit:29:2:getelementptr inbounds ([36 x i8], [36 x i8]* @.str.7, i64 0, i64 0)	1
</harden/bcfiles/edk_bcfiles/KeyVault.bc>:KeyVaultInit:29	</harden/bcfiles/edk_bcfiles/KeyVault.bc>:DebugPrint	</harden/bcfiles/edk_bcfiles/KeyVault.bc>:KeyVaultInit:29:6:getelementptr inbounds ([13 x i8], [13 x i8]* @__func__.KeyVaultInit, i64 0, i64 0)	2
</harden/bcfiles/edk_bcfiles/KeyVault.bc>:KeyVaultInit:68	</harden/bcfiles/edk_bcfiles/KeyVault.bc>:DebugPrintLevelEnabled	</harden/bcfiles/edk_bcfiles/KeyVault.bc>:KeyVaultInit:68:1:2147483648	0
</harden/bcfiles/edk_bcfiles/KeyVault.bc>:KeyVaultInit:71	</harden/bcfiles/edk_bcfiles/KeyVault.bc>:DebugPrint	</harden/bcfiles/edk_bcfiles/KeyVault.bc>:KeyVaultInit:71:1:2147483648	0
</harden/bcfiles/edk_bcfiles/KeyVault.bc>:KeyVaultInit:71	</harden/bcfiles/edk_bcfiles/KeyVault.bc>:DebugPrint	</harden/bcfiles/edk_bcfiles/KeyVault.bc>:KeyVaultInit:71:2:getelementptr inbounds ([36 x i8], [36 x i8]* @.str.8, i64 0, i64 0)	1
</harden/bcfiles/edk_bcfiles/KeyVault.bc>:KeyVaultInit:71	</harden/bcfiles/edk_bcfiles/KeyVault.bc>:DebugPrint	</harden/bcfiles/edk_bcfiles/KeyVault.bc>:KeyVaultInit:71:6:getelementptr inbounds ([13 x i8], [13 x i8]* @__func__.KeyVaultInit, i64 0, i64 0)	2
</harden/bcfiles/edk_bcfiles/KeyVault.bc>:KeyVaultInit:94	</harden/bcfiles/edk_bcfiles/KeyVault.bc>:DebugPrintLevelEnabled	</harden/bcfiles/edk_bcfiles/KeyVault.bc>:KeyVaultInit:94:1:2147483648	0
</harden/bcfiles/edk_bcfiles/KeyVault.bc>:KeyVaultInit:97	</harden/bcfiles/edk_bcfiles/KeyVault.bc>:DebugPrint	</harden/bcfiles/edk_bcfiles/KeyVault.bc>:KeyVaultInit:97:1:2147483648	0
</harden/bcfiles/edk_bcfiles/KeyVault.bc>:KeyVaultInit:97	</harden/bcfiles/edk_bcfiles/KeyVault.bc>:DebugPrint	</harden/bcfiles/edk_bcfiles/KeyVault.bc>:KeyVaultInit:97:2:getelementptr inbounds ([33 x i8], [33 x i8]* @.str.9, i64 0, i64 0)	1
</harden/bcfiles/edk_bcfiles/KeyVault.bc>:KeyVaultInit:97	</harden/bcfiles/edk_bcfiles/KeyVault.bc>:DebugPrint	</harden/bcfiles/edk_bcfiles/KeyVault.bc>:KeyVaultInit:97:6:getelementptr inbounds ([13 x i8], [13 x i8]* @__func__.KeyVaultInit, i64 0, i64 0)	2
