</harden/bcfiles/edk_bcfiles/KeyVault.bc>:11:null	*null*
</harden/bcfiles/edk_bcfiles/KeyVault.bc>:13:null	*null*
</harden/bcfiles/edk_bcfiles/KeyVault.bc>:KeyVaultHandler:22:0:null	*null*
</harden/bcfiles/edk_bcfiles/KeyVault.bc>:KeyVaultHandler:25:0:null	*null*
</harden/bcfiles/edk_bcfiles/KeyVault.bc>:VaultKeyAbort:9:0:null	*null*
</harden/bcfiles/edk_bcfiles/KeyVault.bc>:VaultKeyAbort:10:0:null	*null*
</harden/bcfiles/edk_bcfiles/KeyVault.bc>:VaultKeyAbort:11:0:null	*null*
</harden/bcfiles/edk_bcfiles/KeyVault.bc>:VaultKeyAbort:12:0:null	*null*
</harden/bcfiles/edk_bcfiles/KeyVault.bc>:VaultKeyAbort:16:0:null	*null*
</harden/bcfiles/edk_bcfiles/KeyVault.bc>:VaultKeyAbort:22:0:null	*null*
</harden/bcfiles/edk_bcfiles/KeyVault.bc>:VaultKeyAbort:24:0:null	*null*
</harden/bcfiles/edk_bcfiles/KeyVault.bc>:VaultKeyAbort:25:0:null	*null*
</harden/bcfiles/edk_bcfiles/KeyVault.bc>:VaultKeyAbort:27:0:null	*null*
</harden/bcfiles/edk_bcfiles/KeyVault.bc>:KeyVaultInit:9:0:null	*null*
</harden/bcfiles/edk_bcfiles/KeyVault.bc>:KeyVaultInit:10:0:null	*null*
</harden/bcfiles/edk_bcfiles/KeyVault.bc>:KeyVaultInit:12:0:null	*null*
</harden/bcfiles/edk_bcfiles/KeyVault.bc>:ReadVaultKey:95:0:@CheckKeyMatches	*global_alloc@CheckKeyMatches
</harden/bcfiles/edk_bcfiles/KeyVault.bc>:KeyVaultHandler:122:0:@CreateVaultKey	*global_alloc@CreateVaultKey
</harden/bcfiles/edk_bcfiles/KeyVault.bc>:KeyVaultInit:79:0:@CreateVaultKey	*global_alloc@CreateVaultKey
</harden/bcfiles/edk_bcfiles/KeyVault.bc>:KeyVaultHandler:127:0:@ReadVaultKey	*global_alloc@ReadVaultKey
</harden/bcfiles/edk_bcfiles/KeyVault.bc>:KeyVaultInit:80:0:@ReadVaultKey	*global_alloc@ReadVaultKey
</harden/bcfiles/edk_bcfiles/KeyVault.bc>:KeyVaultInit:58:0:@KeyVaultHandler	*global_alloc@KeyVaultHandler
</harden/bcfiles/edk_bcfiles/KeyVault.bc>:KeyVaultInit:76:0:@VaultKeyAbort	*global_alloc@VaultKeyAbort
</harden/bcfiles/edk_bcfiles/KeyVault.bc>:KeyVaultInit:102:0:@VaultKeyAbort	*global_alloc@VaultKeyAbort
</harden/bcfiles/edk_bcfiles/KeyVault.bc>:CheckKeyMatches:7:0:@llvm.dbg.declare	*global_alloc@llvm.dbg.declare
</harden/bcfiles/edk_bcfiles/KeyVault.bc>:CheckKeyMatches:9:0:@llvm.dbg.declare	*global_alloc@llvm.dbg.declare
</harden/bcfiles/edk_bcfiles/KeyVault.bc>:CheckKeyMatches:11:0:@llvm.dbg.declare	*global_alloc@llvm.dbg.declare
</harden/bcfiles/edk_bcfiles/KeyVault.bc>:CheckKeyMatches:13:0:@llvm.dbg.declare	*global_alloc@llvm.dbg.declare
</harden/bcfiles/edk_bcfiles/KeyVault.bc>:CheckKeyMatches:15:0:@llvm.dbg.declare	*global_alloc@llvm.dbg.declare
</harden/bcfiles/edk_bcfiles/KeyVault.bc>:CreateVaultKey:7:0:@llvm.dbg.declare	*global_alloc@llvm.dbg.declare
</harden/bcfiles/edk_bcfiles/KeyVault.bc>:CreateVaultKey:8:0:@llvm.dbg.declare	*global_alloc@llvm.dbg.declare
</harden/bcfiles/edk_bcfiles/KeyVault.bc>:CreateVaultKey:9:0:@llvm.dbg.declare	*global_alloc@llvm.dbg.declare
</harden/bcfiles/edk_bcfiles/KeyVault.bc>:CreateVaultKey:10:0:@llvm.dbg.declare	*global_alloc@llvm.dbg.declare
</harden/bcfiles/edk_bcfiles/KeyVault.bc>:CreateVaultKey:11:0:@llvm.dbg.declare	*global_alloc@llvm.dbg.declare
</harden/bcfiles/edk_bcfiles/KeyVault.bc>:ReadVaultKey:9:0:@llvm.dbg.declare	*global_alloc@llvm.dbg.declare
</harden/bcfiles/edk_bcfiles/KeyVault.bc>:ReadVaultKey:11:0:@llvm.dbg.declare	*global_alloc@llvm.dbg.declare
</harden/bcfiles/edk_bcfiles/KeyVault.bc>:ReadVaultKey:12:0:@llvm.dbg.declare	*global_alloc@llvm.dbg.declare
</harden/bcfiles/edk_bcfiles/KeyVault.bc>:ReadVaultKey:13:0:@llvm.dbg.declare	*global_alloc@llvm.dbg.declare
</harden/bcfiles/edk_bcfiles/KeyVault.bc>:ReadVaultKey:14:0:@llvm.dbg.declare	*global_alloc@llvm.dbg.declare
</harden/bcfiles/edk_bcfiles/KeyVault.bc>:ReadVaultKey:15:0:@llvm.dbg.declare	*global_alloc@llvm.dbg.declare
</harden/bcfiles/edk_bcfiles/KeyVault.bc>:ReadVaultKey:16:0:@llvm.dbg.declare	*global_alloc@llvm.dbg.declare
</harden/bcfiles/edk_bcfiles/KeyVault.bc>:KeyVaultHandler:10:0:@llvm.dbg.declare	*global_alloc@llvm.dbg.declare
</harden/bcfiles/edk_bcfiles/KeyVault.bc>:KeyVaultHandler:12:0:@llvm.dbg.declare	*global_alloc@llvm.dbg.declare
</harden/bcfiles/edk_bcfiles/KeyVault.bc>:KeyVaultHandler:14:0:@llvm.dbg.declare	*global_alloc@llvm.dbg.declare
</harden/bcfiles/edk_bcfiles/KeyVault.bc>:KeyVaultHandler:16:0:@llvm.dbg.declare	*global_alloc@llvm.dbg.declare
</harden/bcfiles/edk_bcfiles/KeyVault.bc>:KeyVaultHandler:17:0:@llvm.dbg.declare	*global_alloc@llvm.dbg.declare
</harden/bcfiles/edk_bcfiles/KeyVault.bc>:KeyVaultHandler:18:0:@llvm.dbg.declare	*global_alloc@llvm.dbg.declare
</harden/bcfiles/edk_bcfiles/KeyVault.bc>:KeyVaultHandler:19:0:@llvm.dbg.declare	*global_alloc@llvm.dbg.declare
</harden/bcfiles/edk_bcfiles/KeyVault.bc>:KeyVaultHandler:20:0:@llvm.dbg.declare	*global_alloc@llvm.dbg.declare
</harden/bcfiles/edk_bcfiles/KeyVault.bc>:KeyVaultInit:5:0:@llvm.dbg.declare	*global_alloc@llvm.dbg.declare
</harden/bcfiles/edk_bcfiles/KeyVault.bc>:KeyVaultInit:7:0:@llvm.dbg.declare	*global_alloc@llvm.dbg.declare
</harden/bcfiles/edk_bcfiles/KeyVault.bc>:KeyVaultInit:8:0:@llvm.dbg.declare	*global_alloc@llvm.dbg.declare
</harden/bcfiles/edk_bcfiles/KeyVault.bc>:CheckKeyMatches:22:0:@CompareMem	*global_alloc@CompareMem
</harden/bcfiles/edk_bcfiles/KeyVault.bc>:CheckKeyMatches:33:0:@CompareMem	*global_alloc@CompareMem
</harden/bcfiles/edk_bcfiles/KeyVault.bc>:CheckKeyMatches:43:0:@CompareMem	*global_alloc@CompareMem
</harden/bcfiles/edk_bcfiles/KeyVault.bc>:CreateVaultKey:17:0:@DebugPrintEnabled	*global_alloc@DebugPrintEnabled
</harden/bcfiles/edk_bcfiles/KeyVault.bc>:CreateVaultKey:39:0:@DebugPrintEnabled	*global_alloc@DebugPrintEnabled
</harden/bcfiles/edk_bcfiles/KeyVault.bc>:CreateVaultKey:61:0:@DebugPrintEnabled	*global_alloc@DebugPrintEnabled
</harden/bcfiles/edk_bcfiles/KeyVault.bc>:ReadVaultKey:25:0:@DebugPrintEnabled	*global_alloc@DebugPrintEnabled
</harden/bcfiles/edk_bcfiles/KeyVault.bc>:ReadVaultKey:47:0:@DebugPrintEnabled	*global_alloc@DebugPrintEnabled
</harden/bcfiles/edk_bcfiles/KeyVault.bc>:KeyVaultHandler:28:0:@DebugPrintEnabled	*global_alloc@DebugPrintEnabled
</harden/bcfiles/edk_bcfiles/KeyVault.bc>:KeyVaultHandler:57:0:@DebugPrintEnabled	*global_alloc@DebugPrintEnabled
</harden/bcfiles/edk_bcfiles/KeyVault.bc>:KeyVaultHandler:87:0:@DebugPrintEnabled	*global_alloc@DebugPrintEnabled
</harden/bcfiles/edk_bcfiles/KeyVault.bc>:KeyVaultHandler:131:0:@DebugPrintEnabled	*global_alloc@DebugPrintEnabled
</harden/bcfiles/edk_bcfiles/KeyVault.bc>:KeyVaultInit:22:0:@DebugPrintEnabled	*global_alloc@DebugPrintEnabled
</harden/bcfiles/edk_bcfiles/KeyVault.bc>:KeyVaultInit:64:0:@DebugPrintEnabled	*global_alloc@DebugPrintEnabled
</harden/bcfiles/edk_bcfiles/KeyVault.bc>:KeyVaultInit:90:0:@DebugPrintEnabled	*global_alloc@DebugPrintEnabled
</harden/bcfiles/edk_bcfiles/KeyVault.bc>:CreateVaultKey:21:0:@DebugPrintLevelEnabled	*global_alloc@DebugPrintLevelEnabled
</harden/bcfiles/edk_bcfiles/KeyVault.bc>:CreateVaultKey:43:0:@DebugPrintLevelEnabled	*global_alloc@DebugPrintLevelEnabled
</harden/bcfiles/edk_bcfiles/KeyVault.bc>:CreateVaultKey:65:0:@DebugPrintLevelEnabled	*global_alloc@DebugPrintLevelEnabled
</harden/bcfiles/edk_bcfiles/KeyVault.bc>:ReadVaultKey:29:0:@DebugPrintLevelEnabled	*global_alloc@DebugPrintLevelEnabled
</harden/bcfiles/edk_bcfiles/KeyVault.bc>:ReadVaultKey:51:0:@DebugPrintLevelEnabled	*global_alloc@DebugPrintLevelEnabled
</harden/bcfiles/edk_bcfiles/KeyVault.bc>:KeyVaultHandler:32:0:@DebugPrintLevelEnabled	*global_alloc@DebugPrintLevelEnabled
</harden/bcfiles/edk_bcfiles/KeyVault.bc>:KeyVaultHandler:61:0:@DebugPrintLevelEnabled	*global_alloc@DebugPrintLevelEnabled
</harden/bcfiles/edk_bcfiles/KeyVault.bc>:KeyVaultHandler:91:0:@DebugPrintLevelEnabled	*global_alloc@DebugPrintLevelEnabled
</harden/bcfiles/edk_bcfiles/KeyVault.bc>:KeyVaultHandler:135:0:@DebugPrintLevelEnabled	*global_alloc@DebugPrintLevelEnabled
</harden/bcfiles/edk_bcfiles/KeyVault.bc>:KeyVaultInit:26:0:@DebugPrintLevelEnabled	*global_alloc@DebugPrintLevelEnabled
</harden/bcfiles/edk_bcfiles/KeyVault.bc>:KeyVaultInit:68:0:@DebugPrintLevelEnabled	*global_alloc@DebugPrintLevelEnabled
</harden/bcfiles/edk_bcfiles/KeyVault.bc>:KeyVaultInit:94:0:@DebugPrintLevelEnabled	*global_alloc@DebugPrintLevelEnabled
</harden/bcfiles/edk_bcfiles/KeyVault.bc>:CreateVaultKey:24:0:@DebugPrint	*global_alloc@DebugPrint
</harden/bcfiles/edk_bcfiles/KeyVault.bc>:CreateVaultKey:46:0:@DebugPrint	*global_alloc@DebugPrint
</harden/bcfiles/edk_bcfiles/KeyVault.bc>:CreateVaultKey:68:0:@DebugPrint	*global_alloc@DebugPrint
</harden/bcfiles/edk_bcfiles/KeyVault.bc>:ReadVaultKey:32:0:@DebugPrint	*global_alloc@DebugPrint
</harden/bcfiles/edk_bcfiles/KeyVault.bc>:ReadVaultKey:54:0:@DebugPrint	*global_alloc@DebugPrint
</harden/bcfiles/edk_bcfiles/KeyVault.bc>:KeyVaultHandler:35:0:@DebugPrint	*global_alloc@DebugPrint
</harden/bcfiles/edk_bcfiles/KeyVault.bc>:KeyVaultHandler:65:0:@DebugPrint	*global_alloc@DebugPrint
</harden/bcfiles/edk_bcfiles/KeyVault.bc>:KeyVaultHandler:94:0:@DebugPrint	*global_alloc@DebugPrint
</harden/bcfiles/edk_bcfiles/KeyVault.bc>:KeyVaultHandler:138:0:@DebugPrint	*global_alloc@DebugPrint
</harden/bcfiles/edk_bcfiles/KeyVault.bc>:KeyVaultInit:29:0:@DebugPrint	*global_alloc@DebugPrint
</harden/bcfiles/edk_bcfiles/KeyVault.bc>:KeyVaultInit:71:0:@DebugPrint	*global_alloc@DebugPrint
</harden/bcfiles/edk_bcfiles/KeyVault.bc>:KeyVaultInit:97:0:@DebugPrint	*global_alloc@DebugPrint
</harden/bcfiles/edk_bcfiles/KeyVault.bc>:CreateVaultKey:34:0:@AsciiStrLen	*global_alloc@AsciiStrLen
</harden/bcfiles/edk_bcfiles/KeyVault.bc>:CreateVaultKey:56:0:@AsciiStrLen	*global_alloc@AsciiStrLen
</harden/bcfiles/edk_bcfiles/KeyVault.bc>:ReadVaultKey:20:0:@AsciiStrLen	*global_alloc@AsciiStrLen
</harden/bcfiles/edk_bcfiles/KeyVault.bc>:ReadVaultKey:42:0:@AsciiStrLen	*global_alloc@AsciiStrLen
</harden/bcfiles/edk_bcfiles/KeyVault.bc>:CreateVaultKey:77:0:@llvm.cttz.i64	*global_alloc@llvm.cttz.i64
</harden/bcfiles/edk_bcfiles/KeyVault.bc>:ReadVaultKey:83:0:@llvm.cttz.i64	*global_alloc@llvm.cttz.i64
</harden/bcfiles/edk_bcfiles/KeyVault.bc>:CreateVaultKey:94:0:@CalculateHash	*global_alloc@CalculateHash
</harden/bcfiles/edk_bcfiles/KeyVault.bc>:ReadVaultKey:67:0:@CalculateHash	*global_alloc@CalculateHash
</harden/bcfiles/edk_bcfiles/KeyVault.bc>:CreateVaultKey:100:0:@CopyMem	*global_alloc@CopyMem
</harden/bcfiles/edk_bcfiles/KeyVault.bc>:CreateVaultKey:114:0:@CopyMem	*global_alloc@CopyMem
</harden/bcfiles/edk_bcfiles/KeyVault.bc>:CreateVaultKey:126:0:@CopyMem	*global_alloc@CopyMem
</harden/bcfiles/edk_bcfiles/KeyVault.bc>:CreateVaultKey:135:0:@CopyMem	*global_alloc@CopyMem
</harden/bcfiles/edk_bcfiles/KeyVault.bc>:ReadVaultKey:105:0:@CopyMem	*global_alloc@CopyMem
</harden/bcfiles/edk_bcfiles/KeyVault.bc>:KeyVaultHandler:108:0:@CopyMem	*global_alloc@CopyMem
</harden/bcfiles/edk_bcfiles/KeyVault.bc>:CreateVaultKey:104:0:@SetMem	*global_alloc@SetMem
</harden/bcfiles/edk_bcfiles/KeyVault.bc>:CreateVaultKey:106:0:@SetMem	*global_alloc@SetMem
</harden/bcfiles/edk_bcfiles/KeyVault.bc>:CreateVaultKey:118:0:@SetMem	*global_alloc@SetMem
</harden/bcfiles/edk_bcfiles/KeyVault.bc>:ReadVaultKey:71:0:@SetMem	*global_alloc@SetMem
</harden/bcfiles/edk_bcfiles/KeyVault.bc>:ReadVaultKey:107:0:@SetMem	*global_alloc@SetMem
</harden/bcfiles/edk_bcfiles/KeyVault.bc>:ReadVaultKey:117:0:@SetMem	*global_alloc@SetMem
</harden/bcfiles/edk_bcfiles/KeyVault.bc>:KeyVaultHandler:112:0:@SetMem	*global_alloc@SetMem
</harden/bcfiles/edk_bcfiles/KeyVault.bc>:KeyVaultHandler:116:0:@SetMem	*global_alloc@SetMem
</harden/bcfiles/edk_bcfiles/KeyVault.bc>:KeyVaultHandler:147:0:@SetMem	*global_alloc@SetMem
</harden/bcfiles/edk_bcfiles/KeyVault.bc>:CheckKeyMatches:18:1:@VaultInfo	*global_alloc@VaultInfo
</harden/bcfiles/edk_bcfiles/KeyVault.bc>:CheckKeyMatches:28:1:@VaultInfo	*global_alloc@VaultInfo
</harden/bcfiles/edk_bcfiles/KeyVault.bc>:CheckKeyMatches:39:1:@VaultInfo	*global_alloc@VaultInfo
</harden/bcfiles/edk_bcfiles/KeyVault.bc>:CreateVaultKey:12:1:@VaultInfo	*global_alloc@VaultInfo
</harden/bcfiles/edk_bcfiles/KeyVault.bc>:CreateVaultKey:75:1:@VaultInfo	*global_alloc@VaultInfo
</harden/bcfiles/edk_bcfiles/KeyVault.bc>:CreateVaultKey:81:1:@VaultInfo	*global_alloc@VaultInfo
</harden/bcfiles/edk_bcfiles/KeyVault.bc>:CreateVaultKey:87:1:@VaultInfo	*global_alloc@VaultInfo
</harden/bcfiles/edk_bcfiles/KeyVault.bc>:CreateVaultKey:95:1:@VaultInfo	*global_alloc@VaultInfo
</harden/bcfiles/edk_bcfiles/KeyVault.bc>:CreateVaultKey:107:1:@VaultInfo	*global_alloc@VaultInfo
</harden/bcfiles/edk_bcfiles/KeyVault.bc>:CreateVaultKey:119:1:@VaultInfo	*global_alloc@VaultInfo
</harden/bcfiles/edk_bcfiles/KeyVault.bc>:CreateVaultKey:127:1:@VaultInfo	*global_alloc@VaultInfo
</harden/bcfiles/edk_bcfiles/KeyVault.bc>:ReadVaultKey:77:1:@VaultInfo	*global_alloc@VaultInfo
</harden/bcfiles/edk_bcfiles/KeyVault.bc>:ReadVaultKey:101:1:@VaultInfo	*global_alloc@VaultInfo
</harden/bcfiles/edk_bcfiles/KeyVault.bc>:VaultKeyAbort:0:1:@VaultInfo	*global_alloc@VaultInfo
</harden/bcfiles/edk_bcfiles/KeyVault.bc>:VaultKeyAbort:6:1:@VaultInfo	*global_alloc@VaultInfo
</harden/bcfiles/edk_bcfiles/KeyVault.bc>:VaultKeyAbort:8:2:@VaultInfo	*global_alloc@VaultInfo
</harden/bcfiles/edk_bcfiles/KeyVault.bc>:VaultKeyAbort:9:2:@VaultInfo	*global_alloc@VaultInfo
</harden/bcfiles/edk_bcfiles/KeyVault.bc>:VaultKeyAbort:10:2:@VaultInfo	*global_alloc@VaultInfo
</harden/bcfiles/edk_bcfiles/KeyVault.bc>:VaultKeyAbort:11:2:@VaultInfo	*global_alloc@VaultInfo
</harden/bcfiles/edk_bcfiles/KeyVault.bc>:VaultKeyAbort:12:2:@VaultInfo	*global_alloc@VaultInfo
</harden/bcfiles/edk_bcfiles/KeyVault.bc>:VaultKeyAbort:13:2:@VaultInfo	*global_alloc@VaultInfo
</harden/bcfiles/edk_bcfiles/KeyVault.bc>:KeyVaultInit:11:2:@VaultInfo	*global_alloc@VaultInfo
</harden/bcfiles/edk_bcfiles/KeyVault.bc>:KeyVaultInit:16:4:@VaultInfo	*global_alloc@VaultInfo
</harden/bcfiles/edk_bcfiles/KeyVault.bc>:KeyVaultInit:36:1:@VaultInfo	*global_alloc@VaultInfo
</harden/bcfiles/edk_bcfiles/KeyVault.bc>:KeyVaultInit:38:1:@VaultInfo	*global_alloc@VaultInfo
</harden/bcfiles/edk_bcfiles/KeyVault.bc>:KeyVaultInit:39:1:@VaultInfo	*global_alloc@VaultInfo
</harden/bcfiles/edk_bcfiles/KeyVault.bc>:KeyVaultInit:42:1:@VaultInfo	*global_alloc@VaultInfo
</harden/bcfiles/edk_bcfiles/KeyVault.bc>:KeyVaultInit:43:1:@VaultInfo	*global_alloc@VaultInfo
</harden/bcfiles/edk_bcfiles/KeyVault.bc>:KeyVaultInit:47:1:@VaultInfo	*global_alloc@VaultInfo
</harden/bcfiles/edk_bcfiles/KeyVault.bc>:KeyVaultInit:48:1:@VaultInfo	*global_alloc@VaultInfo
</harden/bcfiles/edk_bcfiles/KeyVault.bc>:KeyVaultInit:52:1:@VaultInfo	*global_alloc@VaultInfo
</harden/bcfiles/edk_bcfiles/KeyVault.bc>:KeyVaultInit:53:2:@VaultInfo	*global_alloc@VaultInfo
</harden/bcfiles/edk_bcfiles/KeyVault.bc>:KeyVaultInit:54:2:@VaultInfo	*global_alloc@VaultInfo
</harden/bcfiles/edk_bcfiles/KeyVault.bc>:CreateVaultKey:24:3:@.str	*global_alloc@.str
</harden/bcfiles/edk_bcfiles/KeyVault.bc>:CreateVaultKey:24:7:@__func__.CreateVaultKey	*global_alloc@__func__.CreateVaultKey
</harden/bcfiles/edk_bcfiles/KeyVault.bc>:CreateVaultKey:46:7:@__func__.CreateVaultKey	*global_alloc@__func__.CreateVaultKey
</harden/bcfiles/edk_bcfiles/KeyVault.bc>:CreateVaultKey:68:7:@__func__.CreateVaultKey	*global_alloc@__func__.CreateVaultKey
</harden/bcfiles/edk_bcfiles/KeyVault.bc>:CreateVaultKey:46:3:@.str.1	*global_alloc@.str.1
</harden/bcfiles/edk_bcfiles/KeyVault.bc>:ReadVaultKey:32:3:@.str.1	*global_alloc@.str.1
</harden/bcfiles/edk_bcfiles/KeyVault.bc>:CreateVaultKey:68:3:@.str.2	*global_alloc@.str.2
</harden/bcfiles/edk_bcfiles/KeyVault.bc>:ReadVaultKey:54:3:@.str.2	*global_alloc@.str.2
</harden/bcfiles/edk_bcfiles/KeyVault.bc>:ReadVaultKey:32:7:@__func__.ReadVaultKey	*global_alloc@__func__.ReadVaultKey
</harden/bcfiles/edk_bcfiles/KeyVault.bc>:ReadVaultKey:54:7:@__func__.ReadVaultKey	*global_alloc@__func__.ReadVaultKey
</harden/bcfiles/edk_bcfiles/KeyVault.bc>:KeyVaultHandler:35:3:@.str.3	*global_alloc@.str.3
</harden/bcfiles/edk_bcfiles/KeyVault.bc>:KeyVaultHandler:35:7:@__func__.KeyVaultHandler	*global_alloc@__func__.KeyVaultHandler
</harden/bcfiles/edk_bcfiles/KeyVault.bc>:KeyVaultHandler:65:7:@__func__.KeyVaultHandler	*global_alloc@__func__.KeyVaultHandler
</harden/bcfiles/edk_bcfiles/KeyVault.bc>:KeyVaultHandler:94:7:@__func__.KeyVaultHandler	*global_alloc@__func__.KeyVaultHandler
</harden/bcfiles/edk_bcfiles/KeyVault.bc>:KeyVaultHandler:65:3:@.str.4	*global_alloc@.str.4
</harden/bcfiles/edk_bcfiles/KeyVault.bc>:KeyVaultHandler:76:0:@gSmst	*global_alloc@gSmst
</harden/bcfiles/edk_bcfiles/KeyVault.bc>:VaultKeyAbort:3:0:@gSmst	*global_alloc@gSmst
</harden/bcfiles/edk_bcfiles/KeyVault.bc>:KeyVaultInit:13:0:@gSmst	*global_alloc@gSmst
</harden/bcfiles/edk_bcfiles/KeyVault.bc>:KeyVaultHandler:94:3:@.str.5	*global_alloc@.str.5
</harden/bcfiles/edk_bcfiles/KeyVault.bc>:KeyVaultHandler:138:3:@.str.6	*global_alloc@.str.6
</harden/bcfiles/edk_bcfiles/KeyVault.bc>:VaultKeyAbort:15:0:@DispatchHandle	*global_alloc@DispatchHandle
</harden/bcfiles/edk_bcfiles/KeyVault.bc>:VaultKeyAbort:21:0:bitcast (i8** @DispatchHandle to i8*)	*global_alloc@DispatchHandle
</harden/bcfiles/edk_bcfiles/KeyVault.bc>:VaultKeyAbort:21:1:@DispatchHandle	*global_alloc@DispatchHandle
</harden/bcfiles/edk_bcfiles/KeyVault.bc>:VaultKeyAbort:22:1:@DispatchHandle	*global_alloc@DispatchHandle
</harden/bcfiles/edk_bcfiles/KeyVault.bc>:KeyVaultInit:12:1:@DispatchHandle	*global_alloc@DispatchHandle
</harden/bcfiles/edk_bcfiles/KeyVault.bc>:KeyVaultInit:58:2:@DispatchHandle	*global_alloc@DispatchHandle
</harden/bcfiles/edk_bcfiles/KeyVault.bc>:VaultKeyAbort:18:0:@gMmst	*global_alloc@gMmst
</harden/bcfiles/edk_bcfiles/KeyVault.bc>:VaultKeyAbort:29:0:@gMmst	*global_alloc@gMmst
</harden/bcfiles/edk_bcfiles/KeyVault.bc>:KeyVaultInit:55:0:@gMmst	*global_alloc@gMmst
</harden/bcfiles/edk_bcfiles/KeyVault.bc>:KeyVaultInit:81:0:@gMmst	*global_alloc@gMmst
</harden/bcfiles/edk_bcfiles/KeyVault.bc>:VaultKeyAbort:24:2:@VaultProto	*global_alloc@VaultProto
</harden/bcfiles/edk_bcfiles/KeyVault.bc>:VaultKeyAbort:25:2:@VaultProto	*global_alloc@VaultProto
</harden/bcfiles/edk_bcfiles/KeyVault.bc>:VaultKeyAbort:32:3:bitcast (%struct.KEY_VAULT_PROTOCOL* @VaultProto to i8*)	*global_alloc@VaultProto
</harden/bcfiles/edk_bcfiles/KeyVault.bc>:VaultKeyAbort:32:4:@VaultProto	*global_alloc@VaultProto
</harden/bcfiles/edk_bcfiles/KeyVault.bc>:KeyVaultInit:9:2:@VaultProto	*global_alloc@VaultProto
</harden/bcfiles/edk_bcfiles/KeyVault.bc>:KeyVaultInit:10:2:@VaultProto	*global_alloc@VaultProto
</harden/bcfiles/edk_bcfiles/KeyVault.bc>:KeyVaultInit:79:2:@VaultProto	*global_alloc@VaultProto
</harden/bcfiles/edk_bcfiles/KeyVault.bc>:KeyVaultInit:80:2:@VaultProto	*global_alloc@VaultProto
</harden/bcfiles/edk_bcfiles/KeyVault.bc>:KeyVaultInit:84:3:bitcast (%struct.KEY_VAULT_PROTOCOL* @VaultProto to i8*)	*global_alloc@VaultProto
</harden/bcfiles/edk_bcfiles/KeyVault.bc>:KeyVaultInit:84:4:@VaultProto	*global_alloc@VaultProto
</harden/bcfiles/edk_bcfiles/KeyVault.bc>:VaultKeyAbort:26:0:@ProtocolHandle	*global_alloc@ProtocolHandle
</harden/bcfiles/edk_bcfiles/KeyVault.bc>:VaultKeyAbort:32:0:bitcast (i8** @ProtocolHandle to i8*)	*global_alloc@ProtocolHandle
</harden/bcfiles/edk_bcfiles/KeyVault.bc>:VaultKeyAbort:32:1:@ProtocolHandle	*global_alloc@ProtocolHandle
</harden/bcfiles/edk_bcfiles/KeyVault.bc>:KeyVaultInit:84:0:@ProtocolHandle	*global_alloc@ProtocolHandle
</harden/bcfiles/edk_bcfiles/KeyVault.bc>:VaultKeyAbort:32:2:@gEfiKeyVaultProtocolGuid	*global_alloc@gEfiKeyVaultProtocolGuid
</harden/bcfiles/edk_bcfiles/KeyVault.bc>:KeyVaultInit:84:1:@gEfiKeyVaultProtocolGuid	*global_alloc@gEfiKeyVaultProtocolGuid
</harden/bcfiles/edk_bcfiles/KeyVault.bc>:KeyVaultInit:29:3:@.str.7	*global_alloc@.str.7
</harden/bcfiles/edk_bcfiles/KeyVault.bc>:KeyVaultInit:29:7:@__func__.KeyVaultInit	*global_alloc@__func__.KeyVaultInit
</harden/bcfiles/edk_bcfiles/KeyVault.bc>:KeyVaultInit:71:7:@__func__.KeyVaultInit	*global_alloc@__func__.KeyVaultInit
</harden/bcfiles/edk_bcfiles/KeyVault.bc>:KeyVaultInit:97:7:@__func__.KeyVaultInit	*global_alloc@__func__.KeyVaultInit
</harden/bcfiles/edk_bcfiles/KeyVault.bc>:KeyVaultInit:58:1:@gEfiKeyVaultCommGuid	*global_alloc@gEfiKeyVaultCommGuid
</harden/bcfiles/edk_bcfiles/KeyVault.bc>:KeyVaultInit:71:3:@.str.8	*global_alloc@.str.8
</harden/bcfiles/edk_bcfiles/KeyVault.bc>:KeyVaultInit:97:3:@.str.9	*global_alloc@.str.9
</harden/bcfiles/edk_bcfiles/KeyVault.bc>:CreateVaultKey:24:2:getelementptr inbounds ([48 x i8], [48 x i8]* @.str, i64 0, i64 0)	*global_alloc@.str[0]
</harden/bcfiles/edk_bcfiles/KeyVault.bc>:CreateVaultKey:24:6:getelementptr inbounds ([15 x i8], [15 x i8]* @__func__.CreateVaultKey, i64 0, i64 0)	*global_alloc@__func__.CreateVaultKey[0]
</harden/bcfiles/edk_bcfiles/KeyVault.bc>:CreateVaultKey:46:6:getelementptr inbounds ([15 x i8], [15 x i8]* @__func__.CreateVaultKey, i64 0, i64 0)	*global_alloc@__func__.CreateVaultKey[0]
</harden/bcfiles/edk_bcfiles/KeyVault.bc>:CreateVaultKey:68:6:getelementptr inbounds ([15 x i8], [15 x i8]* @__func__.CreateVaultKey, i64 0, i64 0)	*global_alloc@__func__.CreateVaultKey[0]
</harden/bcfiles/edk_bcfiles/KeyVault.bc>:CreateVaultKey:46:2:getelementptr inbounds ([31 x i8], [31 x i8]* @.str.1, i64 0, i64 0)	*global_alloc@.str.1[0]
</harden/bcfiles/edk_bcfiles/KeyVault.bc>:ReadVaultKey:32:2:getelementptr inbounds ([31 x i8], [31 x i8]* @.str.1, i64 0, i64 0)	*global_alloc@.str.1[0]
</harden/bcfiles/edk_bcfiles/KeyVault.bc>:CreateVaultKey:68:2:getelementptr inbounds ([31 x i8], [31 x i8]* @.str.2, i64 0, i64 0)	*global_alloc@.str.2[0]
</harden/bcfiles/edk_bcfiles/KeyVault.bc>:ReadVaultKey:54:2:getelementptr inbounds ([31 x i8], [31 x i8]* @.str.2, i64 0, i64 0)	*global_alloc@.str.2[0]
</harden/bcfiles/edk_bcfiles/KeyVault.bc>:ReadVaultKey:32:6:getelementptr inbounds ([13 x i8], [13 x i8]* @__func__.ReadVaultKey, i64 0, i64 0)	*global_alloc@__func__.ReadVaultKey[0]
</harden/bcfiles/edk_bcfiles/KeyVault.bc>:ReadVaultKey:54:6:getelementptr inbounds ([13 x i8], [13 x i8]* @__func__.ReadVaultKey, i64 0, i64 0)	*global_alloc@__func__.ReadVaultKey[0]
</harden/bcfiles/edk_bcfiles/KeyVault.bc>:KeyVaultHandler:35:2:getelementptr inbounds ([42 x i8], [42 x i8]* @.str.3, i64 0, i64 0)	*global_alloc@.str.3[0]
</harden/bcfiles/edk_bcfiles/KeyVault.bc>:KeyVaultHandler:35:6:getelementptr inbounds ([16 x i8], [16 x i8]* @__func__.KeyVaultHandler, i64 0, i64 0)	*global_alloc@__func__.KeyVaultHandler[0]
</harden/bcfiles/edk_bcfiles/KeyVault.bc>:KeyVaultHandler:65:6:getelementptr inbounds ([16 x i8], [16 x i8]* @__func__.KeyVaultHandler, i64 0, i64 0)	*global_alloc@__func__.KeyVaultHandler[0]
</harden/bcfiles/edk_bcfiles/KeyVault.bc>:KeyVaultHandler:94:6:getelementptr inbounds ([16 x i8], [16 x i8]* @__func__.KeyVaultHandler, i64 0, i64 0)	*global_alloc@__func__.KeyVaultHandler[0]
</harden/bcfiles/edk_bcfiles/KeyVault.bc>:KeyVaultHandler:65:2:getelementptr inbounds ([61 x i8], [61 x i8]* @.str.4, i64 0, i64 0)	*global_alloc@.str.4[0]
</harden/bcfiles/edk_bcfiles/KeyVault.bc>:KeyVaultHandler:94:2:getelementptr inbounds ([31 x i8], [31 x i8]* @.str.5, i64 0, i64 0)	*global_alloc@.str.5[0]
</harden/bcfiles/edk_bcfiles/KeyVault.bc>:KeyVaultHandler:138:2:getelementptr inbounds ([30 x i8], [30 x i8]* @.str.6, i64 0, i64 0)	*global_alloc@.str.6[0]
</harden/bcfiles/edk_bcfiles/KeyVault.bc>:KeyVaultInit:29:2:getelementptr inbounds ([36 x i8], [36 x i8]* @.str.7, i64 0, i64 0)	*global_alloc@.str.7[0]
</harden/bcfiles/edk_bcfiles/KeyVault.bc>:KeyVaultInit:29:6:getelementptr inbounds ([13 x i8], [13 x i8]* @__func__.KeyVaultInit, i64 0, i64 0)	*global_alloc@__func__.KeyVaultInit[0]
</harden/bcfiles/edk_bcfiles/KeyVault.bc>:KeyVaultInit:71:6:getelementptr inbounds ([13 x i8], [13 x i8]* @__func__.KeyVaultInit, i64 0, i64 0)	*global_alloc@__func__.KeyVaultInit[0]
</harden/bcfiles/edk_bcfiles/KeyVault.bc>:KeyVaultInit:97:6:getelementptr inbounds ([13 x i8], [13 x i8]* @__func__.KeyVaultInit, i64 0, i64 0)	*global_alloc@__func__.KeyVaultInit[0]
</harden/bcfiles/edk_bcfiles/KeyVault.bc>:KeyVaultInit:71:2:getelementptr inbounds ([36 x i8], [36 x i8]* @.str.8, i64 0, i64 0)	*global_alloc@.str.8[0]
</harden/bcfiles/edk_bcfiles/KeyVault.bc>:KeyVaultInit:97:2:getelementptr inbounds ([33 x i8], [33 x i8]* @.str.9, i64 0, i64 0)	*global_alloc@.str.9[0]
</harden/bcfiles/edk_bcfiles/KeyVault.bc>:VaultKeyAbort:0:0:getelementptr inbounds (%struct.KEY_VAULT_INFO, %struct.KEY_VAULT_INFO* @VaultInfo, i32 0, i32 0)	*global_alloc@VaultInfo[0].?/0
</harden/bcfiles/edk_bcfiles/KeyVault.bc>:VaultKeyAbort:6:0:getelementptr inbounds (%struct.KEY_VAULT_INFO, %struct.KEY_VAULT_INFO* @VaultInfo, i32 0, i32 0)	*global_alloc@VaultInfo[0].?/0
</harden/bcfiles/edk_bcfiles/KeyVault.bc>:VaultKeyAbort:8:1:getelementptr inbounds (%struct.KEY_VAULT_INFO, %struct.KEY_VAULT_INFO* @VaultInfo, i32 0, i32 0)	*global_alloc@VaultInfo[0].?/0
</harden/bcfiles/edk_bcfiles/KeyVault.bc>:KeyVaultInit:11:1:getelementptr inbounds (%struct.KEY_VAULT_INFO, %struct.KEY_VAULT_INFO* @VaultInfo, i32 0, i32 0)	*global_alloc@VaultInfo[0].?/0
</harden/bcfiles/edk_bcfiles/KeyVault.bc>:KeyVaultInit:16:3:getelementptr inbounds (%struct.KEY_VAULT_INFO, %struct.KEY_VAULT_INFO* @VaultInfo, i32 0, i32 0)	*global_alloc@VaultInfo[0].?/0
</harden/bcfiles/edk_bcfiles/KeyVault.bc>:KeyVaultInit:36:0:getelementptr inbounds (%struct.KEY_VAULT_INFO, %struct.KEY_VAULT_INFO* @VaultInfo, i32 0, i32 0)	*global_alloc@VaultInfo[0].?/0
</harden/bcfiles/edk_bcfiles/KeyVault.bc>:KeyVaultInit:39:0:getelementptr inbounds (%struct.KEY_VAULT_INFO, %struct.KEY_VAULT_INFO* @VaultInfo, i32 0, i32 0)	*global_alloc@VaultInfo[0].?/0
</harden/bcfiles/edk_bcfiles/KeyVault.bc>:CreateVaultKey:107:0:getelementptr inbounds (%struct.KEY_VAULT_INFO, %struct.KEY_VAULT_INFO* @VaultInfo, i32 0, i32 1)	*global_alloc@VaultInfo[0].?/1
</harden/bcfiles/edk_bcfiles/KeyVault.bc>:ReadVaultKey:101:0:getelementptr inbounds (%struct.KEY_VAULT_INFO, %struct.KEY_VAULT_INFO* @VaultInfo, i32 0, i32 1)	*global_alloc@VaultInfo[0].?/1
</harden/bcfiles/edk_bcfiles/KeyVault.bc>:VaultKeyAbort:9:1:getelementptr inbounds (%struct.KEY_VAULT_INFO, %struct.KEY_VAULT_INFO* @VaultInfo, i32 0, i32 1)	*global_alloc@VaultInfo[0].?/1
</harden/bcfiles/edk_bcfiles/KeyVault.bc>:KeyVaultInit:38:0:getelementptr inbounds (%struct.KEY_VAULT_INFO, %struct.KEY_VAULT_INFO* @VaultInfo, i32 0, i32 1)	*global_alloc@VaultInfo[0].?/1
</harden/bcfiles/edk_bcfiles/KeyVault.bc>:CheckKeyMatches:28:0:getelementptr inbounds (%struct.KEY_VAULT_INFO, %struct.KEY_VAULT_INFO* @VaultInfo, i32 0, i32 2)	*global_alloc@VaultInfo[0].?/2
</harden/bcfiles/edk_bcfiles/KeyVault.bc>:CreateVaultKey:127:0:getelementptr inbounds (%struct.KEY_VAULT_INFO, %struct.KEY_VAULT_INFO* @VaultInfo, i32 0, i32 2)	*global_alloc@VaultInfo[0].?/2
</harden/bcfiles/edk_bcfiles/KeyVault.bc>:VaultKeyAbort:12:1:getelementptr inbounds (%struct.KEY_VAULT_INFO, %struct.KEY_VAULT_INFO* @VaultInfo, i32 0, i32 2)	*global_alloc@VaultInfo[0].?/2
</harden/bcfiles/edk_bcfiles/KeyVault.bc>:KeyVaultInit:52:0:getelementptr inbounds (%struct.KEY_VAULT_INFO, %struct.KEY_VAULT_INFO* @VaultInfo, i32 0, i32 2)	*global_alloc@VaultInfo[0].?/2
</harden/bcfiles/edk_bcfiles/KeyVault.bc>:CheckKeyMatches:39:0:getelementptr inbounds (%struct.KEY_VAULT_INFO, %struct.KEY_VAULT_INFO* @VaultInfo, i32 0, i32 3)	*global_alloc@VaultInfo[0].?/3
</harden/bcfiles/edk_bcfiles/KeyVault.bc>:CreateVaultKey:95:0:getelementptr inbounds (%struct.KEY_VAULT_INFO, %struct.KEY_VAULT_INFO* @VaultInfo, i32 0, i32 3)	*global_alloc@VaultInfo[0].?/3
</harden/bcfiles/edk_bcfiles/KeyVault.bc>:VaultKeyAbort:10:1:getelementptr inbounds (%struct.KEY_VAULT_INFO, %struct.KEY_VAULT_INFO* @VaultInfo, i32 0, i32 3)	*global_alloc@VaultInfo[0].?/3
</harden/bcfiles/edk_bcfiles/KeyVault.bc>:KeyVaultInit:42:0:getelementptr inbounds (%struct.KEY_VAULT_INFO, %struct.KEY_VAULT_INFO* @VaultInfo, i32 0, i32 3)	*global_alloc@VaultInfo[0].?/3
</harden/bcfiles/edk_bcfiles/KeyVault.bc>:KeyVaultInit:43:0:getelementptr inbounds (%struct.KEY_VAULT_INFO, %struct.KEY_VAULT_INFO* @VaultInfo, i32 0, i32 3)	*global_alloc@VaultInfo[0].?/3
</harden/bcfiles/edk_bcfiles/KeyVault.bc>:CheckKeyMatches:18:0:getelementptr inbounds (%struct.KEY_VAULT_INFO, %struct.KEY_VAULT_INFO* @VaultInfo, i32 0, i32 4)	*global_alloc@VaultInfo[0].?/4
</harden/bcfiles/edk_bcfiles/KeyVault.bc>:CreateVaultKey:119:0:getelementptr inbounds (%struct.KEY_VAULT_INFO, %struct.KEY_VAULT_INFO* @VaultInfo, i32 0, i32 4)	*global_alloc@VaultInfo[0].?/4
</harden/bcfiles/edk_bcfiles/KeyVault.bc>:VaultKeyAbort:11:1:getelementptr inbounds (%struct.KEY_VAULT_INFO, %struct.KEY_VAULT_INFO* @VaultInfo, i32 0, i32 4)	*global_alloc@VaultInfo[0].?/4
</harden/bcfiles/edk_bcfiles/KeyVault.bc>:KeyVaultInit:47:0:getelementptr inbounds (%struct.KEY_VAULT_INFO, %struct.KEY_VAULT_INFO* @VaultInfo, i32 0, i32 4)	*global_alloc@VaultInfo[0].?/4
</harden/bcfiles/edk_bcfiles/KeyVault.bc>:KeyVaultInit:48:0:getelementptr inbounds (%struct.KEY_VAULT_INFO, %struct.KEY_VAULT_INFO* @VaultInfo, i32 0, i32 4)	*global_alloc@VaultInfo[0].?/4
</harden/bcfiles/edk_bcfiles/KeyVault.bc>:KeyVaultInit:53:1:getelementptr inbounds (%struct.KEY_VAULT_INFO, %struct.KEY_VAULT_INFO* @VaultInfo, i32 0, i32 5)	*global_alloc@VaultInfo[0].?/5
</harden/bcfiles/edk_bcfiles/KeyVault.bc>:CreateVaultKey:12:0:getelementptr inbounds (%struct.KEY_VAULT_INFO, %struct.KEY_VAULT_INFO* @VaultInfo, i32 0, i32 6)	*global_alloc@VaultInfo[0].?/6
</harden/bcfiles/edk_bcfiles/KeyVault.bc>:CreateVaultKey:75:0:getelementptr inbounds (%struct.KEY_VAULT_INFO, %struct.KEY_VAULT_INFO* @VaultInfo, i32 0, i32 6)	*global_alloc@VaultInfo[0].?/6
</harden/bcfiles/edk_bcfiles/KeyVault.bc>:CreateVaultKey:81:0:getelementptr inbounds (%struct.KEY_VAULT_INFO, %struct.KEY_VAULT_INFO* @VaultInfo, i32 0, i32 6)	*global_alloc@VaultInfo[0].?/6
</harden/bcfiles/edk_bcfiles/KeyVault.bc>:CreateVaultKey:87:0:getelementptr inbounds (%struct.KEY_VAULT_INFO, %struct.KEY_VAULT_INFO* @VaultInfo, i32 0, i32 6)	*global_alloc@VaultInfo[0].?/6
</harden/bcfiles/edk_bcfiles/KeyVault.bc>:ReadVaultKey:77:0:getelementptr inbounds (%struct.KEY_VAULT_INFO, %struct.KEY_VAULT_INFO* @VaultInfo, i32 0, i32 6)	*global_alloc@VaultInfo[0].?/6
</harden/bcfiles/edk_bcfiles/KeyVault.bc>:VaultKeyAbort:13:1:getelementptr inbounds (%struct.KEY_VAULT_INFO, %struct.KEY_VAULT_INFO* @VaultInfo, i32 0, i32 6)	*global_alloc@VaultInfo[0].?/6
</harden/bcfiles/edk_bcfiles/KeyVault.bc>:KeyVaultInit:54:1:getelementptr inbounds (%struct.KEY_VAULT_INFO, %struct.KEY_VAULT_INFO* @VaultInfo, i32 0, i32 6)	*global_alloc@VaultInfo[0].?/6
</harden/bcfiles/edk_bcfiles/KeyVault.bc>:VaultKeyAbort:25:1:getelementptr inbounds (%struct.KEY_VAULT_PROTOCOL, %struct.KEY_VAULT_PROTOCOL* @VaultProto, i32 0, i32 0)	*global_alloc@VaultProto[0].?/0
</harden/bcfiles/edk_bcfiles/KeyVault.bc>:KeyVaultInit:9:1:getelementptr inbounds (%struct.KEY_VAULT_PROTOCOL, %struct.KEY_VAULT_PROTOCOL* @VaultProto, i32 0, i32 0)	*global_alloc@VaultProto[0].?/0
</harden/bcfiles/edk_bcfiles/KeyVault.bc>:KeyVaultInit:79:1:getelementptr inbounds (%struct.KEY_VAULT_PROTOCOL, %struct.KEY_VAULT_PROTOCOL* @VaultProto, i32 0, i32 0)	*global_alloc@VaultProto[0].?/0
</harden/bcfiles/edk_bcfiles/KeyVault.bc>:VaultKeyAbort:24:1:getelementptr inbounds (%struct.KEY_VAULT_PROTOCOL, %struct.KEY_VAULT_PROTOCOL* @VaultProto, i32 0, i32 1)	*global_alloc@VaultProto[0].?/1
</harden/bcfiles/edk_bcfiles/KeyVault.bc>:KeyVaultInit:10:1:getelementptr inbounds (%struct.KEY_VAULT_PROTOCOL, %struct.KEY_VAULT_PROTOCOL* @VaultProto, i32 0, i32 1)	*global_alloc@VaultProto[0].?/1
</harden/bcfiles/edk_bcfiles/KeyVault.bc>:KeyVaultInit:80:1:getelementptr inbounds (%struct.KEY_VAULT_PROTOCOL, %struct.KEY_VAULT_PROTOCOL* @VaultProto, i32 0, i32 1)	*global_alloc@VaultProto[0].?/1
</harden/bcfiles/edk_bcfiles/KeyVault.bc>:CreateVaultKey:24:2:getelementptr inbounds ([48 x i8], [48 x i8]* @.str, i64 0, i64 0)	*global_alloc@.str[0][*]
</harden/bcfiles/edk_bcfiles/KeyVault.bc>:CreateVaultKey:24:6:getelementptr inbounds ([15 x i8], [15 x i8]* @__func__.CreateVaultKey, i64 0, i64 0)	*global_alloc@__func__.CreateVaultKey[0][*]
</harden/bcfiles/edk_bcfiles/KeyVault.bc>:CreateVaultKey:46:6:getelementptr inbounds ([15 x i8], [15 x i8]* @__func__.CreateVaultKey, i64 0, i64 0)	*global_alloc@__func__.CreateVaultKey[0][*]
</harden/bcfiles/edk_bcfiles/KeyVault.bc>:CreateVaultKey:68:6:getelementptr inbounds ([15 x i8], [15 x i8]* @__func__.CreateVaultKey, i64 0, i64 0)	*global_alloc@__func__.CreateVaultKey[0][*]
</harden/bcfiles/edk_bcfiles/KeyVault.bc>:CreateVaultKey:46:2:getelementptr inbounds ([31 x i8], [31 x i8]* @.str.1, i64 0, i64 0)	*global_alloc@.str.1[0][*]
</harden/bcfiles/edk_bcfiles/KeyVault.bc>:ReadVaultKey:32:2:getelementptr inbounds ([31 x i8], [31 x i8]* @.str.1, i64 0, i64 0)	*global_alloc@.str.1[0][*]
</harden/bcfiles/edk_bcfiles/KeyVault.bc>:CreateVaultKey:68:2:getelementptr inbounds ([31 x i8], [31 x i8]* @.str.2, i64 0, i64 0)	*global_alloc@.str.2[0][*]
</harden/bcfiles/edk_bcfiles/KeyVault.bc>:ReadVaultKey:54:2:getelementptr inbounds ([31 x i8], [31 x i8]* @.str.2, i64 0, i64 0)	*global_alloc@.str.2[0][*]
</harden/bcfiles/edk_bcfiles/KeyVault.bc>:ReadVaultKey:32:6:getelementptr inbounds ([13 x i8], [13 x i8]* @__func__.ReadVaultKey, i64 0, i64 0)	*global_alloc@__func__.ReadVaultKey[0][*]
</harden/bcfiles/edk_bcfiles/KeyVault.bc>:ReadVaultKey:54:6:getelementptr inbounds ([13 x i8], [13 x i8]* @__func__.ReadVaultKey, i64 0, i64 0)	*global_alloc@__func__.ReadVaultKey[0][*]
</harden/bcfiles/edk_bcfiles/KeyVault.bc>:KeyVaultHandler:35:2:getelementptr inbounds ([42 x i8], [42 x i8]* @.str.3, i64 0, i64 0)	*global_alloc@.str.3[0][*]
</harden/bcfiles/edk_bcfiles/KeyVault.bc>:KeyVaultHandler:35:6:getelementptr inbounds ([16 x i8], [16 x i8]* @__func__.KeyVaultHandler, i64 0, i64 0)	*global_alloc@__func__.KeyVaultHandler[0][*]
</harden/bcfiles/edk_bcfiles/KeyVault.bc>:KeyVaultHandler:65:6:getelementptr inbounds ([16 x i8], [16 x i8]* @__func__.KeyVaultHandler, i64 0, i64 0)	*global_alloc@__func__.KeyVaultHandler[0][*]
</harden/bcfiles/edk_bcfiles/KeyVault.bc>:KeyVaultHandler:94:6:getelementptr inbounds ([16 x i8], [16 x i8]* @__func__.KeyVaultHandler, i64 0, i64 0)	*global_alloc@__func__.KeyVaultHandler[0][*]
</harden/bcfiles/edk_bcfiles/KeyVault.bc>:KeyVaultHandler:65:2:getelementptr inbounds ([61 x i8], [61 x i8]* @.str.4, i64 0, i64 0)	*global_alloc@.str.4[0][*]
</harden/bcfiles/edk_bcfiles/KeyVault.bc>:KeyVaultHandler:94:2:getelementptr inbounds ([31 x i8], [31 x i8]* @.str.5, i64 0, i64 0)	*global_alloc@.str.5[0][*]
</harden/bcfiles/edk_bcfiles/KeyVault.bc>:KeyVaultHandler:138:2:getelementptr inbounds ([30 x i8], [30 x i8]* @.str.6, i64 0, i64 0)	*global_alloc@.str.6[0][*]
</harden/bcfiles/edk_bcfiles/KeyVault.bc>:KeyVaultInit:29:2:getelementptr inbounds ([36 x i8], [36 x i8]* @.str.7, i64 0, i64 0)	*global_alloc@.str.7[0][*]
</harden/bcfiles/edk_bcfiles/KeyVault.bc>:KeyVaultInit:29:6:getelementptr inbounds ([13 x i8], [13 x i8]* @__func__.KeyVaultInit, i64 0, i64 0)	*global_alloc@__func__.KeyVaultInit[0][*]
</harden/bcfiles/edk_bcfiles/KeyVault.bc>:KeyVaultInit:71:6:getelementptr inbounds ([13 x i8], [13 x i8]* @__func__.KeyVaultInit, i64 0, i64 0)	*global_alloc@__func__.KeyVaultInit[0][*]
</harden/bcfiles/edk_bcfiles/KeyVault.bc>:KeyVaultInit:97:6:getelementptr inbounds ([13 x i8], [13 x i8]* @__func__.KeyVaultInit, i64 0, i64 0)	*global_alloc@__func__.KeyVaultInit[0][*]
</harden/bcfiles/edk_bcfiles/KeyVault.bc>:KeyVaultInit:71:2:getelementptr inbounds ([36 x i8], [36 x i8]* @.str.8, i64 0, i64 0)	*global_alloc@.str.8[0][*]
</harden/bcfiles/edk_bcfiles/KeyVault.bc>:KeyVaultInit:97:2:getelementptr inbounds ([33 x i8], [33 x i8]* @.str.9, i64 0, i64 0)	*global_alloc@.str.9[0][*]
