*global_alloc@VaultInfo	%struct.KEY_VAULT_INFO
*global_alloc@.str	[48 x i8]
*global_alloc@__func__.CreateVaultKey	[15 x i8]
*global_alloc@.str.1	[31 x i8]
*global_alloc@.str.2	[31 x i8]
*global_alloc@__func__.ReadVaultKey	[13 x i8]
*global_alloc@.str.3	[42 x i8]
*global_alloc@__func__.KeyVaultHandler	[16 x i8]
*global_alloc@.str.4	[61 x i8]
*global_alloc@gSmst	%struct._EFI_SMM_SYSTEM_TABLE2*
*global_alloc@.str.5	[31 x i8]
*global_alloc@.str.6	[30 x i8]
*global_alloc@DispatchHandle	i8*
*global_alloc@gMmst	%struct._EFI_MM_SYSTEM_TABLE*
*global_alloc@VaultProto	%struct.KEY_VAULT_PROTOCOL
*global_alloc@ProtocolHandle	i8*
*global_alloc@gEfiKeyVaultProtocolGuid	%struct.GUID
*global_alloc@.str.7	[36 x i8]
*global_alloc@__func__.KeyVaultInit	[13 x i8]
*global_alloc@gEfiKeyVaultCommGuid	%struct.GUID
*global_alloc@.str.8	[36 x i8]
*global_alloc@.str.9	[33 x i8]
