</harden/bcfiles/edk_bcfiles/KeyVault.bc>:CheckKeyMatches	</harden/bcfiles/edk_bcfiles/KeyVault.bc>:CheckKeyMatches:%0	0
</harden/bcfiles/edk_bcfiles/KeyVault.bc>:CheckKeyMatches	</harden/bcfiles/edk_bcfiles/KeyVault.bc>:CheckKeyMatches:%1	1
</harden/bcfiles/edk_bcfiles/KeyVault.bc>:CheckKeyMatches	</harden/bcfiles/edk_bcfiles/KeyVault.bc>:CheckKeyMatches:%2	2
</harden/bcfiles/edk_bcfiles/KeyVault.bc>:CheckKeyMatches	</harden/bcfiles/edk_bcfiles/KeyVault.bc>:CheckKeyMatches:%3	3
</harden/bcfiles/edk_bcfiles/KeyVault.bc>:CheckKeyMatches	</harden/bcfiles/edk_bcfiles/KeyVault.bc>:CheckKeyMatches:%4	4
</harden/bcfiles/edk_bcfiles/KeyVault.bc>:CreateVaultKey	</harden/bcfiles/edk_bcfiles/KeyVault.bc>:CreateVaultKey:%0	0
</harden/bcfiles/edk_bcfiles/KeyVault.bc>:ReadVaultKey	</harden/bcfiles/edk_bcfiles/KeyVault.bc>:ReadVaultKey:%0	0
</harden/bcfiles/edk_bcfiles/KeyVault.bc>:ReadVaultKey	</harden/bcfiles/edk_bcfiles/KeyVault.bc>:ReadVaultKey:%1	1
</harden/bcfiles/edk_bcfiles/KeyVault.bc>:KeyVaultHandler	</harden/bcfiles/edk_bcfiles/KeyVault.bc>:KeyVaultHandler:%0	0
</harden/bcfiles/edk_bcfiles/KeyVault.bc>:KeyVaultHandler	</harden/bcfiles/edk_bcfiles/KeyVault.bc>:KeyVaultHandler:%1	1
</harden/bcfiles/edk_bcfiles/KeyVault.bc>:KeyVaultHandler	</harden/bcfiles/edk_bcfiles/KeyVault.bc>:KeyVaultHandler:%2	2
</harden/bcfiles/edk_bcfiles/KeyVault.bc>:KeyVaultHandler	</harden/bcfiles/edk_bcfiles/KeyVault.bc>:KeyVaultHandler:%3	3
</harden/bcfiles/edk_bcfiles/KeyVault.bc>:KeyVaultInit	</harden/bcfiles/edk_bcfiles/KeyVault.bc>:KeyVaultInit:%0	0
</harden/bcfiles/edk_bcfiles/KeyVault.bc>:KeyVaultInit	</harden/bcfiles/edk_bcfiles/KeyVault.bc>:KeyVaultInit:%1	1
