</harden/bcfiles/edk_bcfiles/KeyVault.bc>:CheckKeyMatches	</harden/bcfiles/edk_bcfiles/KeyVault.bc>:ReadVaultKey:%80
</harden/bcfiles/edk_bcfiles/KeyVault.bc>:CreateVaultKey	</harden/bcfiles/edk_bcfiles/KeyVault.bc>:KeyVaultHandler:%103
</harden/bcfiles/edk_bcfiles/KeyVault.bc>:ReadVaultKey	</harden/bcfiles/edk_bcfiles/KeyVault.bc>:KeyVaultHandler:%107
</harden/bcfiles/edk_bcfiles/KeyVault.bc>:VaultKeyAbort	</harden/bcfiles/edk_bcfiles/KeyVault.bc>:KeyVaultInit:%80
</harden/bcfiles/edk_bcfiles/KeyVault.bc>:VaultKeyAbort	</harden/bcfiles/edk_bcfiles/KeyVault.bc>:KeyVaultInit:%59
</harden/bcfiles/edk_bcfiles/KeyVault.bc>:CompareMem	</harden/bcfiles/edk_bcfiles/KeyVault.bc>:CheckKeyMatches:%28
</harden/bcfiles/edk_bcfiles/KeyVault.bc>:CompareMem	</harden/bcfiles/edk_bcfiles/KeyVault.bc>:CheckKeyMatches:%18
</harden/bcfiles/edk_bcfiles/KeyVault.bc>:CompareMem	</harden/bcfiles/edk_bcfiles/KeyVault.bc>:CheckKeyMatches:%37
</harden/bcfiles/edk_bcfiles/KeyVault.bc>:DebugPrintEnabled	</harden/bcfiles/edk_bcfiles/KeyVault.bc>:CreateVaultKey:%51
</harden/bcfiles/edk_bcfiles/KeyVault.bc>:DebugPrintEnabled	</harden/bcfiles/edk_bcfiles/KeyVault.bc>:CreateVaultKey:%13
</harden/bcfiles/edk_bcfiles/KeyVault.bc>:DebugPrintEnabled	</harden/bcfiles/edk_bcfiles/KeyVault.bc>:CreateVaultKey:%32
</harden/bcfiles/edk_bcfiles/KeyVault.bc>:DebugPrintEnabled	</harden/bcfiles/edk_bcfiles/KeyVault.bc>:ReadVaultKey:%37
</harden/bcfiles/edk_bcfiles/KeyVault.bc>:DebugPrintEnabled	</harden/bcfiles/edk_bcfiles/KeyVault.bc>:ReadVaultKey:%18
</harden/bcfiles/edk_bcfiles/KeyVault.bc>:DebugPrintEnabled	</harden/bcfiles/edk_bcfiles/KeyVault.bc>:KeyVaultHandler:%71
</harden/bcfiles/edk_bcfiles/KeyVault.bc>:DebugPrintEnabled	</harden/bcfiles/edk_bcfiles/KeyVault.bc>:KeyVaultHandler:%110
</harden/bcfiles/edk_bcfiles/KeyVault.bc>:DebugPrintEnabled	</harden/bcfiles/edk_bcfiles/KeyVault.bc>:KeyVaultHandler:%45
</harden/bcfiles/edk_bcfiles/KeyVault.bc>:DebugPrintEnabled	</harden/bcfiles/edk_bcfiles/KeyVault.bc>:KeyVaultHandler:%21
</harden/bcfiles/edk_bcfiles/KeyVault.bc>:DebugPrintEnabled	</harden/bcfiles/edk_bcfiles/KeyVault.bc>:KeyVaultInit:%69
</harden/bcfiles/edk_bcfiles/KeyVault.bc>:DebugPrintEnabled	</harden/bcfiles/edk_bcfiles/KeyVault.bc>:KeyVaultInit:%48
</harden/bcfiles/edk_bcfiles/KeyVault.bc>:DebugPrintEnabled	</harden/bcfiles/edk_bcfiles/KeyVault.bc>:KeyVaultInit:%15
</harden/bcfiles/edk_bcfiles/KeyVault.bc>:DebugPrintLevelEnabled	</harden/bcfiles/edk_bcfiles/KeyVault.bc>:CreateVaultKey:%55
</harden/bcfiles/edk_bcfiles/KeyVault.bc>:DebugPrintLevelEnabled	</harden/bcfiles/edk_bcfiles/KeyVault.bc>:CreateVaultKey:%17
</harden/bcfiles/edk_bcfiles/KeyVault.bc>:DebugPrintLevelEnabled	</harden/bcfiles/edk_bcfiles/KeyVault.bc>:CreateVaultKey:%36
</harden/bcfiles/edk_bcfiles/KeyVault.bc>:DebugPrintLevelEnabled	</harden/bcfiles/edk_bcfiles/KeyVault.bc>:ReadVaultKey:%41
</harden/bcfiles/edk_bcfiles/KeyVault.bc>:DebugPrintLevelEnabled	</harden/bcfiles/edk_bcfiles/KeyVault.bc>:ReadVaultKey:%22
</harden/bcfiles/edk_bcfiles/KeyVault.bc>:DebugPrintLevelEnabled	</harden/bcfiles/edk_bcfiles/KeyVault.bc>:KeyVaultHandler:%114
</harden/bcfiles/edk_bcfiles/KeyVault.bc>:DebugPrintLevelEnabled	</harden/bcfiles/edk_bcfiles/KeyVault.bc>:KeyVaultHandler:%75
</harden/bcfiles/edk_bcfiles/KeyVault.bc>:DebugPrintLevelEnabled	</harden/bcfiles/edk_bcfiles/KeyVault.bc>:KeyVaultHandler:%25
</harden/bcfiles/edk_bcfiles/KeyVault.bc>:DebugPrintLevelEnabled	</harden/bcfiles/edk_bcfiles/KeyVault.bc>:KeyVaultHandler:%49
</harden/bcfiles/edk_bcfiles/KeyVault.bc>:DebugPrintLevelEnabled	</harden/bcfiles/edk_bcfiles/KeyVault.bc>:KeyVaultInit:%73
</harden/bcfiles/edk_bcfiles/KeyVault.bc>:DebugPrintLevelEnabled	</harden/bcfiles/edk_bcfiles/KeyVault.bc>:KeyVaultInit:%52
</harden/bcfiles/edk_bcfiles/KeyVault.bc>:DebugPrintLevelEnabled	</harden/bcfiles/edk_bcfiles/KeyVault.bc>:KeyVaultInit:%19
</harden/bcfiles/edk_bcfiles/KeyVault.bc>:AsciiStrLen	</harden/bcfiles/edk_bcfiles/KeyVault.bc>:CreateVaultKey:%28
</harden/bcfiles/edk_bcfiles/KeyVault.bc>:AsciiStrLen	</harden/bcfiles/edk_bcfiles/KeyVault.bc>:CreateVaultKey:%47
</harden/bcfiles/edk_bcfiles/KeyVault.bc>:AsciiStrLen	</harden/bcfiles/edk_bcfiles/KeyVault.bc>:ReadVaultKey:%33
</harden/bcfiles/edk_bcfiles/KeyVault.bc>:AsciiStrLen	</harden/bcfiles/edk_bcfiles/KeyVault.bc>:ReadVaultKey:%14
</harden/bcfiles/edk_bcfiles/KeyVault.bc>:llvm.cttz.i64	</harden/bcfiles/edk_bcfiles/KeyVault.bc>:CreateVaultKey:%65
</harden/bcfiles/edk_bcfiles/KeyVault.bc>:llvm.cttz.i64	</harden/bcfiles/edk_bcfiles/KeyVault.bc>:ReadVaultKey:%69
</harden/bcfiles/edk_bcfiles/KeyVault.bc>:CopyMem	</harden/bcfiles/edk_bcfiles/KeyVault.bc>:CreateVaultKey:%120
</harden/bcfiles/edk_bcfiles/KeyVault.bc>:CopyMem	</harden/bcfiles/edk_bcfiles/KeyVault.bc>:CreateVaultKey:%85
</harden/bcfiles/edk_bcfiles/KeyVault.bc>:CopyMem	</harden/bcfiles/edk_bcfiles/KeyVault.bc>:CreateVaultKey:%111
</harden/bcfiles/edk_bcfiles/KeyVault.bc>:CopyMem	</harden/bcfiles/edk_bcfiles/KeyVault.bc>:CreateVaultKey:%99
</harden/bcfiles/edk_bcfiles/KeyVault.bc>:CopyMem	</harden/bcfiles/edk_bcfiles/KeyVault.bc>:ReadVaultKey:%90
</harden/bcfiles/edk_bcfiles/KeyVault.bc>:CopyMem	</harden/bcfiles/edk_bcfiles/KeyVault.bc>:KeyVaultHandler:%89
</harden/bcfiles/edk_bcfiles/KeyVault.bc>:SetMem	</harden/bcfiles/edk_bcfiles/KeyVault.bc>:CreateVaultKey:%91
</harden/bcfiles/edk_bcfiles/KeyVault.bc>:SetMem	</harden/bcfiles/edk_bcfiles/KeyVault.bc>:CreateVaultKey:%89
</harden/bcfiles/edk_bcfiles/KeyVault.bc>:SetMem	</harden/bcfiles/edk_bcfiles/KeyVault.bc>:CreateVaultKey:%103
</harden/bcfiles/edk_bcfiles/KeyVault.bc>:SetMem	</harden/bcfiles/edk_bcfiles/KeyVault.bc>:ReadVaultKey:%100
</harden/bcfiles/edk_bcfiles/KeyVault.bc>:SetMem	</harden/bcfiles/edk_bcfiles/KeyVault.bc>:ReadVaultKey:%58
</harden/bcfiles/edk_bcfiles/KeyVault.bc>:SetMem	</harden/bcfiles/edk_bcfiles/KeyVault.bc>:ReadVaultKey:%92
</harden/bcfiles/edk_bcfiles/KeyVault.bc>:SetMem	</harden/bcfiles/edk_bcfiles/KeyVault.bc>:KeyVaultHandler:%97
</harden/bcfiles/edk_bcfiles/KeyVault.bc>:SetMem	</harden/bcfiles/edk_bcfiles/KeyVault.bc>:KeyVaultHandler:%93
</harden/bcfiles/edk_bcfiles/KeyVault.bc>:SetMem	</harden/bcfiles/edk_bcfiles/KeyVault.bc>:KeyVaultHandler:%124
