</harden/bcfiles/edk_bcfiles/KeyVault.bc>:CheckKeyMatches:7	</harden/bcfiles/edk_bcfiles/KeyVault.bc>:llvm.dbg.declare	llvm.dbg.declare
</harden/bcfiles/edk_bcfiles/KeyVault.bc>:CheckKeyMatches:9	</harden/bcfiles/edk_bcfiles/KeyVault.bc>:llvm.dbg.declare	llvm.dbg.declare
</harden/bcfiles/edk_bcfiles/KeyVault.bc>:CheckKeyMatches:11	</harden/bcfiles/edk_bcfiles/KeyVault.bc>:llvm.dbg.declare	llvm.dbg.declare
</harden/bcfiles/edk_bcfiles/KeyVault.bc>:CheckKeyMatches:13	</harden/bcfiles/edk_bcfiles/KeyVault.bc>:llvm.dbg.declare	llvm.dbg.declare
</harden/bcfiles/edk_bcfiles/KeyVault.bc>:CheckKeyMatches:15	</harden/bcfiles/edk_bcfiles/KeyVault.bc>:llvm.dbg.declare	llvm.dbg.declare
</harden/bcfiles/edk_bcfiles/KeyVault.bc>:CheckKeyMatches:22	</harden/bcfiles/edk_bcfiles/KeyVault.bc>:CompareMem	CompareMem
</harden/bcfiles/edk_bcfiles/KeyVault.bc>:CheckKeyMatches:33	</harden/bcfiles/edk_bcfiles/KeyVault.bc>:CompareMem	CompareMem
</harden/bcfiles/edk_bcfiles/KeyVault.bc>:CheckKeyMatches:43	</harden/bcfiles/edk_bcfiles/KeyVault.bc>:CompareMem	CompareMem
</harden/bcfiles/edk_bcfiles/KeyVault.bc>:CreateVaultKey:7	</harden/bcfiles/edk_bcfiles/KeyVault.bc>:llvm.dbg.declare	llvm.dbg.declare
</harden/bcfiles/edk_bcfiles/KeyVault.bc>:CreateVaultKey:8	</harden/bcfiles/edk_bcfiles/KeyVault.bc>:llvm.dbg.declare	llvm.dbg.declare
</harden/bcfiles/edk_bcfiles/KeyVault.bc>:CreateVaultKey:9	</harden/bcfiles/edk_bcfiles/KeyVault.bc>:llvm.dbg.declare	llvm.dbg.declare
</harden/bcfiles/edk_bcfiles/KeyVault.bc>:CreateVaultKey:10	</harden/bcfiles/edk_bcfiles/KeyVault.bc>:llvm.dbg.declare	llvm.dbg.declare
</harden/bcfiles/edk_bcfiles/KeyVault.bc>:CreateVaultKey:11	</harden/bcfiles/edk_bcfiles/KeyVault.bc>:llvm.dbg.declare	llvm.dbg.declare
</harden/bcfiles/edk_bcfiles/KeyVault.bc>:CreateVaultKey:17	</harden/bcfiles/edk_bcfiles/KeyVault.bc>:DebugPrintEnabled	DebugPrintEnabled
</harden/bcfiles/edk_bcfiles/KeyVault.bc>:CreateVaultKey:21	</harden/bcfiles/edk_bcfiles/KeyVault.bc>:DebugPrintLevelEnabled	DebugPrintLevelEnabled
</harden/bcfiles/edk_bcfiles/KeyVault.bc>:CreateVaultKey:24	</harden/bcfiles/edk_bcfiles/KeyVault.bc>:DebugPrint	DebugPrint
</harden/bcfiles/edk_bcfiles/KeyVault.bc>:CreateVaultKey:34	</harden/bcfiles/edk_bcfiles/KeyVault.bc>:AsciiStrLen	AsciiStrLen
</harden/bcfiles/edk_bcfiles/KeyVault.bc>:CreateVaultKey:39	</harden/bcfiles/edk_bcfiles/KeyVault.bc>:DebugPrintEnabled	DebugPrintEnabled
</harden/bcfiles/edk_bcfiles/KeyVault.bc>:CreateVaultKey:43	</harden/bcfiles/edk_bcfiles/KeyVault.bc>:DebugPrintLevelEnabled	DebugPrintLevelEnabled
</harden/bcfiles/edk_bcfiles/KeyVault.bc>:CreateVaultKey:46	</harden/bcfiles/edk_bcfiles/KeyVault.bc>:DebugPrint	DebugPrint
</harden/bcfiles/edk_bcfiles/KeyVault.bc>:CreateVaultKey:56	</harden/bcfiles/edk_bcfiles/KeyVault.bc>:AsciiStrLen	AsciiStrLen
</harden/bcfiles/edk_bcfiles/KeyVault.bc>:CreateVaultKey:61	</harden/bcfiles/edk_bcfiles/KeyVault.bc>:DebugPrintEnabled	DebugPrintEnabled
</harden/bcfiles/edk_bcfiles/KeyVault.bc>:CreateVaultKey:65	</harden/bcfiles/edk_bcfiles/KeyVault.bc>:DebugPrintLevelEnabled	DebugPrintLevelEnabled
</harden/bcfiles/edk_bcfiles/KeyVault.bc>:CreateVaultKey:68	</harden/bcfiles/edk_bcfiles/KeyVault.bc>:DebugPrint	DebugPrint
</harden/bcfiles/edk_bcfiles/KeyVault.bc>:CreateVaultKey:77	</harden/bcfiles/edk_bcfiles/KeyVault.bc>:llvm.cttz.i64	llvm.cttz.i64
</harden/bcfiles/edk_bcfiles/KeyVault.bc>:CreateVaultKey:94	</harden/bcfiles/edk_bcfiles/KeyVault.bc>:CalculateHash	CalculateHash
</harden/bcfiles/edk_bcfiles/KeyVault.bc>:CreateVaultKey:100	</harden/bcfiles/edk_bcfiles/KeyVault.bc>:CopyMem	CopyMem
</harden/bcfiles/edk_bcfiles/KeyVault.bc>:CreateVaultKey:104	</harden/bcfiles/edk_bcfiles/KeyVault.bc>:SetMem	SetMem
</harden/bcfiles/edk_bcfiles/KeyVault.bc>:CreateVaultKey:106	</harden/bcfiles/edk_bcfiles/KeyVault.bc>:SetMem	SetMem
</harden/bcfiles/edk_bcfiles/KeyVault.bc>:CreateVaultKey:114	</harden/bcfiles/edk_bcfiles/KeyVault.bc>:CopyMem	CopyMem
</harden/bcfiles/edk_bcfiles/KeyVault.bc>:CreateVaultKey:118	</harden/bcfiles/edk_bcfiles/KeyVault.bc>:SetMem	SetMem
</harden/bcfiles/edk_bcfiles/KeyVault.bc>:CreateVaultKey:126	</harden/bcfiles/edk_bcfiles/KeyVault.bc>:CopyMem	CopyMem
</harden/bcfiles/edk_bcfiles/KeyVault.bc>:CreateVaultKey:135	</harden/bcfiles/edk_bcfiles/KeyVault.bc>:CopyMem	CopyMem
</harden/bcfiles/edk_bcfiles/KeyVault.bc>:ReadVaultKey:9	</harden/bcfiles/edk_bcfiles/KeyVault.bc>:llvm.dbg.declare	llvm.dbg.declare
</harden/bcfiles/edk_bcfiles/KeyVault.bc>:ReadVaultKey:11	</harden/bcfiles/edk_bcfiles/KeyVault.bc>:llvm.dbg.declare	llvm.dbg.declare
</harden/bcfiles/edk_bcfiles/KeyVault.bc>:ReadVaultKey:12	</harden/bcfiles/edk_bcfiles/KeyVault.bc>:llvm.dbg.declare	llvm.dbg.declare
</harden/bcfiles/edk_bcfiles/KeyVault.bc>:ReadVaultKey:13	</harden/bcfiles/edk_bcfiles/KeyVault.bc>:llvm.dbg.declare	llvm.dbg.declare
</harden/bcfiles/edk_bcfiles/KeyVault.bc>:ReadVaultKey:14	</harden/bcfiles/edk_bcfiles/KeyVault.bc>:llvm.dbg.declare	llvm.dbg.declare
</harden/bcfiles/edk_bcfiles/KeyVault.bc>:ReadVaultKey:15	</harden/bcfiles/edk_bcfiles/KeyVault.bc>:llvm.dbg.declare	llvm.dbg.declare
</harden/bcfiles/edk_bcfiles/KeyVault.bc>:ReadVaultKey:16	</harden/bcfiles/edk_bcfiles/KeyVault.bc>:llvm.dbg.declare	llvm.dbg.declare
</harden/bcfiles/edk_bcfiles/KeyVault.bc>:ReadVaultKey:20	</harden/bcfiles/edk_bcfiles/KeyVault.bc>:AsciiStrLen	AsciiStrLen
</harden/bcfiles/edk_bcfiles/KeyVault.bc>:ReadVaultKey:25	</harden/bcfiles/edk_bcfiles/KeyVault.bc>:DebugPrintEnabled	DebugPrintEnabled
</harden/bcfiles/edk_bcfiles/KeyVault.bc>:ReadVaultKey:29	</harden/bcfiles/edk_bcfiles/KeyVault.bc>:DebugPrintLevelEnabled	DebugPrintLevelEnabled
</harden/bcfiles/edk_bcfiles/KeyVault.bc>:ReadVaultKey:32	</harden/bcfiles/edk_bcfiles/KeyVault.bc>:DebugPrint	DebugPrint
</harden/bcfiles/edk_bcfiles/KeyVault.bc>:ReadVaultKey:42	</harden/bcfiles/edk_bcfiles/KeyVault.bc>:AsciiStrLen	AsciiStrLen
</harden/bcfiles/edk_bcfiles/KeyVault.bc>:ReadVaultKey:47	</harden/bcfiles/edk_bcfiles/KeyVault.bc>:DebugPrintEnabled	DebugPrintEnabled
</harden/bcfiles/edk_bcfiles/KeyVault.bc>:ReadVaultKey:51	</harden/bcfiles/edk_bcfiles/KeyVault.bc>:DebugPrintLevelEnabled	DebugPrintLevelEnabled
</harden/bcfiles/edk_bcfiles/KeyVault.bc>:ReadVaultKey:54	</harden/bcfiles/edk_bcfiles/KeyVault.bc>:DebugPrint	DebugPrint
</harden/bcfiles/edk_bcfiles/KeyVault.bc>:ReadVaultKey:67	</harden/bcfiles/edk_bcfiles/KeyVault.bc>:CalculateHash	CalculateHash
</harden/bcfiles/edk_bcfiles/KeyVault.bc>:ReadVaultKey:71	</harden/bcfiles/edk_bcfiles/KeyVault.bc>:SetMem	SetMem
</harden/bcfiles/edk_bcfiles/KeyVault.bc>:ReadVaultKey:83	</harden/bcfiles/edk_bcfiles/KeyVault.bc>:llvm.cttz.i64	llvm.cttz.i64
</harden/bcfiles/edk_bcfiles/KeyVault.bc>:ReadVaultKey:95	</harden/bcfiles/edk_bcfiles/KeyVault.bc>:CheckKeyMatches	CheckKeyMatches
</harden/bcfiles/edk_bcfiles/KeyVault.bc>:ReadVaultKey:105	</harden/bcfiles/edk_bcfiles/KeyVault.bc>:CopyMem	CopyMem
</harden/bcfiles/edk_bcfiles/KeyVault.bc>:ReadVaultKey:107	</harden/bcfiles/edk_bcfiles/KeyVault.bc>:SetMem	SetMem
</harden/bcfiles/edk_bcfiles/KeyVault.bc>:ReadVaultKey:117	</harden/bcfiles/edk_bcfiles/KeyVault.bc>:SetMem	SetMem
</harden/bcfiles/edk_bcfiles/KeyVault.bc>:KeyVaultHandler:10	</harden/bcfiles/edk_bcfiles/KeyVault.bc>:llvm.dbg.declare	llvm.dbg.declare
</harden/bcfiles/edk_bcfiles/KeyVault.bc>:KeyVaultHandler:12	</harden/bcfiles/edk_bcfiles/KeyVault.bc>:llvm.dbg.declare	llvm.dbg.declare
</harden/bcfiles/edk_bcfiles/KeyVault.bc>:KeyVaultHandler:14	</harden/bcfiles/edk_bcfiles/KeyVault.bc>:llvm.dbg.declare	llvm.dbg.declare
</harden/bcfiles/edk_bcfiles/KeyVault.bc>:KeyVaultHandler:16	</harden/bcfiles/edk_bcfiles/KeyVault.bc>:llvm.dbg.declare	llvm.dbg.declare
</harden/bcfiles/edk_bcfiles/KeyVault.bc>:KeyVaultHandler:17	</harden/bcfiles/edk_bcfiles/KeyVault.bc>:llvm.dbg.declare	llvm.dbg.declare
</harden/bcfiles/edk_bcfiles/KeyVault.bc>:KeyVaultHandler:18	</harden/bcfiles/edk_bcfiles/KeyVault.bc>:llvm.dbg.declare	llvm.dbg.declare
</harden/bcfiles/edk_bcfiles/KeyVault.bc>:KeyVaultHandler:19	</harden/bcfiles/edk_bcfiles/KeyVault.bc>:llvm.dbg.declare	llvm.dbg.declare
</harden/bcfiles/edk_bcfiles/KeyVault.bc>:KeyVaultHandler:20	</harden/bcfiles/edk_bcfiles/KeyVault.bc>:llvm.dbg.declare	llvm.dbg.declare
</harden/bcfiles/edk_bcfiles/KeyVault.bc>:KeyVaultHandler:28	</harden/bcfiles/edk_bcfiles/KeyVault.bc>:DebugPrintEnabled	DebugPrintEnabled
</harden/bcfiles/edk_bcfiles/KeyVault.bc>:KeyVaultHandler:32	</harden/bcfiles/edk_bcfiles/KeyVault.bc>:DebugPrintLevelEnabled	DebugPrintLevelEnabled
</harden/bcfiles/edk_bcfiles/KeyVault.bc>:KeyVaultHandler:35	</harden/bcfiles/edk_bcfiles/KeyVault.bc>:DebugPrint	DebugPrint
</harden/bcfiles/edk_bcfiles/KeyVault.bc>:KeyVaultHandler:57	</harden/bcfiles/edk_bcfiles/KeyVault.bc>:DebugPrintEnabled	DebugPrintEnabled
</harden/bcfiles/edk_bcfiles/KeyVault.bc>:KeyVaultHandler:61	</harden/bcfiles/edk_bcfiles/KeyVault.bc>:DebugPrintLevelEnabled	DebugPrintLevelEnabled
</harden/bcfiles/edk_bcfiles/KeyVault.bc>:KeyVaultHandler:65	</harden/bcfiles/edk_bcfiles/KeyVault.bc>:DebugPrint	DebugPrint
</harden/bcfiles/edk_bcfiles/KeyVault.bc>:KeyVaultHandler:87	</harden/bcfiles/edk_bcfiles/KeyVault.bc>:DebugPrintEnabled	DebugPrintEnabled
</harden/bcfiles/edk_bcfiles/KeyVault.bc>:KeyVaultHandler:91	</harden/bcfiles/edk_bcfiles/KeyVault.bc>:DebugPrintLevelEnabled	DebugPrintLevelEnabled
</harden/bcfiles/edk_bcfiles/KeyVault.bc>:KeyVaultHandler:94	</harden/bcfiles/edk_bcfiles/KeyVault.bc>:DebugPrint	DebugPrint
</harden/bcfiles/edk_bcfiles/KeyVault.bc>:KeyVaultHandler:108	</harden/bcfiles/edk_bcfiles/KeyVault.bc>:CopyMem	CopyMem
</harden/bcfiles/edk_bcfiles/KeyVault.bc>:KeyVaultHandler:112	</harden/bcfiles/edk_bcfiles/KeyVault.bc>:SetMem	SetMem
</harden/bcfiles/edk_bcfiles/KeyVault.bc>:KeyVaultHandler:116	</harden/bcfiles/edk_bcfiles/KeyVault.bc>:SetMem	SetMem
</harden/bcfiles/edk_bcfiles/KeyVault.bc>:KeyVaultHandler:122	</harden/bcfiles/edk_bcfiles/KeyVault.bc>:CreateVaultKey	CreateVaultKey
</harden/bcfiles/edk_bcfiles/KeyVault.bc>:KeyVaultHandler:127	</harden/bcfiles/edk_bcfiles/KeyVault.bc>:ReadVaultKey	ReadVaultKey
</harden/bcfiles/edk_bcfiles/KeyVault.bc>:KeyVaultHandler:131	</harden/bcfiles/edk_bcfiles/KeyVault.bc>:DebugPrintEnabled	DebugPrintEnabled
</harden/bcfiles/edk_bcfiles/KeyVault.bc>:KeyVaultHandler:135	</harden/bcfiles/edk_bcfiles/KeyVault.bc>:DebugPrintLevelEnabled	DebugPrintLevelEnabled
</harden/bcfiles/edk_bcfiles/KeyVault.bc>:KeyVaultHandler:138	</harden/bcfiles/edk_bcfiles/KeyVault.bc>:DebugPrint	DebugPrint
</harden/bcfiles/edk_bcfiles/KeyVault.bc>:KeyVaultHandler:147	</harden/bcfiles/edk_bcfiles/KeyVault.bc>:SetMem	SetMem
</harden/bcfiles/edk_bcfiles/KeyVault.bc>:KeyVaultInit:5	</harden/bcfiles/edk_bcfiles/KeyVault.bc>:llvm.dbg.declare	llvm.dbg.declare
</harden/bcfiles/edk_bcfiles/KeyVault.bc>:KeyVaultInit:7	</harden/bcfiles/edk_bcfiles/KeyVault.bc>:llvm.dbg.declare	llvm.dbg.declare
</harden/bcfiles/edk_bcfiles/KeyVault.bc>:KeyVaultInit:8	</harden/bcfiles/edk_bcfiles/KeyVault.bc>:llvm.dbg.declare	llvm.dbg.declare
</harden/bcfiles/edk_bcfiles/KeyVault.bc>:KeyVaultInit:22	</harden/bcfiles/edk_bcfiles/KeyVault.bc>:DebugPrintEnabled	DebugPrintEnabled
</harden/bcfiles/edk_bcfiles/KeyVault.bc>:KeyVaultInit:26	</harden/bcfiles/edk_bcfiles/KeyVault.bc>:DebugPrintLevelEnabled	DebugPrintLevelEnabled
</harden/bcfiles/edk_bcfiles/KeyVault.bc>:KeyVaultInit:29	</harden/bcfiles/edk_bcfiles/KeyVault.bc>:DebugPrint	DebugPrint
</harden/bcfiles/edk_bcfiles/KeyVault.bc>:KeyVaultInit:64	</harden/bcfiles/edk_bcfiles/KeyVault.bc>:DebugPrintEnabled	DebugPrintEnabled
</harden/bcfiles/edk_bcfiles/KeyVault.bc>:KeyVaultInit:68	</harden/bcfiles/edk_bcfiles/KeyVault.bc>:DebugPrintLevelEnabled	DebugPrintLevelEnabled
</harden/bcfiles/edk_bcfiles/KeyVault.bc>:KeyVaultInit:71	</harden/bcfiles/edk_bcfiles/KeyVault.bc>:DebugPrint	DebugPrint
</harden/bcfiles/edk_bcfiles/KeyVault.bc>:KeyVaultInit:76	</harden/bcfiles/edk_bcfiles/KeyVault.bc>:VaultKeyAbort	VaultKeyAbort
</harden/bcfiles/edk_bcfiles/KeyVault.bc>:KeyVaultInit:90	</harden/bcfiles/edk_bcfiles/KeyVault.bc>:DebugPrintEnabled	DebugPrintEnabled
</harden/bcfiles/edk_bcfiles/KeyVault.bc>:KeyVaultInit:94	</harden/bcfiles/edk_bcfiles/KeyVault.bc>:DebugPrintLevelEnabled	DebugPrintLevelEnabled
</harden/bcfiles/edk_bcfiles/KeyVault.bc>:KeyVaultInit:97	</harden/bcfiles/edk_bcfiles/KeyVault.bc>:DebugPrint	DebugPrint
</harden/bcfiles/edk_bcfiles/KeyVault.bc>:KeyVaultInit:102	</harden/bcfiles/edk_bcfiles/KeyVault.bc>:VaultKeyAbort	VaultKeyAbort
