</harden/bcfiles/edk_bcfiles/HardwareManager.bc>:HardwareManagerHandler	</harden/bcfiles/edk_bcfiles/HardwareManager.bc>:HardwareManagerHandler:%367	</harden/bcfiles/edk_bcfiles/HardwareManager.bc>:HardwareManagerHandler:406:0:0	</harden/bcfiles/edk_bcfiles/HardwareManager.bc>:HardwareManagerHandler:%8	</harden/bcfiles/edk_bcfiles/HardwareManager.bc>:HardwareManagerHandler:406	[</harden/bcfiles/edk_bcfiles/HardwareManager.bc>:HardwareManagerHandler:%12, </harden/bcfiles/edk_bcfiles/HardwareManager.bc>:HardwareManagerHandler:%367]	218
</harden/bcfiles/edk_bcfiles/HardwareManager.bc>:HardwareManagerHandler	</harden/bcfiles/edk_bcfiles/HardwareManager.bc>:HardwareManagerHandler:%360	</harden/bcfiles/edk_bcfiles/HardwareManager.bc>:HardwareManagerHandler:398:0:0	</harden/bcfiles/edk_bcfiles/HardwareManager.bc>:HardwareManagerHandler:%8	</harden/bcfiles/edk_bcfiles/HardwareManager.bc>:HardwareManagerHandler:398	[</harden/bcfiles/edk_bcfiles/HardwareManager.bc>:HardwareManagerHandler:%12, </harden/bcfiles/edk_bcfiles/HardwareManager.bc>:HardwareManagerHandler:%360]	212
</harden/bcfiles/edk_bcfiles/HardwareManager.bc>:HardwareManagerHandler	</harden/bcfiles/edk_bcfiles/HardwareManager.bc>:HardwareManagerHandler:%357	</harden/bcfiles/edk_bcfiles/HardwareManager.bc>:HardwareManagerHandler:395:0:0	</harden/bcfiles/edk_bcfiles/HardwareManager.bc>:HardwareManagerHandler:%8	</harden/bcfiles/edk_bcfiles/HardwareManager.bc>:HardwareManagerHandler:395	[</harden/bcfiles/edk_bcfiles/HardwareManager.bc>:HardwareManagerHandler:%12, </harden/bcfiles/edk_bcfiles/HardwareManager.bc>:HardwareManagerHandler:%357]	212
</harden/bcfiles/edk_bcfiles/HardwareManager.bc>:HardwareManagerHandler	</harden/bcfiles/edk_bcfiles/HardwareManager.bc>:HardwareManagerHandler:%354	</harden/bcfiles/edk_bcfiles/HardwareManager.bc>:HardwareManagerHandler:392:0:0	</harden/bcfiles/edk_bcfiles/HardwareManager.bc>:HardwareManagerHandler:%8	</harden/bcfiles/edk_bcfiles/HardwareManager.bc>:HardwareManagerHandler:392	[</harden/bcfiles/edk_bcfiles/HardwareManager.bc>:HardwareManagerHandler:%12, </harden/bcfiles/edk_bcfiles/HardwareManager.bc>:HardwareManagerHandler:%354]	212
</harden/bcfiles/edk_bcfiles/HardwareManager.bc>:HardwareManagerHandler	</harden/bcfiles/edk_bcfiles/HardwareManager.bc>:HardwareManagerHandler:%333	</harden/bcfiles/edk_bcfiles/HardwareManager.bc>:HardwareManagerHandler:369:0:0	</harden/bcfiles/edk_bcfiles/HardwareManager.bc>:HardwareManagerHandler:%8	</harden/bcfiles/edk_bcfiles/HardwareManager.bc>:HardwareManagerHandler:369	[</harden/bcfiles/edk_bcfiles/HardwareManager.bc>:HardwareManagerHandler:%12, </harden/bcfiles/edk_bcfiles/HardwareManager.bc>:HardwareManagerHandler:%333]	201
</harden/bcfiles/edk_bcfiles/HardwareManager.bc>:HardwareManagerHandler	</harden/bcfiles/edk_bcfiles/HardwareManager.bc>:HardwareManagerHandler:%327	</harden/bcfiles/edk_bcfiles/HardwareManager.bc>:HardwareManagerHandler:362:0:0	</harden/bcfiles/edk_bcfiles/HardwareManager.bc>:HardwareManagerHandler:%8	</harden/bcfiles/edk_bcfiles/HardwareManager.bc>:HardwareManagerHandler:362	[</harden/bcfiles/edk_bcfiles/HardwareManager.bc>:HardwareManagerHandler:%12, </harden/bcfiles/edk_bcfiles/HardwareManager.bc>:HardwareManagerHandler:%327]	196
</harden/bcfiles/edk_bcfiles/HardwareManager.bc>:HardwareManagerHandler	</harden/bcfiles/edk_bcfiles/HardwareManager.bc>:HardwareManagerHandler:%324	</harden/bcfiles/edk_bcfiles/HardwareManager.bc>:HardwareManagerHandler:359:0:0	</harden/bcfiles/edk_bcfiles/HardwareManager.bc>:HardwareManagerHandler:%8	</harden/bcfiles/edk_bcfiles/HardwareManager.bc>:HardwareManagerHandler:359	[</harden/bcfiles/edk_bcfiles/HardwareManager.bc>:HardwareManagerHandler:%12, </harden/bcfiles/edk_bcfiles/HardwareManager.bc>:HardwareManagerHandler:%324]	196
</harden/bcfiles/edk_bcfiles/HardwareManager.bc>:HardwareManagerHandler	</harden/bcfiles/edk_bcfiles/HardwareManager.bc>:HardwareManagerHandler:%312	</harden/bcfiles/edk_bcfiles/HardwareManager.bc>:HardwareManagerHandler:346:0:0	</harden/bcfiles/edk_bcfiles/HardwareManager.bc>:HardwareManagerHandler:%8	</harden/bcfiles/edk_bcfiles/HardwareManager.bc>:HardwareManagerHandler:346	[</harden/bcfiles/edk_bcfiles/HardwareManager.bc>:HardwareManagerHandler:%12, </harden/bcfiles/edk_bcfiles/HardwareManager.bc>:HardwareManagerHandler:%312]	190
</harden/bcfiles/edk_bcfiles/HardwareManager.bc>:HardwareManagerHandler	</harden/bcfiles/edk_bcfiles/HardwareManager.bc>:HardwareManagerHandler:%303	</harden/bcfiles/edk_bcfiles/HardwareManager.bc>:HardwareManagerHandler:336:0:0	</harden/bcfiles/edk_bcfiles/HardwareManager.bc>:HardwareManagerHandler:%8	</harden/bcfiles/edk_bcfiles/HardwareManager.bc>:HardwareManagerHandler:336	[</harden/bcfiles/edk_bcfiles/HardwareManager.bc>:HardwareManagerHandler:%12, </harden/bcfiles/edk_bcfiles/HardwareManager.bc>:HardwareManagerHandler:%303]	185
</harden/bcfiles/edk_bcfiles/HardwareManager.bc>:HardwareManagerHandler	</harden/bcfiles/edk_bcfiles/HardwareManager.bc>:HardwareManagerHandler:%297	</harden/bcfiles/edk_bcfiles/HardwareManager.bc>:HardwareManagerHandler:329:0:0	</harden/bcfiles/edk_bcfiles/HardwareManager.bc>:HardwareManagerHandler:%8	</harden/bcfiles/edk_bcfiles/HardwareManager.bc>:HardwareManagerHandler:329	[</harden/bcfiles/edk_bcfiles/HardwareManager.bc>:HardwareManagerHandler:%12, </harden/bcfiles/edk_bcfiles/HardwareManager.bc>:HardwareManagerHandler:%297]	179
</harden/bcfiles/edk_bcfiles/HardwareManager.bc>:HardwareManagerHandler	</harden/bcfiles/edk_bcfiles/HardwareManager.bc>:HardwareManagerHandler:%291	</harden/bcfiles/edk_bcfiles/HardwareManager.bc>:HardwareManagerHandler:323:0:0	</harden/bcfiles/edk_bcfiles/HardwareManager.bc>:HardwareManagerHandler:%8	</harden/bcfiles/edk_bcfiles/HardwareManager.bc>:HardwareManagerHandler:323	[</harden/bcfiles/edk_bcfiles/HardwareManager.bc>:HardwareManagerHandler:%12, </harden/bcfiles/edk_bcfiles/HardwareManager.bc>:HardwareManagerHandler:%291]	179
</harden/bcfiles/edk_bcfiles/HardwareManager.bc>:HardwareManagerHandler	</harden/bcfiles/edk_bcfiles/HardwareManager.bc>:HardwareManagerHandler:%285	</harden/bcfiles/edk_bcfiles/HardwareManager.bc>:HardwareManagerHandler:316:0:0	</harden/bcfiles/edk_bcfiles/HardwareManager.bc>:HardwareManagerHandler:%8	</harden/bcfiles/edk_bcfiles/HardwareManager.bc>:HardwareManagerHandler:316	[</harden/bcfiles/edk_bcfiles/HardwareManager.bc>:HardwareManagerHandler:%12, </harden/bcfiles/edk_bcfiles/HardwareManager.bc>:HardwareManagerHandler:%285]	174
</harden/bcfiles/edk_bcfiles/HardwareManager.bc>:HardwareManagerHandler	</harden/bcfiles/edk_bcfiles/HardwareManager.bc>:HardwareManagerHandler:%282	</harden/bcfiles/edk_bcfiles/HardwareManager.bc>:HardwareManagerHandler:313:0:0	</harden/bcfiles/edk_bcfiles/HardwareManager.bc>:HardwareManagerHandler:%8	</harden/bcfiles/edk_bcfiles/HardwareManager.bc>:HardwareManagerHandler:313	[</harden/bcfiles/edk_bcfiles/HardwareManager.bc>:HardwareManagerHandler:%12, </harden/bcfiles/edk_bcfiles/HardwareManager.bc>:HardwareManagerHandler:%282]	174
</harden/bcfiles/edk_bcfiles/HardwareManager.bc>:HardwareManagerHandler	</harden/bcfiles/edk_bcfiles/HardwareManager.bc>:HardwareManagerHandler:%273	</harden/bcfiles/edk_bcfiles/HardwareManager.bc>:HardwareManagerHandler:303:0:0	</harden/bcfiles/edk_bcfiles/HardwareManager.bc>:HardwareManagerHandler:%8	</harden/bcfiles/edk_bcfiles/HardwareManager.bc>:HardwareManagerHandler:303	[</harden/bcfiles/edk_bcfiles/HardwareManager.bc>:HardwareManagerHandler:%12, </harden/bcfiles/edk_bcfiles/HardwareManager.bc>:HardwareManagerHandler:%273]	168
</harden/bcfiles/edk_bcfiles/HardwareManager.bc>:HardwareManagerHandler	</harden/bcfiles/edk_bcfiles/HardwareManager.bc>:HardwareManagerHandler:%270	</harden/bcfiles/edk_bcfiles/HardwareManager.bc>:HardwareManagerHandler:300:0:0	</harden/bcfiles/edk_bcfiles/HardwareManager.bc>:HardwareManagerHandler:%8	</harden/bcfiles/edk_bcfiles/HardwareManager.bc>:HardwareManagerHandler:300	[</harden/bcfiles/edk_bcfiles/HardwareManager.bc>:HardwareManagerHandler:%12, </harden/bcfiles/edk_bcfiles/HardwareManager.bc>:HardwareManagerHandler:%270]	168
</harden/bcfiles/edk_bcfiles/HardwareManager.bc>:HardwareManagerHandler	</harden/bcfiles/edk_bcfiles/HardwareManager.bc>:HardwareManagerHandler:%348	</harden/bcfiles/edk_bcfiles/HardwareManager.bc>:HardwareManagerHandler:385:0:0	</harden/bcfiles/edk_bcfiles/HardwareManager.bc>:HardwareManagerHandler:%8	</harden/bcfiles/edk_bcfiles/HardwareManager.bc>:HardwareManagerHandler:385	[</harden/bcfiles/edk_bcfiles/HardwareManager.bc>:HardwareManagerHandler:%12, </harden/bcfiles/edk_bcfiles/HardwareManager.bc>:HardwareManagerHandler:%348]	207
</harden/bcfiles/edk_bcfiles/HardwareManager.bc>:HardwareManagerHandler	</harden/bcfiles/edk_bcfiles/HardwareManager.bc>:HardwareManagerHandler:%255	</harden/bcfiles/edk_bcfiles/HardwareManager.bc>:HardwareManagerHandler:283:0:0	</harden/bcfiles/edk_bcfiles/HardwareManager.bc>:HardwareManagerHandler:%8	</harden/bcfiles/edk_bcfiles/HardwareManager.bc>:HardwareManagerHandler:283	[</harden/bcfiles/edk_bcfiles/HardwareManager.bc>:HardwareManagerHandler:%12, </harden/bcfiles/edk_bcfiles/HardwareManager.bc>:HardwareManagerHandler:%255]	156
</harden/bcfiles/edk_bcfiles/HardwareManager.bc>:HardwareManagerHandler	</harden/bcfiles/edk_bcfiles/HardwareManager.bc>:HardwareManagerHandler:%252	</harden/bcfiles/edk_bcfiles/HardwareManager.bc>:HardwareManagerHandler:280:0:0	</harden/bcfiles/edk_bcfiles/HardwareManager.bc>:HardwareManagerHandler:%8	</harden/bcfiles/edk_bcfiles/HardwareManager.bc>:HardwareManagerHandler:280	[</harden/bcfiles/edk_bcfiles/HardwareManager.bc>:HardwareManagerHandler:%12, </harden/bcfiles/edk_bcfiles/HardwareManager.bc>:HardwareManagerHandler:%252]	156
</harden/bcfiles/edk_bcfiles/HardwareManager.bc>:HardwareManagerHandler	</harden/bcfiles/edk_bcfiles/HardwareManager.bc>:HardwareManagerHandler:%249	</harden/bcfiles/edk_bcfiles/HardwareManager.bc>:HardwareManagerHandler:277:0:0	</harden/bcfiles/edk_bcfiles/HardwareManager.bc>:HardwareManagerHandler:%8	</harden/bcfiles/edk_bcfiles/HardwareManager.bc>:HardwareManagerHandler:277	[</harden/bcfiles/edk_bcfiles/HardwareManager.bc>:HardwareManagerHandler:%12, </harden/bcfiles/edk_bcfiles/HardwareManager.bc>:HardwareManagerHandler:%249]	156
</harden/bcfiles/edk_bcfiles/HardwareManager.bc>:HardwareManagerHandler	</harden/bcfiles/edk_bcfiles/HardwareManager.bc>:HardwareManagerHandler:%246	</harden/bcfiles/edk_bcfiles/HardwareManager.bc>:HardwareManagerHandler:274:0:0	</harden/bcfiles/edk_bcfiles/HardwareManager.bc>:HardwareManagerHandler:%8	</harden/bcfiles/edk_bcfiles/HardwareManager.bc>:HardwareManagerHandler:274	[</harden/bcfiles/edk_bcfiles/HardwareManager.bc>:HardwareManagerHandler:%12, </harden/bcfiles/edk_bcfiles/HardwareManager.bc>:HardwareManagerHandler:%246]	156
</harden/bcfiles/edk_bcfiles/HardwareManager.bc>:HardwareManagerHandler	</harden/bcfiles/edk_bcfiles/HardwareManager.bc>:HardwareManagerHandler:%240	</harden/bcfiles/edk_bcfiles/HardwareManager.bc>:HardwareManagerHandler:267:0:0	</harden/bcfiles/edk_bcfiles/HardwareManager.bc>:HardwareManagerHandler:%8	</harden/bcfiles/edk_bcfiles/HardwareManager.bc>:HardwareManagerHandler:267	[</harden/bcfiles/edk_bcfiles/HardwareManager.bc>:HardwareManagerHandler:%12, </harden/bcfiles/edk_bcfiles/HardwareManager.bc>:HardwareManagerHandler:%240]	150
</harden/bcfiles/edk_bcfiles/HardwareManager.bc>:HardwareManagerHandler	</harden/bcfiles/edk_bcfiles/HardwareManager.bc>:HardwareManagerHandler:%236	</harden/bcfiles/edk_bcfiles/HardwareManager.bc>:HardwareManagerHandler:263:0:0	</harden/bcfiles/edk_bcfiles/HardwareManager.bc>:HardwareManagerHandler:%8	</harden/bcfiles/edk_bcfiles/HardwareManager.bc>:HardwareManagerHandler:263	[</harden/bcfiles/edk_bcfiles/HardwareManager.bc>:HardwareManagerHandler:%12, </harden/bcfiles/edk_bcfiles/HardwareManager.bc>:HardwareManagerHandler:%236]	150
</harden/bcfiles/edk_bcfiles/HardwareManager.bc>:HardwareManagerHandler	</harden/bcfiles/edk_bcfiles/HardwareManager.bc>:HardwareManagerHandler:%227	</harden/bcfiles/edk_bcfiles/HardwareManager.bc>:HardwareManagerHandler:253:0:0	</harden/bcfiles/edk_bcfiles/HardwareManager.bc>:HardwareManagerHandler:%8	</harden/bcfiles/edk_bcfiles/HardwareManager.bc>:HardwareManagerHandler:253	[</harden/bcfiles/edk_bcfiles/HardwareManager.bc>:HardwareManagerHandler:%12, </harden/bcfiles/edk_bcfiles/HardwareManager.bc>:HardwareManagerHandler:%227]	144
</harden/bcfiles/edk_bcfiles/HardwareManager.bc>:HardwareManagerHandler	</harden/bcfiles/edk_bcfiles/HardwareManager.bc>:HardwareManagerHandler:%224	</harden/bcfiles/edk_bcfiles/HardwareManager.bc>:HardwareManagerHandler:250:0:0	</harden/bcfiles/edk_bcfiles/HardwareManager.bc>:HardwareManagerHandler:%8	</harden/bcfiles/edk_bcfiles/HardwareManager.bc>:HardwareManagerHandler:250	[</harden/bcfiles/edk_bcfiles/HardwareManager.bc>:HardwareManagerHandler:%12, </harden/bcfiles/edk_bcfiles/HardwareManager.bc>:HardwareManagerHandler:%224]	144
</harden/bcfiles/edk_bcfiles/HardwareManager.bc>:HardwareManagerHandler	</harden/bcfiles/edk_bcfiles/HardwareManager.bc>:HardwareManagerHandler:%221	</harden/bcfiles/edk_bcfiles/HardwareManager.bc>:HardwareManagerHandler:247:0:0	</harden/bcfiles/edk_bcfiles/HardwareManager.bc>:HardwareManagerHandler:%8	</harden/bcfiles/edk_bcfiles/HardwareManager.bc>:HardwareManagerHandler:247	[</harden/bcfiles/edk_bcfiles/HardwareManager.bc>:HardwareManagerHandler:%12, </harden/bcfiles/edk_bcfiles/HardwareManager.bc>:HardwareManagerHandler:%221]	144
</harden/bcfiles/edk_bcfiles/HardwareManager.bc>:HardwareManagerHandler	</harden/bcfiles/edk_bcfiles/HardwareManager.bc>:HardwareManagerHandler:%264	</harden/bcfiles/edk_bcfiles/HardwareManager.bc>:HardwareManagerHandler:293:0:0	</harden/bcfiles/edk_bcfiles/HardwareManager.bc>:HardwareManagerHandler:%8	</harden/bcfiles/edk_bcfiles/HardwareManager.bc>:HardwareManagerHandler:293	[</harden/bcfiles/edk_bcfiles/HardwareManager.bc>:HardwareManagerHandler:%12, </harden/bcfiles/edk_bcfiles/HardwareManager.bc>:HardwareManagerHandler:%264]	163
</harden/bcfiles/edk_bcfiles/HardwareManager.bc>:HardwareManagerHandler	</harden/bcfiles/edk_bcfiles/HardwareManager.bc>:HardwareManagerHandler:%215	</harden/bcfiles/edk_bcfiles/HardwareManager.bc>:HardwareManagerHandler:240:0:0	</harden/bcfiles/edk_bcfiles/HardwareManager.bc>:HardwareManagerHandler:%8	</harden/bcfiles/edk_bcfiles/HardwareManager.bc>:HardwareManagerHandler:240	[</harden/bcfiles/edk_bcfiles/HardwareManager.bc>:HardwareManagerHandler:%12, </harden/bcfiles/edk_bcfiles/HardwareManager.bc>:HardwareManagerHandler:%215]	138
</harden/bcfiles/edk_bcfiles/HardwareManager.bc>:HardwareManagerHandler	</harden/bcfiles/edk_bcfiles/HardwareManager.bc>:HardwareManagerHandler:%211	</harden/bcfiles/edk_bcfiles/HardwareManager.bc>:HardwareManagerHandler:236:0:0	</harden/bcfiles/edk_bcfiles/HardwareManager.bc>:HardwareManagerHandler:%8	</harden/bcfiles/edk_bcfiles/HardwareManager.bc>:HardwareManagerHandler:236	[</harden/bcfiles/edk_bcfiles/HardwareManager.bc>:HardwareManagerHandler:%12, </harden/bcfiles/edk_bcfiles/HardwareManager.bc>:HardwareManagerHandler:%211]	138
</harden/bcfiles/edk_bcfiles/HardwareManager.bc>:HardwareManagerHandler	</harden/bcfiles/edk_bcfiles/HardwareManager.bc>:HardwareManagerHandler:%202	</harden/bcfiles/edk_bcfiles/HardwareManager.bc>:HardwareManagerHandler:226:0:0	</harden/bcfiles/edk_bcfiles/HardwareManager.bc>:HardwareManagerHandler:%8	</harden/bcfiles/edk_bcfiles/HardwareManager.bc>:HardwareManagerHandler:226	[</harden/bcfiles/edk_bcfiles/HardwareManager.bc>:HardwareManagerHandler:%12, </harden/bcfiles/edk_bcfiles/HardwareManager.bc>:HardwareManagerHandler:%202]	132
</harden/bcfiles/edk_bcfiles/HardwareManager.bc>:HardwareManagerHandler	</harden/bcfiles/edk_bcfiles/HardwareManager.bc>:HardwareManagerHandler:%198	</harden/bcfiles/edk_bcfiles/HardwareManager.bc>:HardwareManagerHandler:222:0:0	</harden/bcfiles/edk_bcfiles/HardwareManager.bc>:HardwareManagerHandler:%8	</harden/bcfiles/edk_bcfiles/HardwareManager.bc>:HardwareManagerHandler:222	[</harden/bcfiles/edk_bcfiles/HardwareManager.bc>:HardwareManagerHandler:%12, </harden/bcfiles/edk_bcfiles/HardwareManager.bc>:HardwareManagerHandler:%198]	132
</harden/bcfiles/edk_bcfiles/HardwareManager.bc>:HardwareManagerHandler	</harden/bcfiles/edk_bcfiles/HardwareManager.bc>:HardwareManagerHandler:%195	</harden/bcfiles/edk_bcfiles/HardwareManager.bc>:HardwareManagerHandler:219:0:0	</harden/bcfiles/edk_bcfiles/HardwareManager.bc>:HardwareManagerHandler:%8	</harden/bcfiles/edk_bcfiles/HardwareManager.bc>:HardwareManagerHandler:219	[</harden/bcfiles/edk_bcfiles/HardwareManager.bc>:HardwareManagerHandler:%12, </harden/bcfiles/edk_bcfiles/HardwareManager.bc>:HardwareManagerHandler:%195]	132
</harden/bcfiles/edk_bcfiles/HardwareManager.bc>:HardwareManagerHandler	</harden/bcfiles/edk_bcfiles/HardwareManager.bc>:HardwareManagerHandler:%186	</harden/bcfiles/edk_bcfiles/HardwareManager.bc>:HardwareManagerHandler:209:0:0	</harden/bcfiles/edk_bcfiles/HardwareManager.bc>:HardwareManagerHandler:%8	</harden/bcfiles/edk_bcfiles/HardwareManager.bc>:HardwareManagerHandler:209	[</harden/bcfiles/edk_bcfiles/HardwareManager.bc>:HardwareManagerHandler:%12, </harden/bcfiles/edk_bcfiles/HardwareManager.bc>:HardwareManagerHandler:%186]	126
</harden/bcfiles/edk_bcfiles/HardwareManager.bc>:HardwareManagerHandler	</harden/bcfiles/edk_bcfiles/HardwareManager.bc>:HardwareManagerHandler:%339	</harden/bcfiles/edk_bcfiles/HardwareManager.bc>:HardwareManagerHandler:375:0:0	</harden/bcfiles/edk_bcfiles/HardwareManager.bc>:HardwareManagerHandler:%8	</harden/bcfiles/edk_bcfiles/HardwareManager.bc>:HardwareManagerHandler:375	[</harden/bcfiles/edk_bcfiles/HardwareManager.bc>:HardwareManagerHandler:%12, </harden/bcfiles/edk_bcfiles/HardwareManager.bc>:HardwareManagerHandler:%339]	201
</harden/bcfiles/edk_bcfiles/HardwareManager.bc>:HardwareManagerHandler	</harden/bcfiles/edk_bcfiles/HardwareManager.bc>:HardwareManagerHandler:%177	</harden/bcfiles/edk_bcfiles/HardwareManager.bc>:HardwareManagerHandler:199:0:0	</harden/bcfiles/edk_bcfiles/HardwareManager.bc>:HardwareManagerHandler:%8	</harden/bcfiles/edk_bcfiles/HardwareManager.bc>:HardwareManagerHandler:199	[</harden/bcfiles/edk_bcfiles/HardwareManager.bc>:HardwareManagerHandler:%12, </harden/bcfiles/edk_bcfiles/HardwareManager.bc>:HardwareManagerHandler:%177]	120
</harden/bcfiles/edk_bcfiles/HardwareManager.bc>:HardwareManagerHandler	</harden/bcfiles/edk_bcfiles/HardwareManager.bc>:HardwareManagerHandler:%161	</harden/bcfiles/edk_bcfiles/HardwareManager.bc>:HardwareManagerHandler:182:0:0	</harden/bcfiles/edk_bcfiles/HardwareManager.bc>:HardwareManagerHandler:%8	</harden/bcfiles/edk_bcfiles/HardwareManager.bc>:HardwareManagerHandler:182	[</harden/bcfiles/edk_bcfiles/HardwareManager.bc>:HardwareManagerHandler:%12, </harden/bcfiles/edk_bcfiles/HardwareManager.bc>:HardwareManagerHandler:%161]	114
</harden/bcfiles/edk_bcfiles/HardwareManager.bc>:HardwareManagerHandler	</harden/bcfiles/edk_bcfiles/HardwareManager.bc>:HardwareManagerHandler:%148	</harden/bcfiles/edk_bcfiles/HardwareManager.bc>:HardwareManagerHandler:168:0:0	</harden/bcfiles/edk_bcfiles/HardwareManager.bc>:HardwareManagerHandler:%8	</harden/bcfiles/edk_bcfiles/HardwareManager.bc>:HardwareManagerHandler:168	[</harden/bcfiles/edk_bcfiles/HardwareManager.bc>:HardwareManagerHandler:%12, </harden/bcfiles/edk_bcfiles/HardwareManager.bc>:HardwareManagerHandler:%148]	108
</harden/bcfiles/edk_bcfiles/HardwareManager.bc>:HardwareManagerHandler	</harden/bcfiles/edk_bcfiles/HardwareManager.bc>:HardwareManagerHandler:%208	</harden/bcfiles/edk_bcfiles/HardwareManager.bc>:HardwareManagerHandler:233:0:0	</harden/bcfiles/edk_bcfiles/HardwareManager.bc>:HardwareManagerHandler:%8	</harden/bcfiles/edk_bcfiles/HardwareManager.bc>:HardwareManagerHandler:233	[</harden/bcfiles/edk_bcfiles/HardwareManager.bc>:HardwareManagerHandler:%12, </harden/bcfiles/edk_bcfiles/HardwareManager.bc>:HardwareManagerHandler:%208]	138
</harden/bcfiles/edk_bcfiles/HardwareManager.bc>:HardwareManagerHandler	</harden/bcfiles/edk_bcfiles/HardwareManager.bc>:HardwareManagerHandler:%145	</harden/bcfiles/edk_bcfiles/HardwareManager.bc>:HardwareManagerHandler:165:0:0	</harden/bcfiles/edk_bcfiles/HardwareManager.bc>:HardwareManagerHandler:%8	</harden/bcfiles/edk_bcfiles/HardwareManager.bc>:HardwareManagerHandler:165	[</harden/bcfiles/edk_bcfiles/HardwareManager.bc>:HardwareManagerHandler:%12, </harden/bcfiles/edk_bcfiles/HardwareManager.bc>:HardwareManagerHandler:%145]	108
</harden/bcfiles/edk_bcfiles/HardwareManager.bc>:HardwareManagerHandler	</harden/bcfiles/edk_bcfiles/HardwareManager.bc>:HardwareManagerHandler:%135	</harden/bcfiles/edk_bcfiles/HardwareManager.bc>:HardwareManagerHandler:154:0:0	</harden/bcfiles/edk_bcfiles/HardwareManager.bc>:HardwareManagerHandler:%8	</harden/bcfiles/edk_bcfiles/HardwareManager.bc>:HardwareManagerHandler:154	[</harden/bcfiles/edk_bcfiles/HardwareManager.bc>:HardwareManagerHandler:%12, </harden/bcfiles/edk_bcfiles/HardwareManager.bc>:HardwareManagerHandler:%135]	101
</harden/bcfiles/edk_bcfiles/HardwareManager.bc>:HardwareManagerHandler	</harden/bcfiles/edk_bcfiles/HardwareManager.bc>:HardwareManagerHandler:%129	</harden/bcfiles/edk_bcfiles/HardwareManager.bc>:HardwareManagerHandler:148:0:0	</harden/bcfiles/edk_bcfiles/HardwareManager.bc>:HardwareManagerHandler:%8	</harden/bcfiles/edk_bcfiles/HardwareManager.bc>:HardwareManagerHandler:148	[</harden/bcfiles/edk_bcfiles/HardwareManager.bc>:HardwareManagerHandler:%12, </harden/bcfiles/edk_bcfiles/HardwareManager.bc>:HardwareManagerHandler:%129]	101
</harden/bcfiles/edk_bcfiles/HardwareManager.bc>:HardwareManagerHandler	</harden/bcfiles/edk_bcfiles/HardwareManager.bc>:HardwareManagerHandler:%116	</harden/bcfiles/edk_bcfiles/HardwareManager.bc>:HardwareManagerHandler:134:0:0	</harden/bcfiles/edk_bcfiles/HardwareManager.bc>:HardwareManagerHandler:%8	</harden/bcfiles/edk_bcfiles/HardwareManager.bc>:HardwareManagerHandler:134	[</harden/bcfiles/edk_bcfiles/HardwareManager.bc>:HardwareManagerHandler:%12, </harden/bcfiles/edk_bcfiles/HardwareManager.bc>:HardwareManagerHandler:%116]	94
</harden/bcfiles/edk_bcfiles/HardwareManager.bc>:HardwareManagerHandler	</harden/bcfiles/edk_bcfiles/HardwareManager.bc>:HardwareManagerHandler:%113	</harden/bcfiles/edk_bcfiles/HardwareManager.bc>:HardwareManagerHandler:131:0:0	</harden/bcfiles/edk_bcfiles/HardwareManager.bc>:HardwareManagerHandler:%8	</harden/bcfiles/edk_bcfiles/HardwareManager.bc>:HardwareManagerHandler:131	[</harden/bcfiles/edk_bcfiles/HardwareManager.bc>:HardwareManagerHandler:%12, </harden/bcfiles/edk_bcfiles/HardwareManager.bc>:HardwareManagerHandler:%113]	94
</harden/bcfiles/edk_bcfiles/HardwareManager.bc>:HardwareManagerHandler	</harden/bcfiles/edk_bcfiles/HardwareManager.bc>:HardwareManagerHandler:%318	</harden/bcfiles/edk_bcfiles/HardwareManager.bc>:HardwareManagerHandler:352:0:0	</harden/bcfiles/edk_bcfiles/HardwareManager.bc>:HardwareManagerHandler:%8	</harden/bcfiles/edk_bcfiles/HardwareManager.bc>:HardwareManagerHandler:352	[</harden/bcfiles/edk_bcfiles/HardwareManager.bc>:HardwareManagerHandler:%12, </harden/bcfiles/edk_bcfiles/HardwareManager.bc>:HardwareManagerHandler:%318]	190
</harden/bcfiles/edk_bcfiles/HardwareManager.bc>:HardwareManagerHandler	</harden/bcfiles/edk_bcfiles/HardwareManager.bc>:HardwareManagerHandler:%103	</harden/bcfiles/edk_bcfiles/HardwareManager.bc>:HardwareManagerHandler:120:0:0	</harden/bcfiles/edk_bcfiles/HardwareManager.bc>:HardwareManagerHandler:%8	</harden/bcfiles/edk_bcfiles/HardwareManager.bc>:HardwareManagerHandler:120	[</harden/bcfiles/edk_bcfiles/HardwareManager.bc>:HardwareManagerHandler:%12, </harden/bcfiles/edk_bcfiles/HardwareManager.bc>:HardwareManagerHandler:%103]	88
</harden/bcfiles/edk_bcfiles/HardwareManager.bc>:HardwareManagerHandler	</harden/bcfiles/edk_bcfiles/HardwareManager.bc>:HardwareManagerHandler:%100	</harden/bcfiles/edk_bcfiles/HardwareManager.bc>:HardwareManagerHandler:117:0:0	</harden/bcfiles/edk_bcfiles/HardwareManager.bc>:HardwareManagerHandler:%8	</harden/bcfiles/edk_bcfiles/HardwareManager.bc>:HardwareManagerHandler:117	[</harden/bcfiles/edk_bcfiles/HardwareManager.bc>:HardwareManagerHandler:%12, </harden/bcfiles/edk_bcfiles/HardwareManager.bc>:HardwareManagerHandler:%100]	88
</harden/bcfiles/edk_bcfiles/HardwareManager.bc>:HardwareManagerHandler	</harden/bcfiles/edk_bcfiles/HardwareManager.bc>:HardwareManagerHandler:%91	</harden/bcfiles/edk_bcfiles/HardwareManager.bc>:HardwareManagerHandler:107:0:0	</harden/bcfiles/edk_bcfiles/HardwareManager.bc>:HardwareManagerHandler:%8	</harden/bcfiles/edk_bcfiles/HardwareManager.bc>:HardwareManagerHandler:107	[</harden/bcfiles/edk_bcfiles/HardwareManager.bc>:HardwareManagerHandler:%12, </harden/bcfiles/edk_bcfiles/HardwareManager.bc>:HardwareManagerHandler:%91]	85
</harden/bcfiles/edk_bcfiles/HardwareManager.bc>:HardwareManagerHandler	</harden/bcfiles/edk_bcfiles/HardwareManager.bc>:HardwareManagerHandler:%85	</harden/bcfiles/edk_bcfiles/HardwareManager.bc>:HardwareManagerHandler:101:0:0	</harden/bcfiles/edk_bcfiles/HardwareManager.bc>:HardwareManagerHandler:%8	</harden/bcfiles/edk_bcfiles/HardwareManager.bc>:HardwareManagerHandler:101	[</harden/bcfiles/edk_bcfiles/HardwareManager.bc>:HardwareManagerHandler:%84, </harden/bcfiles/edk_bcfiles/HardwareManager.bc>:HardwareManagerHandler:%85]	78
</harden/bcfiles/edk_bcfiles/HardwareManager.bc>:HardwareManagerHandler	</harden/bcfiles/edk_bcfiles/HardwareManager.bc>:HardwareManagerHandler:%336	</harden/bcfiles/edk_bcfiles/HardwareManager.bc>:HardwareManagerHandler:372:0:0	</harden/bcfiles/edk_bcfiles/HardwareManager.bc>:HardwareManagerHandler:%8	</harden/bcfiles/edk_bcfiles/HardwareManager.bc>:HardwareManagerHandler:372	[</harden/bcfiles/edk_bcfiles/HardwareManager.bc>:HardwareManagerHandler:%12, </harden/bcfiles/edk_bcfiles/HardwareManager.bc>:HardwareManagerHandler:%336]	201
</harden/bcfiles/edk_bcfiles/HardwareManager.bc>:HardwareManagerHandler	</harden/bcfiles/edk_bcfiles/HardwareManager.bc>:HardwareManagerHandler:%370	</harden/bcfiles/edk_bcfiles/HardwareManager.bc>:HardwareManagerHandler:410:0:0	</harden/bcfiles/edk_bcfiles/HardwareManager.bc>:HardwareManagerHandler:%8	</harden/bcfiles/edk_bcfiles/HardwareManager.bc>:HardwareManagerHandler:410	[</harden/bcfiles/edk_bcfiles/HardwareManager.bc>:HardwareManagerHandler:%12, </harden/bcfiles/edk_bcfiles/HardwareManager.bc>:HardwareManagerHandler:%370]	223
</harden/bcfiles/edk_bcfiles/HardwareManager.bc>:HardwareManagerHandler	</harden/bcfiles/edk_bcfiles/HardwareManager.bc>:HardwareManagerHandler:%173	</harden/bcfiles/edk_bcfiles/HardwareManager.bc>:HardwareManagerHandler:195:0:0	</harden/bcfiles/edk_bcfiles/HardwareManager.bc>:HardwareManagerHandler:%8	</harden/bcfiles/edk_bcfiles/HardwareManager.bc>:HardwareManagerHandler:195	[</harden/bcfiles/edk_bcfiles/HardwareManager.bc>:HardwareManagerHandler:%12, </harden/bcfiles/edk_bcfiles/HardwareManager.bc>:HardwareManagerHandler:%173]	120
</harden/bcfiles/edk_bcfiles/HardwareManager.bc>:HardwareManagerHandler	</harden/bcfiles/edk_bcfiles/HardwareManager.bc>:HardwareManagerHandler:%76	</harden/bcfiles/edk_bcfiles/HardwareManager.bc>:HardwareManagerHandler:92:0:0	</harden/bcfiles/edk_bcfiles/HardwareManager.bc>:HardwareManagerHandler:%8	</harden/bcfiles/edk_bcfiles/HardwareManager.bc>:HardwareManagerHandler:92	[</harden/bcfiles/edk_bcfiles/HardwareManager.bc>:HardwareManagerHandler:%12, </harden/bcfiles/edk_bcfiles/HardwareManager.bc>:HardwareManagerHandler:%76]	77
</harden/bcfiles/edk_bcfiles/HardwareManager.bc>:HardwareManagerHandler	</harden/bcfiles/edk_bcfiles/HardwareManager.bc>:HardwareManagerHandler:%294	</harden/bcfiles/edk_bcfiles/HardwareManager.bc>:HardwareManagerHandler:326:0:0	</harden/bcfiles/edk_bcfiles/HardwareManager.bc>:HardwareManagerHandler:%8	</harden/bcfiles/edk_bcfiles/HardwareManager.bc>:HardwareManagerHandler:326	[</harden/bcfiles/edk_bcfiles/HardwareManager.bc>:HardwareManagerHandler:%12, </harden/bcfiles/edk_bcfiles/HardwareManager.bc>:HardwareManagerHandler:%294]	179
</harden/bcfiles/edk_bcfiles/HardwareManager.bc>:HardwareManagerHandler	</harden/bcfiles/edk_bcfiles/HardwareManager.bc>:HardwareManagerHandler:%164	</harden/bcfiles/edk_bcfiles/HardwareManager.bc>:HardwareManagerHandler:185:0:0	</harden/bcfiles/edk_bcfiles/HardwareManager.bc>:HardwareManagerHandler:%8	</harden/bcfiles/edk_bcfiles/HardwareManager.bc>:HardwareManagerHandler:185	[</harden/bcfiles/edk_bcfiles/HardwareManager.bc>:HardwareManagerHandler:%12, </harden/bcfiles/edk_bcfiles/HardwareManager.bc>:HardwareManagerHandler:%164]	114
</harden/bcfiles/edk_bcfiles/HardwareManager.bc>:HardwareManagerHandler	</harden/bcfiles/edk_bcfiles/HardwareManager.bc>:HardwareManagerHandler:%93	</harden/bcfiles/edk_bcfiles/HardwareManager.bc>:HardwareManagerHandler:110:0:0	</harden/bcfiles/edk_bcfiles/HardwareManager.bc>:HardwareManagerHandler:%8	</harden/bcfiles/edk_bcfiles/HardwareManager.bc>:HardwareManagerHandler:110	[</harden/bcfiles/edk_bcfiles/HardwareManager.bc>:HardwareManagerHandler:%12, </harden/bcfiles/edk_bcfiles/HardwareManager.bc>:HardwareManagerHandler:%93]	86
</harden/bcfiles/edk_bcfiles/HardwareManager.bc>:HardwareManagerHandler	</harden/bcfiles/edk_bcfiles/HardwareManager.bc>:HardwareManagerHandler:%119	</harden/bcfiles/edk_bcfiles/HardwareManager.bc>:HardwareManagerHandler:137:0:0	</harden/bcfiles/edk_bcfiles/HardwareManager.bc>:HardwareManagerHandler:%8	</harden/bcfiles/edk_bcfiles/HardwareManager.bc>:HardwareManagerHandler:137	[</harden/bcfiles/edk_bcfiles/HardwareManager.bc>:HardwareManagerHandler:%12, </harden/bcfiles/edk_bcfiles/HardwareManager.bc>:HardwareManagerHandler:%119]	94
</harden/bcfiles/edk_bcfiles/HardwareManager.bc>:HardwareManagerHandler	</harden/bcfiles/edk_bcfiles/HardwareManager.bc>:HardwareManagerHandler:%315	</harden/bcfiles/edk_bcfiles/HardwareManager.bc>:HardwareManagerHandler:349:0:0	</harden/bcfiles/edk_bcfiles/HardwareManager.bc>:HardwareManagerHandler:%8	</harden/bcfiles/edk_bcfiles/HardwareManager.bc>:HardwareManagerHandler:349	[</harden/bcfiles/edk_bcfiles/HardwareManager.bc>:HardwareManagerHandler:%12, </harden/bcfiles/edk_bcfiles/HardwareManager.bc>:HardwareManagerHandler:%315]	190
</harden/bcfiles/edk_bcfiles/HardwareManager.bc>:HardwareManagerHandler	</harden/bcfiles/edk_bcfiles/HardwareManager.bc>:HardwareManagerHandler:%183	</harden/bcfiles/edk_bcfiles/HardwareManager.bc>:HardwareManagerHandler:206:0:0	</harden/bcfiles/edk_bcfiles/HardwareManager.bc>:HardwareManagerHandler:%8	</harden/bcfiles/edk_bcfiles/HardwareManager.bc>:HardwareManagerHandler:206	[</harden/bcfiles/edk_bcfiles/HardwareManager.bc>:HardwareManagerHandler:%12, </harden/bcfiles/edk_bcfiles/HardwareManager.bc>:HardwareManagerHandler:%183]	126
</harden/bcfiles/edk_bcfiles/HardwareManager.bc>:HardwareManagerHandler	</harden/bcfiles/edk_bcfiles/HardwareManager.bc>:HardwareManagerHandler:%40	</harden/bcfiles/edk_bcfiles/HardwareManager.bc>:HardwareManagerHandler:50:0:0	</harden/bcfiles/edk_bcfiles/HardwareManager.bc>:HardwareManagerHandler:%8	</harden/bcfiles/edk_bcfiles/HardwareManager.bc>:HardwareManagerHandler:50	[</harden/bcfiles/edk_bcfiles/HardwareManager.bc>:HardwareManagerHandler:%12, </harden/bcfiles/edk_bcfiles/HardwareManager.bc>:HardwareManagerHandler:%40]	62
</harden/bcfiles/edk_bcfiles/HardwareManager.bc>:HardwareManagerHandler	</harden/bcfiles/edk_bcfiles/HardwareManager.bc>:HardwareManagerHandler:%158	</harden/bcfiles/edk_bcfiles/HardwareManager.bc>:HardwareManagerHandler:179:0:0	</harden/bcfiles/edk_bcfiles/HardwareManager.bc>:HardwareManagerHandler:%8	</harden/bcfiles/edk_bcfiles/HardwareManager.bc>:HardwareManagerHandler:179	[</harden/bcfiles/edk_bcfiles/HardwareManager.bc>:HardwareManagerHandler:%12, </harden/bcfiles/edk_bcfiles/HardwareManager.bc>:HardwareManagerHandler:%158]	114
</harden/bcfiles/edk_bcfiles/HardwareManager.bc>:HardwareManagerHandler	</harden/bcfiles/edk_bcfiles/HardwareManager.bc>:HardwareManagerHandler:%170	</harden/bcfiles/edk_bcfiles/HardwareManager.bc>:HardwareManagerHandler:192:0:0	</harden/bcfiles/edk_bcfiles/HardwareManager.bc>:HardwareManagerHandler:%8	</harden/bcfiles/edk_bcfiles/HardwareManager.bc>:HardwareManagerHandler:192	[</harden/bcfiles/edk_bcfiles/HardwareManager.bc>:HardwareManagerHandler:%12, </harden/bcfiles/edk_bcfiles/HardwareManager.bc>:HardwareManagerHandler:%170]	120
</harden/bcfiles/edk_bcfiles/HardwareManager.bc>:HardwareManagerHandler	</harden/bcfiles/edk_bcfiles/HardwareManager.bc>:HardwareManagerHandler:%27	</harden/bcfiles/edk_bcfiles/HardwareManager.bc>:HardwareManagerHandler:37:0:0	</harden/bcfiles/edk_bcfiles/HardwareManager.bc>:HardwareManagerHandler:%8	</harden/bcfiles/edk_bcfiles/HardwareManager.bc>:HardwareManagerHandler:37	[</harden/bcfiles/edk_bcfiles/HardwareManager.bc>:HardwareManagerHandler:%26, </harden/bcfiles/edk_bcfiles/HardwareManager.bc>:HardwareManagerHandler:%27]	53
</harden/bcfiles/edk_bcfiles/HardwareManager.bc>:HardwareManagerHandler	</harden/bcfiles/edk_bcfiles/HardwareManager.bc>:HardwareManagerHandler:%123	</harden/bcfiles/edk_bcfiles/HardwareManager.bc>:HardwareManagerHandler:141:0:0	</harden/bcfiles/edk_bcfiles/HardwareManager.bc>:HardwareManagerHandler:%8	</harden/bcfiles/edk_bcfiles/HardwareManager.bc>:HardwareManagerHandler:141	[</harden/bcfiles/edk_bcfiles/HardwareManager.bc>:HardwareManagerHandler:%12, </harden/bcfiles/edk_bcfiles/HardwareManager.bc>:HardwareManagerHandler:%123]	94
</harden/bcfiles/edk_bcfiles/HardwareManager.bc>:HardwareManagerHandler	</harden/bcfiles/edk_bcfiles/HardwareManager.bc>:HardwareManagerHandler:%189	</harden/bcfiles/edk_bcfiles/HardwareManager.bc>:HardwareManagerHandler:212:0:0	</harden/bcfiles/edk_bcfiles/HardwareManager.bc>:HardwareManagerHandler:%8	</harden/bcfiles/edk_bcfiles/HardwareManager.bc>:HardwareManagerHandler:212	[</harden/bcfiles/edk_bcfiles/HardwareManager.bc>:HardwareManagerHandler:%12, </harden/bcfiles/edk_bcfiles/HardwareManager.bc>:HardwareManagerHandler:%189]	126
</harden/bcfiles/edk_bcfiles/HardwareManager.bc>:HardwareManagerHandler	</harden/bcfiles/edk_bcfiles/HardwareManager.bc>:HardwareManagerHandler:%261	</harden/bcfiles/edk_bcfiles/HardwareManager.bc>:HardwareManagerHandler:290:0:0	</harden/bcfiles/edk_bcfiles/HardwareManager.bc>:HardwareManagerHandler:%8	</harden/bcfiles/edk_bcfiles/HardwareManager.bc>:HardwareManagerHandler:290	[</harden/bcfiles/edk_bcfiles/HardwareManager.bc>:HardwareManagerHandler:%12, </harden/bcfiles/edk_bcfiles/HardwareManager.bc>:HardwareManagerHandler:%261]	163
</harden/bcfiles/edk_bcfiles/HardwareManager.bc>:HardwareManagerHandler	</harden/bcfiles/edk_bcfiles/HardwareManager.bc>:HardwareManagerHandler:%84	</harden/bcfiles/edk_bcfiles/HardwareManager.bc>:HardwareManagerHandler:100:0:0	</harden/bcfiles/edk_bcfiles/HardwareManager.bc>:HardwareManagerHandler:%8	</harden/bcfiles/edk_bcfiles/HardwareManager.bc>:HardwareManagerHandler:100	[</harden/bcfiles/edk_bcfiles/HardwareManager.bc>:HardwareManagerHandler:%12, </harden/bcfiles/edk_bcfiles/HardwareManager.bc>:HardwareManagerHandler:%84]	78
</harden/bcfiles/edk_bcfiles/HardwareManager.bc>:HardwareManagerHandler	</harden/bcfiles/edk_bcfiles/HardwareManager.bc>:HardwareManagerHandler:%345	</harden/bcfiles/edk_bcfiles/HardwareManager.bc>:HardwareManagerHandler:382:0:0	</harden/bcfiles/edk_bcfiles/HardwareManager.bc>:HardwareManagerHandler:%8	</harden/bcfiles/edk_bcfiles/HardwareManager.bc>:HardwareManagerHandler:382	[</harden/bcfiles/edk_bcfiles/HardwareManager.bc>:HardwareManagerHandler:%12, </harden/bcfiles/edk_bcfiles/HardwareManager.bc>:HardwareManagerHandler:%345]	207
</harden/bcfiles/edk_bcfiles/HardwareManager.bc>:HardwareManagerHandler	</harden/bcfiles/edk_bcfiles/HardwareManager.bc>:HardwareManagerHandler:%139	</harden/bcfiles/edk_bcfiles/HardwareManager.bc>:HardwareManagerHandler:158:0:0	</harden/bcfiles/edk_bcfiles/HardwareManager.bc>:HardwareManagerHandler:%8	</harden/bcfiles/edk_bcfiles/HardwareManager.bc>:HardwareManagerHandler:158	[</harden/bcfiles/edk_bcfiles/HardwareManager.bc>:HardwareManagerHandler:%12, </harden/bcfiles/edk_bcfiles/HardwareManager.bc>:HardwareManagerHandler:%139]	101
</harden/bcfiles/edk_bcfiles/HardwareManager.bc>:HardwareManagerHandler	</harden/bcfiles/edk_bcfiles/HardwareManager.bc>:HardwareManagerHandler:%233	</harden/bcfiles/edk_bcfiles/HardwareManager.bc>:HardwareManagerHandler:260:0:0	</harden/bcfiles/edk_bcfiles/HardwareManager.bc>:HardwareManagerHandler:%8	</harden/bcfiles/edk_bcfiles/HardwareManager.bc>:HardwareManagerHandler:260	[</harden/bcfiles/edk_bcfiles/HardwareManager.bc>:HardwareManagerHandler:%12, </harden/bcfiles/edk_bcfiles/HardwareManager.bc>:HardwareManagerHandler:%233]	150
</harden/bcfiles/edk_bcfiles/HardwareManager.bc>:HardwareManagerHandler	</harden/bcfiles/edk_bcfiles/HardwareManager.bc>:HardwareManagerHandler:%52	</harden/bcfiles/edk_bcfiles/HardwareManager.bc>:HardwareManagerHandler:64:0:0	</harden/bcfiles/edk_bcfiles/HardwareManager.bc>:HardwareManagerHandler:%8	</harden/bcfiles/edk_bcfiles/HardwareManager.bc>:HardwareManagerHandler:64	[</harden/bcfiles/edk_bcfiles/HardwareManager.bc>:HardwareManagerHandler:%12, </harden/bcfiles/edk_bcfiles/HardwareManager.bc>:HardwareManagerHandler:%52]	67
</harden/bcfiles/edk_bcfiles/HardwareManager.bc>:HardwareManagerHandler	</harden/bcfiles/edk_bcfiles/HardwareManager.bc>:HardwareManagerHandler:%276	</harden/bcfiles/edk_bcfiles/HardwareManager.bc>:HardwareManagerHandler:306:0:0	</harden/bcfiles/edk_bcfiles/HardwareManager.bc>:HardwareManagerHandler:%8	</harden/bcfiles/edk_bcfiles/HardwareManager.bc>:HardwareManagerHandler:306	[</harden/bcfiles/edk_bcfiles/HardwareManager.bc>:HardwareManagerHandler:%12, </harden/bcfiles/edk_bcfiles/HardwareManager.bc>:HardwareManagerHandler:%276]	168
</harden/bcfiles/edk_bcfiles/HardwareManager.bc>:HardwareManagerHandler	</harden/bcfiles/edk_bcfiles/HardwareManager.bc>:HardwareManagerHandler:%26	</harden/bcfiles/edk_bcfiles/HardwareManager.bc>:HardwareManagerHandler:36:0:0	</harden/bcfiles/edk_bcfiles/HardwareManager.bc>:HardwareManagerHandler:%8	</harden/bcfiles/edk_bcfiles/HardwareManager.bc>:HardwareManagerHandler:36	[</harden/bcfiles/edk_bcfiles/HardwareManager.bc>:HardwareManagerHandler:%12, </harden/bcfiles/edk_bcfiles/HardwareManager.bc>:HardwareManagerHandler:%26]	53
</harden/bcfiles/edk_bcfiles/HardwareManager.bc>:HardwareManagerHandler	</harden/bcfiles/edk_bcfiles/HardwareManager.bc>:HardwareManagerHandler:%306	</harden/bcfiles/edk_bcfiles/HardwareManager.bc>:HardwareManagerHandler:339:0:0	</harden/bcfiles/edk_bcfiles/HardwareManager.bc>:HardwareManagerHandler:%8	</harden/bcfiles/edk_bcfiles/HardwareManager.bc>:HardwareManagerHandler:339	[</harden/bcfiles/edk_bcfiles/HardwareManager.bc>:HardwareManagerHandler:%12, </harden/bcfiles/edk_bcfiles/HardwareManager.bc>:HardwareManagerHandler:%306]	185
</harden/bcfiles/edk_bcfiles/HardwareManager.bc>:HardwareManagerHandler	</harden/bcfiles/edk_bcfiles/HardwareManager.bc>:HardwareManagerHandler:%152	</harden/bcfiles/edk_bcfiles/HardwareManager.bc>:HardwareManagerHandler:172:0:0	</harden/bcfiles/edk_bcfiles/HardwareManager.bc>:HardwareManagerHandler:%8	</harden/bcfiles/edk_bcfiles/HardwareManager.bc>:HardwareManagerHandler:172	[</harden/bcfiles/edk_bcfiles/HardwareManager.bc>:HardwareManagerHandler:%12, </harden/bcfiles/edk_bcfiles/HardwareManager.bc>:HardwareManagerHandler:%152]	108
</harden/bcfiles/edk_bcfiles/HardwareManager.bc>:HardwareManagerHandler	</harden/bcfiles/edk_bcfiles/HardwareManager.bc>:HardwareManagerHandler:%86	</harden/bcfiles/edk_bcfiles/HardwareManager.bc>:HardwareManagerHandler:102:0:112	</harden/bcfiles/edk_bcfiles/HardwareManager.bc>:HardwareManagerHandler:%8	</harden/bcfiles/edk_bcfiles/HardwareManager.bc>:HardwareManagerHandler:102	[</harden/bcfiles/edk_bcfiles/HardwareManager.bc>:HardwareManagerHandler:%85, </harden/bcfiles/edk_bcfiles/HardwareManager.bc>:HardwareManagerHandler:%86]	78
</harden/bcfiles/edk_bcfiles/HardwareManager.bc>:HardwareManagerHandler	</harden/bcfiles/edk_bcfiles/HardwareManager.bc>:HardwareManagerHandler:%132	</harden/bcfiles/edk_bcfiles/HardwareManager.bc>:HardwareManagerHandler:151:0:0	</harden/bcfiles/edk_bcfiles/HardwareManager.bc>:HardwareManagerHandler:%8	</harden/bcfiles/edk_bcfiles/HardwareManager.bc>:HardwareManagerHandler:151	[</harden/bcfiles/edk_bcfiles/HardwareManager.bc>:HardwareManagerHandler:%12, </harden/bcfiles/edk_bcfiles/HardwareManager.bc>:HardwareManagerHandler:%132]	101
</harden/bcfiles/edk_bcfiles/HardwareManager.bc>:HardwareManagerHandler	</harden/bcfiles/edk_bcfiles/HardwareManager.bc>:HardwareManagerHandler:%107	</harden/bcfiles/edk_bcfiles/HardwareManager.bc>:HardwareManagerHandler:124:0:0	</harden/bcfiles/edk_bcfiles/HardwareManager.bc>:HardwareManagerHandler:%8	</harden/bcfiles/edk_bcfiles/HardwareManager.bc>:HardwareManagerHandler:124	[</harden/bcfiles/edk_bcfiles/HardwareManager.bc>:HardwareManagerHandler:%12, </harden/bcfiles/edk_bcfiles/HardwareManager.bc>:HardwareManagerHandler:%107]	88
