</harden/bcfiles/edk_bcfiles/HardwareManager.bc>:HardwareHandlerReadyCallback:12	356	%struct._EFI_SMM_SYSTEM_TABLE2**
</harden/bcfiles/edk_bcfiles/HardwareManager.bc>:HardwareHandlerReadyCallback:37	366	%struct._EFI_SMM_SYSTEM_TABLE2**
</harden/bcfiles/edk_bcfiles/HardwareManager.bc>:HardwareHandlerReadyCallback:62	376	%struct._EFI_SMM_SYSTEM_TABLE2**
</harden/bcfiles/edk_bcfiles/HardwareManager.bc>:ProcessFirmwareReadyCallback:12	410	%struct._EFI_SMM_SYSTEM_TABLE2**
</harden/bcfiles/edk_bcfiles/HardwareManager.bc>:HardwareManagerEntryPoint:67	472	%struct._EFI_SMM_SYSTEM_TABLE2**
</harden/bcfiles/edk_bcfiles/HardwareManager.bc>:HardwareManagerEntryPoint:94	488	%struct._EFI_SMM_SYSTEM_TABLE2**
