</harden/bcfiles/edk_bcfiles/HardwareManager.bc>:HardwareManagerHandler:27	0	</harden/bcfiles/edk_bcfiles/HardwareManager.bc>:HardwareManagerHandler:27:0:0
</harden/bcfiles/edk_bcfiles/HardwareManager.bc>:HardwareManagerHandler:33	0	</harden/bcfiles/edk_bcfiles/HardwareManager.bc>:HardwareManagerHandler:33:0:0
</harden/bcfiles/edk_bcfiles/HardwareManager.bc>:HardwareManagerHandler:36	0	</harden/bcfiles/edk_bcfiles/HardwareManager.bc>:HardwareManagerHandler:36:0:0
</harden/bcfiles/edk_bcfiles/HardwareManager.bc>:HardwareManagerHandler:37	0	</harden/bcfiles/edk_bcfiles/HardwareManager.bc>:HardwareManagerHandler:37:0:0
</harden/bcfiles/edk_bcfiles/HardwareManager.bc>:HardwareManagerHandler:41	0	</harden/bcfiles/edk_bcfiles/HardwareManager.bc>:HardwareManagerHandler:41:0:0
</harden/bcfiles/edk_bcfiles/HardwareManager.bc>:HardwareManagerHandler:50	0	</harden/bcfiles/edk_bcfiles/HardwareManager.bc>:HardwareManagerHandler:50:0:0
</harden/bcfiles/edk_bcfiles/HardwareManager.bc>:HardwareManagerHandler:55	0	</harden/bcfiles/edk_bcfiles/HardwareManager.bc>:HardwareManagerHandler:55:0:0
</harden/bcfiles/edk_bcfiles/HardwareManager.bc>:HardwareManagerHandler:64	0	</harden/bcfiles/edk_bcfiles/HardwareManager.bc>:HardwareManagerHandler:64:0:0
</harden/bcfiles/edk_bcfiles/HardwareManager.bc>:HardwareManagerHandler:70	0	</harden/bcfiles/edk_bcfiles/HardwareManager.bc>:HardwareManagerHandler:70:0:0
</harden/bcfiles/edk_bcfiles/HardwareManager.bc>:HardwareManagerHandler:71	0	</harden/bcfiles/edk_bcfiles/HardwareManager.bc>:HardwareManagerHandler:71:0:0
</harden/bcfiles/edk_bcfiles/HardwareManager.bc>:HardwareManagerHandler:73	0	</harden/bcfiles/edk_bcfiles/HardwareManager.bc>:HardwareManagerHandler:73:0:0
</harden/bcfiles/edk_bcfiles/HardwareManager.bc>:HardwareManagerHandler:76	0	</harden/bcfiles/edk_bcfiles/HardwareManager.bc>:HardwareManagerHandler:%62
</harden/bcfiles/edk_bcfiles/HardwareManager.bc>:HardwareManagerHandler:78	0	</harden/bcfiles/edk_bcfiles/HardwareManager.bc>:HardwareManagerHandler:78:0:0
</harden/bcfiles/edk_bcfiles/HardwareManager.bc>:HardwareManagerHandler:81	0	</harden/bcfiles/edk_bcfiles/HardwareManager.bc>:HardwareManagerHandler:81:0:0
</harden/bcfiles/edk_bcfiles/HardwareManager.bc>:HardwareManagerHandler:82	0	</harden/bcfiles/edk_bcfiles/HardwareManager.bc>:HardwareManagerHandler:82:0:0
</harden/bcfiles/edk_bcfiles/HardwareManager.bc>:HardwareManagerHandler:84	0	</harden/bcfiles/edk_bcfiles/HardwareManager.bc>:HardwareManagerHandler:84:0:0
</harden/bcfiles/edk_bcfiles/HardwareManager.bc>:HardwareManagerHandler:87	0	</harden/bcfiles/edk_bcfiles/HardwareManager.bc>:HardwareManagerHandler:%72
</harden/bcfiles/edk_bcfiles/HardwareManager.bc>:HardwareManagerHandler:89	0	</harden/bcfiles/edk_bcfiles/HardwareManager.bc>:HardwareManagerHandler:89:0:0
</harden/bcfiles/edk_bcfiles/HardwareManager.bc>:HardwareManagerHandler:92	0	</harden/bcfiles/edk_bcfiles/HardwareManager.bc>:HardwareManagerHandler:92:0:0
</harden/bcfiles/edk_bcfiles/HardwareManager.bc>:HardwareManagerHandler:97	0	</harden/bcfiles/edk_bcfiles/HardwareManager.bc>:HardwareManagerHandler:97:0:0
</harden/bcfiles/edk_bcfiles/HardwareManager.bc>:HardwareManagerHandler:98	0	</harden/bcfiles/edk_bcfiles/HardwareManager.bc>:HardwareManagerHandler:98:0:0
</harden/bcfiles/edk_bcfiles/HardwareManager.bc>:HardwareManagerHandler:100	0	</harden/bcfiles/edk_bcfiles/HardwareManager.bc>:HardwareManagerHandler:100:0:0
</harden/bcfiles/edk_bcfiles/HardwareManager.bc>:HardwareManagerHandler:101	0	</harden/bcfiles/edk_bcfiles/HardwareManager.bc>:HardwareManagerHandler:101:0:0
</harden/bcfiles/edk_bcfiles/HardwareManager.bc>:HardwareManagerHandler:102	0	</harden/bcfiles/edk_bcfiles/HardwareManager.bc>:HardwareManagerHandler:102:0:112
</harden/bcfiles/edk_bcfiles/HardwareManager.bc>:HardwareManagerHandler:107	0	</harden/bcfiles/edk_bcfiles/HardwareManager.bc>:HardwareManagerHandler:107:0:0
</harden/bcfiles/edk_bcfiles/HardwareManager.bc>:HardwareManagerHandler:110	0	</harden/bcfiles/edk_bcfiles/HardwareManager.bc>:HardwareManagerHandler:110:0:0
</harden/bcfiles/edk_bcfiles/HardwareManager.bc>:HardwareManagerHandler:114	0	</harden/bcfiles/edk_bcfiles/HardwareManager.bc>:HardwareManagerHandler:114:0:0
</harden/bcfiles/edk_bcfiles/HardwareManager.bc>:HardwareManagerHandler:117	0	</harden/bcfiles/edk_bcfiles/HardwareManager.bc>:HardwareManagerHandler:117:0:0
</harden/bcfiles/edk_bcfiles/HardwareManager.bc>:HardwareManagerHandler:120	0	</harden/bcfiles/edk_bcfiles/HardwareManager.bc>:HardwareManagerHandler:120:0:0
</harden/bcfiles/edk_bcfiles/HardwareManager.bc>:HardwareManagerHandler:124	0	</harden/bcfiles/edk_bcfiles/HardwareManager.bc>:HardwareManagerHandler:124:0:0
</harden/bcfiles/edk_bcfiles/HardwareManager.bc>:HardwareManagerHandler:128	0	</harden/bcfiles/edk_bcfiles/HardwareManager.bc>:HardwareManagerHandler:128:0:0
</harden/bcfiles/edk_bcfiles/HardwareManager.bc>:HardwareManagerHandler:131	0	</harden/bcfiles/edk_bcfiles/HardwareManager.bc>:HardwareManagerHandler:131:0:0
</harden/bcfiles/edk_bcfiles/HardwareManager.bc>:HardwareManagerHandler:134	0	</harden/bcfiles/edk_bcfiles/HardwareManager.bc>:HardwareManagerHandler:134:0:0
</harden/bcfiles/edk_bcfiles/HardwareManager.bc>:HardwareManagerHandler:137	0	</harden/bcfiles/edk_bcfiles/HardwareManager.bc>:HardwareManagerHandler:137:0:0
</harden/bcfiles/edk_bcfiles/HardwareManager.bc>:HardwareManagerHandler:141	0	</harden/bcfiles/edk_bcfiles/HardwareManager.bc>:HardwareManagerHandler:141:0:0
</harden/bcfiles/edk_bcfiles/HardwareManager.bc>:HardwareManagerHandler:145	0	</harden/bcfiles/edk_bcfiles/HardwareManager.bc>:HardwareManagerHandler:145:0:0
</harden/bcfiles/edk_bcfiles/HardwareManager.bc>:HardwareManagerHandler:148	0	</harden/bcfiles/edk_bcfiles/HardwareManager.bc>:HardwareManagerHandler:148:0:0
</harden/bcfiles/edk_bcfiles/HardwareManager.bc>:HardwareManagerHandler:151	0	</harden/bcfiles/edk_bcfiles/HardwareManager.bc>:HardwareManagerHandler:151:0:0
</harden/bcfiles/edk_bcfiles/HardwareManager.bc>:HardwareManagerHandler:154	0	</harden/bcfiles/edk_bcfiles/HardwareManager.bc>:HardwareManagerHandler:154:0:0
</harden/bcfiles/edk_bcfiles/HardwareManager.bc>:HardwareManagerHandler:158	0	</harden/bcfiles/edk_bcfiles/HardwareManager.bc>:HardwareManagerHandler:158:0:0
</harden/bcfiles/edk_bcfiles/HardwareManager.bc>:HardwareManagerHandler:162	0	</harden/bcfiles/edk_bcfiles/HardwareManager.bc>:HardwareManagerHandler:162:0:0
</harden/bcfiles/edk_bcfiles/HardwareManager.bc>:HardwareManagerHandler:165	0	</harden/bcfiles/edk_bcfiles/HardwareManager.bc>:HardwareManagerHandler:165:0:0
</harden/bcfiles/edk_bcfiles/HardwareManager.bc>:HardwareManagerHandler:168	0	</harden/bcfiles/edk_bcfiles/HardwareManager.bc>:HardwareManagerHandler:168:0:0
</harden/bcfiles/edk_bcfiles/HardwareManager.bc>:HardwareManagerHandler:172	0	</harden/bcfiles/edk_bcfiles/HardwareManager.bc>:HardwareManagerHandler:172:0:0
</harden/bcfiles/edk_bcfiles/HardwareManager.bc>:HardwareManagerHandler:176	0	</harden/bcfiles/edk_bcfiles/HardwareManager.bc>:HardwareManagerHandler:176:0:0
</harden/bcfiles/edk_bcfiles/HardwareManager.bc>:HardwareManagerHandler:179	0	</harden/bcfiles/edk_bcfiles/HardwareManager.bc>:HardwareManagerHandler:179:0:0
</harden/bcfiles/edk_bcfiles/HardwareManager.bc>:HardwareManagerHandler:182	0	</harden/bcfiles/edk_bcfiles/HardwareManager.bc>:HardwareManagerHandler:182:0:0
</harden/bcfiles/edk_bcfiles/HardwareManager.bc>:HardwareManagerHandler:185	0	</harden/bcfiles/edk_bcfiles/HardwareManager.bc>:HardwareManagerHandler:185:0:0
</harden/bcfiles/edk_bcfiles/HardwareManager.bc>:HardwareManagerHandler:189	0	</harden/bcfiles/edk_bcfiles/HardwareManager.bc>:HardwareManagerHandler:189:0:0
</harden/bcfiles/edk_bcfiles/HardwareManager.bc>:HardwareManagerHandler:192	0	</harden/bcfiles/edk_bcfiles/HardwareManager.bc>:HardwareManagerHandler:192:0:0
</harden/bcfiles/edk_bcfiles/HardwareManager.bc>:HardwareManagerHandler:195	0	</harden/bcfiles/edk_bcfiles/HardwareManager.bc>:HardwareManagerHandler:195:0:0
</harden/bcfiles/edk_bcfiles/HardwareManager.bc>:HardwareManagerHandler:199	0	</harden/bcfiles/edk_bcfiles/HardwareManager.bc>:HardwareManagerHandler:199:0:0
</harden/bcfiles/edk_bcfiles/HardwareManager.bc>:HardwareManagerHandler:203	0	</harden/bcfiles/edk_bcfiles/HardwareManager.bc>:HardwareManagerHandler:203:0:0
</harden/bcfiles/edk_bcfiles/HardwareManager.bc>:HardwareManagerHandler:206	0	</harden/bcfiles/edk_bcfiles/HardwareManager.bc>:HardwareManagerHandler:206:0:0
</harden/bcfiles/edk_bcfiles/HardwareManager.bc>:HardwareManagerHandler:209	0	</harden/bcfiles/edk_bcfiles/HardwareManager.bc>:HardwareManagerHandler:209:0:0
</harden/bcfiles/edk_bcfiles/HardwareManager.bc>:HardwareManagerHandler:212	0	</harden/bcfiles/edk_bcfiles/HardwareManager.bc>:HardwareManagerHandler:212:0:0
</harden/bcfiles/edk_bcfiles/HardwareManager.bc>:HardwareManagerHandler:216	0	</harden/bcfiles/edk_bcfiles/HardwareManager.bc>:HardwareManagerHandler:216:0:0
</harden/bcfiles/edk_bcfiles/HardwareManager.bc>:HardwareManagerHandler:219	0	</harden/bcfiles/edk_bcfiles/HardwareManager.bc>:HardwareManagerHandler:219:0:0
</harden/bcfiles/edk_bcfiles/HardwareManager.bc>:HardwareManagerHandler:222	0	</harden/bcfiles/edk_bcfiles/HardwareManager.bc>:HardwareManagerHandler:222:0:0
</harden/bcfiles/edk_bcfiles/HardwareManager.bc>:HardwareManagerHandler:226	0	</harden/bcfiles/edk_bcfiles/HardwareManager.bc>:HardwareManagerHandler:226:0:0
</harden/bcfiles/edk_bcfiles/HardwareManager.bc>:HardwareManagerHandler:230	0	</harden/bcfiles/edk_bcfiles/HardwareManager.bc>:HardwareManagerHandler:230:0:0
</harden/bcfiles/edk_bcfiles/HardwareManager.bc>:HardwareManagerHandler:233	0	</harden/bcfiles/edk_bcfiles/HardwareManager.bc>:HardwareManagerHandler:233:0:0
</harden/bcfiles/edk_bcfiles/HardwareManager.bc>:HardwareManagerHandler:236	0	</harden/bcfiles/edk_bcfiles/HardwareManager.bc>:HardwareManagerHandler:236:0:0
</harden/bcfiles/edk_bcfiles/HardwareManager.bc>:HardwareManagerHandler:240	0	</harden/bcfiles/edk_bcfiles/HardwareManager.bc>:HardwareManagerHandler:240:0:0
</harden/bcfiles/edk_bcfiles/HardwareManager.bc>:HardwareManagerHandler:244	0	</harden/bcfiles/edk_bcfiles/HardwareManager.bc>:HardwareManagerHandler:244:0:0
</harden/bcfiles/edk_bcfiles/HardwareManager.bc>:HardwareManagerHandler:247	0	</harden/bcfiles/edk_bcfiles/HardwareManager.bc>:HardwareManagerHandler:247:0:0
</harden/bcfiles/edk_bcfiles/HardwareManager.bc>:HardwareManagerHandler:250	0	</harden/bcfiles/edk_bcfiles/HardwareManager.bc>:HardwareManagerHandler:250:0:0
</harden/bcfiles/edk_bcfiles/HardwareManager.bc>:HardwareManagerHandler:253	0	</harden/bcfiles/edk_bcfiles/HardwareManager.bc>:HardwareManagerHandler:253:0:0
</harden/bcfiles/edk_bcfiles/HardwareManager.bc>:HardwareManagerHandler:257	0	</harden/bcfiles/edk_bcfiles/HardwareManager.bc>:HardwareManagerHandler:257:0:0
</harden/bcfiles/edk_bcfiles/HardwareManager.bc>:HardwareManagerHandler:260	0	</harden/bcfiles/edk_bcfiles/HardwareManager.bc>:HardwareManagerHandler:260:0:0
</harden/bcfiles/edk_bcfiles/HardwareManager.bc>:HardwareManagerHandler:263	0	</harden/bcfiles/edk_bcfiles/HardwareManager.bc>:HardwareManagerHandler:263:0:0
</harden/bcfiles/edk_bcfiles/HardwareManager.bc>:HardwareManagerHandler:267	0	</harden/bcfiles/edk_bcfiles/HardwareManager.bc>:HardwareManagerHandler:267:0:0
</harden/bcfiles/edk_bcfiles/HardwareManager.bc>:HardwareManagerHandler:271	0	</harden/bcfiles/edk_bcfiles/HardwareManager.bc>:HardwareManagerHandler:271:0:0
</harden/bcfiles/edk_bcfiles/HardwareManager.bc>:HardwareManagerHandler:274	0	</harden/bcfiles/edk_bcfiles/HardwareManager.bc>:HardwareManagerHandler:274:0:0
</harden/bcfiles/edk_bcfiles/HardwareManager.bc>:HardwareManagerHandler:277	0	</harden/bcfiles/edk_bcfiles/HardwareManager.bc>:HardwareManagerHandler:277:0:0
</harden/bcfiles/edk_bcfiles/HardwareManager.bc>:HardwareManagerHandler:280	0	</harden/bcfiles/edk_bcfiles/HardwareManager.bc>:HardwareManagerHandler:280:0:0
</harden/bcfiles/edk_bcfiles/HardwareManager.bc>:HardwareManagerHandler:283	0	</harden/bcfiles/edk_bcfiles/HardwareManager.bc>:HardwareManagerHandler:283:0:0
</harden/bcfiles/edk_bcfiles/HardwareManager.bc>:HardwareManagerHandler:287	0	</harden/bcfiles/edk_bcfiles/HardwareManager.bc>:HardwareManagerHandler:287:0:0
</harden/bcfiles/edk_bcfiles/HardwareManager.bc>:HardwareManagerHandler:290	0	</harden/bcfiles/edk_bcfiles/HardwareManager.bc>:HardwareManagerHandler:290:0:0
</harden/bcfiles/edk_bcfiles/HardwareManager.bc>:HardwareManagerHandler:293	0	</harden/bcfiles/edk_bcfiles/HardwareManager.bc>:HardwareManagerHandler:293:0:0
</harden/bcfiles/edk_bcfiles/HardwareManager.bc>:HardwareManagerHandler:297	0	</harden/bcfiles/edk_bcfiles/HardwareManager.bc>:HardwareManagerHandler:297:0:0
</harden/bcfiles/edk_bcfiles/HardwareManager.bc>:HardwareManagerHandler:300	0	</harden/bcfiles/edk_bcfiles/HardwareManager.bc>:HardwareManagerHandler:300:0:0
</harden/bcfiles/edk_bcfiles/HardwareManager.bc>:HardwareManagerHandler:303	0	</harden/bcfiles/edk_bcfiles/HardwareManager.bc>:HardwareManagerHandler:303:0:0
</harden/bcfiles/edk_bcfiles/HardwareManager.bc>:HardwareManagerHandler:306	0	</harden/bcfiles/edk_bcfiles/HardwareManager.bc>:HardwareManagerHandler:306:0:0
</harden/bcfiles/edk_bcfiles/HardwareManager.bc>:HardwareManagerHandler:310	0	</harden/bcfiles/edk_bcfiles/HardwareManager.bc>:HardwareManagerHandler:310:0:0
</harden/bcfiles/edk_bcfiles/HardwareManager.bc>:HardwareManagerHandler:313	0	</harden/bcfiles/edk_bcfiles/HardwareManager.bc>:HardwareManagerHandler:313:0:0
</harden/bcfiles/edk_bcfiles/HardwareManager.bc>:HardwareManagerHandler:316	0	</harden/bcfiles/edk_bcfiles/HardwareManager.bc>:HardwareManagerHandler:316:0:0
</harden/bcfiles/edk_bcfiles/HardwareManager.bc>:HardwareManagerHandler:320	0	</harden/bcfiles/edk_bcfiles/HardwareManager.bc>:HardwareManagerHandler:320:0:0
</harden/bcfiles/edk_bcfiles/HardwareManager.bc>:HardwareManagerHandler:323	0	</harden/bcfiles/edk_bcfiles/HardwareManager.bc>:HardwareManagerHandler:323:0:0
</harden/bcfiles/edk_bcfiles/HardwareManager.bc>:HardwareManagerHandler:326	0	</harden/bcfiles/edk_bcfiles/HardwareManager.bc>:HardwareManagerHandler:326:0:0
</harden/bcfiles/edk_bcfiles/HardwareManager.bc>:HardwareManagerHandler:329	0	</harden/bcfiles/edk_bcfiles/HardwareManager.bc>:HardwareManagerHandler:329:0:0
</harden/bcfiles/edk_bcfiles/HardwareManager.bc>:HardwareManagerHandler:333	0	</harden/bcfiles/edk_bcfiles/HardwareManager.bc>:HardwareManagerHandler:333:0:0
</harden/bcfiles/edk_bcfiles/HardwareManager.bc>:HardwareManagerHandler:336	0	</harden/bcfiles/edk_bcfiles/HardwareManager.bc>:HardwareManagerHandler:336:0:0
</harden/bcfiles/edk_bcfiles/HardwareManager.bc>:HardwareManagerHandler:339	0	</harden/bcfiles/edk_bcfiles/HardwareManager.bc>:HardwareManagerHandler:339:0:0
</harden/bcfiles/edk_bcfiles/HardwareManager.bc>:HardwareManagerHandler:343	0	</harden/bcfiles/edk_bcfiles/HardwareManager.bc>:HardwareManagerHandler:343:0:0
</harden/bcfiles/edk_bcfiles/HardwareManager.bc>:HardwareManagerHandler:346	0	</harden/bcfiles/edk_bcfiles/HardwareManager.bc>:HardwareManagerHandler:346:0:0
</harden/bcfiles/edk_bcfiles/HardwareManager.bc>:HardwareManagerHandler:349	0	</harden/bcfiles/edk_bcfiles/HardwareManager.bc>:HardwareManagerHandler:349:0:0
</harden/bcfiles/edk_bcfiles/HardwareManager.bc>:HardwareManagerHandler:352	0	</harden/bcfiles/edk_bcfiles/HardwareManager.bc>:HardwareManagerHandler:352:0:0
</harden/bcfiles/edk_bcfiles/HardwareManager.bc>:HardwareManagerHandler:356	0	</harden/bcfiles/edk_bcfiles/HardwareManager.bc>:HardwareManagerHandler:356:0:0
</harden/bcfiles/edk_bcfiles/HardwareManager.bc>:HardwareManagerHandler:359	0	</harden/bcfiles/edk_bcfiles/HardwareManager.bc>:HardwareManagerHandler:359:0:0
</harden/bcfiles/edk_bcfiles/HardwareManager.bc>:HardwareManagerHandler:362	0	</harden/bcfiles/edk_bcfiles/HardwareManager.bc>:HardwareManagerHandler:362:0:0
</harden/bcfiles/edk_bcfiles/HardwareManager.bc>:HardwareManagerHandler:366	0	</harden/bcfiles/edk_bcfiles/HardwareManager.bc>:HardwareManagerHandler:366:0:0
</harden/bcfiles/edk_bcfiles/HardwareManager.bc>:HardwareManagerHandler:369	0	</harden/bcfiles/edk_bcfiles/HardwareManager.bc>:HardwareManagerHandler:369:0:0
</harden/bcfiles/edk_bcfiles/HardwareManager.bc>:HardwareManagerHandler:372	0	</harden/bcfiles/edk_bcfiles/HardwareManager.bc>:HardwareManagerHandler:372:0:0
</harden/bcfiles/edk_bcfiles/HardwareManager.bc>:HardwareManagerHandler:375	0	</harden/bcfiles/edk_bcfiles/HardwareManager.bc>:HardwareManagerHandler:375:0:0
</harden/bcfiles/edk_bcfiles/HardwareManager.bc>:HardwareManagerHandler:379	0	</harden/bcfiles/edk_bcfiles/HardwareManager.bc>:HardwareManagerHandler:379:0:0
</harden/bcfiles/edk_bcfiles/HardwareManager.bc>:HardwareManagerHandler:382	0	</harden/bcfiles/edk_bcfiles/HardwareManager.bc>:HardwareManagerHandler:382:0:0
</harden/bcfiles/edk_bcfiles/HardwareManager.bc>:HardwareManagerHandler:385	0	</harden/bcfiles/edk_bcfiles/HardwareManager.bc>:HardwareManagerHandler:385:0:0
</harden/bcfiles/edk_bcfiles/HardwareManager.bc>:HardwareManagerHandler:389	0	</harden/bcfiles/edk_bcfiles/HardwareManager.bc>:HardwareManagerHandler:389:0:0
</harden/bcfiles/edk_bcfiles/HardwareManager.bc>:HardwareManagerHandler:392	0	</harden/bcfiles/edk_bcfiles/HardwareManager.bc>:HardwareManagerHandler:392:0:0
</harden/bcfiles/edk_bcfiles/HardwareManager.bc>:HardwareManagerHandler:395	0	</harden/bcfiles/edk_bcfiles/HardwareManager.bc>:HardwareManagerHandler:395:0:0
</harden/bcfiles/edk_bcfiles/HardwareManager.bc>:HardwareManagerHandler:398	0	</harden/bcfiles/edk_bcfiles/HardwareManager.bc>:HardwareManagerHandler:398:0:0
</harden/bcfiles/edk_bcfiles/HardwareManager.bc>:HardwareManagerHandler:402	0	</harden/bcfiles/edk_bcfiles/HardwareManager.bc>:HardwareManagerHandler:402:0:0
</harden/bcfiles/edk_bcfiles/HardwareManager.bc>:HardwareManagerHandler:403	0	</harden/bcfiles/edk_bcfiles/HardwareManager.bc>:HardwareManagerHandler:403:0:0
</harden/bcfiles/edk_bcfiles/HardwareManager.bc>:HardwareManagerHandler:406	0	</harden/bcfiles/edk_bcfiles/HardwareManager.bc>:HardwareManagerHandler:406:0:0
</harden/bcfiles/edk_bcfiles/HardwareManager.bc>:HardwareManagerHandler:410	0	</harden/bcfiles/edk_bcfiles/HardwareManager.bc>:HardwareManagerHandler:410:0:0
</harden/bcfiles/edk_bcfiles/HardwareManager.bc>:HardwareManagerSetLicense:12	0	</harden/bcfiles/edk_bcfiles/HardwareManager.bc>:HardwareManagerSetLicense:12:0:0
</harden/bcfiles/edk_bcfiles/HardwareManager.bc>:HardwareManagerValidateLicense:18	0	</harden/bcfiles/edk_bcfiles/HardwareManager.bc>:HardwareManagerValidateLicense:%13
</harden/bcfiles/edk_bcfiles/HardwareManager.bc>:HardwareManagerValidateLicense:34	0	</harden/bcfiles/edk_bcfiles/HardwareManager.bc>:HardwareManagerValidateLicense:34:0:60
</harden/bcfiles/edk_bcfiles/HardwareManager.bc>:HardwareManagerValidateLicense:38	0	</harden/bcfiles/edk_bcfiles/HardwareManager.bc>:HardwareManagerValidateLicense:38:0:61
</harden/bcfiles/edk_bcfiles/HardwareManager.bc>:HardwareManagerValidateLicense:44	0	</harden/bcfiles/edk_bcfiles/HardwareManager.bc>:HardwareManagerValidateLicense:44:0:62
</harden/bcfiles/edk_bcfiles/HardwareManager.bc>:HardwareManagerValidateLicense:50	0	</harden/bcfiles/edk_bcfiles/HardwareManager.bc>:HardwareManagerValidateLicense:50:0:63
</harden/bcfiles/edk_bcfiles/HardwareManager.bc>:HardwareManagerGetLicense:10	0	</harden/bcfiles/edk_bcfiles/HardwareManager.bc>:HardwareManagerGetLicense:10:0:0
</harden/bcfiles/edk_bcfiles/HardwareManager.bc>:HardwareHandlerReadyCallback:13	0	</harden/bcfiles/edk_bcfiles/HardwareManager.bc>:HardwareHandlerReadyCallback:13:0:0
</harden/bcfiles/edk_bcfiles/HardwareManager.bc>:HardwareHandlerReadyCallback:38	0	</harden/bcfiles/edk_bcfiles/HardwareManager.bc>:HardwareHandlerReadyCallback:38:0:0
</harden/bcfiles/edk_bcfiles/HardwareManager.bc>:HardwareHandlerReadyCallback:63	0	</harden/bcfiles/edk_bcfiles/HardwareManager.bc>:HardwareHandlerReadyCallback:63:0:0
</harden/bcfiles/edk_bcfiles/HardwareManager.bc>:ProcessFirmwareReadyCallback:13	0	</harden/bcfiles/edk_bcfiles/HardwareManager.bc>:ProcessFirmwareReadyCallback:13:0:0
</harden/bcfiles/edk_bcfiles/HardwareManager.bc>:HardwareManagerEntryPoint:20	0	</harden/bcfiles/edk_bcfiles/HardwareManager.bc>:HardwareManagerEntryPoint:20:0:0
</harden/bcfiles/edk_bcfiles/HardwareManager.bc>:HardwareManagerEntryPoint:44	0	</harden/bcfiles/edk_bcfiles/HardwareManager.bc>:HardwareManagerEntryPoint:44:0:0
</harden/bcfiles/edk_bcfiles/HardwareManager.bc>:HardwareManagerEntryPoint:68	0	</harden/bcfiles/edk_bcfiles/HardwareManager.bc>:HardwareManagerEntryPoint:68:0:0
</harden/bcfiles/edk_bcfiles/HardwareManager.bc>:HardwareManagerEntryPoint:95	0	</harden/bcfiles/edk_bcfiles/HardwareManager.bc>:HardwareManagerEntryPoint:95:0:0
</harden/bcfiles/edk_bcfiles/HardwareManager.bc>:HardwareManagerEntryPoint:121	0	</harden/bcfiles/edk_bcfiles/HardwareManager.bc>:HardwareManagerEntryPoint:121:0:0
</harden/bcfiles/edk_bcfiles/HardwareManager.bc>:HardwareManagerHandler:27	1	</harden/bcfiles/edk_bcfiles/HardwareManager.bc>:HardwareManagerHandler:27:1:0
</harden/bcfiles/edk_bcfiles/HardwareManager.bc>:HardwareManagerHandler:33	1	</harden/bcfiles/edk_bcfiles/HardwareManager.bc>:HardwareManagerHandler:33:1:0
</harden/bcfiles/edk_bcfiles/HardwareManager.bc>:HardwareManagerHandler:36	1	</harden/bcfiles/edk_bcfiles/HardwareManager.bc>:HardwareManagerHandler:36:1:7
</harden/bcfiles/edk_bcfiles/HardwareManager.bc>:HardwareManagerHandler:37	1	</harden/bcfiles/edk_bcfiles/HardwareManager.bc>:HardwareManagerHandler:37:1:0
</harden/bcfiles/edk_bcfiles/HardwareManager.bc>:HardwareManagerHandler:41	1	</harden/bcfiles/edk_bcfiles/HardwareManager.bc>:HardwareManagerHandler:41:1:3
</harden/bcfiles/edk_bcfiles/HardwareManager.bc>:HardwareManagerHandler:50	1	</harden/bcfiles/edk_bcfiles/HardwareManager.bc>:HardwareManagerHandler:50:1:6
</harden/bcfiles/edk_bcfiles/HardwareManager.bc>:HardwareManagerHandler:55	1	</harden/bcfiles/edk_bcfiles/HardwareManager.bc>:HardwareManagerHandler:55:1:2
</harden/bcfiles/edk_bcfiles/HardwareManager.bc>:HardwareManagerHandler:64	1	</harden/bcfiles/edk_bcfiles/HardwareManager.bc>:HardwareManagerHandler:64:1:6
</harden/bcfiles/edk_bcfiles/HardwareManager.bc>:HardwareManagerHandler:70	1	</harden/bcfiles/edk_bcfiles/HardwareManager.bc>:HardwareManagerHandler:70:1:5
</harden/bcfiles/edk_bcfiles/HardwareManager.bc>:HardwareManagerHandler:71	1	</harden/bcfiles/edk_bcfiles/HardwareManager.bc>:HardwareManagerHandler:71:1:0
</harden/bcfiles/edk_bcfiles/HardwareManager.bc>:HardwareManagerHandler:73	1	</harden/bcfiles/edk_bcfiles/HardwareManager.bc>:HardwareManagerHandler:73:1:3
</harden/bcfiles/edk_bcfiles/HardwareManager.bc>:HardwareManagerHandler:78	1	</harden/bcfiles/edk_bcfiles/HardwareManager.bc>:HardwareManagerHandler:78:1:3
</harden/bcfiles/edk_bcfiles/HardwareManager.bc>:HardwareManagerHandler:81	1	</harden/bcfiles/edk_bcfiles/HardwareManager.bc>:HardwareManagerHandler:81:1:5
</harden/bcfiles/edk_bcfiles/HardwareManager.bc>:HardwareManagerHandler:82	1	</harden/bcfiles/edk_bcfiles/HardwareManager.bc>:HardwareManagerHandler:82:1:0
</harden/bcfiles/edk_bcfiles/HardwareManager.bc>:HardwareManagerHandler:84	1	</harden/bcfiles/edk_bcfiles/HardwareManager.bc>:HardwareManagerHandler:84:1:2
</harden/bcfiles/edk_bcfiles/HardwareManager.bc>:HardwareManagerHandler:89	1	</harden/bcfiles/edk_bcfiles/HardwareManager.bc>:HardwareManagerHandler:89:1:2
</harden/bcfiles/edk_bcfiles/HardwareManager.bc>:HardwareManagerHandler:92	1	</harden/bcfiles/edk_bcfiles/HardwareManager.bc>:HardwareManagerHandler:92:1:0
</harden/bcfiles/edk_bcfiles/HardwareManager.bc>:HardwareManagerHandler:97	1	</harden/bcfiles/edk_bcfiles/HardwareManager.bc>:HardwareManagerHandler:97:1:4
</harden/bcfiles/edk_bcfiles/HardwareManager.bc>:HardwareManagerHandler:98	1	</harden/bcfiles/edk_bcfiles/HardwareManager.bc>:HardwareManagerHandler:98:1:0
</harden/bcfiles/edk_bcfiles/HardwareManager.bc>:HardwareManagerHandler:100	1	</harden/bcfiles/edk_bcfiles/HardwareManager.bc>:HardwareManagerHandler:100:1:7
</harden/bcfiles/edk_bcfiles/HardwareManager.bc>:HardwareManagerHandler:101	1	</harden/bcfiles/edk_bcfiles/HardwareManager.bc>:HardwareManagerHandler:101:1:0
</harden/bcfiles/edk_bcfiles/HardwareManager.bc>:HardwareManagerHandler:107	1	</harden/bcfiles/edk_bcfiles/HardwareManager.bc>:HardwareManagerHandler:107:1:6
</harden/bcfiles/edk_bcfiles/HardwareManager.bc>:HardwareManagerHandler:110	1	</harden/bcfiles/edk_bcfiles/HardwareManager.bc>:HardwareManagerHandler:110:1:0
</harden/bcfiles/edk_bcfiles/HardwareManager.bc>:HardwareManagerHandler:114	1	</harden/bcfiles/edk_bcfiles/HardwareManager.bc>:HardwareManagerHandler:114:1:0
</harden/bcfiles/edk_bcfiles/HardwareManager.bc>:HardwareManagerHandler:117	1	</harden/bcfiles/edk_bcfiles/HardwareManager.bc>:HardwareManagerHandler:117:1:1
</harden/bcfiles/edk_bcfiles/HardwareManager.bc>:HardwareManagerHandler:120	1	</harden/bcfiles/edk_bcfiles/HardwareManager.bc>:HardwareManagerHandler:120:1:2
</harden/bcfiles/edk_bcfiles/HardwareManager.bc>:HardwareManagerHandler:124	1	</harden/bcfiles/edk_bcfiles/HardwareManager.bc>:HardwareManagerHandler:124:1:6
</harden/bcfiles/edk_bcfiles/HardwareManager.bc>:HardwareManagerHandler:128	1	</harden/bcfiles/edk_bcfiles/HardwareManager.bc>:HardwareManagerHandler:128:1:1
</harden/bcfiles/edk_bcfiles/HardwareManager.bc>:HardwareManagerHandler:131	1	</harden/bcfiles/edk_bcfiles/HardwareManager.bc>:HardwareManagerHandler:131:1:1
</harden/bcfiles/edk_bcfiles/HardwareManager.bc>:HardwareManagerHandler:134	1	</harden/bcfiles/edk_bcfiles/HardwareManager.bc>:HardwareManagerHandler:134:1:2
</harden/bcfiles/edk_bcfiles/HardwareManager.bc>:HardwareManagerHandler:137	1	</harden/bcfiles/edk_bcfiles/HardwareManager.bc>:HardwareManagerHandler:137:1:3
</harden/bcfiles/edk_bcfiles/HardwareManager.bc>:HardwareManagerHandler:141	1	</harden/bcfiles/edk_bcfiles/HardwareManager.bc>:HardwareManagerHandler:141:1:6
</harden/bcfiles/edk_bcfiles/HardwareManager.bc>:HardwareManagerHandler:145	1	</harden/bcfiles/edk_bcfiles/HardwareManager.bc>:HardwareManagerHandler:145:1:2
</harden/bcfiles/edk_bcfiles/HardwareManager.bc>:HardwareManagerHandler:148	1	</harden/bcfiles/edk_bcfiles/HardwareManager.bc>:HardwareManagerHandler:148:1:1
</harden/bcfiles/edk_bcfiles/HardwareManager.bc>:HardwareManagerHandler:151	1	</harden/bcfiles/edk_bcfiles/HardwareManager.bc>:HardwareManagerHandler:151:1:2
</harden/bcfiles/edk_bcfiles/HardwareManager.bc>:HardwareManagerHandler:154	1	</harden/bcfiles/edk_bcfiles/HardwareManager.bc>:HardwareManagerHandler:154:1:3
</harden/bcfiles/edk_bcfiles/HardwareManager.bc>:HardwareManagerHandler:158	1	</harden/bcfiles/edk_bcfiles/HardwareManager.bc>:HardwareManagerHandler:158:1:6
</harden/bcfiles/edk_bcfiles/HardwareManager.bc>:HardwareManagerHandler:162	1	</harden/bcfiles/edk_bcfiles/HardwareManager.bc>:HardwareManagerHandler:162:1:3
</harden/bcfiles/edk_bcfiles/HardwareManager.bc>:HardwareManagerHandler:165	1	</harden/bcfiles/edk_bcfiles/HardwareManager.bc>:HardwareManagerHandler:165:1:1
</harden/bcfiles/edk_bcfiles/HardwareManager.bc>:HardwareManagerHandler:168	1	</harden/bcfiles/edk_bcfiles/HardwareManager.bc>:HardwareManagerHandler:168:1:2
</harden/bcfiles/edk_bcfiles/HardwareManager.bc>:HardwareManagerHandler:172	1	</harden/bcfiles/edk_bcfiles/HardwareManager.bc>:HardwareManagerHandler:172:1:6
</harden/bcfiles/edk_bcfiles/HardwareManager.bc>:HardwareManagerHandler:176	1	</harden/bcfiles/edk_bcfiles/HardwareManager.bc>:HardwareManagerHandler:176:1:0
</harden/bcfiles/edk_bcfiles/HardwareManager.bc>:HardwareManagerHandler:179	1	</harden/bcfiles/edk_bcfiles/HardwareManager.bc>:HardwareManagerHandler:179:1:1
</harden/bcfiles/edk_bcfiles/HardwareManager.bc>:HardwareManagerHandler:182	1	</harden/bcfiles/edk_bcfiles/HardwareManager.bc>:HardwareManagerHandler:182:1:2
</harden/bcfiles/edk_bcfiles/HardwareManager.bc>:HardwareManagerHandler:185	1	</harden/bcfiles/edk_bcfiles/HardwareManager.bc>:HardwareManagerHandler:185:1:6
</harden/bcfiles/edk_bcfiles/HardwareManager.bc>:HardwareManagerHandler:189	1	</harden/bcfiles/edk_bcfiles/HardwareManager.bc>:HardwareManagerHandler:189:1:1
</harden/bcfiles/edk_bcfiles/HardwareManager.bc>:HardwareManagerHandler:192	1	</harden/bcfiles/edk_bcfiles/HardwareManager.bc>:HardwareManagerHandler:192:1:1
</harden/bcfiles/edk_bcfiles/HardwareManager.bc>:HardwareManagerHandler:195	1	</harden/bcfiles/edk_bcfiles/HardwareManager.bc>:HardwareManagerHandler:195:1:2
</harden/bcfiles/edk_bcfiles/HardwareManager.bc>:HardwareManagerHandler:199	1	</harden/bcfiles/edk_bcfiles/HardwareManager.bc>:HardwareManagerHandler:199:1:6
</harden/bcfiles/edk_bcfiles/HardwareManager.bc>:HardwareManagerHandler:203	1	</harden/bcfiles/edk_bcfiles/HardwareManager.bc>:HardwareManagerHandler:203:1:2
</harden/bcfiles/edk_bcfiles/HardwareManager.bc>:HardwareManagerHandler:206	1	</harden/bcfiles/edk_bcfiles/HardwareManager.bc>:HardwareManagerHandler:206:1:1
</harden/bcfiles/edk_bcfiles/HardwareManager.bc>:HardwareManagerHandler:209	1	</harden/bcfiles/edk_bcfiles/HardwareManager.bc>:HardwareManagerHandler:209:1:2
</harden/bcfiles/edk_bcfiles/HardwareManager.bc>:HardwareManagerHandler:212	1	</harden/bcfiles/edk_bcfiles/HardwareManager.bc>:HardwareManagerHandler:212:1:6
</harden/bcfiles/edk_bcfiles/HardwareManager.bc>:HardwareManagerHandler:216	1	</harden/bcfiles/edk_bcfiles/HardwareManager.bc>:HardwareManagerHandler:216:1:3
</harden/bcfiles/edk_bcfiles/HardwareManager.bc>:HardwareManagerHandler:219	1	</harden/bcfiles/edk_bcfiles/HardwareManager.bc>:HardwareManagerHandler:219:1:1
</harden/bcfiles/edk_bcfiles/HardwareManager.bc>:HardwareManagerHandler:222	1	</harden/bcfiles/edk_bcfiles/HardwareManager.bc>:HardwareManagerHandler:222:1:2
</harden/bcfiles/edk_bcfiles/HardwareManager.bc>:HardwareManagerHandler:226	1	</harden/bcfiles/edk_bcfiles/HardwareManager.bc>:HardwareManagerHandler:226:1:6
</harden/bcfiles/edk_bcfiles/HardwareManager.bc>:HardwareManagerHandler:230	1	</harden/bcfiles/edk_bcfiles/HardwareManager.bc>:HardwareManagerHandler:230:1:0
</harden/bcfiles/edk_bcfiles/HardwareManager.bc>:HardwareManagerHandler:233	1	</harden/bcfiles/edk_bcfiles/HardwareManager.bc>:HardwareManagerHandler:233:1:1
</harden/bcfiles/edk_bcfiles/HardwareManager.bc>:HardwareManagerHandler:236	1	</harden/bcfiles/edk_bcfiles/HardwareManager.bc>:HardwareManagerHandler:236:1:2
</harden/bcfiles/edk_bcfiles/HardwareManager.bc>:HardwareManagerHandler:240	1	</harden/bcfiles/edk_bcfiles/HardwareManager.bc>:HardwareManagerHandler:240:1:6
</harden/bcfiles/edk_bcfiles/HardwareManager.bc>:HardwareManagerHandler:244	1	</harden/bcfiles/edk_bcfiles/HardwareManager.bc>:HardwareManagerHandler:244:1:1
</harden/bcfiles/edk_bcfiles/HardwareManager.bc>:HardwareManagerHandler:247	1	</harden/bcfiles/edk_bcfiles/HardwareManager.bc>:HardwareManagerHandler:247:1:1
</harden/bcfiles/edk_bcfiles/HardwareManager.bc>:HardwareManagerHandler:250	1	</harden/bcfiles/edk_bcfiles/HardwareManager.bc>:HardwareManagerHandler:250:1:2
</harden/bcfiles/edk_bcfiles/HardwareManager.bc>:HardwareManagerHandler:253	1	</harden/bcfiles/edk_bcfiles/HardwareManager.bc>:HardwareManagerHandler:253:1:6
</harden/bcfiles/edk_bcfiles/HardwareManager.bc>:HardwareManagerHandler:257	1	</harden/bcfiles/edk_bcfiles/HardwareManager.bc>:HardwareManagerHandler:257:1:2
</harden/bcfiles/edk_bcfiles/HardwareManager.bc>:HardwareManagerHandler:260	1	</harden/bcfiles/edk_bcfiles/HardwareManager.bc>:HardwareManagerHandler:260:1:1
</harden/bcfiles/edk_bcfiles/HardwareManager.bc>:HardwareManagerHandler:263	1	</harden/bcfiles/edk_bcfiles/HardwareManager.bc>:HardwareManagerHandler:263:1:2
</harden/bcfiles/edk_bcfiles/HardwareManager.bc>:HardwareManagerHandler:267	1	</harden/bcfiles/edk_bcfiles/HardwareManager.bc>:HardwareManagerHandler:267:1:6
</harden/bcfiles/edk_bcfiles/HardwareManager.bc>:HardwareManagerHandler:271	1	</harden/bcfiles/edk_bcfiles/HardwareManager.bc>:HardwareManagerHandler:271:1:3
</harden/bcfiles/edk_bcfiles/HardwareManager.bc>:HardwareManagerHandler:274	1	</harden/bcfiles/edk_bcfiles/HardwareManager.bc>:HardwareManagerHandler:274:1:1
</harden/bcfiles/edk_bcfiles/HardwareManager.bc>:HardwareManagerHandler:277	1	</harden/bcfiles/edk_bcfiles/HardwareManager.bc>:HardwareManagerHandler:277:1:2
</harden/bcfiles/edk_bcfiles/HardwareManager.bc>:HardwareManagerHandler:280	1	</harden/bcfiles/edk_bcfiles/HardwareManager.bc>:HardwareManagerHandler:280:1:3
</harden/bcfiles/edk_bcfiles/HardwareManager.bc>:HardwareManagerHandler:283	1	</harden/bcfiles/edk_bcfiles/HardwareManager.bc>:HardwareManagerHandler:283:1:6
</harden/bcfiles/edk_bcfiles/HardwareManager.bc>:HardwareManagerHandler:287	1	</harden/bcfiles/edk_bcfiles/HardwareManager.bc>:HardwareManagerHandler:287:1:0
</harden/bcfiles/edk_bcfiles/HardwareManager.bc>:HardwareManagerHandler:290	1	</harden/bcfiles/edk_bcfiles/HardwareManager.bc>:HardwareManagerHandler:290:1:1
</harden/bcfiles/edk_bcfiles/HardwareManager.bc>:HardwareManagerHandler:293	1	</harden/bcfiles/edk_bcfiles/HardwareManager.bc>:HardwareManagerHandler:293:1:6
</harden/bcfiles/edk_bcfiles/HardwareManager.bc>:HardwareManagerHandler:297	1	</harden/bcfiles/edk_bcfiles/HardwareManager.bc>:HardwareManagerHandler:297:1:1
</harden/bcfiles/edk_bcfiles/HardwareManager.bc>:HardwareManagerHandler:300	1	</harden/bcfiles/edk_bcfiles/HardwareManager.bc>:HardwareManagerHandler:300:1:1
</harden/bcfiles/edk_bcfiles/HardwareManager.bc>:HardwareManagerHandler:303	1	</harden/bcfiles/edk_bcfiles/HardwareManager.bc>:HardwareManagerHandler:303:1:2
</harden/bcfiles/edk_bcfiles/HardwareManager.bc>:HardwareManagerHandler:306	1	</harden/bcfiles/edk_bcfiles/HardwareManager.bc>:HardwareManagerHandler:306:1:6
</harden/bcfiles/edk_bcfiles/HardwareManager.bc>:HardwareManagerHandler:310	1	</harden/bcfiles/edk_bcfiles/HardwareManager.bc>:HardwareManagerHandler:310:1:2
</harden/bcfiles/edk_bcfiles/HardwareManager.bc>:HardwareManagerHandler:313	1	</harden/bcfiles/edk_bcfiles/HardwareManager.bc>:HardwareManagerHandler:313:1:1
</harden/bcfiles/edk_bcfiles/HardwareManager.bc>:HardwareManagerHandler:316	1	</harden/bcfiles/edk_bcfiles/HardwareManager.bc>:HardwareManagerHandler:316:1:6
</harden/bcfiles/edk_bcfiles/HardwareManager.bc>:HardwareManagerHandler:320	1	</harden/bcfiles/edk_bcfiles/HardwareManager.bc>:HardwareManagerHandler:320:1:3
</harden/bcfiles/edk_bcfiles/HardwareManager.bc>:HardwareManagerHandler:323	1	</harden/bcfiles/edk_bcfiles/HardwareManager.bc>:HardwareManagerHandler:323:1:1
</harden/bcfiles/edk_bcfiles/HardwareManager.bc>:HardwareManagerHandler:326	1	</harden/bcfiles/edk_bcfiles/HardwareManager.bc>:HardwareManagerHandler:326:1:2
</harden/bcfiles/edk_bcfiles/HardwareManager.bc>:HardwareManagerHandler:329	1	</harden/bcfiles/edk_bcfiles/HardwareManager.bc>:HardwareManagerHandler:329:1:6
</harden/bcfiles/edk_bcfiles/HardwareManager.bc>:HardwareManagerHandler:333	1	</harden/bcfiles/edk_bcfiles/HardwareManager.bc>:HardwareManagerHandler:333:1:4
</harden/bcfiles/edk_bcfiles/HardwareManager.bc>:HardwareManagerHandler:336	1	</harden/bcfiles/edk_bcfiles/HardwareManager.bc>:HardwareManagerHandler:336:1:1
</harden/bcfiles/edk_bcfiles/HardwareManager.bc>:HardwareManagerHandler:339	1	</harden/bcfiles/edk_bcfiles/HardwareManager.bc>:HardwareManagerHandler:339:1:6
</harden/bcfiles/edk_bcfiles/HardwareManager.bc>:HardwareManagerHandler:343	1	</harden/bcfiles/edk_bcfiles/HardwareManager.bc>:HardwareManagerHandler:343:1:5
</harden/bcfiles/edk_bcfiles/HardwareManager.bc>:HardwareManagerHandler:346	1	</harden/bcfiles/edk_bcfiles/HardwareManager.bc>:HardwareManagerHandler:346:1:1
</harden/bcfiles/edk_bcfiles/HardwareManager.bc>:HardwareManagerHandler:349	1	</harden/bcfiles/edk_bcfiles/HardwareManager.bc>:HardwareManagerHandler:349:1:2
</harden/bcfiles/edk_bcfiles/HardwareManager.bc>:HardwareManagerHandler:352	1	</harden/bcfiles/edk_bcfiles/HardwareManager.bc>:HardwareManagerHandler:352:1:6
</harden/bcfiles/edk_bcfiles/HardwareManager.bc>:HardwareManagerHandler:356	1	</harden/bcfiles/edk_bcfiles/HardwareManager.bc>:HardwareManagerHandler:356:1:6
</harden/bcfiles/edk_bcfiles/HardwareManager.bc>:HardwareManagerHandler:359	1	</harden/bcfiles/edk_bcfiles/HardwareManager.bc>:HardwareManagerHandler:359:1:1
</harden/bcfiles/edk_bcfiles/HardwareManager.bc>:HardwareManagerHandler:362	1	</harden/bcfiles/edk_bcfiles/HardwareManager.bc>:HardwareManagerHandler:362:1:6
</harden/bcfiles/edk_bcfiles/HardwareManager.bc>:HardwareManagerHandler:366	1	</harden/bcfiles/edk_bcfiles/HardwareManager.bc>:HardwareManagerHandler:366:1:7
</harden/bcfiles/edk_bcfiles/HardwareManager.bc>:HardwareManagerHandler:369	1	</harden/bcfiles/edk_bcfiles/HardwareManager.bc>:HardwareManagerHandler:369:1:1
</harden/bcfiles/edk_bcfiles/HardwareManager.bc>:HardwareManagerHandler:372	1	</harden/bcfiles/edk_bcfiles/HardwareManager.bc>:HardwareManagerHandler:372:1:2
</harden/bcfiles/edk_bcfiles/HardwareManager.bc>:HardwareManagerHandler:375	1	</harden/bcfiles/edk_bcfiles/HardwareManager.bc>:HardwareManagerHandler:375:1:6
</harden/bcfiles/edk_bcfiles/HardwareManager.bc>:HardwareManagerHandler:379	1	</harden/bcfiles/edk_bcfiles/HardwareManager.bc>:HardwareManagerHandler:379:1:8
</harden/bcfiles/edk_bcfiles/HardwareManager.bc>:HardwareManagerHandler:382	1	</harden/bcfiles/edk_bcfiles/HardwareManager.bc>:HardwareManagerHandler:382:1:1
</harden/bcfiles/edk_bcfiles/HardwareManager.bc>:HardwareManagerHandler:385	1	</harden/bcfiles/edk_bcfiles/HardwareManager.bc>:HardwareManagerHandler:385:1:6
</harden/bcfiles/edk_bcfiles/HardwareManager.bc>:HardwareManagerHandler:389	1	</harden/bcfiles/edk_bcfiles/HardwareManager.bc>:HardwareManagerHandler:389:1:9
</harden/bcfiles/edk_bcfiles/HardwareManager.bc>:HardwareManagerHandler:392	1	</harden/bcfiles/edk_bcfiles/HardwareManager.bc>:HardwareManagerHandler:392:1:1
</harden/bcfiles/edk_bcfiles/HardwareManager.bc>:HardwareManagerHandler:395	1	</harden/bcfiles/edk_bcfiles/HardwareManager.bc>:HardwareManagerHandler:395:1:2
</harden/bcfiles/edk_bcfiles/HardwareManager.bc>:HardwareManagerHandler:398	1	</harden/bcfiles/edk_bcfiles/HardwareManager.bc>:HardwareManagerHandler:398:1:6
</harden/bcfiles/edk_bcfiles/HardwareManager.bc>:HardwareManagerHandler:402	1	</harden/bcfiles/edk_bcfiles/HardwareManager.bc>:HardwareManagerHandler:402:1:4
</harden/bcfiles/edk_bcfiles/HardwareManager.bc>:HardwareManagerHandler:403	1	</harden/bcfiles/edk_bcfiles/HardwareManager.bc>:HardwareManagerHandler:403:1:0
</harden/bcfiles/edk_bcfiles/HardwareManager.bc>:HardwareManagerHandler:406	1	</harden/bcfiles/edk_bcfiles/HardwareManager.bc>:HardwareManagerHandler:406:1:6
</harden/bcfiles/edk_bcfiles/HardwareManager.bc>:HardwareManagerHandler:410	1	</harden/bcfiles/edk_bcfiles/HardwareManager.bc>:HardwareManagerHandler:410:1:6
</harden/bcfiles/edk_bcfiles/HardwareManager.bc>:HardwareManagerSetLicense:12	1	</harden/bcfiles/edk_bcfiles/HardwareManager.bc>:HardwareManagerSetLicense:12:1:2
</harden/bcfiles/edk_bcfiles/HardwareManager.bc>:HardwareManagerGetLicense:10	1	</harden/bcfiles/edk_bcfiles/HardwareManager.bc>:HardwareManagerGetLicense:10:1:0
</harden/bcfiles/edk_bcfiles/HardwareManager.bc>:HardwareHandlerReadyCallback:13	1	</harden/bcfiles/edk_bcfiles/HardwareManager.bc>:HardwareHandlerReadyCallback:13:1:21
</harden/bcfiles/edk_bcfiles/HardwareManager.bc>:HardwareHandlerReadyCallback:38	1	</harden/bcfiles/edk_bcfiles/HardwareManager.bc>:HardwareHandlerReadyCallback:38:1:21
</harden/bcfiles/edk_bcfiles/HardwareManager.bc>:HardwareHandlerReadyCallback:63	1	</harden/bcfiles/edk_bcfiles/HardwareManager.bc>:HardwareHandlerReadyCallback:63:1:21
</harden/bcfiles/edk_bcfiles/HardwareManager.bc>:ProcessFirmwareReadyCallback:13	1	</harden/bcfiles/edk_bcfiles/HardwareManager.bc>:ProcessFirmwareReadyCallback:13:1:21
</harden/bcfiles/edk_bcfiles/HardwareManager.bc>:HardwareManagerEntryPoint:20	1	</harden/bcfiles/edk_bcfiles/HardwareManager.bc>:HardwareManagerEntryPoint:20:1:19
</harden/bcfiles/edk_bcfiles/HardwareManager.bc>:HardwareManagerEntryPoint:44	1	</harden/bcfiles/edk_bcfiles/HardwareManager.bc>:HardwareManagerEntryPoint:44:1:19
</harden/bcfiles/edk_bcfiles/HardwareManager.bc>:HardwareManagerEntryPoint:68	1	</harden/bcfiles/edk_bcfiles/HardwareManager.bc>:HardwareManagerEntryPoint:68:1:21
</harden/bcfiles/edk_bcfiles/HardwareManager.bc>:HardwareManagerEntryPoint:95	1	</harden/bcfiles/edk_bcfiles/HardwareManager.bc>:HardwareManagerEntryPoint:95:1:16
</harden/bcfiles/edk_bcfiles/HardwareManager.bc>:HardwareManagerEntryPoint:121	1	</harden/bcfiles/edk_bcfiles/HardwareManager.bc>:HardwareManagerEntryPoint:121:1:23
