</harden/bcfiles/edk_bcfiles/HardwareManager.bc>:HardwareManagerHandler:406	</harden/bcfiles/edk_bcfiles/HardwareManager.bc>:HardwareManagerHandler:%367
</harden/bcfiles/edk_bcfiles/HardwareManager.bc>:HardwareManagerHandler:403	</harden/bcfiles/edk_bcfiles/HardwareManager.bc>:HardwareManagerHandler:%364
</harden/bcfiles/edk_bcfiles/HardwareManager.bc>:HardwareManagerHandler:398	</harden/bcfiles/edk_bcfiles/HardwareManager.bc>:HardwareManagerHandler:%360
</harden/bcfiles/edk_bcfiles/HardwareManager.bc>:HardwareManagerHandler:395	</harden/bcfiles/edk_bcfiles/HardwareManager.bc>:HardwareManagerHandler:%357
</harden/bcfiles/edk_bcfiles/HardwareManager.bc>:HardwareManagerHandler:389	</harden/bcfiles/edk_bcfiles/HardwareManager.bc>:HardwareManagerHandler:%351
</harden/bcfiles/edk_bcfiles/HardwareManager.bc>:HardwareManagerHandler:392	</harden/bcfiles/edk_bcfiles/HardwareManager.bc>:HardwareManagerHandler:%354
</harden/bcfiles/edk_bcfiles/HardwareManager.bc>:HardwareManagerHandler:369	</harden/bcfiles/edk_bcfiles/HardwareManager.bc>:HardwareManagerHandler:%333
</harden/bcfiles/edk_bcfiles/HardwareManager.bc>:HardwareManagerHandler:366	</harden/bcfiles/edk_bcfiles/HardwareManager.bc>:HardwareManagerHandler:%330
</harden/bcfiles/edk_bcfiles/HardwareManager.bc>:HardwareManagerHandler:362	</harden/bcfiles/edk_bcfiles/HardwareManager.bc>:HardwareManagerHandler:%327
</harden/bcfiles/edk_bcfiles/HardwareManager.bc>:HardwareManagerHandler:359	</harden/bcfiles/edk_bcfiles/HardwareManager.bc>:HardwareManagerHandler:%324
</harden/bcfiles/edk_bcfiles/HardwareManager.bc>:HardwareManagerHandler:346	</harden/bcfiles/edk_bcfiles/HardwareManager.bc>:HardwareManagerHandler:%312
</harden/bcfiles/edk_bcfiles/HardwareManager.bc>:HardwareManagerHandler:343	</harden/bcfiles/edk_bcfiles/HardwareManager.bc>:HardwareManagerHandler:%309
</harden/bcfiles/edk_bcfiles/HardwareManager.bc>:HardwareManagerHandler:336	</harden/bcfiles/edk_bcfiles/HardwareManager.bc>:HardwareManagerHandler:%303
</harden/bcfiles/edk_bcfiles/HardwareManager.bc>:HardwareManagerHandler:329	</harden/bcfiles/edk_bcfiles/HardwareManager.bc>:HardwareManagerHandler:%297
</harden/bcfiles/edk_bcfiles/HardwareManager.bc>:HardwareManagerHandler:323	</harden/bcfiles/edk_bcfiles/HardwareManager.bc>:HardwareManagerHandler:%291
</harden/bcfiles/edk_bcfiles/HardwareManager.bc>:HardwareManagerHandler:320	</harden/bcfiles/edk_bcfiles/HardwareManager.bc>:HardwareManagerHandler:%288
</harden/bcfiles/edk_bcfiles/HardwareManager.bc>:HardwareManagerHandler:316	</harden/bcfiles/edk_bcfiles/HardwareManager.bc>:HardwareManagerHandler:%285
</harden/bcfiles/edk_bcfiles/HardwareManager.bc>:HardwareManagerHandler:313	</harden/bcfiles/edk_bcfiles/HardwareManager.bc>:HardwareManagerHandler:%282
</harden/bcfiles/edk_bcfiles/HardwareManager.bc>:HardwareManagerHandler:310	</harden/bcfiles/edk_bcfiles/HardwareManager.bc>:HardwareManagerHandler:%279
</harden/bcfiles/edk_bcfiles/HardwareManager.bc>:HardwareManagerHandler:303	</harden/bcfiles/edk_bcfiles/HardwareManager.bc>:HardwareManagerHandler:%273
</harden/bcfiles/edk_bcfiles/HardwareManager.bc>:HardwareManagerHandler:300	</harden/bcfiles/edk_bcfiles/HardwareManager.bc>:HardwareManagerHandler:%270
</harden/bcfiles/edk_bcfiles/HardwareManager.bc>:HardwareManagerHandler:385	</harden/bcfiles/edk_bcfiles/HardwareManager.bc>:HardwareManagerHandler:%348
</harden/bcfiles/edk_bcfiles/HardwareManager.bc>:HardwareManagerHandler:283	</harden/bcfiles/edk_bcfiles/HardwareManager.bc>:HardwareManagerHandler:%255
</harden/bcfiles/edk_bcfiles/HardwareManager.bc>:HardwareManagerHandler:333	</harden/bcfiles/edk_bcfiles/HardwareManager.bc>:HardwareManagerHandler:%300
</harden/bcfiles/edk_bcfiles/HardwareManager.bc>:HardwareManagerHandler:280	</harden/bcfiles/edk_bcfiles/HardwareManager.bc>:HardwareManagerHandler:%252
</harden/bcfiles/edk_bcfiles/HardwareManager.bc>:HardwareManagerHandler:277	</harden/bcfiles/edk_bcfiles/HardwareManager.bc>:HardwareManagerHandler:%249
</harden/bcfiles/edk_bcfiles/HardwareManager.bc>:HardwareManagerHandler:274	</harden/bcfiles/edk_bcfiles/HardwareManager.bc>:HardwareManagerHandler:%246
</harden/bcfiles/edk_bcfiles/HardwareManager.bc>:HardwareManagerHandler:267	</harden/bcfiles/edk_bcfiles/HardwareManager.bc>:HardwareManagerHandler:%240
</harden/bcfiles/edk_bcfiles/HardwareManager.bc>:HardwareManagerHandler:263	</harden/bcfiles/edk_bcfiles/HardwareManager.bc>:HardwareManagerHandler:%236
</harden/bcfiles/edk_bcfiles/HardwareManager.bc>:HardwareManagerHandler:257	</harden/bcfiles/edk_bcfiles/HardwareManager.bc>:HardwareManagerHandler:%230
</harden/bcfiles/edk_bcfiles/HardwareManager.bc>:HardwareManagerHandler:253	</harden/bcfiles/edk_bcfiles/HardwareManager.bc>:HardwareManagerHandler:%227
</harden/bcfiles/edk_bcfiles/HardwareManager.bc>:HardwareManagerHandler:250	</harden/bcfiles/edk_bcfiles/HardwareManager.bc>:HardwareManagerHandler:%224
</harden/bcfiles/edk_bcfiles/HardwareManager.bc>:HardwareManagerHandler:247	</harden/bcfiles/edk_bcfiles/HardwareManager.bc>:HardwareManagerHandler:%221
</harden/bcfiles/edk_bcfiles/HardwareManager.bc>:HardwareManagerHandler:293	</harden/bcfiles/edk_bcfiles/HardwareManager.bc>:HardwareManagerHandler:%264
</harden/bcfiles/edk_bcfiles/HardwareManager.bc>:HardwareManagerHandler:244	</harden/bcfiles/edk_bcfiles/HardwareManager.bc>:HardwareManagerHandler:%218
</harden/bcfiles/edk_bcfiles/HardwareManager.bc>:HardwareManagerHandler:240	</harden/bcfiles/edk_bcfiles/HardwareManager.bc>:HardwareManagerHandler:%215
</harden/bcfiles/edk_bcfiles/HardwareManager.bc>:HardwareManagerHandler:271	</harden/bcfiles/edk_bcfiles/HardwareManager.bc>:HardwareManagerHandler:%243
</harden/bcfiles/edk_bcfiles/HardwareManager.bc>:HardwareManagerHandler:236	</harden/bcfiles/edk_bcfiles/HardwareManager.bc>:HardwareManagerHandler:%211
</harden/bcfiles/edk_bcfiles/HardwareManager.bc>:HardwareManagerHandler:230	</harden/bcfiles/edk_bcfiles/HardwareManager.bc>:HardwareManagerHandler:%205
</harden/bcfiles/edk_bcfiles/HardwareManager.bc>:HardwareManagerHandler:226	</harden/bcfiles/edk_bcfiles/HardwareManager.bc>:HardwareManagerHandler:%202
</harden/bcfiles/edk_bcfiles/HardwareManager.bc>:HardwareManagerHandler:222	</harden/bcfiles/edk_bcfiles/HardwareManager.bc>:HardwareManagerHandler:%198
</harden/bcfiles/edk_bcfiles/HardwareManager.bc>:HardwareManagerHandler:219	</harden/bcfiles/edk_bcfiles/HardwareManager.bc>:HardwareManagerHandler:%195
</harden/bcfiles/edk_bcfiles/HardwareManager.bc>:HardwareManagerHandler:216	</harden/bcfiles/edk_bcfiles/HardwareManager.bc>:HardwareManagerHandler:%192
</harden/bcfiles/edk_bcfiles/HardwareManager.bc>:HardwareManagerHandler:209	</harden/bcfiles/edk_bcfiles/HardwareManager.bc>:HardwareManagerHandler:%186
</harden/bcfiles/edk_bcfiles/HardwareManager.bc>:HardwareManagerHandler:375	</harden/bcfiles/edk_bcfiles/HardwareManager.bc>:HardwareManagerHandler:%339
</harden/bcfiles/edk_bcfiles/HardwareManager.bc>:HardwareManagerHandler:199	</harden/bcfiles/edk_bcfiles/HardwareManager.bc>:HardwareManagerHandler:%177
</harden/bcfiles/edk_bcfiles/HardwareManager.bc>:HardwareManagerHandler:189	</harden/bcfiles/edk_bcfiles/HardwareManager.bc>:HardwareManagerHandler:%167
</harden/bcfiles/edk_bcfiles/HardwareManager.bc>:HardwareManagerHandler:182	</harden/bcfiles/edk_bcfiles/HardwareManager.bc>:HardwareManagerHandler:%161
</harden/bcfiles/edk_bcfiles/HardwareManager.bc>:HardwareManagerHandler:176	</harden/bcfiles/edk_bcfiles/HardwareManager.bc>:HardwareManagerHandler:%155
</harden/bcfiles/edk_bcfiles/HardwareManager.bc>:HardwareManagerHandler:168	</harden/bcfiles/edk_bcfiles/HardwareManager.bc>:HardwareManagerHandler:%148
</harden/bcfiles/edk_bcfiles/HardwareManager.bc>:HardwareManagerHandler:233	</harden/bcfiles/edk_bcfiles/HardwareManager.bc>:HardwareManagerHandler:%208
</harden/bcfiles/edk_bcfiles/HardwareManager.bc>:HardwareManagerHandler:165	</harden/bcfiles/edk_bcfiles/HardwareManager.bc>:HardwareManagerHandler:%145
</harden/bcfiles/edk_bcfiles/HardwareManager.bc>:HardwareManagerHandler:162	</harden/bcfiles/edk_bcfiles/HardwareManager.bc>:HardwareManagerHandler:%142
</harden/bcfiles/edk_bcfiles/HardwareManager.bc>:HardwareManagerHandler:154	</harden/bcfiles/edk_bcfiles/HardwareManager.bc>:HardwareManagerHandler:%135
</harden/bcfiles/edk_bcfiles/HardwareManager.bc>:HardwareManagerHandler:148	</harden/bcfiles/edk_bcfiles/HardwareManager.bc>:HardwareManagerHandler:%129
</harden/bcfiles/edk_bcfiles/HardwareManager.bc>:HardwareManagerHandler:134	</harden/bcfiles/edk_bcfiles/HardwareManager.bc>:HardwareManagerHandler:%116
</harden/bcfiles/edk_bcfiles/HardwareManager.bc>:HardwareManagerHandler:131	</harden/bcfiles/edk_bcfiles/HardwareManager.bc>:HardwareManagerHandler:%113
</harden/bcfiles/edk_bcfiles/HardwareManager.bc>:HardwareManagerHandler:128	</harden/bcfiles/edk_bcfiles/HardwareManager.bc>:HardwareManagerHandler:%110
</harden/bcfiles/edk_bcfiles/HardwareManager.bc>:HardwareManagerHandler:352	</harden/bcfiles/edk_bcfiles/HardwareManager.bc>:HardwareManagerHandler:%318
</harden/bcfiles/edk_bcfiles/HardwareManager.bc>:HardwareManagerHandler:120	</harden/bcfiles/edk_bcfiles/HardwareManager.bc>:HardwareManagerHandler:%103
</harden/bcfiles/edk_bcfiles/HardwareManager.bc>:HardwareManagerHandler:379	</harden/bcfiles/edk_bcfiles/HardwareManager.bc>:HardwareManagerHandler:%342
</harden/bcfiles/edk_bcfiles/HardwareManager.bc>:HardwareManagerHandler:114	</harden/bcfiles/edk_bcfiles/HardwareManager.bc>:HardwareManagerHandler:%97
</harden/bcfiles/edk_bcfiles/HardwareManager.bc>:HardwareManagerHandler:117	</harden/bcfiles/edk_bcfiles/HardwareManager.bc>:HardwareManagerHandler:%100
</harden/bcfiles/edk_bcfiles/HardwareManager.bc>:HardwareManagerHandler:107	</harden/bcfiles/edk_bcfiles/HardwareManager.bc>:HardwareManagerHandler:%91
</harden/bcfiles/edk_bcfiles/HardwareManager.bc>:HardwareManagerHandler:101	</harden/bcfiles/edk_bcfiles/HardwareManager.bc>:HardwareManagerHandler:%85
</harden/bcfiles/edk_bcfiles/HardwareManager.bc>:HardwareManagerHandler:372	</harden/bcfiles/edk_bcfiles/HardwareManager.bc>:HardwareManagerHandler:%336
</harden/bcfiles/edk_bcfiles/HardwareManager.bc>:HardwareManagerHandler:410	</harden/bcfiles/edk_bcfiles/HardwareManager.bc>:HardwareManagerHandler:%370
</harden/bcfiles/edk_bcfiles/HardwareManager.bc>:HardwareManagerHandler:97	</harden/bcfiles/edk_bcfiles/HardwareManager.bc>:HardwareManagerHandler:%81
</harden/bcfiles/edk_bcfiles/HardwareManager.bc>:HardwareManagerHandler:195	</harden/bcfiles/edk_bcfiles/HardwareManager.bc>:HardwareManagerHandler:%173
</harden/bcfiles/edk_bcfiles/HardwareManager.bc>:HardwareManagerHandler:92	</harden/bcfiles/edk_bcfiles/HardwareManager.bc>:HardwareManagerHandler:%76
</harden/bcfiles/edk_bcfiles/HardwareManager.bc>:HardwareManagerHandler:326	</harden/bcfiles/edk_bcfiles/HardwareManager.bc>:HardwareManagerHandler:%294
</harden/bcfiles/edk_bcfiles/HardwareManager.bc>:HardwareManagerHandler:81	</harden/bcfiles/edk_bcfiles/HardwareManager.bc>:HardwareManagerHandler:%66
</harden/bcfiles/edk_bcfiles/HardwareManager.bc>:HardwareManagerHandler:185	</harden/bcfiles/edk_bcfiles/HardwareManager.bc>:HardwareManagerHandler:%164
</harden/bcfiles/edk_bcfiles/HardwareManager.bc>:HardwareManagerHandler:76	</harden/bcfiles/edk_bcfiles/HardwareManager.bc>:HardwareManagerHandler:%58
</harden/bcfiles/edk_bcfiles/HardwareManager.bc>:HardwareManagerHandler:110	</harden/bcfiles/edk_bcfiles/HardwareManager.bc>:HardwareManagerHandler:%93
</harden/bcfiles/edk_bcfiles/HardwareManager.bc>:HardwareManagerHandler:84	</harden/bcfiles/edk_bcfiles/HardwareManager.bc>:HardwareManagerHandler:%69
</harden/bcfiles/edk_bcfiles/HardwareManager.bc>:HardwareManagerHandler:71	</harden/bcfiles/edk_bcfiles/HardwareManager.bc>:HardwareManagerHandler:%57
</harden/bcfiles/edk_bcfiles/HardwareManager.bc>:HardwareManagerHandler:356	</harden/bcfiles/edk_bcfiles/HardwareManager.bc>:HardwareManagerHandler:%321
</harden/bcfiles/edk_bcfiles/HardwareManager.bc>:HardwareManagerHandler:137	</harden/bcfiles/edk_bcfiles/HardwareManager.bc>:HardwareManagerHandler:%119
</harden/bcfiles/edk_bcfiles/HardwareManager.bc>:HardwareManagerHandler:349	</harden/bcfiles/edk_bcfiles/HardwareManager.bc>:HardwareManagerHandler:%315
</harden/bcfiles/edk_bcfiles/HardwareManager.bc>:HardwareManagerHandler:206	</harden/bcfiles/edk_bcfiles/HardwareManager.bc>:HardwareManagerHandler:%183
</harden/bcfiles/edk_bcfiles/HardwareManager.bc>:HardwareManagerHandler:50	</harden/bcfiles/edk_bcfiles/HardwareManager.bc>:HardwareManagerHandler:%40
</harden/bcfiles/edk_bcfiles/HardwareManager.bc>:HardwareManagerHandler:145	</harden/bcfiles/edk_bcfiles/HardwareManager.bc>:HardwareManagerHandler:%126
</harden/bcfiles/edk_bcfiles/HardwareManager.bc>:HardwareManagerHandler:179	</harden/bcfiles/edk_bcfiles/HardwareManager.bc>:HardwareManagerHandler:%158
</harden/bcfiles/edk_bcfiles/HardwareManager.bc>:HardwareManagerHandler:41	</harden/bcfiles/edk_bcfiles/HardwareManager.bc>:HardwareManagerHandler:%31
</harden/bcfiles/edk_bcfiles/HardwareManager.bc>:HardwareManagerHandler:192	</harden/bcfiles/edk_bcfiles/HardwareManager.bc>:HardwareManagerHandler:%170
</harden/bcfiles/edk_bcfiles/HardwareManager.bc>:HardwareManagerHandler:37	</harden/bcfiles/edk_bcfiles/HardwareManager.bc>:HardwareManagerHandler:%27
</harden/bcfiles/edk_bcfiles/HardwareManager.bc>:HardwareManagerHandler:297	</harden/bcfiles/edk_bcfiles/HardwareManager.bc>:HardwareManagerHandler:%267
</harden/bcfiles/edk_bcfiles/HardwareManager.bc>:HardwareManagerHandler:141	</harden/bcfiles/edk_bcfiles/HardwareManager.bc>:HardwareManagerHandler:%123
</harden/bcfiles/edk_bcfiles/HardwareManager.bc>:HardwareManagerHandler:203	</harden/bcfiles/edk_bcfiles/HardwareManager.bc>:HardwareManagerHandler:%180
</harden/bcfiles/edk_bcfiles/HardwareManager.bc>:HardwareManagerHandler:212	</harden/bcfiles/edk_bcfiles/HardwareManager.bc>:HardwareManagerHandler:%189
</harden/bcfiles/edk_bcfiles/HardwareManager.bc>:HardwareManagerHandler:290	</harden/bcfiles/edk_bcfiles/HardwareManager.bc>:HardwareManagerHandler:%261
</harden/bcfiles/edk_bcfiles/HardwareManager.bc>:HardwareManagerHandler:100	</harden/bcfiles/edk_bcfiles/HardwareManager.bc>:HardwareManagerHandler:%84
</harden/bcfiles/edk_bcfiles/HardwareManager.bc>:HardwareManagerHandler:55	</harden/bcfiles/edk_bcfiles/HardwareManager.bc>:HardwareManagerHandler:%43
</harden/bcfiles/edk_bcfiles/HardwareManager.bc>:HardwareManagerHandler:382	</harden/bcfiles/edk_bcfiles/HardwareManager.bc>:HardwareManagerHandler:%345
</harden/bcfiles/edk_bcfiles/HardwareManager.bc>:HardwareManagerHandler:402	</harden/bcfiles/edk_bcfiles/HardwareManager.bc>:HardwareManagerHandler:%363
</harden/bcfiles/edk_bcfiles/HardwareManager.bc>:HardwareManagerHandler:158	</harden/bcfiles/edk_bcfiles/HardwareManager.bc>:HardwareManagerHandler:%139
</harden/bcfiles/edk_bcfiles/HardwareManager.bc>:HardwareManagerHandler:287	</harden/bcfiles/edk_bcfiles/HardwareManager.bc>:HardwareManagerHandler:%258
</harden/bcfiles/edk_bcfiles/HardwareManager.bc>:HardwareManagerHandler:260	</harden/bcfiles/edk_bcfiles/HardwareManager.bc>:HardwareManagerHandler:%233
</harden/bcfiles/edk_bcfiles/HardwareManager.bc>:HardwareManagerHandler:98	</harden/bcfiles/edk_bcfiles/HardwareManager.bc>:HardwareManagerHandler:%82
</harden/bcfiles/edk_bcfiles/HardwareManager.bc>:HardwareManagerHandler:70	</harden/bcfiles/edk_bcfiles/HardwareManager.bc>:HardwareManagerHandler:%56
</harden/bcfiles/edk_bcfiles/HardwareManager.bc>:HardwareManagerHandler:64	</harden/bcfiles/edk_bcfiles/HardwareManager.bc>:HardwareManagerHandler:%52
</harden/bcfiles/edk_bcfiles/HardwareManager.bc>:HardwareManagerHandler:82	</harden/bcfiles/edk_bcfiles/HardwareManager.bc>:HardwareManagerHandler:%67
</harden/bcfiles/edk_bcfiles/HardwareManager.bc>:HardwareManagerHandler:27	</harden/bcfiles/edk_bcfiles/HardwareManager.bc>:HardwareManagerHandler:%10
</harden/bcfiles/edk_bcfiles/HardwareManager.bc>:HardwareManagerHandler:33	</harden/bcfiles/edk_bcfiles/HardwareManager.bc>:HardwareManagerHandler:%10
</harden/bcfiles/edk_bcfiles/HardwareManager.bc>:HardwareManagerHandler:306	</harden/bcfiles/edk_bcfiles/HardwareManager.bc>:HardwareManagerHandler:%276
</harden/bcfiles/edk_bcfiles/HardwareManager.bc>:HardwareManagerHandler:36	</harden/bcfiles/edk_bcfiles/HardwareManager.bc>:HardwareManagerHandler:%26
</harden/bcfiles/edk_bcfiles/HardwareManager.bc>:HardwareManagerHandler:89	</harden/bcfiles/edk_bcfiles/HardwareManager.bc>:HardwareManagerHandler:%74
</harden/bcfiles/edk_bcfiles/HardwareManager.bc>:HardwareManagerHandler:339	</harden/bcfiles/edk_bcfiles/HardwareManager.bc>:HardwareManagerHandler:%306
</harden/bcfiles/edk_bcfiles/HardwareManager.bc>:HardwareManagerHandler:172	</harden/bcfiles/edk_bcfiles/HardwareManager.bc>:HardwareManagerHandler:%152
</harden/bcfiles/edk_bcfiles/HardwareManager.bc>:HardwareManagerHandler:102	</harden/bcfiles/edk_bcfiles/HardwareManager.bc>:HardwareManagerHandler:%86
</harden/bcfiles/edk_bcfiles/HardwareManager.bc>:HardwareManagerHandler:151	</harden/bcfiles/edk_bcfiles/HardwareManager.bc>:HardwareManagerHandler:%132
</harden/bcfiles/edk_bcfiles/HardwareManager.bc>:HardwareManagerHandler:78	</harden/bcfiles/edk_bcfiles/HardwareManager.bc>:HardwareManagerHandler:%64
</harden/bcfiles/edk_bcfiles/HardwareManager.bc>:HardwareManagerHandler:87	</harden/bcfiles/edk_bcfiles/HardwareManager.bc>:HardwareManagerHandler:%68
</harden/bcfiles/edk_bcfiles/HardwareManager.bc>:HardwareManagerHandler:124	</harden/bcfiles/edk_bcfiles/HardwareManager.bc>:HardwareManagerHandler:%107
</harden/bcfiles/edk_bcfiles/HardwareManager.bc>:HardwareManagerHandler:73	</harden/bcfiles/edk_bcfiles/HardwareManager.bc>:HardwareManagerHandler:%59
</harden/bcfiles/edk_bcfiles/HardwareManager.bc>:HardwareManagerSetLicense:12	</harden/bcfiles/edk_bcfiles/HardwareManager.bc>:HardwareManagerSetLicense:%6
</harden/bcfiles/edk_bcfiles/HardwareManager.bc>:HardwareManagerValidateLicense:44	</harden/bcfiles/edk_bcfiles/HardwareManager.bc>:HardwareManagerValidateLicense:%35
</harden/bcfiles/edk_bcfiles/HardwareManager.bc>:HardwareManagerValidateLicense:34	</harden/bcfiles/edk_bcfiles/HardwareManager.bc>:HardwareManagerValidateLicense:%25
</harden/bcfiles/edk_bcfiles/HardwareManager.bc>:HardwareManagerValidateLicense:38	</harden/bcfiles/edk_bcfiles/HardwareManager.bc>:HardwareManagerValidateLicense:%29
</harden/bcfiles/edk_bcfiles/HardwareManager.bc>:HardwareManagerValidateLicense:18	</harden/bcfiles/edk_bcfiles/HardwareManager.bc>:HardwareManagerValidateLicense:%11
</harden/bcfiles/edk_bcfiles/HardwareManager.bc>:HardwareManagerValidateLicense:50	</harden/bcfiles/edk_bcfiles/HardwareManager.bc>:HardwareManagerValidateLicense:%41
</harden/bcfiles/edk_bcfiles/HardwareManager.bc>:HardwareManagerGetLicense:10	</harden/bcfiles/edk_bcfiles/HardwareManager.bc>:HardwareManagerGetLicense:%6
</harden/bcfiles/edk_bcfiles/HardwareManager.bc>:HardwareHandlerReadyCallback:63	</harden/bcfiles/edk_bcfiles/HardwareManager.bc>:HardwareHandlerReadyCallback:%53
</harden/bcfiles/edk_bcfiles/HardwareManager.bc>:HardwareHandlerReadyCallback:38	</harden/bcfiles/edk_bcfiles/HardwareManager.bc>:HardwareHandlerReadyCallback:%31
</harden/bcfiles/edk_bcfiles/HardwareManager.bc>:HardwareHandlerReadyCallback:13	</harden/bcfiles/edk_bcfiles/HardwareManager.bc>:HardwareHandlerReadyCallback:%9
</harden/bcfiles/edk_bcfiles/HardwareManager.bc>:ProcessFirmwareReadyCallback:13	</harden/bcfiles/edk_bcfiles/HardwareManager.bc>:ProcessFirmwareReadyCallback:%9
</harden/bcfiles/edk_bcfiles/HardwareManager.bc>:HardwareManagerEntryPoint:121	</harden/bcfiles/edk_bcfiles/HardwareManager.bc>:HardwareManagerEntryPoint:%95
</harden/bcfiles/edk_bcfiles/HardwareManager.bc>:HardwareManagerEntryPoint:95	</harden/bcfiles/edk_bcfiles/HardwareManager.bc>:HardwareManagerEntryPoint:%74
</harden/bcfiles/edk_bcfiles/HardwareManager.bc>:HardwareManagerEntryPoint:68	</harden/bcfiles/edk_bcfiles/HardwareManager.bc>:HardwareManagerEntryPoint:%53
</harden/bcfiles/edk_bcfiles/HardwareManager.bc>:HardwareManagerEntryPoint:44	</harden/bcfiles/edk_bcfiles/HardwareManager.bc>:HardwareManagerEntryPoint:%32
</harden/bcfiles/edk_bcfiles/HardwareManager.bc>:HardwareManagerEntryPoint:20	</harden/bcfiles/edk_bcfiles/HardwareManager.bc>:HardwareManagerEntryPoint:%11
