</harden/bcfiles/edk_bcfiles/HardwareManager.bc>:HardwareManagerHandler:19	i8**
</harden/bcfiles/edk_bcfiles/HardwareManager.bc>:HardwareManagerHandler:22	i64**
</harden/bcfiles/edk_bcfiles/HardwareManager.bc>:HardwareManagerHandler:30	i8**
</harden/bcfiles/edk_bcfiles/HardwareManager.bc>:HardwareManagerHandler:35	%struct._HARDWARE_MANAGER_COMM_BUFFER**
</harden/bcfiles/edk_bcfiles/HardwareManager.bc>:HardwareManagerHandler:40	%struct.FIRMWARE_CHUNK_METADATA**
</harden/bcfiles/edk_bcfiles/HardwareManager.bc>:HardwareManagerHandler:42	i8**
</harden/bcfiles/edk_bcfiles/HardwareManager.bc>:HardwareManagerHandler:46	%struct.FIRMWARE_CHUNK_METADATA**
</harden/bcfiles/edk_bcfiles/HardwareManager.bc>:HardwareManagerHandler:49	%struct._HARDWARE_MANAGER_COMM_BUFFER**
</harden/bcfiles/edk_bcfiles/HardwareManager.bc>:HardwareManagerHandler:54	%struct.FIRMWARE_CHUNK_METADATA**
</harden/bcfiles/edk_bcfiles/HardwareManager.bc>:HardwareManagerHandler:56	i8**
</harden/bcfiles/edk_bcfiles/HardwareManager.bc>:HardwareManagerHandler:60	%struct.FIRMWARE_CHUNK_METADATA**
</harden/bcfiles/edk_bcfiles/HardwareManager.bc>:HardwareManagerHandler:63	%struct._HARDWARE_MANAGER_COMM_BUFFER**
</harden/bcfiles/edk_bcfiles/HardwareManager.bc>:HardwareManagerHandler:69	%struct.FIRMWARE_CHUNK_METADATA**
</harden/bcfiles/edk_bcfiles/HardwareManager.bc>:HardwareManagerHandler:72	%struct.FIRMWARE_CHUNK_METADATA**
</harden/bcfiles/edk_bcfiles/HardwareManager.bc>:HardwareManagerHandler:74	i8**
</harden/bcfiles/edk_bcfiles/HardwareManager.bc>:HardwareManagerHandler:77	%struct.FIRMWARE_CHUNK_METADATA**
</harden/bcfiles/edk_bcfiles/HardwareManager.bc>:HardwareManagerHandler:80	%struct.FIRMWARE_CHUNK_METADATA**
</harden/bcfiles/edk_bcfiles/HardwareManager.bc>:HardwareManagerHandler:83	%struct.FIRMWARE_CHUNK_METADATA**
</harden/bcfiles/edk_bcfiles/HardwareManager.bc>:HardwareManagerHandler:85	i8**
</harden/bcfiles/edk_bcfiles/HardwareManager.bc>:HardwareManagerHandler:88	%struct.FIRMWARE_CHUNK_METADATA**
</harden/bcfiles/edk_bcfiles/HardwareManager.bc>:HardwareManagerHandler:91	%struct._HARDWARE_MANAGER_COMM_BUFFER**
</harden/bcfiles/edk_bcfiles/HardwareManager.bc>:HardwareManagerHandler:93	i64*
</harden/bcfiles/edk_bcfiles/HardwareManager.bc>:HardwareManagerHandler:96	%struct.FIRMWARE_CHUNK_METADATA**
</harden/bcfiles/edk_bcfiles/HardwareManager.bc>:HardwareManagerHandler:99	%struct._HARDWARE_MANAGER_COMM_BUFFER**
</harden/bcfiles/edk_bcfiles/HardwareManager.bc>:HardwareManagerHandler:106	%struct._HARDWARE_MANAGER_COMM_BUFFER**
</harden/bcfiles/edk_bcfiles/HardwareManager.bc>:HardwareManagerHandler:109	%struct._HARDWARE_MANAGER_COMM_BUFFER**
</harden/bcfiles/edk_bcfiles/HardwareManager.bc>:HardwareManagerHandler:111	i64*
</harden/bcfiles/edk_bcfiles/HardwareManager.bc>:HardwareManagerHandler:113	%struct._LED_CONTROLLER_PROTOCOL**
</harden/bcfiles/edk_bcfiles/HardwareManager.bc>:HardwareManagerHandler:115	i64 (i64, i64)**
</harden/bcfiles/edk_bcfiles/HardwareManager.bc>:HardwareManagerHandler:116	%struct._HARDWARE_MANAGER_COMM_BUFFER**
</harden/bcfiles/edk_bcfiles/HardwareManager.bc>:HardwareManagerHandler:118	i64*
</harden/bcfiles/edk_bcfiles/HardwareManager.bc>:HardwareManagerHandler:119	%struct._HARDWARE_MANAGER_COMM_BUFFER**
</harden/bcfiles/edk_bcfiles/HardwareManager.bc>:HardwareManagerHandler:121	i64*
</harden/bcfiles/edk_bcfiles/HardwareManager.bc>:HardwareManagerHandler:123	%struct._HARDWARE_MANAGER_COMM_BUFFER**
</harden/bcfiles/edk_bcfiles/HardwareManager.bc>:HardwareManagerHandler:127	%struct._LED_CONTROLLER_PROTOCOL**
</harden/bcfiles/edk_bcfiles/HardwareManager.bc>:HardwareManagerHandler:129	i64 (i64, i64, i64)**
</harden/bcfiles/edk_bcfiles/HardwareManager.bc>:HardwareManagerHandler:130	%struct._HARDWARE_MANAGER_COMM_BUFFER**
</harden/bcfiles/edk_bcfiles/HardwareManager.bc>:HardwareManagerHandler:132	i64*
</harden/bcfiles/edk_bcfiles/HardwareManager.bc>:HardwareManagerHandler:133	%struct._HARDWARE_MANAGER_COMM_BUFFER**
</harden/bcfiles/edk_bcfiles/HardwareManager.bc>:HardwareManagerHandler:135	i64*
</harden/bcfiles/edk_bcfiles/HardwareManager.bc>:HardwareManagerHandler:136	%struct._HARDWARE_MANAGER_COMM_BUFFER**
</harden/bcfiles/edk_bcfiles/HardwareManager.bc>:HardwareManagerHandler:138	i64*
</harden/bcfiles/edk_bcfiles/HardwareManager.bc>:HardwareManagerHandler:140	%struct._HARDWARE_MANAGER_COMM_BUFFER**
</harden/bcfiles/edk_bcfiles/HardwareManager.bc>:HardwareManagerHandler:144	%struct._LED_CONTROLLER_PROTOCOL**
</harden/bcfiles/edk_bcfiles/HardwareManager.bc>:HardwareManagerHandler:146	i64 (i64, i64, i64)**
</harden/bcfiles/edk_bcfiles/HardwareManager.bc>:HardwareManagerHandler:147	%struct._HARDWARE_MANAGER_COMM_BUFFER**
</harden/bcfiles/edk_bcfiles/HardwareManager.bc>:HardwareManagerHandler:149	i64*
</harden/bcfiles/edk_bcfiles/HardwareManager.bc>:HardwareManagerHandler:150	%struct._HARDWARE_MANAGER_COMM_BUFFER**
</harden/bcfiles/edk_bcfiles/HardwareManager.bc>:HardwareManagerHandler:152	i64*
</harden/bcfiles/edk_bcfiles/HardwareManager.bc>:HardwareManagerHandler:153	%struct._HARDWARE_MANAGER_COMM_BUFFER**
</harden/bcfiles/edk_bcfiles/HardwareManager.bc>:HardwareManagerHandler:155	i64*
</harden/bcfiles/edk_bcfiles/HardwareManager.bc>:HardwareManagerHandler:157	%struct._HARDWARE_MANAGER_COMM_BUFFER**
</harden/bcfiles/edk_bcfiles/HardwareManager.bc>:HardwareManagerHandler:161	%struct._LED_CONTROLLER_PROTOCOL**
</harden/bcfiles/edk_bcfiles/HardwareManager.bc>:HardwareManagerHandler:163	i64 (i64, i64)**
</harden/bcfiles/edk_bcfiles/HardwareManager.bc>:HardwareManagerHandler:164	%struct._HARDWARE_MANAGER_COMM_BUFFER**
</harden/bcfiles/edk_bcfiles/HardwareManager.bc>:HardwareManagerHandler:166	i64*
</harden/bcfiles/edk_bcfiles/HardwareManager.bc>:HardwareManagerHandler:167	%struct._HARDWARE_MANAGER_COMM_BUFFER**
</harden/bcfiles/edk_bcfiles/HardwareManager.bc>:HardwareManagerHandler:169	i64*
</harden/bcfiles/edk_bcfiles/HardwareManager.bc>:HardwareManagerHandler:171	%struct._HARDWARE_MANAGER_COMM_BUFFER**
</harden/bcfiles/edk_bcfiles/HardwareManager.bc>:HardwareManagerHandler:175	%struct._THERMAL_SENSOR_PROTOCOL**
</harden/bcfiles/edk_bcfiles/HardwareManager.bc>:HardwareManagerHandler:177	i64 (i64, i64*)**
</harden/bcfiles/edk_bcfiles/HardwareManager.bc>:HardwareManagerHandler:178	%struct._HARDWARE_MANAGER_COMM_BUFFER**
</harden/bcfiles/edk_bcfiles/HardwareManager.bc>:HardwareManagerHandler:180	i64*
</harden/bcfiles/edk_bcfiles/HardwareManager.bc>:HardwareManagerHandler:181	%struct._HARDWARE_MANAGER_COMM_BUFFER**
</harden/bcfiles/edk_bcfiles/HardwareManager.bc>:HardwareManagerHandler:184	%struct._HARDWARE_MANAGER_COMM_BUFFER**
</harden/bcfiles/edk_bcfiles/HardwareManager.bc>:HardwareManagerHandler:188	%struct._THERMAL_SENSOR_PROTOCOL**
</harden/bcfiles/edk_bcfiles/HardwareManager.bc>:HardwareManagerHandler:190	i64 (i64, i64)**
</harden/bcfiles/edk_bcfiles/HardwareManager.bc>:HardwareManagerHandler:191	%struct._HARDWARE_MANAGER_COMM_BUFFER**
</harden/bcfiles/edk_bcfiles/HardwareManager.bc>:HardwareManagerHandler:193	i64*
</harden/bcfiles/edk_bcfiles/HardwareManager.bc>:HardwareManagerHandler:194	%struct._HARDWARE_MANAGER_COMM_BUFFER**
</harden/bcfiles/edk_bcfiles/HardwareManager.bc>:HardwareManagerHandler:196	i64*
</harden/bcfiles/edk_bcfiles/HardwareManager.bc>:HardwareManagerHandler:198	%struct._HARDWARE_MANAGER_COMM_BUFFER**
</harden/bcfiles/edk_bcfiles/HardwareManager.bc>:HardwareManagerHandler:202	%struct._THERMAL_SENSOR_PROTOCOL**
</harden/bcfiles/edk_bcfiles/HardwareManager.bc>:HardwareManagerHandler:204	i64 (i64, i64*)**
</harden/bcfiles/edk_bcfiles/HardwareManager.bc>:HardwareManagerHandler:205	%struct._HARDWARE_MANAGER_COMM_BUFFER**
</harden/bcfiles/edk_bcfiles/HardwareManager.bc>:HardwareManagerHandler:207	i64*
</harden/bcfiles/edk_bcfiles/HardwareManager.bc>:HardwareManagerHandler:208	%struct._HARDWARE_MANAGER_COMM_BUFFER**
</harden/bcfiles/edk_bcfiles/HardwareManager.bc>:HardwareManagerHandler:211	%struct._HARDWARE_MANAGER_COMM_BUFFER**
</harden/bcfiles/edk_bcfiles/HardwareManager.bc>:HardwareManagerHandler:215	%struct._THERMAL_SENSOR_PROTOCOL**
</harden/bcfiles/edk_bcfiles/HardwareManager.bc>:HardwareManagerHandler:217	i64 (i64, i64)**
</harden/bcfiles/edk_bcfiles/HardwareManager.bc>:HardwareManagerHandler:218	%struct._HARDWARE_MANAGER_COMM_BUFFER**
</harden/bcfiles/edk_bcfiles/HardwareManager.bc>:HardwareManagerHandler:220	i64*
</harden/bcfiles/edk_bcfiles/HardwareManager.bc>:HardwareManagerHandler:221	%struct._HARDWARE_MANAGER_COMM_BUFFER**
</harden/bcfiles/edk_bcfiles/HardwareManager.bc>:HardwareManagerHandler:223	i64*
</harden/bcfiles/edk_bcfiles/HardwareManager.bc>:HardwareManagerHandler:225	%struct._HARDWARE_MANAGER_COMM_BUFFER**
</harden/bcfiles/edk_bcfiles/HardwareManager.bc>:HardwareManagerHandler:229	%struct._FAN_CONTROLLER_PROTOCOL**
</harden/bcfiles/edk_bcfiles/HardwareManager.bc>:HardwareManagerHandler:231	i64 (i64, i64)**
</harden/bcfiles/edk_bcfiles/HardwareManager.bc>:HardwareManagerHandler:232	%struct._HARDWARE_MANAGER_COMM_BUFFER**
</harden/bcfiles/edk_bcfiles/HardwareManager.bc>:HardwareManagerHandler:234	i64*
</harden/bcfiles/edk_bcfiles/HardwareManager.bc>:HardwareManagerHandler:235	%struct._HARDWARE_MANAGER_COMM_BUFFER**
</harden/bcfiles/edk_bcfiles/HardwareManager.bc>:HardwareManagerHandler:237	i64*
</harden/bcfiles/edk_bcfiles/HardwareManager.bc>:HardwareManagerHandler:239	%struct._HARDWARE_MANAGER_COMM_BUFFER**
</harden/bcfiles/edk_bcfiles/HardwareManager.bc>:HardwareManagerHandler:243	%struct._FAN_CONTROLLER_PROTOCOL**
</harden/bcfiles/edk_bcfiles/HardwareManager.bc>:HardwareManagerHandler:245	i64 (i64, i64*)**
</harden/bcfiles/edk_bcfiles/HardwareManager.bc>:HardwareManagerHandler:246	%struct._HARDWARE_MANAGER_COMM_BUFFER**
</harden/bcfiles/edk_bcfiles/HardwareManager.bc>:HardwareManagerHandler:248	i64*
</harden/bcfiles/edk_bcfiles/HardwareManager.bc>:HardwareManagerHandler:249	%struct._HARDWARE_MANAGER_COMM_BUFFER**
</harden/bcfiles/edk_bcfiles/HardwareManager.bc>:HardwareManagerHandler:252	%struct._HARDWARE_MANAGER_COMM_BUFFER**
</harden/bcfiles/edk_bcfiles/HardwareManager.bc>:HardwareManagerHandler:256	%struct._FAN_CONTROLLER_PROTOCOL**
</harden/bcfiles/edk_bcfiles/HardwareManager.bc>:HardwareManagerHandler:258	i64 (i64, i64)**
</harden/bcfiles/edk_bcfiles/HardwareManager.bc>:HardwareManagerHandler:259	%struct._HARDWARE_MANAGER_COMM_BUFFER**
</harden/bcfiles/edk_bcfiles/HardwareManager.bc>:HardwareManagerHandler:261	i64*
</harden/bcfiles/edk_bcfiles/HardwareManager.bc>:HardwareManagerHandler:262	%struct._HARDWARE_MANAGER_COMM_BUFFER**
</harden/bcfiles/edk_bcfiles/HardwareManager.bc>:HardwareManagerHandler:264	i64*
</harden/bcfiles/edk_bcfiles/HardwareManager.bc>:HardwareManagerHandler:266	%struct._HARDWARE_MANAGER_COMM_BUFFER**
</harden/bcfiles/edk_bcfiles/HardwareManager.bc>:HardwareManagerHandler:270	%struct._FAN_CONTROLLER_PROTOCOL**
</harden/bcfiles/edk_bcfiles/HardwareManager.bc>:HardwareManagerHandler:272	i64 (i64, i64, i64*)**
</harden/bcfiles/edk_bcfiles/HardwareManager.bc>:HardwareManagerHandler:273	%struct._HARDWARE_MANAGER_COMM_BUFFER**
</harden/bcfiles/edk_bcfiles/HardwareManager.bc>:HardwareManagerHandler:275	i64*
</harden/bcfiles/edk_bcfiles/HardwareManager.bc>:HardwareManagerHandler:276	%struct._HARDWARE_MANAGER_COMM_BUFFER**
</harden/bcfiles/edk_bcfiles/HardwareManager.bc>:HardwareManagerHandler:278	i64*
</harden/bcfiles/edk_bcfiles/HardwareManager.bc>:HardwareManagerHandler:279	%struct._HARDWARE_MANAGER_COMM_BUFFER**
</harden/bcfiles/edk_bcfiles/HardwareManager.bc>:HardwareManagerHandler:282	%struct._HARDWARE_MANAGER_COMM_BUFFER**
</harden/bcfiles/edk_bcfiles/HardwareManager.bc>:HardwareManagerHandler:286	%struct._PROCESS_FIRMWARE_PROTOCOL**
</harden/bcfiles/edk_bcfiles/HardwareManager.bc>:HardwareManagerHandler:288	i64 (i64*)**
</harden/bcfiles/edk_bcfiles/HardwareManager.bc>:HardwareManagerHandler:289	%struct._HARDWARE_MANAGER_COMM_BUFFER**
</harden/bcfiles/edk_bcfiles/HardwareManager.bc>:HardwareManagerHandler:292	%struct._HARDWARE_MANAGER_COMM_BUFFER**
</harden/bcfiles/edk_bcfiles/HardwareManager.bc>:HardwareManagerHandler:296	%struct._PROCESS_FIRMWARE_PROTOCOL**
</harden/bcfiles/edk_bcfiles/HardwareManager.bc>:HardwareManagerHandler:298	i64 (i64, i64*)**
</harden/bcfiles/edk_bcfiles/HardwareManager.bc>:HardwareManagerHandler:299	%struct._HARDWARE_MANAGER_COMM_BUFFER**
</harden/bcfiles/edk_bcfiles/HardwareManager.bc>:HardwareManagerHandler:301	i64*
</harden/bcfiles/edk_bcfiles/HardwareManager.bc>:HardwareManagerHandler:302	%struct._HARDWARE_MANAGER_COMM_BUFFER**
</harden/bcfiles/edk_bcfiles/HardwareManager.bc>:HardwareManagerHandler:305	%struct._HARDWARE_MANAGER_COMM_BUFFER**
</harden/bcfiles/edk_bcfiles/HardwareManager.bc>:HardwareManagerHandler:309	%struct._PROCESS_FIRMWARE_PROTOCOL**
</harden/bcfiles/edk_bcfiles/HardwareManager.bc>:HardwareManagerHandler:311	i64 (i64*)**
</harden/bcfiles/edk_bcfiles/HardwareManager.bc>:HardwareManagerHandler:312	%struct._HARDWARE_MANAGER_COMM_BUFFER**
</harden/bcfiles/edk_bcfiles/HardwareManager.bc>:HardwareManagerHandler:315	%struct._HARDWARE_MANAGER_COMM_BUFFER**
</harden/bcfiles/edk_bcfiles/HardwareManager.bc>:HardwareManagerHandler:319	%struct._PROCESS_FIRMWARE_PROTOCOL**
</harden/bcfiles/edk_bcfiles/HardwareManager.bc>:HardwareManagerHandler:321	i64 (i64, i64*)**
</harden/bcfiles/edk_bcfiles/HardwareManager.bc>:HardwareManagerHandler:322	%struct._HARDWARE_MANAGER_COMM_BUFFER**
</harden/bcfiles/edk_bcfiles/HardwareManager.bc>:HardwareManagerHandler:324	i64*
</harden/bcfiles/edk_bcfiles/HardwareManager.bc>:HardwareManagerHandler:325	%struct._HARDWARE_MANAGER_COMM_BUFFER**
</harden/bcfiles/edk_bcfiles/HardwareManager.bc>:HardwareManagerHandler:328	%struct._HARDWARE_MANAGER_COMM_BUFFER**
</harden/bcfiles/edk_bcfiles/HardwareManager.bc>:HardwareManagerHandler:332	%struct._PROCESS_FIRMWARE_PROTOCOL**
</harden/bcfiles/edk_bcfiles/HardwareManager.bc>:HardwareManagerHandler:334	i64 (i64*)**
</harden/bcfiles/edk_bcfiles/HardwareManager.bc>:HardwareManagerHandler:335	%struct._HARDWARE_MANAGER_COMM_BUFFER**
</harden/bcfiles/edk_bcfiles/HardwareManager.bc>:HardwareManagerHandler:338	%struct._HARDWARE_MANAGER_COMM_BUFFER**
</harden/bcfiles/edk_bcfiles/HardwareManager.bc>:HardwareManagerHandler:342	%struct._PROCESS_FIRMWARE_PROTOCOL**
</harden/bcfiles/edk_bcfiles/HardwareManager.bc>:HardwareManagerHandler:344	i64 (i64, i64*)**
</harden/bcfiles/edk_bcfiles/HardwareManager.bc>:HardwareManagerHandler:345	%struct._HARDWARE_MANAGER_COMM_BUFFER**
</harden/bcfiles/edk_bcfiles/HardwareManager.bc>:HardwareManagerHandler:347	i64*
</harden/bcfiles/edk_bcfiles/HardwareManager.bc>:HardwareManagerHandler:348	%struct._HARDWARE_MANAGER_COMM_BUFFER**
</harden/bcfiles/edk_bcfiles/HardwareManager.bc>:HardwareManagerHandler:351	%struct._HARDWARE_MANAGER_COMM_BUFFER**
</harden/bcfiles/edk_bcfiles/HardwareManager.bc>:HardwareManagerHandler:355	%struct._PROCESS_FIRMWARE_PROTOCOL**
</harden/bcfiles/edk_bcfiles/HardwareManager.bc>:HardwareManagerHandler:357	i64 (i64*)**
</harden/bcfiles/edk_bcfiles/HardwareManager.bc>:HardwareManagerHandler:358	%struct._HARDWARE_MANAGER_COMM_BUFFER**
</harden/bcfiles/edk_bcfiles/HardwareManager.bc>:HardwareManagerHandler:361	%struct._HARDWARE_MANAGER_COMM_BUFFER**
</harden/bcfiles/edk_bcfiles/HardwareManager.bc>:HardwareManagerHandler:365	%struct._PROCESS_FIRMWARE_PROTOCOL**
</harden/bcfiles/edk_bcfiles/HardwareManager.bc>:HardwareManagerHandler:367	i64 (i64, i64*)**
</harden/bcfiles/edk_bcfiles/HardwareManager.bc>:HardwareManagerHandler:368	%struct._HARDWARE_MANAGER_COMM_BUFFER**
</harden/bcfiles/edk_bcfiles/HardwareManager.bc>:HardwareManagerHandler:370	i64*
</harden/bcfiles/edk_bcfiles/HardwareManager.bc>:HardwareManagerHandler:371	%struct._HARDWARE_MANAGER_COMM_BUFFER**
</harden/bcfiles/edk_bcfiles/HardwareManager.bc>:HardwareManagerHandler:374	%struct._HARDWARE_MANAGER_COMM_BUFFER**
</harden/bcfiles/edk_bcfiles/HardwareManager.bc>:HardwareManagerHandler:378	%struct._PROCESS_FIRMWARE_PROTOCOL**
</harden/bcfiles/edk_bcfiles/HardwareManager.bc>:HardwareManagerHandler:380	i64 (i64*)**
</harden/bcfiles/edk_bcfiles/HardwareManager.bc>:HardwareManagerHandler:381	%struct._HARDWARE_MANAGER_COMM_BUFFER**
</harden/bcfiles/edk_bcfiles/HardwareManager.bc>:HardwareManagerHandler:384	%struct._HARDWARE_MANAGER_COMM_BUFFER**
</harden/bcfiles/edk_bcfiles/HardwareManager.bc>:HardwareManagerHandler:388	%struct._PROCESS_FIRMWARE_PROTOCOL**
</harden/bcfiles/edk_bcfiles/HardwareManager.bc>:HardwareManagerHandler:390	i64 (i64, i64*)**
</harden/bcfiles/edk_bcfiles/HardwareManager.bc>:HardwareManagerHandler:391	%struct._HARDWARE_MANAGER_COMM_BUFFER**
</harden/bcfiles/edk_bcfiles/HardwareManager.bc>:HardwareManagerHandler:393	i64*
</harden/bcfiles/edk_bcfiles/HardwareManager.bc>:HardwareManagerHandler:394	%struct._HARDWARE_MANAGER_COMM_BUFFER**
</harden/bcfiles/edk_bcfiles/HardwareManager.bc>:HardwareManagerHandler:397	%struct._HARDWARE_MANAGER_COMM_BUFFER**
</harden/bcfiles/edk_bcfiles/HardwareManager.bc>:HardwareManagerHandler:401	%struct.FIRMWARE_CHUNK_METADATA**
</harden/bcfiles/edk_bcfiles/HardwareManager.bc>:HardwareManagerHandler:405	%struct._HARDWARE_MANAGER_COMM_BUFFER**
</harden/bcfiles/edk_bcfiles/HardwareManager.bc>:HardwareManagerHandler:409	%struct._HARDWARE_MANAGER_COMM_BUFFER**
</harden/bcfiles/edk_bcfiles/HardwareManager.bc>:HardwareManagerHandler:413	%struct.FIRMWARE_CHUNK_METADATA**
</harden/bcfiles/edk_bcfiles/HardwareManager.bc>:HardwareManagerHandler:418	i64*
</harden/bcfiles/edk_bcfiles/HardwareManager.bc>:HardwareManagerSetLicense:11	%struct._EFI_SMM_VARIABLE_PROTOCOL**
</harden/bcfiles/edk_bcfiles/HardwareManager.bc>:HardwareManagerSetLicense:13	i64 (i16*, %struct.GUID*, i32, i64, i8*)**
</harden/bcfiles/edk_bcfiles/HardwareManager.bc>:HardwareManagerSetLicense:14	i32*
</harden/bcfiles/edk_bcfiles/HardwareManager.bc>:HardwareManagerSetLicense:15	i64*
</harden/bcfiles/edk_bcfiles/HardwareManager.bc>:HardwareManagerSetLicense:16	i8**
</harden/bcfiles/edk_bcfiles/HardwareManager.bc>:HardwareManagerSetLicense:19	i64*
</harden/bcfiles/edk_bcfiles/HardwareManager.bc>:HardwareManagerValidateLicense:12	i32*
</harden/bcfiles/edk_bcfiles/HardwareManager.bc>:HardwareManagerValidateLicense:15	i8**
</harden/bcfiles/edk_bcfiles/HardwareManager.bc>:HardwareManagerValidateLicense:16	i32*
</harden/bcfiles/edk_bcfiles/HardwareManager.bc>:HardwareManagerValidateLicense:19	i8*
</harden/bcfiles/edk_bcfiles/HardwareManager.bc>:HardwareManagerValidateLicense:21	i32*
</harden/bcfiles/edk_bcfiles/HardwareManager.bc>:HardwareManagerValidateLicense:25	i32*
</harden/bcfiles/edk_bcfiles/HardwareManager.bc>:HardwareManagerValidateLicense:29	i32*
</harden/bcfiles/edk_bcfiles/HardwareManager.bc>:HardwareManagerValidateLicense:33	i8**
</harden/bcfiles/edk_bcfiles/HardwareManager.bc>:HardwareManagerValidateLicense:35	i8*
</harden/bcfiles/edk_bcfiles/HardwareManager.bc>:HardwareManagerValidateLicense:37	i8**
</harden/bcfiles/edk_bcfiles/HardwareManager.bc>:HardwareManagerValidateLicense:39	i8*
</harden/bcfiles/edk_bcfiles/HardwareManager.bc>:HardwareManagerValidateLicense:43	i8**
</harden/bcfiles/edk_bcfiles/HardwareManager.bc>:HardwareManagerValidateLicense:45	i8*
</harden/bcfiles/edk_bcfiles/HardwareManager.bc>:HardwareManagerValidateLicense:49	i8**
</harden/bcfiles/edk_bcfiles/HardwareManager.bc>:HardwareManagerValidateLicense:51	i8*
</harden/bcfiles/edk_bcfiles/HardwareManager.bc>:HardwareManagerValidateLicense:56	i32*
</harden/bcfiles/edk_bcfiles/HardwareManager.bc>:HardwareManagerValidateLicense:57	i32*
</harden/bcfiles/edk_bcfiles/HardwareManager.bc>:HardwareManagerValidateLicense:64	i64*
</harden/bcfiles/edk_bcfiles/HardwareManager.bc>:HardwareManagerGetLicense:9	%struct._EFI_SMM_VARIABLE_PROTOCOL**
</harden/bcfiles/edk_bcfiles/HardwareManager.bc>:HardwareManagerGetLicense:11	i64 (i16*, %struct.GUID*, i32*, i64*, i8*)**
</harden/bcfiles/edk_bcfiles/HardwareManager.bc>:HardwareManagerGetLicense:12	i8**
</harden/bcfiles/edk_bcfiles/HardwareManager.bc>:HardwareManagerGetLicense:15	i64*
</harden/bcfiles/edk_bcfiles/HardwareManager.bc>:HardwareManagerGetLicense:18	i64*
</harden/bcfiles/edk_bcfiles/HardwareManager.bc>:HardwareManagerGetLicense:21	i8**
</harden/bcfiles/edk_bcfiles/HardwareManager.bc>:HardwareManagerGetLicense:27	i64*
</harden/bcfiles/edk_bcfiles/HardwareManager.bc>:HardwareHandlerReadyCallback:12	%struct._EFI_SMM_SYSTEM_TABLE2**
</harden/bcfiles/edk_bcfiles/HardwareManager.bc>:HardwareHandlerReadyCallback:14	i64 (%struct.GUID*, i8*, i8**)**
</harden/bcfiles/edk_bcfiles/HardwareManager.bc>:HardwareHandlerReadyCallback:17	i64*
</harden/bcfiles/edk_bcfiles/HardwareManager.bc>:HardwareHandlerReadyCallback:28	i64*
</harden/bcfiles/edk_bcfiles/HardwareManager.bc>:HardwareHandlerReadyCallback:34	i64*
</harden/bcfiles/edk_bcfiles/HardwareManager.bc>:HardwareHandlerReadyCallback:37	%struct._EFI_SMM_SYSTEM_TABLE2**
</harden/bcfiles/edk_bcfiles/HardwareManager.bc>:HardwareHandlerReadyCallback:39	i64 (%struct.GUID*, i8*, i8**)**
</harden/bcfiles/edk_bcfiles/HardwareManager.bc>:HardwareHandlerReadyCallback:42	i64*
</harden/bcfiles/edk_bcfiles/HardwareManager.bc>:HardwareHandlerReadyCallback:53	i64*
</harden/bcfiles/edk_bcfiles/HardwareManager.bc>:HardwareHandlerReadyCallback:59	i64*
</harden/bcfiles/edk_bcfiles/HardwareManager.bc>:HardwareHandlerReadyCallback:62	%struct._EFI_SMM_SYSTEM_TABLE2**
</harden/bcfiles/edk_bcfiles/HardwareManager.bc>:HardwareHandlerReadyCallback:64	i64 (%struct.GUID*, i8*, i8**)**
</harden/bcfiles/edk_bcfiles/HardwareManager.bc>:HardwareHandlerReadyCallback:67	i64*
</harden/bcfiles/edk_bcfiles/HardwareManager.bc>:HardwareHandlerReadyCallback:78	i64*
</harden/bcfiles/edk_bcfiles/HardwareManager.bc>:HardwareHandlerReadyCallback:84	i64*
</harden/bcfiles/edk_bcfiles/HardwareManager.bc>:HardwareHandlerReadyCallback:89	i64*
</harden/bcfiles/edk_bcfiles/HardwareManager.bc>:ProcessFirmwareReadyCallback:12	%struct._EFI_SMM_SYSTEM_TABLE2**
</harden/bcfiles/edk_bcfiles/HardwareManager.bc>:ProcessFirmwareReadyCallback:14	i64 (%struct.GUID*, i8*, i8**)**
</harden/bcfiles/edk_bcfiles/HardwareManager.bc>:ProcessFirmwareReadyCallback:17	i64*
</harden/bcfiles/edk_bcfiles/HardwareManager.bc>:ProcessFirmwareReadyCallback:28	i64*
</harden/bcfiles/edk_bcfiles/HardwareManager.bc>:ProcessFirmwareReadyCallback:34	i64*
</harden/bcfiles/edk_bcfiles/HardwareManager.bc>:ProcessFirmwareReadyCallback:39	i64*
</harden/bcfiles/edk_bcfiles/HardwareManager.bc>:HardwareManagerEntryPoint:19	%struct._EFI_MM_SYSTEM_TABLE**
</harden/bcfiles/edk_bcfiles/HardwareManager.bc>:HardwareManagerEntryPoint:21	i64 (%struct.GUID*, i64 (%struct.GUID*, i8*, i8*)*, i8**)**
</harden/bcfiles/edk_bcfiles/HardwareManager.bc>:HardwareManagerEntryPoint:24	i64*
</harden/bcfiles/edk_bcfiles/HardwareManager.bc>:HardwareManagerEntryPoint:40	i64*
</harden/bcfiles/edk_bcfiles/HardwareManager.bc>:HardwareManagerEntryPoint:43	%struct._EFI_MM_SYSTEM_TABLE**
</harden/bcfiles/edk_bcfiles/HardwareManager.bc>:HardwareManagerEntryPoint:45	i64 (%struct.GUID*, i64 (%struct.GUID*, i8*, i8*)*, i8**)**
</harden/bcfiles/edk_bcfiles/HardwareManager.bc>:HardwareManagerEntryPoint:48	i64*
</harden/bcfiles/edk_bcfiles/HardwareManager.bc>:HardwareManagerEntryPoint:64	i64*
</harden/bcfiles/edk_bcfiles/HardwareManager.bc>:HardwareManagerEntryPoint:67	%struct._EFI_SMM_SYSTEM_TABLE2**
</harden/bcfiles/edk_bcfiles/HardwareManager.bc>:HardwareManagerEntryPoint:69	i64 (%struct.GUID*, i8*, i8**)**
</harden/bcfiles/edk_bcfiles/HardwareManager.bc>:HardwareManagerEntryPoint:72	i64*
</harden/bcfiles/edk_bcfiles/HardwareManager.bc>:HardwareManagerEntryPoint:88	i64*
</harden/bcfiles/edk_bcfiles/HardwareManager.bc>:HardwareManagerEntryPoint:94	%struct._EFI_SMM_SYSTEM_TABLE2**
</harden/bcfiles/edk_bcfiles/HardwareManager.bc>:HardwareManagerEntryPoint:96	i64 (i8**, %struct.GUID*, i32, i8*)**
</harden/bcfiles/edk_bcfiles/HardwareManager.bc>:HardwareManagerEntryPoint:99	i64*
</harden/bcfiles/edk_bcfiles/HardwareManager.bc>:HardwareManagerEntryPoint:117	i64*
</harden/bcfiles/edk_bcfiles/HardwareManager.bc>:HardwareManagerEntryPoint:120	%struct._EFI_MM_SYSTEM_TABLE**
</harden/bcfiles/edk_bcfiles/HardwareManager.bc>:HardwareManagerEntryPoint:122	i64 (i64 (i8*, i8*, i8*, i64*)*, %struct.GUID*, i8**)**
</harden/bcfiles/edk_bcfiles/HardwareManager.bc>:HardwareManagerEntryPoint:125	i64*
</harden/bcfiles/edk_bcfiles/HardwareManager.bc>:HardwareManagerEntryPoint:136	i64*
</harden/bcfiles/edk_bcfiles/HardwareManager.bc>:HardwareManagerEntryPoint:142	i64*
</harden/bcfiles/edk_bcfiles/HardwareManager.bc>:HardwareManagerEntryPoint:145	i64*
</harden/bcfiles/edk_bcfiles/HardwareManager.bc>:HardwareManagerEntryPoint:148	i64*
