</harden/bcfiles/edk_bcfiles/HardwareManager.bc>:HardwareManagerHandler:390	</harden/bcfiles/edk_bcfiles/HardwareManager.bc>:HardwareManagerHandler:%352
</harden/bcfiles/edk_bcfiles/HardwareManager.bc>:HardwareManagerHandler:393	</harden/bcfiles/edk_bcfiles/HardwareManager.bc>:HardwareManagerHandler:%355
</harden/bcfiles/edk_bcfiles/HardwareManager.bc>:HardwareManagerHandler:357	</harden/bcfiles/edk_bcfiles/HardwareManager.bc>:HardwareManagerHandler:%322
</harden/bcfiles/edk_bcfiles/HardwareManager.bc>:HardwareManagerHandler:347	</harden/bcfiles/edk_bcfiles/HardwareManager.bc>:HardwareManagerHandler:%313
</harden/bcfiles/edk_bcfiles/HardwareManager.bc>:HardwareManagerHandler:380	</harden/bcfiles/edk_bcfiles/HardwareManager.bc>:HardwareManagerHandler:%343
</harden/bcfiles/edk_bcfiles/HardwareManager.bc>:HardwareManagerHandler:334	</harden/bcfiles/edk_bcfiles/HardwareManager.bc>:HardwareManagerHandler:%301
</harden/bcfiles/edk_bcfiles/HardwareManager.bc>:HardwareManagerHandler:324	</harden/bcfiles/edk_bcfiles/HardwareManager.bc>:HardwareManagerHandler:%292
</harden/bcfiles/edk_bcfiles/HardwareManager.bc>:HardwareManagerHandler:311	</harden/bcfiles/edk_bcfiles/HardwareManager.bc>:HardwareManagerHandler:%280
</harden/bcfiles/edk_bcfiles/HardwareManager.bc>:HardwareManagerHandler:272	</harden/bcfiles/edk_bcfiles/HardwareManager.bc>:HardwareManagerHandler:%244
</harden/bcfiles/edk_bcfiles/HardwareManager.bc>:HardwareManagerHandler:258	</harden/bcfiles/edk_bcfiles/HardwareManager.bc>:HardwareManagerHandler:%231
</harden/bcfiles/edk_bcfiles/HardwareManager.bc>:HardwareManagerHandler:275	</harden/bcfiles/edk_bcfiles/HardwareManager.bc>:HardwareManagerHandler:%247
</harden/bcfiles/edk_bcfiles/HardwareManager.bc>:HardwareManagerHandler:248	</harden/bcfiles/edk_bcfiles/HardwareManager.bc>:HardwareManagerHandler:%222
</harden/bcfiles/edk_bcfiles/HardwareManager.bc>:HardwareManagerHandler:234	</harden/bcfiles/edk_bcfiles/HardwareManager.bc>:HardwareManagerHandler:%209
</harden/bcfiles/edk_bcfiles/HardwareManager.bc>:HardwareManagerHandler:231	</harden/bcfiles/edk_bcfiles/HardwareManager.bc>:HardwareManagerHandler:%206
</harden/bcfiles/edk_bcfiles/HardwareManager.bc>:HardwareManagerHandler:223	</harden/bcfiles/edk_bcfiles/HardwareManager.bc>:HardwareManagerHandler:%199
</harden/bcfiles/edk_bcfiles/HardwareManager.bc>:HardwareManagerHandler:220	</harden/bcfiles/edk_bcfiles/HardwareManager.bc>:HardwareManagerHandler:%196
</harden/bcfiles/edk_bcfiles/HardwareManager.bc>:HardwareManagerHandler:204	</harden/bcfiles/edk_bcfiles/HardwareManager.bc>:HardwareManagerHandler:%181
</harden/bcfiles/edk_bcfiles/HardwareManager.bc>:HardwareManagerHandler:193	</harden/bcfiles/edk_bcfiles/HardwareManager.bc>:HardwareManagerHandler:%171
</harden/bcfiles/edk_bcfiles/HardwareManager.bc>:HardwareManagerHandler:278	</harden/bcfiles/edk_bcfiles/HardwareManager.bc>:HardwareManagerHandler:%250
</harden/bcfiles/edk_bcfiles/HardwareManager.bc>:HardwareManagerHandler:166	</harden/bcfiles/edk_bcfiles/HardwareManager.bc>:HardwareManagerHandler:%146
</harden/bcfiles/edk_bcfiles/HardwareManager.bc>:HardwareManagerHandler:163	</harden/bcfiles/edk_bcfiles/HardwareManager.bc>:HardwareManagerHandler:%143
</harden/bcfiles/edk_bcfiles/HardwareManager.bc>:HardwareManagerHandler:298	</harden/bcfiles/edk_bcfiles/HardwareManager.bc>:HardwareManagerHandler:%268
</harden/bcfiles/edk_bcfiles/HardwareManager.bc>:HardwareManagerHandler:288	</harden/bcfiles/edk_bcfiles/HardwareManager.bc>:HardwareManagerHandler:%259
</harden/bcfiles/edk_bcfiles/HardwareManager.bc>:HardwareManagerHandler:152	</harden/bcfiles/edk_bcfiles/HardwareManager.bc>:HardwareManagerHandler:%133
</harden/bcfiles/edk_bcfiles/HardwareManager.bc>:HardwareManagerHandler:149	</harden/bcfiles/edk_bcfiles/HardwareManager.bc>:HardwareManagerHandler:%130
</harden/bcfiles/edk_bcfiles/HardwareManager.bc>:HardwareManagerHandler:146	</harden/bcfiles/edk_bcfiles/HardwareManager.bc>:HardwareManagerHandler:%127
</harden/bcfiles/edk_bcfiles/HardwareManager.bc>:HardwareManagerHandler:301	</harden/bcfiles/edk_bcfiles/HardwareManager.bc>:HardwareManagerHandler:%271
</harden/bcfiles/edk_bcfiles/HardwareManager.bc>:HardwareManagerHandler:207	</harden/bcfiles/edk_bcfiles/HardwareManager.bc>:HardwareManagerHandler:%184
</harden/bcfiles/edk_bcfiles/HardwareManager.bc>:HardwareManagerHandler:132	</harden/bcfiles/edk_bcfiles/HardwareManager.bc>:HardwareManagerHandler:%114
</harden/bcfiles/edk_bcfiles/HardwareManager.bc>:HardwareManagerHandler:129	</harden/bcfiles/edk_bcfiles/HardwareManager.bc>:HardwareManagerHandler:%111
</harden/bcfiles/edk_bcfiles/HardwareManager.bc>:HardwareManagerHandler:190	</harden/bcfiles/edk_bcfiles/HardwareManager.bc>:HardwareManagerHandler:%168
</harden/bcfiles/edk_bcfiles/HardwareManager.bc>:HardwareManagerHandler:237	</harden/bcfiles/edk_bcfiles/HardwareManager.bc>:HardwareManagerHandler:%212
</harden/bcfiles/edk_bcfiles/HardwareManager.bc>:HardwareManagerHandler:121	</harden/bcfiles/edk_bcfiles/HardwareManager.bc>:HardwareManagerHandler:%104
</harden/bcfiles/edk_bcfiles/HardwareManager.bc>:HardwareManagerHandler:196	</harden/bcfiles/edk_bcfiles/HardwareManager.bc>:HardwareManagerHandler:%174
</harden/bcfiles/edk_bcfiles/HardwareManager.bc>:HardwareManagerHandler:115	</harden/bcfiles/edk_bcfiles/HardwareManager.bc>:HardwareManagerHandler:%98
</harden/bcfiles/edk_bcfiles/HardwareManager.bc>:HardwareManagerHandler:118	</harden/bcfiles/edk_bcfiles/HardwareManager.bc>:HardwareManagerHandler:%101
</harden/bcfiles/edk_bcfiles/HardwareManager.bc>:HardwareManagerHandler:177	</harden/bcfiles/edk_bcfiles/HardwareManager.bc>:HardwareManagerHandler:%156
</harden/bcfiles/edk_bcfiles/HardwareManager.bc>:HardwareManagerHandler:93	</harden/bcfiles/edk_bcfiles/HardwareManager.bc>:HardwareManagerHandler:%77
</harden/bcfiles/edk_bcfiles/HardwareManager.bc>:HardwareManagerHandler:111	</harden/bcfiles/edk_bcfiles/HardwareManager.bc>:HardwareManagerHandler:%94
</harden/bcfiles/edk_bcfiles/HardwareManager.bc>:HardwareManagerHandler:85	</harden/bcfiles/edk_bcfiles/HardwareManager.bc>:HardwareManagerHandler:%70
</harden/bcfiles/edk_bcfiles/HardwareManager.bc>:HardwareManagerHandler:138	</harden/bcfiles/edk_bcfiles/HardwareManager.bc>:HardwareManagerHandler:%120
</harden/bcfiles/edk_bcfiles/HardwareManager.bc>:HardwareManagerHandler:74	</harden/bcfiles/edk_bcfiles/HardwareManager.bc>:HardwareManagerHandler:%60
</harden/bcfiles/edk_bcfiles/HardwareManager.bc>:HardwareManagerHandler:367	</harden/bcfiles/edk_bcfiles/HardwareManager.bc>:HardwareManagerHandler:%331
</harden/bcfiles/edk_bcfiles/HardwareManager.bc>:HardwareManagerHandler:56	</harden/bcfiles/edk_bcfiles/HardwareManager.bc>:HardwareManagerHandler:%44
</harden/bcfiles/edk_bcfiles/HardwareManager.bc>:HardwareManagerHandler:264	</harden/bcfiles/edk_bcfiles/HardwareManager.bc>:HardwareManagerHandler:%237
</harden/bcfiles/edk_bcfiles/HardwareManager.bc>:HardwareManagerHandler:135	</harden/bcfiles/edk_bcfiles/HardwareManager.bc>:HardwareManagerHandler:%117
</harden/bcfiles/edk_bcfiles/HardwareManager.bc>:HardwareManagerHandler:155	</harden/bcfiles/edk_bcfiles/HardwareManager.bc>:HardwareManagerHandler:%136
</harden/bcfiles/edk_bcfiles/HardwareManager.bc>:HardwareManagerHandler:370	</harden/bcfiles/edk_bcfiles/HardwareManager.bc>:HardwareManagerHandler:%334
</harden/bcfiles/edk_bcfiles/HardwareManager.bc>:HardwareManagerHandler:344	</harden/bcfiles/edk_bcfiles/HardwareManager.bc>:HardwareManagerHandler:%310
</harden/bcfiles/edk_bcfiles/HardwareManager.bc>:HardwareManagerHandler:180	</harden/bcfiles/edk_bcfiles/HardwareManager.bc>:HardwareManagerHandler:%159
</harden/bcfiles/edk_bcfiles/HardwareManager.bc>:HardwareManagerHandler:217	</harden/bcfiles/edk_bcfiles/HardwareManager.bc>:HardwareManagerHandler:%193
</harden/bcfiles/edk_bcfiles/HardwareManager.bc>:HardwareManagerHandler:261	</harden/bcfiles/edk_bcfiles/HardwareManager.bc>:HardwareManagerHandler:%234
</harden/bcfiles/edk_bcfiles/HardwareManager.bc>:HardwareManagerHandler:40	</harden/bcfiles/edk_bcfiles/HardwareManager.bc>:HardwareManagerHandler:%11
</harden/bcfiles/edk_bcfiles/HardwareManager.bc>:HardwareManagerHandler:46	</harden/bcfiles/edk_bcfiles/HardwareManager.bc>:HardwareManagerHandler:%11
</harden/bcfiles/edk_bcfiles/HardwareManager.bc>:HardwareManagerHandler:54	</harden/bcfiles/edk_bcfiles/HardwareManager.bc>:HardwareManagerHandler:%11
</harden/bcfiles/edk_bcfiles/HardwareManager.bc>:HardwareManagerHandler:60	</harden/bcfiles/edk_bcfiles/HardwareManager.bc>:HardwareManagerHandler:%11
</harden/bcfiles/edk_bcfiles/HardwareManager.bc>:HardwareManagerHandler:69	</harden/bcfiles/edk_bcfiles/HardwareManager.bc>:HardwareManagerHandler:%11
</harden/bcfiles/edk_bcfiles/HardwareManager.bc>:HardwareManagerHandler:72	</harden/bcfiles/edk_bcfiles/HardwareManager.bc>:HardwareManagerHandler:%11
</harden/bcfiles/edk_bcfiles/HardwareManager.bc>:HardwareManagerHandler:77	</harden/bcfiles/edk_bcfiles/HardwareManager.bc>:HardwareManagerHandler:%11
</harden/bcfiles/edk_bcfiles/HardwareManager.bc>:HardwareManagerHandler:80	</harden/bcfiles/edk_bcfiles/HardwareManager.bc>:HardwareManagerHandler:%11
</harden/bcfiles/edk_bcfiles/HardwareManager.bc>:HardwareManagerHandler:83	</harden/bcfiles/edk_bcfiles/HardwareManager.bc>:HardwareManagerHandler:%11
</harden/bcfiles/edk_bcfiles/HardwareManager.bc>:HardwareManagerHandler:88	</harden/bcfiles/edk_bcfiles/HardwareManager.bc>:HardwareManagerHandler:%11
</harden/bcfiles/edk_bcfiles/HardwareManager.bc>:HardwareManagerHandler:96	</harden/bcfiles/edk_bcfiles/HardwareManager.bc>:HardwareManagerHandler:%11
</harden/bcfiles/edk_bcfiles/HardwareManager.bc>:HardwareManagerHandler:401	</harden/bcfiles/edk_bcfiles/HardwareManager.bc>:HardwareManagerHandler:%11
</harden/bcfiles/edk_bcfiles/HardwareManager.bc>:HardwareManagerHandler:413	</harden/bcfiles/edk_bcfiles/HardwareManager.bc>:HardwareManagerHandler:%11
</harden/bcfiles/edk_bcfiles/HardwareManager.bc>:HardwareManagerHandler:22	</harden/bcfiles/edk_bcfiles/HardwareManager.bc>:HardwareManagerHandler:%9
</harden/bcfiles/edk_bcfiles/HardwareManager.bc>:HardwareManagerHandler:245	</harden/bcfiles/edk_bcfiles/HardwareManager.bc>:HardwareManagerHandler:%219
</harden/bcfiles/edk_bcfiles/HardwareManager.bc>:HardwareManagerHandler:19	</harden/bcfiles/edk_bcfiles/HardwareManager.bc>:HardwareManagerHandler:%8
</harden/bcfiles/edk_bcfiles/HardwareManager.bc>:HardwareManagerHandler:30	</harden/bcfiles/edk_bcfiles/HardwareManager.bc>:HardwareManagerHandler:%8
</harden/bcfiles/edk_bcfiles/HardwareManager.bc>:HardwareManagerHandler:42	</harden/bcfiles/edk_bcfiles/HardwareManager.bc>:HardwareManagerHandler:%32
</harden/bcfiles/edk_bcfiles/HardwareManager.bc>:HardwareManagerHandler:321	</harden/bcfiles/edk_bcfiles/HardwareManager.bc>:HardwareManagerHandler:%289
</harden/bcfiles/edk_bcfiles/HardwareManager.bc>:HardwareManagerHandler:169	</harden/bcfiles/edk_bcfiles/HardwareManager.bc>:HardwareManagerHandler:%149
</harden/bcfiles/edk_bcfiles/HardwareManager.bc>:HardwareManagerHandler:35	</harden/bcfiles/edk_bcfiles/HardwareManager.bc>:HardwareManagerHandler:%12
</harden/bcfiles/edk_bcfiles/HardwareManager.bc>:HardwareManagerHandler:49	</harden/bcfiles/edk_bcfiles/HardwareManager.bc>:HardwareManagerHandler:%12
</harden/bcfiles/edk_bcfiles/HardwareManager.bc>:HardwareManagerHandler:63	</harden/bcfiles/edk_bcfiles/HardwareManager.bc>:HardwareManagerHandler:%12
</harden/bcfiles/edk_bcfiles/HardwareManager.bc>:HardwareManagerHandler:91	</harden/bcfiles/edk_bcfiles/HardwareManager.bc>:HardwareManagerHandler:%12
</harden/bcfiles/edk_bcfiles/HardwareManager.bc>:HardwareManagerHandler:99	</harden/bcfiles/edk_bcfiles/HardwareManager.bc>:HardwareManagerHandler:%12
</harden/bcfiles/edk_bcfiles/HardwareManager.bc>:HardwareManagerHandler:106	</harden/bcfiles/edk_bcfiles/HardwareManager.bc>:HardwareManagerHandler:%12
</harden/bcfiles/edk_bcfiles/HardwareManager.bc>:HardwareManagerHandler:109	</harden/bcfiles/edk_bcfiles/HardwareManager.bc>:HardwareManagerHandler:%12
</harden/bcfiles/edk_bcfiles/HardwareManager.bc>:HardwareManagerHandler:116	</harden/bcfiles/edk_bcfiles/HardwareManager.bc>:HardwareManagerHandler:%12
</harden/bcfiles/edk_bcfiles/HardwareManager.bc>:HardwareManagerHandler:119	</harden/bcfiles/edk_bcfiles/HardwareManager.bc>:HardwareManagerHandler:%12
</harden/bcfiles/edk_bcfiles/HardwareManager.bc>:HardwareManagerHandler:123	</harden/bcfiles/edk_bcfiles/HardwareManager.bc>:HardwareManagerHandler:%12
</harden/bcfiles/edk_bcfiles/HardwareManager.bc>:HardwareManagerHandler:130	</harden/bcfiles/edk_bcfiles/HardwareManager.bc>:HardwareManagerHandler:%12
</harden/bcfiles/edk_bcfiles/HardwareManager.bc>:HardwareManagerHandler:133	</harden/bcfiles/edk_bcfiles/HardwareManager.bc>:HardwareManagerHandler:%12
</harden/bcfiles/edk_bcfiles/HardwareManager.bc>:HardwareManagerHandler:136	</harden/bcfiles/edk_bcfiles/HardwareManager.bc>:HardwareManagerHandler:%12
</harden/bcfiles/edk_bcfiles/HardwareManager.bc>:HardwareManagerHandler:140	</harden/bcfiles/edk_bcfiles/HardwareManager.bc>:HardwareManagerHandler:%12
</harden/bcfiles/edk_bcfiles/HardwareManager.bc>:HardwareManagerHandler:147	</harden/bcfiles/edk_bcfiles/HardwareManager.bc>:HardwareManagerHandler:%12
</harden/bcfiles/edk_bcfiles/HardwareManager.bc>:HardwareManagerHandler:150	</harden/bcfiles/edk_bcfiles/HardwareManager.bc>:HardwareManagerHandler:%12
</harden/bcfiles/edk_bcfiles/HardwareManager.bc>:HardwareManagerHandler:153	</harden/bcfiles/edk_bcfiles/HardwareManager.bc>:HardwareManagerHandler:%12
</harden/bcfiles/edk_bcfiles/HardwareManager.bc>:HardwareManagerHandler:157	</harden/bcfiles/edk_bcfiles/HardwareManager.bc>:HardwareManagerHandler:%12
</harden/bcfiles/edk_bcfiles/HardwareManager.bc>:HardwareManagerHandler:164	</harden/bcfiles/edk_bcfiles/HardwareManager.bc>:HardwareManagerHandler:%12
</harden/bcfiles/edk_bcfiles/HardwareManager.bc>:HardwareManagerHandler:167	</harden/bcfiles/edk_bcfiles/HardwareManager.bc>:HardwareManagerHandler:%12
</harden/bcfiles/edk_bcfiles/HardwareManager.bc>:HardwareManagerHandler:171	</harden/bcfiles/edk_bcfiles/HardwareManager.bc>:HardwareManagerHandler:%12
</harden/bcfiles/edk_bcfiles/HardwareManager.bc>:HardwareManagerHandler:178	</harden/bcfiles/edk_bcfiles/HardwareManager.bc>:HardwareManagerHandler:%12
</harden/bcfiles/edk_bcfiles/HardwareManager.bc>:HardwareManagerHandler:181	</harden/bcfiles/edk_bcfiles/HardwareManager.bc>:HardwareManagerHandler:%12
</harden/bcfiles/edk_bcfiles/HardwareManager.bc>:HardwareManagerHandler:184	</harden/bcfiles/edk_bcfiles/HardwareManager.bc>:HardwareManagerHandler:%12
</harden/bcfiles/edk_bcfiles/HardwareManager.bc>:HardwareManagerHandler:191	</harden/bcfiles/edk_bcfiles/HardwareManager.bc>:HardwareManagerHandler:%12
</harden/bcfiles/edk_bcfiles/HardwareManager.bc>:HardwareManagerHandler:194	</harden/bcfiles/edk_bcfiles/HardwareManager.bc>:HardwareManagerHandler:%12
</harden/bcfiles/edk_bcfiles/HardwareManager.bc>:HardwareManagerHandler:198	</harden/bcfiles/edk_bcfiles/HardwareManager.bc>:HardwareManagerHandler:%12
</harden/bcfiles/edk_bcfiles/HardwareManager.bc>:HardwareManagerHandler:205	</harden/bcfiles/edk_bcfiles/HardwareManager.bc>:HardwareManagerHandler:%12
</harden/bcfiles/edk_bcfiles/HardwareManager.bc>:HardwareManagerHandler:208	</harden/bcfiles/edk_bcfiles/HardwareManager.bc>:HardwareManagerHandler:%12
</harden/bcfiles/edk_bcfiles/HardwareManager.bc>:HardwareManagerHandler:211	</harden/bcfiles/edk_bcfiles/HardwareManager.bc>:HardwareManagerHandler:%12
</harden/bcfiles/edk_bcfiles/HardwareManager.bc>:HardwareManagerHandler:218	</harden/bcfiles/edk_bcfiles/HardwareManager.bc>:HardwareManagerHandler:%12
</harden/bcfiles/edk_bcfiles/HardwareManager.bc>:HardwareManagerHandler:221	</harden/bcfiles/edk_bcfiles/HardwareManager.bc>:HardwareManagerHandler:%12
</harden/bcfiles/edk_bcfiles/HardwareManager.bc>:HardwareManagerHandler:225	</harden/bcfiles/edk_bcfiles/HardwareManager.bc>:HardwareManagerHandler:%12
</harden/bcfiles/edk_bcfiles/HardwareManager.bc>:HardwareManagerHandler:232	</harden/bcfiles/edk_bcfiles/HardwareManager.bc>:HardwareManagerHandler:%12
</harden/bcfiles/edk_bcfiles/HardwareManager.bc>:HardwareManagerHandler:235	</harden/bcfiles/edk_bcfiles/HardwareManager.bc>:HardwareManagerHandler:%12
</harden/bcfiles/edk_bcfiles/HardwareManager.bc>:HardwareManagerHandler:239	</harden/bcfiles/edk_bcfiles/HardwareManager.bc>:HardwareManagerHandler:%12
</harden/bcfiles/edk_bcfiles/HardwareManager.bc>:HardwareManagerHandler:246	</harden/bcfiles/edk_bcfiles/HardwareManager.bc>:HardwareManagerHandler:%12
</harden/bcfiles/edk_bcfiles/HardwareManager.bc>:HardwareManagerHandler:249	</harden/bcfiles/edk_bcfiles/HardwareManager.bc>:HardwareManagerHandler:%12
</harden/bcfiles/edk_bcfiles/HardwareManager.bc>:HardwareManagerHandler:252	</harden/bcfiles/edk_bcfiles/HardwareManager.bc>:HardwareManagerHandler:%12
</harden/bcfiles/edk_bcfiles/HardwareManager.bc>:HardwareManagerHandler:259	</harden/bcfiles/edk_bcfiles/HardwareManager.bc>:HardwareManagerHandler:%12
</harden/bcfiles/edk_bcfiles/HardwareManager.bc>:HardwareManagerHandler:262	</harden/bcfiles/edk_bcfiles/HardwareManager.bc>:HardwareManagerHandler:%12
</harden/bcfiles/edk_bcfiles/HardwareManager.bc>:HardwareManagerHandler:266	</harden/bcfiles/edk_bcfiles/HardwareManager.bc>:HardwareManagerHandler:%12
</harden/bcfiles/edk_bcfiles/HardwareManager.bc>:HardwareManagerHandler:273	</harden/bcfiles/edk_bcfiles/HardwareManager.bc>:HardwareManagerHandler:%12
</harden/bcfiles/edk_bcfiles/HardwareManager.bc>:HardwareManagerHandler:276	</harden/bcfiles/edk_bcfiles/HardwareManager.bc>:HardwareManagerHandler:%12
</harden/bcfiles/edk_bcfiles/HardwareManager.bc>:HardwareManagerHandler:279	</harden/bcfiles/edk_bcfiles/HardwareManager.bc>:HardwareManagerHandler:%12
</harden/bcfiles/edk_bcfiles/HardwareManager.bc>:HardwareManagerHandler:282	</harden/bcfiles/edk_bcfiles/HardwareManager.bc>:HardwareManagerHandler:%12
</harden/bcfiles/edk_bcfiles/HardwareManager.bc>:HardwareManagerHandler:289	</harden/bcfiles/edk_bcfiles/HardwareManager.bc>:HardwareManagerHandler:%12
</harden/bcfiles/edk_bcfiles/HardwareManager.bc>:HardwareManagerHandler:292	</harden/bcfiles/edk_bcfiles/HardwareManager.bc>:HardwareManagerHandler:%12
</harden/bcfiles/edk_bcfiles/HardwareManager.bc>:HardwareManagerHandler:299	</harden/bcfiles/edk_bcfiles/HardwareManager.bc>:HardwareManagerHandler:%12
</harden/bcfiles/edk_bcfiles/HardwareManager.bc>:HardwareManagerHandler:302	</harden/bcfiles/edk_bcfiles/HardwareManager.bc>:HardwareManagerHandler:%12
</harden/bcfiles/edk_bcfiles/HardwareManager.bc>:HardwareManagerHandler:305	</harden/bcfiles/edk_bcfiles/HardwareManager.bc>:HardwareManagerHandler:%12
</harden/bcfiles/edk_bcfiles/HardwareManager.bc>:HardwareManagerHandler:312	</harden/bcfiles/edk_bcfiles/HardwareManager.bc>:HardwareManagerHandler:%12
</harden/bcfiles/edk_bcfiles/HardwareManager.bc>:HardwareManagerHandler:315	</harden/bcfiles/edk_bcfiles/HardwareManager.bc>:HardwareManagerHandler:%12
</harden/bcfiles/edk_bcfiles/HardwareManager.bc>:HardwareManagerHandler:322	</harden/bcfiles/edk_bcfiles/HardwareManager.bc>:HardwareManagerHandler:%12
</harden/bcfiles/edk_bcfiles/HardwareManager.bc>:HardwareManagerHandler:325	</harden/bcfiles/edk_bcfiles/HardwareManager.bc>:HardwareManagerHandler:%12
</harden/bcfiles/edk_bcfiles/HardwareManager.bc>:HardwareManagerHandler:328	</harden/bcfiles/edk_bcfiles/HardwareManager.bc>:HardwareManagerHandler:%12
</harden/bcfiles/edk_bcfiles/HardwareManager.bc>:HardwareManagerHandler:335	</harden/bcfiles/edk_bcfiles/HardwareManager.bc>:HardwareManagerHandler:%12
</harden/bcfiles/edk_bcfiles/HardwareManager.bc>:HardwareManagerHandler:338	</harden/bcfiles/edk_bcfiles/HardwareManager.bc>:HardwareManagerHandler:%12
</harden/bcfiles/edk_bcfiles/HardwareManager.bc>:HardwareManagerHandler:345	</harden/bcfiles/edk_bcfiles/HardwareManager.bc>:HardwareManagerHandler:%12
</harden/bcfiles/edk_bcfiles/HardwareManager.bc>:HardwareManagerHandler:348	</harden/bcfiles/edk_bcfiles/HardwareManager.bc>:HardwareManagerHandler:%12
</harden/bcfiles/edk_bcfiles/HardwareManager.bc>:HardwareManagerHandler:351	</harden/bcfiles/edk_bcfiles/HardwareManager.bc>:HardwareManagerHandler:%12
</harden/bcfiles/edk_bcfiles/HardwareManager.bc>:HardwareManagerHandler:358	</harden/bcfiles/edk_bcfiles/HardwareManager.bc>:HardwareManagerHandler:%12
</harden/bcfiles/edk_bcfiles/HardwareManager.bc>:HardwareManagerHandler:361	</harden/bcfiles/edk_bcfiles/HardwareManager.bc>:HardwareManagerHandler:%12
</harden/bcfiles/edk_bcfiles/HardwareManager.bc>:HardwareManagerHandler:368	</harden/bcfiles/edk_bcfiles/HardwareManager.bc>:HardwareManagerHandler:%12
</harden/bcfiles/edk_bcfiles/HardwareManager.bc>:HardwareManagerHandler:371	</harden/bcfiles/edk_bcfiles/HardwareManager.bc>:HardwareManagerHandler:%12
</harden/bcfiles/edk_bcfiles/HardwareManager.bc>:HardwareManagerHandler:374	</harden/bcfiles/edk_bcfiles/HardwareManager.bc>:HardwareManagerHandler:%12
</harden/bcfiles/edk_bcfiles/HardwareManager.bc>:HardwareManagerHandler:381	</harden/bcfiles/edk_bcfiles/HardwareManager.bc>:HardwareManagerHandler:%12
</harden/bcfiles/edk_bcfiles/HardwareManager.bc>:HardwareManagerHandler:384	</harden/bcfiles/edk_bcfiles/HardwareManager.bc>:HardwareManagerHandler:%12
</harden/bcfiles/edk_bcfiles/HardwareManager.bc>:HardwareManagerHandler:391	</harden/bcfiles/edk_bcfiles/HardwareManager.bc>:HardwareManagerHandler:%12
</harden/bcfiles/edk_bcfiles/HardwareManager.bc>:HardwareManagerHandler:394	</harden/bcfiles/edk_bcfiles/HardwareManager.bc>:HardwareManagerHandler:%12
</harden/bcfiles/edk_bcfiles/HardwareManager.bc>:HardwareManagerHandler:397	</harden/bcfiles/edk_bcfiles/HardwareManager.bc>:HardwareManagerHandler:%12
</harden/bcfiles/edk_bcfiles/HardwareManager.bc>:HardwareManagerHandler:405	</harden/bcfiles/edk_bcfiles/HardwareManager.bc>:HardwareManagerHandler:%12
</harden/bcfiles/edk_bcfiles/HardwareManager.bc>:HardwareManagerHandler:409	</harden/bcfiles/edk_bcfiles/HardwareManager.bc>:HardwareManagerHandler:%12
</harden/bcfiles/edk_bcfiles/HardwareManager.bc>:HardwareManagerHandler:418	</harden/bcfiles/edk_bcfiles/HardwareManager.bc>:HardwareManagerHandler:%5
</harden/bcfiles/edk_bcfiles/HardwareManager.bc>:HardwareManagerSetLicense:13	</harden/bcfiles/edk_bcfiles/HardwareManager.bc>:HardwareManagerSetLicense:%7
</harden/bcfiles/edk_bcfiles/HardwareManager.bc>:HardwareManagerSetLicense:15	</harden/bcfiles/edk_bcfiles/HardwareManager.bc>:HardwareManagerSetLicense:%5
</harden/bcfiles/edk_bcfiles/HardwareManager.bc>:HardwareManagerSetLicense:14	</harden/bcfiles/edk_bcfiles/HardwareManager.bc>:HardwareManagerSetLicense:%4
</harden/bcfiles/edk_bcfiles/HardwareManager.bc>:HardwareManagerSetLicense:19	</harden/bcfiles/edk_bcfiles/HardwareManager.bc>:HardwareManagerSetLicense:%3
</harden/bcfiles/edk_bcfiles/HardwareManager.bc>:HardwareManagerSetLicense:16	</harden/bcfiles/edk_bcfiles/HardwareManager.bc>:HardwareManagerSetLicense:%2
</harden/bcfiles/edk_bcfiles/HardwareManager.bc>:HardwareManagerValidateLicense:51	</harden/bcfiles/edk_bcfiles/HardwareManager.bc>:HardwareManagerValidateLicense:%42
</harden/bcfiles/edk_bcfiles/HardwareManager.bc>:HardwareManagerValidateLicense:45	</harden/bcfiles/edk_bcfiles/HardwareManager.bc>:HardwareManagerValidateLicense:%36
</harden/bcfiles/edk_bcfiles/HardwareManager.bc>:HardwareManagerValidateLicense:39	</harden/bcfiles/edk_bcfiles/HardwareManager.bc>:HardwareManagerValidateLicense:%30
</harden/bcfiles/edk_bcfiles/HardwareManager.bc>:HardwareManagerValidateLicense:35	</harden/bcfiles/edk_bcfiles/HardwareManager.bc>:HardwareManagerValidateLicense:%26
</harden/bcfiles/edk_bcfiles/HardwareManager.bc>:HardwareManagerValidateLicense:19	</harden/bcfiles/edk_bcfiles/HardwareManager.bc>:HardwareManagerValidateLicense:%14
</harden/bcfiles/edk_bcfiles/HardwareManager.bc>:HardwareManagerValidateLicense:57	</harden/bcfiles/edk_bcfiles/HardwareManager.bc>:HardwareManagerValidateLicense:%6
</harden/bcfiles/edk_bcfiles/HardwareManager.bc>:HardwareManagerValidateLicense:21	</harden/bcfiles/edk_bcfiles/HardwareManager.bc>:HardwareManagerValidateLicense:%5
</harden/bcfiles/edk_bcfiles/HardwareManager.bc>:HardwareManagerValidateLicense:29	</harden/bcfiles/edk_bcfiles/HardwareManager.bc>:HardwareManagerValidateLicense:%5
</harden/bcfiles/edk_bcfiles/HardwareManager.bc>:HardwareManagerValidateLicense:56	</harden/bcfiles/edk_bcfiles/HardwareManager.bc>:HardwareManagerValidateLicense:%5
</harden/bcfiles/edk_bcfiles/HardwareManager.bc>:HardwareManagerValidateLicense:12	</harden/bcfiles/edk_bcfiles/HardwareManager.bc>:HardwareManagerValidateLicense:%4
</harden/bcfiles/edk_bcfiles/HardwareManager.bc>:HardwareManagerValidateLicense:16	</harden/bcfiles/edk_bcfiles/HardwareManager.bc>:HardwareManagerValidateLicense:%4
</harden/bcfiles/edk_bcfiles/HardwareManager.bc>:HardwareManagerValidateLicense:25	</harden/bcfiles/edk_bcfiles/HardwareManager.bc>:HardwareManagerValidateLicense:%4
</harden/bcfiles/edk_bcfiles/HardwareManager.bc>:HardwareManagerValidateLicense:15	</harden/bcfiles/edk_bcfiles/HardwareManager.bc>:HardwareManagerValidateLicense:%3
</harden/bcfiles/edk_bcfiles/HardwareManager.bc>:HardwareManagerValidateLicense:33	</harden/bcfiles/edk_bcfiles/HardwareManager.bc>:HardwareManagerValidateLicense:%3
</harden/bcfiles/edk_bcfiles/HardwareManager.bc>:HardwareManagerValidateLicense:37	</harden/bcfiles/edk_bcfiles/HardwareManager.bc>:HardwareManagerValidateLicense:%3
</harden/bcfiles/edk_bcfiles/HardwareManager.bc>:HardwareManagerValidateLicense:43	</harden/bcfiles/edk_bcfiles/HardwareManager.bc>:HardwareManagerValidateLicense:%3
</harden/bcfiles/edk_bcfiles/HardwareManager.bc>:HardwareManagerValidateLicense:49	</harden/bcfiles/edk_bcfiles/HardwareManager.bc>:HardwareManagerValidateLicense:%3
</harden/bcfiles/edk_bcfiles/HardwareManager.bc>:HardwareManagerValidateLicense:64	</harden/bcfiles/edk_bcfiles/HardwareManager.bc>:HardwareManagerValidateLicense:%2
</harden/bcfiles/edk_bcfiles/HardwareManager.bc>:HardwareManagerGetLicense:11	</harden/bcfiles/edk_bcfiles/HardwareManager.bc>:HardwareManagerGetLicense:%7
</harden/bcfiles/edk_bcfiles/HardwareManager.bc>:HardwareManagerGetLicense:18	</harden/bcfiles/edk_bcfiles/HardwareManager.bc>:HardwareManagerGetLicense:%5
</harden/bcfiles/edk_bcfiles/HardwareManager.bc>:HardwareManagerGetLicense:15	</harden/bcfiles/edk_bcfiles/HardwareManager.bc>:HardwareManagerGetLicense:%4
</harden/bcfiles/edk_bcfiles/HardwareManager.bc>:HardwareManagerGetLicense:12	</harden/bcfiles/edk_bcfiles/HardwareManager.bc>:HardwareManagerGetLicense:%3
</harden/bcfiles/edk_bcfiles/HardwareManager.bc>:HardwareManagerGetLicense:21	</harden/bcfiles/edk_bcfiles/HardwareManager.bc>:HardwareManagerGetLicense:%3
</harden/bcfiles/edk_bcfiles/HardwareManager.bc>:HardwareManagerGetLicense:27	</harden/bcfiles/edk_bcfiles/HardwareManager.bc>:HardwareManagerGetLicense:%2
</harden/bcfiles/edk_bcfiles/HardwareManager.bc>:HardwareHandlerReadyCallback:39	</harden/bcfiles/edk_bcfiles/HardwareManager.bc>:HardwareHandlerReadyCallback:%32
</harden/bcfiles/edk_bcfiles/HardwareManager.bc>:HardwareHandlerReadyCallback:64	</harden/bcfiles/edk_bcfiles/HardwareManager.bc>:HardwareHandlerReadyCallback:%54
</harden/bcfiles/edk_bcfiles/HardwareManager.bc>:HardwareHandlerReadyCallback:14	</harden/bcfiles/edk_bcfiles/HardwareManager.bc>:HardwareHandlerReadyCallback:%10
</harden/bcfiles/edk_bcfiles/HardwareManager.bc>:HardwareHandlerReadyCallback:17	</harden/bcfiles/edk_bcfiles/HardwareManager.bc>:HardwareHandlerReadyCallback:%8
</harden/bcfiles/edk_bcfiles/HardwareManager.bc>:HardwareHandlerReadyCallback:28	</harden/bcfiles/edk_bcfiles/HardwareManager.bc>:HardwareHandlerReadyCallback:%8
</harden/bcfiles/edk_bcfiles/HardwareManager.bc>:HardwareHandlerReadyCallback:34	</harden/bcfiles/edk_bcfiles/HardwareManager.bc>:HardwareHandlerReadyCallback:%8
</harden/bcfiles/edk_bcfiles/HardwareManager.bc>:HardwareHandlerReadyCallback:42	</harden/bcfiles/edk_bcfiles/HardwareManager.bc>:HardwareHandlerReadyCallback:%8
</harden/bcfiles/edk_bcfiles/HardwareManager.bc>:HardwareHandlerReadyCallback:53	</harden/bcfiles/edk_bcfiles/HardwareManager.bc>:HardwareHandlerReadyCallback:%8
</harden/bcfiles/edk_bcfiles/HardwareManager.bc>:HardwareHandlerReadyCallback:59	</harden/bcfiles/edk_bcfiles/HardwareManager.bc>:HardwareHandlerReadyCallback:%8
</harden/bcfiles/edk_bcfiles/HardwareManager.bc>:HardwareHandlerReadyCallback:67	</harden/bcfiles/edk_bcfiles/HardwareManager.bc>:HardwareHandlerReadyCallback:%8
</harden/bcfiles/edk_bcfiles/HardwareManager.bc>:HardwareHandlerReadyCallback:78	</harden/bcfiles/edk_bcfiles/HardwareManager.bc>:HardwareHandlerReadyCallback:%8
</harden/bcfiles/edk_bcfiles/HardwareManager.bc>:HardwareHandlerReadyCallback:84	</harden/bcfiles/edk_bcfiles/HardwareManager.bc>:HardwareHandlerReadyCallback:%8
</harden/bcfiles/edk_bcfiles/HardwareManager.bc>:HardwareHandlerReadyCallback:89	</harden/bcfiles/edk_bcfiles/HardwareManager.bc>:HardwareHandlerReadyCallback:%4
</harden/bcfiles/edk_bcfiles/HardwareManager.bc>:ProcessFirmwareReadyCallback:14	</harden/bcfiles/edk_bcfiles/HardwareManager.bc>:ProcessFirmwareReadyCallback:%10
</harden/bcfiles/edk_bcfiles/HardwareManager.bc>:ProcessFirmwareReadyCallback:17	</harden/bcfiles/edk_bcfiles/HardwareManager.bc>:ProcessFirmwareReadyCallback:%8
</harden/bcfiles/edk_bcfiles/HardwareManager.bc>:ProcessFirmwareReadyCallback:28	</harden/bcfiles/edk_bcfiles/HardwareManager.bc>:ProcessFirmwareReadyCallback:%8
</harden/bcfiles/edk_bcfiles/HardwareManager.bc>:ProcessFirmwareReadyCallback:34	</harden/bcfiles/edk_bcfiles/HardwareManager.bc>:ProcessFirmwareReadyCallback:%8
</harden/bcfiles/edk_bcfiles/HardwareManager.bc>:ProcessFirmwareReadyCallback:39	</harden/bcfiles/edk_bcfiles/HardwareManager.bc>:ProcessFirmwareReadyCallback:%4
</harden/bcfiles/edk_bcfiles/HardwareManager.bc>:HardwareManagerEntryPoint:122	</harden/bcfiles/edk_bcfiles/HardwareManager.bc>:HardwareManagerEntryPoint:%96
</harden/bcfiles/edk_bcfiles/HardwareManager.bc>:HardwareManagerEntryPoint:69	</harden/bcfiles/edk_bcfiles/HardwareManager.bc>:HardwareManagerEntryPoint:%54
</harden/bcfiles/edk_bcfiles/HardwareManager.bc>:HardwareManagerEntryPoint:45	</harden/bcfiles/edk_bcfiles/HardwareManager.bc>:HardwareManagerEntryPoint:%33
</harden/bcfiles/edk_bcfiles/HardwareManager.bc>:HardwareManagerEntryPoint:21	</harden/bcfiles/edk_bcfiles/HardwareManager.bc>:HardwareManagerEntryPoint:%12
</harden/bcfiles/edk_bcfiles/HardwareManager.bc>:HardwareManagerEntryPoint:96	</harden/bcfiles/edk_bcfiles/HardwareManager.bc>:HardwareManagerEntryPoint:%75
</harden/bcfiles/edk_bcfiles/HardwareManager.bc>:HardwareManagerEntryPoint:24	</harden/bcfiles/edk_bcfiles/HardwareManager.bc>:HardwareManagerEntryPoint:%6
</harden/bcfiles/edk_bcfiles/HardwareManager.bc>:HardwareManagerEntryPoint:40	</harden/bcfiles/edk_bcfiles/HardwareManager.bc>:HardwareManagerEntryPoint:%6
</harden/bcfiles/edk_bcfiles/HardwareManager.bc>:HardwareManagerEntryPoint:48	</harden/bcfiles/edk_bcfiles/HardwareManager.bc>:HardwareManagerEntryPoint:%6
</harden/bcfiles/edk_bcfiles/HardwareManager.bc>:HardwareManagerEntryPoint:64	</harden/bcfiles/edk_bcfiles/HardwareManager.bc>:HardwareManagerEntryPoint:%6
</harden/bcfiles/edk_bcfiles/HardwareManager.bc>:HardwareManagerEntryPoint:72	</harden/bcfiles/edk_bcfiles/HardwareManager.bc>:HardwareManagerEntryPoint:%6
</harden/bcfiles/edk_bcfiles/HardwareManager.bc>:HardwareManagerEntryPoint:88	</harden/bcfiles/edk_bcfiles/HardwareManager.bc>:HardwareManagerEntryPoint:%6
</harden/bcfiles/edk_bcfiles/HardwareManager.bc>:HardwareManagerEntryPoint:99	</harden/bcfiles/edk_bcfiles/HardwareManager.bc>:HardwareManagerEntryPoint:%6
</harden/bcfiles/edk_bcfiles/HardwareManager.bc>:HardwareManagerEntryPoint:117	</harden/bcfiles/edk_bcfiles/HardwareManager.bc>:HardwareManagerEntryPoint:%6
</harden/bcfiles/edk_bcfiles/HardwareManager.bc>:HardwareManagerEntryPoint:125	</harden/bcfiles/edk_bcfiles/HardwareManager.bc>:HardwareManagerEntryPoint:%6
</harden/bcfiles/edk_bcfiles/HardwareManager.bc>:HardwareManagerEntryPoint:136	</harden/bcfiles/edk_bcfiles/HardwareManager.bc>:HardwareManagerEntryPoint:%6
</harden/bcfiles/edk_bcfiles/HardwareManager.bc>:HardwareManagerEntryPoint:142	</harden/bcfiles/edk_bcfiles/HardwareManager.bc>:HardwareManagerEntryPoint:%6
</harden/bcfiles/edk_bcfiles/HardwareManager.bc>:HardwareManagerEntryPoint:145	</harden/bcfiles/edk_bcfiles/HardwareManager.bc>:HardwareManagerEntryPoint:%6
</harden/bcfiles/edk_bcfiles/HardwareManager.bc>:HardwareManagerEntryPoint:148	</harden/bcfiles/edk_bcfiles/HardwareManager.bc>:HardwareManagerEntryPoint:%3
</harden/bcfiles/edk_bcfiles/HardwareManager.bc>:HardwareManagerHandler:113	</harden/bcfiles/edk_bcfiles/HardwareManager.bc>:HardwareManagerHandler:113:0:@mLedController
</harden/bcfiles/edk_bcfiles/HardwareManager.bc>:HardwareManagerHandler:127	</harden/bcfiles/edk_bcfiles/HardwareManager.bc>:HardwareManagerHandler:127:0:@mLedController
</harden/bcfiles/edk_bcfiles/HardwareManager.bc>:HardwareManagerHandler:144	</harden/bcfiles/edk_bcfiles/HardwareManager.bc>:HardwareManagerHandler:144:0:@mLedController
</harden/bcfiles/edk_bcfiles/HardwareManager.bc>:HardwareManagerHandler:161	</harden/bcfiles/edk_bcfiles/HardwareManager.bc>:HardwareManagerHandler:161:0:@mLedController
</harden/bcfiles/edk_bcfiles/HardwareManager.bc>:HardwareManagerHandler:175	</harden/bcfiles/edk_bcfiles/HardwareManager.bc>:HardwareManagerHandler:175:0:@mThermalSensor
</harden/bcfiles/edk_bcfiles/HardwareManager.bc>:HardwareManagerHandler:188	</harden/bcfiles/edk_bcfiles/HardwareManager.bc>:HardwareManagerHandler:188:0:@mThermalSensor
</harden/bcfiles/edk_bcfiles/HardwareManager.bc>:HardwareManagerHandler:202	</harden/bcfiles/edk_bcfiles/HardwareManager.bc>:HardwareManagerHandler:202:0:@mThermalSensor
</harden/bcfiles/edk_bcfiles/HardwareManager.bc>:HardwareManagerHandler:215	</harden/bcfiles/edk_bcfiles/HardwareManager.bc>:HardwareManagerHandler:215:0:@mThermalSensor
</harden/bcfiles/edk_bcfiles/HardwareManager.bc>:HardwareManagerHandler:229	</harden/bcfiles/edk_bcfiles/HardwareManager.bc>:HardwareManagerHandler:229:0:@mFanController
</harden/bcfiles/edk_bcfiles/HardwareManager.bc>:HardwareManagerHandler:243	</harden/bcfiles/edk_bcfiles/HardwareManager.bc>:HardwareManagerHandler:243:0:@mFanController
</harden/bcfiles/edk_bcfiles/HardwareManager.bc>:HardwareManagerHandler:256	</harden/bcfiles/edk_bcfiles/HardwareManager.bc>:HardwareManagerHandler:256:0:@mFanController
</harden/bcfiles/edk_bcfiles/HardwareManager.bc>:HardwareManagerHandler:270	</harden/bcfiles/edk_bcfiles/HardwareManager.bc>:HardwareManagerHandler:270:0:@mFanController
</harden/bcfiles/edk_bcfiles/HardwareManager.bc>:HardwareManagerHandler:286	</harden/bcfiles/edk_bcfiles/HardwareManager.bc>:HardwareManagerHandler:286:0:@mProcessFirmware
</harden/bcfiles/edk_bcfiles/HardwareManager.bc>:HardwareManagerHandler:296	</harden/bcfiles/edk_bcfiles/HardwareManager.bc>:HardwareManagerHandler:296:0:@mProcessFirmware
</harden/bcfiles/edk_bcfiles/HardwareManager.bc>:HardwareManagerHandler:309	</harden/bcfiles/edk_bcfiles/HardwareManager.bc>:HardwareManagerHandler:309:0:@mProcessFirmware
</harden/bcfiles/edk_bcfiles/HardwareManager.bc>:HardwareManagerHandler:319	</harden/bcfiles/edk_bcfiles/HardwareManager.bc>:HardwareManagerHandler:319:0:@mProcessFirmware
</harden/bcfiles/edk_bcfiles/HardwareManager.bc>:HardwareManagerHandler:332	</harden/bcfiles/edk_bcfiles/HardwareManager.bc>:HardwareManagerHandler:332:0:@mProcessFirmware
</harden/bcfiles/edk_bcfiles/HardwareManager.bc>:HardwareManagerHandler:342	</harden/bcfiles/edk_bcfiles/HardwareManager.bc>:HardwareManagerHandler:342:0:@mProcessFirmware
</harden/bcfiles/edk_bcfiles/HardwareManager.bc>:HardwareManagerHandler:355	</harden/bcfiles/edk_bcfiles/HardwareManager.bc>:HardwareManagerHandler:355:0:@mProcessFirmware
</harden/bcfiles/edk_bcfiles/HardwareManager.bc>:HardwareManagerHandler:365	</harden/bcfiles/edk_bcfiles/HardwareManager.bc>:HardwareManagerHandler:365:0:@mProcessFirmware
</harden/bcfiles/edk_bcfiles/HardwareManager.bc>:HardwareManagerHandler:378	</harden/bcfiles/edk_bcfiles/HardwareManager.bc>:HardwareManagerHandler:378:0:@mProcessFirmware
</harden/bcfiles/edk_bcfiles/HardwareManager.bc>:HardwareManagerHandler:388	</harden/bcfiles/edk_bcfiles/HardwareManager.bc>:HardwareManagerHandler:388:0:@mProcessFirmware
</harden/bcfiles/edk_bcfiles/HardwareManager.bc>:HardwareManagerSetLicense:11	</harden/bcfiles/edk_bcfiles/HardwareManager.bc>:HardwareManagerSetLicense:11:0:@SmmVariableProtocol
</harden/bcfiles/edk_bcfiles/HardwareManager.bc>:HardwareManagerGetLicense:9	</harden/bcfiles/edk_bcfiles/HardwareManager.bc>:HardwareManagerGetLicense:9:0:@SmmVariableProtocol
</harden/bcfiles/edk_bcfiles/HardwareManager.bc>:HardwareHandlerReadyCallback:12	</harden/bcfiles/edk_bcfiles/HardwareManager.bc>:HardwareHandlerReadyCallback:12:0:@gSmst
</harden/bcfiles/edk_bcfiles/HardwareManager.bc>:HardwareHandlerReadyCallback:37	</harden/bcfiles/edk_bcfiles/HardwareManager.bc>:HardwareHandlerReadyCallback:37:0:@gSmst
</harden/bcfiles/edk_bcfiles/HardwareManager.bc>:HardwareHandlerReadyCallback:62	</harden/bcfiles/edk_bcfiles/HardwareManager.bc>:HardwareHandlerReadyCallback:62:0:@gSmst
</harden/bcfiles/edk_bcfiles/HardwareManager.bc>:ProcessFirmwareReadyCallback:12	</harden/bcfiles/edk_bcfiles/HardwareManager.bc>:ProcessFirmwareReadyCallback:12:0:@gSmst
</harden/bcfiles/edk_bcfiles/HardwareManager.bc>:HardwareManagerEntryPoint:19	</harden/bcfiles/edk_bcfiles/HardwareManager.bc>:HardwareManagerEntryPoint:19:0:@gMmst
</harden/bcfiles/edk_bcfiles/HardwareManager.bc>:HardwareManagerEntryPoint:43	</harden/bcfiles/edk_bcfiles/HardwareManager.bc>:HardwareManagerEntryPoint:43:0:@gMmst
</harden/bcfiles/edk_bcfiles/HardwareManager.bc>:HardwareManagerEntryPoint:67	</harden/bcfiles/edk_bcfiles/HardwareManager.bc>:HardwareManagerEntryPoint:67:0:@gSmst
</harden/bcfiles/edk_bcfiles/HardwareManager.bc>:HardwareManagerEntryPoint:94	</harden/bcfiles/edk_bcfiles/HardwareManager.bc>:HardwareManagerEntryPoint:94:0:@gSmst
</harden/bcfiles/edk_bcfiles/HardwareManager.bc>:HardwareManagerEntryPoint:120	</harden/bcfiles/edk_bcfiles/HardwareManager.bc>:HardwareManagerEntryPoint:120:0:@gMmst
