</harden/bcfiles/edk_bcfiles/HardwareManager.bc>:HardwareManagerHandler:%361	</harden/bcfiles/edk_bcfiles/HardwareManager.bc>:HardwareManagerHandler:%359	</harden/bcfiles/edk_bcfiles/HardwareManager.bc>:HardwareManagerHandler:399
</harden/bcfiles/edk_bcfiles/HardwareManager.bc>:HardwareManagerHandler:%349	</harden/bcfiles/edk_bcfiles/HardwareManager.bc>:HardwareManagerHandler:%347	</harden/bcfiles/edk_bcfiles/HardwareManager.bc>:HardwareManagerHandler:386
</harden/bcfiles/edk_bcfiles/HardwareManager.bc>:HardwareManagerHandler:%340	</harden/bcfiles/edk_bcfiles/HardwareManager.bc>:HardwareManagerHandler:%338	</harden/bcfiles/edk_bcfiles/HardwareManager.bc>:HardwareManagerHandler:376
</harden/bcfiles/edk_bcfiles/HardwareManager.bc>:HardwareManagerHandler:%328	</harden/bcfiles/edk_bcfiles/HardwareManager.bc>:HardwareManagerHandler:%326	</harden/bcfiles/edk_bcfiles/HardwareManager.bc>:HardwareManagerHandler:363
</harden/bcfiles/edk_bcfiles/HardwareManager.bc>:HardwareManagerHandler:%277	</harden/bcfiles/edk_bcfiles/HardwareManager.bc>:HardwareManagerHandler:%275	</harden/bcfiles/edk_bcfiles/HardwareManager.bc>:HardwareManagerHandler:307
</harden/bcfiles/edk_bcfiles/HardwareManager.bc>:HardwareManagerHandler:%256	</harden/bcfiles/edk_bcfiles/HardwareManager.bc>:HardwareManagerHandler:%254	</harden/bcfiles/edk_bcfiles/HardwareManager.bc>:HardwareManagerHandler:284
</harden/bcfiles/edk_bcfiles/HardwareManager.bc>:HardwareManagerHandler:%241	</harden/bcfiles/edk_bcfiles/HardwareManager.bc>:HardwareManagerHandler:%239	</harden/bcfiles/edk_bcfiles/HardwareManager.bc>:HardwareManagerHandler:268
</harden/bcfiles/edk_bcfiles/HardwareManager.bc>:HardwareManagerHandler:%265	</harden/bcfiles/edk_bcfiles/HardwareManager.bc>:HardwareManagerHandler:%263	</harden/bcfiles/edk_bcfiles/HardwareManager.bc>:HardwareManagerHandler:294
</harden/bcfiles/edk_bcfiles/HardwareManager.bc>:HardwareManagerHandler:%286	</harden/bcfiles/edk_bcfiles/HardwareManager.bc>:HardwareManagerHandler:%284	</harden/bcfiles/edk_bcfiles/HardwareManager.bc>:HardwareManagerHandler:317
</harden/bcfiles/edk_bcfiles/HardwareManager.bc>:HardwareManagerHandler:%203	</harden/bcfiles/edk_bcfiles/HardwareManager.bc>:HardwareManagerHandler:%201	</harden/bcfiles/edk_bcfiles/HardwareManager.bc>:HardwareManagerHandler:227
</harden/bcfiles/edk_bcfiles/HardwareManager.bc>:HardwareManagerHandler:%368	</harden/bcfiles/edk_bcfiles/HardwareManager.bc>:HardwareManagerHandler:%366	</harden/bcfiles/edk_bcfiles/HardwareManager.bc>:HardwareManagerHandler:407
</harden/bcfiles/edk_bcfiles/HardwareManager.bc>:HardwareManagerHandler:%140	</harden/bcfiles/edk_bcfiles/HardwareManager.bc>:HardwareManagerHandler:%138	</harden/bcfiles/edk_bcfiles/HardwareManager.bc>:HardwareManagerHandler:159
</harden/bcfiles/edk_bcfiles/HardwareManager.bc>:HardwareManagerHandler:%307	</harden/bcfiles/edk_bcfiles/HardwareManager.bc>:HardwareManagerHandler:%305	</harden/bcfiles/edk_bcfiles/HardwareManager.bc>:HardwareManagerHandler:340
</harden/bcfiles/edk_bcfiles/HardwareManager.bc>:HardwareManagerHandler:%124	</harden/bcfiles/edk_bcfiles/HardwareManager.bc>:HardwareManagerHandler:%122	</harden/bcfiles/edk_bcfiles/HardwareManager.bc>:HardwareManagerHandler:142
</harden/bcfiles/edk_bcfiles/HardwareManager.bc>:HardwareManagerHandler:%108	</harden/bcfiles/edk_bcfiles/HardwareManager.bc>:HardwareManagerHandler:%106	</harden/bcfiles/edk_bcfiles/HardwareManager.bc>:HardwareManagerHandler:125
</harden/bcfiles/edk_bcfiles/HardwareManager.bc>:HardwareManagerHandler:%165	</harden/bcfiles/edk_bcfiles/HardwareManager.bc>:HardwareManagerHandler:%163	</harden/bcfiles/edk_bcfiles/HardwareManager.bc>:HardwareManagerHandler:186
</harden/bcfiles/edk_bcfiles/HardwareManager.bc>:HardwareManagerHandler:%298	</harden/bcfiles/edk_bcfiles/HardwareManager.bc>:HardwareManagerHandler:%296	</harden/bcfiles/edk_bcfiles/HardwareManager.bc>:HardwareManagerHandler:330
</harden/bcfiles/edk_bcfiles/HardwareManager.bc>:HardwareManagerHandler:%228	</harden/bcfiles/edk_bcfiles/HardwareManager.bc>:HardwareManagerHandler:%226	</harden/bcfiles/edk_bcfiles/HardwareManager.bc>:HardwareManagerHandler:254
</harden/bcfiles/edk_bcfiles/HardwareManager.bc>:HardwareManagerHandler:%75	</harden/bcfiles/edk_bcfiles/HardwareManager.bc>:HardwareManagerHandler:%73	</harden/bcfiles/edk_bcfiles/HardwareManager.bc>:HardwareManagerHandler:90
</harden/bcfiles/edk_bcfiles/HardwareManager.bc>:HardwareManagerHandler:%65	</harden/bcfiles/edk_bcfiles/HardwareManager.bc>:HardwareManagerHandler:%63	</harden/bcfiles/edk_bcfiles/HardwareManager.bc>:HardwareManagerHandler:79
</harden/bcfiles/edk_bcfiles/HardwareManager.bc>:HardwareManagerHandler:%153	</harden/bcfiles/edk_bcfiles/HardwareManager.bc>:HardwareManagerHandler:%151	</harden/bcfiles/edk_bcfiles/HardwareManager.bc>:HardwareManagerHandler:173
</harden/bcfiles/edk_bcfiles/HardwareManager.bc>:HardwareManagerHandler:%216	</harden/bcfiles/edk_bcfiles/HardwareManager.bc>:HardwareManagerHandler:%214	</harden/bcfiles/edk_bcfiles/HardwareManager.bc>:HardwareManagerHandler:241
</harden/bcfiles/edk_bcfiles/HardwareManager.bc>:HardwareManagerHandler:%178	</harden/bcfiles/edk_bcfiles/HardwareManager.bc>:HardwareManagerHandler:%176	</harden/bcfiles/edk_bcfiles/HardwareManager.bc>:HardwareManagerHandler:200
</harden/bcfiles/edk_bcfiles/HardwareManager.bc>:HardwareManagerHandler:%25	</harden/bcfiles/edk_bcfiles/HardwareManager.bc>:HardwareManagerHandler:%29	</harden/bcfiles/edk_bcfiles/HardwareManager.bc>:HardwareManagerHandler:39
</harden/bcfiles/edk_bcfiles/HardwareManager.bc>:HardwareManagerHandler:%319	</harden/bcfiles/edk_bcfiles/HardwareManager.bc>:HardwareManagerHandler:%317	</harden/bcfiles/edk_bcfiles/HardwareManager.bc>:HardwareManagerHandler:353
</harden/bcfiles/edk_bcfiles/HardwareManager.bc>:HardwareManagerHandler:%83	</harden/bcfiles/edk_bcfiles/HardwareManager.bc>:HardwareManagerHandler:%88	</harden/bcfiles/edk_bcfiles/HardwareManager.bc>:HardwareManagerHandler:104
</harden/bcfiles/edk_bcfiles/HardwareManager.bc>:HardwareManagerHandler:%190	</harden/bcfiles/edk_bcfiles/HardwareManager.bc>:HardwareManagerHandler:%188	</harden/bcfiles/edk_bcfiles/HardwareManager.bc>:HardwareManagerHandler:213
</harden/bcfiles/edk_bcfiles/HardwareManager.bc>:HardwareManagerHandler:%11	</harden/bcfiles/edk_bcfiles/HardwareManager.bc>:HardwareManagerHandler:%21	</harden/bcfiles/edk_bcfiles/HardwareManager.bc>:HardwareManagerHandler:29
</harden/bcfiles/edk_bcfiles/HardwareManager.bc>:HardwareManagerHandler:%9	</harden/bcfiles/edk_bcfiles/HardwareManager.bc>:HardwareManagerHandler:%3	</harden/bcfiles/edk_bcfiles/HardwareManager.bc>:HardwareManagerHandler:14
</harden/bcfiles/edk_bcfiles/HardwareManager.bc>:HardwareManagerHandler:%8	</harden/bcfiles/edk_bcfiles/HardwareManager.bc>:HardwareManagerHandler:%2	</harden/bcfiles/edk_bcfiles/HardwareManager.bc>:HardwareManagerHandler:12
</harden/bcfiles/edk_bcfiles/HardwareManager.bc>:HardwareManagerHandler:%6	</harden/bcfiles/edk_bcfiles/HardwareManager.bc>:HardwareManagerHandler:%0	</harden/bcfiles/edk_bcfiles/HardwareManager.bc>:HardwareManagerHandler:8
</harden/bcfiles/edk_bcfiles/HardwareManager.bc>:HardwareManagerHandler:%12	</harden/bcfiles/edk_bcfiles/HardwareManager.bc>:HardwareManagerHandler:%23	</harden/bcfiles/edk_bcfiles/HardwareManager.bc>:HardwareManagerHandler:32
</harden/bcfiles/edk_bcfiles/HardwareManager.bc>:HardwareManagerHandler:%7	</harden/bcfiles/edk_bcfiles/HardwareManager.bc>:HardwareManagerHandler:%1	</harden/bcfiles/edk_bcfiles/HardwareManager.bc>:HardwareManagerHandler:10
</harden/bcfiles/edk_bcfiles/HardwareManager.bc>:HardwareManagerSetLicense:%3	</harden/bcfiles/edk_bcfiles/HardwareManager.bc>:HardwareManagerSetLicense:%12	</harden/bcfiles/edk_bcfiles/HardwareManager.bc>:HardwareManagerSetLicense:18
</harden/bcfiles/edk_bcfiles/HardwareManager.bc>:HardwareManagerSetLicense:%2	</harden/bcfiles/edk_bcfiles/HardwareManager.bc>:HardwareManagerSetLicense:%0	</harden/bcfiles/edk_bcfiles/HardwareManager.bc>:HardwareManagerSetLicense:4
</harden/bcfiles/edk_bcfiles/HardwareManager.bc>:HardwareManagerValidateLicense:%6	</harden/bcfiles/edk_bcfiles/HardwareManager.bc>:HardwareManagerValidateLicense:%46	</harden/bcfiles/edk_bcfiles/HardwareManager.bc>:HardwareManagerValidateLicense:55
</harden/bcfiles/edk_bcfiles/HardwareManager.bc>:HardwareManagerValidateLicense:%5	</harden/bcfiles/edk_bcfiles/HardwareManager.bc>:HardwareManagerValidateLicense:%24	</harden/bcfiles/edk_bcfiles/HardwareManager.bc>:HardwareManagerValidateLicense:31
</harden/bcfiles/edk_bcfiles/HardwareManager.bc>:HardwareManagerValidateLicense:%4	</harden/bcfiles/edk_bcfiles/HardwareManager.bc>:HardwareManagerValidateLicense:%21	</harden/bcfiles/edk_bcfiles/HardwareManager.bc>:HardwareManagerValidateLicense:27
</harden/bcfiles/edk_bcfiles/HardwareManager.bc>:HardwareManagerValidateLicense:%5	</harden/bcfiles/edk_bcfiles/HardwareManager.bc>:HardwareManagerValidateLicense:%18	</harden/bcfiles/edk_bcfiles/HardwareManager.bc>:HardwareManagerValidateLicense:23
</harden/bcfiles/edk_bcfiles/HardwareManager.bc>:HardwareManagerValidateLicense:%3	</harden/bcfiles/edk_bcfiles/HardwareManager.bc>:HardwareManagerValidateLicense:%0	</harden/bcfiles/edk_bcfiles/HardwareManager.bc>:HardwareManagerValidateLicense:5
</harden/bcfiles/edk_bcfiles/HardwareManager.bc>:HardwareManagerGetLicense:%4	</harden/bcfiles/edk_bcfiles/HardwareManager.bc>:HardwareManagerGetLicense:%10	</harden/bcfiles/edk_bcfiles/HardwareManager.bc>:HardwareManagerGetLicense:14
</harden/bcfiles/edk_bcfiles/HardwareManager.bc>:HardwareManagerGetLicense:%3	</harden/bcfiles/edk_bcfiles/HardwareManager.bc>:HardwareManagerGetLicense:%0	</harden/bcfiles/edk_bcfiles/HardwareManager.bc>:HardwareManagerGetLicense:4
</harden/bcfiles/edk_bcfiles/HardwareManager.bc>:HardwareHandlerReadyCallback:%4	</harden/bcfiles/edk_bcfiles/HardwareManager.bc>:HardwareHandlerReadyCallback:%73	</harden/bcfiles/edk_bcfiles/HardwareManager.bc>:HardwareHandlerReadyCallback:85
</harden/bcfiles/edk_bcfiles/HardwareManager.bc>:HardwareHandlerReadyCallback:%8	</harden/bcfiles/edk_bcfiles/HardwareManager.bc>:HardwareHandlerReadyCallback:%56	</harden/bcfiles/edk_bcfiles/HardwareManager.bc>:HardwareHandlerReadyCallback:66
</harden/bcfiles/edk_bcfiles/HardwareManager.bc>:HardwareHandlerReadyCallback:%4	</harden/bcfiles/edk_bcfiles/HardwareManager.bc>:HardwareHandlerReadyCallback:%51	</harden/bcfiles/edk_bcfiles/HardwareManager.bc>:HardwareHandlerReadyCallback:60
</harden/bcfiles/edk_bcfiles/HardwareManager.bc>:HardwareHandlerReadyCallback:%4	</harden/bcfiles/edk_bcfiles/HardwareManager.bc>:HardwareHandlerReadyCallback:%29	</harden/bcfiles/edk_bcfiles/HardwareManager.bc>:HardwareHandlerReadyCallback:35
</harden/bcfiles/edk_bcfiles/HardwareManager.bc>:HardwareHandlerReadyCallback:%8	</harden/bcfiles/edk_bcfiles/HardwareManager.bc>:HardwareHandlerReadyCallback:%34	</harden/bcfiles/edk_bcfiles/HardwareManager.bc>:HardwareHandlerReadyCallback:41
</harden/bcfiles/edk_bcfiles/HardwareManager.bc>:HardwareHandlerReadyCallback:%8	</harden/bcfiles/edk_bcfiles/HardwareManager.bc>:HardwareHandlerReadyCallback:%12	</harden/bcfiles/edk_bcfiles/HardwareManager.bc>:HardwareHandlerReadyCallback:16
</harden/bcfiles/edk_bcfiles/HardwareManager.bc>:HardwareHandlerReadyCallback:%7	</harden/bcfiles/edk_bcfiles/HardwareManager.bc>:HardwareHandlerReadyCallback:%2	</harden/bcfiles/edk_bcfiles/HardwareManager.bc>:HardwareHandlerReadyCallback:9
</harden/bcfiles/edk_bcfiles/HardwareManager.bc>:HardwareHandlerReadyCallback:%6	</harden/bcfiles/edk_bcfiles/HardwareManager.bc>:HardwareHandlerReadyCallback:%1	</harden/bcfiles/edk_bcfiles/HardwareManager.bc>:HardwareHandlerReadyCallback:7
</harden/bcfiles/edk_bcfiles/HardwareManager.bc>:HardwareHandlerReadyCallback:%5	</harden/bcfiles/edk_bcfiles/HardwareManager.bc>:HardwareHandlerReadyCallback:%0	</harden/bcfiles/edk_bcfiles/HardwareManager.bc>:HardwareHandlerReadyCallback:5
</harden/bcfiles/edk_bcfiles/HardwareManager.bc>:ProcessFirmwareReadyCallback:%4	</harden/bcfiles/edk_bcfiles/HardwareManager.bc>:ProcessFirmwareReadyCallback:%29	</harden/bcfiles/edk_bcfiles/HardwareManager.bc>:ProcessFirmwareReadyCallback:35
</harden/bcfiles/edk_bcfiles/HardwareManager.bc>:ProcessFirmwareReadyCallback:%8	</harden/bcfiles/edk_bcfiles/HardwareManager.bc>:ProcessFirmwareReadyCallback:%12	</harden/bcfiles/edk_bcfiles/HardwareManager.bc>:ProcessFirmwareReadyCallback:16
</harden/bcfiles/edk_bcfiles/HardwareManager.bc>:ProcessFirmwareReadyCallback:%7	</harden/bcfiles/edk_bcfiles/HardwareManager.bc>:ProcessFirmwareReadyCallback:%2	</harden/bcfiles/edk_bcfiles/HardwareManager.bc>:ProcessFirmwareReadyCallback:9
</harden/bcfiles/edk_bcfiles/HardwareManager.bc>:ProcessFirmwareReadyCallback:%6	</harden/bcfiles/edk_bcfiles/HardwareManager.bc>:ProcessFirmwareReadyCallback:%1	</harden/bcfiles/edk_bcfiles/HardwareManager.bc>:ProcessFirmwareReadyCallback:7
</harden/bcfiles/edk_bcfiles/HardwareManager.bc>:ProcessFirmwareReadyCallback:%5	</harden/bcfiles/edk_bcfiles/HardwareManager.bc>:ProcessFirmwareReadyCallback:%0	</harden/bcfiles/edk_bcfiles/HardwareManager.bc>:ProcessFirmwareReadyCallback:5
</harden/bcfiles/edk_bcfiles/HardwareManager.bc>:HardwareManagerEntryPoint:%3	</harden/bcfiles/edk_bcfiles/HardwareManager.bc>:HardwareManagerEntryPoint:%115	</harden/bcfiles/edk_bcfiles/HardwareManager.bc>:HardwareManagerEntryPoint:143
</harden/bcfiles/edk_bcfiles/HardwareManager.bc>:HardwareManagerEntryPoint:%6	</harden/bcfiles/edk_bcfiles/HardwareManager.bc>:HardwareManagerEntryPoint:%98	</harden/bcfiles/edk_bcfiles/HardwareManager.bc>:HardwareManagerEntryPoint:124
</harden/bcfiles/edk_bcfiles/HardwareManager.bc>:HardwareManagerEntryPoint:%3	</harden/bcfiles/edk_bcfiles/HardwareManager.bc>:HardwareManagerEntryPoint:%93	</harden/bcfiles/edk_bcfiles/HardwareManager.bc>:HardwareManagerEntryPoint:118
</harden/bcfiles/edk_bcfiles/HardwareManager.bc>:HardwareManagerEntryPoint:%6	</harden/bcfiles/edk_bcfiles/HardwareManager.bc>:HardwareManagerEntryPoint:%77	</harden/bcfiles/edk_bcfiles/HardwareManager.bc>:HardwareManagerEntryPoint:98
</harden/bcfiles/edk_bcfiles/HardwareManager.bc>:HardwareManagerEntryPoint:%3	</harden/bcfiles/edk_bcfiles/HardwareManager.bc>:HardwareManagerEntryPoint:%72	</harden/bcfiles/edk_bcfiles/HardwareManager.bc>:HardwareManagerEntryPoint:89
</harden/bcfiles/edk_bcfiles/HardwareManager.bc>:HardwareManagerEntryPoint:%3	</harden/bcfiles/edk_bcfiles/HardwareManager.bc>:HardwareManagerEntryPoint:%117	</harden/bcfiles/edk_bcfiles/HardwareManager.bc>:HardwareManagerEntryPoint:146
</harden/bcfiles/edk_bcfiles/HardwareManager.bc>:HardwareManagerEntryPoint:%6	</harden/bcfiles/edk_bcfiles/HardwareManager.bc>:HardwareManagerEntryPoint:%56	</harden/bcfiles/edk_bcfiles/HardwareManager.bc>:HardwareManagerEntryPoint:71
</harden/bcfiles/edk_bcfiles/HardwareManager.bc>:HardwareManagerEntryPoint:%3	</harden/bcfiles/edk_bcfiles/HardwareManager.bc>:HardwareManagerEntryPoint:%51	</harden/bcfiles/edk_bcfiles/HardwareManager.bc>:HardwareManagerEntryPoint:65
</harden/bcfiles/edk_bcfiles/HardwareManager.bc>:HardwareManagerEntryPoint:%6	</harden/bcfiles/edk_bcfiles/HardwareManager.bc>:HardwareManagerEntryPoint:%35	</harden/bcfiles/edk_bcfiles/HardwareManager.bc>:HardwareManagerEntryPoint:47
</harden/bcfiles/edk_bcfiles/HardwareManager.bc>:HardwareManagerEntryPoint:%3	</harden/bcfiles/edk_bcfiles/HardwareManager.bc>:HardwareManagerEntryPoint:%30	</harden/bcfiles/edk_bcfiles/HardwareManager.bc>:HardwareManagerEntryPoint:41
</harden/bcfiles/edk_bcfiles/HardwareManager.bc>:HardwareManagerEntryPoint:%6	</harden/bcfiles/edk_bcfiles/HardwareManager.bc>:HardwareManagerEntryPoint:%14	</harden/bcfiles/edk_bcfiles/HardwareManager.bc>:HardwareManagerEntryPoint:23
</harden/bcfiles/edk_bcfiles/HardwareManager.bc>:HardwareManagerEntryPoint:%5	</harden/bcfiles/edk_bcfiles/HardwareManager.bc>:HardwareManagerEntryPoint:%1	</harden/bcfiles/edk_bcfiles/HardwareManager.bc>:HardwareManagerEntryPoint:10
</harden/bcfiles/edk_bcfiles/HardwareManager.bc>:HardwareManagerEntryPoint:%4	</harden/bcfiles/edk_bcfiles/HardwareManager.bc>:HardwareManagerEntryPoint:%0	</harden/bcfiles/edk_bcfiles/HardwareManager.bc>:HardwareManagerEntryPoint:8
</harden/bcfiles/edk_bcfiles/HardwareManager.bc>:HardwareManagerHandler:%5	</harden/bcfiles/edk_bcfiles/HardwareManager.bc>:HardwareManagerHandler:25:0:-9223372036854775806	</harden/bcfiles/edk_bcfiles/HardwareManager.bc>:HardwareManagerHandler:25
</harden/bcfiles/edk_bcfiles/HardwareManager.bc>:HardwareManagerHandler:%41	</harden/bcfiles/edk_bcfiles/HardwareManager.bc>:HardwareManagerHandler:51:0:-9223372036854775806	</harden/bcfiles/edk_bcfiles/HardwareManager.bc>:HardwareManagerHandler:51
</harden/bcfiles/edk_bcfiles/HardwareManager.bc>:HardwareManagerHandler:%5	</harden/bcfiles/edk_bcfiles/HardwareManager.bc>:HardwareManagerHandler:52:0:0	</harden/bcfiles/edk_bcfiles/HardwareManager.bc>:HardwareManagerHandler:52
</harden/bcfiles/edk_bcfiles/HardwareManager.bc>:HardwareManagerHandler:%53	</harden/bcfiles/edk_bcfiles/HardwareManager.bc>:HardwareManagerHandler:65:0:-9223372036854775806	</harden/bcfiles/edk_bcfiles/HardwareManager.bc>:HardwareManagerHandler:65
</harden/bcfiles/edk_bcfiles/HardwareManager.bc>:HardwareManagerHandler:%5	</harden/bcfiles/edk_bcfiles/HardwareManager.bc>:HardwareManagerHandler:66:0:0	</harden/bcfiles/edk_bcfiles/HardwareManager.bc>:HardwareManagerHandler:66
</harden/bcfiles/edk_bcfiles/HardwareManager.bc>:HardwareManagerHandler:%92	</harden/bcfiles/edk_bcfiles/HardwareManager.bc>:HardwareManagerHandler:108:0:0	</harden/bcfiles/edk_bcfiles/HardwareManager.bc>:HardwareManagerHandler:108
</harden/bcfiles/edk_bcfiles/HardwareManager.bc>:HardwareManagerHandler:%371	</harden/bcfiles/edk_bcfiles/HardwareManager.bc>:HardwareManagerHandler:411:0:-9223372036854775805	</harden/bcfiles/edk_bcfiles/HardwareManager.bc>:HardwareManagerHandler:411
</harden/bcfiles/edk_bcfiles/HardwareManager.bc>:HardwareManagerHandler:%5	</harden/bcfiles/edk_bcfiles/HardwareManager.bc>:HardwareManagerHandler:416:0:0	</harden/bcfiles/edk_bcfiles/HardwareManager.bc>:HardwareManagerHandler:416
</harden/bcfiles/edk_bcfiles/HardwareManager.bc>:HardwareManagerSetLicense:%5	</harden/bcfiles/edk_bcfiles/HardwareManager.bc>:HardwareManagerSetLicense:9:0:64	</harden/bcfiles/edk_bcfiles/HardwareManager.bc>:HardwareManagerSetLicense:9
</harden/bcfiles/edk_bcfiles/HardwareManager.bc>:HardwareManagerSetLicense:%4	</harden/bcfiles/edk_bcfiles/HardwareManager.bc>:HardwareManagerSetLicense:10:0:7	</harden/bcfiles/edk_bcfiles/HardwareManager.bc>:HardwareManagerSetLicense:10
</harden/bcfiles/edk_bcfiles/HardwareManager.bc>:HardwareManagerValidateLicense:%5	</harden/bcfiles/edk_bcfiles/HardwareManager.bc>:HardwareManagerValidateLicense:9:0:0	</harden/bcfiles/edk_bcfiles/HardwareManager.bc>:HardwareManagerValidateLicense:9
</harden/bcfiles/edk_bcfiles/HardwareManager.bc>:HardwareManagerValidateLicense:%4	</harden/bcfiles/edk_bcfiles/HardwareManager.bc>:HardwareManagerValidateLicense:10:0:0	</harden/bcfiles/edk_bcfiles/HardwareManager.bc>:HardwareManagerValidateLicense:10
</harden/bcfiles/edk_bcfiles/HardwareManager.bc>:HardwareManagerValidateLicense:%2	</harden/bcfiles/edk_bcfiles/HardwareManager.bc>:HardwareManagerValidateLicense:60:0:-9223372036854775806	</harden/bcfiles/edk_bcfiles/HardwareManager.bc>:HardwareManagerValidateLicense:60
</harden/bcfiles/edk_bcfiles/HardwareManager.bc>:HardwareManagerValidateLicense:%2	</harden/bcfiles/edk_bcfiles/HardwareManager.bc>:HardwareManagerValidateLicense:62:0:0	</harden/bcfiles/edk_bcfiles/HardwareManager.bc>:HardwareManagerValidateLicense:62
</harden/bcfiles/edk_bcfiles/HardwareManager.bc>:HardwareManagerGetLicense:%5	</harden/bcfiles/edk_bcfiles/HardwareManager.bc>:HardwareManagerGetLicense:8:0:64	</harden/bcfiles/edk_bcfiles/HardwareManager.bc>:HardwareManagerGetLicense:8
</harden/bcfiles/edk_bcfiles/HardwareManager.bc>:HardwareManagerGetLicense:%17	</harden/bcfiles/edk_bcfiles/HardwareManager.bc>:HardwareManagerGetLicense:22:1:getelementptr inbounds ([64 x i8], [64 x i8]* @DefaultLicense, i64 0, i64 0)	</harden/bcfiles/edk_bcfiles/HardwareManager.bc>:HardwareManagerGetLicense:22
</harden/bcfiles/edk_bcfiles/HardwareManager.bc>:HardwareManagerGetLicense:%2	</harden/bcfiles/edk_bcfiles/HardwareManager.bc>:HardwareManagerGetLicense:23:0:0	</harden/bcfiles/edk_bcfiles/HardwareManager.bc>:HardwareManagerGetLicense:23
</harden/bcfiles/edk_bcfiles/HardwareManager.bc>:HardwareManagerGetLicense:%2	</harden/bcfiles/edk_bcfiles/HardwareManager.bc>:HardwareManagerGetLicense:25:0:0	</harden/bcfiles/edk_bcfiles/HardwareManager.bc>:HardwareManagerGetLicense:25
</harden/bcfiles/edk_bcfiles/HardwareManager.bc>:HardwareHandlerReadyCallback:%4	</harden/bcfiles/edk_bcfiles/HardwareManager.bc>:HardwareHandlerReadyCallback:87:0:0	</harden/bcfiles/edk_bcfiles/HardwareManager.bc>:HardwareHandlerReadyCallback:87
</harden/bcfiles/edk_bcfiles/HardwareManager.bc>:ProcessFirmwareReadyCallback:%4	</harden/bcfiles/edk_bcfiles/HardwareManager.bc>:ProcessFirmwareReadyCallback:37:0:0	</harden/bcfiles/edk_bcfiles/HardwareManager.bc>:ProcessFirmwareReadyCallback:37
</harden/bcfiles/edk_bcfiles/HardwareManager.bc>:HardwareManagerEntryPoint:17:1:getelementptr inbounds (%struct._HARDWARE_MANAGER_LICENSE_PROTOCOL, %struct._HARDWARE_MANAGER_LICENSE_PROTOCOL* @mHardwareManagerLicenseProtocol, i32 0, i32 0)	</harden/bcfiles/edk_bcfiles/HardwareManager.bc>:HardwareManagerEntryPoint:17:0:null	</harden/bcfiles/edk_bcfiles/HardwareManager.bc>:HardwareManagerEntryPoint:17
</harden/bcfiles/edk_bcfiles/HardwareManager.bc>:HardwareManagerEntryPoint:18:1:getelementptr inbounds (%struct._HARDWARE_MANAGER_LICENSE_PROTOCOL, %struct._HARDWARE_MANAGER_LICENSE_PROTOCOL* @mHardwareManagerLicenseProtocol, i32 0, i32 1)	</harden/bcfiles/edk_bcfiles/HardwareManager.bc>:HardwareManagerEntryPoint:18:0:null	</harden/bcfiles/edk_bcfiles/HardwareManager.bc>:HardwareManagerEntryPoint:18
</harden/bcfiles/edk_bcfiles/HardwareManager.bc>:HardwareManagerEntryPoint:%8	</harden/bcfiles/edk_bcfiles/HardwareManager.bc>:HardwareManagerEntryPoint:91:0:null	</harden/bcfiles/edk_bcfiles/HardwareManager.bc>:HardwareManagerEntryPoint:91
</harden/bcfiles/edk_bcfiles/HardwareManager.bc>:HardwareManagerEntryPoint:92:1:getelementptr inbounds (%struct._HARDWARE_MANAGER_LICENSE_PROTOCOL, %struct._HARDWARE_MANAGER_LICENSE_PROTOCOL* @mHardwareManagerLicenseProtocol, i32 0, i32 0)	</harden/bcfiles/edk_bcfiles/HardwareManager.bc>:HardwareManagerEntryPoint:92:0:@HardwareManagerGetLicense	</harden/bcfiles/edk_bcfiles/HardwareManager.bc>:HardwareManagerEntryPoint:92
</harden/bcfiles/edk_bcfiles/HardwareManager.bc>:HardwareManagerEntryPoint:93:1:getelementptr inbounds (%struct._HARDWARE_MANAGER_LICENSE_PROTOCOL, %struct._HARDWARE_MANAGER_LICENSE_PROTOCOL* @mHardwareManagerLicenseProtocol, i32 0, i32 1)	</harden/bcfiles/edk_bcfiles/HardwareManager.bc>:HardwareManagerEntryPoint:93:0:@HardwareManagerValidateLicense	</harden/bcfiles/edk_bcfiles/HardwareManager.bc>:HardwareManagerEntryPoint:93
</harden/bcfiles/edk_bcfiles/HardwareManager.bc>:HardwareManagerEntryPoint:102:1:getelementptr inbounds (%struct._HARDWARE_MANAGER_LICENSE_PROTOCOL, %struct._HARDWARE_MANAGER_LICENSE_PROTOCOL* @mHardwareManagerLicenseProtocol, i32 0, i32 0)	</harden/bcfiles/edk_bcfiles/HardwareManager.bc>:HardwareManagerEntryPoint:102:0:null	</harden/bcfiles/edk_bcfiles/HardwareManager.bc>:HardwareManagerEntryPoint:102
</harden/bcfiles/edk_bcfiles/HardwareManager.bc>:HardwareManagerEntryPoint:103:1:getelementptr inbounds (%struct._HARDWARE_MANAGER_LICENSE_PROTOCOL, %struct._HARDWARE_MANAGER_LICENSE_PROTOCOL* @mHardwareManagerLicenseProtocol, i32 0, i32 1)	</harden/bcfiles/edk_bcfiles/HardwareManager.bc>:HardwareManagerEntryPoint:103:0:null	</harden/bcfiles/edk_bcfiles/HardwareManager.bc>:HardwareManagerEntryPoint:103
