</harden/bcfiles/edk_bcfiles/HardwareManager.bc>:HardwareManagerHandler	</harden/bcfiles/edk_bcfiles/HardwareManager.bc>:HardwareManagerHandler:%340	</harden/bcfiles/edk_bcfiles/HardwareManager.bc>:HardwareManagerHandler:%338	</harden/bcfiles/edk_bcfiles/HardwareManager.bc>:HardwareManagerHandler:%8	</harden/bcfiles/edk_bcfiles/HardwareManager.bc>:HardwareManagerHandler:376	[</harden/bcfiles/edk_bcfiles/HardwareManager.bc>:HardwareManagerHandler:%337, </harden/bcfiles/edk_bcfiles/HardwareManager.bc>:HardwareManagerHandler:%338]	201
</harden/bcfiles/edk_bcfiles/HardwareManager.bc>:HardwareManagerHandler	</harden/bcfiles/edk_bcfiles/HardwareManager.bc>:HardwareManagerHandler:%319	</harden/bcfiles/edk_bcfiles/HardwareManager.bc>:HardwareManagerHandler:%317	</harden/bcfiles/edk_bcfiles/HardwareManager.bc>:HardwareManagerHandler:%8	</harden/bcfiles/edk_bcfiles/HardwareManager.bc>:HardwareManagerHandler:353	[</harden/bcfiles/edk_bcfiles/HardwareManager.bc>:HardwareManagerHandler:%316, </harden/bcfiles/edk_bcfiles/HardwareManager.bc>:HardwareManagerHandler:%317]	190
</harden/bcfiles/edk_bcfiles/HardwareManager.bc>:HardwareManagerHandler	</harden/bcfiles/edk_bcfiles/HardwareManager.bc>:HardwareManagerHandler:%307	</harden/bcfiles/edk_bcfiles/HardwareManager.bc>:HardwareManagerHandler:%305	</harden/bcfiles/edk_bcfiles/HardwareManager.bc>:HardwareManagerHandler:%8	</harden/bcfiles/edk_bcfiles/HardwareManager.bc>:HardwareManagerHandler:340	[</harden/bcfiles/edk_bcfiles/HardwareManager.bc>:HardwareManagerHandler:%304, </harden/bcfiles/edk_bcfiles/HardwareManager.bc>:HardwareManagerHandler:%305]	185
</harden/bcfiles/edk_bcfiles/HardwareManager.bc>:HardwareManagerHandler	</harden/bcfiles/edk_bcfiles/HardwareManager.bc>:HardwareManagerHandler:%298	</harden/bcfiles/edk_bcfiles/HardwareManager.bc>:HardwareManagerHandler:%296	</harden/bcfiles/edk_bcfiles/HardwareManager.bc>:HardwareManagerHandler:%8	</harden/bcfiles/edk_bcfiles/HardwareManager.bc>:HardwareManagerHandler:330	[</harden/bcfiles/edk_bcfiles/HardwareManager.bc>:HardwareManagerHandler:%295, </harden/bcfiles/edk_bcfiles/HardwareManager.bc>:HardwareManagerHandler:%296]	179
</harden/bcfiles/edk_bcfiles/HardwareManager.bc>:HardwareManagerHandler	</harden/bcfiles/edk_bcfiles/HardwareManager.bc>:HardwareManagerHandler:%277	</harden/bcfiles/edk_bcfiles/HardwareManager.bc>:HardwareManagerHandler:%275	</harden/bcfiles/edk_bcfiles/HardwareManager.bc>:HardwareManagerHandler:%8	</harden/bcfiles/edk_bcfiles/HardwareManager.bc>:HardwareManagerHandler:307	[</harden/bcfiles/edk_bcfiles/HardwareManager.bc>:HardwareManagerHandler:%274, </harden/bcfiles/edk_bcfiles/HardwareManager.bc>:HardwareManagerHandler:%275]	168
</harden/bcfiles/edk_bcfiles/HardwareManager.bc>:HardwareManagerHandler	</harden/bcfiles/edk_bcfiles/HardwareManager.bc>:HardwareManagerHandler:%265	</harden/bcfiles/edk_bcfiles/HardwareManager.bc>:HardwareManagerHandler:%263	</harden/bcfiles/edk_bcfiles/HardwareManager.bc>:HardwareManagerHandler:%8	</harden/bcfiles/edk_bcfiles/HardwareManager.bc>:HardwareManagerHandler:294	[</harden/bcfiles/edk_bcfiles/HardwareManager.bc>:HardwareManagerHandler:%262, </harden/bcfiles/edk_bcfiles/HardwareManager.bc>:HardwareManagerHandler:%263]	163
</harden/bcfiles/edk_bcfiles/HardwareManager.bc>:HardwareManagerHandler	</harden/bcfiles/edk_bcfiles/HardwareManager.bc>:HardwareManagerHandler:%241	</harden/bcfiles/edk_bcfiles/HardwareManager.bc>:HardwareManagerHandler:%239	</harden/bcfiles/edk_bcfiles/HardwareManager.bc>:HardwareManagerHandler:%8	</harden/bcfiles/edk_bcfiles/HardwareManager.bc>:HardwareManagerHandler:268	[</harden/bcfiles/edk_bcfiles/HardwareManager.bc>:HardwareManagerHandler:%238, </harden/bcfiles/edk_bcfiles/HardwareManager.bc>:HardwareManagerHandler:%239]	150
</harden/bcfiles/edk_bcfiles/HardwareManager.bc>:HardwareManagerHandler	</harden/bcfiles/edk_bcfiles/HardwareManager.bc>:HardwareManagerHandler:%361	</harden/bcfiles/edk_bcfiles/HardwareManager.bc>:HardwareManagerHandler:%359	</harden/bcfiles/edk_bcfiles/HardwareManager.bc>:HardwareManagerHandler:%8	</harden/bcfiles/edk_bcfiles/HardwareManager.bc>:HardwareManagerHandler:399	[</harden/bcfiles/edk_bcfiles/HardwareManager.bc>:HardwareManagerHandler:%358, </harden/bcfiles/edk_bcfiles/HardwareManager.bc>:HardwareManagerHandler:%359]	212
</harden/bcfiles/edk_bcfiles/HardwareManager.bc>:HardwareManagerHandler	</harden/bcfiles/edk_bcfiles/HardwareManager.bc>:HardwareManagerHandler:%328	</harden/bcfiles/edk_bcfiles/HardwareManager.bc>:HardwareManagerHandler:%326	</harden/bcfiles/edk_bcfiles/HardwareManager.bc>:HardwareManagerHandler:%8	</harden/bcfiles/edk_bcfiles/HardwareManager.bc>:HardwareManagerHandler:363	[</harden/bcfiles/edk_bcfiles/HardwareManager.bc>:HardwareManagerHandler:%325, </harden/bcfiles/edk_bcfiles/HardwareManager.bc>:HardwareManagerHandler:%326]	196
</harden/bcfiles/edk_bcfiles/HardwareManager.bc>:HardwareManagerHandler	</harden/bcfiles/edk_bcfiles/HardwareManager.bc>:HardwareManagerHandler:%178	</harden/bcfiles/edk_bcfiles/HardwareManager.bc>:HardwareManagerHandler:%176	</harden/bcfiles/edk_bcfiles/HardwareManager.bc>:HardwareManagerHandler:%8	</harden/bcfiles/edk_bcfiles/HardwareManager.bc>:HardwareManagerHandler:200	[</harden/bcfiles/edk_bcfiles/HardwareManager.bc>:HardwareManagerHandler:%172, </harden/bcfiles/edk_bcfiles/HardwareManager.bc>:HardwareManagerHandler:%176]	120
</harden/bcfiles/edk_bcfiles/HardwareManager.bc>:HardwareManagerHandler	</harden/bcfiles/edk_bcfiles/HardwareManager.bc>:HardwareManagerHandler:%140	</harden/bcfiles/edk_bcfiles/HardwareManager.bc>:HardwareManagerHandler:%138	</harden/bcfiles/edk_bcfiles/HardwareManager.bc>:HardwareManagerHandler:%8	</harden/bcfiles/edk_bcfiles/HardwareManager.bc>:HardwareManagerHandler:159	[</harden/bcfiles/edk_bcfiles/HardwareManager.bc>:HardwareManagerHandler:%137, </harden/bcfiles/edk_bcfiles/HardwareManager.bc>:HardwareManagerHandler:%138]	101
</harden/bcfiles/edk_bcfiles/HardwareManager.bc>:HardwareManagerHandler	</harden/bcfiles/edk_bcfiles/HardwareManager.bc>:HardwareManagerHandler:%216	</harden/bcfiles/edk_bcfiles/HardwareManager.bc>:HardwareManagerHandler:%214	</harden/bcfiles/edk_bcfiles/HardwareManager.bc>:HardwareManagerHandler:%8	</harden/bcfiles/edk_bcfiles/HardwareManager.bc>:HardwareManagerHandler:241	[</harden/bcfiles/edk_bcfiles/HardwareManager.bc>:HardwareManagerHandler:%213, </harden/bcfiles/edk_bcfiles/HardwareManager.bc>:HardwareManagerHandler:%214]	138
</harden/bcfiles/edk_bcfiles/HardwareManager.bc>:HardwareManagerHandler	</harden/bcfiles/edk_bcfiles/HardwareManager.bc>:HardwareManagerHandler:%256	</harden/bcfiles/edk_bcfiles/HardwareManager.bc>:HardwareManagerHandler:%254	</harden/bcfiles/edk_bcfiles/HardwareManager.bc>:HardwareManagerHandler:%8	</harden/bcfiles/edk_bcfiles/HardwareManager.bc>:HardwareManagerHandler:284	[</harden/bcfiles/edk_bcfiles/HardwareManager.bc>:HardwareManagerHandler:%253, </harden/bcfiles/edk_bcfiles/HardwareManager.bc>:HardwareManagerHandler:%254]	156
</harden/bcfiles/edk_bcfiles/HardwareManager.bc>:HardwareManagerHandler	</harden/bcfiles/edk_bcfiles/HardwareManager.bc>:HardwareManagerHandler:%83	</harden/bcfiles/edk_bcfiles/HardwareManager.bc>:HardwareManagerHandler:%88	</harden/bcfiles/edk_bcfiles/HardwareManager.bc>:HardwareManagerHandler:%8	</harden/bcfiles/edk_bcfiles/HardwareManager.bc>:HardwareManagerHandler:104	[</harden/bcfiles/edk_bcfiles/HardwareManager.bc>:HardwareManagerHandler:%87, </harden/bcfiles/edk_bcfiles/HardwareManager.bc>:HardwareManagerHandler:%88]	78
</harden/bcfiles/edk_bcfiles/HardwareManager.bc>:HardwareManagerHandler	</harden/bcfiles/edk_bcfiles/HardwareManager.bc>:HardwareManagerHandler:%228	</harden/bcfiles/edk_bcfiles/HardwareManager.bc>:HardwareManagerHandler:%226	</harden/bcfiles/edk_bcfiles/HardwareManager.bc>:HardwareManagerHandler:%8	</harden/bcfiles/edk_bcfiles/HardwareManager.bc>:HardwareManagerHandler:254	[</harden/bcfiles/edk_bcfiles/HardwareManager.bc>:HardwareManagerHandler:%225, </harden/bcfiles/edk_bcfiles/HardwareManager.bc>:HardwareManagerHandler:%226]	144
</harden/bcfiles/edk_bcfiles/HardwareManager.bc>:HardwareManagerHandler	</harden/bcfiles/edk_bcfiles/HardwareManager.bc>:HardwareManagerHandler:%124	</harden/bcfiles/edk_bcfiles/HardwareManager.bc>:HardwareManagerHandler:%122	</harden/bcfiles/edk_bcfiles/HardwareManager.bc>:HardwareManagerHandler:%8	</harden/bcfiles/edk_bcfiles/HardwareManager.bc>:HardwareManagerHandler:142	[</harden/bcfiles/edk_bcfiles/HardwareManager.bc>:HardwareManagerHandler:%121, </harden/bcfiles/edk_bcfiles/HardwareManager.bc>:HardwareManagerHandler:%122]	94
</harden/bcfiles/edk_bcfiles/HardwareManager.bc>:HardwareManagerHandler	</harden/bcfiles/edk_bcfiles/HardwareManager.bc>:HardwareManagerHandler:%153	</harden/bcfiles/edk_bcfiles/HardwareManager.bc>:HardwareManagerHandler:%151	</harden/bcfiles/edk_bcfiles/HardwareManager.bc>:HardwareManagerHandler:%8	</harden/bcfiles/edk_bcfiles/HardwareManager.bc>:HardwareManagerHandler:173	[</harden/bcfiles/edk_bcfiles/HardwareManager.bc>:HardwareManagerHandler:%150, </harden/bcfiles/edk_bcfiles/HardwareManager.bc>:HardwareManagerHandler:%151]	108
</harden/bcfiles/edk_bcfiles/HardwareManager.bc>:HardwareManagerHandler	</harden/bcfiles/edk_bcfiles/HardwareManager.bc>:HardwareManagerHandler:%25	</harden/bcfiles/edk_bcfiles/HardwareManager.bc>:HardwareManagerHandler:%29	</harden/bcfiles/edk_bcfiles/HardwareManager.bc>:HardwareManagerHandler:%8	</harden/bcfiles/edk_bcfiles/HardwareManager.bc>:HardwareManagerHandler:39	[</harden/bcfiles/edk_bcfiles/HardwareManager.bc>:HardwareManagerHandler:%28, </harden/bcfiles/edk_bcfiles/HardwareManager.bc>:HardwareManagerHandler:%29]	53
</harden/bcfiles/edk_bcfiles/HardwareManager.bc>:HardwareManagerHandler	</harden/bcfiles/edk_bcfiles/HardwareManager.bc>:HardwareManagerHandler:%203	</harden/bcfiles/edk_bcfiles/HardwareManager.bc>:HardwareManagerHandler:%201	</harden/bcfiles/edk_bcfiles/HardwareManager.bc>:HardwareManagerHandler:%8	</harden/bcfiles/edk_bcfiles/HardwareManager.bc>:HardwareManagerHandler:227	[</harden/bcfiles/edk_bcfiles/HardwareManager.bc>:HardwareManagerHandler:%197, </harden/bcfiles/edk_bcfiles/HardwareManager.bc>:HardwareManagerHandler:%201]	132
</harden/bcfiles/edk_bcfiles/HardwareManager.bc>:HardwareManagerHandler	</harden/bcfiles/edk_bcfiles/HardwareManager.bc>:HardwareManagerHandler:%349	</harden/bcfiles/edk_bcfiles/HardwareManager.bc>:HardwareManagerHandler:%347	</harden/bcfiles/edk_bcfiles/HardwareManager.bc>:HardwareManagerHandler:%8	</harden/bcfiles/edk_bcfiles/HardwareManager.bc>:HardwareManagerHandler:386	[</harden/bcfiles/edk_bcfiles/HardwareManager.bc>:HardwareManagerHandler:%346, </harden/bcfiles/edk_bcfiles/HardwareManager.bc>:HardwareManagerHandler:%347]	207
</harden/bcfiles/edk_bcfiles/HardwareManager.bc>:HardwareManagerHandler	</harden/bcfiles/edk_bcfiles/HardwareManager.bc>:HardwareManagerHandler:%286	</harden/bcfiles/edk_bcfiles/HardwareManager.bc>:HardwareManagerHandler:%284	</harden/bcfiles/edk_bcfiles/HardwareManager.bc>:HardwareManagerHandler:%8	</harden/bcfiles/edk_bcfiles/HardwareManager.bc>:HardwareManagerHandler:317	[</harden/bcfiles/edk_bcfiles/HardwareManager.bc>:HardwareManagerHandler:%283, </harden/bcfiles/edk_bcfiles/HardwareManager.bc>:HardwareManagerHandler:%284]	174
</harden/bcfiles/edk_bcfiles/HardwareManager.bc>:HardwareManagerHandler	</harden/bcfiles/edk_bcfiles/HardwareManager.bc>:HardwareManagerHandler:%190	</harden/bcfiles/edk_bcfiles/HardwareManager.bc>:HardwareManagerHandler:%188	</harden/bcfiles/edk_bcfiles/HardwareManager.bc>:HardwareManagerHandler:%8	</harden/bcfiles/edk_bcfiles/HardwareManager.bc>:HardwareManagerHandler:213	[</harden/bcfiles/edk_bcfiles/HardwareManager.bc>:HardwareManagerHandler:%187, </harden/bcfiles/edk_bcfiles/HardwareManager.bc>:HardwareManagerHandler:%188]	126
</harden/bcfiles/edk_bcfiles/HardwareManager.bc>:HardwareManagerHandler	</harden/bcfiles/edk_bcfiles/HardwareManager.bc>:HardwareManagerHandler:%108	</harden/bcfiles/edk_bcfiles/HardwareManager.bc>:HardwareManagerHandler:%106	</harden/bcfiles/edk_bcfiles/HardwareManager.bc>:HardwareManagerHandler:%8	</harden/bcfiles/edk_bcfiles/HardwareManager.bc>:HardwareManagerHandler:125	[</harden/bcfiles/edk_bcfiles/HardwareManager.bc>:HardwareManagerHandler:%102, </harden/bcfiles/edk_bcfiles/HardwareManager.bc>:HardwareManagerHandler:%106]	88
</harden/bcfiles/edk_bcfiles/HardwareManager.bc>:HardwareManagerHandler	</harden/bcfiles/edk_bcfiles/HardwareManager.bc>:HardwareManagerHandler:%165	</harden/bcfiles/edk_bcfiles/HardwareManager.bc>:HardwareManagerHandler:%163	</harden/bcfiles/edk_bcfiles/HardwareManager.bc>:HardwareManagerHandler:%8	</harden/bcfiles/edk_bcfiles/HardwareManager.bc>:HardwareManagerHandler:186	[</harden/bcfiles/edk_bcfiles/HardwareManager.bc>:HardwareManagerHandler:%162, </harden/bcfiles/edk_bcfiles/HardwareManager.bc>:HardwareManagerHandler:%163]	114
</harden/bcfiles/edk_bcfiles/HardwareManager.bc>:HardwareManagerHandler	</harden/bcfiles/edk_bcfiles/HardwareManager.bc>:HardwareManagerHandler:%12	</harden/bcfiles/edk_bcfiles/HardwareManager.bc>:HardwareManagerHandler:%23	</harden/bcfiles/edk_bcfiles/HardwareManager.bc>:HardwareManagerHandler:%8	</harden/bcfiles/edk_bcfiles/HardwareManager.bc>:HardwareManagerHandler:32	[</harden/bcfiles/edk_bcfiles/HardwareManager.bc>:HardwareManagerHandler:%22, </harden/bcfiles/edk_bcfiles/HardwareManager.bc>:HardwareManagerHandler:%23]	51
