</harden/bcfiles/edk_bcfiles/HardwareManager.bc>:HardwareManagerHandler	</harden/bcfiles/edk_bcfiles/HardwareManager.bc>:HardwareManagerHandler:%371	</harden/bcfiles/edk_bcfiles/HardwareManager.bc>:HardwareManagerHandler:411:0:-9223372036854775805	</harden/bcfiles/edk_bcfiles/HardwareManager.bc>:HardwareManagerHandler:%8	</harden/bcfiles/edk_bcfiles/HardwareManager.bc>:HardwareManagerHandler:411	[</harden/bcfiles/edk_bcfiles/HardwareManager.bc>:HardwareManagerHandler:%370, </harden/bcfiles/edk_bcfiles/HardwareManager.bc>:HardwareManagerHandler:%371]	223
</harden/bcfiles/edk_bcfiles/HardwareManager.bc>:HardwareManagerHandler	</harden/bcfiles/edk_bcfiles/HardwareManager.bc>:HardwareManagerHandler:%340	</harden/bcfiles/edk_bcfiles/HardwareManager.bc>:HardwareManagerHandler:%338	</harden/bcfiles/edk_bcfiles/HardwareManager.bc>:HardwareManagerHandler:%8	</harden/bcfiles/edk_bcfiles/HardwareManager.bc>:HardwareManagerHandler:376	[</harden/bcfiles/edk_bcfiles/HardwareManager.bc>:HardwareManagerHandler:%339, </harden/bcfiles/edk_bcfiles/HardwareManager.bc>:HardwareManagerHandler:%340]	201
</harden/bcfiles/edk_bcfiles/HardwareManager.bc>:HardwareManagerHandler	</harden/bcfiles/edk_bcfiles/HardwareManager.bc>:HardwareManagerHandler:%319	</harden/bcfiles/edk_bcfiles/HardwareManager.bc>:HardwareManagerHandler:%317	</harden/bcfiles/edk_bcfiles/HardwareManager.bc>:HardwareManagerHandler:%8	</harden/bcfiles/edk_bcfiles/HardwareManager.bc>:HardwareManagerHandler:353	[</harden/bcfiles/edk_bcfiles/HardwareManager.bc>:HardwareManagerHandler:%318, </harden/bcfiles/edk_bcfiles/HardwareManager.bc>:HardwareManagerHandler:%319]	190
</harden/bcfiles/edk_bcfiles/HardwareManager.bc>:HardwareManagerHandler	</harden/bcfiles/edk_bcfiles/HardwareManager.bc>:HardwareManagerHandler:%307	</harden/bcfiles/edk_bcfiles/HardwareManager.bc>:HardwareManagerHandler:%305	</harden/bcfiles/edk_bcfiles/HardwareManager.bc>:HardwareManagerHandler:%8	</harden/bcfiles/edk_bcfiles/HardwareManager.bc>:HardwareManagerHandler:340	[</harden/bcfiles/edk_bcfiles/HardwareManager.bc>:HardwareManagerHandler:%306, </harden/bcfiles/edk_bcfiles/HardwareManager.bc>:HardwareManagerHandler:%307]	185
</harden/bcfiles/edk_bcfiles/HardwareManager.bc>:HardwareManagerHandler	</harden/bcfiles/edk_bcfiles/HardwareManager.bc>:HardwareManagerHandler:%298	</harden/bcfiles/edk_bcfiles/HardwareManager.bc>:HardwareManagerHandler:%296	</harden/bcfiles/edk_bcfiles/HardwareManager.bc>:HardwareManagerHandler:%8	</harden/bcfiles/edk_bcfiles/HardwareManager.bc>:HardwareManagerHandler:330	[</harden/bcfiles/edk_bcfiles/HardwareManager.bc>:HardwareManagerHandler:%297, </harden/bcfiles/edk_bcfiles/HardwareManager.bc>:HardwareManagerHandler:%298]	179
</harden/bcfiles/edk_bcfiles/HardwareManager.bc>:HardwareManagerHandler	</harden/bcfiles/edk_bcfiles/HardwareManager.bc>:HardwareManagerHandler:%277	</harden/bcfiles/edk_bcfiles/HardwareManager.bc>:HardwareManagerHandler:%275	</harden/bcfiles/edk_bcfiles/HardwareManager.bc>:HardwareManagerHandler:%8	</harden/bcfiles/edk_bcfiles/HardwareManager.bc>:HardwareManagerHandler:307	[</harden/bcfiles/edk_bcfiles/HardwareManager.bc>:HardwareManagerHandler:%276, </harden/bcfiles/edk_bcfiles/HardwareManager.bc>:HardwareManagerHandler:%277]	168
</harden/bcfiles/edk_bcfiles/HardwareManager.bc>:HardwareManagerHandler	</harden/bcfiles/edk_bcfiles/HardwareManager.bc>:HardwareManagerHandler:%265	</harden/bcfiles/edk_bcfiles/HardwareManager.bc>:HardwareManagerHandler:%263	</harden/bcfiles/edk_bcfiles/HardwareManager.bc>:HardwareManagerHandler:%8	</harden/bcfiles/edk_bcfiles/HardwareManager.bc>:HardwareManagerHandler:294	[</harden/bcfiles/edk_bcfiles/HardwareManager.bc>:HardwareManagerHandler:%264, </harden/bcfiles/edk_bcfiles/HardwareManager.bc>:HardwareManagerHandler:%265]	163
</harden/bcfiles/edk_bcfiles/HardwareManager.bc>:HardwareManagerHandler	</harden/bcfiles/edk_bcfiles/HardwareManager.bc>:HardwareManagerHandler:%368	</harden/bcfiles/edk_bcfiles/HardwareManager.bc>:HardwareManagerHandler:%366	</harden/bcfiles/edk_bcfiles/HardwareManager.bc>:HardwareManagerHandler:%8	</harden/bcfiles/edk_bcfiles/HardwareManager.bc>:HardwareManagerHandler:407	[</harden/bcfiles/edk_bcfiles/HardwareManager.bc>:HardwareManagerHandler:%367, </harden/bcfiles/edk_bcfiles/HardwareManager.bc>:HardwareManagerHandler:%368]	218
</harden/bcfiles/edk_bcfiles/HardwareManager.bc>:HardwareManagerHandler	</harden/bcfiles/edk_bcfiles/HardwareManager.bc>:HardwareManagerHandler:%241	</harden/bcfiles/edk_bcfiles/HardwareManager.bc>:HardwareManagerHandler:%239	</harden/bcfiles/edk_bcfiles/HardwareManager.bc>:HardwareManagerHandler:%8	</harden/bcfiles/edk_bcfiles/HardwareManager.bc>:HardwareManagerHandler:268	[</harden/bcfiles/edk_bcfiles/HardwareManager.bc>:HardwareManagerHandler:%240, </harden/bcfiles/edk_bcfiles/HardwareManager.bc>:HardwareManagerHandler:%241]	150
</harden/bcfiles/edk_bcfiles/HardwareManager.bc>:HardwareManagerHandler	</harden/bcfiles/edk_bcfiles/HardwareManager.bc>:HardwareManagerHandler:%361	</harden/bcfiles/edk_bcfiles/HardwareManager.bc>:HardwareManagerHandler:%359	</harden/bcfiles/edk_bcfiles/HardwareManager.bc>:HardwareManagerHandler:%8	</harden/bcfiles/edk_bcfiles/HardwareManager.bc>:HardwareManagerHandler:399	[</harden/bcfiles/edk_bcfiles/HardwareManager.bc>:HardwareManagerHandler:%360, </harden/bcfiles/edk_bcfiles/HardwareManager.bc>:HardwareManagerHandler:%361]	212
</harden/bcfiles/edk_bcfiles/HardwareManager.bc>:HardwareManagerHandler	</harden/bcfiles/edk_bcfiles/HardwareManager.bc>:HardwareManagerHandler:%328	</harden/bcfiles/edk_bcfiles/HardwareManager.bc>:HardwareManagerHandler:%326	</harden/bcfiles/edk_bcfiles/HardwareManager.bc>:HardwareManagerHandler:%8	</harden/bcfiles/edk_bcfiles/HardwareManager.bc>:HardwareManagerHandler:363	[</harden/bcfiles/edk_bcfiles/HardwareManager.bc>:HardwareManagerHandler:%327, </harden/bcfiles/edk_bcfiles/HardwareManager.bc>:HardwareManagerHandler:%328]	196
</harden/bcfiles/edk_bcfiles/HardwareManager.bc>:HardwareManagerHandler	</harden/bcfiles/edk_bcfiles/HardwareManager.bc>:HardwareManagerHandler:%178	</harden/bcfiles/edk_bcfiles/HardwareManager.bc>:HardwareManagerHandler:%176	</harden/bcfiles/edk_bcfiles/HardwareManager.bc>:HardwareManagerHandler:%8	</harden/bcfiles/edk_bcfiles/HardwareManager.bc>:HardwareManagerHandler:200	[</harden/bcfiles/edk_bcfiles/HardwareManager.bc>:HardwareManagerHandler:%177, </harden/bcfiles/edk_bcfiles/HardwareManager.bc>:HardwareManagerHandler:%178]	120
</harden/bcfiles/edk_bcfiles/HardwareManager.bc>:HardwareManagerHandler	</harden/bcfiles/edk_bcfiles/HardwareManager.bc>:HardwareManagerHandler:%140	</harden/bcfiles/edk_bcfiles/HardwareManager.bc>:HardwareManagerHandler:%138	</harden/bcfiles/edk_bcfiles/HardwareManager.bc>:HardwareManagerHandler:%8	</harden/bcfiles/edk_bcfiles/HardwareManager.bc>:HardwareManagerHandler:159	[</harden/bcfiles/edk_bcfiles/HardwareManager.bc>:HardwareManagerHandler:%139, </harden/bcfiles/edk_bcfiles/HardwareManager.bc>:HardwareManagerHandler:%140]	101
</harden/bcfiles/edk_bcfiles/HardwareManager.bc>:HardwareManagerHandler	</harden/bcfiles/edk_bcfiles/HardwareManager.bc>:HardwareManagerHandler:%216	</harden/bcfiles/edk_bcfiles/HardwareManager.bc>:HardwareManagerHandler:%214	</harden/bcfiles/edk_bcfiles/HardwareManager.bc>:HardwareManagerHandler:%8	</harden/bcfiles/edk_bcfiles/HardwareManager.bc>:HardwareManagerHandler:241	[</harden/bcfiles/edk_bcfiles/HardwareManager.bc>:HardwareManagerHandler:%215, </harden/bcfiles/edk_bcfiles/HardwareManager.bc>:HardwareManagerHandler:%216]	138
</harden/bcfiles/edk_bcfiles/HardwareManager.bc>:HardwareManagerHandler	</harden/bcfiles/edk_bcfiles/HardwareManager.bc>:HardwareManagerHandler:%256	</harden/bcfiles/edk_bcfiles/HardwareManager.bc>:HardwareManagerHandler:%254	</harden/bcfiles/edk_bcfiles/HardwareManager.bc>:HardwareManagerHandler:%8	</harden/bcfiles/edk_bcfiles/HardwareManager.bc>:HardwareManagerHandler:284	[</harden/bcfiles/edk_bcfiles/HardwareManager.bc>:HardwareManagerHandler:%255, </harden/bcfiles/edk_bcfiles/HardwareManager.bc>:HardwareManagerHandler:%256]	156
</harden/bcfiles/edk_bcfiles/HardwareManager.bc>:HardwareManagerHandler	</harden/bcfiles/edk_bcfiles/HardwareManager.bc>:HardwareManagerHandler:%83	</harden/bcfiles/edk_bcfiles/HardwareManager.bc>:HardwareManagerHandler:%88	</harden/bcfiles/edk_bcfiles/HardwareManager.bc>:HardwareManagerHandler:%8	</harden/bcfiles/edk_bcfiles/HardwareManager.bc>:HardwareManagerHandler:104	[</harden/bcfiles/edk_bcfiles/HardwareManager.bc>:HardwareManagerHandler:%88, </harden/bcfiles/edk_bcfiles/HardwareManager.bc>:HardwareManagerHandler:%83]	78
</harden/bcfiles/edk_bcfiles/HardwareManager.bc>:HardwareManagerHandler	</harden/bcfiles/edk_bcfiles/HardwareManager.bc>:HardwareManagerHandler:%228	</harden/bcfiles/edk_bcfiles/HardwareManager.bc>:HardwareManagerHandler:%226	</harden/bcfiles/edk_bcfiles/HardwareManager.bc>:HardwareManagerHandler:%8	</harden/bcfiles/edk_bcfiles/HardwareManager.bc>:HardwareManagerHandler:254	[</harden/bcfiles/edk_bcfiles/HardwareManager.bc>:HardwareManagerHandler:%227, </harden/bcfiles/edk_bcfiles/HardwareManager.bc>:HardwareManagerHandler:%228]	144
</harden/bcfiles/edk_bcfiles/HardwareManager.bc>:HardwareManagerHandler	</harden/bcfiles/edk_bcfiles/HardwareManager.bc>:HardwareManagerHandler:%124	</harden/bcfiles/edk_bcfiles/HardwareManager.bc>:HardwareManagerHandler:%122	</harden/bcfiles/edk_bcfiles/HardwareManager.bc>:HardwareManagerHandler:%8	</harden/bcfiles/edk_bcfiles/HardwareManager.bc>:HardwareManagerHandler:142	[</harden/bcfiles/edk_bcfiles/HardwareManager.bc>:HardwareManagerHandler:%123, </harden/bcfiles/edk_bcfiles/HardwareManager.bc>:HardwareManagerHandler:%124]	94
</harden/bcfiles/edk_bcfiles/HardwareManager.bc>:HardwareManagerHandler	</harden/bcfiles/edk_bcfiles/HardwareManager.bc>:HardwareManagerHandler:%53	</harden/bcfiles/edk_bcfiles/HardwareManager.bc>:HardwareManagerHandler:65:0:-9223372036854775806	</harden/bcfiles/edk_bcfiles/HardwareManager.bc>:HardwareManagerHandler:%8	</harden/bcfiles/edk_bcfiles/HardwareManager.bc>:HardwareManagerHandler:65	[</harden/bcfiles/edk_bcfiles/HardwareManager.bc>:HardwareManagerHandler:%52, </harden/bcfiles/edk_bcfiles/HardwareManager.bc>:HardwareManagerHandler:%53]	67
</harden/bcfiles/edk_bcfiles/HardwareManager.bc>:HardwareManagerHandler	</harden/bcfiles/edk_bcfiles/HardwareManager.bc>:HardwareManagerHandler:%153	</harden/bcfiles/edk_bcfiles/HardwareManager.bc>:HardwareManagerHandler:%151	</harden/bcfiles/edk_bcfiles/HardwareManager.bc>:HardwareManagerHandler:%8	</harden/bcfiles/edk_bcfiles/HardwareManager.bc>:HardwareManagerHandler:173	[</harden/bcfiles/edk_bcfiles/HardwareManager.bc>:HardwareManagerHandler:%152, </harden/bcfiles/edk_bcfiles/HardwareManager.bc>:HardwareManagerHandler:%153]	108
</harden/bcfiles/edk_bcfiles/HardwareManager.bc>:HardwareManagerHandler	</harden/bcfiles/edk_bcfiles/HardwareManager.bc>:HardwareManagerHandler:%25	</harden/bcfiles/edk_bcfiles/HardwareManager.bc>:HardwareManagerHandler:%29	</harden/bcfiles/edk_bcfiles/HardwareManager.bc>:HardwareManagerHandler:%8	</harden/bcfiles/edk_bcfiles/HardwareManager.bc>:HardwareManagerHandler:39	[</harden/bcfiles/edk_bcfiles/HardwareManager.bc>:HardwareManagerHandler:%29, </harden/bcfiles/edk_bcfiles/HardwareManager.bc>:HardwareManagerHandler:%25]	53
</harden/bcfiles/edk_bcfiles/HardwareManager.bc>:HardwareManagerHandler	</harden/bcfiles/edk_bcfiles/HardwareManager.bc>:HardwareManagerHandler:%41	</harden/bcfiles/edk_bcfiles/HardwareManager.bc>:HardwareManagerHandler:51:0:-9223372036854775806	</harden/bcfiles/edk_bcfiles/HardwareManager.bc>:HardwareManagerHandler:%8	</harden/bcfiles/edk_bcfiles/HardwareManager.bc>:HardwareManagerHandler:51	[</harden/bcfiles/edk_bcfiles/HardwareManager.bc>:HardwareManagerHandler:%40, </harden/bcfiles/edk_bcfiles/HardwareManager.bc>:HardwareManagerHandler:%41]	62
</harden/bcfiles/edk_bcfiles/HardwareManager.bc>:HardwareManagerHandler	</harden/bcfiles/edk_bcfiles/HardwareManager.bc>:HardwareManagerHandler:%203	</harden/bcfiles/edk_bcfiles/HardwareManager.bc>:HardwareManagerHandler:%201	</harden/bcfiles/edk_bcfiles/HardwareManager.bc>:HardwareManagerHandler:%8	</harden/bcfiles/edk_bcfiles/HardwareManager.bc>:HardwareManagerHandler:227	[</harden/bcfiles/edk_bcfiles/HardwareManager.bc>:HardwareManagerHandler:%202, </harden/bcfiles/edk_bcfiles/HardwareManager.bc>:HardwareManagerHandler:%203]	132
</harden/bcfiles/edk_bcfiles/HardwareManager.bc>:HardwareManagerHandler	</harden/bcfiles/edk_bcfiles/HardwareManager.bc>:HardwareManagerHandler:%349	</harden/bcfiles/edk_bcfiles/HardwareManager.bc>:HardwareManagerHandler:%347	</harden/bcfiles/edk_bcfiles/HardwareManager.bc>:HardwareManagerHandler:%8	</harden/bcfiles/edk_bcfiles/HardwareManager.bc>:HardwareManagerHandler:386	[</harden/bcfiles/edk_bcfiles/HardwareManager.bc>:HardwareManagerHandler:%348, </harden/bcfiles/edk_bcfiles/HardwareManager.bc>:HardwareManagerHandler:%349]	207
</harden/bcfiles/edk_bcfiles/HardwareManager.bc>:HardwareManagerHandler	</harden/bcfiles/edk_bcfiles/HardwareManager.bc>:HardwareManagerHandler:%92	</harden/bcfiles/edk_bcfiles/HardwareManager.bc>:HardwareManagerHandler:108:0:0	</harden/bcfiles/edk_bcfiles/HardwareManager.bc>:HardwareManagerHandler:%8	</harden/bcfiles/edk_bcfiles/HardwareManager.bc>:HardwareManagerHandler:108	[</harden/bcfiles/edk_bcfiles/HardwareManager.bc>:HardwareManagerHandler:%91, </harden/bcfiles/edk_bcfiles/HardwareManager.bc>:HardwareManagerHandler:%92]	85
</harden/bcfiles/edk_bcfiles/HardwareManager.bc>:HardwareManagerHandler	</harden/bcfiles/edk_bcfiles/HardwareManager.bc>:HardwareManagerHandler:%286	</harden/bcfiles/edk_bcfiles/HardwareManager.bc>:HardwareManagerHandler:%284	</harden/bcfiles/edk_bcfiles/HardwareManager.bc>:HardwareManagerHandler:%8	</harden/bcfiles/edk_bcfiles/HardwareManager.bc>:HardwareManagerHandler:317	[</harden/bcfiles/edk_bcfiles/HardwareManager.bc>:HardwareManagerHandler:%285, </harden/bcfiles/edk_bcfiles/HardwareManager.bc>:HardwareManagerHandler:%286]	174
</harden/bcfiles/edk_bcfiles/HardwareManager.bc>:HardwareManagerHandler	</harden/bcfiles/edk_bcfiles/HardwareManager.bc>:HardwareManagerHandler:%190	</harden/bcfiles/edk_bcfiles/HardwareManager.bc>:HardwareManagerHandler:%188	</harden/bcfiles/edk_bcfiles/HardwareManager.bc>:HardwareManagerHandler:%8	</harden/bcfiles/edk_bcfiles/HardwareManager.bc>:HardwareManagerHandler:213	[</harden/bcfiles/edk_bcfiles/HardwareManager.bc>:HardwareManagerHandler:%189, </harden/bcfiles/edk_bcfiles/HardwareManager.bc>:HardwareManagerHandler:%190]	126
</harden/bcfiles/edk_bcfiles/HardwareManager.bc>:HardwareManagerHandler	</harden/bcfiles/edk_bcfiles/HardwareManager.bc>:HardwareManagerHandler:%108	</harden/bcfiles/edk_bcfiles/HardwareManager.bc>:HardwareManagerHandler:%106	</harden/bcfiles/edk_bcfiles/HardwareManager.bc>:HardwareManagerHandler:%8	</harden/bcfiles/edk_bcfiles/HardwareManager.bc>:HardwareManagerHandler:125	[</harden/bcfiles/edk_bcfiles/HardwareManager.bc>:HardwareManagerHandler:%107, </harden/bcfiles/edk_bcfiles/HardwareManager.bc>:HardwareManagerHandler:%108]	88
</harden/bcfiles/edk_bcfiles/HardwareManager.bc>:HardwareManagerHandler	</harden/bcfiles/edk_bcfiles/HardwareManager.bc>:HardwareManagerHandler:%165	</harden/bcfiles/edk_bcfiles/HardwareManager.bc>:HardwareManagerHandler:%163	</harden/bcfiles/edk_bcfiles/HardwareManager.bc>:HardwareManagerHandler:%8	</harden/bcfiles/edk_bcfiles/HardwareManager.bc>:HardwareManagerHandler:186	[</harden/bcfiles/edk_bcfiles/HardwareManager.bc>:HardwareManagerHandler:%164, </harden/bcfiles/edk_bcfiles/HardwareManager.bc>:HardwareManagerHandler:%165]	114
</harden/bcfiles/edk_bcfiles/HardwareManager.bc>:HardwareManagerHandler	</harden/bcfiles/edk_bcfiles/HardwareManager.bc>:HardwareManagerHandler:%12	</harden/bcfiles/edk_bcfiles/HardwareManager.bc>:HardwareManagerHandler:%23	</harden/bcfiles/edk_bcfiles/HardwareManager.bc>:HardwareManagerHandler:%8	</harden/bcfiles/edk_bcfiles/HardwareManager.bc>:HardwareManagerHandler:32	[</harden/bcfiles/edk_bcfiles/HardwareManager.bc>:HardwareManagerHandler:%23, </harden/bcfiles/edk_bcfiles/HardwareManager.bc>:HardwareManagerHandler:%12]	51
