</harden/bcfiles/edk_bcfiles/HardwareManager.bc>:HardwareManagerHandler:%371	</harden/bcfiles/edk_bcfiles/HardwareManager.bc>:HardwareManagerHandler:%8	[</harden/bcfiles/edk_bcfiles/HardwareManager.bc>:HardwareManagerHandler:%370, </harden/bcfiles/edk_bcfiles/HardwareManager.bc>:HardwareManagerHandler:%371]	0
</harden/bcfiles/edk_bcfiles/HardwareManager.bc>:HardwareManagerHandler:%367	</harden/bcfiles/edk_bcfiles/HardwareManager.bc>:HardwareManagerHandler:%8	[</harden/bcfiles/edk_bcfiles/HardwareManager.bc>:HardwareManagerHandler:%12, </harden/bcfiles/edk_bcfiles/HardwareManager.bc>:HardwareManagerHandler:%367]	0
</harden/bcfiles/edk_bcfiles/HardwareManager.bc>:HardwareManagerHandler:%360	</harden/bcfiles/edk_bcfiles/HardwareManager.bc>:HardwareManagerHandler:%8	[</harden/bcfiles/edk_bcfiles/HardwareManager.bc>:HardwareManagerHandler:%12, </harden/bcfiles/edk_bcfiles/HardwareManager.bc>:HardwareManagerHandler:%360]	0
</harden/bcfiles/edk_bcfiles/HardwareManager.bc>:HardwareManagerHandler:%359	</harden/bcfiles/edk_bcfiles/HardwareManager.bc>:HardwareManagerHandler:%8	[</harden/bcfiles/edk_bcfiles/HardwareManager.bc>:HardwareManagerHandler:%358, </harden/bcfiles/edk_bcfiles/HardwareManager.bc>:HardwareManagerHandler:%359]	1
</harden/bcfiles/edk_bcfiles/HardwareManager.bc>:HardwareManagerHandler:%358	</harden/bcfiles/edk_bcfiles/HardwareManager.bc>:HardwareManagerHandler:%8	[</harden/bcfiles/edk_bcfiles/HardwareManager.bc>:HardwareManagerHandler:%357, </harden/bcfiles/edk_bcfiles/HardwareManager.bc>:HardwareManagerHandler:%358]	0
</harden/bcfiles/edk_bcfiles/HardwareManager.bc>:HardwareManagerHandler:%357	</harden/bcfiles/edk_bcfiles/HardwareManager.bc>:HardwareManagerHandler:%8	[</harden/bcfiles/edk_bcfiles/HardwareManager.bc>:HardwareManagerHandler:%12, </harden/bcfiles/edk_bcfiles/HardwareManager.bc>:HardwareManagerHandler:%357]	0
</harden/bcfiles/edk_bcfiles/HardwareManager.bc>:HardwareManagerHandler:%356	</harden/bcfiles/edk_bcfiles/HardwareManager.bc>:HardwareManagerHandler:%8	[</harden/bcfiles/edk_bcfiles/HardwareManager.bc>:HardwareManagerHandler:%355, </harden/bcfiles/edk_bcfiles/HardwareManager.bc>:HardwareManagerHandler:%356]	0
</harden/bcfiles/edk_bcfiles/HardwareManager.bc>:HardwareManagerHandler:%347	</harden/bcfiles/edk_bcfiles/HardwareManager.bc>:HardwareManagerHandler:%8	[</harden/bcfiles/edk_bcfiles/HardwareManager.bc>:HardwareManagerHandler:%346, </harden/bcfiles/edk_bcfiles/HardwareManager.bc>:HardwareManagerHandler:%347]	1
</harden/bcfiles/edk_bcfiles/HardwareManager.bc>:HardwareManagerHandler:%355	</harden/bcfiles/edk_bcfiles/HardwareManager.bc>:HardwareManagerHandler:%8	[</harden/bcfiles/edk_bcfiles/HardwareManager.bc>:HardwareManagerHandler:%354, </harden/bcfiles/edk_bcfiles/HardwareManager.bc>:HardwareManagerHandler:%355]	0
</harden/bcfiles/edk_bcfiles/HardwareManager.bc>:HardwareManagerHandler:%346	</harden/bcfiles/edk_bcfiles/HardwareManager.bc>:HardwareManagerHandler:%8	[</harden/bcfiles/edk_bcfiles/HardwareManager.bc>:HardwareManagerHandler:%345, </harden/bcfiles/edk_bcfiles/HardwareManager.bc>:HardwareManagerHandler:%346]	0
</harden/bcfiles/edk_bcfiles/HardwareManager.bc>:HardwareManagerHandler:%354	</harden/bcfiles/edk_bcfiles/HardwareManager.bc>:HardwareManagerHandler:%8	[</harden/bcfiles/edk_bcfiles/HardwareManager.bc>:HardwareManagerHandler:%12, </harden/bcfiles/edk_bcfiles/HardwareManager.bc>:HardwareManagerHandler:%354]	0
</harden/bcfiles/edk_bcfiles/HardwareManager.bc>:HardwareManagerHandler:%340	</harden/bcfiles/edk_bcfiles/HardwareManager.bc>:HardwareManagerHandler:%8	[</harden/bcfiles/edk_bcfiles/HardwareManager.bc>:HardwareManagerHandler:%339, </harden/bcfiles/edk_bcfiles/HardwareManager.bc>:HardwareManagerHandler:%340]	0
</harden/bcfiles/edk_bcfiles/HardwareManager.bc>:HardwareManagerHandler:%338	</harden/bcfiles/edk_bcfiles/HardwareManager.bc>:HardwareManagerHandler:%8	[</harden/bcfiles/edk_bcfiles/HardwareManager.bc>:HardwareManagerHandler:%337, </harden/bcfiles/edk_bcfiles/HardwareManager.bc>:HardwareManagerHandler:%338]	1
</harden/bcfiles/edk_bcfiles/HardwareManager.bc>:HardwareManagerHandler:%337	</harden/bcfiles/edk_bcfiles/HardwareManager.bc>:HardwareManagerHandler:%8	[</harden/bcfiles/edk_bcfiles/HardwareManager.bc>:HardwareManagerHandler:%336, </harden/bcfiles/edk_bcfiles/HardwareManager.bc>:HardwareManagerHandler:%337]	0
</harden/bcfiles/edk_bcfiles/HardwareManager.bc>:HardwareManagerHandler:%333	</harden/bcfiles/edk_bcfiles/HardwareManager.bc>:HardwareManagerHandler:%8	[</harden/bcfiles/edk_bcfiles/HardwareManager.bc>:HardwareManagerHandler:%12, </harden/bcfiles/edk_bcfiles/HardwareManager.bc>:HardwareManagerHandler:%333]	0
</harden/bcfiles/edk_bcfiles/HardwareManager.bc>:HardwareManagerHandler:%327	</harden/bcfiles/edk_bcfiles/HardwareManager.bc>:HardwareManagerHandler:%8	[</harden/bcfiles/edk_bcfiles/HardwareManager.bc>:HardwareManagerHandler:%12, </harden/bcfiles/edk_bcfiles/HardwareManager.bc>:HardwareManagerHandler:%327]	0
</harden/bcfiles/edk_bcfiles/HardwareManager.bc>:HardwareManagerHandler:%326	</harden/bcfiles/edk_bcfiles/HardwareManager.bc>:HardwareManagerHandler:%8	[</harden/bcfiles/edk_bcfiles/HardwareManager.bc>:HardwareManagerHandler:%325, </harden/bcfiles/edk_bcfiles/HardwareManager.bc>:HardwareManagerHandler:%326]	1
</harden/bcfiles/edk_bcfiles/HardwareManager.bc>:HardwareManagerHandler:%325	</harden/bcfiles/edk_bcfiles/HardwareManager.bc>:HardwareManagerHandler:%8	[</harden/bcfiles/edk_bcfiles/HardwareManager.bc>:HardwareManagerHandler:%324, </harden/bcfiles/edk_bcfiles/HardwareManager.bc>:HardwareManagerHandler:%325]	0
</harden/bcfiles/edk_bcfiles/HardwareManager.bc>:HardwareManagerHandler:%324	</harden/bcfiles/edk_bcfiles/HardwareManager.bc>:HardwareManagerHandler:%8	[</harden/bcfiles/edk_bcfiles/HardwareManager.bc>:HardwareManagerHandler:%12, </harden/bcfiles/edk_bcfiles/HardwareManager.bc>:HardwareManagerHandler:%324]	0
</harden/bcfiles/edk_bcfiles/HardwareManager.bc>:HardwareManagerHandler:%319	</harden/bcfiles/edk_bcfiles/HardwareManager.bc>:HardwareManagerHandler:%8	[</harden/bcfiles/edk_bcfiles/HardwareManager.bc>:HardwareManagerHandler:%318, </harden/bcfiles/edk_bcfiles/HardwareManager.bc>:HardwareManagerHandler:%319]	0
</harden/bcfiles/edk_bcfiles/HardwareManager.bc>:HardwareManagerHandler:%314	</harden/bcfiles/edk_bcfiles/HardwareManager.bc>:HardwareManagerHandler:%8	[</harden/bcfiles/edk_bcfiles/HardwareManager.bc>:HardwareManagerHandler:%313, </harden/bcfiles/edk_bcfiles/HardwareManager.bc>:HardwareManagerHandler:%314]	0
</harden/bcfiles/edk_bcfiles/HardwareManager.bc>:HardwareManagerHandler:%313	</harden/bcfiles/edk_bcfiles/HardwareManager.bc>:HardwareManagerHandler:%8	[</harden/bcfiles/edk_bcfiles/HardwareManager.bc>:HardwareManagerHandler:%312, </harden/bcfiles/edk_bcfiles/HardwareManager.bc>:HardwareManagerHandler:%313]	0
</harden/bcfiles/edk_bcfiles/HardwareManager.bc>:HardwareManagerHandler:%312	</harden/bcfiles/edk_bcfiles/HardwareManager.bc>:HardwareManagerHandler:%8	[</harden/bcfiles/edk_bcfiles/HardwareManager.bc>:HardwareManagerHandler:%12, </harden/bcfiles/edk_bcfiles/HardwareManager.bc>:HardwareManagerHandler:%312]	0
</harden/bcfiles/edk_bcfiles/HardwareManager.bc>:HardwareManagerHandler:%307	</harden/bcfiles/edk_bcfiles/HardwareManager.bc>:HardwareManagerHandler:%8	[</harden/bcfiles/edk_bcfiles/HardwareManager.bc>:HardwareManagerHandler:%306, </harden/bcfiles/edk_bcfiles/HardwareManager.bc>:HardwareManagerHandler:%307]	0
</harden/bcfiles/edk_bcfiles/HardwareManager.bc>:HardwareManagerHandler:%303	</harden/bcfiles/edk_bcfiles/HardwareManager.bc>:HardwareManagerHandler:%8	[</harden/bcfiles/edk_bcfiles/HardwareManager.bc>:HardwareManagerHandler:%12, </harden/bcfiles/edk_bcfiles/HardwareManager.bc>:HardwareManagerHandler:%303]	0
</harden/bcfiles/edk_bcfiles/HardwareManager.bc>:HardwareManagerHandler:%298	</harden/bcfiles/edk_bcfiles/HardwareManager.bc>:HardwareManagerHandler:%8	[</harden/bcfiles/edk_bcfiles/HardwareManager.bc>:HardwareManagerHandler:%297, </harden/bcfiles/edk_bcfiles/HardwareManager.bc>:HardwareManagerHandler:%298]	0
</harden/bcfiles/edk_bcfiles/HardwareManager.bc>:HardwareManagerHandler:%297	</harden/bcfiles/edk_bcfiles/HardwareManager.bc>:HardwareManagerHandler:%8	[</harden/bcfiles/edk_bcfiles/HardwareManager.bc>:HardwareManagerHandler:%12, </harden/bcfiles/edk_bcfiles/HardwareManager.bc>:HardwareManagerHandler:%297]	0
</harden/bcfiles/edk_bcfiles/HardwareManager.bc>:HardwareManagerHandler:%295	</harden/bcfiles/edk_bcfiles/HardwareManager.bc>:HardwareManagerHandler:%8	[</harden/bcfiles/edk_bcfiles/HardwareManager.bc>:HardwareManagerHandler:%294, </harden/bcfiles/edk_bcfiles/HardwareManager.bc>:HardwareManagerHandler:%295]	0
</harden/bcfiles/edk_bcfiles/HardwareManager.bc>:HardwareManagerHandler:%292	</harden/bcfiles/edk_bcfiles/HardwareManager.bc>:HardwareManagerHandler:%8	[</harden/bcfiles/edk_bcfiles/HardwareManager.bc>:HardwareManagerHandler:%291, </harden/bcfiles/edk_bcfiles/HardwareManager.bc>:HardwareManagerHandler:%292]	0
</harden/bcfiles/edk_bcfiles/HardwareManager.bc>:HardwareManagerHandler:%291	</harden/bcfiles/edk_bcfiles/HardwareManager.bc>:HardwareManagerHandler:%8	[</harden/bcfiles/edk_bcfiles/HardwareManager.bc>:HardwareManagerHandler:%12, </harden/bcfiles/edk_bcfiles/HardwareManager.bc>:HardwareManagerHandler:%291]	0
</harden/bcfiles/edk_bcfiles/HardwareManager.bc>:HardwareManagerHandler:%285	</harden/bcfiles/edk_bcfiles/HardwareManager.bc>:HardwareManagerHandler:%8	[</harden/bcfiles/edk_bcfiles/HardwareManager.bc>:HardwareManagerHandler:%12, </harden/bcfiles/edk_bcfiles/HardwareManager.bc>:HardwareManagerHandler:%285]	0
</harden/bcfiles/edk_bcfiles/HardwareManager.bc>:HardwareManagerHandler:%283	</harden/bcfiles/edk_bcfiles/HardwareManager.bc>:HardwareManagerHandler:%8	[</harden/bcfiles/edk_bcfiles/HardwareManager.bc>:HardwareManagerHandler:%282, </harden/bcfiles/edk_bcfiles/HardwareManager.bc>:HardwareManagerHandler:%283]	0
</harden/bcfiles/edk_bcfiles/HardwareManager.bc>:HardwareManagerHandler:%282	</harden/bcfiles/edk_bcfiles/HardwareManager.bc>:HardwareManagerHandler:%8	[</harden/bcfiles/edk_bcfiles/HardwareManager.bc>:HardwareManagerHandler:%12, </harden/bcfiles/edk_bcfiles/HardwareManager.bc>:HardwareManagerHandler:%282]	0
</harden/bcfiles/edk_bcfiles/HardwareManager.bc>:HardwareManagerHandler:%316	</harden/bcfiles/edk_bcfiles/HardwareManager.bc>:HardwareManagerHandler:%8	[</harden/bcfiles/edk_bcfiles/HardwareManager.bc>:HardwareManagerHandler:%315, </harden/bcfiles/edk_bcfiles/HardwareManager.bc>:HardwareManagerHandler:%316]	0
</harden/bcfiles/edk_bcfiles/HardwareManager.bc>:HardwareManagerHandler:%277	</harden/bcfiles/edk_bcfiles/HardwareManager.bc>:HardwareManagerHandler:%8	[</harden/bcfiles/edk_bcfiles/HardwareManager.bc>:HardwareManagerHandler:%276, </harden/bcfiles/edk_bcfiles/HardwareManager.bc>:HardwareManagerHandler:%277]	0
</harden/bcfiles/edk_bcfiles/HardwareManager.bc>:HardwareManagerHandler:%275	</harden/bcfiles/edk_bcfiles/HardwareManager.bc>:HardwareManagerHandler:%8	[</harden/bcfiles/edk_bcfiles/HardwareManager.bc>:HardwareManagerHandler:%274, </harden/bcfiles/edk_bcfiles/HardwareManager.bc>:HardwareManagerHandler:%275]	1
</harden/bcfiles/edk_bcfiles/HardwareManager.bc>:HardwareManagerHandler:%273	</harden/bcfiles/edk_bcfiles/HardwareManager.bc>:HardwareManagerHandler:%8	[</harden/bcfiles/edk_bcfiles/HardwareManager.bc>:HardwareManagerHandler:%12, </harden/bcfiles/edk_bcfiles/HardwareManager.bc>:HardwareManagerHandler:%273]	0
</harden/bcfiles/edk_bcfiles/HardwareManager.bc>:HardwareManagerHandler:%272	</harden/bcfiles/edk_bcfiles/HardwareManager.bc>:HardwareManagerHandler:%8	[</harden/bcfiles/edk_bcfiles/HardwareManager.bc>:HardwareManagerHandler:%271, </harden/bcfiles/edk_bcfiles/HardwareManager.bc>:HardwareManagerHandler:%272]	0
</harden/bcfiles/edk_bcfiles/HardwareManager.bc>:HardwareManagerHandler:%270	</harden/bcfiles/edk_bcfiles/HardwareManager.bc>:HardwareManagerHandler:%8	[</harden/bcfiles/edk_bcfiles/HardwareManager.bc>:HardwareManagerHandler:%12, </harden/bcfiles/edk_bcfiles/HardwareManager.bc>:HardwareManagerHandler:%270]	0
</harden/bcfiles/edk_bcfiles/HardwareManager.bc>:HardwareManagerHandler:%293	</harden/bcfiles/edk_bcfiles/HardwareManager.bc>:HardwareManagerHandler:%8	[</harden/bcfiles/edk_bcfiles/HardwareManager.bc>:HardwareManagerHandler:%292, </harden/bcfiles/edk_bcfiles/HardwareManager.bc>:HardwareManagerHandler:%293]	0
</harden/bcfiles/edk_bcfiles/HardwareManager.bc>:HardwareManagerHandler:%265	</harden/bcfiles/edk_bcfiles/HardwareManager.bc>:HardwareManagerHandler:%8	[</harden/bcfiles/edk_bcfiles/HardwareManager.bc>:HardwareManagerHandler:%264, </harden/bcfiles/edk_bcfiles/HardwareManager.bc>:HardwareManagerHandler:%265]	0
</harden/bcfiles/edk_bcfiles/HardwareManager.bc>:HardwareManagerHandler:%348	</harden/bcfiles/edk_bcfiles/HardwareManager.bc>:HardwareManagerHandler:%8	[</harden/bcfiles/edk_bcfiles/HardwareManager.bc>:HardwareManagerHandler:%12, </harden/bcfiles/edk_bcfiles/HardwareManager.bc>:HardwareManagerHandler:%348]	0
</harden/bcfiles/edk_bcfiles/HardwareManager.bc>:HardwareManagerHandler:%262	</harden/bcfiles/edk_bcfiles/HardwareManager.bc>:HardwareManagerHandler:%8	[</harden/bcfiles/edk_bcfiles/HardwareManager.bc>:HardwareManagerHandler:%261, </harden/bcfiles/edk_bcfiles/HardwareManager.bc>:HardwareManagerHandler:%262]	0
</harden/bcfiles/edk_bcfiles/HardwareManager.bc>:HardwareManagerHandler:%255	</harden/bcfiles/edk_bcfiles/HardwareManager.bc>:HardwareManagerHandler:%8	[</harden/bcfiles/edk_bcfiles/HardwareManager.bc>:HardwareManagerHandler:%12, </harden/bcfiles/edk_bcfiles/HardwareManager.bc>:HardwareManagerHandler:%255]	0
</harden/bcfiles/edk_bcfiles/HardwareManager.bc>:HardwareManagerHandler:%254	</harden/bcfiles/edk_bcfiles/HardwareManager.bc>:HardwareManagerHandler:%8	[</harden/bcfiles/edk_bcfiles/HardwareManager.bc>:HardwareManagerHandler:%253, </harden/bcfiles/edk_bcfiles/HardwareManager.bc>:HardwareManagerHandler:%254]	1
</harden/bcfiles/edk_bcfiles/HardwareManager.bc>:HardwareManagerHandler:%252	</harden/bcfiles/edk_bcfiles/HardwareManager.bc>:HardwareManagerHandler:%8	[</harden/bcfiles/edk_bcfiles/HardwareManager.bc>:HardwareManagerHandler:%12, </harden/bcfiles/edk_bcfiles/HardwareManager.bc>:HardwareManagerHandler:%252]	0
</harden/bcfiles/edk_bcfiles/HardwareManager.bc>:HardwareManagerHandler:%249	</harden/bcfiles/edk_bcfiles/HardwareManager.bc>:HardwareManagerHandler:%8	[</harden/bcfiles/edk_bcfiles/HardwareManager.bc>:HardwareManagerHandler:%12, </harden/bcfiles/edk_bcfiles/HardwareManager.bc>:HardwareManagerHandler:%249]	0
</harden/bcfiles/edk_bcfiles/HardwareManager.bc>:HardwareManagerHandler:%368	</harden/bcfiles/edk_bcfiles/HardwareManager.bc>:HardwareManagerHandler:%8	[</harden/bcfiles/edk_bcfiles/HardwareManager.bc>:HardwareManagerHandler:%367, </harden/bcfiles/edk_bcfiles/HardwareManager.bc>:HardwareManagerHandler:%368]	0
</harden/bcfiles/edk_bcfiles/HardwareManager.bc>:HardwareManagerHandler:%248	</harden/bcfiles/edk_bcfiles/HardwareManager.bc>:HardwareManagerHandler:%8	[</harden/bcfiles/edk_bcfiles/HardwareManager.bc>:HardwareManagerHandler:%247, </harden/bcfiles/edk_bcfiles/HardwareManager.bc>:HardwareManagerHandler:%248]	0
</harden/bcfiles/edk_bcfiles/HardwareManager.bc>:HardwareManagerHandler:%246	</harden/bcfiles/edk_bcfiles/HardwareManager.bc>:HardwareManagerHandler:%8	[</harden/bcfiles/edk_bcfiles/HardwareManager.bc>:HardwareManagerHandler:%12, </harden/bcfiles/edk_bcfiles/HardwareManager.bc>:HardwareManagerHandler:%246]	0
</harden/bcfiles/edk_bcfiles/HardwareManager.bc>:HardwareManagerHandler:%241	</harden/bcfiles/edk_bcfiles/HardwareManager.bc>:HardwareManagerHandler:%8	[</harden/bcfiles/edk_bcfiles/HardwareManager.bc>:HardwareManagerHandler:%240, </harden/bcfiles/edk_bcfiles/HardwareManager.bc>:HardwareManagerHandler:%241]	0
</harden/bcfiles/edk_bcfiles/HardwareManager.bc>:HardwareManagerHandler:%240	</harden/bcfiles/edk_bcfiles/HardwareManager.bc>:HardwareManagerHandler:%8	[</harden/bcfiles/edk_bcfiles/HardwareManager.bc>:HardwareManagerHandler:%12, </harden/bcfiles/edk_bcfiles/HardwareManager.bc>:HardwareManagerHandler:%240]	0
</harden/bcfiles/edk_bcfiles/HardwareManager.bc>:HardwareManagerHandler:%239	</harden/bcfiles/edk_bcfiles/HardwareManager.bc>:HardwareManagerHandler:%8	[</harden/bcfiles/edk_bcfiles/HardwareManager.bc>:HardwareManagerHandler:%238, </harden/bcfiles/edk_bcfiles/HardwareManager.bc>:HardwareManagerHandler:%239]	1
</harden/bcfiles/edk_bcfiles/HardwareManager.bc>:HardwareManagerHandler:%263	</harden/bcfiles/edk_bcfiles/HardwareManager.bc>:HardwareManagerHandler:%8	[</harden/bcfiles/edk_bcfiles/HardwareManager.bc>:HardwareManagerHandler:%262, </harden/bcfiles/edk_bcfiles/HardwareManager.bc>:HardwareManagerHandler:%263]	1
</harden/bcfiles/edk_bcfiles/HardwareManager.bc>:HardwareManagerHandler:%238	</harden/bcfiles/edk_bcfiles/HardwareManager.bc>:HardwareManagerHandler:%8	[</harden/bcfiles/edk_bcfiles/HardwareManager.bc>:HardwareManagerHandler:%237, </harden/bcfiles/edk_bcfiles/HardwareManager.bc>:HardwareManagerHandler:%238]	0
</harden/bcfiles/edk_bcfiles/HardwareManager.bc>:HardwareManagerHandler:%236	</harden/bcfiles/edk_bcfiles/HardwareManager.bc>:HardwareManagerHandler:%8	[</harden/bcfiles/edk_bcfiles/HardwareManager.bc>:HardwareManagerHandler:%12, </harden/bcfiles/edk_bcfiles/HardwareManager.bc>:HardwareManagerHandler:%236]	0
</harden/bcfiles/edk_bcfiles/HardwareManager.bc>:HardwareManagerHandler:%227	</harden/bcfiles/edk_bcfiles/HardwareManager.bc>:HardwareManagerHandler:%8	[</harden/bcfiles/edk_bcfiles/HardwareManager.bc>:HardwareManagerHandler:%12, </harden/bcfiles/edk_bcfiles/HardwareManager.bc>:HardwareManagerHandler:%227]	0
</harden/bcfiles/edk_bcfiles/HardwareManager.bc>:HardwareManagerHandler:%247	</harden/bcfiles/edk_bcfiles/HardwareManager.bc>:HardwareManagerHandler:%8	[</harden/bcfiles/edk_bcfiles/HardwareManager.bc>:HardwareManagerHandler:%246, </harden/bcfiles/edk_bcfiles/HardwareManager.bc>:HardwareManagerHandler:%247]	0
</harden/bcfiles/edk_bcfiles/HardwareManager.bc>:HardwareManagerHandler:%225	</harden/bcfiles/edk_bcfiles/HardwareManager.bc>:HardwareManagerHandler:%8	[</harden/bcfiles/edk_bcfiles/HardwareManager.bc>:HardwareManagerHandler:%224, </harden/bcfiles/edk_bcfiles/HardwareManager.bc>:HardwareManagerHandler:%225]	0
</harden/bcfiles/edk_bcfiles/HardwareManager.bc>:HardwareManagerHandler:%224	</harden/bcfiles/edk_bcfiles/HardwareManager.bc>:HardwareManagerHandler:%8	[</harden/bcfiles/edk_bcfiles/HardwareManager.bc>:HardwareManagerHandler:%12, </harden/bcfiles/edk_bcfiles/HardwareManager.bc>:HardwareManagerHandler:%224]	0
</harden/bcfiles/edk_bcfiles/HardwareManager.bc>:HardwareManagerHandler:%222	</harden/bcfiles/edk_bcfiles/HardwareManager.bc>:HardwareManagerHandler:%8	[</harden/bcfiles/edk_bcfiles/HardwareManager.bc>:HardwareManagerHandler:%221, </harden/bcfiles/edk_bcfiles/HardwareManager.bc>:HardwareManagerHandler:%222]	0
</harden/bcfiles/edk_bcfiles/HardwareManager.bc>:HardwareManagerHandler:%221	</harden/bcfiles/edk_bcfiles/HardwareManager.bc>:HardwareManagerHandler:%8	[</harden/bcfiles/edk_bcfiles/HardwareManager.bc>:HardwareManagerHandler:%12, </harden/bcfiles/edk_bcfiles/HardwareManager.bc>:HardwareManagerHandler:%221]	0
</harden/bcfiles/edk_bcfiles/HardwareManager.bc>:HardwareManagerHandler:%264	</harden/bcfiles/edk_bcfiles/HardwareManager.bc>:HardwareManagerHandler:%8	[</harden/bcfiles/edk_bcfiles/HardwareManager.bc>:HardwareManagerHandler:%12, </harden/bcfiles/edk_bcfiles/HardwareManager.bc>:HardwareManagerHandler:%264]	0
</harden/bcfiles/edk_bcfiles/HardwareManager.bc>:HardwareManagerHandler:%215	</harden/bcfiles/edk_bcfiles/HardwareManager.bc>:HardwareManagerHandler:%8	[</harden/bcfiles/edk_bcfiles/HardwareManager.bc>:HardwareManagerHandler:%12, </harden/bcfiles/edk_bcfiles/HardwareManager.bc>:HardwareManagerHandler:%215]	0
</harden/bcfiles/edk_bcfiles/HardwareManager.bc>:HardwareManagerHandler:%361	</harden/bcfiles/edk_bcfiles/HardwareManager.bc>:HardwareManagerHandler:%8	[</harden/bcfiles/edk_bcfiles/HardwareManager.bc>:HardwareManagerHandler:%360, </harden/bcfiles/edk_bcfiles/HardwareManager.bc>:HardwareManagerHandler:%361]	0
</harden/bcfiles/edk_bcfiles/HardwareManager.bc>:HardwareManagerHandler:%213	</harden/bcfiles/edk_bcfiles/HardwareManager.bc>:HardwareManagerHandler:%8	[</harden/bcfiles/edk_bcfiles/HardwareManager.bc>:HardwareManagerHandler:%212, </harden/bcfiles/edk_bcfiles/HardwareManager.bc>:HardwareManagerHandler:%213]	0
</harden/bcfiles/edk_bcfiles/HardwareManager.bc>:HardwareManagerHandler:%211	</harden/bcfiles/edk_bcfiles/HardwareManager.bc>:HardwareManagerHandler:%8	[</harden/bcfiles/edk_bcfiles/HardwareManager.bc>:HardwareManagerHandler:%12, </harden/bcfiles/edk_bcfiles/HardwareManager.bc>:HardwareManagerHandler:%211]	0
</harden/bcfiles/edk_bcfiles/HardwareManager.bc>:HardwareManagerHandler:%210	</harden/bcfiles/edk_bcfiles/HardwareManager.bc>:HardwareManagerHandler:%8	[</harden/bcfiles/edk_bcfiles/HardwareManager.bc>:HardwareManagerHandler:%209, </harden/bcfiles/edk_bcfiles/HardwareManager.bc>:HardwareManagerHandler:%210]	0
</harden/bcfiles/edk_bcfiles/HardwareManager.bc>:HardwareManagerHandler:%209	</harden/bcfiles/edk_bcfiles/HardwareManager.bc>:HardwareManagerHandler:%8	[</harden/bcfiles/edk_bcfiles/HardwareManager.bc>:HardwareManagerHandler:%208, </harden/bcfiles/edk_bcfiles/HardwareManager.bc>:HardwareManagerHandler:%209]	0
</harden/bcfiles/edk_bcfiles/HardwareManager.bc>:HardwareManagerHandler:%284	</harden/bcfiles/edk_bcfiles/HardwareManager.bc>:HardwareManagerHandler:%8	[</harden/bcfiles/edk_bcfiles/HardwareManager.bc>:HardwareManagerHandler:%283, </harden/bcfiles/edk_bcfiles/HardwareManager.bc>:HardwareManagerHandler:%284]	1
</harden/bcfiles/edk_bcfiles/HardwareManager.bc>:HardwareManagerHandler:%202	</harden/bcfiles/edk_bcfiles/HardwareManager.bc>:HardwareManagerHandler:%8	[</harden/bcfiles/edk_bcfiles/HardwareManager.bc>:HardwareManagerHandler:%12, </harden/bcfiles/edk_bcfiles/HardwareManager.bc>:HardwareManagerHandler:%202]	0
</harden/bcfiles/edk_bcfiles/HardwareManager.bc>:HardwareManagerHandler:%201	</harden/bcfiles/edk_bcfiles/HardwareManager.bc>:HardwareManagerHandler:%8	[</harden/bcfiles/edk_bcfiles/HardwareManager.bc>:HardwareManagerHandler:%197, </harden/bcfiles/edk_bcfiles/HardwareManager.bc>:HardwareManagerHandler:%201]	1
</harden/bcfiles/edk_bcfiles/HardwareManager.bc>:HardwareManagerHandler:%199	</harden/bcfiles/edk_bcfiles/HardwareManager.bc>:HardwareManagerHandler:%8	[</harden/bcfiles/edk_bcfiles/HardwareManager.bc>:HardwareManagerHandler:%198, </harden/bcfiles/edk_bcfiles/HardwareManager.bc>:HardwareManagerHandler:%199]	0
</harden/bcfiles/edk_bcfiles/HardwareManager.bc>:HardwareManagerHandler:%198	</harden/bcfiles/edk_bcfiles/HardwareManager.bc>:HardwareManagerHandler:%8	[</harden/bcfiles/edk_bcfiles/HardwareManager.bc>:HardwareManagerHandler:%12, </harden/bcfiles/edk_bcfiles/HardwareManager.bc>:HardwareManagerHandler:%198]	0
</harden/bcfiles/edk_bcfiles/HardwareManager.bc>:HardwareManagerHandler:%197	</harden/bcfiles/edk_bcfiles/HardwareManager.bc>:HardwareManagerHandler:%8	[</harden/bcfiles/edk_bcfiles/HardwareManager.bc>:HardwareManagerHandler:%196, </harden/bcfiles/edk_bcfiles/HardwareManager.bc>:HardwareManagerHandler:%197]	0
</harden/bcfiles/edk_bcfiles/HardwareManager.bc>:HardwareManagerHandler:%196	</harden/bcfiles/edk_bcfiles/HardwareManager.bc>:HardwareManagerHandler:%8	[</harden/bcfiles/edk_bcfiles/HardwareManager.bc>:HardwareManagerHandler:%195, </harden/bcfiles/edk_bcfiles/HardwareManager.bc>:HardwareManagerHandler:%196]	0
</harden/bcfiles/edk_bcfiles/HardwareManager.bc>:HardwareManagerHandler:%328	</harden/bcfiles/edk_bcfiles/HardwareManager.bc>:HardwareManagerHandler:%8	[</harden/bcfiles/edk_bcfiles/HardwareManager.bc>:HardwareManagerHandler:%327, </harden/bcfiles/edk_bcfiles/HardwareManager.bc>:HardwareManagerHandler:%328]	0
</harden/bcfiles/edk_bcfiles/HardwareManager.bc>:HardwareManagerHandler:%195	</harden/bcfiles/edk_bcfiles/HardwareManager.bc>:HardwareManagerHandler:%8	[</harden/bcfiles/edk_bcfiles/HardwareManager.bc>:HardwareManagerHandler:%12, </harden/bcfiles/edk_bcfiles/HardwareManager.bc>:HardwareManagerHandler:%195]	0
</harden/bcfiles/edk_bcfiles/HardwareManager.bc>:HardwareManagerHandler:%186	</harden/bcfiles/edk_bcfiles/HardwareManager.bc>:HardwareManagerHandler:%8	[</harden/bcfiles/edk_bcfiles/HardwareManager.bc>:HardwareManagerHandler:%12, </harden/bcfiles/edk_bcfiles/HardwareManager.bc>:HardwareManagerHandler:%186]	0
</harden/bcfiles/edk_bcfiles/HardwareManager.bc>:HardwareManagerHandler:%339	</harden/bcfiles/edk_bcfiles/HardwareManager.bc>:HardwareManagerHandler:%8	[</harden/bcfiles/edk_bcfiles/HardwareManager.bc>:HardwareManagerHandler:%12, </harden/bcfiles/edk_bcfiles/HardwareManager.bc>:HardwareManagerHandler:%339]	0
</harden/bcfiles/edk_bcfiles/HardwareManager.bc>:HardwareManagerHandler:%187	</harden/bcfiles/edk_bcfiles/HardwareManager.bc>:HardwareManagerHandler:%8	[</harden/bcfiles/edk_bcfiles/HardwareManager.bc>:HardwareManagerHandler:%186, </harden/bcfiles/edk_bcfiles/HardwareManager.bc>:HardwareManagerHandler:%187]	0
</harden/bcfiles/edk_bcfiles/HardwareManager.bc>:HardwareManagerHandler:%178	</harden/bcfiles/edk_bcfiles/HardwareManager.bc>:HardwareManagerHandler:%8	[</harden/bcfiles/edk_bcfiles/HardwareManager.bc>:HardwareManagerHandler:%177, </harden/bcfiles/edk_bcfiles/HardwareManager.bc>:HardwareManagerHandler:%178]	0
</harden/bcfiles/edk_bcfiles/HardwareManager.bc>:HardwareManagerHandler:%177	</harden/bcfiles/edk_bcfiles/HardwareManager.bc>:HardwareManagerHandler:%8	[</harden/bcfiles/edk_bcfiles/HardwareManager.bc>:HardwareManagerHandler:%12, </harden/bcfiles/edk_bcfiles/HardwareManager.bc>:HardwareManagerHandler:%177]	0
</harden/bcfiles/edk_bcfiles/HardwareManager.bc>:HardwareManagerHandler:%200	</harden/bcfiles/edk_bcfiles/HardwareManager.bc>:HardwareManagerHandler:%8	[</harden/bcfiles/edk_bcfiles/HardwareManager.bc>:HardwareManagerHandler:%199, </harden/bcfiles/edk_bcfiles/HardwareManager.bc>:HardwareManagerHandler:%200]	0
</harden/bcfiles/edk_bcfiles/HardwareManager.bc>:HardwareManagerHandler:%172	</harden/bcfiles/edk_bcfiles/HardwareManager.bc>:HardwareManagerHandler:%8	[</harden/bcfiles/edk_bcfiles/HardwareManager.bc>:HardwareManagerHandler:%171, </harden/bcfiles/edk_bcfiles/HardwareManager.bc>:HardwareManagerHandler:%172]	0
</harden/bcfiles/edk_bcfiles/HardwareManager.bc>:HardwareManagerHandler:%171	</harden/bcfiles/edk_bcfiles/HardwareManager.bc>:HardwareManagerHandler:%8	[</harden/bcfiles/edk_bcfiles/HardwareManager.bc>:HardwareManagerHandler:%170, </harden/bcfiles/edk_bcfiles/HardwareManager.bc>:HardwareManagerHandler:%171]	0
</harden/bcfiles/edk_bcfiles/HardwareManager.bc>:HardwareManagerHandler:%162	</harden/bcfiles/edk_bcfiles/HardwareManager.bc>:HardwareManagerHandler:%8	[</harden/bcfiles/edk_bcfiles/HardwareManager.bc>:HardwareManagerHandler:%161, </harden/bcfiles/edk_bcfiles/HardwareManager.bc>:HardwareManagerHandler:%162]	0
</harden/bcfiles/edk_bcfiles/HardwareManager.bc>:HardwareManagerHandler:%250	</harden/bcfiles/edk_bcfiles/HardwareManager.bc>:HardwareManagerHandler:%8	[</harden/bcfiles/edk_bcfiles/HardwareManager.bc>:HardwareManagerHandler:%249, </harden/bcfiles/edk_bcfiles/HardwareManager.bc>:HardwareManagerHandler:%250]	0
</harden/bcfiles/edk_bcfiles/HardwareManager.bc>:HardwareManagerHandler:%161	</harden/bcfiles/edk_bcfiles/HardwareManager.bc>:HardwareManagerHandler:%8	[</harden/bcfiles/edk_bcfiles/HardwareManager.bc>:HardwareManagerHandler:%12, </harden/bcfiles/edk_bcfiles/HardwareManager.bc>:HardwareManagerHandler:%161]	0
</harden/bcfiles/edk_bcfiles/HardwareManager.bc>:HardwareManagerHandler:%150	</harden/bcfiles/edk_bcfiles/HardwareManager.bc>:HardwareManagerHandler:%8	[</harden/bcfiles/edk_bcfiles/HardwareManager.bc>:HardwareManagerHandler:%149, </harden/bcfiles/edk_bcfiles/HardwareManager.bc>:HardwareManagerHandler:%150]	0
</harden/bcfiles/edk_bcfiles/HardwareManager.bc>:HardwareManagerHandler:%148	</harden/bcfiles/edk_bcfiles/HardwareManager.bc>:HardwareManagerHandler:%8	[</harden/bcfiles/edk_bcfiles/HardwareManager.bc>:HardwareManagerHandler:%12, </harden/bcfiles/edk_bcfiles/HardwareManager.bc>:HardwareManagerHandler:%148]	0
</harden/bcfiles/edk_bcfiles/HardwareManager.bc>:HardwareManagerHandler:%146	</harden/bcfiles/edk_bcfiles/HardwareManager.bc>:HardwareManagerHandler:%8	[</harden/bcfiles/edk_bcfiles/HardwareManager.bc>:HardwareManagerHandler:%145, </harden/bcfiles/edk_bcfiles/HardwareManager.bc>:HardwareManagerHandler:%146]	0
</harden/bcfiles/edk_bcfiles/HardwareManager.bc>:HardwareManagerHandler:%208	</harden/bcfiles/edk_bcfiles/HardwareManager.bc>:HardwareManagerHandler:%8	[</harden/bcfiles/edk_bcfiles/HardwareManager.bc>:HardwareManagerHandler:%12, </harden/bcfiles/edk_bcfiles/HardwareManager.bc>:HardwareManagerHandler:%208]	0
</harden/bcfiles/edk_bcfiles/HardwareManager.bc>:HardwareManagerHandler:%145	</harden/bcfiles/edk_bcfiles/HardwareManager.bc>:HardwareManagerHandler:%8	[</harden/bcfiles/edk_bcfiles/HardwareManager.bc>:HardwareManagerHandler:%12, </harden/bcfiles/edk_bcfiles/HardwareManager.bc>:HardwareManagerHandler:%145]	0
</harden/bcfiles/edk_bcfiles/HardwareManager.bc>:HardwareManagerHandler:%140	</harden/bcfiles/edk_bcfiles/HardwareManager.bc>:HardwareManagerHandler:%8	[</harden/bcfiles/edk_bcfiles/HardwareManager.bc>:HardwareManagerHandler:%139, </harden/bcfiles/edk_bcfiles/HardwareManager.bc>:HardwareManagerHandler:%140]	0
</harden/bcfiles/edk_bcfiles/HardwareManager.bc>:HardwareManagerHandler:%138	</harden/bcfiles/edk_bcfiles/HardwareManager.bc>:HardwareManagerHandler:%8	[</harden/bcfiles/edk_bcfiles/HardwareManager.bc>:HardwareManagerHandler:%137, </harden/bcfiles/edk_bcfiles/HardwareManager.bc>:HardwareManagerHandler:%138]	1
</harden/bcfiles/edk_bcfiles/HardwareManager.bc>:HardwareManagerHandler:%305	</harden/bcfiles/edk_bcfiles/HardwareManager.bc>:HardwareManagerHandler:%8	[</harden/bcfiles/edk_bcfiles/HardwareManager.bc>:HardwareManagerHandler:%304, </harden/bcfiles/edk_bcfiles/HardwareManager.bc>:HardwareManagerHandler:%305]	1
</harden/bcfiles/edk_bcfiles/HardwareManager.bc>:HardwareManagerHandler:%137	</harden/bcfiles/edk_bcfiles/HardwareManager.bc>:HardwareManagerHandler:%8	[</harden/bcfiles/edk_bcfiles/HardwareManager.bc>:HardwareManagerHandler:%136, </harden/bcfiles/edk_bcfiles/HardwareManager.bc>:HardwareManagerHandler:%137]	0
</harden/bcfiles/edk_bcfiles/HardwareManager.bc>:HardwareManagerHandler:%135	</harden/bcfiles/edk_bcfiles/HardwareManager.bc>:HardwareManagerHandler:%8	[</harden/bcfiles/edk_bcfiles/HardwareManager.bc>:HardwareManagerHandler:%12, </harden/bcfiles/edk_bcfiles/HardwareManager.bc>:HardwareManagerHandler:%135]	0
</harden/bcfiles/edk_bcfiles/HardwareManager.bc>:HardwareManagerHandler:%134	</harden/bcfiles/edk_bcfiles/HardwareManager.bc>:HardwareManagerHandler:%8	[</harden/bcfiles/edk_bcfiles/HardwareManager.bc>:HardwareManagerHandler:%133, </harden/bcfiles/edk_bcfiles/HardwareManager.bc>:HardwareManagerHandler:%134]	0
</harden/bcfiles/edk_bcfiles/HardwareManager.bc>:HardwareManagerHandler:%133	</harden/bcfiles/edk_bcfiles/HardwareManager.bc>:HardwareManagerHandler:%8	[</harden/bcfiles/edk_bcfiles/HardwareManager.bc>:HardwareManagerHandler:%132, </harden/bcfiles/edk_bcfiles/HardwareManager.bc>:HardwareManagerHandler:%133]	0
</harden/bcfiles/edk_bcfiles/HardwareManager.bc>:HardwareManagerHandler:%130	</harden/bcfiles/edk_bcfiles/HardwareManager.bc>:HardwareManagerHandler:%8	[</harden/bcfiles/edk_bcfiles/HardwareManager.bc>:HardwareManagerHandler:%129, </harden/bcfiles/edk_bcfiles/HardwareManager.bc>:HardwareManagerHandler:%130]	0
</harden/bcfiles/edk_bcfiles/HardwareManager.bc>:HardwareManagerHandler:%304	</harden/bcfiles/edk_bcfiles/HardwareManager.bc>:HardwareManagerHandler:%8	[</harden/bcfiles/edk_bcfiles/HardwareManager.bc>:HardwareManagerHandler:%303, </harden/bcfiles/edk_bcfiles/HardwareManager.bc>:HardwareManagerHandler:%304]	0
</harden/bcfiles/edk_bcfiles/HardwareManager.bc>:HardwareManagerHandler:%129	</harden/bcfiles/edk_bcfiles/HardwareManager.bc>:HardwareManagerHandler:%8	[</harden/bcfiles/edk_bcfiles/HardwareManager.bc>:HardwareManagerHandler:%12, </harden/bcfiles/edk_bcfiles/HardwareManager.bc>:HardwareManagerHandler:%129]	0
</harden/bcfiles/edk_bcfiles/HardwareManager.bc>:HardwareManagerHandler:%122	</harden/bcfiles/edk_bcfiles/HardwareManager.bc>:HardwareManagerHandler:%8	[</harden/bcfiles/edk_bcfiles/HardwareManager.bc>:HardwareManagerHandler:%121, </harden/bcfiles/edk_bcfiles/HardwareManager.bc>:HardwareManagerHandler:%122]	1
</harden/bcfiles/edk_bcfiles/HardwareManager.bc>:HardwareManagerHandler:%271	</harden/bcfiles/edk_bcfiles/HardwareManager.bc>:HardwareManagerHandler:%8	[</harden/bcfiles/edk_bcfiles/HardwareManager.bc>:HardwareManagerHandler:%270, </harden/bcfiles/edk_bcfiles/HardwareManager.bc>:HardwareManagerHandler:%271]	0
</harden/bcfiles/edk_bcfiles/HardwareManager.bc>:HardwareManagerHandler:%121	</harden/bcfiles/edk_bcfiles/HardwareManager.bc>:HardwareManagerHandler:%8	[</harden/bcfiles/edk_bcfiles/HardwareManager.bc>:HardwareManagerHandler:%120, </harden/bcfiles/edk_bcfiles/HardwareManager.bc>:HardwareManagerHandler:%121]	0
</harden/bcfiles/edk_bcfiles/HardwareManager.bc>:HardwareManagerHandler:%118	</harden/bcfiles/edk_bcfiles/HardwareManager.bc>:HardwareManagerHandler:%8	[</harden/bcfiles/edk_bcfiles/HardwareManager.bc>:HardwareManagerHandler:%117, </harden/bcfiles/edk_bcfiles/HardwareManager.bc>:HardwareManagerHandler:%118]	0
</harden/bcfiles/edk_bcfiles/HardwareManager.bc>:HardwareManagerHandler:%116	</harden/bcfiles/edk_bcfiles/HardwareManager.bc>:HardwareManagerHandler:%8	[</harden/bcfiles/edk_bcfiles/HardwareManager.bc>:HardwareManagerHandler:%12, </harden/bcfiles/edk_bcfiles/HardwareManager.bc>:HardwareManagerHandler:%116]	0
</harden/bcfiles/edk_bcfiles/HardwareManager.bc>:HardwareManagerHandler:%115	</harden/bcfiles/edk_bcfiles/HardwareManager.bc>:HardwareManagerHandler:%8	[</harden/bcfiles/edk_bcfiles/HardwareManager.bc>:HardwareManagerHandler:%114, </harden/bcfiles/edk_bcfiles/HardwareManager.bc>:HardwareManagerHandler:%115]	0
</harden/bcfiles/edk_bcfiles/HardwareManager.bc>:HardwareManagerHandler:%184	</harden/bcfiles/edk_bcfiles/HardwareManager.bc>:HardwareManagerHandler:%8	[</harden/bcfiles/edk_bcfiles/HardwareManager.bc>:HardwareManagerHandler:%183, </harden/bcfiles/edk_bcfiles/HardwareManager.bc>:HardwareManagerHandler:%184]	0
</harden/bcfiles/edk_bcfiles/HardwareManager.bc>:HardwareManagerHandler:%114	</harden/bcfiles/edk_bcfiles/HardwareManager.bc>:HardwareManagerHandler:%8	[</harden/bcfiles/edk_bcfiles/HardwareManager.bc>:HardwareManagerHandler:%113, </harden/bcfiles/edk_bcfiles/HardwareManager.bc>:HardwareManagerHandler:%114]	0
</harden/bcfiles/edk_bcfiles/HardwareManager.bc>:HardwareManagerHandler:%113	</harden/bcfiles/edk_bcfiles/HardwareManager.bc>:HardwareManagerHandler:%8	[</harden/bcfiles/edk_bcfiles/HardwareManager.bc>:HardwareManagerHandler:%12, </harden/bcfiles/edk_bcfiles/HardwareManager.bc>:HardwareManagerHandler:%113]	0
</harden/bcfiles/edk_bcfiles/HardwareManager.bc>:HardwareManagerHandler:%216	</harden/bcfiles/edk_bcfiles/HardwareManager.bc>:HardwareManagerHandler:%8	[</harden/bcfiles/edk_bcfiles/HardwareManager.bc>:HardwareManagerHandler:%215, </harden/bcfiles/edk_bcfiles/HardwareManager.bc>:HardwareManagerHandler:%216]	0
</harden/bcfiles/edk_bcfiles/HardwareManager.bc>:HardwareManagerHandler:%318	</harden/bcfiles/edk_bcfiles/HardwareManager.bc>:HardwareManagerHandler:%8	[</harden/bcfiles/edk_bcfiles/HardwareManager.bc>:HardwareManagerHandler:%12, </harden/bcfiles/edk_bcfiles/HardwareManager.bc>:HardwareManagerHandler:%318]	0
</harden/bcfiles/edk_bcfiles/HardwareManager.bc>:HardwareManagerHandler:%106	</harden/bcfiles/edk_bcfiles/HardwareManager.bc>:HardwareManagerHandler:%8	[</harden/bcfiles/edk_bcfiles/HardwareManager.bc>:HardwareManagerHandler:%102, </harden/bcfiles/edk_bcfiles/HardwareManager.bc>:HardwareManagerHandler:%106]	1
</harden/bcfiles/edk_bcfiles/HardwareManager.bc>:HardwareManagerHandler:%163	</harden/bcfiles/edk_bcfiles/HardwareManager.bc>:HardwareManagerHandler:%8	[</harden/bcfiles/edk_bcfiles/HardwareManager.bc>:HardwareManagerHandler:%162, </harden/bcfiles/edk_bcfiles/HardwareManager.bc>:HardwareManagerHandler:%163]	1
</harden/bcfiles/edk_bcfiles/HardwareManager.bc>:HardwareManagerHandler:%212	</harden/bcfiles/edk_bcfiles/HardwareManager.bc>:HardwareManagerHandler:%8	[</harden/bcfiles/edk_bcfiles/HardwareManager.bc>:HardwareManagerHandler:%211, </harden/bcfiles/edk_bcfiles/HardwareManager.bc>:HardwareManagerHandler:%212]	0
</harden/bcfiles/edk_bcfiles/HardwareManager.bc>:HardwareManagerHandler:%104	</harden/bcfiles/edk_bcfiles/HardwareManager.bc>:HardwareManagerHandler:%8	[</harden/bcfiles/edk_bcfiles/HardwareManager.bc>:HardwareManagerHandler:%103, </harden/bcfiles/edk_bcfiles/HardwareManager.bc>:HardwareManagerHandler:%104]	0
</harden/bcfiles/edk_bcfiles/HardwareManager.bc>:HardwareManagerHandler:%103	</harden/bcfiles/edk_bcfiles/HardwareManager.bc>:HardwareManagerHandler:%8	[</harden/bcfiles/edk_bcfiles/HardwareManager.bc>:HardwareManagerHandler:%12, </harden/bcfiles/edk_bcfiles/HardwareManager.bc>:HardwareManagerHandler:%103]	0
</harden/bcfiles/edk_bcfiles/HardwareManager.bc>:HardwareManagerHandler:%174	</harden/bcfiles/edk_bcfiles/HardwareManager.bc>:HardwareManagerHandler:%8	[</harden/bcfiles/edk_bcfiles/HardwareManager.bc>:HardwareManagerHandler:%173, </harden/bcfiles/edk_bcfiles/HardwareManager.bc>:HardwareManagerHandler:%174]	0
</harden/bcfiles/edk_bcfiles/HardwareManager.bc>:HardwareManagerHandler:%102	</harden/bcfiles/edk_bcfiles/HardwareManager.bc>:HardwareManagerHandler:%8	[</harden/bcfiles/edk_bcfiles/HardwareManager.bc>:HardwareManagerHandler:%101, </harden/bcfiles/edk_bcfiles/HardwareManager.bc>:HardwareManagerHandler:%102]	0
</harden/bcfiles/edk_bcfiles/HardwareManager.bc>:HardwareManagerHandler:%296	</harden/bcfiles/edk_bcfiles/HardwareManager.bc>:HardwareManagerHandler:%8	[</harden/bcfiles/edk_bcfiles/HardwareManager.bc>:HardwareManagerHandler:%295, </harden/bcfiles/edk_bcfiles/HardwareManager.bc>:HardwareManagerHandler:%296]	1
</harden/bcfiles/edk_bcfiles/HardwareManager.bc>:HardwareManagerHandler:%226	</harden/bcfiles/edk_bcfiles/HardwareManager.bc>:HardwareManagerHandler:%8	[</harden/bcfiles/edk_bcfiles/HardwareManager.bc>:HardwareManagerHandler:%225, </harden/bcfiles/edk_bcfiles/HardwareManager.bc>:HardwareManagerHandler:%226]	1
</harden/bcfiles/edk_bcfiles/HardwareManager.bc>:HardwareManagerHandler:%100	</harden/bcfiles/edk_bcfiles/HardwareManager.bc>:HardwareManagerHandler:%8	[</harden/bcfiles/edk_bcfiles/HardwareManager.bc>:HardwareManagerHandler:%12, </harden/bcfiles/edk_bcfiles/HardwareManager.bc>:HardwareManagerHandler:%100]	0
</harden/bcfiles/edk_bcfiles/HardwareManager.bc>:HardwareManagerHandler:%256	</harden/bcfiles/edk_bcfiles/HardwareManager.bc>:HardwareManagerHandler:%8	[</harden/bcfiles/edk_bcfiles/HardwareManager.bc>:HardwareManagerHandler:%255, </harden/bcfiles/edk_bcfiles/HardwareManager.bc>:HardwareManagerHandler:%256]	0
</harden/bcfiles/edk_bcfiles/HardwareManager.bc>:HardwareManagerHandler:%253	</harden/bcfiles/edk_bcfiles/HardwareManager.bc>:HardwareManagerHandler:%8	[</harden/bcfiles/edk_bcfiles/HardwareManager.bc>:HardwareManagerHandler:%252, </harden/bcfiles/edk_bcfiles/HardwareManager.bc>:HardwareManagerHandler:%253]	0
</harden/bcfiles/edk_bcfiles/HardwareManager.bc>:HardwareManagerHandler:%91	</harden/bcfiles/edk_bcfiles/HardwareManager.bc>:HardwareManagerHandler:%8	[</harden/bcfiles/edk_bcfiles/HardwareManager.bc>:HardwareManagerHandler:%12, </harden/bcfiles/edk_bcfiles/HardwareManager.bc>:HardwareManagerHandler:%91]	0
</harden/bcfiles/edk_bcfiles/HardwareManager.bc>:HardwareManagerHandler:%235	</harden/bcfiles/edk_bcfiles/HardwareManager.bc>:HardwareManagerHandler:%8	[</harden/bcfiles/edk_bcfiles/HardwareManager.bc>:HardwareManagerHandler:%234, </harden/bcfiles/edk_bcfiles/HardwareManager.bc>:HardwareManagerHandler:%235]	0
</harden/bcfiles/edk_bcfiles/HardwareManager.bc>:HardwareManagerHandler:%85	</harden/bcfiles/edk_bcfiles/HardwareManager.bc>:HardwareManagerHandler:%8	[</harden/bcfiles/edk_bcfiles/HardwareManager.bc>:HardwareManagerHandler:%84, </harden/bcfiles/edk_bcfiles/HardwareManager.bc>:HardwareManagerHandler:%85]	0
</harden/bcfiles/edk_bcfiles/HardwareManager.bc>:HardwareManagerHandler:%83	</harden/bcfiles/edk_bcfiles/HardwareManager.bc>:HardwareManagerHandler:%8	[</harden/bcfiles/edk_bcfiles/HardwareManager.bc>:HardwareManagerHandler:%88, </harden/bcfiles/edk_bcfiles/HardwareManager.bc>:HardwareManagerHandler:%83]	1
</harden/bcfiles/edk_bcfiles/HardwareManager.bc>:HardwareManagerHandler:%336	</harden/bcfiles/edk_bcfiles/HardwareManager.bc>:HardwareManagerHandler:%8	[</harden/bcfiles/edk_bcfiles/HardwareManager.bc>:HardwareManagerHandler:%12, </harden/bcfiles/edk_bcfiles/HardwareManager.bc>:HardwareManagerHandler:%336]	0
</harden/bcfiles/edk_bcfiles/HardwareManager.bc>:HardwareManagerHandler:%101	</harden/bcfiles/edk_bcfiles/HardwareManager.bc>:HardwareManagerHandler:%8	[</harden/bcfiles/edk_bcfiles/HardwareManager.bc>:HardwareManagerHandler:%100, </harden/bcfiles/edk_bcfiles/HardwareManager.bc>:HardwareManagerHandler:%101]	0
</harden/bcfiles/edk_bcfiles/HardwareManager.bc>:HardwareManagerHandler:%370	</harden/bcfiles/edk_bcfiles/HardwareManager.bc>:HardwareManagerHandler:%8	[</harden/bcfiles/edk_bcfiles/HardwareManager.bc>:HardwareManagerHandler:%12, </harden/bcfiles/edk_bcfiles/HardwareManager.bc>:HardwareManagerHandler:%370]	0
</harden/bcfiles/edk_bcfiles/HardwareManager.bc>:HardwareManagerHandler:%228	</harden/bcfiles/edk_bcfiles/HardwareManager.bc>:HardwareManagerHandler:%8	[</harden/bcfiles/edk_bcfiles/HardwareManager.bc>:HardwareManagerHandler:%227, </harden/bcfiles/edk_bcfiles/HardwareManager.bc>:HardwareManagerHandler:%228]	0
</harden/bcfiles/edk_bcfiles/HardwareManager.bc>:HardwareManagerHandler:%173	</harden/bcfiles/edk_bcfiles/HardwareManager.bc>:HardwareManagerHandler:%8	[</harden/bcfiles/edk_bcfiles/HardwareManager.bc>:HardwareManagerHandler:%12, </harden/bcfiles/edk_bcfiles/HardwareManager.bc>:HardwareManagerHandler:%173]	0
</harden/bcfiles/edk_bcfiles/HardwareManager.bc>:HardwareManagerHandler:%79	</harden/bcfiles/edk_bcfiles/HardwareManager.bc>:HardwareManagerHandler:%8	[</harden/bcfiles/edk_bcfiles/HardwareManager.bc>:HardwareManagerHandler:%78, </harden/bcfiles/edk_bcfiles/HardwareManager.bc>:HardwareManagerHandler:%79]	0
</harden/bcfiles/edk_bcfiles/HardwareManager.bc>:HardwareManagerHandler:%77	</harden/bcfiles/edk_bcfiles/HardwareManager.bc>:HardwareManagerHandler:%8	[</harden/bcfiles/edk_bcfiles/HardwareManager.bc>:HardwareManagerHandler:%76, </harden/bcfiles/edk_bcfiles/HardwareManager.bc>:HardwareManagerHandler:%77]	0
</harden/bcfiles/edk_bcfiles/HardwareManager.bc>:HardwareManagerHandler:%94	</harden/bcfiles/edk_bcfiles/HardwareManager.bc>:HardwareManagerHandler:%8	[</harden/bcfiles/edk_bcfiles/HardwareManager.bc>:HardwareManagerHandler:%93, </harden/bcfiles/edk_bcfiles/HardwareManager.bc>:HardwareManagerHandler:%94]	0
</harden/bcfiles/edk_bcfiles/HardwareManager.bc>:HardwareManagerHandler:%76	</harden/bcfiles/edk_bcfiles/HardwareManager.bc>:HardwareManagerHandler:%8	[</harden/bcfiles/edk_bcfiles/HardwareManager.bc>:HardwareManagerHandler:%12, </harden/bcfiles/edk_bcfiles/HardwareManager.bc>:HardwareManagerHandler:%76]	0
</harden/bcfiles/edk_bcfiles/HardwareManager.bc>:HardwareManagerHandler:%78	</harden/bcfiles/edk_bcfiles/HardwareManager.bc>:HardwareManagerHandler:%8	[</harden/bcfiles/edk_bcfiles/HardwareManager.bc>:HardwareManagerHandler:%77, </harden/bcfiles/edk_bcfiles/HardwareManager.bc>:HardwareManagerHandler:%78]	0
</harden/bcfiles/edk_bcfiles/HardwareManager.bc>:HardwareManagerHandler:%120	</harden/bcfiles/edk_bcfiles/HardwareManager.bc>:HardwareManagerHandler:%8	[</harden/bcfiles/edk_bcfiles/HardwareManager.bc>:HardwareManagerHandler:%119, </harden/bcfiles/edk_bcfiles/HardwareManager.bc>:HardwareManagerHandler:%120]	0
</harden/bcfiles/edk_bcfiles/HardwareManager.bc>:HardwareManagerHandler:%294	</harden/bcfiles/edk_bcfiles/HardwareManager.bc>:HardwareManagerHandler:%8	[</harden/bcfiles/edk_bcfiles/HardwareManager.bc>:HardwareManagerHandler:%12, </harden/bcfiles/edk_bcfiles/HardwareManager.bc>:HardwareManagerHandler:%294]	0
</harden/bcfiles/edk_bcfiles/HardwareManager.bc>:HardwareManagerHandler:%89	</harden/bcfiles/edk_bcfiles/HardwareManager.bc>:HardwareManagerHandler:%8	[</harden/bcfiles/edk_bcfiles/HardwareManager.bc>:HardwareManagerHandler:%88, </harden/bcfiles/edk_bcfiles/HardwareManager.bc>:HardwareManagerHandler:%89]	1
</harden/bcfiles/edk_bcfiles/HardwareManager.bc>:HardwareManagerHandler:%164	</harden/bcfiles/edk_bcfiles/HardwareManager.bc>:HardwareManagerHandler:%8	[</harden/bcfiles/edk_bcfiles/HardwareManager.bc>:HardwareManagerHandler:%12, </harden/bcfiles/edk_bcfiles/HardwareManager.bc>:HardwareManagerHandler:%164]	0
</harden/bcfiles/edk_bcfiles/HardwareManager.bc>:HardwareManagerHandler:%151	</harden/bcfiles/edk_bcfiles/HardwareManager.bc>:HardwareManagerHandler:%8	[</harden/bcfiles/edk_bcfiles/HardwareManager.bc>:HardwareManagerHandler:%150, </harden/bcfiles/edk_bcfiles/HardwareManager.bc>:HardwareManagerHandler:%151]	1
</harden/bcfiles/edk_bcfiles/HardwareManager.bc>:HardwareManagerHandler:%87	</harden/bcfiles/edk_bcfiles/HardwareManager.bc>:HardwareManagerHandler:%8	[</harden/bcfiles/edk_bcfiles/HardwareManager.bc>:HardwareManagerHandler:%86, </harden/bcfiles/edk_bcfiles/HardwareManager.bc>:HardwareManagerHandler:%87]	0
</harden/bcfiles/edk_bcfiles/HardwareManager.bc>:HardwareManagerHandler:%214	</harden/bcfiles/edk_bcfiles/HardwareManager.bc>:HardwareManagerHandler:%8	[</harden/bcfiles/edk_bcfiles/HardwareManager.bc>:HardwareManagerHandler:%213, </harden/bcfiles/edk_bcfiles/HardwareManager.bc>:HardwareManagerHandler:%214]	1
</harden/bcfiles/edk_bcfiles/HardwareManager.bc>:HardwareManagerHandler:%93	</harden/bcfiles/edk_bcfiles/HardwareManager.bc>:HardwareManagerHandler:%8	[</harden/bcfiles/edk_bcfiles/HardwareManager.bc>:HardwareManagerHandler:%12, </harden/bcfiles/edk_bcfiles/HardwareManager.bc>:HardwareManagerHandler:%93]	0
</harden/bcfiles/edk_bcfiles/HardwareManager.bc>:HardwareManagerHandler:%124	</harden/bcfiles/edk_bcfiles/HardwareManager.bc>:HardwareManagerHandler:%8	[</harden/bcfiles/edk_bcfiles/HardwareManager.bc>:HardwareManagerHandler:%123, </harden/bcfiles/edk_bcfiles/HardwareManager.bc>:HardwareManagerHandler:%124]	0
</harden/bcfiles/edk_bcfiles/HardwareManager.bc>:HardwareManagerHandler:%53	</harden/bcfiles/edk_bcfiles/HardwareManager.bc>:HardwareManagerHandler:%8	[</harden/bcfiles/edk_bcfiles/HardwareManager.bc>:HardwareManagerHandler:%52, </harden/bcfiles/edk_bcfiles/HardwareManager.bc>:HardwareManagerHandler:%53]	0
</harden/bcfiles/edk_bcfiles/HardwareManager.bc>:HardwareManagerHandler:%119	</harden/bcfiles/edk_bcfiles/HardwareManager.bc>:HardwareManagerHandler:%8	[</harden/bcfiles/edk_bcfiles/HardwareManager.bc>:HardwareManagerHandler:%12, </harden/bcfiles/edk_bcfiles/HardwareManager.bc>:HardwareManagerHandler:%119]	0
</harden/bcfiles/edk_bcfiles/HardwareManager.bc>:HardwareManagerHandler:%153	</harden/bcfiles/edk_bcfiles/HardwareManager.bc>:HardwareManagerHandler:%8	[</harden/bcfiles/edk_bcfiles/HardwareManager.bc>:HardwareManagerHandler:%152, </harden/bcfiles/edk_bcfiles/HardwareManager.bc>:HardwareManagerHandler:%153]	0
</harden/bcfiles/edk_bcfiles/HardwareManager.bc>:HardwareManagerHandler:%160	</harden/bcfiles/edk_bcfiles/HardwareManager.bc>:HardwareManagerHandler:%8	[</harden/bcfiles/edk_bcfiles/HardwareManager.bc>:HardwareManagerHandler:%159, </harden/bcfiles/edk_bcfiles/HardwareManager.bc>:HardwareManagerHandler:%160]	0
</harden/bcfiles/edk_bcfiles/HardwareManager.bc>:HardwareManagerHandler:%315	</harden/bcfiles/edk_bcfiles/HardwareManager.bc>:HardwareManagerHandler:%8	[</harden/bcfiles/edk_bcfiles/HardwareManager.bc>:HardwareManagerHandler:%12, </harden/bcfiles/edk_bcfiles/HardwareManager.bc>:HardwareManagerHandler:%315]	0
</harden/bcfiles/edk_bcfiles/HardwareManager.bc>:HardwareManagerHandler:%183	</harden/bcfiles/edk_bcfiles/HardwareManager.bc>:HardwareManagerHandler:%8	[</harden/bcfiles/edk_bcfiles/HardwareManager.bc>:HardwareManagerHandler:%12, </harden/bcfiles/edk_bcfiles/HardwareManager.bc>:HardwareManagerHandler:%183]	0
</harden/bcfiles/edk_bcfiles/HardwareManager.bc>:HardwareManagerHandler:%40	</harden/bcfiles/edk_bcfiles/HardwareManager.bc>:HardwareManagerHandler:%8	[</harden/bcfiles/edk_bcfiles/HardwareManager.bc>:HardwareManagerHandler:%12, </harden/bcfiles/edk_bcfiles/HardwareManager.bc>:HardwareManagerHandler:%40]	0
</harden/bcfiles/edk_bcfiles/HardwareManager.bc>:HardwareManagerHandler:%158	</harden/bcfiles/edk_bcfiles/HardwareManager.bc>:HardwareManagerHandler:%8	[</harden/bcfiles/edk_bcfiles/HardwareManager.bc>:HardwareManagerHandler:%12, </harden/bcfiles/edk_bcfiles/HardwareManager.bc>:HardwareManagerHandler:%158]	0
</harden/bcfiles/edk_bcfiles/HardwareManager.bc>:HardwareManagerHandler:%237	</harden/bcfiles/edk_bcfiles/HardwareManager.bc>:HardwareManagerHandler:%8	[</harden/bcfiles/edk_bcfiles/HardwareManager.bc>:HardwareManagerHandler:%236, </harden/bcfiles/edk_bcfiles/HardwareManager.bc>:HardwareManagerHandler:%237]	0
</harden/bcfiles/edk_bcfiles/HardwareManager.bc>:HardwareManagerHandler:%176	</harden/bcfiles/edk_bcfiles/HardwareManager.bc>:HardwareManagerHandler:%8	[</harden/bcfiles/edk_bcfiles/HardwareManager.bc>:HardwareManagerHandler:%172, </harden/bcfiles/edk_bcfiles/HardwareManager.bc>:HardwareManagerHandler:%176]	1
</harden/bcfiles/edk_bcfiles/HardwareManager.bc>:HardwareManagerHandler:%29	</harden/bcfiles/edk_bcfiles/HardwareManager.bc>:HardwareManagerHandler:%8	[</harden/bcfiles/edk_bcfiles/HardwareManager.bc>:HardwareManagerHandler:%28, </harden/bcfiles/edk_bcfiles/HardwareManager.bc>:HardwareManagerHandler:%29]	0
</harden/bcfiles/edk_bcfiles/HardwareManager.bc>:HardwareManagerHandler:%170	</harden/bcfiles/edk_bcfiles/HardwareManager.bc>:HardwareManagerHandler:%8	[</harden/bcfiles/edk_bcfiles/HardwareManager.bc>:HardwareManagerHandler:%12, </harden/bcfiles/edk_bcfiles/HardwareManager.bc>:HardwareManagerHandler:%170]	0
</harden/bcfiles/edk_bcfiles/HardwareManager.bc>:HardwareManagerHandler:%28	</harden/bcfiles/edk_bcfiles/HardwareManager.bc>:HardwareManagerHandler:%8	[</harden/bcfiles/edk_bcfiles/HardwareManager.bc>:HardwareManagerHandler:%27, </harden/bcfiles/edk_bcfiles/HardwareManager.bc>:HardwareManagerHandler:%28]	0
</harden/bcfiles/edk_bcfiles/HardwareManager.bc>:HardwareManagerHandler:%117	</harden/bcfiles/edk_bcfiles/HardwareManager.bc>:HardwareManagerHandler:%8	[</harden/bcfiles/edk_bcfiles/HardwareManager.bc>:HardwareManagerHandler:%116, </harden/bcfiles/edk_bcfiles/HardwareManager.bc>:HardwareManagerHandler:%117]	0
</harden/bcfiles/edk_bcfiles/HardwareManager.bc>:HardwareManagerHandler:%27	</harden/bcfiles/edk_bcfiles/HardwareManager.bc>:HardwareManagerHandler:%8	[</harden/bcfiles/edk_bcfiles/HardwareManager.bc>:HardwareManagerHandler:%26, </harden/bcfiles/edk_bcfiles/HardwareManager.bc>:HardwareManagerHandler:%27]	0
</harden/bcfiles/edk_bcfiles/HardwareManager.bc>:HardwareManagerHandler:%175	</harden/bcfiles/edk_bcfiles/HardwareManager.bc>:HardwareManagerHandler:%8	[</harden/bcfiles/edk_bcfiles/HardwareManager.bc>:HardwareManagerHandler:%174, </harden/bcfiles/edk_bcfiles/HardwareManager.bc>:HardwareManagerHandler:%175]	0
</harden/bcfiles/edk_bcfiles/HardwareManager.bc>:HardwareManagerHandler:%25	</harden/bcfiles/edk_bcfiles/HardwareManager.bc>:HardwareManagerHandler:%8	[</harden/bcfiles/edk_bcfiles/HardwareManager.bc>:HardwareManagerHandler:%29, </harden/bcfiles/edk_bcfiles/HardwareManager.bc>:HardwareManagerHandler:%25]	1
</harden/bcfiles/edk_bcfiles/HardwareManager.bc>:HardwareManagerHandler:%95	</harden/bcfiles/edk_bcfiles/HardwareManager.bc>:HardwareManagerHandler:%8	[</harden/bcfiles/edk_bcfiles/HardwareManager.bc>:HardwareManagerHandler:%94, </harden/bcfiles/edk_bcfiles/HardwareManager.bc>:HardwareManagerHandler:%95]	0
</harden/bcfiles/edk_bcfiles/HardwareManager.bc>:HardwareManagerHandler:%136	</harden/bcfiles/edk_bcfiles/HardwareManager.bc>:HardwareManagerHandler:%8	[</harden/bcfiles/edk_bcfiles/HardwareManager.bc>:HardwareManagerHandler:%135, </harden/bcfiles/edk_bcfiles/HardwareManager.bc>:HardwareManagerHandler:%136]	0
</harden/bcfiles/edk_bcfiles/HardwareManager.bc>:HardwareManagerHandler:%17	</harden/bcfiles/edk_bcfiles/HardwareManager.bc>:HardwareManagerHandler:%9	[</harden/bcfiles/edk_bcfiles/HardwareManager.bc>:HardwareManagerHandler:%16, </harden/bcfiles/edk_bcfiles/HardwareManager.bc>:HardwareManagerHandler:%17]	0
</harden/bcfiles/edk_bcfiles/HardwareManager.bc>:HardwareManagerHandler:%16	</harden/bcfiles/edk_bcfiles/HardwareManager.bc>:HardwareManagerHandler:%9	[</harden/bcfiles/edk_bcfiles/HardwareManager.bc>:HardwareManagerHandler:%9, </harden/bcfiles/edk_bcfiles/HardwareManager.bc>:HardwareManagerHandler:%16]	0
</harden/bcfiles/edk_bcfiles/HardwareManager.bc>:HardwareManagerHandler:%41	</harden/bcfiles/edk_bcfiles/HardwareManager.bc>:HardwareManagerHandler:%8	[</harden/bcfiles/edk_bcfiles/HardwareManager.bc>:HardwareManagerHandler:%40, </harden/bcfiles/edk_bcfiles/HardwareManager.bc>:HardwareManagerHandler:%41]	0
</harden/bcfiles/edk_bcfiles/HardwareManager.bc>:HardwareManagerHandler:%203	</harden/bcfiles/edk_bcfiles/HardwareManager.bc>:HardwareManagerHandler:%8	[</harden/bcfiles/edk_bcfiles/HardwareManager.bc>:HardwareManagerHandler:%202, </harden/bcfiles/edk_bcfiles/HardwareManager.bc>:HardwareManagerHandler:%203]	0
</harden/bcfiles/edk_bcfiles/HardwareManager.bc>:HardwareManagerHandler:%317	</harden/bcfiles/edk_bcfiles/HardwareManager.bc>:HardwareManagerHandler:%8	[</harden/bcfiles/edk_bcfiles/HardwareManager.bc>:HardwareManagerHandler:%316, </harden/bcfiles/edk_bcfiles/HardwareManager.bc>:HardwareManagerHandler:%317]	1
</harden/bcfiles/edk_bcfiles/HardwareManager.bc>:HardwareManagerHandler:%24	</harden/bcfiles/edk_bcfiles/HardwareManager.bc>:HardwareManagerHandler:%8	[</harden/bcfiles/edk_bcfiles/HardwareManager.bc>:HardwareManagerHandler:%25, </harden/bcfiles/edk_bcfiles/HardwareManager.bc>:HardwareManagerHandler:%24]	0
</harden/bcfiles/edk_bcfiles/HardwareManager.bc>:HardwareManagerHandler:%13	</harden/bcfiles/edk_bcfiles/HardwareManager.bc>:HardwareManagerHandler:%8	[</harden/bcfiles/edk_bcfiles/HardwareManager.bc>:HardwareManagerHandler:%8, </harden/bcfiles/edk_bcfiles/HardwareManager.bc>:HardwareManagerHandler:%13]	0
</harden/bcfiles/edk_bcfiles/HardwareManager.bc>:HardwareManagerHandler:%123	</harden/bcfiles/edk_bcfiles/HardwareManager.bc>:HardwareManagerHandler:%8	[</harden/bcfiles/edk_bcfiles/HardwareManager.bc>:HardwareManagerHandler:%12, </harden/bcfiles/edk_bcfiles/HardwareManager.bc>:HardwareManagerHandler:%123]	0
</harden/bcfiles/edk_bcfiles/HardwareManager.bc>:HardwareManagerHandler:%14	</harden/bcfiles/edk_bcfiles/HardwareManager.bc>:HardwareManagerHandler:%8	[</harden/bcfiles/edk_bcfiles/HardwareManager.bc>:HardwareManagerHandler:%13, </harden/bcfiles/edk_bcfiles/HardwareManager.bc>:HardwareManagerHandler:%14]	0
</harden/bcfiles/edk_bcfiles/HardwareManager.bc>:HardwareManagerHandler:%88	</harden/bcfiles/edk_bcfiles/HardwareManager.bc>:HardwareManagerHandler:%8	[</harden/bcfiles/edk_bcfiles/HardwareManager.bc>:HardwareManagerHandler:%87, </harden/bcfiles/edk_bcfiles/HardwareManager.bc>:HardwareManagerHandler:%88]	0
</harden/bcfiles/edk_bcfiles/HardwareManager.bc>:HardwareManagerHandler:%188	</harden/bcfiles/edk_bcfiles/HardwareManager.bc>:HardwareManagerHandler:%8	[</harden/bcfiles/edk_bcfiles/HardwareManager.bc>:HardwareManagerHandler:%187, </harden/bcfiles/edk_bcfiles/HardwareManager.bc>:HardwareManagerHandler:%188]	1
</harden/bcfiles/edk_bcfiles/HardwareManager.bc>:HardwareManagerHandler:%349	</harden/bcfiles/edk_bcfiles/HardwareManager.bc>:HardwareManagerHandler:%8	[</harden/bcfiles/edk_bcfiles/HardwareManager.bc>:HardwareManagerHandler:%348, </harden/bcfiles/edk_bcfiles/HardwareManager.bc>:HardwareManagerHandler:%349]	0
</harden/bcfiles/edk_bcfiles/HardwareManager.bc>:HardwareManagerHandler:%334	</harden/bcfiles/edk_bcfiles/HardwareManager.bc>:HardwareManagerHandler:%8	[</harden/bcfiles/edk_bcfiles/HardwareManager.bc>:HardwareManagerHandler:%333, </harden/bcfiles/edk_bcfiles/HardwareManager.bc>:HardwareManagerHandler:%334]	0
</harden/bcfiles/edk_bcfiles/HardwareManager.bc>:HardwareManagerHandler:%189	</harden/bcfiles/edk_bcfiles/HardwareManager.bc>:HardwareManagerHandler:%8	[</harden/bcfiles/edk_bcfiles/HardwareManager.bc>:HardwareManagerHandler:%12, </harden/bcfiles/edk_bcfiles/HardwareManager.bc>:HardwareManagerHandler:%189]	0
</harden/bcfiles/edk_bcfiles/HardwareManager.bc>:HardwareManagerHandler:%261	</harden/bcfiles/edk_bcfiles/HardwareManager.bc>:HardwareManagerHandler:%8	[</harden/bcfiles/edk_bcfiles/HardwareManager.bc>:HardwareManagerHandler:%12, </harden/bcfiles/edk_bcfiles/HardwareManager.bc>:HardwareManagerHandler:%261]	0
</harden/bcfiles/edk_bcfiles/HardwareManager.bc>:HardwareManagerHandler:%92	</harden/bcfiles/edk_bcfiles/HardwareManager.bc>:HardwareManagerHandler:%8	[</harden/bcfiles/edk_bcfiles/HardwareManager.bc>:HardwareManagerHandler:%91, </harden/bcfiles/edk_bcfiles/HardwareManager.bc>:HardwareManagerHandler:%92]	0
</harden/bcfiles/edk_bcfiles/HardwareManager.bc>:HardwareManagerHandler:%105	</harden/bcfiles/edk_bcfiles/HardwareManager.bc>:HardwareManagerHandler:%8	[</harden/bcfiles/edk_bcfiles/HardwareManager.bc>:HardwareManagerHandler:%104, </harden/bcfiles/edk_bcfiles/HardwareManager.bc>:HardwareManagerHandler:%105]	0
</harden/bcfiles/edk_bcfiles/HardwareManager.bc>:HardwareManagerHandler:%274	</harden/bcfiles/edk_bcfiles/HardwareManager.bc>:HardwareManagerHandler:%8	[</harden/bcfiles/edk_bcfiles/HardwareManager.bc>:HardwareManagerHandler:%273, </harden/bcfiles/edk_bcfiles/HardwareManager.bc>:HardwareManagerHandler:%274]	0
</harden/bcfiles/edk_bcfiles/HardwareManager.bc>:HardwareManagerHandler:%84	</harden/bcfiles/edk_bcfiles/HardwareManager.bc>:HardwareManagerHandler:%8	[</harden/bcfiles/edk_bcfiles/HardwareManager.bc>:HardwareManagerHandler:%12, </harden/bcfiles/edk_bcfiles/HardwareManager.bc>:HardwareManagerHandler:%84]	0
</harden/bcfiles/edk_bcfiles/HardwareManager.bc>:HardwareManagerHandler:%345	</harden/bcfiles/edk_bcfiles/HardwareManager.bc>:HardwareManagerHandler:%8	[</harden/bcfiles/edk_bcfiles/HardwareManager.bc>:HardwareManagerHandler:%12, </harden/bcfiles/edk_bcfiles/HardwareManager.bc>:HardwareManagerHandler:%345]	0
</harden/bcfiles/edk_bcfiles/HardwareManager.bc>:HardwareManagerHandler:%251	</harden/bcfiles/edk_bcfiles/HardwareManager.bc>:HardwareManagerHandler:%8	[</harden/bcfiles/edk_bcfiles/HardwareManager.bc>:HardwareManagerHandler:%250, </harden/bcfiles/edk_bcfiles/HardwareManager.bc>:HardwareManagerHandler:%251]	0
</harden/bcfiles/edk_bcfiles/HardwareManager.bc>:HardwareManagerHandler:%139	</harden/bcfiles/edk_bcfiles/HardwareManager.bc>:HardwareManagerHandler:%8	[</harden/bcfiles/edk_bcfiles/HardwareManager.bc>:HardwareManagerHandler:%12, </harden/bcfiles/edk_bcfiles/HardwareManager.bc>:HardwareManagerHandler:%139]	0
</harden/bcfiles/edk_bcfiles/HardwareManager.bc>:HardwareManagerHandler:%22	</harden/bcfiles/edk_bcfiles/HardwareManager.bc>:HardwareManagerHandler:%8	[</harden/bcfiles/edk_bcfiles/HardwareManager.bc>:HardwareManagerHandler:%8, </harden/bcfiles/edk_bcfiles/HardwareManager.bc>:HardwareManagerHandler:%22]	0
</harden/bcfiles/edk_bcfiles/HardwareManager.bc>:HardwareManagerHandler:%233	</harden/bcfiles/edk_bcfiles/HardwareManager.bc>:HardwareManagerHandler:%8	[</harden/bcfiles/edk_bcfiles/HardwareManager.bc>:HardwareManagerHandler:%12, </harden/bcfiles/edk_bcfiles/HardwareManager.bc>:HardwareManagerHandler:%233]	0
</harden/bcfiles/edk_bcfiles/HardwareManager.bc>:HardwareManagerHandler:%52	</harden/bcfiles/edk_bcfiles/HardwareManager.bc>:HardwareManagerHandler:%8	[</harden/bcfiles/edk_bcfiles/HardwareManager.bc>:HardwareManagerHandler:%12, </harden/bcfiles/edk_bcfiles/HardwareManager.bc>:HardwareManagerHandler:%52]	0
</harden/bcfiles/edk_bcfiles/HardwareManager.bc>:HardwareManagerHandler:%159	</harden/bcfiles/edk_bcfiles/HardwareManager.bc>:HardwareManagerHandler:%8	[</harden/bcfiles/edk_bcfiles/HardwareManager.bc>:HardwareManagerHandler:%158, </harden/bcfiles/edk_bcfiles/HardwareManager.bc>:HardwareManagerHandler:%159]	0
</harden/bcfiles/edk_bcfiles/HardwareManager.bc>:HardwareManagerHandler:%234	</harden/bcfiles/edk_bcfiles/HardwareManager.bc>:HardwareManagerHandler:%8	[</harden/bcfiles/edk_bcfiles/HardwareManager.bc>:HardwareManagerHandler:%233, </harden/bcfiles/edk_bcfiles/HardwareManager.bc>:HardwareManagerHandler:%234]	0
</harden/bcfiles/edk_bcfiles/HardwareManager.bc>:HardwareManagerHandler:%286	</harden/bcfiles/edk_bcfiles/HardwareManager.bc>:HardwareManagerHandler:%8	[</harden/bcfiles/edk_bcfiles/HardwareManager.bc>:HardwareManagerHandler:%285, </harden/bcfiles/edk_bcfiles/HardwareManager.bc>:HardwareManagerHandler:%286]	0
</harden/bcfiles/edk_bcfiles/HardwareManager.bc>:HardwareManagerHandler:%9	</harden/bcfiles/edk_bcfiles/HardwareManager.bc>:HardwareManagerHandler:%9	[</harden/bcfiles/edk_bcfiles/HardwareManager.bc>:HardwareManagerHandler:%9, </harden/bcfiles/edk_bcfiles/HardwareManager.bc>:HardwareManagerHandler:%9]	0
</harden/bcfiles/edk_bcfiles/HardwareManager.bc>:HardwareManagerHandler:%335	</harden/bcfiles/edk_bcfiles/HardwareManager.bc>:HardwareManagerHandler:%8	[</harden/bcfiles/edk_bcfiles/HardwareManager.bc>:HardwareManagerHandler:%334, </harden/bcfiles/edk_bcfiles/HardwareManager.bc>:HardwareManagerHandler:%335]	0
</harden/bcfiles/edk_bcfiles/HardwareManager.bc>:HardwareManagerHandler:%276	</harden/bcfiles/edk_bcfiles/HardwareManager.bc>:HardwareManagerHandler:%8	[</harden/bcfiles/edk_bcfiles/HardwareManager.bc>:HardwareManagerHandler:%12, </harden/bcfiles/edk_bcfiles/HardwareManager.bc>:HardwareManagerHandler:%276]	0
</harden/bcfiles/edk_bcfiles/HardwareManager.bc>:HardwareManagerHandler:%26	</harden/bcfiles/edk_bcfiles/HardwareManager.bc>:HardwareManagerHandler:%8	[</harden/bcfiles/edk_bcfiles/HardwareManager.bc>:HardwareManagerHandler:%12, </harden/bcfiles/edk_bcfiles/HardwareManager.bc>:HardwareManagerHandler:%26]	0
</harden/bcfiles/edk_bcfiles/HardwareManager.bc>:HardwareManagerHandler:%190	</harden/bcfiles/edk_bcfiles/HardwareManager.bc>:HardwareManagerHandler:%8	[</harden/bcfiles/edk_bcfiles/HardwareManager.bc>:HardwareManagerHandler:%189, </harden/bcfiles/edk_bcfiles/HardwareManager.bc>:HardwareManagerHandler:%190]	0
</harden/bcfiles/edk_bcfiles/HardwareManager.bc>:HardwareManagerHandler:%306	</harden/bcfiles/edk_bcfiles/HardwareManager.bc>:HardwareManagerHandler:%8	[</harden/bcfiles/edk_bcfiles/HardwareManager.bc>:HardwareManagerHandler:%12, </harden/bcfiles/edk_bcfiles/HardwareManager.bc>:HardwareManagerHandler:%306]	0
</harden/bcfiles/edk_bcfiles/HardwareManager.bc>:HardwareManagerHandler:%8	</harden/bcfiles/edk_bcfiles/HardwareManager.bc>:HardwareManagerHandler:%8	[</harden/bcfiles/edk_bcfiles/HardwareManager.bc>:HardwareManagerHandler:%8, </harden/bcfiles/edk_bcfiles/HardwareManager.bc>:HardwareManagerHandler:%8]	0
</harden/bcfiles/edk_bcfiles/HardwareManager.bc>:HardwareManagerHandler:%152	</harden/bcfiles/edk_bcfiles/HardwareManager.bc>:HardwareManagerHandler:%8	[</harden/bcfiles/edk_bcfiles/HardwareManager.bc>:HardwareManagerHandler:%12, </harden/bcfiles/edk_bcfiles/HardwareManager.bc>:HardwareManagerHandler:%152]	0
</harden/bcfiles/edk_bcfiles/HardwareManager.bc>:HardwareManagerHandler:%86	</harden/bcfiles/edk_bcfiles/HardwareManager.bc>:HardwareManagerHandler:%8	[</harden/bcfiles/edk_bcfiles/HardwareManager.bc>:HardwareManagerHandler:%85, </harden/bcfiles/edk_bcfiles/HardwareManager.bc>:HardwareManagerHandler:%86]	0
</harden/bcfiles/edk_bcfiles/HardwareManager.bc>:HardwareManagerHandler:%132	</harden/bcfiles/edk_bcfiles/HardwareManager.bc>:HardwareManagerHandler:%8	[</harden/bcfiles/edk_bcfiles/HardwareManager.bc>:HardwareManagerHandler:%12, </harden/bcfiles/edk_bcfiles/HardwareManager.bc>:HardwareManagerHandler:%132]	0
</harden/bcfiles/edk_bcfiles/HardwareManager.bc>:HardwareManagerHandler:%108	</harden/bcfiles/edk_bcfiles/HardwareManager.bc>:HardwareManagerHandler:%8	[</harden/bcfiles/edk_bcfiles/HardwareManager.bc>:HardwareManagerHandler:%107, </harden/bcfiles/edk_bcfiles/HardwareManager.bc>:HardwareManagerHandler:%108]	0
</harden/bcfiles/edk_bcfiles/HardwareManager.bc>:HardwareManagerHandler:%149	</harden/bcfiles/edk_bcfiles/HardwareManager.bc>:HardwareManagerHandler:%8	[</harden/bcfiles/edk_bcfiles/HardwareManager.bc>:HardwareManagerHandler:%148, </harden/bcfiles/edk_bcfiles/HardwareManager.bc>:HardwareManagerHandler:%149]	0
</harden/bcfiles/edk_bcfiles/HardwareManager.bc>:HardwareManagerHandler:%165	</harden/bcfiles/edk_bcfiles/HardwareManager.bc>:HardwareManagerHandler:%8	[</harden/bcfiles/edk_bcfiles/HardwareManager.bc>:HardwareManagerHandler:%164, </harden/bcfiles/edk_bcfiles/HardwareManager.bc>:HardwareManagerHandler:%165]	0
</harden/bcfiles/edk_bcfiles/HardwareManager.bc>:HardwareManagerHandler:%12	</harden/bcfiles/edk_bcfiles/HardwareManager.bc>:HardwareManagerHandler:%8	[</harden/bcfiles/edk_bcfiles/HardwareManager.bc>:HardwareManagerHandler:%23, </harden/bcfiles/edk_bcfiles/HardwareManager.bc>:HardwareManagerHandler:%12]	0
</harden/bcfiles/edk_bcfiles/HardwareManager.bc>:HardwareManagerHandler:%223	</harden/bcfiles/edk_bcfiles/HardwareManager.bc>:HardwareManagerHandler:%8	[</harden/bcfiles/edk_bcfiles/HardwareManager.bc>:HardwareManagerHandler:%222, </harden/bcfiles/edk_bcfiles/HardwareManager.bc>:HardwareManagerHandler:%223]	0
</harden/bcfiles/edk_bcfiles/HardwareManager.bc>:HardwareManagerHandler:%30	</harden/bcfiles/edk_bcfiles/HardwareManager.bc>:HardwareManagerHandler:%8	[</harden/bcfiles/edk_bcfiles/HardwareManager.bc>:HardwareManagerHandler:%29, </harden/bcfiles/edk_bcfiles/HardwareManager.bc>:HardwareManagerHandler:%30]	1
</harden/bcfiles/edk_bcfiles/HardwareManager.bc>:HardwareManagerHandler:%147	</harden/bcfiles/edk_bcfiles/HardwareManager.bc>:HardwareManagerHandler:%8	[</harden/bcfiles/edk_bcfiles/HardwareManager.bc>:HardwareManagerHandler:%146, </harden/bcfiles/edk_bcfiles/HardwareManager.bc>:HardwareManagerHandler:%147]	0
</harden/bcfiles/edk_bcfiles/HardwareManager.bc>:HardwareManagerHandler:%23	</harden/bcfiles/edk_bcfiles/HardwareManager.bc>:HardwareManagerHandler:%8	[</harden/bcfiles/edk_bcfiles/HardwareManager.bc>:HardwareManagerHandler:%22, </harden/bcfiles/edk_bcfiles/HardwareManager.bc>:HardwareManagerHandler:%23]	0
</harden/bcfiles/edk_bcfiles/HardwareManager.bc>:HardwareManagerHandler:%185	</harden/bcfiles/edk_bcfiles/HardwareManager.bc>:HardwareManagerHandler:%8	[</harden/bcfiles/edk_bcfiles/HardwareManager.bc>:HardwareManagerHandler:%184, </harden/bcfiles/edk_bcfiles/HardwareManager.bc>:HardwareManagerHandler:%185]	0
</harden/bcfiles/edk_bcfiles/HardwareManager.bc>:HardwareManagerHandler:%107	</harden/bcfiles/edk_bcfiles/HardwareManager.bc>:HardwareManagerHandler:%8	[</harden/bcfiles/edk_bcfiles/HardwareManager.bc>:HardwareManagerHandler:%12, </harden/bcfiles/edk_bcfiles/HardwareManager.bc>:HardwareManagerHandler:%107]	0
</harden/bcfiles/edk_bcfiles/HardwareManager.bc>:HardwareManagerHandler:%131	</harden/bcfiles/edk_bcfiles/HardwareManager.bc>:HardwareManagerHandler:%8	[</harden/bcfiles/edk_bcfiles/HardwareManager.bc>:HardwareManagerHandler:%130, </harden/bcfiles/edk_bcfiles/HardwareManager.bc>:HardwareManagerHandler:%131]	0
