</harden/bcfiles/edk_bcfiles/HardwareManager.bc>:HardwareManagerHandler:%371	</harden/bcfiles/edk_bcfiles/HardwareManager.bc>:HardwareManagerHandler:%370	</harden/bcfiles/edk_bcfiles/HardwareManager.bc>:HardwareManagerHandler:410:0:0	</harden/bcfiles/edk_bcfiles/HardwareManager.bc>:HardwareManagerHandler:410:1:6
</harden/bcfiles/edk_bcfiles/HardwareManager.bc>:HardwareManagerHandler:%364	</harden/bcfiles/edk_bcfiles/HardwareManager.bc>:HardwareManagerHandler:%363	</harden/bcfiles/edk_bcfiles/HardwareManager.bc>:HardwareManagerHandler:402:0:0	</harden/bcfiles/edk_bcfiles/HardwareManager.bc>:HardwareManagerHandler:402:1:4
</harden/bcfiles/edk_bcfiles/HardwareManager.bc>:HardwareManagerHandler:%358	</harden/bcfiles/edk_bcfiles/HardwareManager.bc>:HardwareManagerHandler:%357	</harden/bcfiles/edk_bcfiles/HardwareManager.bc>:HardwareManagerHandler:395:0:0	</harden/bcfiles/edk_bcfiles/HardwareManager.bc>:HardwareManagerHandler:395:1:2
</harden/bcfiles/edk_bcfiles/HardwareManager.bc>:HardwareManagerHandler:%352	</harden/bcfiles/edk_bcfiles/HardwareManager.bc>:HardwareManagerHandler:%351	</harden/bcfiles/edk_bcfiles/HardwareManager.bc>:HardwareManagerHandler:389:0:0	</harden/bcfiles/edk_bcfiles/HardwareManager.bc>:HardwareManagerHandler:389:1:9
</harden/bcfiles/edk_bcfiles/HardwareManager.bc>:HardwareManagerHandler:%355	</harden/bcfiles/edk_bcfiles/HardwareManager.bc>:HardwareManagerHandler:%354	</harden/bcfiles/edk_bcfiles/HardwareManager.bc>:HardwareManagerHandler:392:0:0	</harden/bcfiles/edk_bcfiles/HardwareManager.bc>:HardwareManagerHandler:392:1:1
</harden/bcfiles/edk_bcfiles/HardwareManager.bc>:HardwareManagerHandler:%346	</harden/bcfiles/edk_bcfiles/HardwareManager.bc>:HardwareManagerHandler:%345	</harden/bcfiles/edk_bcfiles/HardwareManager.bc>:HardwareManagerHandler:382:0:0	</harden/bcfiles/edk_bcfiles/HardwareManager.bc>:HardwareManagerHandler:382:1:1
</harden/bcfiles/edk_bcfiles/HardwareManager.bc>:HardwareManagerHandler:%340	</harden/bcfiles/edk_bcfiles/HardwareManager.bc>:HardwareManagerHandler:%339	</harden/bcfiles/edk_bcfiles/HardwareManager.bc>:HardwareManagerHandler:375:0:0	</harden/bcfiles/edk_bcfiles/HardwareManager.bc>:HardwareManagerHandler:375:1:6
</harden/bcfiles/edk_bcfiles/HardwareManager.bc>:HardwareManagerHandler:%337	</harden/bcfiles/edk_bcfiles/HardwareManager.bc>:HardwareManagerHandler:%336	</harden/bcfiles/edk_bcfiles/HardwareManager.bc>:HardwareManagerHandler:372:0:0	</harden/bcfiles/edk_bcfiles/HardwareManager.bc>:HardwareManagerHandler:372:1:2
</harden/bcfiles/edk_bcfiles/HardwareManager.bc>:HardwareManagerHandler:%325	</harden/bcfiles/edk_bcfiles/HardwareManager.bc>:HardwareManagerHandler:%324	</harden/bcfiles/edk_bcfiles/HardwareManager.bc>:HardwareManagerHandler:359:0:0	</harden/bcfiles/edk_bcfiles/HardwareManager.bc>:HardwareManagerHandler:359:1:1
</harden/bcfiles/edk_bcfiles/HardwareManager.bc>:HardwareManagerHandler:%322	</harden/bcfiles/edk_bcfiles/HardwareManager.bc>:HardwareManagerHandler:%321	</harden/bcfiles/edk_bcfiles/HardwareManager.bc>:HardwareManagerHandler:356:0:0	</harden/bcfiles/edk_bcfiles/HardwareManager.bc>:HardwareManagerHandler:356:1:6
</harden/bcfiles/edk_bcfiles/HardwareManager.bc>:HardwareManagerHandler:%319	</harden/bcfiles/edk_bcfiles/HardwareManager.bc>:HardwareManagerHandler:%318	</harden/bcfiles/edk_bcfiles/HardwareManager.bc>:HardwareManagerHandler:352:0:0	</harden/bcfiles/edk_bcfiles/HardwareManager.bc>:HardwareManagerHandler:352:1:6
</harden/bcfiles/edk_bcfiles/HardwareManager.bc>:HardwareManagerHandler:%313	</harden/bcfiles/edk_bcfiles/HardwareManager.bc>:HardwareManagerHandler:%312	</harden/bcfiles/edk_bcfiles/HardwareManager.bc>:HardwareManagerHandler:346:0:0	</harden/bcfiles/edk_bcfiles/HardwareManager.bc>:HardwareManagerHandler:346:1:1
</harden/bcfiles/edk_bcfiles/HardwareManager.bc>:HardwareManagerHandler:%343	</harden/bcfiles/edk_bcfiles/HardwareManager.bc>:HardwareManagerHandler:%342	</harden/bcfiles/edk_bcfiles/HardwareManager.bc>:HardwareManagerHandler:379:0:0	</harden/bcfiles/edk_bcfiles/HardwareManager.bc>:HardwareManagerHandler:379:1:8
</harden/bcfiles/edk_bcfiles/HardwareManager.bc>:HardwareManagerHandler:%307	</harden/bcfiles/edk_bcfiles/HardwareManager.bc>:HardwareManagerHandler:%306	</harden/bcfiles/edk_bcfiles/HardwareManager.bc>:HardwareManagerHandler:339:0:0	</harden/bcfiles/edk_bcfiles/HardwareManager.bc>:HardwareManagerHandler:339:1:6
</harden/bcfiles/edk_bcfiles/HardwareManager.bc>:HardwareManagerHandler:%301	</harden/bcfiles/edk_bcfiles/HardwareManager.bc>:HardwareManagerHandler:%300	</harden/bcfiles/edk_bcfiles/HardwareManager.bc>:HardwareManagerHandler:333:0:0	</harden/bcfiles/edk_bcfiles/HardwareManager.bc>:HardwareManagerHandler:333:1:4
</harden/bcfiles/edk_bcfiles/HardwareManager.bc>:HardwareManagerHandler:%298	</harden/bcfiles/edk_bcfiles/HardwareManager.bc>:HardwareManagerHandler:%297	</harden/bcfiles/edk_bcfiles/HardwareManager.bc>:HardwareManagerHandler:329:0:0	</harden/bcfiles/edk_bcfiles/HardwareManager.bc>:HardwareManagerHandler:329:1:6
</harden/bcfiles/edk_bcfiles/HardwareManager.bc>:HardwareManagerHandler:%295	</harden/bcfiles/edk_bcfiles/HardwareManager.bc>:HardwareManagerHandler:%294	</harden/bcfiles/edk_bcfiles/HardwareManager.bc>:HardwareManagerHandler:326:0:0	</harden/bcfiles/edk_bcfiles/HardwareManager.bc>:HardwareManagerHandler:326:1:2
</harden/bcfiles/edk_bcfiles/HardwareManager.bc>:HardwareManagerHandler:%292	</harden/bcfiles/edk_bcfiles/HardwareManager.bc>:HardwareManagerHandler:%291	</harden/bcfiles/edk_bcfiles/HardwareManager.bc>:HardwareManagerHandler:323:0:0	</harden/bcfiles/edk_bcfiles/HardwareManager.bc>:HardwareManagerHandler:323:1:1
</harden/bcfiles/edk_bcfiles/HardwareManager.bc>:HardwareManagerHandler:%283	</harden/bcfiles/edk_bcfiles/HardwareManager.bc>:HardwareManagerHandler:%282	</harden/bcfiles/edk_bcfiles/HardwareManager.bc>:HardwareManagerHandler:313:0:0	</harden/bcfiles/edk_bcfiles/HardwareManager.bc>:HardwareManagerHandler:313:1:1
</harden/bcfiles/edk_bcfiles/HardwareManager.bc>:HardwareManagerHandler:%316	</harden/bcfiles/edk_bcfiles/HardwareManager.bc>:HardwareManagerHandler:%315	</harden/bcfiles/edk_bcfiles/HardwareManager.bc>:HardwareManagerHandler:349:0:0	</harden/bcfiles/edk_bcfiles/HardwareManager.bc>:HardwareManagerHandler:349:1:2
</harden/bcfiles/edk_bcfiles/HardwareManager.bc>:HardwareManagerHandler:%277	</harden/bcfiles/edk_bcfiles/HardwareManager.bc>:HardwareManagerHandler:%276	</harden/bcfiles/edk_bcfiles/HardwareManager.bc>:HardwareManagerHandler:306:0:0	</harden/bcfiles/edk_bcfiles/HardwareManager.bc>:HardwareManagerHandler:306:1:6
</harden/bcfiles/edk_bcfiles/HardwareManager.bc>:HardwareManagerHandler:%265	</harden/bcfiles/edk_bcfiles/HardwareManager.bc>:HardwareManagerHandler:%264	</harden/bcfiles/edk_bcfiles/HardwareManager.bc>:HardwareManagerHandler:293:0:0	</harden/bcfiles/edk_bcfiles/HardwareManager.bc>:HardwareManagerHandler:293:1:6
</harden/bcfiles/edk_bcfiles/HardwareManager.bc>:HardwareManagerHandler:%262	</harden/bcfiles/edk_bcfiles/HardwareManager.bc>:HardwareManagerHandler:%261	</harden/bcfiles/edk_bcfiles/HardwareManager.bc>:HardwareManagerHandler:290:0:0	</harden/bcfiles/edk_bcfiles/HardwareManager.bc>:HardwareManagerHandler:290:1:1
</harden/bcfiles/edk_bcfiles/HardwareManager.bc>:HardwareManagerHandler:%280	</harden/bcfiles/edk_bcfiles/HardwareManager.bc>:HardwareManagerHandler:%279	</harden/bcfiles/edk_bcfiles/HardwareManager.bc>:HardwareManagerHandler:310:0:0	</harden/bcfiles/edk_bcfiles/HardwareManager.bc>:HardwareManagerHandler:310:1:2
</harden/bcfiles/edk_bcfiles/HardwareManager.bc>:HardwareManagerHandler:%368	</harden/bcfiles/edk_bcfiles/HardwareManager.bc>:HardwareManagerHandler:%367	</harden/bcfiles/edk_bcfiles/HardwareManager.bc>:HardwareManagerHandler:406:0:0	</harden/bcfiles/edk_bcfiles/HardwareManager.bc>:HardwareManagerHandler:406:1:6
</harden/bcfiles/edk_bcfiles/HardwareManager.bc>:HardwareManagerHandler:%244	</harden/bcfiles/edk_bcfiles/HardwareManager.bc>:HardwareManagerHandler:%243	</harden/bcfiles/edk_bcfiles/HardwareManager.bc>:HardwareManagerHandler:271:0:0	</harden/bcfiles/edk_bcfiles/HardwareManager.bc>:HardwareManagerHandler:271:1:3
</harden/bcfiles/edk_bcfiles/HardwareManager.bc>:HardwareManagerHandler:%241	</harden/bcfiles/edk_bcfiles/HardwareManager.bc>:HardwareManagerHandler:%240	</harden/bcfiles/edk_bcfiles/HardwareManager.bc>:HardwareManagerHandler:267:0:0	</harden/bcfiles/edk_bcfiles/HardwareManager.bc>:HardwareManagerHandler:267:1:6
</harden/bcfiles/edk_bcfiles/HardwareManager.bc>:HardwareManagerHandler:%231	</harden/bcfiles/edk_bcfiles/HardwareManager.bc>:HardwareManagerHandler:%230	</harden/bcfiles/edk_bcfiles/HardwareManager.bc>:HardwareManagerHandler:257:0:0	</harden/bcfiles/edk_bcfiles/HardwareManager.bc>:HardwareManagerHandler:257:1:2
</harden/bcfiles/edk_bcfiles/HardwareManager.bc>:HardwareManagerHandler:%247	</harden/bcfiles/edk_bcfiles/HardwareManager.bc>:HardwareManagerHandler:%246	</harden/bcfiles/edk_bcfiles/HardwareManager.bc>:HardwareManagerHandler:274:0:0	</harden/bcfiles/edk_bcfiles/HardwareManager.bc>:HardwareManagerHandler:274:1:1
</harden/bcfiles/edk_bcfiles/HardwareManager.bc>:HardwareManagerHandler:%225	</harden/bcfiles/edk_bcfiles/HardwareManager.bc>:HardwareManagerHandler:%224	</harden/bcfiles/edk_bcfiles/HardwareManager.bc>:HardwareManagerHandler:250:0:0	</harden/bcfiles/edk_bcfiles/HardwareManager.bc>:HardwareManagerHandler:250:1:2
</harden/bcfiles/edk_bcfiles/HardwareManager.bc>:HardwareManagerHandler:%222	</harden/bcfiles/edk_bcfiles/HardwareManager.bc>:HardwareManagerHandler:%221	</harden/bcfiles/edk_bcfiles/HardwareManager.bc>:HardwareManagerHandler:247:0:0	</harden/bcfiles/edk_bcfiles/HardwareManager.bc>:HardwareManagerHandler:247:1:1
</harden/bcfiles/edk_bcfiles/HardwareManager.bc>:HardwareManagerHandler:%361	</harden/bcfiles/edk_bcfiles/HardwareManager.bc>:HardwareManagerHandler:%360	</harden/bcfiles/edk_bcfiles/HardwareManager.bc>:HardwareManagerHandler:398:0:0	</harden/bcfiles/edk_bcfiles/HardwareManager.bc>:HardwareManagerHandler:398:1:6
</harden/bcfiles/edk_bcfiles/HardwareManager.bc>:HardwareManagerHandler:%209	</harden/bcfiles/edk_bcfiles/HardwareManager.bc>:HardwareManagerHandler:%208	</harden/bcfiles/edk_bcfiles/HardwareManager.bc>:HardwareManagerHandler:233:0:0	</harden/bcfiles/edk_bcfiles/HardwareManager.bc>:HardwareManagerHandler:233:1:1
</harden/bcfiles/edk_bcfiles/HardwareManager.bc>:HardwareManagerHandler:%206	</harden/bcfiles/edk_bcfiles/HardwareManager.bc>:HardwareManagerHandler:%205	</harden/bcfiles/edk_bcfiles/HardwareManager.bc>:HardwareManagerHandler:230:0:0	</harden/bcfiles/edk_bcfiles/HardwareManager.bc>:HardwareManagerHandler:230:1:0
</harden/bcfiles/edk_bcfiles/HardwareManager.bc>:HardwareManagerHandler:%199	</harden/bcfiles/edk_bcfiles/HardwareManager.bc>:HardwareManagerHandler:%198	</harden/bcfiles/edk_bcfiles/HardwareManager.bc>:HardwareManagerHandler:222:0:0	</harden/bcfiles/edk_bcfiles/HardwareManager.bc>:HardwareManagerHandler:222:1:2
</harden/bcfiles/edk_bcfiles/HardwareManager.bc>:HardwareManagerHandler:%196	</harden/bcfiles/edk_bcfiles/HardwareManager.bc>:HardwareManagerHandler:%195	</harden/bcfiles/edk_bcfiles/HardwareManager.bc>:HardwareManagerHandler:219:0:0	</harden/bcfiles/edk_bcfiles/HardwareManager.bc>:HardwareManagerHandler:219:1:1
</harden/bcfiles/edk_bcfiles/HardwareManager.bc>:HardwareManagerHandler:%328	</harden/bcfiles/edk_bcfiles/HardwareManager.bc>:HardwareManagerHandler:%327	</harden/bcfiles/edk_bcfiles/HardwareManager.bc>:HardwareManagerHandler:362:0:0	</harden/bcfiles/edk_bcfiles/HardwareManager.bc>:HardwareManagerHandler:362:1:6
</harden/bcfiles/edk_bcfiles/HardwareManager.bc>:HardwareManagerHandler:%181	</harden/bcfiles/edk_bcfiles/HardwareManager.bc>:HardwareManagerHandler:%180	</harden/bcfiles/edk_bcfiles/HardwareManager.bc>:HardwareManagerHandler:203:0:0	</harden/bcfiles/edk_bcfiles/HardwareManager.bc>:HardwareManagerHandler:203:1:2
</harden/bcfiles/edk_bcfiles/HardwareManager.bc>:HardwareManagerHandler:%187	</harden/bcfiles/edk_bcfiles/HardwareManager.bc>:HardwareManagerHandler:%186	</harden/bcfiles/edk_bcfiles/HardwareManager.bc>:HardwareManagerHandler:209:0:0	</harden/bcfiles/edk_bcfiles/HardwareManager.bc>:HardwareManagerHandler:209:1:2
</harden/bcfiles/edk_bcfiles/HardwareManager.bc>:HardwareManagerHandler:%178	</harden/bcfiles/edk_bcfiles/HardwareManager.bc>:HardwareManagerHandler:%177	</harden/bcfiles/edk_bcfiles/HardwareManager.bc>:HardwareManagerHandler:199:0:0	</harden/bcfiles/edk_bcfiles/HardwareManager.bc>:HardwareManagerHandler:199:1:6
</harden/bcfiles/edk_bcfiles/HardwareManager.bc>:HardwareManagerHandler:%171	</harden/bcfiles/edk_bcfiles/HardwareManager.bc>:HardwareManagerHandler:%170	</harden/bcfiles/edk_bcfiles/HardwareManager.bc>:HardwareManagerHandler:192:0:0	</harden/bcfiles/edk_bcfiles/HardwareManager.bc>:HardwareManagerHandler:192:1:1
</harden/bcfiles/edk_bcfiles/HardwareManager.bc>:HardwareManagerHandler:%162	</harden/bcfiles/edk_bcfiles/HardwareManager.bc>:HardwareManagerHandler:%161	</harden/bcfiles/edk_bcfiles/HardwareManager.bc>:HardwareManagerHandler:182:0:0	</harden/bcfiles/edk_bcfiles/HardwareManager.bc>:HardwareManagerHandler:182:1:2
</harden/bcfiles/edk_bcfiles/HardwareManager.bc>:HardwareManagerHandler:%250	</harden/bcfiles/edk_bcfiles/HardwareManager.bc>:HardwareManagerHandler:%249	</harden/bcfiles/edk_bcfiles/HardwareManager.bc>:HardwareManagerHandler:277:0:0	</harden/bcfiles/edk_bcfiles/HardwareManager.bc>:HardwareManagerHandler:277:1:2
</harden/bcfiles/edk_bcfiles/HardwareManager.bc>:HardwareManagerHandler:%146	</harden/bcfiles/edk_bcfiles/HardwareManager.bc>:HardwareManagerHandler:%145	</harden/bcfiles/edk_bcfiles/HardwareManager.bc>:HardwareManagerHandler:165:0:0	</harden/bcfiles/edk_bcfiles/HardwareManager.bc>:HardwareManagerHandler:165:1:1
</harden/bcfiles/edk_bcfiles/HardwareManager.bc>:HardwareManagerHandler:%143	</harden/bcfiles/edk_bcfiles/HardwareManager.bc>:HardwareManagerHandler:%142	</harden/bcfiles/edk_bcfiles/HardwareManager.bc>:HardwareManagerHandler:162:0:0	</harden/bcfiles/edk_bcfiles/HardwareManager.bc>:HardwareManagerHandler:162:1:3
</harden/bcfiles/edk_bcfiles/HardwareManager.bc>:HardwareManagerHandler:%268	</harden/bcfiles/edk_bcfiles/HardwareManager.bc>:HardwareManagerHandler:%267	</harden/bcfiles/edk_bcfiles/HardwareManager.bc>:HardwareManagerHandler:297:0:0	</harden/bcfiles/edk_bcfiles/HardwareManager.bc>:HardwareManagerHandler:297:1:1
</harden/bcfiles/edk_bcfiles/HardwareManager.bc>:HardwareManagerHandler:%140	</harden/bcfiles/edk_bcfiles/HardwareManager.bc>:HardwareManagerHandler:%139	</harden/bcfiles/edk_bcfiles/HardwareManager.bc>:HardwareManagerHandler:158:0:0	</harden/bcfiles/edk_bcfiles/HardwareManager.bc>:HardwareManagerHandler:158:1:6
</harden/bcfiles/edk_bcfiles/HardwareManager.bc>:HardwareManagerHandler:%259	</harden/bcfiles/edk_bcfiles/HardwareManager.bc>:HardwareManagerHandler:%258	</harden/bcfiles/edk_bcfiles/HardwareManager.bc>:HardwareManagerHandler:287:0:0	</harden/bcfiles/edk_bcfiles/HardwareManager.bc>:HardwareManagerHandler:287:1:0
</harden/bcfiles/edk_bcfiles/HardwareManager.bc>:HardwareManagerHandler:%133	</harden/bcfiles/edk_bcfiles/HardwareManager.bc>:HardwareManagerHandler:%132	</harden/bcfiles/edk_bcfiles/HardwareManager.bc>:HardwareManagerHandler:151:0:0	</harden/bcfiles/edk_bcfiles/HardwareManager.bc>:HardwareManagerHandler:151:1:2
</harden/bcfiles/edk_bcfiles/HardwareManager.bc>:HardwareManagerHandler:%130	</harden/bcfiles/edk_bcfiles/HardwareManager.bc>:HardwareManagerHandler:%129	</harden/bcfiles/edk_bcfiles/HardwareManager.bc>:HardwareManagerHandler:148:0:0	</harden/bcfiles/edk_bcfiles/HardwareManager.bc>:HardwareManagerHandler:148:1:1
</harden/bcfiles/edk_bcfiles/HardwareManager.bc>:HardwareManagerHandler:%304	</harden/bcfiles/edk_bcfiles/HardwareManager.bc>:HardwareManagerHandler:%303	</harden/bcfiles/edk_bcfiles/HardwareManager.bc>:HardwareManagerHandler:336:0:0	</harden/bcfiles/edk_bcfiles/HardwareManager.bc>:HardwareManagerHandler:336:1:1
</harden/bcfiles/edk_bcfiles/HardwareManager.bc>:HardwareManagerHandler:%127	</harden/bcfiles/edk_bcfiles/HardwareManager.bc>:HardwareManagerHandler:%126	</harden/bcfiles/edk_bcfiles/HardwareManager.bc>:HardwareManagerHandler:145:0:0	</harden/bcfiles/edk_bcfiles/HardwareManager.bc>:HardwareManagerHandler:145:1:2
</harden/bcfiles/edk_bcfiles/HardwareManager.bc>:HardwareManagerHandler:%271	</harden/bcfiles/edk_bcfiles/HardwareManager.bc>:HardwareManagerHandler:%270	</harden/bcfiles/edk_bcfiles/HardwareManager.bc>:HardwareManagerHandler:300:0:0	</harden/bcfiles/edk_bcfiles/HardwareManager.bc>:HardwareManagerHandler:300:1:1
</harden/bcfiles/edk_bcfiles/HardwareManager.bc>:HardwareManagerHandler:%184	</harden/bcfiles/edk_bcfiles/HardwareManager.bc>:HardwareManagerHandler:%183	</harden/bcfiles/edk_bcfiles/HardwareManager.bc>:HardwareManagerHandler:206:0:0	</harden/bcfiles/edk_bcfiles/HardwareManager.bc>:HardwareManagerHandler:206:1:1
</harden/bcfiles/edk_bcfiles/HardwareManager.bc>:HardwareManagerHandler:%114	</harden/bcfiles/edk_bcfiles/HardwareManager.bc>:HardwareManagerHandler:%113	</harden/bcfiles/edk_bcfiles/HardwareManager.bc>:HardwareManagerHandler:131:0:0	</harden/bcfiles/edk_bcfiles/HardwareManager.bc>:HardwareManagerHandler:131:1:1
</harden/bcfiles/edk_bcfiles/HardwareManager.bc>:HardwareManagerHandler:%216	</harden/bcfiles/edk_bcfiles/HardwareManager.bc>:HardwareManagerHandler:%215	</harden/bcfiles/edk_bcfiles/HardwareManager.bc>:HardwareManagerHandler:240:0:0	</harden/bcfiles/edk_bcfiles/HardwareManager.bc>:HardwareManagerHandler:240:1:6
</harden/bcfiles/edk_bcfiles/HardwareManager.bc>:HardwareManagerHandler:%111	</harden/bcfiles/edk_bcfiles/HardwareManager.bc>:HardwareManagerHandler:%110	</harden/bcfiles/edk_bcfiles/HardwareManager.bc>:HardwareManagerHandler:128:0:0	</harden/bcfiles/edk_bcfiles/HardwareManager.bc>:HardwareManagerHandler:128:1:1
</harden/bcfiles/edk_bcfiles/HardwareManager.bc>:HardwareManagerHandler:%168	</harden/bcfiles/edk_bcfiles/HardwareManager.bc>:HardwareManagerHandler:%167	</harden/bcfiles/edk_bcfiles/HardwareManager.bc>:HardwareManagerHandler:189:0:0	</harden/bcfiles/edk_bcfiles/HardwareManager.bc>:HardwareManagerHandler:189:1:1
</harden/bcfiles/edk_bcfiles/HardwareManager.bc>:HardwareManagerHandler:%212	</harden/bcfiles/edk_bcfiles/HardwareManager.bc>:HardwareManagerHandler:%211	</harden/bcfiles/edk_bcfiles/HardwareManager.bc>:HardwareManagerHandler:236:0:0	</harden/bcfiles/edk_bcfiles/HardwareManager.bc>:HardwareManagerHandler:236:1:2
</harden/bcfiles/edk_bcfiles/HardwareManager.bc>:HardwareManagerHandler:%104	</harden/bcfiles/edk_bcfiles/HardwareManager.bc>:HardwareManagerHandler:%103	</harden/bcfiles/edk_bcfiles/HardwareManager.bc>:HardwareManagerHandler:120:0:0	</harden/bcfiles/edk_bcfiles/HardwareManager.bc>:HardwareManagerHandler:120:1:2
</harden/bcfiles/edk_bcfiles/HardwareManager.bc>:HardwareManagerHandler:%174	</harden/bcfiles/edk_bcfiles/HardwareManager.bc>:HardwareManagerHandler:%173	</harden/bcfiles/edk_bcfiles/HardwareManager.bc>:HardwareManagerHandler:195:0:0	</harden/bcfiles/edk_bcfiles/HardwareManager.bc>:HardwareManagerHandler:195:1:2
</harden/bcfiles/edk_bcfiles/HardwareManager.bc>:HardwareManagerHandler:%98	</harden/bcfiles/edk_bcfiles/HardwareManager.bc>:HardwareManagerHandler:%97	</harden/bcfiles/edk_bcfiles/HardwareManager.bc>:HardwareManagerHandler:114:0:0	</harden/bcfiles/edk_bcfiles/HardwareManager.bc>:HardwareManagerHandler:114:1:0
</harden/bcfiles/edk_bcfiles/HardwareManager.bc>:HardwareManagerHandler:%256	</harden/bcfiles/edk_bcfiles/HardwareManager.bc>:HardwareManagerHandler:%255	</harden/bcfiles/edk_bcfiles/HardwareManager.bc>:HardwareManagerHandler:283:0:0	</harden/bcfiles/edk_bcfiles/HardwareManager.bc>:HardwareManagerHandler:283:1:6
</harden/bcfiles/edk_bcfiles/HardwareManager.bc>:HardwareManagerHandler:%253	</harden/bcfiles/edk_bcfiles/HardwareManager.bc>:HardwareManagerHandler:%252	</harden/bcfiles/edk_bcfiles/HardwareManager.bc>:HardwareManagerHandler:280:0:0	</harden/bcfiles/edk_bcfiles/HardwareManager.bc>:HardwareManagerHandler:280:1:3
</harden/bcfiles/edk_bcfiles/HardwareManager.bc>:HardwareManagerHandler:%85	</harden/bcfiles/edk_bcfiles/HardwareManager.bc>:HardwareManagerHandler:%84	</harden/bcfiles/edk_bcfiles/HardwareManager.bc>:HardwareManagerHandler:100:0:0	</harden/bcfiles/edk_bcfiles/HardwareManager.bc>:HardwareManagerHandler:100:1:7
</harden/bcfiles/edk_bcfiles/HardwareManager.bc>:HardwareManagerHandler:%101	</harden/bcfiles/edk_bcfiles/HardwareManager.bc>:HardwareManagerHandler:%100	</harden/bcfiles/edk_bcfiles/HardwareManager.bc>:HardwareManagerHandler:117:0:0	</harden/bcfiles/edk_bcfiles/HardwareManager.bc>:HardwareManagerHandler:117:1:1
</harden/bcfiles/edk_bcfiles/HardwareManager.bc>:HardwareManagerHandler:%156	</harden/bcfiles/edk_bcfiles/HardwareManager.bc>:HardwareManagerHandler:%155	</harden/bcfiles/edk_bcfiles/HardwareManager.bc>:HardwareManagerHandler:176:0:0	</harden/bcfiles/edk_bcfiles/HardwareManager.bc>:HardwareManagerHandler:176:1:0
</harden/bcfiles/edk_bcfiles/HardwareManager.bc>:HardwareManagerHandler:%228	</harden/bcfiles/edk_bcfiles/HardwareManager.bc>:HardwareManagerHandler:%227	</harden/bcfiles/edk_bcfiles/HardwareManager.bc>:HardwareManagerHandler:253:0:0	</harden/bcfiles/edk_bcfiles/HardwareManager.bc>:HardwareManagerHandler:253:1:6
</harden/bcfiles/edk_bcfiles/HardwareManager.bc>:HardwareManagerHandler:%77	</harden/bcfiles/edk_bcfiles/HardwareManager.bc>:HardwareManagerHandler:%76	</harden/bcfiles/edk_bcfiles/HardwareManager.bc>:HardwareManagerHandler:92:0:0	</harden/bcfiles/edk_bcfiles/HardwareManager.bc>:HardwareManagerHandler:92:1:0
</harden/bcfiles/edk_bcfiles/HardwareManager.bc>:HardwareManagerHandler:%94	</harden/bcfiles/edk_bcfiles/HardwareManager.bc>:HardwareManagerHandler:%93	</harden/bcfiles/edk_bcfiles/HardwareManager.bc>:HardwareManagerHandler:110:0:0	</harden/bcfiles/edk_bcfiles/HardwareManager.bc>:HardwareManagerHandler:110:1:0
</harden/bcfiles/edk_bcfiles/HardwareManager.bc>:HardwareManagerHandler:%70	</harden/bcfiles/edk_bcfiles/HardwareManager.bc>:HardwareManagerHandler:%69	</harden/bcfiles/edk_bcfiles/HardwareManager.bc>:HardwareManagerHandler:84:0:0	</harden/bcfiles/edk_bcfiles/HardwareManager.bc>:HardwareManagerHandler:84:1:2
</harden/bcfiles/edk_bcfiles/HardwareManager.bc>:HardwareManagerHandler:%120	</harden/bcfiles/edk_bcfiles/HardwareManager.bc>:HardwareManagerHandler:%119	</harden/bcfiles/edk_bcfiles/HardwareManager.bc>:HardwareManagerHandler:137:0:0	</harden/bcfiles/edk_bcfiles/HardwareManager.bc>:HardwareManagerHandler:137:1:3
</harden/bcfiles/edk_bcfiles/HardwareManager.bc>:HardwareManagerHandler:%65	</harden/bcfiles/edk_bcfiles/HardwareManager.bc>:HardwareManagerHandler:%64	</harden/bcfiles/edk_bcfiles/HardwareManager.bc>:HardwareManagerHandler:78:0:0	</harden/bcfiles/edk_bcfiles/HardwareManager.bc>:HardwareManagerHandler:78:1:3
</harden/bcfiles/edk_bcfiles/HardwareManager.bc>:HardwareManagerHandler:%60	</harden/bcfiles/edk_bcfiles/HardwareManager.bc>:HardwareManagerHandler:%59	</harden/bcfiles/edk_bcfiles/HardwareManager.bc>:HardwareManagerHandler:73:0:0	</harden/bcfiles/edk_bcfiles/HardwareManager.bc>:HardwareManagerHandler:73:1:3
</harden/bcfiles/edk_bcfiles/HardwareManager.bc>:HardwareManagerHandler:%331	</harden/bcfiles/edk_bcfiles/HardwareManager.bc>:HardwareManagerHandler:%330	</harden/bcfiles/edk_bcfiles/HardwareManager.bc>:HardwareManagerHandler:366:0:0	</harden/bcfiles/edk_bcfiles/HardwareManager.bc>:HardwareManagerHandler:366:1:7
</harden/bcfiles/edk_bcfiles/HardwareManager.bc>:HardwareManagerHandler:%57	</harden/bcfiles/edk_bcfiles/HardwareManager.bc>:HardwareManagerHandler:%56	</harden/bcfiles/edk_bcfiles/HardwareManager.bc>:HardwareManagerHandler:70:0:0	</harden/bcfiles/edk_bcfiles/HardwareManager.bc>:HardwareManagerHandler:70:1:5
</harden/bcfiles/edk_bcfiles/HardwareManager.bc>:HardwareManagerHandler:%124	</harden/bcfiles/edk_bcfiles/HardwareManager.bc>:HardwareManagerHandler:%123	</harden/bcfiles/edk_bcfiles/HardwareManager.bc>:HardwareManagerHandler:141:0:0	</harden/bcfiles/edk_bcfiles/HardwareManager.bc>:HardwareManagerHandler:141:1:6
</harden/bcfiles/edk_bcfiles/HardwareManager.bc>:HardwareManagerHandler:%53	</harden/bcfiles/edk_bcfiles/HardwareManager.bc>:HardwareManagerHandler:%52	</harden/bcfiles/edk_bcfiles/HardwareManager.bc>:HardwareManagerHandler:64:0:0	</harden/bcfiles/edk_bcfiles/HardwareManager.bc>:HardwareManagerHandler:64:1:6
</harden/bcfiles/edk_bcfiles/HardwareManager.bc>:HardwareManagerHandler:%153	</harden/bcfiles/edk_bcfiles/HardwareManager.bc>:HardwareManagerHandler:%152	</harden/bcfiles/edk_bcfiles/HardwareManager.bc>:HardwareManagerHandler:172:0:0	</harden/bcfiles/edk_bcfiles/HardwareManager.bc>:HardwareManagerHandler:172:1:6
</harden/bcfiles/edk_bcfiles/HardwareManager.bc>:HardwareManagerHandler:%44	</harden/bcfiles/edk_bcfiles/HardwareManager.bc>:HardwareManagerHandler:%43	</harden/bcfiles/edk_bcfiles/HardwareManager.bc>:HardwareManagerHandler:55:0:0	</harden/bcfiles/edk_bcfiles/HardwareManager.bc>:HardwareManagerHandler:55:1:2
</harden/bcfiles/edk_bcfiles/HardwareManager.bc>:HardwareManagerHandler:%237	</harden/bcfiles/edk_bcfiles/HardwareManager.bc>:HardwareManagerHandler:%236	</harden/bcfiles/edk_bcfiles/HardwareManager.bc>:HardwareManagerHandler:263:0:0	</harden/bcfiles/edk_bcfiles/HardwareManager.bc>:HardwareManagerHandler:263:1:2
</harden/bcfiles/edk_bcfiles/HardwareManager.bc>:HardwareManagerHandler:%117	</harden/bcfiles/edk_bcfiles/HardwareManager.bc>:HardwareManagerHandler:%116	</harden/bcfiles/edk_bcfiles/HardwareManager.bc>:HardwareManagerHandler:134:0:0	</harden/bcfiles/edk_bcfiles/HardwareManager.bc>:HardwareManagerHandler:134:1:2
</harden/bcfiles/edk_bcfiles/HardwareManager.bc>:HardwareManagerHandler:%27	</harden/bcfiles/edk_bcfiles/HardwareManager.bc>:HardwareManagerHandler:%26	</harden/bcfiles/edk_bcfiles/HardwareManager.bc>:HardwareManagerHandler:36:0:0	</harden/bcfiles/edk_bcfiles/HardwareManager.bc>:HardwareManagerHandler:36:1:7
</harden/bcfiles/edk_bcfiles/HardwareManager.bc>:HardwareManagerHandler:%75	</harden/bcfiles/edk_bcfiles/HardwareManager.bc>:HardwareManagerHandler:%74	</harden/bcfiles/edk_bcfiles/HardwareManager.bc>:HardwareManagerHandler:89:0:0	</harden/bcfiles/edk_bcfiles/HardwareManager.bc>:HardwareManagerHandler:89:1:2
</harden/bcfiles/edk_bcfiles/HardwareManager.bc>:HardwareManagerHandler:%136	</harden/bcfiles/edk_bcfiles/HardwareManager.bc>:HardwareManagerHandler:%135	</harden/bcfiles/edk_bcfiles/HardwareManager.bc>:HardwareManagerHandler:154:0:0	</harden/bcfiles/edk_bcfiles/HardwareManager.bc>:HardwareManagerHandler:154:1:3
</harden/bcfiles/edk_bcfiles/HardwareManager.bc>:HardwareManagerHandler:%41	</harden/bcfiles/edk_bcfiles/HardwareManager.bc>:HardwareManagerHandler:%40	</harden/bcfiles/edk_bcfiles/HardwareManager.bc>:HardwareManagerHandler:50:0:0	</harden/bcfiles/edk_bcfiles/HardwareManager.bc>:HardwareManagerHandler:50:1:6
</harden/bcfiles/edk_bcfiles/HardwareManager.bc>:HardwareManagerHandler:%203	</harden/bcfiles/edk_bcfiles/HardwareManager.bc>:HardwareManagerHandler:%202	</harden/bcfiles/edk_bcfiles/HardwareManager.bc>:HardwareManagerHandler:226:0:0	</harden/bcfiles/edk_bcfiles/HardwareManager.bc>:HardwareManagerHandler:226:1:6
</harden/bcfiles/edk_bcfiles/HardwareManager.bc>:HardwareManagerHandler:%349	</harden/bcfiles/edk_bcfiles/HardwareManager.bc>:HardwareManagerHandler:%348	</harden/bcfiles/edk_bcfiles/HardwareManager.bc>:HardwareManagerHandler:385:0:0	</harden/bcfiles/edk_bcfiles/HardwareManager.bc>:HardwareManagerHandler:385:1:6
</harden/bcfiles/edk_bcfiles/HardwareManager.bc>:HardwareManagerHandler:%334	</harden/bcfiles/edk_bcfiles/HardwareManager.bc>:HardwareManagerHandler:%333	</harden/bcfiles/edk_bcfiles/HardwareManager.bc>:HardwareManagerHandler:369:0:0	</harden/bcfiles/edk_bcfiles/HardwareManager.bc>:HardwareManagerHandler:369:1:1
</harden/bcfiles/edk_bcfiles/HardwareManager.bc>:HardwareManagerHandler:%92	</harden/bcfiles/edk_bcfiles/HardwareManager.bc>:HardwareManagerHandler:%91	</harden/bcfiles/edk_bcfiles/HardwareManager.bc>:HardwareManagerHandler:107:0:0	</harden/bcfiles/edk_bcfiles/HardwareManager.bc>:HardwareManagerHandler:107:1:6
</harden/bcfiles/edk_bcfiles/HardwareManager.bc>:HardwareManagerHandler:%310	</harden/bcfiles/edk_bcfiles/HardwareManager.bc>:HardwareManagerHandler:%309	</harden/bcfiles/edk_bcfiles/HardwareManager.bc>:HardwareManagerHandler:343:0:0	</harden/bcfiles/edk_bcfiles/HardwareManager.bc>:HardwareManagerHandler:343:1:5
</harden/bcfiles/edk_bcfiles/HardwareManager.bc>:HardwareManagerHandler:%274	</harden/bcfiles/edk_bcfiles/HardwareManager.bc>:HardwareManagerHandler:%273	</harden/bcfiles/edk_bcfiles/HardwareManager.bc>:HardwareManagerHandler:303:0:0	</harden/bcfiles/edk_bcfiles/HardwareManager.bc>:HardwareManagerHandler:303:1:2
</harden/bcfiles/edk_bcfiles/HardwareManager.bc>:HardwareManagerHandler:%82	</harden/bcfiles/edk_bcfiles/HardwareManager.bc>:HardwareManagerHandler:%81	</harden/bcfiles/edk_bcfiles/HardwareManager.bc>:HardwareManagerHandler:97:0:0	</harden/bcfiles/edk_bcfiles/HardwareManager.bc>:HardwareManagerHandler:97:1:4
</harden/bcfiles/edk_bcfiles/HardwareManager.bc>:HardwareManagerHandler:%159	</harden/bcfiles/edk_bcfiles/HardwareManager.bc>:HardwareManagerHandler:%158	</harden/bcfiles/edk_bcfiles/HardwareManager.bc>:HardwareManagerHandler:179:0:0	</harden/bcfiles/edk_bcfiles/HardwareManager.bc>:HardwareManagerHandler:179:1:1
</harden/bcfiles/edk_bcfiles/HardwareManager.bc>:HardwareManagerHandler:%193	</harden/bcfiles/edk_bcfiles/HardwareManager.bc>:HardwareManagerHandler:%192	</harden/bcfiles/edk_bcfiles/HardwareManager.bc>:HardwareManagerHandler:216:0:0	</harden/bcfiles/edk_bcfiles/HardwareManager.bc>:HardwareManagerHandler:216:1:3
</harden/bcfiles/edk_bcfiles/HardwareManager.bc>:HardwareManagerHandler:%234	</harden/bcfiles/edk_bcfiles/HardwareManager.bc>:HardwareManagerHandler:%233	</harden/bcfiles/edk_bcfiles/HardwareManager.bc>:HardwareManagerHandler:260:0:0	</harden/bcfiles/edk_bcfiles/HardwareManager.bc>:HardwareManagerHandler:260:1:1
</harden/bcfiles/edk_bcfiles/HardwareManager.bc>:HardwareManagerHandler:%67	</harden/bcfiles/edk_bcfiles/HardwareManager.bc>:HardwareManagerHandler:%66	</harden/bcfiles/edk_bcfiles/HardwareManager.bc>:HardwareManagerHandler:81:0:0	</harden/bcfiles/edk_bcfiles/HardwareManager.bc>:HardwareManagerHandler:81:1:5
</harden/bcfiles/edk_bcfiles/HardwareManager.bc>:HardwareManagerHandler:%286	</harden/bcfiles/edk_bcfiles/HardwareManager.bc>:HardwareManagerHandler:%285	</harden/bcfiles/edk_bcfiles/HardwareManager.bc>:HardwareManagerHandler:316:0:0	</harden/bcfiles/edk_bcfiles/HardwareManager.bc>:HardwareManagerHandler:316:1:6
</harden/bcfiles/edk_bcfiles/HardwareManager.bc>:HardwareManagerHandler:%219	</harden/bcfiles/edk_bcfiles/HardwareManager.bc>:HardwareManagerHandler:%218	</harden/bcfiles/edk_bcfiles/HardwareManager.bc>:HardwareManagerHandler:244:0:0	</harden/bcfiles/edk_bcfiles/HardwareManager.bc>:HardwareManagerHandler:244:1:1
</harden/bcfiles/edk_bcfiles/HardwareManager.bc>:HardwareManagerHandler:%190	</harden/bcfiles/edk_bcfiles/HardwareManager.bc>:HardwareManagerHandler:%189	</harden/bcfiles/edk_bcfiles/HardwareManager.bc>:HardwareManagerHandler:212:0:0	</harden/bcfiles/edk_bcfiles/HardwareManager.bc>:HardwareManagerHandler:212:1:6
</harden/bcfiles/edk_bcfiles/HardwareManager.bc>:HardwareManagerHandler:%32	</harden/bcfiles/edk_bcfiles/HardwareManager.bc>:HardwareManagerHandler:%31	</harden/bcfiles/edk_bcfiles/HardwareManager.bc>:HardwareManagerHandler:41:0:0	</harden/bcfiles/edk_bcfiles/HardwareManager.bc>:HardwareManagerHandler:41:1:3
</harden/bcfiles/edk_bcfiles/HardwareManager.bc>:HardwareManagerHandler:%289	</harden/bcfiles/edk_bcfiles/HardwareManager.bc>:HardwareManagerHandler:%288	</harden/bcfiles/edk_bcfiles/HardwareManager.bc>:HardwareManagerHandler:320:0:0	</harden/bcfiles/edk_bcfiles/HardwareManager.bc>:HardwareManagerHandler:320:1:3
</harden/bcfiles/edk_bcfiles/HardwareManager.bc>:HardwareManagerHandler:%108	</harden/bcfiles/edk_bcfiles/HardwareManager.bc>:HardwareManagerHandler:%107	</harden/bcfiles/edk_bcfiles/HardwareManager.bc>:HardwareManagerHandler:124:0:0	</harden/bcfiles/edk_bcfiles/HardwareManager.bc>:HardwareManagerHandler:124:1:6
</harden/bcfiles/edk_bcfiles/HardwareManager.bc>:HardwareManagerHandler:%149	</harden/bcfiles/edk_bcfiles/HardwareManager.bc>:HardwareManagerHandler:%148	</harden/bcfiles/edk_bcfiles/HardwareManager.bc>:HardwareManagerHandler:168:0:0	</harden/bcfiles/edk_bcfiles/HardwareManager.bc>:HardwareManagerHandler:168:1:2
</harden/bcfiles/edk_bcfiles/HardwareManager.bc>:HardwareManagerHandler:%165	</harden/bcfiles/edk_bcfiles/HardwareManager.bc>:HardwareManagerHandler:%164	</harden/bcfiles/edk_bcfiles/HardwareManager.bc>:HardwareManagerHandler:185:0:0	</harden/bcfiles/edk_bcfiles/HardwareManager.bc>:HardwareManagerHandler:185:1:6
</harden/bcfiles/edk_bcfiles/HardwareManager.bc>:HardwareManagerSetLicense:%7	</harden/bcfiles/edk_bcfiles/HardwareManager.bc>:HardwareManagerSetLicense:%6	</harden/bcfiles/edk_bcfiles/HardwareManager.bc>:HardwareManagerSetLicense:12:0:0	</harden/bcfiles/edk_bcfiles/HardwareManager.bc>:HardwareManagerSetLicense:12:1:2
</harden/bcfiles/edk_bcfiles/HardwareManager.bc>:HardwareManagerGetLicense:%7	</harden/bcfiles/edk_bcfiles/HardwareManager.bc>:HardwareManagerGetLicense:%6	</harden/bcfiles/edk_bcfiles/HardwareManager.bc>:HardwareManagerGetLicense:10:0:0	</harden/bcfiles/edk_bcfiles/HardwareManager.bc>:HardwareManagerGetLicense:10:1:0
</harden/bcfiles/edk_bcfiles/HardwareManager.bc>:HardwareHandlerReadyCallback:%32	</harden/bcfiles/edk_bcfiles/HardwareManager.bc>:HardwareHandlerReadyCallback:%31	</harden/bcfiles/edk_bcfiles/HardwareManager.bc>:HardwareHandlerReadyCallback:38:0:0	</harden/bcfiles/edk_bcfiles/HardwareManager.bc>:HardwareHandlerReadyCallback:38:1:21
</harden/bcfiles/edk_bcfiles/HardwareManager.bc>:HardwareHandlerReadyCallback:%54	</harden/bcfiles/edk_bcfiles/HardwareManager.bc>:HardwareHandlerReadyCallback:%53	</harden/bcfiles/edk_bcfiles/HardwareManager.bc>:HardwareHandlerReadyCallback:63:0:0	</harden/bcfiles/edk_bcfiles/HardwareManager.bc>:HardwareHandlerReadyCallback:63:1:21
</harden/bcfiles/edk_bcfiles/HardwareManager.bc>:HardwareHandlerReadyCallback:%10	</harden/bcfiles/edk_bcfiles/HardwareManager.bc>:HardwareHandlerReadyCallback:%9	</harden/bcfiles/edk_bcfiles/HardwareManager.bc>:HardwareHandlerReadyCallback:13:0:0	</harden/bcfiles/edk_bcfiles/HardwareManager.bc>:HardwareHandlerReadyCallback:13:1:21
</harden/bcfiles/edk_bcfiles/HardwareManager.bc>:ProcessFirmwareReadyCallback:%10	</harden/bcfiles/edk_bcfiles/HardwareManager.bc>:ProcessFirmwareReadyCallback:%9	</harden/bcfiles/edk_bcfiles/HardwareManager.bc>:ProcessFirmwareReadyCallback:13:0:0	</harden/bcfiles/edk_bcfiles/HardwareManager.bc>:ProcessFirmwareReadyCallback:13:1:21
</harden/bcfiles/edk_bcfiles/HardwareManager.bc>:HardwareManagerEntryPoint:%96	</harden/bcfiles/edk_bcfiles/HardwareManager.bc>:HardwareManagerEntryPoint:%95	</harden/bcfiles/edk_bcfiles/HardwareManager.bc>:HardwareManagerEntryPoint:121:0:0	</harden/bcfiles/edk_bcfiles/HardwareManager.bc>:HardwareManagerEntryPoint:121:1:23
</harden/bcfiles/edk_bcfiles/HardwareManager.bc>:HardwareManagerEntryPoint:%54	</harden/bcfiles/edk_bcfiles/HardwareManager.bc>:HardwareManagerEntryPoint:%53	</harden/bcfiles/edk_bcfiles/HardwareManager.bc>:HardwareManagerEntryPoint:68:0:0	</harden/bcfiles/edk_bcfiles/HardwareManager.bc>:HardwareManagerEntryPoint:68:1:21
</harden/bcfiles/edk_bcfiles/HardwareManager.bc>:HardwareManagerEntryPoint:%33	</harden/bcfiles/edk_bcfiles/HardwareManager.bc>:HardwareManagerEntryPoint:%32	</harden/bcfiles/edk_bcfiles/HardwareManager.bc>:HardwareManagerEntryPoint:44:0:0	</harden/bcfiles/edk_bcfiles/HardwareManager.bc>:HardwareManagerEntryPoint:44:1:19
</harden/bcfiles/edk_bcfiles/HardwareManager.bc>:HardwareManagerEntryPoint:%12	</harden/bcfiles/edk_bcfiles/HardwareManager.bc>:HardwareManagerEntryPoint:%11	</harden/bcfiles/edk_bcfiles/HardwareManager.bc>:HardwareManagerEntryPoint:20:0:0	</harden/bcfiles/edk_bcfiles/HardwareManager.bc>:HardwareManagerEntryPoint:20:1:19
</harden/bcfiles/edk_bcfiles/HardwareManager.bc>:HardwareManagerEntryPoint:%75	</harden/bcfiles/edk_bcfiles/HardwareManager.bc>:HardwareManagerEntryPoint:%74	</harden/bcfiles/edk_bcfiles/HardwareManager.bc>:HardwareManagerEntryPoint:95:0:0	</harden/bcfiles/edk_bcfiles/HardwareManager.bc>:HardwareManagerEntryPoint:95:1:16
