*argv-alloc	i8**
*global_alloc@HardwareManagerHandler	i64 (i8*, i8*, i8*, i64*)
*global_alloc@HardwareManagerSetLicense	i64 (i8*)
*global_alloc@HardwareManagerValidateLicense	i64 (i8*)
*global_alloc@HardwareManagerGetLicense	i64 (i8*)
*global_alloc@HardwareHandlerReadyCallback	i64 (%struct.GUID*, i8*, i8*)
*global_alloc@ProcessFirmwareReadyCallback	i64 (%struct.GUID*, i8*, i8*)
*global_alloc@HardwareManagerEntryPoint	i64 (i8*, %struct.EFI_SYSTEM_TABLE*)
*global_alloc@llvm.dbg.declare	void (metadata, metadata, metadata)
*global_alloc@CopyMem	i8* (i8*, i8*, i64)
*global_alloc@SetMem	i8* (i8*, i64, i8)
*global_alloc@DebugPrintEnabled	i8 ()
*global_alloc@DebugPrintLevelEnabled	i8 (i64)
*global_alloc@DebugPrint	void (i64, i8*, ...)
*global_alloc@DefaultLicense	[64 x i8]
*global_alloc@mLedController	%struct._LED_CONTROLLER_PROTOCOL*
*global_alloc@mThermalSensor	%struct._THERMAL_SENSOR_PROTOCOL*
*global_alloc@mFanController	%struct._FAN_CONTROLLER_PROTOCOL*
*global_alloc@mProcessFirmware	%struct._PROCESS_FIRMWARE_PROTOCOL*
*global_alloc@SmmVariableProtocol	%struct._EFI_SMM_VARIABLE_PROTOCOL*
*global_alloc@.str	[23 x i16]
*global_alloc@gEfiHardwarHandlerVariableGuid	%struct.GUID
*global_alloc@gSmst	%struct._EFI_SMM_SYSTEM_TABLE2*
*global_alloc@gEfiThermalSensorProtocolGuid	%struct.GUID
*global_alloc@.str.1	[56 x i8]
*global_alloc@__func__.HardwareHandlerReadyCallback	[29 x i8]
*global_alloc@gEfiFanControllerProtocolGuid	%struct.GUID
*global_alloc@.str.2	[56 x i8]
*global_alloc@gEfiLedControllerProtocolGuid	%struct.GUID
*global_alloc@.str.3	[56 x i8]
*global_alloc@gEfiProcessFirmwareProtocolGuid	%struct.GUID
*global_alloc@.str.4	[58 x i8]
*global_alloc@__func__.ProcessFirmwareReadyCallback	[29 x i8]
*global_alloc@mHardwareManagerLicenseProtocol	%struct._HARDWARE_MANAGER_LICENSE_PROTOCOL
*global_alloc@gMmst	%struct._EFI_MM_SYSTEM_TABLE*
*global_alloc@gEfiHardwareHandlerReadyProtocolGuid	%struct.GUID
*global_alloc@.str.5	[40 x i8]
*global_alloc@__func__.HardwareManagerEntryPoint	[26 x i8]
*global_alloc@gEfiProcessFirmwareReadyProtocolGuid	%struct.GUID
*global_alloc@gEfiSmmVariableProtocolGuid	%struct.GUID
*global_alloc@.str.6	[46 x i8]
*global_alloc@gEfiHardwareLicenseProtocolGuid	%struct.GUID
*global_alloc@.str.7	[54 x i8]
*global_alloc@gEfiHardwareManagerCommGuid	%struct.GUID
*global_alloc@.str.8	[55 x i8]
*argv-alloc[*]	i8**
*global_alloc@DefaultLicense[*]	[64 x i8]
*global_alloc@mLedController[*]	%struct._LED_CONTROLLER_PROTOCOL*
*global_alloc@mThermalSensor[*]	%struct._THERMAL_SENSOR_PROTOCOL*
*global_alloc@mFanController[*]	%struct._FAN_CONTROLLER_PROTOCOL*
*global_alloc@mProcessFirmware[*]	%struct._PROCESS_FIRMWARE_PROTOCOL*
*global_alloc@SmmVariableProtocol[*]	%struct._EFI_SMM_VARIABLE_PROTOCOL*
*global_alloc@.str[*]	[23 x i16]
*global_alloc@gEfiHardwarHandlerVariableGuid[*]	%struct.GUID
*global_alloc@gSmst[*]	%struct._EFI_SMM_SYSTEM_TABLE2*
*global_alloc@gEfiThermalSensorProtocolGuid[*]	%struct.GUID
*global_alloc@.str.1[*]	[56 x i8]
*global_alloc@__func__.HardwareHandlerReadyCallback[*]	[29 x i8]
*global_alloc@gEfiFanControllerProtocolGuid[*]	%struct.GUID
*global_alloc@.str.2[*]	[56 x i8]
*global_alloc@gEfiLedControllerProtocolGuid[*]	%struct.GUID
*global_alloc@.str.3[*]	[56 x i8]
*global_alloc@gEfiProcessFirmwareProtocolGuid[*]	%struct.GUID
*global_alloc@.str.4[*]	[58 x i8]
*global_alloc@__func__.ProcessFirmwareReadyCallback[*]	[29 x i8]
*global_alloc@mHardwareManagerLicenseProtocol[*]	%struct._HARDWARE_MANAGER_LICENSE_PROTOCOL
*global_alloc@gMmst[*]	%struct._EFI_MM_SYSTEM_TABLE*
*global_alloc@gEfiHardwareHandlerReadyProtocolGuid[*]	%struct.GUID
*global_alloc@.str.5[*]	[40 x i8]
*global_alloc@__func__.HardwareManagerEntryPoint[*]	[26 x i8]
*global_alloc@gEfiProcessFirmwareReadyProtocolGuid[*]	%struct.GUID
*global_alloc@gEfiSmmVariableProtocolGuid[*]	%struct.GUID
*global_alloc@.str.6[*]	[46 x i8]
*global_alloc@gEfiHardwareLicenseProtocolGuid[*]	%struct.GUID
*global_alloc@.str.7[*]	[54 x i8]
*global_alloc@gEfiHardwareManagerCommGuid[*]	%struct.GUID
*global_alloc@.str.8[*]	[55 x i8]
*argv-alloc[0]	i8**
*global_alloc@DefaultLicense[0]	[64 x i8]
*global_alloc@mLedController[0]	%struct._LED_CONTROLLER_PROTOCOL*
*global_alloc@mThermalSensor[0]	%struct._THERMAL_SENSOR_PROTOCOL*
*global_alloc@mFanController[0]	%struct._FAN_CONTROLLER_PROTOCOL*
*global_alloc@mProcessFirmware[0]	%struct._PROCESS_FIRMWARE_PROTOCOL*
*global_alloc@SmmVariableProtocol[0]	%struct._EFI_SMM_VARIABLE_PROTOCOL*
*global_alloc@.str[0]	[23 x i16]
*global_alloc@gEfiHardwarHandlerVariableGuid[0]	%struct.GUID
*global_alloc@gSmst[0]	%struct._EFI_SMM_SYSTEM_TABLE2*
*global_alloc@gEfiThermalSensorProtocolGuid[0]	%struct.GUID
*global_alloc@.str.1[0]	[56 x i8]
*global_alloc@__func__.HardwareHandlerReadyCallback[0]	[29 x i8]
*global_alloc@gEfiFanControllerProtocolGuid[0]	%struct.GUID
*global_alloc@.str.2[0]	[56 x i8]
*global_alloc@gEfiLedControllerProtocolGuid[0]	%struct.GUID
*global_alloc@.str.3[0]	[56 x i8]
*global_alloc@gEfiProcessFirmwareProtocolGuid[0]	%struct.GUID
*global_alloc@.str.4[0]	[58 x i8]
*global_alloc@__func__.ProcessFirmwareReadyCallback[0]	[29 x i8]
*global_alloc@mHardwareManagerLicenseProtocol[0]	%struct._HARDWARE_MANAGER_LICENSE_PROTOCOL
*global_alloc@gMmst[0]	%struct._EFI_MM_SYSTEM_TABLE*
*global_alloc@gEfiHardwareHandlerReadyProtocolGuid[0]	%struct.GUID
*global_alloc@.str.5[0]	[40 x i8]
*global_alloc@__func__.HardwareManagerEntryPoint[0]	[26 x i8]
*global_alloc@gEfiProcessFirmwareReadyProtocolGuid[0]	%struct.GUID
*global_alloc@gEfiSmmVariableProtocolGuid[0]	%struct.GUID
*global_alloc@.str.6[0]	[46 x i8]
*global_alloc@gEfiHardwareLicenseProtocolGuid[0]	%struct.GUID
*global_alloc@.str.7[0]	[54 x i8]
*global_alloc@gEfiHardwareManagerCommGuid[0]	%struct.GUID
*global_alloc@.str.8[0]	[55 x i8]
*global_alloc@gEfiHardwarHandlerVariableGuid[*].?/0	i32
*global_alloc@gEfiHardwarHandlerVariableGuid[*].?/1	i16
*global_alloc@gEfiHardwarHandlerVariableGuid[*].?/2	i16
*global_alloc@gEfiHardwarHandlerVariableGuid[*].?/3	[8 x i8]
*global_alloc@gEfiThermalSensorProtocolGuid[*].?/0	i32
*global_alloc@gEfiThermalSensorProtocolGuid[*].?/1	i16
*global_alloc@gEfiThermalSensorProtocolGuid[*].?/2	i16
*global_alloc@gEfiThermalSensorProtocolGuid[*].?/3	[8 x i8]
*global_alloc@gEfiFanControllerProtocolGuid[*].?/0	i32
*global_alloc@gEfiFanControllerProtocolGuid[*].?/1	i16
*global_alloc@gEfiFanControllerProtocolGuid[*].?/2	i16
*global_alloc@gEfiFanControllerProtocolGuid[*].?/3	[8 x i8]
*global_alloc@gEfiLedControllerProtocolGuid[*].?/0	i32
*global_alloc@gEfiLedControllerProtocolGuid[*].?/1	i16
*global_alloc@gEfiLedControllerProtocolGuid[*].?/2	i16
*global_alloc@gEfiLedControllerProtocolGuid[*].?/3	[8 x i8]
*global_alloc@gEfiProcessFirmwareProtocolGuid[*].?/0	i32
*global_alloc@gEfiProcessFirmwareProtocolGuid[*].?/1	i16
*global_alloc@gEfiProcessFirmwareProtocolGuid[*].?/2	i16
*global_alloc@gEfiProcessFirmwareProtocolGuid[*].?/3	[8 x i8]
*global_alloc@mHardwareManagerLicenseProtocol[*].?/0	i64 (i8*)*
*global_alloc@mHardwareManagerLicenseProtocol[*].?/1	i64 (i8*)*
*global_alloc@gEfiHardwareHandlerReadyProtocolGuid[*].?/0	i32
*global_alloc@gEfiHardwareHandlerReadyProtocolGuid[*].?/1	i16
*global_alloc@gEfiHardwareHandlerReadyProtocolGuid[*].?/2	i16
*global_alloc@gEfiHardwareHandlerReadyProtocolGuid[*].?/3	[8 x i8]
*global_alloc@gEfiProcessFirmwareReadyProtocolGuid[*].?/0	i32
*global_alloc@gEfiProcessFirmwareReadyProtocolGuid[*].?/1	i16
*global_alloc@gEfiProcessFirmwareReadyProtocolGuid[*].?/2	i16
*global_alloc@gEfiProcessFirmwareReadyProtocolGuid[*].?/3	[8 x i8]
*global_alloc@gEfiSmmVariableProtocolGuid[*].?/0	i32
*global_alloc@gEfiSmmVariableProtocolGuid[*].?/1	i16
*global_alloc@gEfiSmmVariableProtocolGuid[*].?/2	i16
*global_alloc@gEfiSmmVariableProtocolGuid[*].?/3	[8 x i8]
*global_alloc@gEfiHardwareLicenseProtocolGuid[*].?/0	i32
*global_alloc@gEfiHardwareLicenseProtocolGuid[*].?/1	i16
*global_alloc@gEfiHardwareLicenseProtocolGuid[*].?/2	i16
*global_alloc@gEfiHardwareLicenseProtocolGuid[*].?/3	[8 x i8]
*global_alloc@gEfiHardwareManagerCommGuid[*].?/0	i32
*global_alloc@gEfiHardwareManagerCommGuid[*].?/1	i16
*global_alloc@gEfiHardwareManagerCommGuid[*].?/2	i16
*global_alloc@gEfiHardwareManagerCommGuid[*].?/3	[8 x i8]
*global_alloc@DefaultLicense[*][*]	i8
*global_alloc@.str[*][*]	i16
*global_alloc@.str.1[*][*]	i8
*global_alloc@__func__.HardwareHandlerReadyCallback[*][*]	i8
*global_alloc@.str.2[*][*]	i8
*global_alloc@.str.3[*][*]	i8
*global_alloc@.str.4[*][*]	i8
*global_alloc@__func__.ProcessFirmwareReadyCallback[*][*]	i8
*global_alloc@.str.5[*][*]	i8
*global_alloc@__func__.HardwareManagerEntryPoint[*][*]	i8
*global_alloc@.str.6[*][*]	i8
*global_alloc@.str.7[*][*]	i8
*global_alloc@.str.8[*][*]	i8
*argv[0]-alloc	i8*
*global_alloc@gEfiHardwarHandlerVariableGuid[0].?/0	i32
*global_alloc@gEfiHardwarHandlerVariableGuid[0].?/1	i16
*global_alloc@gEfiHardwarHandlerVariableGuid[0].?/2	i16
*global_alloc@gEfiHardwarHandlerVariableGuid[0].?/3	[8 x i8]
*global_alloc@gEfiThermalSensorProtocolGuid[0].?/0	i32
*global_alloc@gEfiThermalSensorProtocolGuid[0].?/1	i16
*global_alloc@gEfiThermalSensorProtocolGuid[0].?/2	i16
*global_alloc@gEfiThermalSensorProtocolGuid[0].?/3	[8 x i8]
*global_alloc@gEfiFanControllerProtocolGuid[0].?/0	i32
*global_alloc@gEfiFanControllerProtocolGuid[0].?/1	i16
*global_alloc@gEfiFanControllerProtocolGuid[0].?/2	i16
*global_alloc@gEfiFanControllerProtocolGuid[0].?/3	[8 x i8]
*global_alloc@gEfiLedControllerProtocolGuid[0].?/0	i32
*global_alloc@gEfiLedControllerProtocolGuid[0].?/1	i16
*global_alloc@gEfiLedControllerProtocolGuid[0].?/2	i16
*global_alloc@gEfiLedControllerProtocolGuid[0].?/3	[8 x i8]
*global_alloc@gEfiProcessFirmwareProtocolGuid[0].?/0	i32
*global_alloc@gEfiProcessFirmwareProtocolGuid[0].?/1	i16
*global_alloc@gEfiProcessFirmwareProtocolGuid[0].?/2	i16
*global_alloc@gEfiProcessFirmwareProtocolGuid[0].?/3	[8 x i8]
*global_alloc@mHardwareManagerLicenseProtocol[0].?/0	i64 (i8*)*
*global_alloc@mHardwareManagerLicenseProtocol[0].?/1	i64 (i8*)*
*global_alloc@gEfiHardwareHandlerReadyProtocolGuid[0].?/0	i32
*global_alloc@gEfiHardwareHandlerReadyProtocolGuid[0].?/1	i16
*global_alloc@gEfiHardwareHandlerReadyProtocolGuid[0].?/2	i16
*global_alloc@gEfiHardwareHandlerReadyProtocolGuid[0].?/3	[8 x i8]
*global_alloc@gEfiProcessFirmwareReadyProtocolGuid[0].?/0	i32
*global_alloc@gEfiProcessFirmwareReadyProtocolGuid[0].?/1	i16
*global_alloc@gEfiProcessFirmwareReadyProtocolGuid[0].?/2	i16
*global_alloc@gEfiProcessFirmwareReadyProtocolGuid[0].?/3	[8 x i8]
*global_alloc@gEfiSmmVariableProtocolGuid[0].?/0	i32
*global_alloc@gEfiSmmVariableProtocolGuid[0].?/1	i16
*global_alloc@gEfiSmmVariableProtocolGuid[0].?/2	i16
*global_alloc@gEfiSmmVariableProtocolGuid[0].?/3	[8 x i8]
*global_alloc@gEfiHardwareLicenseProtocolGuid[0].?/0	i32
*global_alloc@gEfiHardwareLicenseProtocolGuid[0].?/1	i16
*global_alloc@gEfiHardwareLicenseProtocolGuid[0].?/2	i16
*global_alloc@gEfiHardwareLicenseProtocolGuid[0].?/3	[8 x i8]
*global_alloc@gEfiHardwareManagerCommGuid[0].?/0	i32
*global_alloc@gEfiHardwareManagerCommGuid[0].?/1	i16
*global_alloc@gEfiHardwareManagerCommGuid[0].?/2	i16
*global_alloc@gEfiHardwareManagerCommGuid[0].?/3	[8 x i8]
*global_alloc@DefaultLicense[0][*]	i8
*global_alloc@.str[0][*]	i16
*global_alloc@.str.1[0][*]	i8
*global_alloc@__func__.HardwareHandlerReadyCallback[0][*]	i8
*global_alloc@.str.2[0][*]	i8
*global_alloc@.str.3[0][*]	i8
*global_alloc@.str.4[0][*]	i8
*global_alloc@__func__.ProcessFirmwareReadyCallback[0][*]	i8
*global_alloc@.str.5[0][*]	i8
*global_alloc@__func__.HardwareManagerEntryPoint[0][*]	i8
*global_alloc@.str.6[0][*]	i8
*global_alloc@.str.7[0][*]	i8
*global_alloc@.str.8[0][*]	i8
*argv[0]-alloc[*]	i8*
*global_alloc@gEfiHardwarHandlerVariableGuid[*].?/3[*]	i8
*global_alloc@gEfiThermalSensorProtocolGuid[*].?/3[*]	i8
*global_alloc@gEfiFanControllerProtocolGuid[*].?/3[*]	i8
*global_alloc@gEfiLedControllerProtocolGuid[*].?/3[*]	i8
*global_alloc@gEfiProcessFirmwareProtocolGuid[*].?/3[*]	i8
*global_alloc@gEfiHardwareHandlerReadyProtocolGuid[*].?/3[*]	i8
*global_alloc@gEfiProcessFirmwareReadyProtocolGuid[*].?/3[*]	i8
*global_alloc@gEfiSmmVariableProtocolGuid[*].?/3[*]	i8
*global_alloc@gEfiHardwareLicenseProtocolGuid[*].?/3[*]	i8
*global_alloc@gEfiHardwareManagerCommGuid[*].?/3[*]	i8
*global_alloc@gEfiHardwarHandlerVariableGuid[0].?/3[*]	i8
*global_alloc@gEfiThermalSensorProtocolGuid[0].?/3[*]	i8
*global_alloc@gEfiFanControllerProtocolGuid[0].?/3[*]	i8
*global_alloc@gEfiLedControllerProtocolGuid[0].?/3[*]	i8
*global_alloc@gEfiProcessFirmwareProtocolGuid[0].?/3[*]	i8
*global_alloc@gEfiHardwareHandlerReadyProtocolGuid[0].?/3[*]	i8
*global_alloc@gEfiProcessFirmwareReadyProtocolGuid[0].?/3[*]	i8
*global_alloc@gEfiSmmVariableProtocolGuid[0].?/3[*]	i8
*global_alloc@gEfiHardwareLicenseProtocolGuid[0].?/3[*]	i8
*global_alloc@gEfiHardwareManagerCommGuid[0].?/3[*]	i8
*argv[0]-alloc[0]	i8*
