</harden/bcfiles/edk_bcfiles/HardwareManager.bc>:1:null	*null*
</harden/bcfiles/edk_bcfiles/HardwareManager.bc>:2:null	*null*
</harden/bcfiles/edk_bcfiles/HardwareManager.bc>:3:null	*null*
</harden/bcfiles/edk_bcfiles/HardwareManager.bc>:4:null	*null*
</harden/bcfiles/edk_bcfiles/HardwareManager.bc>:5:null	*null*
</harden/bcfiles/edk_bcfiles/HardwareManager.bc>:HardwareManagerHandler:20:0:null	*null*
</harden/bcfiles/edk_bcfiles/HardwareManager.bc>:HardwareManagerHandler:23:0:null	*null*
</harden/bcfiles/edk_bcfiles/HardwareManager.bc>:HardwareManagerGetLicense:13:5:null	*null*
</harden/bcfiles/edk_bcfiles/HardwareManager.bc>:HardwareHandlerReadyCallback:15:1:null	*null*
</harden/bcfiles/edk_bcfiles/HardwareManager.bc>:HardwareHandlerReadyCallback:40:1:null	*null*
</harden/bcfiles/edk_bcfiles/HardwareManager.bc>:HardwareHandlerReadyCallback:65:1:null	*null*
</harden/bcfiles/edk_bcfiles/HardwareManager.bc>:ProcessFirmwareReadyCallback:15:1:null	*null*
</harden/bcfiles/edk_bcfiles/HardwareManager.bc>:HardwareManagerEntryPoint:17:0:null	*null*
</harden/bcfiles/edk_bcfiles/HardwareManager.bc>:HardwareManagerEntryPoint:18:0:null	*null*
</harden/bcfiles/edk_bcfiles/HardwareManager.bc>:HardwareManagerEntryPoint:70:1:null	*null*
</harden/bcfiles/edk_bcfiles/HardwareManager.bc>:HardwareManagerEntryPoint:91:0:null	*null*
</harden/bcfiles/edk_bcfiles/HardwareManager.bc>:HardwareManagerEntryPoint:102:0:null	*null*
</harden/bcfiles/edk_bcfiles/HardwareManager.bc>:HardwareManagerEntryPoint:103:0:null	*null*
</harden/bcfiles/edk_bcfiles/HardwareManager.bc>:HardwareManagerEntryPoint:123:0:@HardwareManagerHandler	*global_alloc@HardwareManagerHandler
</harden/bcfiles/edk_bcfiles/HardwareManager.bc>:HardwareManagerHandler:404:0:@HardwareManagerSetLicense	*global_alloc@HardwareManagerSetLicense
</harden/bcfiles/edk_bcfiles/HardwareManager.bc>:HardwareManagerEntryPoint:93:0:@HardwareManagerValidateLicense	*global_alloc@HardwareManagerValidateLicense
</harden/bcfiles/edk_bcfiles/HardwareManager.bc>:HardwareManagerEntryPoint:92:0:@HardwareManagerGetLicense	*global_alloc@HardwareManagerGetLicense
</harden/bcfiles/edk_bcfiles/HardwareManager.bc>:HardwareManagerEntryPoint:22:1:@HardwareHandlerReadyCallback	*global_alloc@HardwareHandlerReadyCallback
</harden/bcfiles/edk_bcfiles/HardwareManager.bc>:HardwareManagerEntryPoint:46:1:@ProcessFirmwareReadyCallback	*global_alloc@ProcessFirmwareReadyCallback
</harden/bcfiles/edk_bcfiles/HardwareManager.bc>:HardwareManagerHandler:9:0:@llvm.dbg.declare	*global_alloc@llvm.dbg.declare
</harden/bcfiles/edk_bcfiles/HardwareManager.bc>:HardwareManagerHandler:11:0:@llvm.dbg.declare	*global_alloc@llvm.dbg.declare
</harden/bcfiles/edk_bcfiles/HardwareManager.bc>:HardwareManagerHandler:13:0:@llvm.dbg.declare	*global_alloc@llvm.dbg.declare
</harden/bcfiles/edk_bcfiles/HardwareManager.bc>:HardwareManagerHandler:15:0:@llvm.dbg.declare	*global_alloc@llvm.dbg.declare
</harden/bcfiles/edk_bcfiles/HardwareManager.bc>:HardwareManagerHandler:16:0:@llvm.dbg.declare	*global_alloc@llvm.dbg.declare
</harden/bcfiles/edk_bcfiles/HardwareManager.bc>:HardwareManagerHandler:17:0:@llvm.dbg.declare	*global_alloc@llvm.dbg.declare
</harden/bcfiles/edk_bcfiles/HardwareManager.bc>:HardwareManagerHandler:18:0:@llvm.dbg.declare	*global_alloc@llvm.dbg.declare
</harden/bcfiles/edk_bcfiles/HardwareManager.bc>:HardwareManagerSetLicense:5:0:@llvm.dbg.declare	*global_alloc@llvm.dbg.declare
</harden/bcfiles/edk_bcfiles/HardwareManager.bc>:HardwareManagerSetLicense:6:0:@llvm.dbg.declare	*global_alloc@llvm.dbg.declare
</harden/bcfiles/edk_bcfiles/HardwareManager.bc>:HardwareManagerSetLicense:7:0:@llvm.dbg.declare	*global_alloc@llvm.dbg.declare
</harden/bcfiles/edk_bcfiles/HardwareManager.bc>:HardwareManagerSetLicense:8:0:@llvm.dbg.declare	*global_alloc@llvm.dbg.declare
</harden/bcfiles/edk_bcfiles/HardwareManager.bc>:HardwareManagerValidateLicense:6:0:@llvm.dbg.declare	*global_alloc@llvm.dbg.declare
</harden/bcfiles/edk_bcfiles/HardwareManager.bc>:HardwareManagerValidateLicense:7:0:@llvm.dbg.declare	*global_alloc@llvm.dbg.declare
</harden/bcfiles/edk_bcfiles/HardwareManager.bc>:HardwareManagerValidateLicense:8:0:@llvm.dbg.declare	*global_alloc@llvm.dbg.declare
</harden/bcfiles/edk_bcfiles/HardwareManager.bc>:HardwareManagerValidateLicense:32:0:@llvm.dbg.declare	*global_alloc@llvm.dbg.declare
</harden/bcfiles/edk_bcfiles/HardwareManager.bc>:HardwareManagerGetLicense:5:0:@llvm.dbg.declare	*global_alloc@llvm.dbg.declare
</harden/bcfiles/edk_bcfiles/HardwareManager.bc>:HardwareManagerGetLicense:6:0:@llvm.dbg.declare	*global_alloc@llvm.dbg.declare
</harden/bcfiles/edk_bcfiles/HardwareManager.bc>:HardwareManagerGetLicense:7:0:@llvm.dbg.declare	*global_alloc@llvm.dbg.declare
</harden/bcfiles/edk_bcfiles/HardwareManager.bc>:HardwareHandlerReadyCallback:6:0:@llvm.dbg.declare	*global_alloc@llvm.dbg.declare
</harden/bcfiles/edk_bcfiles/HardwareManager.bc>:HardwareHandlerReadyCallback:8:0:@llvm.dbg.declare	*global_alloc@llvm.dbg.declare
</harden/bcfiles/edk_bcfiles/HardwareManager.bc>:HardwareHandlerReadyCallback:10:0:@llvm.dbg.declare	*global_alloc@llvm.dbg.declare
</harden/bcfiles/edk_bcfiles/HardwareManager.bc>:HardwareHandlerReadyCallback:11:0:@llvm.dbg.declare	*global_alloc@llvm.dbg.declare
</harden/bcfiles/edk_bcfiles/HardwareManager.bc>:ProcessFirmwareReadyCallback:6:0:@llvm.dbg.declare	*global_alloc@llvm.dbg.declare
</harden/bcfiles/edk_bcfiles/HardwareManager.bc>:ProcessFirmwareReadyCallback:8:0:@llvm.dbg.declare	*global_alloc@llvm.dbg.declare
</harden/bcfiles/edk_bcfiles/HardwareManager.bc>:ProcessFirmwareReadyCallback:10:0:@llvm.dbg.declare	*global_alloc@llvm.dbg.declare
</harden/bcfiles/edk_bcfiles/HardwareManager.bc>:ProcessFirmwareReadyCallback:11:0:@llvm.dbg.declare	*global_alloc@llvm.dbg.declare
</harden/bcfiles/edk_bcfiles/HardwareManager.bc>:HardwareManagerEntryPoint:9:0:@llvm.dbg.declare	*global_alloc@llvm.dbg.declare
</harden/bcfiles/edk_bcfiles/HardwareManager.bc>:HardwareManagerEntryPoint:11:0:@llvm.dbg.declare	*global_alloc@llvm.dbg.declare
</harden/bcfiles/edk_bcfiles/HardwareManager.bc>:HardwareManagerEntryPoint:12:0:@llvm.dbg.declare	*global_alloc@llvm.dbg.declare
</harden/bcfiles/edk_bcfiles/HardwareManager.bc>:HardwareManagerEntryPoint:13:0:@llvm.dbg.declare	*global_alloc@llvm.dbg.declare
</harden/bcfiles/edk_bcfiles/HardwareManager.bc>:HardwareManagerEntryPoint:14:0:@llvm.dbg.declare	*global_alloc@llvm.dbg.declare
</harden/bcfiles/edk_bcfiles/HardwareManager.bc>:HardwareManagerEntryPoint:15:0:@llvm.dbg.declare	*global_alloc@llvm.dbg.declare
</harden/bcfiles/edk_bcfiles/HardwareManager.bc>:HardwareManagerEntryPoint:16:0:@llvm.dbg.declare	*global_alloc@llvm.dbg.declare
</harden/bcfiles/edk_bcfiles/HardwareManager.bc>:HardwareManagerHandler:39:0:@CopyMem	*global_alloc@CopyMem
</harden/bcfiles/edk_bcfiles/HardwareManager.bc>:HardwareManagerHandler:104:0:@CopyMem	*global_alloc@CopyMem
</harden/bcfiles/edk_bcfiles/HardwareManager.bc>:HardwareManagerGetLicense:22:0:@CopyMem	*global_alloc@CopyMem
</harden/bcfiles/edk_bcfiles/HardwareManager.bc>:HardwareManagerHandler:48:0:@SetMem	*global_alloc@SetMem
</harden/bcfiles/edk_bcfiles/HardwareManager.bc>:HardwareManagerHandler:62:0:@SetMem	*global_alloc@SetMem
</harden/bcfiles/edk_bcfiles/HardwareManager.bc>:HardwareManagerHandler:415:0:@SetMem	*global_alloc@SetMem
</harden/bcfiles/edk_bcfiles/HardwareManager.bc>:HardwareHandlerReadyCallback:21:0:@DebugPrintEnabled	*global_alloc@DebugPrintEnabled
</harden/bcfiles/edk_bcfiles/HardwareManager.bc>:HardwareHandlerReadyCallback:46:0:@DebugPrintEnabled	*global_alloc@DebugPrintEnabled
</harden/bcfiles/edk_bcfiles/HardwareManager.bc>:HardwareHandlerReadyCallback:71:0:@DebugPrintEnabled	*global_alloc@DebugPrintEnabled
</harden/bcfiles/edk_bcfiles/HardwareManager.bc>:ProcessFirmwareReadyCallback:21:0:@DebugPrintEnabled	*global_alloc@DebugPrintEnabled
</harden/bcfiles/edk_bcfiles/HardwareManager.bc>:HardwareManagerEntryPoint:28:0:@DebugPrintEnabled	*global_alloc@DebugPrintEnabled
</harden/bcfiles/edk_bcfiles/HardwareManager.bc>:HardwareManagerEntryPoint:52:0:@DebugPrintEnabled	*global_alloc@DebugPrintEnabled
</harden/bcfiles/edk_bcfiles/HardwareManager.bc>:HardwareManagerEntryPoint:76:0:@DebugPrintEnabled	*global_alloc@DebugPrintEnabled
</harden/bcfiles/edk_bcfiles/HardwareManager.bc>:HardwareManagerEntryPoint:105:0:@DebugPrintEnabled	*global_alloc@DebugPrintEnabled
</harden/bcfiles/edk_bcfiles/HardwareManager.bc>:HardwareManagerEntryPoint:129:0:@DebugPrintEnabled	*global_alloc@DebugPrintEnabled
</harden/bcfiles/edk_bcfiles/HardwareManager.bc>:HardwareHandlerReadyCallback:25:0:@DebugPrintLevelEnabled	*global_alloc@DebugPrintLevelEnabled
</harden/bcfiles/edk_bcfiles/HardwareManager.bc>:HardwareHandlerReadyCallback:50:0:@DebugPrintLevelEnabled	*global_alloc@DebugPrintLevelEnabled
</harden/bcfiles/edk_bcfiles/HardwareManager.bc>:HardwareHandlerReadyCallback:75:0:@DebugPrintLevelEnabled	*global_alloc@DebugPrintLevelEnabled
</harden/bcfiles/edk_bcfiles/HardwareManager.bc>:ProcessFirmwareReadyCallback:25:0:@DebugPrintLevelEnabled	*global_alloc@DebugPrintLevelEnabled
</harden/bcfiles/edk_bcfiles/HardwareManager.bc>:HardwareManagerEntryPoint:32:0:@DebugPrintLevelEnabled	*global_alloc@DebugPrintLevelEnabled
</harden/bcfiles/edk_bcfiles/HardwareManager.bc>:HardwareManagerEntryPoint:56:0:@DebugPrintLevelEnabled	*global_alloc@DebugPrintLevelEnabled
</harden/bcfiles/edk_bcfiles/HardwareManager.bc>:HardwareManagerEntryPoint:80:0:@DebugPrintLevelEnabled	*global_alloc@DebugPrintLevelEnabled
</harden/bcfiles/edk_bcfiles/HardwareManager.bc>:HardwareManagerEntryPoint:109:0:@DebugPrintLevelEnabled	*global_alloc@DebugPrintLevelEnabled
</harden/bcfiles/edk_bcfiles/HardwareManager.bc>:HardwareManagerEntryPoint:133:0:@DebugPrintLevelEnabled	*global_alloc@DebugPrintLevelEnabled
</harden/bcfiles/edk_bcfiles/HardwareManager.bc>:HardwareHandlerReadyCallback:29:0:@DebugPrint	*global_alloc@DebugPrint
</harden/bcfiles/edk_bcfiles/HardwareManager.bc>:HardwareHandlerReadyCallback:54:0:@DebugPrint	*global_alloc@DebugPrint
</harden/bcfiles/edk_bcfiles/HardwareManager.bc>:HardwareHandlerReadyCallback:79:0:@DebugPrint	*global_alloc@DebugPrint
</harden/bcfiles/edk_bcfiles/HardwareManager.bc>:ProcessFirmwareReadyCallback:29:0:@DebugPrint	*global_alloc@DebugPrint
</harden/bcfiles/edk_bcfiles/HardwareManager.bc>:HardwareManagerEntryPoint:35:0:@DebugPrint	*global_alloc@DebugPrint
</harden/bcfiles/edk_bcfiles/HardwareManager.bc>:HardwareManagerEntryPoint:59:0:@DebugPrint	*global_alloc@DebugPrint
</harden/bcfiles/edk_bcfiles/HardwareManager.bc>:HardwareManagerEntryPoint:83:0:@DebugPrint	*global_alloc@DebugPrint
</harden/bcfiles/edk_bcfiles/HardwareManager.bc>:HardwareManagerEntryPoint:112:0:@DebugPrint	*global_alloc@DebugPrint
</harden/bcfiles/edk_bcfiles/HardwareManager.bc>:HardwareManagerEntryPoint:137:0:@DebugPrint	*global_alloc@DebugPrint
</harden/bcfiles/edk_bcfiles/HardwareManager.bc>:HardwareManagerGetLicense:22:2:@DefaultLicense	*global_alloc@DefaultLicense
</harden/bcfiles/edk_bcfiles/HardwareManager.bc>:HardwareManagerHandler:113:0:@mLedController	*global_alloc@mLedController
</harden/bcfiles/edk_bcfiles/HardwareManager.bc>:HardwareManagerHandler:127:0:@mLedController	*global_alloc@mLedController
</harden/bcfiles/edk_bcfiles/HardwareManager.bc>:HardwareManagerHandler:144:0:@mLedController	*global_alloc@mLedController
</harden/bcfiles/edk_bcfiles/HardwareManager.bc>:HardwareManagerHandler:161:0:@mLedController	*global_alloc@mLedController
</harden/bcfiles/edk_bcfiles/HardwareManager.bc>:HardwareHandlerReadyCallback:65:2:bitcast (%struct._LED_CONTROLLER_PROTOCOL** @mLedController to i8**)	*global_alloc@mLedController
</harden/bcfiles/edk_bcfiles/HardwareManager.bc>:HardwareHandlerReadyCallback:65:3:@mLedController	*global_alloc@mLedController
</harden/bcfiles/edk_bcfiles/HardwareManager.bc>:HardwareManagerHandler:175:0:@mThermalSensor	*global_alloc@mThermalSensor
</harden/bcfiles/edk_bcfiles/HardwareManager.bc>:HardwareManagerHandler:188:0:@mThermalSensor	*global_alloc@mThermalSensor
</harden/bcfiles/edk_bcfiles/HardwareManager.bc>:HardwareManagerHandler:202:0:@mThermalSensor	*global_alloc@mThermalSensor
</harden/bcfiles/edk_bcfiles/HardwareManager.bc>:HardwareManagerHandler:215:0:@mThermalSensor	*global_alloc@mThermalSensor
</harden/bcfiles/edk_bcfiles/HardwareManager.bc>:HardwareHandlerReadyCallback:15:2:bitcast (%struct._THERMAL_SENSOR_PROTOCOL** @mThermalSensor to i8**)	*global_alloc@mThermalSensor
</harden/bcfiles/edk_bcfiles/HardwareManager.bc>:HardwareHandlerReadyCallback:15:3:@mThermalSensor	*global_alloc@mThermalSensor
</harden/bcfiles/edk_bcfiles/HardwareManager.bc>:HardwareManagerHandler:229:0:@mFanController	*global_alloc@mFanController
</harden/bcfiles/edk_bcfiles/HardwareManager.bc>:HardwareManagerHandler:243:0:@mFanController	*global_alloc@mFanController
</harden/bcfiles/edk_bcfiles/HardwareManager.bc>:HardwareManagerHandler:256:0:@mFanController	*global_alloc@mFanController
</harden/bcfiles/edk_bcfiles/HardwareManager.bc>:HardwareManagerHandler:270:0:@mFanController	*global_alloc@mFanController
</harden/bcfiles/edk_bcfiles/HardwareManager.bc>:HardwareHandlerReadyCallback:40:2:bitcast (%struct._FAN_CONTROLLER_PROTOCOL** @mFanController to i8**)	*global_alloc@mFanController
</harden/bcfiles/edk_bcfiles/HardwareManager.bc>:HardwareHandlerReadyCallback:40:3:@mFanController	*global_alloc@mFanController
</harden/bcfiles/edk_bcfiles/HardwareManager.bc>:HardwareManagerHandler:286:0:@mProcessFirmware	*global_alloc@mProcessFirmware
</harden/bcfiles/edk_bcfiles/HardwareManager.bc>:HardwareManagerHandler:296:0:@mProcessFirmware	*global_alloc@mProcessFirmware
</harden/bcfiles/edk_bcfiles/HardwareManager.bc>:HardwareManagerHandler:309:0:@mProcessFirmware	*global_alloc@mProcessFirmware
</harden/bcfiles/edk_bcfiles/HardwareManager.bc>:HardwareManagerHandler:319:0:@mProcessFirmware	*global_alloc@mProcessFirmware
</harden/bcfiles/edk_bcfiles/HardwareManager.bc>:HardwareManagerHandler:332:0:@mProcessFirmware	*global_alloc@mProcessFirmware
</harden/bcfiles/edk_bcfiles/HardwareManager.bc>:HardwareManagerHandler:342:0:@mProcessFirmware	*global_alloc@mProcessFirmware
</harden/bcfiles/edk_bcfiles/HardwareManager.bc>:HardwareManagerHandler:355:0:@mProcessFirmware	*global_alloc@mProcessFirmware
</harden/bcfiles/edk_bcfiles/HardwareManager.bc>:HardwareManagerHandler:365:0:@mProcessFirmware	*global_alloc@mProcessFirmware
</harden/bcfiles/edk_bcfiles/HardwareManager.bc>:HardwareManagerHandler:378:0:@mProcessFirmware	*global_alloc@mProcessFirmware
</harden/bcfiles/edk_bcfiles/HardwareManager.bc>:HardwareManagerHandler:388:0:@mProcessFirmware	*global_alloc@mProcessFirmware
</harden/bcfiles/edk_bcfiles/HardwareManager.bc>:ProcessFirmwareReadyCallback:15:2:bitcast (%struct._PROCESS_FIRMWARE_PROTOCOL** @mProcessFirmware to i8**)	*global_alloc@mProcessFirmware
</harden/bcfiles/edk_bcfiles/HardwareManager.bc>:ProcessFirmwareReadyCallback:15:3:@mProcessFirmware	*global_alloc@mProcessFirmware
</harden/bcfiles/edk_bcfiles/HardwareManager.bc>:HardwareManagerSetLicense:11:0:@SmmVariableProtocol	*global_alloc@SmmVariableProtocol
</harden/bcfiles/edk_bcfiles/HardwareManager.bc>:HardwareManagerGetLicense:9:0:@SmmVariableProtocol	*global_alloc@SmmVariableProtocol
</harden/bcfiles/edk_bcfiles/HardwareManager.bc>:HardwareManagerEntryPoint:70:2:bitcast (%struct._EFI_SMM_VARIABLE_PROTOCOL** @SmmVariableProtocol to i8**)	*global_alloc@SmmVariableProtocol
</harden/bcfiles/edk_bcfiles/HardwareManager.bc>:HardwareManagerEntryPoint:70:3:@SmmVariableProtocol	*global_alloc@SmmVariableProtocol
</harden/bcfiles/edk_bcfiles/HardwareManager.bc>:HardwareManagerSetLicense:17:1:@.str	*global_alloc@.str
</harden/bcfiles/edk_bcfiles/HardwareManager.bc>:HardwareManagerGetLicense:13:1:@.str	*global_alloc@.str
</harden/bcfiles/edk_bcfiles/HardwareManager.bc>:HardwareManagerSetLicense:17:4:@gEfiHardwarHandlerVariableGuid	*global_alloc@gEfiHardwarHandlerVariableGuid
</harden/bcfiles/edk_bcfiles/HardwareManager.bc>:HardwareManagerGetLicense:13:4:@gEfiHardwarHandlerVariableGuid	*global_alloc@gEfiHardwarHandlerVariableGuid
</harden/bcfiles/edk_bcfiles/HardwareManager.bc>:HardwareHandlerReadyCallback:12:0:@gSmst	*global_alloc@gSmst
</harden/bcfiles/edk_bcfiles/HardwareManager.bc>:HardwareHandlerReadyCallback:37:0:@gSmst	*global_alloc@gSmst
</harden/bcfiles/edk_bcfiles/HardwareManager.bc>:HardwareHandlerReadyCallback:62:0:@gSmst	*global_alloc@gSmst
</harden/bcfiles/edk_bcfiles/HardwareManager.bc>:ProcessFirmwareReadyCallback:12:0:@gSmst	*global_alloc@gSmst
</harden/bcfiles/edk_bcfiles/HardwareManager.bc>:HardwareManagerEntryPoint:67:0:@gSmst	*global_alloc@gSmst
</harden/bcfiles/edk_bcfiles/HardwareManager.bc>:HardwareManagerEntryPoint:94:0:@gSmst	*global_alloc@gSmst
</harden/bcfiles/edk_bcfiles/HardwareManager.bc>:HardwareHandlerReadyCallback:15:0:@gEfiThermalSensorProtocolGuid	*global_alloc@gEfiThermalSensorProtocolGuid
</harden/bcfiles/edk_bcfiles/HardwareManager.bc>:HardwareHandlerReadyCallback:29:3:@.str.1	*global_alloc@.str.1
</harden/bcfiles/edk_bcfiles/HardwareManager.bc>:HardwareHandlerReadyCallback:29:7:@__func__.HardwareHandlerReadyCallback	*global_alloc@__func__.HardwareHandlerReadyCallback
</harden/bcfiles/edk_bcfiles/HardwareManager.bc>:HardwareHandlerReadyCallback:54:7:@__func__.HardwareHandlerReadyCallback	*global_alloc@__func__.HardwareHandlerReadyCallback
</harden/bcfiles/edk_bcfiles/HardwareManager.bc>:HardwareHandlerReadyCallback:79:7:@__func__.HardwareHandlerReadyCallback	*global_alloc@__func__.HardwareHandlerReadyCallback
</harden/bcfiles/edk_bcfiles/HardwareManager.bc>:HardwareHandlerReadyCallback:40:0:@gEfiFanControllerProtocolGuid	*global_alloc@gEfiFanControllerProtocolGuid
</harden/bcfiles/edk_bcfiles/HardwareManager.bc>:HardwareHandlerReadyCallback:54:3:@.str.2	*global_alloc@.str.2
</harden/bcfiles/edk_bcfiles/HardwareManager.bc>:HardwareHandlerReadyCallback:65:0:@gEfiLedControllerProtocolGuid	*global_alloc@gEfiLedControllerProtocolGuid
</harden/bcfiles/edk_bcfiles/HardwareManager.bc>:HardwareHandlerReadyCallback:79:3:@.str.3	*global_alloc@.str.3
</harden/bcfiles/edk_bcfiles/HardwareManager.bc>:ProcessFirmwareReadyCallback:15:0:@gEfiProcessFirmwareProtocolGuid	*global_alloc@gEfiProcessFirmwareProtocolGuid
</harden/bcfiles/edk_bcfiles/HardwareManager.bc>:ProcessFirmwareReadyCallback:29:3:@.str.4	*global_alloc@.str.4
</harden/bcfiles/edk_bcfiles/HardwareManager.bc>:ProcessFirmwareReadyCallback:29:7:@__func__.ProcessFirmwareReadyCallback	*global_alloc@__func__.ProcessFirmwareReadyCallback
</harden/bcfiles/edk_bcfiles/HardwareManager.bc>:HardwareManagerEntryPoint:17:2:@mHardwareManagerLicenseProtocol	*global_alloc@mHardwareManagerLicenseProtocol
</harden/bcfiles/edk_bcfiles/HardwareManager.bc>:HardwareManagerEntryPoint:18:2:@mHardwareManagerLicenseProtocol	*global_alloc@mHardwareManagerLicenseProtocol
</harden/bcfiles/edk_bcfiles/HardwareManager.bc>:HardwareManagerEntryPoint:92:2:@mHardwareManagerLicenseProtocol	*global_alloc@mHardwareManagerLicenseProtocol
</harden/bcfiles/edk_bcfiles/HardwareManager.bc>:HardwareManagerEntryPoint:93:2:@mHardwareManagerLicenseProtocol	*global_alloc@mHardwareManagerLicenseProtocol
</harden/bcfiles/edk_bcfiles/HardwareManager.bc>:HardwareManagerEntryPoint:97:2:bitcast (%struct._HARDWARE_MANAGER_LICENSE_PROTOCOL* @mHardwareManagerLicenseProtocol to i8*)	*global_alloc@mHardwareManagerLicenseProtocol
</harden/bcfiles/edk_bcfiles/HardwareManager.bc>:HardwareManagerEntryPoint:97:3:@mHardwareManagerLicenseProtocol	*global_alloc@mHardwareManagerLicenseProtocol
</harden/bcfiles/edk_bcfiles/HardwareManager.bc>:HardwareManagerEntryPoint:102:2:@mHardwareManagerLicenseProtocol	*global_alloc@mHardwareManagerLicenseProtocol
</harden/bcfiles/edk_bcfiles/HardwareManager.bc>:HardwareManagerEntryPoint:103:2:@mHardwareManagerLicenseProtocol	*global_alloc@mHardwareManagerLicenseProtocol
</harden/bcfiles/edk_bcfiles/HardwareManager.bc>:HardwareManagerEntryPoint:19:0:@gMmst	*global_alloc@gMmst
</harden/bcfiles/edk_bcfiles/HardwareManager.bc>:HardwareManagerEntryPoint:43:0:@gMmst	*global_alloc@gMmst
</harden/bcfiles/edk_bcfiles/HardwareManager.bc>:HardwareManagerEntryPoint:120:0:@gMmst	*global_alloc@gMmst
</harden/bcfiles/edk_bcfiles/HardwareManager.bc>:HardwareManagerEntryPoint:22:0:@gEfiHardwareHandlerReadyProtocolGuid	*global_alloc@gEfiHardwareHandlerReadyProtocolGuid
</harden/bcfiles/edk_bcfiles/HardwareManager.bc>:HardwareManagerEntryPoint:35:3:@.str.5	*global_alloc@.str.5
</harden/bcfiles/edk_bcfiles/HardwareManager.bc>:HardwareManagerEntryPoint:59:3:@.str.5	*global_alloc@.str.5
</harden/bcfiles/edk_bcfiles/HardwareManager.bc>:HardwareManagerEntryPoint:35:7:@__func__.HardwareManagerEntryPoint	*global_alloc@__func__.HardwareManagerEntryPoint
</harden/bcfiles/edk_bcfiles/HardwareManager.bc>:HardwareManagerEntryPoint:59:7:@__func__.HardwareManagerEntryPoint	*global_alloc@__func__.HardwareManagerEntryPoint
</harden/bcfiles/edk_bcfiles/HardwareManager.bc>:HardwareManagerEntryPoint:83:7:@__func__.HardwareManagerEntryPoint	*global_alloc@__func__.HardwareManagerEntryPoint
</harden/bcfiles/edk_bcfiles/HardwareManager.bc>:HardwareManagerEntryPoint:112:7:@__func__.HardwareManagerEntryPoint	*global_alloc@__func__.HardwareManagerEntryPoint
</harden/bcfiles/edk_bcfiles/HardwareManager.bc>:HardwareManagerEntryPoint:137:7:@__func__.HardwareManagerEntryPoint	*global_alloc@__func__.HardwareManagerEntryPoint
</harden/bcfiles/edk_bcfiles/HardwareManager.bc>:HardwareManagerEntryPoint:46:0:@gEfiProcessFirmwareReadyProtocolGuid	*global_alloc@gEfiProcessFirmwareReadyProtocolGuid
</harden/bcfiles/edk_bcfiles/HardwareManager.bc>:HardwareManagerEntryPoint:70:0:@gEfiSmmVariableProtocolGuid	*global_alloc@gEfiSmmVariableProtocolGuid
</harden/bcfiles/edk_bcfiles/HardwareManager.bc>:HardwareManagerEntryPoint:83:3:@.str.6	*global_alloc@.str.6
</harden/bcfiles/edk_bcfiles/HardwareManager.bc>:HardwareManagerEntryPoint:97:0:@gEfiHardwareLicenseProtocolGuid	*global_alloc@gEfiHardwareLicenseProtocolGuid
</harden/bcfiles/edk_bcfiles/HardwareManager.bc>:HardwareManagerEntryPoint:112:3:@.str.7	*global_alloc@.str.7
</harden/bcfiles/edk_bcfiles/HardwareManager.bc>:HardwareManagerEntryPoint:123:1:@gEfiHardwareManagerCommGuid	*global_alloc@gEfiHardwareManagerCommGuid
</harden/bcfiles/edk_bcfiles/HardwareManager.bc>:HardwareManagerEntryPoint:137:3:@.str.8	*global_alloc@.str.8
</harden/bcfiles/edk_bcfiles/HardwareManager.bc>:HardwareManagerGetLicense:22:1:getelementptr inbounds ([64 x i8], [64 x i8]* @DefaultLicense, i64 0, i64 0)	*global_alloc@DefaultLicense[0]
</harden/bcfiles/edk_bcfiles/HardwareManager.bc>:HardwareManagerSetLicense:17:0:getelementptr inbounds ([23 x i16], [23 x i16]* @.str, i64 0, i64 0)	*global_alloc@.str[0]
</harden/bcfiles/edk_bcfiles/HardwareManager.bc>:HardwareManagerGetLicense:13:0:getelementptr inbounds ([23 x i16], [23 x i16]* @.str, i64 0, i64 0)	*global_alloc@.str[0]
</harden/bcfiles/edk_bcfiles/HardwareManager.bc>:HardwareHandlerReadyCallback:29:2:getelementptr inbounds ([56 x i8], [56 x i8]* @.str.1, i64 0, i64 0)	*global_alloc@.str.1[0]
</harden/bcfiles/edk_bcfiles/HardwareManager.bc>:HardwareHandlerReadyCallback:29:6:getelementptr inbounds ([29 x i8], [29 x i8]* @__func__.HardwareHandlerReadyCallback, i64 0, i64 0)	*global_alloc@__func__.HardwareHandlerReadyCallback[0]
</harden/bcfiles/edk_bcfiles/HardwareManager.bc>:HardwareHandlerReadyCallback:54:6:getelementptr inbounds ([29 x i8], [29 x i8]* @__func__.HardwareHandlerReadyCallback, i64 0, i64 0)	*global_alloc@__func__.HardwareHandlerReadyCallback[0]
</harden/bcfiles/edk_bcfiles/HardwareManager.bc>:HardwareHandlerReadyCallback:79:6:getelementptr inbounds ([29 x i8], [29 x i8]* @__func__.HardwareHandlerReadyCallback, i64 0, i64 0)	*global_alloc@__func__.HardwareHandlerReadyCallback[0]
</harden/bcfiles/edk_bcfiles/HardwareManager.bc>:HardwareHandlerReadyCallback:54:2:getelementptr inbounds ([56 x i8], [56 x i8]* @.str.2, i64 0, i64 0)	*global_alloc@.str.2[0]
</harden/bcfiles/edk_bcfiles/HardwareManager.bc>:HardwareHandlerReadyCallback:79:2:getelementptr inbounds ([56 x i8], [56 x i8]* @.str.3, i64 0, i64 0)	*global_alloc@.str.3[0]
</harden/bcfiles/edk_bcfiles/HardwareManager.bc>:ProcessFirmwareReadyCallback:29:2:getelementptr inbounds ([58 x i8], [58 x i8]* @.str.4, i64 0, i64 0)	*global_alloc@.str.4[0]
</harden/bcfiles/edk_bcfiles/HardwareManager.bc>:ProcessFirmwareReadyCallback:29:6:getelementptr inbounds ([29 x i8], [29 x i8]* @__func__.ProcessFirmwareReadyCallback, i64 0, i64 0)	*global_alloc@__func__.ProcessFirmwareReadyCallback[0]
</harden/bcfiles/edk_bcfiles/HardwareManager.bc>:HardwareManagerEntryPoint:35:2:getelementptr inbounds ([40 x i8], [40 x i8]* @.str.5, i64 0, i64 0)	*global_alloc@.str.5[0]
</harden/bcfiles/edk_bcfiles/HardwareManager.bc>:HardwareManagerEntryPoint:59:2:getelementptr inbounds ([40 x i8], [40 x i8]* @.str.5, i64 0, i64 0)	*global_alloc@.str.5[0]
</harden/bcfiles/edk_bcfiles/HardwareManager.bc>:HardwareManagerEntryPoint:35:6:getelementptr inbounds ([26 x i8], [26 x i8]* @__func__.HardwareManagerEntryPoint, i64 0, i64 0)	*global_alloc@__func__.HardwareManagerEntryPoint[0]
</harden/bcfiles/edk_bcfiles/HardwareManager.bc>:HardwareManagerEntryPoint:59:6:getelementptr inbounds ([26 x i8], [26 x i8]* @__func__.HardwareManagerEntryPoint, i64 0, i64 0)	*global_alloc@__func__.HardwareManagerEntryPoint[0]
</harden/bcfiles/edk_bcfiles/HardwareManager.bc>:HardwareManagerEntryPoint:83:6:getelementptr inbounds ([26 x i8], [26 x i8]* @__func__.HardwareManagerEntryPoint, i64 0, i64 0)	*global_alloc@__func__.HardwareManagerEntryPoint[0]
</harden/bcfiles/edk_bcfiles/HardwareManager.bc>:HardwareManagerEntryPoint:112:6:getelementptr inbounds ([26 x i8], [26 x i8]* @__func__.HardwareManagerEntryPoint, i64 0, i64 0)	*global_alloc@__func__.HardwareManagerEntryPoint[0]
</harden/bcfiles/edk_bcfiles/HardwareManager.bc>:HardwareManagerEntryPoint:137:6:getelementptr inbounds ([26 x i8], [26 x i8]* @__func__.HardwareManagerEntryPoint, i64 0, i64 0)	*global_alloc@__func__.HardwareManagerEntryPoint[0]
</harden/bcfiles/edk_bcfiles/HardwareManager.bc>:HardwareManagerEntryPoint:83:2:getelementptr inbounds ([46 x i8], [46 x i8]* @.str.6, i64 0, i64 0)	*global_alloc@.str.6[0]
</harden/bcfiles/edk_bcfiles/HardwareManager.bc>:HardwareManagerEntryPoint:112:2:getelementptr inbounds ([54 x i8], [54 x i8]* @.str.7, i64 0, i64 0)	*global_alloc@.str.7[0]
</harden/bcfiles/edk_bcfiles/HardwareManager.bc>:HardwareManagerEntryPoint:137:2:getelementptr inbounds ([55 x i8], [55 x i8]* @.str.8, i64 0, i64 0)	*global_alloc@.str.8[0]
</harden/bcfiles/edk_bcfiles/HardwareManager.bc>:HardwareManagerEntryPoint:17:1:getelementptr inbounds (%struct._HARDWARE_MANAGER_LICENSE_PROTOCOL, %struct._HARDWARE_MANAGER_LICENSE_PROTOCOL* @mHardwareManagerLicenseProtocol, i32 0, i32 0)	*global_alloc@mHardwareManagerLicenseProtocol[0].?/0
</harden/bcfiles/edk_bcfiles/HardwareManager.bc>:HardwareManagerEntryPoint:92:1:getelementptr inbounds (%struct._HARDWARE_MANAGER_LICENSE_PROTOCOL, %struct._HARDWARE_MANAGER_LICENSE_PROTOCOL* @mHardwareManagerLicenseProtocol, i32 0, i32 0)	*global_alloc@mHardwareManagerLicenseProtocol[0].?/0
</harden/bcfiles/edk_bcfiles/HardwareManager.bc>:HardwareManagerEntryPoint:102:1:getelementptr inbounds (%struct._HARDWARE_MANAGER_LICENSE_PROTOCOL, %struct._HARDWARE_MANAGER_LICENSE_PROTOCOL* @mHardwareManagerLicenseProtocol, i32 0, i32 0)	*global_alloc@mHardwareManagerLicenseProtocol[0].?/0
</harden/bcfiles/edk_bcfiles/HardwareManager.bc>:HardwareManagerEntryPoint:18:1:getelementptr inbounds (%struct._HARDWARE_MANAGER_LICENSE_PROTOCOL, %struct._HARDWARE_MANAGER_LICENSE_PROTOCOL* @mHardwareManagerLicenseProtocol, i32 0, i32 1)	*global_alloc@mHardwareManagerLicenseProtocol[0].?/1
</harden/bcfiles/edk_bcfiles/HardwareManager.bc>:HardwareManagerEntryPoint:93:1:getelementptr inbounds (%struct._HARDWARE_MANAGER_LICENSE_PROTOCOL, %struct._HARDWARE_MANAGER_LICENSE_PROTOCOL* @mHardwareManagerLicenseProtocol, i32 0, i32 1)	*global_alloc@mHardwareManagerLicenseProtocol[0].?/1
</harden/bcfiles/edk_bcfiles/HardwareManager.bc>:HardwareManagerEntryPoint:103:1:getelementptr inbounds (%struct._HARDWARE_MANAGER_LICENSE_PROTOCOL, %struct._HARDWARE_MANAGER_LICENSE_PROTOCOL* @mHardwareManagerLicenseProtocol, i32 0, i32 1)	*global_alloc@mHardwareManagerLicenseProtocol[0].?/1
</harden/bcfiles/edk_bcfiles/HardwareManager.bc>:HardwareManagerGetLicense:22:1:getelementptr inbounds ([64 x i8], [64 x i8]* @DefaultLicense, i64 0, i64 0)	*global_alloc@DefaultLicense[0][*]
</harden/bcfiles/edk_bcfiles/HardwareManager.bc>:HardwareManagerSetLicense:17:0:getelementptr inbounds ([23 x i16], [23 x i16]* @.str, i64 0, i64 0)	*global_alloc@.str[0][*]
</harden/bcfiles/edk_bcfiles/HardwareManager.bc>:HardwareManagerGetLicense:13:0:getelementptr inbounds ([23 x i16], [23 x i16]* @.str, i64 0, i64 0)	*global_alloc@.str[0][*]
</harden/bcfiles/edk_bcfiles/HardwareManager.bc>:HardwareHandlerReadyCallback:29:2:getelementptr inbounds ([56 x i8], [56 x i8]* @.str.1, i64 0, i64 0)	*global_alloc@.str.1[0][*]
</harden/bcfiles/edk_bcfiles/HardwareManager.bc>:HardwareHandlerReadyCallback:29:6:getelementptr inbounds ([29 x i8], [29 x i8]* @__func__.HardwareHandlerReadyCallback, i64 0, i64 0)	*global_alloc@__func__.HardwareHandlerReadyCallback[0][*]
</harden/bcfiles/edk_bcfiles/HardwareManager.bc>:HardwareHandlerReadyCallback:54:6:getelementptr inbounds ([29 x i8], [29 x i8]* @__func__.HardwareHandlerReadyCallback, i64 0, i64 0)	*global_alloc@__func__.HardwareHandlerReadyCallback[0][*]
</harden/bcfiles/edk_bcfiles/HardwareManager.bc>:HardwareHandlerReadyCallback:79:6:getelementptr inbounds ([29 x i8], [29 x i8]* @__func__.HardwareHandlerReadyCallback, i64 0, i64 0)	*global_alloc@__func__.HardwareHandlerReadyCallback[0][*]
</harden/bcfiles/edk_bcfiles/HardwareManager.bc>:HardwareHandlerReadyCallback:54:2:getelementptr inbounds ([56 x i8], [56 x i8]* @.str.2, i64 0, i64 0)	*global_alloc@.str.2[0][*]
</harden/bcfiles/edk_bcfiles/HardwareManager.bc>:HardwareHandlerReadyCallback:79:2:getelementptr inbounds ([56 x i8], [56 x i8]* @.str.3, i64 0, i64 0)	*global_alloc@.str.3[0][*]
</harden/bcfiles/edk_bcfiles/HardwareManager.bc>:ProcessFirmwareReadyCallback:29:2:getelementptr inbounds ([58 x i8], [58 x i8]* @.str.4, i64 0, i64 0)	*global_alloc@.str.4[0][*]
</harden/bcfiles/edk_bcfiles/HardwareManager.bc>:ProcessFirmwareReadyCallback:29:6:getelementptr inbounds ([29 x i8], [29 x i8]* @__func__.ProcessFirmwareReadyCallback, i64 0, i64 0)	*global_alloc@__func__.ProcessFirmwareReadyCallback[0][*]
</harden/bcfiles/edk_bcfiles/HardwareManager.bc>:HardwareManagerEntryPoint:35:2:getelementptr inbounds ([40 x i8], [40 x i8]* @.str.5, i64 0, i64 0)	*global_alloc@.str.5[0][*]
</harden/bcfiles/edk_bcfiles/HardwareManager.bc>:HardwareManagerEntryPoint:59:2:getelementptr inbounds ([40 x i8], [40 x i8]* @.str.5, i64 0, i64 0)	*global_alloc@.str.5[0][*]
</harden/bcfiles/edk_bcfiles/HardwareManager.bc>:HardwareManagerEntryPoint:35:6:getelementptr inbounds ([26 x i8], [26 x i8]* @__func__.HardwareManagerEntryPoint, i64 0, i64 0)	*global_alloc@__func__.HardwareManagerEntryPoint[0][*]
</harden/bcfiles/edk_bcfiles/HardwareManager.bc>:HardwareManagerEntryPoint:59:6:getelementptr inbounds ([26 x i8], [26 x i8]* @__func__.HardwareManagerEntryPoint, i64 0, i64 0)	*global_alloc@__func__.HardwareManagerEntryPoint[0][*]
</harden/bcfiles/edk_bcfiles/HardwareManager.bc>:HardwareManagerEntryPoint:83:6:getelementptr inbounds ([26 x i8], [26 x i8]* @__func__.HardwareManagerEntryPoint, i64 0, i64 0)	*global_alloc@__func__.HardwareManagerEntryPoint[0][*]
</harden/bcfiles/edk_bcfiles/HardwareManager.bc>:HardwareManagerEntryPoint:112:6:getelementptr inbounds ([26 x i8], [26 x i8]* @__func__.HardwareManagerEntryPoint, i64 0, i64 0)	*global_alloc@__func__.HardwareManagerEntryPoint[0][*]
</harden/bcfiles/edk_bcfiles/HardwareManager.bc>:HardwareManagerEntryPoint:137:6:getelementptr inbounds ([26 x i8], [26 x i8]* @__func__.HardwareManagerEntryPoint, i64 0, i64 0)	*global_alloc@__func__.HardwareManagerEntryPoint[0][*]
</harden/bcfiles/edk_bcfiles/HardwareManager.bc>:HardwareManagerEntryPoint:83:2:getelementptr inbounds ([46 x i8], [46 x i8]* @.str.6, i64 0, i64 0)	*global_alloc@.str.6[0][*]
</harden/bcfiles/edk_bcfiles/HardwareManager.bc>:HardwareManagerEntryPoint:112:2:getelementptr inbounds ([54 x i8], [54 x i8]* @.str.7, i64 0, i64 0)	*global_alloc@.str.7[0][*]
</harden/bcfiles/edk_bcfiles/HardwareManager.bc>:HardwareManagerEntryPoint:137:2:getelementptr inbounds ([55 x i8], [55 x i8]* @.str.8, i64 0, i64 0)	*global_alloc@.str.8[0][*]
