*global_alloc@DefaultLicense	c"5d\EA\A3\C1,\89\C7I\C6$\8Bj\08l\EA\F6\E6\89\DD\F4\C7\06d\C85\FA\BC\D0@qc\8FS\A2\D8\CC\D1[\B3\06d]k=W\F6\DC\DA\92\B2\A8\CD\AAt\994T\03a\B1\D0\AD\DE"
*global_alloc@mLedController	null
*global_alloc@mThermalSensor	null
*global_alloc@mFanController	null
*global_alloc@mProcessFirmware	null
*global_alloc@SmmVariableProtocol	null
*global_alloc@.str	[i16 72, i16 97, i16 114, i16 100, i16 119, i16 97, i16 114, i16 101, i16 72, i16 97, i16 110, i16 100, i16 108, i16 101, i16 114, i16 76, i16 105, i16 99, i16 101, i16 110, i16 115, i16 101, i16 0]
*global_alloc@.str.1	c"%a: Failed to locate ThermalSensorProtocol. Status: %r\0A\00"
*global_alloc@__func__.HardwareHandlerReadyCallback	c"HardwareHandlerReadyCallback\00"
*global_alloc@.str.2	c"%a: Failed to locate FanControllerProtocol. Status: %r\0A\00"
*global_alloc@.str.3	c"%a: Failed to locate LedControllerProtocol. Status: %r\0A\00"
*global_alloc@.str.4	c"%a: Failed to locate ProcessFirmwareProtocol. Status: %r\0A\00"
*global_alloc@__func__.ProcessFirmwareReadyCallback	c"ProcessFirmwareReadyCallback\00"
*global_alloc@mHardwareManagerLicenseProtocol	zeroinitializer
*global_alloc@.str.5	c"%a: Could not register protocol notify\0A\00"
*global_alloc@__func__.HardwareManagerEntryPoint	c"HardwareManagerEntryPoint\00"
*global_alloc@.str.6	c"%a: Could not locate SmmVariableProtocol !!!\0A\00"
*global_alloc@.str.7	c"%a: Failed to install HardwareManagerLicenseProtocol\0A\00"
*global_alloc@.str.8	c"%a: Failed to register DriverWriteHandler. Status: %r\0A\00"
*global_alloc@DefaultLicense[0]	c"5d\EA\A3\C1,\89\C7I\C6$\8Bj\08l\EA\F6\E6\89\DD\F4\C7\06d\C85\FA\BC\D0@qc\8FS\A2\D8\CC\D1[\B3\06d]k=W\F6\DC\DA\92\B2\A8\CD\AAt\994T\03a\B1\D0\AD\DE"
*global_alloc@mLedController[0]	null
*global_alloc@mThermalSensor[0]	null
*global_alloc@mFanController[0]	null
*global_alloc@mProcessFirmware[0]	null
*global_alloc@SmmVariableProtocol[0]	null
*global_alloc@.str[0]	[i16 72, i16 97, i16 114, i16 100, i16 119, i16 97, i16 114, i16 101, i16 72, i16 97, i16 110, i16 100, i16 108, i16 101, i16 114, i16 76, i16 105, i16 99, i16 101, i16 110, i16 115, i16 101, i16 0]
*global_alloc@.str.1[0]	c"%a: Failed to locate ThermalSensorProtocol. Status: %r\0A\00"
*global_alloc@__func__.HardwareHandlerReadyCallback[0]	c"HardwareHandlerReadyCallback\00"
*global_alloc@.str.2[0]	c"%a: Failed to locate FanControllerProtocol. Status: %r\0A\00"
*global_alloc@.str.3[0]	c"%a: Failed to locate LedControllerProtocol. Status: %r\0A\00"
*global_alloc@.str.4[0]	c"%a: Failed to locate ProcessFirmwareProtocol. Status: %r\0A\00"
*global_alloc@__func__.ProcessFirmwareReadyCallback[0]	c"ProcessFirmwareReadyCallback\00"
*global_alloc@mHardwareManagerLicenseProtocol[0]	zeroinitializer
*global_alloc@.str.5[0]	c"%a: Could not register protocol notify\0A\00"
*global_alloc@__func__.HardwareManagerEntryPoint[0]	c"HardwareManagerEntryPoint\00"
*global_alloc@.str.6[0]	c"%a: Could not locate SmmVariableProtocol !!!\0A\00"
*global_alloc@.str.7[0]	c"%a: Failed to install HardwareManagerLicenseProtocol\0A\00"
*global_alloc@.str.8[0]	c"%a: Failed to register DriverWriteHandler. Status: %r\0A\00"
