</harden/bcfiles/edk_bcfiles/HardwareManager.bc>:HardwareManagerSetLicense	</harden/bcfiles/edk_bcfiles/HardwareManager.bc>:HardwareManagerHandler:%366
</harden/bcfiles/edk_bcfiles/HardwareManager.bc>:CopyMem	</harden/bcfiles/edk_bcfiles/HardwareManager.bc>:HardwareManagerHandler:%89
</harden/bcfiles/edk_bcfiles/HardwareManager.bc>:CopyMem	</harden/bcfiles/edk_bcfiles/HardwareManager.bc>:HardwareManagerHandler:%30
</harden/bcfiles/edk_bcfiles/HardwareManager.bc>:CopyMem	</harden/bcfiles/edk_bcfiles/HardwareManager.bc>:HardwareManagerGetLicense:%18
</harden/bcfiles/edk_bcfiles/HardwareManager.bc>:SetMem	</harden/bcfiles/edk_bcfiles/HardwareManager.bc>:HardwareManagerHandler:%375
</harden/bcfiles/edk_bcfiles/HardwareManager.bc>:SetMem	</harden/bcfiles/edk_bcfiles/HardwareManager.bc>:HardwareManagerHandler:%51
</harden/bcfiles/edk_bcfiles/HardwareManager.bc>:SetMem	</harden/bcfiles/edk_bcfiles/HardwareManager.bc>:HardwareManagerHandler:%39
</harden/bcfiles/edk_bcfiles/HardwareManager.bc>:DebugPrintEnabled	</harden/bcfiles/edk_bcfiles/HardwareManager.bc>:HardwareHandlerReadyCallback:%61
</harden/bcfiles/edk_bcfiles/HardwareManager.bc>:DebugPrintEnabled	</harden/bcfiles/edk_bcfiles/HardwareManager.bc>:HardwareHandlerReadyCallback:%39
</harden/bcfiles/edk_bcfiles/HardwareManager.bc>:DebugPrintEnabled	</harden/bcfiles/edk_bcfiles/HardwareManager.bc>:HardwareHandlerReadyCallback:%17
</harden/bcfiles/edk_bcfiles/HardwareManager.bc>:DebugPrintEnabled	</harden/bcfiles/edk_bcfiles/HardwareManager.bc>:ProcessFirmwareReadyCallback:%17
</harden/bcfiles/edk_bcfiles/HardwareManager.bc>:DebugPrintEnabled	</harden/bcfiles/edk_bcfiles/HardwareManager.bc>:HardwareManagerEntryPoint:%103
</harden/bcfiles/edk_bcfiles/HardwareManager.bc>:DebugPrintEnabled	</harden/bcfiles/edk_bcfiles/HardwareManager.bc>:HardwareManagerEntryPoint:%82
</harden/bcfiles/edk_bcfiles/HardwareManager.bc>:DebugPrintEnabled	</harden/bcfiles/edk_bcfiles/HardwareManager.bc>:HardwareManagerEntryPoint:%61
</harden/bcfiles/edk_bcfiles/HardwareManager.bc>:DebugPrintEnabled	</harden/bcfiles/edk_bcfiles/HardwareManager.bc>:HardwareManagerEntryPoint:%40
</harden/bcfiles/edk_bcfiles/HardwareManager.bc>:DebugPrintEnabled	</harden/bcfiles/edk_bcfiles/HardwareManager.bc>:HardwareManagerEntryPoint:%19
</harden/bcfiles/edk_bcfiles/HardwareManager.bc>:DebugPrintLevelEnabled	</harden/bcfiles/edk_bcfiles/HardwareManager.bc>:HardwareHandlerReadyCallback:%65
</harden/bcfiles/edk_bcfiles/HardwareManager.bc>:DebugPrintLevelEnabled	</harden/bcfiles/edk_bcfiles/HardwareManager.bc>:HardwareHandlerReadyCallback:%43
</harden/bcfiles/edk_bcfiles/HardwareManager.bc>:DebugPrintLevelEnabled	</harden/bcfiles/edk_bcfiles/HardwareManager.bc>:HardwareHandlerReadyCallback:%21
</harden/bcfiles/edk_bcfiles/HardwareManager.bc>:DebugPrintLevelEnabled	</harden/bcfiles/edk_bcfiles/HardwareManager.bc>:ProcessFirmwareReadyCallback:%21
</harden/bcfiles/edk_bcfiles/HardwareManager.bc>:DebugPrintLevelEnabled	</harden/bcfiles/edk_bcfiles/HardwareManager.bc>:HardwareManagerEntryPoint:%86
</harden/bcfiles/edk_bcfiles/HardwareManager.bc>:DebugPrintLevelEnabled	</harden/bcfiles/edk_bcfiles/HardwareManager.bc>:HardwareManagerEntryPoint:%65
</harden/bcfiles/edk_bcfiles/HardwareManager.bc>:DebugPrintLevelEnabled	</harden/bcfiles/edk_bcfiles/HardwareManager.bc>:HardwareManagerEntryPoint:%107
</harden/bcfiles/edk_bcfiles/HardwareManager.bc>:DebugPrintLevelEnabled	</harden/bcfiles/edk_bcfiles/HardwareManager.bc>:HardwareManagerEntryPoint:%44
</harden/bcfiles/edk_bcfiles/HardwareManager.bc>:DebugPrintLevelEnabled	</harden/bcfiles/edk_bcfiles/HardwareManager.bc>:HardwareManagerEntryPoint:%23
