</harden/bcfiles/edk_bcfiles/HardwareManager.bc>:HardwareManagerHandler:%11	FirmwarePointer
</harden/bcfiles/edk_bcfiles/HardwareManager.bc>:HardwareManagerHandler:%10	FirmwareChunk
</harden/bcfiles/edk_bcfiles/HardwareManager.bc>:HardwareManagerHandler:%9	CommBufferSize
</harden/bcfiles/edk_bcfiles/HardwareManager.bc>:HardwareManagerHandler:%8	CommBuffer
</harden/bcfiles/edk_bcfiles/HardwareManager.bc>:HardwareManagerHandler:%7	Context
</harden/bcfiles/edk_bcfiles/HardwareManager.bc>:HardwareManagerHandler:%6	DispatchHandle
</harden/bcfiles/edk_bcfiles/HardwareManager.bc>:HardwareManagerHandler:%12	TempCommBuffer
</harden/bcfiles/edk_bcfiles/HardwareManager.bc>:HardwareManagerSetLicense:%5	DataSize
</harden/bcfiles/edk_bcfiles/HardwareManager.bc>:HardwareManagerSetLicense:%4	Attributes
</harden/bcfiles/edk_bcfiles/HardwareManager.bc>:HardwareManagerSetLicense:%3	Status
</harden/bcfiles/edk_bcfiles/HardwareManager.bc>:HardwareManagerSetLicense:%2	Data
</harden/bcfiles/edk_bcfiles/HardwareManager.bc>:HardwareManagerValidateLicense:%6	stored_checksum
</harden/bcfiles/edk_bcfiles/HardwareManager.bc>:HardwareManagerValidateLicense:%5	checksum
</harden/bcfiles/edk_bcfiles/HardwareManager.bc>:HardwareManagerValidateLicense:%4	i
</harden/bcfiles/edk_bcfiles/HardwareManager.bc>:HardwareManagerValidateLicense:%3	License
</harden/bcfiles/edk_bcfiles/HardwareManager.bc>:HardwareManagerGetLicense:%5	DataSize
</harden/bcfiles/edk_bcfiles/HardwareManager.bc>:HardwareManagerGetLicense:%4	Status
</harden/bcfiles/edk_bcfiles/HardwareManager.bc>:HardwareManagerGetLicense:%3	License
</harden/bcfiles/edk_bcfiles/HardwareManager.bc>:HardwareHandlerReadyCallback:%8	Status
</harden/bcfiles/edk_bcfiles/HardwareManager.bc>:HardwareHandlerReadyCallback:%7	Handle
</harden/bcfiles/edk_bcfiles/HardwareManager.bc>:HardwareHandlerReadyCallback:%6	Interface
</harden/bcfiles/edk_bcfiles/HardwareManager.bc>:HardwareHandlerReadyCallback:%5	Protocol
</harden/bcfiles/edk_bcfiles/HardwareManager.bc>:ProcessFirmwareReadyCallback:%8	Status
</harden/bcfiles/edk_bcfiles/HardwareManager.bc>:ProcessFirmwareReadyCallback:%7	Handle
</harden/bcfiles/edk_bcfiles/HardwareManager.bc>:ProcessFirmwareReadyCallback:%6	Interface
</harden/bcfiles/edk_bcfiles/HardwareManager.bc>:ProcessFirmwareReadyCallback:%5	Protocol
</harden/bcfiles/edk_bcfiles/HardwareManager.bc>:HardwareManagerEntryPoint:%10	HardwareHandlerNotifyRegistration
</harden/bcfiles/edk_bcfiles/HardwareManager.bc>:HardwareManagerEntryPoint:%9	ProcessFirmwareNotifyRegistration
</harden/bcfiles/edk_bcfiles/HardwareManager.bc>:HardwareManagerEntryPoint:%8	ProtocolHandle
</harden/bcfiles/edk_bcfiles/HardwareManager.bc>:HardwareManagerEntryPoint:%7	DispatchHandle
</harden/bcfiles/edk_bcfiles/HardwareManager.bc>:HardwareManagerEntryPoint:%6	Status
</harden/bcfiles/edk_bcfiles/HardwareManager.bc>:HardwareManagerEntryPoint:%5	SystemTable
</harden/bcfiles/edk_bcfiles/HardwareManager.bc>:HardwareManagerEntryPoint:%4	ImageHandle
