</harden/bcfiles/edk_bcfiles/RdtscControl.bc>:RdtscHandler:%136	</harden/bcfiles/edk_bcfiles/RdtscControl.bc>:RdtscHandler:157:0:0	</harden/bcfiles/edk_bcfiles/RdtscControl.bc>:RdtscHandler:157
</harden/bcfiles/edk_bcfiles/RdtscControl.bc>:RdtscHandler:%124	</harden/bcfiles/edk_bcfiles/RdtscControl.bc>:RdtscHandler:143:0:0	</harden/bcfiles/edk_bcfiles/RdtscControl.bc>:RdtscHandler:143
</harden/bcfiles/edk_bcfiles/RdtscControl.bc>:RdtscHandler:%107	</harden/bcfiles/edk_bcfiles/RdtscControl.bc>:RdtscHandler:125:0:0	</harden/bcfiles/edk_bcfiles/RdtscControl.bc>:RdtscHandler:125
</harden/bcfiles/edk_bcfiles/RdtscControl.bc>:RdtscHandler:%98	</harden/bcfiles/edk_bcfiles/RdtscControl.bc>:RdtscHandler:115:0:0	</harden/bcfiles/edk_bcfiles/RdtscControl.bc>:RdtscHandler:115
</harden/bcfiles/edk_bcfiles/RdtscControl.bc>:RdtscHandler:%51	</harden/bcfiles/edk_bcfiles/RdtscControl.bc>:RdtscHandler:64:0:0	</harden/bcfiles/edk_bcfiles/RdtscControl.bc>:RdtscHandler:64
</harden/bcfiles/edk_bcfiles/RdtscControl.bc>:RdtscHandler:%11	</harden/bcfiles/edk_bcfiles/RdtscControl.bc>:RdtscHandler:109:0:0	</harden/bcfiles/edk_bcfiles/RdtscControl.bc>:RdtscHandler:109
</harden/bcfiles/edk_bcfiles/RdtscControl.bc>:RdtscHandler:%11	</harden/bcfiles/edk_bcfiles/RdtscControl.bc>:RdtscHandler:119:0:0	</harden/bcfiles/edk_bcfiles/RdtscControl.bc>:RdtscHandler:119
</harden/bcfiles/edk_bcfiles/RdtscControl.bc>:RdtscHandler:%11	</harden/bcfiles/edk_bcfiles/RdtscControl.bc>:RdtscHandler:151:0:0	</harden/bcfiles/edk_bcfiles/RdtscControl.bc>:RdtscHandler:151
</harden/bcfiles/edk_bcfiles/RdtscControl.bc>:RdtscHandler:%89	</harden/bcfiles/edk_bcfiles/RdtscControl.bc>:RdtscHandler:105:0:0	</harden/bcfiles/edk_bcfiles/RdtscControl.bc>:RdtscHandler:105
</harden/bcfiles/edk_bcfiles/RdtscControl.bc>:RdtscControlInitialize:%33	</harden/bcfiles/edk_bcfiles/RdtscControl.bc>:RdtscControlInitialize:43:0:0	</harden/bcfiles/edk_bcfiles/RdtscControl.bc>:RdtscControlInitialize:43
</harden/bcfiles/edk_bcfiles/RdtscControl.bc>:RdtscControlInitialize:%10	</harden/bcfiles/edk_bcfiles/RdtscControl.bc>:RdtscControlInitialize:16:0:0	</harden/bcfiles/edk_bcfiles/RdtscControl.bc>:RdtscControlInitialize:16
</harden/bcfiles/edk_bcfiles/RdtscControl.bc>:RdtscControlInitialize:%8	</harden/bcfiles/edk_bcfiles/RdtscControl.bc>:RdtscControlInitialize:40:0:0	</harden/bcfiles/edk_bcfiles/RdtscControl.bc>:RdtscControlInitialize:40
