</harden/bcfiles/edk_bcfiles/RdtscControl.bc>:RdtscHandler:%52	</harden/bcfiles/edk_bcfiles/RdtscControl.bc>:RdtscHandler:%53
</harden/bcfiles/edk_bcfiles/RdtscControl.bc>:RdtscHandler:%95	</harden/bcfiles/edk_bcfiles/RdtscControl.bc>:RdtscHandler:%96
</harden/bcfiles/edk_bcfiles/RdtscControl.bc>:RdtscHandler:%104	</harden/bcfiles/edk_bcfiles/RdtscControl.bc>:RdtscHandler:%105
</harden/bcfiles/edk_bcfiles/RdtscControl.bc>:RdtscHandler:%132	</harden/bcfiles/edk_bcfiles/RdtscControl.bc>:RdtscHandler:%133
</harden/bcfiles/edk_bcfiles/RdtscControl.bc>:RdtscControlInitialize:%11	</harden/bcfiles/edk_bcfiles/RdtscControl.bc>:RdtscControlInitialize:%12
</harden/bcfiles/edk_bcfiles/RdtscControl.bc>:RdtscControlInitialize:%34	</harden/bcfiles/edk_bcfiles/RdtscControl.bc>:RdtscControlInitialize:%35
</harden/bcfiles/edk_bcfiles/RdtscControl.bc>:RdtscHandler:%13	</harden/bcfiles/edk_bcfiles/RdtscControl.bc>:RdtscHandler:%141
</harden/bcfiles/edk_bcfiles/RdtscControl.bc>:RdtscHandler:%12	</harden/bcfiles/edk_bcfiles/RdtscControl.bc>:RdtscHandler:%139
</harden/bcfiles/edk_bcfiles/RdtscControl.bc>:RdtscHandler:%8	</harden/bcfiles/edk_bcfiles/RdtscControl.bc>:RdtscHandler:%138
</harden/bcfiles/edk_bcfiles/RdtscControl.bc>:RdtscHandler:%12	</harden/bcfiles/edk_bcfiles/RdtscControl.bc>:RdtscHandler:%136
</harden/bcfiles/edk_bcfiles/RdtscControl.bc>:RdtscHandler:%131	</harden/bcfiles/edk_bcfiles/RdtscControl.bc>:RdtscHandler:%132
</harden/bcfiles/edk_bcfiles/RdtscControl.bc>:RdtscHandler:%12	</harden/bcfiles/edk_bcfiles/RdtscControl.bc>:RdtscHandler:%124
</harden/bcfiles/edk_bcfiles/RdtscControl.bc>:RdtscHandler:%10	</harden/bcfiles/edk_bcfiles/RdtscControl.bc>:RdtscHandler:%143
</harden/bcfiles/edk_bcfiles/RdtscControl.bc>:RdtscHandler:%103	</harden/bcfiles/edk_bcfiles/RdtscControl.bc>:RdtscHandler:%104
</harden/bcfiles/edk_bcfiles/RdtscControl.bc>:RdtscHandler:%99	</harden/bcfiles/edk_bcfiles/RdtscControl.bc>:RdtscHandler:%100
</harden/bcfiles/edk_bcfiles/RdtscControl.bc>:RdtscHandler:%12	</harden/bcfiles/edk_bcfiles/RdtscControl.bc>:RdtscHandler:%107
</harden/bcfiles/edk_bcfiles/RdtscControl.bc>:RdtscHandler:%12	</harden/bcfiles/edk_bcfiles/RdtscControl.bc>:RdtscHandler:%98
</harden/bcfiles/edk_bcfiles/RdtscControl.bc>:RdtscHandler:%94	</harden/bcfiles/edk_bcfiles/RdtscControl.bc>:RdtscHandler:%95
</harden/bcfiles/edk_bcfiles/RdtscControl.bc>:RdtscHandler:%13	</harden/bcfiles/edk_bcfiles/RdtscControl.bc>:RdtscHandler:%129
</harden/bcfiles/edk_bcfiles/RdtscControl.bc>:RdtscHandler:%13	</harden/bcfiles/edk_bcfiles/RdtscControl.bc>:RdtscHandler:%76
</harden/bcfiles/edk_bcfiles/RdtscControl.bc>:RdtscHandler:%90	</harden/bcfiles/edk_bcfiles/RdtscControl.bc>:RdtscHandler:%91
</harden/bcfiles/edk_bcfiles/RdtscControl.bc>:RdtscHandler:%108	</harden/bcfiles/edk_bcfiles/RdtscControl.bc>:RdtscHandler:%109
</harden/bcfiles/edk_bcfiles/RdtscControl.bc>:RdtscHandler:%12	</harden/bcfiles/edk_bcfiles/RdtscControl.bc>:RdtscHandler:%73
</harden/bcfiles/edk_bcfiles/RdtscControl.bc>:RdtscHandler:%10	</harden/bcfiles/edk_bcfiles/RdtscControl.bc>:RdtscHandler:%57
</harden/bcfiles/edk_bcfiles/RdtscControl.bc>:RdtscHandler:%12	</harden/bcfiles/edk_bcfiles/RdtscControl.bc>:RdtscHandler:%55
</harden/bcfiles/edk_bcfiles/RdtscControl.bc>:RdtscHandler:%13	</harden/bcfiles/edk_bcfiles/RdtscControl.bc>:RdtscHandler:%54
</harden/bcfiles/edk_bcfiles/RdtscControl.bc>:RdtscHandler:%11	</harden/bcfiles/edk_bcfiles/RdtscControl.bc>:RdtscHandler:%83
</harden/bcfiles/edk_bcfiles/RdtscControl.bc>:RdtscHandler:%8	</harden/bcfiles/edk_bcfiles/RdtscControl.bc>:RdtscHandler:%75
</harden/bcfiles/edk_bcfiles/RdtscControl.bc>:RdtscHandler:%139	</harden/bcfiles/edk_bcfiles/RdtscControl.bc>:RdtscHandler:%140
</harden/bcfiles/edk_bcfiles/RdtscControl.bc>:RdtscHandler:%13	</harden/bcfiles/edk_bcfiles/RdtscControl.bc>:RdtscHandler:%35
</harden/bcfiles/edk_bcfiles/RdtscControl.bc>:RdtscHandler:%9	</harden/bcfiles/edk_bcfiles/RdtscControl.bc>:RdtscHandler:%130
</harden/bcfiles/edk_bcfiles/RdtscControl.bc>:RdtscHandler:%33	</harden/bcfiles/edk_bcfiles/RdtscControl.bc>:RdtscHandler:%34
</harden/bcfiles/edk_bcfiles/RdtscControl.bc>:RdtscHandler:%5	</harden/bcfiles/edk_bcfiles/RdtscControl.bc>:RdtscHandler:%145
</harden/bcfiles/edk_bcfiles/RdtscControl.bc>:RdtscHandler:%9	</harden/bcfiles/edk_bcfiles/RdtscControl.bc>:RdtscHandler:%17
</harden/bcfiles/edk_bcfiles/RdtscControl.bc>:RdtscHandler:%11	</harden/bcfiles/edk_bcfiles/RdtscControl.bc>:RdtscHandler:%86
</harden/bcfiles/edk_bcfiles/RdtscControl.bc>:RdtscHandler:%8	</harden/bcfiles/edk_bcfiles/RdtscControl.bc>:RdtscHandler:%14
</harden/bcfiles/edk_bcfiles/RdtscControl.bc>:RdtscHandler:63:0:@gSmst	</harden/bcfiles/edk_bcfiles/RdtscControl.bc>:RdtscHandler:%51
</harden/bcfiles/edk_bcfiles/RdtscControl.bc>:RdtscHandler:%12	</harden/bcfiles/edk_bcfiles/RdtscControl.bc>:RdtscHandler:%89
</harden/bcfiles/edk_bcfiles/RdtscControl.bc>:RdtscHandler:%9	</harden/bcfiles/edk_bcfiles/RdtscControl.bc>:RdtscHandler:%33
</harden/bcfiles/edk_bcfiles/RdtscControl.bc>:RdtscHandler:%73	</harden/bcfiles/edk_bcfiles/RdtscControl.bc>:RdtscHandler:%74
</harden/bcfiles/edk_bcfiles/RdtscControl.bc>:RdtscControlInitialize:%6	</harden/bcfiles/edk_bcfiles/RdtscControl.bc>:RdtscControlInitialize:%55
</harden/bcfiles/edk_bcfiles/RdtscControl.bc>:RdtscControlInitialize:%7	</harden/bcfiles/edk_bcfiles/RdtscControl.bc>:RdtscControlInitialize:%36
</harden/bcfiles/edk_bcfiles/RdtscControl.bc>:RdtscControlInitialize:%6	</harden/bcfiles/edk_bcfiles/RdtscControl.bc>:RdtscControlInitialize:%30
</harden/bcfiles/edk_bcfiles/RdtscControl.bc>:RdtscControlInitialize:%6	</harden/bcfiles/edk_bcfiles/RdtscControl.bc>:RdtscControlInitialize:%53
</harden/bcfiles/edk_bcfiles/RdtscControl.bc>:RdtscControlInitialize:%6	</harden/bcfiles/edk_bcfiles/RdtscControl.bc>:RdtscControlInitialize:%38
</harden/bcfiles/edk_bcfiles/RdtscControl.bc>:RdtscControlInitialize:%6	</harden/bcfiles/edk_bcfiles/RdtscControl.bc>:RdtscControlInitialize:%15
</harden/bcfiles/edk_bcfiles/RdtscControl.bc>:RdtscControlInitialize:%7	</harden/bcfiles/edk_bcfiles/RdtscControl.bc>:RdtscControlInitialize:%13
</harden/bcfiles/edk_bcfiles/RdtscControl.bc>:RdtscControlInitialize:%7	</harden/bcfiles/edk_bcfiles/RdtscControl.bc>:RdtscControlInitialize:%33
</harden/bcfiles/edk_bcfiles/RdtscControl.bc>:RdtscControlInitialize:15:0:@gSmst	</harden/bcfiles/edk_bcfiles/RdtscControl.bc>:RdtscControlInitialize:%10
</harden/bcfiles/edk_bcfiles/RdtscControl.bc>:RdtscControlInitialize:%3	</harden/bcfiles/edk_bcfiles/RdtscControl.bc>:RdtscControlInitialize:%57
