</harden/bcfiles/edk_bcfiles/RdtscControl.bc>:RdtscHandler:64	0	</harden/bcfiles/edk_bcfiles/RdtscControl.bc>:RdtscHandler:64:0:0
</harden/bcfiles/edk_bcfiles/RdtscControl.bc>:RdtscHandler:105	0	</harden/bcfiles/edk_bcfiles/RdtscControl.bc>:RdtscHandler:105:0:0
</harden/bcfiles/edk_bcfiles/RdtscControl.bc>:RdtscHandler:109	0	</harden/bcfiles/edk_bcfiles/RdtscControl.bc>:RdtscHandler:109:0:0
</harden/bcfiles/edk_bcfiles/RdtscControl.bc>:RdtscHandler:115	0	</harden/bcfiles/edk_bcfiles/RdtscControl.bc>:RdtscHandler:115:0:0
</harden/bcfiles/edk_bcfiles/RdtscControl.bc>:RdtscHandler:119	0	</harden/bcfiles/edk_bcfiles/RdtscControl.bc>:RdtscHandler:119:0:0
</harden/bcfiles/edk_bcfiles/RdtscControl.bc>:RdtscHandler:125	0	</harden/bcfiles/edk_bcfiles/RdtscControl.bc>:RdtscHandler:125:0:0
</harden/bcfiles/edk_bcfiles/RdtscControl.bc>:RdtscHandler:143	0	</harden/bcfiles/edk_bcfiles/RdtscControl.bc>:RdtscHandler:143:0:0
</harden/bcfiles/edk_bcfiles/RdtscControl.bc>:RdtscHandler:151	0	</harden/bcfiles/edk_bcfiles/RdtscControl.bc>:RdtscHandler:151:0:0
</harden/bcfiles/edk_bcfiles/RdtscControl.bc>:RdtscHandler:157	0	</harden/bcfiles/edk_bcfiles/RdtscControl.bc>:RdtscHandler:157:0:0
</harden/bcfiles/edk_bcfiles/RdtscControl.bc>:RdtscControlInitialize:16	0	</harden/bcfiles/edk_bcfiles/RdtscControl.bc>:RdtscControlInitialize:16:0:0
</harden/bcfiles/edk_bcfiles/RdtscControl.bc>:RdtscControlInitialize:40	0	</harden/bcfiles/edk_bcfiles/RdtscControl.bc>:RdtscControlInitialize:40:0:0
</harden/bcfiles/edk_bcfiles/RdtscControl.bc>:RdtscControlInitialize:43	0	</harden/bcfiles/edk_bcfiles/RdtscControl.bc>:RdtscControlInitialize:43:0:0
</harden/bcfiles/edk_bcfiles/RdtscControl.bc>:RdtscHandler:64	1	</harden/bcfiles/edk_bcfiles/RdtscControl.bc>:RdtscHandler:64:1:5
</harden/bcfiles/edk_bcfiles/RdtscControl.bc>:RdtscHandler:105	1	</harden/bcfiles/edk_bcfiles/RdtscControl.bc>:RdtscHandler:105:1:2
</harden/bcfiles/edk_bcfiles/RdtscControl.bc>:RdtscHandler:109	1	</harden/bcfiles/edk_bcfiles/RdtscControl.bc>:RdtscHandler:109:1:0
</harden/bcfiles/edk_bcfiles/RdtscControl.bc>:RdtscHandler:115	1	</harden/bcfiles/edk_bcfiles/RdtscControl.bc>:RdtscHandler:115:1:2
</harden/bcfiles/edk_bcfiles/RdtscControl.bc>:RdtscHandler:119	1	</harden/bcfiles/edk_bcfiles/RdtscControl.bc>:RdtscHandler:119:1:1
</harden/bcfiles/edk_bcfiles/RdtscControl.bc>:RdtscHandler:125	1	</harden/bcfiles/edk_bcfiles/RdtscControl.bc>:RdtscHandler:125:1:2
</harden/bcfiles/edk_bcfiles/RdtscControl.bc>:RdtscHandler:143	1	</harden/bcfiles/edk_bcfiles/RdtscControl.bc>:RdtscHandler:143:1:0
</harden/bcfiles/edk_bcfiles/RdtscControl.bc>:RdtscHandler:151	1	</harden/bcfiles/edk_bcfiles/RdtscControl.bc>:RdtscHandler:151:1:2
</harden/bcfiles/edk_bcfiles/RdtscControl.bc>:RdtscHandler:157	1	</harden/bcfiles/edk_bcfiles/RdtscControl.bc>:RdtscHandler:157:1:1
</harden/bcfiles/edk_bcfiles/RdtscControl.bc>:RdtscControlInitialize:16	1	</harden/bcfiles/edk_bcfiles/RdtscControl.bc>:RdtscControlInitialize:16:1:21
</harden/bcfiles/edk_bcfiles/RdtscControl.bc>:RdtscControlInitialize:40	1	</harden/bcfiles/edk_bcfiles/RdtscControl.bc>:RdtscControlInitialize:40:1:0
</harden/bcfiles/edk_bcfiles/RdtscControl.bc>:RdtscControlInitialize:43	1	</harden/bcfiles/edk_bcfiles/RdtscControl.bc>:RdtscControlInitialize:43:1:0
