</harden/bcfiles/edk_bcfiles/RdtscControl.bc>:RdtscHandler:65	</harden/bcfiles/edk_bcfiles/RdtscControl.bc>:RdtscHandler:%53
</harden/bcfiles/edk_bcfiles/RdtscControl.bc>:RdtscHandler:111	</harden/bcfiles/edk_bcfiles/RdtscControl.bc>:RdtscHandler:%96
</harden/bcfiles/edk_bcfiles/RdtscControl.bc>:RdtscHandler:121	</harden/bcfiles/edk_bcfiles/RdtscControl.bc>:RdtscHandler:%105
</harden/bcfiles/edk_bcfiles/RdtscControl.bc>:RdtscHandler:153	</harden/bcfiles/edk_bcfiles/RdtscControl.bc>:RdtscHandler:%133
</harden/bcfiles/edk_bcfiles/RdtscControl.bc>:RdtscControlInitialize:17	</harden/bcfiles/edk_bcfiles/RdtscControl.bc>:RdtscControlInitialize:%12
</harden/bcfiles/edk_bcfiles/RdtscControl.bc>:RdtscControlInitialize:44	</harden/bcfiles/edk_bcfiles/RdtscControl.bc>:RdtscControlInitialize:%35
</harden/bcfiles/edk_bcfiles/RdtscControl.bc>:RdtscHandler:163	</harden/bcfiles/edk_bcfiles/RdtscControl.bc>:RdtscHandler:%142
</harden/bcfiles/edk_bcfiles/RdtscControl.bc>:RdtscHandler:162	</harden/bcfiles/edk_bcfiles/RdtscControl.bc>:RdtscHandler:%141
</harden/bcfiles/edk_bcfiles/RdtscControl.bc>:RdtscHandler:160	</harden/bcfiles/edk_bcfiles/RdtscControl.bc>:RdtscHandler:%139
</harden/bcfiles/edk_bcfiles/RdtscControl.bc>:RdtscHandler:159	</harden/bcfiles/edk_bcfiles/RdtscControl.bc>:RdtscHandler:%138
</harden/bcfiles/edk_bcfiles/RdtscControl.bc>:RdtscHandler:156	</harden/bcfiles/edk_bcfiles/RdtscControl.bc>:RdtscHandler:%136
</harden/bcfiles/edk_bcfiles/RdtscControl.bc>:RdtscHandler:155	</harden/bcfiles/edk_bcfiles/RdtscControl.bc>:RdtscHandler:%135
</harden/bcfiles/edk_bcfiles/RdtscControl.bc>:RdtscHandler:152	</harden/bcfiles/edk_bcfiles/RdtscControl.bc>:RdtscHandler:%132
</harden/bcfiles/edk_bcfiles/RdtscControl.bc>:RdtscHandler:151	</harden/bcfiles/edk_bcfiles/RdtscControl.bc>:RdtscHandler:%131
</harden/bcfiles/edk_bcfiles/RdtscControl.bc>:RdtscHandler:142	</harden/bcfiles/edk_bcfiles/RdtscControl.bc>:RdtscHandler:%124
</harden/bcfiles/edk_bcfiles/RdtscControl.bc>:RdtscHandler:135	</harden/bcfiles/edk_bcfiles/RdtscControl.bc>:RdtscHandler:%118
</harden/bcfiles/edk_bcfiles/RdtscControl.bc>:RdtscHandler:134	</harden/bcfiles/edk_bcfiles/RdtscControl.bc>:RdtscHandler:%117
</harden/bcfiles/edk_bcfiles/RdtscControl.bc>:RdtscHandler:164	</harden/bcfiles/edk_bcfiles/RdtscControl.bc>:RdtscHandler:%143
</harden/bcfiles/edk_bcfiles/RdtscControl.bc>:RdtscHandler:130	</harden/bcfiles/edk_bcfiles/RdtscControl.bc>:RdtscHandler:%113
</harden/bcfiles/edk_bcfiles/RdtscControl.bc>:RdtscHandler:127	</harden/bcfiles/edk_bcfiles/RdtscControl.bc>:RdtscHandler:%110
</harden/bcfiles/edk_bcfiles/RdtscControl.bc>:RdtscHandler:120	</harden/bcfiles/edk_bcfiles/RdtscControl.bc>:RdtscHandler:%104
</harden/bcfiles/edk_bcfiles/RdtscControl.bc>:RdtscHandler:117	</harden/bcfiles/edk_bcfiles/RdtscControl.bc>:RdtscHandler:%101
</harden/bcfiles/edk_bcfiles/RdtscControl.bc>:RdtscHandler:116	</harden/bcfiles/edk_bcfiles/RdtscControl.bc>:RdtscHandler:%100
</harden/bcfiles/edk_bcfiles/RdtscControl.bc>:RdtscHandler:124	</harden/bcfiles/edk_bcfiles/RdtscControl.bc>:RdtscHandler:%107
</harden/bcfiles/edk_bcfiles/RdtscControl.bc>:RdtscHandler:114	</harden/bcfiles/edk_bcfiles/RdtscControl.bc>:RdtscHandler:%98
</harden/bcfiles/edk_bcfiles/RdtscControl.bc>:RdtscHandler:110	</harden/bcfiles/edk_bcfiles/RdtscControl.bc>:RdtscHandler:%95
</harden/bcfiles/edk_bcfiles/RdtscControl.bc>:RdtscHandler:109	</harden/bcfiles/edk_bcfiles/RdtscControl.bc>:RdtscHandler:%94
</harden/bcfiles/edk_bcfiles/RdtscControl.bc>:RdtscHandler:96	</harden/bcfiles/edk_bcfiles/RdtscControl.bc>:RdtscHandler:%81
</harden/bcfiles/edk_bcfiles/RdtscControl.bc>:RdtscHandler:95	</harden/bcfiles/edk_bcfiles/RdtscControl.bc>:RdtscHandler:%80
</harden/bcfiles/edk_bcfiles/RdtscControl.bc>:RdtscHandler:94	</harden/bcfiles/edk_bcfiles/RdtscControl.bc>:RdtscHandler:%79
</harden/bcfiles/edk_bcfiles/RdtscControl.bc>:RdtscHandler:93	</harden/bcfiles/edk_bcfiles/RdtscControl.bc>:RdtscHandler:%78
</harden/bcfiles/edk_bcfiles/RdtscControl.bc>:RdtscHandler:148	</harden/bcfiles/edk_bcfiles/RdtscControl.bc>:RdtscHandler:%129
</harden/bcfiles/edk_bcfiles/RdtscControl.bc>:RdtscHandler:91	</harden/bcfiles/edk_bcfiles/RdtscControl.bc>:RdtscHandler:%76
</harden/bcfiles/edk_bcfiles/RdtscControl.bc>:RdtscHandler:106	</harden/bcfiles/edk_bcfiles/RdtscControl.bc>:RdtscHandler:%91
</harden/bcfiles/edk_bcfiles/RdtscControl.bc>:RdtscHandler:126	</harden/bcfiles/edk_bcfiles/RdtscControl.bc>:RdtscHandler:%109
</harden/bcfiles/edk_bcfiles/RdtscControl.bc>:RdtscHandler:88	</harden/bcfiles/edk_bcfiles/RdtscControl.bc>:RdtscHandler:%73
</harden/bcfiles/edk_bcfiles/RdtscControl.bc>:RdtscHandler:78	</harden/bcfiles/edk_bcfiles/RdtscControl.bc>:RdtscHandler:%65
</harden/bcfiles/edk_bcfiles/RdtscControl.bc>:RdtscHandler:102	</harden/bcfiles/edk_bcfiles/RdtscControl.bc>:RdtscHandler:%87
</harden/bcfiles/edk_bcfiles/RdtscControl.bc>:RdtscHandler:75	</harden/bcfiles/edk_bcfiles/RdtscControl.bc>:RdtscHandler:%62
</harden/bcfiles/edk_bcfiles/RdtscControl.bc>:RdtscHandler:70	</harden/bcfiles/edk_bcfiles/RdtscControl.bc>:RdtscHandler:%57
</harden/bcfiles/edk_bcfiles/RdtscControl.bc>:RdtscHandler:68	</harden/bcfiles/edk_bcfiles/RdtscControl.bc>:RdtscHandler:%56
</harden/bcfiles/edk_bcfiles/RdtscControl.bc>:RdtscHandler:67	</harden/bcfiles/edk_bcfiles/RdtscControl.bc>:RdtscHandler:%55
</harden/bcfiles/edk_bcfiles/RdtscControl.bc>:RdtscHandler:105	</harden/bcfiles/edk_bcfiles/RdtscControl.bc>:RdtscHandler:%90
</harden/bcfiles/edk_bcfiles/RdtscControl.bc>:RdtscHandler:66	</harden/bcfiles/edk_bcfiles/RdtscControl.bc>:RdtscHandler:%54
</harden/bcfiles/edk_bcfiles/RdtscControl.bc>:RdtscHandler:131	</harden/bcfiles/edk_bcfiles/RdtscControl.bc>:RdtscHandler:%114
</harden/bcfiles/edk_bcfiles/RdtscControl.bc>:RdtscHandler:98	</harden/bcfiles/edk_bcfiles/RdtscControl.bc>:RdtscHandler:%83
</harden/bcfiles/edk_bcfiles/RdtscControl.bc>:RdtscHandler:50	</harden/bcfiles/edk_bcfiles/RdtscControl.bc>:RdtscHandler:%40
</harden/bcfiles/edk_bcfiles/RdtscControl.bc>:RdtscHandler:71	</harden/bcfiles/edk_bcfiles/RdtscControl.bc>:RdtscHandler:%58
</harden/bcfiles/edk_bcfiles/RdtscControl.bc>:RdtscHandler:90	</harden/bcfiles/edk_bcfiles/RdtscControl.bc>:RdtscHandler:%75
</harden/bcfiles/edk_bcfiles/RdtscControl.bc>:RdtscHandler:161	</harden/bcfiles/edk_bcfiles/RdtscControl.bc>:RdtscHandler:%140
</harden/bcfiles/edk_bcfiles/RdtscControl.bc>:RdtscHandler:45	</harden/bcfiles/edk_bcfiles/RdtscControl.bc>:RdtscHandler:%35
</harden/bcfiles/edk_bcfiles/RdtscControl.bc>:RdtscHandler:149	</harden/bcfiles/edk_bcfiles/RdtscControl.bc>:RdtscHandler:%130
</harden/bcfiles/edk_bcfiles/RdtscControl.bc>:RdtscHandler:43	</harden/bcfiles/edk_bcfiles/RdtscControl.bc>:RdtscHandler:%34
</harden/bcfiles/edk_bcfiles/RdtscControl.bc>:RdtscHandler:92	</harden/bcfiles/edk_bcfiles/RdtscControl.bc>:RdtscHandler:%77
</harden/bcfiles/edk_bcfiles/RdtscControl.bc>:RdtscHandler:33	</harden/bcfiles/edk_bcfiles/RdtscControl.bc>:RdtscHandler:%26
</harden/bcfiles/edk_bcfiles/RdtscControl.bc>:RdtscHandler:167	</harden/bcfiles/edk_bcfiles/RdtscControl.bc>:RdtscHandler:%145
</harden/bcfiles/edk_bcfiles/RdtscControl.bc>:RdtscHandler:32	</harden/bcfiles/edk_bcfiles/RdtscControl.bc>:RdtscHandler:%25
</harden/bcfiles/edk_bcfiles/RdtscControl.bc>:RdtscHandler:79	</harden/bcfiles/edk_bcfiles/RdtscControl.bc>:RdtscHandler:%66
</harden/bcfiles/edk_bcfiles/RdtscControl.bc>:RdtscHandler:53	</harden/bcfiles/edk_bcfiles/RdtscControl.bc>:RdtscHandler:%43
</harden/bcfiles/edk_bcfiles/RdtscControl.bc>:RdtscHandler:46	</harden/bcfiles/edk_bcfiles/RdtscControl.bc>:RdtscHandler:%36
</harden/bcfiles/edk_bcfiles/RdtscControl.bc>:RdtscHandler:115	</harden/bcfiles/edk_bcfiles/RdtscControl.bc>:RdtscHandler:%99
</harden/bcfiles/edk_bcfiles/RdtscControl.bc>:RdtscHandler:74	</harden/bcfiles/edk_bcfiles/RdtscControl.bc>:RdtscHandler:%61
</harden/bcfiles/edk_bcfiles/RdtscControl.bc>:RdtscHandler:25	</harden/bcfiles/edk_bcfiles/RdtscControl.bc>:RdtscHandler:%18
</harden/bcfiles/edk_bcfiles/RdtscControl.bc>:RdtscHandler:24	</harden/bcfiles/edk_bcfiles/RdtscControl.bc>:RdtscHandler:%17
</harden/bcfiles/edk_bcfiles/RdtscControl.bc>:RdtscHandler:101	</harden/bcfiles/edk_bcfiles/RdtscControl.bc>:RdtscHandler:%86
</harden/bcfiles/edk_bcfiles/RdtscControl.bc>:RdtscHandler:21	</harden/bcfiles/edk_bcfiles/RdtscControl.bc>:RdtscHandler:%14
</harden/bcfiles/edk_bcfiles/RdtscControl.bc>:RdtscHandler:63	</harden/bcfiles/edk_bcfiles/RdtscControl.bc>:RdtscHandler:%51
</harden/bcfiles/edk_bcfiles/RdtscControl.bc>:RdtscHandler:7	</harden/bcfiles/edk_bcfiles/RdtscControl.bc>:RdtscHandler:%12
</harden/bcfiles/edk_bcfiles/RdtscControl.bc>:RdtscHandler:6	</harden/bcfiles/edk_bcfiles/RdtscControl.bc>:RdtscHandler:%11
</harden/bcfiles/edk_bcfiles/RdtscControl.bc>:RdtscHandler:29	</harden/bcfiles/edk_bcfiles/RdtscControl.bc>:RdtscHandler:%22
</harden/bcfiles/edk_bcfiles/RdtscControl.bc>:RdtscHandler:5	</harden/bcfiles/edk_bcfiles/RdtscControl.bc>:RdtscHandler:%10
</harden/bcfiles/edk_bcfiles/RdtscControl.bc>:RdtscHandler:8	</harden/bcfiles/edk_bcfiles/RdtscControl.bc>:RdtscHandler:%13
</harden/bcfiles/edk_bcfiles/RdtscControl.bc>:RdtscHandler:54	</harden/bcfiles/edk_bcfiles/RdtscControl.bc>:RdtscHandler:%44
</harden/bcfiles/edk_bcfiles/RdtscControl.bc>:RdtscHandler:4	</harden/bcfiles/edk_bcfiles/RdtscControl.bc>:RdtscHandler:%9
</harden/bcfiles/edk_bcfiles/RdtscControl.bc>:RdtscHandler:28	</harden/bcfiles/edk_bcfiles/RdtscControl.bc>:RdtscHandler:%21
</harden/bcfiles/edk_bcfiles/RdtscControl.bc>:RdtscHandler:2	</harden/bcfiles/edk_bcfiles/RdtscControl.bc>:RdtscHandler:%7
</harden/bcfiles/edk_bcfiles/RdtscControl.bc>:RdtscHandler:157	</harden/bcfiles/edk_bcfiles/RdtscControl.bc>:RdtscHandler:%137
</harden/bcfiles/edk_bcfiles/RdtscControl.bc>:RdtscHandler:49	</harden/bcfiles/edk_bcfiles/RdtscControl.bc>:RdtscHandler:%39
</harden/bcfiles/edk_bcfiles/RdtscControl.bc>:RdtscHandler:1	</harden/bcfiles/edk_bcfiles/RdtscControl.bc>:RdtscHandler:%6
</harden/bcfiles/edk_bcfiles/RdtscControl.bc>:RdtscHandler:107	</harden/bcfiles/edk_bcfiles/RdtscControl.bc>:RdtscHandler:%92
</harden/bcfiles/edk_bcfiles/RdtscControl.bc>:RdtscHandler:104	</harden/bcfiles/edk_bcfiles/RdtscControl.bc>:RdtscHandler:%89
</harden/bcfiles/edk_bcfiles/RdtscControl.bc>:RdtscHandler:99	</harden/bcfiles/edk_bcfiles/RdtscControl.bc>:RdtscHandler:%84
</harden/bcfiles/edk_bcfiles/RdtscControl.bc>:RdtscHandler:154	</harden/bcfiles/edk_bcfiles/RdtscControl.bc>:RdtscHandler:%134
</harden/bcfiles/edk_bcfiles/RdtscControl.bc>:RdtscHandler:22	</harden/bcfiles/edk_bcfiles/RdtscControl.bc>:RdtscHandler:%15
</harden/bcfiles/edk_bcfiles/RdtscControl.bc>:RdtscHandler:3	</harden/bcfiles/edk_bcfiles/RdtscControl.bc>:RdtscHandler:%8
</harden/bcfiles/edk_bcfiles/RdtscControl.bc>:RdtscHandler:64	</harden/bcfiles/edk_bcfiles/RdtscControl.bc>:RdtscHandler:%52
</harden/bcfiles/edk_bcfiles/RdtscControl.bc>:RdtscHandler:143	</harden/bcfiles/edk_bcfiles/RdtscControl.bc>:RdtscHandler:%125
</harden/bcfiles/edk_bcfiles/RdtscControl.bc>:RdtscHandler:42	</harden/bcfiles/edk_bcfiles/RdtscControl.bc>:RdtscHandler:%33
</harden/bcfiles/edk_bcfiles/RdtscControl.bc>:RdtscHandler:89	</harden/bcfiles/edk_bcfiles/RdtscControl.bc>:RdtscHandler:%74
</harden/bcfiles/edk_bcfiles/RdtscControl.bc>:RdtscHandler:119	</harden/bcfiles/edk_bcfiles/RdtscControl.bc>:RdtscHandler:%103
</harden/bcfiles/edk_bcfiles/RdtscControl.bc>:RdtscHandler:0	</harden/bcfiles/edk_bcfiles/RdtscControl.bc>:RdtscHandler:%5
</harden/bcfiles/edk_bcfiles/RdtscControl.bc>:RdtscHandler:125	</harden/bcfiles/edk_bcfiles/RdtscControl.bc>:RdtscHandler:%108
</harden/bcfiles/edk_bcfiles/RdtscControl.bc>:RdtscControlInitialize:67	</harden/bcfiles/edk_bcfiles/RdtscControl.bc>:RdtscControlInitialize:%55
</harden/bcfiles/edk_bcfiles/RdtscControl.bc>:RdtscControlInitialize:56	</harden/bcfiles/edk_bcfiles/RdtscControl.bc>:RdtscControlInitialize:%46
</harden/bcfiles/edk_bcfiles/RdtscControl.bc>:RdtscControlInitialize:53	</harden/bcfiles/edk_bcfiles/RdtscControl.bc>:RdtscControlInitialize:%43
</harden/bcfiles/edk_bcfiles/RdtscControl.bc>:RdtscControlInitialize:57	</harden/bcfiles/edk_bcfiles/RdtscControl.bc>:RdtscControlInitialize:%47
</harden/bcfiles/edk_bcfiles/RdtscControl.bc>:RdtscControlInitialize:52	</harden/bcfiles/edk_bcfiles/RdtscControl.bc>:RdtscControlInitialize:%42
</harden/bcfiles/edk_bcfiles/RdtscControl.bc>:RdtscControlInitialize:49	</harden/bcfiles/edk_bcfiles/RdtscControl.bc>:RdtscControlInitialize:%39
</harden/bcfiles/edk_bcfiles/RdtscControl.bc>:RdtscControlInitialize:46	</harden/bcfiles/edk_bcfiles/RdtscControl.bc>:RdtscControlInitialize:%37
</harden/bcfiles/edk_bcfiles/RdtscControl.bc>:RdtscControlInitialize:45	</harden/bcfiles/edk_bcfiles/RdtscControl.bc>:RdtscControlInitialize:%36
</harden/bcfiles/edk_bcfiles/RdtscControl.bc>:RdtscControlInitialize:43	</harden/bcfiles/edk_bcfiles/RdtscControl.bc>:RdtscControlInitialize:%34
</harden/bcfiles/edk_bcfiles/RdtscControl.bc>:RdtscControlInitialize:40	</harden/bcfiles/edk_bcfiles/RdtscControl.bc>:RdtscControlInitialize:%32
</harden/bcfiles/edk_bcfiles/RdtscControl.bc>:RdtscControlInitialize:37	</harden/bcfiles/edk_bcfiles/RdtscControl.bc>:RdtscControlInitialize:%30
</harden/bcfiles/edk_bcfiles/RdtscControl.bc>:RdtscControlInitialize:64	</harden/bcfiles/edk_bcfiles/RdtscControl.bc>:RdtscControlInitialize:%53
</harden/bcfiles/edk_bcfiles/RdtscControl.bc>:RdtscControlInitialize:30	</harden/bcfiles/edk_bcfiles/RdtscControl.bc>:RdtscControlInitialize:%24
</harden/bcfiles/edk_bcfiles/RdtscControl.bc>:RdtscControlInitialize:48	</harden/bcfiles/edk_bcfiles/RdtscControl.bc>:RdtscControlInitialize:%38
</harden/bcfiles/edk_bcfiles/RdtscControl.bc>:RdtscControlInitialize:26	</harden/bcfiles/edk_bcfiles/RdtscControl.bc>:RdtscControlInitialize:%20
</harden/bcfiles/edk_bcfiles/RdtscControl.bc>:RdtscControlInitialize:25	</harden/bcfiles/edk_bcfiles/RdtscControl.bc>:RdtscControlInitialize:%19
</harden/bcfiles/edk_bcfiles/RdtscControl.bc>:RdtscControlInitialize:22	</harden/bcfiles/edk_bcfiles/RdtscControl.bc>:RdtscControlInitialize:%16
</harden/bcfiles/edk_bcfiles/RdtscControl.bc>:RdtscControlInitialize:21	</harden/bcfiles/edk_bcfiles/RdtscControl.bc>:RdtscControlInitialize:%15
</harden/bcfiles/edk_bcfiles/RdtscControl.bc>:RdtscControlInitialize:19	</harden/bcfiles/edk_bcfiles/RdtscControl.bc>:RdtscControlInitialize:%14
</harden/bcfiles/edk_bcfiles/RdtscControl.bc>:RdtscControlInitialize:18	</harden/bcfiles/edk_bcfiles/RdtscControl.bc>:RdtscControlInitialize:%13
</harden/bcfiles/edk_bcfiles/RdtscControl.bc>:RdtscControlInitialize:42	</harden/bcfiles/edk_bcfiles/RdtscControl.bc>:RdtscControlInitialize:%33
</harden/bcfiles/edk_bcfiles/RdtscControl.bc>:RdtscControlInitialize:16	</harden/bcfiles/edk_bcfiles/RdtscControl.bc>:RdtscControlInitialize:%11
</harden/bcfiles/edk_bcfiles/RdtscControl.bc>:RdtscControlInitialize:15	</harden/bcfiles/edk_bcfiles/RdtscControl.bc>:RdtscControlInitialize:%10
</harden/bcfiles/edk_bcfiles/RdtscControl.bc>:RdtscControlInitialize:29	</harden/bcfiles/edk_bcfiles/RdtscControl.bc>:RdtscControlInitialize:%23
</harden/bcfiles/edk_bcfiles/RdtscControl.bc>:RdtscControlInitialize:6	</harden/bcfiles/edk_bcfiles/RdtscControl.bc>:RdtscControlInitialize:%9
</harden/bcfiles/edk_bcfiles/RdtscControl.bc>:RdtscControlInitialize:70	</harden/bcfiles/edk_bcfiles/RdtscControl.bc>:RdtscControlInitialize:%57
</harden/bcfiles/edk_bcfiles/RdtscControl.bc>:RdtscControlInitialize:5	</harden/bcfiles/edk_bcfiles/RdtscControl.bc>:RdtscControlInitialize:%8
</harden/bcfiles/edk_bcfiles/RdtscControl.bc>:RdtscControlInitialize:4	</harden/bcfiles/edk_bcfiles/RdtscControl.bc>:RdtscControlInitialize:%7
</harden/bcfiles/edk_bcfiles/RdtscControl.bc>:RdtscControlInitialize:3	</harden/bcfiles/edk_bcfiles/RdtscControl.bc>:RdtscControlInitialize:%6
</harden/bcfiles/edk_bcfiles/RdtscControl.bc>:RdtscControlInitialize:2	</harden/bcfiles/edk_bcfiles/RdtscControl.bc>:RdtscControlInitialize:%5
</harden/bcfiles/edk_bcfiles/RdtscControl.bc>:RdtscControlInitialize:1	</harden/bcfiles/edk_bcfiles/RdtscControl.bc>:RdtscControlInitialize:%4
</harden/bcfiles/edk_bcfiles/RdtscControl.bc>:RdtscControlInitialize:0	</harden/bcfiles/edk_bcfiles/RdtscControl.bc>:RdtscControlInitialize:%3
