</harden/bcfiles/edk_bcfiles/RdtscControl.bc>:RdtscHandler:21	i8**
</harden/bcfiles/edk_bcfiles/RdtscControl.bc>:RdtscHandler:24	i64**
</harden/bcfiles/edk_bcfiles/RdtscControl.bc>:RdtscHandler:42	i64**
</harden/bcfiles/edk_bcfiles/RdtscControl.bc>:RdtscHandler:43	i64*
</harden/bcfiles/edk_bcfiles/RdtscControl.bc>:RdtscHandler:45	i64*
</harden/bcfiles/edk_bcfiles/RdtscControl.bc>:RdtscHandler:63	%struct._EFI_SMM_SYSTEM_TABLE2**
</harden/bcfiles/edk_bcfiles/RdtscControl.bc>:RdtscHandler:65	i64 (i32, i64, i8**)**
</harden/bcfiles/edk_bcfiles/RdtscControl.bc>:RdtscHandler:66	i64*
</harden/bcfiles/edk_bcfiles/RdtscControl.bc>:RdtscHandler:70	i64*
</harden/bcfiles/edk_bcfiles/RdtscControl.bc>:RdtscHandler:88	%struct.RDTSC_CONTROL_DATA**
</harden/bcfiles/edk_bcfiles/RdtscControl.bc>:RdtscHandler:90	i8**
</harden/bcfiles/edk_bcfiles/RdtscControl.bc>:RdtscHandler:91	i64*
</harden/bcfiles/edk_bcfiles/RdtscControl.bc>:RdtscHandler:104	%struct.RDTSC_CONTROL_DATA**
</harden/bcfiles/edk_bcfiles/RdtscControl.bc>:RdtscHandler:106	i32*
</harden/bcfiles/edk_bcfiles/RdtscControl.bc>:RdtscHandler:114	%struct.RDTSC_CONTROL_DATA**
</harden/bcfiles/edk_bcfiles/RdtscControl.bc>:RdtscHandler:116	i32*
</harden/bcfiles/edk_bcfiles/RdtscControl.bc>:RdtscHandler:124	%struct.RDTSC_CONTROL_DATA**
</harden/bcfiles/edk_bcfiles/RdtscControl.bc>:RdtscHandler:126	i32*
</harden/bcfiles/edk_bcfiles/RdtscControl.bc>:RdtscHandler:142	%struct.RDTSC_CONTROL_DATA**
</harden/bcfiles/edk_bcfiles/RdtscControl.bc>:RdtscHandler:148	i64*
</harden/bcfiles/edk_bcfiles/RdtscControl.bc>:RdtscHandler:149	i64**
</harden/bcfiles/edk_bcfiles/RdtscControl.bc>:RdtscHandler:156	%struct.RDTSC_CONTROL_DATA**
</harden/bcfiles/edk_bcfiles/RdtscControl.bc>:RdtscHandler:159	i8**
</harden/bcfiles/edk_bcfiles/RdtscControl.bc>:RdtscHandler:160	%struct.RDTSC_CONTROL_DATA**
</harden/bcfiles/edk_bcfiles/RdtscControl.bc>:RdtscHandler:162	i64*
</harden/bcfiles/edk_bcfiles/RdtscControl.bc>:RdtscHandler:164	i64*
</harden/bcfiles/edk_bcfiles/RdtscControl.bc>:RdtscHandler:167	i64*
</harden/bcfiles/edk_bcfiles/RdtscControl.bc>:RdtscControlInitialize:15	%struct._EFI_SMM_SYSTEM_TABLE2**
</harden/bcfiles/edk_bcfiles/RdtscControl.bc>:RdtscControlInitialize:17	i64 (%struct.GUID*, i8*, i8**)**
</harden/bcfiles/edk_bcfiles/RdtscControl.bc>:RdtscControlInitialize:21	i64*
</harden/bcfiles/edk_bcfiles/RdtscControl.bc>:RdtscControlInitialize:37	i64*
</harden/bcfiles/edk_bcfiles/RdtscControl.bc>:RdtscControlInitialize:42	%struct._EDKII_SMM_LEGACY_PROTOCOL**
</harden/bcfiles/edk_bcfiles/RdtscControl.bc>:RdtscControlInitialize:44	i64 (%struct._EDKII_SMM_LEGACY_PROTOCOL*, i64 (i8*, i8*, i8*, i64*)*, %struct.EDKII_SMM_LEGACY_REGISTER_CONTEXT*, i8**)**
</harden/bcfiles/edk_bcfiles/RdtscControl.bc>:RdtscControlInitialize:45	%struct._EDKII_SMM_LEGACY_PROTOCOL**
</harden/bcfiles/edk_bcfiles/RdtscControl.bc>:RdtscControlInitialize:48	i64*
</harden/bcfiles/edk_bcfiles/RdtscControl.bc>:RdtscControlInitialize:64	i64*
</harden/bcfiles/edk_bcfiles/RdtscControl.bc>:RdtscControlInitialize:67	i64*
</harden/bcfiles/edk_bcfiles/RdtscControl.bc>:RdtscControlInitialize:70	i64*
