</harden/bcfiles/edk_bcfiles/RdtscControl.bc>:RdtscHandler	</harden/bcfiles/edk_bcfiles/RdtscControl.bc>:RdtscHandler:%138	</harden/bcfiles/edk_bcfiles/RdtscControl.bc>:RdtscHandler:%140	</harden/bcfiles/edk_bcfiles/RdtscControl.bc>:RdtscHandler:%8	</harden/bcfiles/edk_bcfiles/RdtscControl.bc>:RdtscHandler:163	[</harden/bcfiles/edk_bcfiles/RdtscControl.bc>:RdtscHandler:%138, </harden/bcfiles/edk_bcfiles/RdtscControl.bc>:RdtscHandler:%140]	92
</harden/bcfiles/edk_bcfiles/RdtscControl.bc>:RdtscHandler	</harden/bcfiles/edk_bcfiles/RdtscControl.bc>:RdtscHandler:%130	</harden/bcfiles/edk_bcfiles/RdtscControl.bc>:RdtscHandler:%129	</harden/bcfiles/edk_bcfiles/RdtscControl.bc>:RdtscHandler:%9	</harden/bcfiles/edk_bcfiles/RdtscControl.bc>:RdtscHandler:150	[</harden/bcfiles/edk_bcfiles/RdtscControl.bc>:RdtscHandler:%13, </harden/bcfiles/edk_bcfiles/RdtscControl.bc>:RdtscHandler:%129]	90
</harden/bcfiles/edk_bcfiles/RdtscControl.bc>:RdtscHandler	</harden/bcfiles/edk_bcfiles/RdtscControl.bc>:RdtscHandler:%10	</harden/bcfiles/edk_bcfiles/RdtscControl.bc>:RdtscHandler:%56	</harden/bcfiles/edk_bcfiles/RdtscControl.bc>:RdtscHandler:%9	</harden/bcfiles/edk_bcfiles/RdtscControl.bc>:RdtscHandler:69	[</harden/bcfiles/edk_bcfiles/RdtscControl.bc>:RdtscHandler:%54, </harden/bcfiles/edk_bcfiles/RdtscControl.bc>:RdtscHandler:%56]	66
</harden/bcfiles/edk_bcfiles/RdtscControl.bc>:RdtscHandler	</harden/bcfiles/edk_bcfiles/RdtscControl.bc>:RdtscHandler:%13	</harden/bcfiles/edk_bcfiles/RdtscControl.bc>:RdtscHandler:%34	</harden/bcfiles/edk_bcfiles/RdtscControl.bc>:RdtscHandler:%9	</harden/bcfiles/edk_bcfiles/RdtscControl.bc>:RdtscHandler:44	[</harden/bcfiles/edk_bcfiles/RdtscControl.bc>:RdtscHandler:%33, </harden/bcfiles/edk_bcfiles/RdtscControl.bc>:RdtscHandler:%34]	59
</harden/bcfiles/edk_bcfiles/RdtscControl.bc>:RdtscHandler	</harden/bcfiles/edk_bcfiles/RdtscControl.bc>:RdtscHandler:%74	</harden/bcfiles/edk_bcfiles/RdtscControl.bc>:RdtscHandler:%75	</harden/bcfiles/edk_bcfiles/RdtscControl.bc>:RdtscHandler:%8	</harden/bcfiles/edk_bcfiles/RdtscControl.bc>:RdtscHandler:92	[</harden/bcfiles/edk_bcfiles/RdtscControl.bc>:RdtscHandler:%8, </harden/bcfiles/edk_bcfiles/RdtscControl.bc>:RdtscHandler:%75]	73
</harden/bcfiles/edk_bcfiles/RdtscControl.bc>:RdtscHandler	</harden/bcfiles/edk_bcfiles/RdtscControl.bc>:RdtscHandler:%5	</harden/bcfiles/edk_bcfiles/RdtscControl.bc>:RdtscHandler:%143	</harden/bcfiles/edk_bcfiles/RdtscControl.bc>:RdtscHandler:%9	</harden/bcfiles/edk_bcfiles/RdtscControl.bc>:RdtscHandler:165	[</harden/bcfiles/edk_bcfiles/RdtscControl.bc>:RdtscHandler:%10, </harden/bcfiles/edk_bcfiles/RdtscControl.bc>:RdtscHandler:%143]	94
