</harden/bcfiles/edk_bcfiles/RdtscControl.bc>:RdtscHandler:%137	</harden/bcfiles/edk_bcfiles/RdtscControl.bc>:RdtscHandler:%135	</harden/bcfiles/edk_bcfiles/RdtscControl.bc>:RdtscHandler:158
</harden/bcfiles/edk_bcfiles/RdtscControl.bc>:RdtscHandler:%5	</harden/bcfiles/edk_bcfiles/RdtscControl.bc>:RdtscHandler:%143	</harden/bcfiles/edk_bcfiles/RdtscControl.bc>:RdtscHandler:165
</harden/bcfiles/edk_bcfiles/RdtscControl.bc>:RdtscHandler:%130	</harden/bcfiles/edk_bcfiles/RdtscControl.bc>:RdtscHandler:%129	</harden/bcfiles/edk_bcfiles/RdtscControl.bc>:RdtscHandler:150
</harden/bcfiles/edk_bcfiles/RdtscControl.bc>:RdtscHandler:%10	</harden/bcfiles/edk_bcfiles/RdtscControl.bc>:RdtscHandler:%56	</harden/bcfiles/edk_bcfiles/RdtscControl.bc>:RdtscHandler:69
</harden/bcfiles/edk_bcfiles/RdtscControl.bc>:RdtscHandler:%74	</harden/bcfiles/edk_bcfiles/RdtscControl.bc>:RdtscHandler:%75	</harden/bcfiles/edk_bcfiles/RdtscControl.bc>:RdtscHandler:92
</harden/bcfiles/edk_bcfiles/RdtscControl.bc>:RdtscHandler:%138	</harden/bcfiles/edk_bcfiles/RdtscControl.bc>:RdtscHandler:%140	</harden/bcfiles/edk_bcfiles/RdtscControl.bc>:RdtscHandler:163
</harden/bcfiles/edk_bcfiles/RdtscControl.bc>:RdtscHandler:%13	</harden/bcfiles/edk_bcfiles/RdtscControl.bc>:RdtscHandler:%34	</harden/bcfiles/edk_bcfiles/RdtscControl.bc>:RdtscHandler:44
</harden/bcfiles/edk_bcfiles/RdtscControl.bc>:RdtscHandler:%9	</harden/bcfiles/edk_bcfiles/RdtscControl.bc>:RdtscHandler:%3	</harden/bcfiles/edk_bcfiles/RdtscControl.bc>:RdtscHandler:15
</harden/bcfiles/edk_bcfiles/RdtscControl.bc>:RdtscHandler:%8	</harden/bcfiles/edk_bcfiles/RdtscControl.bc>:RdtscHandler:%2	</harden/bcfiles/edk_bcfiles/RdtscControl.bc>:RdtscHandler:13
</harden/bcfiles/edk_bcfiles/RdtscControl.bc>:RdtscHandler:%7	</harden/bcfiles/edk_bcfiles/RdtscControl.bc>:RdtscHandler:%1	</harden/bcfiles/edk_bcfiles/RdtscControl.bc>:RdtscHandler:11
</harden/bcfiles/edk_bcfiles/RdtscControl.bc>:RdtscHandler:%6	</harden/bcfiles/edk_bcfiles/RdtscControl.bc>:RdtscHandler:%0	</harden/bcfiles/edk_bcfiles/RdtscControl.bc>:RdtscHandler:9
</harden/bcfiles/edk_bcfiles/RdtscControl.bc>:RdtscControlInitialize:%3	</harden/bcfiles/edk_bcfiles/RdtscControl.bc>:RdtscControlInitialize:%55	</harden/bcfiles/edk_bcfiles/RdtscControl.bc>:RdtscControlInitialize:68
</harden/bcfiles/edk_bcfiles/RdtscControl.bc>:RdtscControlInitialize:%6	</harden/bcfiles/edk_bcfiles/RdtscControl.bc>:RdtscControlInitialize:%37	</harden/bcfiles/edk_bcfiles/RdtscControl.bc>:RdtscControlInitialize:47
</harden/bcfiles/edk_bcfiles/RdtscControl.bc>:RdtscControlInitialize:%3	</harden/bcfiles/edk_bcfiles/RdtscControl.bc>:RdtscControlInitialize:%30	</harden/bcfiles/edk_bcfiles/RdtscControl.bc>:RdtscControlInitialize:38
</harden/bcfiles/edk_bcfiles/RdtscControl.bc>:RdtscControlInitialize:%3	</harden/bcfiles/edk_bcfiles/RdtscControl.bc>:RdtscControlInitialize:%53	</harden/bcfiles/edk_bcfiles/RdtscControl.bc>:RdtscControlInitialize:65
</harden/bcfiles/edk_bcfiles/RdtscControl.bc>:RdtscControlInitialize:%6	</harden/bcfiles/edk_bcfiles/RdtscControl.bc>:RdtscControlInitialize:%14	</harden/bcfiles/edk_bcfiles/RdtscControl.bc>:RdtscControlInitialize:20
</harden/bcfiles/edk_bcfiles/RdtscControl.bc>:RdtscControlInitialize:%5	</harden/bcfiles/edk_bcfiles/RdtscControl.bc>:RdtscControlInitialize:%1	</harden/bcfiles/edk_bcfiles/RdtscControl.bc>:RdtscControlInitialize:9
</harden/bcfiles/edk_bcfiles/RdtscControl.bc>:RdtscControlInitialize:%4	</harden/bcfiles/edk_bcfiles/RdtscControl.bc>:RdtscControlInitialize:%0	</harden/bcfiles/edk_bcfiles/RdtscControl.bc>:RdtscControlInitialize:7
</harden/bcfiles/edk_bcfiles/RdtscControl.bc>:RdtscHandler:%5	</harden/bcfiles/edk_bcfiles/RdtscControl.bc>:RdtscHandler:40:0:0	</harden/bcfiles/edk_bcfiles/RdtscControl.bc>:RdtscHandler:40
</harden/bcfiles/edk_bcfiles/RdtscControl.bc>:RdtscHandler:%5	</harden/bcfiles/edk_bcfiles/RdtscControl.bc>:RdtscHandler:61:0:0	</harden/bcfiles/edk_bcfiles/RdtscControl.bc>:RdtscHandler:61
</harden/bcfiles/edk_bcfiles/RdtscControl.bc>:RdtscHandler:%5	</harden/bcfiles/edk_bcfiles/RdtscControl.bc>:RdtscHandler:86:0:0	</harden/bcfiles/edk_bcfiles/RdtscControl.bc>:RdtscHandler:86
</harden/bcfiles/edk_bcfiles/RdtscControl.bc>:RdtscHandler:%83	</harden/bcfiles/edk_bcfiles/RdtscControl.bc>:RdtscHandler:99:1:getelementptr inbounds (%struct.RDTSC_CONTROL_OPS, %struct.RDTSC_CONTROL_OPS* @OpTable64, i32 0, i32 0, i32 0)	</harden/bcfiles/edk_bcfiles/RdtscControl.bc>:RdtscHandler:99
</harden/bcfiles/edk_bcfiles/RdtscControl.bc>:RdtscHandler:%86	</harden/bcfiles/edk_bcfiles/RdtscControl.bc>:RdtscHandler:102:1:getelementptr inbounds (%struct.RDTSC_CONTROL_OPS, %struct.RDTSC_CONTROL_OPS* @OpTable32, i32 0, i32 0, i32 0)	</harden/bcfiles/edk_bcfiles/RdtscControl.bc>:RdtscHandler:102
</harden/bcfiles/edk_bcfiles/RdtscControl.bc>:RdtscHandler:%125	</harden/bcfiles/edk_bcfiles/RdtscControl.bc>:RdtscHandler:144:0:15	</harden/bcfiles/edk_bcfiles/RdtscControl.bc>:RdtscHandler:144
</harden/bcfiles/edk_bcfiles/RdtscControl.bc>:RdtscControlInitialize:%32	</harden/bcfiles/edk_bcfiles/RdtscControl.bc>:RdtscControlInitialize:41:0:75	</harden/bcfiles/edk_bcfiles/RdtscControl.bc>:RdtscControlInitialize:41
