</harden/bcfiles/edk_bcfiles/RdtscControl.bc>:RdtscHandler	</harden/bcfiles/edk_bcfiles/RdtscControl.bc>:RdtscHandler:%138	</harden/bcfiles/edk_bcfiles/RdtscControl.bc>:RdtscHandler:%140	</harden/bcfiles/edk_bcfiles/RdtscControl.bc>:RdtscHandler:%8	</harden/bcfiles/edk_bcfiles/RdtscControl.bc>:RdtscHandler:163	[</harden/bcfiles/edk_bcfiles/RdtscControl.bc>:RdtscHandler:%8, </harden/bcfiles/edk_bcfiles/RdtscControl.bc>:RdtscHandler:%138]	92
</harden/bcfiles/edk_bcfiles/RdtscControl.bc>:RdtscHandler	</harden/bcfiles/edk_bcfiles/RdtscControl.bc>:RdtscHandler:%130	</harden/bcfiles/edk_bcfiles/RdtscControl.bc>:RdtscHandler:%129	</harden/bcfiles/edk_bcfiles/RdtscControl.bc>:RdtscHandler:%9	</harden/bcfiles/edk_bcfiles/RdtscControl.bc>:RdtscHandler:150	[</harden/bcfiles/edk_bcfiles/RdtscControl.bc>:RdtscHandler:%9, </harden/bcfiles/edk_bcfiles/RdtscControl.bc>:RdtscHandler:%130]	90
</harden/bcfiles/edk_bcfiles/RdtscControl.bc>:RdtscHandler	</harden/bcfiles/edk_bcfiles/RdtscControl.bc>:RdtscHandler:%10	</harden/bcfiles/edk_bcfiles/RdtscControl.bc>:RdtscHandler:%56	</harden/bcfiles/edk_bcfiles/RdtscControl.bc>:RdtscHandler:%9	</harden/bcfiles/edk_bcfiles/RdtscControl.bc>:RdtscHandler:69	[</harden/bcfiles/edk_bcfiles/RdtscControl.bc>:RdtscHandler:%56, </harden/bcfiles/edk_bcfiles/RdtscControl.bc>:RdtscHandler:%10]	66
</harden/bcfiles/edk_bcfiles/RdtscControl.bc>:RdtscHandler	</harden/bcfiles/edk_bcfiles/RdtscControl.bc>:RdtscHandler:%13	</harden/bcfiles/edk_bcfiles/RdtscControl.bc>:RdtscHandler:%34	</harden/bcfiles/edk_bcfiles/RdtscControl.bc>:RdtscHandler:%9	</harden/bcfiles/edk_bcfiles/RdtscControl.bc>:RdtscHandler:44	[</harden/bcfiles/edk_bcfiles/RdtscControl.bc>:RdtscHandler:%34, </harden/bcfiles/edk_bcfiles/RdtscControl.bc>:RdtscHandler:%13]	59
</harden/bcfiles/edk_bcfiles/RdtscControl.bc>:RdtscHandler	</harden/bcfiles/edk_bcfiles/RdtscControl.bc>:RdtscHandler:%137	</harden/bcfiles/edk_bcfiles/RdtscControl.bc>:RdtscHandler:%135	</harden/bcfiles/edk_bcfiles/RdtscControl.bc>:RdtscHandler:%8	</harden/bcfiles/edk_bcfiles/RdtscControl.bc>:RdtscHandler:158	[</harden/bcfiles/edk_bcfiles/RdtscControl.bc>:RdtscHandler:%136, </harden/bcfiles/edk_bcfiles/RdtscControl.bc>:RdtscHandler:%137]	91
</harden/bcfiles/edk_bcfiles/RdtscControl.bc>:RdtscHandler	</harden/bcfiles/edk_bcfiles/RdtscControl.bc>:RdtscHandler:%125	</harden/bcfiles/edk_bcfiles/RdtscControl.bc>:RdtscHandler:144:0:15	</harden/bcfiles/edk_bcfiles/RdtscControl.bc>:RdtscHandler:%8	</harden/bcfiles/edk_bcfiles/RdtscControl.bc>:RdtscHandler:144	[</harden/bcfiles/edk_bcfiles/RdtscControl.bc>:RdtscHandler:%124, </harden/bcfiles/edk_bcfiles/RdtscControl.bc>:RdtscHandler:%125]	87
</harden/bcfiles/edk_bcfiles/RdtscControl.bc>:RdtscHandler	</harden/bcfiles/edk_bcfiles/RdtscControl.bc>:RdtscHandler:%74	</harden/bcfiles/edk_bcfiles/RdtscControl.bc>:RdtscHandler:%75	</harden/bcfiles/edk_bcfiles/RdtscControl.bc>:RdtscHandler:%8	</harden/bcfiles/edk_bcfiles/RdtscControl.bc>:RdtscHandler:92	[</harden/bcfiles/edk_bcfiles/RdtscControl.bc>:RdtscHandler:%75, </harden/bcfiles/edk_bcfiles/RdtscControl.bc>:RdtscHandler:%74]	73
</harden/bcfiles/edk_bcfiles/RdtscControl.bc>:RdtscHandler	</harden/bcfiles/edk_bcfiles/RdtscControl.bc>:RdtscHandler:%5	</harden/bcfiles/edk_bcfiles/RdtscControl.bc>:RdtscHandler:%143	</harden/bcfiles/edk_bcfiles/RdtscControl.bc>:RdtscHandler:%9	</harden/bcfiles/edk_bcfiles/RdtscControl.bc>:RdtscHandler:165	[</harden/bcfiles/edk_bcfiles/RdtscControl.bc>:RdtscHandler:%143, </harden/bcfiles/edk_bcfiles/RdtscControl.bc>:RdtscHandler:%5]	94
</harden/bcfiles/edk_bcfiles/RdtscControl.bc>:RdtscHandler	</harden/bcfiles/edk_bcfiles/RdtscControl.bc>:RdtscHandler:%5	</harden/bcfiles/edk_bcfiles/RdtscControl.bc>:RdtscHandler:40:0:0	</harden/bcfiles/edk_bcfiles/RdtscControl.bc>:RdtscHandler:%9	</harden/bcfiles/edk_bcfiles/RdtscControl.bc>:RdtscHandler:40	[</harden/bcfiles/edk_bcfiles/RdtscControl.bc>:RdtscHandler:%143, </harden/bcfiles/edk_bcfiles/RdtscControl.bc>:RdtscHandler:%5]	56
</harden/bcfiles/edk_bcfiles/RdtscControl.bc>:RdtscHandler	</harden/bcfiles/edk_bcfiles/RdtscControl.bc>:RdtscHandler:%5	</harden/bcfiles/edk_bcfiles/RdtscControl.bc>:RdtscHandler:61:0:0	</harden/bcfiles/edk_bcfiles/RdtscControl.bc>:RdtscHandler:%9	</harden/bcfiles/edk_bcfiles/RdtscControl.bc>:RdtscHandler:61	[</harden/bcfiles/edk_bcfiles/RdtscControl.bc>:RdtscHandler:%143, </harden/bcfiles/edk_bcfiles/RdtscControl.bc>:RdtscHandler:%5]	63
</harden/bcfiles/edk_bcfiles/RdtscControl.bc>:RdtscHandler	</harden/bcfiles/edk_bcfiles/RdtscControl.bc>:RdtscHandler:%5	</harden/bcfiles/edk_bcfiles/RdtscControl.bc>:RdtscHandler:86:0:0	</harden/bcfiles/edk_bcfiles/RdtscControl.bc>:RdtscHandler:%9	</harden/bcfiles/edk_bcfiles/RdtscControl.bc>:RdtscHandler:86	[</harden/bcfiles/edk_bcfiles/RdtscControl.bc>:RdtscHandler:%143, </harden/bcfiles/edk_bcfiles/RdtscControl.bc>:RdtscHandler:%5]	70
