</harden/bcfiles/edk_bcfiles/RdtscControl.bc>:RdtscHandler:22:0:null	*null*
</harden/bcfiles/edk_bcfiles/RdtscControl.bc>:RdtscHandler:25:0:null	*null*
</harden/bcfiles/edk_bcfiles/RdtscControl.bc>:RdtscControlInitialize:19:1:null	*null*
</harden/bcfiles/edk_bcfiles/RdtscControl.bc>:RdtscControlInitialize:46:0:@RdtscHandler	*global_alloc@RdtscHandler
</harden/bcfiles/edk_bcfiles/RdtscControl.bc>:RdtscHandler:10:0:@llvm.dbg.declare	*global_alloc@llvm.dbg.declare
</harden/bcfiles/edk_bcfiles/RdtscControl.bc>:RdtscHandler:12:0:@llvm.dbg.declare	*global_alloc@llvm.dbg.declare
</harden/bcfiles/edk_bcfiles/RdtscControl.bc>:RdtscHandler:14:0:@llvm.dbg.declare	*global_alloc@llvm.dbg.declare
</harden/bcfiles/edk_bcfiles/RdtscControl.bc>:RdtscHandler:16:0:@llvm.dbg.declare	*global_alloc@llvm.dbg.declare
</harden/bcfiles/edk_bcfiles/RdtscControl.bc>:RdtscHandler:17:0:@llvm.dbg.declare	*global_alloc@llvm.dbg.declare
</harden/bcfiles/edk_bcfiles/RdtscControl.bc>:RdtscHandler:18:0:@llvm.dbg.declare	*global_alloc@llvm.dbg.declare
</harden/bcfiles/edk_bcfiles/RdtscControl.bc>:RdtscHandler:19:0:@llvm.dbg.declare	*global_alloc@llvm.dbg.declare
</harden/bcfiles/edk_bcfiles/RdtscControl.bc>:RdtscHandler:20:0:@llvm.dbg.declare	*global_alloc@llvm.dbg.declare
</harden/bcfiles/edk_bcfiles/RdtscControl.bc>:RdtscControlInitialize:8:0:@llvm.dbg.declare	*global_alloc@llvm.dbg.declare
</harden/bcfiles/edk_bcfiles/RdtscControl.bc>:RdtscControlInitialize:10:0:@llvm.dbg.declare	*global_alloc@llvm.dbg.declare
</harden/bcfiles/edk_bcfiles/RdtscControl.bc>:RdtscControlInitialize:11:0:@llvm.dbg.declare	*global_alloc@llvm.dbg.declare
</harden/bcfiles/edk_bcfiles/RdtscControl.bc>:RdtscControlInitialize:12:0:@llvm.dbg.declare	*global_alloc@llvm.dbg.declare
</harden/bcfiles/edk_bcfiles/RdtscControl.bc>:RdtscControlInitialize:13:0:@llvm.dbg.declare	*global_alloc@llvm.dbg.declare
</harden/bcfiles/edk_bcfiles/RdtscControl.bc>:RdtscControlInitialize:14:0:@llvm.dbg.declare	*global_alloc@llvm.dbg.declare
</harden/bcfiles/edk_bcfiles/RdtscControl.bc>:RdtscHandler:28:0:@DebugPrintEnabled	*global_alloc@DebugPrintEnabled
</harden/bcfiles/edk_bcfiles/RdtscControl.bc>:RdtscHandler:49:0:@DebugPrintEnabled	*global_alloc@DebugPrintEnabled
</harden/bcfiles/edk_bcfiles/RdtscControl.bc>:RdtscHandler:74:0:@DebugPrintEnabled	*global_alloc@DebugPrintEnabled
</harden/bcfiles/edk_bcfiles/RdtscControl.bc>:RdtscHandler:130:0:@DebugPrintEnabled	*global_alloc@DebugPrintEnabled
</harden/bcfiles/edk_bcfiles/RdtscControl.bc>:RdtscControlInitialize:25:0:@DebugPrintEnabled	*global_alloc@DebugPrintEnabled
</harden/bcfiles/edk_bcfiles/RdtscControl.bc>:RdtscControlInitialize:52:0:@DebugPrintEnabled	*global_alloc@DebugPrintEnabled
</harden/bcfiles/edk_bcfiles/RdtscControl.bc>:RdtscHandler:32:0:@DebugPrintLevelEnabled	*global_alloc@DebugPrintLevelEnabled
</harden/bcfiles/edk_bcfiles/RdtscControl.bc>:RdtscHandler:53:0:@DebugPrintLevelEnabled	*global_alloc@DebugPrintLevelEnabled
</harden/bcfiles/edk_bcfiles/RdtscControl.bc>:RdtscHandler:78:0:@DebugPrintLevelEnabled	*global_alloc@DebugPrintLevelEnabled
</harden/bcfiles/edk_bcfiles/RdtscControl.bc>:RdtscHandler:134:0:@DebugPrintLevelEnabled	*global_alloc@DebugPrintLevelEnabled
</harden/bcfiles/edk_bcfiles/RdtscControl.bc>:RdtscControlInitialize:29:0:@DebugPrintLevelEnabled	*global_alloc@DebugPrintLevelEnabled
</harden/bcfiles/edk_bcfiles/RdtscControl.bc>:RdtscControlInitialize:56:0:@DebugPrintLevelEnabled	*global_alloc@DebugPrintLevelEnabled
</harden/bcfiles/edk_bcfiles/RdtscControl.bc>:RdtscHandler:35:0:@DebugPrint	*global_alloc@DebugPrint
</harden/bcfiles/edk_bcfiles/RdtscControl.bc>:RdtscHandler:56:0:@DebugPrint	*global_alloc@DebugPrint
</harden/bcfiles/edk_bcfiles/RdtscControl.bc>:RdtscHandler:81:0:@DebugPrint	*global_alloc@DebugPrint
</harden/bcfiles/edk_bcfiles/RdtscControl.bc>:RdtscHandler:137:0:@DebugPrint	*global_alloc@DebugPrint
</harden/bcfiles/edk_bcfiles/RdtscControl.bc>:RdtscControlInitialize:32:0:@DebugPrint	*global_alloc@DebugPrint
</harden/bcfiles/edk_bcfiles/RdtscControl.bc>:RdtscControlInitialize:59:0:@DebugPrint	*global_alloc@DebugPrint
</harden/bcfiles/edk_bcfiles/RdtscControl.bc>:RdtscHandler:92:0:@CopyMem	*global_alloc@CopyMem
</harden/bcfiles/edk_bcfiles/RdtscControl.bc>:RdtscHandler:99:0:@CopyMem	*global_alloc@CopyMem
</harden/bcfiles/edk_bcfiles/RdtscControl.bc>:RdtscHandler:102:0:@CopyMem	*global_alloc@CopyMem
</harden/bcfiles/edk_bcfiles/RdtscControl.bc>:RdtscHandler:163:0:@CopyMem	*global_alloc@CopyMem
</harden/bcfiles/edk_bcfiles/RdtscControl.bc>:RdtscHandler:93:0:@AsmReadCs	*global_alloc@AsmReadCs
</harden/bcfiles/edk_bcfiles/RdtscControl.bc>:RdtscHandler:99:2:@OpTable64	*global_alloc@OpTable64
</harden/bcfiles/edk_bcfiles/RdtscControl.bc>:RdtscHandler:102:2:@OpTable32	*global_alloc@OpTable32
</harden/bcfiles/edk_bcfiles/RdtscControl.bc>:RdtscHandler:35:3:@.str	*global_alloc@.str
</harden/bcfiles/edk_bcfiles/RdtscControl.bc>:RdtscHandler:35:7:@__func__.RdtscHandler	*global_alloc@__func__.RdtscHandler
</harden/bcfiles/edk_bcfiles/RdtscControl.bc>:RdtscHandler:56:7:@__func__.RdtscHandler	*global_alloc@__func__.RdtscHandler
</harden/bcfiles/edk_bcfiles/RdtscControl.bc>:RdtscHandler:81:7:@__func__.RdtscHandler	*global_alloc@__func__.RdtscHandler
</harden/bcfiles/edk_bcfiles/RdtscControl.bc>:RdtscHandler:137:7:@__func__.RdtscHandler	*global_alloc@__func__.RdtscHandler
</harden/bcfiles/edk_bcfiles/RdtscControl.bc>:RdtscHandler:56:3:@.str.1	*global_alloc@.str.1
</harden/bcfiles/edk_bcfiles/RdtscControl.bc>:RdtscHandler:63:0:@gSmst	*global_alloc@gSmst
</harden/bcfiles/edk_bcfiles/RdtscControl.bc>:RdtscControlInitialize:15:0:@gSmst	*global_alloc@gSmst
</harden/bcfiles/edk_bcfiles/RdtscControl.bc>:RdtscHandler:81:3:@.str.2	*global_alloc@.str.2
</harden/bcfiles/edk_bcfiles/RdtscControl.bc>:RdtscHandler:137:3:@.str.3	*global_alloc@.str.3
</harden/bcfiles/edk_bcfiles/RdtscControl.bc>:RdtscControlInitialize:19:0:@gEfiSmmLegacyProtocolGuid	*global_alloc@gEfiSmmLegacyProtocolGuid
</harden/bcfiles/edk_bcfiles/RdtscControl.bc>:RdtscControlInitialize:32:3:@.str.4	*global_alloc@.str.4
</harden/bcfiles/edk_bcfiles/RdtscControl.bc>:RdtscControlInitialize:32:7:@__func__.RdtscControlInitialize	*global_alloc@__func__.RdtscControlInitialize
</harden/bcfiles/edk_bcfiles/RdtscControl.bc>:RdtscControlInitialize:59:7:@__func__.RdtscControlInitialize	*global_alloc@__func__.RdtscControlInitialize
</harden/bcfiles/edk_bcfiles/RdtscControl.bc>:RdtscControlInitialize:59:3:@.str.5	*global_alloc@.str.5
</harden/bcfiles/edk_bcfiles/RdtscControl.bc>:RdtscHandler:35:2:getelementptr inbounds ([34 x i8], [34 x i8]* @.str, i64 0, i64 0)	*global_alloc@.str[0]
</harden/bcfiles/edk_bcfiles/RdtscControl.bc>:RdtscHandler:35:6:getelementptr inbounds ([13 x i8], [13 x i8]* @__func__.RdtscHandler, i64 0, i64 0)	*global_alloc@__func__.RdtscHandler[0]
</harden/bcfiles/edk_bcfiles/RdtscControl.bc>:RdtscHandler:56:6:getelementptr inbounds ([13 x i8], [13 x i8]* @__func__.RdtscHandler, i64 0, i64 0)	*global_alloc@__func__.RdtscHandler[0]
</harden/bcfiles/edk_bcfiles/RdtscControl.bc>:RdtscHandler:81:6:getelementptr inbounds ([13 x i8], [13 x i8]* @__func__.RdtscHandler, i64 0, i64 0)	*global_alloc@__func__.RdtscHandler[0]
</harden/bcfiles/edk_bcfiles/RdtscControl.bc>:RdtscHandler:137:6:getelementptr inbounds ([13 x i8], [13 x i8]* @__func__.RdtscHandler, i64 0, i64 0)	*global_alloc@__func__.RdtscHandler[0]
</harden/bcfiles/edk_bcfiles/RdtscControl.bc>:RdtscHandler:56:2:getelementptr inbounds ([43 x i8], [43 x i8]* @.str.1, i64 0, i64 0)	*global_alloc@.str.1[0]
</harden/bcfiles/edk_bcfiles/RdtscControl.bc>:RdtscHandler:81:2:getelementptr inbounds ([35 x i8], [35 x i8]* @.str.2, i64 0, i64 0)	*global_alloc@.str.2[0]
</harden/bcfiles/edk_bcfiles/RdtscControl.bc>:RdtscHandler:137:2:getelementptr inbounds ([37 x i8], [37 x i8]* @.str.3, i64 0, i64 0)	*global_alloc@.str.3[0]
</harden/bcfiles/edk_bcfiles/RdtscControl.bc>:RdtscControlInitialize:32:2:getelementptr inbounds ([40 x i8], [40 x i8]* @.str.4, i64 0, i64 0)	*global_alloc@.str.4[0]
</harden/bcfiles/edk_bcfiles/RdtscControl.bc>:RdtscControlInitialize:32:6:getelementptr inbounds ([23 x i8], [23 x i8]* @__func__.RdtscControlInitialize, i64 0, i64 0)	*global_alloc@__func__.RdtscControlInitialize[0]
</harden/bcfiles/edk_bcfiles/RdtscControl.bc>:RdtscControlInitialize:59:6:getelementptr inbounds ([23 x i8], [23 x i8]* @__func__.RdtscControlInitialize, i64 0, i64 0)	*global_alloc@__func__.RdtscControlInitialize[0]
</harden/bcfiles/edk_bcfiles/RdtscControl.bc>:RdtscControlInitialize:59:2:getelementptr inbounds ([40 x i8], [40 x i8]* @.str.5, i64 0, i64 0)	*global_alloc@.str.5[0]
</harden/bcfiles/edk_bcfiles/RdtscControl.bc>:RdtscHandler:35:2:getelementptr inbounds ([34 x i8], [34 x i8]* @.str, i64 0, i64 0)	*global_alloc@.str[0][*]
</harden/bcfiles/edk_bcfiles/RdtscControl.bc>:RdtscHandler:35:6:getelementptr inbounds ([13 x i8], [13 x i8]* @__func__.RdtscHandler, i64 0, i64 0)	*global_alloc@__func__.RdtscHandler[0][*]
</harden/bcfiles/edk_bcfiles/RdtscControl.bc>:RdtscHandler:56:6:getelementptr inbounds ([13 x i8], [13 x i8]* @__func__.RdtscHandler, i64 0, i64 0)	*global_alloc@__func__.RdtscHandler[0][*]
</harden/bcfiles/edk_bcfiles/RdtscControl.bc>:RdtscHandler:81:6:getelementptr inbounds ([13 x i8], [13 x i8]* @__func__.RdtscHandler, i64 0, i64 0)	*global_alloc@__func__.RdtscHandler[0][*]
</harden/bcfiles/edk_bcfiles/RdtscControl.bc>:RdtscHandler:137:6:getelementptr inbounds ([13 x i8], [13 x i8]* @__func__.RdtscHandler, i64 0, i64 0)	*global_alloc@__func__.RdtscHandler[0][*]
</harden/bcfiles/edk_bcfiles/RdtscControl.bc>:RdtscHandler:56:2:getelementptr inbounds ([43 x i8], [43 x i8]* @.str.1, i64 0, i64 0)	*global_alloc@.str.1[0][*]
</harden/bcfiles/edk_bcfiles/RdtscControl.bc>:RdtscHandler:81:2:getelementptr inbounds ([35 x i8], [35 x i8]* @.str.2, i64 0, i64 0)	*global_alloc@.str.2[0][*]
</harden/bcfiles/edk_bcfiles/RdtscControl.bc>:RdtscHandler:137:2:getelementptr inbounds ([37 x i8], [37 x i8]* @.str.3, i64 0, i64 0)	*global_alloc@.str.3[0][*]
</harden/bcfiles/edk_bcfiles/RdtscControl.bc>:RdtscControlInitialize:32:2:getelementptr inbounds ([40 x i8], [40 x i8]* @.str.4, i64 0, i64 0)	*global_alloc@.str.4[0][*]
</harden/bcfiles/edk_bcfiles/RdtscControl.bc>:RdtscControlInitialize:32:6:getelementptr inbounds ([23 x i8], [23 x i8]* @__func__.RdtscControlInitialize, i64 0, i64 0)	*global_alloc@__func__.RdtscControlInitialize[0][*]
</harden/bcfiles/edk_bcfiles/RdtscControl.bc>:RdtscControlInitialize:59:6:getelementptr inbounds ([23 x i8], [23 x i8]* @__func__.RdtscControlInitialize, i64 0, i64 0)	*global_alloc@__func__.RdtscControlInitialize[0][*]
</harden/bcfiles/edk_bcfiles/RdtscControl.bc>:RdtscControlInitialize:59:2:getelementptr inbounds ([40 x i8], [40 x i8]* @.str.5, i64 0, i64 0)	*global_alloc@.str.5[0][*]
</harden/bcfiles/edk_bcfiles/RdtscControl.bc>:RdtscHandler:99:1:getelementptr inbounds (%struct.RDTSC_CONTROL_OPS, %struct.RDTSC_CONTROL_OPS* @OpTable64, i32 0, i32 0, i32 0)	*global_alloc@OpTable64[0].?/0[*]
</harden/bcfiles/edk_bcfiles/RdtscControl.bc>:RdtscHandler:102:1:getelementptr inbounds (%struct.RDTSC_CONTROL_OPS, %struct.RDTSC_CONTROL_OPS* @OpTable32, i32 0, i32 0, i32 0)	*global_alloc@OpTable32[0].?/0[*]
