</harden/bcfiles/edk_bcfiles/RdtscControl.bc>:RdtscHandler:10	</harden/bcfiles/edk_bcfiles/RdtscControl.bc>:llvm.dbg.declare	</harden/bcfiles/edk_bcfiles/RdtscControl.bc>:RdtscHandler:!DIExpression()	2
</harden/bcfiles/edk_bcfiles/RdtscControl.bc>:RdtscHandler:10	</harden/bcfiles/edk_bcfiles/RdtscControl.bc>:llvm.dbg.declare	</harden/bcfiles/edk_bcfiles/RdtscControl.bc>:RdtscHandler:i8** %6	0
</harden/bcfiles/edk_bcfiles/RdtscControl.bc>:RdtscHandler:10	</harden/bcfiles/edk_bcfiles/RdtscControl.bc>:llvm.dbg.declare	</harden/bcfiles/edk_bcfiles/RdtscControl.bc>:RdtscHandler:!121	1
</harden/bcfiles/edk_bcfiles/RdtscControl.bc>:RdtscHandler:12	</harden/bcfiles/edk_bcfiles/RdtscControl.bc>:llvm.dbg.declare	</harden/bcfiles/edk_bcfiles/RdtscControl.bc>:RdtscHandler:!123	1
</harden/bcfiles/edk_bcfiles/RdtscControl.bc>:RdtscHandler:12	</harden/bcfiles/edk_bcfiles/RdtscControl.bc>:llvm.dbg.declare	</harden/bcfiles/edk_bcfiles/RdtscControl.bc>:RdtscHandler:!DIExpression()	2
</harden/bcfiles/edk_bcfiles/RdtscControl.bc>:RdtscHandler:12	</harden/bcfiles/edk_bcfiles/RdtscControl.bc>:llvm.dbg.declare	</harden/bcfiles/edk_bcfiles/RdtscControl.bc>:RdtscHandler:i8** %7	0
</harden/bcfiles/edk_bcfiles/RdtscControl.bc>:RdtscHandler:14	</harden/bcfiles/edk_bcfiles/RdtscControl.bc>:llvm.dbg.declare	</harden/bcfiles/edk_bcfiles/RdtscControl.bc>:RdtscHandler:i8** %8	0
</harden/bcfiles/edk_bcfiles/RdtscControl.bc>:RdtscHandler:14	</harden/bcfiles/edk_bcfiles/RdtscControl.bc>:llvm.dbg.declare	</harden/bcfiles/edk_bcfiles/RdtscControl.bc>:RdtscHandler:!DIExpression()	2
</harden/bcfiles/edk_bcfiles/RdtscControl.bc>:RdtscHandler:14	</harden/bcfiles/edk_bcfiles/RdtscControl.bc>:llvm.dbg.declare	</harden/bcfiles/edk_bcfiles/RdtscControl.bc>:RdtscHandler:!125	1
</harden/bcfiles/edk_bcfiles/RdtscControl.bc>:RdtscHandler:16	</harden/bcfiles/edk_bcfiles/RdtscControl.bc>:llvm.dbg.declare	</harden/bcfiles/edk_bcfiles/RdtscControl.bc>:RdtscHandler:i64** %9	0
</harden/bcfiles/edk_bcfiles/RdtscControl.bc>:RdtscHandler:16	</harden/bcfiles/edk_bcfiles/RdtscControl.bc>:llvm.dbg.declare	</harden/bcfiles/edk_bcfiles/RdtscControl.bc>:RdtscHandler:!DIExpression()	2
</harden/bcfiles/edk_bcfiles/RdtscControl.bc>:RdtscHandler:16	</harden/bcfiles/edk_bcfiles/RdtscControl.bc>:llvm.dbg.declare	</harden/bcfiles/edk_bcfiles/RdtscControl.bc>:RdtscHandler:!127	1
</harden/bcfiles/edk_bcfiles/RdtscControl.bc>:RdtscHandler:17	</harden/bcfiles/edk_bcfiles/RdtscControl.bc>:llvm.dbg.declare	</harden/bcfiles/edk_bcfiles/RdtscControl.bc>:RdtscHandler:!DIExpression()	2
</harden/bcfiles/edk_bcfiles/RdtscControl.bc>:RdtscHandler:17	</harden/bcfiles/edk_bcfiles/RdtscControl.bc>:llvm.dbg.declare	</harden/bcfiles/edk_bcfiles/RdtscControl.bc>:RdtscHandler:i64* %10	0
</harden/bcfiles/edk_bcfiles/RdtscControl.bc>:RdtscHandler:17	</harden/bcfiles/edk_bcfiles/RdtscControl.bc>:llvm.dbg.declare	</harden/bcfiles/edk_bcfiles/RdtscControl.bc>:RdtscHandler:!129	1
</harden/bcfiles/edk_bcfiles/RdtscControl.bc>:RdtscHandler:18	</harden/bcfiles/edk_bcfiles/RdtscControl.bc>:llvm.dbg.declare	</harden/bcfiles/edk_bcfiles/RdtscControl.bc>:RdtscHandler:!131	1
</harden/bcfiles/edk_bcfiles/RdtscControl.bc>:RdtscHandler:18	</harden/bcfiles/edk_bcfiles/RdtscControl.bc>:llvm.dbg.declare	</harden/bcfiles/edk_bcfiles/RdtscControl.bc>:RdtscHandler:%struct.RDTSC_CONTROL_OPS* %11	0
</harden/bcfiles/edk_bcfiles/RdtscControl.bc>:RdtscHandler:18	</harden/bcfiles/edk_bcfiles/RdtscControl.bc>:llvm.dbg.declare	</harden/bcfiles/edk_bcfiles/RdtscControl.bc>:RdtscHandler:!DIExpression()	2
</harden/bcfiles/edk_bcfiles/RdtscControl.bc>:RdtscHandler:19	</harden/bcfiles/edk_bcfiles/RdtscControl.bc>:llvm.dbg.declare	</harden/bcfiles/edk_bcfiles/RdtscControl.bc>:RdtscHandler:!DIExpression()	2
</harden/bcfiles/edk_bcfiles/RdtscControl.bc>:RdtscHandler:19	</harden/bcfiles/edk_bcfiles/RdtscControl.bc>:llvm.dbg.declare	</harden/bcfiles/edk_bcfiles/RdtscControl.bc>:RdtscHandler:!133	1
</harden/bcfiles/edk_bcfiles/RdtscControl.bc>:RdtscHandler:19	</harden/bcfiles/edk_bcfiles/RdtscControl.bc>:llvm.dbg.declare	</harden/bcfiles/edk_bcfiles/RdtscControl.bc>:RdtscHandler:%struct.RDTSC_CONTROL_DATA** %12	0
</harden/bcfiles/edk_bcfiles/RdtscControl.bc>:RdtscHandler:20	</harden/bcfiles/edk_bcfiles/RdtscControl.bc>:llvm.dbg.declare	</harden/bcfiles/edk_bcfiles/RdtscControl.bc>:RdtscHandler:!147	1
</harden/bcfiles/edk_bcfiles/RdtscControl.bc>:RdtscHandler:20	</harden/bcfiles/edk_bcfiles/RdtscControl.bc>:llvm.dbg.declare	</harden/bcfiles/edk_bcfiles/RdtscControl.bc>:RdtscHandler:!DIExpression()	2
</harden/bcfiles/edk_bcfiles/RdtscControl.bc>:RdtscHandler:20	</harden/bcfiles/edk_bcfiles/RdtscControl.bc>:llvm.dbg.declare	</harden/bcfiles/edk_bcfiles/RdtscControl.bc>:RdtscHandler:i64* %13	0
</harden/bcfiles/edk_bcfiles/RdtscControl.bc>:RdtscHandler:32	</harden/bcfiles/edk_bcfiles/RdtscControl.bc>:DebugPrintLevelEnabled	</harden/bcfiles/edk_bcfiles/RdtscControl.bc>:RdtscHandler:32:1:2147483648	0
</harden/bcfiles/edk_bcfiles/RdtscControl.bc>:RdtscHandler:35	</harden/bcfiles/edk_bcfiles/RdtscControl.bc>:DebugPrint	</harden/bcfiles/edk_bcfiles/RdtscControl.bc>:RdtscHandler:35:1:2147483648	0
</harden/bcfiles/edk_bcfiles/RdtscControl.bc>:RdtscHandler:35	</harden/bcfiles/edk_bcfiles/RdtscControl.bc>:DebugPrint	</harden/bcfiles/edk_bcfiles/RdtscControl.bc>:RdtscHandler:35:2:getelementptr inbounds ([34 x i8], [34 x i8]* @.str, i64 0, i64 0)	1
</harden/bcfiles/edk_bcfiles/RdtscControl.bc>:RdtscHandler:35	</harden/bcfiles/edk_bcfiles/RdtscControl.bc>:DebugPrint	</harden/bcfiles/edk_bcfiles/RdtscControl.bc>:RdtscHandler:35:6:getelementptr inbounds ([13 x i8], [13 x i8]* @__func__.RdtscHandler, i64 0, i64 0)	2
</harden/bcfiles/edk_bcfiles/RdtscControl.bc>:RdtscHandler:53	</harden/bcfiles/edk_bcfiles/RdtscControl.bc>:DebugPrintLevelEnabled	</harden/bcfiles/edk_bcfiles/RdtscControl.bc>:RdtscHandler:53:1:2147483648	0
</harden/bcfiles/edk_bcfiles/RdtscControl.bc>:RdtscHandler:56	</harden/bcfiles/edk_bcfiles/RdtscControl.bc>:DebugPrint	</harden/bcfiles/edk_bcfiles/RdtscControl.bc>:RdtscHandler:56:1:2147483648	0
</harden/bcfiles/edk_bcfiles/RdtscControl.bc>:RdtscHandler:56	</harden/bcfiles/edk_bcfiles/RdtscControl.bc>:DebugPrint	</harden/bcfiles/edk_bcfiles/RdtscControl.bc>:RdtscHandler:56:2:getelementptr inbounds ([43 x i8], [43 x i8]* @.str.1, i64 0, i64 0)	1
</harden/bcfiles/edk_bcfiles/RdtscControl.bc>:RdtscHandler:56	</harden/bcfiles/edk_bcfiles/RdtscControl.bc>:DebugPrint	</harden/bcfiles/edk_bcfiles/RdtscControl.bc>:RdtscHandler:56:6:getelementptr inbounds ([13 x i8], [13 x i8]* @__func__.RdtscHandler, i64 0, i64 0)	2
</harden/bcfiles/edk_bcfiles/RdtscControl.bc>:RdtscHandler:78	</harden/bcfiles/edk_bcfiles/RdtscControl.bc>:DebugPrintLevelEnabled	</harden/bcfiles/edk_bcfiles/RdtscControl.bc>:RdtscHandler:78:1:2147483648	0
</harden/bcfiles/edk_bcfiles/RdtscControl.bc>:RdtscHandler:81	</harden/bcfiles/edk_bcfiles/RdtscControl.bc>:DebugPrint	</harden/bcfiles/edk_bcfiles/RdtscControl.bc>:RdtscHandler:81:1:2147483648	0
</harden/bcfiles/edk_bcfiles/RdtscControl.bc>:RdtscHandler:81	</harden/bcfiles/edk_bcfiles/RdtscControl.bc>:DebugPrint	</harden/bcfiles/edk_bcfiles/RdtscControl.bc>:RdtscHandler:81:2:getelementptr inbounds ([35 x i8], [35 x i8]* @.str.2, i64 0, i64 0)	1
</harden/bcfiles/edk_bcfiles/RdtscControl.bc>:RdtscHandler:81	</harden/bcfiles/edk_bcfiles/RdtscControl.bc>:DebugPrint	</harden/bcfiles/edk_bcfiles/RdtscControl.bc>:RdtscHandler:81:6:getelementptr inbounds ([13 x i8], [13 x i8]* @__func__.RdtscHandler, i64 0, i64 0)	2
</harden/bcfiles/edk_bcfiles/RdtscControl.bc>:RdtscHandler:92	</harden/bcfiles/edk_bcfiles/RdtscControl.bc>:CopyMem	</harden/bcfiles/edk_bcfiles/RdtscControl.bc>:RdtscHandler:%76	2
</harden/bcfiles/edk_bcfiles/RdtscControl.bc>:RdtscHandler:92	</harden/bcfiles/edk_bcfiles/RdtscControl.bc>:CopyMem	</harden/bcfiles/edk_bcfiles/RdtscControl.bc>:RdtscHandler:%75	1
</harden/bcfiles/edk_bcfiles/RdtscControl.bc>:RdtscHandler:92	</harden/bcfiles/edk_bcfiles/RdtscControl.bc>:CopyMem	</harden/bcfiles/edk_bcfiles/RdtscControl.bc>:RdtscHandler:%74	0
</harden/bcfiles/edk_bcfiles/RdtscControl.bc>:RdtscHandler:99	</harden/bcfiles/edk_bcfiles/RdtscControl.bc>:CopyMem	</harden/bcfiles/edk_bcfiles/RdtscControl.bc>:RdtscHandler:%83	0
</harden/bcfiles/edk_bcfiles/RdtscControl.bc>:RdtscHandler:99	</harden/bcfiles/edk_bcfiles/RdtscControl.bc>:CopyMem	</harden/bcfiles/edk_bcfiles/RdtscControl.bc>:RdtscHandler:99:1:getelementptr inbounds (%struct.RDTSC_CONTROL_OPS, %struct.RDTSC_CONTROL_OPS* @OpTable64, i32 0, i32 0, i32 0)	1
</harden/bcfiles/edk_bcfiles/RdtscControl.bc>:RdtscHandler:99	</harden/bcfiles/edk_bcfiles/RdtscControl.bc>:CopyMem	</harden/bcfiles/edk_bcfiles/RdtscControl.bc>:RdtscHandler:99:6:36	2
</harden/bcfiles/edk_bcfiles/RdtscControl.bc>:RdtscHandler:102	</harden/bcfiles/edk_bcfiles/RdtscControl.bc>:CopyMem	</harden/bcfiles/edk_bcfiles/RdtscControl.bc>:RdtscHandler:%86	0
</harden/bcfiles/edk_bcfiles/RdtscControl.bc>:RdtscHandler:102	</harden/bcfiles/edk_bcfiles/RdtscControl.bc>:CopyMem	</harden/bcfiles/edk_bcfiles/RdtscControl.bc>:RdtscHandler:102:1:getelementptr inbounds (%struct.RDTSC_CONTROL_OPS, %struct.RDTSC_CONTROL_OPS* @OpTable32, i32 0, i32 0, i32 0)	1
</harden/bcfiles/edk_bcfiles/RdtscControl.bc>:RdtscHandler:102	</harden/bcfiles/edk_bcfiles/RdtscControl.bc>:CopyMem	</harden/bcfiles/edk_bcfiles/RdtscControl.bc>:RdtscHandler:102:6:36	2
</harden/bcfiles/edk_bcfiles/RdtscControl.bc>:RdtscHandler:134	</harden/bcfiles/edk_bcfiles/RdtscControl.bc>:DebugPrintLevelEnabled	</harden/bcfiles/edk_bcfiles/RdtscControl.bc>:RdtscHandler:134:1:2147483648	0
</harden/bcfiles/edk_bcfiles/RdtscControl.bc>:RdtscHandler:137	</harden/bcfiles/edk_bcfiles/RdtscControl.bc>:DebugPrint	</harden/bcfiles/edk_bcfiles/RdtscControl.bc>:RdtscHandler:137:1:2147483648	0
</harden/bcfiles/edk_bcfiles/RdtscControl.bc>:RdtscHandler:137	</harden/bcfiles/edk_bcfiles/RdtscControl.bc>:DebugPrint	</harden/bcfiles/edk_bcfiles/RdtscControl.bc>:RdtscHandler:137:2:getelementptr inbounds ([37 x i8], [37 x i8]* @.str.3, i64 0, i64 0)	1
</harden/bcfiles/edk_bcfiles/RdtscControl.bc>:RdtscHandler:137	</harden/bcfiles/edk_bcfiles/RdtscControl.bc>:DebugPrint	</harden/bcfiles/edk_bcfiles/RdtscControl.bc>:RdtscHandler:137:6:getelementptr inbounds ([13 x i8], [13 x i8]* @__func__.RdtscHandler, i64 0, i64 0)	2
</harden/bcfiles/edk_bcfiles/RdtscControl.bc>:RdtscHandler:163	</harden/bcfiles/edk_bcfiles/RdtscControl.bc>:CopyMem	</harden/bcfiles/edk_bcfiles/RdtscControl.bc>:RdtscHandler:%141	2
</harden/bcfiles/edk_bcfiles/RdtscControl.bc>:RdtscHandler:163	</harden/bcfiles/edk_bcfiles/RdtscControl.bc>:CopyMem	</harden/bcfiles/edk_bcfiles/RdtscControl.bc>:RdtscHandler:%138	0
</harden/bcfiles/edk_bcfiles/RdtscControl.bc>:RdtscHandler:163	</harden/bcfiles/edk_bcfiles/RdtscControl.bc>:CopyMem	</harden/bcfiles/edk_bcfiles/RdtscControl.bc>:RdtscHandler:%140	1
</harden/bcfiles/edk_bcfiles/RdtscControl.bc>:RdtscControlInitialize:8	</harden/bcfiles/edk_bcfiles/RdtscControl.bc>:llvm.dbg.declare	</harden/bcfiles/edk_bcfiles/RdtscControl.bc>:RdtscControlInitialize:!DIExpression()	2
</harden/bcfiles/edk_bcfiles/RdtscControl.bc>:RdtscControlInitialize:8	</harden/bcfiles/edk_bcfiles/RdtscControl.bc>:llvm.dbg.declare	</harden/bcfiles/edk_bcfiles/RdtscControl.bc>:RdtscControlInitialize:!745	1
</harden/bcfiles/edk_bcfiles/RdtscControl.bc>:RdtscControlInitialize:8	</harden/bcfiles/edk_bcfiles/RdtscControl.bc>:llvm.dbg.declare	</harden/bcfiles/edk_bcfiles/RdtscControl.bc>:RdtscControlInitialize:i8** %4	0
</harden/bcfiles/edk_bcfiles/RdtscControl.bc>:RdtscControlInitialize:10	</harden/bcfiles/edk_bcfiles/RdtscControl.bc>:llvm.dbg.declare	</harden/bcfiles/edk_bcfiles/RdtscControl.bc>:RdtscControlInitialize:!747	1
</harden/bcfiles/edk_bcfiles/RdtscControl.bc>:RdtscControlInitialize:10	</harden/bcfiles/edk_bcfiles/RdtscControl.bc>:llvm.dbg.declare	</harden/bcfiles/edk_bcfiles/RdtscControl.bc>:RdtscControlInitialize:%struct.EFI_SYSTEM_TABLE** %5	0
</harden/bcfiles/edk_bcfiles/RdtscControl.bc>:RdtscControlInitialize:10	</harden/bcfiles/edk_bcfiles/RdtscControl.bc>:llvm.dbg.declare	</harden/bcfiles/edk_bcfiles/RdtscControl.bc>:RdtscControlInitialize:!DIExpression()	2
</harden/bcfiles/edk_bcfiles/RdtscControl.bc>:RdtscControlInitialize:11	</harden/bcfiles/edk_bcfiles/RdtscControl.bc>:llvm.dbg.declare	</harden/bcfiles/edk_bcfiles/RdtscControl.bc>:RdtscControlInitialize:!749	1
</harden/bcfiles/edk_bcfiles/RdtscControl.bc>:RdtscControlInitialize:11	</harden/bcfiles/edk_bcfiles/RdtscControl.bc>:llvm.dbg.declare	</harden/bcfiles/edk_bcfiles/RdtscControl.bc>:RdtscControlInitialize:i64* %6	0
</harden/bcfiles/edk_bcfiles/RdtscControl.bc>:RdtscControlInitialize:11	</harden/bcfiles/edk_bcfiles/RdtscControl.bc>:llvm.dbg.declare	</harden/bcfiles/edk_bcfiles/RdtscControl.bc>:RdtscControlInitialize:!DIExpression()	2
</harden/bcfiles/edk_bcfiles/RdtscControl.bc>:RdtscControlInitialize:12	</harden/bcfiles/edk_bcfiles/RdtscControl.bc>:llvm.dbg.declare	</harden/bcfiles/edk_bcfiles/RdtscControl.bc>:RdtscControlInitialize:!751	1
</harden/bcfiles/edk_bcfiles/RdtscControl.bc>:RdtscControlInitialize:12	</harden/bcfiles/edk_bcfiles/RdtscControl.bc>:llvm.dbg.declare	</harden/bcfiles/edk_bcfiles/RdtscControl.bc>:RdtscControlInitialize:%struct._EDKII_SMM_LEGACY_PROTOCOL** %7	0
</harden/bcfiles/edk_bcfiles/RdtscControl.bc>:RdtscControlInitialize:12	</harden/bcfiles/edk_bcfiles/RdtscControl.bc>:llvm.dbg.declare	</harden/bcfiles/edk_bcfiles/RdtscControl.bc>:RdtscControlInitialize:!DIExpression()	2
</harden/bcfiles/edk_bcfiles/RdtscControl.bc>:RdtscControlInitialize:13	</harden/bcfiles/edk_bcfiles/RdtscControl.bc>:llvm.dbg.declare	</harden/bcfiles/edk_bcfiles/RdtscControl.bc>:RdtscControlInitialize:!780	1
</harden/bcfiles/edk_bcfiles/RdtscControl.bc>:RdtscControlInitialize:13	</harden/bcfiles/edk_bcfiles/RdtscControl.bc>:llvm.dbg.declare	</harden/bcfiles/edk_bcfiles/RdtscControl.bc>:RdtscControlInitialize:%struct.EDKII_SMM_LEGACY_REGISTER_CONTEXT* %8	0
</harden/bcfiles/edk_bcfiles/RdtscControl.bc>:RdtscControlInitialize:13	</harden/bcfiles/edk_bcfiles/RdtscControl.bc>:llvm.dbg.declare	</harden/bcfiles/edk_bcfiles/RdtscControl.bc>:RdtscControlInitialize:!DIExpression()	2
</harden/bcfiles/edk_bcfiles/RdtscControl.bc>:RdtscControlInitialize:14	</harden/bcfiles/edk_bcfiles/RdtscControl.bc>:llvm.dbg.declare	</harden/bcfiles/edk_bcfiles/RdtscControl.bc>:RdtscControlInitialize:!782	1
</harden/bcfiles/edk_bcfiles/RdtscControl.bc>:RdtscControlInitialize:14	</harden/bcfiles/edk_bcfiles/RdtscControl.bc>:llvm.dbg.declare	</harden/bcfiles/edk_bcfiles/RdtscControl.bc>:RdtscControlInitialize:i8** %9	0
</harden/bcfiles/edk_bcfiles/RdtscControl.bc>:RdtscControlInitialize:14	</harden/bcfiles/edk_bcfiles/RdtscControl.bc>:llvm.dbg.declare	</harden/bcfiles/edk_bcfiles/RdtscControl.bc>:RdtscControlInitialize:!DIExpression()	2
</harden/bcfiles/edk_bcfiles/RdtscControl.bc>:RdtscControlInitialize:29	</harden/bcfiles/edk_bcfiles/RdtscControl.bc>:DebugPrintLevelEnabled	</harden/bcfiles/edk_bcfiles/RdtscControl.bc>:RdtscControlInitialize:29:1:2147483648	0
</harden/bcfiles/edk_bcfiles/RdtscControl.bc>:RdtscControlInitialize:32	</harden/bcfiles/edk_bcfiles/RdtscControl.bc>:DebugPrint	</harden/bcfiles/edk_bcfiles/RdtscControl.bc>:RdtscControlInitialize:32:1:2147483648	0
</harden/bcfiles/edk_bcfiles/RdtscControl.bc>:RdtscControlInitialize:32	</harden/bcfiles/edk_bcfiles/RdtscControl.bc>:DebugPrint	</harden/bcfiles/edk_bcfiles/RdtscControl.bc>:RdtscControlInitialize:32:2:getelementptr inbounds ([40 x i8], [40 x i8]* @.str.4, i64 0, i64 0)	1
</harden/bcfiles/edk_bcfiles/RdtscControl.bc>:RdtscControlInitialize:32	</harden/bcfiles/edk_bcfiles/RdtscControl.bc>:DebugPrint	</harden/bcfiles/edk_bcfiles/RdtscControl.bc>:RdtscControlInitialize:32:6:getelementptr inbounds ([23 x i8], [23 x i8]* @__func__.RdtscControlInitialize, i64 0, i64 0)	2
</harden/bcfiles/edk_bcfiles/RdtscControl.bc>:RdtscControlInitialize:56	</harden/bcfiles/edk_bcfiles/RdtscControl.bc>:DebugPrintLevelEnabled	</harden/bcfiles/edk_bcfiles/RdtscControl.bc>:RdtscControlInitialize:56:1:2147483648	0
</harden/bcfiles/edk_bcfiles/RdtscControl.bc>:RdtscControlInitialize:59	</harden/bcfiles/edk_bcfiles/RdtscControl.bc>:DebugPrint	</harden/bcfiles/edk_bcfiles/RdtscControl.bc>:RdtscControlInitialize:59:1:2147483648	0
</harden/bcfiles/edk_bcfiles/RdtscControl.bc>:RdtscControlInitialize:59	</harden/bcfiles/edk_bcfiles/RdtscControl.bc>:DebugPrint	</harden/bcfiles/edk_bcfiles/RdtscControl.bc>:RdtscControlInitialize:59:2:getelementptr inbounds ([40 x i8], [40 x i8]* @.str.5, i64 0, i64 0)	1
</harden/bcfiles/edk_bcfiles/RdtscControl.bc>:RdtscControlInitialize:59	</harden/bcfiles/edk_bcfiles/RdtscControl.bc>:DebugPrint	</harden/bcfiles/edk_bcfiles/RdtscControl.bc>:RdtscControlInitialize:59:6:getelementptr inbounds ([23 x i8], [23 x i8]* @__func__.RdtscControlInitialize, i64 0, i64 0)	2
