</harden/bcfiles/edk_bcfiles/RdtscControl.bc>:RdtscHandler:35:6:getelementptr inbounds ([13 x i8], [13 x i8]* @__func__.RdtscHandler, i64 0, i64 0)	</harden/bcfiles/edk_bcfiles/RdtscControl.bc>:RdtscHandler:56:6:getelementptr inbounds ([13 x i8], [13 x i8]* @__func__.RdtscHandler, i64 0, i64 0)	*global_alloc@__func__.RdtscHandler[0]
</harden/bcfiles/edk_bcfiles/RdtscControl.bc>:RdtscHandler:35:6:getelementptr inbounds ([13 x i8], [13 x i8]* @__func__.RdtscHandler, i64 0, i64 0)	</harden/bcfiles/edk_bcfiles/RdtscControl.bc>:RdtscHandler:56:6:getelementptr inbounds ([13 x i8], [13 x i8]* @__func__.RdtscHandler, i64 0, i64 0)	*global_alloc@__func__.RdtscHandler[0][*]
</harden/bcfiles/edk_bcfiles/RdtscControl.bc>:RdtscHandler:35:6:getelementptr inbounds ([13 x i8], [13 x i8]* @__func__.RdtscHandler, i64 0, i64 0)	</harden/bcfiles/edk_bcfiles/RdtscControl.bc>:RdtscHandler:81:6:getelementptr inbounds ([13 x i8], [13 x i8]* @__func__.RdtscHandler, i64 0, i64 0)	*global_alloc@__func__.RdtscHandler[0]
</harden/bcfiles/edk_bcfiles/RdtscControl.bc>:RdtscHandler:35:6:getelementptr inbounds ([13 x i8], [13 x i8]* @__func__.RdtscHandler, i64 0, i64 0)	</harden/bcfiles/edk_bcfiles/RdtscControl.bc>:RdtscHandler:81:6:getelementptr inbounds ([13 x i8], [13 x i8]* @__func__.RdtscHandler, i64 0, i64 0)	*global_alloc@__func__.RdtscHandler[0][*]
</harden/bcfiles/edk_bcfiles/RdtscControl.bc>:RdtscHandler:35:6:getelementptr inbounds ([13 x i8], [13 x i8]* @__func__.RdtscHandler, i64 0, i64 0)	</harden/bcfiles/edk_bcfiles/RdtscControl.bc>:RdtscHandler:137:6:getelementptr inbounds ([13 x i8], [13 x i8]* @__func__.RdtscHandler, i64 0, i64 0)	*global_alloc@__func__.RdtscHandler[0]
</harden/bcfiles/edk_bcfiles/RdtscControl.bc>:RdtscHandler:35:6:getelementptr inbounds ([13 x i8], [13 x i8]* @__func__.RdtscHandler, i64 0, i64 0)	</harden/bcfiles/edk_bcfiles/RdtscControl.bc>:RdtscHandler:137:6:getelementptr inbounds ([13 x i8], [13 x i8]* @__func__.RdtscHandler, i64 0, i64 0)	*global_alloc@__func__.RdtscHandler[0][*]
</harden/bcfiles/edk_bcfiles/RdtscControl.bc>:RdtscHandler:35:7:@__func__.RdtscHandler	</harden/bcfiles/edk_bcfiles/RdtscControl.bc>:RdtscHandler:56:7:@__func__.RdtscHandler	*global_alloc@__func__.RdtscHandler
</harden/bcfiles/edk_bcfiles/RdtscControl.bc>:RdtscHandler:35:7:@__func__.RdtscHandler	</harden/bcfiles/edk_bcfiles/RdtscControl.bc>:RdtscHandler:81:7:@__func__.RdtscHandler	*global_alloc@__func__.RdtscHandler
</harden/bcfiles/edk_bcfiles/RdtscControl.bc>:RdtscHandler:35:7:@__func__.RdtscHandler	</harden/bcfiles/edk_bcfiles/RdtscControl.bc>:RdtscHandler:137:7:@__func__.RdtscHandler	*global_alloc@__func__.RdtscHandler
</harden/bcfiles/edk_bcfiles/RdtscControl.bc>:RdtscHandler:56:6:getelementptr inbounds ([13 x i8], [13 x i8]* @__func__.RdtscHandler, i64 0, i64 0)	</harden/bcfiles/edk_bcfiles/RdtscControl.bc>:RdtscHandler:35:6:getelementptr inbounds ([13 x i8], [13 x i8]* @__func__.RdtscHandler, i64 0, i64 0)	*global_alloc@__func__.RdtscHandler[0]
</harden/bcfiles/edk_bcfiles/RdtscControl.bc>:RdtscHandler:56:6:getelementptr inbounds ([13 x i8], [13 x i8]* @__func__.RdtscHandler, i64 0, i64 0)	</harden/bcfiles/edk_bcfiles/RdtscControl.bc>:RdtscHandler:35:6:getelementptr inbounds ([13 x i8], [13 x i8]* @__func__.RdtscHandler, i64 0, i64 0)	*global_alloc@__func__.RdtscHandler[0][*]
</harden/bcfiles/edk_bcfiles/RdtscControl.bc>:RdtscHandler:56:6:getelementptr inbounds ([13 x i8], [13 x i8]* @__func__.RdtscHandler, i64 0, i64 0)	</harden/bcfiles/edk_bcfiles/RdtscControl.bc>:RdtscHandler:81:6:getelementptr inbounds ([13 x i8], [13 x i8]* @__func__.RdtscHandler, i64 0, i64 0)	*global_alloc@__func__.RdtscHandler[0]
</harden/bcfiles/edk_bcfiles/RdtscControl.bc>:RdtscHandler:56:6:getelementptr inbounds ([13 x i8], [13 x i8]* @__func__.RdtscHandler, i64 0, i64 0)	</harden/bcfiles/edk_bcfiles/RdtscControl.bc>:RdtscHandler:81:6:getelementptr inbounds ([13 x i8], [13 x i8]* @__func__.RdtscHandler, i64 0, i64 0)	*global_alloc@__func__.RdtscHandler[0][*]
</harden/bcfiles/edk_bcfiles/RdtscControl.bc>:RdtscHandler:56:6:getelementptr inbounds ([13 x i8], [13 x i8]* @__func__.RdtscHandler, i64 0, i64 0)	</harden/bcfiles/edk_bcfiles/RdtscControl.bc>:RdtscHandler:137:6:getelementptr inbounds ([13 x i8], [13 x i8]* @__func__.RdtscHandler, i64 0, i64 0)	*global_alloc@__func__.RdtscHandler[0]
</harden/bcfiles/edk_bcfiles/RdtscControl.bc>:RdtscHandler:56:6:getelementptr inbounds ([13 x i8], [13 x i8]* @__func__.RdtscHandler, i64 0, i64 0)	</harden/bcfiles/edk_bcfiles/RdtscControl.bc>:RdtscHandler:137:6:getelementptr inbounds ([13 x i8], [13 x i8]* @__func__.RdtscHandler, i64 0, i64 0)	*global_alloc@__func__.RdtscHandler[0][*]
</harden/bcfiles/edk_bcfiles/RdtscControl.bc>:RdtscHandler:56:7:@__func__.RdtscHandler	</harden/bcfiles/edk_bcfiles/RdtscControl.bc>:RdtscHandler:35:7:@__func__.RdtscHandler	*global_alloc@__func__.RdtscHandler
</harden/bcfiles/edk_bcfiles/RdtscControl.bc>:RdtscHandler:56:7:@__func__.RdtscHandler	</harden/bcfiles/edk_bcfiles/RdtscControl.bc>:RdtscHandler:81:7:@__func__.RdtscHandler	*global_alloc@__func__.RdtscHandler
</harden/bcfiles/edk_bcfiles/RdtscControl.bc>:RdtscHandler:56:7:@__func__.RdtscHandler	</harden/bcfiles/edk_bcfiles/RdtscControl.bc>:RdtscHandler:137:7:@__func__.RdtscHandler	*global_alloc@__func__.RdtscHandler
</harden/bcfiles/edk_bcfiles/RdtscControl.bc>:RdtscHandler:63:0:@gSmst	</harden/bcfiles/edk_bcfiles/RdtscControl.bc>:RdtscControlInitialize:15:0:@gSmst	*global_alloc@gSmst
</harden/bcfiles/edk_bcfiles/RdtscControl.bc>:RdtscHandler:81:6:getelementptr inbounds ([13 x i8], [13 x i8]* @__func__.RdtscHandler, i64 0, i64 0)	</harden/bcfiles/edk_bcfiles/RdtscControl.bc>:RdtscHandler:35:6:getelementptr inbounds ([13 x i8], [13 x i8]* @__func__.RdtscHandler, i64 0, i64 0)	*global_alloc@__func__.RdtscHandler[0]
</harden/bcfiles/edk_bcfiles/RdtscControl.bc>:RdtscHandler:81:6:getelementptr inbounds ([13 x i8], [13 x i8]* @__func__.RdtscHandler, i64 0, i64 0)	</harden/bcfiles/edk_bcfiles/RdtscControl.bc>:RdtscHandler:35:6:getelementptr inbounds ([13 x i8], [13 x i8]* @__func__.RdtscHandler, i64 0, i64 0)	*global_alloc@__func__.RdtscHandler[0][*]
</harden/bcfiles/edk_bcfiles/RdtscControl.bc>:RdtscHandler:81:6:getelementptr inbounds ([13 x i8], [13 x i8]* @__func__.RdtscHandler, i64 0, i64 0)	</harden/bcfiles/edk_bcfiles/RdtscControl.bc>:RdtscHandler:56:6:getelementptr inbounds ([13 x i8], [13 x i8]* @__func__.RdtscHandler, i64 0, i64 0)	*global_alloc@__func__.RdtscHandler[0]
</harden/bcfiles/edk_bcfiles/RdtscControl.bc>:RdtscHandler:81:6:getelementptr inbounds ([13 x i8], [13 x i8]* @__func__.RdtscHandler, i64 0, i64 0)	</harden/bcfiles/edk_bcfiles/RdtscControl.bc>:RdtscHandler:56:6:getelementptr inbounds ([13 x i8], [13 x i8]* @__func__.RdtscHandler, i64 0, i64 0)	*global_alloc@__func__.RdtscHandler[0][*]
</harden/bcfiles/edk_bcfiles/RdtscControl.bc>:RdtscHandler:81:6:getelementptr inbounds ([13 x i8], [13 x i8]* @__func__.RdtscHandler, i64 0, i64 0)	</harden/bcfiles/edk_bcfiles/RdtscControl.bc>:RdtscHandler:137:6:getelementptr inbounds ([13 x i8], [13 x i8]* @__func__.RdtscHandler, i64 0, i64 0)	*global_alloc@__func__.RdtscHandler[0]
</harden/bcfiles/edk_bcfiles/RdtscControl.bc>:RdtscHandler:81:6:getelementptr inbounds ([13 x i8], [13 x i8]* @__func__.RdtscHandler, i64 0, i64 0)	</harden/bcfiles/edk_bcfiles/RdtscControl.bc>:RdtscHandler:137:6:getelementptr inbounds ([13 x i8], [13 x i8]* @__func__.RdtscHandler, i64 0, i64 0)	*global_alloc@__func__.RdtscHandler[0][*]
</harden/bcfiles/edk_bcfiles/RdtscControl.bc>:RdtscHandler:81:7:@__func__.RdtscHandler	</harden/bcfiles/edk_bcfiles/RdtscControl.bc>:RdtscHandler:35:7:@__func__.RdtscHandler	*global_alloc@__func__.RdtscHandler
</harden/bcfiles/edk_bcfiles/RdtscControl.bc>:RdtscHandler:81:7:@__func__.RdtscHandler	</harden/bcfiles/edk_bcfiles/RdtscControl.bc>:RdtscHandler:56:7:@__func__.RdtscHandler	*global_alloc@__func__.RdtscHandler
</harden/bcfiles/edk_bcfiles/RdtscControl.bc>:RdtscHandler:81:7:@__func__.RdtscHandler	</harden/bcfiles/edk_bcfiles/RdtscControl.bc>:RdtscHandler:137:7:@__func__.RdtscHandler	*global_alloc@__func__.RdtscHandler
</harden/bcfiles/edk_bcfiles/RdtscControl.bc>:RdtscHandler:137:6:getelementptr inbounds ([13 x i8], [13 x i8]* @__func__.RdtscHandler, i64 0, i64 0)	</harden/bcfiles/edk_bcfiles/RdtscControl.bc>:RdtscHandler:35:6:getelementptr inbounds ([13 x i8], [13 x i8]* @__func__.RdtscHandler, i64 0, i64 0)	*global_alloc@__func__.RdtscHandler[0]
</harden/bcfiles/edk_bcfiles/RdtscControl.bc>:RdtscHandler:137:6:getelementptr inbounds ([13 x i8], [13 x i8]* @__func__.RdtscHandler, i64 0, i64 0)	</harden/bcfiles/edk_bcfiles/RdtscControl.bc>:RdtscHandler:35:6:getelementptr inbounds ([13 x i8], [13 x i8]* @__func__.RdtscHandler, i64 0, i64 0)	*global_alloc@__func__.RdtscHandler[0][*]
</harden/bcfiles/edk_bcfiles/RdtscControl.bc>:RdtscHandler:137:6:getelementptr inbounds ([13 x i8], [13 x i8]* @__func__.RdtscHandler, i64 0, i64 0)	</harden/bcfiles/edk_bcfiles/RdtscControl.bc>:RdtscHandler:56:6:getelementptr inbounds ([13 x i8], [13 x i8]* @__func__.RdtscHandler, i64 0, i64 0)	*global_alloc@__func__.RdtscHandler[0]
</harden/bcfiles/edk_bcfiles/RdtscControl.bc>:RdtscHandler:137:6:getelementptr inbounds ([13 x i8], [13 x i8]* @__func__.RdtscHandler, i64 0, i64 0)	</harden/bcfiles/edk_bcfiles/RdtscControl.bc>:RdtscHandler:56:6:getelementptr inbounds ([13 x i8], [13 x i8]* @__func__.RdtscHandler, i64 0, i64 0)	*global_alloc@__func__.RdtscHandler[0][*]
</harden/bcfiles/edk_bcfiles/RdtscControl.bc>:RdtscHandler:137:6:getelementptr inbounds ([13 x i8], [13 x i8]* @__func__.RdtscHandler, i64 0, i64 0)	</harden/bcfiles/edk_bcfiles/RdtscControl.bc>:RdtscHandler:81:6:getelementptr inbounds ([13 x i8], [13 x i8]* @__func__.RdtscHandler, i64 0, i64 0)	*global_alloc@__func__.RdtscHandler[0]
</harden/bcfiles/edk_bcfiles/RdtscControl.bc>:RdtscHandler:137:6:getelementptr inbounds ([13 x i8], [13 x i8]* @__func__.RdtscHandler, i64 0, i64 0)	</harden/bcfiles/edk_bcfiles/RdtscControl.bc>:RdtscHandler:81:6:getelementptr inbounds ([13 x i8], [13 x i8]* @__func__.RdtscHandler, i64 0, i64 0)	*global_alloc@__func__.RdtscHandler[0][*]
</harden/bcfiles/edk_bcfiles/RdtscControl.bc>:RdtscHandler:137:7:@__func__.RdtscHandler	</harden/bcfiles/edk_bcfiles/RdtscControl.bc>:RdtscHandler:35:7:@__func__.RdtscHandler	*global_alloc@__func__.RdtscHandler
</harden/bcfiles/edk_bcfiles/RdtscControl.bc>:RdtscHandler:137:7:@__func__.RdtscHandler	</harden/bcfiles/edk_bcfiles/RdtscControl.bc>:RdtscHandler:56:7:@__func__.RdtscHandler	*global_alloc@__func__.RdtscHandler
</harden/bcfiles/edk_bcfiles/RdtscControl.bc>:RdtscHandler:137:7:@__func__.RdtscHandler	</harden/bcfiles/edk_bcfiles/RdtscControl.bc>:RdtscHandler:81:7:@__func__.RdtscHandler	*global_alloc@__func__.RdtscHandler
</harden/bcfiles/edk_bcfiles/RdtscControl.bc>:RdtscControlInitialize:15:0:@gSmst	</harden/bcfiles/edk_bcfiles/RdtscControl.bc>:RdtscHandler:63:0:@gSmst	*global_alloc@gSmst
</harden/bcfiles/edk_bcfiles/RdtscControl.bc>:RdtscControlInitialize:32:6:getelementptr inbounds ([23 x i8], [23 x i8]* @__func__.RdtscControlInitialize, i64 0, i64 0)	</harden/bcfiles/edk_bcfiles/RdtscControl.bc>:RdtscControlInitialize:59:6:getelementptr inbounds ([23 x i8], [23 x i8]* @__func__.RdtscControlInitialize, i64 0, i64 0)	*global_alloc@__func__.RdtscControlInitialize[0]
</harden/bcfiles/edk_bcfiles/RdtscControl.bc>:RdtscControlInitialize:32:6:getelementptr inbounds ([23 x i8], [23 x i8]* @__func__.RdtscControlInitialize, i64 0, i64 0)	</harden/bcfiles/edk_bcfiles/RdtscControl.bc>:RdtscControlInitialize:59:6:getelementptr inbounds ([23 x i8], [23 x i8]* @__func__.RdtscControlInitialize, i64 0, i64 0)	*global_alloc@__func__.RdtscControlInitialize[0][*]
</harden/bcfiles/edk_bcfiles/RdtscControl.bc>:RdtscControlInitialize:32:7:@__func__.RdtscControlInitialize	</harden/bcfiles/edk_bcfiles/RdtscControl.bc>:RdtscControlInitialize:59:7:@__func__.RdtscControlInitialize	*global_alloc@__func__.RdtscControlInitialize
</harden/bcfiles/edk_bcfiles/RdtscControl.bc>:RdtscControlInitialize:59:6:getelementptr inbounds ([23 x i8], [23 x i8]* @__func__.RdtscControlInitialize, i64 0, i64 0)	</harden/bcfiles/edk_bcfiles/RdtscControl.bc>:RdtscControlInitialize:32:6:getelementptr inbounds ([23 x i8], [23 x i8]* @__func__.RdtscControlInitialize, i64 0, i64 0)	*global_alloc@__func__.RdtscControlInitialize[0]
</harden/bcfiles/edk_bcfiles/RdtscControl.bc>:RdtscControlInitialize:59:6:getelementptr inbounds ([23 x i8], [23 x i8]* @__func__.RdtscControlInitialize, i64 0, i64 0)	</harden/bcfiles/edk_bcfiles/RdtscControl.bc>:RdtscControlInitialize:32:6:getelementptr inbounds ([23 x i8], [23 x i8]* @__func__.RdtscControlInitialize, i64 0, i64 0)	*global_alloc@__func__.RdtscControlInitialize[0][*]
</harden/bcfiles/edk_bcfiles/RdtscControl.bc>:RdtscControlInitialize:59:7:@__func__.RdtscControlInitialize	</harden/bcfiles/edk_bcfiles/RdtscControl.bc>:RdtscControlInitialize:32:7:@__func__.RdtscControlInitialize	*global_alloc@__func__.RdtscControlInitialize
