</harden/bcfiles/edk_bcfiles/RdtscControl.bc>:RdtscHandler	</harden/bcfiles/edk_bcfiles/RdtscControl.bc>:RdtscHandler:%0	0
</harden/bcfiles/edk_bcfiles/RdtscControl.bc>:RdtscHandler	</harden/bcfiles/edk_bcfiles/RdtscControl.bc>:RdtscHandler:%1	1
</harden/bcfiles/edk_bcfiles/RdtscControl.bc>:RdtscHandler	</harden/bcfiles/edk_bcfiles/RdtscControl.bc>:RdtscHandler:%2	2
</harden/bcfiles/edk_bcfiles/RdtscControl.bc>:RdtscHandler	</harden/bcfiles/edk_bcfiles/RdtscControl.bc>:RdtscHandler:%3	3
</harden/bcfiles/edk_bcfiles/RdtscControl.bc>:RdtscControlInitialize	</harden/bcfiles/edk_bcfiles/RdtscControl.bc>:RdtscControlInitialize:%0	0
</harden/bcfiles/edk_bcfiles/RdtscControl.bc>:RdtscControlInitialize	</harden/bcfiles/edk_bcfiles/RdtscControl.bc>:RdtscControlInitialize:%1	1
