</harden/bcfiles/edk_bcfiles/RdtscControl.bc>:DebugPrintEnabled	</harden/bcfiles/edk_bcfiles/RdtscControl.bc>:RdtscHandler:%113
</harden/bcfiles/edk_bcfiles/RdtscControl.bc>:DebugPrintEnabled	</harden/bcfiles/edk_bcfiles/RdtscControl.bc>:RdtscHandler:%61
</harden/bcfiles/edk_bcfiles/RdtscControl.bc>:DebugPrintEnabled	</harden/bcfiles/edk_bcfiles/RdtscControl.bc>:RdtscHandler:%21
</harden/bcfiles/edk_bcfiles/RdtscControl.bc>:DebugPrintEnabled	</harden/bcfiles/edk_bcfiles/RdtscControl.bc>:RdtscHandler:%39
</harden/bcfiles/edk_bcfiles/RdtscControl.bc>:DebugPrintEnabled	</harden/bcfiles/edk_bcfiles/RdtscControl.bc>:RdtscControlInitialize:%42
</harden/bcfiles/edk_bcfiles/RdtscControl.bc>:DebugPrintEnabled	</harden/bcfiles/edk_bcfiles/RdtscControl.bc>:RdtscControlInitialize:%19
</harden/bcfiles/edk_bcfiles/RdtscControl.bc>:DebugPrintLevelEnabled	</harden/bcfiles/edk_bcfiles/RdtscControl.bc>:RdtscHandler:%117
</harden/bcfiles/edk_bcfiles/RdtscControl.bc>:DebugPrintLevelEnabled	</harden/bcfiles/edk_bcfiles/RdtscControl.bc>:RdtscHandler:%65
</harden/bcfiles/edk_bcfiles/RdtscControl.bc>:DebugPrintLevelEnabled	</harden/bcfiles/edk_bcfiles/RdtscControl.bc>:RdtscHandler:%25
</harden/bcfiles/edk_bcfiles/RdtscControl.bc>:DebugPrintLevelEnabled	</harden/bcfiles/edk_bcfiles/RdtscControl.bc>:RdtscHandler:%43
</harden/bcfiles/edk_bcfiles/RdtscControl.bc>:DebugPrintLevelEnabled	</harden/bcfiles/edk_bcfiles/RdtscControl.bc>:RdtscControlInitialize:%46
</harden/bcfiles/edk_bcfiles/RdtscControl.bc>:DebugPrintLevelEnabled	</harden/bcfiles/edk_bcfiles/RdtscControl.bc>:RdtscControlInitialize:%23
</harden/bcfiles/edk_bcfiles/RdtscControl.bc>:CopyMem	</harden/bcfiles/edk_bcfiles/RdtscControl.bc>:RdtscHandler:%142
</harden/bcfiles/edk_bcfiles/RdtscControl.bc>:CopyMem	</harden/bcfiles/edk_bcfiles/RdtscControl.bc>:RdtscHandler:%87
</harden/bcfiles/edk_bcfiles/RdtscControl.bc>:CopyMem	</harden/bcfiles/edk_bcfiles/RdtscControl.bc>:RdtscHandler:%77
</harden/bcfiles/edk_bcfiles/RdtscControl.bc>:CopyMem	</harden/bcfiles/edk_bcfiles/RdtscControl.bc>:RdtscHandler:%84
</harden/bcfiles/edk_bcfiles/RdtscControl.bc>:AsmReadCs	</harden/bcfiles/edk_bcfiles/RdtscControl.bc>:RdtscHandler:%78
