*argv-alloc	i8**
*global_alloc@RdtscHandler	i64 (i8*, i8*, i8*, i64*)
*global_alloc@RdtscControlInitialize	i64 (i8*, %struct.EFI_SYSTEM_TABLE*)
*global_alloc@llvm.dbg.declare	void (metadata, metadata, metadata)
*global_alloc@DebugPrintEnabled	i8 ()
*global_alloc@DebugPrintLevelEnabled	i8 (i64)
*global_alloc@DebugPrint	void (i64, i8*, ...)
*global_alloc@CopyMem	i8* (i8*, i8*, i64)
*global_alloc@AsmReadCs	i16 ()
*global_alloc@OpTable64	%struct.RDTSC_CONTROL_OPS
*global_alloc@OpTable32	%struct.RDTSC_CONTROL_OPS
*global_alloc@.str	[34 x i8]
*global_alloc@__func__.RdtscHandler	[13 x i8]
*global_alloc@.str.1	[43 x i8]
*global_alloc@gSmst	%struct._EFI_SMM_SYSTEM_TABLE2*
*global_alloc@.str.2	[35 x i8]
*global_alloc@.str.3	[37 x i8]
*global_alloc@gEfiSmmLegacyProtocolGuid	%struct.GUID
*global_alloc@.str.4	[40 x i8]
*global_alloc@__func__.RdtscControlInitialize	[23 x i8]
*global_alloc@.str.5	[40 x i8]
*argv-alloc[*]	i8**
*global_alloc@OpTable64[*]	%struct.RDTSC_CONTROL_OPS
*global_alloc@OpTable32[*]	%struct.RDTSC_CONTROL_OPS
*global_alloc@.str[*]	[34 x i8]
*global_alloc@__func__.RdtscHandler[*]	[13 x i8]
*global_alloc@.str.1[*]	[43 x i8]
*global_alloc@gSmst[*]	%struct._EFI_SMM_SYSTEM_TABLE2*
*global_alloc@.str.2[*]	[35 x i8]
*global_alloc@.str.3[*]	[37 x i8]
*global_alloc@gEfiSmmLegacyProtocolGuid[*]	%struct.GUID
*global_alloc@.str.4[*]	[40 x i8]
*global_alloc@__func__.RdtscControlInitialize[*]	[23 x i8]
*global_alloc@.str.5[*]	[40 x i8]
*argv-alloc[0]	i8**
*global_alloc@OpTable64[0]	%struct.RDTSC_CONTROL_OPS
*global_alloc@OpTable32[0]	%struct.RDTSC_CONTROL_OPS
*global_alloc@.str[0]	[34 x i8]
*global_alloc@__func__.RdtscHandler[0]	[13 x i8]
*global_alloc@.str.1[0]	[43 x i8]
*global_alloc@gSmst[0]	%struct._EFI_SMM_SYSTEM_TABLE2*
*global_alloc@.str.2[0]	[35 x i8]
*global_alloc@.str.3[0]	[37 x i8]
*global_alloc@gEfiSmmLegacyProtocolGuid[0]	%struct.GUID
*global_alloc@.str.4[0]	[40 x i8]
*global_alloc@__func__.RdtscControlInitialize[0]	[23 x i8]
*global_alloc@.str.5[0]	[40 x i8]
*global_alloc@OpTable64[*].?/0	[12 x i8]
*global_alloc@OpTable64[*].?/1	[12 x i8]
*global_alloc@OpTable64[*].?/2	[12 x i8]
*global_alloc@OpTable32[*].?/0	[12 x i8]
*global_alloc@OpTable32[*].?/1	[12 x i8]
*global_alloc@OpTable32[*].?/2	[12 x i8]
*global_alloc@gEfiSmmLegacyProtocolGuid[*].?/0	i32
*global_alloc@gEfiSmmLegacyProtocolGuid[*].?/1	i16
*global_alloc@gEfiSmmLegacyProtocolGuid[*].?/2	i16
*global_alloc@gEfiSmmLegacyProtocolGuid[*].?/3	[8 x i8]
*global_alloc@.str[*][*]	i8
*global_alloc@__func__.RdtscHandler[*][*]	i8
*global_alloc@.str.1[*][*]	i8
*global_alloc@.str.2[*][*]	i8
*global_alloc@.str.3[*][*]	i8
*global_alloc@.str.4[*][*]	i8
*global_alloc@__func__.RdtscControlInitialize[*][*]	i8
*global_alloc@.str.5[*][*]	i8
*argv[0]-alloc	i8*
*global_alloc@OpTable64[0].?/0	[12 x i8]
*global_alloc@OpTable64[0].?/1	[12 x i8]
*global_alloc@OpTable64[0].?/2	[12 x i8]
*global_alloc@OpTable32[0].?/0	[12 x i8]
*global_alloc@OpTable32[0].?/1	[12 x i8]
*global_alloc@OpTable32[0].?/2	[12 x i8]
*global_alloc@gEfiSmmLegacyProtocolGuid[0].?/0	i32
*global_alloc@gEfiSmmLegacyProtocolGuid[0].?/1	i16
*global_alloc@gEfiSmmLegacyProtocolGuid[0].?/2	i16
*global_alloc@gEfiSmmLegacyProtocolGuid[0].?/3	[8 x i8]
*global_alloc@.str[0][*]	i8
*global_alloc@__func__.RdtscHandler[0][*]	i8
*global_alloc@.str.1[0][*]	i8
*global_alloc@.str.2[0][*]	i8
*global_alloc@.str.3[0][*]	i8
*global_alloc@.str.4[0][*]	i8
*global_alloc@__func__.RdtscControlInitialize[0][*]	i8
*global_alloc@.str.5[0][*]	i8
*argv[0]-alloc[*]	i8*
*global_alloc@OpTable64[*].?/0[*]	i8
*global_alloc@OpTable64[*].?/1[*]	i8
*global_alloc@OpTable64[*].?/2[*]	i8
*global_alloc@OpTable32[*].?/0[*]	i8
*global_alloc@OpTable32[*].?/1[*]	i8
*global_alloc@OpTable32[*].?/2[*]	i8
*global_alloc@gEfiSmmLegacyProtocolGuid[*].?/3[*]	i8
*global_alloc@OpTable64[0].?/0[*]	i8
*global_alloc@OpTable64[0].?/1[*]	i8
*global_alloc@OpTable64[0].?/2[*]	i8
*global_alloc@OpTable32[0].?/0[*]	i8
*global_alloc@OpTable32[0].?/1[*]	i8
*global_alloc@OpTable32[0].?/2[*]	i8
*global_alloc@gEfiSmmLegacyProtocolGuid[0].?/3[*]	i8
*argv[0]-alloc[0]	i8*
