</harden/bcfiles/edk_bcfiles/RdtscControl.bc>:RdtscHandler:10	</harden/bcfiles/edk_bcfiles/RdtscControl.bc>:llvm.dbg.declare	llvm.dbg.declare
</harden/bcfiles/edk_bcfiles/RdtscControl.bc>:RdtscHandler:12	</harden/bcfiles/edk_bcfiles/RdtscControl.bc>:llvm.dbg.declare	llvm.dbg.declare
</harden/bcfiles/edk_bcfiles/RdtscControl.bc>:RdtscHandler:14	</harden/bcfiles/edk_bcfiles/RdtscControl.bc>:llvm.dbg.declare	llvm.dbg.declare
</harden/bcfiles/edk_bcfiles/RdtscControl.bc>:RdtscHandler:16	</harden/bcfiles/edk_bcfiles/RdtscControl.bc>:llvm.dbg.declare	llvm.dbg.declare
</harden/bcfiles/edk_bcfiles/RdtscControl.bc>:RdtscHandler:17	</harden/bcfiles/edk_bcfiles/RdtscControl.bc>:llvm.dbg.declare	llvm.dbg.declare
</harden/bcfiles/edk_bcfiles/RdtscControl.bc>:RdtscHandler:18	</harden/bcfiles/edk_bcfiles/RdtscControl.bc>:llvm.dbg.declare	llvm.dbg.declare
</harden/bcfiles/edk_bcfiles/RdtscControl.bc>:RdtscHandler:19	</harden/bcfiles/edk_bcfiles/RdtscControl.bc>:llvm.dbg.declare	llvm.dbg.declare
</harden/bcfiles/edk_bcfiles/RdtscControl.bc>:RdtscHandler:20	</harden/bcfiles/edk_bcfiles/RdtscControl.bc>:llvm.dbg.declare	llvm.dbg.declare
</harden/bcfiles/edk_bcfiles/RdtscControl.bc>:RdtscHandler:28	</harden/bcfiles/edk_bcfiles/RdtscControl.bc>:DebugPrintEnabled	DebugPrintEnabled
</harden/bcfiles/edk_bcfiles/RdtscControl.bc>:RdtscHandler:32	</harden/bcfiles/edk_bcfiles/RdtscControl.bc>:DebugPrintLevelEnabled	DebugPrintLevelEnabled
</harden/bcfiles/edk_bcfiles/RdtscControl.bc>:RdtscHandler:35	</harden/bcfiles/edk_bcfiles/RdtscControl.bc>:DebugPrint	DebugPrint
</harden/bcfiles/edk_bcfiles/RdtscControl.bc>:RdtscHandler:49	</harden/bcfiles/edk_bcfiles/RdtscControl.bc>:DebugPrintEnabled	DebugPrintEnabled
</harden/bcfiles/edk_bcfiles/RdtscControl.bc>:RdtscHandler:53	</harden/bcfiles/edk_bcfiles/RdtscControl.bc>:DebugPrintLevelEnabled	DebugPrintLevelEnabled
</harden/bcfiles/edk_bcfiles/RdtscControl.bc>:RdtscHandler:56	</harden/bcfiles/edk_bcfiles/RdtscControl.bc>:DebugPrint	DebugPrint
</harden/bcfiles/edk_bcfiles/RdtscControl.bc>:RdtscHandler:74	</harden/bcfiles/edk_bcfiles/RdtscControl.bc>:DebugPrintEnabled	DebugPrintEnabled
</harden/bcfiles/edk_bcfiles/RdtscControl.bc>:RdtscHandler:78	</harden/bcfiles/edk_bcfiles/RdtscControl.bc>:DebugPrintLevelEnabled	DebugPrintLevelEnabled
</harden/bcfiles/edk_bcfiles/RdtscControl.bc>:RdtscHandler:81	</harden/bcfiles/edk_bcfiles/RdtscControl.bc>:DebugPrint	DebugPrint
</harden/bcfiles/edk_bcfiles/RdtscControl.bc>:RdtscHandler:92	</harden/bcfiles/edk_bcfiles/RdtscControl.bc>:CopyMem	CopyMem
</harden/bcfiles/edk_bcfiles/RdtscControl.bc>:RdtscHandler:93	</harden/bcfiles/edk_bcfiles/RdtscControl.bc>:AsmReadCs	AsmReadCs
</harden/bcfiles/edk_bcfiles/RdtscControl.bc>:RdtscHandler:99	</harden/bcfiles/edk_bcfiles/RdtscControl.bc>:CopyMem	CopyMem
</harden/bcfiles/edk_bcfiles/RdtscControl.bc>:RdtscHandler:102	</harden/bcfiles/edk_bcfiles/RdtscControl.bc>:CopyMem	CopyMem
</harden/bcfiles/edk_bcfiles/RdtscControl.bc>:RdtscHandler:130	</harden/bcfiles/edk_bcfiles/RdtscControl.bc>:DebugPrintEnabled	DebugPrintEnabled
</harden/bcfiles/edk_bcfiles/RdtscControl.bc>:RdtscHandler:134	</harden/bcfiles/edk_bcfiles/RdtscControl.bc>:DebugPrintLevelEnabled	DebugPrintLevelEnabled
</harden/bcfiles/edk_bcfiles/RdtscControl.bc>:RdtscHandler:137	</harden/bcfiles/edk_bcfiles/RdtscControl.bc>:DebugPrint	DebugPrint
</harden/bcfiles/edk_bcfiles/RdtscControl.bc>:RdtscHandler:163	</harden/bcfiles/edk_bcfiles/RdtscControl.bc>:CopyMem	CopyMem
</harden/bcfiles/edk_bcfiles/RdtscControl.bc>:RdtscControlInitialize:8	</harden/bcfiles/edk_bcfiles/RdtscControl.bc>:llvm.dbg.declare	llvm.dbg.declare
</harden/bcfiles/edk_bcfiles/RdtscControl.bc>:RdtscControlInitialize:10	</harden/bcfiles/edk_bcfiles/RdtscControl.bc>:llvm.dbg.declare	llvm.dbg.declare
</harden/bcfiles/edk_bcfiles/RdtscControl.bc>:RdtscControlInitialize:11	</harden/bcfiles/edk_bcfiles/RdtscControl.bc>:llvm.dbg.declare	llvm.dbg.declare
</harden/bcfiles/edk_bcfiles/RdtscControl.bc>:RdtscControlInitialize:12	</harden/bcfiles/edk_bcfiles/RdtscControl.bc>:llvm.dbg.declare	llvm.dbg.declare
</harden/bcfiles/edk_bcfiles/RdtscControl.bc>:RdtscControlInitialize:13	</harden/bcfiles/edk_bcfiles/RdtscControl.bc>:llvm.dbg.declare	llvm.dbg.declare
</harden/bcfiles/edk_bcfiles/RdtscControl.bc>:RdtscControlInitialize:14	</harden/bcfiles/edk_bcfiles/RdtscControl.bc>:llvm.dbg.declare	llvm.dbg.declare
</harden/bcfiles/edk_bcfiles/RdtscControl.bc>:RdtscControlInitialize:25	</harden/bcfiles/edk_bcfiles/RdtscControl.bc>:DebugPrintEnabled	DebugPrintEnabled
</harden/bcfiles/edk_bcfiles/RdtscControl.bc>:RdtscControlInitialize:29	</harden/bcfiles/edk_bcfiles/RdtscControl.bc>:DebugPrintLevelEnabled	DebugPrintLevelEnabled
</harden/bcfiles/edk_bcfiles/RdtscControl.bc>:RdtscControlInitialize:32	</harden/bcfiles/edk_bcfiles/RdtscControl.bc>:DebugPrint	DebugPrint
</harden/bcfiles/edk_bcfiles/RdtscControl.bc>:RdtscControlInitialize:52	</harden/bcfiles/edk_bcfiles/RdtscControl.bc>:DebugPrintEnabled	DebugPrintEnabled
</harden/bcfiles/edk_bcfiles/RdtscControl.bc>:RdtscControlInitialize:56	</harden/bcfiles/edk_bcfiles/RdtscControl.bc>:DebugPrintLevelEnabled	DebugPrintLevelEnabled
</harden/bcfiles/edk_bcfiles/RdtscControl.bc>:RdtscControlInitialize:59	</harden/bcfiles/edk_bcfiles/RdtscControl.bc>:DebugPrint	DebugPrint
