</harden/bcfiles/edk_bcfiles/RdtscControl.bc>:RdtscHandler:%12	CommData
</harden/bcfiles/edk_bcfiles/RdtscControl.bc>:RdtscHandler:%11	OpTable
</harden/bcfiles/edk_bcfiles/RdtscControl.bc>:RdtscHandler:%10	Status
</harden/bcfiles/edk_bcfiles/RdtscControl.bc>:RdtscHandler:%13	DataSize
</harden/bcfiles/edk_bcfiles/RdtscControl.bc>:RdtscHandler:%9	CommBufferSize
</harden/bcfiles/edk_bcfiles/RdtscControl.bc>:RdtscHandler:%7	Context
</harden/bcfiles/edk_bcfiles/RdtscControl.bc>:RdtscHandler:%6	DispatchHandle
</harden/bcfiles/edk_bcfiles/RdtscControl.bc>:RdtscHandler:%8	CommBuffer
</harden/bcfiles/edk_bcfiles/RdtscControl.bc>:RdtscControlInitialize:%9	SwHandle
</harden/bcfiles/edk_bcfiles/RdtscControl.bc>:RdtscControlInitialize:%8	SwContext
</harden/bcfiles/edk_bcfiles/RdtscControl.bc>:RdtscControlInitialize:%7	SmmLegacy
</harden/bcfiles/edk_bcfiles/RdtscControl.bc>:RdtscControlInitialize:%6	Status
</harden/bcfiles/edk_bcfiles/RdtscControl.bc>:RdtscControlInitialize:%5	SystemTable
</harden/bcfiles/edk_bcfiles/RdtscControl.bc>:RdtscControlInitialize:%4	ImageHandle
