</harden/bcfiles/edk_bcfiles/FaultTolerantWriteSmm.bc>:FtwGetFvbByHandle:%5	</harden/bcfiles/edk_bcfiles/FaultTolerantWriteSmm.bc>:FtwGetFvbByHandle:7:0:0	</harden/bcfiles/edk_bcfiles/FaultTolerantWriteSmm.bc>:FtwGetFvbByHandle:7
</harden/bcfiles/edk_bcfiles/FaultTolerantWriteSmm.bc>:FtwGetSarProtocol:%4	</harden/bcfiles/edk_bcfiles/FaultTolerantWriteSmm.bc>:FtwGetSarProtocol:6:0:0	</harden/bcfiles/edk_bcfiles/FaultTolerantWriteSmm.bc>:FtwGetSarProtocol:6
</harden/bcfiles/edk_bcfiles/FaultTolerantWriteSmm.bc>:GetFvbCountAndBuffer:%17	</harden/bcfiles/edk_bcfiles/FaultTolerantWriteSmm.bc>:GetFvbCountAndBuffer:25:0:0	</harden/bcfiles/edk_bcfiles/FaultTolerantWriteSmm.bc>:GetFvbCountAndBuffer:25
</harden/bcfiles/edk_bcfiles/FaultTolerantWriteSmm.bc>:GetFvbCountAndBuffer:%39	</harden/bcfiles/edk_bcfiles/FaultTolerantWriteSmm.bc>:GetFvbCountAndBuffer:51:0:0	</harden/bcfiles/edk_bcfiles/FaultTolerantWriteSmm.bc>:GetFvbCountAndBuffer:51
</harden/bcfiles/edk_bcfiles/FaultTolerantWriteSmm.bc>:GetFvbByAddressAndAttribute:%48	</harden/bcfiles/edk_bcfiles/FaultTolerantWriteSmm.bc>:GetFvbByAddressAndAttribute:64:0:0	</harden/bcfiles/edk_bcfiles/FaultTolerantWriteSmm.bc>:GetFvbByAddressAndAttribute:64
</harden/bcfiles/edk_bcfiles/FaultTolerantWriteSmm.bc>:GetFvbByAddressAndAttribute:%34	</harden/bcfiles/edk_bcfiles/FaultTolerantWriteSmm.bc>:GetFvbByAddressAndAttribute:49:0:0	</harden/bcfiles/edk_bcfiles/FaultTolerantWriteSmm.bc>:GetFvbByAddressAndAttribute:49
</harden/bcfiles/edk_bcfiles/FaultTolerantWriteSmm.bc>:GetFvbByAddressAndAttribute:%62	</harden/bcfiles/edk_bcfiles/FaultTolerantWriteSmm.bc>:GetFvbByAddressAndAttribute:%63	</harden/bcfiles/edk_bcfiles/FaultTolerantWriteSmm.bc>:GetFvbByAddressAndAttribute:80
</harden/bcfiles/edk_bcfiles/FaultTolerantWriteSmm.bc>:GetFvbByAddressAndAttribute:%25	</harden/bcfiles/edk_bcfiles/FaultTolerantWriteSmm.bc>:GetFvbByAddressAndAttribute:%26	</harden/bcfiles/edk_bcfiles/FaultTolerantWriteSmm.bc>:GetFvbByAddressAndAttribute:40
</harden/bcfiles/edk_bcfiles/FaultTolerantWriteSmm.bc>:SmmFaultTolerantWriteHandler:%346	</harden/bcfiles/edk_bcfiles/FaultTolerantWriteSmm.bc>:SmmFaultTolerantWriteHandler:413:0:0	</harden/bcfiles/edk_bcfiles/FaultTolerantWriteSmm.bc>:SmmFaultTolerantWriteHandler:413
</harden/bcfiles/edk_bcfiles/FaultTolerantWriteSmm.bc>:SmmFaultTolerantWriteHandler:%340	</harden/bcfiles/edk_bcfiles/FaultTolerantWriteSmm.bc>:SmmFaultTolerantWriteHandler:406:0:0	</harden/bcfiles/edk_bcfiles/FaultTolerantWriteSmm.bc>:SmmFaultTolerantWriteHandler:406
</harden/bcfiles/edk_bcfiles/FaultTolerantWriteSmm.bc>:SmmFaultTolerantWriteHandler:%333	</harden/bcfiles/edk_bcfiles/FaultTolerantWriteSmm.bc>:SmmFaultTolerantWriteHandler:399:0:0	</harden/bcfiles/edk_bcfiles/FaultTolerantWriteSmm.bc>:SmmFaultTolerantWriteHandler:399
</harden/bcfiles/edk_bcfiles/FaultTolerantWriteSmm.bc>:SmmFaultTolerantWriteHandler:%280	</harden/bcfiles/edk_bcfiles/FaultTolerantWriteSmm.bc>:SmmFaultTolerantWriteHandler:337:0:0	</harden/bcfiles/edk_bcfiles/FaultTolerantWriteSmm.bc>:SmmFaultTolerantWriteHandler:337
</harden/bcfiles/edk_bcfiles/FaultTolerantWriteSmm.bc>:SmmFaultTolerantWriteHandler:%274	</harden/bcfiles/edk_bcfiles/FaultTolerantWriteSmm.bc>:SmmFaultTolerantWriteHandler:330:0:0	</harden/bcfiles/edk_bcfiles/FaultTolerantWriteSmm.bc>:SmmFaultTolerantWriteHandler:330
</harden/bcfiles/edk_bcfiles/FaultTolerantWriteSmm.bc>:SmmFaultTolerantWriteHandler:%264	</harden/bcfiles/edk_bcfiles/FaultTolerantWriteSmm.bc>:SmmFaultTolerantWriteHandler:319:0:0	</harden/bcfiles/edk_bcfiles/FaultTolerantWriteSmm.bc>:SmmFaultTolerantWriteHandler:319
</harden/bcfiles/edk_bcfiles/FaultTolerantWriteSmm.bc>:SmmFaultTolerantWriteHandler:%302	</harden/bcfiles/edk_bcfiles/FaultTolerantWriteSmm.bc>:SmmFaultTolerantWriteHandler:363:0:0	</harden/bcfiles/edk_bcfiles/FaultTolerantWriteSmm.bc>:SmmFaultTolerantWriteHandler:363
</harden/bcfiles/edk_bcfiles/FaultTolerantWriteSmm.bc>:SmmFaultTolerantWriteHandler:%241	</harden/bcfiles/edk_bcfiles/FaultTolerantWriteSmm.bc>:SmmFaultTolerantWriteHandler:292:0:0	</harden/bcfiles/edk_bcfiles/FaultTolerantWriteSmm.bc>:SmmFaultTolerantWriteHandler:292
</harden/bcfiles/edk_bcfiles/FaultTolerantWriteSmm.bc>:SmmFaultTolerantWriteHandler:%240	</harden/bcfiles/edk_bcfiles/FaultTolerantWriteSmm.bc>:SmmFaultTolerantWriteHandler:291:0:0	</harden/bcfiles/edk_bcfiles/FaultTolerantWriteSmm.bc>:SmmFaultTolerantWriteHandler:291
</harden/bcfiles/edk_bcfiles/FaultTolerantWriteSmm.bc>:SmmFaultTolerantWriteHandler:%234	</harden/bcfiles/edk_bcfiles/FaultTolerantWriteSmm.bc>:SmmFaultTolerantWriteHandler:285:0:0	</harden/bcfiles/edk_bcfiles/FaultTolerantWriteSmm.bc>:SmmFaultTolerantWriteHandler:285
</harden/bcfiles/edk_bcfiles/FaultTolerantWriteSmm.bc>:SmmFaultTolerantWriteHandler:%231	</harden/bcfiles/edk_bcfiles/FaultTolerantWriteSmm.bc>:SmmFaultTolerantWriteHandler:282:0:0	</harden/bcfiles/edk_bcfiles/FaultTolerantWriteSmm.bc>:SmmFaultTolerantWriteHandler:282
</harden/bcfiles/edk_bcfiles/FaultTolerantWriteSmm.bc>:SmmFaultTolerantWriteHandler:%229	</harden/bcfiles/edk_bcfiles/FaultTolerantWriteSmm.bc>:SmmFaultTolerantWriteHandler:280:0:0	</harden/bcfiles/edk_bcfiles/FaultTolerantWriteSmm.bc>:SmmFaultTolerantWriteHandler:280
</harden/bcfiles/edk_bcfiles/FaultTolerantWriteSmm.bc>:SmmFaultTolerantWriteHandler:%222	</harden/bcfiles/edk_bcfiles/FaultTolerantWriteSmm.bc>:SmmFaultTolerantWriteHandler:271:0:0	</harden/bcfiles/edk_bcfiles/FaultTolerantWriteSmm.bc>:SmmFaultTolerantWriteHandler:271
</harden/bcfiles/edk_bcfiles/FaultTolerantWriteSmm.bc>:SmmFaultTolerantWriteHandler:%215	</harden/bcfiles/edk_bcfiles/FaultTolerantWriteSmm.bc>:SmmFaultTolerantWriteHandler:264:0:0	</harden/bcfiles/edk_bcfiles/FaultTolerantWriteSmm.bc>:SmmFaultTolerantWriteHandler:264
</harden/bcfiles/edk_bcfiles/FaultTolerantWriteSmm.bc>:SmmFaultTolerantWriteHandler:%214	</harden/bcfiles/edk_bcfiles/FaultTolerantWriteSmm.bc>:SmmFaultTolerantWriteHandler:262:0:0	</harden/bcfiles/edk_bcfiles/FaultTolerantWriteSmm.bc>:SmmFaultTolerantWriteHandler:262
</harden/bcfiles/edk_bcfiles/FaultTolerantWriteSmm.bc>:SmmFaultTolerantWriteHandler:%339	</harden/bcfiles/edk_bcfiles/FaultTolerantWriteSmm.bc>:SmmFaultTolerantWriteHandler:405:0:0	</harden/bcfiles/edk_bcfiles/FaultTolerantWriteSmm.bc>:SmmFaultTolerantWriteHandler:405
</harden/bcfiles/edk_bcfiles/FaultTolerantWriteSmm.bc>:SmmFaultTolerantWriteHandler:%142	</harden/bcfiles/edk_bcfiles/FaultTolerantWriteSmm.bc>:SmmFaultTolerantWriteHandler:179:0:0	</harden/bcfiles/edk_bcfiles/FaultTolerantWriteSmm.bc>:SmmFaultTolerantWriteHandler:179
</harden/bcfiles/edk_bcfiles/FaultTolerantWriteSmm.bc>:SmmFaultTolerantWriteHandler:%267	</harden/bcfiles/edk_bcfiles/FaultTolerantWriteSmm.bc>:SmmFaultTolerantWriteHandler:322:0:0	</harden/bcfiles/edk_bcfiles/FaultTolerantWriteSmm.bc>:SmmFaultTolerantWriteHandler:322
</harden/bcfiles/edk_bcfiles/FaultTolerantWriteSmm.bc>:SmmFaultTolerantWriteHandler:%146	</harden/bcfiles/edk_bcfiles/FaultTolerantWriteSmm.bc>:SmmFaultTolerantWriteHandler:183:0:0	</harden/bcfiles/edk_bcfiles/FaultTolerantWriteSmm.bc>:SmmFaultTolerantWriteHandler:183
</harden/bcfiles/edk_bcfiles/FaultTolerantWriteSmm.bc>:SmmFaultTolerantWriteHandler:%172	</harden/bcfiles/edk_bcfiles/FaultTolerantWriteSmm.bc>:SmmFaultTolerantWriteHandler:213:0:0	</harden/bcfiles/edk_bcfiles/FaultTolerantWriteSmm.bc>:SmmFaultTolerantWriteHandler:213
</harden/bcfiles/edk_bcfiles/FaultTolerantWriteSmm.bc>:SmmFaultTolerantWriteHandler:%120	</harden/bcfiles/edk_bcfiles/FaultTolerantWriteSmm.bc>:SmmFaultTolerantWriteHandler:153:0:0	</harden/bcfiles/edk_bcfiles/FaultTolerantWriteSmm.bc>:SmmFaultTolerantWriteHandler:153
</harden/bcfiles/edk_bcfiles/FaultTolerantWriteSmm.bc>:SmmFaultTolerantWriteHandler:%118	</harden/bcfiles/edk_bcfiles/FaultTolerantWriteSmm.bc>:SmmFaultTolerantWriteHandler:151:0:0	</harden/bcfiles/edk_bcfiles/FaultTolerantWriteSmm.bc>:SmmFaultTolerantWriteHandler:151
</harden/bcfiles/edk_bcfiles/FaultTolerantWriteSmm.bc>:SmmFaultTolerantWriteHandler:%335	</harden/bcfiles/edk_bcfiles/FaultTolerantWriteSmm.bc>:SmmFaultTolerantWriteHandler:401:0:0	</harden/bcfiles/edk_bcfiles/FaultTolerantWriteSmm.bc>:SmmFaultTolerantWriteHandler:401
</harden/bcfiles/edk_bcfiles/FaultTolerantWriteSmm.bc>:SmmFaultTolerantWriteHandler:%57	</harden/bcfiles/edk_bcfiles/FaultTolerantWriteSmm.bc>:SmmFaultTolerantWriteHandler:80:0:0	</harden/bcfiles/edk_bcfiles/FaultTolerantWriteSmm.bc>:SmmFaultTolerantWriteHandler:80
</harden/bcfiles/edk_bcfiles/FaultTolerantWriteSmm.bc>:SmmFaultTolerantWriteHandler:%337	</harden/bcfiles/edk_bcfiles/FaultTolerantWriteSmm.bc>:SmmFaultTolerantWriteHandler:403:0:0	</harden/bcfiles/edk_bcfiles/FaultTolerantWriteSmm.bc>:SmmFaultTolerantWriteHandler:403
</harden/bcfiles/edk_bcfiles/FaultTolerantWriteSmm.bc>:SmmFaultTolerantWriteHandler:%329	</harden/bcfiles/edk_bcfiles/FaultTolerantWriteSmm.bc>:SmmFaultTolerantWriteHandler:395:0:0	</harden/bcfiles/edk_bcfiles/FaultTolerantWriteSmm.bc>:SmmFaultTolerantWriteHandler:395
</harden/bcfiles/edk_bcfiles/FaultTolerantWriteSmm.bc>:SmmFaultTolerantWriteHandler:%331	</harden/bcfiles/edk_bcfiles/FaultTolerantWriteSmm.bc>:SmmFaultTolerantWriteHandler:397:0:0	</harden/bcfiles/edk_bcfiles/FaultTolerantWriteSmm.bc>:SmmFaultTolerantWriteHandler:397
</harden/bcfiles/edk_bcfiles/FaultTolerantWriteSmm.bc>:SmmFaultTolerantWriteHandler:%219	</harden/bcfiles/edk_bcfiles/FaultTolerantWriteSmm.bc>:SmmFaultTolerantWriteHandler:268:0:0	</harden/bcfiles/edk_bcfiles/FaultTolerantWriteSmm.bc>:SmmFaultTolerantWriteHandler:268
</harden/bcfiles/edk_bcfiles/FaultTolerantWriteSmm.bc>:SmmFaultTolerantWriteHandler:%24	</harden/bcfiles/edk_bcfiles/FaultTolerantWriteSmm.bc>:SmmFaultTolerantWriteHandler:115:0:0	</harden/bcfiles/edk_bcfiles/FaultTolerantWriteSmm.bc>:SmmFaultTolerantWriteHandler:115
</harden/bcfiles/edk_bcfiles/FaultTolerantWriteSmm.bc>:SmmFaultTolerantWriteHandler:%24	</harden/bcfiles/edk_bcfiles/FaultTolerantWriteSmm.bc>:SmmFaultTolerantWriteHandler:122:0:0	</harden/bcfiles/edk_bcfiles/FaultTolerantWriteSmm.bc>:SmmFaultTolerantWriteHandler:122
</harden/bcfiles/edk_bcfiles/FaultTolerantWriteSmm.bc>:SmmFaultTolerantWriteHandler:%24	</harden/bcfiles/edk_bcfiles/FaultTolerantWriteSmm.bc>:SmmFaultTolerantWriteHandler:126:0:0	</harden/bcfiles/edk_bcfiles/FaultTolerantWriteSmm.bc>:SmmFaultTolerantWriteHandler:126
</harden/bcfiles/edk_bcfiles/FaultTolerantWriteSmm.bc>:SmmFaultTolerantWriteHandler:%24	</harden/bcfiles/edk_bcfiles/FaultTolerantWriteSmm.bc>:SmmFaultTolerantWriteHandler:419:0:0	</harden/bcfiles/edk_bcfiles/FaultTolerantWriteSmm.bc>:SmmFaultTolerantWriteHandler:419
</harden/bcfiles/edk_bcfiles/FaultTolerantWriteSmm.bc>:SmmFaultTolerantWriteHandler:%58	</harden/bcfiles/edk_bcfiles/FaultTolerantWriteSmm.bc>:SmmFaultTolerantWriteHandler:81:0:0	</harden/bcfiles/edk_bcfiles/FaultTolerantWriteSmm.bc>:SmmFaultTolerantWriteHandler:81
</harden/bcfiles/edk_bcfiles/FaultTolerantWriteSmm.bc>:SmmFaultTolerantWriteHandler:%149	</harden/bcfiles/edk_bcfiles/FaultTolerantWriteSmm.bc>:SmmFaultTolerantWriteHandler:186:0:0	</harden/bcfiles/edk_bcfiles/FaultTolerantWriteSmm.bc>:SmmFaultTolerantWriteHandler:186
</harden/bcfiles/edk_bcfiles/FaultTolerantWriteSmm.bc>:SmmFaultTolerantWriteHandler:%144	</harden/bcfiles/edk_bcfiles/FaultTolerantWriteSmm.bc>:SmmFaultTolerantWriteHandler:181:0:0	</harden/bcfiles/edk_bcfiles/FaultTolerantWriteSmm.bc>:SmmFaultTolerantWriteHandler:181
</harden/bcfiles/edk_bcfiles/FaultTolerantWriteSmm.bc>:SmmFaultTolerantWriteHandler:%342	</harden/bcfiles/edk_bcfiles/FaultTolerantWriteSmm.bc>:SmmFaultTolerantWriteHandler:408:0:0	</harden/bcfiles/edk_bcfiles/FaultTolerantWriteSmm.bc>:SmmFaultTolerantWriteHandler:408
</harden/bcfiles/edk_bcfiles/FaultTolerantWriteSmm.bc>:SmmFaultTolerantWriteHandler:%175	</harden/bcfiles/edk_bcfiles/FaultTolerantWriteSmm.bc>:SmmFaultTolerantWriteHandler:217:0:0	</harden/bcfiles/edk_bcfiles/FaultTolerantWriteSmm.bc>:SmmFaultTolerantWriteHandler:217
</harden/bcfiles/edk_bcfiles/FaultTolerantWriteSmm.bc>:FvbNotificationEvent:%59	</harden/bcfiles/edk_bcfiles/FaultTolerantWriteSmm.bc>:FvbNotificationEvent:72:0:0	</harden/bcfiles/edk_bcfiles/FaultTolerantWriteSmm.bc>:FvbNotificationEvent:72
</harden/bcfiles/edk_bcfiles/FaultTolerantWriteSmm.bc>:FvbNotificationEvent:%32	</harden/bcfiles/edk_bcfiles/FaultTolerantWriteSmm.bc>:FvbNotificationEvent:42:0:0	</harden/bcfiles/edk_bcfiles/FaultTolerantWriteSmm.bc>:FvbNotificationEvent:42
</harden/bcfiles/edk_bcfiles/FaultTolerantWriteSmm.bc>:FvbNotificationEvent:%27	</harden/bcfiles/edk_bcfiles/FaultTolerantWriteSmm.bc>:FvbNotificationEvent:37:0:0	</harden/bcfiles/edk_bcfiles/FaultTolerantWriteSmm.bc>:FvbNotificationEvent:37
</harden/bcfiles/edk_bcfiles/FaultTolerantWriteSmm.bc>:FvbNotificationEvent:%11	</harden/bcfiles/edk_bcfiles/FaultTolerantWriteSmm.bc>:FvbNotificationEvent:17:0:0	</harden/bcfiles/edk_bcfiles/FaultTolerantWriteSmm.bc>:FvbNotificationEvent:17
</harden/bcfiles/edk_bcfiles/FaultTolerantWriteSmm.bc>:FvbNotificationEvent:%30	</harden/bcfiles/edk_bcfiles/FaultTolerantWriteSmm.bc>:FvbNotificationEvent:40:0:0	</harden/bcfiles/edk_bcfiles/FaultTolerantWriteSmm.bc>:FvbNotificationEvent:40
</harden/bcfiles/edk_bcfiles/FaultTolerantWriteSmm.bc>:MmFaultTolerantWriteInitialize:%37	</harden/bcfiles/edk_bcfiles/FaultTolerantWriteSmm.bc>:MmFaultTolerantWriteInitialize:44:0:0	</harden/bcfiles/edk_bcfiles/FaultTolerantWriteSmm.bc>:MmFaultTolerantWriteInitialize:44
</harden/bcfiles/edk_bcfiles/FaultTolerantWriteSmm.bc>:MmFaultTolerantWriteInitialize:%10	</harden/bcfiles/edk_bcfiles/FaultTolerantWriteSmm.bc>:MmFaultTolerantWriteInitialize:14:0:0	</harden/bcfiles/edk_bcfiles/FaultTolerantWriteSmm.bc>:MmFaultTolerantWriteInitialize:14
