</harden/bcfiles/edk_bcfiles/FaultTolerantWriteSmm.bc>:SmmFaultTolerantWriteHandler	</harden/bcfiles/edk_bcfiles/FaultTolerantWriteSmm.bc>:SmmFaultTolerantWriteHandler:%190	</harden/bcfiles/edk_bcfiles/FaultTolerantWriteSmm.bc>:SmmFaultTolerantWriteHandler:%191	</harden/bcfiles/edk_bcfiles/FaultTolerantWriteSmm.bc>:SmmFaultTolerantWriteHandler:%8	</harden/bcfiles/edk_bcfiles/FaultTolerantWriteSmm.bc>:SmmFaultTolerantWriteHandler:235	[</harden/bcfiles/edk_bcfiles/FaultTolerantWriteSmm.bc>:SmmFaultTolerantWriteHandler:%17, </harden/bcfiles/edk_bcfiles/FaultTolerantWriteSmm.bc>:SmmFaultTolerantWriteHandler:%191]	404
</harden/bcfiles/edk_bcfiles/FaultTolerantWriteSmm.bc>:SmmFaultTolerantWriteHandler	</harden/bcfiles/edk_bcfiles/FaultTolerantWriteSmm.bc>:SmmFaultTolerantWriteHandler:%190	</harden/bcfiles/edk_bcfiles/FaultTolerantWriteSmm.bc>:SmmFaultTolerantWriteHandler:%191	</harden/bcfiles/edk_bcfiles/FaultTolerantWriteSmm.bc>:SmmFaultTolerantWriteHandler:%8	</harden/bcfiles/edk_bcfiles/FaultTolerantWriteSmm.bc>:SmmFaultTolerantWriteHandler:235	[</harden/bcfiles/edk_bcfiles/FaultTolerantWriteSmm.bc>:SmmFaultTolerantWriteHandler:%189, </harden/bcfiles/edk_bcfiles/FaultTolerantWriteSmm.bc>:SmmFaultTolerantWriteHandler:%190]	404
</harden/bcfiles/edk_bcfiles/FaultTolerantWriteSmm.bc>:SmmFaultTolerantWriteHandler	</harden/bcfiles/edk_bcfiles/FaultTolerantWriteSmm.bc>:SmmFaultTolerantWriteHandler:227:0:48	</harden/bcfiles/edk_bcfiles/FaultTolerantWriteSmm.bc>:SmmFaultTolerantWriteHandler:%184	</harden/bcfiles/edk_bcfiles/FaultTolerantWriteSmm.bc>:SmmFaultTolerantWriteHandler:%8	</harden/bcfiles/edk_bcfiles/FaultTolerantWriteSmm.bc>:SmmFaultTolerantWriteHandler:227	[</harden/bcfiles/edk_bcfiles/FaultTolerantWriteSmm.bc>:SmmFaultTolerantWriteHandler:%20, </harden/bcfiles/edk_bcfiles/FaultTolerantWriteSmm.bc>:SmmFaultTolerantWriteHandler:%184]	394
</harden/bcfiles/edk_bcfiles/FaultTolerantWriteSmm.bc>:SmmFaultTolerantWriteHandler	</harden/bcfiles/edk_bcfiles/FaultTolerantWriteSmm.bc>:SmmFaultTolerantWriteHandler:233:0:48	</harden/bcfiles/edk_bcfiles/FaultTolerantWriteSmm.bc>:SmmFaultTolerantWriteHandler:%189	</harden/bcfiles/edk_bcfiles/FaultTolerantWriteSmm.bc>:SmmFaultTolerantWriteHandler:%8	</harden/bcfiles/edk_bcfiles/FaultTolerantWriteSmm.bc>:SmmFaultTolerantWriteHandler:233	[</harden/bcfiles/edk_bcfiles/FaultTolerantWriteSmm.bc>:SmmFaultTolerantWriteHandler:%20, </harden/bcfiles/edk_bcfiles/FaultTolerantWriteSmm.bc>:SmmFaultTolerantWriteHandler:%189]	404
</harden/bcfiles/edk_bcfiles/FaultTolerantWriteSmm.bc>:SmmFaultTolerantWriteHandler	</harden/bcfiles/edk_bcfiles/FaultTolerantWriteSmm.bc>:SmmFaultTolerantWriteHandler:373:0:49	</harden/bcfiles/edk_bcfiles/FaultTolerantWriteSmm.bc>:SmmFaultTolerantWriteHandler:%310	</harden/bcfiles/edk_bcfiles/FaultTolerantWriteSmm.bc>:SmmFaultTolerantWriteHandler:%8	</harden/bcfiles/edk_bcfiles/FaultTolerantWriteSmm.bc>:SmmFaultTolerantWriteHandler:373	[</harden/bcfiles/edk_bcfiles/FaultTolerantWriteSmm.bc>:SmmFaultTolerantWriteHandler:%17, </harden/bcfiles/edk_bcfiles/FaultTolerantWriteSmm.bc>:SmmFaultTolerantWriteHandler:%310]	484
