</harden/bcfiles/edk_bcfiles/FaultTolerantWriteSmm.bc>:SmmFaultTolerantWriteHandler	</harden/bcfiles/edk_bcfiles/FaultTolerantWriteSmm.bc>:SmmFaultTolerantWriteHandler:%347	</harden/bcfiles/edk_bcfiles/FaultTolerantWriteSmm.bc>:SmmFaultTolerantWriteHandler:%345	</harden/bcfiles/edk_bcfiles/FaultTolerantWriteSmm.bc>:SmmFaultTolerantWriteHandler:%8	</harden/bcfiles/edk_bcfiles/FaultTolerantWriteSmm.bc>:SmmFaultTolerantWriteHandler:414	[</harden/bcfiles/edk_bcfiles/FaultTolerantWriteSmm.bc>:SmmFaultTolerantWriteHandler:%17, </harden/bcfiles/edk_bcfiles/FaultTolerantWriteSmm.bc>:SmmFaultTolerantWriteHandler:%345]	505
</harden/bcfiles/edk_bcfiles/FaultTolerantWriteSmm.bc>:SmmFaultTolerantWriteHandler	</harden/bcfiles/edk_bcfiles/FaultTolerantWriteSmm.bc>:SmmFaultTolerantWriteHandler:%53	</harden/bcfiles/edk_bcfiles/FaultTolerantWriteSmm.bc>:SmmFaultTolerantWriteHandler:%54	</harden/bcfiles/edk_bcfiles/FaultTolerantWriteSmm.bc>:SmmFaultTolerantWriteHandler:%8	</harden/bcfiles/edk_bcfiles/FaultTolerantWriteSmm.bc>:SmmFaultTolerantWriteHandler:77	[</harden/bcfiles/edk_bcfiles/FaultTolerantWriteSmm.bc>:SmmFaultTolerantWriteHandler:%8, </harden/bcfiles/edk_bcfiles/FaultTolerantWriteSmm.bc>:SmmFaultTolerantWriteHandler:%54]	336
</harden/bcfiles/edk_bcfiles/FaultTolerantWriteSmm.bc>:SmmFaultTolerantWriteHandler	</harden/bcfiles/edk_bcfiles/FaultTolerantWriteSmm.bc>:SmmFaultTolerantWriteHandler:%351	</harden/bcfiles/edk_bcfiles/FaultTolerantWriteSmm.bc>:SmmFaultTolerantWriteHandler:%350	</harden/bcfiles/edk_bcfiles/FaultTolerantWriteSmm.bc>:SmmFaultTolerantWriteHandler:%8	</harden/bcfiles/edk_bcfiles/FaultTolerantWriteSmm.bc>:SmmFaultTolerantWriteHandler:420	[</harden/bcfiles/edk_bcfiles/FaultTolerantWriteSmm.bc>:SmmFaultTolerantWriteHandler:%10, </harden/bcfiles/edk_bcfiles/FaultTolerantWriteSmm.bc>:SmmFaultTolerantWriteHandler:%350]	512
</harden/bcfiles/edk_bcfiles/FaultTolerantWriteSmm.bc>:SmmFaultTolerantWriteHandler	</harden/bcfiles/edk_bcfiles/FaultTolerantWriteSmm.bc>:SmmFaultTolerantWriteHandler:%22	</harden/bcfiles/edk_bcfiles/FaultTolerantWriteSmm.bc>:SmmFaultTolerantWriteHandler:%59	</harden/bcfiles/edk_bcfiles/FaultTolerantWriteSmm.bc>:SmmFaultTolerantWriteHandler:%8	</harden/bcfiles/edk_bcfiles/FaultTolerantWriteSmm.bc>:SmmFaultTolerantWriteHandler:82	[</harden/bcfiles/edk_bcfiles/FaultTolerantWriteSmm.bc>:SmmFaultTolerantWriteHandler:%58, </harden/bcfiles/edk_bcfiles/FaultTolerantWriteSmm.bc>:SmmFaultTolerantWriteHandler:%59]	337
</harden/bcfiles/edk_bcfiles/FaultTolerantWriteSmm.bc>:SmmFaultTolerantWriteHandler	</harden/bcfiles/edk_bcfiles/FaultTolerantWriteSmm.bc>:SmmFaultTolerantWriteHandler:%21	</harden/bcfiles/edk_bcfiles/FaultTolerantWriteSmm.bc>:SmmFaultTolerantWriteHandler:%217	</harden/bcfiles/edk_bcfiles/FaultTolerantWriteSmm.bc>:SmmFaultTolerantWriteHandler:%8	</harden/bcfiles/edk_bcfiles/FaultTolerantWriteSmm.bc>:SmmFaultTolerantWriteHandler:265	[</harden/bcfiles/edk_bcfiles/FaultTolerantWriteSmm.bc>:SmmFaultTolerantWriteHandler:%215, </harden/bcfiles/edk_bcfiles/FaultTolerantWriteSmm.bc>:SmmFaultTolerantWriteHandler:%217]	418
</harden/bcfiles/edk_bcfiles/FaultTolerantWriteSmm.bc>:SmmFaultTolerantWriteHandler	</harden/bcfiles/edk_bcfiles/FaultTolerantWriteSmm.bc>:SmmFaultTolerantWriteHandler:%20	</harden/bcfiles/edk_bcfiles/FaultTolerantWriteSmm.bc>:SmmFaultTolerantWriteHandler:%174	</harden/bcfiles/edk_bcfiles/FaultTolerantWriteSmm.bc>:SmmFaultTolerantWriteHandler:%8	</harden/bcfiles/edk_bcfiles/FaultTolerantWriteSmm.bc>:SmmFaultTolerantWriteHandler:215	[</harden/bcfiles/edk_bcfiles/FaultTolerantWriteSmm.bc>:SmmFaultTolerantWriteHandler:%173, </harden/bcfiles/edk_bcfiles/FaultTolerantWriteSmm.bc>:SmmFaultTolerantWriteHandler:%174]	392
</harden/bcfiles/edk_bcfiles/FaultTolerantWriteSmm.bc>:SmmFaultTolerantWriteHandler	</harden/bcfiles/edk_bcfiles/FaultTolerantWriteSmm.bc>:SmmFaultTolerantWriteHandler:%19	</harden/bcfiles/edk_bcfiles/FaultTolerantWriteSmm.bc>:SmmFaultTolerantWriteHandler:%311	</harden/bcfiles/edk_bcfiles/FaultTolerantWriteSmm.bc>:SmmFaultTolerantWriteHandler:%8	</harden/bcfiles/edk_bcfiles/FaultTolerantWriteSmm.bc>:SmmFaultTolerantWriteHandler:374	[</harden/bcfiles/edk_bcfiles/FaultTolerantWriteSmm.bc>:SmmFaultTolerantWriteHandler:%310, </harden/bcfiles/edk_bcfiles/FaultTolerantWriteSmm.bc>:SmmFaultTolerantWriteHandler:%311]	484
</harden/bcfiles/edk_bcfiles/FaultTolerantWriteSmm.bc>:SmmFaultTolerantWriteHandler	</harden/bcfiles/edk_bcfiles/FaultTolerantWriteSmm.bc>:SmmFaultTolerantWriteHandler:%19	</harden/bcfiles/edk_bcfiles/FaultTolerantWriteSmm.bc>:SmmFaultTolerantWriteHandler:%192	</harden/bcfiles/edk_bcfiles/FaultTolerantWriteSmm.bc>:SmmFaultTolerantWriteHandler:%8	</harden/bcfiles/edk_bcfiles/FaultTolerantWriteSmm.bc>:SmmFaultTolerantWriteHandler:236	[</harden/bcfiles/edk_bcfiles/FaultTolerantWriteSmm.bc>:SmmFaultTolerantWriteHandler:%191, </harden/bcfiles/edk_bcfiles/FaultTolerantWriteSmm.bc>:SmmFaultTolerantWriteHandler:%192]	404
</harden/bcfiles/edk_bcfiles/FaultTolerantWriteSmm.bc>:SmmFaultTolerantWriteHandler	</harden/bcfiles/edk_bcfiles/FaultTolerantWriteSmm.bc>:SmmFaultTolerantWriteHandler:%18	</harden/bcfiles/edk_bcfiles/FaultTolerantWriteSmm.bc>:SmmFaultTolerantWriteHandler:%33	</harden/bcfiles/edk_bcfiles/FaultTolerantWriteSmm.bc>:SmmFaultTolerantWriteHandler:%9	</harden/bcfiles/edk_bcfiles/FaultTolerantWriteSmm.bc>:SmmFaultTolerantWriteHandler:53	[</harden/bcfiles/edk_bcfiles/FaultTolerantWriteSmm.bc>:SmmFaultTolerantWriteHandler:%32, </harden/bcfiles/edk_bcfiles/FaultTolerantWriteSmm.bc>:SmmFaultTolerantWriteHandler:%33]	329
</harden/bcfiles/edk_bcfiles/FaultTolerantWriteSmm.bc>:SmmFaultTolerantWriteHandler	</harden/bcfiles/edk_bcfiles/FaultTolerantWriteSmm.bc>:SmmFaultTolerantWriteHandler:%17	</harden/bcfiles/edk_bcfiles/FaultTolerantWriteSmm.bc>:SmmFaultTolerantWriteHandler:%304	</harden/bcfiles/edk_bcfiles/FaultTolerantWriteSmm.bc>:SmmFaultTolerantWriteHandler:%8	</harden/bcfiles/edk_bcfiles/FaultTolerantWriteSmm.bc>:SmmFaultTolerantWriteHandler:365	[</harden/bcfiles/edk_bcfiles/FaultTolerantWriteSmm.bc>:SmmFaultTolerantWriteHandler:%303, </harden/bcfiles/edk_bcfiles/FaultTolerantWriteSmm.bc>:SmmFaultTolerantWriteHandler:%304]	475
</harden/bcfiles/edk_bcfiles/FaultTolerantWriteSmm.bc>:SmmFaultTolerantWriteHandler	</harden/bcfiles/edk_bcfiles/FaultTolerantWriteSmm.bc>:SmmFaultTolerantWriteHandler:%17	</harden/bcfiles/edk_bcfiles/FaultTolerantWriteSmm.bc>:SmmFaultTolerantWriteHandler:%177	</harden/bcfiles/edk_bcfiles/FaultTolerantWriteSmm.bc>:SmmFaultTolerantWriteHandler:%8	</harden/bcfiles/edk_bcfiles/FaultTolerantWriteSmm.bc>:SmmFaultTolerantWriteHandler:219	[</harden/bcfiles/edk_bcfiles/FaultTolerantWriteSmm.bc>:SmmFaultTolerantWriteHandler:%176, </harden/bcfiles/edk_bcfiles/FaultTolerantWriteSmm.bc>:SmmFaultTolerantWriteHandler:%177]	393
</harden/bcfiles/edk_bcfiles/FaultTolerantWriteSmm.bc>:SmmFaultTolerantWriteHandler	</harden/bcfiles/edk_bcfiles/FaultTolerantWriteSmm.bc>:SmmFaultTolerantWriteHandler:%16	</harden/bcfiles/edk_bcfiles/FaultTolerantWriteSmm.bc>:SmmFaultTolerantWriteHandler:%77	</harden/bcfiles/edk_bcfiles/FaultTolerantWriteSmm.bc>:SmmFaultTolerantWriteHandler:%9	</harden/bcfiles/edk_bcfiles/FaultTolerantWriteSmm.bc>:SmmFaultTolerantWriteHandler:103	[</harden/bcfiles/edk_bcfiles/FaultTolerantWriteSmm.bc>:SmmFaultTolerantWriteHandler:%76, </harden/bcfiles/edk_bcfiles/FaultTolerantWriteSmm.bc>:SmmFaultTolerantWriteHandler:%77]	344
</harden/bcfiles/edk_bcfiles/FaultTolerantWriteSmm.bc>:SmmFaultTolerantWriteHandler	</harden/bcfiles/edk_bcfiles/FaultTolerantWriteSmm.bc>:SmmFaultTolerantWriteHandler:%15	</harden/bcfiles/edk_bcfiles/FaultTolerantWriteSmm.bc>:SmmFaultTolerantWriteHandler:%301	</harden/bcfiles/edk_bcfiles/FaultTolerantWriteSmm.bc>:SmmFaultTolerantWriteHandler:%8	</harden/bcfiles/edk_bcfiles/FaultTolerantWriteSmm.bc>:SmmFaultTolerantWriteHandler:361	[</harden/bcfiles/edk_bcfiles/FaultTolerantWriteSmm.bc>:SmmFaultTolerantWriteHandler:%300, </harden/bcfiles/edk_bcfiles/FaultTolerantWriteSmm.bc>:SmmFaultTolerantWriteHandler:%301]	474
</harden/bcfiles/edk_bcfiles/FaultTolerantWriteSmm.bc>:SmmFaultTolerantWriteHandler	</harden/bcfiles/edk_bcfiles/FaultTolerantWriteSmm.bc>:SmmFaultTolerantWriteHandler:%14	</harden/bcfiles/edk_bcfiles/FaultTolerantWriteSmm.bc>:SmmFaultTolerantWriteHandler:%263	</harden/bcfiles/edk_bcfiles/FaultTolerantWriteSmm.bc>:SmmFaultTolerantWriteHandler:%8	</harden/bcfiles/edk_bcfiles/FaultTolerantWriteSmm.bc>:SmmFaultTolerantWriteHandler:317	[</harden/bcfiles/edk_bcfiles/FaultTolerantWriteSmm.bc>:SmmFaultTolerantWriteHandler:%262, </harden/bcfiles/edk_bcfiles/FaultTolerantWriteSmm.bc>:SmmFaultTolerantWriteHandler:%263]	452
</harden/bcfiles/edk_bcfiles/FaultTolerantWriteSmm.bc>:SmmFaultTolerantWriteHandler	</harden/bcfiles/edk_bcfiles/FaultTolerantWriteSmm.bc>:SmmFaultTolerantWriteHandler:%13	</harden/bcfiles/edk_bcfiles/FaultTolerantWriteSmm.bc>:SmmFaultTolerantWriteHandler:%171	</harden/bcfiles/edk_bcfiles/FaultTolerantWriteSmm.bc>:SmmFaultTolerantWriteHandler:%8	</harden/bcfiles/edk_bcfiles/FaultTolerantWriteSmm.bc>:SmmFaultTolerantWriteHandler:211	[</harden/bcfiles/edk_bcfiles/FaultTolerantWriteSmm.bc>:SmmFaultTolerantWriteHandler:%170, </harden/bcfiles/edk_bcfiles/FaultTolerantWriteSmm.bc>:SmmFaultTolerantWriteHandler:%171]	391
</harden/bcfiles/edk_bcfiles/FaultTolerantWriteSmm.bc>:SmmFaultTolerantWriteHandler	</harden/bcfiles/edk_bcfiles/FaultTolerantWriteSmm.bc>:SmmFaultTolerantWriteHandler:%12	</harden/bcfiles/edk_bcfiles/FaultTolerantWriteSmm.bc>:SmmFaultTolerantWriteHandler:%141	</harden/bcfiles/edk_bcfiles/FaultTolerantWriteSmm.bc>:SmmFaultTolerantWriteHandler:%8	</harden/bcfiles/edk_bcfiles/FaultTolerantWriteSmm.bc>:SmmFaultTolerantWriteHandler:177	[</harden/bcfiles/edk_bcfiles/FaultTolerantWriteSmm.bc>:SmmFaultTolerantWriteHandler:%140, </harden/bcfiles/edk_bcfiles/FaultTolerantWriteSmm.bc>:SmmFaultTolerantWriteHandler:%141]	376
</harden/bcfiles/edk_bcfiles/FaultTolerantWriteSmm.bc>:SmmFaultTolerantWriteHandler	</harden/bcfiles/edk_bcfiles/FaultTolerantWriteSmm.bc>:SmmFaultTolerantWriteHandler:%11	</harden/bcfiles/edk_bcfiles/FaultTolerantWriteSmm.bc>:SmmFaultTolerantWriteHandler:%117	</harden/bcfiles/edk_bcfiles/FaultTolerantWriteSmm.bc>:SmmFaultTolerantWriteHandler:%8	</harden/bcfiles/edk_bcfiles/FaultTolerantWriteSmm.bc>:SmmFaultTolerantWriteHandler:149	[</harden/bcfiles/edk_bcfiles/FaultTolerantWriteSmm.bc>:SmmFaultTolerantWriteHandler:%116, </harden/bcfiles/edk_bcfiles/FaultTolerantWriteSmm.bc>:SmmFaultTolerantWriteHandler:%117]	362
</harden/bcfiles/edk_bcfiles/FaultTolerantWriteSmm.bc>:SmmFaultTolerantWriteHandler	</harden/bcfiles/edk_bcfiles/FaultTolerantWriteSmm.bc>:SmmFaultTolerantWriteHandler:%10	</harden/bcfiles/edk_bcfiles/FaultTolerantWriteSmm.bc>:SmmFaultTolerantWriteHandler:%277	</harden/bcfiles/edk_bcfiles/FaultTolerantWriteSmm.bc>:SmmFaultTolerantWriteHandler:%8	</harden/bcfiles/edk_bcfiles/FaultTolerantWriteSmm.bc>:SmmFaultTolerantWriteHandler:333	[</harden/bcfiles/edk_bcfiles/FaultTolerantWriteSmm.bc>:SmmFaultTolerantWriteHandler:%276, </harden/bcfiles/edk_bcfiles/FaultTolerantWriteSmm.bc>:SmmFaultTolerantWriteHandler:%277]	459
</harden/bcfiles/edk_bcfiles/FaultTolerantWriteSmm.bc>:SmmFaultTolerantWriteHandler	</harden/bcfiles/edk_bcfiles/FaultTolerantWriteSmm.bc>:SmmFaultTolerantWriteHandler:%10	</harden/bcfiles/edk_bcfiles/FaultTolerantWriteSmm.bc>:SmmFaultTolerantWriteHandler:%270	</harden/bcfiles/edk_bcfiles/FaultTolerantWriteSmm.bc>:SmmFaultTolerantWriteHandler:%8	</harden/bcfiles/edk_bcfiles/FaultTolerantWriteSmm.bc>:SmmFaultTolerantWriteHandler:325	[</harden/bcfiles/edk_bcfiles/FaultTolerantWriteSmm.bc>:SmmFaultTolerantWriteHandler:%269, </harden/bcfiles/edk_bcfiles/FaultTolerantWriteSmm.bc>:SmmFaultTolerantWriteHandler:%270]	453
</harden/bcfiles/edk_bcfiles/FaultTolerantWriteSmm.bc>:SmmFaultTolerantWriteHandler	</harden/bcfiles/edk_bcfiles/FaultTolerantWriteSmm.bc>:SmmFaultTolerantWriteHandler:%10	</harden/bcfiles/edk_bcfiles/FaultTolerantWriteSmm.bc>:SmmFaultTolerantWriteHandler:%243	</harden/bcfiles/edk_bcfiles/FaultTolerantWriteSmm.bc>:SmmFaultTolerantWriteHandler:%8	</harden/bcfiles/edk_bcfiles/FaultTolerantWriteSmm.bc>:SmmFaultTolerantWriteHandler:294	[</harden/bcfiles/edk_bcfiles/FaultTolerantWriteSmm.bc>:SmmFaultTolerantWriteHandler:%242, </harden/bcfiles/edk_bcfiles/FaultTolerantWriteSmm.bc>:SmmFaultTolerantWriteHandler:%243]	433
</harden/bcfiles/edk_bcfiles/FaultTolerantWriteSmm.bc>:SmmFaultTolerantWriteHandler	</harden/bcfiles/edk_bcfiles/FaultTolerantWriteSmm.bc>:SmmFaultTolerantWriteHandler:%10	</harden/bcfiles/edk_bcfiles/FaultTolerantWriteSmm.bc>:SmmFaultTolerantWriteHandler:%152	</harden/bcfiles/edk_bcfiles/FaultTolerantWriteSmm.bc>:SmmFaultTolerantWriteHandler:%8	</harden/bcfiles/edk_bcfiles/FaultTolerantWriteSmm.bc>:SmmFaultTolerantWriteHandler:189	[</harden/bcfiles/edk_bcfiles/FaultTolerantWriteSmm.bc>:SmmFaultTolerantWriteHandler:%145, </harden/bcfiles/edk_bcfiles/FaultTolerantWriteSmm.bc>:SmmFaultTolerantWriteHandler:%152]	377
</harden/bcfiles/edk_bcfiles/FaultTolerantWriteSmm.bc>:SmmFaultTolerantWriteHandler	</harden/bcfiles/edk_bcfiles/FaultTolerantWriteSmm.bc>:SmmFaultTolerantWriteHandler:%10	</harden/bcfiles/edk_bcfiles/FaultTolerantWriteSmm.bc>:SmmFaultTolerantWriteHandler:%344	</harden/bcfiles/edk_bcfiles/FaultTolerantWriteSmm.bc>:SmmFaultTolerantWriteHandler:%8	</harden/bcfiles/edk_bcfiles/FaultTolerantWriteSmm.bc>:SmmFaultTolerantWriteHandler:410	[</harden/bcfiles/edk_bcfiles/FaultTolerantWriteSmm.bc>:SmmFaultTolerantWriteHandler:%343, </harden/bcfiles/edk_bcfiles/FaultTolerantWriteSmm.bc>:SmmFaultTolerantWriteHandler:%344]	495
</harden/bcfiles/edk_bcfiles/FaultTolerantWriteSmm.bc>:SmmFaultTolerantWriteHandler	</harden/bcfiles/edk_bcfiles/FaultTolerantWriteSmm.bc>:SmmFaultTolerantWriteHandler:%10	</harden/bcfiles/edk_bcfiles/FaultTolerantWriteSmm.bc>:SmmFaultTolerantWriteHandler:%122	</harden/bcfiles/edk_bcfiles/FaultTolerantWriteSmm.bc>:SmmFaultTolerantWriteHandler:%8	</harden/bcfiles/edk_bcfiles/FaultTolerantWriteSmm.bc>:SmmFaultTolerantWriteHandler:155	[</harden/bcfiles/edk_bcfiles/FaultTolerantWriteSmm.bc>:SmmFaultTolerantWriteHandler:%121, </harden/bcfiles/edk_bcfiles/FaultTolerantWriteSmm.bc>:SmmFaultTolerantWriteHandler:%122]	364
</harden/bcfiles/edk_bcfiles/FaultTolerantWriteSmm.bc>:SmmFaultTolerantWriteHandler	</harden/bcfiles/edk_bcfiles/FaultTolerantWriteSmm.bc>:SmmFaultTolerantWriteHandler:%10	</harden/bcfiles/edk_bcfiles/FaultTolerantWriteSmm.bc>:SmmFaultTolerantWriteHandler:%225	</harden/bcfiles/edk_bcfiles/FaultTolerantWriteSmm.bc>:SmmFaultTolerantWriteHandler:%8	</harden/bcfiles/edk_bcfiles/FaultTolerantWriteSmm.bc>:SmmFaultTolerantWriteHandler:274	[</harden/bcfiles/edk_bcfiles/FaultTolerantWriteSmm.bc>:SmmFaultTolerantWriteHandler:%224, </harden/bcfiles/edk_bcfiles/FaultTolerantWriteSmm.bc>:SmmFaultTolerantWriteHandler:%225]	421
