%struct.SMM_FTW_COMMUNICATE_FUNCTION_HEADER	0	i64
%struct.EFI_CONFIGURATION_TABLE	0	%struct.GUID
%struct._EFI_MM_CPU_IO_PROTOCOL	0	%struct.EFI_MM_IO_ACCESS
%struct._EFI_MM_SYSTEM_TABLE	0	%struct.EFI_TABLE_HEADER
%struct.SMM_FTW_GET_LAST_WRITE_HEADER	0	%struct.GUID
%struct.SMM_FTW_WRITE_HEADER	0	i64
%struct.SMM_FTW_ALLOCATE_HEADER	0	%struct.GUID
%struct._EFI_FIRMWARE_VOLUME_BLOCK_PROTOCOL	0	i64 (%struct._EFI_FIRMWARE_VOLUME_BLOCK_PROTOCOL*, i32*)*
%struct.EFI_FAULT_TOLERANT_WRITE_RECORD	0	i8
%struct.EFI_FAULT_TOLERANT_WORKING_BLOCK_HEADER	0	%struct.GUID
%struct.SMM_FTW_GET_MAX_BLOCK_SIZE_HEADER	0	i64
%struct.SMM_FTW_RESTART_HEADER	0	i64
%struct.GUID	0	i32
%struct._EFI_FAULT_TOLERANT_WRITE_PROTOCOL	0	i64 (%struct._EFI_FAULT_TOLERANT_WRITE_PROTOCOL*, i64*)*
%struct.EFI_FTW_DEVICE	0	i64
%struct.EFI_FAULT_TOLERANT_WRITE_HEADER	0	i8
%struct.EFI_MM_IO_ACCESS	0	i64 (%struct._EFI_MM_CPU_IO_PROTOCOL*, i32, i64, i64, i8*)*
%struct.EFI_TABLE_HEADER	0	i64
%struct.SMM_FTW_COMMUNICATE_FUNCTION_HEADER	1	%struct.GUID
%struct.EFI_CONFIGURATION_TABLE	1	i8*
%struct._EFI_MM_CPU_IO_PROTOCOL	1	%struct.EFI_MM_IO_ACCESS
%struct._EFI_MM_SYSTEM_TABLE	1	i16*
%struct.SMM_FTW_GET_LAST_WRITE_HEADER	1	i64
%struct.SMM_FTW_WRITE_HEADER	1	i64
%struct.SMM_FTW_ALLOCATE_HEADER	1	i64
%struct._EFI_FIRMWARE_VOLUME_BLOCK_PROTOCOL	1	i64 (%struct._EFI_FIRMWARE_VOLUME_BLOCK_PROTOCOL*, i32*)*
%struct.EFI_FAULT_TOLERANT_WRITE_RECORD	1	i64
%struct.EFI_FAULT_TOLERANT_WORKING_BLOCK_HEADER	1	i32
%struct.SMM_FTW_RESTART_HEADER	1	i32
%struct.GUID	1	i16
%struct._EFI_FAULT_TOLERANT_WRITE_PROTOCOL	1	i64 (%struct._EFI_FAULT_TOLERANT_WRITE_PROTOCOL*, %struct.GUID*, i64, i64)*
%struct.EFI_FTW_DEVICE	1	i8*
%struct.EFI_FAULT_TOLERANT_WRITE_HEADER	1	%struct.GUID
%struct.EFI_MM_IO_ACCESS	1	i64 (%struct._EFI_MM_CPU_IO_PROTOCOL*, i32, i64, i64, i8*)*
%struct.EFI_TABLE_HEADER	1	i32
%struct.SMM_FTW_COMMUNICATE_FUNCTION_HEADER	2	i64
%struct._EFI_MM_SYSTEM_TABLE	2	i32
%struct.SMM_FTW_GET_LAST_WRITE_HEADER	2	i64
%struct.SMM_FTW_WRITE_HEADER	2	i64
%struct.SMM_FTW_ALLOCATE_HEADER	2	i64
%struct._EFI_FIRMWARE_VOLUME_BLOCK_PROTOCOL	2	i64 (%struct._EFI_FIRMWARE_VOLUME_BLOCK_PROTOCOL*, i64*)*
%struct.EFI_FAULT_TOLERANT_WRITE_RECORD	2	i64
%struct.EFI_FAULT_TOLERANT_WORKING_BLOCK_HEADER	2	i8
%struct.GUID	2	i16
%struct._EFI_FAULT_TOLERANT_WRITE_PROTOCOL	2	i64 (%struct._EFI_FAULT_TOLERANT_WRITE_PROTOCOL*, i64, i64, i64, i8*, i8*, i8*)*
%struct.EFI_FTW_DEVICE	2	%struct._EFI_FAULT_TOLERANT_WRITE_PROTOCOL
%struct.EFI_FAULT_TOLERANT_WRITE_HEADER	2	i64
%struct.EFI_TABLE_HEADER	2	i32
%struct.SMM_FTW_COMMUNICATE_FUNCTION_HEADER	3	[1 x i8]
%struct._EFI_MM_SYSTEM_TABLE	3	i64 (%struct._EFI_MM_SYSTEM_TABLE*, %struct.GUID*, i8*, i64)*
%struct.SMM_FTW_GET_LAST_WRITE_HEADER	3	i64
%struct.SMM_FTW_WRITE_HEADER	3	i64
%struct._EFI_FIRMWARE_VOLUME_BLOCK_PROTOCOL	3	i64 (%struct._EFI_FIRMWARE_VOLUME_BLOCK_PROTOCOL*, i64, i64*, i64*)*
%struct.EFI_FAULT_TOLERANT_WRITE_RECORD	3	i64
%struct.EFI_FAULT_TOLERANT_WORKING_BLOCK_HEADER	3	[3 x i8]
%struct.GUID	3	[8 x i8]
%struct._EFI_FAULT_TOLERANT_WRITE_PROTOCOL	3	i64 (%struct._EFI_FAULT_TOLERANT_WRITE_PROTOCOL*, i8*)*
%struct.EFI_FTW_DEVICE	3	i64
%struct.EFI_FAULT_TOLERANT_WRITE_HEADER	3	i64
%struct.EFI_TABLE_HEADER	3	i32
%struct._EFI_MM_SYSTEM_TABLE	4	%struct._EFI_MM_CPU_IO_PROTOCOL
%struct.SMM_FTW_GET_LAST_WRITE_HEADER	4	i64
%struct.SMM_FTW_WRITE_HEADER	4	i32
%struct._EFI_FIRMWARE_VOLUME_BLOCK_PROTOCOL	4	i64 (%struct._EFI_FIRMWARE_VOLUME_BLOCK_PROTOCOL*, i64, i64, i64*, i8*)*
%struct.EFI_FAULT_TOLERANT_WRITE_RECORD	4	i64
%struct.EFI_FAULT_TOLERANT_WORKING_BLOCK_HEADER	4	i64
%struct._EFI_FAULT_TOLERANT_WRITE_PROTOCOL	4	i64 (%struct._EFI_FAULT_TOLERANT_WRITE_PROTOCOL*)*
%struct.EFI_FTW_DEVICE	4	i64
%struct.EFI_TABLE_HEADER	4	i32
%struct._EFI_MM_SYSTEM_TABLE	5	i64 (i32, i64, i8**)*
%struct.SMM_FTW_GET_LAST_WRITE_HEADER	5	i8
%struct.SMM_FTW_WRITE_HEADER	5	i64
%struct._EFI_FIRMWARE_VOLUME_BLOCK_PROTOCOL	5	i64 (%struct._EFI_FIRMWARE_VOLUME_BLOCK_PROTOCOL*, i64, i64, i64*, i8*)*
%struct._EFI_FAULT_TOLERANT_WRITE_PROTOCOL	5	i64 (%struct._EFI_FAULT_TOLERANT_WRITE_PROTOCOL*, %struct.GUID*, i64*, i64*, i64*, i64*, i8*, i8*)*
%struct.EFI_FTW_DEVICE	5	i64
%struct._EFI_MM_SYSTEM_TABLE	6	i64 (i8*)*
%struct.SMM_FTW_GET_LAST_WRITE_HEADER	6	[1 x i8]
%struct.SMM_FTW_WRITE_HEADER	6	[1 x i8]
%struct._EFI_FIRMWARE_VOLUME_BLOCK_PROTOCOL	6	i64 (%struct._EFI_FIRMWARE_VOLUME_BLOCK_PROTOCOL*, ...)*
%struct.EFI_FTW_DEVICE	6	i64
%struct._EFI_MM_SYSTEM_TABLE	7	i64 (i32, i32, i64, i64*)*
%struct._EFI_FIRMWARE_VOLUME_BLOCK_PROTOCOL	7	i8*
%struct.EFI_FTW_DEVICE	7	i64
%struct._EFI_MM_SYSTEM_TABLE	8	i64 (i64, i64)*
%struct.EFI_FTW_DEVICE	8	i64
%struct._EFI_MM_SYSTEM_TABLE	9	i64 (void (i8*)*, i64, i8*)*
%struct.EFI_FTW_DEVICE	9	i64
%struct._EFI_MM_SYSTEM_TABLE	10	i64
%struct.EFI_FTW_DEVICE	10	i64
%struct._EFI_MM_SYSTEM_TABLE	11	i64
%struct.EFI_FTW_DEVICE	11	%struct.EFI_FAULT_TOLERANT_WORKING_BLOCK_HEADER*
%struct._EFI_MM_SYSTEM_TABLE	12	i64*
%struct.EFI_FTW_DEVICE	12	%struct.EFI_FAULT_TOLERANT_WRITE_HEADER*
%struct._EFI_MM_SYSTEM_TABLE	13	i8**
%struct.EFI_FTW_DEVICE	13	%struct.EFI_FAULT_TOLERANT_WRITE_RECORD*
%struct._EFI_MM_SYSTEM_TABLE	14	i64
%struct.EFI_FTW_DEVICE	14	%struct._EFI_FIRMWARE_VOLUME_BLOCK_PROTOCOL*
%struct._EFI_MM_SYSTEM_TABLE	15	%struct.EFI_CONFIGURATION_TABLE*
%struct.EFI_FTW_DEVICE	15	%struct._EFI_FIRMWARE_VOLUME_BLOCK_PROTOCOL*
%struct._EFI_MM_SYSTEM_TABLE	16	i64 (i8**, %struct.GUID*, i32, i8*)*
%struct.EFI_FTW_DEVICE	16	i64
%struct._EFI_MM_SYSTEM_TABLE	17	i64 (i8*, %struct.GUID*, i8*)*
%struct.EFI_FTW_DEVICE	17	i64
%struct._EFI_MM_SYSTEM_TABLE	18	i64 (i8*, %struct.GUID*, i8**)*
%struct.EFI_FTW_DEVICE	18	i64
%struct._EFI_MM_SYSTEM_TABLE	19	i64 (%struct.GUID*, i64 (%struct.GUID*, i8*, i8*)*, i8**)*
%struct.EFI_FTW_DEVICE	19	i64
%struct._EFI_MM_SYSTEM_TABLE	20	i64 (i32, %struct.GUID*, i8*, i64*, i8**)*
%struct.EFI_FTW_DEVICE	20	i64
%struct._EFI_MM_SYSTEM_TABLE	21	i64 (%struct.GUID*, i8*, i8**)*
%struct.EFI_FTW_DEVICE	21	i64
%struct._EFI_MM_SYSTEM_TABLE	22	i64 (%struct.GUID*, i8*, i8*, i64*)*
%struct.EFI_FTW_DEVICE	22	i64
%struct._EFI_MM_SYSTEM_TABLE	23	i64 (i64 (i8*, i8*, i8*, i64*)*, %struct.GUID*, i8**)*
%struct.EFI_FTW_DEVICE	23	i64
%struct._EFI_MM_SYSTEM_TABLE	24	i64 (i8*)*
%struct.EFI_FTW_DEVICE	24	i8*
