</harden/bcfiles/edk_bcfiles/FaultTolerantWriteSmm.bc>:GetFvbByAddressAndAttribute:%28	</harden/bcfiles/edk_bcfiles/FaultTolerantWriteSmm.bc>:FtwGetFvbByHandle:%0
</harden/bcfiles/edk_bcfiles/FaultTolerantWriteSmm.bc>:GetFvbByAddressAndAttribute:%14	</harden/bcfiles/edk_bcfiles/FaultTolerantWriteSmm.bc>:FtwGetFvbByHandle:%1
</harden/bcfiles/edk_bcfiles/FaultTolerantWriteSmm.bc>:GetFvbByAddressAndAttribute:%10	</harden/bcfiles/edk_bcfiles/FaultTolerantWriteSmm.bc>:GetFvbCountAndBuffer:%0
</harden/bcfiles/edk_bcfiles/FaultTolerantWriteSmm.bc>:GetFvbByAddressAndAttribute:%9	</harden/bcfiles/edk_bcfiles/FaultTolerantWriteSmm.bc>:GetFvbCountAndBuffer:%1
</harden/bcfiles/edk_bcfiles/FaultTolerantWriteSmm.bc>:GetFvbByAddressAndAttribute:%70	</harden/bcfiles/edk_bcfiles/FaultTolerantWriteSmm.bc>:GetFvbByAddressAndAttribute:%71
</harden/bcfiles/edk_bcfiles/FaultTolerantWriteSmm.bc>:SmmFaultTolerantWriteHandler:%310	</harden/bcfiles/edk_bcfiles/FaultTolerantWriteSmm.bc>:SmmFaultTolerantWriteHandler:%311
</harden/bcfiles/edk_bcfiles/FaultTolerantWriteSmm.bc>:SmmFaultTolerantWriteHandler:%305	</harden/bcfiles/edk_bcfiles/FaultTolerantWriteSmm.bc>:SmmFaultTolerantWriteHandler:%306
</harden/bcfiles/edk_bcfiles/FaultTolerantWriteSmm.bc>:SmmFaultTolerantWriteHandler:%269	</harden/bcfiles/edk_bcfiles/FaultTolerantWriteSmm.bc>:GetFvbByAddressAndAttribute:%1
</harden/bcfiles/edk_bcfiles/FaultTolerantWriteSmm.bc>:SmmFaultTolerantWriteHandler:%266	</harden/bcfiles/edk_bcfiles/FaultTolerantWriteSmm.bc>:GetFvbByAddressAndAttribute:%0
</harden/bcfiles/edk_bcfiles/FaultTolerantWriteSmm.bc>:SmmFaultTolerantWriteHandler:%224	</harden/bcfiles/edk_bcfiles/FaultTolerantWriteSmm.bc>:GetFvbByAddressAndAttribute:%1
</harden/bcfiles/edk_bcfiles/FaultTolerantWriteSmm.bc>:SmmFaultTolerantWriteHandler:%221	</harden/bcfiles/edk_bcfiles/FaultTolerantWriteSmm.bc>:GetFvbByAddressAndAttribute:%0
</harden/bcfiles/edk_bcfiles/FaultTolerantWriteSmm.bc>:SmmFaultTolerantWriteHandler:%189	</harden/bcfiles/edk_bcfiles/FaultTolerantWriteSmm.bc>:SmmFaultTolerantWriteHandler:%190
</harden/bcfiles/edk_bcfiles/FaultTolerantWriteSmm.bc>:SmmFaultTolerantWriteHandler:%182	</harden/bcfiles/edk_bcfiles/FaultTolerantWriteSmm.bc>:SmmFaultTolerantWriteHandler:%183
</harden/bcfiles/edk_bcfiles/FaultTolerantWriteSmm.bc>:SmmFaultTolerantWriteHandler:%178	</harden/bcfiles/edk_bcfiles/FaultTolerantWriteSmm.bc>:SmmFaultTolerantWriteHandler:%179
</harden/bcfiles/edk_bcfiles/FaultTolerantWriteSmm.bc>:SmmFaultTolerantWriteHandler:%191	</harden/bcfiles/edk_bcfiles/FaultTolerantWriteSmm.bc>:SmmFaultTolerantWriteHandler:%192
</harden/bcfiles/edk_bcfiles/FaultTolerantWriteSmm.bc>:SmmFaultTolerantWriteHandler:%76	</harden/bcfiles/edk_bcfiles/FaultTolerantWriteSmm.bc>:SmmFaultTolerantWriteHandler:%77
</harden/bcfiles/edk_bcfiles/FaultTolerantWriteSmm.bc>:SmmFaultTolerantWriteHandler:%34	</harden/bcfiles/edk_bcfiles/FaultTolerantWriteSmm.bc>:SmmFaultTolerantWriteHandler:%35
</harden/bcfiles/edk_bcfiles/FaultTolerantWriteSmm.bc>:SmmFaultTolerantWriteHandler:%184	</harden/bcfiles/edk_bcfiles/FaultTolerantWriteSmm.bc>:SmmFaultTolerantWriteHandler:%185
</harden/bcfiles/edk_bcfiles/FaultTolerantWriteSmm.bc>:SmmFaultTolerantWriteHandler:%190	</harden/bcfiles/edk_bcfiles/FaultTolerantWriteSmm.bc>:SmmFaultTolerantWriteHandler:%192
</harden/bcfiles/edk_bcfiles/FaultTolerantWriteSmm.bc>:SmmFaultTolerantWriteHandler:%23	</harden/bcfiles/edk_bcfiles/FaultTolerantWriteSmm.bc>:GetFvbByAddressAndAttribute:%2
</harden/bcfiles/edk_bcfiles/FaultTolerantWriteSmm.bc>:GetFvbByAddressAndAttribute:90:0:1	</harden/bcfiles/edk_bcfiles/FaultTolerantWriteSmm.bc>:GetFvbByAddressAndAttribute:%71
</harden/bcfiles/edk_bcfiles/FaultTolerantWriteSmm.bc>:SmmFaultTolerantWriteHandler:102:0:32	</harden/bcfiles/edk_bcfiles/FaultTolerantWriteSmm.bc>:SmmFaultTolerantWriteHandler:%77
</harden/bcfiles/edk_bcfiles/FaultTolerantWriteSmm.bc>:SmmFaultTolerantWriteHandler:221:0:-1	</harden/bcfiles/edk_bcfiles/FaultTolerantWriteSmm.bc>:SmmFaultTolerantWriteHandler:%179
</harden/bcfiles/edk_bcfiles/FaultTolerantWriteSmm.bc>:SmmFaultTolerantWriteHandler:225:0:-1	</harden/bcfiles/edk_bcfiles/FaultTolerantWriteSmm.bc>:SmmFaultTolerantWriteHandler:%183
</harden/bcfiles/edk_bcfiles/FaultTolerantWriteSmm.bc>:SmmFaultTolerantWriteHandler:227:0:48	</harden/bcfiles/edk_bcfiles/FaultTolerantWriteSmm.bc>:SmmFaultTolerantWriteHandler:%185
</harden/bcfiles/edk_bcfiles/FaultTolerantWriteSmm.bc>:SmmFaultTolerantWriteHandler:233:0:48	</harden/bcfiles/edk_bcfiles/FaultTolerantWriteSmm.bc>:SmmFaultTolerantWriteHandler:%190
</harden/bcfiles/edk_bcfiles/FaultTolerantWriteSmm.bc>:SmmFaultTolerantWriteHandler:367:0:-1	</harden/bcfiles/edk_bcfiles/FaultTolerantWriteSmm.bc>:SmmFaultTolerantWriteHandler:%306
</harden/bcfiles/edk_bcfiles/FaultTolerantWriteSmm.bc>:SmmFaultTolerantWriteHandler:373:0:49	</harden/bcfiles/edk_bcfiles/FaultTolerantWriteSmm.bc>:SmmFaultTolerantWriteHandler:%311
</harden/bcfiles/edk_bcfiles/FaultTolerantWriteSmm.bc>:MmFaultTolerantWriteInitialize:73:1:null	</harden/bcfiles/edk_bcfiles/FaultTolerantWriteSmm.bc>:FvbNotificationEvent:%0
</harden/bcfiles/edk_bcfiles/FaultTolerantWriteSmm.bc>:MmFaultTolerantWriteInitialize:73:2:null	</harden/bcfiles/edk_bcfiles/FaultTolerantWriteSmm.bc>:FvbNotificationEvent:%1
</harden/bcfiles/edk_bcfiles/FaultTolerantWriteSmm.bc>:MmFaultTolerantWriteInitialize:73:3:null	</harden/bcfiles/edk_bcfiles/FaultTolerantWriteSmm.bc>:FvbNotificationEvent:%2
