*global_alloc@mFvbRegistration	i8*
*global_alloc@mFtwDevice	%struct.EFI_FTW_DEVICE*
*global_alloc@mEndOfDxe	i8
*global_alloc@gMmst	%struct._EFI_MM_SYSTEM_TABLE*
*global_alloc@gEfiSmmFirmwareVolumeBlockProtocolGuid	%struct.GUID
*global_alloc@gEfiSmmSwapAddressRangeProtocolGuid	%struct.GUID
*global_alloc@.str	[63 x i8]
*global_alloc@.str.1	[55 x i8]
*global_alloc@.str.2	[85 x i8]
*global_alloc@.str.3	[57 x i8]
*global_alloc@.str.4	[50 x i8]
*global_alloc@.str.5	[47 x i8]
*global_alloc@.str.6	[58 x i8]
*global_alloc@.str.7	[49 x i8]
*global_alloc@.str.8	[54 x i8]
*global_alloc@.str.9	[51 x i8]
*global_alloc@gEfiSmmFaultTolerantWriteProtocolGuid	%struct.GUID
*global_alloc@.str.10	[33 x i8]
*global_alloc@.str.11	[24 x i8]
*global_alloc@.str.12	[39 x i8]
*global_alloc@gEfiMmEndOfDxeProtocolGuid	%struct.GUID
