</harden/bcfiles/edk_bcfiles/FaultTolerantWriteSmm.bc>:FtwGetFvbByHandle:%10	</harden/bcfiles/edk_bcfiles/FaultTolerantWriteSmm.bc>:FtwGetFvbByHandle:%9	*stack_alloc@GetFvbByAddressAndAttribute[%struct._EFI_FIRMWARE_VOLUME_BLOCK_PROTOCOL** %14]
</harden/bcfiles/edk_bcfiles/FaultTolerantWriteSmm.bc>:FtwGetFvbByHandle:%10	</harden/bcfiles/edk_bcfiles/FaultTolerantWriteSmm.bc>:FtwGetFvbByHandle:%9	*stack_alloc@GetFvbByAddressAndAttribute[%struct._EFI_FIRMWARE_VOLUME_BLOCK_PROTOCOL** %14][0]
</harden/bcfiles/edk_bcfiles/FaultTolerantWriteSmm.bc>:FtwGetFvbByHandle:%10	</harden/bcfiles/edk_bcfiles/FaultTolerantWriteSmm.bc>:FtwGetFvbByHandle:%1	*stack_alloc@GetFvbByAddressAndAttribute[%struct._EFI_FIRMWARE_VOLUME_BLOCK_PROTOCOL** %14]
</harden/bcfiles/edk_bcfiles/FaultTolerantWriteSmm.bc>:FtwGetFvbByHandle:%10	</harden/bcfiles/edk_bcfiles/FaultTolerantWriteSmm.bc>:GetFvbByAddressAndAttribute:%14	*stack_alloc@GetFvbByAddressAndAttribute[%struct._EFI_FIRMWARE_VOLUME_BLOCK_PROTOCOL** %14]
</harden/bcfiles/edk_bcfiles/FaultTolerantWriteSmm.bc>:FtwGetFvbByHandle:%9	</harden/bcfiles/edk_bcfiles/FaultTolerantWriteSmm.bc>:FtwGetFvbByHandle:%10	*stack_alloc@GetFvbByAddressAndAttribute[%struct._EFI_FIRMWARE_VOLUME_BLOCK_PROTOCOL** %14]
</harden/bcfiles/edk_bcfiles/FaultTolerantWriteSmm.bc>:FtwGetFvbByHandle:%9	</harden/bcfiles/edk_bcfiles/FaultTolerantWriteSmm.bc>:FtwGetFvbByHandle:%10	*stack_alloc@GetFvbByAddressAndAttribute[%struct._EFI_FIRMWARE_VOLUME_BLOCK_PROTOCOL** %14][0]
</harden/bcfiles/edk_bcfiles/FaultTolerantWriteSmm.bc>:FtwGetFvbByHandle:%9	</harden/bcfiles/edk_bcfiles/FaultTolerantWriteSmm.bc>:FtwGetFvbByHandle:%1	*stack_alloc@GetFvbByAddressAndAttribute[%struct._EFI_FIRMWARE_VOLUME_BLOCK_PROTOCOL** %14]
</harden/bcfiles/edk_bcfiles/FaultTolerantWriteSmm.bc>:FtwGetFvbByHandle:%9	</harden/bcfiles/edk_bcfiles/FaultTolerantWriteSmm.bc>:GetFvbByAddressAndAttribute:%14	*stack_alloc@GetFvbByAddressAndAttribute[%struct._EFI_FIRMWARE_VOLUME_BLOCK_PROTOCOL** %14]
</harden/bcfiles/edk_bcfiles/FaultTolerantWriteSmm.bc>:FtwGetFvbByHandle:%1	</harden/bcfiles/edk_bcfiles/FaultTolerantWriteSmm.bc>:FtwGetFvbByHandle:%10	*stack_alloc@GetFvbByAddressAndAttribute[%struct._EFI_FIRMWARE_VOLUME_BLOCK_PROTOCOL** %14]
</harden/bcfiles/edk_bcfiles/FaultTolerantWriteSmm.bc>:FtwGetFvbByHandle:%1	</harden/bcfiles/edk_bcfiles/FaultTolerantWriteSmm.bc>:FtwGetFvbByHandle:%9	*stack_alloc@GetFvbByAddressAndAttribute[%struct._EFI_FIRMWARE_VOLUME_BLOCK_PROTOCOL** %14]
</harden/bcfiles/edk_bcfiles/FaultTolerantWriteSmm.bc>:FtwGetFvbByHandle:%1	</harden/bcfiles/edk_bcfiles/FaultTolerantWriteSmm.bc>:GetFvbByAddressAndAttribute:%14	*stack_alloc@GetFvbByAddressAndAttribute[%struct._EFI_FIRMWARE_VOLUME_BLOCK_PROTOCOL** %14]
</harden/bcfiles/edk_bcfiles/FaultTolerantWriteSmm.bc>:GetFvbCountAndBuffer:%55	</harden/bcfiles/edk_bcfiles/FaultTolerantWriteSmm.bc>:GetFvbCountAndBuffer:%52	*stack_alloc@GetFvbByAddressAndAttribute[i8*** %9]
</harden/bcfiles/edk_bcfiles/FaultTolerantWriteSmm.bc>:GetFvbCountAndBuffer:%55	</harden/bcfiles/edk_bcfiles/FaultTolerantWriteSmm.bc>:GetFvbCountAndBuffer:%52	*stack_alloc@GetFvbByAddressAndAttribute[i8*** %9][0]
</harden/bcfiles/edk_bcfiles/FaultTolerantWriteSmm.bc>:GetFvbCountAndBuffer:%55	</harden/bcfiles/edk_bcfiles/FaultTolerantWriteSmm.bc>:GetFvbCountAndBuffer:%33	*stack_alloc@GetFvbByAddressAndAttribute[i8*** %9]
</harden/bcfiles/edk_bcfiles/FaultTolerantWriteSmm.bc>:GetFvbCountAndBuffer:%55	</harden/bcfiles/edk_bcfiles/FaultTolerantWriteSmm.bc>:GetFvbCountAndBuffer:%33	*stack_alloc@GetFvbByAddressAndAttribute[i8*** %9][0]
</harden/bcfiles/edk_bcfiles/FaultTolerantWriteSmm.bc>:GetFvbCountAndBuffer:%55	</harden/bcfiles/edk_bcfiles/FaultTolerantWriteSmm.bc>:GetFvbCountAndBuffer:%20	*stack_alloc@GetFvbByAddressAndAttribute[i8*** %9]
</harden/bcfiles/edk_bcfiles/FaultTolerantWriteSmm.bc>:GetFvbCountAndBuffer:%55	</harden/bcfiles/edk_bcfiles/FaultTolerantWriteSmm.bc>:GetFvbCountAndBuffer:%20	*stack_alloc@GetFvbByAddressAndAttribute[i8*** %9][0]
</harden/bcfiles/edk_bcfiles/FaultTolerantWriteSmm.bc>:GetFvbCountAndBuffer:%55	</harden/bcfiles/edk_bcfiles/FaultTolerantWriteSmm.bc>:GetFvbCountAndBuffer:%34	*stack_alloc@GetFvbByAddressAndAttribute[i8*** %9]
</harden/bcfiles/edk_bcfiles/FaultTolerantWriteSmm.bc>:GetFvbCountAndBuffer:%55	</harden/bcfiles/edk_bcfiles/FaultTolerantWriteSmm.bc>:GetFvbCountAndBuffer:%34	*stack_alloc@GetFvbByAddressAndAttribute[i8*** %9][0]
</harden/bcfiles/edk_bcfiles/FaultTolerantWriteSmm.bc>:GetFvbCountAndBuffer:%55	</harden/bcfiles/edk_bcfiles/FaultTolerantWriteSmm.bc>:GetFvbCountAndBuffer:%11	*stack_alloc@GetFvbByAddressAndAttribute[i8*** %9]
</harden/bcfiles/edk_bcfiles/FaultTolerantWriteSmm.bc>:GetFvbCountAndBuffer:%55	</harden/bcfiles/edk_bcfiles/FaultTolerantWriteSmm.bc>:GetFvbCountAndBuffer:%11	*stack_alloc@GetFvbByAddressAndAttribute[i8*** %9][0]
</harden/bcfiles/edk_bcfiles/FaultTolerantWriteSmm.bc>:GetFvbCountAndBuffer:%55	</harden/bcfiles/edk_bcfiles/FaultTolerantWriteSmm.bc>:GetFvbCountAndBuffer:%16	*stack_alloc@GetFvbByAddressAndAttribute[i8*** %9]
</harden/bcfiles/edk_bcfiles/FaultTolerantWriteSmm.bc>:GetFvbCountAndBuffer:%55	</harden/bcfiles/edk_bcfiles/FaultTolerantWriteSmm.bc>:GetFvbCountAndBuffer:%16	*stack_alloc@GetFvbByAddressAndAttribute[i8*** %9][0]
</harden/bcfiles/edk_bcfiles/FaultTolerantWriteSmm.bc>:GetFvbCountAndBuffer:%55	</harden/bcfiles/edk_bcfiles/FaultTolerantWriteSmm.bc>:GetFvbCountAndBuffer:%42	*stack_alloc@GetFvbByAddressAndAttribute[i8*** %9]
</harden/bcfiles/edk_bcfiles/FaultTolerantWriteSmm.bc>:GetFvbCountAndBuffer:%55	</harden/bcfiles/edk_bcfiles/FaultTolerantWriteSmm.bc>:GetFvbCountAndBuffer:%42	*stack_alloc@GetFvbByAddressAndAttribute[i8*** %9][0]
</harden/bcfiles/edk_bcfiles/FaultTolerantWriteSmm.bc>:GetFvbCountAndBuffer:%55	</harden/bcfiles/edk_bcfiles/FaultTolerantWriteSmm.bc>:GetFvbCountAndBuffer:%1	*stack_alloc@GetFvbByAddressAndAttribute[i8*** %9]
</harden/bcfiles/edk_bcfiles/FaultTolerantWriteSmm.bc>:GetFvbCountAndBuffer:%55	</harden/bcfiles/edk_bcfiles/FaultTolerantWriteSmm.bc>:GetFvbByAddressAndAttribute:%9	*stack_alloc@GetFvbByAddressAndAttribute[i8*** %9]
</harden/bcfiles/edk_bcfiles/FaultTolerantWriteSmm.bc>:GetFvbCountAndBuffer:%52	</harden/bcfiles/edk_bcfiles/FaultTolerantWriteSmm.bc>:GetFvbCountAndBuffer:%55	*stack_alloc@GetFvbByAddressAndAttribute[i8*** %9]
</harden/bcfiles/edk_bcfiles/FaultTolerantWriteSmm.bc>:GetFvbCountAndBuffer:%52	</harden/bcfiles/edk_bcfiles/FaultTolerantWriteSmm.bc>:GetFvbCountAndBuffer:%55	*stack_alloc@GetFvbByAddressAndAttribute[i8*** %9][0]
</harden/bcfiles/edk_bcfiles/FaultTolerantWriteSmm.bc>:GetFvbCountAndBuffer:%52	</harden/bcfiles/edk_bcfiles/FaultTolerantWriteSmm.bc>:GetFvbCountAndBuffer:%33	*stack_alloc@GetFvbByAddressAndAttribute[i8*** %9]
</harden/bcfiles/edk_bcfiles/FaultTolerantWriteSmm.bc>:GetFvbCountAndBuffer:%52	</harden/bcfiles/edk_bcfiles/FaultTolerantWriteSmm.bc>:GetFvbCountAndBuffer:%33	*stack_alloc@GetFvbByAddressAndAttribute[i8*** %9][0]
</harden/bcfiles/edk_bcfiles/FaultTolerantWriteSmm.bc>:GetFvbCountAndBuffer:%52	</harden/bcfiles/edk_bcfiles/FaultTolerantWriteSmm.bc>:GetFvbCountAndBuffer:%20	*stack_alloc@GetFvbByAddressAndAttribute[i8*** %9]
</harden/bcfiles/edk_bcfiles/FaultTolerantWriteSmm.bc>:GetFvbCountAndBuffer:%52	</harden/bcfiles/edk_bcfiles/FaultTolerantWriteSmm.bc>:GetFvbCountAndBuffer:%20	*stack_alloc@GetFvbByAddressAndAttribute[i8*** %9][0]
</harden/bcfiles/edk_bcfiles/FaultTolerantWriteSmm.bc>:GetFvbCountAndBuffer:%52	</harden/bcfiles/edk_bcfiles/FaultTolerantWriteSmm.bc>:GetFvbCountAndBuffer:%34	*stack_alloc@GetFvbByAddressAndAttribute[i8*** %9]
</harden/bcfiles/edk_bcfiles/FaultTolerantWriteSmm.bc>:GetFvbCountAndBuffer:%52	</harden/bcfiles/edk_bcfiles/FaultTolerantWriteSmm.bc>:GetFvbCountAndBuffer:%34	*stack_alloc@GetFvbByAddressAndAttribute[i8*** %9][0]
</harden/bcfiles/edk_bcfiles/FaultTolerantWriteSmm.bc>:GetFvbCountAndBuffer:%52	</harden/bcfiles/edk_bcfiles/FaultTolerantWriteSmm.bc>:GetFvbCountAndBuffer:%11	*stack_alloc@GetFvbByAddressAndAttribute[i8*** %9]
</harden/bcfiles/edk_bcfiles/FaultTolerantWriteSmm.bc>:GetFvbCountAndBuffer:%52	</harden/bcfiles/edk_bcfiles/FaultTolerantWriteSmm.bc>:GetFvbCountAndBuffer:%11	*stack_alloc@GetFvbByAddressAndAttribute[i8*** %9][0]
</harden/bcfiles/edk_bcfiles/FaultTolerantWriteSmm.bc>:GetFvbCountAndBuffer:%52	</harden/bcfiles/edk_bcfiles/FaultTolerantWriteSmm.bc>:GetFvbCountAndBuffer:%16	*stack_alloc@GetFvbByAddressAndAttribute[i8*** %9]
</harden/bcfiles/edk_bcfiles/FaultTolerantWriteSmm.bc>:GetFvbCountAndBuffer:%52	</harden/bcfiles/edk_bcfiles/FaultTolerantWriteSmm.bc>:GetFvbCountAndBuffer:%16	*stack_alloc@GetFvbByAddressAndAttribute[i8*** %9][0]
</harden/bcfiles/edk_bcfiles/FaultTolerantWriteSmm.bc>:GetFvbCountAndBuffer:%52	</harden/bcfiles/edk_bcfiles/FaultTolerantWriteSmm.bc>:GetFvbCountAndBuffer:%42	*stack_alloc@GetFvbByAddressAndAttribute[i8*** %9]
</harden/bcfiles/edk_bcfiles/FaultTolerantWriteSmm.bc>:GetFvbCountAndBuffer:%52	</harden/bcfiles/edk_bcfiles/FaultTolerantWriteSmm.bc>:GetFvbCountAndBuffer:%42	*stack_alloc@GetFvbByAddressAndAttribute[i8*** %9][0]
</harden/bcfiles/edk_bcfiles/FaultTolerantWriteSmm.bc>:GetFvbCountAndBuffer:%52	</harden/bcfiles/edk_bcfiles/FaultTolerantWriteSmm.bc>:GetFvbCountAndBuffer:%1	*stack_alloc@GetFvbByAddressAndAttribute[i8*** %9]
</harden/bcfiles/edk_bcfiles/FaultTolerantWriteSmm.bc>:GetFvbCountAndBuffer:%52	</harden/bcfiles/edk_bcfiles/FaultTolerantWriteSmm.bc>:GetFvbByAddressAndAttribute:%9	*stack_alloc@GetFvbByAddressAndAttribute[i8*** %9]
</harden/bcfiles/edk_bcfiles/FaultTolerantWriteSmm.bc>:GetFvbCountAndBuffer:%33	</harden/bcfiles/edk_bcfiles/FaultTolerantWriteSmm.bc>:GetFvbCountAndBuffer:%55	*stack_alloc@GetFvbByAddressAndAttribute[i8*** %9]
</harden/bcfiles/edk_bcfiles/FaultTolerantWriteSmm.bc>:GetFvbCountAndBuffer:%33	</harden/bcfiles/edk_bcfiles/FaultTolerantWriteSmm.bc>:GetFvbCountAndBuffer:%55	*stack_alloc@GetFvbByAddressAndAttribute[i8*** %9][0]
</harden/bcfiles/edk_bcfiles/FaultTolerantWriteSmm.bc>:GetFvbCountAndBuffer:%33	</harden/bcfiles/edk_bcfiles/FaultTolerantWriteSmm.bc>:GetFvbCountAndBuffer:%52	*stack_alloc@GetFvbByAddressAndAttribute[i8*** %9]
</harden/bcfiles/edk_bcfiles/FaultTolerantWriteSmm.bc>:GetFvbCountAndBuffer:%33	</harden/bcfiles/edk_bcfiles/FaultTolerantWriteSmm.bc>:GetFvbCountAndBuffer:%52	*stack_alloc@GetFvbByAddressAndAttribute[i8*** %9][0]
</harden/bcfiles/edk_bcfiles/FaultTolerantWriteSmm.bc>:GetFvbCountAndBuffer:%33	</harden/bcfiles/edk_bcfiles/FaultTolerantWriteSmm.bc>:GetFvbCountAndBuffer:%20	*stack_alloc@GetFvbByAddressAndAttribute[i8*** %9]
</harden/bcfiles/edk_bcfiles/FaultTolerantWriteSmm.bc>:GetFvbCountAndBuffer:%33	</harden/bcfiles/edk_bcfiles/FaultTolerantWriteSmm.bc>:GetFvbCountAndBuffer:%20	*stack_alloc@GetFvbByAddressAndAttribute[i8*** %9][0]
</harden/bcfiles/edk_bcfiles/FaultTolerantWriteSmm.bc>:GetFvbCountAndBuffer:%33	</harden/bcfiles/edk_bcfiles/FaultTolerantWriteSmm.bc>:GetFvbCountAndBuffer:%34	*stack_alloc@GetFvbByAddressAndAttribute[i8*** %9]
</harden/bcfiles/edk_bcfiles/FaultTolerantWriteSmm.bc>:GetFvbCountAndBuffer:%33	</harden/bcfiles/edk_bcfiles/FaultTolerantWriteSmm.bc>:GetFvbCountAndBuffer:%34	*stack_alloc@GetFvbByAddressAndAttribute[i8*** %9][0]
</harden/bcfiles/edk_bcfiles/FaultTolerantWriteSmm.bc>:GetFvbCountAndBuffer:%33	</harden/bcfiles/edk_bcfiles/FaultTolerantWriteSmm.bc>:GetFvbCountAndBuffer:%11	*stack_alloc@GetFvbByAddressAndAttribute[i8*** %9]
</harden/bcfiles/edk_bcfiles/FaultTolerantWriteSmm.bc>:GetFvbCountAndBuffer:%33	</harden/bcfiles/edk_bcfiles/FaultTolerantWriteSmm.bc>:GetFvbCountAndBuffer:%11	*stack_alloc@GetFvbByAddressAndAttribute[i8*** %9][0]
</harden/bcfiles/edk_bcfiles/FaultTolerantWriteSmm.bc>:GetFvbCountAndBuffer:%33	</harden/bcfiles/edk_bcfiles/FaultTolerantWriteSmm.bc>:GetFvbCountAndBuffer:%16	*stack_alloc@GetFvbByAddressAndAttribute[i8*** %9]
</harden/bcfiles/edk_bcfiles/FaultTolerantWriteSmm.bc>:GetFvbCountAndBuffer:%33	</harden/bcfiles/edk_bcfiles/FaultTolerantWriteSmm.bc>:GetFvbCountAndBuffer:%16	*stack_alloc@GetFvbByAddressAndAttribute[i8*** %9][0]
</harden/bcfiles/edk_bcfiles/FaultTolerantWriteSmm.bc>:GetFvbCountAndBuffer:%33	</harden/bcfiles/edk_bcfiles/FaultTolerantWriteSmm.bc>:GetFvbCountAndBuffer:%42	*stack_alloc@GetFvbByAddressAndAttribute[i8*** %9]
</harden/bcfiles/edk_bcfiles/FaultTolerantWriteSmm.bc>:GetFvbCountAndBuffer:%33	</harden/bcfiles/edk_bcfiles/FaultTolerantWriteSmm.bc>:GetFvbCountAndBuffer:%42	*stack_alloc@GetFvbByAddressAndAttribute[i8*** %9][0]
</harden/bcfiles/edk_bcfiles/FaultTolerantWriteSmm.bc>:GetFvbCountAndBuffer:%33	</harden/bcfiles/edk_bcfiles/FaultTolerantWriteSmm.bc>:GetFvbCountAndBuffer:%1	*stack_alloc@GetFvbByAddressAndAttribute[i8*** %9]
</harden/bcfiles/edk_bcfiles/FaultTolerantWriteSmm.bc>:GetFvbCountAndBuffer:%33	</harden/bcfiles/edk_bcfiles/FaultTolerantWriteSmm.bc>:GetFvbByAddressAndAttribute:%9	*stack_alloc@GetFvbByAddressAndAttribute[i8*** %9]
</harden/bcfiles/edk_bcfiles/FaultTolerantWriteSmm.bc>:GetFvbCountAndBuffer:%47	</harden/bcfiles/edk_bcfiles/FaultTolerantWriteSmm.bc>:GetFvbCountAndBuffer:%8	*stack_alloc@GetFvbByAddressAndAttribute[i64* %10]
</harden/bcfiles/edk_bcfiles/FaultTolerantWriteSmm.bc>:GetFvbCountAndBuffer:%47	</harden/bcfiles/edk_bcfiles/FaultTolerantWriteSmm.bc>:GetFvbCountAndBuffer:%8	*stack_alloc@GetFvbByAddressAndAttribute[i64* %10][0]
</harden/bcfiles/edk_bcfiles/FaultTolerantWriteSmm.bc>:GetFvbCountAndBuffer:%47	</harden/bcfiles/edk_bcfiles/FaultTolerantWriteSmm.bc>:GetFvbCountAndBuffer:%15	*stack_alloc@GetFvbByAddressAndAttribute[i64* %10]
</harden/bcfiles/edk_bcfiles/FaultTolerantWriteSmm.bc>:GetFvbCountAndBuffer:%47	</harden/bcfiles/edk_bcfiles/FaultTolerantWriteSmm.bc>:GetFvbCountAndBuffer:%15	*stack_alloc@GetFvbByAddressAndAttribute[i64* %10][0]
</harden/bcfiles/edk_bcfiles/FaultTolerantWriteSmm.bc>:GetFvbCountAndBuffer:%47	</harden/bcfiles/edk_bcfiles/FaultTolerantWriteSmm.bc>:GetFvbCountAndBuffer:%51	*stack_alloc@GetFvbByAddressAndAttribute[i64* %10]
</harden/bcfiles/edk_bcfiles/FaultTolerantWriteSmm.bc>:GetFvbCountAndBuffer:%47	</harden/bcfiles/edk_bcfiles/FaultTolerantWriteSmm.bc>:GetFvbCountAndBuffer:%51	*stack_alloc@GetFvbByAddressAndAttribute[i64* %10][0]
</harden/bcfiles/edk_bcfiles/FaultTolerantWriteSmm.bc>:GetFvbCountAndBuffer:%47	</harden/bcfiles/edk_bcfiles/FaultTolerantWriteSmm.bc>:GetFvbCountAndBuffer:%0	*stack_alloc@GetFvbByAddressAndAttribute[i64* %10]
</harden/bcfiles/edk_bcfiles/FaultTolerantWriteSmm.bc>:GetFvbCountAndBuffer:%47	</harden/bcfiles/edk_bcfiles/FaultTolerantWriteSmm.bc>:GetFvbByAddressAndAttribute:%10	*stack_alloc@GetFvbByAddressAndAttribute[i64* %10]
</harden/bcfiles/edk_bcfiles/FaultTolerantWriteSmm.bc>:GetFvbCountAndBuffer:%20	</harden/bcfiles/edk_bcfiles/FaultTolerantWriteSmm.bc>:GetFvbCountAndBuffer:%55	*stack_alloc@GetFvbByAddressAndAttribute[i8*** %9]
</harden/bcfiles/edk_bcfiles/FaultTolerantWriteSmm.bc>:GetFvbCountAndBuffer:%20	</harden/bcfiles/edk_bcfiles/FaultTolerantWriteSmm.bc>:GetFvbCountAndBuffer:%55	*stack_alloc@GetFvbByAddressAndAttribute[i8*** %9][0]
</harden/bcfiles/edk_bcfiles/FaultTolerantWriteSmm.bc>:GetFvbCountAndBuffer:%20	</harden/bcfiles/edk_bcfiles/FaultTolerantWriteSmm.bc>:GetFvbCountAndBuffer:%52	*stack_alloc@GetFvbByAddressAndAttribute[i8*** %9]
</harden/bcfiles/edk_bcfiles/FaultTolerantWriteSmm.bc>:GetFvbCountAndBuffer:%20	</harden/bcfiles/edk_bcfiles/FaultTolerantWriteSmm.bc>:GetFvbCountAndBuffer:%52	*stack_alloc@GetFvbByAddressAndAttribute[i8*** %9][0]
</harden/bcfiles/edk_bcfiles/FaultTolerantWriteSmm.bc>:GetFvbCountAndBuffer:%20	</harden/bcfiles/edk_bcfiles/FaultTolerantWriteSmm.bc>:GetFvbCountAndBuffer:%33	*stack_alloc@GetFvbByAddressAndAttribute[i8*** %9]
</harden/bcfiles/edk_bcfiles/FaultTolerantWriteSmm.bc>:GetFvbCountAndBuffer:%20	</harden/bcfiles/edk_bcfiles/FaultTolerantWriteSmm.bc>:GetFvbCountAndBuffer:%33	*stack_alloc@GetFvbByAddressAndAttribute[i8*** %9][0]
</harden/bcfiles/edk_bcfiles/FaultTolerantWriteSmm.bc>:GetFvbCountAndBuffer:%20	</harden/bcfiles/edk_bcfiles/FaultTolerantWriteSmm.bc>:GetFvbCountAndBuffer:%34	*stack_alloc@GetFvbByAddressAndAttribute[i8*** %9]
</harden/bcfiles/edk_bcfiles/FaultTolerantWriteSmm.bc>:GetFvbCountAndBuffer:%20	</harden/bcfiles/edk_bcfiles/FaultTolerantWriteSmm.bc>:GetFvbCountAndBuffer:%34	*stack_alloc@GetFvbByAddressAndAttribute[i8*** %9][0]
</harden/bcfiles/edk_bcfiles/FaultTolerantWriteSmm.bc>:GetFvbCountAndBuffer:%20	</harden/bcfiles/edk_bcfiles/FaultTolerantWriteSmm.bc>:GetFvbCountAndBuffer:%11	*stack_alloc@GetFvbByAddressAndAttribute[i8*** %9]
</harden/bcfiles/edk_bcfiles/FaultTolerantWriteSmm.bc>:GetFvbCountAndBuffer:%20	</harden/bcfiles/edk_bcfiles/FaultTolerantWriteSmm.bc>:GetFvbCountAndBuffer:%11	*stack_alloc@GetFvbByAddressAndAttribute[i8*** %9][0]
</harden/bcfiles/edk_bcfiles/FaultTolerantWriteSmm.bc>:GetFvbCountAndBuffer:%20	</harden/bcfiles/edk_bcfiles/FaultTolerantWriteSmm.bc>:GetFvbCountAndBuffer:%16	*stack_alloc@GetFvbByAddressAndAttribute[i8*** %9]
</harden/bcfiles/edk_bcfiles/FaultTolerantWriteSmm.bc>:GetFvbCountAndBuffer:%20	</harden/bcfiles/edk_bcfiles/FaultTolerantWriteSmm.bc>:GetFvbCountAndBuffer:%16	*stack_alloc@GetFvbByAddressAndAttribute[i8*** %9][0]
</harden/bcfiles/edk_bcfiles/FaultTolerantWriteSmm.bc>:GetFvbCountAndBuffer:%20	</harden/bcfiles/edk_bcfiles/FaultTolerantWriteSmm.bc>:GetFvbCountAndBuffer:%42	*stack_alloc@GetFvbByAddressAndAttribute[i8*** %9]
</harden/bcfiles/edk_bcfiles/FaultTolerantWriteSmm.bc>:GetFvbCountAndBuffer:%20	</harden/bcfiles/edk_bcfiles/FaultTolerantWriteSmm.bc>:GetFvbCountAndBuffer:%42	*stack_alloc@GetFvbByAddressAndAttribute[i8*** %9][0]
</harden/bcfiles/edk_bcfiles/FaultTolerantWriteSmm.bc>:GetFvbCountAndBuffer:%20	</harden/bcfiles/edk_bcfiles/FaultTolerantWriteSmm.bc>:GetFvbCountAndBuffer:%1	*stack_alloc@GetFvbByAddressAndAttribute[i8*** %9]
</harden/bcfiles/edk_bcfiles/FaultTolerantWriteSmm.bc>:GetFvbCountAndBuffer:%20	</harden/bcfiles/edk_bcfiles/FaultTolerantWriteSmm.bc>:GetFvbByAddressAndAttribute:%9	*stack_alloc@GetFvbByAddressAndAttribute[i8*** %9]
</harden/bcfiles/edk_bcfiles/FaultTolerantWriteSmm.bc>:GetFvbCountAndBuffer:%34	</harden/bcfiles/edk_bcfiles/FaultTolerantWriteSmm.bc>:GetFvbCountAndBuffer:%55	*stack_alloc@GetFvbByAddressAndAttribute[i8*** %9]
</harden/bcfiles/edk_bcfiles/FaultTolerantWriteSmm.bc>:GetFvbCountAndBuffer:%34	</harden/bcfiles/edk_bcfiles/FaultTolerantWriteSmm.bc>:GetFvbCountAndBuffer:%55	*stack_alloc@GetFvbByAddressAndAttribute[i8*** %9][0]
</harden/bcfiles/edk_bcfiles/FaultTolerantWriteSmm.bc>:GetFvbCountAndBuffer:%34	</harden/bcfiles/edk_bcfiles/FaultTolerantWriteSmm.bc>:GetFvbCountAndBuffer:%52	*stack_alloc@GetFvbByAddressAndAttribute[i8*** %9]
</harden/bcfiles/edk_bcfiles/FaultTolerantWriteSmm.bc>:GetFvbCountAndBuffer:%34	</harden/bcfiles/edk_bcfiles/FaultTolerantWriteSmm.bc>:GetFvbCountAndBuffer:%52	*stack_alloc@GetFvbByAddressAndAttribute[i8*** %9][0]
</harden/bcfiles/edk_bcfiles/FaultTolerantWriteSmm.bc>:GetFvbCountAndBuffer:%34	</harden/bcfiles/edk_bcfiles/FaultTolerantWriteSmm.bc>:GetFvbCountAndBuffer:%33	*stack_alloc@GetFvbByAddressAndAttribute[i8*** %9]
</harden/bcfiles/edk_bcfiles/FaultTolerantWriteSmm.bc>:GetFvbCountAndBuffer:%34	</harden/bcfiles/edk_bcfiles/FaultTolerantWriteSmm.bc>:GetFvbCountAndBuffer:%33	*stack_alloc@GetFvbByAddressAndAttribute[i8*** %9][0]
</harden/bcfiles/edk_bcfiles/FaultTolerantWriteSmm.bc>:GetFvbCountAndBuffer:%34	</harden/bcfiles/edk_bcfiles/FaultTolerantWriteSmm.bc>:GetFvbCountAndBuffer:%20	*stack_alloc@GetFvbByAddressAndAttribute[i8*** %9]
</harden/bcfiles/edk_bcfiles/FaultTolerantWriteSmm.bc>:GetFvbCountAndBuffer:%34	</harden/bcfiles/edk_bcfiles/FaultTolerantWriteSmm.bc>:GetFvbCountAndBuffer:%20	*stack_alloc@GetFvbByAddressAndAttribute[i8*** %9][0]
</harden/bcfiles/edk_bcfiles/FaultTolerantWriteSmm.bc>:GetFvbCountAndBuffer:%34	</harden/bcfiles/edk_bcfiles/FaultTolerantWriteSmm.bc>:GetFvbCountAndBuffer:%11	*stack_alloc@GetFvbByAddressAndAttribute[i8*** %9]
</harden/bcfiles/edk_bcfiles/FaultTolerantWriteSmm.bc>:GetFvbCountAndBuffer:%34	</harden/bcfiles/edk_bcfiles/FaultTolerantWriteSmm.bc>:GetFvbCountAndBuffer:%11	*stack_alloc@GetFvbByAddressAndAttribute[i8*** %9][0]
</harden/bcfiles/edk_bcfiles/FaultTolerantWriteSmm.bc>:GetFvbCountAndBuffer:%34	</harden/bcfiles/edk_bcfiles/FaultTolerantWriteSmm.bc>:GetFvbCountAndBuffer:%16	*stack_alloc@GetFvbByAddressAndAttribute[i8*** %9]
</harden/bcfiles/edk_bcfiles/FaultTolerantWriteSmm.bc>:GetFvbCountAndBuffer:%34	</harden/bcfiles/edk_bcfiles/FaultTolerantWriteSmm.bc>:GetFvbCountAndBuffer:%16	*stack_alloc@GetFvbByAddressAndAttribute[i8*** %9][0]
</harden/bcfiles/edk_bcfiles/FaultTolerantWriteSmm.bc>:GetFvbCountAndBuffer:%34	</harden/bcfiles/edk_bcfiles/FaultTolerantWriteSmm.bc>:GetFvbCountAndBuffer:%42	*stack_alloc@GetFvbByAddressAndAttribute[i8*** %9]
</harden/bcfiles/edk_bcfiles/FaultTolerantWriteSmm.bc>:GetFvbCountAndBuffer:%34	</harden/bcfiles/edk_bcfiles/FaultTolerantWriteSmm.bc>:GetFvbCountAndBuffer:%42	*stack_alloc@GetFvbByAddressAndAttribute[i8*** %9][0]
</harden/bcfiles/edk_bcfiles/FaultTolerantWriteSmm.bc>:GetFvbCountAndBuffer:%34	</harden/bcfiles/edk_bcfiles/FaultTolerantWriteSmm.bc>:GetFvbCountAndBuffer:%1	*stack_alloc@GetFvbByAddressAndAttribute[i8*** %9]
</harden/bcfiles/edk_bcfiles/FaultTolerantWriteSmm.bc>:GetFvbCountAndBuffer:%34	</harden/bcfiles/edk_bcfiles/FaultTolerantWriteSmm.bc>:GetFvbByAddressAndAttribute:%9	*stack_alloc@GetFvbByAddressAndAttribute[i8*** %9]
</harden/bcfiles/edk_bcfiles/FaultTolerantWriteSmm.bc>:GetFvbCountAndBuffer:%11	</harden/bcfiles/edk_bcfiles/FaultTolerantWriteSmm.bc>:GetFvbCountAndBuffer:%55	*stack_alloc@GetFvbByAddressAndAttribute[i8*** %9]
</harden/bcfiles/edk_bcfiles/FaultTolerantWriteSmm.bc>:GetFvbCountAndBuffer:%11	</harden/bcfiles/edk_bcfiles/FaultTolerantWriteSmm.bc>:GetFvbCountAndBuffer:%55	*stack_alloc@GetFvbByAddressAndAttribute[i8*** %9][0]
</harden/bcfiles/edk_bcfiles/FaultTolerantWriteSmm.bc>:GetFvbCountAndBuffer:%11	</harden/bcfiles/edk_bcfiles/FaultTolerantWriteSmm.bc>:GetFvbCountAndBuffer:%52	*stack_alloc@GetFvbByAddressAndAttribute[i8*** %9]
</harden/bcfiles/edk_bcfiles/FaultTolerantWriteSmm.bc>:GetFvbCountAndBuffer:%11	</harden/bcfiles/edk_bcfiles/FaultTolerantWriteSmm.bc>:GetFvbCountAndBuffer:%52	*stack_alloc@GetFvbByAddressAndAttribute[i8*** %9][0]
</harden/bcfiles/edk_bcfiles/FaultTolerantWriteSmm.bc>:GetFvbCountAndBuffer:%11	</harden/bcfiles/edk_bcfiles/FaultTolerantWriteSmm.bc>:GetFvbCountAndBuffer:%33	*stack_alloc@GetFvbByAddressAndAttribute[i8*** %9]
</harden/bcfiles/edk_bcfiles/FaultTolerantWriteSmm.bc>:GetFvbCountAndBuffer:%11	</harden/bcfiles/edk_bcfiles/FaultTolerantWriteSmm.bc>:GetFvbCountAndBuffer:%33	*stack_alloc@GetFvbByAddressAndAttribute[i8*** %9][0]
</harden/bcfiles/edk_bcfiles/FaultTolerantWriteSmm.bc>:GetFvbCountAndBuffer:%11	</harden/bcfiles/edk_bcfiles/FaultTolerantWriteSmm.bc>:GetFvbCountAndBuffer:%20	*stack_alloc@GetFvbByAddressAndAttribute[i8*** %9]
</harden/bcfiles/edk_bcfiles/FaultTolerantWriteSmm.bc>:GetFvbCountAndBuffer:%11	</harden/bcfiles/edk_bcfiles/FaultTolerantWriteSmm.bc>:GetFvbCountAndBuffer:%20	*stack_alloc@GetFvbByAddressAndAttribute[i8*** %9][0]
</harden/bcfiles/edk_bcfiles/FaultTolerantWriteSmm.bc>:GetFvbCountAndBuffer:%11	</harden/bcfiles/edk_bcfiles/FaultTolerantWriteSmm.bc>:GetFvbCountAndBuffer:%34	*stack_alloc@GetFvbByAddressAndAttribute[i8*** %9]
</harden/bcfiles/edk_bcfiles/FaultTolerantWriteSmm.bc>:GetFvbCountAndBuffer:%11	</harden/bcfiles/edk_bcfiles/FaultTolerantWriteSmm.bc>:GetFvbCountAndBuffer:%34	*stack_alloc@GetFvbByAddressAndAttribute[i8*** %9][0]
</harden/bcfiles/edk_bcfiles/FaultTolerantWriteSmm.bc>:GetFvbCountAndBuffer:%11	</harden/bcfiles/edk_bcfiles/FaultTolerantWriteSmm.bc>:GetFvbCountAndBuffer:%16	*stack_alloc@GetFvbByAddressAndAttribute[i8*** %9]
</harden/bcfiles/edk_bcfiles/FaultTolerantWriteSmm.bc>:GetFvbCountAndBuffer:%11	</harden/bcfiles/edk_bcfiles/FaultTolerantWriteSmm.bc>:GetFvbCountAndBuffer:%16	*stack_alloc@GetFvbByAddressAndAttribute[i8*** %9][0]
</harden/bcfiles/edk_bcfiles/FaultTolerantWriteSmm.bc>:GetFvbCountAndBuffer:%11	</harden/bcfiles/edk_bcfiles/FaultTolerantWriteSmm.bc>:GetFvbCountAndBuffer:%42	*stack_alloc@GetFvbByAddressAndAttribute[i8*** %9]
</harden/bcfiles/edk_bcfiles/FaultTolerantWriteSmm.bc>:GetFvbCountAndBuffer:%11	</harden/bcfiles/edk_bcfiles/FaultTolerantWriteSmm.bc>:GetFvbCountAndBuffer:%42	*stack_alloc@GetFvbByAddressAndAttribute[i8*** %9][0]
</harden/bcfiles/edk_bcfiles/FaultTolerantWriteSmm.bc>:GetFvbCountAndBuffer:%11	</harden/bcfiles/edk_bcfiles/FaultTolerantWriteSmm.bc>:GetFvbCountAndBuffer:%1	*stack_alloc@GetFvbByAddressAndAttribute[i8*** %9]
</harden/bcfiles/edk_bcfiles/FaultTolerantWriteSmm.bc>:GetFvbCountAndBuffer:%11	</harden/bcfiles/edk_bcfiles/FaultTolerantWriteSmm.bc>:GetFvbByAddressAndAttribute:%9	*stack_alloc@GetFvbByAddressAndAttribute[i8*** %9]
</harden/bcfiles/edk_bcfiles/FaultTolerantWriteSmm.bc>:GetFvbCountAndBuffer:%8	</harden/bcfiles/edk_bcfiles/FaultTolerantWriteSmm.bc>:GetFvbCountAndBuffer:%47	*stack_alloc@GetFvbByAddressAndAttribute[i64* %10]
</harden/bcfiles/edk_bcfiles/FaultTolerantWriteSmm.bc>:GetFvbCountAndBuffer:%8	</harden/bcfiles/edk_bcfiles/FaultTolerantWriteSmm.bc>:GetFvbCountAndBuffer:%47	*stack_alloc@GetFvbByAddressAndAttribute[i64* %10][0]
</harden/bcfiles/edk_bcfiles/FaultTolerantWriteSmm.bc>:GetFvbCountAndBuffer:%8	</harden/bcfiles/edk_bcfiles/FaultTolerantWriteSmm.bc>:GetFvbCountAndBuffer:%15	*stack_alloc@GetFvbByAddressAndAttribute[i64* %10]
</harden/bcfiles/edk_bcfiles/FaultTolerantWriteSmm.bc>:GetFvbCountAndBuffer:%8	</harden/bcfiles/edk_bcfiles/FaultTolerantWriteSmm.bc>:GetFvbCountAndBuffer:%15	*stack_alloc@GetFvbByAddressAndAttribute[i64* %10][0]
</harden/bcfiles/edk_bcfiles/FaultTolerantWriteSmm.bc>:GetFvbCountAndBuffer:%8	</harden/bcfiles/edk_bcfiles/FaultTolerantWriteSmm.bc>:GetFvbCountAndBuffer:%51	*stack_alloc@GetFvbByAddressAndAttribute[i64* %10]
</harden/bcfiles/edk_bcfiles/FaultTolerantWriteSmm.bc>:GetFvbCountAndBuffer:%8	</harden/bcfiles/edk_bcfiles/FaultTolerantWriteSmm.bc>:GetFvbCountAndBuffer:%51	*stack_alloc@GetFvbByAddressAndAttribute[i64* %10][0]
</harden/bcfiles/edk_bcfiles/FaultTolerantWriteSmm.bc>:GetFvbCountAndBuffer:%8	</harden/bcfiles/edk_bcfiles/FaultTolerantWriteSmm.bc>:GetFvbCountAndBuffer:%0	*stack_alloc@GetFvbByAddressAndAttribute[i64* %10]
</harden/bcfiles/edk_bcfiles/FaultTolerantWriteSmm.bc>:GetFvbCountAndBuffer:%8	</harden/bcfiles/edk_bcfiles/FaultTolerantWriteSmm.bc>:GetFvbByAddressAndAttribute:%10	*stack_alloc@GetFvbByAddressAndAttribute[i64* %10]
</harden/bcfiles/edk_bcfiles/FaultTolerantWriteSmm.bc>:GetFvbCountAndBuffer:%16	</harden/bcfiles/edk_bcfiles/FaultTolerantWriteSmm.bc>:GetFvbCountAndBuffer:%55	*stack_alloc@GetFvbByAddressAndAttribute[i8*** %9]
</harden/bcfiles/edk_bcfiles/FaultTolerantWriteSmm.bc>:GetFvbCountAndBuffer:%16	</harden/bcfiles/edk_bcfiles/FaultTolerantWriteSmm.bc>:GetFvbCountAndBuffer:%55	*stack_alloc@GetFvbByAddressAndAttribute[i8*** %9][0]
</harden/bcfiles/edk_bcfiles/FaultTolerantWriteSmm.bc>:GetFvbCountAndBuffer:%16	</harden/bcfiles/edk_bcfiles/FaultTolerantWriteSmm.bc>:GetFvbCountAndBuffer:%52	*stack_alloc@GetFvbByAddressAndAttribute[i8*** %9]
</harden/bcfiles/edk_bcfiles/FaultTolerantWriteSmm.bc>:GetFvbCountAndBuffer:%16	</harden/bcfiles/edk_bcfiles/FaultTolerantWriteSmm.bc>:GetFvbCountAndBuffer:%52	*stack_alloc@GetFvbByAddressAndAttribute[i8*** %9][0]
</harden/bcfiles/edk_bcfiles/FaultTolerantWriteSmm.bc>:GetFvbCountAndBuffer:%16	</harden/bcfiles/edk_bcfiles/FaultTolerantWriteSmm.bc>:GetFvbCountAndBuffer:%33	*stack_alloc@GetFvbByAddressAndAttribute[i8*** %9]
</harden/bcfiles/edk_bcfiles/FaultTolerantWriteSmm.bc>:GetFvbCountAndBuffer:%16	</harden/bcfiles/edk_bcfiles/FaultTolerantWriteSmm.bc>:GetFvbCountAndBuffer:%33	*stack_alloc@GetFvbByAddressAndAttribute[i8*** %9][0]
</harden/bcfiles/edk_bcfiles/FaultTolerantWriteSmm.bc>:GetFvbCountAndBuffer:%16	</harden/bcfiles/edk_bcfiles/FaultTolerantWriteSmm.bc>:GetFvbCountAndBuffer:%20	*stack_alloc@GetFvbByAddressAndAttribute[i8*** %9]
</harden/bcfiles/edk_bcfiles/FaultTolerantWriteSmm.bc>:GetFvbCountAndBuffer:%16	</harden/bcfiles/edk_bcfiles/FaultTolerantWriteSmm.bc>:GetFvbCountAndBuffer:%20	*stack_alloc@GetFvbByAddressAndAttribute[i8*** %9][0]
</harden/bcfiles/edk_bcfiles/FaultTolerantWriteSmm.bc>:GetFvbCountAndBuffer:%16	</harden/bcfiles/edk_bcfiles/FaultTolerantWriteSmm.bc>:GetFvbCountAndBuffer:%34	*stack_alloc@GetFvbByAddressAndAttribute[i8*** %9]
</harden/bcfiles/edk_bcfiles/FaultTolerantWriteSmm.bc>:GetFvbCountAndBuffer:%16	</harden/bcfiles/edk_bcfiles/FaultTolerantWriteSmm.bc>:GetFvbCountAndBuffer:%34	*stack_alloc@GetFvbByAddressAndAttribute[i8*** %9][0]
</harden/bcfiles/edk_bcfiles/FaultTolerantWriteSmm.bc>:GetFvbCountAndBuffer:%16	</harden/bcfiles/edk_bcfiles/FaultTolerantWriteSmm.bc>:GetFvbCountAndBuffer:%11	*stack_alloc@GetFvbByAddressAndAttribute[i8*** %9]
</harden/bcfiles/edk_bcfiles/FaultTolerantWriteSmm.bc>:GetFvbCountAndBuffer:%16	</harden/bcfiles/edk_bcfiles/FaultTolerantWriteSmm.bc>:GetFvbCountAndBuffer:%11	*stack_alloc@GetFvbByAddressAndAttribute[i8*** %9][0]
</harden/bcfiles/edk_bcfiles/FaultTolerantWriteSmm.bc>:GetFvbCountAndBuffer:%16	</harden/bcfiles/edk_bcfiles/FaultTolerantWriteSmm.bc>:GetFvbCountAndBuffer:%42	*stack_alloc@GetFvbByAddressAndAttribute[i8*** %9]
</harden/bcfiles/edk_bcfiles/FaultTolerantWriteSmm.bc>:GetFvbCountAndBuffer:%16	</harden/bcfiles/edk_bcfiles/FaultTolerantWriteSmm.bc>:GetFvbCountAndBuffer:%42	*stack_alloc@GetFvbByAddressAndAttribute[i8*** %9][0]
</harden/bcfiles/edk_bcfiles/FaultTolerantWriteSmm.bc>:GetFvbCountAndBuffer:%16	</harden/bcfiles/edk_bcfiles/FaultTolerantWriteSmm.bc>:GetFvbCountAndBuffer:%1	*stack_alloc@GetFvbByAddressAndAttribute[i8*** %9]
</harden/bcfiles/edk_bcfiles/FaultTolerantWriteSmm.bc>:GetFvbCountAndBuffer:%16	</harden/bcfiles/edk_bcfiles/FaultTolerantWriteSmm.bc>:GetFvbByAddressAndAttribute:%9	*stack_alloc@GetFvbByAddressAndAttribute[i8*** %9]
</harden/bcfiles/edk_bcfiles/FaultTolerantWriteSmm.bc>:GetFvbCountAndBuffer:%15	</harden/bcfiles/edk_bcfiles/FaultTolerantWriteSmm.bc>:GetFvbCountAndBuffer:%47	*stack_alloc@GetFvbByAddressAndAttribute[i64* %10]
</harden/bcfiles/edk_bcfiles/FaultTolerantWriteSmm.bc>:GetFvbCountAndBuffer:%15	</harden/bcfiles/edk_bcfiles/FaultTolerantWriteSmm.bc>:GetFvbCountAndBuffer:%47	*stack_alloc@GetFvbByAddressAndAttribute[i64* %10][0]
</harden/bcfiles/edk_bcfiles/FaultTolerantWriteSmm.bc>:GetFvbCountAndBuffer:%15	</harden/bcfiles/edk_bcfiles/FaultTolerantWriteSmm.bc>:GetFvbCountAndBuffer:%8	*stack_alloc@GetFvbByAddressAndAttribute[i64* %10]
</harden/bcfiles/edk_bcfiles/FaultTolerantWriteSmm.bc>:GetFvbCountAndBuffer:%15	</harden/bcfiles/edk_bcfiles/FaultTolerantWriteSmm.bc>:GetFvbCountAndBuffer:%8	*stack_alloc@GetFvbByAddressAndAttribute[i64* %10][0]
</harden/bcfiles/edk_bcfiles/FaultTolerantWriteSmm.bc>:GetFvbCountAndBuffer:%15	</harden/bcfiles/edk_bcfiles/FaultTolerantWriteSmm.bc>:GetFvbCountAndBuffer:%51	*stack_alloc@GetFvbByAddressAndAttribute[i64* %10]
</harden/bcfiles/edk_bcfiles/FaultTolerantWriteSmm.bc>:GetFvbCountAndBuffer:%15	</harden/bcfiles/edk_bcfiles/FaultTolerantWriteSmm.bc>:GetFvbCountAndBuffer:%51	*stack_alloc@GetFvbByAddressAndAttribute[i64* %10][0]
</harden/bcfiles/edk_bcfiles/FaultTolerantWriteSmm.bc>:GetFvbCountAndBuffer:%15	</harden/bcfiles/edk_bcfiles/FaultTolerantWriteSmm.bc>:GetFvbCountAndBuffer:%0	*stack_alloc@GetFvbByAddressAndAttribute[i64* %10]
</harden/bcfiles/edk_bcfiles/FaultTolerantWriteSmm.bc>:GetFvbCountAndBuffer:%15	</harden/bcfiles/edk_bcfiles/FaultTolerantWriteSmm.bc>:GetFvbByAddressAndAttribute:%10	*stack_alloc@GetFvbByAddressAndAttribute[i64* %10]
</harden/bcfiles/edk_bcfiles/FaultTolerantWriteSmm.bc>:GetFvbCountAndBuffer:%42	</harden/bcfiles/edk_bcfiles/FaultTolerantWriteSmm.bc>:GetFvbCountAndBuffer:%55	*stack_alloc@GetFvbByAddressAndAttribute[i8*** %9]
</harden/bcfiles/edk_bcfiles/FaultTolerantWriteSmm.bc>:GetFvbCountAndBuffer:%42	</harden/bcfiles/edk_bcfiles/FaultTolerantWriteSmm.bc>:GetFvbCountAndBuffer:%55	*stack_alloc@GetFvbByAddressAndAttribute[i8*** %9][0]
</harden/bcfiles/edk_bcfiles/FaultTolerantWriteSmm.bc>:GetFvbCountAndBuffer:%42	</harden/bcfiles/edk_bcfiles/FaultTolerantWriteSmm.bc>:GetFvbCountAndBuffer:%52	*stack_alloc@GetFvbByAddressAndAttribute[i8*** %9]
</harden/bcfiles/edk_bcfiles/FaultTolerantWriteSmm.bc>:GetFvbCountAndBuffer:%42	</harden/bcfiles/edk_bcfiles/FaultTolerantWriteSmm.bc>:GetFvbCountAndBuffer:%52	*stack_alloc@GetFvbByAddressAndAttribute[i8*** %9][0]
</harden/bcfiles/edk_bcfiles/FaultTolerantWriteSmm.bc>:GetFvbCountAndBuffer:%42	</harden/bcfiles/edk_bcfiles/FaultTolerantWriteSmm.bc>:GetFvbCountAndBuffer:%33	*stack_alloc@GetFvbByAddressAndAttribute[i8*** %9]
</harden/bcfiles/edk_bcfiles/FaultTolerantWriteSmm.bc>:GetFvbCountAndBuffer:%42	</harden/bcfiles/edk_bcfiles/FaultTolerantWriteSmm.bc>:GetFvbCountAndBuffer:%33	*stack_alloc@GetFvbByAddressAndAttribute[i8*** %9][0]
</harden/bcfiles/edk_bcfiles/FaultTolerantWriteSmm.bc>:GetFvbCountAndBuffer:%42	</harden/bcfiles/edk_bcfiles/FaultTolerantWriteSmm.bc>:GetFvbCountAndBuffer:%20	*stack_alloc@GetFvbByAddressAndAttribute[i8*** %9]
</harden/bcfiles/edk_bcfiles/FaultTolerantWriteSmm.bc>:GetFvbCountAndBuffer:%42	</harden/bcfiles/edk_bcfiles/FaultTolerantWriteSmm.bc>:GetFvbCountAndBuffer:%20	*stack_alloc@GetFvbByAddressAndAttribute[i8*** %9][0]
</harden/bcfiles/edk_bcfiles/FaultTolerantWriteSmm.bc>:GetFvbCountAndBuffer:%42	</harden/bcfiles/edk_bcfiles/FaultTolerantWriteSmm.bc>:GetFvbCountAndBuffer:%34	*stack_alloc@GetFvbByAddressAndAttribute[i8*** %9]
</harden/bcfiles/edk_bcfiles/FaultTolerantWriteSmm.bc>:GetFvbCountAndBuffer:%42	</harden/bcfiles/edk_bcfiles/FaultTolerantWriteSmm.bc>:GetFvbCountAndBuffer:%34	*stack_alloc@GetFvbByAddressAndAttribute[i8*** %9][0]
</harden/bcfiles/edk_bcfiles/FaultTolerantWriteSmm.bc>:GetFvbCountAndBuffer:%42	</harden/bcfiles/edk_bcfiles/FaultTolerantWriteSmm.bc>:GetFvbCountAndBuffer:%11	*stack_alloc@GetFvbByAddressAndAttribute[i8*** %9]
</harden/bcfiles/edk_bcfiles/FaultTolerantWriteSmm.bc>:GetFvbCountAndBuffer:%42	</harden/bcfiles/edk_bcfiles/FaultTolerantWriteSmm.bc>:GetFvbCountAndBuffer:%11	*stack_alloc@GetFvbByAddressAndAttribute[i8*** %9][0]
</harden/bcfiles/edk_bcfiles/FaultTolerantWriteSmm.bc>:GetFvbCountAndBuffer:%42	</harden/bcfiles/edk_bcfiles/FaultTolerantWriteSmm.bc>:GetFvbCountAndBuffer:%16	*stack_alloc@GetFvbByAddressAndAttribute[i8*** %9]
</harden/bcfiles/edk_bcfiles/FaultTolerantWriteSmm.bc>:GetFvbCountAndBuffer:%42	</harden/bcfiles/edk_bcfiles/FaultTolerantWriteSmm.bc>:GetFvbCountAndBuffer:%16	*stack_alloc@GetFvbByAddressAndAttribute[i8*** %9][0]
</harden/bcfiles/edk_bcfiles/FaultTolerantWriteSmm.bc>:GetFvbCountAndBuffer:%42	</harden/bcfiles/edk_bcfiles/FaultTolerantWriteSmm.bc>:GetFvbCountAndBuffer:%1	*stack_alloc@GetFvbByAddressAndAttribute[i8*** %9]
</harden/bcfiles/edk_bcfiles/FaultTolerantWriteSmm.bc>:GetFvbCountAndBuffer:%42	</harden/bcfiles/edk_bcfiles/FaultTolerantWriteSmm.bc>:GetFvbByAddressAndAttribute:%9	*stack_alloc@GetFvbByAddressAndAttribute[i8*** %9]
</harden/bcfiles/edk_bcfiles/FaultTolerantWriteSmm.bc>:GetFvbCountAndBuffer:%51	</harden/bcfiles/edk_bcfiles/FaultTolerantWriteSmm.bc>:GetFvbCountAndBuffer:%47	*stack_alloc@GetFvbByAddressAndAttribute[i64* %10]
</harden/bcfiles/edk_bcfiles/FaultTolerantWriteSmm.bc>:GetFvbCountAndBuffer:%51	</harden/bcfiles/edk_bcfiles/FaultTolerantWriteSmm.bc>:GetFvbCountAndBuffer:%47	*stack_alloc@GetFvbByAddressAndAttribute[i64* %10][0]
</harden/bcfiles/edk_bcfiles/FaultTolerantWriteSmm.bc>:GetFvbCountAndBuffer:%51	</harden/bcfiles/edk_bcfiles/FaultTolerantWriteSmm.bc>:GetFvbCountAndBuffer:%8	*stack_alloc@GetFvbByAddressAndAttribute[i64* %10]
</harden/bcfiles/edk_bcfiles/FaultTolerantWriteSmm.bc>:GetFvbCountAndBuffer:%51	</harden/bcfiles/edk_bcfiles/FaultTolerantWriteSmm.bc>:GetFvbCountAndBuffer:%8	*stack_alloc@GetFvbByAddressAndAttribute[i64* %10][0]
</harden/bcfiles/edk_bcfiles/FaultTolerantWriteSmm.bc>:GetFvbCountAndBuffer:%51	</harden/bcfiles/edk_bcfiles/FaultTolerantWriteSmm.bc>:GetFvbCountAndBuffer:%15	*stack_alloc@GetFvbByAddressAndAttribute[i64* %10]
</harden/bcfiles/edk_bcfiles/FaultTolerantWriteSmm.bc>:GetFvbCountAndBuffer:%51	</harden/bcfiles/edk_bcfiles/FaultTolerantWriteSmm.bc>:GetFvbCountAndBuffer:%15	*stack_alloc@GetFvbByAddressAndAttribute[i64* %10][0]
</harden/bcfiles/edk_bcfiles/FaultTolerantWriteSmm.bc>:GetFvbCountAndBuffer:%51	</harden/bcfiles/edk_bcfiles/FaultTolerantWriteSmm.bc>:GetFvbCountAndBuffer:%0	*stack_alloc@GetFvbByAddressAndAttribute[i64* %10]
</harden/bcfiles/edk_bcfiles/FaultTolerantWriteSmm.bc>:GetFvbCountAndBuffer:%51	</harden/bcfiles/edk_bcfiles/FaultTolerantWriteSmm.bc>:GetFvbByAddressAndAttribute:%10	*stack_alloc@GetFvbByAddressAndAttribute[i64* %10]
</harden/bcfiles/edk_bcfiles/FaultTolerantWriteSmm.bc>:GetFvbCountAndBuffer:%1	</harden/bcfiles/edk_bcfiles/FaultTolerantWriteSmm.bc>:GetFvbCountAndBuffer:%55	*stack_alloc@GetFvbByAddressAndAttribute[i8*** %9]
</harden/bcfiles/edk_bcfiles/FaultTolerantWriteSmm.bc>:GetFvbCountAndBuffer:%1	</harden/bcfiles/edk_bcfiles/FaultTolerantWriteSmm.bc>:GetFvbCountAndBuffer:%52	*stack_alloc@GetFvbByAddressAndAttribute[i8*** %9]
</harden/bcfiles/edk_bcfiles/FaultTolerantWriteSmm.bc>:GetFvbCountAndBuffer:%1	</harden/bcfiles/edk_bcfiles/FaultTolerantWriteSmm.bc>:GetFvbCountAndBuffer:%33	*stack_alloc@GetFvbByAddressAndAttribute[i8*** %9]
</harden/bcfiles/edk_bcfiles/FaultTolerantWriteSmm.bc>:GetFvbCountAndBuffer:%1	</harden/bcfiles/edk_bcfiles/FaultTolerantWriteSmm.bc>:GetFvbCountAndBuffer:%20	*stack_alloc@GetFvbByAddressAndAttribute[i8*** %9]
</harden/bcfiles/edk_bcfiles/FaultTolerantWriteSmm.bc>:GetFvbCountAndBuffer:%1	</harden/bcfiles/edk_bcfiles/FaultTolerantWriteSmm.bc>:GetFvbCountAndBuffer:%34	*stack_alloc@GetFvbByAddressAndAttribute[i8*** %9]
</harden/bcfiles/edk_bcfiles/FaultTolerantWriteSmm.bc>:GetFvbCountAndBuffer:%1	</harden/bcfiles/edk_bcfiles/FaultTolerantWriteSmm.bc>:GetFvbCountAndBuffer:%11	*stack_alloc@GetFvbByAddressAndAttribute[i8*** %9]
</harden/bcfiles/edk_bcfiles/FaultTolerantWriteSmm.bc>:GetFvbCountAndBuffer:%1	</harden/bcfiles/edk_bcfiles/FaultTolerantWriteSmm.bc>:GetFvbCountAndBuffer:%16	*stack_alloc@GetFvbByAddressAndAttribute[i8*** %9]
</harden/bcfiles/edk_bcfiles/FaultTolerantWriteSmm.bc>:GetFvbCountAndBuffer:%1	</harden/bcfiles/edk_bcfiles/FaultTolerantWriteSmm.bc>:GetFvbCountAndBuffer:%42	*stack_alloc@GetFvbByAddressAndAttribute[i8*** %9]
</harden/bcfiles/edk_bcfiles/FaultTolerantWriteSmm.bc>:GetFvbCountAndBuffer:%1	</harden/bcfiles/edk_bcfiles/FaultTolerantWriteSmm.bc>:GetFvbByAddressAndAttribute:%9	*stack_alloc@GetFvbByAddressAndAttribute[i8*** %9]
</harden/bcfiles/edk_bcfiles/FaultTolerantWriteSmm.bc>:GetFvbCountAndBuffer:%0	</harden/bcfiles/edk_bcfiles/FaultTolerantWriteSmm.bc>:GetFvbCountAndBuffer:%47	*stack_alloc@GetFvbByAddressAndAttribute[i64* %10]
</harden/bcfiles/edk_bcfiles/FaultTolerantWriteSmm.bc>:GetFvbCountAndBuffer:%0	</harden/bcfiles/edk_bcfiles/FaultTolerantWriteSmm.bc>:GetFvbCountAndBuffer:%8	*stack_alloc@GetFvbByAddressAndAttribute[i64* %10]
</harden/bcfiles/edk_bcfiles/FaultTolerantWriteSmm.bc>:GetFvbCountAndBuffer:%0	</harden/bcfiles/edk_bcfiles/FaultTolerantWriteSmm.bc>:GetFvbCountAndBuffer:%15	*stack_alloc@GetFvbByAddressAndAttribute[i64* %10]
</harden/bcfiles/edk_bcfiles/FaultTolerantWriteSmm.bc>:GetFvbCountAndBuffer:%0	</harden/bcfiles/edk_bcfiles/FaultTolerantWriteSmm.bc>:GetFvbCountAndBuffer:%51	*stack_alloc@GetFvbByAddressAndAttribute[i64* %10]
</harden/bcfiles/edk_bcfiles/FaultTolerantWriteSmm.bc>:GetFvbCountAndBuffer:%0	</harden/bcfiles/edk_bcfiles/FaultTolerantWriteSmm.bc>:GetFvbByAddressAndAttribute:%10	*stack_alloc@GetFvbByAddressAndAttribute[i64* %10]
</harden/bcfiles/edk_bcfiles/FaultTolerantWriteSmm.bc>:GetFvbByAddressAndAttribute:%14	</harden/bcfiles/edk_bcfiles/FaultTolerantWriteSmm.bc>:FtwGetFvbByHandle:%10	*stack_alloc@GetFvbByAddressAndAttribute[%struct._EFI_FIRMWARE_VOLUME_BLOCK_PROTOCOL** %14]
</harden/bcfiles/edk_bcfiles/FaultTolerantWriteSmm.bc>:GetFvbByAddressAndAttribute:%14	</harden/bcfiles/edk_bcfiles/FaultTolerantWriteSmm.bc>:FtwGetFvbByHandle:%9	*stack_alloc@GetFvbByAddressAndAttribute[%struct._EFI_FIRMWARE_VOLUME_BLOCK_PROTOCOL** %14]
</harden/bcfiles/edk_bcfiles/FaultTolerantWriteSmm.bc>:GetFvbByAddressAndAttribute:%14	</harden/bcfiles/edk_bcfiles/FaultTolerantWriteSmm.bc>:FtwGetFvbByHandle:%1	*stack_alloc@GetFvbByAddressAndAttribute[%struct._EFI_FIRMWARE_VOLUME_BLOCK_PROTOCOL** %14]
</harden/bcfiles/edk_bcfiles/FaultTolerantWriteSmm.bc>:GetFvbByAddressAndAttribute:%10	</harden/bcfiles/edk_bcfiles/FaultTolerantWriteSmm.bc>:GetFvbCountAndBuffer:%47	*stack_alloc@GetFvbByAddressAndAttribute[i64* %10]
</harden/bcfiles/edk_bcfiles/FaultTolerantWriteSmm.bc>:GetFvbByAddressAndAttribute:%10	</harden/bcfiles/edk_bcfiles/FaultTolerantWriteSmm.bc>:GetFvbCountAndBuffer:%8	*stack_alloc@GetFvbByAddressAndAttribute[i64* %10]
</harden/bcfiles/edk_bcfiles/FaultTolerantWriteSmm.bc>:GetFvbByAddressAndAttribute:%10	</harden/bcfiles/edk_bcfiles/FaultTolerantWriteSmm.bc>:GetFvbCountAndBuffer:%15	*stack_alloc@GetFvbByAddressAndAttribute[i64* %10]
</harden/bcfiles/edk_bcfiles/FaultTolerantWriteSmm.bc>:GetFvbByAddressAndAttribute:%10	</harden/bcfiles/edk_bcfiles/FaultTolerantWriteSmm.bc>:GetFvbCountAndBuffer:%51	*stack_alloc@GetFvbByAddressAndAttribute[i64* %10]
</harden/bcfiles/edk_bcfiles/FaultTolerantWriteSmm.bc>:GetFvbByAddressAndAttribute:%10	</harden/bcfiles/edk_bcfiles/FaultTolerantWriteSmm.bc>:GetFvbCountAndBuffer:%0	*stack_alloc@GetFvbByAddressAndAttribute[i64* %10]
</harden/bcfiles/edk_bcfiles/FaultTolerantWriteSmm.bc>:GetFvbByAddressAndAttribute:%9	</harden/bcfiles/edk_bcfiles/FaultTolerantWriteSmm.bc>:GetFvbCountAndBuffer:%55	*stack_alloc@GetFvbByAddressAndAttribute[i8*** %9]
</harden/bcfiles/edk_bcfiles/FaultTolerantWriteSmm.bc>:GetFvbByAddressAndAttribute:%9	</harden/bcfiles/edk_bcfiles/FaultTolerantWriteSmm.bc>:GetFvbCountAndBuffer:%52	*stack_alloc@GetFvbByAddressAndAttribute[i8*** %9]
</harden/bcfiles/edk_bcfiles/FaultTolerantWriteSmm.bc>:GetFvbByAddressAndAttribute:%9	</harden/bcfiles/edk_bcfiles/FaultTolerantWriteSmm.bc>:GetFvbCountAndBuffer:%33	*stack_alloc@GetFvbByAddressAndAttribute[i8*** %9]
</harden/bcfiles/edk_bcfiles/FaultTolerantWriteSmm.bc>:GetFvbByAddressAndAttribute:%9	</harden/bcfiles/edk_bcfiles/FaultTolerantWriteSmm.bc>:GetFvbCountAndBuffer:%20	*stack_alloc@GetFvbByAddressAndAttribute[i8*** %9]
</harden/bcfiles/edk_bcfiles/FaultTolerantWriteSmm.bc>:GetFvbByAddressAndAttribute:%9	</harden/bcfiles/edk_bcfiles/FaultTolerantWriteSmm.bc>:GetFvbCountAndBuffer:%34	*stack_alloc@GetFvbByAddressAndAttribute[i8*** %9]
</harden/bcfiles/edk_bcfiles/FaultTolerantWriteSmm.bc>:GetFvbByAddressAndAttribute:%9	</harden/bcfiles/edk_bcfiles/FaultTolerantWriteSmm.bc>:GetFvbCountAndBuffer:%11	*stack_alloc@GetFvbByAddressAndAttribute[i8*** %9]
</harden/bcfiles/edk_bcfiles/FaultTolerantWriteSmm.bc>:GetFvbByAddressAndAttribute:%9	</harden/bcfiles/edk_bcfiles/FaultTolerantWriteSmm.bc>:GetFvbCountAndBuffer:%16	*stack_alloc@GetFvbByAddressAndAttribute[i8*** %9]
</harden/bcfiles/edk_bcfiles/FaultTolerantWriteSmm.bc>:GetFvbByAddressAndAttribute:%9	</harden/bcfiles/edk_bcfiles/FaultTolerantWriteSmm.bc>:GetFvbCountAndBuffer:%42	*stack_alloc@GetFvbByAddressAndAttribute[i8*** %9]
</harden/bcfiles/edk_bcfiles/FaultTolerantWriteSmm.bc>:GetFvbByAddressAndAttribute:%9	</harden/bcfiles/edk_bcfiles/FaultTolerantWriteSmm.bc>:GetFvbCountAndBuffer:%1	*stack_alloc@GetFvbByAddressAndAttribute[i8*** %9]
</harden/bcfiles/edk_bcfiles/FaultTolerantWriteSmm.bc>:GetFvbByAddressAndAttribute:%66	</harden/bcfiles/edk_bcfiles/FaultTolerantWriteSmm.bc>:GetFvbByAddressAndAttribute:%2	*stack_alloc@SmmFaultTolerantWriteHandler[i8** %23]
</harden/bcfiles/edk_bcfiles/FaultTolerantWriteSmm.bc>:GetFvbByAddressAndAttribute:%66	</harden/bcfiles/edk_bcfiles/FaultTolerantWriteSmm.bc>:SmmFaultTolerantWriteHandler:%23	*stack_alloc@SmmFaultTolerantWriteHandler[i8** %23]
</harden/bcfiles/edk_bcfiles/FaultTolerantWriteSmm.bc>:GetFvbByAddressAndAttribute:%2	</harden/bcfiles/edk_bcfiles/FaultTolerantWriteSmm.bc>:GetFvbByAddressAndAttribute:%66	*stack_alloc@SmmFaultTolerantWriteHandler[i8** %23]
</harden/bcfiles/edk_bcfiles/FaultTolerantWriteSmm.bc>:GetFvbByAddressAndAttribute:%2	</harden/bcfiles/edk_bcfiles/FaultTolerantWriteSmm.bc>:SmmFaultTolerantWriteHandler:%23	*stack_alloc@SmmFaultTolerantWriteHandler[i8** %23]
</harden/bcfiles/edk_bcfiles/FaultTolerantWriteSmm.bc>:SmmFaultTolerantWriteHandler:%97	</harden/bcfiles/edk_bcfiles/FaultTolerantWriteSmm.bc>:SmmFaultTolerantWriteHandler:%89	*stack_alloc@SmmFaultTolerantWriteHandler[%struct.SMM_FTW_COMMUNICATE_FUNCTION_HEADER* %24]
</harden/bcfiles/edk_bcfiles/FaultTolerantWriteSmm.bc>:SmmFaultTolerantWriteHandler:%97	</harden/bcfiles/edk_bcfiles/FaultTolerantWriteSmm.bc>:SmmFaultTolerantWriteHandler:%89	*stack_alloc@SmmFaultTolerantWriteHandler[%struct.SMM_FTW_COMMUNICATE_FUNCTION_HEADER* %24][0]
</harden/bcfiles/edk_bcfiles/FaultTolerantWriteSmm.bc>:SmmFaultTolerantWriteHandler:%97	</harden/bcfiles/edk_bcfiles/FaultTolerantWriteSmm.bc>:SmmFaultTolerantWriteHandler:%89	*stack_alloc@SmmFaultTolerantWriteHandler[%struct.SMM_FTW_COMMUNICATE_FUNCTION_HEADER* %24][0].?/0
</harden/bcfiles/edk_bcfiles/FaultTolerantWriteSmm.bc>:SmmFaultTolerantWriteHandler:%97	</harden/bcfiles/edk_bcfiles/FaultTolerantWriteSmm.bc>:SmmFaultTolerantWriteHandler:%53	*stack_alloc@SmmFaultTolerantWriteHandler[%struct.SMM_FTW_COMMUNICATE_FUNCTION_HEADER* %24]
</harden/bcfiles/edk_bcfiles/FaultTolerantWriteSmm.bc>:SmmFaultTolerantWriteHandler:%97	</harden/bcfiles/edk_bcfiles/FaultTolerantWriteSmm.bc>:SmmFaultTolerantWriteHandler:%24	*stack_alloc@SmmFaultTolerantWriteHandler[%struct.SMM_FTW_COMMUNICATE_FUNCTION_HEADER* %24]
</harden/bcfiles/edk_bcfiles/FaultTolerantWriteSmm.bc>:SmmFaultTolerantWriteHandler:%95	</harden/bcfiles/edk_bcfiles/FaultTolerantWriteSmm.bc>:SmmFaultTolerantWriteHandler:%351	*stack_alloc@SmmFaultTolerantWriteHandler[%struct.SMM_FTW_COMMUNICATE_FUNCTION_HEADER* %24][0].?/2
</harden/bcfiles/edk_bcfiles/FaultTolerantWriteSmm.bc>:SmmFaultTolerantWriteHandler:%89	</harden/bcfiles/edk_bcfiles/FaultTolerantWriteSmm.bc>:SmmFaultTolerantWriteHandler:%97	*stack_alloc@SmmFaultTolerantWriteHandler[%struct.SMM_FTW_COMMUNICATE_FUNCTION_HEADER* %24]
</harden/bcfiles/edk_bcfiles/FaultTolerantWriteSmm.bc>:SmmFaultTolerantWriteHandler:%89	</harden/bcfiles/edk_bcfiles/FaultTolerantWriteSmm.bc>:SmmFaultTolerantWriteHandler:%97	*stack_alloc@SmmFaultTolerantWriteHandler[%struct.SMM_FTW_COMMUNICATE_FUNCTION_HEADER* %24][0]
</harden/bcfiles/edk_bcfiles/FaultTolerantWriteSmm.bc>:SmmFaultTolerantWriteHandler:%89	</harden/bcfiles/edk_bcfiles/FaultTolerantWriteSmm.bc>:SmmFaultTolerantWriteHandler:%97	*stack_alloc@SmmFaultTolerantWriteHandler[%struct.SMM_FTW_COMMUNICATE_FUNCTION_HEADER* %24][0].?/0
</harden/bcfiles/edk_bcfiles/FaultTolerantWriteSmm.bc>:SmmFaultTolerantWriteHandler:%89	</harden/bcfiles/edk_bcfiles/FaultTolerantWriteSmm.bc>:SmmFaultTolerantWriteHandler:%53	*stack_alloc@SmmFaultTolerantWriteHandler[%struct.SMM_FTW_COMMUNICATE_FUNCTION_HEADER* %24]
</harden/bcfiles/edk_bcfiles/FaultTolerantWriteSmm.bc>:SmmFaultTolerantWriteHandler:%89	</harden/bcfiles/edk_bcfiles/FaultTolerantWriteSmm.bc>:SmmFaultTolerantWriteHandler:%24	*stack_alloc@SmmFaultTolerantWriteHandler[%struct.SMM_FTW_COMMUNICATE_FUNCTION_HEADER* %24]
</harden/bcfiles/edk_bcfiles/FaultTolerantWriteSmm.bc>:SmmFaultTolerantWriteHandler:%53	</harden/bcfiles/edk_bcfiles/FaultTolerantWriteSmm.bc>:SmmFaultTolerantWriteHandler:%97	*stack_alloc@SmmFaultTolerantWriteHandler[%struct.SMM_FTW_COMMUNICATE_FUNCTION_HEADER* %24]
</harden/bcfiles/edk_bcfiles/FaultTolerantWriteSmm.bc>:SmmFaultTolerantWriteHandler:%53	</harden/bcfiles/edk_bcfiles/FaultTolerantWriteSmm.bc>:SmmFaultTolerantWriteHandler:%89	*stack_alloc@SmmFaultTolerantWriteHandler[%struct.SMM_FTW_COMMUNICATE_FUNCTION_HEADER* %24]
</harden/bcfiles/edk_bcfiles/FaultTolerantWriteSmm.bc>:SmmFaultTolerantWriteHandler:%53	</harden/bcfiles/edk_bcfiles/FaultTolerantWriteSmm.bc>:SmmFaultTolerantWriteHandler:%24	*stack_alloc@SmmFaultTolerantWriteHandler[%struct.SMM_FTW_COMMUNICATE_FUNCTION_HEADER* %24]
</harden/bcfiles/edk_bcfiles/FaultTolerantWriteSmm.bc>:SmmFaultTolerantWriteHandler:%351	</harden/bcfiles/edk_bcfiles/FaultTolerantWriteSmm.bc>:SmmFaultTolerantWriteHandler:%95	*stack_alloc@SmmFaultTolerantWriteHandler[%struct.SMM_FTW_COMMUNICATE_FUNCTION_HEADER* %24][0].?/2
</harden/bcfiles/edk_bcfiles/FaultTolerantWriteSmm.bc>:SmmFaultTolerantWriteHandler:%24	</harden/bcfiles/edk_bcfiles/FaultTolerantWriteSmm.bc>:SmmFaultTolerantWriteHandler:%97	*stack_alloc@SmmFaultTolerantWriteHandler[%struct.SMM_FTW_COMMUNICATE_FUNCTION_HEADER* %24]
</harden/bcfiles/edk_bcfiles/FaultTolerantWriteSmm.bc>:SmmFaultTolerantWriteHandler:%24	</harden/bcfiles/edk_bcfiles/FaultTolerantWriteSmm.bc>:SmmFaultTolerantWriteHandler:%89	*stack_alloc@SmmFaultTolerantWriteHandler[%struct.SMM_FTW_COMMUNICATE_FUNCTION_HEADER* %24]
</harden/bcfiles/edk_bcfiles/FaultTolerantWriteSmm.bc>:SmmFaultTolerantWriteHandler:%24	</harden/bcfiles/edk_bcfiles/FaultTolerantWriteSmm.bc>:SmmFaultTolerantWriteHandler:%53	*stack_alloc@SmmFaultTolerantWriteHandler[%struct.SMM_FTW_COMMUNICATE_FUNCTION_HEADER* %24]
</harden/bcfiles/edk_bcfiles/FaultTolerantWriteSmm.bc>:SmmFaultTolerantWriteHandler:%23	</harden/bcfiles/edk_bcfiles/FaultTolerantWriteSmm.bc>:GetFvbByAddressAndAttribute:%66	*stack_alloc@SmmFaultTolerantWriteHandler[i8** %23]
</harden/bcfiles/edk_bcfiles/FaultTolerantWriteSmm.bc>:SmmFaultTolerantWriteHandler:%23	</harden/bcfiles/edk_bcfiles/FaultTolerantWriteSmm.bc>:GetFvbByAddressAndAttribute:%2	*stack_alloc@SmmFaultTolerantWriteHandler[i8** %23]
