</harden/bcfiles/edk_bcfiles/FaultTolerantWriteSmm.bc>:FtwGetFvbByHandle:3	</harden/bcfiles/edk_bcfiles/FaultTolerantWriteSmm.bc>:llvm.dbg.declare	</harden/bcfiles/edk_bcfiles/FaultTolerantWriteSmm.bc>:FtwGetFvbByHandle:!267	1
</harden/bcfiles/edk_bcfiles/FaultTolerantWriteSmm.bc>:FtwGetFvbByHandle:3	</harden/bcfiles/edk_bcfiles/FaultTolerantWriteSmm.bc>:llvm.dbg.declare	</harden/bcfiles/edk_bcfiles/FaultTolerantWriteSmm.bc>:FtwGetFvbByHandle:!DIExpression()	2
</harden/bcfiles/edk_bcfiles/FaultTolerantWriteSmm.bc>:FtwGetFvbByHandle:3	</harden/bcfiles/edk_bcfiles/FaultTolerantWriteSmm.bc>:llvm.dbg.declare	</harden/bcfiles/edk_bcfiles/FaultTolerantWriteSmm.bc>:FtwGetFvbByHandle:i8** %3	0
</harden/bcfiles/edk_bcfiles/FaultTolerantWriteSmm.bc>:FtwGetFvbByHandle:5	</harden/bcfiles/edk_bcfiles/FaultTolerantWriteSmm.bc>:llvm.dbg.declare	</harden/bcfiles/edk_bcfiles/FaultTolerantWriteSmm.bc>:FtwGetFvbByHandle:!269	1
</harden/bcfiles/edk_bcfiles/FaultTolerantWriteSmm.bc>:FtwGetFvbByHandle:5	</harden/bcfiles/edk_bcfiles/FaultTolerantWriteSmm.bc>:llvm.dbg.declare	</harden/bcfiles/edk_bcfiles/FaultTolerantWriteSmm.bc>:FtwGetFvbByHandle:%struct._EFI_FIRMWARE_VOLUME_BLOCK_PROTOCOL*** %4	0
</harden/bcfiles/edk_bcfiles/FaultTolerantWriteSmm.bc>:FtwGetFvbByHandle:5	</harden/bcfiles/edk_bcfiles/FaultTolerantWriteSmm.bc>:llvm.dbg.declare	</harden/bcfiles/edk_bcfiles/FaultTolerantWriteSmm.bc>:FtwGetFvbByHandle:!DIExpression()	2
</harden/bcfiles/edk_bcfiles/FaultTolerantWriteSmm.bc>:FtwGetSarProtocol:3	</harden/bcfiles/edk_bcfiles/FaultTolerantWriteSmm.bc>:llvm.dbg.declare	</harden/bcfiles/edk_bcfiles/FaultTolerantWriteSmm.bc>:FtwGetSarProtocol:!DIExpression()	2
</harden/bcfiles/edk_bcfiles/FaultTolerantWriteSmm.bc>:FtwGetSarProtocol:3	</harden/bcfiles/edk_bcfiles/FaultTolerantWriteSmm.bc>:llvm.dbg.declare	</harden/bcfiles/edk_bcfiles/FaultTolerantWriteSmm.bc>:FtwGetSarProtocol:i8*** %2	0
</harden/bcfiles/edk_bcfiles/FaultTolerantWriteSmm.bc>:FtwGetSarProtocol:3	</harden/bcfiles/edk_bcfiles/FaultTolerantWriteSmm.bc>:llvm.dbg.declare	</harden/bcfiles/edk_bcfiles/FaultTolerantWriteSmm.bc>:FtwGetSarProtocol:!275	1
</harden/bcfiles/edk_bcfiles/FaultTolerantWriteSmm.bc>:FtwGetSarProtocol:4	</harden/bcfiles/edk_bcfiles/FaultTolerantWriteSmm.bc>:llvm.dbg.declare	</harden/bcfiles/edk_bcfiles/FaultTolerantWriteSmm.bc>:FtwGetSarProtocol:i64* %3	0
</harden/bcfiles/edk_bcfiles/FaultTolerantWriteSmm.bc>:FtwGetSarProtocol:4	</harden/bcfiles/edk_bcfiles/FaultTolerantWriteSmm.bc>:llvm.dbg.declare	</harden/bcfiles/edk_bcfiles/FaultTolerantWriteSmm.bc>:FtwGetSarProtocol:!DIExpression()	2
</harden/bcfiles/edk_bcfiles/FaultTolerantWriteSmm.bc>:FtwGetSarProtocol:4	</harden/bcfiles/edk_bcfiles/FaultTolerantWriteSmm.bc>:llvm.dbg.declare	</harden/bcfiles/edk_bcfiles/FaultTolerantWriteSmm.bc>:FtwGetSarProtocol:!277	1
</harden/bcfiles/edk_bcfiles/FaultTolerantWriteSmm.bc>:GetFvbCountAndBuffer:6	</harden/bcfiles/edk_bcfiles/FaultTolerantWriteSmm.bc>:llvm.dbg.declare	</harden/bcfiles/edk_bcfiles/FaultTolerantWriteSmm.bc>:GetFvbCountAndBuffer:!286	1
</harden/bcfiles/edk_bcfiles/FaultTolerantWriteSmm.bc>:GetFvbCountAndBuffer:6	</harden/bcfiles/edk_bcfiles/FaultTolerantWriteSmm.bc>:llvm.dbg.declare	</harden/bcfiles/edk_bcfiles/FaultTolerantWriteSmm.bc>:GetFvbCountAndBuffer:!DIExpression()	2
</harden/bcfiles/edk_bcfiles/FaultTolerantWriteSmm.bc>:GetFvbCountAndBuffer:6	</harden/bcfiles/edk_bcfiles/FaultTolerantWriteSmm.bc>:llvm.dbg.declare	</harden/bcfiles/edk_bcfiles/FaultTolerantWriteSmm.bc>:GetFvbCountAndBuffer:i64** %4	0
</harden/bcfiles/edk_bcfiles/FaultTolerantWriteSmm.bc>:GetFvbCountAndBuffer:8	</harden/bcfiles/edk_bcfiles/FaultTolerantWriteSmm.bc>:llvm.dbg.declare	</harden/bcfiles/edk_bcfiles/FaultTolerantWriteSmm.bc>:GetFvbCountAndBuffer:i8**** %5	0
</harden/bcfiles/edk_bcfiles/FaultTolerantWriteSmm.bc>:GetFvbCountAndBuffer:8	</harden/bcfiles/edk_bcfiles/FaultTolerantWriteSmm.bc>:llvm.dbg.declare	</harden/bcfiles/edk_bcfiles/FaultTolerantWriteSmm.bc>:GetFvbCountAndBuffer:!DIExpression()	2
</harden/bcfiles/edk_bcfiles/FaultTolerantWriteSmm.bc>:GetFvbCountAndBuffer:8	</harden/bcfiles/edk_bcfiles/FaultTolerantWriteSmm.bc>:llvm.dbg.declare	</harden/bcfiles/edk_bcfiles/FaultTolerantWriteSmm.bc>:GetFvbCountAndBuffer:!288	1
</harden/bcfiles/edk_bcfiles/FaultTolerantWriteSmm.bc>:GetFvbCountAndBuffer:9	</harden/bcfiles/edk_bcfiles/FaultTolerantWriteSmm.bc>:llvm.dbg.declare	</harden/bcfiles/edk_bcfiles/FaultTolerantWriteSmm.bc>:GetFvbCountAndBuffer:i64* %6	0
</harden/bcfiles/edk_bcfiles/FaultTolerantWriteSmm.bc>:GetFvbCountAndBuffer:9	</harden/bcfiles/edk_bcfiles/FaultTolerantWriteSmm.bc>:llvm.dbg.declare	</harden/bcfiles/edk_bcfiles/FaultTolerantWriteSmm.bc>:GetFvbCountAndBuffer:!290	1
</harden/bcfiles/edk_bcfiles/FaultTolerantWriteSmm.bc>:GetFvbCountAndBuffer:9	</harden/bcfiles/edk_bcfiles/FaultTolerantWriteSmm.bc>:llvm.dbg.declare	</harden/bcfiles/edk_bcfiles/FaultTolerantWriteSmm.bc>:GetFvbCountAndBuffer:!DIExpression()	2
</harden/bcfiles/edk_bcfiles/FaultTolerantWriteSmm.bc>:GetFvbCountAndBuffer:10	</harden/bcfiles/edk_bcfiles/FaultTolerantWriteSmm.bc>:llvm.dbg.declare	</harden/bcfiles/edk_bcfiles/FaultTolerantWriteSmm.bc>:GetFvbCountAndBuffer:i64* %7	0
</harden/bcfiles/edk_bcfiles/FaultTolerantWriteSmm.bc>:GetFvbCountAndBuffer:10	</harden/bcfiles/edk_bcfiles/FaultTolerantWriteSmm.bc>:llvm.dbg.declare	</harden/bcfiles/edk_bcfiles/FaultTolerantWriteSmm.bc>:GetFvbCountAndBuffer:!DIExpression()	2
</harden/bcfiles/edk_bcfiles/FaultTolerantWriteSmm.bc>:GetFvbCountAndBuffer:10	</harden/bcfiles/edk_bcfiles/FaultTolerantWriteSmm.bc>:llvm.dbg.declare	</harden/bcfiles/edk_bcfiles/FaultTolerantWriteSmm.bc>:GetFvbCountAndBuffer:!292	1
</harden/bcfiles/edk_bcfiles/FaultTolerantWriteSmm.bc>:GetFvbCountAndBuffer:40	</harden/bcfiles/edk_bcfiles/FaultTolerantWriteSmm.bc>:AllocatePool	</harden/bcfiles/edk_bcfiles/FaultTolerantWriteSmm.bc>:GetFvbCountAndBuffer:%30	0
</harden/bcfiles/edk_bcfiles/FaultTolerantWriteSmm.bc>:GetFvbCountAndBuffer:69	</harden/bcfiles/edk_bcfiles/FaultTolerantWriteSmm.bc>:FreePool	</harden/bcfiles/edk_bcfiles/FaultTolerantWriteSmm.bc>:GetFvbCountAndBuffer:%54	0
</harden/bcfiles/edk_bcfiles/FaultTolerantWriteSmm.bc>:GetFvbByAddressAndAttribute:12	</harden/bcfiles/edk_bcfiles/FaultTolerantWriteSmm.bc>:llvm.dbg.declare	</harden/bcfiles/edk_bcfiles/FaultTolerantWriteSmm.bc>:GetFvbByAddressAndAttribute:!DIExpression()	2
</harden/bcfiles/edk_bcfiles/FaultTolerantWriteSmm.bc>:GetFvbByAddressAndAttribute:12	</harden/bcfiles/edk_bcfiles/FaultTolerantWriteSmm.bc>:llvm.dbg.declare	</harden/bcfiles/edk_bcfiles/FaultTolerantWriteSmm.bc>:GetFvbByAddressAndAttribute:!325	1
</harden/bcfiles/edk_bcfiles/FaultTolerantWriteSmm.bc>:GetFvbByAddressAndAttribute:12	</harden/bcfiles/edk_bcfiles/FaultTolerantWriteSmm.bc>:llvm.dbg.declare	</harden/bcfiles/edk_bcfiles/FaultTolerantWriteSmm.bc>:GetFvbByAddressAndAttribute:i64* %5	0
</harden/bcfiles/edk_bcfiles/FaultTolerantWriteSmm.bc>:GetFvbByAddressAndAttribute:14	</harden/bcfiles/edk_bcfiles/FaultTolerantWriteSmm.bc>:llvm.dbg.declare	</harden/bcfiles/edk_bcfiles/FaultTolerantWriteSmm.bc>:GetFvbByAddressAndAttribute:!327	1
</harden/bcfiles/edk_bcfiles/FaultTolerantWriteSmm.bc>:GetFvbByAddressAndAttribute:14	</harden/bcfiles/edk_bcfiles/FaultTolerantWriteSmm.bc>:llvm.dbg.declare	</harden/bcfiles/edk_bcfiles/FaultTolerantWriteSmm.bc>:GetFvbByAddressAndAttribute:i32* %6	0
</harden/bcfiles/edk_bcfiles/FaultTolerantWriteSmm.bc>:GetFvbByAddressAndAttribute:14	</harden/bcfiles/edk_bcfiles/FaultTolerantWriteSmm.bc>:llvm.dbg.declare	</harden/bcfiles/edk_bcfiles/FaultTolerantWriteSmm.bc>:GetFvbByAddressAndAttribute:!DIExpression()	2
</harden/bcfiles/edk_bcfiles/FaultTolerantWriteSmm.bc>:GetFvbByAddressAndAttribute:16	</harden/bcfiles/edk_bcfiles/FaultTolerantWriteSmm.bc>:llvm.dbg.declare	</harden/bcfiles/edk_bcfiles/FaultTolerantWriteSmm.bc>:GetFvbByAddressAndAttribute:!329	1
</harden/bcfiles/edk_bcfiles/FaultTolerantWriteSmm.bc>:GetFvbByAddressAndAttribute:16	</harden/bcfiles/edk_bcfiles/FaultTolerantWriteSmm.bc>:llvm.dbg.declare	</harden/bcfiles/edk_bcfiles/FaultTolerantWriteSmm.bc>:GetFvbByAddressAndAttribute:i8*** %7	0
</harden/bcfiles/edk_bcfiles/FaultTolerantWriteSmm.bc>:GetFvbByAddressAndAttribute:16	</harden/bcfiles/edk_bcfiles/FaultTolerantWriteSmm.bc>:llvm.dbg.declare	</harden/bcfiles/edk_bcfiles/FaultTolerantWriteSmm.bc>:GetFvbByAddressAndAttribute:!DIExpression()	2
</harden/bcfiles/edk_bcfiles/FaultTolerantWriteSmm.bc>:GetFvbByAddressAndAttribute:17	</harden/bcfiles/edk_bcfiles/FaultTolerantWriteSmm.bc>:llvm.dbg.declare	</harden/bcfiles/edk_bcfiles/FaultTolerantWriteSmm.bc>:GetFvbByAddressAndAttribute:!331	1
</harden/bcfiles/edk_bcfiles/FaultTolerantWriteSmm.bc>:GetFvbByAddressAndAttribute:17	</harden/bcfiles/edk_bcfiles/FaultTolerantWriteSmm.bc>:llvm.dbg.declare	</harden/bcfiles/edk_bcfiles/FaultTolerantWriteSmm.bc>:GetFvbByAddressAndAttribute:!DIExpression()	2
</harden/bcfiles/edk_bcfiles/FaultTolerantWriteSmm.bc>:GetFvbByAddressAndAttribute:17	</harden/bcfiles/edk_bcfiles/FaultTolerantWriteSmm.bc>:llvm.dbg.declare	</harden/bcfiles/edk_bcfiles/FaultTolerantWriteSmm.bc>:GetFvbByAddressAndAttribute:i64* %8	0
</harden/bcfiles/edk_bcfiles/FaultTolerantWriteSmm.bc>:GetFvbByAddressAndAttribute:18	</harden/bcfiles/edk_bcfiles/FaultTolerantWriteSmm.bc>:llvm.dbg.declare	</harden/bcfiles/edk_bcfiles/FaultTolerantWriteSmm.bc>:GetFvbByAddressAndAttribute:!333	1
</harden/bcfiles/edk_bcfiles/FaultTolerantWriteSmm.bc>:GetFvbByAddressAndAttribute:18	</harden/bcfiles/edk_bcfiles/FaultTolerantWriteSmm.bc>:llvm.dbg.declare	</harden/bcfiles/edk_bcfiles/FaultTolerantWriteSmm.bc>:GetFvbByAddressAndAttribute:i8*** %9	0
</harden/bcfiles/edk_bcfiles/FaultTolerantWriteSmm.bc>:GetFvbByAddressAndAttribute:18	</harden/bcfiles/edk_bcfiles/FaultTolerantWriteSmm.bc>:llvm.dbg.declare	</harden/bcfiles/edk_bcfiles/FaultTolerantWriteSmm.bc>:GetFvbByAddressAndAttribute:!DIExpression()	2
</harden/bcfiles/edk_bcfiles/FaultTolerantWriteSmm.bc>:GetFvbByAddressAndAttribute:19	</harden/bcfiles/edk_bcfiles/FaultTolerantWriteSmm.bc>:llvm.dbg.declare	</harden/bcfiles/edk_bcfiles/FaultTolerantWriteSmm.bc>:GetFvbByAddressAndAttribute:!335	1
</harden/bcfiles/edk_bcfiles/FaultTolerantWriteSmm.bc>:GetFvbByAddressAndAttribute:19	</harden/bcfiles/edk_bcfiles/FaultTolerantWriteSmm.bc>:llvm.dbg.declare	</harden/bcfiles/edk_bcfiles/FaultTolerantWriteSmm.bc>:GetFvbByAddressAndAttribute:i64* %10	0
</harden/bcfiles/edk_bcfiles/FaultTolerantWriteSmm.bc>:GetFvbByAddressAndAttribute:19	</harden/bcfiles/edk_bcfiles/FaultTolerantWriteSmm.bc>:llvm.dbg.declare	</harden/bcfiles/edk_bcfiles/FaultTolerantWriteSmm.bc>:GetFvbByAddressAndAttribute:!DIExpression()	2
</harden/bcfiles/edk_bcfiles/FaultTolerantWriteSmm.bc>:GetFvbByAddressAndAttribute:20	</harden/bcfiles/edk_bcfiles/FaultTolerantWriteSmm.bc>:llvm.dbg.declare	</harden/bcfiles/edk_bcfiles/FaultTolerantWriteSmm.bc>:GetFvbByAddressAndAttribute:!337	1
</harden/bcfiles/edk_bcfiles/FaultTolerantWriteSmm.bc>:GetFvbByAddressAndAttribute:20	</harden/bcfiles/edk_bcfiles/FaultTolerantWriteSmm.bc>:llvm.dbg.declare	</harden/bcfiles/edk_bcfiles/FaultTolerantWriteSmm.bc>:GetFvbByAddressAndAttribute:i64* %11	0
</harden/bcfiles/edk_bcfiles/FaultTolerantWriteSmm.bc>:GetFvbByAddressAndAttribute:20	</harden/bcfiles/edk_bcfiles/FaultTolerantWriteSmm.bc>:llvm.dbg.declare	</harden/bcfiles/edk_bcfiles/FaultTolerantWriteSmm.bc>:GetFvbByAddressAndAttribute:!DIExpression()	2
</harden/bcfiles/edk_bcfiles/FaultTolerantWriteSmm.bc>:GetFvbByAddressAndAttribute:21	</harden/bcfiles/edk_bcfiles/FaultTolerantWriteSmm.bc>:llvm.dbg.declare	</harden/bcfiles/edk_bcfiles/FaultTolerantWriteSmm.bc>:GetFvbByAddressAndAttribute:!339	1
</harden/bcfiles/edk_bcfiles/FaultTolerantWriteSmm.bc>:GetFvbByAddressAndAttribute:21	</harden/bcfiles/edk_bcfiles/FaultTolerantWriteSmm.bc>:llvm.dbg.declare	</harden/bcfiles/edk_bcfiles/FaultTolerantWriteSmm.bc>:GetFvbByAddressAndAttribute:i64* %12	0
</harden/bcfiles/edk_bcfiles/FaultTolerantWriteSmm.bc>:GetFvbByAddressAndAttribute:21	</harden/bcfiles/edk_bcfiles/FaultTolerantWriteSmm.bc>:llvm.dbg.declare	</harden/bcfiles/edk_bcfiles/FaultTolerantWriteSmm.bc>:GetFvbByAddressAndAttribute:!DIExpression()	2
</harden/bcfiles/edk_bcfiles/FaultTolerantWriteSmm.bc>:GetFvbByAddressAndAttribute:22	</harden/bcfiles/edk_bcfiles/FaultTolerantWriteSmm.bc>:llvm.dbg.declare	</harden/bcfiles/edk_bcfiles/FaultTolerantWriteSmm.bc>:GetFvbByAddressAndAttribute:!341	1
</harden/bcfiles/edk_bcfiles/FaultTolerantWriteSmm.bc>:GetFvbByAddressAndAttribute:22	</harden/bcfiles/edk_bcfiles/FaultTolerantWriteSmm.bc>:llvm.dbg.declare	</harden/bcfiles/edk_bcfiles/FaultTolerantWriteSmm.bc>:GetFvbByAddressAndAttribute:i32* %13	0
</harden/bcfiles/edk_bcfiles/FaultTolerantWriteSmm.bc>:GetFvbByAddressAndAttribute:22	</harden/bcfiles/edk_bcfiles/FaultTolerantWriteSmm.bc>:llvm.dbg.declare	</harden/bcfiles/edk_bcfiles/FaultTolerantWriteSmm.bc>:GetFvbByAddressAndAttribute:!DIExpression()	2
</harden/bcfiles/edk_bcfiles/FaultTolerantWriteSmm.bc>:GetFvbByAddressAndAttribute:23	</harden/bcfiles/edk_bcfiles/FaultTolerantWriteSmm.bc>:llvm.dbg.declare	</harden/bcfiles/edk_bcfiles/FaultTolerantWriteSmm.bc>:GetFvbByAddressAndAttribute:!343	1
</harden/bcfiles/edk_bcfiles/FaultTolerantWriteSmm.bc>:GetFvbByAddressAndAttribute:23	</harden/bcfiles/edk_bcfiles/FaultTolerantWriteSmm.bc>:llvm.dbg.declare	</harden/bcfiles/edk_bcfiles/FaultTolerantWriteSmm.bc>:GetFvbByAddressAndAttribute:%struct._EFI_FIRMWARE_VOLUME_BLOCK_PROTOCOL** %14	0
</harden/bcfiles/edk_bcfiles/FaultTolerantWriteSmm.bc>:GetFvbByAddressAndAttribute:23	</harden/bcfiles/edk_bcfiles/FaultTolerantWriteSmm.bc>:llvm.dbg.declare	</harden/bcfiles/edk_bcfiles/FaultTolerantWriteSmm.bc>:GetFvbByAddressAndAttribute:!DIExpression()	2
</harden/bcfiles/edk_bcfiles/FaultTolerantWriteSmm.bc>:GetFvbByAddressAndAttribute:25	</harden/bcfiles/edk_bcfiles/FaultTolerantWriteSmm.bc>:GetFvbCountAndBuffer	</harden/bcfiles/edk_bcfiles/FaultTolerantWriteSmm.bc>:GetFvbByAddressAndAttribute:%10	0
</harden/bcfiles/edk_bcfiles/FaultTolerantWriteSmm.bc>:GetFvbByAddressAndAttribute:25	</harden/bcfiles/edk_bcfiles/FaultTolerantWriteSmm.bc>:GetFvbCountAndBuffer	</harden/bcfiles/edk_bcfiles/FaultTolerantWriteSmm.bc>:GetFvbByAddressAndAttribute:%9	1
</harden/bcfiles/edk_bcfiles/FaultTolerantWriteSmm.bc>:GetFvbByAddressAndAttribute:42	</harden/bcfiles/edk_bcfiles/FaultTolerantWriteSmm.bc>:FtwGetFvbByHandle	</harden/bcfiles/edk_bcfiles/FaultTolerantWriteSmm.bc>:GetFvbByAddressAndAttribute:%28	0
</harden/bcfiles/edk_bcfiles/FaultTolerantWriteSmm.bc>:GetFvbByAddressAndAttribute:42	</harden/bcfiles/edk_bcfiles/FaultTolerantWriteSmm.bc>:FtwGetFvbByHandle	</harden/bcfiles/edk_bcfiles/FaultTolerantWriteSmm.bc>:GetFvbByAddressAndAttribute:%14	1
</harden/bcfiles/edk_bcfiles/FaultTolerantWriteSmm.bc>:GetFvbByAddressAndAttribute:86	</harden/bcfiles/edk_bcfiles/FaultTolerantWriteSmm.bc>:FreePool	</harden/bcfiles/edk_bcfiles/FaultTolerantWriteSmm.bc>:GetFvbByAddressAndAttribute:%68	0
</harden/bcfiles/edk_bcfiles/FaultTolerantWriteSmm.bc>:GetFvbByAddressAndAttribute:95	</harden/bcfiles/edk_bcfiles/FaultTolerantWriteSmm.bc>:FreePool	</harden/bcfiles/edk_bcfiles/FaultTolerantWriteSmm.bc>:GetFvbByAddressAndAttribute:%74	0
</harden/bcfiles/edk_bcfiles/FaultTolerantWriteSmm.bc>:SmmFaultTolerantWriteHandler:21	</harden/bcfiles/edk_bcfiles/FaultTolerantWriteSmm.bc>:llvm.dbg.declare	</harden/bcfiles/edk_bcfiles/FaultTolerantWriteSmm.bc>:SmmFaultTolerantWriteHandler:!DIExpression()	2
</harden/bcfiles/edk_bcfiles/FaultTolerantWriteSmm.bc>:SmmFaultTolerantWriteHandler:21	</harden/bcfiles/edk_bcfiles/FaultTolerantWriteSmm.bc>:llvm.dbg.declare	</harden/bcfiles/edk_bcfiles/FaultTolerantWriteSmm.bc>:SmmFaultTolerantWriteHandler:!393	1
</harden/bcfiles/edk_bcfiles/FaultTolerantWriteSmm.bc>:SmmFaultTolerantWriteHandler:21	</harden/bcfiles/edk_bcfiles/FaultTolerantWriteSmm.bc>:llvm.dbg.declare	</harden/bcfiles/edk_bcfiles/FaultTolerantWriteSmm.bc>:SmmFaultTolerantWriteHandler:i8** %6	0
</harden/bcfiles/edk_bcfiles/FaultTolerantWriteSmm.bc>:SmmFaultTolerantWriteHandler:23	</harden/bcfiles/edk_bcfiles/FaultTolerantWriteSmm.bc>:llvm.dbg.declare	</harden/bcfiles/edk_bcfiles/FaultTolerantWriteSmm.bc>:SmmFaultTolerantWriteHandler:!395	1
</harden/bcfiles/edk_bcfiles/FaultTolerantWriteSmm.bc>:SmmFaultTolerantWriteHandler:23	</harden/bcfiles/edk_bcfiles/FaultTolerantWriteSmm.bc>:llvm.dbg.declare	</harden/bcfiles/edk_bcfiles/FaultTolerantWriteSmm.bc>:SmmFaultTolerantWriteHandler:!DIExpression()	2
</harden/bcfiles/edk_bcfiles/FaultTolerantWriteSmm.bc>:SmmFaultTolerantWriteHandler:23	</harden/bcfiles/edk_bcfiles/FaultTolerantWriteSmm.bc>:llvm.dbg.declare	</harden/bcfiles/edk_bcfiles/FaultTolerantWriteSmm.bc>:SmmFaultTolerantWriteHandler:i8** %7	0
</harden/bcfiles/edk_bcfiles/FaultTolerantWriteSmm.bc>:SmmFaultTolerantWriteHandler:25	</harden/bcfiles/edk_bcfiles/FaultTolerantWriteSmm.bc>:llvm.dbg.declare	</harden/bcfiles/edk_bcfiles/FaultTolerantWriteSmm.bc>:SmmFaultTolerantWriteHandler:!397	1
</harden/bcfiles/edk_bcfiles/FaultTolerantWriteSmm.bc>:SmmFaultTolerantWriteHandler:25	</harden/bcfiles/edk_bcfiles/FaultTolerantWriteSmm.bc>:llvm.dbg.declare	</harden/bcfiles/edk_bcfiles/FaultTolerantWriteSmm.bc>:SmmFaultTolerantWriteHandler:!DIExpression()	2
</harden/bcfiles/edk_bcfiles/FaultTolerantWriteSmm.bc>:SmmFaultTolerantWriteHandler:25	</harden/bcfiles/edk_bcfiles/FaultTolerantWriteSmm.bc>:llvm.dbg.declare	</harden/bcfiles/edk_bcfiles/FaultTolerantWriteSmm.bc>:SmmFaultTolerantWriteHandler:i8** %8	0
</harden/bcfiles/edk_bcfiles/FaultTolerantWriteSmm.bc>:SmmFaultTolerantWriteHandler:27	</harden/bcfiles/edk_bcfiles/FaultTolerantWriteSmm.bc>:llvm.dbg.declare	</harden/bcfiles/edk_bcfiles/FaultTolerantWriteSmm.bc>:SmmFaultTolerantWriteHandler:!399	1
</harden/bcfiles/edk_bcfiles/FaultTolerantWriteSmm.bc>:SmmFaultTolerantWriteHandler:27	</harden/bcfiles/edk_bcfiles/FaultTolerantWriteSmm.bc>:llvm.dbg.declare	</harden/bcfiles/edk_bcfiles/FaultTolerantWriteSmm.bc>:SmmFaultTolerantWriteHandler:i64** %9	0
</harden/bcfiles/edk_bcfiles/FaultTolerantWriteSmm.bc>:SmmFaultTolerantWriteHandler:27	</harden/bcfiles/edk_bcfiles/FaultTolerantWriteSmm.bc>:llvm.dbg.declare	</harden/bcfiles/edk_bcfiles/FaultTolerantWriteSmm.bc>:SmmFaultTolerantWriteHandler:!DIExpression()	2
</harden/bcfiles/edk_bcfiles/FaultTolerantWriteSmm.bc>:SmmFaultTolerantWriteHandler:28	</harden/bcfiles/edk_bcfiles/FaultTolerantWriteSmm.bc>:llvm.dbg.declare	</harden/bcfiles/edk_bcfiles/FaultTolerantWriteSmm.bc>:SmmFaultTolerantWriteHandler:i64* %10	0
</harden/bcfiles/edk_bcfiles/FaultTolerantWriteSmm.bc>:SmmFaultTolerantWriteHandler:28	</harden/bcfiles/edk_bcfiles/FaultTolerantWriteSmm.bc>:llvm.dbg.declare	</harden/bcfiles/edk_bcfiles/FaultTolerantWriteSmm.bc>:SmmFaultTolerantWriteHandler:!401	1
</harden/bcfiles/edk_bcfiles/FaultTolerantWriteSmm.bc>:SmmFaultTolerantWriteHandler:28	</harden/bcfiles/edk_bcfiles/FaultTolerantWriteSmm.bc>:llvm.dbg.declare	</harden/bcfiles/edk_bcfiles/FaultTolerantWriteSmm.bc>:SmmFaultTolerantWriteHandler:!DIExpression()	2
</harden/bcfiles/edk_bcfiles/FaultTolerantWriteSmm.bc>:SmmFaultTolerantWriteHandler:29	</harden/bcfiles/edk_bcfiles/FaultTolerantWriteSmm.bc>:llvm.dbg.declare	</harden/bcfiles/edk_bcfiles/FaultTolerantWriteSmm.bc>:SmmFaultTolerantWriteHandler:!403	1
</harden/bcfiles/edk_bcfiles/FaultTolerantWriteSmm.bc>:SmmFaultTolerantWriteHandler:29	</harden/bcfiles/edk_bcfiles/FaultTolerantWriteSmm.bc>:llvm.dbg.declare	</harden/bcfiles/edk_bcfiles/FaultTolerantWriteSmm.bc>:SmmFaultTolerantWriteHandler:%struct.SMM_FTW_GET_MAX_BLOCK_SIZE_HEADER** %11	0
</harden/bcfiles/edk_bcfiles/FaultTolerantWriteSmm.bc>:SmmFaultTolerantWriteHandler:29	</harden/bcfiles/edk_bcfiles/FaultTolerantWriteSmm.bc>:llvm.dbg.declare	</harden/bcfiles/edk_bcfiles/FaultTolerantWriteSmm.bc>:SmmFaultTolerantWriteHandler:!DIExpression()	2
</harden/bcfiles/edk_bcfiles/FaultTolerantWriteSmm.bc>:SmmFaultTolerantWriteHandler:30	</harden/bcfiles/edk_bcfiles/FaultTolerantWriteSmm.bc>:llvm.dbg.declare	</harden/bcfiles/edk_bcfiles/FaultTolerantWriteSmm.bc>:SmmFaultTolerantWriteHandler:!405	1
</harden/bcfiles/edk_bcfiles/FaultTolerantWriteSmm.bc>:SmmFaultTolerantWriteHandler:30	</harden/bcfiles/edk_bcfiles/FaultTolerantWriteSmm.bc>:llvm.dbg.declare	</harden/bcfiles/edk_bcfiles/FaultTolerantWriteSmm.bc>:SmmFaultTolerantWriteHandler:%struct.SMM_FTW_ALLOCATE_HEADER** %12	0
</harden/bcfiles/edk_bcfiles/FaultTolerantWriteSmm.bc>:SmmFaultTolerantWriteHandler:30	</harden/bcfiles/edk_bcfiles/FaultTolerantWriteSmm.bc>:llvm.dbg.declare	</harden/bcfiles/edk_bcfiles/FaultTolerantWriteSmm.bc>:SmmFaultTolerantWriteHandler:!DIExpression()	2
</harden/bcfiles/edk_bcfiles/FaultTolerantWriteSmm.bc>:SmmFaultTolerantWriteHandler:31	</harden/bcfiles/edk_bcfiles/FaultTolerantWriteSmm.bc>:llvm.dbg.declare	</harden/bcfiles/edk_bcfiles/FaultTolerantWriteSmm.bc>:SmmFaultTolerantWriteHandler:!407	1
</harden/bcfiles/edk_bcfiles/FaultTolerantWriteSmm.bc>:SmmFaultTolerantWriteHandler:31	</harden/bcfiles/edk_bcfiles/FaultTolerantWriteSmm.bc>:llvm.dbg.declare	</harden/bcfiles/edk_bcfiles/FaultTolerantWriteSmm.bc>:SmmFaultTolerantWriteHandler:%struct.SMM_FTW_WRITE_HEADER** %13	0
</harden/bcfiles/edk_bcfiles/FaultTolerantWriteSmm.bc>:SmmFaultTolerantWriteHandler:31	</harden/bcfiles/edk_bcfiles/FaultTolerantWriteSmm.bc>:llvm.dbg.declare	</harden/bcfiles/edk_bcfiles/FaultTolerantWriteSmm.bc>:SmmFaultTolerantWriteHandler:!DIExpression()	2
</harden/bcfiles/edk_bcfiles/FaultTolerantWriteSmm.bc>:SmmFaultTolerantWriteHandler:32	</harden/bcfiles/edk_bcfiles/FaultTolerantWriteSmm.bc>:llvm.dbg.declare	</harden/bcfiles/edk_bcfiles/FaultTolerantWriteSmm.bc>:SmmFaultTolerantWriteHandler:%struct.SMM_FTW_RESTART_HEADER** %14	0
</harden/bcfiles/edk_bcfiles/FaultTolerantWriteSmm.bc>:SmmFaultTolerantWriteHandler:32	</harden/bcfiles/edk_bcfiles/FaultTolerantWriteSmm.bc>:llvm.dbg.declare	</harden/bcfiles/edk_bcfiles/FaultTolerantWriteSmm.bc>:SmmFaultTolerantWriteHandler:!DIExpression()	2
</harden/bcfiles/edk_bcfiles/FaultTolerantWriteSmm.bc>:SmmFaultTolerantWriteHandler:32	</harden/bcfiles/edk_bcfiles/FaultTolerantWriteSmm.bc>:llvm.dbg.declare	</harden/bcfiles/edk_bcfiles/FaultTolerantWriteSmm.bc>:SmmFaultTolerantWriteHandler:!409	1
</harden/bcfiles/edk_bcfiles/FaultTolerantWriteSmm.bc>:SmmFaultTolerantWriteHandler:33	</harden/bcfiles/edk_bcfiles/FaultTolerantWriteSmm.bc>:llvm.dbg.declare	</harden/bcfiles/edk_bcfiles/FaultTolerantWriteSmm.bc>:SmmFaultTolerantWriteHandler:!411	1
</harden/bcfiles/edk_bcfiles/FaultTolerantWriteSmm.bc>:SmmFaultTolerantWriteHandler:33	</harden/bcfiles/edk_bcfiles/FaultTolerantWriteSmm.bc>:llvm.dbg.declare	</harden/bcfiles/edk_bcfiles/FaultTolerantWriteSmm.bc>:SmmFaultTolerantWriteHandler:%struct.SMM_FTW_GET_LAST_WRITE_HEADER** %15	0
</harden/bcfiles/edk_bcfiles/FaultTolerantWriteSmm.bc>:SmmFaultTolerantWriteHandler:33	</harden/bcfiles/edk_bcfiles/FaultTolerantWriteSmm.bc>:llvm.dbg.declare	</harden/bcfiles/edk_bcfiles/FaultTolerantWriteSmm.bc>:SmmFaultTolerantWriteHandler:!DIExpression()	2
</harden/bcfiles/edk_bcfiles/FaultTolerantWriteSmm.bc>:SmmFaultTolerantWriteHandler:34	</harden/bcfiles/edk_bcfiles/FaultTolerantWriteSmm.bc>:llvm.dbg.declare	</harden/bcfiles/edk_bcfiles/FaultTolerantWriteSmm.bc>:SmmFaultTolerantWriteHandler:!413	1
</harden/bcfiles/edk_bcfiles/FaultTolerantWriteSmm.bc>:SmmFaultTolerantWriteHandler:34	</harden/bcfiles/edk_bcfiles/FaultTolerantWriteSmm.bc>:llvm.dbg.declare	</harden/bcfiles/edk_bcfiles/FaultTolerantWriteSmm.bc>:SmmFaultTolerantWriteHandler:i64* %16	0
</harden/bcfiles/edk_bcfiles/FaultTolerantWriteSmm.bc>:SmmFaultTolerantWriteHandler:34	</harden/bcfiles/edk_bcfiles/FaultTolerantWriteSmm.bc>:llvm.dbg.declare	</harden/bcfiles/edk_bcfiles/FaultTolerantWriteSmm.bc>:SmmFaultTolerantWriteHandler:!DIExpression()	2
</harden/bcfiles/edk_bcfiles/FaultTolerantWriteSmm.bc>:SmmFaultTolerantWriteHandler:35	</harden/bcfiles/edk_bcfiles/FaultTolerantWriteSmm.bc>:llvm.dbg.declare	</harden/bcfiles/edk_bcfiles/FaultTolerantWriteSmm.bc>:SmmFaultTolerantWriteHandler:!415	1
</harden/bcfiles/edk_bcfiles/FaultTolerantWriteSmm.bc>:SmmFaultTolerantWriteHandler:35	</harden/bcfiles/edk_bcfiles/FaultTolerantWriteSmm.bc>:llvm.dbg.declare	</harden/bcfiles/edk_bcfiles/FaultTolerantWriteSmm.bc>:SmmFaultTolerantWriteHandler:!DIExpression()	2
</harden/bcfiles/edk_bcfiles/FaultTolerantWriteSmm.bc>:SmmFaultTolerantWriteHandler:35	</harden/bcfiles/edk_bcfiles/FaultTolerantWriteSmm.bc>:llvm.dbg.declare	</harden/bcfiles/edk_bcfiles/FaultTolerantWriteSmm.bc>:SmmFaultTolerantWriteHandler:i64* %17	0
</harden/bcfiles/edk_bcfiles/FaultTolerantWriteSmm.bc>:SmmFaultTolerantWriteHandler:36	</harden/bcfiles/edk_bcfiles/FaultTolerantWriteSmm.bc>:llvm.dbg.declare	</harden/bcfiles/edk_bcfiles/FaultTolerantWriteSmm.bc>:SmmFaultTolerantWriteHandler:!417	1
</harden/bcfiles/edk_bcfiles/FaultTolerantWriteSmm.bc>:SmmFaultTolerantWriteHandler:36	</harden/bcfiles/edk_bcfiles/FaultTolerantWriteSmm.bc>:llvm.dbg.declare	</harden/bcfiles/edk_bcfiles/FaultTolerantWriteSmm.bc>:SmmFaultTolerantWriteHandler:i64* %18	0
</harden/bcfiles/edk_bcfiles/FaultTolerantWriteSmm.bc>:SmmFaultTolerantWriteHandler:36	</harden/bcfiles/edk_bcfiles/FaultTolerantWriteSmm.bc>:llvm.dbg.declare	</harden/bcfiles/edk_bcfiles/FaultTolerantWriteSmm.bc>:SmmFaultTolerantWriteHandler:!DIExpression()	2
</harden/bcfiles/edk_bcfiles/FaultTolerantWriteSmm.bc>:SmmFaultTolerantWriteHandler:37	</harden/bcfiles/edk_bcfiles/FaultTolerantWriteSmm.bc>:llvm.dbg.declare	</harden/bcfiles/edk_bcfiles/FaultTolerantWriteSmm.bc>:SmmFaultTolerantWriteHandler:i64* %19	0
</harden/bcfiles/edk_bcfiles/FaultTolerantWriteSmm.bc>:SmmFaultTolerantWriteHandler:37	</harden/bcfiles/edk_bcfiles/FaultTolerantWriteSmm.bc>:llvm.dbg.declare	</harden/bcfiles/edk_bcfiles/FaultTolerantWriteSmm.bc>:SmmFaultTolerantWriteHandler:!419	1
</harden/bcfiles/edk_bcfiles/FaultTolerantWriteSmm.bc>:SmmFaultTolerantWriteHandler:37	</harden/bcfiles/edk_bcfiles/FaultTolerantWriteSmm.bc>:llvm.dbg.declare	</harden/bcfiles/edk_bcfiles/FaultTolerantWriteSmm.bc>:SmmFaultTolerantWriteHandler:!DIExpression()	2
</harden/bcfiles/edk_bcfiles/FaultTolerantWriteSmm.bc>:SmmFaultTolerantWriteHandler:38	</harden/bcfiles/edk_bcfiles/FaultTolerantWriteSmm.bc>:llvm.dbg.declare	</harden/bcfiles/edk_bcfiles/FaultTolerantWriteSmm.bc>:SmmFaultTolerantWriteHandler:!421	1
</harden/bcfiles/edk_bcfiles/FaultTolerantWriteSmm.bc>:SmmFaultTolerantWriteHandler:38	</harden/bcfiles/edk_bcfiles/FaultTolerantWriteSmm.bc>:llvm.dbg.declare	</harden/bcfiles/edk_bcfiles/FaultTolerantWriteSmm.bc>:SmmFaultTolerantWriteHandler:i64* %20	0
</harden/bcfiles/edk_bcfiles/FaultTolerantWriteSmm.bc>:SmmFaultTolerantWriteHandler:38	</harden/bcfiles/edk_bcfiles/FaultTolerantWriteSmm.bc>:llvm.dbg.declare	</harden/bcfiles/edk_bcfiles/FaultTolerantWriteSmm.bc>:SmmFaultTolerantWriteHandler:!DIExpression()	2
</harden/bcfiles/edk_bcfiles/FaultTolerantWriteSmm.bc>:SmmFaultTolerantWriteHandler:39	</harden/bcfiles/edk_bcfiles/FaultTolerantWriteSmm.bc>:llvm.dbg.declare	</harden/bcfiles/edk_bcfiles/FaultTolerantWriteSmm.bc>:SmmFaultTolerantWriteHandler:!423	1
</harden/bcfiles/edk_bcfiles/FaultTolerantWriteSmm.bc>:SmmFaultTolerantWriteHandler:39	</harden/bcfiles/edk_bcfiles/FaultTolerantWriteSmm.bc>:llvm.dbg.declare	</harden/bcfiles/edk_bcfiles/FaultTolerantWriteSmm.bc>:SmmFaultTolerantWriteHandler:i8** %21	0
</harden/bcfiles/edk_bcfiles/FaultTolerantWriteSmm.bc>:SmmFaultTolerantWriteHandler:39	</harden/bcfiles/edk_bcfiles/FaultTolerantWriteSmm.bc>:llvm.dbg.declare	</harden/bcfiles/edk_bcfiles/FaultTolerantWriteSmm.bc>:SmmFaultTolerantWriteHandler:!DIExpression()	2
</harden/bcfiles/edk_bcfiles/FaultTolerantWriteSmm.bc>:SmmFaultTolerantWriteHandler:40	</harden/bcfiles/edk_bcfiles/FaultTolerantWriteSmm.bc>:llvm.dbg.declare	</harden/bcfiles/edk_bcfiles/FaultTolerantWriteSmm.bc>:SmmFaultTolerantWriteHandler:!425	1
</harden/bcfiles/edk_bcfiles/FaultTolerantWriteSmm.bc>:SmmFaultTolerantWriteHandler:40	</harden/bcfiles/edk_bcfiles/FaultTolerantWriteSmm.bc>:llvm.dbg.declare	</harden/bcfiles/edk_bcfiles/FaultTolerantWriteSmm.bc>:SmmFaultTolerantWriteHandler:i8** %22	0
</harden/bcfiles/edk_bcfiles/FaultTolerantWriteSmm.bc>:SmmFaultTolerantWriteHandler:40	</harden/bcfiles/edk_bcfiles/FaultTolerantWriteSmm.bc>:llvm.dbg.declare	</harden/bcfiles/edk_bcfiles/FaultTolerantWriteSmm.bc>:SmmFaultTolerantWriteHandler:!DIExpression()	2
</harden/bcfiles/edk_bcfiles/FaultTolerantWriteSmm.bc>:SmmFaultTolerantWriteHandler:41	</harden/bcfiles/edk_bcfiles/FaultTolerantWriteSmm.bc>:llvm.dbg.declare	</harden/bcfiles/edk_bcfiles/FaultTolerantWriteSmm.bc>:SmmFaultTolerantWriteHandler:i8** %23	0
</harden/bcfiles/edk_bcfiles/FaultTolerantWriteSmm.bc>:SmmFaultTolerantWriteHandler:41	</harden/bcfiles/edk_bcfiles/FaultTolerantWriteSmm.bc>:llvm.dbg.declare	</harden/bcfiles/edk_bcfiles/FaultTolerantWriteSmm.bc>:SmmFaultTolerantWriteHandler:!427	1
</harden/bcfiles/edk_bcfiles/FaultTolerantWriteSmm.bc>:SmmFaultTolerantWriteHandler:41	</harden/bcfiles/edk_bcfiles/FaultTolerantWriteSmm.bc>:llvm.dbg.declare	</harden/bcfiles/edk_bcfiles/FaultTolerantWriteSmm.bc>:SmmFaultTolerantWriteHandler:!DIExpression()	2
</harden/bcfiles/edk_bcfiles/FaultTolerantWriteSmm.bc>:SmmFaultTolerantWriteHandler:42	</harden/bcfiles/edk_bcfiles/FaultTolerantWriteSmm.bc>:llvm.dbg.declare	</harden/bcfiles/edk_bcfiles/FaultTolerantWriteSmm.bc>:SmmFaultTolerantWriteHandler:!429	1
</harden/bcfiles/edk_bcfiles/FaultTolerantWriteSmm.bc>:SmmFaultTolerantWriteHandler:42	</harden/bcfiles/edk_bcfiles/FaultTolerantWriteSmm.bc>:llvm.dbg.declare	</harden/bcfiles/edk_bcfiles/FaultTolerantWriteSmm.bc>:SmmFaultTolerantWriteHandler:%struct.SMM_FTW_COMMUNICATE_FUNCTION_HEADER* %24	0
</harden/bcfiles/edk_bcfiles/FaultTolerantWriteSmm.bc>:SmmFaultTolerantWriteHandler:42	</harden/bcfiles/edk_bcfiles/FaultTolerantWriteSmm.bc>:llvm.dbg.declare	</harden/bcfiles/edk_bcfiles/FaultTolerantWriteSmm.bc>:SmmFaultTolerantWriteHandler:!DIExpression()	2
</harden/bcfiles/edk_bcfiles/FaultTolerantWriteSmm.bc>:SmmFaultTolerantWriteHandler:57	</harden/bcfiles/edk_bcfiles/FaultTolerantWriteSmm.bc>:FtwSmmIsBufferOutsideSmmValid	</harden/bcfiles/edk_bcfiles/FaultTolerantWriteSmm.bc>:SmmFaultTolerantWriteHandler:%35	0
</harden/bcfiles/edk_bcfiles/FaultTolerantWriteSmm.bc>:SmmFaultTolerantWriteHandler:57	</harden/bcfiles/edk_bcfiles/FaultTolerantWriteSmm.bc>:FtwSmmIsBufferOutsideSmmValid	</harden/bcfiles/edk_bcfiles/FaultTolerantWriteSmm.bc>:SmmFaultTolerantWriteHandler:%36	1
</harden/bcfiles/edk_bcfiles/FaultTolerantWriteSmm.bc>:SmmFaultTolerantWriteHandler:65	</harden/bcfiles/edk_bcfiles/FaultTolerantWriteSmm.bc>:DebugPrintLevelEnabled	</harden/bcfiles/edk_bcfiles/FaultTolerantWriteSmm.bc>:SmmFaultTolerantWriteHandler:65:1:2147483648	0
</harden/bcfiles/edk_bcfiles/FaultTolerantWriteSmm.bc>:SmmFaultTolerantWriteHandler:68	</harden/bcfiles/edk_bcfiles/FaultTolerantWriteSmm.bc>:DebugPrint	</harden/bcfiles/edk_bcfiles/FaultTolerantWriteSmm.bc>:SmmFaultTolerantWriteHandler:68:1:2147483648	0
</harden/bcfiles/edk_bcfiles/FaultTolerantWriteSmm.bc>:SmmFaultTolerantWriteHandler:68	</harden/bcfiles/edk_bcfiles/FaultTolerantWriteSmm.bc>:DebugPrint	</harden/bcfiles/edk_bcfiles/FaultTolerantWriteSmm.bc>:SmmFaultTolerantWriteHandler:68:2:getelementptr inbounds ([63 x i8], [63 x i8]* @.str, i64 0, i64 0)	1
</harden/bcfiles/edk_bcfiles/FaultTolerantWriteSmm.bc>:SmmFaultTolerantWriteHandler:77	</harden/bcfiles/edk_bcfiles/FaultTolerantWriteSmm.bc>:CopyMem	</harden/bcfiles/edk_bcfiles/FaultTolerantWriteSmm.bc>:SmmFaultTolerantWriteHandler:%53	0
</harden/bcfiles/edk_bcfiles/FaultTolerantWriteSmm.bc>:SmmFaultTolerantWriteHandler:77	</harden/bcfiles/edk_bcfiles/FaultTolerantWriteSmm.bc>:CopyMem	</harden/bcfiles/edk_bcfiles/FaultTolerantWriteSmm.bc>:SmmFaultTolerantWriteHandler:%54	1
</harden/bcfiles/edk_bcfiles/FaultTolerantWriteSmm.bc>:SmmFaultTolerantWriteHandler:77	</harden/bcfiles/edk_bcfiles/FaultTolerantWriteSmm.bc>:CopyMem	</harden/bcfiles/edk_bcfiles/FaultTolerantWriteSmm.bc>:SmmFaultTolerantWriteHandler:77:1:32	2
</harden/bcfiles/edk_bcfiles/FaultTolerantWriteSmm.bc>:SmmFaultTolerantWriteHandler:91	</harden/bcfiles/edk_bcfiles/FaultTolerantWriteSmm.bc>:DebugPrintLevelEnabled	</harden/bcfiles/edk_bcfiles/FaultTolerantWriteSmm.bc>:SmmFaultTolerantWriteHandler:91:1:2147483648	0
</harden/bcfiles/edk_bcfiles/FaultTolerantWriteSmm.bc>:SmmFaultTolerantWriteHandler:94	</harden/bcfiles/edk_bcfiles/FaultTolerantWriteSmm.bc>:DebugPrint	</harden/bcfiles/edk_bcfiles/FaultTolerantWriteSmm.bc>:SmmFaultTolerantWriteHandler:94:1:2147483648	0
</harden/bcfiles/edk_bcfiles/FaultTolerantWriteSmm.bc>:SmmFaultTolerantWriteHandler:94	</harden/bcfiles/edk_bcfiles/FaultTolerantWriteSmm.bc>:DebugPrint	</harden/bcfiles/edk_bcfiles/FaultTolerantWriteSmm.bc>:SmmFaultTolerantWriteHandler:94:2:getelementptr inbounds ([55 x i8], [55 x i8]* @.str.1, i64 0, i64 0)	1
</harden/bcfiles/edk_bcfiles/FaultTolerantWriteSmm.bc>:SmmFaultTolerantWriteHandler:112	</harden/bcfiles/edk_bcfiles/FaultTolerantWriteSmm.bc>:DebugPrintLevelEnabled	</harden/bcfiles/edk_bcfiles/FaultTolerantWriteSmm.bc>:SmmFaultTolerantWriteHandler:112:1:2147483648	0
</harden/bcfiles/edk_bcfiles/FaultTolerantWriteSmm.bc>:SmmFaultTolerantWriteHandler:117	</harden/bcfiles/edk_bcfiles/FaultTolerantWriteSmm.bc>:DebugPrint	</harden/bcfiles/edk_bcfiles/FaultTolerantWriteSmm.bc>:SmmFaultTolerantWriteHandler:%90	2
</harden/bcfiles/edk_bcfiles/FaultTolerantWriteSmm.bc>:SmmFaultTolerantWriteHandler:117	</harden/bcfiles/edk_bcfiles/FaultTolerantWriteSmm.bc>:DebugPrint	</harden/bcfiles/edk_bcfiles/FaultTolerantWriteSmm.bc>:SmmFaultTolerantWriteHandler:117:1:2147483648	0
</harden/bcfiles/edk_bcfiles/FaultTolerantWriteSmm.bc>:SmmFaultTolerantWriteHandler:117	</harden/bcfiles/edk_bcfiles/FaultTolerantWriteSmm.bc>:DebugPrint	</harden/bcfiles/edk_bcfiles/FaultTolerantWriteSmm.bc>:SmmFaultTolerantWriteHandler:117:2:getelementptr inbounds ([85 x i8], [85 x i8]* @.str.2, i64 0, i64 0)	1
</harden/bcfiles/edk_bcfiles/FaultTolerantWriteSmm.bc>:SmmFaultTolerantWriteHandler:137	</harden/bcfiles/edk_bcfiles/FaultTolerantWriteSmm.bc>:DebugPrintLevelEnabled	</harden/bcfiles/edk_bcfiles/FaultTolerantWriteSmm.bc>:SmmFaultTolerantWriteHandler:137:1:2147483648	0
</harden/bcfiles/edk_bcfiles/FaultTolerantWriteSmm.bc>:SmmFaultTolerantWriteHandler:140	</harden/bcfiles/edk_bcfiles/FaultTolerantWriteSmm.bc>:DebugPrint	</harden/bcfiles/edk_bcfiles/FaultTolerantWriteSmm.bc>:SmmFaultTolerantWriteHandler:140:1:2147483648	0
</harden/bcfiles/edk_bcfiles/FaultTolerantWriteSmm.bc>:SmmFaultTolerantWriteHandler:140	</harden/bcfiles/edk_bcfiles/FaultTolerantWriteSmm.bc>:DebugPrint	</harden/bcfiles/edk_bcfiles/FaultTolerantWriteSmm.bc>:SmmFaultTolerantWriteHandler:140:2:getelementptr inbounds ([57 x i8], [57 x i8]* @.str.3, i64 0, i64 0)	1
</harden/bcfiles/edk_bcfiles/FaultTolerantWriteSmm.bc>:SmmFaultTolerantWriteHandler:154	</harden/bcfiles/edk_bcfiles/FaultTolerantWriteSmm.bc>:FtwGetMaxBlockSize	</harden/bcfiles/edk_bcfiles/FaultTolerantWriteSmm.bc>:SmmFaultTolerantWriteHandler:%121	1
</harden/bcfiles/edk_bcfiles/FaultTolerantWriteSmm.bc>:SmmFaultTolerantWriteHandler:154	</harden/bcfiles/edk_bcfiles/FaultTolerantWriteSmm.bc>:FtwGetMaxBlockSize	</harden/bcfiles/edk_bcfiles/FaultTolerantWriteSmm.bc>:SmmFaultTolerantWriteHandler:%119	0
</harden/bcfiles/edk_bcfiles/FaultTolerantWriteSmm.bc>:SmmFaultTolerantWriteHandler:165	</harden/bcfiles/edk_bcfiles/FaultTolerantWriteSmm.bc>:DebugPrintLevelEnabled	</harden/bcfiles/edk_bcfiles/FaultTolerantWriteSmm.bc>:SmmFaultTolerantWriteHandler:165:1:2147483648	0
</harden/bcfiles/edk_bcfiles/FaultTolerantWriteSmm.bc>:SmmFaultTolerantWriteHandler:168	</harden/bcfiles/edk_bcfiles/FaultTolerantWriteSmm.bc>:DebugPrint	</harden/bcfiles/edk_bcfiles/FaultTolerantWriteSmm.bc>:SmmFaultTolerantWriteHandler:168:1:2147483648	0
</harden/bcfiles/edk_bcfiles/FaultTolerantWriteSmm.bc>:SmmFaultTolerantWriteHandler:168	</harden/bcfiles/edk_bcfiles/FaultTolerantWriteSmm.bc>:DebugPrint	</harden/bcfiles/edk_bcfiles/FaultTolerantWriteSmm.bc>:SmmFaultTolerantWriteHandler:168:2:getelementptr inbounds ([50 x i8], [50 x i8]* @.str.4, i64 0, i64 0)	1
</harden/bcfiles/edk_bcfiles/FaultTolerantWriteSmm.bc>:SmmFaultTolerantWriteHandler:188	</harden/bcfiles/edk_bcfiles/FaultTolerantWriteSmm.bc>:FtwAllocate	</harden/bcfiles/edk_bcfiles/FaultTolerantWriteSmm.bc>:SmmFaultTolerantWriteHandler:%151	3
</harden/bcfiles/edk_bcfiles/FaultTolerantWriteSmm.bc>:SmmFaultTolerantWriteHandler:188	</harden/bcfiles/edk_bcfiles/FaultTolerantWriteSmm.bc>:FtwAllocate	</harden/bcfiles/edk_bcfiles/FaultTolerantWriteSmm.bc>:SmmFaultTolerantWriteHandler:%148	2
</harden/bcfiles/edk_bcfiles/FaultTolerantWriteSmm.bc>:SmmFaultTolerantWriteHandler:188	</harden/bcfiles/edk_bcfiles/FaultTolerantWriteSmm.bc>:FtwAllocate	</harden/bcfiles/edk_bcfiles/FaultTolerantWriteSmm.bc>:SmmFaultTolerantWriteHandler:%143	0
</harden/bcfiles/edk_bcfiles/FaultTolerantWriteSmm.bc>:SmmFaultTolerantWriteHandler:188	</harden/bcfiles/edk_bcfiles/FaultTolerantWriteSmm.bc>:FtwAllocate	</harden/bcfiles/edk_bcfiles/FaultTolerantWriteSmm.bc>:SmmFaultTolerantWriteHandler:%145	1
</harden/bcfiles/edk_bcfiles/FaultTolerantWriteSmm.bc>:SmmFaultTolerantWriteHandler:199	</harden/bcfiles/edk_bcfiles/FaultTolerantWriteSmm.bc>:DebugPrintLevelEnabled	</harden/bcfiles/edk_bcfiles/FaultTolerantWriteSmm.bc>:SmmFaultTolerantWriteHandler:199:1:2147483648	0
</harden/bcfiles/edk_bcfiles/FaultTolerantWriteSmm.bc>:SmmFaultTolerantWriteHandler:202	</harden/bcfiles/edk_bcfiles/FaultTolerantWriteSmm.bc>:DebugPrint	</harden/bcfiles/edk_bcfiles/FaultTolerantWriteSmm.bc>:SmmFaultTolerantWriteHandler:202:1:2147483648	0
</harden/bcfiles/edk_bcfiles/FaultTolerantWriteSmm.bc>:SmmFaultTolerantWriteHandler:202	</harden/bcfiles/edk_bcfiles/FaultTolerantWriteSmm.bc>:DebugPrint	</harden/bcfiles/edk_bcfiles/FaultTolerantWriteSmm.bc>:SmmFaultTolerantWriteHandler:202:2:getelementptr inbounds ([47 x i8], [47 x i8]* @.str.5, i64 0, i64 0)	1
</harden/bcfiles/edk_bcfiles/FaultTolerantWriteSmm.bc>:SmmFaultTolerantWriteHandler:246	</harden/bcfiles/edk_bcfiles/FaultTolerantWriteSmm.bc>:DebugPrintLevelEnabled	</harden/bcfiles/edk_bcfiles/FaultTolerantWriteSmm.bc>:SmmFaultTolerantWriteHandler:246:1:2147483648	0
</harden/bcfiles/edk_bcfiles/FaultTolerantWriteSmm.bc>:SmmFaultTolerantWriteHandler:249	</harden/bcfiles/edk_bcfiles/FaultTolerantWriteSmm.bc>:DebugPrint	</harden/bcfiles/edk_bcfiles/FaultTolerantWriteSmm.bc>:SmmFaultTolerantWriteHandler:249:1:2147483648	0
</harden/bcfiles/edk_bcfiles/FaultTolerantWriteSmm.bc>:SmmFaultTolerantWriteHandler:249	</harden/bcfiles/edk_bcfiles/FaultTolerantWriteSmm.bc>:DebugPrint	</harden/bcfiles/edk_bcfiles/FaultTolerantWriteSmm.bc>:SmmFaultTolerantWriteHandler:249:2:getelementptr inbounds ([58 x i8], [58 x i8]* @.str.6, i64 0, i64 0)	1
</harden/bcfiles/edk_bcfiles/FaultTolerantWriteSmm.bc>:SmmFaultTolerantWriteHandler:273	</harden/bcfiles/edk_bcfiles/FaultTolerantWriteSmm.bc>:GetFvbByAddressAndAttribute	</harden/bcfiles/edk_bcfiles/FaultTolerantWriteSmm.bc>:SmmFaultTolerantWriteHandler:%224	1
</harden/bcfiles/edk_bcfiles/FaultTolerantWriteSmm.bc>:SmmFaultTolerantWriteHandler:273	</harden/bcfiles/edk_bcfiles/FaultTolerantWriteSmm.bc>:GetFvbByAddressAndAttribute	</harden/bcfiles/edk_bcfiles/FaultTolerantWriteSmm.bc>:SmmFaultTolerantWriteHandler:%221	0
</harden/bcfiles/edk_bcfiles/FaultTolerantWriteSmm.bc>:SmmFaultTolerantWriteHandler:273	</harden/bcfiles/edk_bcfiles/FaultTolerantWriteSmm.bc>:GetFvbByAddressAndAttribute	</harden/bcfiles/edk_bcfiles/FaultTolerantWriteSmm.bc>:SmmFaultTolerantWriteHandler:%23	2
</harden/bcfiles/edk_bcfiles/FaultTolerantWriteSmm.bc>:SmmFaultTolerantWriteHandler:293	</harden/bcfiles/edk_bcfiles/FaultTolerantWriteSmm.bc>:FtwWrite	</harden/bcfiles/edk_bcfiles/FaultTolerantWriteSmm.bc>:SmmFaultTolerantWriteHandler:%242	6
</harden/bcfiles/edk_bcfiles/FaultTolerantWriteSmm.bc>:SmmFaultTolerantWriteHandler:293	</harden/bcfiles/edk_bcfiles/FaultTolerantWriteSmm.bc>:FtwWrite	</harden/bcfiles/edk_bcfiles/FaultTolerantWriteSmm.bc>:SmmFaultTolerantWriteHandler:%239	5
</harden/bcfiles/edk_bcfiles/FaultTolerantWriteSmm.bc>:SmmFaultTolerantWriteHandler:293	</harden/bcfiles/edk_bcfiles/FaultTolerantWriteSmm.bc>:FtwWrite	</harden/bcfiles/edk_bcfiles/FaultTolerantWriteSmm.bc>:SmmFaultTolerantWriteHandler:%236	2
</harden/bcfiles/edk_bcfiles/FaultTolerantWriteSmm.bc>:SmmFaultTolerantWriteHandler:293	</harden/bcfiles/edk_bcfiles/FaultTolerantWriteSmm.bc>:FtwWrite	</harden/bcfiles/edk_bcfiles/FaultTolerantWriteSmm.bc>:SmmFaultTolerantWriteHandler:%233	1
</harden/bcfiles/edk_bcfiles/FaultTolerantWriteSmm.bc>:SmmFaultTolerantWriteHandler:293	</harden/bcfiles/edk_bcfiles/FaultTolerantWriteSmm.bc>:FtwWrite	</harden/bcfiles/edk_bcfiles/FaultTolerantWriteSmm.bc>:SmmFaultTolerantWriteHandler:%230	0
</harden/bcfiles/edk_bcfiles/FaultTolerantWriteSmm.bc>:SmmFaultTolerantWriteHandler:293	</harden/bcfiles/edk_bcfiles/FaultTolerantWriteSmm.bc>:FtwWrite	</harden/bcfiles/edk_bcfiles/FaultTolerantWriteSmm.bc>:SmmFaultTolerantWriteHandler:%237	3
</harden/bcfiles/edk_bcfiles/FaultTolerantWriteSmm.bc>:SmmFaultTolerantWriteHandler:293	</harden/bcfiles/edk_bcfiles/FaultTolerantWriteSmm.bc>:FtwWrite	</harden/bcfiles/edk_bcfiles/FaultTolerantWriteSmm.bc>:SmmFaultTolerantWriteHandler:%238	4
</harden/bcfiles/edk_bcfiles/FaultTolerantWriteSmm.bc>:SmmFaultTolerantWriteHandler:305	</harden/bcfiles/edk_bcfiles/FaultTolerantWriteSmm.bc>:DebugPrintLevelEnabled	</harden/bcfiles/edk_bcfiles/FaultTolerantWriteSmm.bc>:SmmFaultTolerantWriteHandler:305:1:2147483648	0
</harden/bcfiles/edk_bcfiles/FaultTolerantWriteSmm.bc>:SmmFaultTolerantWriteHandler:308	</harden/bcfiles/edk_bcfiles/FaultTolerantWriteSmm.bc>:DebugPrint	</harden/bcfiles/edk_bcfiles/FaultTolerantWriteSmm.bc>:SmmFaultTolerantWriteHandler:308:1:2147483648	0
</harden/bcfiles/edk_bcfiles/FaultTolerantWriteSmm.bc>:SmmFaultTolerantWriteHandler:308	</harden/bcfiles/edk_bcfiles/FaultTolerantWriteSmm.bc>:DebugPrint	</harden/bcfiles/edk_bcfiles/FaultTolerantWriteSmm.bc>:SmmFaultTolerantWriteHandler:308:2:getelementptr inbounds ([49 x i8], [49 x i8]* @.str.7, i64 0, i64 0)	1
</harden/bcfiles/edk_bcfiles/FaultTolerantWriteSmm.bc>:SmmFaultTolerantWriteHandler:324	</harden/bcfiles/edk_bcfiles/FaultTolerantWriteSmm.bc>:GetFvbByAddressAndAttribute	</harden/bcfiles/edk_bcfiles/FaultTolerantWriteSmm.bc>:SmmFaultTolerantWriteHandler:%269	1
</harden/bcfiles/edk_bcfiles/FaultTolerantWriteSmm.bc>:SmmFaultTolerantWriteHandler:324	</harden/bcfiles/edk_bcfiles/FaultTolerantWriteSmm.bc>:GetFvbByAddressAndAttribute	</harden/bcfiles/edk_bcfiles/FaultTolerantWriteSmm.bc>:SmmFaultTolerantWriteHandler:%266	0
</harden/bcfiles/edk_bcfiles/FaultTolerantWriteSmm.bc>:SmmFaultTolerantWriteHandler:324	</harden/bcfiles/edk_bcfiles/FaultTolerantWriteSmm.bc>:GetFvbByAddressAndAttribute	</harden/bcfiles/edk_bcfiles/FaultTolerantWriteSmm.bc>:SmmFaultTolerantWriteHandler:%23	2
</harden/bcfiles/edk_bcfiles/FaultTolerantWriteSmm.bc>:SmmFaultTolerantWriteHandler:332	</harden/bcfiles/edk_bcfiles/FaultTolerantWriteSmm.bc>:FtwRestart	</harden/bcfiles/edk_bcfiles/FaultTolerantWriteSmm.bc>:SmmFaultTolerantWriteHandler:%275	0
</harden/bcfiles/edk_bcfiles/FaultTolerantWriteSmm.bc>:SmmFaultTolerantWriteHandler:332	</harden/bcfiles/edk_bcfiles/FaultTolerantWriteSmm.bc>:FtwRestart	</harden/bcfiles/edk_bcfiles/FaultTolerantWriteSmm.bc>:SmmFaultTolerantWriteHandler:%276	1
</harden/bcfiles/edk_bcfiles/FaultTolerantWriteSmm.bc>:SmmFaultTolerantWriteHandler:338	</harden/bcfiles/edk_bcfiles/FaultTolerantWriteSmm.bc>:FtwAbort	</harden/bcfiles/edk_bcfiles/FaultTolerantWriteSmm.bc>:SmmFaultTolerantWriteHandler:%281	0
</harden/bcfiles/edk_bcfiles/FaultTolerantWriteSmm.bc>:SmmFaultTolerantWriteHandler:349	</harden/bcfiles/edk_bcfiles/FaultTolerantWriteSmm.bc>:DebugPrintLevelEnabled	</harden/bcfiles/edk_bcfiles/FaultTolerantWriteSmm.bc>:SmmFaultTolerantWriteHandler:349:1:2147483648	0
</harden/bcfiles/edk_bcfiles/FaultTolerantWriteSmm.bc>:SmmFaultTolerantWriteHandler:352	</harden/bcfiles/edk_bcfiles/FaultTolerantWriteSmm.bc>:DebugPrint	</harden/bcfiles/edk_bcfiles/FaultTolerantWriteSmm.bc>:SmmFaultTolerantWriteHandler:352:1:2147483648	0
</harden/bcfiles/edk_bcfiles/FaultTolerantWriteSmm.bc>:SmmFaultTolerantWriteHandler:352	</harden/bcfiles/edk_bcfiles/FaultTolerantWriteSmm.bc>:DebugPrint	</harden/bcfiles/edk_bcfiles/FaultTolerantWriteSmm.bc>:SmmFaultTolerantWriteHandler:352:2:getelementptr inbounds ([54 x i8], [54 x i8]* @.str.8, i64 0, i64 0)	1
</harden/bcfiles/edk_bcfiles/FaultTolerantWriteSmm.bc>:SmmFaultTolerantWriteHandler:384	</harden/bcfiles/edk_bcfiles/FaultTolerantWriteSmm.bc>:DebugPrintLevelEnabled	</harden/bcfiles/edk_bcfiles/FaultTolerantWriteSmm.bc>:SmmFaultTolerantWriteHandler:384:1:2147483648	0
</harden/bcfiles/edk_bcfiles/FaultTolerantWriteSmm.bc>:SmmFaultTolerantWriteHandler:387	</harden/bcfiles/edk_bcfiles/FaultTolerantWriteSmm.bc>:DebugPrint	</harden/bcfiles/edk_bcfiles/FaultTolerantWriteSmm.bc>:SmmFaultTolerantWriteHandler:387:1:2147483648	0
</harden/bcfiles/edk_bcfiles/FaultTolerantWriteSmm.bc>:SmmFaultTolerantWriteHandler:387	</harden/bcfiles/edk_bcfiles/FaultTolerantWriteSmm.bc>:DebugPrint	</harden/bcfiles/edk_bcfiles/FaultTolerantWriteSmm.bc>:SmmFaultTolerantWriteHandler:387:2:getelementptr inbounds ([51 x i8], [51 x i8]* @.str.9, i64 0, i64 0)	1
</harden/bcfiles/edk_bcfiles/FaultTolerantWriteSmm.bc>:SmmFaultTolerantWriteHandler:409	</harden/bcfiles/edk_bcfiles/FaultTolerantWriteSmm.bc>:FtwGetLastWrite	</harden/bcfiles/edk_bcfiles/FaultTolerantWriteSmm.bc>:SmmFaultTolerantWriteHandler:%343	7
</harden/bcfiles/edk_bcfiles/FaultTolerantWriteSmm.bc>:SmmFaultTolerantWriteHandler:409	</harden/bcfiles/edk_bcfiles/FaultTolerantWriteSmm.bc>:FtwGetLastWrite	</harden/bcfiles/edk_bcfiles/FaultTolerantWriteSmm.bc>:SmmFaultTolerantWriteHandler:%341	6
</harden/bcfiles/edk_bcfiles/FaultTolerantWriteSmm.bc>:SmmFaultTolerantWriteHandler:409	</harden/bcfiles/edk_bcfiles/FaultTolerantWriteSmm.bc>:FtwGetLastWrite	</harden/bcfiles/edk_bcfiles/FaultTolerantWriteSmm.bc>:SmmFaultTolerantWriteHandler:%336	3
</harden/bcfiles/edk_bcfiles/FaultTolerantWriteSmm.bc>:SmmFaultTolerantWriteHandler:409	</harden/bcfiles/edk_bcfiles/FaultTolerantWriteSmm.bc>:FtwGetLastWrite	</harden/bcfiles/edk_bcfiles/FaultTolerantWriteSmm.bc>:SmmFaultTolerantWriteHandler:%334	2
</harden/bcfiles/edk_bcfiles/FaultTolerantWriteSmm.bc>:SmmFaultTolerantWriteHandler:409	</harden/bcfiles/edk_bcfiles/FaultTolerantWriteSmm.bc>:FtwGetLastWrite	</harden/bcfiles/edk_bcfiles/FaultTolerantWriteSmm.bc>:SmmFaultTolerantWriteHandler:%338	4
</harden/bcfiles/edk_bcfiles/FaultTolerantWriteSmm.bc>:SmmFaultTolerantWriteHandler:409	</harden/bcfiles/edk_bcfiles/FaultTolerantWriteSmm.bc>:FtwGetLastWrite	</harden/bcfiles/edk_bcfiles/FaultTolerantWriteSmm.bc>:SmmFaultTolerantWriteHandler:%330	0
</harden/bcfiles/edk_bcfiles/FaultTolerantWriteSmm.bc>:SmmFaultTolerantWriteHandler:409	</harden/bcfiles/edk_bcfiles/FaultTolerantWriteSmm.bc>:FtwGetLastWrite	</harden/bcfiles/edk_bcfiles/FaultTolerantWriteSmm.bc>:SmmFaultTolerantWriteHandler:%332	1
</harden/bcfiles/edk_bcfiles/FaultTolerantWriteSmm.bc>:SmmFaultTolerantWriteHandler:409	</harden/bcfiles/edk_bcfiles/FaultTolerantWriteSmm.bc>:FtwGetLastWrite	</harden/bcfiles/edk_bcfiles/FaultTolerantWriteSmm.bc>:SmmFaultTolerantWriteHandler:%17	5
</harden/bcfiles/edk_bcfiles/FaultTolerantWriteSmm.bc>:FvbNotificationEvent:8	</harden/bcfiles/edk_bcfiles/FaultTolerantWriteSmm.bc>:llvm.dbg.declare	</harden/bcfiles/edk_bcfiles/FaultTolerantWriteSmm.bc>:FvbNotificationEvent:!DIExpression()	2
</harden/bcfiles/edk_bcfiles/FaultTolerantWriteSmm.bc>:FvbNotificationEvent:8	</harden/bcfiles/edk_bcfiles/FaultTolerantWriteSmm.bc>:llvm.dbg.declare	</harden/bcfiles/edk_bcfiles/FaultTolerantWriteSmm.bc>:FvbNotificationEvent:!656	1
</harden/bcfiles/edk_bcfiles/FaultTolerantWriteSmm.bc>:FvbNotificationEvent:8	</harden/bcfiles/edk_bcfiles/FaultTolerantWriteSmm.bc>:llvm.dbg.declare	</harden/bcfiles/edk_bcfiles/FaultTolerantWriteSmm.bc>:FvbNotificationEvent:%struct.GUID** %5	0
</harden/bcfiles/edk_bcfiles/FaultTolerantWriteSmm.bc>:FvbNotificationEvent:10	</harden/bcfiles/edk_bcfiles/FaultTolerantWriteSmm.bc>:llvm.dbg.declare	</harden/bcfiles/edk_bcfiles/FaultTolerantWriteSmm.bc>:FvbNotificationEvent:!658	1
</harden/bcfiles/edk_bcfiles/FaultTolerantWriteSmm.bc>:FvbNotificationEvent:10	</harden/bcfiles/edk_bcfiles/FaultTolerantWriteSmm.bc>:llvm.dbg.declare	</harden/bcfiles/edk_bcfiles/FaultTolerantWriteSmm.bc>:FvbNotificationEvent:i8** %6	0
</harden/bcfiles/edk_bcfiles/FaultTolerantWriteSmm.bc>:FvbNotificationEvent:10	</harden/bcfiles/edk_bcfiles/FaultTolerantWriteSmm.bc>:llvm.dbg.declare	</harden/bcfiles/edk_bcfiles/FaultTolerantWriteSmm.bc>:FvbNotificationEvent:!DIExpression()	2
</harden/bcfiles/edk_bcfiles/FaultTolerantWriteSmm.bc>:FvbNotificationEvent:12	</harden/bcfiles/edk_bcfiles/FaultTolerantWriteSmm.bc>:llvm.dbg.declare	</harden/bcfiles/edk_bcfiles/FaultTolerantWriteSmm.bc>:FvbNotificationEvent:!660	1
</harden/bcfiles/edk_bcfiles/FaultTolerantWriteSmm.bc>:FvbNotificationEvent:12	</harden/bcfiles/edk_bcfiles/FaultTolerantWriteSmm.bc>:llvm.dbg.declare	</harden/bcfiles/edk_bcfiles/FaultTolerantWriteSmm.bc>:FvbNotificationEvent:i8** %7	0
</harden/bcfiles/edk_bcfiles/FaultTolerantWriteSmm.bc>:FvbNotificationEvent:12	</harden/bcfiles/edk_bcfiles/FaultTolerantWriteSmm.bc>:llvm.dbg.declare	</harden/bcfiles/edk_bcfiles/FaultTolerantWriteSmm.bc>:FvbNotificationEvent:!DIExpression()	2
</harden/bcfiles/edk_bcfiles/FaultTolerantWriteSmm.bc>:FvbNotificationEvent:13	</harden/bcfiles/edk_bcfiles/FaultTolerantWriteSmm.bc>:llvm.dbg.declare	</harden/bcfiles/edk_bcfiles/FaultTolerantWriteSmm.bc>:FvbNotificationEvent:!662	1
</harden/bcfiles/edk_bcfiles/FaultTolerantWriteSmm.bc>:FvbNotificationEvent:13	</harden/bcfiles/edk_bcfiles/FaultTolerantWriteSmm.bc>:llvm.dbg.declare	</harden/bcfiles/edk_bcfiles/FaultTolerantWriteSmm.bc>:FvbNotificationEvent:i64* %8	0
</harden/bcfiles/edk_bcfiles/FaultTolerantWriteSmm.bc>:FvbNotificationEvent:13	</harden/bcfiles/edk_bcfiles/FaultTolerantWriteSmm.bc>:llvm.dbg.declare	</harden/bcfiles/edk_bcfiles/FaultTolerantWriteSmm.bc>:FvbNotificationEvent:!DIExpression()	2
</harden/bcfiles/edk_bcfiles/FaultTolerantWriteSmm.bc>:FvbNotificationEvent:14	</harden/bcfiles/edk_bcfiles/FaultTolerantWriteSmm.bc>:llvm.dbg.declare	</harden/bcfiles/edk_bcfiles/FaultTolerantWriteSmm.bc>:FvbNotificationEvent:!664	1
</harden/bcfiles/edk_bcfiles/FaultTolerantWriteSmm.bc>:FvbNotificationEvent:14	</harden/bcfiles/edk_bcfiles/FaultTolerantWriteSmm.bc>:llvm.dbg.declare	</harden/bcfiles/edk_bcfiles/FaultTolerantWriteSmm.bc>:FvbNotificationEvent:%struct._EFI_FAULT_TOLERANT_WRITE_PROTOCOL** %9	0
</harden/bcfiles/edk_bcfiles/FaultTolerantWriteSmm.bc>:FvbNotificationEvent:14	</harden/bcfiles/edk_bcfiles/FaultTolerantWriteSmm.bc>:llvm.dbg.declare	</harden/bcfiles/edk_bcfiles/FaultTolerantWriteSmm.bc>:FvbNotificationEvent:!DIExpression()	2
</harden/bcfiles/edk_bcfiles/FaultTolerantWriteSmm.bc>:FvbNotificationEvent:15	</harden/bcfiles/edk_bcfiles/FaultTolerantWriteSmm.bc>:llvm.dbg.declare	</harden/bcfiles/edk_bcfiles/FaultTolerantWriteSmm.bc>:FvbNotificationEvent:!669	1
</harden/bcfiles/edk_bcfiles/FaultTolerantWriteSmm.bc>:FvbNotificationEvent:15	</harden/bcfiles/edk_bcfiles/FaultTolerantWriteSmm.bc>:llvm.dbg.declare	</harden/bcfiles/edk_bcfiles/FaultTolerantWriteSmm.bc>:FvbNotificationEvent:i8** %10	0
</harden/bcfiles/edk_bcfiles/FaultTolerantWriteSmm.bc>:FvbNotificationEvent:15	</harden/bcfiles/edk_bcfiles/FaultTolerantWriteSmm.bc>:llvm.dbg.declare	</harden/bcfiles/edk_bcfiles/FaultTolerantWriteSmm.bc>:FvbNotificationEvent:!DIExpression()	2
</harden/bcfiles/edk_bcfiles/FaultTolerantWriteSmm.bc>:FvbNotificationEvent:28	</harden/bcfiles/edk_bcfiles/FaultTolerantWriteSmm.bc>:InitFtwProtocol	</harden/bcfiles/edk_bcfiles/FaultTolerantWriteSmm.bc>:FvbNotificationEvent:%20	0
</harden/bcfiles/edk_bcfiles/FaultTolerantWriteSmm.bc>:FvbNotificationEvent:58	</harden/bcfiles/edk_bcfiles/FaultTolerantWriteSmm.bc>:DebugPrintLevelEnabled	</harden/bcfiles/edk_bcfiles/FaultTolerantWriteSmm.bc>:FvbNotificationEvent:58:1:2147483648	0
</harden/bcfiles/edk_bcfiles/FaultTolerantWriteSmm.bc>:FvbNotificationEvent:62	</harden/bcfiles/edk_bcfiles/FaultTolerantWriteSmm.bc>:DebugPrint	</harden/bcfiles/edk_bcfiles/FaultTolerantWriteSmm.bc>:FvbNotificationEvent:%51	2
</harden/bcfiles/edk_bcfiles/FaultTolerantWriteSmm.bc>:FvbNotificationEvent:62	</harden/bcfiles/edk_bcfiles/FaultTolerantWriteSmm.bc>:DebugPrint	</harden/bcfiles/edk_bcfiles/FaultTolerantWriteSmm.bc>:FvbNotificationEvent:62:1:2147483648	0
</harden/bcfiles/edk_bcfiles/FaultTolerantWriteSmm.bc>:FvbNotificationEvent:62	</harden/bcfiles/edk_bcfiles/FaultTolerantWriteSmm.bc>:DebugPrint	</harden/bcfiles/edk_bcfiles/FaultTolerantWriteSmm.bc>:FvbNotificationEvent:62:2:getelementptr inbounds ([33 x i8], [33 x i8]* @.str.10, i64 0, i64 0)	1
</harden/bcfiles/edk_bcfiles/FaultTolerantWriteSmm.bc>:FvbNotificationEvent:67	</harden/bcfiles/edk_bcfiles/FaultTolerantWriteSmm.bc>:DebugAssert	</harden/bcfiles/edk_bcfiles/FaultTolerantWriteSmm.bc>:FvbNotificationEvent:67:1:getelementptr inbounds ([24 x i8], [24 x i8]* @.str.11, i64 0, i64 0)	0
</harden/bcfiles/edk_bcfiles/FaultTolerantWriteSmm.bc>:FvbNotificationEvent:67	</harden/bcfiles/edk_bcfiles/FaultTolerantWriteSmm.bc>:DebugAssert	</harden/bcfiles/edk_bcfiles/FaultTolerantWriteSmm.bc>:FvbNotificationEvent:67:5:569	1
</harden/bcfiles/edk_bcfiles/FaultTolerantWriteSmm.bc>:FvbNotificationEvent:67	</harden/bcfiles/edk_bcfiles/FaultTolerantWriteSmm.bc>:DebugAssert	</harden/bcfiles/edk_bcfiles/FaultTolerantWriteSmm.bc>:FvbNotificationEvent:67:6:getelementptr inbounds ([39 x i8], [39 x i8]* @.str.12, i64 0, i64 0)	2
</harden/bcfiles/edk_bcfiles/FaultTolerantWriteSmm.bc>:FvbNotificationEvent:88	</harden/bcfiles/edk_bcfiles/FaultTolerantWriteSmm.bc>:DebugPrintLevelEnabled	</harden/bcfiles/edk_bcfiles/FaultTolerantWriteSmm.bc>:FvbNotificationEvent:88:1:2147483648	0
</harden/bcfiles/edk_bcfiles/FaultTolerantWriteSmm.bc>:FvbNotificationEvent:92	</harden/bcfiles/edk_bcfiles/FaultTolerantWriteSmm.bc>:DebugPrint	</harden/bcfiles/edk_bcfiles/FaultTolerantWriteSmm.bc>:FvbNotificationEvent:%78	2
</harden/bcfiles/edk_bcfiles/FaultTolerantWriteSmm.bc>:FvbNotificationEvent:92	</harden/bcfiles/edk_bcfiles/FaultTolerantWriteSmm.bc>:DebugPrint	</harden/bcfiles/edk_bcfiles/FaultTolerantWriteSmm.bc>:FvbNotificationEvent:92:1:2147483648	0
</harden/bcfiles/edk_bcfiles/FaultTolerantWriteSmm.bc>:FvbNotificationEvent:92	</harden/bcfiles/edk_bcfiles/FaultTolerantWriteSmm.bc>:DebugPrint	</harden/bcfiles/edk_bcfiles/FaultTolerantWriteSmm.bc>:FvbNotificationEvent:92:2:getelementptr inbounds ([33 x i8], [33 x i8]* @.str.10, i64 0, i64 0)	1
</harden/bcfiles/edk_bcfiles/FaultTolerantWriteSmm.bc>:FvbNotificationEvent:97	</harden/bcfiles/edk_bcfiles/FaultTolerantWriteSmm.bc>:DebugAssert	</harden/bcfiles/edk_bcfiles/FaultTolerantWriteSmm.bc>:FvbNotificationEvent:97:1:getelementptr inbounds ([24 x i8], [24 x i8]* @.str.11, i64 0, i64 0)	0
</harden/bcfiles/edk_bcfiles/FaultTolerantWriteSmm.bc>:FvbNotificationEvent:97	</harden/bcfiles/edk_bcfiles/FaultTolerantWriteSmm.bc>:DebugAssert	</harden/bcfiles/edk_bcfiles/FaultTolerantWriteSmm.bc>:FvbNotificationEvent:97:5:575	1
</harden/bcfiles/edk_bcfiles/FaultTolerantWriteSmm.bc>:FvbNotificationEvent:97	</harden/bcfiles/edk_bcfiles/FaultTolerantWriteSmm.bc>:DebugAssert	</harden/bcfiles/edk_bcfiles/FaultTolerantWriteSmm.bc>:FvbNotificationEvent:97:6:getelementptr inbounds ([39 x i8], [39 x i8]* @.str.12, i64 0, i64 0)	2
</harden/bcfiles/edk_bcfiles/FaultTolerantWriteSmm.bc>:MmEndOfDxeCallback:4	</harden/bcfiles/edk_bcfiles/FaultTolerantWriteSmm.bc>:llvm.dbg.declare	</harden/bcfiles/edk_bcfiles/FaultTolerantWriteSmm.bc>:MmEndOfDxeCallback:!DIExpression()	2
</harden/bcfiles/edk_bcfiles/FaultTolerantWriteSmm.bc>:MmEndOfDxeCallback:4	</harden/bcfiles/edk_bcfiles/FaultTolerantWriteSmm.bc>:llvm.dbg.declare	</harden/bcfiles/edk_bcfiles/FaultTolerantWriteSmm.bc>:MmEndOfDxeCallback:!725	1
</harden/bcfiles/edk_bcfiles/FaultTolerantWriteSmm.bc>:MmEndOfDxeCallback:4	</harden/bcfiles/edk_bcfiles/FaultTolerantWriteSmm.bc>:llvm.dbg.declare	</harden/bcfiles/edk_bcfiles/FaultTolerantWriteSmm.bc>:MmEndOfDxeCallback:%struct.GUID** %4	0
</harden/bcfiles/edk_bcfiles/FaultTolerantWriteSmm.bc>:MmEndOfDxeCallback:6	</harden/bcfiles/edk_bcfiles/FaultTolerantWriteSmm.bc>:llvm.dbg.declare	</harden/bcfiles/edk_bcfiles/FaultTolerantWriteSmm.bc>:MmEndOfDxeCallback:!727	1
</harden/bcfiles/edk_bcfiles/FaultTolerantWriteSmm.bc>:MmEndOfDxeCallback:6	</harden/bcfiles/edk_bcfiles/FaultTolerantWriteSmm.bc>:llvm.dbg.declare	</harden/bcfiles/edk_bcfiles/FaultTolerantWriteSmm.bc>:MmEndOfDxeCallback:i8** %5	0
</harden/bcfiles/edk_bcfiles/FaultTolerantWriteSmm.bc>:MmEndOfDxeCallback:6	</harden/bcfiles/edk_bcfiles/FaultTolerantWriteSmm.bc>:llvm.dbg.declare	</harden/bcfiles/edk_bcfiles/FaultTolerantWriteSmm.bc>:MmEndOfDxeCallback:!DIExpression()	2
</harden/bcfiles/edk_bcfiles/FaultTolerantWriteSmm.bc>:MmEndOfDxeCallback:8	</harden/bcfiles/edk_bcfiles/FaultTolerantWriteSmm.bc>:llvm.dbg.declare	</harden/bcfiles/edk_bcfiles/FaultTolerantWriteSmm.bc>:MmEndOfDxeCallback:!729	1
</harden/bcfiles/edk_bcfiles/FaultTolerantWriteSmm.bc>:MmEndOfDxeCallback:8	</harden/bcfiles/edk_bcfiles/FaultTolerantWriteSmm.bc>:llvm.dbg.declare	</harden/bcfiles/edk_bcfiles/FaultTolerantWriteSmm.bc>:MmEndOfDxeCallback:i8** %6	0
</harden/bcfiles/edk_bcfiles/FaultTolerantWriteSmm.bc>:MmEndOfDxeCallback:8	</harden/bcfiles/edk_bcfiles/FaultTolerantWriteSmm.bc>:llvm.dbg.declare	</harden/bcfiles/edk_bcfiles/FaultTolerantWriteSmm.bc>:MmEndOfDxeCallback:!DIExpression()	2
</harden/bcfiles/edk_bcfiles/FaultTolerantWriteSmm.bc>:MmFaultTolerantWriteInitialize:3	</harden/bcfiles/edk_bcfiles/FaultTolerantWriteSmm.bc>:llvm.dbg.declare	</harden/bcfiles/edk_bcfiles/FaultTolerantWriteSmm.bc>:MmFaultTolerantWriteInitialize:!DIExpression()	2
</harden/bcfiles/edk_bcfiles/FaultTolerantWriteSmm.bc>:MmFaultTolerantWriteInitialize:3	</harden/bcfiles/edk_bcfiles/FaultTolerantWriteSmm.bc>:llvm.dbg.declare	</harden/bcfiles/edk_bcfiles/FaultTolerantWriteSmm.bc>:MmFaultTolerantWriteInitialize:!736	1
</harden/bcfiles/edk_bcfiles/FaultTolerantWriteSmm.bc>:MmFaultTolerantWriteInitialize:3	</harden/bcfiles/edk_bcfiles/FaultTolerantWriteSmm.bc>:llvm.dbg.declare	</harden/bcfiles/edk_bcfiles/FaultTolerantWriteSmm.bc>:MmFaultTolerantWriteInitialize:i64* %2	0
</harden/bcfiles/edk_bcfiles/FaultTolerantWriteSmm.bc>:MmFaultTolerantWriteInitialize:4	</harden/bcfiles/edk_bcfiles/FaultTolerantWriteSmm.bc>:llvm.dbg.declare	</harden/bcfiles/edk_bcfiles/FaultTolerantWriteSmm.bc>:MmFaultTolerantWriteInitialize:!738	1
</harden/bcfiles/edk_bcfiles/FaultTolerantWriteSmm.bc>:MmFaultTolerantWriteInitialize:4	</harden/bcfiles/edk_bcfiles/FaultTolerantWriteSmm.bc>:llvm.dbg.declare	</harden/bcfiles/edk_bcfiles/FaultTolerantWriteSmm.bc>:MmFaultTolerantWriteInitialize:i8** %3	0
</harden/bcfiles/edk_bcfiles/FaultTolerantWriteSmm.bc>:MmFaultTolerantWriteInitialize:4	</harden/bcfiles/edk_bcfiles/FaultTolerantWriteSmm.bc>:llvm.dbg.declare	</harden/bcfiles/edk_bcfiles/FaultTolerantWriteSmm.bc>:MmFaultTolerantWriteInitialize:!DIExpression()	2
</harden/bcfiles/edk_bcfiles/FaultTolerantWriteSmm.bc>:MmFaultTolerantWriteInitialize:5	</harden/bcfiles/edk_bcfiles/FaultTolerantWriteSmm.bc>:InitFtwDevice	</harden/bcfiles/edk_bcfiles/FaultTolerantWriteSmm.bc>:MmFaultTolerantWriteInitialize:5:1:@mFtwDevice	0
</harden/bcfiles/edk_bcfiles/FaultTolerantWriteSmm.bc>:MmFaultTolerantWriteInitialize:30	</harden/bcfiles/edk_bcfiles/FaultTolerantWriteSmm.bc>:DebugPrintLevelEnabled	</harden/bcfiles/edk_bcfiles/FaultTolerantWriteSmm.bc>:MmFaultTolerantWriteInitialize:30:1:2147483648	0
</harden/bcfiles/edk_bcfiles/FaultTolerantWriteSmm.bc>:MmFaultTolerantWriteInitialize:34	</harden/bcfiles/edk_bcfiles/FaultTolerantWriteSmm.bc>:DebugPrint	</harden/bcfiles/edk_bcfiles/FaultTolerantWriteSmm.bc>:MmFaultTolerantWriteInitialize:%29	2
</harden/bcfiles/edk_bcfiles/FaultTolerantWriteSmm.bc>:MmFaultTolerantWriteInitialize:34	</harden/bcfiles/edk_bcfiles/FaultTolerantWriteSmm.bc>:DebugPrint	</harden/bcfiles/edk_bcfiles/FaultTolerantWriteSmm.bc>:MmFaultTolerantWriteInitialize:34:1:2147483648	0
</harden/bcfiles/edk_bcfiles/FaultTolerantWriteSmm.bc>:MmFaultTolerantWriteInitialize:34	</harden/bcfiles/edk_bcfiles/FaultTolerantWriteSmm.bc>:DebugPrint	</harden/bcfiles/edk_bcfiles/FaultTolerantWriteSmm.bc>:MmFaultTolerantWriteInitialize:34:2:getelementptr inbounds ([33 x i8], [33 x i8]* @.str.10, i64 0, i64 0)	1
</harden/bcfiles/edk_bcfiles/FaultTolerantWriteSmm.bc>:MmFaultTolerantWriteInitialize:39	</harden/bcfiles/edk_bcfiles/FaultTolerantWriteSmm.bc>:DebugAssert	</harden/bcfiles/edk_bcfiles/FaultTolerantWriteSmm.bc>:MmFaultTolerantWriteInitialize:39:1:getelementptr inbounds ([24 x i8], [24 x i8]* @.str.11, i64 0, i64 0)	0
</harden/bcfiles/edk_bcfiles/FaultTolerantWriteSmm.bc>:MmFaultTolerantWriteInitialize:39	</harden/bcfiles/edk_bcfiles/FaultTolerantWriteSmm.bc>:DebugAssert	</harden/bcfiles/edk_bcfiles/FaultTolerantWriteSmm.bc>:MmFaultTolerantWriteInitialize:39:5:638	1
</harden/bcfiles/edk_bcfiles/FaultTolerantWriteSmm.bc>:MmFaultTolerantWriteInitialize:39	</harden/bcfiles/edk_bcfiles/FaultTolerantWriteSmm.bc>:DebugAssert	</harden/bcfiles/edk_bcfiles/FaultTolerantWriteSmm.bc>:MmFaultTolerantWriteInitialize:39:6:getelementptr inbounds ([39 x i8], [39 x i8]* @.str.12, i64 0, i64 0)	2
</harden/bcfiles/edk_bcfiles/FaultTolerantWriteSmm.bc>:MmFaultTolerantWriteInitialize:60	</harden/bcfiles/edk_bcfiles/FaultTolerantWriteSmm.bc>:DebugPrintLevelEnabled	</harden/bcfiles/edk_bcfiles/FaultTolerantWriteSmm.bc>:MmFaultTolerantWriteInitialize:60:1:2147483648	0
</harden/bcfiles/edk_bcfiles/FaultTolerantWriteSmm.bc>:MmFaultTolerantWriteInitialize:64	</harden/bcfiles/edk_bcfiles/FaultTolerantWriteSmm.bc>:DebugPrint	</harden/bcfiles/edk_bcfiles/FaultTolerantWriteSmm.bc>:MmFaultTolerantWriteInitialize:%56	2
</harden/bcfiles/edk_bcfiles/FaultTolerantWriteSmm.bc>:MmFaultTolerantWriteInitialize:64	</harden/bcfiles/edk_bcfiles/FaultTolerantWriteSmm.bc>:DebugPrint	</harden/bcfiles/edk_bcfiles/FaultTolerantWriteSmm.bc>:MmFaultTolerantWriteInitialize:64:1:2147483648	0
</harden/bcfiles/edk_bcfiles/FaultTolerantWriteSmm.bc>:MmFaultTolerantWriteInitialize:64	</harden/bcfiles/edk_bcfiles/FaultTolerantWriteSmm.bc>:DebugPrint	</harden/bcfiles/edk_bcfiles/FaultTolerantWriteSmm.bc>:MmFaultTolerantWriteInitialize:64:2:getelementptr inbounds ([33 x i8], [33 x i8]* @.str.10, i64 0, i64 0)	1
</harden/bcfiles/edk_bcfiles/FaultTolerantWriteSmm.bc>:MmFaultTolerantWriteInitialize:69	</harden/bcfiles/edk_bcfiles/FaultTolerantWriteSmm.bc>:DebugAssert	</harden/bcfiles/edk_bcfiles/FaultTolerantWriteSmm.bc>:MmFaultTolerantWriteInitialize:69:1:getelementptr inbounds ([24 x i8], [24 x i8]* @.str.11, i64 0, i64 0)	0
</harden/bcfiles/edk_bcfiles/FaultTolerantWriteSmm.bc>:MmFaultTolerantWriteInitialize:69	</harden/bcfiles/edk_bcfiles/FaultTolerantWriteSmm.bc>:DebugAssert	</harden/bcfiles/edk_bcfiles/FaultTolerantWriteSmm.bc>:MmFaultTolerantWriteInitialize:69:5:648	1
</harden/bcfiles/edk_bcfiles/FaultTolerantWriteSmm.bc>:MmFaultTolerantWriteInitialize:69	</harden/bcfiles/edk_bcfiles/FaultTolerantWriteSmm.bc>:DebugAssert	</harden/bcfiles/edk_bcfiles/FaultTolerantWriteSmm.bc>:MmFaultTolerantWriteInitialize:69:6:getelementptr inbounds ([39 x i8], [39 x i8]* @.str.12, i64 0, i64 0)	2
</harden/bcfiles/edk_bcfiles/FaultTolerantWriteSmm.bc>:MmFaultTolerantWriteInitialize:73	</harden/bcfiles/edk_bcfiles/FaultTolerantWriteSmm.bc>:FvbNotificationEvent	</harden/bcfiles/edk_bcfiles/FaultTolerantWriteSmm.bc>:MmFaultTolerantWriteInitialize:73:1:null	0
</harden/bcfiles/edk_bcfiles/FaultTolerantWriteSmm.bc>:MmFaultTolerantWriteInitialize:73	</harden/bcfiles/edk_bcfiles/FaultTolerantWriteSmm.bc>:FvbNotificationEvent	</harden/bcfiles/edk_bcfiles/FaultTolerantWriteSmm.bc>:MmFaultTolerantWriteInitialize:73:2:null	1
</harden/bcfiles/edk_bcfiles/FaultTolerantWriteSmm.bc>:MmFaultTolerantWriteInitialize:73	</harden/bcfiles/edk_bcfiles/FaultTolerantWriteSmm.bc>:FvbNotificationEvent	</harden/bcfiles/edk_bcfiles/FaultTolerantWriteSmm.bc>:MmFaultTolerantWriteInitialize:73:3:null	2
