</harden/bcfiles/edk_bcfiles/FaultTolerantWriteSmm.bc>:FtwGetFvbByHandle	</harden/bcfiles/edk_bcfiles/FaultTolerantWriteSmm.bc>:GetFvbByAddressAndAttribute:%29
</harden/bcfiles/edk_bcfiles/FaultTolerantWriteSmm.bc>:GetFvbCountAndBuffer	</harden/bcfiles/edk_bcfiles/FaultTolerantWriteSmm.bc>:GetFvbByAddressAndAttribute:%15
</harden/bcfiles/edk_bcfiles/FaultTolerantWriteSmm.bc>:GetFvbByAddressAndAttribute	</harden/bcfiles/edk_bcfiles/FaultTolerantWriteSmm.bc>:SmmFaultTolerantWriteHandler:%270
</harden/bcfiles/edk_bcfiles/FaultTolerantWriteSmm.bc>:GetFvbByAddressAndAttribute	</harden/bcfiles/edk_bcfiles/FaultTolerantWriteSmm.bc>:SmmFaultTolerantWriteHandler:%225
</harden/bcfiles/edk_bcfiles/FaultTolerantWriteSmm.bc>:FvbNotificationEvent	</harden/bcfiles/edk_bcfiles/FaultTolerantWriteSmm.bc>:MmFaultTolerantWriteInitialize:%64
</harden/bcfiles/edk_bcfiles/FaultTolerantWriteSmm.bc>:AllocatePool	</harden/bcfiles/edk_bcfiles/FaultTolerantWriteSmm.bc>:GetFvbCountAndBuffer:%31
</harden/bcfiles/edk_bcfiles/FaultTolerantWriteSmm.bc>:FtwSmmIsBufferOutsideSmmValid	</harden/bcfiles/edk_bcfiles/FaultTolerantWriteSmm.bc>:SmmFaultTolerantWriteHandler:%37
</harden/bcfiles/edk_bcfiles/FaultTolerantWriteSmm.bc>:DebugPrintEnabled	</harden/bcfiles/edk_bcfiles/FaultTolerantWriteSmm.bc>:SmmFaultTolerantWriteHandler:%317
</harden/bcfiles/edk_bcfiles/FaultTolerantWriteSmm.bc>:DebugPrintEnabled	</harden/bcfiles/edk_bcfiles/FaultTolerantWriteSmm.bc>:SmmFaultTolerantWriteHandler:%288
</harden/bcfiles/edk_bcfiles/FaultTolerantWriteSmm.bc>:DebugPrintEnabled	</harden/bcfiles/edk_bcfiles/FaultTolerantWriteSmm.bc>:SmmFaultTolerantWriteHandler:%250
</harden/bcfiles/edk_bcfiles/FaultTolerantWriteSmm.bc>:DebugPrintEnabled	</harden/bcfiles/edk_bcfiles/FaultTolerantWriteSmm.bc>:SmmFaultTolerantWriteHandler:%198
</harden/bcfiles/edk_bcfiles/FaultTolerantWriteSmm.bc>:DebugPrintEnabled	</harden/bcfiles/edk_bcfiles/FaultTolerantWriteSmm.bc>:SmmFaultTolerantWriteHandler:%158
</harden/bcfiles/edk_bcfiles/FaultTolerantWriteSmm.bc>:DebugPrintEnabled	</harden/bcfiles/edk_bcfiles/FaultTolerantWriteSmm.bc>:SmmFaultTolerantWriteHandler:%104
</harden/bcfiles/edk_bcfiles/FaultTolerantWriteSmm.bc>:DebugPrintEnabled	</harden/bcfiles/edk_bcfiles/FaultTolerantWriteSmm.bc>:SmmFaultTolerantWriteHandler:%64
</harden/bcfiles/edk_bcfiles/FaultTolerantWriteSmm.bc>:DebugPrintEnabled	</harden/bcfiles/edk_bcfiles/FaultTolerantWriteSmm.bc>:SmmFaultTolerantWriteHandler:%41
</harden/bcfiles/edk_bcfiles/FaultTolerantWriteSmm.bc>:DebugPrintEnabled	</harden/bcfiles/edk_bcfiles/FaultTolerantWriteSmm.bc>:SmmFaultTolerantWriteHandler:%128
</harden/bcfiles/edk_bcfiles/FaultTolerantWriteSmm.bc>:DebugPrintEnabled	</harden/bcfiles/edk_bcfiles/FaultTolerantWriteSmm.bc>:SmmFaultTolerantWriteHandler:%82
</harden/bcfiles/edk_bcfiles/FaultTolerantWriteSmm.bc>:DebugPrintEnabled	</harden/bcfiles/edk_bcfiles/FaultTolerantWriteSmm.bc>:FvbNotificationEvent:%71
</harden/bcfiles/edk_bcfiles/FaultTolerantWriteSmm.bc>:DebugPrintEnabled	</harden/bcfiles/edk_bcfiles/FaultTolerantWriteSmm.bc>:FvbNotificationEvent:%44
</harden/bcfiles/edk_bcfiles/FaultTolerantWriteSmm.bc>:DebugPrintEnabled	</harden/bcfiles/edk_bcfiles/FaultTolerantWriteSmm.bc>:MmFaultTolerantWriteInitialize:%49
</harden/bcfiles/edk_bcfiles/FaultTolerantWriteSmm.bc>:DebugPrintEnabled	</harden/bcfiles/edk_bcfiles/FaultTolerantWriteSmm.bc>:MmFaultTolerantWriteInitialize:%22
</harden/bcfiles/edk_bcfiles/FaultTolerantWriteSmm.bc>:DebugPrintLevelEnabled	</harden/bcfiles/edk_bcfiles/FaultTolerantWriteSmm.bc>:SmmFaultTolerantWriteHandler:%254
</harden/bcfiles/edk_bcfiles/FaultTolerantWriteSmm.bc>:DebugPrintLevelEnabled	</harden/bcfiles/edk_bcfiles/FaultTolerantWriteSmm.bc>:SmmFaultTolerantWriteHandler:%202
</harden/bcfiles/edk_bcfiles/FaultTolerantWriteSmm.bc>:DebugPrintLevelEnabled	</harden/bcfiles/edk_bcfiles/FaultTolerantWriteSmm.bc>:SmmFaultTolerantWriteHandler:%162
</harden/bcfiles/edk_bcfiles/FaultTolerantWriteSmm.bc>:DebugPrintLevelEnabled	</harden/bcfiles/edk_bcfiles/FaultTolerantWriteSmm.bc>:SmmFaultTolerantWriteHandler:%132
</harden/bcfiles/edk_bcfiles/FaultTolerantWriteSmm.bc>:DebugPrintLevelEnabled	</harden/bcfiles/edk_bcfiles/FaultTolerantWriteSmm.bc>:SmmFaultTolerantWriteHandler:%321
</harden/bcfiles/edk_bcfiles/FaultTolerantWriteSmm.bc>:DebugPrintLevelEnabled	</harden/bcfiles/edk_bcfiles/FaultTolerantWriteSmm.bc>:SmmFaultTolerantWriteHandler:%108
</harden/bcfiles/edk_bcfiles/FaultTolerantWriteSmm.bc>:DebugPrintLevelEnabled	</harden/bcfiles/edk_bcfiles/FaultTolerantWriteSmm.bc>:SmmFaultTolerantWriteHandler:%68
</harden/bcfiles/edk_bcfiles/FaultTolerantWriteSmm.bc>:DebugPrintLevelEnabled	</harden/bcfiles/edk_bcfiles/FaultTolerantWriteSmm.bc>:SmmFaultTolerantWriteHandler:%86
</harden/bcfiles/edk_bcfiles/FaultTolerantWriteSmm.bc>:DebugPrintLevelEnabled	</harden/bcfiles/edk_bcfiles/FaultTolerantWriteSmm.bc>:SmmFaultTolerantWriteHandler:%292
</harden/bcfiles/edk_bcfiles/FaultTolerantWriteSmm.bc>:DebugPrintLevelEnabled	</harden/bcfiles/edk_bcfiles/FaultTolerantWriteSmm.bc>:SmmFaultTolerantWriteHandler:%45
</harden/bcfiles/edk_bcfiles/FaultTolerantWriteSmm.bc>:DebugPrintLevelEnabled	</harden/bcfiles/edk_bcfiles/FaultTolerantWriteSmm.bc>:FvbNotificationEvent:%75
</harden/bcfiles/edk_bcfiles/FaultTolerantWriteSmm.bc>:DebugPrintLevelEnabled	</harden/bcfiles/edk_bcfiles/FaultTolerantWriteSmm.bc>:FvbNotificationEvent:%48
</harden/bcfiles/edk_bcfiles/FaultTolerantWriteSmm.bc>:DebugPrintLevelEnabled	</harden/bcfiles/edk_bcfiles/FaultTolerantWriteSmm.bc>:MmFaultTolerantWriteInitialize:%53
</harden/bcfiles/edk_bcfiles/FaultTolerantWriteSmm.bc>:DebugPrintLevelEnabled	</harden/bcfiles/edk_bcfiles/FaultTolerantWriteSmm.bc>:MmFaultTolerantWriteInitialize:%26
</harden/bcfiles/edk_bcfiles/FaultTolerantWriteSmm.bc>:CopyMem	</harden/bcfiles/edk_bcfiles/FaultTolerantWriteSmm.bc>:SmmFaultTolerantWriteHandler:%55
</harden/bcfiles/edk_bcfiles/FaultTolerantWriteSmm.bc>:FtwGetMaxBlockSize	</harden/bcfiles/edk_bcfiles/FaultTolerantWriteSmm.bc>:SmmFaultTolerantWriteHandler:%122
</harden/bcfiles/edk_bcfiles/FaultTolerantWriteSmm.bc>:FtwAllocate	</harden/bcfiles/edk_bcfiles/FaultTolerantWriteSmm.bc>:SmmFaultTolerantWriteHandler:%152
</harden/bcfiles/edk_bcfiles/FaultTolerantWriteSmm.bc>:FtwWrite	</harden/bcfiles/edk_bcfiles/FaultTolerantWriteSmm.bc>:SmmFaultTolerantWriteHandler:%243
</harden/bcfiles/edk_bcfiles/FaultTolerantWriteSmm.bc>:FtwRestart	</harden/bcfiles/edk_bcfiles/FaultTolerantWriteSmm.bc>:SmmFaultTolerantWriteHandler:%277
</harden/bcfiles/edk_bcfiles/FaultTolerantWriteSmm.bc>:FtwAbort	</harden/bcfiles/edk_bcfiles/FaultTolerantWriteSmm.bc>:SmmFaultTolerantWriteHandler:%282
</harden/bcfiles/edk_bcfiles/FaultTolerantWriteSmm.bc>:FtwGetLastWrite	</harden/bcfiles/edk_bcfiles/FaultTolerantWriteSmm.bc>:SmmFaultTolerantWriteHandler:%344
</harden/bcfiles/edk_bcfiles/FaultTolerantWriteSmm.bc>:InitFtwProtocol	</harden/bcfiles/edk_bcfiles/FaultTolerantWriteSmm.bc>:FvbNotificationEvent:%21
</harden/bcfiles/edk_bcfiles/FaultTolerantWriteSmm.bc>:DebugAssertEnabled	</harden/bcfiles/edk_bcfiles/FaultTolerantWriteSmm.bc>:FvbNotificationEvent:%64
</harden/bcfiles/edk_bcfiles/FaultTolerantWriteSmm.bc>:DebugAssertEnabled	</harden/bcfiles/edk_bcfiles/FaultTolerantWriteSmm.bc>:FvbNotificationEvent:%37
</harden/bcfiles/edk_bcfiles/FaultTolerantWriteSmm.bc>:DebugAssertEnabled	</harden/bcfiles/edk_bcfiles/FaultTolerantWriteSmm.bc>:MmFaultTolerantWriteInitialize:%42
</harden/bcfiles/edk_bcfiles/FaultTolerantWriteSmm.bc>:DebugAssertEnabled	</harden/bcfiles/edk_bcfiles/FaultTolerantWriteSmm.bc>:MmFaultTolerantWriteInitialize:%15
</harden/bcfiles/edk_bcfiles/FaultTolerantWriteSmm.bc>:InitFtwDevice	</harden/bcfiles/edk_bcfiles/FaultTolerantWriteSmm.bc>:MmFaultTolerantWriteInitialize:%4
