*global_alloc@mFvbRegistration	null
*global_alloc@mFtwDevice	null
*global_alloc@mEndOfDxe	0
*global_alloc@.str	c"SmmFtwHandler: SMM communication buffer in SMRAM or overflow!\0A\00"
*global_alloc@.str.1	c"SmmFtwHandler: SMM communication buffer size invalid!\0A\00"
*global_alloc@.str.2	c"SmmFtwHandler: Not safe to do the operation: %x after End Of Dxe, so access denied!\0A\00"
*global_alloc@.str.3	c"GetMaxBlockSize: SMM communication buffer size invalid!\0A\00"
*global_alloc@.str.4	c"Allocate: SMM communication buffer size invalid!\0A\00"
*global_alloc@.str.5	c"Write: SMM communication buffer size invalid!\0A\00"
*global_alloc@.str.6	c"Write: Data size exceed communication buffer size limit!\0A\00"
*global_alloc@.str.7	c"Restart: SMM communication buffer size invalid!\0A\00"
*global_alloc@.str.8	c"GetLastWrite: SMM communication buffer size invalid!\0A\00"
*global_alloc@.str.9	c"Data size exceed communication buffer size limit!\0A\00"
*global_alloc@.str.10	c"\0AASSERT_EFI_ERROR (Status = %r)\0A\00"
*global_alloc@.str.11	c"FaultTolerantWriteSmm.c\00"
*global_alloc@.str.12	c"!(((INTN)(RETURN_STATUS)(Status)) < 0)\00"
*global_alloc@mFvbRegistration[0]	null
*global_alloc@mFtwDevice[0]	null
*global_alloc@mEndOfDxe[0]	0
*global_alloc@.str[0]	c"SmmFtwHandler: SMM communication buffer in SMRAM or overflow!\0A\00"
*global_alloc@.str.1[0]	c"SmmFtwHandler: SMM communication buffer size invalid!\0A\00"
*global_alloc@.str.2[0]	c"SmmFtwHandler: Not safe to do the operation: %x after End Of Dxe, so access denied!\0A\00"
*global_alloc@.str.3[0]	c"GetMaxBlockSize: SMM communication buffer size invalid!\0A\00"
*global_alloc@.str.4[0]	c"Allocate: SMM communication buffer size invalid!\0A\00"
*global_alloc@.str.5[0]	c"Write: SMM communication buffer size invalid!\0A\00"
*global_alloc@.str.6[0]	c"Write: Data size exceed communication buffer size limit!\0A\00"
*global_alloc@.str.7[0]	c"Restart: SMM communication buffer size invalid!\0A\00"
*global_alloc@.str.8[0]	c"GetLastWrite: SMM communication buffer size invalid!\0A\00"
*global_alloc@.str.9[0]	c"Data size exceed communication buffer size limit!\0A\00"
*global_alloc@.str.10[0]	c"\0AASSERT_EFI_ERROR (Status = %r)\0A\00"
*global_alloc@.str.11[0]	c"FaultTolerantWriteSmm.c\00"
*global_alloc@.str.12[0]	c"!(((INTN)(RETURN_STATUS)(Status)) < 0)\00"
