*argv-alloc	i8**
*global_alloc@FtwGetFvbByHandle	i64 (i8*, %struct._EFI_FIRMWARE_VOLUME_BLOCK_PROTOCOL**)
*global_alloc@FtwGetSarProtocol	i64 (i8**)
*global_alloc@GetFvbCountAndBuffer	i64 (i64*, i8***)
*global_alloc@GetFvbByAddressAndAttribute	i64 (i64, i32, i8**)
*global_alloc@SmmFaultTolerantWriteHandler	i64 (i8*, i8*, i8*, i64*)
*global_alloc@FvbNotificationEvent	i64 (%struct.GUID*, i8*, i8*)
*global_alloc@MmEndOfDxeCallback	i64 (%struct.GUID*, i8*, i8*)
*global_alloc@MmFaultTolerantWriteInitialize	i64 ()
*global_alloc@llvm.dbg.declare	void (metadata, metadata, metadata)
*global_alloc@AllocatePool	i8* (i64)
*global_alloc@FreePool	void (i8*)
*global_alloc@FtwSmmIsBufferOutsideSmmValid	i8 (i64, i64)
*global_alloc@DebugPrintEnabled	i8 ()
*global_alloc@DebugPrintLevelEnabled	i8 (i64)
*global_alloc@DebugPrint	void (i64, i8*, ...)
*global_alloc@CopyMem	i8* (i8*, i8*, i64)
*global_alloc@FtwGetMaxBlockSize	i64 (%struct._EFI_FAULT_TOLERANT_WRITE_PROTOCOL*, i64*)
*global_alloc@FtwAllocate	i64 (%struct._EFI_FAULT_TOLERANT_WRITE_PROTOCOL*, %struct.GUID*, i64, i64)
*global_alloc@SpeculationBarrier	void ()
*global_alloc@FtwWrite	i64 (%struct._EFI_FAULT_TOLERANT_WRITE_PROTOCOL*, i64, i64, i64, i8*, i8*, i8*)
*global_alloc@FtwRestart	i64 (%struct._EFI_FAULT_TOLERANT_WRITE_PROTOCOL*, i8*)
*global_alloc@FtwAbort	i64 (%struct._EFI_FAULT_TOLERANT_WRITE_PROTOCOL*)
*global_alloc@FtwGetLastWrite	i64 (%struct._EFI_FAULT_TOLERANT_WRITE_PROTOCOL*, %struct.GUID*, i64*, i64*, i64*, i64*, i8*, i8*)
*global_alloc@InitFtwProtocol	i64 (%struct.EFI_FTW_DEVICE*)
*global_alloc@DebugAssertEnabled	i8 ()
*global_alloc@DebugAssert	void (i8*, i64, i8*)
*global_alloc@FtwNotifySmmReady	void ()
*global_alloc@InitFtwDevice	i64 (%struct.EFI_FTW_DEVICE**)
*global_alloc@mFvbRegistration	i8*
*global_alloc@mFtwDevice	%struct.EFI_FTW_DEVICE*
*global_alloc@mEndOfDxe	i8
*global_alloc@gMmst	%struct._EFI_MM_SYSTEM_TABLE*
*global_alloc@gEfiSmmFirmwareVolumeBlockProtocolGuid	%struct.GUID
*global_alloc@gEfiSmmSwapAddressRangeProtocolGuid	%struct.GUID
*global_alloc@.str	[63 x i8]
*global_alloc@.str.1	[55 x i8]
*global_alloc@.str.2	[85 x i8]
*global_alloc@.str.3	[57 x i8]
*global_alloc@.str.4	[50 x i8]
*global_alloc@.str.5	[47 x i8]
*global_alloc@.str.6	[58 x i8]
*global_alloc@.str.7	[49 x i8]
*global_alloc@.str.8	[54 x i8]
*global_alloc@.str.9	[51 x i8]
*global_alloc@gEfiSmmFaultTolerantWriteProtocolGuid	%struct.GUID
*global_alloc@.str.10	[33 x i8]
*global_alloc@.str.11	[24 x i8]
*global_alloc@.str.12	[39 x i8]
*global_alloc@gEfiMmEndOfDxeProtocolGuid	%struct.GUID
*argv-alloc[*]	i8**
*global_alloc@mFvbRegistration[*]	i8*
*global_alloc@mFtwDevice[*]	%struct.EFI_FTW_DEVICE*
*global_alloc@mEndOfDxe[*]	i8
*global_alloc@gMmst[*]	%struct._EFI_MM_SYSTEM_TABLE*
*global_alloc@gEfiSmmFirmwareVolumeBlockProtocolGuid[*]	%struct.GUID
*global_alloc@gEfiSmmSwapAddressRangeProtocolGuid[*]	%struct.GUID
*global_alloc@.str[*]	[63 x i8]
*global_alloc@.str.1[*]	[55 x i8]
*global_alloc@.str.2[*]	[85 x i8]
*global_alloc@.str.3[*]	[57 x i8]
*global_alloc@.str.4[*]	[50 x i8]
*global_alloc@.str.5[*]	[47 x i8]
*global_alloc@.str.6[*]	[58 x i8]
*global_alloc@.str.7[*]	[49 x i8]
*global_alloc@.str.8[*]	[54 x i8]
*global_alloc@.str.9[*]	[51 x i8]
*global_alloc@gEfiSmmFaultTolerantWriteProtocolGuid[*]	%struct.GUID
*global_alloc@.str.10[*]	[33 x i8]
*global_alloc@.str.11[*]	[24 x i8]
*global_alloc@.str.12[*]	[39 x i8]
*global_alloc@gEfiMmEndOfDxeProtocolGuid[*]	%struct.GUID
*stack_alloc@SmmFaultTolerantWriteHandler[i64* %5]	i64
*stack_alloc@SmmFaultTolerantWriteHandler[i8** %6]	i8*
*stack_alloc@SmmFaultTolerantWriteHandler[i8** %7]	i8*
*stack_alloc@SmmFaultTolerantWriteHandler[i8** %8]	i8*
*stack_alloc@SmmFaultTolerantWriteHandler[i64** %9]	i64*
*stack_alloc@SmmFaultTolerantWriteHandler[i64* %10]	i64
*stack_alloc@SmmFaultTolerantWriteHandler[%struct.SMM_FTW_GET_MAX_BLOCK_SIZE_HEADER** %11]	%struct.SMM_FTW_GET_MAX_BLOCK_SIZE_HEADER*
*stack_alloc@SmmFaultTolerantWriteHandler[%struct.SMM_FTW_ALLOCATE_HEADER** %12]	%struct.SMM_FTW_ALLOCATE_HEADER*
*stack_alloc@SmmFaultTolerantWriteHandler[%struct.SMM_FTW_WRITE_HEADER** %13]	%struct.SMM_FTW_WRITE_HEADER*
*stack_alloc@SmmFaultTolerantWriteHandler[%struct.SMM_FTW_RESTART_HEADER** %14]	%struct.SMM_FTW_RESTART_HEADER*
*stack_alloc@SmmFaultTolerantWriteHandler[%struct.SMM_FTW_GET_LAST_WRITE_HEADER** %15]	%struct.SMM_FTW_GET_LAST_WRITE_HEADER*
*stack_alloc@SmmFaultTolerantWriteHandler[i64* %16]	i64
*stack_alloc@SmmFaultTolerantWriteHandler[i64* %17]	i64
*stack_alloc@SmmFaultTolerantWriteHandler[i64* %18]	i64
*stack_alloc@SmmFaultTolerantWriteHandler[i64* %19]	i64
*stack_alloc@SmmFaultTolerantWriteHandler[i64* %20]	i64
*stack_alloc@SmmFaultTolerantWriteHandler[i8** %21]	i8*
*stack_alloc@SmmFaultTolerantWriteHandler[i8** %22]	i8*
*stack_alloc@SmmFaultTolerantWriteHandler[i8** %23]	i8*
*stack_alloc@SmmFaultTolerantWriteHandler[%struct.SMM_FTW_COMMUNICATE_FUNCTION_HEADER* %24]	%struct.SMM_FTW_COMMUNICATE_FUNCTION_HEADER
*argv-alloc[0]	i8**
*global_alloc@mFvbRegistration[0]	i8*
*global_alloc@mFtwDevice[0]	%struct.EFI_FTW_DEVICE*
*global_alloc@mEndOfDxe[0]	i8
*global_alloc@gMmst[0]	%struct._EFI_MM_SYSTEM_TABLE*
*global_alloc@gEfiSmmFirmwareVolumeBlockProtocolGuid[0]	%struct.GUID
*global_alloc@gEfiSmmSwapAddressRangeProtocolGuid[0]	%struct.GUID
*global_alloc@.str[0]	[63 x i8]
*global_alloc@.str.1[0]	[55 x i8]
*global_alloc@.str.2[0]	[85 x i8]
*global_alloc@.str.3[0]	[57 x i8]
*global_alloc@.str.4[0]	[50 x i8]
*global_alloc@.str.5[0]	[47 x i8]
*global_alloc@.str.6[0]	[58 x i8]
*global_alloc@.str.7[0]	[49 x i8]
*global_alloc@.str.8[0]	[54 x i8]
*global_alloc@.str.9[0]	[51 x i8]
*global_alloc@gEfiSmmFaultTolerantWriteProtocolGuid[0]	%struct.GUID
*global_alloc@.str.10[0]	[33 x i8]
*global_alloc@.str.11[0]	[24 x i8]
*global_alloc@.str.12[0]	[39 x i8]
*global_alloc@gEfiMmEndOfDxeProtocolGuid[0]	%struct.GUID
*global_alloc@gEfiSmmFirmwareVolumeBlockProtocolGuid[*].?/0	i32
*global_alloc@gEfiSmmFirmwareVolumeBlockProtocolGuid[*].?/1	i16
*global_alloc@gEfiSmmFirmwareVolumeBlockProtocolGuid[*].?/2	i16
*global_alloc@gEfiSmmFirmwareVolumeBlockProtocolGuid[*].?/3	[8 x i8]
*global_alloc@gEfiSmmSwapAddressRangeProtocolGuid[*].?/0	i32
*global_alloc@gEfiSmmSwapAddressRangeProtocolGuid[*].?/1	i16
*global_alloc@gEfiSmmSwapAddressRangeProtocolGuid[*].?/2	i16
*global_alloc@gEfiSmmSwapAddressRangeProtocolGuid[*].?/3	[8 x i8]
*global_alloc@gEfiSmmFaultTolerantWriteProtocolGuid[*].?/0	i32
*global_alloc@gEfiSmmFaultTolerantWriteProtocolGuid[*].?/1	i16
*global_alloc@gEfiSmmFaultTolerantWriteProtocolGuid[*].?/2	i16
*global_alloc@gEfiSmmFaultTolerantWriteProtocolGuid[*].?/3	[8 x i8]
*global_alloc@gEfiMmEndOfDxeProtocolGuid[*].?/0	i32
*global_alloc@gEfiMmEndOfDxeProtocolGuid[*].?/1	i16
*global_alloc@gEfiMmEndOfDxeProtocolGuid[*].?/2	i16
*global_alloc@gEfiMmEndOfDxeProtocolGuid[*].?/3	[8 x i8]
*global_alloc@.str[*][*]	i8
*global_alloc@.str.1[*][*]	i8
*global_alloc@.str.2[*][*]	i8
*global_alloc@.str.3[*][*]	i8
*global_alloc@.str.4[*][*]	i8
*global_alloc@.str.5[*][*]	i8
*global_alloc@.str.6[*][*]	i8
*global_alloc@.str.7[*][*]	i8
*global_alloc@.str.8[*][*]	i8
*global_alloc@.str.9[*][*]	i8
*global_alloc@.str.10[*][*]	i8
*global_alloc@.str.11[*][*]	i8
*global_alloc@.str.12[*][*]	i8
*argv[0]-alloc	i8*
*global_alloc@gEfiSmmFirmwareVolumeBlockProtocolGuid[0].?/0	i32
*global_alloc@gEfiSmmFirmwareVolumeBlockProtocolGuid[0].?/1	i16
*global_alloc@gEfiSmmFirmwareVolumeBlockProtocolGuid[0].?/2	i16
*global_alloc@gEfiSmmFirmwareVolumeBlockProtocolGuid[0].?/3	[8 x i8]
*global_alloc@gEfiSmmSwapAddressRangeProtocolGuid[0].?/0	i32
*global_alloc@gEfiSmmSwapAddressRangeProtocolGuid[0].?/1	i16
*global_alloc@gEfiSmmSwapAddressRangeProtocolGuid[0].?/2	i16
*global_alloc@gEfiSmmSwapAddressRangeProtocolGuid[0].?/3	[8 x i8]
*global_alloc@gEfiSmmFaultTolerantWriteProtocolGuid[0].?/0	i32
*global_alloc@gEfiSmmFaultTolerantWriteProtocolGuid[0].?/1	i16
*global_alloc@gEfiSmmFaultTolerantWriteProtocolGuid[0].?/2	i16
*global_alloc@gEfiSmmFaultTolerantWriteProtocolGuid[0].?/3	[8 x i8]
*global_alloc@gEfiMmEndOfDxeProtocolGuid[0].?/0	i32
*global_alloc@gEfiMmEndOfDxeProtocolGuid[0].?/1	i16
*global_alloc@gEfiMmEndOfDxeProtocolGuid[0].?/2	i16
*global_alloc@gEfiMmEndOfDxeProtocolGuid[0].?/3	[8 x i8]
*stack_alloc@SmmFaultTolerantWriteHandler[i64* %5][*]	i64
*stack_alloc@SmmFaultTolerantWriteHandler[i8** %6][*]	i8*
*stack_alloc@SmmFaultTolerantWriteHandler[i8** %7][*]	i8*
*stack_alloc@SmmFaultTolerantWriteHandler[i8** %8][*]	i8*
*stack_alloc@SmmFaultTolerantWriteHandler[i64** %9][*]	i64*
*stack_alloc@SmmFaultTolerantWriteHandler[i64* %10][*]	i64
*stack_alloc@SmmFaultTolerantWriteHandler[%struct.SMM_FTW_GET_MAX_BLOCK_SIZE_HEADER** %11][*]	%struct.SMM_FTW_GET_MAX_BLOCK_SIZE_HEADER*
*stack_alloc@SmmFaultTolerantWriteHandler[%struct.SMM_FTW_ALLOCATE_HEADER** %12][*]	%struct.SMM_FTW_ALLOCATE_HEADER*
*stack_alloc@SmmFaultTolerantWriteHandler[%struct.SMM_FTW_WRITE_HEADER** %13][*]	%struct.SMM_FTW_WRITE_HEADER*
*stack_alloc@SmmFaultTolerantWriteHandler[%struct.SMM_FTW_RESTART_HEADER** %14][*]	%struct.SMM_FTW_RESTART_HEADER*
*stack_alloc@SmmFaultTolerantWriteHandler[%struct.SMM_FTW_GET_LAST_WRITE_HEADER** %15][*]	%struct.SMM_FTW_GET_LAST_WRITE_HEADER*
*stack_alloc@SmmFaultTolerantWriteHandler[i64* %16][*]	i64
*stack_alloc@SmmFaultTolerantWriteHandler[i64* %17][*]	i64
*stack_alloc@SmmFaultTolerantWriteHandler[i64* %18][*]	i64
*stack_alloc@SmmFaultTolerantWriteHandler[i64* %19][*]	i64
*stack_alloc@SmmFaultTolerantWriteHandler[i64* %20][*]	i64
*stack_alloc@SmmFaultTolerantWriteHandler[i8** %21][*]	i8*
*stack_alloc@SmmFaultTolerantWriteHandler[i8** %22][*]	i8*
*stack_alloc@SmmFaultTolerantWriteHandler[i8** %23][*]	i8*
*stack_alloc@SmmFaultTolerantWriteHandler[%struct.SMM_FTW_COMMUNICATE_FUNCTION_HEADER* %24][*]	%struct.SMM_FTW_COMMUNICATE_FUNCTION_HEADER
*global_alloc@.str[0][*]	i8
*global_alloc@.str.1[0][*]	i8
*global_alloc@.str.2[0][*]	i8
*global_alloc@.str.3[0][*]	i8
*global_alloc@.str.4[0][*]	i8
*global_alloc@.str.5[0][*]	i8
*global_alloc@.str.6[0][*]	i8
*global_alloc@.str.7[0][*]	i8
*global_alloc@.str.8[0][*]	i8
*global_alloc@.str.9[0][*]	i8
*global_alloc@.str.10[0][*]	i8
*global_alloc@.str.11[0][*]	i8
*global_alloc@.str.12[0][*]	i8
*argv[0]-alloc[*]	i8*
*global_alloc@gEfiSmmFirmwareVolumeBlockProtocolGuid[*].?/3[*]	i8
*global_alloc@gEfiSmmSwapAddressRangeProtocolGuid[*].?/3[*]	i8
*global_alloc@gEfiSmmFaultTolerantWriteProtocolGuid[*].?/3[*]	i8
*global_alloc@gEfiMmEndOfDxeProtocolGuid[*].?/3[*]	i8
*stack_alloc@SmmFaultTolerantWriteHandler[i64* %5][0]	i64
*stack_alloc@SmmFaultTolerantWriteHandler[i8** %6][0]	i8*
*stack_alloc@SmmFaultTolerantWriteHandler[i8** %7][0]	i8*
*stack_alloc@SmmFaultTolerantWriteHandler[i8** %8][0]	i8*
*stack_alloc@SmmFaultTolerantWriteHandler[i64** %9][0]	i64*
*stack_alloc@SmmFaultTolerantWriteHandler[i64* %10][0]	i64
*stack_alloc@SmmFaultTolerantWriteHandler[%struct.SMM_FTW_GET_MAX_BLOCK_SIZE_HEADER** %11][0]	%struct.SMM_FTW_GET_MAX_BLOCK_SIZE_HEADER*
*stack_alloc@SmmFaultTolerantWriteHandler[%struct.SMM_FTW_ALLOCATE_HEADER** %12][0]	%struct.SMM_FTW_ALLOCATE_HEADER*
*stack_alloc@SmmFaultTolerantWriteHandler[%struct.SMM_FTW_WRITE_HEADER** %13][0]	%struct.SMM_FTW_WRITE_HEADER*
*stack_alloc@SmmFaultTolerantWriteHandler[%struct.SMM_FTW_RESTART_HEADER** %14][0]	%struct.SMM_FTW_RESTART_HEADER*
*stack_alloc@SmmFaultTolerantWriteHandler[%struct.SMM_FTW_GET_LAST_WRITE_HEADER** %15][0]	%struct.SMM_FTW_GET_LAST_WRITE_HEADER*
*stack_alloc@SmmFaultTolerantWriteHandler[i64* %16][0]	i64
*stack_alloc@SmmFaultTolerantWriteHandler[i64* %17][0]	i64
*stack_alloc@SmmFaultTolerantWriteHandler[i64* %18][0]	i64
*stack_alloc@SmmFaultTolerantWriteHandler[i64* %19][0]	i64
*stack_alloc@SmmFaultTolerantWriteHandler[i64* %20][0]	i64
*stack_alloc@SmmFaultTolerantWriteHandler[i8** %21][0]	i8*
*stack_alloc@SmmFaultTolerantWriteHandler[i8** %22][0]	i8*
*stack_alloc@SmmFaultTolerantWriteHandler[i8** %23][0]	i8*
*stack_alloc@SmmFaultTolerantWriteHandler[%struct.SMM_FTW_COMMUNICATE_FUNCTION_HEADER* %24][0]	%struct.SMM_FTW_COMMUNICATE_FUNCTION_HEADER
*stack_alloc@GetFvbByAddressAndAttribute[i64* %4]	i64
*stack_alloc@GetFvbByAddressAndAttribute[i64* %5]	i64
*stack_alloc@GetFvbByAddressAndAttribute[i32* %6]	i32
*stack_alloc@GetFvbByAddressAndAttribute[i8*** %7]	i8**
*stack_alloc@GetFvbByAddressAndAttribute[i64* %8]	i64
*stack_alloc@GetFvbByAddressAndAttribute[i8*** %9]	i8**
*stack_alloc@GetFvbByAddressAndAttribute[i64* %10]	i64
*stack_alloc@GetFvbByAddressAndAttribute[i64* %11]	i64
*stack_alloc@GetFvbByAddressAndAttribute[i64* %12]	i64
*stack_alloc@GetFvbByAddressAndAttribute[i32* %13]	i32
*stack_alloc@GetFvbByAddressAndAttribute[%struct._EFI_FIRMWARE_VOLUME_BLOCK_PROTOCOL** %14]	%struct._EFI_FIRMWARE_VOLUME_BLOCK_PROTOCOL*
*stack_alloc@SmmFaultTolerantWriteHandler[%struct.SMM_FTW_COMMUNICATE_FUNCTION_HEADER* %24][*].?/0	i64
*stack_alloc@SmmFaultTolerantWriteHandler[%struct.SMM_FTW_COMMUNICATE_FUNCTION_HEADER* %24][*].?/1	%struct.GUID
*stack_alloc@SmmFaultTolerantWriteHandler[%struct.SMM_FTW_COMMUNICATE_FUNCTION_HEADER* %24][*].?/2	i64
*stack_alloc@SmmFaultTolerantWriteHandler[%struct.SMM_FTW_COMMUNICATE_FUNCTION_HEADER* %24][*].?/3	[1 x i8]
*global_alloc@gEfiSmmFirmwareVolumeBlockProtocolGuid[0].?/3[*]	i8
*global_alloc@gEfiSmmSwapAddressRangeProtocolGuid[0].?/3[*]	i8
*global_alloc@gEfiSmmFaultTolerantWriteProtocolGuid[0].?/3[*]	i8
*global_alloc@gEfiMmEndOfDxeProtocolGuid[0].?/3[*]	i8
*argv[0]-alloc[0]	i8*
*stack_alloc@SmmFaultTolerantWriteHandler[%struct.SMM_FTW_COMMUNICATE_FUNCTION_HEADER* %24][0].?/0	i64
*stack_alloc@SmmFaultTolerantWriteHandler[%struct.SMM_FTW_COMMUNICATE_FUNCTION_HEADER* %24][0].?/1	%struct.GUID
*stack_alloc@SmmFaultTolerantWriteHandler[%struct.SMM_FTW_COMMUNICATE_FUNCTION_HEADER* %24][0].?/2	i64
*stack_alloc@SmmFaultTolerantWriteHandler[%struct.SMM_FTW_COMMUNICATE_FUNCTION_HEADER* %24][0].?/3	[1 x i8]
*stack_alloc@SmmFaultTolerantWriteHandler[%struct.SMM_FTW_COMMUNICATE_FUNCTION_HEADER* %24][*].?/1.?/0	i32
*stack_alloc@SmmFaultTolerantWriteHandler[%struct.SMM_FTW_COMMUNICATE_FUNCTION_HEADER* %24][*].?/1.?/1	i16
*stack_alloc@SmmFaultTolerantWriteHandler[%struct.SMM_FTW_COMMUNICATE_FUNCTION_HEADER* %24][*].?/1.?/2	i16
*stack_alloc@SmmFaultTolerantWriteHandler[%struct.SMM_FTW_COMMUNICATE_FUNCTION_HEADER* %24][*].?/1.?/3	[8 x i8]
*stack_alloc@GetFvbByAddressAndAttribute[i64* %4][*]	i64
*stack_alloc@GetFvbByAddressAndAttribute[i64* %5][*]	i64
*stack_alloc@GetFvbByAddressAndAttribute[i32* %6][*]	i32
*stack_alloc@GetFvbByAddressAndAttribute[i8*** %7][*]	i8**
*stack_alloc@GetFvbByAddressAndAttribute[i64* %8][*]	i64
*stack_alloc@GetFvbByAddressAndAttribute[i8*** %9][*]	i8**
*stack_alloc@GetFvbByAddressAndAttribute[i64* %10][*]	i64
*stack_alloc@GetFvbByAddressAndAttribute[i64* %11][*]	i64
*stack_alloc@GetFvbByAddressAndAttribute[i64* %12][*]	i64
*stack_alloc@GetFvbByAddressAndAttribute[i32* %13][*]	i32
*stack_alloc@GetFvbByAddressAndAttribute[%struct._EFI_FIRMWARE_VOLUME_BLOCK_PROTOCOL** %14][*]	%struct._EFI_FIRMWARE_VOLUME_BLOCK_PROTOCOL*
*stack_alloc@SmmFaultTolerantWriteHandler[%struct.SMM_FTW_COMMUNICATE_FUNCTION_HEADER* %24][*].?/3[*]	i8
*stack_alloc@SmmFaultTolerantWriteHandler[%struct.SMM_FTW_COMMUNICATE_FUNCTION_HEADER* %24][0].?/1.?/0	i32
*stack_alloc@SmmFaultTolerantWriteHandler[%struct.SMM_FTW_COMMUNICATE_FUNCTION_HEADER* %24][0].?/1.?/1	i16
*stack_alloc@SmmFaultTolerantWriteHandler[%struct.SMM_FTW_COMMUNICATE_FUNCTION_HEADER* %24][0].?/1.?/2	i16
*stack_alloc@SmmFaultTolerantWriteHandler[%struct.SMM_FTW_COMMUNICATE_FUNCTION_HEADER* %24][0].?/1.?/3	[8 x i8]
*stack_alloc@SmmFaultTolerantWriteHandler[%struct.SMM_FTW_COMMUNICATE_FUNCTION_HEADER* %24][0].?/3[*]	i8
*stack_alloc@GetFvbByAddressAndAttribute[i64* %4][0]	i64
*stack_alloc@GetFvbByAddressAndAttribute[i64* %5][0]	i64
*stack_alloc@GetFvbByAddressAndAttribute[i32* %6][0]	i32
*stack_alloc@GetFvbByAddressAndAttribute[i8*** %7][0]	i8**
*stack_alloc@GetFvbByAddressAndAttribute[i64* %8][0]	i64
*stack_alloc@GetFvbByAddressAndAttribute[i8*** %9][0]	i8**
*stack_alloc@GetFvbByAddressAndAttribute[i64* %10][0]	i64
*stack_alloc@GetFvbByAddressAndAttribute[i64* %11][0]	i64
*stack_alloc@GetFvbByAddressAndAttribute[i64* %12][0]	i64
*stack_alloc@GetFvbByAddressAndAttribute[i32* %13][0]	i32
*stack_alloc@GetFvbByAddressAndAttribute[%struct._EFI_FIRMWARE_VOLUME_BLOCK_PROTOCOL** %14][0]	%struct._EFI_FIRMWARE_VOLUME_BLOCK_PROTOCOL*
*stack_alloc@FtwGetFvbByHandle[i8** %3]	i8*
*stack_alloc@FtwGetFvbByHandle[%struct._EFI_FIRMWARE_VOLUME_BLOCK_PROTOCOL*** %4]	%struct._EFI_FIRMWARE_VOLUME_BLOCK_PROTOCOL**
*stack_alloc@GetFvbCountAndBuffer[i64* %3]	i64
*stack_alloc@GetFvbCountAndBuffer[i64** %4]	i64*
*stack_alloc@GetFvbCountAndBuffer[i8**** %5]	i8***
*stack_alloc@GetFvbCountAndBuffer[i64* %6]	i64
*stack_alloc@GetFvbCountAndBuffer[i64* %7]	i64
*stack_alloc@SmmFaultTolerantWriteHandler[%struct.SMM_FTW_COMMUNICATE_FUNCTION_HEADER* %24][*].?/1.?/3[*]	i8
*stack_alloc@SmmFaultTolerantWriteHandler[%struct.SMM_FTW_COMMUNICATE_FUNCTION_HEADER* %24][0].?/1.?/3[*]	i8
*stack_alloc@FtwGetFvbByHandle[i8** %3][*]	i8*
*stack_alloc@FtwGetFvbByHandle[%struct._EFI_FIRMWARE_VOLUME_BLOCK_PROTOCOL*** %4][*]	%struct._EFI_FIRMWARE_VOLUME_BLOCK_PROTOCOL**
*stack_alloc@GetFvbCountAndBuffer[i64* %3][*]	i64
*stack_alloc@GetFvbCountAndBuffer[i64** %4][*]	i64*
*stack_alloc@GetFvbCountAndBuffer[i8**** %5][*]	i8***
*stack_alloc@GetFvbCountAndBuffer[i64* %6][*]	i64
*stack_alloc@GetFvbCountAndBuffer[i64* %7][*]	i64
*stack_alloc@FtwGetFvbByHandle[i8** %3][0]	i8*
*stack_alloc@FtwGetFvbByHandle[%struct._EFI_FIRMWARE_VOLUME_BLOCK_PROTOCOL*** %4][0]	%struct._EFI_FIRMWARE_VOLUME_BLOCK_PROTOCOL**
*stack_alloc@GetFvbCountAndBuffer[i64* %3][0]	i64
*stack_alloc@GetFvbCountAndBuffer[i64** %4][0]	i64*
*stack_alloc@GetFvbCountAndBuffer[i8**** %5][0]	i8***
*stack_alloc@GetFvbCountAndBuffer[i64* %6][0]	i64
*stack_alloc@GetFvbCountAndBuffer[i64* %7][0]	i64
