</harden/bcfiles/edk_bcfiles/FaultTolerantWriteSmm.bc>:FtwGetFvbByHandle:%4	FvBlock
</harden/bcfiles/edk_bcfiles/FaultTolerantWriteSmm.bc>:FtwGetFvbByHandle:%3	FvBlockHandle
</harden/bcfiles/edk_bcfiles/FaultTolerantWriteSmm.bc>:FtwGetSarProtocol:%3	Status
</harden/bcfiles/edk_bcfiles/FaultTolerantWriteSmm.bc>:FtwGetSarProtocol:%2	SarProtocol
</harden/bcfiles/edk_bcfiles/FaultTolerantWriteSmm.bc>:GetFvbCountAndBuffer:%6	Status
</harden/bcfiles/edk_bcfiles/FaultTolerantWriteSmm.bc>:GetFvbCountAndBuffer:%5	Buffer
</harden/bcfiles/edk_bcfiles/FaultTolerantWriteSmm.bc>:GetFvbCountAndBuffer:%7	BufferSize
</harden/bcfiles/edk_bcfiles/FaultTolerantWriteSmm.bc>:GetFvbCountAndBuffer:%4	NumberHandles
</harden/bcfiles/edk_bcfiles/FaultTolerantWriteSmm.bc>:GetFvbByAddressAndAttribute:%14	Fvb
</harden/bcfiles/edk_bcfiles/FaultTolerantWriteSmm.bc>:GetFvbByAddressAndAttribute:%13	FvbAttributes
</harden/bcfiles/edk_bcfiles/FaultTolerantWriteSmm.bc>:GetFvbByAddressAndAttribute:%12	FvbBaseAddress
</harden/bcfiles/edk_bcfiles/FaultTolerantWriteSmm.bc>:GetFvbByAddressAndAttribute:%11	Index
</harden/bcfiles/edk_bcfiles/FaultTolerantWriteSmm.bc>:GetFvbByAddressAndAttribute:%10	HandleCount
</harden/bcfiles/edk_bcfiles/FaultTolerantWriteSmm.bc>:GetFvbByAddressAndAttribute:%9	HandleBuffer
</harden/bcfiles/edk_bcfiles/FaultTolerantWriteSmm.bc>:GetFvbByAddressAndAttribute:%8	Status
</harden/bcfiles/edk_bcfiles/FaultTolerantWriteSmm.bc>:GetFvbByAddressAndAttribute:%7	SmmFvbHandle
</harden/bcfiles/edk_bcfiles/FaultTolerantWriteSmm.bc>:GetFvbByAddressAndAttribute:%6	Attributes
</harden/bcfiles/edk_bcfiles/FaultTolerantWriteSmm.bc>:GetFvbByAddressAndAttribute:%5	Address
</harden/bcfiles/edk_bcfiles/FaultTolerantWriteSmm.bc>:SmmFaultTolerantWriteHandler:%24	SmmFtwFunctionHeader
</harden/bcfiles/edk_bcfiles/FaultTolerantWriteSmm.bc>:SmmFaultTolerantWriteHandler:%23	SmmFvbHandle
</harden/bcfiles/edk_bcfiles/FaultTolerantWriteSmm.bc>:SmmFaultTolerantWriteHandler:%22	StructureData
</harden/bcfiles/edk_bcfiles/FaultTolerantWriteSmm.bc>:SmmFaultTolerantWriteHandler:%21	PrivateData
</harden/bcfiles/edk_bcfiles/FaultTolerantWriteSmm.bc>:SmmFaultTolerantWriteHandler:%20	Length
</harden/bcfiles/edk_bcfiles/FaultTolerantWriteSmm.bc>:SmmFaultTolerantWriteHandler:%19	InfoSize
</harden/bcfiles/edk_bcfiles/FaultTolerantWriteSmm.bc>:SmmFaultTolerantWriteHandler:%18	TempCommBufferSize
</harden/bcfiles/edk_bcfiles/FaultTolerantWriteSmm.bc>:SmmFaultTolerantWriteHandler:%17	PrivateDataSize
</harden/bcfiles/edk_bcfiles/FaultTolerantWriteSmm.bc>:SmmFaultTolerantWriteHandler:%16	CommBufferPayloadSize
</harden/bcfiles/edk_bcfiles/FaultTolerantWriteSmm.bc>:SmmFaultTolerantWriteHandler:%15	SmmFtwGetLastWriteHeader
</harden/bcfiles/edk_bcfiles/FaultTolerantWriteSmm.bc>:SmmFaultTolerantWriteHandler:%14	SmmFtwRestartHeader
</harden/bcfiles/edk_bcfiles/FaultTolerantWriteSmm.bc>:SmmFaultTolerantWriteHandler:%13	SmmFtwWriteHeader
</harden/bcfiles/edk_bcfiles/FaultTolerantWriteSmm.bc>:SmmFaultTolerantWriteHandler:%12	SmmFtwAllocateHeader
</harden/bcfiles/edk_bcfiles/FaultTolerantWriteSmm.bc>:SmmFaultTolerantWriteHandler:%11	SmmGetMaxBlockSizeHeader
</harden/bcfiles/edk_bcfiles/FaultTolerantWriteSmm.bc>:SmmFaultTolerantWriteHandler:%10	Status
</harden/bcfiles/edk_bcfiles/FaultTolerantWriteSmm.bc>:SmmFaultTolerantWriteHandler:%9	CommBufferSize
</harden/bcfiles/edk_bcfiles/FaultTolerantWriteSmm.bc>:SmmFaultTolerantWriteHandler:%8	CommBuffer
</harden/bcfiles/edk_bcfiles/FaultTolerantWriteSmm.bc>:SmmFaultTolerantWriteHandler:%7	RegisterContext
</harden/bcfiles/edk_bcfiles/FaultTolerantWriteSmm.bc>:SmmFaultTolerantWriteHandler:%6	DispatchHandle
</harden/bcfiles/edk_bcfiles/FaultTolerantWriteSmm.bc>:FvbNotificationEvent:%10	SmmFtwHandle
</harden/bcfiles/edk_bcfiles/FaultTolerantWriteSmm.bc>:FvbNotificationEvent:%9	FtwProtocol
</harden/bcfiles/edk_bcfiles/FaultTolerantWriteSmm.bc>:FvbNotificationEvent:%8	Status
</harden/bcfiles/edk_bcfiles/FaultTolerantWriteSmm.bc>:FvbNotificationEvent:%7	Handle
</harden/bcfiles/edk_bcfiles/FaultTolerantWriteSmm.bc>:FvbNotificationEvent:%6	Interface
</harden/bcfiles/edk_bcfiles/FaultTolerantWriteSmm.bc>:FvbNotificationEvent:%5	Protocol
</harden/bcfiles/edk_bcfiles/FaultTolerantWriteSmm.bc>:MmEndOfDxeCallback:%6	Handle
</harden/bcfiles/edk_bcfiles/FaultTolerantWriteSmm.bc>:MmEndOfDxeCallback:%5	Interface
</harden/bcfiles/edk_bcfiles/FaultTolerantWriteSmm.bc>:MmEndOfDxeCallback:%4	Protocol
</harden/bcfiles/edk_bcfiles/FaultTolerantWriteSmm.bc>:MmFaultTolerantWriteInitialize:%3	MmEndOfDxeRegistration
</harden/bcfiles/edk_bcfiles/FaultTolerantWriteSmm.bc>:MmFaultTolerantWriteInitialize:%2	Status
