</harden/bcfiles/edk_bcfiles/B2SmmDriver.bc>:GetErrorTypes:%17	</harden/bcfiles/edk_bcfiles/B2SmmDriver.bc>:GetErrorTypes:24:0:0	</harden/bcfiles/edk_bcfiles/B2SmmDriver.bc>:GetErrorTypes:24
</harden/bcfiles/edk_bcfiles/B2SmmDriver.bc>:GetErrorTypes:%7	</harden/bcfiles/edk_bcfiles/B2SmmDriver.bc>:GetErrorTypes:11:0:0	</harden/bcfiles/edk_bcfiles/B2SmmDriver.bc>:GetErrorTypes:11
</harden/bcfiles/edk_bcfiles/B2SmmDriver.bc>:SetErrorTypes:%16	</harden/bcfiles/edk_bcfiles/B2SmmDriver.bc>:SetErrorTypes:21:0:0	</harden/bcfiles/edk_bcfiles/B2SmmDriver.bc>:SetErrorTypes:21
</harden/bcfiles/edk_bcfiles/B2SmmDriver.bc>:SetErrorTypes:%6	</harden/bcfiles/edk_bcfiles/B2SmmDriver.bc>:SetErrorTypes:9:0:0	</harden/bcfiles/edk_bcfiles/B2SmmDriver.bc>:SetErrorTypes:9
</harden/bcfiles/edk_bcfiles/B2SmmDriver.bc>:GetErrorCount:%17	</harden/bcfiles/edk_bcfiles/B2SmmDriver.bc>:GetErrorCount:24:0:0	</harden/bcfiles/edk_bcfiles/B2SmmDriver.bc>:GetErrorCount:24
</harden/bcfiles/edk_bcfiles/B2SmmDriver.bc>:GetErrorCount:%7	</harden/bcfiles/edk_bcfiles/B2SmmDriver.bc>:GetErrorCount:11:0:0	</harden/bcfiles/edk_bcfiles/B2SmmDriver.bc>:GetErrorCount:11
</harden/bcfiles/edk_bcfiles/B2SmmDriver.bc>:SetErrorCount:%16	</harden/bcfiles/edk_bcfiles/B2SmmDriver.bc>:SetErrorCount:21:0:0	</harden/bcfiles/edk_bcfiles/B2SmmDriver.bc>:SetErrorCount:21
</harden/bcfiles/edk_bcfiles/B2SmmDriver.bc>:SetErrorCount:%6	</harden/bcfiles/edk_bcfiles/B2SmmDriver.bc>:SetErrorCount:9:0:0	</harden/bcfiles/edk_bcfiles/B2SmmDriver.bc>:SetErrorCount:9
</harden/bcfiles/edk_bcfiles/B2SmmDriver.bc>:B2SmiHandler:%68	</harden/bcfiles/edk_bcfiles/B2SmmDriver.bc>:B2SmiHandler:81:0:0	</harden/bcfiles/edk_bcfiles/B2SmmDriver.bc>:B2SmiHandler:81
</harden/bcfiles/edk_bcfiles/B2SmmDriver.bc>:B2SmiHandler:%67	</harden/bcfiles/edk_bcfiles/B2SmmDriver.bc>:B2SmiHandler:84:0:0	</harden/bcfiles/edk_bcfiles/B2SmmDriver.bc>:B2SmiHandler:84
</harden/bcfiles/edk_bcfiles/B2SmmDriver.bc>:B2SmiHandler:%61	</harden/bcfiles/edk_bcfiles/B2SmmDriver.bc>:B2SmiHandler:74:0:0	</harden/bcfiles/edk_bcfiles/B2SmmDriver.bc>:B2SmiHandler:74
</harden/bcfiles/edk_bcfiles/B2SmmDriver.bc>:B2SmiHandler:%92	</harden/bcfiles/edk_bcfiles/B2SmmDriver.bc>:B2SmiHandler:108:0:0	</harden/bcfiles/edk_bcfiles/B2SmmDriver.bc>:B2SmiHandler:108
</harden/bcfiles/edk_bcfiles/B2SmmDriver.bc>:B2SmiHandler:%10	</harden/bcfiles/edk_bcfiles/B2SmmDriver.bc>:B2SmiHandler:20:0:0	</harden/bcfiles/edk_bcfiles/B2SmmDriver.bc>:B2SmiHandler:20
</harden/bcfiles/edk_bcfiles/B2SmmDriver.bc>:B2SmiHandler:%10	</harden/bcfiles/edk_bcfiles/B2SmmDriver.bc>:B2SmiHandler:40:0:0	</harden/bcfiles/edk_bcfiles/B2SmmDriver.bc>:B2SmiHandler:40
</harden/bcfiles/edk_bcfiles/B2SmmDriver.bc>:B2SmiHandler:%10	</harden/bcfiles/edk_bcfiles/B2SmmDriver.bc>:B2SmiHandler:79:0:0	</harden/bcfiles/edk_bcfiles/B2SmmDriver.bc>:B2SmiHandler:79
</harden/bcfiles/edk_bcfiles/B2SmmDriver.bc>:B2SmiHandler:%10	</harden/bcfiles/edk_bcfiles/B2SmmDriver.bc>:B2SmiHandler:86:0:0	</harden/bcfiles/edk_bcfiles/B2SmmDriver.bc>:B2SmiHandler:86
</harden/bcfiles/edk_bcfiles/B2SmmDriver.bc>:B2SmiHandler:%10	</harden/bcfiles/edk_bcfiles/B2SmmDriver.bc>:B2SmiHandler:90:0:0	</harden/bcfiles/edk_bcfiles/B2SmmDriver.bc>:B2SmiHandler:90
</harden/bcfiles/edk_bcfiles/B2SmmDriver.bc>:B2SmiHandler:%10	</harden/bcfiles/edk_bcfiles/B2SmmDriver.bc>:B2SmiHandler:112:0:0	</harden/bcfiles/edk_bcfiles/B2SmmDriver.bc>:B2SmiHandler:112
</harden/bcfiles/edk_bcfiles/B2SmmDriver.bc>:B2SmiHandler:%10	</harden/bcfiles/edk_bcfiles/B2SmmDriver.bc>:B2SmiHandler:133:0:0	</harden/bcfiles/edk_bcfiles/B2SmmDriver.bc>:B2SmiHandler:133
</harden/bcfiles/edk_bcfiles/B2SmmDriver.bc>:B2SmmDriverEntry:%34	</harden/bcfiles/edk_bcfiles/B2SmmDriver.bc>:B2SmmDriverEntry:44:0:0	</harden/bcfiles/edk_bcfiles/B2SmmDriver.bc>:B2SmmDriverEntry:44
</harden/bcfiles/edk_bcfiles/B2SmmDriver.bc>:B2SmmDriverEntry:%10	</harden/bcfiles/edk_bcfiles/B2SmmDriver.bc>:B2SmmDriverEntry:16:0:0	</harden/bcfiles/edk_bcfiles/B2SmmDriver.bc>:B2SmmDriverEntry:16
</harden/bcfiles/edk_bcfiles/B2SmmDriver.bc>:B2SmmDriverEntry:%8	</harden/bcfiles/edk_bcfiles/B2SmmDriver.bc>:B2SmmDriverEntry:41:0:0	</harden/bcfiles/edk_bcfiles/B2SmmDriver.bc>:B2SmmDriverEntry:41
