</harden/bcfiles/edk_bcfiles/B2SmmDriver.bc>:GetErrorTypes:%8	</harden/bcfiles/edk_bcfiles/B2SmmDriver.bc>:GetErrorTypes:%9
</harden/bcfiles/edk_bcfiles/B2SmmDriver.bc>:GetErrorTypes:%18	</harden/bcfiles/edk_bcfiles/B2SmmDriver.bc>:GetErrorTypes:%19
</harden/bcfiles/edk_bcfiles/B2SmmDriver.bc>:SetErrorTypes:%7	</harden/bcfiles/edk_bcfiles/B2SmmDriver.bc>:SetErrorTypes:%8
</harden/bcfiles/edk_bcfiles/B2SmmDriver.bc>:SetErrorTypes:%17	</harden/bcfiles/edk_bcfiles/B2SmmDriver.bc>:SetErrorTypes:%18
</harden/bcfiles/edk_bcfiles/B2SmmDriver.bc>:GetErrorCount:%8	</harden/bcfiles/edk_bcfiles/B2SmmDriver.bc>:GetErrorCount:%9
</harden/bcfiles/edk_bcfiles/B2SmmDriver.bc>:GetErrorCount:%18	</harden/bcfiles/edk_bcfiles/B2SmmDriver.bc>:GetErrorCount:%19
</harden/bcfiles/edk_bcfiles/B2SmmDriver.bc>:SetErrorCount:%7	</harden/bcfiles/edk_bcfiles/B2SmmDriver.bc>:SetErrorCount:%8
</harden/bcfiles/edk_bcfiles/B2SmmDriver.bc>:SetErrorCount:%17	</harden/bcfiles/edk_bcfiles/B2SmmDriver.bc>:SetErrorCount:%18
</harden/bcfiles/edk_bcfiles/B2SmmDriver.bc>:B2SmiHandler:%93	</harden/bcfiles/edk_bcfiles/B2SmmDriver.bc>:B2SmiHandler:%94
</harden/bcfiles/edk_bcfiles/B2SmmDriver.bc>:B2SmmDriverEntry:%11	</harden/bcfiles/edk_bcfiles/B2SmmDriver.bc>:B2SmmDriverEntry:%12
</harden/bcfiles/edk_bcfiles/B2SmmDriver.bc>:B2SmmDriverEntry:%35	</harden/bcfiles/edk_bcfiles/B2SmmDriver.bc>:B2SmmDriverEntry:%36
</harden/bcfiles/edk_bcfiles/B2SmmDriver.bc>:GetErrorTypes:%3	</harden/bcfiles/edk_bcfiles/B2SmmDriver.bc>:GetErrorTypes:%20
</harden/bcfiles/edk_bcfiles/B2SmmDriver.bc>:GetErrorTypes:%20	</harden/bcfiles/edk_bcfiles/B2SmmDriver.bc>:GetErrorTypes:%21
</harden/bcfiles/edk_bcfiles/B2SmmDriver.bc>:GetErrorTypes:%5	</harden/bcfiles/edk_bcfiles/B2SmmDriver.bc>:GetErrorTypes:%17
</harden/bcfiles/edk_bcfiles/B2SmmDriver.bc>:GetErrorTypes:10:0:@gSmst	</harden/bcfiles/edk_bcfiles/B2SmmDriver.bc>:GetErrorTypes:%7
</harden/bcfiles/edk_bcfiles/B2SmmDriver.bc>:GetErrorTypes:%4	</harden/bcfiles/edk_bcfiles/B2SmmDriver.bc>:GetErrorTypes:%12
</harden/bcfiles/edk_bcfiles/B2SmmDriver.bc>:GetErrorTypes:%5	</harden/bcfiles/edk_bcfiles/B2SmmDriver.bc>:GetErrorTypes:%10
</harden/bcfiles/edk_bcfiles/B2SmmDriver.bc>:GetErrorTypes:%2	</harden/bcfiles/edk_bcfiles/B2SmmDriver.bc>:GetErrorTypes:%24
</harden/bcfiles/edk_bcfiles/B2SmmDriver.bc>:GetErrorTypes:%4	</harden/bcfiles/edk_bcfiles/B2SmmDriver.bc>:GetErrorTypes:%15
</harden/bcfiles/edk_bcfiles/B2SmmDriver.bc>:SetErrorTypes:%19	</harden/bcfiles/edk_bcfiles/B2SmmDriver.bc>:SetErrorTypes:%20
</harden/bcfiles/edk_bcfiles/B2SmmDriver.bc>:SetErrorTypes:%5	</harden/bcfiles/edk_bcfiles/B2SmmDriver.bc>:SetErrorTypes:%16
</harden/bcfiles/edk_bcfiles/B2SmmDriver.bc>:SetErrorTypes:%3	</harden/bcfiles/edk_bcfiles/B2SmmDriver.bc>:SetErrorTypes:%19
</harden/bcfiles/edk_bcfiles/B2SmmDriver.bc>:SetErrorTypes:%4	</harden/bcfiles/edk_bcfiles/B2SmmDriver.bc>:SetErrorTypes:%11
</harden/bcfiles/edk_bcfiles/B2SmmDriver.bc>:SetErrorTypes:%4	</harden/bcfiles/edk_bcfiles/B2SmmDriver.bc>:SetErrorTypes:%14
</harden/bcfiles/edk_bcfiles/B2SmmDriver.bc>:SetErrorTypes:%5	</harden/bcfiles/edk_bcfiles/B2SmmDriver.bc>:SetErrorTypes:%9
</harden/bcfiles/edk_bcfiles/B2SmmDriver.bc>:SetErrorTypes:8:0:@gSmst	</harden/bcfiles/edk_bcfiles/B2SmmDriver.bc>:SetErrorTypes:%6
</harden/bcfiles/edk_bcfiles/B2SmmDriver.bc>:SetErrorTypes:%2	</harden/bcfiles/edk_bcfiles/B2SmmDriver.bc>:SetErrorTypes:%23
</harden/bcfiles/edk_bcfiles/B2SmmDriver.bc>:GetErrorCount:%2	</harden/bcfiles/edk_bcfiles/B2SmmDriver.bc>:GetErrorCount:%24
</harden/bcfiles/edk_bcfiles/B2SmmDriver.bc>:GetErrorCount:%3	</harden/bcfiles/edk_bcfiles/B2SmmDriver.bc>:GetErrorCount:%20
</harden/bcfiles/edk_bcfiles/B2SmmDriver.bc>:GetErrorCount:%5	</harden/bcfiles/edk_bcfiles/B2SmmDriver.bc>:GetErrorCount:%17
</harden/bcfiles/edk_bcfiles/B2SmmDriver.bc>:GetErrorCount:%20	</harden/bcfiles/edk_bcfiles/B2SmmDriver.bc>:GetErrorCount:%21
</harden/bcfiles/edk_bcfiles/B2SmmDriver.bc>:GetErrorCount:%4	</harden/bcfiles/edk_bcfiles/B2SmmDriver.bc>:GetErrorCount:%15
</harden/bcfiles/edk_bcfiles/B2SmmDriver.bc>:GetErrorCount:%4	</harden/bcfiles/edk_bcfiles/B2SmmDriver.bc>:GetErrorCount:%12
</harden/bcfiles/edk_bcfiles/B2SmmDriver.bc>:GetErrorCount:%5	</harden/bcfiles/edk_bcfiles/B2SmmDriver.bc>:GetErrorCount:%10
</harden/bcfiles/edk_bcfiles/B2SmmDriver.bc>:GetErrorCount:10:0:@gSmst	</harden/bcfiles/edk_bcfiles/B2SmmDriver.bc>:GetErrorCount:%7
</harden/bcfiles/edk_bcfiles/B2SmmDriver.bc>:SetErrorCount:%2	</harden/bcfiles/edk_bcfiles/B2SmmDriver.bc>:SetErrorCount:%23
</harden/bcfiles/edk_bcfiles/B2SmmDriver.bc>:SetErrorCount:%19	</harden/bcfiles/edk_bcfiles/B2SmmDriver.bc>:SetErrorCount:%20
</harden/bcfiles/edk_bcfiles/B2SmmDriver.bc>:SetErrorCount:%3	</harden/bcfiles/edk_bcfiles/B2SmmDriver.bc>:SetErrorCount:%19
</harden/bcfiles/edk_bcfiles/B2SmmDriver.bc>:SetErrorCount:%5	</harden/bcfiles/edk_bcfiles/B2SmmDriver.bc>:SetErrorCount:%16
</harden/bcfiles/edk_bcfiles/B2SmmDriver.bc>:SetErrorCount:%4	</harden/bcfiles/edk_bcfiles/B2SmmDriver.bc>:SetErrorCount:%11
</harden/bcfiles/edk_bcfiles/B2SmmDriver.bc>:SetErrorCount:%5	</harden/bcfiles/edk_bcfiles/B2SmmDriver.bc>:SetErrorCount:%9
</harden/bcfiles/edk_bcfiles/B2SmmDriver.bc>:SetErrorCount:%4	</harden/bcfiles/edk_bcfiles/B2SmmDriver.bc>:SetErrorCount:%14
</harden/bcfiles/edk_bcfiles/B2SmmDriver.bc>:SetErrorCount:8:0:@gSmst	</harden/bcfiles/edk_bcfiles/B2SmmDriver.bc>:SetErrorCount:%6
</harden/bcfiles/edk_bcfiles/B2SmmDriver.bc>:B2SmiHandler:%11	</harden/bcfiles/edk_bcfiles/B2SmmDriver.bc>:B2SmiHandler:%128
</harden/bcfiles/edk_bcfiles/B2SmmDriver.bc>:B2SmiHandler:%11	</harden/bcfiles/edk_bcfiles/B2SmmDriver.bc>:B2SmiHandler:%117
</harden/bcfiles/edk_bcfiles/B2SmmDriver.bc>:B2SmiHandler:%11	</harden/bcfiles/edk_bcfiles/B2SmmDriver.bc>:B2SmiHandler:%109
</harden/bcfiles/edk_bcfiles/B2SmmDriver.bc>:B2SmiHandler:%11	</harden/bcfiles/edk_bcfiles/B2SmmDriver.bc>:B2SmiHandler:%98
</harden/bcfiles/edk_bcfiles/B2SmmDriver.bc>:B2SmiHandler:%73	</harden/bcfiles/edk_bcfiles/B2SmmDriver.bc>:B2SmiHandler:%74
</harden/bcfiles/edk_bcfiles/B2SmmDriver.bc>:B2SmiHandler:%69	</harden/bcfiles/edk_bcfiles/B2SmmDriver.bc>:B2SmiHandler:%70
</harden/bcfiles/edk_bcfiles/B2SmmDriver.bc>:B2SmiHandler:%9	</harden/bcfiles/edk_bcfiles/B2SmmDriver.bc>:B2SmiHandler:%68
</harden/bcfiles/edk_bcfiles/B2SmmDriver.bc>:B2SmiHandler:%9	</harden/bcfiles/edk_bcfiles/B2SmmDriver.bc>:B2SmiHandler:%61
</harden/bcfiles/edk_bcfiles/B2SmmDriver.bc>:B2SmiHandler:%59	</harden/bcfiles/edk_bcfiles/B2SmmDriver.bc>:B2SmiHandler:%60
</harden/bcfiles/edk_bcfiles/B2SmmDriver.bc>:B2SmiHandler:%7	</harden/bcfiles/edk_bcfiles/B2SmmDriver.bc>:B2SmiHandler:%59
</harden/bcfiles/edk_bcfiles/B2SmmDriver.bc>:B2SmiHandler:%55	</harden/bcfiles/edk_bcfiles/B2SmmDriver.bc>:B2SmiHandler:%56
</harden/bcfiles/edk_bcfiles/B2SmmDriver.bc>:B2SmiHandler:%8	</harden/bcfiles/edk_bcfiles/B2SmmDriver.bc>:B2SmiHandler:%55
</harden/bcfiles/edk_bcfiles/B2SmmDriver.bc>:B2SmiHandler:107:0:@gRT	</harden/bcfiles/edk_bcfiles/B2SmmDriver.bc>:B2SmiHandler:%92
</harden/bcfiles/edk_bcfiles/B2SmmDriver.bc>:B2SmiHandler:%62	</harden/bcfiles/edk_bcfiles/B2SmmDriver.bc>:B2SmiHandler:%63
</harden/bcfiles/edk_bcfiles/B2SmmDriver.bc>:B2SmiHandler:%11	</harden/bcfiles/edk_bcfiles/B2SmmDriver.bc>:B2SmiHandler:%15
</harden/bcfiles/edk_bcfiles/B2SmmDriver.bc>:B2SmiHandler:%10	</harden/bcfiles/edk_bcfiles/B2SmmDriver.bc>:B2SmiHandler:%12
</harden/bcfiles/edk_bcfiles/B2SmmDriver.bc>:B2SmiHandler:%8	</harden/bcfiles/edk_bcfiles/B2SmmDriver.bc>:B2SmiHandler:%52
</harden/bcfiles/edk_bcfiles/B2SmmDriver.bc>:B2SmiHandler:%7	</harden/bcfiles/edk_bcfiles/B2SmmDriver.bc>:B2SmiHandler:%49
</harden/bcfiles/edk_bcfiles/B2SmmDriver.bc>:B2SmiHandler:%11	</harden/bcfiles/edk_bcfiles/B2SmmDriver.bc>:B2SmiHandler:%33
</harden/bcfiles/edk_bcfiles/B2SmmDriver.bc>:B2SmiHandler:%76	</harden/bcfiles/edk_bcfiles/B2SmmDriver.bc>:B2SmiHandler:%77
</harden/bcfiles/edk_bcfiles/B2SmmDriver.bc>:B2SmmDriverEntry:%3	</harden/bcfiles/edk_bcfiles/B2SmmDriver.bc>:B2SmmDriverEntry:%58
</harden/bcfiles/edk_bcfiles/B2SmmDriver.bc>:B2SmmDriverEntry:%6	</harden/bcfiles/edk_bcfiles/B2SmmDriver.bc>:B2SmmDriverEntry:%55
</harden/bcfiles/edk_bcfiles/B2SmmDriver.bc>:B2SmmDriverEntry:%6	</harden/bcfiles/edk_bcfiles/B2SmmDriver.bc>:B2SmmDriverEntry:%50
</harden/bcfiles/edk_bcfiles/B2SmmDriver.bc>:B2SmmDriverEntry:%6	</harden/bcfiles/edk_bcfiles/B2SmmDriver.bc>:B2SmmDriverEntry:%39
</harden/bcfiles/edk_bcfiles/B2SmmDriver.bc>:B2SmmDriverEntry:%7	</harden/bcfiles/edk_bcfiles/B2SmmDriver.bc>:B2SmmDriverEntry:%37
</harden/bcfiles/edk_bcfiles/B2SmmDriver.bc>:B2SmmDriverEntry:%7	</harden/bcfiles/edk_bcfiles/B2SmmDriver.bc>:B2SmmDriverEntry:%34
</harden/bcfiles/edk_bcfiles/B2SmmDriver.bc>:B2SmmDriverEntry:%6	</harden/bcfiles/edk_bcfiles/B2SmmDriver.bc>:B2SmmDriverEntry:%31
</harden/bcfiles/edk_bcfiles/B2SmmDriver.bc>:B2SmmDriverEntry:%6	</harden/bcfiles/edk_bcfiles/B2SmmDriver.bc>:B2SmmDriverEntry:%26
</harden/bcfiles/edk_bcfiles/B2SmmDriver.bc>:B2SmmDriverEntry:%7	</harden/bcfiles/edk_bcfiles/B2SmmDriver.bc>:B2SmmDriverEntry:%13
</harden/bcfiles/edk_bcfiles/B2SmmDriver.bc>:B2SmmDriverEntry:15:0:@gSmst	</harden/bcfiles/edk_bcfiles/B2SmmDriver.bc>:B2SmmDriverEntry:%10
</harden/bcfiles/edk_bcfiles/B2SmmDriver.bc>:B2SmmDriverEntry:%6	</harden/bcfiles/edk_bcfiles/B2SmmDriver.bc>:B2SmmDriverEntry:%15
