</harden/bcfiles/edk_bcfiles/B2SmmDriver.bc>:GetErrorTypes:11	0	</harden/bcfiles/edk_bcfiles/B2SmmDriver.bc>:GetErrorTypes:11:0:0
</harden/bcfiles/edk_bcfiles/B2SmmDriver.bc>:GetErrorTypes:24	0	</harden/bcfiles/edk_bcfiles/B2SmmDriver.bc>:GetErrorTypes:24:0:0
</harden/bcfiles/edk_bcfiles/B2SmmDriver.bc>:SetErrorTypes:9	0	</harden/bcfiles/edk_bcfiles/B2SmmDriver.bc>:SetErrorTypes:9:0:0
</harden/bcfiles/edk_bcfiles/B2SmmDriver.bc>:SetErrorTypes:21	0	</harden/bcfiles/edk_bcfiles/B2SmmDriver.bc>:SetErrorTypes:21:0:0
</harden/bcfiles/edk_bcfiles/B2SmmDriver.bc>:GetErrorCount:11	0	</harden/bcfiles/edk_bcfiles/B2SmmDriver.bc>:GetErrorCount:11:0:0
</harden/bcfiles/edk_bcfiles/B2SmmDriver.bc>:GetErrorCount:24	0	</harden/bcfiles/edk_bcfiles/B2SmmDriver.bc>:GetErrorCount:24:0:0
</harden/bcfiles/edk_bcfiles/B2SmmDriver.bc>:SetErrorCount:9	0	</harden/bcfiles/edk_bcfiles/B2SmmDriver.bc>:SetErrorCount:9:0:0
</harden/bcfiles/edk_bcfiles/B2SmmDriver.bc>:SetErrorCount:21	0	</harden/bcfiles/edk_bcfiles/B2SmmDriver.bc>:SetErrorCount:21:0:0
</harden/bcfiles/edk_bcfiles/B2SmmDriver.bc>:B2SmiHandler:20	0	</harden/bcfiles/edk_bcfiles/B2SmmDriver.bc>:B2SmiHandler:20:0:0
</harden/bcfiles/edk_bcfiles/B2SmmDriver.bc>:B2SmiHandler:40	0	</harden/bcfiles/edk_bcfiles/B2SmmDriver.bc>:B2SmiHandler:40:0:0
</harden/bcfiles/edk_bcfiles/B2SmmDriver.bc>:B2SmiHandler:74	0	</harden/bcfiles/edk_bcfiles/B2SmmDriver.bc>:B2SmiHandler:74:0:0
</harden/bcfiles/edk_bcfiles/B2SmmDriver.bc>:B2SmiHandler:79	0	</harden/bcfiles/edk_bcfiles/B2SmmDriver.bc>:B2SmiHandler:79:0:0
</harden/bcfiles/edk_bcfiles/B2SmmDriver.bc>:B2SmiHandler:81	0	</harden/bcfiles/edk_bcfiles/B2SmmDriver.bc>:B2SmiHandler:81:0:0
</harden/bcfiles/edk_bcfiles/B2SmmDriver.bc>:B2SmiHandler:84	0	</harden/bcfiles/edk_bcfiles/B2SmmDriver.bc>:B2SmiHandler:84:0:0
</harden/bcfiles/edk_bcfiles/B2SmmDriver.bc>:B2SmiHandler:86	0	</harden/bcfiles/edk_bcfiles/B2SmmDriver.bc>:B2SmiHandler:86:0:0
</harden/bcfiles/edk_bcfiles/B2SmmDriver.bc>:B2SmiHandler:90	0	</harden/bcfiles/edk_bcfiles/B2SmmDriver.bc>:B2SmiHandler:90:0:0
</harden/bcfiles/edk_bcfiles/B2SmmDriver.bc>:B2SmiHandler:108	0	</harden/bcfiles/edk_bcfiles/B2SmmDriver.bc>:B2SmiHandler:108:0:0
</harden/bcfiles/edk_bcfiles/B2SmmDriver.bc>:B2SmiHandler:112	0	</harden/bcfiles/edk_bcfiles/B2SmmDriver.bc>:B2SmiHandler:112:0:0
</harden/bcfiles/edk_bcfiles/B2SmmDriver.bc>:B2SmiHandler:133	0	</harden/bcfiles/edk_bcfiles/B2SmmDriver.bc>:B2SmiHandler:133:0:0
</harden/bcfiles/edk_bcfiles/B2SmmDriver.bc>:B2SmmDriverEntry:16	0	</harden/bcfiles/edk_bcfiles/B2SmmDriver.bc>:B2SmmDriverEntry:16:0:0
</harden/bcfiles/edk_bcfiles/B2SmmDriver.bc>:B2SmmDriverEntry:41	0	</harden/bcfiles/edk_bcfiles/B2SmmDriver.bc>:B2SmmDriverEntry:41:0:0
</harden/bcfiles/edk_bcfiles/B2SmmDriver.bc>:B2SmmDriverEntry:44	0	</harden/bcfiles/edk_bcfiles/B2SmmDriver.bc>:B2SmmDriverEntry:44:0:0
</harden/bcfiles/edk_bcfiles/B2SmmDriver.bc>:GetErrorTypes:11	1	</harden/bcfiles/edk_bcfiles/B2SmmDriver.bc>:GetErrorTypes:11:1:21
</harden/bcfiles/edk_bcfiles/B2SmmDriver.bc>:GetErrorTypes:24	1	</harden/bcfiles/edk_bcfiles/B2SmmDriver.bc>:GetErrorTypes:24:1:0
</harden/bcfiles/edk_bcfiles/B2SmmDriver.bc>:SetErrorTypes:9	1	</harden/bcfiles/edk_bcfiles/B2SmmDriver.bc>:SetErrorTypes:9:1:21
</harden/bcfiles/edk_bcfiles/B2SmmDriver.bc>:SetErrorTypes:21	1	</harden/bcfiles/edk_bcfiles/B2SmmDriver.bc>:SetErrorTypes:21:1:2
</harden/bcfiles/edk_bcfiles/B2SmmDriver.bc>:GetErrorCount:11	1	</harden/bcfiles/edk_bcfiles/B2SmmDriver.bc>:GetErrorCount:11:1:21
</harden/bcfiles/edk_bcfiles/B2SmmDriver.bc>:GetErrorCount:24	1	</harden/bcfiles/edk_bcfiles/B2SmmDriver.bc>:GetErrorCount:24:1:0
</harden/bcfiles/edk_bcfiles/B2SmmDriver.bc>:SetErrorCount:9	1	</harden/bcfiles/edk_bcfiles/B2SmmDriver.bc>:SetErrorCount:9:1:21
</harden/bcfiles/edk_bcfiles/B2SmmDriver.bc>:SetErrorCount:21	1	</harden/bcfiles/edk_bcfiles/B2SmmDriver.bc>:SetErrorCount:21:1:2
</harden/bcfiles/edk_bcfiles/B2SmmDriver.bc>:B2SmiHandler:20	1	</harden/bcfiles/edk_bcfiles/B2SmmDriver.bc>:B2SmiHandler:20:1:0
</harden/bcfiles/edk_bcfiles/B2SmmDriver.bc>:B2SmiHandler:40	1	</harden/bcfiles/edk_bcfiles/B2SmmDriver.bc>:B2SmiHandler:40:1:1
</harden/bcfiles/edk_bcfiles/B2SmmDriver.bc>:B2SmiHandler:74	1	</harden/bcfiles/edk_bcfiles/B2SmmDriver.bc>:B2SmiHandler:74:1:2
</harden/bcfiles/edk_bcfiles/B2SmmDriver.bc>:B2SmiHandler:79	1	</harden/bcfiles/edk_bcfiles/B2SmmDriver.bc>:B2SmiHandler:79:1:0
</harden/bcfiles/edk_bcfiles/B2SmmDriver.bc>:B2SmiHandler:81	1	</harden/bcfiles/edk_bcfiles/B2SmmDriver.bc>:B2SmiHandler:81:1:2
</harden/bcfiles/edk_bcfiles/B2SmmDriver.bc>:B2SmiHandler:84	1	</harden/bcfiles/edk_bcfiles/B2SmmDriver.bc>:B2SmiHandler:%71
</harden/bcfiles/edk_bcfiles/B2SmmDriver.bc>:B2SmiHandler:86	1	</harden/bcfiles/edk_bcfiles/B2SmmDriver.bc>:B2SmiHandler:86:1:1
</harden/bcfiles/edk_bcfiles/B2SmmDriver.bc>:B2SmiHandler:90	1	</harden/bcfiles/edk_bcfiles/B2SmmDriver.bc>:B2SmiHandler:90:1:1
</harden/bcfiles/edk_bcfiles/B2SmmDriver.bc>:B2SmiHandler:108	1	</harden/bcfiles/edk_bcfiles/B2SmmDriver.bc>:B2SmiHandler:108:1:11
</harden/bcfiles/edk_bcfiles/B2SmmDriver.bc>:B2SmiHandler:112	1	</harden/bcfiles/edk_bcfiles/B2SmmDriver.bc>:B2SmiHandler:112:1:0
</harden/bcfiles/edk_bcfiles/B2SmmDriver.bc>:B2SmiHandler:133	1	</harden/bcfiles/edk_bcfiles/B2SmmDriver.bc>:B2SmiHandler:133:1:1
</harden/bcfiles/edk_bcfiles/B2SmmDriver.bc>:B2SmmDriverEntry:16	1	</harden/bcfiles/edk_bcfiles/B2SmmDriver.bc>:B2SmmDriverEntry:16:1:21
</harden/bcfiles/edk_bcfiles/B2SmmDriver.bc>:B2SmmDriverEntry:41	1	</harden/bcfiles/edk_bcfiles/B2SmmDriver.bc>:B2SmmDriverEntry:41:1:0
</harden/bcfiles/edk_bcfiles/B2SmmDriver.bc>:B2SmmDriverEntry:44	1	</harden/bcfiles/edk_bcfiles/B2SmmDriver.bc>:B2SmmDriverEntry:44:1:0
