</harden/bcfiles/edk_bcfiles/B2SmmDriver.bc>:GetErrorTypes:%2	</harden/bcfiles/edk_bcfiles/B2SmmDriver.bc>:GetErrorTypes:%22	</harden/bcfiles/edk_bcfiles/B2SmmDriver.bc>:GetErrorTypes:29
</harden/bcfiles/edk_bcfiles/B2SmmDriver.bc>:GetErrorTypes:%4	</harden/bcfiles/edk_bcfiles/B2SmmDriver.bc>:GetErrorTypes:%11	</harden/bcfiles/edk_bcfiles/B2SmmDriver.bc>:GetErrorTypes:15
</harden/bcfiles/edk_bcfiles/B2SmmDriver.bc>:GetErrorTypes:%3	</harden/bcfiles/edk_bcfiles/B2SmmDriver.bc>:GetErrorTypes:%0	</harden/bcfiles/edk_bcfiles/B2SmmDriver.bc>:GetErrorTypes:5
</harden/bcfiles/edk_bcfiles/B2SmmDriver.bc>:GetErrorTypes:%2	</harden/bcfiles/edk_bcfiles/B2SmmDriver.bc>:GetErrorTypes:%15	</harden/bcfiles/edk_bcfiles/B2SmmDriver.bc>:GetErrorTypes:20
</harden/bcfiles/edk_bcfiles/B2SmmDriver.bc>:SetErrorTypes:%2	</harden/bcfiles/edk_bcfiles/B2SmmDriver.bc>:SetErrorTypes:%21	</harden/bcfiles/edk_bcfiles/B2SmmDriver.bc>:SetErrorTypes:26
</harden/bcfiles/edk_bcfiles/B2SmmDriver.bc>:SetErrorTypes:%4	</harden/bcfiles/edk_bcfiles/B2SmmDriver.bc>:SetErrorTypes:%10	</harden/bcfiles/edk_bcfiles/B2SmmDriver.bc>:SetErrorTypes:13
</harden/bcfiles/edk_bcfiles/B2SmmDriver.bc>:SetErrorTypes:%2	</harden/bcfiles/edk_bcfiles/B2SmmDriver.bc>:SetErrorTypes:%14	</harden/bcfiles/edk_bcfiles/B2SmmDriver.bc>:SetErrorTypes:18
</harden/bcfiles/edk_bcfiles/B2SmmDriver.bc>:SetErrorTypes:%3	</harden/bcfiles/edk_bcfiles/B2SmmDriver.bc>:SetErrorTypes:%0	</harden/bcfiles/edk_bcfiles/B2SmmDriver.bc>:SetErrorTypes:4
</harden/bcfiles/edk_bcfiles/B2SmmDriver.bc>:GetErrorCount:%2	</harden/bcfiles/edk_bcfiles/B2SmmDriver.bc>:GetErrorCount:%22	</harden/bcfiles/edk_bcfiles/B2SmmDriver.bc>:GetErrorCount:29
</harden/bcfiles/edk_bcfiles/B2SmmDriver.bc>:GetErrorCount:%2	</harden/bcfiles/edk_bcfiles/B2SmmDriver.bc>:GetErrorCount:%15	</harden/bcfiles/edk_bcfiles/B2SmmDriver.bc>:GetErrorCount:20
</harden/bcfiles/edk_bcfiles/B2SmmDriver.bc>:GetErrorCount:%4	</harden/bcfiles/edk_bcfiles/B2SmmDriver.bc>:GetErrorCount:%11	</harden/bcfiles/edk_bcfiles/B2SmmDriver.bc>:GetErrorCount:15
</harden/bcfiles/edk_bcfiles/B2SmmDriver.bc>:GetErrorCount:%3	</harden/bcfiles/edk_bcfiles/B2SmmDriver.bc>:GetErrorCount:%0	</harden/bcfiles/edk_bcfiles/B2SmmDriver.bc>:GetErrorCount:5
</harden/bcfiles/edk_bcfiles/B2SmmDriver.bc>:SetErrorCount:%2	</harden/bcfiles/edk_bcfiles/B2SmmDriver.bc>:SetErrorCount:%14	</harden/bcfiles/edk_bcfiles/B2SmmDriver.bc>:SetErrorCount:18
</harden/bcfiles/edk_bcfiles/B2SmmDriver.bc>:SetErrorCount:%4	</harden/bcfiles/edk_bcfiles/B2SmmDriver.bc>:SetErrorCount:%10	</harden/bcfiles/edk_bcfiles/B2SmmDriver.bc>:SetErrorCount:13
</harden/bcfiles/edk_bcfiles/B2SmmDriver.bc>:SetErrorCount:%2	</harden/bcfiles/edk_bcfiles/B2SmmDriver.bc>:SetErrorCount:%21	</harden/bcfiles/edk_bcfiles/B2SmmDriver.bc>:SetErrorCount:26
</harden/bcfiles/edk_bcfiles/B2SmmDriver.bc>:SetErrorCount:%3	</harden/bcfiles/edk_bcfiles/B2SmmDriver.bc>:SetErrorCount:%0	</harden/bcfiles/edk_bcfiles/B2SmmDriver.bc>:SetErrorCount:4
</harden/bcfiles/edk_bcfiles/B2SmmDriver.bc>:B2SmiHandler:%11	</harden/bcfiles/edk_bcfiles/B2SmmDriver.bc>:B2SmiHandler:%116	</harden/bcfiles/edk_bcfiles/B2SmmDriver.bc>:B2SmiHandler:135
</harden/bcfiles/edk_bcfiles/B2SmmDriver.bc>:B2SmiHandler:%11	</harden/bcfiles/edk_bcfiles/B2SmmDriver.bc>:B2SmiHandler:%97	</harden/bcfiles/edk_bcfiles/B2SmmDriver.bc>:B2SmiHandler:114
</harden/bcfiles/edk_bcfiles/B2SmmDriver.bc>:B2SmiHandler:%73	</harden/bcfiles/edk_bcfiles/B2SmmDriver.bc>:B2SmiHandler:%75	</harden/bcfiles/edk_bcfiles/B2SmmDriver.bc>:B2SmiHandler:89
</harden/bcfiles/edk_bcfiles/B2SmmDriver.bc>:B2SmiHandler:%9	</harden/bcfiles/edk_bcfiles/B2SmmDriver.bc>:B2SmiHandler:%60	</harden/bcfiles/edk_bcfiles/B2SmmDriver.bc>:B2SmiHandler:72
</harden/bcfiles/edk_bcfiles/B2SmmDriver.bc>:B2SmiHandler:%11	</harden/bcfiles/edk_bcfiles/B2SmmDriver.bc>:B2SmiHandler:%14	</harden/bcfiles/edk_bcfiles/B2SmmDriver.bc>:B2SmiHandler:22
</harden/bcfiles/edk_bcfiles/B2SmmDriver.bc>:B2SmiHandler:%8	</harden/bcfiles/edk_bcfiles/B2SmmDriver.bc>:B2SmiHandler:%3	</harden/bcfiles/edk_bcfiles/B2SmmDriver.bc>:B2SmiHandler:13
</harden/bcfiles/edk_bcfiles/B2SmmDriver.bc>:B2SmiHandler:%7	</harden/bcfiles/edk_bcfiles/B2SmmDriver.bc>:B2SmiHandler:%2	</harden/bcfiles/edk_bcfiles/B2SmmDriver.bc>:B2SmiHandler:11
</harden/bcfiles/edk_bcfiles/B2SmmDriver.bc>:B2SmiHandler:%11	</harden/bcfiles/edk_bcfiles/B2SmmDriver.bc>:B2SmiHandler:%32	</harden/bcfiles/edk_bcfiles/B2SmmDriver.bc>:B2SmiHandler:42
</harden/bcfiles/edk_bcfiles/B2SmmDriver.bc>:B2SmiHandler:%6	</harden/bcfiles/edk_bcfiles/B2SmmDriver.bc>:B2SmiHandler:%1	</harden/bcfiles/edk_bcfiles/B2SmmDriver.bc>:B2SmiHandler:9
</harden/bcfiles/edk_bcfiles/B2SmmDriver.bc>:B2SmiHandler:%5	</harden/bcfiles/edk_bcfiles/B2SmmDriver.bc>:B2SmiHandler:%0	</harden/bcfiles/edk_bcfiles/B2SmmDriver.bc>:B2SmiHandler:7
</harden/bcfiles/edk_bcfiles/B2SmmDriver.bc>:B2SmmDriverEntry:%3	</harden/bcfiles/edk_bcfiles/B2SmmDriver.bc>:B2SmmDriverEntry:%55	</harden/bcfiles/edk_bcfiles/B2SmmDriver.bc>:B2SmmDriverEntry:67
</harden/bcfiles/edk_bcfiles/B2SmmDriver.bc>:B2SmmDriverEntry:%6	</harden/bcfiles/edk_bcfiles/B2SmmDriver.bc>:B2SmmDriverEntry:%38	</harden/bcfiles/edk_bcfiles/B2SmmDriver.bc>:B2SmmDriverEntry:48
</harden/bcfiles/edk_bcfiles/B2SmmDriver.bc>:B2SmmDriverEntry:%3	</harden/bcfiles/edk_bcfiles/B2SmmDriver.bc>:B2SmmDriverEntry:%31	</harden/bcfiles/edk_bcfiles/B2SmmDriver.bc>:B2SmmDriverEntry:39
</harden/bcfiles/edk_bcfiles/B2SmmDriver.bc>:B2SmmDriverEntry:%6	</harden/bcfiles/edk_bcfiles/B2SmmDriver.bc>:B2SmmDriverEntry:%14	</harden/bcfiles/edk_bcfiles/B2SmmDriver.bc>:B2SmmDriverEntry:20
</harden/bcfiles/edk_bcfiles/B2SmmDriver.bc>:B2SmmDriverEntry:%5	</harden/bcfiles/edk_bcfiles/B2SmmDriver.bc>:B2SmmDriverEntry:%1	</harden/bcfiles/edk_bcfiles/B2SmmDriver.bc>:B2SmmDriverEntry:9
</harden/bcfiles/edk_bcfiles/B2SmmDriver.bc>:B2SmmDriverEntry:%4	</harden/bcfiles/edk_bcfiles/B2SmmDriver.bc>:B2SmmDriverEntry:%0	</harden/bcfiles/edk_bcfiles/B2SmmDriver.bc>:B2SmmDriverEntry:7
</harden/bcfiles/edk_bcfiles/B2SmmDriver.bc>:GetErrorTypes:%6	</harden/bcfiles/edk_bcfiles/B2SmmDriver.bc>:GetErrorTypes:22:0:16	</harden/bcfiles/edk_bcfiles/B2SmmDriver.bc>:GetErrorTypes:22
</harden/bcfiles/edk_bcfiles/B2SmmDriver.bc>:GetErrorCount:%6	</harden/bcfiles/edk_bcfiles/B2SmmDriver.bc>:GetErrorCount:22:0:8	</harden/bcfiles/edk_bcfiles/B2SmmDriver.bc>:GetErrorCount:22
</harden/bcfiles/edk_bcfiles/B2SmmDriver.bc>:B2SmiHandler:%72	</harden/bcfiles/edk_bcfiles/B2SmmDriver.bc>:B2SmiHandler:85:0:1	</harden/bcfiles/edk_bcfiles/B2SmmDriver.bc>:B2SmiHandler:85
</harden/bcfiles/edk_bcfiles/B2SmmDriver.bc>:B2SmmDriverEntry:%33	</harden/bcfiles/edk_bcfiles/B2SmmDriver.bc>:B2SmmDriverEntry:42:0:178	</harden/bcfiles/edk_bcfiles/B2SmmDriver.bc>:B2SmmDriverEntry:42
</harden/bcfiles/edk_bcfiles/B2SmmDriver.bc>:B2SmmDriverEntry:%3	</harden/bcfiles/edk_bcfiles/B2SmmDriver.bc>:B2SmmDriverEntry:69:0:0	</harden/bcfiles/edk_bcfiles/B2SmmDriver.bc>:B2SmmDriverEntry:69
