</harden/bcfiles/edk_bcfiles/B2SmmDriver.bc>:B2SmiHandler:%70	</harden/bcfiles/edk_bcfiles/B2SmmDriver.bc>:B2SmiHandler:%7	[</harden/bcfiles/edk_bcfiles/B2SmmDriver.bc>:B2SmiHandler:%69, </harden/bcfiles/edk_bcfiles/B2SmmDriver.bc>:B2SmiHandler:%70]	0
</harden/bcfiles/edk_bcfiles/B2SmmDriver.bc>:B2SmiHandler:%69	</harden/bcfiles/edk_bcfiles/B2SmmDriver.bc>:B2SmiHandler:%7	[</harden/bcfiles/edk_bcfiles/B2SmmDriver.bc>:B2SmiHandler:%68, </harden/bcfiles/edk_bcfiles/B2SmmDriver.bc>:B2SmiHandler:%69]	0
</harden/bcfiles/edk_bcfiles/B2SmmDriver.bc>:B2SmiHandler:%68	</harden/bcfiles/edk_bcfiles/B2SmmDriver.bc>:B2SmiHandler:%7	[</harden/bcfiles/edk_bcfiles/B2SmmDriver.bc>:B2SmiHandler:%9, </harden/bcfiles/edk_bcfiles/B2SmmDriver.bc>:B2SmiHandler:%68]	0
</harden/bcfiles/edk_bcfiles/B2SmmDriver.bc>:B2SmiHandler:%65	</harden/bcfiles/edk_bcfiles/B2SmmDriver.bc>:B2SmiHandler:%7	[</harden/bcfiles/edk_bcfiles/B2SmmDriver.bc>:B2SmiHandler:%64, </harden/bcfiles/edk_bcfiles/B2SmmDriver.bc>:B2SmiHandler:%65]	0
</harden/bcfiles/edk_bcfiles/B2SmmDriver.bc>:B2SmiHandler:%64	</harden/bcfiles/edk_bcfiles/B2SmmDriver.bc>:B2SmiHandler:%7	[</harden/bcfiles/edk_bcfiles/B2SmmDriver.bc>:B2SmiHandler:%63, </harden/bcfiles/edk_bcfiles/B2SmmDriver.bc>:B2SmiHandler:%64]	0
</harden/bcfiles/edk_bcfiles/B2SmmDriver.bc>:B2SmiHandler:%62	</harden/bcfiles/edk_bcfiles/B2SmmDriver.bc>:B2SmiHandler:%7	[</harden/bcfiles/edk_bcfiles/B2SmmDriver.bc>:B2SmiHandler:%61, </harden/bcfiles/edk_bcfiles/B2SmmDriver.bc>:B2SmiHandler:%62]	0
</harden/bcfiles/edk_bcfiles/B2SmmDriver.bc>:B2SmiHandler:%61	</harden/bcfiles/edk_bcfiles/B2SmmDriver.bc>:B2SmiHandler:%7	[</harden/bcfiles/edk_bcfiles/B2SmmDriver.bc>:B2SmiHandler:%9, </harden/bcfiles/edk_bcfiles/B2SmmDriver.bc>:B2SmiHandler:%61]	0
</harden/bcfiles/edk_bcfiles/B2SmmDriver.bc>:B2SmiHandler:%60	</harden/bcfiles/edk_bcfiles/B2SmmDriver.bc>:B2SmiHandler:%7	[</harden/bcfiles/edk_bcfiles/B2SmmDriver.bc>:B2SmiHandler:%59, </harden/bcfiles/edk_bcfiles/B2SmmDriver.bc>:B2SmiHandler:%60]	0
</harden/bcfiles/edk_bcfiles/B2SmmDriver.bc>:B2SmiHandler:%59	</harden/bcfiles/edk_bcfiles/B2SmmDriver.bc>:B2SmiHandler:%7	[</harden/bcfiles/edk_bcfiles/B2SmmDriver.bc>:B2SmiHandler:%7, </harden/bcfiles/edk_bcfiles/B2SmmDriver.bc>:B2SmiHandler:%59]	0
</harden/bcfiles/edk_bcfiles/B2SmmDriver.bc>:B2SmiHandler:%56	</harden/bcfiles/edk_bcfiles/B2SmmDriver.bc>:B2SmiHandler:%8	[</harden/bcfiles/edk_bcfiles/B2SmmDriver.bc>:B2SmiHandler:%55, </harden/bcfiles/edk_bcfiles/B2SmmDriver.bc>:B2SmiHandler:%56]	0
</harden/bcfiles/edk_bcfiles/B2SmmDriver.bc>:B2SmiHandler:%55	</harden/bcfiles/edk_bcfiles/B2SmmDriver.bc>:B2SmiHandler:%8	[</harden/bcfiles/edk_bcfiles/B2SmmDriver.bc>:B2SmiHandler:%8, </harden/bcfiles/edk_bcfiles/B2SmmDriver.bc>:B2SmiHandler:%55]	0
</harden/bcfiles/edk_bcfiles/B2SmmDriver.bc>:B2SmiHandler:%53	</harden/bcfiles/edk_bcfiles/B2SmmDriver.bc>:B2SmiHandler:%8	[</harden/bcfiles/edk_bcfiles/B2SmmDriver.bc>:B2SmiHandler:%52, </harden/bcfiles/edk_bcfiles/B2SmmDriver.bc>:B2SmiHandler:%53]	0
</harden/bcfiles/edk_bcfiles/B2SmmDriver.bc>:B2SmiHandler:%50	</harden/bcfiles/edk_bcfiles/B2SmmDriver.bc>:B2SmiHandler:%7	[</harden/bcfiles/edk_bcfiles/B2SmmDriver.bc>:B2SmiHandler:%49, </harden/bcfiles/edk_bcfiles/B2SmmDriver.bc>:B2SmiHandler:%50]	0
</harden/bcfiles/edk_bcfiles/B2SmmDriver.bc>:B2SmiHandler:%72	</harden/bcfiles/edk_bcfiles/B2SmmDriver.bc>:B2SmiHandler:%7	[</harden/bcfiles/edk_bcfiles/B2SmmDriver.bc>:B2SmiHandler:%71, </harden/bcfiles/edk_bcfiles/B2SmmDriver.bc>:B2SmiHandler:%72]	0
</harden/bcfiles/edk_bcfiles/B2SmmDriver.bc>:B2SmiHandler:%63	</harden/bcfiles/edk_bcfiles/B2SmmDriver.bc>:B2SmiHandler:%7	[</harden/bcfiles/edk_bcfiles/B2SmmDriver.bc>:B2SmiHandler:%62, </harden/bcfiles/edk_bcfiles/B2SmmDriver.bc>:B2SmiHandler:%63]	0
</harden/bcfiles/edk_bcfiles/B2SmmDriver.bc>:B2SmiHandler:%57	</harden/bcfiles/edk_bcfiles/B2SmmDriver.bc>:B2SmiHandler:%8	[</harden/bcfiles/edk_bcfiles/B2SmmDriver.bc>:B2SmiHandler:%56, </harden/bcfiles/edk_bcfiles/B2SmmDriver.bc>:B2SmiHandler:%57]	0
</harden/bcfiles/edk_bcfiles/B2SmmDriver.bc>:B2SmiHandler:%52	</harden/bcfiles/edk_bcfiles/B2SmmDriver.bc>:B2SmiHandler:%8	[</harden/bcfiles/edk_bcfiles/B2SmmDriver.bc>:B2SmiHandler:%8, </harden/bcfiles/edk_bcfiles/B2SmmDriver.bc>:B2SmiHandler:%52]	0
</harden/bcfiles/edk_bcfiles/B2SmmDriver.bc>:B2SmiHandler:%49	</harden/bcfiles/edk_bcfiles/B2SmmDriver.bc>:B2SmiHandler:%7	[</harden/bcfiles/edk_bcfiles/B2SmmDriver.bc>:B2SmiHandler:%7, </harden/bcfiles/edk_bcfiles/B2SmmDriver.bc>:B2SmiHandler:%49]	0
</harden/bcfiles/edk_bcfiles/B2SmmDriver.bc>:B2SmiHandler:%71	</harden/bcfiles/edk_bcfiles/B2SmmDriver.bc>:B2SmiHandler:%7	[</harden/bcfiles/edk_bcfiles/B2SmmDriver.bc>:B2SmiHandler:%70, </harden/bcfiles/edk_bcfiles/B2SmmDriver.bc>:B2SmiHandler:%71]	0
</harden/bcfiles/edk_bcfiles/B2SmmDriver.bc>:B2SmiHandler:%8	</harden/bcfiles/edk_bcfiles/B2SmmDriver.bc>:B2SmiHandler:%8	[</harden/bcfiles/edk_bcfiles/B2SmmDriver.bc>:B2SmiHandler:%8, </harden/bcfiles/edk_bcfiles/B2SmmDriver.bc>:B2SmiHandler:%8]	0
</harden/bcfiles/edk_bcfiles/B2SmmDriver.bc>:B2SmiHandler:%7	</harden/bcfiles/edk_bcfiles/B2SmmDriver.bc>:B2SmiHandler:%7	[</harden/bcfiles/edk_bcfiles/B2SmmDriver.bc>:B2SmiHandler:%7, </harden/bcfiles/edk_bcfiles/B2SmmDriver.bc>:B2SmiHandler:%7]	0
</harden/bcfiles/edk_bcfiles/B2SmmDriver.bc>:B2SmiHandler:%9	</harden/bcfiles/edk_bcfiles/B2SmmDriver.bc>:B2SmiHandler:%7	[</harden/bcfiles/edk_bcfiles/B2SmmDriver.bc>:B2SmiHandler:%60, </harden/bcfiles/edk_bcfiles/B2SmmDriver.bc>:B2SmiHandler:%9]	0
