</harden/bcfiles/edk_bcfiles/B2SmmDriver.bc>:B2SmiHandler:%115	</harden/bcfiles/edk_bcfiles/B2SmmDriver.bc>:SetErrorCount:%0
</harden/bcfiles/edk_bcfiles/B2SmmDriver.bc>:B2SmiHandler:%96	</harden/bcfiles/edk_bcfiles/B2SmmDriver.bc>:SetErrorTypes:%0
</harden/bcfiles/edk_bcfiles/B2SmmDriver.bc>:B2SmiHandler:%74	</harden/bcfiles/edk_bcfiles/B2SmmDriver.bc>:B2SmiHandler:%75
</harden/bcfiles/edk_bcfiles/B2SmmDriver.bc>:B2SmiHandler:%31	</harden/bcfiles/edk_bcfiles/B2SmmDriver.bc>:GetErrorCount:%0
</harden/bcfiles/edk_bcfiles/B2SmmDriver.bc>:B2SmiHandler:%13	</harden/bcfiles/edk_bcfiles/B2SmmDriver.bc>:GetErrorTypes:%0
</harden/bcfiles/edk_bcfiles/B2SmmDriver.bc>:B2SmiHandler:88:0:1	</harden/bcfiles/edk_bcfiles/B2SmmDriver.bc>:B2SmiHandler:%75
