</harden/bcfiles/edk_bcfiles/B2SmmDriver.bc>:GetErrorTypes:%8	</harden/bcfiles/edk_bcfiles/B2SmmDriver.bc>:GetErrorTypes:%7	</harden/bcfiles/edk_bcfiles/B2SmmDriver.bc>:GetErrorTypes:11:0:0	</harden/bcfiles/edk_bcfiles/B2SmmDriver.bc>:GetErrorTypes:11:1:21
</harden/bcfiles/edk_bcfiles/B2SmmDriver.bc>:GetErrorTypes:%18	</harden/bcfiles/edk_bcfiles/B2SmmDriver.bc>:GetErrorTypes:%17	</harden/bcfiles/edk_bcfiles/B2SmmDriver.bc>:GetErrorTypes:24:0:0	</harden/bcfiles/edk_bcfiles/B2SmmDriver.bc>:GetErrorTypes:24:1:0
</harden/bcfiles/edk_bcfiles/B2SmmDriver.bc>:SetErrorTypes:%17	</harden/bcfiles/edk_bcfiles/B2SmmDriver.bc>:SetErrorTypes:%16	</harden/bcfiles/edk_bcfiles/B2SmmDriver.bc>:SetErrorTypes:21:0:0	</harden/bcfiles/edk_bcfiles/B2SmmDriver.bc>:SetErrorTypes:21:1:2
</harden/bcfiles/edk_bcfiles/B2SmmDriver.bc>:SetErrorTypes:%7	</harden/bcfiles/edk_bcfiles/B2SmmDriver.bc>:SetErrorTypes:%6	</harden/bcfiles/edk_bcfiles/B2SmmDriver.bc>:SetErrorTypes:9:0:0	</harden/bcfiles/edk_bcfiles/B2SmmDriver.bc>:SetErrorTypes:9:1:21
</harden/bcfiles/edk_bcfiles/B2SmmDriver.bc>:GetErrorCount:%18	</harden/bcfiles/edk_bcfiles/B2SmmDriver.bc>:GetErrorCount:%17	</harden/bcfiles/edk_bcfiles/B2SmmDriver.bc>:GetErrorCount:24:0:0	</harden/bcfiles/edk_bcfiles/B2SmmDriver.bc>:GetErrorCount:24:1:0
</harden/bcfiles/edk_bcfiles/B2SmmDriver.bc>:GetErrorCount:%8	</harden/bcfiles/edk_bcfiles/B2SmmDriver.bc>:GetErrorCount:%7	</harden/bcfiles/edk_bcfiles/B2SmmDriver.bc>:GetErrorCount:11:0:0	</harden/bcfiles/edk_bcfiles/B2SmmDriver.bc>:GetErrorCount:11:1:21
</harden/bcfiles/edk_bcfiles/B2SmmDriver.bc>:SetErrorCount:%17	</harden/bcfiles/edk_bcfiles/B2SmmDriver.bc>:SetErrorCount:%16	</harden/bcfiles/edk_bcfiles/B2SmmDriver.bc>:SetErrorCount:21:0:0	</harden/bcfiles/edk_bcfiles/B2SmmDriver.bc>:SetErrorCount:21:1:2
</harden/bcfiles/edk_bcfiles/B2SmmDriver.bc>:SetErrorCount:%7	</harden/bcfiles/edk_bcfiles/B2SmmDriver.bc>:SetErrorCount:%6	</harden/bcfiles/edk_bcfiles/B2SmmDriver.bc>:SetErrorCount:9:0:0	</harden/bcfiles/edk_bcfiles/B2SmmDriver.bc>:SetErrorCount:9:1:21
</harden/bcfiles/edk_bcfiles/B2SmmDriver.bc>:B2SmiHandler:%115	</harden/bcfiles/edk_bcfiles/B2SmmDriver.bc>:B2SmiHandler:%10	</harden/bcfiles/edk_bcfiles/B2SmmDriver.bc>:B2SmiHandler:133:0:0	</harden/bcfiles/edk_bcfiles/B2SmmDriver.bc>:B2SmiHandler:133:1:1
</harden/bcfiles/edk_bcfiles/B2SmmDriver.bc>:B2SmiHandler:%96	</harden/bcfiles/edk_bcfiles/B2SmmDriver.bc>:B2SmiHandler:%10	</harden/bcfiles/edk_bcfiles/B2SmmDriver.bc>:B2SmiHandler:112:0:0	</harden/bcfiles/edk_bcfiles/B2SmmDriver.bc>:B2SmiHandler:112:1:0
</harden/bcfiles/edk_bcfiles/B2SmmDriver.bc>:B2SmiHandler:%76	</harden/bcfiles/edk_bcfiles/B2SmmDriver.bc>:B2SmiHandler:%10	</harden/bcfiles/edk_bcfiles/B2SmmDriver.bc>:B2SmiHandler:90:0:0	</harden/bcfiles/edk_bcfiles/B2SmmDriver.bc>:B2SmiHandler:90:1:1
</harden/bcfiles/edk_bcfiles/B2SmmDriver.bc>:B2SmiHandler:%73	</harden/bcfiles/edk_bcfiles/B2SmmDriver.bc>:B2SmiHandler:%10	</harden/bcfiles/edk_bcfiles/B2SmmDriver.bc>:B2SmiHandler:86:0:0	</harden/bcfiles/edk_bcfiles/B2SmmDriver.bc>:B2SmiHandler:86:1:1
</harden/bcfiles/edk_bcfiles/B2SmmDriver.bc>:B2SmiHandler:%69	</harden/bcfiles/edk_bcfiles/B2SmmDriver.bc>:B2SmiHandler:%68	</harden/bcfiles/edk_bcfiles/B2SmmDriver.bc>:B2SmiHandler:81:0:0	</harden/bcfiles/edk_bcfiles/B2SmmDriver.bc>:B2SmiHandler:81:1:2
</harden/bcfiles/edk_bcfiles/B2SmmDriver.bc>:B2SmiHandler:%67	</harden/bcfiles/edk_bcfiles/B2SmmDriver.bc>:B2SmiHandler:%10	</harden/bcfiles/edk_bcfiles/B2SmmDriver.bc>:B2SmiHandler:79:0:0	</harden/bcfiles/edk_bcfiles/B2SmmDriver.bc>:B2SmiHandler:79:1:0
</harden/bcfiles/edk_bcfiles/B2SmmDriver.bc>:B2SmiHandler:%62	</harden/bcfiles/edk_bcfiles/B2SmmDriver.bc>:B2SmiHandler:%61	</harden/bcfiles/edk_bcfiles/B2SmmDriver.bc>:B2SmiHandler:74:0:0	</harden/bcfiles/edk_bcfiles/B2SmmDriver.bc>:B2SmiHandler:74:1:2
</harden/bcfiles/edk_bcfiles/B2SmmDriver.bc>:B2SmiHandler:%31	</harden/bcfiles/edk_bcfiles/B2SmmDriver.bc>:B2SmiHandler:%10	</harden/bcfiles/edk_bcfiles/B2SmmDriver.bc>:B2SmiHandler:40:0:0	</harden/bcfiles/edk_bcfiles/B2SmmDriver.bc>:B2SmiHandler:40:1:1
</harden/bcfiles/edk_bcfiles/B2SmmDriver.bc>:B2SmiHandler:%93	</harden/bcfiles/edk_bcfiles/B2SmmDriver.bc>:B2SmiHandler:%92	</harden/bcfiles/edk_bcfiles/B2SmmDriver.bc>:B2SmiHandler:108:0:0	</harden/bcfiles/edk_bcfiles/B2SmmDriver.bc>:B2SmiHandler:108:1:11
</harden/bcfiles/edk_bcfiles/B2SmmDriver.bc>:B2SmiHandler:%13	</harden/bcfiles/edk_bcfiles/B2SmmDriver.bc>:B2SmiHandler:%10	</harden/bcfiles/edk_bcfiles/B2SmmDriver.bc>:B2SmiHandler:20:0:0	</harden/bcfiles/edk_bcfiles/B2SmmDriver.bc>:B2SmiHandler:20:1:0
</harden/bcfiles/edk_bcfiles/B2SmmDriver.bc>:B2SmmDriverEntry:%33	</harden/bcfiles/edk_bcfiles/B2SmmDriver.bc>:B2SmmDriverEntry:%8	</harden/bcfiles/edk_bcfiles/B2SmmDriver.bc>:B2SmmDriverEntry:41:0:0	</harden/bcfiles/edk_bcfiles/B2SmmDriver.bc>:B2SmmDriverEntry:41:1:0
</harden/bcfiles/edk_bcfiles/B2SmmDriver.bc>:B2SmmDriverEntry:%35	</harden/bcfiles/edk_bcfiles/B2SmmDriver.bc>:B2SmmDriverEntry:%34	</harden/bcfiles/edk_bcfiles/B2SmmDriver.bc>:B2SmmDriverEntry:44:0:0	</harden/bcfiles/edk_bcfiles/B2SmmDriver.bc>:B2SmmDriverEntry:44:1:0
</harden/bcfiles/edk_bcfiles/B2SmmDriver.bc>:B2SmmDriverEntry:%11	</harden/bcfiles/edk_bcfiles/B2SmmDriver.bc>:B2SmmDriverEntry:%10	</harden/bcfiles/edk_bcfiles/B2SmmDriver.bc>:B2SmmDriverEntry:16:0:0	</harden/bcfiles/edk_bcfiles/B2SmmDriver.bc>:B2SmmDriverEntry:16:1:21
