*global_alloc@gB2SmiErrorTypeVariableGuid	{ i32 68448297, i16 10313, i16 -14358, [8 x i8] c"\FF\15\DD8\1E8x\CA" }
*global_alloc@gB2SmiErrorCountVariableGuid	{ i32 -1647918126, i16 -1936, i16 28744, [8 x i8] c"\B7\D5\B1fg\00\D1\F4" }
*global_alloc@.str	[i16 80, i16 111, i16 119, i16 101, i16 114, i16 83, i16 116, i16 97, i16 116, i16 117, i16 115, i16 0]
*global_alloc@.str.1	[i16 69, i16 114, i16 114, i16 111, i16 114, i16 67, i16 111, i16 117, i16 110, i16 116, i16 0]
*global_alloc@.str.2	c"B2SmmDriver/B2SmiHandler Failed GetErrorTypes\0A\00"
*global_alloc@.str.3	c"B2SmmDriver/B2SmiHandler Failed GetErrorCount\0A\00"
*global_alloc@.str.4	c"Error count exceeded: Halting Processor\0A\00"
*global_alloc@.str.5	c"Failed to set errorTypes: %r\0A\00"
*global_alloc@.str.6	c"Failed to set errorCount: %r\0A\00"
*global_alloc@.str.7	c"B2SmmDriver/B2SmmDriverEntry Failed to locate SMM SW Dispatch Protocol: %r\0A\00"
*global_alloc@.str.8	c"B2SmmDriver/B2SmmDriverEntry Failed to register SMM SW handler: %r\0A\00"
*global_alloc@gB2SmiErrorTypeVariableGuid[0]	{ i32 68448297, i16 10313, i16 -14358, [8 x i8] c"\FF\15\DD8\1E8x\CA" }
*global_alloc@gB2SmiErrorCountVariableGuid[0]	{ i32 -1647918126, i16 -1936, i16 28744, [8 x i8] c"\B7\D5\B1fg\00\D1\F4" }
*global_alloc@.str[0]	[i16 80, i16 111, i16 119, i16 101, i16 114, i16 83, i16 116, i16 97, i16 116, i16 117, i16 115, i16 0]
*global_alloc@.str.1[0]	[i16 69, i16 114, i16 114, i16 111, i16 114, i16 67, i16 111, i16 117, i16 110, i16 116, i16 0]
*global_alloc@.str.2[0]	c"B2SmmDriver/B2SmiHandler Failed GetErrorTypes\0A\00"
*global_alloc@.str.3[0]	c"B2SmmDriver/B2SmiHandler Failed GetErrorCount\0A\00"
*global_alloc@.str.4[0]	c"Error count exceeded: Halting Processor\0A\00"
*global_alloc@.str.5[0]	c"Failed to set errorTypes: %r\0A\00"
*global_alloc@.str.6[0]	c"Failed to set errorCount: %r\0A\00"
*global_alloc@.str.7[0]	c"B2SmmDriver/B2SmmDriverEntry Failed to locate SMM SW Dispatch Protocol: %r\0A\00"
*global_alloc@.str.8[0]	c"B2SmmDriver/B2SmmDriverEntry Failed to register SMM SW handler: %r\0A\00"
*global_alloc@gB2SmiErrorTypeVariableGuid[0].?/0	68448297
*global_alloc@gB2SmiErrorTypeVariableGuid[0].?/1	10313
*global_alloc@gB2SmiErrorTypeVariableGuid[0].?/2	-14358
*global_alloc@gB2SmiErrorTypeVariableGuid[0].?/3	c"\FF\15\DD8\1E8x\CA"
*global_alloc@gB2SmiErrorCountVariableGuid[0].?/0	-1647918126
*global_alloc@gB2SmiErrorCountVariableGuid[0].?/1	-1936
*global_alloc@gB2SmiErrorCountVariableGuid[0].?/2	28744
*global_alloc@gB2SmiErrorCountVariableGuid[0].?/3	c"\B7\D5\B1fg\00\D1\F4"
