</harden/bcfiles/edk_bcfiles/B2SmmDriver.bc>:GetErrorTypes:%3	</harden/bcfiles/edk_bcfiles/B2SmmDriver.bc>:GetErrorTypes:%0	0
</harden/bcfiles/edk_bcfiles/B2SmmDriver.bc>:GetErrorTypes:%4	</harden/bcfiles/edk_bcfiles/B2SmmDriver.bc>:GetErrorTypes:%11	0
</harden/bcfiles/edk_bcfiles/B2SmmDriver.bc>:GetErrorTypes:%2	</harden/bcfiles/edk_bcfiles/B2SmmDriver.bc>:GetErrorTypes:%22	0
</harden/bcfiles/edk_bcfiles/B2SmmDriver.bc>:GetErrorTypes:%2	</harden/bcfiles/edk_bcfiles/B2SmmDriver.bc>:GetErrorTypes:%15	0
</harden/bcfiles/edk_bcfiles/B2SmmDriver.bc>:SetErrorTypes:%4	</harden/bcfiles/edk_bcfiles/B2SmmDriver.bc>:SetErrorTypes:%10	0
</harden/bcfiles/edk_bcfiles/B2SmmDriver.bc>:SetErrorTypes:%3	</harden/bcfiles/edk_bcfiles/B2SmmDriver.bc>:SetErrorTypes:%0	0
</harden/bcfiles/edk_bcfiles/B2SmmDriver.bc>:SetErrorTypes:%2	</harden/bcfiles/edk_bcfiles/B2SmmDriver.bc>:SetErrorTypes:%21	0
</harden/bcfiles/edk_bcfiles/B2SmmDriver.bc>:SetErrorTypes:%2	</harden/bcfiles/edk_bcfiles/B2SmmDriver.bc>:SetErrorTypes:%14	0
</harden/bcfiles/edk_bcfiles/B2SmmDriver.bc>:GetErrorCount:%4	</harden/bcfiles/edk_bcfiles/B2SmmDriver.bc>:GetErrorCount:%11	0
</harden/bcfiles/edk_bcfiles/B2SmmDriver.bc>:GetErrorCount:%3	</harden/bcfiles/edk_bcfiles/B2SmmDriver.bc>:GetErrorCount:%0	0
</harden/bcfiles/edk_bcfiles/B2SmmDriver.bc>:GetErrorCount:%2	</harden/bcfiles/edk_bcfiles/B2SmmDriver.bc>:GetErrorCount:%22	0
</harden/bcfiles/edk_bcfiles/B2SmmDriver.bc>:GetErrorCount:%2	</harden/bcfiles/edk_bcfiles/B2SmmDriver.bc>:GetErrorCount:%15	0
</harden/bcfiles/edk_bcfiles/B2SmmDriver.bc>:SetErrorCount:%4	</harden/bcfiles/edk_bcfiles/B2SmmDriver.bc>:SetErrorCount:%10	0
</harden/bcfiles/edk_bcfiles/B2SmmDriver.bc>:SetErrorCount:%3	</harden/bcfiles/edk_bcfiles/B2SmmDriver.bc>:SetErrorCount:%0	0
</harden/bcfiles/edk_bcfiles/B2SmmDriver.bc>:SetErrorCount:%2	</harden/bcfiles/edk_bcfiles/B2SmmDriver.bc>:SetErrorCount:%14	0
</harden/bcfiles/edk_bcfiles/B2SmmDriver.bc>:SetErrorCount:%2	</harden/bcfiles/edk_bcfiles/B2SmmDriver.bc>:SetErrorCount:%21	0
</harden/bcfiles/edk_bcfiles/B2SmmDriver.bc>:B2SmiHandler:%73	</harden/bcfiles/edk_bcfiles/B2SmmDriver.bc>:B2SmiHandler:%75	0
</harden/bcfiles/edk_bcfiles/B2SmmDriver.bc>:B2SmiHandler:%72	</harden/bcfiles/edk_bcfiles/B2SmmDriver.bc>:B2SmiHandler:%67	</harden/bcfiles/edk_bcfiles/B2SmmDriver.bc>:B2SmiHandler:84:0:0
</harden/bcfiles/edk_bcfiles/B2SmmDriver.bc>:B2SmiHandler:%11	</harden/bcfiles/edk_bcfiles/B2SmmDriver.bc>:B2SmiHandler:%116	0
</harden/bcfiles/edk_bcfiles/B2SmmDriver.bc>:B2SmiHandler:%11	</harden/bcfiles/edk_bcfiles/B2SmmDriver.bc>:B2SmiHandler:%97	0
</harden/bcfiles/edk_bcfiles/B2SmmDriver.bc>:B2SmiHandler:%11	</harden/bcfiles/edk_bcfiles/B2SmmDriver.bc>:B2SmiHandler:%14	0
</harden/bcfiles/edk_bcfiles/B2SmmDriver.bc>:B2SmiHandler:%11	</harden/bcfiles/edk_bcfiles/B2SmmDriver.bc>:B2SmiHandler:%32	0
</harden/bcfiles/edk_bcfiles/B2SmmDriver.bc>:B2SmiHandler:%8	</harden/bcfiles/edk_bcfiles/B2SmmDriver.bc>:B2SmiHandler:%3	0
</harden/bcfiles/edk_bcfiles/B2SmmDriver.bc>:B2SmiHandler:%7	</harden/bcfiles/edk_bcfiles/B2SmmDriver.bc>:B2SmiHandler:%2	0
</harden/bcfiles/edk_bcfiles/B2SmmDriver.bc>:B2SmiHandler:%6	</harden/bcfiles/edk_bcfiles/B2SmmDriver.bc>:B2SmiHandler:%1	0
</harden/bcfiles/edk_bcfiles/B2SmmDriver.bc>:B2SmiHandler:%5	</harden/bcfiles/edk_bcfiles/B2SmmDriver.bc>:B2SmiHandler:%0	0
</harden/bcfiles/edk_bcfiles/B2SmmDriver.bc>:B2SmiHandler:%9	</harden/bcfiles/edk_bcfiles/B2SmmDriver.bc>:B2SmiHandler:%60	0
</harden/bcfiles/edk_bcfiles/B2SmmDriver.bc>:B2SmmDriverEntry:%6	</harden/bcfiles/edk_bcfiles/B2SmmDriver.bc>:B2SmmDriverEntry:%38	0
</harden/bcfiles/edk_bcfiles/B2SmmDriver.bc>:B2SmmDriverEntry:%6	</harden/bcfiles/edk_bcfiles/B2SmmDriver.bc>:B2SmmDriverEntry:%14	0
</harden/bcfiles/edk_bcfiles/B2SmmDriver.bc>:B2SmmDriverEntry:%5	</harden/bcfiles/edk_bcfiles/B2SmmDriver.bc>:B2SmmDriverEntry:%1	0
</harden/bcfiles/edk_bcfiles/B2SmmDriver.bc>:B2SmmDriverEntry:%4	</harden/bcfiles/edk_bcfiles/B2SmmDriver.bc>:B2SmmDriverEntry:%0	0
</harden/bcfiles/edk_bcfiles/B2SmmDriver.bc>:B2SmmDriverEntry:%3	</harden/bcfiles/edk_bcfiles/B2SmmDriver.bc>:B2SmmDriverEntry:%55	0
</harden/bcfiles/edk_bcfiles/B2SmmDriver.bc>:B2SmmDriverEntry:%3	</harden/bcfiles/edk_bcfiles/B2SmmDriver.bc>:B2SmmDriverEntry:%31	0
