</harden/bcfiles/edk_bcfiles/B2SmmDriver.bc>:GetErrorTypes	</harden/bcfiles/edk_bcfiles/B2SmmDriver.bc>:B2SmiHandler:%14
</harden/bcfiles/edk_bcfiles/B2SmmDriver.bc>:SetErrorTypes	</harden/bcfiles/edk_bcfiles/B2SmmDriver.bc>:B2SmiHandler:%97
</harden/bcfiles/edk_bcfiles/B2SmmDriver.bc>:GetErrorCount	</harden/bcfiles/edk_bcfiles/B2SmmDriver.bc>:B2SmiHandler:%32
</harden/bcfiles/edk_bcfiles/B2SmmDriver.bc>:SetErrorCount	</harden/bcfiles/edk_bcfiles/B2SmmDriver.bc>:B2SmiHandler:%116
</harden/bcfiles/edk_bcfiles/B2SmmDriver.bc>:DebugPrintEnabled	</harden/bcfiles/edk_bcfiles/B2SmmDriver.bc>:B2SmiHandler:%121
</harden/bcfiles/edk_bcfiles/B2SmmDriver.bc>:DebugPrintEnabled	</harden/bcfiles/edk_bcfiles/B2SmmDriver.bc>:B2SmiHandler:%37
</harden/bcfiles/edk_bcfiles/B2SmmDriver.bc>:DebugPrintEnabled	</harden/bcfiles/edk_bcfiles/B2SmmDriver.bc>:B2SmiHandler:%102
</harden/bcfiles/edk_bcfiles/B2SmmDriver.bc>:DebugPrintEnabled	</harden/bcfiles/edk_bcfiles/B2SmmDriver.bc>:B2SmiHandler:%19
</harden/bcfiles/edk_bcfiles/B2SmmDriver.bc>:DebugPrintEnabled	</harden/bcfiles/edk_bcfiles/B2SmmDriver.bc>:B2SmiHandler:%81
</harden/bcfiles/edk_bcfiles/B2SmmDriver.bc>:DebugPrintEnabled	</harden/bcfiles/edk_bcfiles/B2SmmDriver.bc>:B2SmmDriverEntry:%43
</harden/bcfiles/edk_bcfiles/B2SmmDriver.bc>:DebugPrintEnabled	</harden/bcfiles/edk_bcfiles/B2SmmDriver.bc>:B2SmmDriverEntry:%19
</harden/bcfiles/edk_bcfiles/B2SmmDriver.bc>:DebugPrintLevelEnabled	</harden/bcfiles/edk_bcfiles/B2SmmDriver.bc>:B2SmiHandler:%125
</harden/bcfiles/edk_bcfiles/B2SmmDriver.bc>:DebugPrintLevelEnabled	</harden/bcfiles/edk_bcfiles/B2SmmDriver.bc>:B2SmiHandler:%106
</harden/bcfiles/edk_bcfiles/B2SmmDriver.bc>:DebugPrintLevelEnabled	</harden/bcfiles/edk_bcfiles/B2SmmDriver.bc>:B2SmiHandler:%85
</harden/bcfiles/edk_bcfiles/B2SmmDriver.bc>:DebugPrintLevelEnabled	</harden/bcfiles/edk_bcfiles/B2SmmDriver.bc>:B2SmiHandler:%23
</harden/bcfiles/edk_bcfiles/B2SmmDriver.bc>:DebugPrintLevelEnabled	</harden/bcfiles/edk_bcfiles/B2SmmDriver.bc>:B2SmiHandler:%41
</harden/bcfiles/edk_bcfiles/B2SmmDriver.bc>:DebugPrintLevelEnabled	</harden/bcfiles/edk_bcfiles/B2SmmDriver.bc>:B2SmmDriverEntry:%23
</harden/bcfiles/edk_bcfiles/B2SmmDriver.bc>:DebugPrintLevelEnabled	</harden/bcfiles/edk_bcfiles/B2SmmDriver.bc>:B2SmmDriverEntry:%47
