</harden/bcfiles/edk_bcfiles/B2SmmDriver.bc>:GetErrorTypes:14:1:null	*null*
</harden/bcfiles/edk_bcfiles/B2SmmDriver.bc>:GetErrorTypes:28:5:null	*null*
</harden/bcfiles/edk_bcfiles/B2SmmDriver.bc>:SetErrorTypes:12:1:null	*null*
</harden/bcfiles/edk_bcfiles/B2SmmDriver.bc>:GetErrorCount:14:1:null	*null*
</harden/bcfiles/edk_bcfiles/B2SmmDriver.bc>:GetErrorCount:28:5:null	*null*
</harden/bcfiles/edk_bcfiles/B2SmmDriver.bc>:SetErrorCount:12:1:null	*null*
</harden/bcfiles/edk_bcfiles/B2SmmDriver.bc>:B2SmiHandler:61:0:null	*null*
</harden/bcfiles/edk_bcfiles/B2SmmDriver.bc>:B2SmiHandler:64:0:null	*null*
</harden/bcfiles/edk_bcfiles/B2SmmDriver.bc>:B2SmiHandler:110:3:null	*null*
</harden/bcfiles/edk_bcfiles/B2SmmDriver.bc>:B2SmmDriverEntry:19:1:null	*null*
</harden/bcfiles/edk_bcfiles/B2SmmDriver.bc>:B2SmiHandler:21:0:@GetErrorTypes	*global_alloc@GetErrorTypes
</harden/bcfiles/edk_bcfiles/B2SmmDriver.bc>:B2SmiHandler:113:0:@SetErrorTypes	*global_alloc@SetErrorTypes
</harden/bcfiles/edk_bcfiles/B2SmmDriver.bc>:B2SmiHandler:41:0:@GetErrorCount	*global_alloc@GetErrorCount
</harden/bcfiles/edk_bcfiles/B2SmmDriver.bc>:B2SmiHandler:134:0:@SetErrorCount	*global_alloc@SetErrorCount
</harden/bcfiles/edk_bcfiles/B2SmmDriver.bc>:B2SmmDriverEntry:47:0:@B2SmiHandler	*global_alloc@B2SmiHandler
</harden/bcfiles/edk_bcfiles/B2SmmDriver.bc>:GetErrorTypes:6:0:@llvm.dbg.declare	*global_alloc@llvm.dbg.declare
</harden/bcfiles/edk_bcfiles/B2SmmDriver.bc>:GetErrorTypes:7:0:@llvm.dbg.declare	*global_alloc@llvm.dbg.declare
</harden/bcfiles/edk_bcfiles/B2SmmDriver.bc>:GetErrorTypes:8:0:@llvm.dbg.declare	*global_alloc@llvm.dbg.declare
</harden/bcfiles/edk_bcfiles/B2SmmDriver.bc>:GetErrorTypes:9:0:@llvm.dbg.declare	*global_alloc@llvm.dbg.declare
</harden/bcfiles/edk_bcfiles/B2SmmDriver.bc>:SetErrorTypes:5:0:@llvm.dbg.declare	*global_alloc@llvm.dbg.declare
</harden/bcfiles/edk_bcfiles/B2SmmDriver.bc>:SetErrorTypes:6:0:@llvm.dbg.declare	*global_alloc@llvm.dbg.declare
</harden/bcfiles/edk_bcfiles/B2SmmDriver.bc>:SetErrorTypes:7:0:@llvm.dbg.declare	*global_alloc@llvm.dbg.declare
</harden/bcfiles/edk_bcfiles/B2SmmDriver.bc>:GetErrorCount:6:0:@llvm.dbg.declare	*global_alloc@llvm.dbg.declare
</harden/bcfiles/edk_bcfiles/B2SmmDriver.bc>:GetErrorCount:7:0:@llvm.dbg.declare	*global_alloc@llvm.dbg.declare
</harden/bcfiles/edk_bcfiles/B2SmmDriver.bc>:GetErrorCount:8:0:@llvm.dbg.declare	*global_alloc@llvm.dbg.declare
</harden/bcfiles/edk_bcfiles/B2SmmDriver.bc>:GetErrorCount:9:0:@llvm.dbg.declare	*global_alloc@llvm.dbg.declare
</harden/bcfiles/edk_bcfiles/B2SmmDriver.bc>:SetErrorCount:5:0:@llvm.dbg.declare	*global_alloc@llvm.dbg.declare
</harden/bcfiles/edk_bcfiles/B2SmmDriver.bc>:SetErrorCount:6:0:@llvm.dbg.declare	*global_alloc@llvm.dbg.declare
</harden/bcfiles/edk_bcfiles/B2SmmDriver.bc>:SetErrorCount:7:0:@llvm.dbg.declare	*global_alloc@llvm.dbg.declare
</harden/bcfiles/edk_bcfiles/B2SmmDriver.bc>:B2SmiHandler:8:0:@llvm.dbg.declare	*global_alloc@llvm.dbg.declare
</harden/bcfiles/edk_bcfiles/B2SmmDriver.bc>:B2SmiHandler:10:0:@llvm.dbg.declare	*global_alloc@llvm.dbg.declare
</harden/bcfiles/edk_bcfiles/B2SmmDriver.bc>:B2SmiHandler:12:0:@llvm.dbg.declare	*global_alloc@llvm.dbg.declare
</harden/bcfiles/edk_bcfiles/B2SmmDriver.bc>:B2SmiHandler:14:0:@llvm.dbg.declare	*global_alloc@llvm.dbg.declare
</harden/bcfiles/edk_bcfiles/B2SmmDriver.bc>:B2SmiHandler:15:0:@llvm.dbg.declare	*global_alloc@llvm.dbg.declare
</harden/bcfiles/edk_bcfiles/B2SmmDriver.bc>:B2SmiHandler:16:0:@llvm.dbg.declare	*global_alloc@llvm.dbg.declare
</harden/bcfiles/edk_bcfiles/B2SmmDriver.bc>:B2SmiHandler:19:0:@llvm.dbg.declare	*global_alloc@llvm.dbg.declare
</harden/bcfiles/edk_bcfiles/B2SmmDriver.bc>:B2SmmDriverEntry:8:0:@llvm.dbg.declare	*global_alloc@llvm.dbg.declare
</harden/bcfiles/edk_bcfiles/B2SmmDriver.bc>:B2SmmDriverEntry:10:0:@llvm.dbg.declare	*global_alloc@llvm.dbg.declare
</harden/bcfiles/edk_bcfiles/B2SmmDriver.bc>:B2SmmDriverEntry:11:0:@llvm.dbg.declare	*global_alloc@llvm.dbg.declare
</harden/bcfiles/edk_bcfiles/B2SmmDriver.bc>:B2SmmDriverEntry:12:0:@llvm.dbg.declare	*global_alloc@llvm.dbg.declare
</harden/bcfiles/edk_bcfiles/B2SmmDriver.bc>:B2SmmDriverEntry:13:0:@llvm.dbg.declare	*global_alloc@llvm.dbg.declare
</harden/bcfiles/edk_bcfiles/B2SmmDriver.bc>:B2SmmDriverEntry:14:0:@llvm.dbg.declare	*global_alloc@llvm.dbg.declare
</harden/bcfiles/edk_bcfiles/B2SmmDriver.bc>:B2SmiHandler:18:0:@llvm.memset.p0i8.i64	*global_alloc@llvm.memset.p0i8.i64
</harden/bcfiles/edk_bcfiles/B2SmmDriver.bc>:B2SmiHandler:27:0:@DebugPrintEnabled	*global_alloc@DebugPrintEnabled
</harden/bcfiles/edk_bcfiles/B2SmmDriver.bc>:B2SmiHandler:47:0:@DebugPrintEnabled	*global_alloc@DebugPrintEnabled
</harden/bcfiles/edk_bcfiles/B2SmmDriver.bc>:B2SmiHandler:95:0:@DebugPrintEnabled	*global_alloc@DebugPrintEnabled
</harden/bcfiles/edk_bcfiles/B2SmmDriver.bc>:B2SmiHandler:119:0:@DebugPrintEnabled	*global_alloc@DebugPrintEnabled
</harden/bcfiles/edk_bcfiles/B2SmmDriver.bc>:B2SmiHandler:140:0:@DebugPrintEnabled	*global_alloc@DebugPrintEnabled
</harden/bcfiles/edk_bcfiles/B2SmmDriver.bc>:B2SmmDriverEntry:25:0:@DebugPrintEnabled	*global_alloc@DebugPrintEnabled
</harden/bcfiles/edk_bcfiles/B2SmmDriver.bc>:B2SmmDriverEntry:53:0:@DebugPrintEnabled	*global_alloc@DebugPrintEnabled
</harden/bcfiles/edk_bcfiles/B2SmmDriver.bc>:B2SmiHandler:31:0:@DebugPrintLevelEnabled	*global_alloc@DebugPrintLevelEnabled
</harden/bcfiles/edk_bcfiles/B2SmmDriver.bc>:B2SmiHandler:51:0:@DebugPrintLevelEnabled	*global_alloc@DebugPrintLevelEnabled
</harden/bcfiles/edk_bcfiles/B2SmmDriver.bc>:B2SmiHandler:99:0:@DebugPrintLevelEnabled	*global_alloc@DebugPrintLevelEnabled
</harden/bcfiles/edk_bcfiles/B2SmmDriver.bc>:B2SmiHandler:123:0:@DebugPrintLevelEnabled	*global_alloc@DebugPrintLevelEnabled
</harden/bcfiles/edk_bcfiles/B2SmmDriver.bc>:B2SmiHandler:144:0:@DebugPrintLevelEnabled	*global_alloc@DebugPrintLevelEnabled
</harden/bcfiles/edk_bcfiles/B2SmmDriver.bc>:B2SmmDriverEntry:29:0:@DebugPrintLevelEnabled	*global_alloc@DebugPrintLevelEnabled
</harden/bcfiles/edk_bcfiles/B2SmmDriver.bc>:B2SmmDriverEntry:57:0:@DebugPrintLevelEnabled	*global_alloc@DebugPrintLevelEnabled
</harden/bcfiles/edk_bcfiles/B2SmmDriver.bc>:B2SmiHandler:34:0:@DebugPrint	*global_alloc@DebugPrint
</harden/bcfiles/edk_bcfiles/B2SmmDriver.bc>:B2SmiHandler:54:0:@DebugPrint	*global_alloc@DebugPrint
</harden/bcfiles/edk_bcfiles/B2SmmDriver.bc>:B2SmiHandler:102:0:@DebugPrint	*global_alloc@DebugPrint
</harden/bcfiles/edk_bcfiles/B2SmmDriver.bc>:B2SmiHandler:127:0:@DebugPrint	*global_alloc@DebugPrint
</harden/bcfiles/edk_bcfiles/B2SmmDriver.bc>:B2SmiHandler:148:0:@DebugPrint	*global_alloc@DebugPrint
</harden/bcfiles/edk_bcfiles/B2SmmDriver.bc>:B2SmmDriverEntry:33:0:@DebugPrint	*global_alloc@DebugPrint
</harden/bcfiles/edk_bcfiles/B2SmmDriver.bc>:B2SmmDriverEntry:61:0:@DebugPrint	*global_alloc@DebugPrint
</harden/bcfiles/edk_bcfiles/B2SmmDriver.bc>:GetErrorTypes:28:4:@gB2SmiErrorTypeVariableGuid	*global_alloc@gB2SmiErrorTypeVariableGuid
</harden/bcfiles/edk_bcfiles/B2SmmDriver.bc>:SetErrorTypes:25:4:@gB2SmiErrorTypeVariableGuid	*global_alloc@gB2SmiErrorTypeVariableGuid
</harden/bcfiles/edk_bcfiles/B2SmmDriver.bc>:GetErrorCount:28:4:@gB2SmiErrorCountVariableGuid	*global_alloc@gB2SmiErrorCountVariableGuid
</harden/bcfiles/edk_bcfiles/B2SmmDriver.bc>:SetErrorCount:25:4:@gB2SmiErrorCountVariableGuid	*global_alloc@gB2SmiErrorCountVariableGuid
</harden/bcfiles/edk_bcfiles/B2SmmDriver.bc>:GetErrorTypes:10:0:@gSmst	*global_alloc@gSmst
</harden/bcfiles/edk_bcfiles/B2SmmDriver.bc>:SetErrorTypes:8:0:@gSmst	*global_alloc@gSmst
</harden/bcfiles/edk_bcfiles/B2SmmDriver.bc>:GetErrorCount:10:0:@gSmst	*global_alloc@gSmst
</harden/bcfiles/edk_bcfiles/B2SmmDriver.bc>:SetErrorCount:8:0:@gSmst	*global_alloc@gSmst
</harden/bcfiles/edk_bcfiles/B2SmmDriver.bc>:B2SmmDriverEntry:15:0:@gSmst	*global_alloc@gSmst
</harden/bcfiles/edk_bcfiles/B2SmmDriver.bc>:GetErrorTypes:14:0:@gEfiSmmVariableProtocolGuid	*global_alloc@gEfiSmmVariableProtocolGuid
</harden/bcfiles/edk_bcfiles/B2SmmDriver.bc>:SetErrorTypes:12:0:@gEfiSmmVariableProtocolGuid	*global_alloc@gEfiSmmVariableProtocolGuid
</harden/bcfiles/edk_bcfiles/B2SmmDriver.bc>:GetErrorCount:14:0:@gEfiSmmVariableProtocolGuid	*global_alloc@gEfiSmmVariableProtocolGuid
</harden/bcfiles/edk_bcfiles/B2SmmDriver.bc>:SetErrorCount:12:0:@gEfiSmmVariableProtocolGuid	*global_alloc@gEfiSmmVariableProtocolGuid
</harden/bcfiles/edk_bcfiles/B2SmmDriver.bc>:GetErrorTypes:28:1:@.str	*global_alloc@.str
</harden/bcfiles/edk_bcfiles/B2SmmDriver.bc>:SetErrorTypes:25:1:@.str	*global_alloc@.str
</harden/bcfiles/edk_bcfiles/B2SmmDriver.bc>:GetErrorCount:28:1:@.str.1	*global_alloc@.str.1
</harden/bcfiles/edk_bcfiles/B2SmmDriver.bc>:SetErrorCount:25:1:@.str.1	*global_alloc@.str.1
</harden/bcfiles/edk_bcfiles/B2SmmDriver.bc>:B2SmiHandler:34:3:@.str.2	*global_alloc@.str.2
</harden/bcfiles/edk_bcfiles/B2SmmDriver.bc>:B2SmiHandler:54:3:@.str.3	*global_alloc@.str.3
</harden/bcfiles/edk_bcfiles/B2SmmDriver.bc>:B2SmiHandler:102:3:@.str.4	*global_alloc@.str.4
</harden/bcfiles/edk_bcfiles/B2SmmDriver.bc>:B2SmiHandler:107:0:@gRT	*global_alloc@gRT
</harden/bcfiles/edk_bcfiles/B2SmmDriver.bc>:B2SmiHandler:127:3:@.str.5	*global_alloc@.str.5
</harden/bcfiles/edk_bcfiles/B2SmmDriver.bc>:B2SmiHandler:148:3:@.str.6	*global_alloc@.str.6
</harden/bcfiles/edk_bcfiles/B2SmmDriver.bc>:B2SmmDriverEntry:19:0:@gEfiSmmSwDispatch2ProtocolGuid	*global_alloc@gEfiSmmSwDispatch2ProtocolGuid
</harden/bcfiles/edk_bcfiles/B2SmmDriver.bc>:B2SmmDriverEntry:33:3:@.str.7	*global_alloc@.str.7
</harden/bcfiles/edk_bcfiles/B2SmmDriver.bc>:B2SmmDriverEntry:61:3:@.str.8	*global_alloc@.str.8
</harden/bcfiles/edk_bcfiles/B2SmmDriver.bc>:GetErrorTypes:28:0:getelementptr inbounds ([12 x i16], [12 x i16]* @.str, i64 0, i64 0)	*global_alloc@.str[0]
</harden/bcfiles/edk_bcfiles/B2SmmDriver.bc>:SetErrorTypes:25:0:getelementptr inbounds ([12 x i16], [12 x i16]* @.str, i64 0, i64 0)	*global_alloc@.str[0]
</harden/bcfiles/edk_bcfiles/B2SmmDriver.bc>:GetErrorCount:28:0:getelementptr inbounds ([11 x i16], [11 x i16]* @.str.1, i64 0, i64 0)	*global_alloc@.str.1[0]
</harden/bcfiles/edk_bcfiles/B2SmmDriver.bc>:SetErrorCount:25:0:getelementptr inbounds ([11 x i16], [11 x i16]* @.str.1, i64 0, i64 0)	*global_alloc@.str.1[0]
</harden/bcfiles/edk_bcfiles/B2SmmDriver.bc>:B2SmiHandler:34:2:getelementptr inbounds ([47 x i8], [47 x i8]* @.str.2, i64 0, i64 0)	*global_alloc@.str.2[0]
</harden/bcfiles/edk_bcfiles/B2SmmDriver.bc>:B2SmiHandler:54:2:getelementptr inbounds ([47 x i8], [47 x i8]* @.str.3, i64 0, i64 0)	*global_alloc@.str.3[0]
</harden/bcfiles/edk_bcfiles/B2SmmDriver.bc>:B2SmiHandler:102:2:getelementptr inbounds ([41 x i8], [41 x i8]* @.str.4, i64 0, i64 0)	*global_alloc@.str.4[0]
</harden/bcfiles/edk_bcfiles/B2SmmDriver.bc>:B2SmiHandler:127:2:getelementptr inbounds ([30 x i8], [30 x i8]* @.str.5, i64 0, i64 0)	*global_alloc@.str.5[0]
</harden/bcfiles/edk_bcfiles/B2SmmDriver.bc>:B2SmiHandler:148:2:getelementptr inbounds ([30 x i8], [30 x i8]* @.str.6, i64 0, i64 0)	*global_alloc@.str.6[0]
</harden/bcfiles/edk_bcfiles/B2SmmDriver.bc>:B2SmmDriverEntry:33:2:getelementptr inbounds ([76 x i8], [76 x i8]* @.str.7, i64 0, i64 0)	*global_alloc@.str.7[0]
</harden/bcfiles/edk_bcfiles/B2SmmDriver.bc>:B2SmmDriverEntry:61:2:getelementptr inbounds ([68 x i8], [68 x i8]* @.str.8, i64 0, i64 0)	*global_alloc@.str.8[0]
</harden/bcfiles/edk_bcfiles/B2SmmDriver.bc>:GetErrorTypes:28:0:getelementptr inbounds ([12 x i16], [12 x i16]* @.str, i64 0, i64 0)	*global_alloc@.str[0][*]
</harden/bcfiles/edk_bcfiles/B2SmmDriver.bc>:SetErrorTypes:25:0:getelementptr inbounds ([12 x i16], [12 x i16]* @.str, i64 0, i64 0)	*global_alloc@.str[0][*]
</harden/bcfiles/edk_bcfiles/B2SmmDriver.bc>:GetErrorCount:28:0:getelementptr inbounds ([11 x i16], [11 x i16]* @.str.1, i64 0, i64 0)	*global_alloc@.str.1[0][*]
</harden/bcfiles/edk_bcfiles/B2SmmDriver.bc>:SetErrorCount:25:0:getelementptr inbounds ([11 x i16], [11 x i16]* @.str.1, i64 0, i64 0)	*global_alloc@.str.1[0][*]
</harden/bcfiles/edk_bcfiles/B2SmmDriver.bc>:B2SmiHandler:34:2:getelementptr inbounds ([47 x i8], [47 x i8]* @.str.2, i64 0, i64 0)	*global_alloc@.str.2[0][*]
</harden/bcfiles/edk_bcfiles/B2SmmDriver.bc>:B2SmiHandler:54:2:getelementptr inbounds ([47 x i8], [47 x i8]* @.str.3, i64 0, i64 0)	*global_alloc@.str.3[0][*]
</harden/bcfiles/edk_bcfiles/B2SmmDriver.bc>:B2SmiHandler:102:2:getelementptr inbounds ([41 x i8], [41 x i8]* @.str.4, i64 0, i64 0)	*global_alloc@.str.4[0][*]
</harden/bcfiles/edk_bcfiles/B2SmmDriver.bc>:B2SmiHandler:127:2:getelementptr inbounds ([30 x i8], [30 x i8]* @.str.5, i64 0, i64 0)	*global_alloc@.str.5[0][*]
</harden/bcfiles/edk_bcfiles/B2SmmDriver.bc>:B2SmiHandler:148:2:getelementptr inbounds ([30 x i8], [30 x i8]* @.str.6, i64 0, i64 0)	*global_alloc@.str.6[0][*]
</harden/bcfiles/edk_bcfiles/B2SmmDriver.bc>:B2SmmDriverEntry:33:2:getelementptr inbounds ([76 x i8], [76 x i8]* @.str.7, i64 0, i64 0)	*global_alloc@.str.7[0][*]
</harden/bcfiles/edk_bcfiles/B2SmmDriver.bc>:B2SmmDriverEntry:61:2:getelementptr inbounds ([68 x i8], [68 x i8]* @.str.8, i64 0, i64 0)	*global_alloc@.str.8[0][*]
