*global_alloc@__UNIQUE_ID_license515	[12 x i8]
*global_alloc@__UNIQUE_ID_author516	[24 x i8]
*global_alloc@__UNIQUE_ID_description517	[42 x i8]
*global_alloc@__UNIQUE_ID_version518	[12 x i8]
*global_alloc@flow_table	[1024 x %struct.hlist_head]
*global_alloc@__UNIQUE_ID___addressable_init_module519	i8*
*global_alloc@__UNIQUE_ID___addressable_cleanup_module520	i8*
*global_alloc@nfho	%struct.nf_hook_ops
*global_alloc@init_net	%struct.net
*global_alloc@.str	[46 x i8]
*global_alloc@.str.1	[16 x i8]
*global_alloc@dropped_packets_ops	%struct.proc_ops
*global_alloc@proc_entry	%struct.proc_dir_entry*
*global_alloc@.str.2	[37 x i8]
*global_alloc@.str.3	[5 x i8]
*global_alloc@dropped_packets	%struct.atomic_t
*global_alloc@flow_table_lock	%struct.spinlock
*global_alloc@.str.4	[33 x i8]
*global_alloc@kmalloc_caches	[3 x [14 x %struct.kmem_cache*]]
*global_alloc@.str.5	[23 x i8]
*global_alloc@.str.6	[55 x i8]
*global_alloc@.str.7	[21 x i8]
*global_alloc@llvm.compiler.used	[6 x i8*]
