</harden/bcfiles/edk_bcfiles/AccessRWVar.bc>:RWVariableHandler:%179	</harden/bcfiles/edk_bcfiles/AccessRWVar.bc>:RWVariableHandler:209:0:0	</harden/bcfiles/edk_bcfiles/AccessRWVar.bc>:RWVariableHandler:209
</harden/bcfiles/edk_bcfiles/AccessRWVar.bc>:RWVariableHandler:%176	</harden/bcfiles/edk_bcfiles/AccessRWVar.bc>:RWVariableHandler:206:0:0	</harden/bcfiles/edk_bcfiles/AccessRWVar.bc>:RWVariableHandler:206
</harden/bcfiles/edk_bcfiles/AccessRWVar.bc>:RWVariableHandler:%160	</harden/bcfiles/edk_bcfiles/AccessRWVar.bc>:RWVariableHandler:189:0:0	</harden/bcfiles/edk_bcfiles/AccessRWVar.bc>:RWVariableHandler:189
</harden/bcfiles/edk_bcfiles/AccessRWVar.bc>:RWVariableHandler:%153	</harden/bcfiles/edk_bcfiles/AccessRWVar.bc>:RWVariableHandler:181:0:0	</harden/bcfiles/edk_bcfiles/AccessRWVar.bc>:RWVariableHandler:181
</harden/bcfiles/edk_bcfiles/AccessRWVar.bc>:RWVariableHandler:%149	</harden/bcfiles/edk_bcfiles/AccessRWVar.bc>:RWVariableHandler:177:0:0	</harden/bcfiles/edk_bcfiles/AccessRWVar.bc>:RWVariableHandler:177
</harden/bcfiles/edk_bcfiles/AccessRWVar.bc>:RWVariableHandler:%142	</harden/bcfiles/edk_bcfiles/AccessRWVar.bc>:RWVariableHandler:170:0:0	</harden/bcfiles/edk_bcfiles/AccessRWVar.bc>:RWVariableHandler:170
</harden/bcfiles/edk_bcfiles/AccessRWVar.bc>:RWVariableHandler:%134	</harden/bcfiles/edk_bcfiles/AccessRWVar.bc>:RWVariableHandler:160:0:0	</harden/bcfiles/edk_bcfiles/AccessRWVar.bc>:RWVariableHandler:160
</harden/bcfiles/edk_bcfiles/AccessRWVar.bc>:RWVariableHandler:%116	</harden/bcfiles/edk_bcfiles/AccessRWVar.bc>:RWVariableHandler:142:0:0	</harden/bcfiles/edk_bcfiles/AccessRWVar.bc>:RWVariableHandler:142
</harden/bcfiles/edk_bcfiles/AccessRWVar.bc>:RWVariableHandler:%200	</harden/bcfiles/edk_bcfiles/AccessRWVar.bc>:RWVariableHandler:233:0:0	</harden/bcfiles/edk_bcfiles/AccessRWVar.bc>:RWVariableHandler:233
</harden/bcfiles/edk_bcfiles/AccessRWVar.bc>:RWVariableHandler:%151	</harden/bcfiles/edk_bcfiles/AccessRWVar.bc>:RWVariableHandler:179:0:0	</harden/bcfiles/edk_bcfiles/AccessRWVar.bc>:RWVariableHandler:179
</harden/bcfiles/edk_bcfiles/AccessRWVar.bc>:RWVariableHandler:%52	</harden/bcfiles/edk_bcfiles/AccessRWVar.bc>:RWVariableHandler:71:0:0	</harden/bcfiles/edk_bcfiles/AccessRWVar.bc>:RWVariableHandler:71
</harden/bcfiles/edk_bcfiles/AccessRWVar.bc>:RWVariableHandler:%79	</harden/bcfiles/edk_bcfiles/AccessRWVar.bc>:RWVariableHandler:101:0:0	</harden/bcfiles/edk_bcfiles/AccessRWVar.bc>:RWVariableHandler:101
</harden/bcfiles/edk_bcfiles/AccessRWVar.bc>:RWVariableHandler:%167	</harden/bcfiles/edk_bcfiles/AccessRWVar.bc>:RWVariableHandler:197:0:0	</harden/bcfiles/edk_bcfiles/AccessRWVar.bc>:RWVariableHandler:197
</harden/bcfiles/edk_bcfiles/AccessRWVar.bc>:RWVariableHandler:%174	</harden/bcfiles/edk_bcfiles/AccessRWVar.bc>:RWVariableHandler:204:0:0	</harden/bcfiles/edk_bcfiles/AccessRWVar.bc>:RWVariableHandler:204
</harden/bcfiles/edk_bcfiles/AccessRWVar.bc>:RWVariableHandler:%84	</harden/bcfiles/edk_bcfiles/AccessRWVar.bc>:RWVariableHandler:107:0:0	</harden/bcfiles/edk_bcfiles/AccessRWVar.bc>:RWVariableHandler:107
</harden/bcfiles/edk_bcfiles/AccessRWVar.bc>:RWVariableHandler:%92	</harden/bcfiles/edk_bcfiles/AccessRWVar.bc>:RWVariableHandler:116:0:1024	</harden/bcfiles/edk_bcfiles/AccessRWVar.bc>:RWVariableHandler:116
</harden/bcfiles/edk_bcfiles/AccessRWVar.bc>:RWVariableHandler:%119	</harden/bcfiles/edk_bcfiles/AccessRWVar.bc>:RWVariableHandler:145:0:0	</harden/bcfiles/edk_bcfiles/AccessRWVar.bc>:RWVariableHandler:145
</harden/bcfiles/edk_bcfiles/AccessRWVar.bc>:RWVariableHandler:%109	</harden/bcfiles/edk_bcfiles/AccessRWVar.bc>:RWVariableHandler:134:0:0	</harden/bcfiles/edk_bcfiles/AccessRWVar.bc>:RWVariableHandler:134
</harden/bcfiles/edk_bcfiles/AccessRWVar.bc>:AccessReadVariable:%11	</harden/bcfiles/edk_bcfiles/AccessRWVar.bc>:AccessReadVariable:16:0:0	</harden/bcfiles/edk_bcfiles/AccessRWVar.bc>:AccessReadVariable:16
</harden/bcfiles/edk_bcfiles/AccessRWVar.bc>:AccessWriteVariable:%11	</harden/bcfiles/edk_bcfiles/AccessRWVar.bc>:AccessWriteVariable:16:0:0	</harden/bcfiles/edk_bcfiles/AccessRWVar.bc>:AccessWriteVariable:16
</harden/bcfiles/edk_bcfiles/AccessRWVar.bc>:AccessRWVarEntryPoint:%75	</harden/bcfiles/edk_bcfiles/AccessRWVar.bc>:AccessRWVarEntryPoint:92:0:0	</harden/bcfiles/edk_bcfiles/AccessRWVar.bc>:AccessRWVarEntryPoint:92
</harden/bcfiles/edk_bcfiles/AccessRWVar.bc>:AccessRWVarEntryPoint:%48	</harden/bcfiles/edk_bcfiles/AccessRWVar.bc>:AccessRWVarEntryPoint:61:0:0	</harden/bcfiles/edk_bcfiles/AccessRWVar.bc>:AccessRWVarEntryPoint:61
</harden/bcfiles/edk_bcfiles/AccessRWVar.bc>:AccessRWVarEntryPoint:%9	</harden/bcfiles/edk_bcfiles/AccessRWVar.bc>:AccessRWVarEntryPoint:14:0:0	</harden/bcfiles/edk_bcfiles/AccessRWVar.bc>:AccessRWVarEntryPoint:14
