</harden/bcfiles/edk_bcfiles/AccessRWVar.bc>:RWVariableHandler:%53	</harden/bcfiles/edk_bcfiles/AccessRWVar.bc>:RWVariableHandler:%54
</harden/bcfiles/edk_bcfiles/AccessRWVar.bc>:RWVariableHandler:%110	</harden/bcfiles/edk_bcfiles/AccessRWVar.bc>:RWVariableHandler:%111
</harden/bcfiles/edk_bcfiles/AccessRWVar.bc>:AccessReadVariable:%12	</harden/bcfiles/edk_bcfiles/AccessRWVar.bc>:AccessReadVariable:%13
</harden/bcfiles/edk_bcfiles/AccessRWVar.bc>:AccessWriteVariable:%12	</harden/bcfiles/edk_bcfiles/AccessRWVar.bc>:AccessWriteVariable:%13
</harden/bcfiles/edk_bcfiles/AccessRWVar.bc>:AccessRWVarEntryPoint:%10	</harden/bcfiles/edk_bcfiles/AccessRWVar.bc>:AccessRWVarEntryPoint:%11
</harden/bcfiles/edk_bcfiles/AccessRWVar.bc>:AccessRWVarEntryPoint:%49	</harden/bcfiles/edk_bcfiles/AccessRWVar.bc>:AccessRWVarEntryPoint:%50
</harden/bcfiles/edk_bcfiles/AccessRWVar.bc>:AccessRWVarEntryPoint:%76	</harden/bcfiles/edk_bcfiles/AccessRWVar.bc>:AccessRWVarEntryPoint:%77
</harden/bcfiles/edk_bcfiles/AccessRWVar.bc>:RWVariableHandler:%11	</harden/bcfiles/edk_bcfiles/AccessRWVar.bc>:RWVariableHandler:%203
</harden/bcfiles/edk_bcfiles/AccessRWVar.bc>:RWVariableHandler:%11	</harden/bcfiles/edk_bcfiles/AccessRWVar.bc>:RWVariableHandler:%179
</harden/bcfiles/edk_bcfiles/AccessRWVar.bc>:RWVariableHandler:%177	</harden/bcfiles/edk_bcfiles/AccessRWVar.bc>:RWVariableHandler:%178
</harden/bcfiles/edk_bcfiles/AccessRWVar.bc>:RWVariableHandler:%203	</harden/bcfiles/edk_bcfiles/AccessRWVar.bc>:RWVariableHandler:%204
</harden/bcfiles/edk_bcfiles/AccessRWVar.bc>:RWVariableHandler:%11	</harden/bcfiles/edk_bcfiles/AccessRWVar.bc>:RWVariableHandler:%176
</harden/bcfiles/edk_bcfiles/AccessRWVar.bc>:RWVariableHandler:%13	</harden/bcfiles/edk_bcfiles/AccessRWVar.bc>:RWVariableHandler:%182
</harden/bcfiles/edk_bcfiles/AccessRWVar.bc>:RWVariableHandler:%161	</harden/bcfiles/edk_bcfiles/AccessRWVar.bc>:RWVariableHandler:%162
</harden/bcfiles/edk_bcfiles/AccessRWVar.bc>:RWVariableHandler:%180	</harden/bcfiles/edk_bcfiles/AccessRWVar.bc>:RWVariableHandler:%181
</harden/bcfiles/edk_bcfiles/AccessRWVar.bc>:RWVariableHandler:%11	</harden/bcfiles/edk_bcfiles/AccessRWVar.bc>:RWVariableHandler:%160
</harden/bcfiles/edk_bcfiles/AccessRWVar.bc>:RWVariableHandler:%13	</harden/bcfiles/edk_bcfiles/AccessRWVar.bc>:RWVariableHandler:%155
</harden/bcfiles/edk_bcfiles/AccessRWVar.bc>:RWVariableHandler:%5	</harden/bcfiles/edk_bcfiles/AccessRWVar.bc>:RWVariableHandler:%208
</harden/bcfiles/edk_bcfiles/AccessRWVar.bc>:RWVariableHandler:%11	</harden/bcfiles/edk_bcfiles/AccessRWVar.bc>:RWVariableHandler:%153
</harden/bcfiles/edk_bcfiles/AccessRWVar.bc>:RWVariableHandler:%11	</harden/bcfiles/edk_bcfiles/AccessRWVar.bc>:RWVariableHandler:%149
</harden/bcfiles/edk_bcfiles/AccessRWVar.bc>:RWVariableHandler:%14	</harden/bcfiles/edk_bcfiles/AccessRWVar.bc>:RWVariableHandler:%205
</harden/bcfiles/edk_bcfiles/AccessRWVar.bc>:RWVariableHandler:%11	</harden/bcfiles/edk_bcfiles/AccessRWVar.bc>:RWVariableHandler:%142
</harden/bcfiles/edk_bcfiles/AccessRWVar.bc>:RWVariableHandler:%11	</harden/bcfiles/edk_bcfiles/AccessRWVar.bc>:RWVariableHandler:%134
</harden/bcfiles/edk_bcfiles/AccessRWVar.bc>:RWVariableHandler:%120	</harden/bcfiles/edk_bcfiles/AccessRWVar.bc>:RWVariableHandler:%121
</harden/bcfiles/edk_bcfiles/AccessRWVar.bc>:RWVariableHandler:%117	</harden/bcfiles/edk_bcfiles/AccessRWVar.bc>:RWVariableHandler:%118
</harden/bcfiles/edk_bcfiles/AccessRWVar.bc>:RWVariableHandler:%11	</harden/bcfiles/edk_bcfiles/AccessRWVar.bc>:RWVariableHandler:%116
</harden/bcfiles/edk_bcfiles/AccessRWVar.bc>:RWVariableHandler:%112	</harden/bcfiles/edk_bcfiles/AccessRWVar.bc>:RWVariableHandler:%113
</harden/bcfiles/edk_bcfiles/AccessRWVar.bc>:RWVariableHandler:%10	</harden/bcfiles/edk_bcfiles/AccessRWVar.bc>:RWVariableHandler:%157
</harden/bcfiles/edk_bcfiles/AccessRWVar.bc>:RWVariableHandler:%143	</harden/bcfiles/edk_bcfiles/AccessRWVar.bc>:RWVariableHandler:%144
</harden/bcfiles/edk_bcfiles/AccessRWVar.bc>:RWVariableHandler:%85	</harden/bcfiles/edk_bcfiles/AccessRWVar.bc>:RWVariableHandler:%86
</harden/bcfiles/edk_bcfiles/AccessRWVar.bc>:RWVariableHandler:%11	</harden/bcfiles/edk_bcfiles/AccessRWVar.bc>:RWVariableHandler:%200
</harden/bcfiles/edk_bcfiles/AccessRWVar.bc>:RWVariableHandler:%14	</harden/bcfiles/edk_bcfiles/AccessRWVar.bc>:RWVariableHandler:%163
</harden/bcfiles/edk_bcfiles/AccessRWVar.bc>:RWVariableHandler:%80	</harden/bcfiles/edk_bcfiles/AccessRWVar.bc>:RWVariableHandler:%81
</harden/bcfiles/edk_bcfiles/AccessRWVar.bc>:RWVariableHandler:%8	</harden/bcfiles/edk_bcfiles/AccessRWVar.bc>:RWVariableHandler:%76
</harden/bcfiles/edk_bcfiles/AccessRWVar.bc>:RWVariableHandler:%11	</harden/bcfiles/edk_bcfiles/AccessRWVar.bc>:RWVariableHandler:%74
</harden/bcfiles/edk_bcfiles/AccessRWVar.bc>:RWVariableHandler:%12	</harden/bcfiles/edk_bcfiles/AccessRWVar.bc>:RWVariableHandler:%82
</harden/bcfiles/edk_bcfiles/AccessRWVar.bc>:RWVariableHandler:%11	</harden/bcfiles/edk_bcfiles/AccessRWVar.bc>:RWVariableHandler:%151
</harden/bcfiles/edk_bcfiles/AccessRWVar.bc>:RWVariableHandler:%168	</harden/bcfiles/edk_bcfiles/AccessRWVar.bc>:RWVariableHandler:%169
</harden/bcfiles/edk_bcfiles/AccessRWVar.bc>:RWVariableHandler:%11	</harden/bcfiles/edk_bcfiles/AccessRWVar.bc>:RWVariableHandler:%56
</harden/bcfiles/edk_bcfiles/AccessRWVar.bc>:RWVariableHandler:70:0:@gSmst	</harden/bcfiles/edk_bcfiles/AccessRWVar.bc>:RWVariableHandler:%52
</harden/bcfiles/edk_bcfiles/AccessRWVar.bc>:RWVariableHandler:%14	</harden/bcfiles/edk_bcfiles/AccessRWVar.bc>:RWVariableHandler:%55
</harden/bcfiles/edk_bcfiles/AccessRWVar.bc>:RWVariableHandler:%14	</harden/bcfiles/edk_bcfiles/AccessRWVar.bc>:RWVariableHandler:%36
</harden/bcfiles/edk_bcfiles/AccessRWVar.bc>:RWVariableHandler:%34	</harden/bcfiles/edk_bcfiles/AccessRWVar.bc>:RWVariableHandler:%35
</harden/bcfiles/edk_bcfiles/AccessRWVar.bc>:RWVariableHandler:%8	</harden/bcfiles/edk_bcfiles/AccessRWVar.bc>:RWVariableHandler:%202
</harden/bcfiles/edk_bcfiles/AccessRWVar.bc>:RWVariableHandler:%9	</harden/bcfiles/edk_bcfiles/AccessRWVar.bc>:RWVariableHandler:%18
</harden/bcfiles/edk_bcfiles/AccessRWVar.bc>:RWVariableHandler:%12	</harden/bcfiles/edk_bcfiles/AccessRWVar.bc>:RWVariableHandler:%173
</harden/bcfiles/edk_bcfiles/AccessRWVar.bc>:RWVariableHandler:%11	</harden/bcfiles/edk_bcfiles/AccessRWVar.bc>:RWVariableHandler:%112
</harden/bcfiles/edk_bcfiles/AccessRWVar.bc>:RWVariableHandler:%8	</harden/bcfiles/edk_bcfiles/AccessRWVar.bc>:RWVariableHandler:%15
</harden/bcfiles/edk_bcfiles/AccessRWVar.bc>:RWVariableHandler:%11	</harden/bcfiles/edk_bcfiles/AccessRWVar.bc>:RWVariableHandler:%79
</harden/bcfiles/edk_bcfiles/AccessRWVar.bc>:RWVariableHandler:%12	</harden/bcfiles/edk_bcfiles/AccessRWVar.bc>:RWVariableHandler:%148
</harden/bcfiles/edk_bcfiles/AccessRWVar.bc>:RWVariableHandler:%74	</harden/bcfiles/edk_bcfiles/AccessRWVar.bc>:RWVariableHandler:%75
</harden/bcfiles/edk_bcfiles/AccessRWVar.bc>:RWVariableHandler:%14	</harden/bcfiles/edk_bcfiles/AccessRWVar.bc>:RWVariableHandler:%77
</harden/bcfiles/edk_bcfiles/AccessRWVar.bc>:RWVariableHandler:%11	</harden/bcfiles/edk_bcfiles/AccessRWVar.bc>:RWVariableHandler:%167
</harden/bcfiles/edk_bcfiles/AccessRWVar.bc>:RWVariableHandler:%13	</harden/bcfiles/edk_bcfiles/AccessRWVar.bc>:RWVariableHandler:%90
</harden/bcfiles/edk_bcfiles/AccessRWVar.bc>:RWVariableHandler:%11	</harden/bcfiles/edk_bcfiles/AccessRWVar.bc>:RWVariableHandler:%174
</harden/bcfiles/edk_bcfiles/AccessRWVar.bc>:RWVariableHandler:%135	</harden/bcfiles/edk_bcfiles/AccessRWVar.bc>:RWVariableHandler:%136
</harden/bcfiles/edk_bcfiles/AccessRWVar.bc>:RWVariableHandler:%11	</harden/bcfiles/edk_bcfiles/AccessRWVar.bc>:RWVariableHandler:%84
</harden/bcfiles/edk_bcfiles/AccessRWVar.bc>:RWVariableHandler:%10	</harden/bcfiles/edk_bcfiles/AccessRWVar.bc>:RWVariableHandler:%199
</harden/bcfiles/edk_bcfiles/AccessRWVar.bc>:RWVariableHandler:%9	</harden/bcfiles/edk_bcfiles/AccessRWVar.bc>:RWVariableHandler:%34
</harden/bcfiles/edk_bcfiles/AccessRWVar.bc>:RWVariableHandler:%10	</harden/bcfiles/edk_bcfiles/AccessRWVar.bc>:RWVariableHandler:%58
</harden/bcfiles/edk_bcfiles/AccessRWVar.bc>:RWVariableHandler:%12	</harden/bcfiles/edk_bcfiles/AccessRWVar.bc>:RWVariableHandler:%92
</harden/bcfiles/edk_bcfiles/AccessRWVar.bc>:RWVariableHandler:%11	</harden/bcfiles/edk_bcfiles/AccessRWVar.bc>:RWVariableHandler:%119
</harden/bcfiles/edk_bcfiles/AccessRWVar.bc>:RWVariableHandler:133:0:@gSmst	</harden/bcfiles/edk_bcfiles/AccessRWVar.bc>:RWVariableHandler:%109
</harden/bcfiles/edk_bcfiles/AccessRWVar.bc>:AccessReadVariable:%10	</harden/bcfiles/edk_bcfiles/AccessRWVar.bc>:AccessReadVariable:%17
</harden/bcfiles/edk_bcfiles/AccessRWVar.bc>:AccessReadVariable:%9	</harden/bcfiles/edk_bcfiles/AccessRWVar.bc>:AccessReadVariable:%16
</harden/bcfiles/edk_bcfiles/AccessRWVar.bc>:AccessReadVariable:%7	</harden/bcfiles/edk_bcfiles/AccessRWVar.bc>:AccessReadVariable:%15
</harden/bcfiles/edk_bcfiles/AccessRWVar.bc>:AccessReadVariable:%6	</harden/bcfiles/edk_bcfiles/AccessRWVar.bc>:AccessReadVariable:%14
</harden/bcfiles/edk_bcfiles/AccessRWVar.bc>:AccessReadVariable:15:0:@mSmmVariable	</harden/bcfiles/edk_bcfiles/AccessRWVar.bc>:AccessReadVariable:%11
</harden/bcfiles/edk_bcfiles/AccessRWVar.bc>:AccessWriteVariable:%10	</harden/bcfiles/edk_bcfiles/AccessRWVar.bc>:AccessWriteVariable:%17
</harden/bcfiles/edk_bcfiles/AccessRWVar.bc>:AccessWriteVariable:%9	</harden/bcfiles/edk_bcfiles/AccessRWVar.bc>:AccessWriteVariable:%16
</harden/bcfiles/edk_bcfiles/AccessRWVar.bc>:AccessWriteVariable:%7	</harden/bcfiles/edk_bcfiles/AccessRWVar.bc>:AccessWriteVariable:%15
</harden/bcfiles/edk_bcfiles/AccessRWVar.bc>:AccessWriteVariable:%6	</harden/bcfiles/edk_bcfiles/AccessRWVar.bc>:AccessWriteVariable:%14
</harden/bcfiles/edk_bcfiles/AccessRWVar.bc>:AccessWriteVariable:15:0:@mSmmVariable	</harden/bcfiles/edk_bcfiles/AccessRWVar.bc>:AccessWriteVariable:%11
</harden/bcfiles/edk_bcfiles/AccessRWVar.bc>:AccessRWVarEntryPoint:%3	</harden/bcfiles/edk_bcfiles/AccessRWVar.bc>:AccessRWVarEntryPoint:%104
</harden/bcfiles/edk_bcfiles/AccessRWVar.bc>:AccessRWVarEntryPoint:%6	</harden/bcfiles/edk_bcfiles/AccessRWVar.bc>:AccessRWVarEntryPoint:%94
</harden/bcfiles/edk_bcfiles/AccessRWVar.bc>:AccessRWVarEntryPoint:91:0:@gMmst	</harden/bcfiles/edk_bcfiles/AccessRWVar.bc>:AccessRWVarEntryPoint:%75
</harden/bcfiles/edk_bcfiles/AccessRWVar.bc>:AccessRWVarEntryPoint:%6	</harden/bcfiles/edk_bcfiles/AccessRWVar.bc>:AccessRWVarEntryPoint:%67
</harden/bcfiles/edk_bcfiles/AccessRWVar.bc>:AccessRWVarEntryPoint:%6	</harden/bcfiles/edk_bcfiles/AccessRWVar.bc>:AccessRWVarEntryPoint:%56
</harden/bcfiles/edk_bcfiles/AccessRWVar.bc>:AccessRWVarEntryPoint:60:0:@gMmst	</harden/bcfiles/edk_bcfiles/AccessRWVar.bc>:AccessRWVarEntryPoint:%48
</harden/bcfiles/edk_bcfiles/AccessRWVar.bc>:AccessRWVarEntryPoint:38:0:@_gPcd_FixedAtBuild_PcdUseAccessRWVariable	</harden/bcfiles/edk_bcfiles/AccessRWVar.bc>:AccessRWVarEntryPoint:%31
</harden/bcfiles/edk_bcfiles/AccessRWVar.bc>:AccessRWVarEntryPoint:%6	</harden/bcfiles/edk_bcfiles/AccessRWVar.bc>:AccessRWVarEntryPoint:%83
</harden/bcfiles/edk_bcfiles/AccessRWVar.bc>:AccessRWVarEntryPoint:%6	</harden/bcfiles/edk_bcfiles/AccessRWVar.bc>:AccessRWVarEntryPoint:%29
</harden/bcfiles/edk_bcfiles/AccessRWVar.bc>:AccessRWVarEntryPoint:%6	</harden/bcfiles/edk_bcfiles/AccessRWVar.bc>:AccessRWVarEntryPoint:%24
</harden/bcfiles/edk_bcfiles/AccessRWVar.bc>:AccessRWVarEntryPoint:%6	</harden/bcfiles/edk_bcfiles/AccessRWVar.bc>:AccessRWVarEntryPoint:%13
</harden/bcfiles/edk_bcfiles/AccessRWVar.bc>:AccessRWVarEntryPoint:13:0:@gMmst	</harden/bcfiles/edk_bcfiles/AccessRWVar.bc>:AccessRWVarEntryPoint:%9
</harden/bcfiles/edk_bcfiles/AccessRWVar.bc>:AccessRWVarEntryPoint:%6	</harden/bcfiles/edk_bcfiles/AccessRWVar.bc>:AccessRWVarEntryPoint:%102
