</harden/bcfiles/edk_bcfiles/AccessRWVar.bc>:RWVariableHandler:71	0	</harden/bcfiles/edk_bcfiles/AccessRWVar.bc>:RWVariableHandler:71:0:0
</harden/bcfiles/edk_bcfiles/AccessRWVar.bc>:RWVariableHandler:101	0	</harden/bcfiles/edk_bcfiles/AccessRWVar.bc>:RWVariableHandler:101:0:0
</harden/bcfiles/edk_bcfiles/AccessRWVar.bc>:RWVariableHandler:107	0	</harden/bcfiles/edk_bcfiles/AccessRWVar.bc>:RWVariableHandler:107:0:0
</harden/bcfiles/edk_bcfiles/AccessRWVar.bc>:RWVariableHandler:116	0	</harden/bcfiles/edk_bcfiles/AccessRWVar.bc>:RWVariableHandler:116:0:1024
</harden/bcfiles/edk_bcfiles/AccessRWVar.bc>:RWVariableHandler:134	0	</harden/bcfiles/edk_bcfiles/AccessRWVar.bc>:RWVariableHandler:134:0:0
</harden/bcfiles/edk_bcfiles/AccessRWVar.bc>:RWVariableHandler:142	0	</harden/bcfiles/edk_bcfiles/AccessRWVar.bc>:RWVariableHandler:142:0:0
</harden/bcfiles/edk_bcfiles/AccessRWVar.bc>:RWVariableHandler:145	0	</harden/bcfiles/edk_bcfiles/AccessRWVar.bc>:RWVariableHandler:145:0:0
</harden/bcfiles/edk_bcfiles/AccessRWVar.bc>:RWVariableHandler:160	0	</harden/bcfiles/edk_bcfiles/AccessRWVar.bc>:RWVariableHandler:160:0:0
</harden/bcfiles/edk_bcfiles/AccessRWVar.bc>:RWVariableHandler:170	0	</harden/bcfiles/edk_bcfiles/AccessRWVar.bc>:RWVariableHandler:170:0:0
</harden/bcfiles/edk_bcfiles/AccessRWVar.bc>:RWVariableHandler:177	0	</harden/bcfiles/edk_bcfiles/AccessRWVar.bc>:RWVariableHandler:177:0:0
</harden/bcfiles/edk_bcfiles/AccessRWVar.bc>:RWVariableHandler:179	0	</harden/bcfiles/edk_bcfiles/AccessRWVar.bc>:RWVariableHandler:179:0:0
</harden/bcfiles/edk_bcfiles/AccessRWVar.bc>:RWVariableHandler:181	0	</harden/bcfiles/edk_bcfiles/AccessRWVar.bc>:RWVariableHandler:181:0:0
</harden/bcfiles/edk_bcfiles/AccessRWVar.bc>:RWVariableHandler:189	0	</harden/bcfiles/edk_bcfiles/AccessRWVar.bc>:RWVariableHandler:189:0:0
</harden/bcfiles/edk_bcfiles/AccessRWVar.bc>:RWVariableHandler:197	0	</harden/bcfiles/edk_bcfiles/AccessRWVar.bc>:RWVariableHandler:197:0:0
</harden/bcfiles/edk_bcfiles/AccessRWVar.bc>:RWVariableHandler:204	0	</harden/bcfiles/edk_bcfiles/AccessRWVar.bc>:RWVariableHandler:204:0:0
</harden/bcfiles/edk_bcfiles/AccessRWVar.bc>:RWVariableHandler:206	0	</harden/bcfiles/edk_bcfiles/AccessRWVar.bc>:RWVariableHandler:206:0:0
</harden/bcfiles/edk_bcfiles/AccessRWVar.bc>:RWVariableHandler:209	0	</harden/bcfiles/edk_bcfiles/AccessRWVar.bc>:RWVariableHandler:209:0:0
</harden/bcfiles/edk_bcfiles/AccessRWVar.bc>:RWVariableHandler:233	0	</harden/bcfiles/edk_bcfiles/AccessRWVar.bc>:RWVariableHandler:233:0:0
</harden/bcfiles/edk_bcfiles/AccessRWVar.bc>:AccessReadVariable:16	0	</harden/bcfiles/edk_bcfiles/AccessRWVar.bc>:AccessReadVariable:16:0:0
</harden/bcfiles/edk_bcfiles/AccessRWVar.bc>:AccessWriteVariable:16	0	</harden/bcfiles/edk_bcfiles/AccessRWVar.bc>:AccessWriteVariable:16:0:0
</harden/bcfiles/edk_bcfiles/AccessRWVar.bc>:AccessRWVarEntryPoint:14	0	</harden/bcfiles/edk_bcfiles/AccessRWVar.bc>:AccessRWVarEntryPoint:14:0:0
</harden/bcfiles/edk_bcfiles/AccessRWVar.bc>:AccessRWVarEntryPoint:61	0	</harden/bcfiles/edk_bcfiles/AccessRWVar.bc>:AccessRWVarEntryPoint:61:0:0
</harden/bcfiles/edk_bcfiles/AccessRWVar.bc>:AccessRWVarEntryPoint:92	0	</harden/bcfiles/edk_bcfiles/AccessRWVar.bc>:AccessRWVarEntryPoint:92:0:0
</harden/bcfiles/edk_bcfiles/AccessRWVar.bc>:RWVariableHandler:71	1	</harden/bcfiles/edk_bcfiles/AccessRWVar.bc>:RWVariableHandler:71:1:5
</harden/bcfiles/edk_bcfiles/AccessRWVar.bc>:RWVariableHandler:101	1	</harden/bcfiles/edk_bcfiles/AccessRWVar.bc>:RWVariableHandler:101:1:7
</harden/bcfiles/edk_bcfiles/AccessRWVar.bc>:RWVariableHandler:107	1	</harden/bcfiles/edk_bcfiles/AccessRWVar.bc>:RWVariableHandler:107:1:5
</harden/bcfiles/edk_bcfiles/AccessRWVar.bc>:RWVariableHandler:134	1	</harden/bcfiles/edk_bcfiles/AccessRWVar.bc>:RWVariableHandler:134:1:6
</harden/bcfiles/edk_bcfiles/AccessRWVar.bc>:RWVariableHandler:142	1	</harden/bcfiles/edk_bcfiles/AccessRWVar.bc>:RWVariableHandler:142:1:2
</harden/bcfiles/edk_bcfiles/AccessRWVar.bc>:RWVariableHandler:145	1	</harden/bcfiles/edk_bcfiles/AccessRWVar.bc>:RWVariableHandler:145:1:2
</harden/bcfiles/edk_bcfiles/AccessRWVar.bc>:RWVariableHandler:160	1	</harden/bcfiles/edk_bcfiles/AccessRWVar.bc>:RWVariableHandler:160:1:2
</harden/bcfiles/edk_bcfiles/AccessRWVar.bc>:RWVariableHandler:170	1	</harden/bcfiles/edk_bcfiles/AccessRWVar.bc>:RWVariableHandler:170:1:2
</harden/bcfiles/edk_bcfiles/AccessRWVar.bc>:RWVariableHandler:177	1	</harden/bcfiles/edk_bcfiles/AccessRWVar.bc>:RWVariableHandler:177:1:3
</harden/bcfiles/edk_bcfiles/AccessRWVar.bc>:RWVariableHandler:179	1	</harden/bcfiles/edk_bcfiles/AccessRWVar.bc>:RWVariableHandler:179:1:4
</harden/bcfiles/edk_bcfiles/AccessRWVar.bc>:RWVariableHandler:181	1	</harden/bcfiles/edk_bcfiles/AccessRWVar.bc>:RWVariableHandler:181:1:6
</harden/bcfiles/edk_bcfiles/AccessRWVar.bc>:RWVariableHandler:189	1	</harden/bcfiles/edk_bcfiles/AccessRWVar.bc>:RWVariableHandler:189:1:6
</harden/bcfiles/edk_bcfiles/AccessRWVar.bc>:RWVariableHandler:197	1	</harden/bcfiles/edk_bcfiles/AccessRWVar.bc>:RWVariableHandler:197:1:2
</harden/bcfiles/edk_bcfiles/AccessRWVar.bc>:RWVariableHandler:204	1	</harden/bcfiles/edk_bcfiles/AccessRWVar.bc>:RWVariableHandler:204:1:3
</harden/bcfiles/edk_bcfiles/AccessRWVar.bc>:RWVariableHandler:206	1	</harden/bcfiles/edk_bcfiles/AccessRWVar.bc>:RWVariableHandler:206:1:4
</harden/bcfiles/edk_bcfiles/AccessRWVar.bc>:RWVariableHandler:209	1	</harden/bcfiles/edk_bcfiles/AccessRWVar.bc>:RWVariableHandler:209:1:6
</harden/bcfiles/edk_bcfiles/AccessRWVar.bc>:RWVariableHandler:233	1	</harden/bcfiles/edk_bcfiles/AccessRWVar.bc>:RWVariableHandler:233:1:0
</harden/bcfiles/edk_bcfiles/AccessRWVar.bc>:AccessReadVariable:16	1	</harden/bcfiles/edk_bcfiles/AccessRWVar.bc>:AccessReadVariable:16:1:0
</harden/bcfiles/edk_bcfiles/AccessRWVar.bc>:AccessWriteVariable:16	1	</harden/bcfiles/edk_bcfiles/AccessRWVar.bc>:AccessWriteVariable:16:1:2
</harden/bcfiles/edk_bcfiles/AccessRWVar.bc>:AccessRWVarEntryPoint:14	1	</harden/bcfiles/edk_bcfiles/AccessRWVar.bc>:AccessRWVarEntryPoint:14:1:21
</harden/bcfiles/edk_bcfiles/AccessRWVar.bc>:AccessRWVarEntryPoint:61	1	</harden/bcfiles/edk_bcfiles/AccessRWVar.bc>:AccessRWVarEntryPoint:61:1:16
</harden/bcfiles/edk_bcfiles/AccessRWVar.bc>:AccessRWVarEntryPoint:92	1	</harden/bcfiles/edk_bcfiles/AccessRWVar.bc>:AccessRWVarEntryPoint:92:1:23
