</harden/bcfiles/edk_bcfiles/AccessRWVar.bc>:RWVariableHandler:72	</harden/bcfiles/edk_bcfiles/AccessRWVar.bc>:RWVariableHandler:%54
</harden/bcfiles/edk_bcfiles/AccessRWVar.bc>:RWVariableHandler:135	</harden/bcfiles/edk_bcfiles/AccessRWVar.bc>:RWVariableHandler:%111
</harden/bcfiles/edk_bcfiles/AccessRWVar.bc>:AccessReadVariable:17	</harden/bcfiles/edk_bcfiles/AccessRWVar.bc>:AccessReadVariable:%13
</harden/bcfiles/edk_bcfiles/AccessRWVar.bc>:AccessWriteVariable:17	</harden/bcfiles/edk_bcfiles/AccessRWVar.bc>:AccessWriteVariable:%13
</harden/bcfiles/edk_bcfiles/AccessRWVar.bc>:AccessRWVarEntryPoint:15	</harden/bcfiles/edk_bcfiles/AccessRWVar.bc>:AccessRWVarEntryPoint:%11
</harden/bcfiles/edk_bcfiles/AccessRWVar.bc>:AccessRWVarEntryPoint:62	</harden/bcfiles/edk_bcfiles/AccessRWVar.bc>:AccessRWVarEntryPoint:%50
</harden/bcfiles/edk_bcfiles/AccessRWVar.bc>:AccessRWVarEntryPoint:93	</harden/bcfiles/edk_bcfiles/AccessRWVar.bc>:AccessRWVarEntryPoint:%77
</harden/bcfiles/edk_bcfiles/AccessRWVar.bc>:RWVariableHandler:239	</harden/bcfiles/edk_bcfiles/AccessRWVar.bc>:RWVariableHandler:%206
</harden/bcfiles/edk_bcfiles/AccessRWVar.bc>:RWVariableHandler:236	</harden/bcfiles/edk_bcfiles/AccessRWVar.bc>:RWVariableHandler:%203
</harden/bcfiles/edk_bcfiles/AccessRWVar.bc>:RWVariableHandler:208	</harden/bcfiles/edk_bcfiles/AccessRWVar.bc>:RWVariableHandler:%179
</harden/bcfiles/edk_bcfiles/AccessRWVar.bc>:RWVariableHandler:207	</harden/bcfiles/edk_bcfiles/AccessRWVar.bc>:RWVariableHandler:%178
</harden/bcfiles/edk_bcfiles/AccessRWVar.bc>:RWVariableHandler:237	</harden/bcfiles/edk_bcfiles/AccessRWVar.bc>:RWVariableHandler:%204
</harden/bcfiles/edk_bcfiles/AccessRWVar.bc>:RWVariableHandler:205	</harden/bcfiles/edk_bcfiles/AccessRWVar.bc>:RWVariableHandler:%176
</harden/bcfiles/edk_bcfiles/AccessRWVar.bc>:RWVariableHandler:192	</harden/bcfiles/edk_bcfiles/AccessRWVar.bc>:RWVariableHandler:%164
</harden/bcfiles/edk_bcfiles/AccessRWVar.bc>:RWVariableHandler:211	</harden/bcfiles/edk_bcfiles/AccessRWVar.bc>:RWVariableHandler:%182
</harden/bcfiles/edk_bcfiles/AccessRWVar.bc>:RWVariableHandler:190	</harden/bcfiles/edk_bcfiles/AccessRWVar.bc>:RWVariableHandler:%162
</harden/bcfiles/edk_bcfiles/AccessRWVar.bc>:RWVariableHandler:210	</harden/bcfiles/edk_bcfiles/AccessRWVar.bc>:RWVariableHandler:%181
</harden/bcfiles/edk_bcfiles/AccessRWVar.bc>:RWVariableHandler:189	</harden/bcfiles/edk_bcfiles/AccessRWVar.bc>:RWVariableHandler:%161
</harden/bcfiles/edk_bcfiles/AccessRWVar.bc>:RWVariableHandler:188	</harden/bcfiles/edk_bcfiles/AccessRWVar.bc>:RWVariableHandler:%160
</harden/bcfiles/edk_bcfiles/AccessRWVar.bc>:RWVariableHandler:186	</harden/bcfiles/edk_bcfiles/AccessRWVar.bc>:RWVariableHandler:%158
</harden/bcfiles/edk_bcfiles/AccessRWVar.bc>:RWVariableHandler:183	</harden/bcfiles/edk_bcfiles/AccessRWVar.bc>:RWVariableHandler:%156
</harden/bcfiles/edk_bcfiles/AccessRWVar.bc>:RWVariableHandler:182	</harden/bcfiles/edk_bcfiles/AccessRWVar.bc>:RWVariableHandler:%155
</harden/bcfiles/edk_bcfiles/AccessRWVar.bc>:RWVariableHandler:181	</harden/bcfiles/edk_bcfiles/AccessRWVar.bc>:RWVariableHandler:%154
</harden/bcfiles/edk_bcfiles/AccessRWVar.bc>:RWVariableHandler:242	</harden/bcfiles/edk_bcfiles/AccessRWVar.bc>:RWVariableHandler:%208
</harden/bcfiles/edk_bcfiles/AccessRWVar.bc>:RWVariableHandler:206	</harden/bcfiles/edk_bcfiles/AccessRWVar.bc>:RWVariableHandler:%177
</harden/bcfiles/edk_bcfiles/AccessRWVar.bc>:RWVariableHandler:180	</harden/bcfiles/edk_bcfiles/AccessRWVar.bc>:RWVariableHandler:%153
</harden/bcfiles/edk_bcfiles/AccessRWVar.bc>:RWVariableHandler:179	</harden/bcfiles/edk_bcfiles/AccessRWVar.bc>:RWVariableHandler:%152
</harden/bcfiles/edk_bcfiles/AccessRWVar.bc>:RWVariableHandler:176	</harden/bcfiles/edk_bcfiles/AccessRWVar.bc>:RWVariableHandler:%149
</harden/bcfiles/edk_bcfiles/AccessRWVar.bc>:RWVariableHandler:238	</harden/bcfiles/edk_bcfiles/AccessRWVar.bc>:RWVariableHandler:%205
</harden/bcfiles/edk_bcfiles/AccessRWVar.bc>:RWVariableHandler:173	</harden/bcfiles/edk_bcfiles/AccessRWVar.bc>:RWVariableHandler:%146
</harden/bcfiles/edk_bcfiles/AccessRWVar.bc>:RWVariableHandler:169	</harden/bcfiles/edk_bcfiles/AccessRWVar.bc>:RWVariableHandler:%142
</harden/bcfiles/edk_bcfiles/AccessRWVar.bc>:RWVariableHandler:160	</harden/bcfiles/edk_bcfiles/AccessRWVar.bc>:RWVariableHandler:%135
</harden/bcfiles/edk_bcfiles/AccessRWVar.bc>:RWVariableHandler:159	</harden/bcfiles/edk_bcfiles/AccessRWVar.bc>:RWVariableHandler:%134
</harden/bcfiles/edk_bcfiles/AccessRWVar.bc>:RWVariableHandler:157	</harden/bcfiles/edk_bcfiles/AccessRWVar.bc>:RWVariableHandler:%132
</harden/bcfiles/edk_bcfiles/AccessRWVar.bc>:RWVariableHandler:153	</harden/bcfiles/edk_bcfiles/AccessRWVar.bc>:RWVariableHandler:%128
</harden/bcfiles/edk_bcfiles/AccessRWVar.bc>:RWVariableHandler:152	</harden/bcfiles/edk_bcfiles/AccessRWVar.bc>:RWVariableHandler:%127
</harden/bcfiles/edk_bcfiles/AccessRWVar.bc>:RWVariableHandler:149	</harden/bcfiles/edk_bcfiles/AccessRWVar.bc>:RWVariableHandler:%124
</harden/bcfiles/edk_bcfiles/AccessRWVar.bc>:RWVariableHandler:148	</harden/bcfiles/edk_bcfiles/AccessRWVar.bc>:RWVariableHandler:%123
</harden/bcfiles/edk_bcfiles/AccessRWVar.bc>:RWVariableHandler:147	</harden/bcfiles/edk_bcfiles/AccessRWVar.bc>:RWVariableHandler:%122
</harden/bcfiles/edk_bcfiles/AccessRWVar.bc>:RWVariableHandler:146	</harden/bcfiles/edk_bcfiles/AccessRWVar.bc>:RWVariableHandler:%121
</harden/bcfiles/edk_bcfiles/AccessRWVar.bc>:RWVariableHandler:145	</harden/bcfiles/edk_bcfiles/AccessRWVar.bc>:RWVariableHandler:%120
</harden/bcfiles/edk_bcfiles/AccessRWVar.bc>:RWVariableHandler:143	</harden/bcfiles/edk_bcfiles/AccessRWVar.bc>:RWVariableHandler:%118
</harden/bcfiles/edk_bcfiles/AccessRWVar.bc>:RWVariableHandler:142	</harden/bcfiles/edk_bcfiles/AccessRWVar.bc>:RWVariableHandler:%117
</harden/bcfiles/edk_bcfiles/AccessRWVar.bc>:RWVariableHandler:141	</harden/bcfiles/edk_bcfiles/AccessRWVar.bc>:RWVariableHandler:%116
</harden/bcfiles/edk_bcfiles/AccessRWVar.bc>:RWVariableHandler:137	</harden/bcfiles/edk_bcfiles/AccessRWVar.bc>:RWVariableHandler:%113
</harden/bcfiles/edk_bcfiles/AccessRWVar.bc>:RWVariableHandler:126	</harden/bcfiles/edk_bcfiles/AccessRWVar.bc>:RWVariableHandler:%103
</harden/bcfiles/edk_bcfiles/AccessRWVar.bc>:RWVariableHandler:185	</harden/bcfiles/edk_bcfiles/AccessRWVar.bc>:RWVariableHandler:%157
</harden/bcfiles/edk_bcfiles/AccessRWVar.bc>:RWVariableHandler:171	</harden/bcfiles/edk_bcfiles/AccessRWVar.bc>:RWVariableHandler:%144
</harden/bcfiles/edk_bcfiles/AccessRWVar.bc>:RWVariableHandler:122	</harden/bcfiles/edk_bcfiles/AccessRWVar.bc>:RWVariableHandler:%99
</harden/bcfiles/edk_bcfiles/AccessRWVar.bc>:RWVariableHandler:121	</harden/bcfiles/edk_bcfiles/AccessRWVar.bc>:RWVariableHandler:%98
</harden/bcfiles/edk_bcfiles/AccessRWVar.bc>:RWVariableHandler:233	</harden/bcfiles/edk_bcfiles/AccessRWVar.bc>:RWVariableHandler:%201
</harden/bcfiles/edk_bcfiles/AccessRWVar.bc>:RWVariableHandler:118	</harden/bcfiles/edk_bcfiles/AccessRWVar.bc>:RWVariableHandler:%95
</harden/bcfiles/edk_bcfiles/AccessRWVar.bc>:RWVariableHandler:117	</harden/bcfiles/edk_bcfiles/AccessRWVar.bc>:RWVariableHandler:%94
</harden/bcfiles/edk_bcfiles/AccessRWVar.bc>:RWVariableHandler:110	</harden/bcfiles/edk_bcfiles/AccessRWVar.bc>:RWVariableHandler:%88
</harden/bcfiles/edk_bcfiles/AccessRWVar.bc>:RWVariableHandler:108	</harden/bcfiles/edk_bcfiles/AccessRWVar.bc>:RWVariableHandler:%86
</harden/bcfiles/edk_bcfiles/AccessRWVar.bc>:RWVariableHandler:232	</harden/bcfiles/edk_bcfiles/AccessRWVar.bc>:RWVariableHandler:%200
</harden/bcfiles/edk_bcfiles/AccessRWVar.bc>:RWVariableHandler:199	</harden/bcfiles/edk_bcfiles/AccessRWVar.bc>:RWVariableHandler:%170
</harden/bcfiles/edk_bcfiles/AccessRWVar.bc>:RWVariableHandler:107	</harden/bcfiles/edk_bcfiles/AccessRWVar.bc>:RWVariableHandler:%85
</harden/bcfiles/edk_bcfiles/AccessRWVar.bc>:RWVariableHandler:105	</harden/bcfiles/edk_bcfiles/AccessRWVar.bc>:RWVariableHandler:%83
</harden/bcfiles/edk_bcfiles/AccessRWVar.bc>:RWVariableHandler:191	</harden/bcfiles/edk_bcfiles/AccessRWVar.bc>:RWVariableHandler:%163
</harden/bcfiles/edk_bcfiles/AccessRWVar.bc>:RWVariableHandler:102	</harden/bcfiles/edk_bcfiles/AccessRWVar.bc>:RWVariableHandler:%81
</harden/bcfiles/edk_bcfiles/AccessRWVar.bc>:RWVariableHandler:101	</harden/bcfiles/edk_bcfiles/AccessRWVar.bc>:RWVariableHandler:%80
</harden/bcfiles/edk_bcfiles/AccessRWVar.bc>:RWVariableHandler:177	</harden/bcfiles/edk_bcfiles/AccessRWVar.bc>:RWVariableHandler:%150
</harden/bcfiles/edk_bcfiles/AccessRWVar.bc>:RWVariableHandler:99	</harden/bcfiles/edk_bcfiles/AccessRWVar.bc>:RWVariableHandler:%78
</harden/bcfiles/edk_bcfiles/AccessRWVar.bc>:RWVariableHandler:200	</harden/bcfiles/edk_bcfiles/AccessRWVar.bc>:RWVariableHandler:%171
</harden/bcfiles/edk_bcfiles/AccessRWVar.bc>:RWVariableHandler:97	</harden/bcfiles/edk_bcfiles/AccessRWVar.bc>:RWVariableHandler:%76
</harden/bcfiles/edk_bcfiles/AccessRWVar.bc>:RWVariableHandler:156	</harden/bcfiles/edk_bcfiles/AccessRWVar.bc>:RWVariableHandler:%131
</harden/bcfiles/edk_bcfiles/AccessRWVar.bc>:RWVariableHandler:85	</harden/bcfiles/edk_bcfiles/AccessRWVar.bc>:RWVariableHandler:%66
</harden/bcfiles/edk_bcfiles/AccessRWVar.bc>:RWVariableHandler:95	</harden/bcfiles/edk_bcfiles/AccessRWVar.bc>:RWVariableHandler:%74
</harden/bcfiles/edk_bcfiles/AccessRWVar.bc>:RWVariableHandler:104	</harden/bcfiles/edk_bcfiles/AccessRWVar.bc>:RWVariableHandler:%82
</harden/bcfiles/edk_bcfiles/AccessRWVar.bc>:RWVariableHandler:82	</harden/bcfiles/edk_bcfiles/AccessRWVar.bc>:RWVariableHandler:%63
</harden/bcfiles/edk_bcfiles/AccessRWVar.bc>:RWVariableHandler:178	</harden/bcfiles/edk_bcfiles/AccessRWVar.bc>:RWVariableHandler:%151
</harden/bcfiles/edk_bcfiles/AccessRWVar.bc>:RWVariableHandler:81	</harden/bcfiles/edk_bcfiles/AccessRWVar.bc>:RWVariableHandler:%62
</harden/bcfiles/edk_bcfiles/AccessRWVar.bc>:RWVariableHandler:78	</harden/bcfiles/edk_bcfiles/AccessRWVar.bc>:RWVariableHandler:%59
</harden/bcfiles/edk_bcfiles/AccessRWVar.bc>:RWVariableHandler:198	</harden/bcfiles/edk_bcfiles/AccessRWVar.bc>:RWVariableHandler:%169
</harden/bcfiles/edk_bcfiles/AccessRWVar.bc>:RWVariableHandler:74	</harden/bcfiles/edk_bcfiles/AccessRWVar.bc>:RWVariableHandler:%56
</harden/bcfiles/edk_bcfiles/AccessRWVar.bc>:RWVariableHandler:116	</harden/bcfiles/edk_bcfiles/AccessRWVar.bc>:RWVariableHandler:%93
</harden/bcfiles/edk_bcfiles/AccessRWVar.bc>:RWVariableHandler:216	</harden/bcfiles/edk_bcfiles/AccessRWVar.bc>:RWVariableHandler:%186
</harden/bcfiles/edk_bcfiles/AccessRWVar.bc>:RWVariableHandler:71	</harden/bcfiles/edk_bcfiles/AccessRWVar.bc>:RWVariableHandler:%53
</harden/bcfiles/edk_bcfiles/AccessRWVar.bc>:RWVariableHandler:70	</harden/bcfiles/edk_bcfiles/AccessRWVar.bc>:RWVariableHandler:%52
</harden/bcfiles/edk_bcfiles/AccessRWVar.bc>:RWVariableHandler:170	</harden/bcfiles/edk_bcfiles/AccessRWVar.bc>:RWVariableHandler:%143
</harden/bcfiles/edk_bcfiles/AccessRWVar.bc>:RWVariableHandler:73	</harden/bcfiles/edk_bcfiles/AccessRWVar.bc>:RWVariableHandler:%55
</harden/bcfiles/edk_bcfiles/AccessRWVar.bc>:RWVariableHandler:217	</harden/bcfiles/edk_bcfiles/AccessRWVar.bc>:RWVariableHandler:%187
</harden/bcfiles/edk_bcfiles/AccessRWVar.bc>:RWVariableHandler:114	</harden/bcfiles/edk_bcfiles/AccessRWVar.bc>:RWVariableHandler:%91
</harden/bcfiles/edk_bcfiles/AccessRWVar.bc>:RWVariableHandler:60	</harden/bcfiles/edk_bcfiles/AccessRWVar.bc>:RWVariableHandler:%44
</harden/bcfiles/edk_bcfiles/AccessRWVar.bc>:RWVariableHandler:52	</harden/bcfiles/edk_bcfiles/AccessRWVar.bc>:RWVariableHandler:%36
</harden/bcfiles/edk_bcfiles/AccessRWVar.bc>:RWVariableHandler:212	</harden/bcfiles/edk_bcfiles/AccessRWVar.bc>:RWVariableHandler:%183
</harden/bcfiles/edk_bcfiles/AccessRWVar.bc>:RWVariableHandler:50	</harden/bcfiles/edk_bcfiles/AccessRWVar.bc>:RWVariableHandler:%35
</harden/bcfiles/edk_bcfiles/AccessRWVar.bc>:RWVariableHandler:172	</harden/bcfiles/edk_bcfiles/AccessRWVar.bc>:RWVariableHandler:%145
</harden/bcfiles/edk_bcfiles/AccessRWVar.bc>:RWVariableHandler:53	</harden/bcfiles/edk_bcfiles/AccessRWVar.bc>:RWVariableHandler:%37
</harden/bcfiles/edk_bcfiles/AccessRWVar.bc>:RWVariableHandler:235	</harden/bcfiles/edk_bcfiles/AccessRWVar.bc>:RWVariableHandler:%202
</harden/bcfiles/edk_bcfiles/AccessRWVar.bc>:RWVariableHandler:220	</harden/bcfiles/edk_bcfiles/AccessRWVar.bc>:RWVariableHandler:%190
</harden/bcfiles/edk_bcfiles/AccessRWVar.bc>:RWVariableHandler:36	</harden/bcfiles/edk_bcfiles/AccessRWVar.bc>:RWVariableHandler:%23
</harden/bcfiles/edk_bcfiles/AccessRWVar.bc>:RWVariableHandler:31	</harden/bcfiles/edk_bcfiles/AccessRWVar.bc>:RWVariableHandler:%18
</harden/bcfiles/edk_bcfiles/AccessRWVar.bc>:RWVariableHandler:202	</harden/bcfiles/edk_bcfiles/AccessRWVar.bc>:RWVariableHandler:%173
</harden/bcfiles/edk_bcfiles/AccessRWVar.bc>:RWVariableHandler:29	</harden/bcfiles/edk_bcfiles/AccessRWVar.bc>:RWVariableHandler:%16
</harden/bcfiles/edk_bcfiles/AccessRWVar.bc>:RWVariableHandler:111	</harden/bcfiles/edk_bcfiles/AccessRWVar.bc>:RWVariableHandler:%89
</harden/bcfiles/edk_bcfiles/AccessRWVar.bc>:RWVariableHandler:136	</harden/bcfiles/edk_bcfiles/AccessRWVar.bc>:RWVariableHandler:%112
</harden/bcfiles/edk_bcfiles/AccessRWVar.bc>:RWVariableHandler:28	</harden/bcfiles/edk_bcfiles/AccessRWVar.bc>:RWVariableHandler:%15
</harden/bcfiles/edk_bcfiles/AccessRWVar.bc>:RWVariableHandler:35	</harden/bcfiles/edk_bcfiles/AccessRWVar.bc>:RWVariableHandler:%22
</harden/bcfiles/edk_bcfiles/AccessRWVar.bc>:RWVariableHandler:100	</harden/bcfiles/edk_bcfiles/AccessRWVar.bc>:RWVariableHandler:%79
</harden/bcfiles/edk_bcfiles/AccessRWVar.bc>:RWVariableHandler:175	</harden/bcfiles/edk_bcfiles/AccessRWVar.bc>:RWVariableHandler:%148
</harden/bcfiles/edk_bcfiles/AccessRWVar.bc>:RWVariableHandler:96	</harden/bcfiles/edk_bcfiles/AccessRWVar.bc>:RWVariableHandler:%75
</harden/bcfiles/edk_bcfiles/AccessRWVar.bc>:RWVariableHandler:134	</harden/bcfiles/edk_bcfiles/AccessRWVar.bc>:RWVariableHandler:%110
</harden/bcfiles/edk_bcfiles/AccessRWVar.bc>:RWVariableHandler:109	</harden/bcfiles/edk_bcfiles/AccessRWVar.bc>:RWVariableHandler:%87
</harden/bcfiles/edk_bcfiles/AccessRWVar.bc>:RWVariableHandler:98	</harden/bcfiles/edk_bcfiles/AccessRWVar.bc>:RWVariableHandler:%77
</harden/bcfiles/edk_bcfiles/AccessRWVar.bc>:RWVariableHandler:196	</harden/bcfiles/edk_bcfiles/AccessRWVar.bc>:RWVariableHandler:%167
</harden/bcfiles/edk_bcfiles/AccessRWVar.bc>:RWVariableHandler:8	</harden/bcfiles/edk_bcfiles/AccessRWVar.bc>:RWVariableHandler:%13
</harden/bcfiles/edk_bcfiles/AccessRWVar.bc>:RWVariableHandler:204	</harden/bcfiles/edk_bcfiles/AccessRWVar.bc>:RWVariableHandler:%175
</harden/bcfiles/edk_bcfiles/AccessRWVar.bc>:RWVariableHandler:57	</harden/bcfiles/edk_bcfiles/AccessRWVar.bc>:RWVariableHandler:%41
</harden/bcfiles/edk_bcfiles/AccessRWVar.bc>:RWVariableHandler:7	</harden/bcfiles/edk_bcfiles/AccessRWVar.bc>:RWVariableHandler:%12
</harden/bcfiles/edk_bcfiles/AccessRWVar.bc>:RWVariableHandler:56	</harden/bcfiles/edk_bcfiles/AccessRWVar.bc>:RWVariableHandler:%40
</harden/bcfiles/edk_bcfiles/AccessRWVar.bc>:RWVariableHandler:5	</harden/bcfiles/edk_bcfiles/AccessRWVar.bc>:RWVariableHandler:%10
</harden/bcfiles/edk_bcfiles/AccessRWVar.bc>:RWVariableHandler:113	</harden/bcfiles/edk_bcfiles/AccessRWVar.bc>:RWVariableHandler:%90
</harden/bcfiles/edk_bcfiles/AccessRWVar.bc>:RWVariableHandler:221	</harden/bcfiles/edk_bcfiles/AccessRWVar.bc>:RWVariableHandler:%191
</harden/bcfiles/edk_bcfiles/AccessRWVar.bc>:RWVariableHandler:203	</harden/bcfiles/edk_bcfiles/AccessRWVar.bc>:RWVariableHandler:%174
</harden/bcfiles/edk_bcfiles/AccessRWVar.bc>:RWVariableHandler:6	</harden/bcfiles/edk_bcfiles/AccessRWVar.bc>:RWVariableHandler:%11
</harden/bcfiles/edk_bcfiles/AccessRWVar.bc>:RWVariableHandler:4	</harden/bcfiles/edk_bcfiles/AccessRWVar.bc>:RWVariableHandler:%9
</harden/bcfiles/edk_bcfiles/AccessRWVar.bc>:RWVariableHandler:39	</harden/bcfiles/edk_bcfiles/AccessRWVar.bc>:RWVariableHandler:%26
</harden/bcfiles/edk_bcfiles/AccessRWVar.bc>:RWVariableHandler:3	</harden/bcfiles/edk_bcfiles/AccessRWVar.bc>:RWVariableHandler:%8
</harden/bcfiles/edk_bcfiles/AccessRWVar.bc>:RWVariableHandler:197	</harden/bcfiles/edk_bcfiles/AccessRWVar.bc>:RWVariableHandler:%168
</harden/bcfiles/edk_bcfiles/AccessRWVar.bc>:RWVariableHandler:40	</harden/bcfiles/edk_bcfiles/AccessRWVar.bc>:RWVariableHandler:%27
</harden/bcfiles/edk_bcfiles/AccessRWVar.bc>:RWVariableHandler:161	</harden/bcfiles/edk_bcfiles/AccessRWVar.bc>:RWVariableHandler:%136
</harden/bcfiles/edk_bcfiles/AccessRWVar.bc>:RWVariableHandler:106	</harden/bcfiles/edk_bcfiles/AccessRWVar.bc>:RWVariableHandler:%84
</harden/bcfiles/edk_bcfiles/AccessRWVar.bc>:RWVariableHandler:209	</harden/bcfiles/edk_bcfiles/AccessRWVar.bc>:RWVariableHandler:%180
</harden/bcfiles/edk_bcfiles/AccessRWVar.bc>:RWVariableHandler:2	</harden/bcfiles/edk_bcfiles/AccessRWVar.bc>:RWVariableHandler:%7
</harden/bcfiles/edk_bcfiles/AccessRWVar.bc>:RWVariableHandler:9	</harden/bcfiles/edk_bcfiles/AccessRWVar.bc>:RWVariableHandler:%14
</harden/bcfiles/edk_bcfiles/AccessRWVar.bc>:RWVariableHandler:1	</harden/bcfiles/edk_bcfiles/AccessRWVar.bc>:RWVariableHandler:%6
</harden/bcfiles/edk_bcfiles/AccessRWVar.bc>:RWVariableHandler:0	</harden/bcfiles/edk_bcfiles/AccessRWVar.bc>:RWVariableHandler:%5
</harden/bcfiles/edk_bcfiles/AccessRWVar.bc>:RWVariableHandler:231	</harden/bcfiles/edk_bcfiles/AccessRWVar.bc>:RWVariableHandler:%199
</harden/bcfiles/edk_bcfiles/AccessRWVar.bc>:RWVariableHandler:49	</harden/bcfiles/edk_bcfiles/AccessRWVar.bc>:RWVariableHandler:%34
</harden/bcfiles/edk_bcfiles/AccessRWVar.bc>:RWVariableHandler:32	</harden/bcfiles/edk_bcfiles/AccessRWVar.bc>:RWVariableHandler:%19
</harden/bcfiles/edk_bcfiles/AccessRWVar.bc>:RWVariableHandler:138	</harden/bcfiles/edk_bcfiles/AccessRWVar.bc>:RWVariableHandler:%114
</harden/bcfiles/edk_bcfiles/AccessRWVar.bc>:RWVariableHandler:77	</harden/bcfiles/edk_bcfiles/AccessRWVar.bc>:RWVariableHandler:%58
</harden/bcfiles/edk_bcfiles/AccessRWVar.bc>:RWVariableHandler:75	</harden/bcfiles/edk_bcfiles/AccessRWVar.bc>:RWVariableHandler:%57
</harden/bcfiles/edk_bcfiles/AccessRWVar.bc>:RWVariableHandler:61	</harden/bcfiles/edk_bcfiles/AccessRWVar.bc>:RWVariableHandler:%45
</harden/bcfiles/edk_bcfiles/AccessRWVar.bc>:RWVariableHandler:115	</harden/bcfiles/edk_bcfiles/AccessRWVar.bc>:RWVariableHandler:%92
</harden/bcfiles/edk_bcfiles/AccessRWVar.bc>:RWVariableHandler:125	</harden/bcfiles/edk_bcfiles/AccessRWVar.bc>:RWVariableHandler:%102
</harden/bcfiles/edk_bcfiles/AccessRWVar.bc>:RWVariableHandler:144	</harden/bcfiles/edk_bcfiles/AccessRWVar.bc>:RWVariableHandler:%119
</harden/bcfiles/edk_bcfiles/AccessRWVar.bc>:RWVariableHandler:86	</harden/bcfiles/edk_bcfiles/AccessRWVar.bc>:RWVariableHandler:%67
</harden/bcfiles/edk_bcfiles/AccessRWVar.bc>:RWVariableHandler:133	</harden/bcfiles/edk_bcfiles/AccessRWVar.bc>:RWVariableHandler:%109
</harden/bcfiles/edk_bcfiles/AccessRWVar.bc>:AccessReadVariable:22	</harden/bcfiles/edk_bcfiles/AccessRWVar.bc>:AccessReadVariable:%18
</harden/bcfiles/edk_bcfiles/AccessRWVar.bc>:AccessReadVariable:21	</harden/bcfiles/edk_bcfiles/AccessRWVar.bc>:AccessReadVariable:%17
</harden/bcfiles/edk_bcfiles/AccessRWVar.bc>:AccessReadVariable:20	</harden/bcfiles/edk_bcfiles/AccessRWVar.bc>:AccessReadVariable:%16
</harden/bcfiles/edk_bcfiles/AccessRWVar.bc>:AccessReadVariable:19	</harden/bcfiles/edk_bcfiles/AccessRWVar.bc>:AccessReadVariable:%15
</harden/bcfiles/edk_bcfiles/AccessRWVar.bc>:AccessReadVariable:18	</harden/bcfiles/edk_bcfiles/AccessRWVar.bc>:AccessReadVariable:%14
</harden/bcfiles/edk_bcfiles/AccessRWVar.bc>:AccessReadVariable:16	</harden/bcfiles/edk_bcfiles/AccessRWVar.bc>:AccessReadVariable:%12
</harden/bcfiles/edk_bcfiles/AccessRWVar.bc>:AccessReadVariable:15	</harden/bcfiles/edk_bcfiles/AccessRWVar.bc>:AccessReadVariable:%11
</harden/bcfiles/edk_bcfiles/AccessRWVar.bc>:AccessReadVariable:4	</harden/bcfiles/edk_bcfiles/AccessRWVar.bc>:AccessReadVariable:%10
</harden/bcfiles/edk_bcfiles/AccessRWVar.bc>:AccessReadVariable:3	</harden/bcfiles/edk_bcfiles/AccessRWVar.bc>:AccessReadVariable:%9
</harden/bcfiles/edk_bcfiles/AccessRWVar.bc>:AccessReadVariable:2	</harden/bcfiles/edk_bcfiles/AccessRWVar.bc>:AccessReadVariable:%8
</harden/bcfiles/edk_bcfiles/AccessRWVar.bc>:AccessReadVariable:1	</harden/bcfiles/edk_bcfiles/AccessRWVar.bc>:AccessReadVariable:%7
</harden/bcfiles/edk_bcfiles/AccessRWVar.bc>:AccessReadVariable:0	</harden/bcfiles/edk_bcfiles/AccessRWVar.bc>:AccessReadVariable:%6
</harden/bcfiles/edk_bcfiles/AccessRWVar.bc>:AccessWriteVariable:22	</harden/bcfiles/edk_bcfiles/AccessRWVar.bc>:AccessWriteVariable:%18
</harden/bcfiles/edk_bcfiles/AccessRWVar.bc>:AccessWriteVariable:21	</harden/bcfiles/edk_bcfiles/AccessRWVar.bc>:AccessWriteVariable:%17
</harden/bcfiles/edk_bcfiles/AccessRWVar.bc>:AccessWriteVariable:20	</harden/bcfiles/edk_bcfiles/AccessRWVar.bc>:AccessWriteVariable:%16
</harden/bcfiles/edk_bcfiles/AccessRWVar.bc>:AccessWriteVariable:19	</harden/bcfiles/edk_bcfiles/AccessRWVar.bc>:AccessWriteVariable:%15
</harden/bcfiles/edk_bcfiles/AccessRWVar.bc>:AccessWriteVariable:18	</harden/bcfiles/edk_bcfiles/AccessRWVar.bc>:AccessWriteVariable:%14
</harden/bcfiles/edk_bcfiles/AccessRWVar.bc>:AccessWriteVariable:16	</harden/bcfiles/edk_bcfiles/AccessRWVar.bc>:AccessWriteVariable:%12
</harden/bcfiles/edk_bcfiles/AccessRWVar.bc>:AccessWriteVariable:15	</harden/bcfiles/edk_bcfiles/AccessRWVar.bc>:AccessWriteVariable:%11
</harden/bcfiles/edk_bcfiles/AccessRWVar.bc>:AccessWriteVariable:4	</harden/bcfiles/edk_bcfiles/AccessRWVar.bc>:AccessWriteVariable:%10
</harden/bcfiles/edk_bcfiles/AccessRWVar.bc>:AccessWriteVariable:3	</harden/bcfiles/edk_bcfiles/AccessRWVar.bc>:AccessWriteVariable:%9
</harden/bcfiles/edk_bcfiles/AccessRWVar.bc>:AccessWriteVariable:2	</harden/bcfiles/edk_bcfiles/AccessRWVar.bc>:AccessWriteVariable:%8
</harden/bcfiles/edk_bcfiles/AccessRWVar.bc>:AccessWriteVariable:1	</harden/bcfiles/edk_bcfiles/AccessRWVar.bc>:AccessWriteVariable:%7
</harden/bcfiles/edk_bcfiles/AccessRWVar.bc>:AccessWriteVariable:0	</harden/bcfiles/edk_bcfiles/AccessRWVar.bc>:AccessWriteVariable:%6
</harden/bcfiles/edk_bcfiles/AccessRWVar.bc>:AccessRWVarEntryPoint:124	</harden/bcfiles/edk_bcfiles/AccessRWVar.bc>:AccessRWVarEntryPoint:%104
</harden/bcfiles/edk_bcfiles/AccessRWVar.bc>:AccessRWVarEntryPoint:111	</harden/bcfiles/edk_bcfiles/AccessRWVar.bc>:AccessRWVarEntryPoint:%94
</harden/bcfiles/edk_bcfiles/AccessRWVar.bc>:AccessRWVarEntryPoint:108	</harden/bcfiles/edk_bcfiles/AccessRWVar.bc>:AccessRWVarEntryPoint:%91
</harden/bcfiles/edk_bcfiles/AccessRWVar.bc>:AccessRWVarEntryPoint:105	</harden/bcfiles/edk_bcfiles/AccessRWVar.bc>:AccessRWVarEntryPoint:%88
</harden/bcfiles/edk_bcfiles/AccessRWVar.bc>:AccessRWVarEntryPoint:104	</harden/bcfiles/edk_bcfiles/AccessRWVar.bc>:AccessRWVarEntryPoint:%87
</harden/bcfiles/edk_bcfiles/AccessRWVar.bc>:AccessRWVarEntryPoint:101	</harden/bcfiles/edk_bcfiles/AccessRWVar.bc>:AccessRWVarEntryPoint:%84
</harden/bcfiles/edk_bcfiles/AccessRWVar.bc>:AccessRWVarEntryPoint:98	</harden/bcfiles/edk_bcfiles/AccessRWVar.bc>:AccessRWVarEntryPoint:%81
</harden/bcfiles/edk_bcfiles/AccessRWVar.bc>:AccessRWVarEntryPoint:97	</harden/bcfiles/edk_bcfiles/AccessRWVar.bc>:AccessRWVarEntryPoint:%80
</harden/bcfiles/edk_bcfiles/AccessRWVar.bc>:AccessRWVarEntryPoint:94	</harden/bcfiles/edk_bcfiles/AccessRWVar.bc>:AccessRWVarEntryPoint:%78
</harden/bcfiles/edk_bcfiles/AccessRWVar.bc>:AccessRWVarEntryPoint:92	</harden/bcfiles/edk_bcfiles/AccessRWVar.bc>:AccessRWVarEntryPoint:%76
</harden/bcfiles/edk_bcfiles/AccessRWVar.bc>:AccessRWVarEntryPoint:91	</harden/bcfiles/edk_bcfiles/AccessRWVar.bc>:AccessRWVarEntryPoint:%75
</harden/bcfiles/edk_bcfiles/AccessRWVar.bc>:AccessRWVarEntryPoint:80	</harden/bcfiles/edk_bcfiles/AccessRWVar.bc>:AccessRWVarEntryPoint:%67
</harden/bcfiles/edk_bcfiles/AccessRWVar.bc>:AccessRWVarEntryPoint:78	</harden/bcfiles/edk_bcfiles/AccessRWVar.bc>:AccessRWVarEntryPoint:%65
</harden/bcfiles/edk_bcfiles/AccessRWVar.bc>:AccessRWVarEntryPoint:77	</harden/bcfiles/edk_bcfiles/AccessRWVar.bc>:AccessRWVarEntryPoint:%64
</harden/bcfiles/edk_bcfiles/AccessRWVar.bc>:AccessRWVarEntryPoint:74	</harden/bcfiles/edk_bcfiles/AccessRWVar.bc>:AccessRWVarEntryPoint:%61
</harden/bcfiles/edk_bcfiles/AccessRWVar.bc>:AccessRWVarEntryPoint:73	</harden/bcfiles/edk_bcfiles/AccessRWVar.bc>:AccessRWVarEntryPoint:%60
</harden/bcfiles/edk_bcfiles/AccessRWVar.bc>:AccessRWVarEntryPoint:70	</harden/bcfiles/edk_bcfiles/AccessRWVar.bc>:AccessRWVarEntryPoint:%57
</harden/bcfiles/edk_bcfiles/AccessRWVar.bc>:AccessRWVarEntryPoint:67	</harden/bcfiles/edk_bcfiles/AccessRWVar.bc>:AccessRWVarEntryPoint:%54
</harden/bcfiles/edk_bcfiles/AccessRWVar.bc>:AccessRWVarEntryPoint:69	</harden/bcfiles/edk_bcfiles/AccessRWVar.bc>:AccessRWVarEntryPoint:%56
</harden/bcfiles/edk_bcfiles/AccessRWVar.bc>:AccessRWVarEntryPoint:66	</harden/bcfiles/edk_bcfiles/AccessRWVar.bc>:AccessRWVarEntryPoint:%53
</harden/bcfiles/edk_bcfiles/AccessRWVar.bc>:AccessRWVarEntryPoint:63	</harden/bcfiles/edk_bcfiles/AccessRWVar.bc>:AccessRWVarEntryPoint:%51
</harden/bcfiles/edk_bcfiles/AccessRWVar.bc>:AccessRWVarEntryPoint:61	</harden/bcfiles/edk_bcfiles/AccessRWVar.bc>:AccessRWVarEntryPoint:%49
</harden/bcfiles/edk_bcfiles/AccessRWVar.bc>:AccessRWVarEntryPoint:60	</harden/bcfiles/edk_bcfiles/AccessRWVar.bc>:AccessRWVarEntryPoint:%48
</harden/bcfiles/edk_bcfiles/AccessRWVar.bc>:AccessRWVarEntryPoint:50	</harden/bcfiles/edk_bcfiles/AccessRWVar.bc>:AccessRWVarEntryPoint:%41
</harden/bcfiles/edk_bcfiles/AccessRWVar.bc>:AccessRWVarEntryPoint:109	</harden/bcfiles/edk_bcfiles/AccessRWVar.bc>:AccessRWVarEntryPoint:%92
</harden/bcfiles/edk_bcfiles/AccessRWVar.bc>:AccessRWVarEntryPoint:45	</harden/bcfiles/edk_bcfiles/AccessRWVar.bc>:AccessRWVarEntryPoint:%36
</harden/bcfiles/edk_bcfiles/AccessRWVar.bc>:AccessRWVarEntryPoint:39	</harden/bcfiles/edk_bcfiles/AccessRWVar.bc>:AccessRWVarEntryPoint:%32
</harden/bcfiles/edk_bcfiles/AccessRWVar.bc>:AccessRWVarEntryPoint:38	</harden/bcfiles/edk_bcfiles/AccessRWVar.bc>:AccessRWVarEntryPoint:%31
</harden/bcfiles/edk_bcfiles/AccessRWVar.bc>:AccessRWVarEntryPoint:100	</harden/bcfiles/edk_bcfiles/AccessRWVar.bc>:AccessRWVarEntryPoint:%83
</harden/bcfiles/edk_bcfiles/AccessRWVar.bc>:AccessRWVarEntryPoint:35	</harden/bcfiles/edk_bcfiles/AccessRWVar.bc>:AccessRWVarEntryPoint:%29
</harden/bcfiles/edk_bcfiles/AccessRWVar.bc>:AccessRWVarEntryPoint:29	</harden/bcfiles/edk_bcfiles/AccessRWVar.bc>:AccessRWVarEntryPoint:%24
</harden/bcfiles/edk_bcfiles/AccessRWVar.bc>:AccessRWVarEntryPoint:27	</harden/bcfiles/edk_bcfiles/AccessRWVar.bc>:AccessRWVarEntryPoint:%22
</harden/bcfiles/edk_bcfiles/AccessRWVar.bc>:AccessRWVarEntryPoint:26	</harden/bcfiles/edk_bcfiles/AccessRWVar.bc>:AccessRWVarEntryPoint:%21
</harden/bcfiles/edk_bcfiles/AccessRWVar.bc>:AccessRWVarEntryPoint:23	</harden/bcfiles/edk_bcfiles/AccessRWVar.bc>:AccessRWVarEntryPoint:%18
</harden/bcfiles/edk_bcfiles/AccessRWVar.bc>:AccessRWVarEntryPoint:22	</harden/bcfiles/edk_bcfiles/AccessRWVar.bc>:AccessRWVarEntryPoint:%17
</harden/bcfiles/edk_bcfiles/AccessRWVar.bc>:AccessRWVarEntryPoint:19	</harden/bcfiles/edk_bcfiles/AccessRWVar.bc>:AccessRWVarEntryPoint:%14
</harden/bcfiles/edk_bcfiles/AccessRWVar.bc>:AccessRWVarEntryPoint:18	</harden/bcfiles/edk_bcfiles/AccessRWVar.bc>:AccessRWVarEntryPoint:%13
</harden/bcfiles/edk_bcfiles/AccessRWVar.bc>:AccessRWVarEntryPoint:16	</harden/bcfiles/edk_bcfiles/AccessRWVar.bc>:AccessRWVarEntryPoint:%12
</harden/bcfiles/edk_bcfiles/AccessRWVar.bc>:AccessRWVarEntryPoint:46	</harden/bcfiles/edk_bcfiles/AccessRWVar.bc>:AccessRWVarEntryPoint:%37
</harden/bcfiles/edk_bcfiles/AccessRWVar.bc>:AccessRWVarEntryPoint:14	</harden/bcfiles/edk_bcfiles/AccessRWVar.bc>:AccessRWVarEntryPoint:%10
</harden/bcfiles/edk_bcfiles/AccessRWVar.bc>:AccessRWVarEntryPoint:13	</harden/bcfiles/edk_bcfiles/AccessRWVar.bc>:AccessRWVarEntryPoint:%9
</harden/bcfiles/edk_bcfiles/AccessRWVar.bc>:AccessRWVarEntryPoint:5	</harden/bcfiles/edk_bcfiles/AccessRWVar.bc>:AccessRWVarEntryPoint:%8
</harden/bcfiles/edk_bcfiles/AccessRWVar.bc>:AccessRWVarEntryPoint:49	</harden/bcfiles/edk_bcfiles/AccessRWVar.bc>:AccessRWVarEntryPoint:%40
</harden/bcfiles/edk_bcfiles/AccessRWVar.bc>:AccessRWVarEntryPoint:4	</harden/bcfiles/edk_bcfiles/AccessRWVar.bc>:AccessRWVarEntryPoint:%7
</harden/bcfiles/edk_bcfiles/AccessRWVar.bc>:AccessRWVarEntryPoint:3	</harden/bcfiles/edk_bcfiles/AccessRWVar.bc>:AccessRWVarEntryPoint:%6
</harden/bcfiles/edk_bcfiles/AccessRWVar.bc>:AccessRWVarEntryPoint:2	</harden/bcfiles/edk_bcfiles/AccessRWVar.bc>:AccessRWVarEntryPoint:%5
</harden/bcfiles/edk_bcfiles/AccessRWVar.bc>:AccessRWVarEntryPoint:1	</harden/bcfiles/edk_bcfiles/AccessRWVar.bc>:AccessRWVarEntryPoint:%4
</harden/bcfiles/edk_bcfiles/AccessRWVar.bc>:AccessRWVarEntryPoint:121	</harden/bcfiles/edk_bcfiles/AccessRWVar.bc>:AccessRWVarEntryPoint:%102
</harden/bcfiles/edk_bcfiles/AccessRWVar.bc>:AccessRWVarEntryPoint:0	</harden/bcfiles/edk_bcfiles/AccessRWVar.bc>:AccessRWVarEntryPoint:%3
