</harden/bcfiles/edk_bcfiles/AccessRWVar.bc>:RWVariableHandler:28	i8**
</harden/bcfiles/edk_bcfiles/AccessRWVar.bc>:RWVariableHandler:31	i64**
</harden/bcfiles/edk_bcfiles/AccessRWVar.bc>:RWVariableHandler:49	i64**
</harden/bcfiles/edk_bcfiles/AccessRWVar.bc>:RWVariableHandler:50	i64*
</harden/bcfiles/edk_bcfiles/AccessRWVar.bc>:RWVariableHandler:52	i64*
</harden/bcfiles/edk_bcfiles/AccessRWVar.bc>:RWVariableHandler:70	%struct._EFI_SMM_SYSTEM_TABLE2**
</harden/bcfiles/edk_bcfiles/AccessRWVar.bc>:RWVariableHandler:72	i64 (i32, i64, i8**)**
</harden/bcfiles/edk_bcfiles/AccessRWVar.bc>:RWVariableHandler:73	i64*
</harden/bcfiles/edk_bcfiles/AccessRWVar.bc>:RWVariableHandler:77	i64*
</harden/bcfiles/edk_bcfiles/AccessRWVar.bc>:RWVariableHandler:95	%struct.RW_VARIABLE_INFO**
</harden/bcfiles/edk_bcfiles/AccessRWVar.bc>:RWVariableHandler:97	i8**
</harden/bcfiles/edk_bcfiles/AccessRWVar.bc>:RWVariableHandler:98	i64*
</harden/bcfiles/edk_bcfiles/AccessRWVar.bc>:RWVariableHandler:100	%struct.RW_VARIABLE_INFO**
</harden/bcfiles/edk_bcfiles/AccessRWVar.bc>:RWVariableHandler:104	i16**
</harden/bcfiles/edk_bcfiles/AccessRWVar.bc>:RWVariableHandler:106	%struct.RW_VARIABLE_INFO**
</harden/bcfiles/edk_bcfiles/AccessRWVar.bc>:RWVariableHandler:108	i32*
</harden/bcfiles/edk_bcfiles/AccessRWVar.bc>:RWVariableHandler:113	i8**
</harden/bcfiles/edk_bcfiles/AccessRWVar.bc>:RWVariableHandler:115	i16**
</harden/bcfiles/edk_bcfiles/AccessRWVar.bc>:RWVariableHandler:133	%struct._EFI_SMM_SYSTEM_TABLE2**
</harden/bcfiles/edk_bcfiles/AccessRWVar.bc>:RWVariableHandler:135	i64 (i8*)**
</harden/bcfiles/edk_bcfiles/AccessRWVar.bc>:RWVariableHandler:136	%struct.RW_VARIABLE_INFO**
</harden/bcfiles/edk_bcfiles/AccessRWVar.bc>:RWVariableHandler:141	%struct.RW_VARIABLE_INFO**
</harden/bcfiles/edk_bcfiles/AccessRWVar.bc>:RWVariableHandler:143	i32*
</harden/bcfiles/edk_bcfiles/AccessRWVar.bc>:RWVariableHandler:144	%struct.RW_VARIABLE_INFO**
</harden/bcfiles/edk_bcfiles/AccessRWVar.bc>:RWVariableHandler:146	i32*
</harden/bcfiles/edk_bcfiles/AccessRWVar.bc>:RWVariableHandler:159	%struct.RW_VARIABLE_INFO**
</harden/bcfiles/edk_bcfiles/AccessRWVar.bc>:RWVariableHandler:161	i32*
</harden/bcfiles/edk_bcfiles/AccessRWVar.bc>:RWVariableHandler:169	%struct.RW_VARIABLE_INFO**
</harden/bcfiles/edk_bcfiles/AccessRWVar.bc>:RWVariableHandler:171	i32*
</harden/bcfiles/edk_bcfiles/AccessRWVar.bc>:RWVariableHandler:175	i16**
</harden/bcfiles/edk_bcfiles/AccessRWVar.bc>:RWVariableHandler:176	%struct.RW_VARIABLE_INFO**
</harden/bcfiles/edk_bcfiles/AccessRWVar.bc>:RWVariableHandler:178	%struct.RW_VARIABLE_INFO**
</harden/bcfiles/edk_bcfiles/AccessRWVar.bc>:RWVariableHandler:180	%struct.RW_VARIABLE_INFO**
</harden/bcfiles/edk_bcfiles/AccessRWVar.bc>:RWVariableHandler:182	i8**
</harden/bcfiles/edk_bcfiles/AccessRWVar.bc>:RWVariableHandler:185	i64*
</harden/bcfiles/edk_bcfiles/AccessRWVar.bc>:RWVariableHandler:188	%struct.RW_VARIABLE_INFO**
</harden/bcfiles/edk_bcfiles/AccessRWVar.bc>:RWVariableHandler:190	i64*
</harden/bcfiles/edk_bcfiles/AccessRWVar.bc>:RWVariableHandler:191	i64*
</harden/bcfiles/edk_bcfiles/AccessRWVar.bc>:RWVariableHandler:196	%struct.RW_VARIABLE_INFO**
</harden/bcfiles/edk_bcfiles/AccessRWVar.bc>:RWVariableHandler:198	i32*
</harden/bcfiles/edk_bcfiles/AccessRWVar.bc>:RWVariableHandler:202	i16**
</harden/bcfiles/edk_bcfiles/AccessRWVar.bc>:RWVariableHandler:203	%struct.RW_VARIABLE_INFO**
</harden/bcfiles/edk_bcfiles/AccessRWVar.bc>:RWVariableHandler:205	%struct.RW_VARIABLE_INFO**
</harden/bcfiles/edk_bcfiles/AccessRWVar.bc>:RWVariableHandler:207	i32*
</harden/bcfiles/edk_bcfiles/AccessRWVar.bc>:RWVariableHandler:208	%struct.RW_VARIABLE_INFO**
</harden/bcfiles/edk_bcfiles/AccessRWVar.bc>:RWVariableHandler:210	i64*
</harden/bcfiles/edk_bcfiles/AccessRWVar.bc>:RWVariableHandler:211	i8**
</harden/bcfiles/edk_bcfiles/AccessRWVar.bc>:RWVariableHandler:231	i64*
</harden/bcfiles/edk_bcfiles/AccessRWVar.bc>:RWVariableHandler:232	%struct.RW_VARIABLE_INFO**
</harden/bcfiles/edk_bcfiles/AccessRWVar.bc>:RWVariableHandler:235	i8**
</harden/bcfiles/edk_bcfiles/AccessRWVar.bc>:RWVariableHandler:236	%struct.RW_VARIABLE_INFO**
</harden/bcfiles/edk_bcfiles/AccessRWVar.bc>:RWVariableHandler:238	i64*
</harden/bcfiles/edk_bcfiles/AccessRWVar.bc>:RWVariableHandler:242	i64*
</harden/bcfiles/edk_bcfiles/AccessRWVar.bc>:AccessReadVariable:15	%struct._EFI_SMM_VARIABLE_PROTOCOL**
</harden/bcfiles/edk_bcfiles/AccessRWVar.bc>:AccessReadVariable:17	i64 (i16*, %struct.GUID*, i32*, i64*, i8*)**
</harden/bcfiles/edk_bcfiles/AccessRWVar.bc>:AccessReadVariable:18	i16**
</harden/bcfiles/edk_bcfiles/AccessRWVar.bc>:AccessReadVariable:19	%struct.GUID**
</harden/bcfiles/edk_bcfiles/AccessRWVar.bc>:AccessReadVariable:20	i64**
</harden/bcfiles/edk_bcfiles/AccessRWVar.bc>:AccessReadVariable:21	i8**
</harden/bcfiles/edk_bcfiles/AccessRWVar.bc>:AccessWriteVariable:15	%struct._EFI_SMM_VARIABLE_PROTOCOL**
</harden/bcfiles/edk_bcfiles/AccessRWVar.bc>:AccessWriteVariable:17	i64 (i16*, %struct.GUID*, i32, i64, i8*)**
</harden/bcfiles/edk_bcfiles/AccessRWVar.bc>:AccessWriteVariable:18	i16**
</harden/bcfiles/edk_bcfiles/AccessRWVar.bc>:AccessWriteVariable:19	%struct.GUID**
</harden/bcfiles/edk_bcfiles/AccessRWVar.bc>:AccessWriteVariable:20	i64*
</harden/bcfiles/edk_bcfiles/AccessRWVar.bc>:AccessWriteVariable:21	i8**
</harden/bcfiles/edk_bcfiles/AccessRWVar.bc>:AccessRWVarEntryPoint:13	%struct._EFI_MM_SYSTEM_TABLE**
</harden/bcfiles/edk_bcfiles/AccessRWVar.bc>:AccessRWVarEntryPoint:15	i64 (%struct.GUID*, i8*, i8**)**
</harden/bcfiles/edk_bcfiles/AccessRWVar.bc>:AccessRWVarEntryPoint:18	i64*
</harden/bcfiles/edk_bcfiles/AccessRWVar.bc>:AccessRWVarEntryPoint:29	i64*
</harden/bcfiles/edk_bcfiles/AccessRWVar.bc>:AccessRWVarEntryPoint:35	i64*
</harden/bcfiles/edk_bcfiles/AccessRWVar.bc>:AccessRWVarEntryPoint:38	i8*
</harden/bcfiles/edk_bcfiles/AccessRWVar.bc>:AccessRWVarEntryPoint:60	%struct._EFI_MM_SYSTEM_TABLE**
</harden/bcfiles/edk_bcfiles/AccessRWVar.bc>:AccessRWVarEntryPoint:62	i64 (i8**, %struct.GUID*, i32, i8*)**
</harden/bcfiles/edk_bcfiles/AccessRWVar.bc>:AccessRWVarEntryPoint:69	i64*
</harden/bcfiles/edk_bcfiles/AccessRWVar.bc>:AccessRWVarEntryPoint:80	i64*
</harden/bcfiles/edk_bcfiles/AccessRWVar.bc>:AccessRWVarEntryPoint:91	%struct._EFI_MM_SYSTEM_TABLE**
</harden/bcfiles/edk_bcfiles/AccessRWVar.bc>:AccessRWVarEntryPoint:93	i64 (i64 (i8*, i8*, i8*, i64*)*, %struct.GUID*, i8**)**
</harden/bcfiles/edk_bcfiles/AccessRWVar.bc>:AccessRWVarEntryPoint:100	i64*
</harden/bcfiles/edk_bcfiles/AccessRWVar.bc>:AccessRWVarEntryPoint:111	i64*
</harden/bcfiles/edk_bcfiles/AccessRWVar.bc>:AccessRWVarEntryPoint:121	i64*
</harden/bcfiles/edk_bcfiles/AccessRWVar.bc>:AccessRWVarEntryPoint:124	i64*
