</harden/bcfiles/edk_bcfiles/AccessRWVar.bc>:RWVariableHandler:190	</harden/bcfiles/edk_bcfiles/AccessRWVar.bc>:RWVariableHandler:%161
</harden/bcfiles/edk_bcfiles/AccessRWVar.bc>:RWVariableHandler:207	</harden/bcfiles/edk_bcfiles/AccessRWVar.bc>:RWVariableHandler:%177
</harden/bcfiles/edk_bcfiles/AccessRWVar.bc>:RWVariableHandler:161	</harden/bcfiles/edk_bcfiles/AccessRWVar.bc>:RWVariableHandler:%135
</harden/bcfiles/edk_bcfiles/AccessRWVar.bc>:RWVariableHandler:146	</harden/bcfiles/edk_bcfiles/AccessRWVar.bc>:RWVariableHandler:%120
</harden/bcfiles/edk_bcfiles/AccessRWVar.bc>:RWVariableHandler:143	</harden/bcfiles/edk_bcfiles/AccessRWVar.bc>:RWVariableHandler:%117
</harden/bcfiles/edk_bcfiles/AccessRWVar.bc>:RWVariableHandler:108	</harden/bcfiles/edk_bcfiles/AccessRWVar.bc>:RWVariableHandler:%85
</harden/bcfiles/edk_bcfiles/AccessRWVar.bc>:RWVariableHandler:72	</harden/bcfiles/edk_bcfiles/AccessRWVar.bc>:RWVariableHandler:%53
</harden/bcfiles/edk_bcfiles/AccessRWVar.bc>:RWVariableHandler:171	</harden/bcfiles/edk_bcfiles/AccessRWVar.bc>:RWVariableHandler:%143
</harden/bcfiles/edk_bcfiles/AccessRWVar.bc>:RWVariableHandler:135	</harden/bcfiles/edk_bcfiles/AccessRWVar.bc>:RWVariableHandler:%110
</harden/bcfiles/edk_bcfiles/AccessRWVar.bc>:RWVariableHandler:113	</harden/bcfiles/edk_bcfiles/AccessRWVar.bc>:RWVariableHandler:%13
</harden/bcfiles/edk_bcfiles/AccessRWVar.bc>:RWVariableHandler:182	</harden/bcfiles/edk_bcfiles/AccessRWVar.bc>:RWVariableHandler:%13
</harden/bcfiles/edk_bcfiles/AccessRWVar.bc>:RWVariableHandler:211	</harden/bcfiles/edk_bcfiles/AccessRWVar.bc>:RWVariableHandler:%13
</harden/bcfiles/edk_bcfiles/AccessRWVar.bc>:RWVariableHandler:104	</harden/bcfiles/edk_bcfiles/AccessRWVar.bc>:RWVariableHandler:%12
</harden/bcfiles/edk_bcfiles/AccessRWVar.bc>:RWVariableHandler:115	</harden/bcfiles/edk_bcfiles/AccessRWVar.bc>:RWVariableHandler:%12
</harden/bcfiles/edk_bcfiles/AccessRWVar.bc>:RWVariableHandler:175	</harden/bcfiles/edk_bcfiles/AccessRWVar.bc>:RWVariableHandler:%12
</harden/bcfiles/edk_bcfiles/AccessRWVar.bc>:RWVariableHandler:202	</harden/bcfiles/edk_bcfiles/AccessRWVar.bc>:RWVariableHandler:%12
</harden/bcfiles/edk_bcfiles/AccessRWVar.bc>:RWVariableHandler:77	</harden/bcfiles/edk_bcfiles/AccessRWVar.bc>:RWVariableHandler:%10
</harden/bcfiles/edk_bcfiles/AccessRWVar.bc>:RWVariableHandler:185	</harden/bcfiles/edk_bcfiles/AccessRWVar.bc>:RWVariableHandler:%10
</harden/bcfiles/edk_bcfiles/AccessRWVar.bc>:RWVariableHandler:231	</harden/bcfiles/edk_bcfiles/AccessRWVar.bc>:RWVariableHandler:%10
</harden/bcfiles/edk_bcfiles/AccessRWVar.bc>:RWVariableHandler:95	</harden/bcfiles/edk_bcfiles/AccessRWVar.bc>:RWVariableHandler:%11
</harden/bcfiles/edk_bcfiles/AccessRWVar.bc>:RWVariableHandler:100	</harden/bcfiles/edk_bcfiles/AccessRWVar.bc>:RWVariableHandler:%11
</harden/bcfiles/edk_bcfiles/AccessRWVar.bc>:RWVariableHandler:106	</harden/bcfiles/edk_bcfiles/AccessRWVar.bc>:RWVariableHandler:%11
</harden/bcfiles/edk_bcfiles/AccessRWVar.bc>:RWVariableHandler:136	</harden/bcfiles/edk_bcfiles/AccessRWVar.bc>:RWVariableHandler:%11
</harden/bcfiles/edk_bcfiles/AccessRWVar.bc>:RWVariableHandler:141	</harden/bcfiles/edk_bcfiles/AccessRWVar.bc>:RWVariableHandler:%11
</harden/bcfiles/edk_bcfiles/AccessRWVar.bc>:RWVariableHandler:144	</harden/bcfiles/edk_bcfiles/AccessRWVar.bc>:RWVariableHandler:%11
</harden/bcfiles/edk_bcfiles/AccessRWVar.bc>:RWVariableHandler:159	</harden/bcfiles/edk_bcfiles/AccessRWVar.bc>:RWVariableHandler:%11
</harden/bcfiles/edk_bcfiles/AccessRWVar.bc>:RWVariableHandler:169	</harden/bcfiles/edk_bcfiles/AccessRWVar.bc>:RWVariableHandler:%11
</harden/bcfiles/edk_bcfiles/AccessRWVar.bc>:RWVariableHandler:176	</harden/bcfiles/edk_bcfiles/AccessRWVar.bc>:RWVariableHandler:%11
</harden/bcfiles/edk_bcfiles/AccessRWVar.bc>:RWVariableHandler:178	</harden/bcfiles/edk_bcfiles/AccessRWVar.bc>:RWVariableHandler:%11
</harden/bcfiles/edk_bcfiles/AccessRWVar.bc>:RWVariableHandler:180	</harden/bcfiles/edk_bcfiles/AccessRWVar.bc>:RWVariableHandler:%11
</harden/bcfiles/edk_bcfiles/AccessRWVar.bc>:RWVariableHandler:188	</harden/bcfiles/edk_bcfiles/AccessRWVar.bc>:RWVariableHandler:%11
</harden/bcfiles/edk_bcfiles/AccessRWVar.bc>:RWVariableHandler:196	</harden/bcfiles/edk_bcfiles/AccessRWVar.bc>:RWVariableHandler:%11
</harden/bcfiles/edk_bcfiles/AccessRWVar.bc>:RWVariableHandler:203	</harden/bcfiles/edk_bcfiles/AccessRWVar.bc>:RWVariableHandler:%11
</harden/bcfiles/edk_bcfiles/AccessRWVar.bc>:RWVariableHandler:205	</harden/bcfiles/edk_bcfiles/AccessRWVar.bc>:RWVariableHandler:%11
</harden/bcfiles/edk_bcfiles/AccessRWVar.bc>:RWVariableHandler:208	</harden/bcfiles/edk_bcfiles/AccessRWVar.bc>:RWVariableHandler:%11
</harden/bcfiles/edk_bcfiles/AccessRWVar.bc>:RWVariableHandler:232	</harden/bcfiles/edk_bcfiles/AccessRWVar.bc>:RWVariableHandler:%11
</harden/bcfiles/edk_bcfiles/AccessRWVar.bc>:RWVariableHandler:236	</harden/bcfiles/edk_bcfiles/AccessRWVar.bc>:RWVariableHandler:%11
</harden/bcfiles/edk_bcfiles/AccessRWVar.bc>:RWVariableHandler:31	</harden/bcfiles/edk_bcfiles/AccessRWVar.bc>:RWVariableHandler:%9
</harden/bcfiles/edk_bcfiles/AccessRWVar.bc>:RWVariableHandler:49	</harden/bcfiles/edk_bcfiles/AccessRWVar.bc>:RWVariableHandler:%9
</harden/bcfiles/edk_bcfiles/AccessRWVar.bc>:RWVariableHandler:28	</harden/bcfiles/edk_bcfiles/AccessRWVar.bc>:RWVariableHandler:%8
</harden/bcfiles/edk_bcfiles/AccessRWVar.bc>:RWVariableHandler:97	</harden/bcfiles/edk_bcfiles/AccessRWVar.bc>:RWVariableHandler:%8
</harden/bcfiles/edk_bcfiles/AccessRWVar.bc>:RWVariableHandler:235	</harden/bcfiles/edk_bcfiles/AccessRWVar.bc>:RWVariableHandler:%8
</harden/bcfiles/edk_bcfiles/AccessRWVar.bc>:RWVariableHandler:198	</harden/bcfiles/edk_bcfiles/AccessRWVar.bc>:RWVariableHandler:%168
</harden/bcfiles/edk_bcfiles/AccessRWVar.bc>:RWVariableHandler:210	</harden/bcfiles/edk_bcfiles/AccessRWVar.bc>:RWVariableHandler:%180
</harden/bcfiles/edk_bcfiles/AccessRWVar.bc>:RWVariableHandler:52	</harden/bcfiles/edk_bcfiles/AccessRWVar.bc>:RWVariableHandler:%14
</harden/bcfiles/edk_bcfiles/AccessRWVar.bc>:RWVariableHandler:73	</harden/bcfiles/edk_bcfiles/AccessRWVar.bc>:RWVariableHandler:%14
</harden/bcfiles/edk_bcfiles/AccessRWVar.bc>:RWVariableHandler:98	</harden/bcfiles/edk_bcfiles/AccessRWVar.bc>:RWVariableHandler:%14
</harden/bcfiles/edk_bcfiles/AccessRWVar.bc>:RWVariableHandler:191	</harden/bcfiles/edk_bcfiles/AccessRWVar.bc>:RWVariableHandler:%14
</harden/bcfiles/edk_bcfiles/AccessRWVar.bc>:RWVariableHandler:238	</harden/bcfiles/edk_bcfiles/AccessRWVar.bc>:RWVariableHandler:%14
</harden/bcfiles/edk_bcfiles/AccessRWVar.bc>:RWVariableHandler:242	</harden/bcfiles/edk_bcfiles/AccessRWVar.bc>:RWVariableHandler:%5
</harden/bcfiles/edk_bcfiles/AccessRWVar.bc>:RWVariableHandler:50	</harden/bcfiles/edk_bcfiles/AccessRWVar.bc>:RWVariableHandler:%34
</harden/bcfiles/edk_bcfiles/AccessRWVar.bc>:AccessReadVariable:17	</harden/bcfiles/edk_bcfiles/AccessRWVar.bc>:AccessReadVariable:%12
</harden/bcfiles/edk_bcfiles/AccessRWVar.bc>:AccessReadVariable:21	</harden/bcfiles/edk_bcfiles/AccessRWVar.bc>:AccessReadVariable:%10
</harden/bcfiles/edk_bcfiles/AccessRWVar.bc>:AccessReadVariable:20	</harden/bcfiles/edk_bcfiles/AccessRWVar.bc>:AccessReadVariable:%9
</harden/bcfiles/edk_bcfiles/AccessRWVar.bc>:AccessReadVariable:19	</harden/bcfiles/edk_bcfiles/AccessRWVar.bc>:AccessReadVariable:%7
</harden/bcfiles/edk_bcfiles/AccessRWVar.bc>:AccessReadVariable:18	</harden/bcfiles/edk_bcfiles/AccessRWVar.bc>:AccessReadVariable:%6
</harden/bcfiles/edk_bcfiles/AccessRWVar.bc>:AccessWriteVariable:17	</harden/bcfiles/edk_bcfiles/AccessRWVar.bc>:AccessWriteVariable:%12
</harden/bcfiles/edk_bcfiles/AccessRWVar.bc>:AccessWriteVariable:21	</harden/bcfiles/edk_bcfiles/AccessRWVar.bc>:AccessWriteVariable:%10
</harden/bcfiles/edk_bcfiles/AccessRWVar.bc>:AccessWriteVariable:20	</harden/bcfiles/edk_bcfiles/AccessRWVar.bc>:AccessWriteVariable:%9
</harden/bcfiles/edk_bcfiles/AccessRWVar.bc>:AccessWriteVariable:19	</harden/bcfiles/edk_bcfiles/AccessRWVar.bc>:AccessWriteVariable:%7
</harden/bcfiles/edk_bcfiles/AccessRWVar.bc>:AccessWriteVariable:18	</harden/bcfiles/edk_bcfiles/AccessRWVar.bc>:AccessWriteVariable:%6
</harden/bcfiles/edk_bcfiles/AccessRWVar.bc>:AccessRWVarEntryPoint:93	</harden/bcfiles/edk_bcfiles/AccessRWVar.bc>:AccessRWVarEntryPoint:%76
</harden/bcfiles/edk_bcfiles/AccessRWVar.bc>:AccessRWVarEntryPoint:62	</harden/bcfiles/edk_bcfiles/AccessRWVar.bc>:AccessRWVarEntryPoint:%49
</harden/bcfiles/edk_bcfiles/AccessRWVar.bc>:AccessRWVarEntryPoint:15	</harden/bcfiles/edk_bcfiles/AccessRWVar.bc>:AccessRWVarEntryPoint:%10
</harden/bcfiles/edk_bcfiles/AccessRWVar.bc>:AccessRWVarEntryPoint:18	</harden/bcfiles/edk_bcfiles/AccessRWVar.bc>:AccessRWVarEntryPoint:%6
</harden/bcfiles/edk_bcfiles/AccessRWVar.bc>:AccessRWVarEntryPoint:29	</harden/bcfiles/edk_bcfiles/AccessRWVar.bc>:AccessRWVarEntryPoint:%6
</harden/bcfiles/edk_bcfiles/AccessRWVar.bc>:AccessRWVarEntryPoint:35	</harden/bcfiles/edk_bcfiles/AccessRWVar.bc>:AccessRWVarEntryPoint:%6
</harden/bcfiles/edk_bcfiles/AccessRWVar.bc>:AccessRWVarEntryPoint:69	</harden/bcfiles/edk_bcfiles/AccessRWVar.bc>:AccessRWVarEntryPoint:%6
</harden/bcfiles/edk_bcfiles/AccessRWVar.bc>:AccessRWVarEntryPoint:80	</harden/bcfiles/edk_bcfiles/AccessRWVar.bc>:AccessRWVarEntryPoint:%6
</harden/bcfiles/edk_bcfiles/AccessRWVar.bc>:AccessRWVarEntryPoint:100	</harden/bcfiles/edk_bcfiles/AccessRWVar.bc>:AccessRWVarEntryPoint:%6
</harden/bcfiles/edk_bcfiles/AccessRWVar.bc>:AccessRWVarEntryPoint:111	</harden/bcfiles/edk_bcfiles/AccessRWVar.bc>:AccessRWVarEntryPoint:%6
</harden/bcfiles/edk_bcfiles/AccessRWVar.bc>:AccessRWVarEntryPoint:121	</harden/bcfiles/edk_bcfiles/AccessRWVar.bc>:AccessRWVarEntryPoint:%6
</harden/bcfiles/edk_bcfiles/AccessRWVar.bc>:AccessRWVarEntryPoint:124	</harden/bcfiles/edk_bcfiles/AccessRWVar.bc>:AccessRWVarEntryPoint:%3
</harden/bcfiles/edk_bcfiles/AccessRWVar.bc>:RWVariableHandler:70	</harden/bcfiles/edk_bcfiles/AccessRWVar.bc>:RWVariableHandler:70:0:@gSmst
</harden/bcfiles/edk_bcfiles/AccessRWVar.bc>:RWVariableHandler:133	</harden/bcfiles/edk_bcfiles/AccessRWVar.bc>:RWVariableHandler:133:0:@gSmst
</harden/bcfiles/edk_bcfiles/AccessRWVar.bc>:AccessReadVariable:15	</harden/bcfiles/edk_bcfiles/AccessRWVar.bc>:AccessReadVariable:15:0:@mSmmVariable
</harden/bcfiles/edk_bcfiles/AccessRWVar.bc>:AccessWriteVariable:15	</harden/bcfiles/edk_bcfiles/AccessRWVar.bc>:AccessWriteVariable:15:0:@mSmmVariable
</harden/bcfiles/edk_bcfiles/AccessRWVar.bc>:AccessRWVarEntryPoint:13	</harden/bcfiles/edk_bcfiles/AccessRWVar.bc>:AccessRWVarEntryPoint:13:0:@gMmst
</harden/bcfiles/edk_bcfiles/AccessRWVar.bc>:AccessRWVarEntryPoint:38	</harden/bcfiles/edk_bcfiles/AccessRWVar.bc>:AccessRWVarEntryPoint:38:0:@_gPcd_FixedAtBuild_PcdUseAccessRWVariable
</harden/bcfiles/edk_bcfiles/AccessRWVar.bc>:AccessRWVarEntryPoint:60	</harden/bcfiles/edk_bcfiles/AccessRWVar.bc>:AccessRWVarEntryPoint:60:0:@gMmst
</harden/bcfiles/edk_bcfiles/AccessRWVar.bc>:AccessRWVarEntryPoint:91	</harden/bcfiles/edk_bcfiles/AccessRWVar.bc>:AccessRWVarEntryPoint:91:0:@gMmst
