</harden/bcfiles/edk_bcfiles/AccessRWVar.bc>:RWVariableHandler:%202	</harden/bcfiles/edk_bcfiles/AccessRWVar.bc>:RWVariableHandler:%204	</harden/bcfiles/edk_bcfiles/AccessRWVar.bc>:RWVariableHandler:239
</harden/bcfiles/edk_bcfiles/AccessRWVar.bc>:RWVariableHandler:%14	</harden/bcfiles/edk_bcfiles/AccessRWVar.bc>:RWVariableHandler:%164	</harden/bcfiles/edk_bcfiles/AccessRWVar.bc>:RWVariableHandler:193
</harden/bcfiles/edk_bcfiles/AccessRWVar.bc>:RWVariableHandler:%10	</harden/bcfiles/edk_bcfiles/AccessRWVar.bc>:RWVariableHandler:%156	</harden/bcfiles/edk_bcfiles/AccessRWVar.bc>:RWVariableHandler:184
</harden/bcfiles/edk_bcfiles/AccessRWVar.bc>:RWVariableHandler:%12	</harden/bcfiles/edk_bcfiles/AccessRWVar.bc>:RWVariableHandler:%81	</harden/bcfiles/edk_bcfiles/AccessRWVar.bc>:RWVariableHandler:103
</harden/bcfiles/edk_bcfiles/AccessRWVar.bc>:RWVariableHandler:%75	</harden/bcfiles/edk_bcfiles/AccessRWVar.bc>:RWVariableHandler:%76	</harden/bcfiles/edk_bcfiles/AccessRWVar.bc>:RWVariableHandler:99
</harden/bcfiles/edk_bcfiles/AccessRWVar.bc>:RWVariableHandler:%10	</harden/bcfiles/edk_bcfiles/AccessRWVar.bc>:RWVariableHandler:%183	</harden/bcfiles/edk_bcfiles/AccessRWVar.bc>:RWVariableHandler:213
</harden/bcfiles/edk_bcfiles/AccessRWVar.bc>:RWVariableHandler:%14	</harden/bcfiles/edk_bcfiles/AccessRWVar.bc>:RWVariableHandler:%35	</harden/bcfiles/edk_bcfiles/AccessRWVar.bc>:RWVariableHandler:51
</harden/bcfiles/edk_bcfiles/AccessRWVar.bc>:RWVariableHandler:%13	</harden/bcfiles/edk_bcfiles/AccessRWVar.bc>:RWVariableHandler:%89	</harden/bcfiles/edk_bcfiles/AccessRWVar.bc>:RWVariableHandler:112
</harden/bcfiles/edk_bcfiles/AccessRWVar.bc>:RWVariableHandler:%201	</harden/bcfiles/edk_bcfiles/AccessRWVar.bc>:RWVariableHandler:%199	</harden/bcfiles/edk_bcfiles/AccessRWVar.bc>:RWVariableHandler:234
</harden/bcfiles/edk_bcfiles/AccessRWVar.bc>:RWVariableHandler:%9	</harden/bcfiles/edk_bcfiles/AccessRWVar.bc>:RWVariableHandler:%3	</harden/bcfiles/edk_bcfiles/AccessRWVar.bc>:RWVariableHandler:16
</harden/bcfiles/edk_bcfiles/AccessRWVar.bc>:RWVariableHandler:%10	</harden/bcfiles/edk_bcfiles/AccessRWVar.bc>:RWVariableHandler:%57	</harden/bcfiles/edk_bcfiles/AccessRWVar.bc>:RWVariableHandler:76
</harden/bcfiles/edk_bcfiles/AccessRWVar.bc>:RWVariableHandler:%8	</harden/bcfiles/edk_bcfiles/AccessRWVar.bc>:RWVariableHandler:%2	</harden/bcfiles/edk_bcfiles/AccessRWVar.bc>:RWVariableHandler:14
</harden/bcfiles/edk_bcfiles/AccessRWVar.bc>:RWVariableHandler:%7	</harden/bcfiles/edk_bcfiles/AccessRWVar.bc>:RWVariableHandler:%1	</harden/bcfiles/edk_bcfiles/AccessRWVar.bc>:RWVariableHandler:12
</harden/bcfiles/edk_bcfiles/AccessRWVar.bc>:RWVariableHandler:%6	</harden/bcfiles/edk_bcfiles/AccessRWVar.bc>:RWVariableHandler:%0	</harden/bcfiles/edk_bcfiles/AccessRWVar.bc>:RWVariableHandler:10
</harden/bcfiles/edk_bcfiles/AccessRWVar.bc>:AccessReadVariable:%10	</harden/bcfiles/edk_bcfiles/AccessRWVar.bc>:AccessReadVariable:%4	</harden/bcfiles/edk_bcfiles/AccessRWVar.bc>:AccessReadVariable:13
</harden/bcfiles/edk_bcfiles/AccessRWVar.bc>:AccessReadVariable:%9	</harden/bcfiles/edk_bcfiles/AccessRWVar.bc>:AccessReadVariable:%3	</harden/bcfiles/edk_bcfiles/AccessRWVar.bc>:AccessReadVariable:11
</harden/bcfiles/edk_bcfiles/AccessRWVar.bc>:AccessReadVariable:%8	</harden/bcfiles/edk_bcfiles/AccessRWVar.bc>:AccessReadVariable:%2	</harden/bcfiles/edk_bcfiles/AccessRWVar.bc>:AccessReadVariable:9
</harden/bcfiles/edk_bcfiles/AccessRWVar.bc>:AccessReadVariable:%7	</harden/bcfiles/edk_bcfiles/AccessRWVar.bc>:AccessReadVariable:%1	</harden/bcfiles/edk_bcfiles/AccessRWVar.bc>:AccessReadVariable:7
</harden/bcfiles/edk_bcfiles/AccessRWVar.bc>:AccessReadVariable:%6	</harden/bcfiles/edk_bcfiles/AccessRWVar.bc>:AccessReadVariable:%0	</harden/bcfiles/edk_bcfiles/AccessRWVar.bc>:AccessReadVariable:5
</harden/bcfiles/edk_bcfiles/AccessRWVar.bc>:AccessWriteVariable:%10	</harden/bcfiles/edk_bcfiles/AccessRWVar.bc>:AccessWriteVariable:%4	</harden/bcfiles/edk_bcfiles/AccessRWVar.bc>:AccessWriteVariable:13
</harden/bcfiles/edk_bcfiles/AccessRWVar.bc>:AccessWriteVariable:%9	</harden/bcfiles/edk_bcfiles/AccessRWVar.bc>:AccessWriteVariable:%3	</harden/bcfiles/edk_bcfiles/AccessRWVar.bc>:AccessWriteVariable:11
</harden/bcfiles/edk_bcfiles/AccessRWVar.bc>:AccessWriteVariable:%8	</harden/bcfiles/edk_bcfiles/AccessRWVar.bc>:AccessWriteVariable:%2	</harden/bcfiles/edk_bcfiles/AccessRWVar.bc>:AccessWriteVariable:9
</harden/bcfiles/edk_bcfiles/AccessRWVar.bc>:AccessWriteVariable:%7	</harden/bcfiles/edk_bcfiles/AccessRWVar.bc>:AccessWriteVariable:%1	</harden/bcfiles/edk_bcfiles/AccessRWVar.bc>:AccessWriteVariable:7
</harden/bcfiles/edk_bcfiles/AccessRWVar.bc>:AccessWriteVariable:%6	</harden/bcfiles/edk_bcfiles/AccessRWVar.bc>:AccessWriteVariable:%0	</harden/bcfiles/edk_bcfiles/AccessRWVar.bc>:AccessWriteVariable:5
</harden/bcfiles/edk_bcfiles/AccessRWVar.bc>:AccessRWVarEntryPoint:%6	</harden/bcfiles/edk_bcfiles/AccessRWVar.bc>:AccessRWVarEntryPoint:%78	</harden/bcfiles/edk_bcfiles/AccessRWVar.bc>:AccessRWVarEntryPoint:95
</harden/bcfiles/edk_bcfiles/AccessRWVar.bc>:AccessRWVarEntryPoint:%6	</harden/bcfiles/edk_bcfiles/AccessRWVar.bc>:AccessRWVarEntryPoint:%51	</harden/bcfiles/edk_bcfiles/AccessRWVar.bc>:AccessRWVarEntryPoint:64
</harden/bcfiles/edk_bcfiles/AccessRWVar.bc>:AccessRWVarEntryPoint:%3	</harden/bcfiles/edk_bcfiles/AccessRWVar.bc>:AccessRWVarEntryPoint:%29	</harden/bcfiles/edk_bcfiles/AccessRWVar.bc>:AccessRWVarEntryPoint:36
</harden/bcfiles/edk_bcfiles/AccessRWVar.bc>:AccessRWVarEntryPoint:%6	</harden/bcfiles/edk_bcfiles/AccessRWVar.bc>:AccessRWVarEntryPoint:%12	</harden/bcfiles/edk_bcfiles/AccessRWVar.bc>:AccessRWVarEntryPoint:17
</harden/bcfiles/edk_bcfiles/AccessRWVar.bc>:AccessRWVarEntryPoint:%3	</harden/bcfiles/edk_bcfiles/AccessRWVar.bc>:AccessRWVarEntryPoint:%102	</harden/bcfiles/edk_bcfiles/AccessRWVar.bc>:AccessRWVarEntryPoint:122
</harden/bcfiles/edk_bcfiles/AccessRWVar.bc>:AccessRWVarEntryPoint:%5	</harden/bcfiles/edk_bcfiles/AccessRWVar.bc>:AccessRWVarEntryPoint:%1	</harden/bcfiles/edk_bcfiles/AccessRWVar.bc>:AccessRWVarEntryPoint:8
</harden/bcfiles/edk_bcfiles/AccessRWVar.bc>:AccessRWVarEntryPoint:%4	</harden/bcfiles/edk_bcfiles/AccessRWVar.bc>:AccessRWVarEntryPoint:%0	</harden/bcfiles/edk_bcfiles/AccessRWVar.bc>:AccessRWVarEntryPoint:6
</harden/bcfiles/edk_bcfiles/AccessRWVar.bc>:RWVariableHandler:%10	</harden/bcfiles/edk_bcfiles/AccessRWVar.bc>:RWVariableHandler:19:0:0	</harden/bcfiles/edk_bcfiles/AccessRWVar.bc>:RWVariableHandler:19
</harden/bcfiles/edk_bcfiles/AccessRWVar.bc>:RWVariableHandler:%11	</harden/bcfiles/edk_bcfiles/AccessRWVar.bc>:RWVariableHandler:21:0:null	</harden/bcfiles/edk_bcfiles/AccessRWVar.bc>:RWVariableHandler:21
</harden/bcfiles/edk_bcfiles/AccessRWVar.bc>:RWVariableHandler:%12	</harden/bcfiles/edk_bcfiles/AccessRWVar.bc>:RWVariableHandler:23:0:null	</harden/bcfiles/edk_bcfiles/AccessRWVar.bc>:RWVariableHandler:23
</harden/bcfiles/edk_bcfiles/AccessRWVar.bc>:RWVariableHandler:%13	</harden/bcfiles/edk_bcfiles/AccessRWVar.bc>:RWVariableHandler:25:0:null	</harden/bcfiles/edk_bcfiles/AccessRWVar.bc>:RWVariableHandler:25
</harden/bcfiles/edk_bcfiles/AccessRWVar.bc>:RWVariableHandler:%14	</harden/bcfiles/edk_bcfiles/AccessRWVar.bc>:RWVariableHandler:27:0:0	</harden/bcfiles/edk_bcfiles/AccessRWVar.bc>:RWVariableHandler:27
</harden/bcfiles/edk_bcfiles/AccessRWVar.bc>:RWVariableHandler:%5	</harden/bcfiles/edk_bcfiles/AccessRWVar.bc>:RWVariableHandler:47:0:-9223372036854775806	</harden/bcfiles/edk_bcfiles/AccessRWVar.bc>:RWVariableHandler:47
</harden/bcfiles/edk_bcfiles/AccessRWVar.bc>:RWVariableHandler:%5	</harden/bcfiles/edk_bcfiles/AccessRWVar.bc>:RWVariableHandler:68:0:-9223372036854775806	</harden/bcfiles/edk_bcfiles/AccessRWVar.bc>:RWVariableHandler:68
</harden/bcfiles/edk_bcfiles/AccessRWVar.bc>:RWVariableHandler:%5	</harden/bcfiles/edk_bcfiles/AccessRWVar.bc>:RWVariableHandler:93:0:-9223372036854775799	</harden/bcfiles/edk_bcfiles/AccessRWVar.bc>:RWVariableHandler:93
</harden/bcfiles/edk_bcfiles/AccessRWVar.bc>:RWVariableHandler:%5	</harden/bcfiles/edk_bcfiles/AccessRWVar.bc>:RWVariableHandler:139:0:-9223372036854775804	</harden/bcfiles/edk_bcfiles/AccessRWVar.bc>:RWVariableHandler:139
</harden/bcfiles/edk_bcfiles/AccessRWVar.bc>:RWVariableHandler:%5	</harden/bcfiles/edk_bcfiles/AccessRWVar.bc>:RWVariableHandler:167:0:-9223372036854775806	</harden/bcfiles/edk_bcfiles/AccessRWVar.bc>:RWVariableHandler:167
</harden/bcfiles/edk_bcfiles/AccessRWVar.bc>:RWVariableHandler:%5	</harden/bcfiles/edk_bcfiles/AccessRWVar.bc>:RWVariableHandler:228:0:-9223372036854775806	</harden/bcfiles/edk_bcfiles/AccessRWVar.bc>:RWVariableHandler:228
</harden/bcfiles/edk_bcfiles/AccessRWVar.bc>:RWVariableHandler:%5	</harden/bcfiles/edk_bcfiles/AccessRWVar.bc>:RWVariableHandler:240:0:0	</harden/bcfiles/edk_bcfiles/AccessRWVar.bc>:RWVariableHandler:240
</harden/bcfiles/edk_bcfiles/AccessRWVar.bc>:AccessRWVarEntryPoint:41:1:getelementptr inbounds (%struct._ACCESS_RWVAR_PROTOCOL, %struct._ACCESS_RWVAR_PROTOCOL* @gAccessRWVar, i32 0, i32 0)	</harden/bcfiles/edk_bcfiles/AccessRWVar.bc>:AccessRWVarEntryPoint:41:0:@AccessReadVariable	</harden/bcfiles/edk_bcfiles/AccessRWVar.bc>:AccessRWVarEntryPoint:41
</harden/bcfiles/edk_bcfiles/AccessRWVar.bc>:AccessRWVarEntryPoint:42:1:getelementptr inbounds (%struct._ACCESS_RWVAR_PROTOCOL, %struct._ACCESS_RWVAR_PROTOCOL* @gAccessRWVar, i32 0, i32 1)	</harden/bcfiles/edk_bcfiles/AccessRWVar.bc>:AccessRWVarEntryPoint:42:0:@AccessWriteVariable	</harden/bcfiles/edk_bcfiles/AccessRWVar.bc>:AccessRWVarEntryPoint:42
</harden/bcfiles/edk_bcfiles/AccessRWVar.bc>:AccessRWVarEntryPoint:%3	</harden/bcfiles/edk_bcfiles/AccessRWVar.bc>:AccessRWVarEntryPoint:57:0:-9223372036854775805	</harden/bcfiles/edk_bcfiles/AccessRWVar.bc>:AccessRWVarEntryPoint:57
</harden/bcfiles/edk_bcfiles/AccessRWVar.bc>:AccessRWVarEntryPoint:%8	</harden/bcfiles/edk_bcfiles/AccessRWVar.bc>:AccessRWVarEntryPoint:59:0:null	</harden/bcfiles/edk_bcfiles/AccessRWVar.bc>:AccessRWVarEntryPoint:59
</harden/bcfiles/edk_bcfiles/AccessRWVar.bc>:AccessRWVarEntryPoint:%7	</harden/bcfiles/edk_bcfiles/AccessRWVar.bc>:AccessRWVarEntryPoint:90:0:null	</harden/bcfiles/edk_bcfiles/AccessRWVar.bc>:AccessRWVarEntryPoint:90
