</harden/bcfiles/edk_bcfiles/AccessRWVar.bc>:RWVariableHandler	</harden/bcfiles/edk_bcfiles/AccessRWVar.bc>:RWVariableHandler:%201	</harden/bcfiles/edk_bcfiles/AccessRWVar.bc>:RWVariableHandler:%199	</harden/bcfiles/edk_bcfiles/AccessRWVar.bc>:RWVariableHandler:%9	</harden/bcfiles/edk_bcfiles/AccessRWVar.bc>:RWVariableHandler:234	[</harden/bcfiles/edk_bcfiles/AccessRWVar.bc>:RWVariableHandler:%10, </harden/bcfiles/edk_bcfiles/AccessRWVar.bc>:RWVariableHandler:%199]	110
</harden/bcfiles/edk_bcfiles/AccessRWVar.bc>:RWVariableHandler	</harden/bcfiles/edk_bcfiles/AccessRWVar.bc>:RWVariableHandler:%202	</harden/bcfiles/edk_bcfiles/AccessRWVar.bc>:RWVariableHandler:%204	</harden/bcfiles/edk_bcfiles/AccessRWVar.bc>:RWVariableHandler:%8	</harden/bcfiles/edk_bcfiles/AccessRWVar.bc>:RWVariableHandler:239	[</harden/bcfiles/edk_bcfiles/AccessRWVar.bc>:RWVariableHandler:%202, </harden/bcfiles/edk_bcfiles/AccessRWVar.bc>:RWVariableHandler:%204]	112
</harden/bcfiles/edk_bcfiles/AccessRWVar.bc>:RWVariableHandler	</harden/bcfiles/edk_bcfiles/AccessRWVar.bc>:RWVariableHandler:%75	</harden/bcfiles/edk_bcfiles/AccessRWVar.bc>:RWVariableHandler:%76	</harden/bcfiles/edk_bcfiles/AccessRWVar.bc>:RWVariableHandler:%8	</harden/bcfiles/edk_bcfiles/AccessRWVar.bc>:RWVariableHandler:99	[</harden/bcfiles/edk_bcfiles/AccessRWVar.bc>:RWVariableHandler:%8, </harden/bcfiles/edk_bcfiles/AccessRWVar.bc>:RWVariableHandler:%76]	69
</harden/bcfiles/edk_bcfiles/AccessRWVar.bc>:RWVariableHandler	</harden/bcfiles/edk_bcfiles/AccessRWVar.bc>:RWVariableHandler:%13	</harden/bcfiles/edk_bcfiles/AccessRWVar.bc>:RWVariableHandler:%89	</harden/bcfiles/edk_bcfiles/AccessRWVar.bc>:RWVariableHandler:%8	</harden/bcfiles/edk_bcfiles/AccessRWVar.bc>:RWVariableHandler:112	[</harden/bcfiles/edk_bcfiles/AccessRWVar.bc>:RWVariableHandler:%88, </harden/bcfiles/edk_bcfiles/AccessRWVar.bc>:RWVariableHandler:%89]	71
</harden/bcfiles/edk_bcfiles/AccessRWVar.bc>:RWVariableHandler	</harden/bcfiles/edk_bcfiles/AccessRWVar.bc>:RWVariableHandler:%12	</harden/bcfiles/edk_bcfiles/AccessRWVar.bc>:RWVariableHandler:%81	</harden/bcfiles/edk_bcfiles/AccessRWVar.bc>:RWVariableHandler:%8	</harden/bcfiles/edk_bcfiles/AccessRWVar.bc>:RWVariableHandler:103	[</harden/bcfiles/edk_bcfiles/AccessRWVar.bc>:RWVariableHandler:%80, </harden/bcfiles/edk_bcfiles/AccessRWVar.bc>:RWVariableHandler:%81]	70
</harden/bcfiles/edk_bcfiles/AccessRWVar.bc>:RWVariableHandler	</harden/bcfiles/edk_bcfiles/AccessRWVar.bc>:RWVariableHandler:%10	</harden/bcfiles/edk_bcfiles/AccessRWVar.bc>:RWVariableHandler:%156	</harden/bcfiles/edk_bcfiles/AccessRWVar.bc>:RWVariableHandler:%8	</harden/bcfiles/edk_bcfiles/AccessRWVar.bc>:RWVariableHandler:184	[</harden/bcfiles/edk_bcfiles/AccessRWVar.bc>:RWVariableHandler:%154, </harden/bcfiles/edk_bcfiles/AccessRWVar.bc>:RWVariableHandler:%156]	87
</harden/bcfiles/edk_bcfiles/AccessRWVar.bc>:RWVariableHandler	</harden/bcfiles/edk_bcfiles/AccessRWVar.bc>:RWVariableHandler:%10	</harden/bcfiles/edk_bcfiles/AccessRWVar.bc>:RWVariableHandler:%183	</harden/bcfiles/edk_bcfiles/AccessRWVar.bc>:RWVariableHandler:%8	</harden/bcfiles/edk_bcfiles/AccessRWVar.bc>:RWVariableHandler:213	[</harden/bcfiles/edk_bcfiles/AccessRWVar.bc>:RWVariableHandler:%175, </harden/bcfiles/edk_bcfiles/AccessRWVar.bc>:RWVariableHandler:%183]	98
</harden/bcfiles/edk_bcfiles/AccessRWVar.bc>:RWVariableHandler	</harden/bcfiles/edk_bcfiles/AccessRWVar.bc>:RWVariableHandler:%10	</harden/bcfiles/edk_bcfiles/AccessRWVar.bc>:RWVariableHandler:%57	</harden/bcfiles/edk_bcfiles/AccessRWVar.bc>:RWVariableHandler:%9	</harden/bcfiles/edk_bcfiles/AccessRWVar.bc>:RWVariableHandler:76	[</harden/bcfiles/edk_bcfiles/AccessRWVar.bc>:RWVariableHandler:%55, </harden/bcfiles/edk_bcfiles/AccessRWVar.bc>:RWVariableHandler:%57]	56
</harden/bcfiles/edk_bcfiles/AccessRWVar.bc>:RWVariableHandler	</harden/bcfiles/edk_bcfiles/AccessRWVar.bc>:RWVariableHandler:%14	</harden/bcfiles/edk_bcfiles/AccessRWVar.bc>:RWVariableHandler:%164	</harden/bcfiles/edk_bcfiles/AccessRWVar.bc>:RWVariableHandler:%9	</harden/bcfiles/edk_bcfiles/AccessRWVar.bc>:RWVariableHandler:193	[</harden/bcfiles/edk_bcfiles/AccessRWVar.bc>:RWVariableHandler:%163, </harden/bcfiles/edk_bcfiles/AccessRWVar.bc>:RWVariableHandler:%164]	95
</harden/bcfiles/edk_bcfiles/AccessRWVar.bc>:RWVariableHandler	</harden/bcfiles/edk_bcfiles/AccessRWVar.bc>:RWVariableHandler:%14	</harden/bcfiles/edk_bcfiles/AccessRWVar.bc>:RWVariableHandler:%35	</harden/bcfiles/edk_bcfiles/AccessRWVar.bc>:RWVariableHandler:%9	</harden/bcfiles/edk_bcfiles/AccessRWVar.bc>:RWVariableHandler:51	[</harden/bcfiles/edk_bcfiles/AccessRWVar.bc>:RWVariableHandler:%34, </harden/bcfiles/edk_bcfiles/AccessRWVar.bc>:RWVariableHandler:%35]	49
