%struct._EFI_SMM_SYSTEM_TABLE2	0	%struct.EFI_TABLE_HEADER
%struct._EFI_SMM_VARIABLE_PROTOCOL	0	i64 (i16*, %struct.GUID*, i32*, i64*, i8*)*
%struct._EFI_MM_CPU_IO_PROTOCOL	0	%struct.EFI_MM_IO_ACCESS
%struct.RW_VARIABLE_INFO	0	i64
%struct.EFI_DEVICE_PATH_PROTOCOL	0	i8
%struct._ACCESS_RWVAR_PROTOCOL	0	i64 (i16*, %struct.GUID*, i32*, i64*, i8*)*
%struct._EFI_MM_SYSTEM_TABLE	0	%struct.EFI_TABLE_HEADER
%struct.EFI_CAPSULE_HEADER	0	%struct.GUID
%struct.EFI_RUNTIME_SERVICES	0	%struct.EFI_TABLE_HEADER
%struct.EFI_SIMPLE_TEXT_OUTPUT_MODE	0	i32
%struct.EFI_OPEN_PROTOCOL_INFORMATION_ENTRY	0	i8*
%struct.EFI_CONFIGURATION_TABLE	0	%struct.GUID
%struct._EFI_SIMPLE_TEXT_OUTPUT_PROTOCOL	0	i64 (%struct._EFI_SIMPLE_TEXT_OUTPUT_PROTOCOL*, i8)*
%struct.EFI_MEMORY_DESCRIPTOR	0	i32
%struct.EFI_BOOT_SERVICES	0	%struct.EFI_TABLE_HEADER
%struct.EFI_TIME_CAPABILITIES	0	i32
%struct.EFI_TIME	0	i16
%struct.GUID	0	i32
%struct._EFI_SIMPLE_TEXT_INPUT_PROTOCOL	0	i64 (%struct._EFI_SIMPLE_TEXT_INPUT_PROTOCOL*, i8)*
%struct.EFI_INPUT_KEY	0	i16
%struct.EFI_SYSTEM_TABLE	0	%struct.EFI_TABLE_HEADER
%struct.EFI_MM_IO_ACCESS	0	i64 (%struct._EFI_MM_CPU_IO_PROTOCOL*, i32, i64, i64, i8*)*
%struct.EFI_TABLE_HEADER	0	i64
%struct._EFI_SMM_SYSTEM_TABLE2	1	i16*
%struct._EFI_SMM_VARIABLE_PROTOCOL	1	i64 (i64*, i16*, %struct.GUID*)*
%struct._EFI_MM_CPU_IO_PROTOCOL	1	%struct.EFI_MM_IO_ACCESS
%struct.RW_VARIABLE_INFO	1	i32
%struct.EFI_DEVICE_PATH_PROTOCOL	1	i8
%struct._ACCESS_RWVAR_PROTOCOL	1	i64 (i16*, %struct.GUID*, i32, i64, i8*)*
%struct._EFI_MM_SYSTEM_TABLE	1	i16*
%struct.EFI_CAPSULE_HEADER	1	i32
%struct.EFI_RUNTIME_SERVICES	1	i64 (%struct.EFI_TIME*, %struct.EFI_TIME_CAPABILITIES*)*
%struct.EFI_SIMPLE_TEXT_OUTPUT_MODE	1	i32
%struct.EFI_OPEN_PROTOCOL_INFORMATION_ENTRY	1	i8*
%struct.EFI_CONFIGURATION_TABLE	1	i8*
%struct._EFI_SIMPLE_TEXT_OUTPUT_PROTOCOL	1	i64 (%struct._EFI_SIMPLE_TEXT_OUTPUT_PROTOCOL*, i16*)*
%struct.EFI_MEMORY_DESCRIPTOR	1	i64
%struct.EFI_BOOT_SERVICES	1	i64 (i64)*
%struct.EFI_TIME_CAPABILITIES	1	i32
%struct.EFI_TIME	1	i8
%struct.GUID	1	i16
%struct._EFI_SIMPLE_TEXT_INPUT_PROTOCOL	1	i64 (%struct._EFI_SIMPLE_TEXT_INPUT_PROTOCOL*, %struct.EFI_INPUT_KEY*)*
%struct.EFI_INPUT_KEY	1	i16
%struct.EFI_SYSTEM_TABLE	1	i16*
%struct.EFI_MM_IO_ACCESS	1	i64 (%struct._EFI_MM_CPU_IO_PROTOCOL*, i32, i64, i64, i8*)*
%struct.EFI_TABLE_HEADER	1	i32
%struct._EFI_SMM_SYSTEM_TABLE2	2	i32
%struct._EFI_SMM_VARIABLE_PROTOCOL	2	i64 (i16*, %struct.GUID*, i32, i64, i8*)*
%struct.RW_VARIABLE_INFO	2	i32
%struct.EFI_DEVICE_PATH_PROTOCOL	2	[2 x i8]
%struct._EFI_MM_SYSTEM_TABLE	2	i32
%struct.EFI_CAPSULE_HEADER	2	i32
%struct.EFI_RUNTIME_SERVICES	2	i64 (%struct.EFI_TIME*)*
%struct.EFI_SIMPLE_TEXT_OUTPUT_MODE	2	i32
%struct.EFI_OPEN_PROTOCOL_INFORMATION_ENTRY	2	i32
%struct._EFI_SIMPLE_TEXT_OUTPUT_PROTOCOL	2	i64 (%struct._EFI_SIMPLE_TEXT_OUTPUT_PROTOCOL*, i16*)*
%struct.EFI_MEMORY_DESCRIPTOR	2	i64
%struct.EFI_BOOT_SERVICES	2	void (i64)*
%struct.EFI_TIME_CAPABILITIES	2	i8
%struct.EFI_TIME	2	i8
%struct.GUID	2	i16
%struct._EFI_SIMPLE_TEXT_INPUT_PROTOCOL	2	i8*
%struct.EFI_SYSTEM_TABLE	2	i32
%struct.EFI_TABLE_HEADER	2	i32
%struct._EFI_SMM_SYSTEM_TABLE2	3	i64 (%struct._EFI_SMM_SYSTEM_TABLE2*, %struct.GUID*, i8*, i64)*
%struct._EFI_SMM_VARIABLE_PROTOCOL	3	i64 (i32, i64*, i64*, i64*)*
%struct.RW_VARIABLE_INFO	3	%struct.GUID
%struct._EFI_MM_SYSTEM_TABLE	3	i64 (%struct._EFI_MM_SYSTEM_TABLE*, %struct.GUID*, i8*, i64)*
%struct.EFI_CAPSULE_HEADER	3	i32
%struct.EFI_RUNTIME_SERVICES	3	i64 (i8*, i8*, %struct.EFI_TIME*)*
%struct.EFI_SIMPLE_TEXT_OUTPUT_MODE	3	i32
%struct.EFI_OPEN_PROTOCOL_INFORMATION_ENTRY	3	i32
%struct._EFI_SIMPLE_TEXT_OUTPUT_PROTOCOL	3	i64 (%struct._EFI_SIMPLE_TEXT_OUTPUT_PROTOCOL*, i64, i64*, i64*)*
%struct.EFI_MEMORY_DESCRIPTOR	3	i64
%struct.EFI_BOOT_SERVICES	3	i64 (i32, i32, i64, i64*)*
%struct.EFI_TIME	3	i8
%struct.GUID	3	[8 x i8]
%struct.EFI_SYSTEM_TABLE	3	i8*
%struct.EFI_TABLE_HEADER	3	i32
%struct._EFI_SMM_SYSTEM_TABLE2	4	%struct._EFI_MM_CPU_IO_PROTOCOL
%struct.RW_VARIABLE_INFO	4	i32
%struct._EFI_MM_SYSTEM_TABLE	4	%struct._EFI_MM_CPU_IO_PROTOCOL
%struct.EFI_RUNTIME_SERVICES	4	i64 (i8, %struct.EFI_TIME*)*
%struct.EFI_SIMPLE_TEXT_OUTPUT_MODE	4	i32
%struct._EFI_SIMPLE_TEXT_OUTPUT_PROTOCOL	4	i64 (%struct._EFI_SIMPLE_TEXT_OUTPUT_PROTOCOL*, i64)*
%struct.EFI_MEMORY_DESCRIPTOR	4	i64
%struct.EFI_BOOT_SERVICES	4	i64 (i64, i64)*
%struct.EFI_TIME	4	i8
%struct.EFI_SYSTEM_TABLE	4	%struct._EFI_SIMPLE_TEXT_INPUT_PROTOCOL*
%struct.EFI_TABLE_HEADER	4	i32
%struct._EFI_SMM_SYSTEM_TABLE2	5	i64 (i32, i64, i8**)*
%struct.RW_VARIABLE_INFO	5	i32
%struct._EFI_MM_SYSTEM_TABLE	5	i64 (i32, i64, i8**)*
%struct.EFI_RUNTIME_SERVICES	5	i64 (i64, i64, i32, %struct.EFI_MEMORY_DESCRIPTOR*)*
%struct.EFI_SIMPLE_TEXT_OUTPUT_MODE	5	i8
%struct._EFI_SIMPLE_TEXT_OUTPUT_PROTOCOL	5	i64 (%struct._EFI_SIMPLE_TEXT_OUTPUT_PROTOCOL*, i64)*
%struct.EFI_BOOT_SERVICES	5	i64 (i64*, %struct.EFI_MEMORY_DESCRIPTOR*, i64*, i64*, i32*)*
%struct.EFI_TIME	5	i8
%struct.EFI_SYSTEM_TABLE	5	i8*
%struct._EFI_SMM_SYSTEM_TABLE2	6	i64 (i8*)*
%struct.RW_VARIABLE_INFO	6	i64
%struct._EFI_MM_SYSTEM_TABLE	6	i64 (i8*)*
%struct.EFI_RUNTIME_SERVICES	6	i64 (i64, i8**)*
%struct._EFI_SIMPLE_TEXT_OUTPUT_PROTOCOL	6	i64 (%struct._EFI_SIMPLE_TEXT_OUTPUT_PROTOCOL*)*
%struct.EFI_BOOT_SERVICES	6	i64 (i32, i64, i8**)*
%struct.EFI_TIME	6	i8
%struct.EFI_SYSTEM_TABLE	6	%struct._EFI_SIMPLE_TEXT_OUTPUT_PROTOCOL*
%struct._EFI_SMM_SYSTEM_TABLE2	7	i64 (i32, i32, i64, i64*)*
%struct.RW_VARIABLE_INFO	7	[1024 x i8]
%struct._EFI_MM_SYSTEM_TABLE	7	i64 (i32, i32, i64, i64*)*
%struct.EFI_RUNTIME_SERVICES	7	i64 (i16*, %struct.GUID*, i32*, i64*, i8*)*
%struct._EFI_SIMPLE_TEXT_OUTPUT_PROTOCOL	7	i64 (%struct._EFI_SIMPLE_TEXT_OUTPUT_PROTOCOL*, i64, i64)*
%struct.EFI_BOOT_SERVICES	7	i64 (i8*)*
%struct.EFI_TIME	7	i32
%struct.EFI_SYSTEM_TABLE	7	i8*
%struct._EFI_SMM_SYSTEM_TABLE2	8	i64 (i64, i64)*
%struct._EFI_MM_SYSTEM_TABLE	8	i64 (i64, i64)*
%struct.EFI_RUNTIME_SERVICES	8	i64 (i64*, i16*, %struct.GUID*)*
%struct._EFI_SIMPLE_TEXT_OUTPUT_PROTOCOL	8	i64 (%struct._EFI_SIMPLE_TEXT_OUTPUT_PROTOCOL*, i8)*
%struct.EFI_BOOT_SERVICES	8	i64 (i32, i64, void (i8*, i8*)*, i8*, i8**)*
%struct.EFI_TIME	8	i16
%struct.EFI_SYSTEM_TABLE	8	%struct._EFI_SIMPLE_TEXT_OUTPUT_PROTOCOL*
%struct._EFI_SMM_SYSTEM_TABLE2	9	i64 (void (i8*)*, i64, i8*)*
%struct._EFI_MM_SYSTEM_TABLE	9	i64 (void (i8*)*, i64, i8*)*
%struct.EFI_RUNTIME_SERVICES	9	i64 (i16*, %struct.GUID*, i32, i64, i8*)*
%struct._EFI_SIMPLE_TEXT_OUTPUT_PROTOCOL	9	%struct.EFI_SIMPLE_TEXT_OUTPUT_MODE*
%struct.EFI_BOOT_SERVICES	9	i64 (i8*, i32, i64)*
%struct.EFI_TIME	9	i8
%struct.EFI_SYSTEM_TABLE	9	%struct.EFI_RUNTIME_SERVICES*
%struct._EFI_SMM_SYSTEM_TABLE2	10	i64
%struct._EFI_MM_SYSTEM_TABLE	10	i64
%struct.EFI_RUNTIME_SERVICES	10	i64 (i32*)*
%struct.EFI_BOOT_SERVICES	10	i64 (i64, i8**, i64*)*
%struct.EFI_TIME	10	i8
%struct.EFI_SYSTEM_TABLE	10	%struct.EFI_BOOT_SERVICES*
%struct._EFI_SMM_SYSTEM_TABLE2	11	i64
%struct._EFI_MM_SYSTEM_TABLE	11	i64
%struct.EFI_RUNTIME_SERVICES	11	void (i32, i64, i64, i8*)*
%struct.EFI_BOOT_SERVICES	11	i64 (i8*)*
%struct.EFI_SYSTEM_TABLE	11	i64
%struct._EFI_SMM_SYSTEM_TABLE2	12	i64*
%struct._EFI_MM_SYSTEM_TABLE	12	i64*
%struct.EFI_RUNTIME_SERVICES	12	i64 (%struct.EFI_CAPSULE_HEADER**, i64, i64)*
%struct.EFI_BOOT_SERVICES	12	i64 (i8*)*
%struct.EFI_SYSTEM_TABLE	12	%struct.EFI_CONFIGURATION_TABLE*
%struct._EFI_SMM_SYSTEM_TABLE2	13	i8**
%struct._EFI_MM_SYSTEM_TABLE	13	i8**
%struct.EFI_RUNTIME_SERVICES	13	i64 (%struct.EFI_CAPSULE_HEADER**, i64, i64*, i32*)*
%struct.EFI_BOOT_SERVICES	13	i64 (i8*)*
%struct._EFI_SMM_SYSTEM_TABLE2	14	i64
%struct._EFI_MM_SYSTEM_TABLE	14	i64
%struct.EFI_RUNTIME_SERVICES	14	i64 (i32, i64*, i64*, i64*)*
%struct.EFI_BOOT_SERVICES	14	i64 (i8**, %struct.GUID*, i32, i8*)*
%struct._EFI_SMM_SYSTEM_TABLE2	15	%struct.EFI_CONFIGURATION_TABLE*
%struct._EFI_MM_SYSTEM_TABLE	15	%struct.EFI_CONFIGURATION_TABLE*
%struct.EFI_BOOT_SERVICES	15	i64 (i8*, %struct.GUID*, i8*, i8*)*
%struct._EFI_SMM_SYSTEM_TABLE2	16	i64 (i8**, %struct.GUID*, i32, i8*)*
%struct._EFI_MM_SYSTEM_TABLE	16	i64 (i8**, %struct.GUID*, i32, i8*)*
%struct.EFI_BOOT_SERVICES	16	i64 (i8*, %struct.GUID*, i8*)*
%struct._EFI_SMM_SYSTEM_TABLE2	17	i64 (i8*, %struct.GUID*, i8*)*
%struct._EFI_MM_SYSTEM_TABLE	17	i64 (i8*, %struct.GUID*, i8*)*
%struct.EFI_BOOT_SERVICES	17	i64 (i8*, %struct.GUID*, i8**)*
%struct._EFI_SMM_SYSTEM_TABLE2	18	i64 (i8*, %struct.GUID*, i8**)*
%struct._EFI_MM_SYSTEM_TABLE	18	i64 (i8*, %struct.GUID*, i8**)*
%struct.EFI_BOOT_SERVICES	18	i8*
%struct._EFI_SMM_SYSTEM_TABLE2	19	i64 (%struct.GUID*, i64 (%struct.GUID*, i8*, i8*)*, i8**)*
%struct._EFI_MM_SYSTEM_TABLE	19	i64 (%struct.GUID*, i64 (%struct.GUID*, i8*, i8*)*, i8**)*
%struct.EFI_BOOT_SERVICES	19	i64 (%struct.GUID*, i8*, i8**)*
%struct._EFI_SMM_SYSTEM_TABLE2	20	i64 (i32, %struct.GUID*, i8*, i64*, i8**)*
%struct._EFI_MM_SYSTEM_TABLE	20	i64 (i32, %struct.GUID*, i8*, i64*, i8**)*
%struct.EFI_BOOT_SERVICES	20	i64 (i32, %struct.GUID*, i8*, i64*, i8**)*
%struct._EFI_SMM_SYSTEM_TABLE2	21	i64 (%struct.GUID*, i8*, i8**)*
%struct._EFI_MM_SYSTEM_TABLE	21	i64 (%struct.GUID*, i8*, i8**)*
%struct.EFI_BOOT_SERVICES	21	i64 (%struct.GUID*, %struct.EFI_DEVICE_PATH_PROTOCOL**, i8**)*
%struct._EFI_SMM_SYSTEM_TABLE2	22	i64 (%struct.GUID*, i8*, i8*, i64*)*
%struct._EFI_MM_SYSTEM_TABLE	22	i64 (%struct.GUID*, i8*, i8*, i64*)*
%struct.EFI_BOOT_SERVICES	22	i64 (%struct.GUID*, i8*)*
%struct._EFI_SMM_SYSTEM_TABLE2	23	i64 (i64 (i8*, i8*, i8*, i64*)*, %struct.GUID*, i8**)*
%struct._EFI_MM_SYSTEM_TABLE	23	i64 (i64 (i8*, i8*, i8*, i64*)*, %struct.GUID*, i8**)*
%struct.EFI_BOOT_SERVICES	23	i64 (i8, i8*, %struct.EFI_DEVICE_PATH_PROTOCOL*, i8*, i64, i8**)*
%struct._EFI_SMM_SYSTEM_TABLE2	24	i64 (i8*)*
%struct._EFI_MM_SYSTEM_TABLE	24	i64 (i8*)*
%struct.EFI_BOOT_SERVICES	24	i64 (i8*, i64*, i16**)*
%struct.EFI_BOOT_SERVICES	25	i64 (i8*, i64, i64, i16*)*
%struct.EFI_BOOT_SERVICES	26	i64 (i8*)*
%struct.EFI_BOOT_SERVICES	27	i64 (i8*, i64)*
%struct.EFI_BOOT_SERVICES	28	i64 (i64*)*
%struct.EFI_BOOT_SERVICES	29	i64 (i64)*
%struct.EFI_BOOT_SERVICES	30	i64 (i64, i64, i64, i16*)*
%struct.EFI_BOOT_SERVICES	31	i64 (i8*, i8**, %struct.EFI_DEVICE_PATH_PROTOCOL*, i8)*
%struct.EFI_BOOT_SERVICES	32	i64 (i8*, i8*, i8*)*
%struct.EFI_BOOT_SERVICES	33	i64 (i8*, %struct.GUID*, i8**, i8*, i8*, i32)*
%struct.EFI_BOOT_SERVICES	34	i64 (i8*, %struct.GUID*, i8*, i8*)*
%struct.EFI_BOOT_SERVICES	35	i64 (i8*, %struct.GUID*, %struct.EFI_OPEN_PROTOCOL_INFORMATION_ENTRY**, i64*)*
%struct.EFI_BOOT_SERVICES	36	i64 (i8*, %struct.GUID***, i64*)*
%struct.EFI_BOOT_SERVICES	37	i64 (i32, %struct.GUID*, i8*, i64*, i8***)*
%struct.EFI_BOOT_SERVICES	38	i64 (%struct.GUID*, i8*, i8**)*
%struct.EFI_BOOT_SERVICES	39	i64 (i8**, ...)*
%struct.EFI_BOOT_SERVICES	40	i64 (i8*, ...)*
%struct.EFI_BOOT_SERVICES	41	i64 (i8*, i64, i32*)*
%struct.EFI_BOOT_SERVICES	42	void (i8*, i8*, i64)*
%struct.EFI_BOOT_SERVICES	43	void (i8*, i64, i8)*
%struct.EFI_BOOT_SERVICES	44	i64 (i32, i64, void (i8*, i8*)*, i8*, %struct.GUID*, i8**)*
