</harden/bcfiles/edk_bcfiles/AccessRWVar.bc>:RWVariableHandler:%206	</harden/bcfiles/edk_bcfiles/AccessRWVar.bc>:RWVariableHandler:%8	[</harden/bcfiles/edk_bcfiles/AccessRWVar.bc>:RWVariableHandler:%202, </harden/bcfiles/edk_bcfiles/AccessRWVar.bc>:RWVariableHandler:%206]	1
</harden/bcfiles/edk_bcfiles/AccessRWVar.bc>:RWVariableHandler:%203	</harden/bcfiles/edk_bcfiles/AccessRWVar.bc>:RWVariableHandler:%8	[</harden/bcfiles/edk_bcfiles/AccessRWVar.bc>:RWVariableHandler:%204, </harden/bcfiles/edk_bcfiles/AccessRWVar.bc>:RWVariableHandler:%203]	0
</harden/bcfiles/edk_bcfiles/AccessRWVar.bc>:RWVariableHandler:%179	</harden/bcfiles/edk_bcfiles/AccessRWVar.bc>:RWVariableHandler:%8	[</harden/bcfiles/edk_bcfiles/AccessRWVar.bc>:RWVariableHandler:%11, </harden/bcfiles/edk_bcfiles/AccessRWVar.bc>:RWVariableHandler:%179]	0
</harden/bcfiles/edk_bcfiles/AccessRWVar.bc>:RWVariableHandler:%178	</harden/bcfiles/edk_bcfiles/AccessRWVar.bc>:RWVariableHandler:%8	[</harden/bcfiles/edk_bcfiles/AccessRWVar.bc>:RWVariableHandler:%177, </harden/bcfiles/edk_bcfiles/AccessRWVar.bc>:RWVariableHandler:%178]	0
</harden/bcfiles/edk_bcfiles/AccessRWVar.bc>:RWVariableHandler:%204	</harden/bcfiles/edk_bcfiles/AccessRWVar.bc>:RWVariableHandler:%8	[</harden/bcfiles/edk_bcfiles/AccessRWVar.bc>:RWVariableHandler:%202, </harden/bcfiles/edk_bcfiles/AccessRWVar.bc>:RWVariableHandler:%204]	1
</harden/bcfiles/edk_bcfiles/AccessRWVar.bc>:RWVariableHandler:%176	</harden/bcfiles/edk_bcfiles/AccessRWVar.bc>:RWVariableHandler:%8	[</harden/bcfiles/edk_bcfiles/AccessRWVar.bc>:RWVariableHandler:%11, </harden/bcfiles/edk_bcfiles/AccessRWVar.bc>:RWVariableHandler:%176]	0
</harden/bcfiles/edk_bcfiles/AccessRWVar.bc>:RWVariableHandler:%164	</harden/bcfiles/edk_bcfiles/AccessRWVar.bc>:RWVariableHandler:%9	[</harden/bcfiles/edk_bcfiles/AccessRWVar.bc>:RWVariableHandler:%163, </harden/bcfiles/edk_bcfiles/AccessRWVar.bc>:RWVariableHandler:%164]	0
</harden/bcfiles/edk_bcfiles/AccessRWVar.bc>:RWVariableHandler:%182	</harden/bcfiles/edk_bcfiles/AccessRWVar.bc>:RWVariableHandler:%8	[</harden/bcfiles/edk_bcfiles/AccessRWVar.bc>:RWVariableHandler:%175, </harden/bcfiles/edk_bcfiles/AccessRWVar.bc>:RWVariableHandler:%182]	1
</harden/bcfiles/edk_bcfiles/AccessRWVar.bc>:RWVariableHandler:%162	</harden/bcfiles/edk_bcfiles/AccessRWVar.bc>:RWVariableHandler:%8	[</harden/bcfiles/edk_bcfiles/AccessRWVar.bc>:RWVariableHandler:%161, </harden/bcfiles/edk_bcfiles/AccessRWVar.bc>:RWVariableHandler:%162]	0
</harden/bcfiles/edk_bcfiles/AccessRWVar.bc>:RWVariableHandler:%181	</harden/bcfiles/edk_bcfiles/AccessRWVar.bc>:RWVariableHandler:%8	[</harden/bcfiles/edk_bcfiles/AccessRWVar.bc>:RWVariableHandler:%180, </harden/bcfiles/edk_bcfiles/AccessRWVar.bc>:RWVariableHandler:%181]	0
</harden/bcfiles/edk_bcfiles/AccessRWVar.bc>:RWVariableHandler:%161	</harden/bcfiles/edk_bcfiles/AccessRWVar.bc>:RWVariableHandler:%8	[</harden/bcfiles/edk_bcfiles/AccessRWVar.bc>:RWVariableHandler:%160, </harden/bcfiles/edk_bcfiles/AccessRWVar.bc>:RWVariableHandler:%161]	0
</harden/bcfiles/edk_bcfiles/AccessRWVar.bc>:RWVariableHandler:%160	</harden/bcfiles/edk_bcfiles/AccessRWVar.bc>:RWVariableHandler:%8	[</harden/bcfiles/edk_bcfiles/AccessRWVar.bc>:RWVariableHandler:%11, </harden/bcfiles/edk_bcfiles/AccessRWVar.bc>:RWVariableHandler:%160]	0
</harden/bcfiles/edk_bcfiles/AccessRWVar.bc>:RWVariableHandler:%158	</harden/bcfiles/edk_bcfiles/AccessRWVar.bc>:RWVariableHandler:%9	[</harden/bcfiles/edk_bcfiles/AccessRWVar.bc>:RWVariableHandler:%157, </harden/bcfiles/edk_bcfiles/AccessRWVar.bc>:RWVariableHandler:%158]	0
</harden/bcfiles/edk_bcfiles/AccessRWVar.bc>:RWVariableHandler:%156	</harden/bcfiles/edk_bcfiles/AccessRWVar.bc>:RWVariableHandler:%8	[</harden/bcfiles/edk_bcfiles/AccessRWVar.bc>:RWVariableHandler:%154, </harden/bcfiles/edk_bcfiles/AccessRWVar.bc>:RWVariableHandler:%156]	1
</harden/bcfiles/edk_bcfiles/AccessRWVar.bc>:RWVariableHandler:%155	</harden/bcfiles/edk_bcfiles/AccessRWVar.bc>:RWVariableHandler:%8	[</harden/bcfiles/edk_bcfiles/AccessRWVar.bc>:RWVariableHandler:%154, </harden/bcfiles/edk_bcfiles/AccessRWVar.bc>:RWVariableHandler:%155]	1
</harden/bcfiles/edk_bcfiles/AccessRWVar.bc>:RWVariableHandler:%154	</harden/bcfiles/edk_bcfiles/AccessRWVar.bc>:RWVariableHandler:%8	[</harden/bcfiles/edk_bcfiles/AccessRWVar.bc>:RWVariableHandler:%153, </harden/bcfiles/edk_bcfiles/AccessRWVar.bc>:RWVariableHandler:%154]	0
</harden/bcfiles/edk_bcfiles/AccessRWVar.bc>:RWVariableHandler:%177	</harden/bcfiles/edk_bcfiles/AccessRWVar.bc>:RWVariableHandler:%8	[</harden/bcfiles/edk_bcfiles/AccessRWVar.bc>:RWVariableHandler:%176, </harden/bcfiles/edk_bcfiles/AccessRWVar.bc>:RWVariableHandler:%177]	0
</harden/bcfiles/edk_bcfiles/AccessRWVar.bc>:RWVariableHandler:%153	</harden/bcfiles/edk_bcfiles/AccessRWVar.bc>:RWVariableHandler:%8	[</harden/bcfiles/edk_bcfiles/AccessRWVar.bc>:RWVariableHandler:%11, </harden/bcfiles/edk_bcfiles/AccessRWVar.bc>:RWVariableHandler:%153]	0
</harden/bcfiles/edk_bcfiles/AccessRWVar.bc>:RWVariableHandler:%152	</harden/bcfiles/edk_bcfiles/AccessRWVar.bc>:RWVariableHandler:%8	[</harden/bcfiles/edk_bcfiles/AccessRWVar.bc>:RWVariableHandler:%151, </harden/bcfiles/edk_bcfiles/AccessRWVar.bc>:RWVariableHandler:%152]	0
</harden/bcfiles/edk_bcfiles/AccessRWVar.bc>:RWVariableHandler:%149	</harden/bcfiles/edk_bcfiles/AccessRWVar.bc>:RWVariableHandler:%8	[</harden/bcfiles/edk_bcfiles/AccessRWVar.bc>:RWVariableHandler:%11, </harden/bcfiles/edk_bcfiles/AccessRWVar.bc>:RWVariableHandler:%149]	0
</harden/bcfiles/edk_bcfiles/AccessRWVar.bc>:RWVariableHandler:%205	</harden/bcfiles/edk_bcfiles/AccessRWVar.bc>:RWVariableHandler:%9	[</harden/bcfiles/edk_bcfiles/AccessRWVar.bc>:RWVariableHandler:%14, </harden/bcfiles/edk_bcfiles/AccessRWVar.bc>:RWVariableHandler:%205]	0
</harden/bcfiles/edk_bcfiles/AccessRWVar.bc>:RWVariableHandler:%146	</harden/bcfiles/edk_bcfiles/AccessRWVar.bc>:RWVariableHandler:%8	[</harden/bcfiles/edk_bcfiles/AccessRWVar.bc>:RWVariableHandler:%145, </harden/bcfiles/edk_bcfiles/AccessRWVar.bc>:RWVariableHandler:%146]	0
</harden/bcfiles/edk_bcfiles/AccessRWVar.bc>:RWVariableHandler:%142	</harden/bcfiles/edk_bcfiles/AccessRWVar.bc>:RWVariableHandler:%8	[</harden/bcfiles/edk_bcfiles/AccessRWVar.bc>:RWVariableHandler:%11, </harden/bcfiles/edk_bcfiles/AccessRWVar.bc>:RWVariableHandler:%142]	0
</harden/bcfiles/edk_bcfiles/AccessRWVar.bc>:RWVariableHandler:%135	</harden/bcfiles/edk_bcfiles/AccessRWVar.bc>:RWVariableHandler:%8	[</harden/bcfiles/edk_bcfiles/AccessRWVar.bc>:RWVariableHandler:%134, </harden/bcfiles/edk_bcfiles/AccessRWVar.bc>:RWVariableHandler:%135]	0
</harden/bcfiles/edk_bcfiles/AccessRWVar.bc>:RWVariableHandler:%134	</harden/bcfiles/edk_bcfiles/AccessRWVar.bc>:RWVariableHandler:%8	[</harden/bcfiles/edk_bcfiles/AccessRWVar.bc>:RWVariableHandler:%11, </harden/bcfiles/edk_bcfiles/AccessRWVar.bc>:RWVariableHandler:%134]	0
</harden/bcfiles/edk_bcfiles/AccessRWVar.bc>:RWVariableHandler:%124	</harden/bcfiles/edk_bcfiles/AccessRWVar.bc>:RWVariableHandler:%8	[</harden/bcfiles/edk_bcfiles/AccessRWVar.bc>:RWVariableHandler:%123, </harden/bcfiles/edk_bcfiles/AccessRWVar.bc>:RWVariableHandler:%124]	0
</harden/bcfiles/edk_bcfiles/AccessRWVar.bc>:RWVariableHandler:%123	</harden/bcfiles/edk_bcfiles/AccessRWVar.bc>:RWVariableHandler:%8	[</harden/bcfiles/edk_bcfiles/AccessRWVar.bc>:RWVariableHandler:%118, </harden/bcfiles/edk_bcfiles/AccessRWVar.bc>:RWVariableHandler:%123]	0
</harden/bcfiles/edk_bcfiles/AccessRWVar.bc>:RWVariableHandler:%122	</harden/bcfiles/edk_bcfiles/AccessRWVar.bc>:RWVariableHandler:%8	[</harden/bcfiles/edk_bcfiles/AccessRWVar.bc>:RWVariableHandler:%121, </harden/bcfiles/edk_bcfiles/AccessRWVar.bc>:RWVariableHandler:%122]	0
</harden/bcfiles/edk_bcfiles/AccessRWVar.bc>:RWVariableHandler:%121	</harden/bcfiles/edk_bcfiles/AccessRWVar.bc>:RWVariableHandler:%8	[</harden/bcfiles/edk_bcfiles/AccessRWVar.bc>:RWVariableHandler:%120, </harden/bcfiles/edk_bcfiles/AccessRWVar.bc>:RWVariableHandler:%121]	0
</harden/bcfiles/edk_bcfiles/AccessRWVar.bc>:RWVariableHandler:%120	</harden/bcfiles/edk_bcfiles/AccessRWVar.bc>:RWVariableHandler:%8	[</harden/bcfiles/edk_bcfiles/AccessRWVar.bc>:RWVariableHandler:%119, </harden/bcfiles/edk_bcfiles/AccessRWVar.bc>:RWVariableHandler:%120]	0
</harden/bcfiles/edk_bcfiles/AccessRWVar.bc>:RWVariableHandler:%118	</harden/bcfiles/edk_bcfiles/AccessRWVar.bc>:RWVariableHandler:%8	[</harden/bcfiles/edk_bcfiles/AccessRWVar.bc>:RWVariableHandler:%117, </harden/bcfiles/edk_bcfiles/AccessRWVar.bc>:RWVariableHandler:%118]	0
</harden/bcfiles/edk_bcfiles/AccessRWVar.bc>:RWVariableHandler:%117	</harden/bcfiles/edk_bcfiles/AccessRWVar.bc>:RWVariableHandler:%8	[</harden/bcfiles/edk_bcfiles/AccessRWVar.bc>:RWVariableHandler:%116, </harden/bcfiles/edk_bcfiles/AccessRWVar.bc>:RWVariableHandler:%117]	0
</harden/bcfiles/edk_bcfiles/AccessRWVar.bc>:RWVariableHandler:%116	</harden/bcfiles/edk_bcfiles/AccessRWVar.bc>:RWVariableHandler:%8	[</harden/bcfiles/edk_bcfiles/AccessRWVar.bc>:RWVariableHandler:%11, </harden/bcfiles/edk_bcfiles/AccessRWVar.bc>:RWVariableHandler:%116]	0
</harden/bcfiles/edk_bcfiles/AccessRWVar.bc>:RWVariableHandler:%113	</harden/bcfiles/edk_bcfiles/AccessRWVar.bc>:RWVariableHandler:%8	[</harden/bcfiles/edk_bcfiles/AccessRWVar.bc>:RWVariableHandler:%112, </harden/bcfiles/edk_bcfiles/AccessRWVar.bc>:RWVariableHandler:%113]	0
</harden/bcfiles/edk_bcfiles/AccessRWVar.bc>:RWVariableHandler:%157	</harden/bcfiles/edk_bcfiles/AccessRWVar.bc>:RWVariableHandler:%9	[</harden/bcfiles/edk_bcfiles/AccessRWVar.bc>:RWVariableHandler:%10, </harden/bcfiles/edk_bcfiles/AccessRWVar.bc>:RWVariableHandler:%157]	0
</harden/bcfiles/edk_bcfiles/AccessRWVar.bc>:RWVariableHandler:%144	</harden/bcfiles/edk_bcfiles/AccessRWVar.bc>:RWVariableHandler:%8	[</harden/bcfiles/edk_bcfiles/AccessRWVar.bc>:RWVariableHandler:%143, </harden/bcfiles/edk_bcfiles/AccessRWVar.bc>:RWVariableHandler:%144]	0
</harden/bcfiles/edk_bcfiles/AccessRWVar.bc>:RWVariableHandler:%201	</harden/bcfiles/edk_bcfiles/AccessRWVar.bc>:RWVariableHandler:%8	[</harden/bcfiles/edk_bcfiles/AccessRWVar.bc>:RWVariableHandler:%200, </harden/bcfiles/edk_bcfiles/AccessRWVar.bc>:RWVariableHandler:%201]	0
</harden/bcfiles/edk_bcfiles/AccessRWVar.bc>:RWVariableHandler:%95	</harden/bcfiles/edk_bcfiles/AccessRWVar.bc>:RWVariableHandler:%8	[</harden/bcfiles/edk_bcfiles/AccessRWVar.bc>:RWVariableHandler:%91, </harden/bcfiles/edk_bcfiles/AccessRWVar.bc>:RWVariableHandler:%95]	0
</harden/bcfiles/edk_bcfiles/AccessRWVar.bc>:RWVariableHandler:%94	</harden/bcfiles/edk_bcfiles/AccessRWVar.bc>:RWVariableHandler:%8	[</harden/bcfiles/edk_bcfiles/AccessRWVar.bc>:RWVariableHandler:%93, </harden/bcfiles/edk_bcfiles/AccessRWVar.bc>:RWVariableHandler:%94]	0
</harden/bcfiles/edk_bcfiles/AccessRWVar.bc>:RWVariableHandler:%88	</harden/bcfiles/edk_bcfiles/AccessRWVar.bc>:RWVariableHandler:%8	[</harden/bcfiles/edk_bcfiles/AccessRWVar.bc>:RWVariableHandler:%87, </harden/bcfiles/edk_bcfiles/AccessRWVar.bc>:RWVariableHandler:%88]	0
</harden/bcfiles/edk_bcfiles/AccessRWVar.bc>:RWVariableHandler:%86	</harden/bcfiles/edk_bcfiles/AccessRWVar.bc>:RWVariableHandler:%8	[</harden/bcfiles/edk_bcfiles/AccessRWVar.bc>:RWVariableHandler:%85, </harden/bcfiles/edk_bcfiles/AccessRWVar.bc>:RWVariableHandler:%86]	0
</harden/bcfiles/edk_bcfiles/AccessRWVar.bc>:RWVariableHandler:%200	</harden/bcfiles/edk_bcfiles/AccessRWVar.bc>:RWVariableHandler:%8	[</harden/bcfiles/edk_bcfiles/AccessRWVar.bc>:RWVariableHandler:%11, </harden/bcfiles/edk_bcfiles/AccessRWVar.bc>:RWVariableHandler:%200]	0
</harden/bcfiles/edk_bcfiles/AccessRWVar.bc>:RWVariableHandler:%170	</harden/bcfiles/edk_bcfiles/AccessRWVar.bc>:RWVariableHandler:%8	[</harden/bcfiles/edk_bcfiles/AccessRWVar.bc>:RWVariableHandler:%169, </harden/bcfiles/edk_bcfiles/AccessRWVar.bc>:RWVariableHandler:%170]	0
</harden/bcfiles/edk_bcfiles/AccessRWVar.bc>:RWVariableHandler:%85	</harden/bcfiles/edk_bcfiles/AccessRWVar.bc>:RWVariableHandler:%8	[</harden/bcfiles/edk_bcfiles/AccessRWVar.bc>:RWVariableHandler:%84, </harden/bcfiles/edk_bcfiles/AccessRWVar.bc>:RWVariableHandler:%85]	0
</harden/bcfiles/edk_bcfiles/AccessRWVar.bc>:RWVariableHandler:%83	</harden/bcfiles/edk_bcfiles/AccessRWVar.bc>:RWVariableHandler:%8	[</harden/bcfiles/edk_bcfiles/AccessRWVar.bc>:RWVariableHandler:%82, </harden/bcfiles/edk_bcfiles/AccessRWVar.bc>:RWVariableHandler:%83]	0
</harden/bcfiles/edk_bcfiles/AccessRWVar.bc>:RWVariableHandler:%163	</harden/bcfiles/edk_bcfiles/AccessRWVar.bc>:RWVariableHandler:%9	[</harden/bcfiles/edk_bcfiles/AccessRWVar.bc>:RWVariableHandler:%14, </harden/bcfiles/edk_bcfiles/AccessRWVar.bc>:RWVariableHandler:%163]	0
</harden/bcfiles/edk_bcfiles/AccessRWVar.bc>:RWVariableHandler:%81	</harden/bcfiles/edk_bcfiles/AccessRWVar.bc>:RWVariableHandler:%8	[</harden/bcfiles/edk_bcfiles/AccessRWVar.bc>:RWVariableHandler:%80, </harden/bcfiles/edk_bcfiles/AccessRWVar.bc>:RWVariableHandler:%81]	0
</harden/bcfiles/edk_bcfiles/AccessRWVar.bc>:RWVariableHandler:%80	</harden/bcfiles/edk_bcfiles/AccessRWVar.bc>:RWVariableHandler:%8	[</harden/bcfiles/edk_bcfiles/AccessRWVar.bc>:RWVariableHandler:%79, </harden/bcfiles/edk_bcfiles/AccessRWVar.bc>:RWVariableHandler:%80]	0
</harden/bcfiles/edk_bcfiles/AccessRWVar.bc>:RWVariableHandler:%150	</harden/bcfiles/edk_bcfiles/AccessRWVar.bc>:RWVariableHandler:%8	[</harden/bcfiles/edk_bcfiles/AccessRWVar.bc>:RWVariableHandler:%149, </harden/bcfiles/edk_bcfiles/AccessRWVar.bc>:RWVariableHandler:%150]	0
</harden/bcfiles/edk_bcfiles/AccessRWVar.bc>:RWVariableHandler:%78	</harden/bcfiles/edk_bcfiles/AccessRWVar.bc>:RWVariableHandler:%8	[</harden/bcfiles/edk_bcfiles/AccessRWVar.bc>:RWVariableHandler:%76, </harden/bcfiles/edk_bcfiles/AccessRWVar.bc>:RWVariableHandler:%78]	1
</harden/bcfiles/edk_bcfiles/AccessRWVar.bc>:RWVariableHandler:%171	</harden/bcfiles/edk_bcfiles/AccessRWVar.bc>:RWVariableHandler:%8	[</harden/bcfiles/edk_bcfiles/AccessRWVar.bc>:RWVariableHandler:%170, </harden/bcfiles/edk_bcfiles/AccessRWVar.bc>:RWVariableHandler:%171]	0
</harden/bcfiles/edk_bcfiles/AccessRWVar.bc>:RWVariableHandler:%76	</harden/bcfiles/edk_bcfiles/AccessRWVar.bc>:RWVariableHandler:%8	[</harden/bcfiles/edk_bcfiles/AccessRWVar.bc>:RWVariableHandler:%8, </harden/bcfiles/edk_bcfiles/AccessRWVar.bc>:RWVariableHandler:%76]	0
</harden/bcfiles/edk_bcfiles/AccessRWVar.bc>:RWVariableHandler:%74	</harden/bcfiles/edk_bcfiles/AccessRWVar.bc>:RWVariableHandler:%8	[</harden/bcfiles/edk_bcfiles/AccessRWVar.bc>:RWVariableHandler:%75, </harden/bcfiles/edk_bcfiles/AccessRWVar.bc>:RWVariableHandler:%74]	0
</harden/bcfiles/edk_bcfiles/AccessRWVar.bc>:RWVariableHandler:%82	</harden/bcfiles/edk_bcfiles/AccessRWVar.bc>:RWVariableHandler:%8	[</harden/bcfiles/edk_bcfiles/AccessRWVar.bc>:RWVariableHandler:%12, </harden/bcfiles/edk_bcfiles/AccessRWVar.bc>:RWVariableHandler:%82]	0
</harden/bcfiles/edk_bcfiles/AccessRWVar.bc>:RWVariableHandler:%151	</harden/bcfiles/edk_bcfiles/AccessRWVar.bc>:RWVariableHandler:%8	[</harden/bcfiles/edk_bcfiles/AccessRWVar.bc>:RWVariableHandler:%11, </harden/bcfiles/edk_bcfiles/AccessRWVar.bc>:RWVariableHandler:%151]	0
</harden/bcfiles/edk_bcfiles/AccessRWVar.bc>:RWVariableHandler:%59	</harden/bcfiles/edk_bcfiles/AccessRWVar.bc>:RWVariableHandler:%9	[</harden/bcfiles/edk_bcfiles/AccessRWVar.bc>:RWVariableHandler:%58, </harden/bcfiles/edk_bcfiles/AccessRWVar.bc>:RWVariableHandler:%59]	0
</harden/bcfiles/edk_bcfiles/AccessRWVar.bc>:RWVariableHandler:%169	</harden/bcfiles/edk_bcfiles/AccessRWVar.bc>:RWVariableHandler:%8	[</harden/bcfiles/edk_bcfiles/AccessRWVar.bc>:RWVariableHandler:%168, </harden/bcfiles/edk_bcfiles/AccessRWVar.bc>:RWVariableHandler:%169]	0
</harden/bcfiles/edk_bcfiles/AccessRWVar.bc>:RWVariableHandler:%56	</harden/bcfiles/edk_bcfiles/AccessRWVar.bc>:RWVariableHandler:%8	[</harden/bcfiles/edk_bcfiles/AccessRWVar.bc>:RWVariableHandler:%11, </harden/bcfiles/edk_bcfiles/AccessRWVar.bc>:RWVariableHandler:%56]	0
</harden/bcfiles/edk_bcfiles/AccessRWVar.bc>:RWVariableHandler:%93	</harden/bcfiles/edk_bcfiles/AccessRWVar.bc>:RWVariableHandler:%8	[</harden/bcfiles/edk_bcfiles/AccessRWVar.bc>:RWVariableHandler:%92, </harden/bcfiles/edk_bcfiles/AccessRWVar.bc>:RWVariableHandler:%93]	0
</harden/bcfiles/edk_bcfiles/AccessRWVar.bc>:RWVariableHandler:%143	</harden/bcfiles/edk_bcfiles/AccessRWVar.bc>:RWVariableHandler:%8	[</harden/bcfiles/edk_bcfiles/AccessRWVar.bc>:RWVariableHandler:%142, </harden/bcfiles/edk_bcfiles/AccessRWVar.bc>:RWVariableHandler:%143]	0
</harden/bcfiles/edk_bcfiles/AccessRWVar.bc>:RWVariableHandler:%55	</harden/bcfiles/edk_bcfiles/AccessRWVar.bc>:RWVariableHandler:%9	[</harden/bcfiles/edk_bcfiles/AccessRWVar.bc>:RWVariableHandler:%14, </harden/bcfiles/edk_bcfiles/AccessRWVar.bc>:RWVariableHandler:%55]	0
</harden/bcfiles/edk_bcfiles/AccessRWVar.bc>:RWVariableHandler:%91	</harden/bcfiles/edk_bcfiles/AccessRWVar.bc>:RWVariableHandler:%8	[</harden/bcfiles/edk_bcfiles/AccessRWVar.bc>:RWVariableHandler:%90, </harden/bcfiles/edk_bcfiles/AccessRWVar.bc>:RWVariableHandler:%91]	0
</harden/bcfiles/edk_bcfiles/AccessRWVar.bc>:RWVariableHandler:%36	</harden/bcfiles/edk_bcfiles/AccessRWVar.bc>:RWVariableHandler:%9	[</harden/bcfiles/edk_bcfiles/AccessRWVar.bc>:RWVariableHandler:%14, </harden/bcfiles/edk_bcfiles/AccessRWVar.bc>:RWVariableHandler:%36]	0
</harden/bcfiles/edk_bcfiles/AccessRWVar.bc>:RWVariableHandler:%183	</harden/bcfiles/edk_bcfiles/AccessRWVar.bc>:RWVariableHandler:%8	[</harden/bcfiles/edk_bcfiles/AccessRWVar.bc>:RWVariableHandler:%175, </harden/bcfiles/edk_bcfiles/AccessRWVar.bc>:RWVariableHandler:%183]	1
</harden/bcfiles/edk_bcfiles/AccessRWVar.bc>:RWVariableHandler:%35	</harden/bcfiles/edk_bcfiles/AccessRWVar.bc>:RWVariableHandler:%9	[</harden/bcfiles/edk_bcfiles/AccessRWVar.bc>:RWVariableHandler:%34, </harden/bcfiles/edk_bcfiles/AccessRWVar.bc>:RWVariableHandler:%35]	0
</harden/bcfiles/edk_bcfiles/AccessRWVar.bc>:RWVariableHandler:%145	</harden/bcfiles/edk_bcfiles/AccessRWVar.bc>:RWVariableHandler:%8	[</harden/bcfiles/edk_bcfiles/AccessRWVar.bc>:RWVariableHandler:%144, </harden/bcfiles/edk_bcfiles/AccessRWVar.bc>:RWVariableHandler:%145]	0
</harden/bcfiles/edk_bcfiles/AccessRWVar.bc>:RWVariableHandler:%37	</harden/bcfiles/edk_bcfiles/AccessRWVar.bc>:RWVariableHandler:%9	[</harden/bcfiles/edk_bcfiles/AccessRWVar.bc>:RWVariableHandler:%36, </harden/bcfiles/edk_bcfiles/AccessRWVar.bc>:RWVariableHandler:%37]	0
</harden/bcfiles/edk_bcfiles/AccessRWVar.bc>:RWVariableHandler:%202	</harden/bcfiles/edk_bcfiles/AccessRWVar.bc>:RWVariableHandler:%8	[</harden/bcfiles/edk_bcfiles/AccessRWVar.bc>:RWVariableHandler:%8, </harden/bcfiles/edk_bcfiles/AccessRWVar.bc>:RWVariableHandler:%202]	0
</harden/bcfiles/edk_bcfiles/AccessRWVar.bc>:RWVariableHandler:%18	</harden/bcfiles/edk_bcfiles/AccessRWVar.bc>:RWVariableHandler:%9	[</harden/bcfiles/edk_bcfiles/AccessRWVar.bc>:RWVariableHandler:%9, </harden/bcfiles/edk_bcfiles/AccessRWVar.bc>:RWVariableHandler:%18]	0
</harden/bcfiles/edk_bcfiles/AccessRWVar.bc>:RWVariableHandler:%173	</harden/bcfiles/edk_bcfiles/AccessRWVar.bc>:RWVariableHandler:%8	[</harden/bcfiles/edk_bcfiles/AccessRWVar.bc>:RWVariableHandler:%175, </harden/bcfiles/edk_bcfiles/AccessRWVar.bc>:RWVariableHandler:%173]	1
</harden/bcfiles/edk_bcfiles/AccessRWVar.bc>:RWVariableHandler:%16	</harden/bcfiles/edk_bcfiles/AccessRWVar.bc>:RWVariableHandler:%8	[</harden/bcfiles/edk_bcfiles/AccessRWVar.bc>:RWVariableHandler:%15, </harden/bcfiles/edk_bcfiles/AccessRWVar.bc>:RWVariableHandler:%16]	0
</harden/bcfiles/edk_bcfiles/AccessRWVar.bc>:RWVariableHandler:%89	</harden/bcfiles/edk_bcfiles/AccessRWVar.bc>:RWVariableHandler:%8	[</harden/bcfiles/edk_bcfiles/AccessRWVar.bc>:RWVariableHandler:%88, </harden/bcfiles/edk_bcfiles/AccessRWVar.bc>:RWVariableHandler:%89]	0
</harden/bcfiles/edk_bcfiles/AccessRWVar.bc>:RWVariableHandler:%112	</harden/bcfiles/edk_bcfiles/AccessRWVar.bc>:RWVariableHandler:%8	[</harden/bcfiles/edk_bcfiles/AccessRWVar.bc>:RWVariableHandler:%11, </harden/bcfiles/edk_bcfiles/AccessRWVar.bc>:RWVariableHandler:%112]	0
</harden/bcfiles/edk_bcfiles/AccessRWVar.bc>:RWVariableHandler:%15	</harden/bcfiles/edk_bcfiles/AccessRWVar.bc>:RWVariableHandler:%8	[</harden/bcfiles/edk_bcfiles/AccessRWVar.bc>:RWVariableHandler:%8, </harden/bcfiles/edk_bcfiles/AccessRWVar.bc>:RWVariableHandler:%15]	0
</harden/bcfiles/edk_bcfiles/AccessRWVar.bc>:RWVariableHandler:%79	</harden/bcfiles/edk_bcfiles/AccessRWVar.bc>:RWVariableHandler:%8	[</harden/bcfiles/edk_bcfiles/AccessRWVar.bc>:RWVariableHandler:%11, </harden/bcfiles/edk_bcfiles/AccessRWVar.bc>:RWVariableHandler:%79]	0
</harden/bcfiles/edk_bcfiles/AccessRWVar.bc>:RWVariableHandler:%148	</harden/bcfiles/edk_bcfiles/AccessRWVar.bc>:RWVariableHandler:%8	[</harden/bcfiles/edk_bcfiles/AccessRWVar.bc>:RWVariableHandler:%154, </harden/bcfiles/edk_bcfiles/AccessRWVar.bc>:RWVariableHandler:%148]	1
</harden/bcfiles/edk_bcfiles/AccessRWVar.bc>:RWVariableHandler:%75	</harden/bcfiles/edk_bcfiles/AccessRWVar.bc>:RWVariableHandler:%8	[</harden/bcfiles/edk_bcfiles/AccessRWVar.bc>:RWVariableHandler:%76, </harden/bcfiles/edk_bcfiles/AccessRWVar.bc>:RWVariableHandler:%75]	1
</harden/bcfiles/edk_bcfiles/AccessRWVar.bc>:RWVariableHandler:%87	</harden/bcfiles/edk_bcfiles/AccessRWVar.bc>:RWVariableHandler:%8	[</harden/bcfiles/edk_bcfiles/AccessRWVar.bc>:RWVariableHandler:%86, </harden/bcfiles/edk_bcfiles/AccessRWVar.bc>:RWVariableHandler:%87]	0
</harden/bcfiles/edk_bcfiles/AccessRWVar.bc>:RWVariableHandler:%77	</harden/bcfiles/edk_bcfiles/AccessRWVar.bc>:RWVariableHandler:%9	[</harden/bcfiles/edk_bcfiles/AccessRWVar.bc>:RWVariableHandler:%14, </harden/bcfiles/edk_bcfiles/AccessRWVar.bc>:RWVariableHandler:%77]	0
</harden/bcfiles/edk_bcfiles/AccessRWVar.bc>:RWVariableHandler:%167	</harden/bcfiles/edk_bcfiles/AccessRWVar.bc>:RWVariableHandler:%8	[</harden/bcfiles/edk_bcfiles/AccessRWVar.bc>:RWVariableHandler:%11, </harden/bcfiles/edk_bcfiles/AccessRWVar.bc>:RWVariableHandler:%167]	0
</harden/bcfiles/edk_bcfiles/AccessRWVar.bc>:RWVariableHandler:%13	</harden/bcfiles/edk_bcfiles/AccessRWVar.bc>:RWVariableHandler:%8	[</harden/bcfiles/edk_bcfiles/AccessRWVar.bc>:RWVariableHandler:%182, </harden/bcfiles/edk_bcfiles/AccessRWVar.bc>:RWVariableHandler:%13]	0
</harden/bcfiles/edk_bcfiles/AccessRWVar.bc>:RWVariableHandler:%175	</harden/bcfiles/edk_bcfiles/AccessRWVar.bc>:RWVariableHandler:%8	[</harden/bcfiles/edk_bcfiles/AccessRWVar.bc>:RWVariableHandler:%174, </harden/bcfiles/edk_bcfiles/AccessRWVar.bc>:RWVariableHandler:%175]	0
</harden/bcfiles/edk_bcfiles/AccessRWVar.bc>:RWVariableHandler:%12	</harden/bcfiles/edk_bcfiles/AccessRWVar.bc>:RWVariableHandler:%8	[</harden/bcfiles/edk_bcfiles/AccessRWVar.bc>:RWVariableHandler:%81, </harden/bcfiles/edk_bcfiles/AccessRWVar.bc>:RWVariableHandler:%12]	0
</harden/bcfiles/edk_bcfiles/AccessRWVar.bc>:RWVariableHandler:%10	</harden/bcfiles/edk_bcfiles/AccessRWVar.bc>:RWVariableHandler:%9	[</harden/bcfiles/edk_bcfiles/AccessRWVar.bc>:RWVariableHandler:%57, </harden/bcfiles/edk_bcfiles/AccessRWVar.bc>:RWVariableHandler:%10]	0
</harden/bcfiles/edk_bcfiles/AccessRWVar.bc>:RWVariableHandler:%90	</harden/bcfiles/edk_bcfiles/AccessRWVar.bc>:RWVariableHandler:%8	[</harden/bcfiles/edk_bcfiles/AccessRWVar.bc>:RWVariableHandler:%13, </harden/bcfiles/edk_bcfiles/AccessRWVar.bc>:RWVariableHandler:%90]	0
</harden/bcfiles/edk_bcfiles/AccessRWVar.bc>:RWVariableHandler:%174	</harden/bcfiles/edk_bcfiles/AccessRWVar.bc>:RWVariableHandler:%8	[</harden/bcfiles/edk_bcfiles/AccessRWVar.bc>:RWVariableHandler:%11, </harden/bcfiles/edk_bcfiles/AccessRWVar.bc>:RWVariableHandler:%174]	0
</harden/bcfiles/edk_bcfiles/AccessRWVar.bc>:RWVariableHandler:%11	</harden/bcfiles/edk_bcfiles/AccessRWVar.bc>:RWVariableHandler:%8	[</harden/bcfiles/edk_bcfiles/AccessRWVar.bc>:RWVariableHandler:%203, </harden/bcfiles/edk_bcfiles/AccessRWVar.bc>:RWVariableHandler:%11]	0
</harden/bcfiles/edk_bcfiles/AccessRWVar.bc>:RWVariableHandler:%9	</harden/bcfiles/edk_bcfiles/AccessRWVar.bc>:RWVariableHandler:%9	[</harden/bcfiles/edk_bcfiles/AccessRWVar.bc>:RWVariableHandler:%9, </harden/bcfiles/edk_bcfiles/AccessRWVar.bc>:RWVariableHandler:%9]	0
</harden/bcfiles/edk_bcfiles/AccessRWVar.bc>:RWVariableHandler:%8	</harden/bcfiles/edk_bcfiles/AccessRWVar.bc>:RWVariableHandler:%8	[</harden/bcfiles/edk_bcfiles/AccessRWVar.bc>:RWVariableHandler:%8, </harden/bcfiles/edk_bcfiles/AccessRWVar.bc>:RWVariableHandler:%8]	0
</harden/bcfiles/edk_bcfiles/AccessRWVar.bc>:RWVariableHandler:%168	</harden/bcfiles/edk_bcfiles/AccessRWVar.bc>:RWVariableHandler:%8	[</harden/bcfiles/edk_bcfiles/AccessRWVar.bc>:RWVariableHandler:%167, </harden/bcfiles/edk_bcfiles/AccessRWVar.bc>:RWVariableHandler:%168]	0
</harden/bcfiles/edk_bcfiles/AccessRWVar.bc>:RWVariableHandler:%136	</harden/bcfiles/edk_bcfiles/AccessRWVar.bc>:RWVariableHandler:%8	[</harden/bcfiles/edk_bcfiles/AccessRWVar.bc>:RWVariableHandler:%135, </harden/bcfiles/edk_bcfiles/AccessRWVar.bc>:RWVariableHandler:%136]	0
</harden/bcfiles/edk_bcfiles/AccessRWVar.bc>:RWVariableHandler:%84	</harden/bcfiles/edk_bcfiles/AccessRWVar.bc>:RWVariableHandler:%8	[</harden/bcfiles/edk_bcfiles/AccessRWVar.bc>:RWVariableHandler:%11, </harden/bcfiles/edk_bcfiles/AccessRWVar.bc>:RWVariableHandler:%84]	0
</harden/bcfiles/edk_bcfiles/AccessRWVar.bc>:RWVariableHandler:%180	</harden/bcfiles/edk_bcfiles/AccessRWVar.bc>:RWVariableHandler:%8	[</harden/bcfiles/edk_bcfiles/AccessRWVar.bc>:RWVariableHandler:%179, </harden/bcfiles/edk_bcfiles/AccessRWVar.bc>:RWVariableHandler:%180]	0
</harden/bcfiles/edk_bcfiles/AccessRWVar.bc>:RWVariableHandler:%14	</harden/bcfiles/edk_bcfiles/AccessRWVar.bc>:RWVariableHandler:%9	[</harden/bcfiles/edk_bcfiles/AccessRWVar.bc>:RWVariableHandler:%35, </harden/bcfiles/edk_bcfiles/AccessRWVar.bc>:RWVariableHandler:%14]	0
</harden/bcfiles/edk_bcfiles/AccessRWVar.bc>:RWVariableHandler:%199	</harden/bcfiles/edk_bcfiles/AccessRWVar.bc>:RWVariableHandler:%9	[</harden/bcfiles/edk_bcfiles/AccessRWVar.bc>:RWVariableHandler:%10, </harden/bcfiles/edk_bcfiles/AccessRWVar.bc>:RWVariableHandler:%199]	0
</harden/bcfiles/edk_bcfiles/AccessRWVar.bc>:RWVariableHandler:%34	</harden/bcfiles/edk_bcfiles/AccessRWVar.bc>:RWVariableHandler:%9	[</harden/bcfiles/edk_bcfiles/AccessRWVar.bc>:RWVariableHandler:%9, </harden/bcfiles/edk_bcfiles/AccessRWVar.bc>:RWVariableHandler:%34]	0
</harden/bcfiles/edk_bcfiles/AccessRWVar.bc>:RWVariableHandler:%19	</harden/bcfiles/edk_bcfiles/AccessRWVar.bc>:RWVariableHandler:%9	[</harden/bcfiles/edk_bcfiles/AccessRWVar.bc>:RWVariableHandler:%18, </harden/bcfiles/edk_bcfiles/AccessRWVar.bc>:RWVariableHandler:%19]	0
</harden/bcfiles/edk_bcfiles/AccessRWVar.bc>:RWVariableHandler:%114	</harden/bcfiles/edk_bcfiles/AccessRWVar.bc>:RWVariableHandler:%8	[</harden/bcfiles/edk_bcfiles/AccessRWVar.bc>:RWVariableHandler:%113, </harden/bcfiles/edk_bcfiles/AccessRWVar.bc>:RWVariableHandler:%114]	1
</harden/bcfiles/edk_bcfiles/AccessRWVar.bc>:RWVariableHandler:%58	</harden/bcfiles/edk_bcfiles/AccessRWVar.bc>:RWVariableHandler:%9	[</harden/bcfiles/edk_bcfiles/AccessRWVar.bc>:RWVariableHandler:%10, </harden/bcfiles/edk_bcfiles/AccessRWVar.bc>:RWVariableHandler:%58]	0
</harden/bcfiles/edk_bcfiles/AccessRWVar.bc>:RWVariableHandler:%57	</harden/bcfiles/edk_bcfiles/AccessRWVar.bc>:RWVariableHandler:%9	[</harden/bcfiles/edk_bcfiles/AccessRWVar.bc>:RWVariableHandler:%55, </harden/bcfiles/edk_bcfiles/AccessRWVar.bc>:RWVariableHandler:%57]	1
</harden/bcfiles/edk_bcfiles/AccessRWVar.bc>:RWVariableHandler:%92	</harden/bcfiles/edk_bcfiles/AccessRWVar.bc>:RWVariableHandler:%8	[</harden/bcfiles/edk_bcfiles/AccessRWVar.bc>:RWVariableHandler:%12, </harden/bcfiles/edk_bcfiles/AccessRWVar.bc>:RWVariableHandler:%92]	0
</harden/bcfiles/edk_bcfiles/AccessRWVar.bc>:RWVariableHandler:%119	</harden/bcfiles/edk_bcfiles/AccessRWVar.bc>:RWVariableHandler:%8	[</harden/bcfiles/edk_bcfiles/AccessRWVar.bc>:RWVariableHandler:%11, </harden/bcfiles/edk_bcfiles/AccessRWVar.bc>:RWVariableHandler:%119]	0
</harden/bcfiles/edk_bcfiles/AccessRWVar.bc>:AccessReadVariable:%18	</harden/bcfiles/edk_bcfiles/AccessRWVar.bc>:RWVariableHandler:%8	[</harden/bcfiles/edk_bcfiles/AccessRWVar.bc>:AccessReadVariable:%16, </harden/bcfiles/edk_bcfiles/AccessRWVar.bc>:AccessReadVariable:%18]	1
</harden/bcfiles/edk_bcfiles/AccessRWVar.bc>:AccessReadVariable:%17	</harden/bcfiles/edk_bcfiles/AccessRWVar.bc>:RWVariableHandler:%8	[</harden/bcfiles/edk_bcfiles/AccessRWVar.bc>:AccessReadVariable:%10, </harden/bcfiles/edk_bcfiles/AccessRWVar.bc>:AccessReadVariable:%17]	0
</harden/bcfiles/edk_bcfiles/AccessRWVar.bc>:AccessReadVariable:%16	</harden/bcfiles/edk_bcfiles/AccessRWVar.bc>:RWVariableHandler:%8	[</harden/bcfiles/edk_bcfiles/AccessRWVar.bc>:AccessReadVariable:%9, </harden/bcfiles/edk_bcfiles/AccessRWVar.bc>:AccessReadVariable:%16]	0
</harden/bcfiles/edk_bcfiles/AccessRWVar.bc>:AccessReadVariable:%15	</harden/bcfiles/edk_bcfiles/AccessRWVar.bc>:RWVariableHandler:%8	[</harden/bcfiles/edk_bcfiles/AccessRWVar.bc>:AccessReadVariable:%7, </harden/bcfiles/edk_bcfiles/AccessRWVar.bc>:AccessReadVariable:%15]	0
</harden/bcfiles/edk_bcfiles/AccessRWVar.bc>:AccessReadVariable:%14	</harden/bcfiles/edk_bcfiles/AccessRWVar.bc>:RWVariableHandler:%8	[</harden/bcfiles/edk_bcfiles/AccessRWVar.bc>:AccessReadVariable:%6, </harden/bcfiles/edk_bcfiles/AccessRWVar.bc>:AccessReadVariable:%14]	0
</harden/bcfiles/edk_bcfiles/AccessRWVar.bc>:AccessReadVariable:%10	</harden/bcfiles/edk_bcfiles/AccessRWVar.bc>:RWVariableHandler:%8	[</harden/bcfiles/edk_bcfiles/AccessRWVar.bc>:AccessReadVariable:%4, </harden/bcfiles/edk_bcfiles/AccessRWVar.bc>:AccessReadVariable:%10]	0
</harden/bcfiles/edk_bcfiles/AccessRWVar.bc>:AccessReadVariable:%9	</harden/bcfiles/edk_bcfiles/AccessRWVar.bc>:RWVariableHandler:%8	[</harden/bcfiles/edk_bcfiles/AccessRWVar.bc>:AccessReadVariable:%3, </harden/bcfiles/edk_bcfiles/AccessRWVar.bc>:AccessReadVariable:%9]	0
</harden/bcfiles/edk_bcfiles/AccessRWVar.bc>:AccessReadVariable:%8	</harden/bcfiles/edk_bcfiles/AccessRWVar.bc>:RWVariableHandler:%8	[</harden/bcfiles/edk_bcfiles/AccessRWVar.bc>:AccessReadVariable:%2, </harden/bcfiles/edk_bcfiles/AccessRWVar.bc>:AccessReadVariable:%8]	0
</harden/bcfiles/edk_bcfiles/AccessRWVar.bc>:AccessReadVariable:%7	</harden/bcfiles/edk_bcfiles/AccessRWVar.bc>:RWVariableHandler:%8	[</harden/bcfiles/edk_bcfiles/AccessRWVar.bc>:AccessReadVariable:%1, </harden/bcfiles/edk_bcfiles/AccessRWVar.bc>:AccessReadVariable:%7]	0
</harden/bcfiles/edk_bcfiles/AccessRWVar.bc>:AccessReadVariable:%6	</harden/bcfiles/edk_bcfiles/AccessRWVar.bc>:RWVariableHandler:%8	[</harden/bcfiles/edk_bcfiles/AccessRWVar.bc>:AccessReadVariable:%0, </harden/bcfiles/edk_bcfiles/AccessRWVar.bc>:AccessReadVariable:%6]	0
</harden/bcfiles/edk_bcfiles/AccessRWVar.bc>:AccessReadVariable:%4	</harden/bcfiles/edk_bcfiles/AccessRWVar.bc>:RWVariableHandler:%8	[</harden/bcfiles/edk_bcfiles/AccessRWVar.bc>:RWVariableHandler:%155, </harden/bcfiles/edk_bcfiles/AccessRWVar.bc>:AccessReadVariable:%4]	0
</harden/bcfiles/edk_bcfiles/AccessRWVar.bc>:AccessReadVariable:%3	</harden/bcfiles/edk_bcfiles/AccessRWVar.bc>:RWVariableHandler:%8	[</harden/bcfiles/edk_bcfiles/AccessRWVar.bc>:RWVariableHandler:%154, </harden/bcfiles/edk_bcfiles/AccessRWVar.bc>:AccessReadVariable:%3]	0
</harden/bcfiles/edk_bcfiles/AccessRWVar.bc>:AccessReadVariable:%2	</harden/bcfiles/edk_bcfiles/AccessRWVar.bc>:RWVariableHandler:%8	[</harden/bcfiles/edk_bcfiles/AccessRWVar.bc>:RWVariableHandler:%152, </harden/bcfiles/edk_bcfiles/AccessRWVar.bc>:AccessReadVariable:%2]	0
</harden/bcfiles/edk_bcfiles/AccessRWVar.bc>:AccessReadVariable:%1	</harden/bcfiles/edk_bcfiles/AccessRWVar.bc>:RWVariableHandler:%8	[</harden/bcfiles/edk_bcfiles/AccessRWVar.bc>:RWVariableHandler:%150, </harden/bcfiles/edk_bcfiles/AccessRWVar.bc>:AccessReadVariable:%1]	0
</harden/bcfiles/edk_bcfiles/AccessRWVar.bc>:AccessReadVariable:%0	</harden/bcfiles/edk_bcfiles/AccessRWVar.bc>:RWVariableHandler:%8	[</harden/bcfiles/edk_bcfiles/AccessRWVar.bc>:RWVariableHandler:%148, </harden/bcfiles/edk_bcfiles/AccessRWVar.bc>:AccessReadVariable:%0]	0
</harden/bcfiles/edk_bcfiles/AccessRWVar.bc>:AccessWriteVariable:%18	</harden/bcfiles/edk_bcfiles/AccessRWVar.bc>:RWVariableHandler:%8	[</harden/bcfiles/edk_bcfiles/AccessRWVar.bc>:AccessWriteVariable:%15, </harden/bcfiles/edk_bcfiles/AccessRWVar.bc>:AccessWriteVariable:%18]	1
</harden/bcfiles/edk_bcfiles/AccessRWVar.bc>:AccessWriteVariable:%17	</harden/bcfiles/edk_bcfiles/AccessRWVar.bc>:RWVariableHandler:%8	[</harden/bcfiles/edk_bcfiles/AccessRWVar.bc>:AccessWriteVariable:%10, </harden/bcfiles/edk_bcfiles/AccessRWVar.bc>:AccessWriteVariable:%17]	0
</harden/bcfiles/edk_bcfiles/AccessRWVar.bc>:AccessWriteVariable:%16	</harden/bcfiles/edk_bcfiles/AccessRWVar.bc>:RWVariableHandler:%8	[</harden/bcfiles/edk_bcfiles/AccessRWVar.bc>:AccessWriteVariable:%9, </harden/bcfiles/edk_bcfiles/AccessRWVar.bc>:AccessWriteVariable:%16]	0
</harden/bcfiles/edk_bcfiles/AccessRWVar.bc>:AccessWriteVariable:%15	</harden/bcfiles/edk_bcfiles/AccessRWVar.bc>:RWVariableHandler:%8	[</harden/bcfiles/edk_bcfiles/AccessRWVar.bc>:AccessWriteVariable:%7, </harden/bcfiles/edk_bcfiles/AccessRWVar.bc>:AccessWriteVariable:%15]	0
</harden/bcfiles/edk_bcfiles/AccessRWVar.bc>:AccessWriteVariable:%14	</harden/bcfiles/edk_bcfiles/AccessRWVar.bc>:RWVariableHandler:%8	[</harden/bcfiles/edk_bcfiles/AccessRWVar.bc>:AccessWriteVariable:%6, </harden/bcfiles/edk_bcfiles/AccessRWVar.bc>:AccessWriteVariable:%14]	0
</harden/bcfiles/edk_bcfiles/AccessRWVar.bc>:AccessWriteVariable:%10	</harden/bcfiles/edk_bcfiles/AccessRWVar.bc>:RWVariableHandler:%8	[</harden/bcfiles/edk_bcfiles/AccessRWVar.bc>:AccessWriteVariable:%4, </harden/bcfiles/edk_bcfiles/AccessRWVar.bc>:AccessWriteVariable:%10]	0
</harden/bcfiles/edk_bcfiles/AccessRWVar.bc>:AccessWriteVariable:%9	</harden/bcfiles/edk_bcfiles/AccessRWVar.bc>:RWVariableHandler:%8	[</harden/bcfiles/edk_bcfiles/AccessRWVar.bc>:AccessWriteVariable:%3, </harden/bcfiles/edk_bcfiles/AccessRWVar.bc>:AccessWriteVariable:%9]	0
</harden/bcfiles/edk_bcfiles/AccessRWVar.bc>:AccessWriteVariable:%8	</harden/bcfiles/edk_bcfiles/AccessRWVar.bc>:RWVariableHandler:%8	[</harden/bcfiles/edk_bcfiles/AccessRWVar.bc>:AccessWriteVariable:%2, </harden/bcfiles/edk_bcfiles/AccessRWVar.bc>:AccessWriteVariable:%8]	0
</harden/bcfiles/edk_bcfiles/AccessRWVar.bc>:AccessWriteVariable:%7	</harden/bcfiles/edk_bcfiles/AccessRWVar.bc>:RWVariableHandler:%8	[</harden/bcfiles/edk_bcfiles/AccessRWVar.bc>:AccessWriteVariable:%1, </harden/bcfiles/edk_bcfiles/AccessRWVar.bc>:AccessWriteVariable:%7]	0
</harden/bcfiles/edk_bcfiles/AccessRWVar.bc>:AccessWriteVariable:%6	</harden/bcfiles/edk_bcfiles/AccessRWVar.bc>:RWVariableHandler:%8	[</harden/bcfiles/edk_bcfiles/AccessRWVar.bc>:AccessWriteVariable:%0, </harden/bcfiles/edk_bcfiles/AccessRWVar.bc>:AccessWriteVariable:%6]	0
</harden/bcfiles/edk_bcfiles/AccessRWVar.bc>:AccessWriteVariable:%4	</harden/bcfiles/edk_bcfiles/AccessRWVar.bc>:RWVariableHandler:%8	[</harden/bcfiles/edk_bcfiles/AccessRWVar.bc>:RWVariableHandler:%182, </harden/bcfiles/edk_bcfiles/AccessRWVar.bc>:AccessWriteVariable:%4]	0
</harden/bcfiles/edk_bcfiles/AccessRWVar.bc>:AccessWriteVariable:%3	</harden/bcfiles/edk_bcfiles/AccessRWVar.bc>:RWVariableHandler:%8	[</harden/bcfiles/edk_bcfiles/AccessRWVar.bc>:RWVariableHandler:%181, </harden/bcfiles/edk_bcfiles/AccessRWVar.bc>:AccessWriteVariable:%3]	0
</harden/bcfiles/edk_bcfiles/AccessRWVar.bc>:AccessWriteVariable:%2	</harden/bcfiles/edk_bcfiles/AccessRWVar.bc>:RWVariableHandler:%8	[</harden/bcfiles/edk_bcfiles/AccessRWVar.bc>:RWVariableHandler:%178, </harden/bcfiles/edk_bcfiles/AccessRWVar.bc>:AccessWriteVariable:%2]	0
</harden/bcfiles/edk_bcfiles/AccessRWVar.bc>:AccessWriteVariable:%1	</harden/bcfiles/edk_bcfiles/AccessRWVar.bc>:RWVariableHandler:%8	[</harden/bcfiles/edk_bcfiles/AccessRWVar.bc>:RWVariableHandler:%175, </harden/bcfiles/edk_bcfiles/AccessRWVar.bc>:AccessWriteVariable:%1]	0
</harden/bcfiles/edk_bcfiles/AccessRWVar.bc>:AccessWriteVariable:%0	</harden/bcfiles/edk_bcfiles/AccessRWVar.bc>:RWVariableHandler:%8	[</harden/bcfiles/edk_bcfiles/AccessRWVar.bc>:RWVariableHandler:%173, </harden/bcfiles/edk_bcfiles/AccessRWVar.bc>:AccessWriteVariable:%0]	0
