</harden/bcfiles/edk_bcfiles/AccessRWVar.bc>:RWVariableHandler:63:6:getelementptr inbounds ([18 x i8], [18 x i8]* @__func__.RWVariableHandler, i64 0, i64 0)	</harden/bcfiles/edk_bcfiles/AccessRWVar.bc>:RWVariableHandler:88:6:getelementptr inbounds ([18 x i8], [18 x i8]* @__func__.RWVariableHandler, i64 0, i64 0)	*global_alloc@__func__.RWVariableHandler[0]
</harden/bcfiles/edk_bcfiles/AccessRWVar.bc>:RWVariableHandler:63:6:getelementptr inbounds ([18 x i8], [18 x i8]* @__func__.RWVariableHandler, i64 0, i64 0)	</harden/bcfiles/edk_bcfiles/AccessRWVar.bc>:RWVariableHandler:88:6:getelementptr inbounds ([18 x i8], [18 x i8]* @__func__.RWVariableHandler, i64 0, i64 0)	*global_alloc@__func__.RWVariableHandler[0][*]
</harden/bcfiles/edk_bcfiles/AccessRWVar.bc>:RWVariableHandler:63:6:getelementptr inbounds ([18 x i8], [18 x i8]* @__func__.RWVariableHandler, i64 0, i64 0)	</harden/bcfiles/edk_bcfiles/AccessRWVar.bc>:RWVariableHandler:128:6:getelementptr inbounds ([18 x i8], [18 x i8]* @__func__.RWVariableHandler, i64 0, i64 0)	*global_alloc@__func__.RWVariableHandler[0]
</harden/bcfiles/edk_bcfiles/AccessRWVar.bc>:RWVariableHandler:63:6:getelementptr inbounds ([18 x i8], [18 x i8]* @__func__.RWVariableHandler, i64 0, i64 0)	</harden/bcfiles/edk_bcfiles/AccessRWVar.bc>:RWVariableHandler:128:6:getelementptr inbounds ([18 x i8], [18 x i8]* @__func__.RWVariableHandler, i64 0, i64 0)	*global_alloc@__func__.RWVariableHandler[0][*]
</harden/bcfiles/edk_bcfiles/AccessRWVar.bc>:RWVariableHandler:63:6:getelementptr inbounds ([18 x i8], [18 x i8]* @__func__.RWVariableHandler, i64 0, i64 0)	</harden/bcfiles/edk_bcfiles/AccessRWVar.bc>:RWVariableHandler:162:6:getelementptr inbounds ([18 x i8], [18 x i8]* @__func__.RWVariableHandler, i64 0, i64 0)	*global_alloc@__func__.RWVariableHandler[0]
</harden/bcfiles/edk_bcfiles/AccessRWVar.bc>:RWVariableHandler:63:6:getelementptr inbounds ([18 x i8], [18 x i8]* @__func__.RWVariableHandler, i64 0, i64 0)	</harden/bcfiles/edk_bcfiles/AccessRWVar.bc>:RWVariableHandler:162:6:getelementptr inbounds ([18 x i8], [18 x i8]* @__func__.RWVariableHandler, i64 0, i64 0)	*global_alloc@__func__.RWVariableHandler[0][*]
</harden/bcfiles/edk_bcfiles/AccessRWVar.bc>:RWVariableHandler:63:7:@__func__.RWVariableHandler	</harden/bcfiles/edk_bcfiles/AccessRWVar.bc>:RWVariableHandler:88:7:@__func__.RWVariableHandler	*global_alloc@__func__.RWVariableHandler
</harden/bcfiles/edk_bcfiles/AccessRWVar.bc>:RWVariableHandler:63:7:@__func__.RWVariableHandler	</harden/bcfiles/edk_bcfiles/AccessRWVar.bc>:RWVariableHandler:128:7:@__func__.RWVariableHandler	*global_alloc@__func__.RWVariableHandler
</harden/bcfiles/edk_bcfiles/AccessRWVar.bc>:RWVariableHandler:63:7:@__func__.RWVariableHandler	</harden/bcfiles/edk_bcfiles/AccessRWVar.bc>:RWVariableHandler:162:7:@__func__.RWVariableHandler	*global_alloc@__func__.RWVariableHandler
</harden/bcfiles/edk_bcfiles/AccessRWVar.bc>:RWVariableHandler:70:0:@gSmst	</harden/bcfiles/edk_bcfiles/AccessRWVar.bc>:RWVariableHandler:133:0:@gSmst	*global_alloc@gSmst
</harden/bcfiles/edk_bcfiles/AccessRWVar.bc>:RWVariableHandler:88:6:getelementptr inbounds ([18 x i8], [18 x i8]* @__func__.RWVariableHandler, i64 0, i64 0)	</harden/bcfiles/edk_bcfiles/AccessRWVar.bc>:RWVariableHandler:63:6:getelementptr inbounds ([18 x i8], [18 x i8]* @__func__.RWVariableHandler, i64 0, i64 0)	*global_alloc@__func__.RWVariableHandler[0]
</harden/bcfiles/edk_bcfiles/AccessRWVar.bc>:RWVariableHandler:88:6:getelementptr inbounds ([18 x i8], [18 x i8]* @__func__.RWVariableHandler, i64 0, i64 0)	</harden/bcfiles/edk_bcfiles/AccessRWVar.bc>:RWVariableHandler:63:6:getelementptr inbounds ([18 x i8], [18 x i8]* @__func__.RWVariableHandler, i64 0, i64 0)	*global_alloc@__func__.RWVariableHandler[0][*]
</harden/bcfiles/edk_bcfiles/AccessRWVar.bc>:RWVariableHandler:88:6:getelementptr inbounds ([18 x i8], [18 x i8]* @__func__.RWVariableHandler, i64 0, i64 0)	</harden/bcfiles/edk_bcfiles/AccessRWVar.bc>:RWVariableHandler:128:6:getelementptr inbounds ([18 x i8], [18 x i8]* @__func__.RWVariableHandler, i64 0, i64 0)	*global_alloc@__func__.RWVariableHandler[0]
</harden/bcfiles/edk_bcfiles/AccessRWVar.bc>:RWVariableHandler:88:6:getelementptr inbounds ([18 x i8], [18 x i8]* @__func__.RWVariableHandler, i64 0, i64 0)	</harden/bcfiles/edk_bcfiles/AccessRWVar.bc>:RWVariableHandler:128:6:getelementptr inbounds ([18 x i8], [18 x i8]* @__func__.RWVariableHandler, i64 0, i64 0)	*global_alloc@__func__.RWVariableHandler[0][*]
</harden/bcfiles/edk_bcfiles/AccessRWVar.bc>:RWVariableHandler:88:6:getelementptr inbounds ([18 x i8], [18 x i8]* @__func__.RWVariableHandler, i64 0, i64 0)	</harden/bcfiles/edk_bcfiles/AccessRWVar.bc>:RWVariableHandler:162:6:getelementptr inbounds ([18 x i8], [18 x i8]* @__func__.RWVariableHandler, i64 0, i64 0)	*global_alloc@__func__.RWVariableHandler[0]
</harden/bcfiles/edk_bcfiles/AccessRWVar.bc>:RWVariableHandler:88:6:getelementptr inbounds ([18 x i8], [18 x i8]* @__func__.RWVariableHandler, i64 0, i64 0)	</harden/bcfiles/edk_bcfiles/AccessRWVar.bc>:RWVariableHandler:162:6:getelementptr inbounds ([18 x i8], [18 x i8]* @__func__.RWVariableHandler, i64 0, i64 0)	*global_alloc@__func__.RWVariableHandler[0][*]
</harden/bcfiles/edk_bcfiles/AccessRWVar.bc>:RWVariableHandler:88:7:@__func__.RWVariableHandler	</harden/bcfiles/edk_bcfiles/AccessRWVar.bc>:RWVariableHandler:63:7:@__func__.RWVariableHandler	*global_alloc@__func__.RWVariableHandler
</harden/bcfiles/edk_bcfiles/AccessRWVar.bc>:RWVariableHandler:88:7:@__func__.RWVariableHandler	</harden/bcfiles/edk_bcfiles/AccessRWVar.bc>:RWVariableHandler:128:7:@__func__.RWVariableHandler	*global_alloc@__func__.RWVariableHandler
</harden/bcfiles/edk_bcfiles/AccessRWVar.bc>:RWVariableHandler:88:7:@__func__.RWVariableHandler	</harden/bcfiles/edk_bcfiles/AccessRWVar.bc>:RWVariableHandler:162:7:@__func__.RWVariableHandler	*global_alloc@__func__.RWVariableHandler
</harden/bcfiles/edk_bcfiles/AccessRWVar.bc>:RWVariableHandler:128:6:getelementptr inbounds ([18 x i8], [18 x i8]* @__func__.RWVariableHandler, i64 0, i64 0)	</harden/bcfiles/edk_bcfiles/AccessRWVar.bc>:RWVariableHandler:63:6:getelementptr inbounds ([18 x i8], [18 x i8]* @__func__.RWVariableHandler, i64 0, i64 0)	*global_alloc@__func__.RWVariableHandler[0]
</harden/bcfiles/edk_bcfiles/AccessRWVar.bc>:RWVariableHandler:128:6:getelementptr inbounds ([18 x i8], [18 x i8]* @__func__.RWVariableHandler, i64 0, i64 0)	</harden/bcfiles/edk_bcfiles/AccessRWVar.bc>:RWVariableHandler:63:6:getelementptr inbounds ([18 x i8], [18 x i8]* @__func__.RWVariableHandler, i64 0, i64 0)	*global_alloc@__func__.RWVariableHandler[0][*]
</harden/bcfiles/edk_bcfiles/AccessRWVar.bc>:RWVariableHandler:128:6:getelementptr inbounds ([18 x i8], [18 x i8]* @__func__.RWVariableHandler, i64 0, i64 0)	</harden/bcfiles/edk_bcfiles/AccessRWVar.bc>:RWVariableHandler:88:6:getelementptr inbounds ([18 x i8], [18 x i8]* @__func__.RWVariableHandler, i64 0, i64 0)	*global_alloc@__func__.RWVariableHandler[0]
</harden/bcfiles/edk_bcfiles/AccessRWVar.bc>:RWVariableHandler:128:6:getelementptr inbounds ([18 x i8], [18 x i8]* @__func__.RWVariableHandler, i64 0, i64 0)	</harden/bcfiles/edk_bcfiles/AccessRWVar.bc>:RWVariableHandler:88:6:getelementptr inbounds ([18 x i8], [18 x i8]* @__func__.RWVariableHandler, i64 0, i64 0)	*global_alloc@__func__.RWVariableHandler[0][*]
</harden/bcfiles/edk_bcfiles/AccessRWVar.bc>:RWVariableHandler:128:6:getelementptr inbounds ([18 x i8], [18 x i8]* @__func__.RWVariableHandler, i64 0, i64 0)	</harden/bcfiles/edk_bcfiles/AccessRWVar.bc>:RWVariableHandler:162:6:getelementptr inbounds ([18 x i8], [18 x i8]* @__func__.RWVariableHandler, i64 0, i64 0)	*global_alloc@__func__.RWVariableHandler[0]
</harden/bcfiles/edk_bcfiles/AccessRWVar.bc>:RWVariableHandler:128:6:getelementptr inbounds ([18 x i8], [18 x i8]* @__func__.RWVariableHandler, i64 0, i64 0)	</harden/bcfiles/edk_bcfiles/AccessRWVar.bc>:RWVariableHandler:162:6:getelementptr inbounds ([18 x i8], [18 x i8]* @__func__.RWVariableHandler, i64 0, i64 0)	*global_alloc@__func__.RWVariableHandler[0][*]
</harden/bcfiles/edk_bcfiles/AccessRWVar.bc>:RWVariableHandler:128:7:@__func__.RWVariableHandler	</harden/bcfiles/edk_bcfiles/AccessRWVar.bc>:RWVariableHandler:63:7:@__func__.RWVariableHandler	*global_alloc@__func__.RWVariableHandler
</harden/bcfiles/edk_bcfiles/AccessRWVar.bc>:RWVariableHandler:128:7:@__func__.RWVariableHandler	</harden/bcfiles/edk_bcfiles/AccessRWVar.bc>:RWVariableHandler:88:7:@__func__.RWVariableHandler	*global_alloc@__func__.RWVariableHandler
</harden/bcfiles/edk_bcfiles/AccessRWVar.bc>:RWVariableHandler:128:7:@__func__.RWVariableHandler	</harden/bcfiles/edk_bcfiles/AccessRWVar.bc>:RWVariableHandler:162:7:@__func__.RWVariableHandler	*global_alloc@__func__.RWVariableHandler
</harden/bcfiles/edk_bcfiles/AccessRWVar.bc>:RWVariableHandler:133:0:@gSmst	</harden/bcfiles/edk_bcfiles/AccessRWVar.bc>:RWVariableHandler:70:0:@gSmst	*global_alloc@gSmst
</harden/bcfiles/edk_bcfiles/AccessRWVar.bc>:RWVariableHandler:162:6:getelementptr inbounds ([18 x i8], [18 x i8]* @__func__.RWVariableHandler, i64 0, i64 0)	</harden/bcfiles/edk_bcfiles/AccessRWVar.bc>:RWVariableHandler:63:6:getelementptr inbounds ([18 x i8], [18 x i8]* @__func__.RWVariableHandler, i64 0, i64 0)	*global_alloc@__func__.RWVariableHandler[0]
</harden/bcfiles/edk_bcfiles/AccessRWVar.bc>:RWVariableHandler:162:6:getelementptr inbounds ([18 x i8], [18 x i8]* @__func__.RWVariableHandler, i64 0, i64 0)	</harden/bcfiles/edk_bcfiles/AccessRWVar.bc>:RWVariableHandler:63:6:getelementptr inbounds ([18 x i8], [18 x i8]* @__func__.RWVariableHandler, i64 0, i64 0)	*global_alloc@__func__.RWVariableHandler[0][*]
</harden/bcfiles/edk_bcfiles/AccessRWVar.bc>:RWVariableHandler:162:6:getelementptr inbounds ([18 x i8], [18 x i8]* @__func__.RWVariableHandler, i64 0, i64 0)	</harden/bcfiles/edk_bcfiles/AccessRWVar.bc>:RWVariableHandler:88:6:getelementptr inbounds ([18 x i8], [18 x i8]* @__func__.RWVariableHandler, i64 0, i64 0)	*global_alloc@__func__.RWVariableHandler[0]
</harden/bcfiles/edk_bcfiles/AccessRWVar.bc>:RWVariableHandler:162:6:getelementptr inbounds ([18 x i8], [18 x i8]* @__func__.RWVariableHandler, i64 0, i64 0)	</harden/bcfiles/edk_bcfiles/AccessRWVar.bc>:RWVariableHandler:88:6:getelementptr inbounds ([18 x i8], [18 x i8]* @__func__.RWVariableHandler, i64 0, i64 0)	*global_alloc@__func__.RWVariableHandler[0][*]
</harden/bcfiles/edk_bcfiles/AccessRWVar.bc>:RWVariableHandler:162:6:getelementptr inbounds ([18 x i8], [18 x i8]* @__func__.RWVariableHandler, i64 0, i64 0)	</harden/bcfiles/edk_bcfiles/AccessRWVar.bc>:RWVariableHandler:128:6:getelementptr inbounds ([18 x i8], [18 x i8]* @__func__.RWVariableHandler, i64 0, i64 0)	*global_alloc@__func__.RWVariableHandler[0]
</harden/bcfiles/edk_bcfiles/AccessRWVar.bc>:RWVariableHandler:162:6:getelementptr inbounds ([18 x i8], [18 x i8]* @__func__.RWVariableHandler, i64 0, i64 0)	</harden/bcfiles/edk_bcfiles/AccessRWVar.bc>:RWVariableHandler:128:6:getelementptr inbounds ([18 x i8], [18 x i8]* @__func__.RWVariableHandler, i64 0, i64 0)	*global_alloc@__func__.RWVariableHandler[0][*]
</harden/bcfiles/edk_bcfiles/AccessRWVar.bc>:RWVariableHandler:162:7:@__func__.RWVariableHandler	</harden/bcfiles/edk_bcfiles/AccessRWVar.bc>:RWVariableHandler:63:7:@__func__.RWVariableHandler	*global_alloc@__func__.RWVariableHandler
</harden/bcfiles/edk_bcfiles/AccessRWVar.bc>:RWVariableHandler:162:7:@__func__.RWVariableHandler	</harden/bcfiles/edk_bcfiles/AccessRWVar.bc>:RWVariableHandler:88:7:@__func__.RWVariableHandler	*global_alloc@__func__.RWVariableHandler
</harden/bcfiles/edk_bcfiles/AccessRWVar.bc>:RWVariableHandler:162:7:@__func__.RWVariableHandler	</harden/bcfiles/edk_bcfiles/AccessRWVar.bc>:RWVariableHandler:128:7:@__func__.RWVariableHandler	*global_alloc@__func__.RWVariableHandler
</harden/bcfiles/edk_bcfiles/AccessRWVar.bc>:AccessReadVariable:15:0:@mSmmVariable	</harden/bcfiles/edk_bcfiles/AccessRWVar.bc>:AccessWriteVariable:15:0:@mSmmVariable	*global_alloc@mSmmVariable
</harden/bcfiles/edk_bcfiles/AccessRWVar.bc>:AccessReadVariable:15:0:@mSmmVariable	</harden/bcfiles/edk_bcfiles/AccessRWVar.bc>:AccessRWVarEntryPoint:16:2:bitcast (%struct._EFI_SMM_VARIABLE_PROTOCOL** @mSmmVariable to i8**)	*global_alloc@mSmmVariable
</harden/bcfiles/edk_bcfiles/AccessRWVar.bc>:AccessReadVariable:15:0:@mSmmVariable	</harden/bcfiles/edk_bcfiles/AccessRWVar.bc>:AccessRWVarEntryPoint:16:3:@mSmmVariable	*global_alloc@mSmmVariable
</harden/bcfiles/edk_bcfiles/AccessRWVar.bc>:AccessWriteVariable:15:0:@mSmmVariable	</harden/bcfiles/edk_bcfiles/AccessRWVar.bc>:AccessReadVariable:15:0:@mSmmVariable	*global_alloc@mSmmVariable
</harden/bcfiles/edk_bcfiles/AccessRWVar.bc>:AccessWriteVariable:15:0:@mSmmVariable	</harden/bcfiles/edk_bcfiles/AccessRWVar.bc>:AccessRWVarEntryPoint:16:2:bitcast (%struct._EFI_SMM_VARIABLE_PROTOCOL** @mSmmVariable to i8**)	*global_alloc@mSmmVariable
</harden/bcfiles/edk_bcfiles/AccessRWVar.bc>:AccessWriteVariable:15:0:@mSmmVariable	</harden/bcfiles/edk_bcfiles/AccessRWVar.bc>:AccessRWVarEntryPoint:16:3:@mSmmVariable	*global_alloc@mSmmVariable
</harden/bcfiles/edk_bcfiles/AccessRWVar.bc>:AccessRWVarEntryPoint:13:0:@gMmst	</harden/bcfiles/edk_bcfiles/AccessRWVar.bc>:AccessRWVarEntryPoint:60:0:@gMmst	*global_alloc@gMmst
</harden/bcfiles/edk_bcfiles/AccessRWVar.bc>:AccessRWVarEntryPoint:13:0:@gMmst	</harden/bcfiles/edk_bcfiles/AccessRWVar.bc>:AccessRWVarEntryPoint:91:0:@gMmst	*global_alloc@gMmst
</harden/bcfiles/edk_bcfiles/AccessRWVar.bc>:AccessRWVarEntryPoint:16:2:bitcast (%struct._EFI_SMM_VARIABLE_PROTOCOL** @mSmmVariable to i8**)	</harden/bcfiles/edk_bcfiles/AccessRWVar.bc>:AccessReadVariable:15:0:@mSmmVariable	*global_alloc@mSmmVariable
</harden/bcfiles/edk_bcfiles/AccessRWVar.bc>:AccessRWVarEntryPoint:16:2:bitcast (%struct._EFI_SMM_VARIABLE_PROTOCOL** @mSmmVariable to i8**)	</harden/bcfiles/edk_bcfiles/AccessRWVar.bc>:AccessWriteVariable:15:0:@mSmmVariable	*global_alloc@mSmmVariable
</harden/bcfiles/edk_bcfiles/AccessRWVar.bc>:AccessRWVarEntryPoint:16:2:bitcast (%struct._EFI_SMM_VARIABLE_PROTOCOL** @mSmmVariable to i8**)	</harden/bcfiles/edk_bcfiles/AccessRWVar.bc>:AccessRWVarEntryPoint:16:3:@mSmmVariable	*global_alloc@mSmmVariable
</harden/bcfiles/edk_bcfiles/AccessRWVar.bc>:AccessRWVarEntryPoint:16:3:@mSmmVariable	</harden/bcfiles/edk_bcfiles/AccessRWVar.bc>:AccessReadVariable:15:0:@mSmmVariable	*global_alloc@mSmmVariable
</harden/bcfiles/edk_bcfiles/AccessRWVar.bc>:AccessRWVarEntryPoint:16:3:@mSmmVariable	</harden/bcfiles/edk_bcfiles/AccessRWVar.bc>:AccessWriteVariable:15:0:@mSmmVariable	*global_alloc@mSmmVariable
</harden/bcfiles/edk_bcfiles/AccessRWVar.bc>:AccessRWVarEntryPoint:16:3:@mSmmVariable	</harden/bcfiles/edk_bcfiles/AccessRWVar.bc>:AccessRWVarEntryPoint:16:2:bitcast (%struct._EFI_SMM_VARIABLE_PROTOCOL** @mSmmVariable to i8**)	*global_alloc@mSmmVariable
</harden/bcfiles/edk_bcfiles/AccessRWVar.bc>:AccessRWVarEntryPoint:41:2:@gAccessRWVar	</harden/bcfiles/edk_bcfiles/AccessRWVar.bc>:AccessRWVarEntryPoint:42:2:@gAccessRWVar	*global_alloc@gAccessRWVar
</harden/bcfiles/edk_bcfiles/AccessRWVar.bc>:AccessRWVarEntryPoint:41:2:@gAccessRWVar	</harden/bcfiles/edk_bcfiles/AccessRWVar.bc>:AccessRWVarEntryPoint:63:2:bitcast (%struct._ACCESS_RWVAR_PROTOCOL* @gAccessRWVar to i8*)	*global_alloc@gAccessRWVar
</harden/bcfiles/edk_bcfiles/AccessRWVar.bc>:AccessRWVarEntryPoint:41:2:@gAccessRWVar	</harden/bcfiles/edk_bcfiles/AccessRWVar.bc>:AccessRWVarEntryPoint:63:3:@gAccessRWVar	*global_alloc@gAccessRWVar
</harden/bcfiles/edk_bcfiles/AccessRWVar.bc>:AccessRWVarEntryPoint:42:2:@gAccessRWVar	</harden/bcfiles/edk_bcfiles/AccessRWVar.bc>:AccessRWVarEntryPoint:41:2:@gAccessRWVar	*global_alloc@gAccessRWVar
</harden/bcfiles/edk_bcfiles/AccessRWVar.bc>:AccessRWVarEntryPoint:42:2:@gAccessRWVar	</harden/bcfiles/edk_bcfiles/AccessRWVar.bc>:AccessRWVarEntryPoint:63:2:bitcast (%struct._ACCESS_RWVAR_PROTOCOL* @gAccessRWVar to i8*)	*global_alloc@gAccessRWVar
</harden/bcfiles/edk_bcfiles/AccessRWVar.bc>:AccessRWVarEntryPoint:42:2:@gAccessRWVar	</harden/bcfiles/edk_bcfiles/AccessRWVar.bc>:AccessRWVarEntryPoint:63:3:@gAccessRWVar	*global_alloc@gAccessRWVar
</harden/bcfiles/edk_bcfiles/AccessRWVar.bc>:AccessRWVarEntryPoint:60:0:@gMmst	</harden/bcfiles/edk_bcfiles/AccessRWVar.bc>:AccessRWVarEntryPoint:13:0:@gMmst	*global_alloc@gMmst
</harden/bcfiles/edk_bcfiles/AccessRWVar.bc>:AccessRWVarEntryPoint:60:0:@gMmst	</harden/bcfiles/edk_bcfiles/AccessRWVar.bc>:AccessRWVarEntryPoint:91:0:@gMmst	*global_alloc@gMmst
</harden/bcfiles/edk_bcfiles/AccessRWVar.bc>:AccessRWVarEntryPoint:63:2:bitcast (%struct._ACCESS_RWVAR_PROTOCOL* @gAccessRWVar to i8*)	</harden/bcfiles/edk_bcfiles/AccessRWVar.bc>:AccessRWVarEntryPoint:41:2:@gAccessRWVar	*global_alloc@gAccessRWVar
</harden/bcfiles/edk_bcfiles/AccessRWVar.bc>:AccessRWVarEntryPoint:63:2:bitcast (%struct._ACCESS_RWVAR_PROTOCOL* @gAccessRWVar to i8*)	</harden/bcfiles/edk_bcfiles/AccessRWVar.bc>:AccessRWVarEntryPoint:42:2:@gAccessRWVar	*global_alloc@gAccessRWVar
</harden/bcfiles/edk_bcfiles/AccessRWVar.bc>:AccessRWVarEntryPoint:63:2:bitcast (%struct._ACCESS_RWVAR_PROTOCOL* @gAccessRWVar to i8*)	</harden/bcfiles/edk_bcfiles/AccessRWVar.bc>:AccessRWVarEntryPoint:63:3:@gAccessRWVar	*global_alloc@gAccessRWVar
</harden/bcfiles/edk_bcfiles/AccessRWVar.bc>:AccessRWVarEntryPoint:63:3:@gAccessRWVar	</harden/bcfiles/edk_bcfiles/AccessRWVar.bc>:AccessRWVarEntryPoint:41:2:@gAccessRWVar	*global_alloc@gAccessRWVar
</harden/bcfiles/edk_bcfiles/AccessRWVar.bc>:AccessRWVarEntryPoint:63:3:@gAccessRWVar	</harden/bcfiles/edk_bcfiles/AccessRWVar.bc>:AccessRWVarEntryPoint:42:2:@gAccessRWVar	*global_alloc@gAccessRWVar
</harden/bcfiles/edk_bcfiles/AccessRWVar.bc>:AccessRWVarEntryPoint:63:3:@gAccessRWVar	</harden/bcfiles/edk_bcfiles/AccessRWVar.bc>:AccessRWVarEntryPoint:63:2:bitcast (%struct._ACCESS_RWVAR_PROTOCOL* @gAccessRWVar to i8*)	*global_alloc@gAccessRWVar
</harden/bcfiles/edk_bcfiles/AccessRWVar.bc>:AccessRWVarEntryPoint:81:2:getelementptr inbounds ([33 x i8], [33 x i8]* @.str.8, i64 0, i64 0)	</harden/bcfiles/edk_bcfiles/AccessRWVar.bc>:AccessRWVarEntryPoint:112:2:getelementptr inbounds ([33 x i8], [33 x i8]* @.str.8, i64 0, i64 0)	*global_alloc@.str.8[0]
</harden/bcfiles/edk_bcfiles/AccessRWVar.bc>:AccessRWVarEntryPoint:81:2:getelementptr inbounds ([33 x i8], [33 x i8]* @.str.8, i64 0, i64 0)	</harden/bcfiles/edk_bcfiles/AccessRWVar.bc>:AccessRWVarEntryPoint:112:2:getelementptr inbounds ([33 x i8], [33 x i8]* @.str.8, i64 0, i64 0)	*global_alloc@.str.8[0][*]
</harden/bcfiles/edk_bcfiles/AccessRWVar.bc>:AccessRWVarEntryPoint:81:3:@.str.8	</harden/bcfiles/edk_bcfiles/AccessRWVar.bc>:AccessRWVarEntryPoint:112:3:@.str.8	*global_alloc@.str.8
</harden/bcfiles/edk_bcfiles/AccessRWVar.bc>:AccessRWVarEntryPoint:86:1:getelementptr inbounds ([14 x i8], [14 x i8]* @.str.9, i64 0, i64 0)	</harden/bcfiles/edk_bcfiles/AccessRWVar.bc>:AccessRWVarEntryPoint:117:1:getelementptr inbounds ([14 x i8], [14 x i8]* @.str.9, i64 0, i64 0)	*global_alloc@.str.9[0]
</harden/bcfiles/edk_bcfiles/AccessRWVar.bc>:AccessRWVarEntryPoint:86:1:getelementptr inbounds ([14 x i8], [14 x i8]* @.str.9, i64 0, i64 0)	</harden/bcfiles/edk_bcfiles/AccessRWVar.bc>:AccessRWVarEntryPoint:117:1:getelementptr inbounds ([14 x i8], [14 x i8]* @.str.9, i64 0, i64 0)	*global_alloc@.str.9[0][*]
</harden/bcfiles/edk_bcfiles/AccessRWVar.bc>:AccessRWVarEntryPoint:86:2:@.str.9	</harden/bcfiles/edk_bcfiles/AccessRWVar.bc>:AccessRWVarEntryPoint:117:2:@.str.9	*global_alloc@.str.9
</harden/bcfiles/edk_bcfiles/AccessRWVar.bc>:AccessRWVarEntryPoint:86:6:getelementptr inbounds ([39 x i8], [39 x i8]* @.str.10, i64 0, i64 0)	</harden/bcfiles/edk_bcfiles/AccessRWVar.bc>:AccessRWVarEntryPoint:117:6:getelementptr inbounds ([39 x i8], [39 x i8]* @.str.10, i64 0, i64 0)	*global_alloc@.str.10[0]
</harden/bcfiles/edk_bcfiles/AccessRWVar.bc>:AccessRWVarEntryPoint:86:6:getelementptr inbounds ([39 x i8], [39 x i8]* @.str.10, i64 0, i64 0)	</harden/bcfiles/edk_bcfiles/AccessRWVar.bc>:AccessRWVarEntryPoint:117:6:getelementptr inbounds ([39 x i8], [39 x i8]* @.str.10, i64 0, i64 0)	*global_alloc@.str.10[0][*]
</harden/bcfiles/edk_bcfiles/AccessRWVar.bc>:AccessRWVarEntryPoint:86:7:@.str.10	</harden/bcfiles/edk_bcfiles/AccessRWVar.bc>:AccessRWVarEntryPoint:117:7:@.str.10	*global_alloc@.str.10
</harden/bcfiles/edk_bcfiles/AccessRWVar.bc>:AccessRWVarEntryPoint:91:0:@gMmst	</harden/bcfiles/edk_bcfiles/AccessRWVar.bc>:AccessRWVarEntryPoint:13:0:@gMmst	*global_alloc@gMmst
</harden/bcfiles/edk_bcfiles/AccessRWVar.bc>:AccessRWVarEntryPoint:91:0:@gMmst	</harden/bcfiles/edk_bcfiles/AccessRWVar.bc>:AccessRWVarEntryPoint:60:0:@gMmst	*global_alloc@gMmst
</harden/bcfiles/edk_bcfiles/AccessRWVar.bc>:AccessRWVarEntryPoint:112:2:getelementptr inbounds ([33 x i8], [33 x i8]* @.str.8, i64 0, i64 0)	</harden/bcfiles/edk_bcfiles/AccessRWVar.bc>:AccessRWVarEntryPoint:81:2:getelementptr inbounds ([33 x i8], [33 x i8]* @.str.8, i64 0, i64 0)	*global_alloc@.str.8[0]
</harden/bcfiles/edk_bcfiles/AccessRWVar.bc>:AccessRWVarEntryPoint:112:2:getelementptr inbounds ([33 x i8], [33 x i8]* @.str.8, i64 0, i64 0)	</harden/bcfiles/edk_bcfiles/AccessRWVar.bc>:AccessRWVarEntryPoint:81:2:getelementptr inbounds ([33 x i8], [33 x i8]* @.str.8, i64 0, i64 0)	*global_alloc@.str.8[0][*]
</harden/bcfiles/edk_bcfiles/AccessRWVar.bc>:AccessRWVarEntryPoint:112:3:@.str.8	</harden/bcfiles/edk_bcfiles/AccessRWVar.bc>:AccessRWVarEntryPoint:81:3:@.str.8	*global_alloc@.str.8
</harden/bcfiles/edk_bcfiles/AccessRWVar.bc>:AccessRWVarEntryPoint:117:1:getelementptr inbounds ([14 x i8], [14 x i8]* @.str.9, i64 0, i64 0)	</harden/bcfiles/edk_bcfiles/AccessRWVar.bc>:AccessRWVarEntryPoint:86:1:getelementptr inbounds ([14 x i8], [14 x i8]* @.str.9, i64 0, i64 0)	*global_alloc@.str.9[0]
</harden/bcfiles/edk_bcfiles/AccessRWVar.bc>:AccessRWVarEntryPoint:117:1:getelementptr inbounds ([14 x i8], [14 x i8]* @.str.9, i64 0, i64 0)	</harden/bcfiles/edk_bcfiles/AccessRWVar.bc>:AccessRWVarEntryPoint:86:1:getelementptr inbounds ([14 x i8], [14 x i8]* @.str.9, i64 0, i64 0)	*global_alloc@.str.9[0][*]
</harden/bcfiles/edk_bcfiles/AccessRWVar.bc>:AccessRWVarEntryPoint:117:2:@.str.9	</harden/bcfiles/edk_bcfiles/AccessRWVar.bc>:AccessRWVarEntryPoint:86:2:@.str.9	*global_alloc@.str.9
</harden/bcfiles/edk_bcfiles/AccessRWVar.bc>:AccessRWVarEntryPoint:117:6:getelementptr inbounds ([39 x i8], [39 x i8]* @.str.10, i64 0, i64 0)	</harden/bcfiles/edk_bcfiles/AccessRWVar.bc>:AccessRWVarEntryPoint:86:6:getelementptr inbounds ([39 x i8], [39 x i8]* @.str.10, i64 0, i64 0)	*global_alloc@.str.10[0]
</harden/bcfiles/edk_bcfiles/AccessRWVar.bc>:AccessRWVarEntryPoint:117:6:getelementptr inbounds ([39 x i8], [39 x i8]* @.str.10, i64 0, i64 0)	</harden/bcfiles/edk_bcfiles/AccessRWVar.bc>:AccessRWVarEntryPoint:86:6:getelementptr inbounds ([39 x i8], [39 x i8]* @.str.10, i64 0, i64 0)	*global_alloc@.str.10[0][*]
</harden/bcfiles/edk_bcfiles/AccessRWVar.bc>:AccessRWVarEntryPoint:117:7:@.str.10	</harden/bcfiles/edk_bcfiles/AccessRWVar.bc>:AccessRWVarEntryPoint:86:7:@.str.10	*global_alloc@.str.10
