</harden/bcfiles/edk_bcfiles/AccessRWVar.bc>:RWVariableHandler:%161	</harden/bcfiles/edk_bcfiles/AccessRWVar.bc>:RWVariableHandler:%160	</harden/bcfiles/edk_bcfiles/AccessRWVar.bc>:RWVariableHandler:189:0:0	</harden/bcfiles/edk_bcfiles/AccessRWVar.bc>:RWVariableHandler:189:1:6
</harden/bcfiles/edk_bcfiles/AccessRWVar.bc>:RWVariableHandler:%154	</harden/bcfiles/edk_bcfiles/AccessRWVar.bc>:RWVariableHandler:%153	</harden/bcfiles/edk_bcfiles/AccessRWVar.bc>:RWVariableHandler:181:0:0	</harden/bcfiles/edk_bcfiles/AccessRWVar.bc>:RWVariableHandler:181:1:6
</harden/bcfiles/edk_bcfiles/AccessRWVar.bc>:RWVariableHandler:%177	</harden/bcfiles/edk_bcfiles/AccessRWVar.bc>:RWVariableHandler:%176	</harden/bcfiles/edk_bcfiles/AccessRWVar.bc>:RWVariableHandler:206:0:0	</harden/bcfiles/edk_bcfiles/AccessRWVar.bc>:RWVariableHandler:206:1:4
</harden/bcfiles/edk_bcfiles/AccessRWVar.bc>:RWVariableHandler:%152	</harden/bcfiles/edk_bcfiles/AccessRWVar.bc>:RWVariableHandler:%151	</harden/bcfiles/edk_bcfiles/AccessRWVar.bc>:RWVariableHandler:179:0:0	</harden/bcfiles/edk_bcfiles/AccessRWVar.bc>:RWVariableHandler:179:1:4
</harden/bcfiles/edk_bcfiles/AccessRWVar.bc>:RWVariableHandler:%135	</harden/bcfiles/edk_bcfiles/AccessRWVar.bc>:RWVariableHandler:%134	</harden/bcfiles/edk_bcfiles/AccessRWVar.bc>:RWVariableHandler:160:0:0	</harden/bcfiles/edk_bcfiles/AccessRWVar.bc>:RWVariableHandler:160:1:2
</harden/bcfiles/edk_bcfiles/AccessRWVar.bc>:RWVariableHandler:%120	</harden/bcfiles/edk_bcfiles/AccessRWVar.bc>:RWVariableHandler:%119	</harden/bcfiles/edk_bcfiles/AccessRWVar.bc>:RWVariableHandler:145:0:0	</harden/bcfiles/edk_bcfiles/AccessRWVar.bc>:RWVariableHandler:145:1:2
</harden/bcfiles/edk_bcfiles/AccessRWVar.bc>:RWVariableHandler:%117	</harden/bcfiles/edk_bcfiles/AccessRWVar.bc>:RWVariableHandler:%116	</harden/bcfiles/edk_bcfiles/AccessRWVar.bc>:RWVariableHandler:142:0:0	</harden/bcfiles/edk_bcfiles/AccessRWVar.bc>:RWVariableHandler:142:1:2
</harden/bcfiles/edk_bcfiles/AccessRWVar.bc>:RWVariableHandler:%201	</harden/bcfiles/edk_bcfiles/AccessRWVar.bc>:RWVariableHandler:%200	</harden/bcfiles/edk_bcfiles/AccessRWVar.bc>:RWVariableHandler:233:0:0	</harden/bcfiles/edk_bcfiles/AccessRWVar.bc>:RWVariableHandler:233:1:0
</harden/bcfiles/edk_bcfiles/AccessRWVar.bc>:RWVariableHandler:%85	</harden/bcfiles/edk_bcfiles/AccessRWVar.bc>:RWVariableHandler:%84	</harden/bcfiles/edk_bcfiles/AccessRWVar.bc>:RWVariableHandler:107:0:0	</harden/bcfiles/edk_bcfiles/AccessRWVar.bc>:RWVariableHandler:107:1:5
</harden/bcfiles/edk_bcfiles/AccessRWVar.bc>:RWVariableHandler:%80	</harden/bcfiles/edk_bcfiles/AccessRWVar.bc>:RWVariableHandler:%79	</harden/bcfiles/edk_bcfiles/AccessRWVar.bc>:RWVariableHandler:101:0:0	</harden/bcfiles/edk_bcfiles/AccessRWVar.bc>:RWVariableHandler:101:1:7
</harden/bcfiles/edk_bcfiles/AccessRWVar.bc>:RWVariableHandler:%150	</harden/bcfiles/edk_bcfiles/AccessRWVar.bc>:RWVariableHandler:%149	</harden/bcfiles/edk_bcfiles/AccessRWVar.bc>:RWVariableHandler:177:0:0	</harden/bcfiles/edk_bcfiles/AccessRWVar.bc>:RWVariableHandler:177:1:3
</harden/bcfiles/edk_bcfiles/AccessRWVar.bc>:RWVariableHandler:%53	</harden/bcfiles/edk_bcfiles/AccessRWVar.bc>:RWVariableHandler:%52	</harden/bcfiles/edk_bcfiles/AccessRWVar.bc>:RWVariableHandler:71:0:0	</harden/bcfiles/edk_bcfiles/AccessRWVar.bc>:RWVariableHandler:71:1:5
</harden/bcfiles/edk_bcfiles/AccessRWVar.bc>:RWVariableHandler:%143	</harden/bcfiles/edk_bcfiles/AccessRWVar.bc>:RWVariableHandler:%142	</harden/bcfiles/edk_bcfiles/AccessRWVar.bc>:RWVariableHandler:170:0:0	</harden/bcfiles/edk_bcfiles/AccessRWVar.bc>:RWVariableHandler:170:1:2
</harden/bcfiles/edk_bcfiles/AccessRWVar.bc>:RWVariableHandler:%110	</harden/bcfiles/edk_bcfiles/AccessRWVar.bc>:RWVariableHandler:%109	</harden/bcfiles/edk_bcfiles/AccessRWVar.bc>:RWVariableHandler:134:0:0	</harden/bcfiles/edk_bcfiles/AccessRWVar.bc>:RWVariableHandler:134:1:6
</harden/bcfiles/edk_bcfiles/AccessRWVar.bc>:RWVariableHandler:%175	</harden/bcfiles/edk_bcfiles/AccessRWVar.bc>:RWVariableHandler:%174	</harden/bcfiles/edk_bcfiles/AccessRWVar.bc>:RWVariableHandler:204:0:0	</harden/bcfiles/edk_bcfiles/AccessRWVar.bc>:RWVariableHandler:204:1:3
</harden/bcfiles/edk_bcfiles/AccessRWVar.bc>:RWVariableHandler:%168	</harden/bcfiles/edk_bcfiles/AccessRWVar.bc>:RWVariableHandler:%167	</harden/bcfiles/edk_bcfiles/AccessRWVar.bc>:RWVariableHandler:197:0:0	</harden/bcfiles/edk_bcfiles/AccessRWVar.bc>:RWVariableHandler:197:1:2
</harden/bcfiles/edk_bcfiles/AccessRWVar.bc>:RWVariableHandler:%180	</harden/bcfiles/edk_bcfiles/AccessRWVar.bc>:RWVariableHandler:%179	</harden/bcfiles/edk_bcfiles/AccessRWVar.bc>:RWVariableHandler:209:0:0	</harden/bcfiles/edk_bcfiles/AccessRWVar.bc>:RWVariableHandler:209:1:6
</harden/bcfiles/edk_bcfiles/AccessRWVar.bc>:AccessReadVariable:%12	</harden/bcfiles/edk_bcfiles/AccessRWVar.bc>:AccessReadVariable:%11	</harden/bcfiles/edk_bcfiles/AccessRWVar.bc>:AccessReadVariable:16:0:0	</harden/bcfiles/edk_bcfiles/AccessRWVar.bc>:AccessReadVariable:16:1:0
</harden/bcfiles/edk_bcfiles/AccessRWVar.bc>:AccessWriteVariable:%12	</harden/bcfiles/edk_bcfiles/AccessRWVar.bc>:AccessWriteVariable:%11	</harden/bcfiles/edk_bcfiles/AccessRWVar.bc>:AccessWriteVariable:16:0:0	</harden/bcfiles/edk_bcfiles/AccessRWVar.bc>:AccessWriteVariable:16:1:2
</harden/bcfiles/edk_bcfiles/AccessRWVar.bc>:AccessRWVarEntryPoint:%76	</harden/bcfiles/edk_bcfiles/AccessRWVar.bc>:AccessRWVarEntryPoint:%75	</harden/bcfiles/edk_bcfiles/AccessRWVar.bc>:AccessRWVarEntryPoint:92:0:0	</harden/bcfiles/edk_bcfiles/AccessRWVar.bc>:AccessRWVarEntryPoint:92:1:23
</harden/bcfiles/edk_bcfiles/AccessRWVar.bc>:AccessRWVarEntryPoint:%49	</harden/bcfiles/edk_bcfiles/AccessRWVar.bc>:AccessRWVarEntryPoint:%48	</harden/bcfiles/edk_bcfiles/AccessRWVar.bc>:AccessRWVarEntryPoint:61:0:0	</harden/bcfiles/edk_bcfiles/AccessRWVar.bc>:AccessRWVarEntryPoint:61:1:16
</harden/bcfiles/edk_bcfiles/AccessRWVar.bc>:AccessRWVarEntryPoint:%10	</harden/bcfiles/edk_bcfiles/AccessRWVar.bc>:AccessRWVarEntryPoint:%9	</harden/bcfiles/edk_bcfiles/AccessRWVar.bc>:AccessRWVarEntryPoint:14:0:0	</harden/bcfiles/edk_bcfiles/AccessRWVar.bc>:AccessRWVarEntryPoint:14:1:21
