</harden/bcfiles/edk_bcfiles/AccessRWVar.bc>:RWVariableHandler:%201	</harden/bcfiles/edk_bcfiles/AccessRWVar.bc>:RWVariableHandler:%199	0
</harden/bcfiles/edk_bcfiles/AccessRWVar.bc>:RWVariableHandler:%93	</harden/bcfiles/edk_bcfiles/AccessRWVar.bc>:RWVariableHandler:%92	</harden/bcfiles/edk_bcfiles/AccessRWVar.bc>:RWVariableHandler:116:0:1024
</harden/bcfiles/edk_bcfiles/AccessRWVar.bc>:RWVariableHandler:%13	</harden/bcfiles/edk_bcfiles/AccessRWVar.bc>:RWVariableHandler:%89	0
</harden/bcfiles/edk_bcfiles/AccessRWVar.bc>:RWVariableHandler:%12	</harden/bcfiles/edk_bcfiles/AccessRWVar.bc>:RWVariableHandler:%81	0
</harden/bcfiles/edk_bcfiles/AccessRWVar.bc>:RWVariableHandler:%10	</harden/bcfiles/edk_bcfiles/AccessRWVar.bc>:RWVariableHandler:%156	0
</harden/bcfiles/edk_bcfiles/AccessRWVar.bc>:RWVariableHandler:%10	</harden/bcfiles/edk_bcfiles/AccessRWVar.bc>:RWVariableHandler:%183	0
</harden/bcfiles/edk_bcfiles/AccessRWVar.bc>:RWVariableHandler:%10	</harden/bcfiles/edk_bcfiles/AccessRWVar.bc>:RWVariableHandler:%57	0
</harden/bcfiles/edk_bcfiles/AccessRWVar.bc>:RWVariableHandler:%9	</harden/bcfiles/edk_bcfiles/AccessRWVar.bc>:RWVariableHandler:%3	0
</harden/bcfiles/edk_bcfiles/AccessRWVar.bc>:RWVariableHandler:%8	</harden/bcfiles/edk_bcfiles/AccessRWVar.bc>:RWVariableHandler:%2	0
</harden/bcfiles/edk_bcfiles/AccessRWVar.bc>:RWVariableHandler:%7	</harden/bcfiles/edk_bcfiles/AccessRWVar.bc>:RWVariableHandler:%1	0
</harden/bcfiles/edk_bcfiles/AccessRWVar.bc>:RWVariableHandler:%14	</harden/bcfiles/edk_bcfiles/AccessRWVar.bc>:RWVariableHandler:%164	0
</harden/bcfiles/edk_bcfiles/AccessRWVar.bc>:RWVariableHandler:%14	</harden/bcfiles/edk_bcfiles/AccessRWVar.bc>:RWVariableHandler:%35	0
</harden/bcfiles/edk_bcfiles/AccessRWVar.bc>:RWVariableHandler:%6	</harden/bcfiles/edk_bcfiles/AccessRWVar.bc>:RWVariableHandler:%0	0
</harden/bcfiles/edk_bcfiles/AccessRWVar.bc>:AccessReadVariable:%10	</harden/bcfiles/edk_bcfiles/AccessRWVar.bc>:AccessReadVariable:%4	0
</harden/bcfiles/edk_bcfiles/AccessRWVar.bc>:AccessReadVariable:%9	</harden/bcfiles/edk_bcfiles/AccessRWVar.bc>:AccessReadVariable:%3	0
</harden/bcfiles/edk_bcfiles/AccessRWVar.bc>:AccessReadVariable:%8	</harden/bcfiles/edk_bcfiles/AccessRWVar.bc>:AccessReadVariable:%2	0
</harden/bcfiles/edk_bcfiles/AccessRWVar.bc>:AccessReadVariable:%7	</harden/bcfiles/edk_bcfiles/AccessRWVar.bc>:AccessReadVariable:%1	0
</harden/bcfiles/edk_bcfiles/AccessRWVar.bc>:AccessReadVariable:%6	</harden/bcfiles/edk_bcfiles/AccessRWVar.bc>:AccessReadVariable:%0	0
</harden/bcfiles/edk_bcfiles/AccessRWVar.bc>:AccessWriteVariable:%10	</harden/bcfiles/edk_bcfiles/AccessRWVar.bc>:AccessWriteVariable:%4	0
</harden/bcfiles/edk_bcfiles/AccessRWVar.bc>:AccessWriteVariable:%9	</harden/bcfiles/edk_bcfiles/AccessRWVar.bc>:AccessWriteVariable:%3	0
</harden/bcfiles/edk_bcfiles/AccessRWVar.bc>:AccessWriteVariable:%8	</harden/bcfiles/edk_bcfiles/AccessRWVar.bc>:AccessWriteVariable:%2	0
</harden/bcfiles/edk_bcfiles/AccessRWVar.bc>:AccessWriteVariable:%7	</harden/bcfiles/edk_bcfiles/AccessRWVar.bc>:AccessWriteVariable:%1	0
</harden/bcfiles/edk_bcfiles/AccessRWVar.bc>:AccessWriteVariable:%6	</harden/bcfiles/edk_bcfiles/AccessRWVar.bc>:AccessWriteVariable:%0	0
</harden/bcfiles/edk_bcfiles/AccessRWVar.bc>:AccessRWVarEntryPoint:%6	</harden/bcfiles/edk_bcfiles/AccessRWVar.bc>:AccessRWVarEntryPoint:%78	0
</harden/bcfiles/edk_bcfiles/AccessRWVar.bc>:AccessRWVarEntryPoint:%6	</harden/bcfiles/edk_bcfiles/AccessRWVar.bc>:AccessRWVarEntryPoint:%51	0
</harden/bcfiles/edk_bcfiles/AccessRWVar.bc>:AccessRWVarEntryPoint:%6	</harden/bcfiles/edk_bcfiles/AccessRWVar.bc>:AccessRWVarEntryPoint:%12	0
</harden/bcfiles/edk_bcfiles/AccessRWVar.bc>:AccessRWVarEntryPoint:%5	</harden/bcfiles/edk_bcfiles/AccessRWVar.bc>:AccessRWVarEntryPoint:%1	0
</harden/bcfiles/edk_bcfiles/AccessRWVar.bc>:AccessRWVarEntryPoint:%4	</harden/bcfiles/edk_bcfiles/AccessRWVar.bc>:AccessRWVarEntryPoint:%0	0
</harden/bcfiles/edk_bcfiles/AccessRWVar.bc>:AccessRWVarEntryPoint:%3	</harden/bcfiles/edk_bcfiles/AccessRWVar.bc>:AccessRWVarEntryPoint:%29	0
</harden/bcfiles/edk_bcfiles/AccessRWVar.bc>:AccessRWVarEntryPoint:%3	</harden/bcfiles/edk_bcfiles/AccessRWVar.bc>:AccessRWVarEntryPoint:%102	0
