*global_alloc@mSmmVariable	null
*global_alloc@gAccessRWVar	zeroinitializer
*global_alloc@.str	c"%a: Invalid CommBuffer or CommBufferSize\0A\00"
*global_alloc@.str.1	c"%a: Data size exceeds structure boundaries !!!\0A\00"
*global_alloc@__func__.RWVariableHandler	c"RWVariableHandler\00"
*global_alloc@.str.2	c"%a: Failed to allocate buffer\0A\00"
*global_alloc@.str.3	c"%a: Data offset out of range !!!\0A\00"
*global_alloc@.str.4	c"%a: Invalid access type\0A\00"
*global_alloc@.str.5	c"%a: Unsupported access type\0A\00"
*global_alloc@.str.6	c"%a: Missing required SmmVariable protocol - %r\0A\00"
*global_alloc@__func__.AccessRWVarEntryPoint	c"AccessRWVarEntryPoint\00"
*global_alloc@.str.7	c"%a: Pcd flag not set. Abandoning module init\0A\00"
*global_alloc@.str.8	c"\0AASSERT_EFI_ERROR (Status = %r)\0A\00"
*global_alloc@.str.9	c"AccessRWVar.c\00"
*global_alloc@.str.10	c"!(((INTN)(RETURN_STATUS)(Status)) < 0)\00"
*global_alloc@mSmmVariable[0]	null
*global_alloc@gAccessRWVar[0]	zeroinitializer
*global_alloc@.str[0]	c"%a: Invalid CommBuffer or CommBufferSize\0A\00"
*global_alloc@.str.1[0]	c"%a: Data size exceeds structure boundaries !!!\0A\00"
*global_alloc@__func__.RWVariableHandler[0]	c"RWVariableHandler\00"
*global_alloc@.str.2[0]	c"%a: Failed to allocate buffer\0A\00"
*global_alloc@.str.3[0]	c"%a: Data offset out of range !!!\0A\00"
*global_alloc@.str.4[0]	c"%a: Invalid access type\0A\00"
*global_alloc@.str.5[0]	c"%a: Unsupported access type\0A\00"
*global_alloc@.str.6[0]	c"%a: Missing required SmmVariable protocol - %r\0A\00"
*global_alloc@__func__.AccessRWVarEntryPoint[0]	c"AccessRWVarEntryPoint\00"
*global_alloc@.str.7[0]	c"%a: Pcd flag not set. Abandoning module init\0A\00"
*global_alloc@.str.8[0]	c"\0AASSERT_EFI_ERROR (Status = %r)\0A\00"
*global_alloc@.str.9[0]	c"AccessRWVar.c\00"
*global_alloc@.str.10[0]	c"!(((INTN)(RETURN_STATUS)(Status)) < 0)\00"
