</harden/bcfiles/edk_bcfiles/AccessRWVar.bc>:0:null	*null*
</harden/bcfiles/edk_bcfiles/AccessRWVar.bc>:RWVariableHandler:21:0:null	*null*
</harden/bcfiles/edk_bcfiles/AccessRWVar.bc>:RWVariableHandler:23:0:null	*null*
</harden/bcfiles/edk_bcfiles/AccessRWVar.bc>:RWVariableHandler:25:0:null	*null*
</harden/bcfiles/edk_bcfiles/AccessRWVar.bc>:RWVariableHandler:29:0:null	*null*
</harden/bcfiles/edk_bcfiles/AccessRWVar.bc>:RWVariableHandler:32:0:null	*null*
</harden/bcfiles/edk_bcfiles/AccessRWVar.bc>:AccessReadVariable:22:0:null	*null*
</harden/bcfiles/edk_bcfiles/AccessRWVar.bc>:AccessRWVarEntryPoint:16:1:null	*null*
</harden/bcfiles/edk_bcfiles/AccessRWVar.bc>:AccessRWVarEntryPoint:59:0:null	*null*
</harden/bcfiles/edk_bcfiles/AccessRWVar.bc>:AccessRWVarEntryPoint:90:0:null	*null*
</harden/bcfiles/edk_bcfiles/AccessRWVar.bc>:AccessRWVarEntryPoint:94:0:@RWVariableHandler	*global_alloc@RWVariableHandler
</harden/bcfiles/edk_bcfiles/AccessRWVar.bc>:RWVariableHandler:183:0:@AccessReadVariable	*global_alloc@AccessReadVariable
</harden/bcfiles/edk_bcfiles/AccessRWVar.bc>:AccessRWVarEntryPoint:41:0:@AccessReadVariable	*global_alloc@AccessReadVariable
</harden/bcfiles/edk_bcfiles/AccessRWVar.bc>:RWVariableHandler:212:0:@AccessWriteVariable	*global_alloc@AccessWriteVariable
</harden/bcfiles/edk_bcfiles/AccessRWVar.bc>:AccessRWVarEntryPoint:42:0:@AccessWriteVariable	*global_alloc@AccessWriteVariable
</harden/bcfiles/edk_bcfiles/AccessRWVar.bc>:RWVariableHandler:11:0:@llvm.dbg.declare	*global_alloc@llvm.dbg.declare
</harden/bcfiles/edk_bcfiles/AccessRWVar.bc>:RWVariableHandler:13:0:@llvm.dbg.declare	*global_alloc@llvm.dbg.declare
</harden/bcfiles/edk_bcfiles/AccessRWVar.bc>:RWVariableHandler:15:0:@llvm.dbg.declare	*global_alloc@llvm.dbg.declare
</harden/bcfiles/edk_bcfiles/AccessRWVar.bc>:RWVariableHandler:17:0:@llvm.dbg.declare	*global_alloc@llvm.dbg.declare
</harden/bcfiles/edk_bcfiles/AccessRWVar.bc>:RWVariableHandler:18:0:@llvm.dbg.declare	*global_alloc@llvm.dbg.declare
</harden/bcfiles/edk_bcfiles/AccessRWVar.bc>:RWVariableHandler:20:0:@llvm.dbg.declare	*global_alloc@llvm.dbg.declare
</harden/bcfiles/edk_bcfiles/AccessRWVar.bc>:RWVariableHandler:22:0:@llvm.dbg.declare	*global_alloc@llvm.dbg.declare
</harden/bcfiles/edk_bcfiles/AccessRWVar.bc>:RWVariableHandler:24:0:@llvm.dbg.declare	*global_alloc@llvm.dbg.declare
</harden/bcfiles/edk_bcfiles/AccessRWVar.bc>:RWVariableHandler:26:0:@llvm.dbg.declare	*global_alloc@llvm.dbg.declare
</harden/bcfiles/edk_bcfiles/AccessRWVar.bc>:AccessReadVariable:6:0:@llvm.dbg.declare	*global_alloc@llvm.dbg.declare
</harden/bcfiles/edk_bcfiles/AccessRWVar.bc>:AccessReadVariable:8:0:@llvm.dbg.declare	*global_alloc@llvm.dbg.declare
</harden/bcfiles/edk_bcfiles/AccessRWVar.bc>:AccessReadVariable:10:0:@llvm.dbg.declare	*global_alloc@llvm.dbg.declare
</harden/bcfiles/edk_bcfiles/AccessRWVar.bc>:AccessReadVariable:12:0:@llvm.dbg.declare	*global_alloc@llvm.dbg.declare
</harden/bcfiles/edk_bcfiles/AccessRWVar.bc>:AccessReadVariable:14:0:@llvm.dbg.declare	*global_alloc@llvm.dbg.declare
</harden/bcfiles/edk_bcfiles/AccessRWVar.bc>:AccessWriteVariable:6:0:@llvm.dbg.declare	*global_alloc@llvm.dbg.declare
</harden/bcfiles/edk_bcfiles/AccessRWVar.bc>:AccessWriteVariable:8:0:@llvm.dbg.declare	*global_alloc@llvm.dbg.declare
</harden/bcfiles/edk_bcfiles/AccessRWVar.bc>:AccessWriteVariable:10:0:@llvm.dbg.declare	*global_alloc@llvm.dbg.declare
</harden/bcfiles/edk_bcfiles/AccessRWVar.bc>:AccessWriteVariable:12:0:@llvm.dbg.declare	*global_alloc@llvm.dbg.declare
</harden/bcfiles/edk_bcfiles/AccessRWVar.bc>:AccessWriteVariable:14:0:@llvm.dbg.declare	*global_alloc@llvm.dbg.declare
</harden/bcfiles/edk_bcfiles/AccessRWVar.bc>:AccessRWVarEntryPoint:7:0:@llvm.dbg.declare	*global_alloc@llvm.dbg.declare
</harden/bcfiles/edk_bcfiles/AccessRWVar.bc>:AccessRWVarEntryPoint:9:0:@llvm.dbg.declare	*global_alloc@llvm.dbg.declare
</harden/bcfiles/edk_bcfiles/AccessRWVar.bc>:AccessRWVarEntryPoint:10:0:@llvm.dbg.declare	*global_alloc@llvm.dbg.declare
</harden/bcfiles/edk_bcfiles/AccessRWVar.bc>:AccessRWVarEntryPoint:11:0:@llvm.dbg.declare	*global_alloc@llvm.dbg.declare
</harden/bcfiles/edk_bcfiles/AccessRWVar.bc>:AccessRWVarEntryPoint:12:0:@llvm.dbg.declare	*global_alloc@llvm.dbg.declare
</harden/bcfiles/edk_bcfiles/AccessRWVar.bc>:RWVariableHandler:35:0:@DebugPrintEnabled	*global_alloc@DebugPrintEnabled
</harden/bcfiles/edk_bcfiles/AccessRWVar.bc>:RWVariableHandler:56:0:@DebugPrintEnabled	*global_alloc@DebugPrintEnabled
</harden/bcfiles/edk_bcfiles/AccessRWVar.bc>:RWVariableHandler:81:0:@DebugPrintEnabled	*global_alloc@DebugPrintEnabled
</harden/bcfiles/edk_bcfiles/AccessRWVar.bc>:RWVariableHandler:121:0:@DebugPrintEnabled	*global_alloc@DebugPrintEnabled
</harden/bcfiles/edk_bcfiles/AccessRWVar.bc>:RWVariableHandler:152:0:@DebugPrintEnabled	*global_alloc@DebugPrintEnabled
</harden/bcfiles/edk_bcfiles/AccessRWVar.bc>:RWVariableHandler:216:0:@DebugPrintEnabled	*global_alloc@DebugPrintEnabled
</harden/bcfiles/edk_bcfiles/AccessRWVar.bc>:AccessRWVarEntryPoint:22:0:@DebugPrintEnabled	*global_alloc@DebugPrintEnabled
</harden/bcfiles/edk_bcfiles/AccessRWVar.bc>:AccessRWVarEntryPoint:45:0:@DebugPrintEnabled	*global_alloc@DebugPrintEnabled
</harden/bcfiles/edk_bcfiles/AccessRWVar.bc>:AccessRWVarEntryPoint:73:0:@DebugPrintEnabled	*global_alloc@DebugPrintEnabled
</harden/bcfiles/edk_bcfiles/AccessRWVar.bc>:AccessRWVarEntryPoint:104:0:@DebugPrintEnabled	*global_alloc@DebugPrintEnabled
</harden/bcfiles/edk_bcfiles/AccessRWVar.bc>:RWVariableHandler:39:0:@DebugPrintLevelEnabled	*global_alloc@DebugPrintLevelEnabled
</harden/bcfiles/edk_bcfiles/AccessRWVar.bc>:RWVariableHandler:60:0:@DebugPrintLevelEnabled	*global_alloc@DebugPrintLevelEnabled
</harden/bcfiles/edk_bcfiles/AccessRWVar.bc>:RWVariableHandler:85:0:@DebugPrintLevelEnabled	*global_alloc@DebugPrintLevelEnabled
</harden/bcfiles/edk_bcfiles/AccessRWVar.bc>:RWVariableHandler:125:0:@DebugPrintLevelEnabled	*global_alloc@DebugPrintLevelEnabled
</harden/bcfiles/edk_bcfiles/AccessRWVar.bc>:RWVariableHandler:156:0:@DebugPrintLevelEnabled	*global_alloc@DebugPrintLevelEnabled
</harden/bcfiles/edk_bcfiles/AccessRWVar.bc>:RWVariableHandler:220:0:@DebugPrintLevelEnabled	*global_alloc@DebugPrintLevelEnabled
</harden/bcfiles/edk_bcfiles/AccessRWVar.bc>:AccessRWVarEntryPoint:26:0:@DebugPrintLevelEnabled	*global_alloc@DebugPrintLevelEnabled
</harden/bcfiles/edk_bcfiles/AccessRWVar.bc>:AccessRWVarEntryPoint:49:0:@DebugPrintLevelEnabled	*global_alloc@DebugPrintLevelEnabled
</harden/bcfiles/edk_bcfiles/AccessRWVar.bc>:AccessRWVarEntryPoint:77:0:@DebugPrintLevelEnabled	*global_alloc@DebugPrintLevelEnabled
</harden/bcfiles/edk_bcfiles/AccessRWVar.bc>:AccessRWVarEntryPoint:108:0:@DebugPrintLevelEnabled	*global_alloc@DebugPrintLevelEnabled
</harden/bcfiles/edk_bcfiles/AccessRWVar.bc>:RWVariableHandler:42:0:@DebugPrint	*global_alloc@DebugPrint
</harden/bcfiles/edk_bcfiles/AccessRWVar.bc>:RWVariableHandler:63:0:@DebugPrint	*global_alloc@DebugPrint
</harden/bcfiles/edk_bcfiles/AccessRWVar.bc>:RWVariableHandler:88:0:@DebugPrint	*global_alloc@DebugPrint
</harden/bcfiles/edk_bcfiles/AccessRWVar.bc>:RWVariableHandler:128:0:@DebugPrint	*global_alloc@DebugPrint
</harden/bcfiles/edk_bcfiles/AccessRWVar.bc>:RWVariableHandler:162:0:@DebugPrint	*global_alloc@DebugPrint
</harden/bcfiles/edk_bcfiles/AccessRWVar.bc>:RWVariableHandler:223:0:@DebugPrint	*global_alloc@DebugPrint
</harden/bcfiles/edk_bcfiles/AccessRWVar.bc>:AccessRWVarEntryPoint:30:0:@DebugPrint	*global_alloc@DebugPrint
</harden/bcfiles/edk_bcfiles/AccessRWVar.bc>:AccessRWVarEntryPoint:52:0:@DebugPrint	*global_alloc@DebugPrint
</harden/bcfiles/edk_bcfiles/AccessRWVar.bc>:AccessRWVarEntryPoint:81:0:@DebugPrint	*global_alloc@DebugPrint
</harden/bcfiles/edk_bcfiles/AccessRWVar.bc>:AccessRWVarEntryPoint:112:0:@DebugPrint	*global_alloc@DebugPrint
</harden/bcfiles/edk_bcfiles/AccessRWVar.bc>:RWVariableHandler:99:0:@CopyMem	*global_alloc@CopyMem
</harden/bcfiles/edk_bcfiles/AccessRWVar.bc>:RWVariableHandler:239:0:@CopyMem	*global_alloc@CopyMem
</harden/bcfiles/edk_bcfiles/AccessRWVar.bc>:AccessRWVarEntryPoint:66:0:@DebugAssertEnabled	*global_alloc@DebugAssertEnabled
</harden/bcfiles/edk_bcfiles/AccessRWVar.bc>:AccessRWVarEntryPoint:97:0:@DebugAssertEnabled	*global_alloc@DebugAssertEnabled
</harden/bcfiles/edk_bcfiles/AccessRWVar.bc>:AccessRWVarEntryPoint:86:0:@DebugAssert	*global_alloc@DebugAssert
</harden/bcfiles/edk_bcfiles/AccessRWVar.bc>:AccessRWVarEntryPoint:117:0:@DebugAssert	*global_alloc@DebugAssert
</harden/bcfiles/edk_bcfiles/AccessRWVar.bc>:AccessReadVariable:15:0:@mSmmVariable	*global_alloc@mSmmVariable
</harden/bcfiles/edk_bcfiles/AccessRWVar.bc>:AccessWriteVariable:15:0:@mSmmVariable	*global_alloc@mSmmVariable
</harden/bcfiles/edk_bcfiles/AccessRWVar.bc>:AccessRWVarEntryPoint:16:2:bitcast (%struct._EFI_SMM_VARIABLE_PROTOCOL** @mSmmVariable to i8**)	*global_alloc@mSmmVariable
</harden/bcfiles/edk_bcfiles/AccessRWVar.bc>:AccessRWVarEntryPoint:16:3:@mSmmVariable	*global_alloc@mSmmVariable
</harden/bcfiles/edk_bcfiles/AccessRWVar.bc>:AccessRWVarEntryPoint:41:2:@gAccessRWVar	*global_alloc@gAccessRWVar
</harden/bcfiles/edk_bcfiles/AccessRWVar.bc>:AccessRWVarEntryPoint:42:2:@gAccessRWVar	*global_alloc@gAccessRWVar
</harden/bcfiles/edk_bcfiles/AccessRWVar.bc>:AccessRWVarEntryPoint:63:2:bitcast (%struct._ACCESS_RWVAR_PROTOCOL* @gAccessRWVar to i8*)	*global_alloc@gAccessRWVar
</harden/bcfiles/edk_bcfiles/AccessRWVar.bc>:AccessRWVarEntryPoint:63:3:@gAccessRWVar	*global_alloc@gAccessRWVar
</harden/bcfiles/edk_bcfiles/AccessRWVar.bc>:RWVariableHandler:42:3:@.str	*global_alloc@.str
</harden/bcfiles/edk_bcfiles/AccessRWVar.bc>:RWVariableHandler:63:3:@.str.1	*global_alloc@.str.1
</harden/bcfiles/edk_bcfiles/AccessRWVar.bc>:RWVariableHandler:63:7:@__func__.RWVariableHandler	*global_alloc@__func__.RWVariableHandler
</harden/bcfiles/edk_bcfiles/AccessRWVar.bc>:RWVariableHandler:88:7:@__func__.RWVariableHandler	*global_alloc@__func__.RWVariableHandler
</harden/bcfiles/edk_bcfiles/AccessRWVar.bc>:RWVariableHandler:128:7:@__func__.RWVariableHandler	*global_alloc@__func__.RWVariableHandler
</harden/bcfiles/edk_bcfiles/AccessRWVar.bc>:RWVariableHandler:162:7:@__func__.RWVariableHandler	*global_alloc@__func__.RWVariableHandler
</harden/bcfiles/edk_bcfiles/AccessRWVar.bc>:RWVariableHandler:70:0:@gSmst	*global_alloc@gSmst
</harden/bcfiles/edk_bcfiles/AccessRWVar.bc>:RWVariableHandler:133:0:@gSmst	*global_alloc@gSmst
</harden/bcfiles/edk_bcfiles/AccessRWVar.bc>:RWVariableHandler:88:3:@.str.2	*global_alloc@.str.2
</harden/bcfiles/edk_bcfiles/AccessRWVar.bc>:RWVariableHandler:128:3:@.str.3	*global_alloc@.str.3
</harden/bcfiles/edk_bcfiles/AccessRWVar.bc>:RWVariableHandler:162:3:@.str.4	*global_alloc@.str.4
</harden/bcfiles/edk_bcfiles/AccessRWVar.bc>:RWVariableHandler:223:3:@.str.5	*global_alloc@.str.5
</harden/bcfiles/edk_bcfiles/AccessRWVar.bc>:AccessRWVarEntryPoint:13:0:@gMmst	*global_alloc@gMmst
</harden/bcfiles/edk_bcfiles/AccessRWVar.bc>:AccessRWVarEntryPoint:60:0:@gMmst	*global_alloc@gMmst
</harden/bcfiles/edk_bcfiles/AccessRWVar.bc>:AccessRWVarEntryPoint:91:0:@gMmst	*global_alloc@gMmst
</harden/bcfiles/edk_bcfiles/AccessRWVar.bc>:AccessRWVarEntryPoint:16:0:@gEfiSmmVariableProtocolGuid	*global_alloc@gEfiSmmVariableProtocolGuid
</harden/bcfiles/edk_bcfiles/AccessRWVar.bc>:AccessRWVarEntryPoint:30:3:@.str.6	*global_alloc@.str.6
</harden/bcfiles/edk_bcfiles/AccessRWVar.bc>:AccessRWVarEntryPoint:30:7:@__func__.AccessRWVarEntryPoint	*global_alloc@__func__.AccessRWVarEntryPoint
</harden/bcfiles/edk_bcfiles/AccessRWVar.bc>:AccessRWVarEntryPoint:38:0:@_gPcd_FixedAtBuild_PcdUseAccessRWVariable	*global_alloc@_gPcd_FixedAtBuild_PcdUseAccessRWVariable
</harden/bcfiles/edk_bcfiles/AccessRWVar.bc>:AccessRWVarEntryPoint:52:3:@.str.7	*global_alloc@.str.7
</harden/bcfiles/edk_bcfiles/AccessRWVar.bc>:AccessRWVarEntryPoint:63:0:@gEfiAccessRWVarProtocolGuid	*global_alloc@gEfiAccessRWVarProtocolGuid
</harden/bcfiles/edk_bcfiles/AccessRWVar.bc>:AccessRWVarEntryPoint:81:3:@.str.8	*global_alloc@.str.8
</harden/bcfiles/edk_bcfiles/AccessRWVar.bc>:AccessRWVarEntryPoint:112:3:@.str.8	*global_alloc@.str.8
</harden/bcfiles/edk_bcfiles/AccessRWVar.bc>:AccessRWVarEntryPoint:86:2:@.str.9	*global_alloc@.str.9
</harden/bcfiles/edk_bcfiles/AccessRWVar.bc>:AccessRWVarEntryPoint:117:2:@.str.9	*global_alloc@.str.9
</harden/bcfiles/edk_bcfiles/AccessRWVar.bc>:AccessRWVarEntryPoint:86:7:@.str.10	*global_alloc@.str.10
</harden/bcfiles/edk_bcfiles/AccessRWVar.bc>:AccessRWVarEntryPoint:117:7:@.str.10	*global_alloc@.str.10
</harden/bcfiles/edk_bcfiles/AccessRWVar.bc>:AccessRWVarEntryPoint:94:1:@gEfiRWVariableCommGuid	*global_alloc@gEfiRWVariableCommGuid
</harden/bcfiles/edk_bcfiles/AccessRWVar.bc>:RWVariableHandler:42:2:getelementptr inbounds ([42 x i8], [42 x i8]* @.str, i64 0, i64 0)	*global_alloc@.str[0]
</harden/bcfiles/edk_bcfiles/AccessRWVar.bc>:RWVariableHandler:63:2:getelementptr inbounds ([48 x i8], [48 x i8]* @.str.1, i64 0, i64 0)	*global_alloc@.str.1[0]
</harden/bcfiles/edk_bcfiles/AccessRWVar.bc>:RWVariableHandler:63:6:getelementptr inbounds ([18 x i8], [18 x i8]* @__func__.RWVariableHandler, i64 0, i64 0)	*global_alloc@__func__.RWVariableHandler[0]
</harden/bcfiles/edk_bcfiles/AccessRWVar.bc>:RWVariableHandler:88:6:getelementptr inbounds ([18 x i8], [18 x i8]* @__func__.RWVariableHandler, i64 0, i64 0)	*global_alloc@__func__.RWVariableHandler[0]
</harden/bcfiles/edk_bcfiles/AccessRWVar.bc>:RWVariableHandler:128:6:getelementptr inbounds ([18 x i8], [18 x i8]* @__func__.RWVariableHandler, i64 0, i64 0)	*global_alloc@__func__.RWVariableHandler[0]
</harden/bcfiles/edk_bcfiles/AccessRWVar.bc>:RWVariableHandler:162:6:getelementptr inbounds ([18 x i8], [18 x i8]* @__func__.RWVariableHandler, i64 0, i64 0)	*global_alloc@__func__.RWVariableHandler[0]
</harden/bcfiles/edk_bcfiles/AccessRWVar.bc>:RWVariableHandler:88:2:getelementptr inbounds ([31 x i8], [31 x i8]* @.str.2, i64 0, i64 0)	*global_alloc@.str.2[0]
</harden/bcfiles/edk_bcfiles/AccessRWVar.bc>:RWVariableHandler:128:2:getelementptr inbounds ([34 x i8], [34 x i8]* @.str.3, i64 0, i64 0)	*global_alloc@.str.3[0]
</harden/bcfiles/edk_bcfiles/AccessRWVar.bc>:RWVariableHandler:162:2:getelementptr inbounds ([25 x i8], [25 x i8]* @.str.4, i64 0, i64 0)	*global_alloc@.str.4[0]
</harden/bcfiles/edk_bcfiles/AccessRWVar.bc>:RWVariableHandler:223:2:getelementptr inbounds ([29 x i8], [29 x i8]* @.str.5, i64 0, i64 0)	*global_alloc@.str.5[0]
</harden/bcfiles/edk_bcfiles/AccessRWVar.bc>:AccessRWVarEntryPoint:30:2:getelementptr inbounds ([48 x i8], [48 x i8]* @.str.6, i64 0, i64 0)	*global_alloc@.str.6[0]
</harden/bcfiles/edk_bcfiles/AccessRWVar.bc>:AccessRWVarEntryPoint:30:6:getelementptr inbounds ([22 x i8], [22 x i8]* @__func__.AccessRWVarEntryPoint, i64 0, i64 0)	*global_alloc@__func__.AccessRWVarEntryPoint[0]
</harden/bcfiles/edk_bcfiles/AccessRWVar.bc>:AccessRWVarEntryPoint:52:2:getelementptr inbounds ([46 x i8], [46 x i8]* @.str.7, i64 0, i64 0)	*global_alloc@.str.7[0]
</harden/bcfiles/edk_bcfiles/AccessRWVar.bc>:AccessRWVarEntryPoint:81:2:getelementptr inbounds ([33 x i8], [33 x i8]* @.str.8, i64 0, i64 0)	*global_alloc@.str.8[0]
</harden/bcfiles/edk_bcfiles/AccessRWVar.bc>:AccessRWVarEntryPoint:112:2:getelementptr inbounds ([33 x i8], [33 x i8]* @.str.8, i64 0, i64 0)	*global_alloc@.str.8[0]
</harden/bcfiles/edk_bcfiles/AccessRWVar.bc>:AccessRWVarEntryPoint:86:1:getelementptr inbounds ([14 x i8], [14 x i8]* @.str.9, i64 0, i64 0)	*global_alloc@.str.9[0]
</harden/bcfiles/edk_bcfiles/AccessRWVar.bc>:AccessRWVarEntryPoint:117:1:getelementptr inbounds ([14 x i8], [14 x i8]* @.str.9, i64 0, i64 0)	*global_alloc@.str.9[0]
</harden/bcfiles/edk_bcfiles/AccessRWVar.bc>:AccessRWVarEntryPoint:86:6:getelementptr inbounds ([39 x i8], [39 x i8]* @.str.10, i64 0, i64 0)	*global_alloc@.str.10[0]
</harden/bcfiles/edk_bcfiles/AccessRWVar.bc>:AccessRWVarEntryPoint:117:6:getelementptr inbounds ([39 x i8], [39 x i8]* @.str.10, i64 0, i64 0)	*global_alloc@.str.10[0]
</harden/bcfiles/edk_bcfiles/AccessRWVar.bc>:AccessRWVarEntryPoint:41:1:getelementptr inbounds (%struct._ACCESS_RWVAR_PROTOCOL, %struct._ACCESS_RWVAR_PROTOCOL* @gAccessRWVar, i32 0, i32 0)	*global_alloc@gAccessRWVar[0].?/0
</harden/bcfiles/edk_bcfiles/AccessRWVar.bc>:AccessRWVarEntryPoint:42:1:getelementptr inbounds (%struct._ACCESS_RWVAR_PROTOCOL, %struct._ACCESS_RWVAR_PROTOCOL* @gAccessRWVar, i32 0, i32 1)	*global_alloc@gAccessRWVar[0].?/1
</harden/bcfiles/edk_bcfiles/AccessRWVar.bc>:RWVariableHandler:42:2:getelementptr inbounds ([42 x i8], [42 x i8]* @.str, i64 0, i64 0)	*global_alloc@.str[0][*]
</harden/bcfiles/edk_bcfiles/AccessRWVar.bc>:RWVariableHandler:63:2:getelementptr inbounds ([48 x i8], [48 x i8]* @.str.1, i64 0, i64 0)	*global_alloc@.str.1[0][*]
</harden/bcfiles/edk_bcfiles/AccessRWVar.bc>:RWVariableHandler:63:6:getelementptr inbounds ([18 x i8], [18 x i8]* @__func__.RWVariableHandler, i64 0, i64 0)	*global_alloc@__func__.RWVariableHandler[0][*]
</harden/bcfiles/edk_bcfiles/AccessRWVar.bc>:RWVariableHandler:88:6:getelementptr inbounds ([18 x i8], [18 x i8]* @__func__.RWVariableHandler, i64 0, i64 0)	*global_alloc@__func__.RWVariableHandler[0][*]
</harden/bcfiles/edk_bcfiles/AccessRWVar.bc>:RWVariableHandler:128:6:getelementptr inbounds ([18 x i8], [18 x i8]* @__func__.RWVariableHandler, i64 0, i64 0)	*global_alloc@__func__.RWVariableHandler[0][*]
</harden/bcfiles/edk_bcfiles/AccessRWVar.bc>:RWVariableHandler:162:6:getelementptr inbounds ([18 x i8], [18 x i8]* @__func__.RWVariableHandler, i64 0, i64 0)	*global_alloc@__func__.RWVariableHandler[0][*]
</harden/bcfiles/edk_bcfiles/AccessRWVar.bc>:RWVariableHandler:88:2:getelementptr inbounds ([31 x i8], [31 x i8]* @.str.2, i64 0, i64 0)	*global_alloc@.str.2[0][*]
</harden/bcfiles/edk_bcfiles/AccessRWVar.bc>:RWVariableHandler:128:2:getelementptr inbounds ([34 x i8], [34 x i8]* @.str.3, i64 0, i64 0)	*global_alloc@.str.3[0][*]
</harden/bcfiles/edk_bcfiles/AccessRWVar.bc>:RWVariableHandler:162:2:getelementptr inbounds ([25 x i8], [25 x i8]* @.str.4, i64 0, i64 0)	*global_alloc@.str.4[0][*]
</harden/bcfiles/edk_bcfiles/AccessRWVar.bc>:RWVariableHandler:223:2:getelementptr inbounds ([29 x i8], [29 x i8]* @.str.5, i64 0, i64 0)	*global_alloc@.str.5[0][*]
</harden/bcfiles/edk_bcfiles/AccessRWVar.bc>:AccessRWVarEntryPoint:30:2:getelementptr inbounds ([48 x i8], [48 x i8]* @.str.6, i64 0, i64 0)	*global_alloc@.str.6[0][*]
</harden/bcfiles/edk_bcfiles/AccessRWVar.bc>:AccessRWVarEntryPoint:30:6:getelementptr inbounds ([22 x i8], [22 x i8]* @__func__.AccessRWVarEntryPoint, i64 0, i64 0)	*global_alloc@__func__.AccessRWVarEntryPoint[0][*]
</harden/bcfiles/edk_bcfiles/AccessRWVar.bc>:AccessRWVarEntryPoint:52:2:getelementptr inbounds ([46 x i8], [46 x i8]* @.str.7, i64 0, i64 0)	*global_alloc@.str.7[0][*]
</harden/bcfiles/edk_bcfiles/AccessRWVar.bc>:AccessRWVarEntryPoint:81:2:getelementptr inbounds ([33 x i8], [33 x i8]* @.str.8, i64 0, i64 0)	*global_alloc@.str.8[0][*]
</harden/bcfiles/edk_bcfiles/AccessRWVar.bc>:AccessRWVarEntryPoint:112:2:getelementptr inbounds ([33 x i8], [33 x i8]* @.str.8, i64 0, i64 0)	*global_alloc@.str.8[0][*]
</harden/bcfiles/edk_bcfiles/AccessRWVar.bc>:AccessRWVarEntryPoint:86:1:getelementptr inbounds ([14 x i8], [14 x i8]* @.str.9, i64 0, i64 0)	*global_alloc@.str.9[0][*]
</harden/bcfiles/edk_bcfiles/AccessRWVar.bc>:AccessRWVarEntryPoint:117:1:getelementptr inbounds ([14 x i8], [14 x i8]* @.str.9, i64 0, i64 0)	*global_alloc@.str.9[0][*]
</harden/bcfiles/edk_bcfiles/AccessRWVar.bc>:AccessRWVarEntryPoint:86:6:getelementptr inbounds ([39 x i8], [39 x i8]* @.str.10, i64 0, i64 0)	*global_alloc@.str.10[0][*]
</harden/bcfiles/edk_bcfiles/AccessRWVar.bc>:AccessRWVarEntryPoint:117:6:getelementptr inbounds ([39 x i8], [39 x i8]* @.str.10, i64 0, i64 0)	*global_alloc@.str.10[0][*]
