*global_alloc@mSmmVariable	%struct._EFI_SMM_VARIABLE_PROTOCOL*
*global_alloc@gAccessRWVar	%struct._ACCESS_RWVAR_PROTOCOL
*global_alloc@.str	[42 x i8]
*global_alloc@.str.1	[48 x i8]
*global_alloc@__func__.RWVariableHandler	[18 x i8]
*global_alloc@gSmst	%struct._EFI_SMM_SYSTEM_TABLE2*
*global_alloc@.str.2	[31 x i8]
*global_alloc@.str.3	[34 x i8]
*global_alloc@.str.4	[25 x i8]
*global_alloc@.str.5	[29 x i8]
*global_alloc@gMmst	%struct._EFI_MM_SYSTEM_TABLE*
*global_alloc@gEfiSmmVariableProtocolGuid	%struct.GUID
*global_alloc@.str.6	[48 x i8]
*global_alloc@__func__.AccessRWVarEntryPoint	[22 x i8]
*global_alloc@_gPcd_FixedAtBuild_PcdUseAccessRWVariable	i8
*global_alloc@.str.7	[46 x i8]
*global_alloc@gEfiAccessRWVarProtocolGuid	%struct.GUID
*global_alloc@.str.8	[33 x i8]
*global_alloc@.str.9	[14 x i8]
*global_alloc@.str.10	[39 x i8]
*global_alloc@gEfiRWVariableCommGuid	%struct.GUID
