</harden/bcfiles/linux_bcfiles/kbmi_usb_final.bc>:load_message_to_memory:15	</harden/bcfiles/linux_bcfiles/kbmi_usb_final.bc>:load_message_to_memory:%13	</harden/bcfiles/linux_bcfiles/kbmi_usb_final.bc>:memchr	</harden/bcfiles/linux_bcfiles/kbmi_usb_final.bc>:load_message_to_memory:%13
</harden/bcfiles/linux_bcfiles/kbmi_usb_final.bc>:load_message_to_memory:22	</harden/bcfiles/linux_bcfiles/kbmi_usb_final.bc>:load_message_to_memory:%19	</harden/bcfiles/linux_bcfiles/kbmi_usb_final.bc>:_printk	</harden/bcfiles/linux_bcfiles/kbmi_usb_final.bc>:load_message_to_memory:%19
</harden/bcfiles/linux_bcfiles/kbmi_usb_final.bc>:load_message_to_memory:52	</harden/bcfiles/linux_bcfiles/kbmi_usb_final.bc>:load_message_to_memory:%41	</harden/bcfiles/linux_bcfiles/kbmi_usb_final.bc>:_printk	</harden/bcfiles/linux_bcfiles/kbmi_usb_final.bc>:load_message_to_memory:%41
</harden/bcfiles/linux_bcfiles/kbmi_usb_final.bc>:load_message_to_memory:59	</harden/bcfiles/linux_bcfiles/kbmi_usb_final.bc>:load_message_to_memory:%47	</harden/bcfiles/linux_bcfiles/kbmi_usb_final.bc>:memcpy	</harden/bcfiles/linux_bcfiles/kbmi_usb_final.bc>:load_message_to_memory:%47
</harden/bcfiles/linux_bcfiles/kbmi_usb_final.bc>:make_dynamic_area:48	</harden/bcfiles/linux_bcfiles/kbmi_usb_final.bc>:make_dynamic_area:%31	</harden/bcfiles/linux_bcfiles/kbmi_usb_final.bc>:virt_to_kpte	</harden/bcfiles/linux_bcfiles/kbmi_usb_final.bc>:virt_to_kpte:%0
</harden/bcfiles/linux_bcfiles/kbmi_usb_final.bc>:make_dynamic_area:48	</harden/bcfiles/linux_bcfiles/kbmi_usb_final.bc>:make_dynamic_area:%32	</harden/bcfiles/linux_bcfiles/kbmi_usb_final.bc>:virt_to_kpte	</harden/bcfiles/linux_bcfiles/kbmi_usb_final.bc>:make_dynamic_area:%32
</harden/bcfiles/linux_bcfiles/kbmi_usb_final.bc>:make_dynamic_area:57	</harden/bcfiles/linux_bcfiles/kbmi_usb_final.bc>:make_dynamic_area:%39	</harden/bcfiles/linux_bcfiles/kbmi_usb_final.bc>:pte_exec	</harden/bcfiles/linux_bcfiles/kbmi_usb_final.bc>:pte_exec:%0
</harden/bcfiles/linux_bcfiles/kbmi_usb_final.bc>:make_dynamic_area:57	</harden/bcfiles/linux_bcfiles/kbmi_usb_final.bc>:make_dynamic_area:%40	</harden/bcfiles/linux_bcfiles/kbmi_usb_final.bc>:pte_exec	</harden/bcfiles/linux_bcfiles/kbmi_usb_final.bc>:make_dynamic_area:%40
</harden/bcfiles/linux_bcfiles/kbmi_usb_final.bc>:make_dynamic_area:82	</harden/bcfiles/linux_bcfiles/kbmi_usb_final.bc>:make_dynamic_area:%56	</harden/bcfiles/linux_bcfiles/kbmi_usb_final.bc>:pte_mkexec	</harden/bcfiles/linux_bcfiles/kbmi_usb_final.bc>:pte_mkexec:%0
</harden/bcfiles/linux_bcfiles/kbmi_usb_final.bc>:make_dynamic_area:82	</harden/bcfiles/linux_bcfiles/kbmi_usb_final.bc>:make_dynamic_area:%57	</harden/bcfiles/linux_bcfiles/kbmi_usb_final.bc>:pte_mkexec	</harden/bcfiles/linux_bcfiles/kbmi_usb_final.bc>:make_dynamic_area:%57
</harden/bcfiles/linux_bcfiles/kbmi_usb_final.bc>:make_dynamic_area:87	</harden/bcfiles/linux_bcfiles/kbmi_usb_final.bc>:make_dynamic_area:%51	</harden/bcfiles/linux_bcfiles/kbmi_usb_final.bc>:set_ptes	</harden/bcfiles/linux_bcfiles/kbmi_usb_final.bc>:set_ptes:%0
</harden/bcfiles/linux_bcfiles/kbmi_usb_final.bc>:make_dynamic_area:87	</harden/bcfiles/linux_bcfiles/kbmi_usb_final.bc>:make_dynamic_area:%52	</harden/bcfiles/linux_bcfiles/kbmi_usb_final.bc>:set_ptes	</harden/bcfiles/linux_bcfiles/kbmi_usb_final.bc>:set_ptes:%1
</harden/bcfiles/linux_bcfiles/kbmi_usb_final.bc>:make_dynamic_area:87	</harden/bcfiles/linux_bcfiles/kbmi_usb_final.bc>:make_dynamic_area:%53	</harden/bcfiles/linux_bcfiles/kbmi_usb_final.bc>:set_ptes	</harden/bcfiles/linux_bcfiles/kbmi_usb_final.bc>:set_ptes:%2
</harden/bcfiles/linux_bcfiles/kbmi_usb_final.bc>:make_dynamic_area:87	</harden/bcfiles/linux_bcfiles/kbmi_usb_final.bc>:make_dynamic_area:%60	</harden/bcfiles/linux_bcfiles/kbmi_usb_final.bc>:set_ptes	</harden/bcfiles/linux_bcfiles/kbmi_usb_final.bc>:set_ptes:%3
</harden/bcfiles/linux_bcfiles/kbmi_usb_final.bc>:virt_to_kpte:6	</harden/bcfiles/linux_bcfiles/kbmi_usb_final.bc>:virt_to_kpte:%4	</harden/bcfiles/linux_bcfiles/kbmi_usb_final.bc>:pmd_off_k	</harden/bcfiles/linux_bcfiles/kbmi_usb_final.bc>:pmd_off_k:%0
</harden/bcfiles/linux_bcfiles/kbmi_usb_final.bc>:virt_to_kpte:6	</harden/bcfiles/linux_bcfiles/kbmi_usb_final.bc>:virt_to_kpte:%5	</harden/bcfiles/linux_bcfiles/kbmi_usb_final.bc>:pmd_off_k	</harden/bcfiles/linux_bcfiles/kbmi_usb_final.bc>:virt_to_kpte:%5
</harden/bcfiles/linux_bcfiles/kbmi_usb_final.bc>:virt_to_kpte:11	</harden/bcfiles/linux_bcfiles/kbmi_usb_final.bc>:virt_to_kpte:%8	</harden/bcfiles/linux_bcfiles/kbmi_usb_final.bc>:pmd_none	</harden/bcfiles/linux_bcfiles/kbmi_usb_final.bc>:pmd_none:%0
</harden/bcfiles/linux_bcfiles/kbmi_usb_final.bc>:virt_to_kpte:11	</harden/bcfiles/linux_bcfiles/kbmi_usb_final.bc>:virt_to_kpte:%9	</harden/bcfiles/linux_bcfiles/kbmi_usb_final.bc>:pmd_none	</harden/bcfiles/linux_bcfiles/kbmi_usb_final.bc>:virt_to_kpte:%9
</harden/bcfiles/linux_bcfiles/kbmi_usb_final.bc>:virt_to_kpte:17	</harden/bcfiles/linux_bcfiles/kbmi_usb_final.bc>:virt_to_kpte:%13	</harden/bcfiles/linux_bcfiles/kbmi_usb_final.bc>:pte_offset_kernel	</harden/bcfiles/linux_bcfiles/kbmi_usb_final.bc>:pte_offset_kernel:%0
</harden/bcfiles/linux_bcfiles/kbmi_usb_final.bc>:virt_to_kpte:17	</harden/bcfiles/linux_bcfiles/kbmi_usb_final.bc>:virt_to_kpte:%14	</harden/bcfiles/linux_bcfiles/kbmi_usb_final.bc>:pte_offset_kernel	</harden/bcfiles/linux_bcfiles/kbmi_usb_final.bc>:pte_offset_kernel:%1
</harden/bcfiles/linux_bcfiles/kbmi_usb_final.bc>:virt_to_kpte:17	</harden/bcfiles/linux_bcfiles/kbmi_usb_final.bc>:virt_to_kpte:%15	</harden/bcfiles/linux_bcfiles/kbmi_usb_final.bc>:pte_offset_kernel	</harden/bcfiles/linux_bcfiles/kbmi_usb_final.bc>:virt_to_kpte:%15
</harden/bcfiles/linux_bcfiles/kbmi_usb_final.bc>:pte_exec:6	</harden/bcfiles/linux_bcfiles/kbmi_usb_final.bc>:pte_exec:%5	</harden/bcfiles/linux_bcfiles/kbmi_usb_final.bc>:pte_flags	</harden/bcfiles/linux_bcfiles/kbmi_usb_final.bc>:pte_flags:%0
</harden/bcfiles/linux_bcfiles/kbmi_usb_final.bc>:pte_exec:6	</harden/bcfiles/linux_bcfiles/kbmi_usb_final.bc>:pte_exec:%6	</harden/bcfiles/linux_bcfiles/kbmi_usb_final.bc>:pte_flags	</harden/bcfiles/linux_bcfiles/kbmi_usb_final.bc>:pte_exec:%6
</harden/bcfiles/linux_bcfiles/kbmi_usb_final.bc>:pte_mkexec:7	</harden/bcfiles/linux_bcfiles/kbmi_usb_final.bc>:pte_mkexec:%6	</harden/bcfiles/linux_bcfiles/kbmi_usb_final.bc>:pte_clear_flags	</harden/bcfiles/linux_bcfiles/kbmi_usb_final.bc>:pte_clear_flags:%0
</harden/bcfiles/linux_bcfiles/kbmi_usb_final.bc>:pte_mkexec:7	</harden/bcfiles/linux_bcfiles/kbmi_usb_final.bc>:pte_mkexec:%7	</harden/bcfiles/linux_bcfiles/kbmi_usb_final.bc>:pte_clear_flags	</harden/bcfiles/linux_bcfiles/kbmi_usb_final.bc>:pte_mkexec:%7
</harden/bcfiles/linux_bcfiles/kbmi_usb_final.bc>:set_ptes:22	</harden/bcfiles/linux_bcfiles/kbmi_usb_final.bc>:set_ptes:%13	</harden/bcfiles/linux_bcfiles/kbmi_usb_final.bc>:page_table_check_ptes_set	</harden/bcfiles/linux_bcfiles/kbmi_usb_final.bc>:page_table_check_ptes_set:%0
</harden/bcfiles/linux_bcfiles/kbmi_usb_final.bc>:set_ptes:22	</harden/bcfiles/linux_bcfiles/kbmi_usb_final.bc>:set_ptes:%14	</harden/bcfiles/linux_bcfiles/kbmi_usb_final.bc>:page_table_check_ptes_set	</harden/bcfiles/linux_bcfiles/kbmi_usb_final.bc>:page_table_check_ptes_set:%1
</harden/bcfiles/linux_bcfiles/kbmi_usb_final.bc>:set_ptes:22	</harden/bcfiles/linux_bcfiles/kbmi_usb_final.bc>:set_ptes:%17	</harden/bcfiles/linux_bcfiles/kbmi_usb_final.bc>:page_table_check_ptes_set	</harden/bcfiles/linux_bcfiles/kbmi_usb_final.bc>:page_table_check_ptes_set:%2
</harden/bcfiles/linux_bcfiles/kbmi_usb_final.bc>:set_ptes:22	</harden/bcfiles/linux_bcfiles/kbmi_usb_final.bc>:set_ptes:%15	</harden/bcfiles/linux_bcfiles/kbmi_usb_final.bc>:page_table_check_ptes_set	</harden/bcfiles/linux_bcfiles/kbmi_usb_final.bc>:page_table_check_ptes_set:%3
</harden/bcfiles/linux_bcfiles/kbmi_usb_final.bc>:set_ptes:29	</harden/bcfiles/linux_bcfiles/kbmi_usb_final.bc>:set_ptes:%21	</harden/bcfiles/linux_bcfiles/kbmi_usb_final.bc>:native_set_pte	</harden/bcfiles/linux_bcfiles/kbmi_usb_final.bc>:native_set_pte:%0
</harden/bcfiles/linux_bcfiles/kbmi_usb_final.bc>:set_ptes:29	</harden/bcfiles/linux_bcfiles/kbmi_usb_final.bc>:set_ptes:%23	</harden/bcfiles/linux_bcfiles/kbmi_usb_final.bc>:native_set_pte	</harden/bcfiles/linux_bcfiles/kbmi_usb_final.bc>:native_set_pte:%1
</harden/bcfiles/linux_bcfiles/kbmi_usb_final.bc>:set_ptes:41	</harden/bcfiles/linux_bcfiles/kbmi_usb_final.bc>:set_ptes:%32	</harden/bcfiles/linux_bcfiles/kbmi_usb_final.bc>:pte_next_pfn	</harden/bcfiles/linux_bcfiles/kbmi_usb_final.bc>:pte_next_pfn:%0
</harden/bcfiles/linux_bcfiles/kbmi_usb_final.bc>:set_ptes:41	</harden/bcfiles/linux_bcfiles/kbmi_usb_final.bc>:set_ptes:%33	</harden/bcfiles/linux_bcfiles/kbmi_usb_final.bc>:pte_next_pfn	</harden/bcfiles/linux_bcfiles/kbmi_usb_final.bc>:set_ptes:%33
</harden/bcfiles/linux_bcfiles/kbmi_usb_final.bc>:pte_next_pfn:7	</harden/bcfiles/linux_bcfiles/kbmi_usb_final.bc>:pte_next_pfn:%6	</harden/bcfiles/linux_bcfiles/kbmi_usb_final.bc>:native_pte_val	</harden/bcfiles/linux_bcfiles/kbmi_usb_final.bc>:native_pte_val:%0
</harden/bcfiles/linux_bcfiles/kbmi_usb_final.bc>:pte_next_pfn:7	</harden/bcfiles/linux_bcfiles/kbmi_usb_final.bc>:pte_next_pfn:%7	</harden/bcfiles/linux_bcfiles/kbmi_usb_final.bc>:native_pte_val	</harden/bcfiles/linux_bcfiles/kbmi_usb_final.bc>:pte_next_pfn:%7
</harden/bcfiles/linux_bcfiles/kbmi_usb_final.bc>:pte_next_pfn:8	</harden/bcfiles/linux_bcfiles/kbmi_usb_final.bc>:pte_next_pfn:%7	</harden/bcfiles/linux_bcfiles/kbmi_usb_final.bc>:__pte_needs_invert	</harden/bcfiles/linux_bcfiles/kbmi_usb_final.bc>:__pte_needs_invert:%0
</harden/bcfiles/linux_bcfiles/kbmi_usb_final.bc>:pte_next_pfn:8	</harden/bcfiles/linux_bcfiles/kbmi_usb_final.bc>:pte_next_pfn:%8	</harden/bcfiles/linux_bcfiles/kbmi_usb_final.bc>:__pte_needs_invert	</harden/bcfiles/linux_bcfiles/kbmi_usb_final.bc>:pte_next_pfn:%8
</harden/bcfiles/linux_bcfiles/kbmi_usb_final.bc>:pte_next_pfn:12	</harden/bcfiles/linux_bcfiles/kbmi_usb_final.bc>:pte_next_pfn:%11	</harden/bcfiles/linux_bcfiles/kbmi_usb_final.bc>:native_pte_val	</harden/bcfiles/linux_bcfiles/kbmi_usb_final.bc>:native_pte_val:%0
</harden/bcfiles/linux_bcfiles/kbmi_usb_final.bc>:pte_next_pfn:12	</harden/bcfiles/linux_bcfiles/kbmi_usb_final.bc>:pte_next_pfn:%12	</harden/bcfiles/linux_bcfiles/kbmi_usb_final.bc>:native_pte_val	</harden/bcfiles/linux_bcfiles/kbmi_usb_final.bc>:pte_next_pfn:%12
</harden/bcfiles/linux_bcfiles/kbmi_usb_final.bc>:pte_next_pfn:14	</harden/bcfiles/linux_bcfiles/kbmi_usb_final.bc>:pte_next_pfn:%13	</harden/bcfiles/linux_bcfiles/kbmi_usb_final.bc>:native_make_pte	</harden/bcfiles/linux_bcfiles/kbmi_usb_final.bc>:native_make_pte:%0
</harden/bcfiles/linux_bcfiles/kbmi_usb_final.bc>:pte_next_pfn:14	</harden/bcfiles/linux_bcfiles/kbmi_usb_final.bc>:pte_next_pfn:%14	</harden/bcfiles/linux_bcfiles/kbmi_usb_final.bc>:native_make_pte	</harden/bcfiles/linux_bcfiles/kbmi_usb_final.bc>:pte_next_pfn:%14
</harden/bcfiles/linux_bcfiles/kbmi_usb_final.bc>:pte_next_pfn:20	</harden/bcfiles/linux_bcfiles/kbmi_usb_final.bc>:pte_next_pfn:%18	</harden/bcfiles/linux_bcfiles/kbmi_usb_final.bc>:native_pte_val	</harden/bcfiles/linux_bcfiles/kbmi_usb_final.bc>:native_pte_val:%0
</harden/bcfiles/linux_bcfiles/kbmi_usb_final.bc>:pte_next_pfn:20	</harden/bcfiles/linux_bcfiles/kbmi_usb_final.bc>:pte_next_pfn:%19	</harden/bcfiles/linux_bcfiles/kbmi_usb_final.bc>:native_pte_val	</harden/bcfiles/linux_bcfiles/kbmi_usb_final.bc>:pte_next_pfn:%19
</harden/bcfiles/linux_bcfiles/kbmi_usb_final.bc>:pte_next_pfn:22	</harden/bcfiles/linux_bcfiles/kbmi_usb_final.bc>:pte_next_pfn:%20	</harden/bcfiles/linux_bcfiles/kbmi_usb_final.bc>:native_make_pte	</harden/bcfiles/linux_bcfiles/kbmi_usb_final.bc>:native_make_pte:%0
</harden/bcfiles/linux_bcfiles/kbmi_usb_final.bc>:pte_next_pfn:22	</harden/bcfiles/linux_bcfiles/kbmi_usb_final.bc>:pte_next_pfn:%21	</harden/bcfiles/linux_bcfiles/kbmi_usb_final.bc>:native_make_pte	</harden/bcfiles/linux_bcfiles/kbmi_usb_final.bc>:pte_next_pfn:%21
</harden/bcfiles/linux_bcfiles/kbmi_usb_final.bc>:pte_clear_flags:12	</harden/bcfiles/linux_bcfiles/kbmi_usb_final.bc>:pte_clear_flags:%9	</harden/bcfiles/linux_bcfiles/kbmi_usb_final.bc>:native_pte_val	</harden/bcfiles/linux_bcfiles/kbmi_usb_final.bc>:native_pte_val:%0
</harden/bcfiles/linux_bcfiles/kbmi_usb_final.bc>:pte_clear_flags:12	</harden/bcfiles/linux_bcfiles/kbmi_usb_final.bc>:pte_clear_flags:%10	</harden/bcfiles/linux_bcfiles/kbmi_usb_final.bc>:native_pte_val	</harden/bcfiles/linux_bcfiles/kbmi_usb_final.bc>:pte_clear_flags:%10
</harden/bcfiles/linux_bcfiles/kbmi_usb_final.bc>:pte_clear_flags:18	</harden/bcfiles/linux_bcfiles/kbmi_usb_final.bc>:pte_clear_flags:%14	</harden/bcfiles/linux_bcfiles/kbmi_usb_final.bc>:native_make_pte	</harden/bcfiles/linux_bcfiles/kbmi_usb_final.bc>:native_make_pte:%0
</harden/bcfiles/linux_bcfiles/kbmi_usb_final.bc>:pte_clear_flags:18	</harden/bcfiles/linux_bcfiles/kbmi_usb_final.bc>:pte_clear_flags:%15	</harden/bcfiles/linux_bcfiles/kbmi_usb_final.bc>:native_make_pte	</harden/bcfiles/linux_bcfiles/kbmi_usb_final.bc>:pte_clear_flags:%15
</harden/bcfiles/linux_bcfiles/kbmi_usb_final.bc>:pte_flags:6	</harden/bcfiles/linux_bcfiles/kbmi_usb_final.bc>:pte_flags:%5	</harden/bcfiles/linux_bcfiles/kbmi_usb_final.bc>:native_pte_val	</harden/bcfiles/linux_bcfiles/kbmi_usb_final.bc>:native_pte_val:%0
</harden/bcfiles/linux_bcfiles/kbmi_usb_final.bc>:pte_flags:6	</harden/bcfiles/linux_bcfiles/kbmi_usb_final.bc>:pte_flags:%6	</harden/bcfiles/linux_bcfiles/kbmi_usb_final.bc>:native_pte_val	</harden/bcfiles/linux_bcfiles/kbmi_usb_final.bc>:pte_flags:%6
</harden/bcfiles/linux_bcfiles/kbmi_usb_final.bc>:pmd_off_k:5	</harden/bcfiles/linux_bcfiles/kbmi_usb_final.bc>:pmd_off_k:%3	</harden/bcfiles/linux_bcfiles/kbmi_usb_final.bc>:pgd_offset_pgd	</harden/bcfiles/linux_bcfiles/kbmi_usb_final.bc>:pgd_offset_pgd:%0
</harden/bcfiles/linux_bcfiles/kbmi_usb_final.bc>:pmd_off_k:5	</harden/bcfiles/linux_bcfiles/kbmi_usb_final.bc>:pmd_off_k:%4	</harden/bcfiles/linux_bcfiles/kbmi_usb_final.bc>:pgd_offset_pgd	</harden/bcfiles/linux_bcfiles/kbmi_usb_final.bc>:pgd_offset_pgd:%1
</harden/bcfiles/linux_bcfiles/kbmi_usb_final.bc>:pmd_off_k:5	</harden/bcfiles/linux_bcfiles/kbmi_usb_final.bc>:pmd_off_k:%5	</harden/bcfiles/linux_bcfiles/kbmi_usb_final.bc>:pgd_offset_pgd	</harden/bcfiles/linux_bcfiles/kbmi_usb_final.bc>:pmd_off_k:%5
</harden/bcfiles/linux_bcfiles/kbmi_usb_final.bc>:pmd_off_k:7	</harden/bcfiles/linux_bcfiles/kbmi_usb_final.bc>:pmd_off_k:%5	</harden/bcfiles/linux_bcfiles/kbmi_usb_final.bc>:p4d_offset	</harden/bcfiles/linux_bcfiles/kbmi_usb_final.bc>:p4d_offset:%0
</harden/bcfiles/linux_bcfiles/kbmi_usb_final.bc>:pmd_off_k:7	</harden/bcfiles/linux_bcfiles/kbmi_usb_final.bc>:pmd_off_k:%6	</harden/bcfiles/linux_bcfiles/kbmi_usb_final.bc>:p4d_offset	</harden/bcfiles/linux_bcfiles/kbmi_usb_final.bc>:p4d_offset:%1
</harden/bcfiles/linux_bcfiles/kbmi_usb_final.bc>:pmd_off_k:7	</harden/bcfiles/linux_bcfiles/kbmi_usb_final.bc>:pmd_off_k:%7	</harden/bcfiles/linux_bcfiles/kbmi_usb_final.bc>:p4d_offset	</harden/bcfiles/linux_bcfiles/kbmi_usb_final.bc>:pmd_off_k:%7
</harden/bcfiles/linux_bcfiles/kbmi_usb_final.bc>:pmd_off_k:9	</harden/bcfiles/linux_bcfiles/kbmi_usb_final.bc>:pmd_off_k:%7	</harden/bcfiles/linux_bcfiles/kbmi_usb_final.bc>:pud_offset	</harden/bcfiles/linux_bcfiles/kbmi_usb_final.bc>:pud_offset:%0
</harden/bcfiles/linux_bcfiles/kbmi_usb_final.bc>:pmd_off_k:9	</harden/bcfiles/linux_bcfiles/kbmi_usb_final.bc>:pmd_off_k:%8	</harden/bcfiles/linux_bcfiles/kbmi_usb_final.bc>:pud_offset	</harden/bcfiles/linux_bcfiles/kbmi_usb_final.bc>:pud_offset:%1
</harden/bcfiles/linux_bcfiles/kbmi_usb_final.bc>:pmd_off_k:9	</harden/bcfiles/linux_bcfiles/kbmi_usb_final.bc>:pmd_off_k:%9	</harden/bcfiles/linux_bcfiles/kbmi_usb_final.bc>:pud_offset	</harden/bcfiles/linux_bcfiles/kbmi_usb_final.bc>:pmd_off_k:%9
</harden/bcfiles/linux_bcfiles/kbmi_usb_final.bc>:pmd_off_k:11	</harden/bcfiles/linux_bcfiles/kbmi_usb_final.bc>:pmd_off_k:%9	</harden/bcfiles/linux_bcfiles/kbmi_usb_final.bc>:pmd_offset	</harden/bcfiles/linux_bcfiles/kbmi_usb_final.bc>:pmd_offset:%0
</harden/bcfiles/linux_bcfiles/kbmi_usb_final.bc>:pmd_off_k:11	</harden/bcfiles/linux_bcfiles/kbmi_usb_final.bc>:pmd_off_k:%10	</harden/bcfiles/linux_bcfiles/kbmi_usb_final.bc>:pmd_offset	</harden/bcfiles/linux_bcfiles/kbmi_usb_final.bc>:pmd_offset:%1
</harden/bcfiles/linux_bcfiles/kbmi_usb_final.bc>:pmd_off_k:11	</harden/bcfiles/linux_bcfiles/kbmi_usb_final.bc>:pmd_off_k:%11	</harden/bcfiles/linux_bcfiles/kbmi_usb_final.bc>:pmd_offset	</harden/bcfiles/linux_bcfiles/kbmi_usb_final.bc>:pmd_off_k:%11
</harden/bcfiles/linux_bcfiles/kbmi_usb_final.bc>:pmd_none:8	</harden/bcfiles/linux_bcfiles/kbmi_usb_final.bc>:pmd_none:%6	</harden/bcfiles/linux_bcfiles/kbmi_usb_final.bc>:native_pmd_val	</harden/bcfiles/linux_bcfiles/kbmi_usb_final.bc>:native_pmd_val:%0
</harden/bcfiles/linux_bcfiles/kbmi_usb_final.bc>:pmd_none:8	</harden/bcfiles/linux_bcfiles/kbmi_usb_final.bc>:pmd_none:%7	</harden/bcfiles/linux_bcfiles/kbmi_usb_final.bc>:native_pmd_val	</harden/bcfiles/linux_bcfiles/kbmi_usb_final.bc>:pmd_none:%7
</harden/bcfiles/linux_bcfiles/kbmi_usb_final.bc>:pte_offset_kernel:9	</harden/bcfiles/linux_bcfiles/kbmi_usb_final.bc>:pte_offset_kernel:%7	</harden/bcfiles/linux_bcfiles/kbmi_usb_final.bc>:pmd_page_vaddr	</harden/bcfiles/linux_bcfiles/kbmi_usb_final.bc>:pmd_page_vaddr:%0
</harden/bcfiles/linux_bcfiles/kbmi_usb_final.bc>:pte_offset_kernel:9	</harden/bcfiles/linux_bcfiles/kbmi_usb_final.bc>:pte_offset_kernel:%8	</harden/bcfiles/linux_bcfiles/kbmi_usb_final.bc>:pmd_page_vaddr	</harden/bcfiles/linux_bcfiles/kbmi_usb_final.bc>:pte_offset_kernel:%8
</harden/bcfiles/linux_bcfiles/kbmi_usb_final.bc>:pte_offset_kernel:12	</harden/bcfiles/linux_bcfiles/kbmi_usb_final.bc>:pte_offset_kernel:%10	</harden/bcfiles/linux_bcfiles/kbmi_usb_final.bc>:pte_index	</harden/bcfiles/linux_bcfiles/kbmi_usb_final.bc>:pte_index:%0
</harden/bcfiles/linux_bcfiles/kbmi_usb_final.bc>:pte_offset_kernel:12	</harden/bcfiles/linux_bcfiles/kbmi_usb_final.bc>:pte_offset_kernel:%11	</harden/bcfiles/linux_bcfiles/kbmi_usb_final.bc>:pte_index	</harden/bcfiles/linux_bcfiles/kbmi_usb_final.bc>:pte_offset_kernel:%11
</harden/bcfiles/linux_bcfiles/kbmi_usb_final.bc>:pmd_page_vaddr:6	</harden/bcfiles/linux_bcfiles/kbmi_usb_final.bc>:pmd_page_vaddr:%5	</harden/bcfiles/linux_bcfiles/kbmi_usb_final.bc>:native_pmd_val	</harden/bcfiles/linux_bcfiles/kbmi_usb_final.bc>:native_pmd_val:%0
</harden/bcfiles/linux_bcfiles/kbmi_usb_final.bc>:pmd_page_vaddr:6	</harden/bcfiles/linux_bcfiles/kbmi_usb_final.bc>:pmd_page_vaddr:%6	</harden/bcfiles/linux_bcfiles/kbmi_usb_final.bc>:native_pmd_val	</harden/bcfiles/linux_bcfiles/kbmi_usb_final.bc>:pmd_page_vaddr:%6
</harden/bcfiles/linux_bcfiles/kbmi_usb_final.bc>:pmd_page_vaddr:9	</harden/bcfiles/linux_bcfiles/kbmi_usb_final.bc>:pmd_page_vaddr:%8	</harden/bcfiles/linux_bcfiles/kbmi_usb_final.bc>:pmd_pfn_mask	</harden/bcfiles/linux_bcfiles/kbmi_usb_final.bc>:pmd_pfn_mask:%0
</harden/bcfiles/linux_bcfiles/kbmi_usb_final.bc>:pmd_page_vaddr:9	</harden/bcfiles/linux_bcfiles/kbmi_usb_final.bc>:pmd_page_vaddr:%9	</harden/bcfiles/linux_bcfiles/kbmi_usb_final.bc>:pmd_pfn_mask	</harden/bcfiles/linux_bcfiles/kbmi_usb_final.bc>:pmd_page_vaddr:%9
</harden/bcfiles/linux_bcfiles/kbmi_usb_final.bc>:pmd_pfn_mask:7	</harden/bcfiles/linux_bcfiles/kbmi_usb_final.bc>:pmd_pfn_mask:%6	</harden/bcfiles/linux_bcfiles/kbmi_usb_final.bc>:native_pmd_val	</harden/bcfiles/linux_bcfiles/kbmi_usb_final.bc>:native_pmd_val:%0
</harden/bcfiles/linux_bcfiles/kbmi_usb_final.bc>:pmd_pfn_mask:7	</harden/bcfiles/linux_bcfiles/kbmi_usb_final.bc>:pmd_pfn_mask:%7	</harden/bcfiles/linux_bcfiles/kbmi_usb_final.bc>:native_pmd_val	</harden/bcfiles/linux_bcfiles/kbmi_usb_final.bc>:pmd_pfn_mask:%7
</harden/bcfiles/linux_bcfiles/kbmi_usb_final.bc>:p4d_offset:26	</harden/bcfiles/linux_bcfiles/kbmi_usb_final.bc>:p4d_offset:%21	</harden/bcfiles/linux_bcfiles/kbmi_usb_final.bc>:llvm.is.constant.i64	</harden/bcfiles/linux_bcfiles/kbmi_usb_final.bc>:p4d_offset:%21
</harden/bcfiles/linux_bcfiles/kbmi_usb_final.bc>:p4d_offset:93	</harden/bcfiles/linux_bcfiles/kbmi_usb_final.bc>:p4d_offset:%70	</harden/bcfiles/linux_bcfiles/kbmi_usb_final.bc>:pgd_page_vaddr	</harden/bcfiles/linux_bcfiles/kbmi_usb_final.bc>:pgd_page_vaddr:%0
</harden/bcfiles/linux_bcfiles/kbmi_usb_final.bc>:p4d_offset:93	</harden/bcfiles/linux_bcfiles/kbmi_usb_final.bc>:p4d_offset:%71	</harden/bcfiles/linux_bcfiles/kbmi_usb_final.bc>:pgd_page_vaddr	</harden/bcfiles/linux_bcfiles/kbmi_usb_final.bc>:p4d_offset:%71
</harden/bcfiles/linux_bcfiles/kbmi_usb_final.bc>:p4d_offset:96	</harden/bcfiles/linux_bcfiles/kbmi_usb_final.bc>:p4d_offset:%73	</harden/bcfiles/linux_bcfiles/kbmi_usb_final.bc>:p4d_index	</harden/bcfiles/linux_bcfiles/kbmi_usb_final.bc>:p4d_index:%0
</harden/bcfiles/linux_bcfiles/kbmi_usb_final.bc>:p4d_offset:96	</harden/bcfiles/linux_bcfiles/kbmi_usb_final.bc>:p4d_offset:%74	</harden/bcfiles/linux_bcfiles/kbmi_usb_final.bc>:p4d_index	</harden/bcfiles/linux_bcfiles/kbmi_usb_final.bc>:p4d_offset:%74
</harden/bcfiles/linux_bcfiles/kbmi_usb_final.bc>:pud_offset:9	</harden/bcfiles/linux_bcfiles/kbmi_usb_final.bc>:pud_offset:%7	</harden/bcfiles/linux_bcfiles/kbmi_usb_final.bc>:p4d_pgtable	</harden/bcfiles/linux_bcfiles/kbmi_usb_final.bc>:p4d_pgtable:%0
</harden/bcfiles/linux_bcfiles/kbmi_usb_final.bc>:pud_offset:9	</harden/bcfiles/linux_bcfiles/kbmi_usb_final.bc>:pud_offset:%8	</harden/bcfiles/linux_bcfiles/kbmi_usb_final.bc>:p4d_pgtable	</harden/bcfiles/linux_bcfiles/kbmi_usb_final.bc>:pud_offset:%8
</harden/bcfiles/linux_bcfiles/kbmi_usb_final.bc>:pud_offset:11	</harden/bcfiles/linux_bcfiles/kbmi_usb_final.bc>:pud_offset:%9	</harden/bcfiles/linux_bcfiles/kbmi_usb_final.bc>:pud_index	</harden/bcfiles/linux_bcfiles/kbmi_usb_final.bc>:pud_index:%0
</harden/bcfiles/linux_bcfiles/kbmi_usb_final.bc>:pud_offset:11	</harden/bcfiles/linux_bcfiles/kbmi_usb_final.bc>:pud_offset:%10	</harden/bcfiles/linux_bcfiles/kbmi_usb_final.bc>:pud_index	</harden/bcfiles/linux_bcfiles/kbmi_usb_final.bc>:pud_offset:%10
</harden/bcfiles/linux_bcfiles/kbmi_usb_final.bc>:pmd_offset:9	</harden/bcfiles/linux_bcfiles/kbmi_usb_final.bc>:pmd_offset:%7	</harden/bcfiles/linux_bcfiles/kbmi_usb_final.bc>:pud_pgtable	</harden/bcfiles/linux_bcfiles/kbmi_usb_final.bc>:pud_pgtable:%0
</harden/bcfiles/linux_bcfiles/kbmi_usb_final.bc>:pmd_offset:9	</harden/bcfiles/linux_bcfiles/kbmi_usb_final.bc>:pmd_offset:%8	</harden/bcfiles/linux_bcfiles/kbmi_usb_final.bc>:pud_pgtable	</harden/bcfiles/linux_bcfiles/kbmi_usb_final.bc>:pmd_offset:%8
</harden/bcfiles/linux_bcfiles/kbmi_usb_final.bc>:pmd_offset:11	</harden/bcfiles/linux_bcfiles/kbmi_usb_final.bc>:pmd_offset:%9	</harden/bcfiles/linux_bcfiles/kbmi_usb_final.bc>:pmd_index	</harden/bcfiles/linux_bcfiles/kbmi_usb_final.bc>:pmd_index:%0
</harden/bcfiles/linux_bcfiles/kbmi_usb_final.bc>:pmd_offset:11	</harden/bcfiles/linux_bcfiles/kbmi_usb_final.bc>:pmd_offset:%10	</harden/bcfiles/linux_bcfiles/kbmi_usb_final.bc>:pmd_index	</harden/bcfiles/linux_bcfiles/kbmi_usb_final.bc>:pmd_offset:%10
</harden/bcfiles/linux_bcfiles/kbmi_usb_final.bc>:pud_pgtable:6	</harden/bcfiles/linux_bcfiles/kbmi_usb_final.bc>:pud_pgtable:%5	</harden/bcfiles/linux_bcfiles/kbmi_usb_final.bc>:native_pud_val	</harden/bcfiles/linux_bcfiles/kbmi_usb_final.bc>:native_pud_val:%0
</harden/bcfiles/linux_bcfiles/kbmi_usb_final.bc>:pud_pgtable:6	</harden/bcfiles/linux_bcfiles/kbmi_usb_final.bc>:pud_pgtable:%6	</harden/bcfiles/linux_bcfiles/kbmi_usb_final.bc>:native_pud_val	</harden/bcfiles/linux_bcfiles/kbmi_usb_final.bc>:pud_pgtable:%6
</harden/bcfiles/linux_bcfiles/kbmi_usb_final.bc>:pud_pgtable:9	</harden/bcfiles/linux_bcfiles/kbmi_usb_final.bc>:pud_pgtable:%8	</harden/bcfiles/linux_bcfiles/kbmi_usb_final.bc>:pud_pfn_mask	</harden/bcfiles/linux_bcfiles/kbmi_usb_final.bc>:pud_pfn_mask:%0
</harden/bcfiles/linux_bcfiles/kbmi_usb_final.bc>:pud_pgtable:9	</harden/bcfiles/linux_bcfiles/kbmi_usb_final.bc>:pud_pgtable:%9	</harden/bcfiles/linux_bcfiles/kbmi_usb_final.bc>:pud_pfn_mask	</harden/bcfiles/linux_bcfiles/kbmi_usb_final.bc>:pud_pgtable:%9
</harden/bcfiles/linux_bcfiles/kbmi_usb_final.bc>:pud_pfn_mask:7	</harden/bcfiles/linux_bcfiles/kbmi_usb_final.bc>:pud_pfn_mask:%6	</harden/bcfiles/linux_bcfiles/kbmi_usb_final.bc>:native_pud_val	</harden/bcfiles/linux_bcfiles/kbmi_usb_final.bc>:native_pud_val:%0
</harden/bcfiles/linux_bcfiles/kbmi_usb_final.bc>:pud_pfn_mask:7	</harden/bcfiles/linux_bcfiles/kbmi_usb_final.bc>:pud_pfn_mask:%7	</harden/bcfiles/linux_bcfiles/kbmi_usb_final.bc>:native_pud_val	</harden/bcfiles/linux_bcfiles/kbmi_usb_final.bc>:pud_pfn_mask:%7
</harden/bcfiles/linux_bcfiles/kbmi_usb_final.bc>:p4d_pgtable:6	</harden/bcfiles/linux_bcfiles/kbmi_usb_final.bc>:p4d_pgtable:%5	</harden/bcfiles/linux_bcfiles/kbmi_usb_final.bc>:native_p4d_val	</harden/bcfiles/linux_bcfiles/kbmi_usb_final.bc>:native_p4d_val:%0
</harden/bcfiles/linux_bcfiles/kbmi_usb_final.bc>:p4d_pgtable:6	</harden/bcfiles/linux_bcfiles/kbmi_usb_final.bc>:p4d_pgtable:%6	</harden/bcfiles/linux_bcfiles/kbmi_usb_final.bc>:native_p4d_val	</harden/bcfiles/linux_bcfiles/kbmi_usb_final.bc>:p4d_pgtable:%6
</harden/bcfiles/linux_bcfiles/kbmi_usb_final.bc>:p4d_pgtable:9	</harden/bcfiles/linux_bcfiles/kbmi_usb_final.bc>:p4d_pgtable:%8	</harden/bcfiles/linux_bcfiles/kbmi_usb_final.bc>:p4d_pfn_mask	</harden/bcfiles/linux_bcfiles/kbmi_usb_final.bc>:p4d_pfn_mask:%0
</harden/bcfiles/linux_bcfiles/kbmi_usb_final.bc>:p4d_pgtable:9	</harden/bcfiles/linux_bcfiles/kbmi_usb_final.bc>:p4d_pgtable:%9	</harden/bcfiles/linux_bcfiles/kbmi_usb_final.bc>:p4d_pfn_mask	</harden/bcfiles/linux_bcfiles/kbmi_usb_final.bc>:p4d_pgtable:%9
</harden/bcfiles/linux_bcfiles/kbmi_usb_final.bc>:pgd_page_vaddr:6	</harden/bcfiles/linux_bcfiles/kbmi_usb_final.bc>:pgd_page_vaddr:%5	</harden/bcfiles/linux_bcfiles/kbmi_usb_final.bc>:native_pgd_val	</harden/bcfiles/linux_bcfiles/kbmi_usb_final.bc>:native_pgd_val:%0
</harden/bcfiles/linux_bcfiles/kbmi_usb_final.bc>:pgd_page_vaddr:6	</harden/bcfiles/linux_bcfiles/kbmi_usb_final.bc>:pgd_page_vaddr:%6	</harden/bcfiles/linux_bcfiles/kbmi_usb_final.bc>:native_pgd_val	</harden/bcfiles/linux_bcfiles/kbmi_usb_final.bc>:pgd_page_vaddr:%6
