</harden/bcfiles/linux_bcfiles/kbmi_usb_final.bc>:load_message_to_memory:%1	</harden/bcfiles/linux_bcfiles/kbmi_usb_final.bc>:load_message_to_memory:%10
</harden/bcfiles/linux_bcfiles/kbmi_usb_final.bc>:load_message_to_memory:%5	</harden/bcfiles/linux_bcfiles/kbmi_usb_final.bc>:load_message_to_memory:%45
</harden/bcfiles/linux_bcfiles/kbmi_usb_final.bc>:load_message_to_memory:%7	</harden/bcfiles/linux_bcfiles/kbmi_usb_final.bc>:load_message_to_memory:%46
</harden/bcfiles/linux_bcfiles/kbmi_usb_final.bc>:make_dynamic_area:%14	</harden/bcfiles/linux_bcfiles/kbmi_usb_final.bc>:make_dynamic_area:%31
</harden/bcfiles/linux_bcfiles/kbmi_usb_final.bc>:make_dynamic_area:%38	</harden/bcfiles/linux_bcfiles/kbmi_usb_final.bc>:make_dynamic_area:%39
</harden/bcfiles/linux_bcfiles/kbmi_usb_final.bc>:make_dynamic_area:%55	</harden/bcfiles/linux_bcfiles/kbmi_usb_final.bc>:make_dynamic_area:%56
</harden/bcfiles/linux_bcfiles/kbmi_usb_final.bc>:make_dynamic_area:%50	</harden/bcfiles/linux_bcfiles/kbmi_usb_final.bc>:make_dynamic_area:%51
</harden/bcfiles/linux_bcfiles/kbmi_usb_final.bc>:make_dynamic_area:%14	</harden/bcfiles/linux_bcfiles/kbmi_usb_final.bc>:make_dynamic_area:%52
</harden/bcfiles/linux_bcfiles/kbmi_usb_final.bc>:make_dynamic_area:%15	</harden/bcfiles/linux_bcfiles/kbmi_usb_final.bc>:make_dynamic_area:%53
</harden/bcfiles/linux_bcfiles/kbmi_usb_final.bc>:make_dynamic_area:%59	</harden/bcfiles/linux_bcfiles/kbmi_usb_final.bc>:make_dynamic_area:%60
</harden/bcfiles/linux_bcfiles/kbmi_usb_final.bc>:virt_to_kpte:%2	</harden/bcfiles/linux_bcfiles/kbmi_usb_final.bc>:virt_to_kpte:%4
</harden/bcfiles/linux_bcfiles/kbmi_usb_final.bc>:virt_to_kpte:%7	</harden/bcfiles/linux_bcfiles/kbmi_usb_final.bc>:virt_to_kpte:%8
</harden/bcfiles/linux_bcfiles/kbmi_usb_final.bc>:virt_to_kpte:%3	</harden/bcfiles/linux_bcfiles/kbmi_usb_final.bc>:virt_to_kpte:%13
</harden/bcfiles/linux_bcfiles/kbmi_usb_final.bc>:virt_to_kpte:%2	</harden/bcfiles/linux_bcfiles/kbmi_usb_final.bc>:virt_to_kpte:%14
</harden/bcfiles/linux_bcfiles/kbmi_usb_final.bc>:pte_exec:%4	</harden/bcfiles/linux_bcfiles/kbmi_usb_final.bc>:pte_exec:%5
</harden/bcfiles/linux_bcfiles/kbmi_usb_final.bc>:pte_mkexec:%5	</harden/bcfiles/linux_bcfiles/kbmi_usb_final.bc>:pte_mkexec:%6
</harden/bcfiles/linux_bcfiles/kbmi_usb_final.bc>:set_ptes:%7	</harden/bcfiles/linux_bcfiles/kbmi_usb_final.bc>:set_ptes:%13
</harden/bcfiles/linux_bcfiles/kbmi_usb_final.bc>:set_ptes:%9	</harden/bcfiles/linux_bcfiles/kbmi_usb_final.bc>:set_ptes:%14
</harden/bcfiles/linux_bcfiles/kbmi_usb_final.bc>:set_ptes:%16	</harden/bcfiles/linux_bcfiles/kbmi_usb_final.bc>:set_ptes:%17
</harden/bcfiles/linux_bcfiles/kbmi_usb_final.bc>:set_ptes:%10	</harden/bcfiles/linux_bcfiles/kbmi_usb_final.bc>:set_ptes:%15
</harden/bcfiles/linux_bcfiles/kbmi_usb_final.bc>:set_ptes:%9	</harden/bcfiles/linux_bcfiles/kbmi_usb_final.bc>:set_ptes:%21
</harden/bcfiles/linux_bcfiles/kbmi_usb_final.bc>:set_ptes:%22	</harden/bcfiles/linux_bcfiles/kbmi_usb_final.bc>:set_ptes:%23
</harden/bcfiles/linux_bcfiles/kbmi_usb_final.bc>:set_ptes:%31	</harden/bcfiles/linux_bcfiles/kbmi_usb_final.bc>:set_ptes:%32
</harden/bcfiles/linux_bcfiles/kbmi_usb_final.bc>:set_ptes:%6	</harden/bcfiles/linux_bcfiles/kbmi_usb_final.bc>:set_ptes:%35
</harden/bcfiles/linux_bcfiles/kbmi_usb_final.bc>:set_ptes:%11	</harden/bcfiles/linux_bcfiles/kbmi_usb_final.bc>:set_ptes:%36
</harden/bcfiles/linux_bcfiles/kbmi_usb_final.bc>:native_set_pte:%10	</harden/bcfiles/linux_bcfiles/kbmi_usb_final.bc>:native_set_pte:%11
</harden/bcfiles/linux_bcfiles/kbmi_usb_final.bc>:native_set_pte:%3	</harden/bcfiles/linux_bcfiles/kbmi_usb_final.bc>:native_set_pte:%12
</harden/bcfiles/linux_bcfiles/kbmi_usb_final.bc>:pte_next_pfn:%5	</harden/bcfiles/linux_bcfiles/kbmi_usb_final.bc>:pte_next_pfn:%6
</harden/bcfiles/linux_bcfiles/kbmi_usb_final.bc>:pte_next_pfn:%10	</harden/bcfiles/linux_bcfiles/kbmi_usb_final.bc>:pte_next_pfn:%11
</harden/bcfiles/linux_bcfiles/kbmi_usb_final.bc>:pte_next_pfn:%17	</harden/bcfiles/linux_bcfiles/kbmi_usb_final.bc>:pte_next_pfn:%18
</harden/bcfiles/linux_bcfiles/kbmi_usb_final.bc>:pte_clear_flags:%8	</harden/bcfiles/linux_bcfiles/kbmi_usb_final.bc>:pte_clear_flags:%9
</harden/bcfiles/linux_bcfiles/kbmi_usb_final.bc>:pte_flags:%4	</harden/bcfiles/linux_bcfiles/kbmi_usb_final.bc>:pte_flags:%5
</harden/bcfiles/linux_bcfiles/kbmi_usb_final.bc>:pmd_off_k:3:0:getelementptr inbounds (%struct.mm_struct, %struct.mm_struct* @init_mm, i32 0, i32 0, i32 8)	</harden/bcfiles/linux_bcfiles/kbmi_usb_final.bc>:pmd_off_k:%3
</harden/bcfiles/linux_bcfiles/kbmi_usb_final.bc>:pmd_off_k:%2	</harden/bcfiles/linux_bcfiles/kbmi_usb_final.bc>:pmd_off_k:%4
</harden/bcfiles/linux_bcfiles/kbmi_usb_final.bc>:pmd_off_k:%2	</harden/bcfiles/linux_bcfiles/kbmi_usb_final.bc>:pmd_off_k:%6
</harden/bcfiles/linux_bcfiles/kbmi_usb_final.bc>:pmd_off_k:%2	</harden/bcfiles/linux_bcfiles/kbmi_usb_final.bc>:pmd_off_k:%8
</harden/bcfiles/linux_bcfiles/kbmi_usb_final.bc>:pmd_off_k:%2	</harden/bcfiles/linux_bcfiles/kbmi_usb_final.bc>:pmd_off_k:%10
</harden/bcfiles/linux_bcfiles/kbmi_usb_final.bc>:pmd_none:%5	</harden/bcfiles/linux_bcfiles/kbmi_usb_final.bc>:pmd_none:%6
</harden/bcfiles/linux_bcfiles/kbmi_usb_final.bc>:pte_offset_kernel:%6	</harden/bcfiles/linux_bcfiles/kbmi_usb_final.bc>:pte_offset_kernel:%7
</harden/bcfiles/linux_bcfiles/kbmi_usb_final.bc>:pte_offset_kernel:%4	</harden/bcfiles/linux_bcfiles/kbmi_usb_final.bc>:pte_offset_kernel:%10
</harden/bcfiles/linux_bcfiles/kbmi_usb_final.bc>:pmd_page_vaddr:%4	</harden/bcfiles/linux_bcfiles/kbmi_usb_final.bc>:pmd_page_vaddr:%5
</harden/bcfiles/linux_bcfiles/kbmi_usb_final.bc>:pmd_page_vaddr:%7	</harden/bcfiles/linux_bcfiles/kbmi_usb_final.bc>:pmd_page_vaddr:%8
</harden/bcfiles/linux_bcfiles/kbmi_usb_final.bc>:pmd_pfn_mask:%5	</harden/bcfiles/linux_bcfiles/kbmi_usb_final.bc>:pmd_pfn_mask:%6
</harden/bcfiles/linux_bcfiles/kbmi_usb_final.bc>:p4d_offset:%10	</harden/bcfiles/linux_bcfiles/kbmi_usb_final.bc>:p4d_offset:%20
</harden/bcfiles/linux_bcfiles/kbmi_usb_final.bc>:p4d_offset:%4	</harden/bcfiles/linux_bcfiles/kbmi_usb_final.bc>:p4d_offset:%39
</harden/bcfiles/linux_bcfiles/kbmi_usb_final.bc>:p4d_offset:%3	</harden/bcfiles/linux_bcfiles/kbmi_usb_final.bc>:p4d_offset:%40
</harden/bcfiles/linux_bcfiles/kbmi_usb_final.bc>:p4d_offset:%69	</harden/bcfiles/linux_bcfiles/kbmi_usb_final.bc>:p4d_offset:%70
</harden/bcfiles/linux_bcfiles/kbmi_usb_final.bc>:p4d_offset:%14	</harden/bcfiles/linux_bcfiles/kbmi_usb_final.bc>:p4d_offset:%73
</harden/bcfiles/linux_bcfiles/kbmi_usb_final.bc>:pud_offset:%6	</harden/bcfiles/linux_bcfiles/kbmi_usb_final.bc>:pud_offset:%7
</harden/bcfiles/linux_bcfiles/kbmi_usb_final.bc>:pud_offset:%4	</harden/bcfiles/linux_bcfiles/kbmi_usb_final.bc>:pud_offset:%9
</harden/bcfiles/linux_bcfiles/kbmi_usb_final.bc>:pmd_offset:%6	</harden/bcfiles/linux_bcfiles/kbmi_usb_final.bc>:pmd_offset:%7
</harden/bcfiles/linux_bcfiles/kbmi_usb_final.bc>:pmd_offset:%4	</harden/bcfiles/linux_bcfiles/kbmi_usb_final.bc>:pmd_offset:%9
</harden/bcfiles/linux_bcfiles/kbmi_usb_final.bc>:pud_pgtable:%4	</harden/bcfiles/linux_bcfiles/kbmi_usb_final.bc>:pud_pgtable:%5
</harden/bcfiles/linux_bcfiles/kbmi_usb_final.bc>:pud_pgtable:%7	</harden/bcfiles/linux_bcfiles/kbmi_usb_final.bc>:pud_pgtable:%8
</harden/bcfiles/linux_bcfiles/kbmi_usb_final.bc>:pud_pfn_mask:%5	</harden/bcfiles/linux_bcfiles/kbmi_usb_final.bc>:pud_pfn_mask:%6
</harden/bcfiles/linux_bcfiles/kbmi_usb_final.bc>:p4d_pgtable:%4	</harden/bcfiles/linux_bcfiles/kbmi_usb_final.bc>:p4d_pgtable:%5
</harden/bcfiles/linux_bcfiles/kbmi_usb_final.bc>:p4d_pgtable:%7	</harden/bcfiles/linux_bcfiles/kbmi_usb_final.bc>:p4d_pgtable:%8
</harden/bcfiles/linux_bcfiles/kbmi_usb_final.bc>:pgd_page_vaddr:%4	</harden/bcfiles/linux_bcfiles/kbmi_usb_final.bc>:pgd_page_vaddr:%5
</harden/bcfiles/linux_bcfiles/kbmi_usb_final.bc>:kbmi_usb_exit:%1	</harden/bcfiles/linux_bcfiles/kbmi_usb_final.bc>:kbmi_usb_exit:%2
</harden/bcfiles/linux_bcfiles/kbmi_usb_final.bc>:kbmi_usb_notifier:%7	</harden/bcfiles/linux_bcfiles/kbmi_usb_final.bc>:kbmi_usb_notifier:%8
</harden/bcfiles/linux_bcfiles/kbmi_usb_final.bc>:load_message_to_memory:%73	</harden/bcfiles/linux_bcfiles/kbmi_usb_final.bc>:load_message_to_memory:%74
</harden/bcfiles/linux_bcfiles/kbmi_usb_final.bc>:load_message_to_memory:%9	</harden/bcfiles/linux_bcfiles/kbmi_usb_final.bc>:load_message_to_memory:%70
</harden/bcfiles/linux_bcfiles/kbmi_usb_final.bc>:load_message_to_memory:%9	</harden/bcfiles/linux_bcfiles/kbmi_usb_final.bc>:load_message_to_memory:%80
</harden/bcfiles/linux_bcfiles/kbmi_usb_final.bc>:load_message_to_memory:%65	</harden/bcfiles/linux_bcfiles/kbmi_usb_final.bc>:load_message_to_memory:%66
</harden/bcfiles/linux_bcfiles/kbmi_usb_final.bc>:load_message_to_memory:%9	</harden/bcfiles/linux_bcfiles/kbmi_usb_final.bc>:load_message_to_memory:%55
</harden/bcfiles/linux_bcfiles/kbmi_usb_final.bc>:load_message_to_memory:%7	</harden/bcfiles/linux_bcfiles/kbmi_usb_final.bc>:load_message_to_memory:%51
</harden/bcfiles/linux_bcfiles/kbmi_usb_final.bc>:load_message_to_memory:%9	</harden/bcfiles/linux_bcfiles/kbmi_usb_final.bc>:load_message_to_memory:%49
</harden/bcfiles/linux_bcfiles/kbmi_usb_final.bc>:load_message_to_memory:%8	</harden/bcfiles/linux_bcfiles/kbmi_usb_final.bc>:load_message_to_memory:%42
</harden/bcfiles/linux_bcfiles/kbmi_usb_final.bc>:load_message_to_memory:%57	</harden/bcfiles/linux_bcfiles/kbmi_usb_final.bc>:load_message_to_memory:%58
</harden/bcfiles/linux_bcfiles/kbmi_usb_final.bc>:load_message_to_memory:%7	</harden/bcfiles/linux_bcfiles/kbmi_usb_final.bc>:load_message_to_memory:%36
</harden/bcfiles/linux_bcfiles/kbmi_usb_final.bc>:load_message_to_memory:%5	</harden/bcfiles/linux_bcfiles/kbmi_usb_final.bc>:load_message_to_memory:%32
</harden/bcfiles/linux_bcfiles/kbmi_usb_final.bc>:load_message_to_memory:%4	</harden/bcfiles/linux_bcfiles/kbmi_usb_final.bc>:load_message_to_memory:%27
</harden/bcfiles/linux_bcfiles/kbmi_usb_final.bc>:load_message_to_memory:%2	</harden/bcfiles/linux_bcfiles/kbmi_usb_final.bc>:load_message_to_memory:%22
</harden/bcfiles/linux_bcfiles/kbmi_usb_final.bc>:load_message_to_memory:%2	</harden/bcfiles/linux_bcfiles/kbmi_usb_final.bc>:load_message_to_memory:%29
</harden/bcfiles/linux_bcfiles/kbmi_usb_final.bc>:load_message_to_memory:%9	</harden/bcfiles/linux_bcfiles/kbmi_usb_final.bc>:load_message_to_memory:%62
</harden/bcfiles/linux_bcfiles/kbmi_usb_final.bc>:load_message_to_memory:%6	</harden/bcfiles/linux_bcfiles/kbmi_usb_final.bc>:load_message_to_memory:%31
</harden/bcfiles/linux_bcfiles/kbmi_usb_final.bc>:load_message_to_memory:%3	</harden/bcfiles/linux_bcfiles/kbmi_usb_final.bc>:load_message_to_memory:%20
</harden/bcfiles/linux_bcfiles/kbmi_usb_final.bc>:load_message_to_memory:%2	</harden/bcfiles/linux_bcfiles/kbmi_usb_final.bc>:load_message_to_memory:%14
</harden/bcfiles/linux_bcfiles/kbmi_usb_final.bc>:kbmi_usb_init:%1	</harden/bcfiles/linux_bcfiles/kbmi_usb_final.bc>:kbmi_usb_init:%2
</harden/bcfiles/linux_bcfiles/kbmi_usb_final.bc>:make_dynamic_area:%15	</harden/bcfiles/linux_bcfiles/kbmi_usb_final.bc>:make_dynamic_area:%54
</harden/bcfiles/linux_bcfiles/kbmi_usb_final.bc>:make_dynamic_area:%11	</harden/bcfiles/linux_bcfiles/kbmi_usb_final.bc>:make_dynamic_area:%49
</harden/bcfiles/linux_bcfiles/kbmi_usb_final.bc>:make_dynamic_area:%9	</harden/bcfiles/linux_bcfiles/kbmi_usb_final.bc>:make_dynamic_area:%45
</harden/bcfiles/linux_bcfiles/kbmi_usb_final.bc>:make_dynamic_area:%15	</harden/bcfiles/linux_bcfiles/kbmi_usb_final.bc>:make_dynamic_area:%37
</harden/bcfiles/linux_bcfiles/kbmi_usb_final.bc>:make_dynamic_area:%13	</harden/bcfiles/linux_bcfiles/kbmi_usb_final.bc>:make_dynamic_area:%29
</harden/bcfiles/linux_bcfiles/kbmi_usb_final.bc>:make_dynamic_area:%26	</harden/bcfiles/linux_bcfiles/kbmi_usb_final.bc>:make_dynamic_area:%27
</harden/bcfiles/linux_bcfiles/kbmi_usb_final.bc>:make_dynamic_area:%1	</harden/bcfiles/linux_bcfiles/kbmi_usb_final.bc>:make_dynamic_area:%25
</harden/bcfiles/linux_bcfiles/kbmi_usb_final.bc>:make_dynamic_area:%8	</harden/bcfiles/linux_bcfiles/kbmi_usb_final.bc>:make_dynamic_area:%43
</harden/bcfiles/linux_bcfiles/kbmi_usb_final.bc>:make_dynamic_area:%15	</harden/bcfiles/linux_bcfiles/kbmi_usb_final.bc>:make_dynamic_area:%33
</harden/bcfiles/linux_bcfiles/kbmi_usb_final.bc>:make_dynamic_area:%12	</harden/bcfiles/linux_bcfiles/kbmi_usb_final.bc>:make_dynamic_area:%24
</harden/bcfiles/linux_bcfiles/kbmi_usb_final.bc>:make_dynamic_area:%6	</harden/bcfiles/linux_bcfiles/kbmi_usb_final.bc>:make_dynamic_area:%23
</harden/bcfiles/linux_bcfiles/kbmi_usb_final.bc>:make_dynamic_area:%2	</harden/bcfiles/linux_bcfiles/kbmi_usb_final.bc>:make_dynamic_area:%22
</harden/bcfiles/linux_bcfiles/kbmi_usb_final.bc>:make_dynamic_area:%5	</harden/bcfiles/linux_bcfiles/kbmi_usb_final.bc>:make_dynamic_area:%21
</harden/bcfiles/linux_bcfiles/kbmi_usb_final.bc>:make_dynamic_area:%10	</harden/bcfiles/linux_bcfiles/kbmi_usb_final.bc>:make_dynamic_area:%47
</harden/bcfiles/linux_bcfiles/kbmi_usb_final.bc>:make_dynamic_area:%3	</harden/bcfiles/linux_bcfiles/kbmi_usb_final.bc>:make_dynamic_area:%17
</harden/bcfiles/linux_bcfiles/kbmi_usb_final.bc>:make_dynamic_area:%7	</harden/bcfiles/linux_bcfiles/kbmi_usb_final.bc>:make_dynamic_area:%48
</harden/bcfiles/linux_bcfiles/kbmi_usb_final.bc>:make_dynamic_area:%4	</harden/bcfiles/linux_bcfiles/kbmi_usb_final.bc>:make_dynamic_area:%19
</harden/bcfiles/linux_bcfiles/kbmi_usb_final.bc>:virt_to_kpte:%3	</harden/bcfiles/linux_bcfiles/kbmi_usb_final.bc>:virt_to_kpte:%6
</harden/bcfiles/linux_bcfiles/kbmi_usb_final.bc>:pte_mkexec:%9	</harden/bcfiles/linux_bcfiles/kbmi_usb_final.bc>:pte_mkexec:%10
</harden/bcfiles/linux_bcfiles/kbmi_usb_final.bc>:set_ptes:%9	</harden/bcfiles/linux_bcfiles/kbmi_usb_final.bc>:set_ptes:%29
</harden/bcfiles/linux_bcfiles/kbmi_usb_final.bc>:set_ptes:%10	</harden/bcfiles/linux_bcfiles/kbmi_usb_final.bc>:set_ptes:%24
</harden/bcfiles/linux_bcfiles/kbmi_usb_final.bc>:native_set_pte:%4	</harden/bcfiles/linux_bcfiles/kbmi_usb_final.bc>:native_set_pte:%10
</harden/bcfiles/linux_bcfiles/kbmi_usb_final.bc>:pte_next_pfn:%24	</harden/bcfiles/linux_bcfiles/kbmi_usb_final.bc>:pte_next_pfn:%25
</harden/bcfiles/linux_bcfiles/kbmi_usb_final.bc>:native_pte_val:%4	</harden/bcfiles/linux_bcfiles/kbmi_usb_final.bc>:native_pte_val:%5
</harden/bcfiles/linux_bcfiles/kbmi_usb_final.bc>:__pte_needs_invert:%2	</harden/bcfiles/linux_bcfiles/kbmi_usb_final.bc>:__pte_needs_invert:%6
</harden/bcfiles/linux_bcfiles/kbmi_usb_final.bc>:__pte_needs_invert:%2	</harden/bcfiles/linux_bcfiles/kbmi_usb_final.bc>:__pte_needs_invert:%3
</harden/bcfiles/linux_bcfiles/kbmi_usb_final.bc>:native_make_pte:%6	</harden/bcfiles/linux_bcfiles/kbmi_usb_final.bc>:native_make_pte:%7
</harden/bcfiles/linux_bcfiles/kbmi_usb_final.bc>:native_make_pte:%3	</harden/bcfiles/linux_bcfiles/kbmi_usb_final.bc>:native_make_pte:%5
</harden/bcfiles/linux_bcfiles/kbmi_usb_final.bc>:pte_clear_flags:%17	</harden/bcfiles/linux_bcfiles/kbmi_usb_final.bc>:pte_clear_flags:%18
</harden/bcfiles/linux_bcfiles/kbmi_usb_final.bc>:pte_clear_flags:%5	</harden/bcfiles/linux_bcfiles/kbmi_usb_final.bc>:pte_clear_flags:%12
</harden/bcfiles/linux_bcfiles/kbmi_usb_final.bc>:pte_clear_flags:%6	</harden/bcfiles/linux_bcfiles/kbmi_usb_final.bc>:pte_clear_flags:%11
</harden/bcfiles/linux_bcfiles/kbmi_usb_final.bc>:pmd_none:%3	</harden/bcfiles/linux_bcfiles/kbmi_usb_final.bc>:pmd_none:%8
</harden/bcfiles/linux_bcfiles/kbmi_usb_final.bc>:pte_offset_kernel:%3	</harden/bcfiles/linux_bcfiles/kbmi_usb_final.bc>:pte_offset_kernel:%5
</harden/bcfiles/linux_bcfiles/kbmi_usb_final.bc>:pmd_page_vaddr:11:0:@page_offset_base	</harden/bcfiles/linux_bcfiles/kbmi_usb_final.bc>:pmd_page_vaddr:%11
</harden/bcfiles/linux_bcfiles/kbmi_usb_final.bc>:pte_index:%2	</harden/bcfiles/linux_bcfiles/kbmi_usb_final.bc>:pte_index:%3
</harden/bcfiles/linux_bcfiles/kbmi_usb_final.bc>:native_pmd_val:%4	</harden/bcfiles/linux_bcfiles/kbmi_usb_final.bc>:native_pmd_val:%5
</harden/bcfiles/linux_bcfiles/kbmi_usb_final.bc>:pmd_pfn_mask:%2	</harden/bcfiles/linux_bcfiles/kbmi_usb_final.bc>:pmd_pfn_mask:%13
</harden/bcfiles/linux_bcfiles/kbmi_usb_final.bc>:pgd_offset_pgd:8:0:@pgdir_shift	</harden/bcfiles/linux_bcfiles/kbmi_usb_final.bc>:pgd_offset_pgd:%7
</harden/bcfiles/linux_bcfiles/kbmi_usb_final.bc>:pgd_offset_pgd:%4	</harden/bcfiles/linux_bcfiles/kbmi_usb_final.bc>:pgd_offset_pgd:%6
</harden/bcfiles/linux_bcfiles/kbmi_usb_final.bc>:pgd_offset_pgd:%3	</harden/bcfiles/linux_bcfiles/kbmi_usb_final.bc>:pgd_offset_pgd:%5
</harden/bcfiles/linux_bcfiles/kbmi_usb_final.bc>:p4d_offset:%13	</harden/bcfiles/linux_bcfiles/kbmi_usb_final.bc>:p4d_offset:%68
</harden/bcfiles/linux_bcfiles/kbmi_usb_final.bc>:p4d_offset:%8	</harden/bcfiles/linux_bcfiles/kbmi_usb_final.bc>:p4d_offset:%63
</harden/bcfiles/linux_bcfiles/kbmi_usb_final.bc>:p4d_offset:%9	</harden/bcfiles/linux_bcfiles/kbmi_usb_final.bc>:p4d_offset:%50
</harden/bcfiles/linux_bcfiles/kbmi_usb_final.bc>:p4d_offset:%9	</harden/bcfiles/linux_bcfiles/kbmi_usb_final.bc>:p4d_offset:%49
</harden/bcfiles/linux_bcfiles/kbmi_usb_final.bc>:p4d_offset:%5	</harden/bcfiles/linux_bcfiles/kbmi_usb_final.bc>:p4d_offset:%42
</harden/bcfiles/linux_bcfiles/kbmi_usb_final.bc>:p4d_offset:%10	</harden/bcfiles/linux_bcfiles/kbmi_usb_final.bc>:p4d_offset:%37
</harden/bcfiles/linux_bcfiles/kbmi_usb_final.bc>:p4d_offset:%13	</harden/bcfiles/linux_bcfiles/kbmi_usb_final.bc>:p4d_offset:%65
</harden/bcfiles/linux_bcfiles/kbmi_usb_final.bc>:p4d_offset:%31	</harden/bcfiles/linux_bcfiles/kbmi_usb_final.bc>:p4d_offset:%32
</harden/bcfiles/linux_bcfiles/kbmi_usb_final.bc>:p4d_offset:%65	</harden/bcfiles/linux_bcfiles/kbmi_usb_final.bc>:p4d_offset:%66
</harden/bcfiles/linux_bcfiles/kbmi_usb_final.bc>:p4d_offset:%9	</harden/bcfiles/linux_bcfiles/kbmi_usb_final.bc>:p4d_offset:%54
</harden/bcfiles/linux_bcfiles/kbmi_usb_final.bc>:p4d_offset:%6	</harden/bcfiles/linux_bcfiles/kbmi_usb_final.bc>:p4d_offset:%29
</harden/bcfiles/linux_bcfiles/kbmi_usb_final.bc>:p4d_offset:%7	</harden/bcfiles/linux_bcfiles/kbmi_usb_final.bc>:p4d_offset:%28
</harden/bcfiles/linux_bcfiles/kbmi_usb_final.bc>:p4d_offset:%6	</harden/bcfiles/linux_bcfiles/kbmi_usb_final.bc>:p4d_offset:%25
</harden/bcfiles/linux_bcfiles/kbmi_usb_final.bc>:p4d_offset:%12	</harden/bcfiles/linux_bcfiles/kbmi_usb_final.bc>:p4d_offset:%77
</harden/bcfiles/linux_bcfiles/kbmi_usb_final.bc>:p4d_offset:%11	</harden/bcfiles/linux_bcfiles/kbmi_usb_final.bc>:p4d_offset:%24
</harden/bcfiles/linux_bcfiles/kbmi_usb_final.bc>:p4d_offset:%10	</harden/bcfiles/linux_bcfiles/kbmi_usb_final.bc>:p4d_offset:%23
</harden/bcfiles/linux_bcfiles/kbmi_usb_final.bc>:p4d_offset:%11	</harden/bcfiles/linux_bcfiles/kbmi_usb_final.bc>:p4d_offset:%38
</harden/bcfiles/linux_bcfiles/kbmi_usb_final.bc>:pud_offset:%3	</harden/bcfiles/linux_bcfiles/kbmi_usb_final.bc>:pud_offset:%5
</harden/bcfiles/linux_bcfiles/kbmi_usb_final.bc>:pmd_offset:%3	</harden/bcfiles/linux_bcfiles/kbmi_usb_final.bc>:pmd_offset:%5
</harden/bcfiles/linux_bcfiles/kbmi_usb_final.bc>:pud_pgtable:%13	</harden/bcfiles/linux_bcfiles/kbmi_usb_final.bc>:pud_pgtable:%14
</harden/bcfiles/linux_bcfiles/kbmi_usb_final.bc>:pud_pgtable:11:0:@page_offset_base	</harden/bcfiles/linux_bcfiles/kbmi_usb_final.bc>:pud_pgtable:%11
</harden/bcfiles/linux_bcfiles/kbmi_usb_final.bc>:pmd_index:%2	</harden/bcfiles/linux_bcfiles/kbmi_usb_final.bc>:pmd_index:%3
</harden/bcfiles/linux_bcfiles/kbmi_usb_final.bc>:native_pud_val:%4	</harden/bcfiles/linux_bcfiles/kbmi_usb_final.bc>:native_pud_val:%5
</harden/bcfiles/linux_bcfiles/kbmi_usb_final.bc>:pud_pfn_mask:%2	</harden/bcfiles/linux_bcfiles/kbmi_usb_final.bc>:pud_pfn_mask:%13
</harden/bcfiles/linux_bcfiles/kbmi_usb_final.bc>:p4d_pgtable:%13	</harden/bcfiles/linux_bcfiles/kbmi_usb_final.bc>:p4d_pgtable:%14
</harden/bcfiles/linux_bcfiles/kbmi_usb_final.bc>:p4d_pgtable:11:0:@page_offset_base	</harden/bcfiles/linux_bcfiles/kbmi_usb_final.bc>:p4d_pgtable:%11
</harden/bcfiles/linux_bcfiles/kbmi_usb_final.bc>:pud_index:%2	</harden/bcfiles/linux_bcfiles/kbmi_usb_final.bc>:pud_index:%3
</harden/bcfiles/linux_bcfiles/kbmi_usb_final.bc>:native_p4d_val:%4	</harden/bcfiles/linux_bcfiles/kbmi_usb_final.bc>:native_p4d_val:%5
</harden/bcfiles/linux_bcfiles/kbmi_usb_final.bc>:pgd_page_vaddr:8:0:@page_offset_base	</harden/bcfiles/linux_bcfiles/kbmi_usb_final.bc>:pgd_page_vaddr:%8
</harden/bcfiles/linux_bcfiles/kbmi_usb_final.bc>:p4d_index:5:0:@ptrs_per_p4d	</harden/bcfiles/linux_bcfiles/kbmi_usb_final.bc>:p4d_index:%5
</harden/bcfiles/linux_bcfiles/kbmi_usb_final.bc>:p4d_index:%2	</harden/bcfiles/linux_bcfiles/kbmi_usb_final.bc>:p4d_index:%3
</harden/bcfiles/linux_bcfiles/kbmi_usb_final.bc>:native_pgd_val:%4	</harden/bcfiles/linux_bcfiles/kbmi_usb_final.bc>:native_pgd_val:%5
