</harden/bcfiles/linux_bcfiles/kbmi_usb_final.bc>:load_message_to_memory:15	</harden/bcfiles/linux_bcfiles/kbmi_usb_final.bc>:load_message_to_memory:%13
</harden/bcfiles/linux_bcfiles/kbmi_usb_final.bc>:load_message_to_memory:22	</harden/bcfiles/linux_bcfiles/kbmi_usb_final.bc>:load_message_to_memory:%19
</harden/bcfiles/linux_bcfiles/kbmi_usb_final.bc>:load_message_to_memory:52	</harden/bcfiles/linux_bcfiles/kbmi_usb_final.bc>:load_message_to_memory:%41
</harden/bcfiles/linux_bcfiles/kbmi_usb_final.bc>:load_message_to_memory:59	</harden/bcfiles/linux_bcfiles/kbmi_usb_final.bc>:load_message_to_memory:%47
</harden/bcfiles/linux_bcfiles/kbmi_usb_final.bc>:make_dynamic_area:48	</harden/bcfiles/linux_bcfiles/kbmi_usb_final.bc>:make_dynamic_area:%31
</harden/bcfiles/linux_bcfiles/kbmi_usb_final.bc>:make_dynamic_area:48	</harden/bcfiles/linux_bcfiles/kbmi_usb_final.bc>:make_dynamic_area:%32
</harden/bcfiles/linux_bcfiles/kbmi_usb_final.bc>:make_dynamic_area:57	</harden/bcfiles/linux_bcfiles/kbmi_usb_final.bc>:make_dynamic_area:%39
</harden/bcfiles/linux_bcfiles/kbmi_usb_final.bc>:make_dynamic_area:57	</harden/bcfiles/linux_bcfiles/kbmi_usb_final.bc>:make_dynamic_area:%40
</harden/bcfiles/linux_bcfiles/kbmi_usb_final.bc>:make_dynamic_area:82	</harden/bcfiles/linux_bcfiles/kbmi_usb_final.bc>:make_dynamic_area:%56
</harden/bcfiles/linux_bcfiles/kbmi_usb_final.bc>:make_dynamic_area:82	</harden/bcfiles/linux_bcfiles/kbmi_usb_final.bc>:make_dynamic_area:%57
</harden/bcfiles/linux_bcfiles/kbmi_usb_final.bc>:make_dynamic_area:87	</harden/bcfiles/linux_bcfiles/kbmi_usb_final.bc>:make_dynamic_area:%51
</harden/bcfiles/linux_bcfiles/kbmi_usb_final.bc>:make_dynamic_area:87	</harden/bcfiles/linux_bcfiles/kbmi_usb_final.bc>:make_dynamic_area:%52
</harden/bcfiles/linux_bcfiles/kbmi_usb_final.bc>:make_dynamic_area:87	</harden/bcfiles/linux_bcfiles/kbmi_usb_final.bc>:make_dynamic_area:%53
</harden/bcfiles/linux_bcfiles/kbmi_usb_final.bc>:make_dynamic_area:87	</harden/bcfiles/linux_bcfiles/kbmi_usb_final.bc>:make_dynamic_area:%60
</harden/bcfiles/linux_bcfiles/kbmi_usb_final.bc>:virt_to_kpte:6	</harden/bcfiles/linux_bcfiles/kbmi_usb_final.bc>:virt_to_kpte:%4
</harden/bcfiles/linux_bcfiles/kbmi_usb_final.bc>:virt_to_kpte:6	</harden/bcfiles/linux_bcfiles/kbmi_usb_final.bc>:virt_to_kpte:%5
</harden/bcfiles/linux_bcfiles/kbmi_usb_final.bc>:virt_to_kpte:11	</harden/bcfiles/linux_bcfiles/kbmi_usb_final.bc>:virt_to_kpte:%8
</harden/bcfiles/linux_bcfiles/kbmi_usb_final.bc>:virt_to_kpte:11	</harden/bcfiles/linux_bcfiles/kbmi_usb_final.bc>:virt_to_kpte:%9
</harden/bcfiles/linux_bcfiles/kbmi_usb_final.bc>:virt_to_kpte:17	</harden/bcfiles/linux_bcfiles/kbmi_usb_final.bc>:virt_to_kpte:%13
</harden/bcfiles/linux_bcfiles/kbmi_usb_final.bc>:virt_to_kpte:17	</harden/bcfiles/linux_bcfiles/kbmi_usb_final.bc>:virt_to_kpte:%14
</harden/bcfiles/linux_bcfiles/kbmi_usb_final.bc>:virt_to_kpte:17	</harden/bcfiles/linux_bcfiles/kbmi_usb_final.bc>:virt_to_kpte:%15
</harden/bcfiles/linux_bcfiles/kbmi_usb_final.bc>:pte_exec:6	</harden/bcfiles/linux_bcfiles/kbmi_usb_final.bc>:pte_exec:%5
</harden/bcfiles/linux_bcfiles/kbmi_usb_final.bc>:pte_exec:6	</harden/bcfiles/linux_bcfiles/kbmi_usb_final.bc>:pte_exec:%6
</harden/bcfiles/linux_bcfiles/kbmi_usb_final.bc>:pte_mkexec:7	</harden/bcfiles/linux_bcfiles/kbmi_usb_final.bc>:pte_mkexec:%6
</harden/bcfiles/linux_bcfiles/kbmi_usb_final.bc>:pte_mkexec:7	</harden/bcfiles/linux_bcfiles/kbmi_usb_final.bc>:pte_mkexec:%7
</harden/bcfiles/linux_bcfiles/kbmi_usb_final.bc>:set_ptes:22	</harden/bcfiles/linux_bcfiles/kbmi_usb_final.bc>:set_ptes:%13
</harden/bcfiles/linux_bcfiles/kbmi_usb_final.bc>:set_ptes:22	</harden/bcfiles/linux_bcfiles/kbmi_usb_final.bc>:set_ptes:%14
</harden/bcfiles/linux_bcfiles/kbmi_usb_final.bc>:set_ptes:22	</harden/bcfiles/linux_bcfiles/kbmi_usb_final.bc>:set_ptes:%17
</harden/bcfiles/linux_bcfiles/kbmi_usb_final.bc>:set_ptes:22	</harden/bcfiles/linux_bcfiles/kbmi_usb_final.bc>:set_ptes:%15
</harden/bcfiles/linux_bcfiles/kbmi_usb_final.bc>:set_ptes:29	</harden/bcfiles/linux_bcfiles/kbmi_usb_final.bc>:set_ptes:%21
</harden/bcfiles/linux_bcfiles/kbmi_usb_final.bc>:set_ptes:29	</harden/bcfiles/linux_bcfiles/kbmi_usb_final.bc>:set_ptes:%23
</harden/bcfiles/linux_bcfiles/kbmi_usb_final.bc>:set_ptes:41	</harden/bcfiles/linux_bcfiles/kbmi_usb_final.bc>:set_ptes:%32
</harden/bcfiles/linux_bcfiles/kbmi_usb_final.bc>:set_ptes:41	</harden/bcfiles/linux_bcfiles/kbmi_usb_final.bc>:set_ptes:%33
</harden/bcfiles/linux_bcfiles/kbmi_usb_final.bc>:pte_next_pfn:7	</harden/bcfiles/linux_bcfiles/kbmi_usb_final.bc>:pte_next_pfn:%6
</harden/bcfiles/linux_bcfiles/kbmi_usb_final.bc>:pte_next_pfn:7	</harden/bcfiles/linux_bcfiles/kbmi_usb_final.bc>:pte_next_pfn:%7
</harden/bcfiles/linux_bcfiles/kbmi_usb_final.bc>:pte_next_pfn:8	</harden/bcfiles/linux_bcfiles/kbmi_usb_final.bc>:pte_next_pfn:%7
</harden/bcfiles/linux_bcfiles/kbmi_usb_final.bc>:pte_next_pfn:8	</harden/bcfiles/linux_bcfiles/kbmi_usb_final.bc>:pte_next_pfn:%8
</harden/bcfiles/linux_bcfiles/kbmi_usb_final.bc>:pte_next_pfn:12	</harden/bcfiles/linux_bcfiles/kbmi_usb_final.bc>:pte_next_pfn:%11
</harden/bcfiles/linux_bcfiles/kbmi_usb_final.bc>:pte_next_pfn:12	</harden/bcfiles/linux_bcfiles/kbmi_usb_final.bc>:pte_next_pfn:%12
</harden/bcfiles/linux_bcfiles/kbmi_usb_final.bc>:pte_next_pfn:14	</harden/bcfiles/linux_bcfiles/kbmi_usb_final.bc>:pte_next_pfn:%13
</harden/bcfiles/linux_bcfiles/kbmi_usb_final.bc>:pte_next_pfn:14	</harden/bcfiles/linux_bcfiles/kbmi_usb_final.bc>:pte_next_pfn:%14
</harden/bcfiles/linux_bcfiles/kbmi_usb_final.bc>:pte_next_pfn:20	</harden/bcfiles/linux_bcfiles/kbmi_usb_final.bc>:pte_next_pfn:%18
</harden/bcfiles/linux_bcfiles/kbmi_usb_final.bc>:pte_next_pfn:20	</harden/bcfiles/linux_bcfiles/kbmi_usb_final.bc>:pte_next_pfn:%19
</harden/bcfiles/linux_bcfiles/kbmi_usb_final.bc>:pte_next_pfn:22	</harden/bcfiles/linux_bcfiles/kbmi_usb_final.bc>:pte_next_pfn:%20
</harden/bcfiles/linux_bcfiles/kbmi_usb_final.bc>:pte_next_pfn:22	</harden/bcfiles/linux_bcfiles/kbmi_usb_final.bc>:pte_next_pfn:%21
</harden/bcfiles/linux_bcfiles/kbmi_usb_final.bc>:pte_clear_flags:12	</harden/bcfiles/linux_bcfiles/kbmi_usb_final.bc>:pte_clear_flags:%9
</harden/bcfiles/linux_bcfiles/kbmi_usb_final.bc>:pte_clear_flags:12	</harden/bcfiles/linux_bcfiles/kbmi_usb_final.bc>:pte_clear_flags:%10
</harden/bcfiles/linux_bcfiles/kbmi_usb_final.bc>:pte_clear_flags:18	</harden/bcfiles/linux_bcfiles/kbmi_usb_final.bc>:pte_clear_flags:%14
</harden/bcfiles/linux_bcfiles/kbmi_usb_final.bc>:pte_clear_flags:18	</harden/bcfiles/linux_bcfiles/kbmi_usb_final.bc>:pte_clear_flags:%15
</harden/bcfiles/linux_bcfiles/kbmi_usb_final.bc>:pte_flags:6	</harden/bcfiles/linux_bcfiles/kbmi_usb_final.bc>:pte_flags:%5
</harden/bcfiles/linux_bcfiles/kbmi_usb_final.bc>:pte_flags:6	</harden/bcfiles/linux_bcfiles/kbmi_usb_final.bc>:pte_flags:%6
</harden/bcfiles/linux_bcfiles/kbmi_usb_final.bc>:pmd_off_k:5	</harden/bcfiles/linux_bcfiles/kbmi_usb_final.bc>:pmd_off_k:%3
</harden/bcfiles/linux_bcfiles/kbmi_usb_final.bc>:pmd_off_k:5	</harden/bcfiles/linux_bcfiles/kbmi_usb_final.bc>:pmd_off_k:%4
</harden/bcfiles/linux_bcfiles/kbmi_usb_final.bc>:pmd_off_k:5	</harden/bcfiles/linux_bcfiles/kbmi_usb_final.bc>:pmd_off_k:%5
</harden/bcfiles/linux_bcfiles/kbmi_usb_final.bc>:pmd_off_k:7	</harden/bcfiles/linux_bcfiles/kbmi_usb_final.bc>:pmd_off_k:%5
</harden/bcfiles/linux_bcfiles/kbmi_usb_final.bc>:pmd_off_k:7	</harden/bcfiles/linux_bcfiles/kbmi_usb_final.bc>:pmd_off_k:%6
</harden/bcfiles/linux_bcfiles/kbmi_usb_final.bc>:pmd_off_k:7	</harden/bcfiles/linux_bcfiles/kbmi_usb_final.bc>:pmd_off_k:%7
</harden/bcfiles/linux_bcfiles/kbmi_usb_final.bc>:pmd_off_k:9	</harden/bcfiles/linux_bcfiles/kbmi_usb_final.bc>:pmd_off_k:%7
</harden/bcfiles/linux_bcfiles/kbmi_usb_final.bc>:pmd_off_k:9	</harden/bcfiles/linux_bcfiles/kbmi_usb_final.bc>:pmd_off_k:%8
</harden/bcfiles/linux_bcfiles/kbmi_usb_final.bc>:pmd_off_k:9	</harden/bcfiles/linux_bcfiles/kbmi_usb_final.bc>:pmd_off_k:%9
</harden/bcfiles/linux_bcfiles/kbmi_usb_final.bc>:pmd_off_k:11	</harden/bcfiles/linux_bcfiles/kbmi_usb_final.bc>:pmd_off_k:%9
</harden/bcfiles/linux_bcfiles/kbmi_usb_final.bc>:pmd_off_k:11	</harden/bcfiles/linux_bcfiles/kbmi_usb_final.bc>:pmd_off_k:%10
</harden/bcfiles/linux_bcfiles/kbmi_usb_final.bc>:pmd_off_k:11	</harden/bcfiles/linux_bcfiles/kbmi_usb_final.bc>:pmd_off_k:%11
</harden/bcfiles/linux_bcfiles/kbmi_usb_final.bc>:pmd_none:8	</harden/bcfiles/linux_bcfiles/kbmi_usb_final.bc>:pmd_none:%6
</harden/bcfiles/linux_bcfiles/kbmi_usb_final.bc>:pmd_none:8	</harden/bcfiles/linux_bcfiles/kbmi_usb_final.bc>:pmd_none:%7
</harden/bcfiles/linux_bcfiles/kbmi_usb_final.bc>:pte_offset_kernel:9	</harden/bcfiles/linux_bcfiles/kbmi_usb_final.bc>:pte_offset_kernel:%7
</harden/bcfiles/linux_bcfiles/kbmi_usb_final.bc>:pte_offset_kernel:9	</harden/bcfiles/linux_bcfiles/kbmi_usb_final.bc>:pte_offset_kernel:%8
</harden/bcfiles/linux_bcfiles/kbmi_usb_final.bc>:pte_offset_kernel:12	</harden/bcfiles/linux_bcfiles/kbmi_usb_final.bc>:pte_offset_kernel:%10
</harden/bcfiles/linux_bcfiles/kbmi_usb_final.bc>:pte_offset_kernel:12	</harden/bcfiles/linux_bcfiles/kbmi_usb_final.bc>:pte_offset_kernel:%11
</harden/bcfiles/linux_bcfiles/kbmi_usb_final.bc>:pmd_page_vaddr:6	</harden/bcfiles/linux_bcfiles/kbmi_usb_final.bc>:pmd_page_vaddr:%5
</harden/bcfiles/linux_bcfiles/kbmi_usb_final.bc>:pmd_page_vaddr:6	</harden/bcfiles/linux_bcfiles/kbmi_usb_final.bc>:pmd_page_vaddr:%6
</harden/bcfiles/linux_bcfiles/kbmi_usb_final.bc>:pmd_page_vaddr:9	</harden/bcfiles/linux_bcfiles/kbmi_usb_final.bc>:pmd_page_vaddr:%8
</harden/bcfiles/linux_bcfiles/kbmi_usb_final.bc>:pmd_page_vaddr:9	</harden/bcfiles/linux_bcfiles/kbmi_usb_final.bc>:pmd_page_vaddr:%9
</harden/bcfiles/linux_bcfiles/kbmi_usb_final.bc>:pmd_pfn_mask:7	</harden/bcfiles/linux_bcfiles/kbmi_usb_final.bc>:pmd_pfn_mask:%6
</harden/bcfiles/linux_bcfiles/kbmi_usb_final.bc>:pmd_pfn_mask:7	</harden/bcfiles/linux_bcfiles/kbmi_usb_final.bc>:pmd_pfn_mask:%7
</harden/bcfiles/linux_bcfiles/kbmi_usb_final.bc>:p4d_offset:26	</harden/bcfiles/linux_bcfiles/kbmi_usb_final.bc>:p4d_offset:%21
</harden/bcfiles/linux_bcfiles/kbmi_usb_final.bc>:p4d_offset:93	</harden/bcfiles/linux_bcfiles/kbmi_usb_final.bc>:p4d_offset:%70
</harden/bcfiles/linux_bcfiles/kbmi_usb_final.bc>:p4d_offset:93	</harden/bcfiles/linux_bcfiles/kbmi_usb_final.bc>:p4d_offset:%71
</harden/bcfiles/linux_bcfiles/kbmi_usb_final.bc>:p4d_offset:96	</harden/bcfiles/linux_bcfiles/kbmi_usb_final.bc>:p4d_offset:%73
</harden/bcfiles/linux_bcfiles/kbmi_usb_final.bc>:p4d_offset:96	</harden/bcfiles/linux_bcfiles/kbmi_usb_final.bc>:p4d_offset:%74
</harden/bcfiles/linux_bcfiles/kbmi_usb_final.bc>:pud_offset:9	</harden/bcfiles/linux_bcfiles/kbmi_usb_final.bc>:pud_offset:%7
</harden/bcfiles/linux_bcfiles/kbmi_usb_final.bc>:pud_offset:9	</harden/bcfiles/linux_bcfiles/kbmi_usb_final.bc>:pud_offset:%8
</harden/bcfiles/linux_bcfiles/kbmi_usb_final.bc>:pud_offset:11	</harden/bcfiles/linux_bcfiles/kbmi_usb_final.bc>:pud_offset:%9
</harden/bcfiles/linux_bcfiles/kbmi_usb_final.bc>:pud_offset:11	</harden/bcfiles/linux_bcfiles/kbmi_usb_final.bc>:pud_offset:%10
</harden/bcfiles/linux_bcfiles/kbmi_usb_final.bc>:pmd_offset:9	</harden/bcfiles/linux_bcfiles/kbmi_usb_final.bc>:pmd_offset:%7
</harden/bcfiles/linux_bcfiles/kbmi_usb_final.bc>:pmd_offset:9	</harden/bcfiles/linux_bcfiles/kbmi_usb_final.bc>:pmd_offset:%8
</harden/bcfiles/linux_bcfiles/kbmi_usb_final.bc>:pmd_offset:11	</harden/bcfiles/linux_bcfiles/kbmi_usb_final.bc>:pmd_offset:%9
</harden/bcfiles/linux_bcfiles/kbmi_usb_final.bc>:pmd_offset:11	</harden/bcfiles/linux_bcfiles/kbmi_usb_final.bc>:pmd_offset:%10
</harden/bcfiles/linux_bcfiles/kbmi_usb_final.bc>:pud_pgtable:6	</harden/bcfiles/linux_bcfiles/kbmi_usb_final.bc>:pud_pgtable:%5
</harden/bcfiles/linux_bcfiles/kbmi_usb_final.bc>:pud_pgtable:6	</harden/bcfiles/linux_bcfiles/kbmi_usb_final.bc>:pud_pgtable:%6
</harden/bcfiles/linux_bcfiles/kbmi_usb_final.bc>:pud_pgtable:9	</harden/bcfiles/linux_bcfiles/kbmi_usb_final.bc>:pud_pgtable:%8
</harden/bcfiles/linux_bcfiles/kbmi_usb_final.bc>:pud_pgtable:9	</harden/bcfiles/linux_bcfiles/kbmi_usb_final.bc>:pud_pgtable:%9
</harden/bcfiles/linux_bcfiles/kbmi_usb_final.bc>:pud_pfn_mask:7	</harden/bcfiles/linux_bcfiles/kbmi_usb_final.bc>:pud_pfn_mask:%6
</harden/bcfiles/linux_bcfiles/kbmi_usb_final.bc>:pud_pfn_mask:7	</harden/bcfiles/linux_bcfiles/kbmi_usb_final.bc>:pud_pfn_mask:%7
</harden/bcfiles/linux_bcfiles/kbmi_usb_final.bc>:p4d_pgtable:6	</harden/bcfiles/linux_bcfiles/kbmi_usb_final.bc>:p4d_pgtable:%5
</harden/bcfiles/linux_bcfiles/kbmi_usb_final.bc>:p4d_pgtable:6	</harden/bcfiles/linux_bcfiles/kbmi_usb_final.bc>:p4d_pgtable:%6
</harden/bcfiles/linux_bcfiles/kbmi_usb_final.bc>:p4d_pgtable:9	</harden/bcfiles/linux_bcfiles/kbmi_usb_final.bc>:p4d_pgtable:%8
</harden/bcfiles/linux_bcfiles/kbmi_usb_final.bc>:p4d_pgtable:9	</harden/bcfiles/linux_bcfiles/kbmi_usb_final.bc>:p4d_pgtable:%9
</harden/bcfiles/linux_bcfiles/kbmi_usb_final.bc>:pgd_page_vaddr:6	</harden/bcfiles/linux_bcfiles/kbmi_usb_final.bc>:pgd_page_vaddr:%5
</harden/bcfiles/linux_bcfiles/kbmi_usb_final.bc>:pgd_page_vaddr:6	</harden/bcfiles/linux_bcfiles/kbmi_usb_final.bc>:pgd_page_vaddr:%6
