</harden/bcfiles/linux_bcfiles/kbmi_usb_final.bc>:kbmi_usb_notifier:0	</harden/bcfiles/linux_bcfiles/kbmi_usb_final.bc>:kbmi_usb_notifier:%8
</harden/bcfiles/linux_bcfiles/kbmi_usb_final.bc>:kbmi_usb_notifier:0	</harden/bcfiles/linux_bcfiles/kbmi_usb_final.bc>:kbmi_usb_notifier:%0
</harden/bcfiles/linux_bcfiles/kbmi_usb_final.bc>:kbmi_usb_notifier:0	</harden/bcfiles/linux_bcfiles/kbmi_usb_final.bc>:kbmi_usb_notifier:%1
</harden/bcfiles/linux_bcfiles/kbmi_usb_final.bc>:kbmi_usb_notifier:0	</harden/bcfiles/linux_bcfiles/kbmi_usb_final.bc>:kbmi_usb_notifier:%2
</harden/bcfiles/linux_bcfiles/kbmi_usb_final.bc>:virt_to_kpte:0	</harden/bcfiles/linux_bcfiles/kbmi_usb_final.bc>:virt_to_kpte:%17
</harden/bcfiles/linux_bcfiles/kbmi_usb_final.bc>:virt_to_kpte:0	</harden/bcfiles/linux_bcfiles/kbmi_usb_final.bc>:virt_to_kpte:%0
</harden/bcfiles/linux_bcfiles/kbmi_usb_final.bc>:pte_exec:0	</harden/bcfiles/linux_bcfiles/kbmi_usb_final.bc>:pte_exec:%10
</harden/bcfiles/linux_bcfiles/kbmi_usb_final.bc>:pte_exec:0	</harden/bcfiles/linux_bcfiles/kbmi_usb_final.bc>:pte_exec:%0
</harden/bcfiles/linux_bcfiles/kbmi_usb_final.bc>:pte_mkexec:0	</harden/bcfiles/linux_bcfiles/kbmi_usb_final.bc>:pte_mkexec:%10
</harden/bcfiles/linux_bcfiles/kbmi_usb_final.bc>:pte_mkexec:0	</harden/bcfiles/linux_bcfiles/kbmi_usb_final.bc>:pte_mkexec:%0
</harden/bcfiles/linux_bcfiles/kbmi_usb_final.bc>:set_ptes:0	</harden/bcfiles/linux_bcfiles/kbmi_usb_final.bc>:set_ptes:%4
</harden/bcfiles/linux_bcfiles/kbmi_usb_final.bc>:set_ptes:0	</harden/bcfiles/linux_bcfiles/kbmi_usb_final.bc>:set_ptes:%3
</harden/bcfiles/linux_bcfiles/kbmi_usb_final.bc>:set_ptes:0	</harden/bcfiles/linux_bcfiles/kbmi_usb_final.bc>:set_ptes:%2
</harden/bcfiles/linux_bcfiles/kbmi_usb_final.bc>:set_ptes:0	</harden/bcfiles/linux_bcfiles/kbmi_usb_final.bc>:set_ptes:%1
</harden/bcfiles/linux_bcfiles/kbmi_usb_final.bc>:set_ptes:0	</harden/bcfiles/linux_bcfiles/kbmi_usb_final.bc>:set_ptes:%0
</harden/bcfiles/linux_bcfiles/kbmi_usb_final.bc>:page_table_check_ptes_set:0	</harden/bcfiles/linux_bcfiles/kbmi_usb_final.bc>:page_table_check_ptes_set:%3
</harden/bcfiles/linux_bcfiles/kbmi_usb_final.bc>:page_table_check_ptes_set:0	</harden/bcfiles/linux_bcfiles/kbmi_usb_final.bc>:page_table_check_ptes_set:%2
</harden/bcfiles/linux_bcfiles/kbmi_usb_final.bc>:page_table_check_ptes_set:0	</harden/bcfiles/linux_bcfiles/kbmi_usb_final.bc>:page_table_check_ptes_set:%1
</harden/bcfiles/linux_bcfiles/kbmi_usb_final.bc>:page_table_check_ptes_set:0	</harden/bcfiles/linux_bcfiles/kbmi_usb_final.bc>:page_table_check_ptes_set:%0
</harden/bcfiles/linux_bcfiles/kbmi_usb_final.bc>:native_set_pte:0	</harden/bcfiles/linux_bcfiles/kbmi_usb_final.bc>:native_set_pte:%1
</harden/bcfiles/linux_bcfiles/kbmi_usb_final.bc>:native_set_pte:0	</harden/bcfiles/linux_bcfiles/kbmi_usb_final.bc>:native_set_pte:%0
</harden/bcfiles/linux_bcfiles/kbmi_usb_final.bc>:pte_next_pfn:0	</harden/bcfiles/linux_bcfiles/kbmi_usb_final.bc>:pte_next_pfn:%25
</harden/bcfiles/linux_bcfiles/kbmi_usb_final.bc>:pte_next_pfn:0	</harden/bcfiles/linux_bcfiles/kbmi_usb_final.bc>:pte_next_pfn:%0
</harden/bcfiles/linux_bcfiles/kbmi_usb_final.bc>:native_pte_val:0	</harden/bcfiles/linux_bcfiles/kbmi_usb_final.bc>:native_pte_val:%5
</harden/bcfiles/linux_bcfiles/kbmi_usb_final.bc>:native_pte_val:0	</harden/bcfiles/linux_bcfiles/kbmi_usb_final.bc>:native_pte_val:%0
</harden/bcfiles/linux_bcfiles/kbmi_usb_final.bc>:__pte_needs_invert:0	</harden/bcfiles/linux_bcfiles/kbmi_usb_final.bc>:__pte_needs_invert:%11
</harden/bcfiles/linux_bcfiles/kbmi_usb_final.bc>:__pte_needs_invert:0	</harden/bcfiles/linux_bcfiles/kbmi_usb_final.bc>:__pte_needs_invert:%0
</harden/bcfiles/linux_bcfiles/kbmi_usb_final.bc>:native_make_pte:0	</harden/bcfiles/linux_bcfiles/kbmi_usb_final.bc>:native_make_pte:%7
</harden/bcfiles/linux_bcfiles/kbmi_usb_final.bc>:native_make_pte:0	</harden/bcfiles/linux_bcfiles/kbmi_usb_final.bc>:native_make_pte:%0
</harden/bcfiles/linux_bcfiles/kbmi_usb_final.bc>:pte_clear_flags:0	</harden/bcfiles/linux_bcfiles/kbmi_usb_final.bc>:pte_clear_flags:%18
</harden/bcfiles/linux_bcfiles/kbmi_usb_final.bc>:pte_clear_flags:0	</harden/bcfiles/linux_bcfiles/kbmi_usb_final.bc>:pte_clear_flags:%1
</harden/bcfiles/linux_bcfiles/kbmi_usb_final.bc>:pte_clear_flags:0	</harden/bcfiles/linux_bcfiles/kbmi_usb_final.bc>:pte_clear_flags:%0
</harden/bcfiles/linux_bcfiles/kbmi_usb_final.bc>:pte_flags:0	</harden/bcfiles/linux_bcfiles/kbmi_usb_final.bc>:pte_flags:%7
</harden/bcfiles/linux_bcfiles/kbmi_usb_final.bc>:pte_flags:0	</harden/bcfiles/linux_bcfiles/kbmi_usb_final.bc>:pte_flags:%0
</harden/bcfiles/linux_bcfiles/kbmi_usb_final.bc>:pmd_off_k:0	</harden/bcfiles/linux_bcfiles/kbmi_usb_final.bc>:pmd_off_k:%11
</harden/bcfiles/linux_bcfiles/kbmi_usb_final.bc>:pmd_off_k:0	</harden/bcfiles/linux_bcfiles/kbmi_usb_final.bc>:pmd_off_k:%0
</harden/bcfiles/linux_bcfiles/kbmi_usb_final.bc>:pmd_none:0	</harden/bcfiles/linux_bcfiles/kbmi_usb_final.bc>:pmd_none:%11
</harden/bcfiles/linux_bcfiles/kbmi_usb_final.bc>:pmd_none:0	</harden/bcfiles/linux_bcfiles/kbmi_usb_final.bc>:pmd_none:%0
</harden/bcfiles/linux_bcfiles/kbmi_usb_final.bc>:pte_offset_kernel:0	</harden/bcfiles/linux_bcfiles/kbmi_usb_final.bc>:pte_offset_kernel:%12
</harden/bcfiles/linux_bcfiles/kbmi_usb_final.bc>:pte_offset_kernel:0	</harden/bcfiles/linux_bcfiles/kbmi_usb_final.bc>:pte_offset_kernel:%1
</harden/bcfiles/linux_bcfiles/kbmi_usb_final.bc>:pte_offset_kernel:0	</harden/bcfiles/linux_bcfiles/kbmi_usb_final.bc>:pte_offset_kernel:%0
</harden/bcfiles/linux_bcfiles/kbmi_usb_final.bc>:pmd_page_vaddr:0	</harden/bcfiles/linux_bcfiles/kbmi_usb_final.bc>:pmd_page_vaddr:%14
</harden/bcfiles/linux_bcfiles/kbmi_usb_final.bc>:pmd_page_vaddr:0	</harden/bcfiles/linux_bcfiles/kbmi_usb_final.bc>:pmd_page_vaddr:%0
</harden/bcfiles/linux_bcfiles/kbmi_usb_final.bc>:pte_index:0	</harden/bcfiles/linux_bcfiles/kbmi_usb_final.bc>:pte_index:%5
</harden/bcfiles/linux_bcfiles/kbmi_usb_final.bc>:pte_index:0	</harden/bcfiles/linux_bcfiles/kbmi_usb_final.bc>:pte_index:%0
</harden/bcfiles/linux_bcfiles/kbmi_usb_final.bc>:native_pmd_val:0	</harden/bcfiles/linux_bcfiles/kbmi_usb_final.bc>:native_pmd_val:%5
</harden/bcfiles/linux_bcfiles/kbmi_usb_final.bc>:native_pmd_val:0	</harden/bcfiles/linux_bcfiles/kbmi_usb_final.bc>:native_pmd_val:%0
</harden/bcfiles/linux_bcfiles/kbmi_usb_final.bc>:pmd_pfn_mask:0	</harden/bcfiles/linux_bcfiles/kbmi_usb_final.bc>:pmd_pfn_mask:%13
</harden/bcfiles/linux_bcfiles/kbmi_usb_final.bc>:pmd_pfn_mask:0	</harden/bcfiles/linux_bcfiles/kbmi_usb_final.bc>:pmd_pfn_mask:%0
</harden/bcfiles/linux_bcfiles/kbmi_usb_final.bc>:pgd_offset_pgd:0	</harden/bcfiles/linux_bcfiles/kbmi_usb_final.bc>:pgd_offset_pgd:%11
</harden/bcfiles/linux_bcfiles/kbmi_usb_final.bc>:pgd_offset_pgd:0	</harden/bcfiles/linux_bcfiles/kbmi_usb_final.bc>:pgd_offset_pgd:%1
</harden/bcfiles/linux_bcfiles/kbmi_usb_final.bc>:pgd_offset_pgd:0	</harden/bcfiles/linux_bcfiles/kbmi_usb_final.bc>:pgd_offset_pgd:%0
</harden/bcfiles/linux_bcfiles/kbmi_usb_final.bc>:p4d_offset:0	</harden/bcfiles/linux_bcfiles/kbmi_usb_final.bc>:p4d_offset:%77
</harden/bcfiles/linux_bcfiles/kbmi_usb_final.bc>:p4d_offset:0	</harden/bcfiles/linux_bcfiles/kbmi_usb_final.bc>:p4d_offset:%1
</harden/bcfiles/linux_bcfiles/kbmi_usb_final.bc>:p4d_offset:0	</harden/bcfiles/linux_bcfiles/kbmi_usb_final.bc>:p4d_offset:%0
</harden/bcfiles/linux_bcfiles/kbmi_usb_final.bc>:pud_offset:0	</harden/bcfiles/linux_bcfiles/kbmi_usb_final.bc>:pud_offset:%11
</harden/bcfiles/linux_bcfiles/kbmi_usb_final.bc>:pud_offset:0	</harden/bcfiles/linux_bcfiles/kbmi_usb_final.bc>:pud_offset:%1
</harden/bcfiles/linux_bcfiles/kbmi_usb_final.bc>:pud_offset:0	</harden/bcfiles/linux_bcfiles/kbmi_usb_final.bc>:pud_offset:%0
</harden/bcfiles/linux_bcfiles/kbmi_usb_final.bc>:pmd_offset:0	</harden/bcfiles/linux_bcfiles/kbmi_usb_final.bc>:pmd_offset:%11
</harden/bcfiles/linux_bcfiles/kbmi_usb_final.bc>:pmd_offset:0	</harden/bcfiles/linux_bcfiles/kbmi_usb_final.bc>:pmd_offset:%1
</harden/bcfiles/linux_bcfiles/kbmi_usb_final.bc>:pmd_offset:0	</harden/bcfiles/linux_bcfiles/kbmi_usb_final.bc>:pmd_offset:%0
</harden/bcfiles/linux_bcfiles/kbmi_usb_final.bc>:pud_pgtable:0	</harden/bcfiles/linux_bcfiles/kbmi_usb_final.bc>:pud_pgtable:%14
</harden/bcfiles/linux_bcfiles/kbmi_usb_final.bc>:pud_pgtable:0	</harden/bcfiles/linux_bcfiles/kbmi_usb_final.bc>:pud_pgtable:%0
</harden/bcfiles/linux_bcfiles/kbmi_usb_final.bc>:pmd_index:0	</harden/bcfiles/linux_bcfiles/kbmi_usb_final.bc>:pmd_index:%5
</harden/bcfiles/linux_bcfiles/kbmi_usb_final.bc>:pmd_index:0	</harden/bcfiles/linux_bcfiles/kbmi_usb_final.bc>:pmd_index:%0
</harden/bcfiles/linux_bcfiles/kbmi_usb_final.bc>:native_pud_val:0	</harden/bcfiles/linux_bcfiles/kbmi_usb_final.bc>:native_pud_val:%5
</harden/bcfiles/linux_bcfiles/kbmi_usb_final.bc>:native_pud_val:0	</harden/bcfiles/linux_bcfiles/kbmi_usb_final.bc>:native_pud_val:%0
</harden/bcfiles/linux_bcfiles/kbmi_usb_final.bc>:pud_pfn_mask:0	</harden/bcfiles/linux_bcfiles/kbmi_usb_final.bc>:pud_pfn_mask:%13
</harden/bcfiles/linux_bcfiles/kbmi_usb_final.bc>:pud_pfn_mask:0	</harden/bcfiles/linux_bcfiles/kbmi_usb_final.bc>:pud_pfn_mask:%0
</harden/bcfiles/linux_bcfiles/kbmi_usb_final.bc>:p4d_pgtable:0	</harden/bcfiles/linux_bcfiles/kbmi_usb_final.bc>:p4d_pgtable:%14
</harden/bcfiles/linux_bcfiles/kbmi_usb_final.bc>:p4d_pgtable:0	</harden/bcfiles/linux_bcfiles/kbmi_usb_final.bc>:p4d_pgtable:%0
</harden/bcfiles/linux_bcfiles/kbmi_usb_final.bc>:pud_index:0	</harden/bcfiles/linux_bcfiles/kbmi_usb_final.bc>:pud_index:%5
</harden/bcfiles/linux_bcfiles/kbmi_usb_final.bc>:pud_index:0	</harden/bcfiles/linux_bcfiles/kbmi_usb_final.bc>:pud_index:%0
</harden/bcfiles/linux_bcfiles/kbmi_usb_final.bc>:native_p4d_val:0	</harden/bcfiles/linux_bcfiles/kbmi_usb_final.bc>:native_p4d_val:%5
</harden/bcfiles/linux_bcfiles/kbmi_usb_final.bc>:native_p4d_val:0	</harden/bcfiles/linux_bcfiles/kbmi_usb_final.bc>:native_p4d_val:%0
</harden/bcfiles/linux_bcfiles/kbmi_usb_final.bc>:p4d_pfn_mask:0	</harden/bcfiles/linux_bcfiles/kbmi_usb_final.bc>:p4d_pfn_mask:%0
</harden/bcfiles/linux_bcfiles/kbmi_usb_final.bc>:pgd_page_vaddr:0	</harden/bcfiles/linux_bcfiles/kbmi_usb_final.bc>:pgd_page_vaddr:%11
</harden/bcfiles/linux_bcfiles/kbmi_usb_final.bc>:pgd_page_vaddr:0	</harden/bcfiles/linux_bcfiles/kbmi_usb_final.bc>:pgd_page_vaddr:%0
</harden/bcfiles/linux_bcfiles/kbmi_usb_final.bc>:p4d_index:0	</harden/bcfiles/linux_bcfiles/kbmi_usb_final.bc>:p4d_index:%8
</harden/bcfiles/linux_bcfiles/kbmi_usb_final.bc>:p4d_index:0	</harden/bcfiles/linux_bcfiles/kbmi_usb_final.bc>:p4d_index:%0
</harden/bcfiles/linux_bcfiles/kbmi_usb_final.bc>:native_pgd_val:0	</harden/bcfiles/linux_bcfiles/kbmi_usb_final.bc>:native_pgd_val:%6
</harden/bcfiles/linux_bcfiles/kbmi_usb_final.bc>:native_pgd_val:0	</harden/bcfiles/linux_bcfiles/kbmi_usb_final.bc>:native_pgd_val:%0
