</harden/bcfiles/linux_bcfiles/kbmi_usb_final.bc>:kbmi_usb_exit	</harden/bcfiles/linux_bcfiles/kbmi_usb_final.bc>:kbmi_usb_exit:0
</harden/bcfiles/linux_bcfiles/kbmi_usb_final.bc>:kbmi_usb_notifier	</harden/bcfiles/linux_bcfiles/kbmi_usb_final.bc>:kbmi_usb_notifier:0
</harden/bcfiles/linux_bcfiles/kbmi_usb_final.bc>:load_message_to_memory	</harden/bcfiles/linux_bcfiles/kbmi_usb_final.bc>:load_message_to_memory:0
</harden/bcfiles/linux_bcfiles/kbmi_usb_final.bc>:kbmi_usb_init	</harden/bcfiles/linux_bcfiles/kbmi_usb_final.bc>:kbmi_usb_init:0
</harden/bcfiles/linux_bcfiles/kbmi_usb_final.bc>:make_dynamic_area	</harden/bcfiles/linux_bcfiles/kbmi_usb_final.bc>:make_dynamic_area:0
</harden/bcfiles/linux_bcfiles/kbmi_usb_final.bc>:virt_to_kpte	</harden/bcfiles/linux_bcfiles/kbmi_usb_final.bc>:virt_to_kpte:0
</harden/bcfiles/linux_bcfiles/kbmi_usb_final.bc>:pte_exec	</harden/bcfiles/linux_bcfiles/kbmi_usb_final.bc>:pte_exec:0
</harden/bcfiles/linux_bcfiles/kbmi_usb_final.bc>:pte_mkexec	</harden/bcfiles/linux_bcfiles/kbmi_usb_final.bc>:pte_mkexec:0
</harden/bcfiles/linux_bcfiles/kbmi_usb_final.bc>:set_ptes	</harden/bcfiles/linux_bcfiles/kbmi_usb_final.bc>:set_ptes:0
</harden/bcfiles/linux_bcfiles/kbmi_usb_final.bc>:page_table_check_ptes_set	</harden/bcfiles/linux_bcfiles/kbmi_usb_final.bc>:page_table_check_ptes_set:0
</harden/bcfiles/linux_bcfiles/kbmi_usb_final.bc>:native_set_pte	</harden/bcfiles/linux_bcfiles/kbmi_usb_final.bc>:native_set_pte:0
</harden/bcfiles/linux_bcfiles/kbmi_usb_final.bc>:pte_next_pfn	</harden/bcfiles/linux_bcfiles/kbmi_usb_final.bc>:pte_next_pfn:0
</harden/bcfiles/linux_bcfiles/kbmi_usb_final.bc>:native_pte_val	</harden/bcfiles/linux_bcfiles/kbmi_usb_final.bc>:native_pte_val:0
</harden/bcfiles/linux_bcfiles/kbmi_usb_final.bc>:__pte_needs_invert	</harden/bcfiles/linux_bcfiles/kbmi_usb_final.bc>:__pte_needs_invert:0
</harden/bcfiles/linux_bcfiles/kbmi_usb_final.bc>:native_make_pte	</harden/bcfiles/linux_bcfiles/kbmi_usb_final.bc>:native_make_pte:0
</harden/bcfiles/linux_bcfiles/kbmi_usb_final.bc>:pte_clear_flags	</harden/bcfiles/linux_bcfiles/kbmi_usb_final.bc>:pte_clear_flags:0
</harden/bcfiles/linux_bcfiles/kbmi_usb_final.bc>:pte_flags	</harden/bcfiles/linux_bcfiles/kbmi_usb_final.bc>:pte_flags:0
</harden/bcfiles/linux_bcfiles/kbmi_usb_final.bc>:pmd_off_k	</harden/bcfiles/linux_bcfiles/kbmi_usb_final.bc>:pmd_off_k:0
</harden/bcfiles/linux_bcfiles/kbmi_usb_final.bc>:pmd_none	</harden/bcfiles/linux_bcfiles/kbmi_usb_final.bc>:pmd_none:0
</harden/bcfiles/linux_bcfiles/kbmi_usb_final.bc>:pte_offset_kernel	</harden/bcfiles/linux_bcfiles/kbmi_usb_final.bc>:pte_offset_kernel:0
</harden/bcfiles/linux_bcfiles/kbmi_usb_final.bc>:pmd_page_vaddr	</harden/bcfiles/linux_bcfiles/kbmi_usb_final.bc>:pmd_page_vaddr:0
</harden/bcfiles/linux_bcfiles/kbmi_usb_final.bc>:pte_index	</harden/bcfiles/linux_bcfiles/kbmi_usb_final.bc>:pte_index:0
</harden/bcfiles/linux_bcfiles/kbmi_usb_final.bc>:native_pmd_val	</harden/bcfiles/linux_bcfiles/kbmi_usb_final.bc>:native_pmd_val:0
</harden/bcfiles/linux_bcfiles/kbmi_usb_final.bc>:pmd_pfn_mask	</harden/bcfiles/linux_bcfiles/kbmi_usb_final.bc>:pmd_pfn_mask:0
</harden/bcfiles/linux_bcfiles/kbmi_usb_final.bc>:pgd_offset_pgd	</harden/bcfiles/linux_bcfiles/kbmi_usb_final.bc>:pgd_offset_pgd:0
</harden/bcfiles/linux_bcfiles/kbmi_usb_final.bc>:p4d_offset	</harden/bcfiles/linux_bcfiles/kbmi_usb_final.bc>:p4d_offset:0
</harden/bcfiles/linux_bcfiles/kbmi_usb_final.bc>:pud_offset	</harden/bcfiles/linux_bcfiles/kbmi_usb_final.bc>:pud_offset:0
</harden/bcfiles/linux_bcfiles/kbmi_usb_final.bc>:pmd_offset	</harden/bcfiles/linux_bcfiles/kbmi_usb_final.bc>:pmd_offset:0
</harden/bcfiles/linux_bcfiles/kbmi_usb_final.bc>:pud_pgtable	</harden/bcfiles/linux_bcfiles/kbmi_usb_final.bc>:pud_pgtable:0
</harden/bcfiles/linux_bcfiles/kbmi_usb_final.bc>:pmd_index	</harden/bcfiles/linux_bcfiles/kbmi_usb_final.bc>:pmd_index:0
</harden/bcfiles/linux_bcfiles/kbmi_usb_final.bc>:native_pud_val	</harden/bcfiles/linux_bcfiles/kbmi_usb_final.bc>:native_pud_val:0
</harden/bcfiles/linux_bcfiles/kbmi_usb_final.bc>:pud_pfn_mask	</harden/bcfiles/linux_bcfiles/kbmi_usb_final.bc>:pud_pfn_mask:0
</harden/bcfiles/linux_bcfiles/kbmi_usb_final.bc>:p4d_pgtable	</harden/bcfiles/linux_bcfiles/kbmi_usb_final.bc>:p4d_pgtable:0
</harden/bcfiles/linux_bcfiles/kbmi_usb_final.bc>:pud_index	</harden/bcfiles/linux_bcfiles/kbmi_usb_final.bc>:pud_index:0
</harden/bcfiles/linux_bcfiles/kbmi_usb_final.bc>:native_p4d_val	</harden/bcfiles/linux_bcfiles/kbmi_usb_final.bc>:native_p4d_val:0
</harden/bcfiles/linux_bcfiles/kbmi_usb_final.bc>:p4d_pfn_mask	</harden/bcfiles/linux_bcfiles/kbmi_usb_final.bc>:p4d_pfn_mask:0
</harden/bcfiles/linux_bcfiles/kbmi_usb_final.bc>:pgd_page_vaddr	</harden/bcfiles/linux_bcfiles/kbmi_usb_final.bc>:pgd_page_vaddr:0
</harden/bcfiles/linux_bcfiles/kbmi_usb_final.bc>:p4d_index	</harden/bcfiles/linux_bcfiles/kbmi_usb_final.bc>:p4d_index:0
</harden/bcfiles/linux_bcfiles/kbmi_usb_final.bc>:native_pgd_val	</harden/bcfiles/linux_bcfiles/kbmi_usb_final.bc>:native_pgd_val:0
