</harden/bcfiles/linux_bcfiles/kbmi_usb_final.bc>:2:@__UNIQUE_ID___addressable_init_module254	@__UNIQUE_ID___addressable_init_module254
</harden/bcfiles/linux_bcfiles/kbmi_usb_final.bc>:4:@__UNIQUE_ID___addressable_cleanup_module255	@__UNIQUE_ID___addressable_cleanup_module255
</harden/bcfiles/linux_bcfiles/kbmi_usb_final.bc>:6:@__UNIQUE_ID_license256	@__UNIQUE_ID_license256
</harden/bcfiles/linux_bcfiles/kbmi_usb_final.bc>:10:@__UNIQUE_ID_author257	@__UNIQUE_ID_author257
</harden/bcfiles/linux_bcfiles/kbmi_usb_final.bc>:14:@__UNIQUE_ID_description258	@__UNIQUE_ID_description258
</harden/bcfiles/linux_bcfiles/kbmi_usb_final.bc>:18:@__UNIQUE_ID___addressable_make_dynamic_area250	@__UNIQUE_ID___addressable_make_dynamic_area250
</harden/bcfiles/linux_bcfiles/kbmi_usb_final.bc>:kbmi_usb_exit:1:2:@my_nb	@my_nb
</harden/bcfiles/linux_bcfiles/kbmi_usb_final.bc>:kbmi_usb_init:1:2:@my_nb	@my_nb
</harden/bcfiles/linux_bcfiles/kbmi_usb_final.bc>:load_message_to_memory:15:2:@message_buffer	@message_buffer
</harden/bcfiles/linux_bcfiles/kbmi_usb_final.bc>:load_message_to_memory:28:1:@message_buffer	@message_buffer
</harden/bcfiles/linux_bcfiles/kbmi_usb_final.bc>:load_message_to_memory:39:1:@message_buffer	@message_buffer
</harden/bcfiles/linux_bcfiles/kbmi_usb_final.bc>:load_message_to_memory:22:2:@.str	@.str
</harden/bcfiles/linux_bcfiles/kbmi_usb_final.bc>:load_message_to_memory:52:2:@.str.1	@.str.1
</harden/bcfiles/linux_bcfiles/kbmi_usb_final.bc>:make_dynamic_area:22:1:@pcpu_hot	@pcpu_hot
</harden/bcfiles/linux_bcfiles/kbmi_usb_final.bc>:make_dynamic_area:65:1:@pcpu_hot	@pcpu_hot
</harden/bcfiles/linux_bcfiles/kbmi_usb_final.bc>:pmd_off_k:3:1:@init_mm	@init_mm
</harden/bcfiles/linux_bcfiles/kbmi_usb_final.bc>:pmd_page_vaddr:11:0:@page_offset_base	@page_offset_base
</harden/bcfiles/linux_bcfiles/kbmi_usb_final.bc>:pud_pgtable:11:0:@page_offset_base	@page_offset_base
</harden/bcfiles/linux_bcfiles/kbmi_usb_final.bc>:p4d_pgtable:11:0:@page_offset_base	@page_offset_base
</harden/bcfiles/linux_bcfiles/kbmi_usb_final.bc>:pgd_page_vaddr:8:0:@page_offset_base	@page_offset_base
</harden/bcfiles/linux_bcfiles/kbmi_usb_final.bc>:pgd_offset_pgd:8:0:@pgdir_shift	@pgdir_shift
</harden/bcfiles/linux_bcfiles/kbmi_usb_final.bc>:p4d_offset:23:1:@boot_cpu_data	@boot_cpu_data
</harden/bcfiles/linux_bcfiles/kbmi_usb_final.bc>:p4d_offset:75:2:@boot_cpu_data	@boot_cpu_data
</harden/bcfiles/linux_bcfiles/kbmi_usb_final.bc>:p4d_index:5:0:@ptrs_per_p4d	@ptrs_per_p4d
