</harden/bcfiles/linux_bcfiles/kbmi_usb_final.bc>:load_message_to_memory:10	</harden/bcfiles/linux_bcfiles/kbmi_usb_final.bc>:load_message_to_memory:%10
</harden/bcfiles/linux_bcfiles/kbmi_usb_final.bc>:load_message_to_memory:56	</harden/bcfiles/linux_bcfiles/kbmi_usb_final.bc>:load_message_to_memory:%44
</harden/bcfiles/linux_bcfiles/kbmi_usb_final.bc>:load_message_to_memory:57	</harden/bcfiles/linux_bcfiles/kbmi_usb_final.bc>:load_message_to_memory:%45
</harden/bcfiles/linux_bcfiles/kbmi_usb_final.bc>:load_message_to_memory:58	</harden/bcfiles/linux_bcfiles/kbmi_usb_final.bc>:load_message_to_memory:%46
</harden/bcfiles/linux_bcfiles/kbmi_usb_final.bc>:make_dynamic_area:47	</harden/bcfiles/linux_bcfiles/kbmi_usb_final.bc>:make_dynamic_area:%31
</harden/bcfiles/linux_bcfiles/kbmi_usb_final.bc>:make_dynamic_area:56	</harden/bcfiles/linux_bcfiles/kbmi_usb_final.bc>:make_dynamic_area:%39
</harden/bcfiles/linux_bcfiles/kbmi_usb_final.bc>:make_dynamic_area:81	</harden/bcfiles/linux_bcfiles/kbmi_usb_final.bc>:make_dynamic_area:%56
</harden/bcfiles/linux_bcfiles/kbmi_usb_final.bc>:make_dynamic_area:76	</harden/bcfiles/linux_bcfiles/kbmi_usb_final.bc>:make_dynamic_area:%51
</harden/bcfiles/linux_bcfiles/kbmi_usb_final.bc>:make_dynamic_area:77	</harden/bcfiles/linux_bcfiles/kbmi_usb_final.bc>:make_dynamic_area:%52
</harden/bcfiles/linux_bcfiles/kbmi_usb_final.bc>:make_dynamic_area:78	</harden/bcfiles/linux_bcfiles/kbmi_usb_final.bc>:make_dynamic_area:%53
</harden/bcfiles/linux_bcfiles/kbmi_usb_final.bc>:make_dynamic_area:86	</harden/bcfiles/linux_bcfiles/kbmi_usb_final.bc>:make_dynamic_area:%60
</harden/bcfiles/linux_bcfiles/kbmi_usb_final.bc>:virt_to_kpte:5	</harden/bcfiles/linux_bcfiles/kbmi_usb_final.bc>:virt_to_kpte:%4
</harden/bcfiles/linux_bcfiles/kbmi_usb_final.bc>:virt_to_kpte:10	</harden/bcfiles/linux_bcfiles/kbmi_usb_final.bc>:virt_to_kpte:%8
</harden/bcfiles/linux_bcfiles/kbmi_usb_final.bc>:virt_to_kpte:15	</harden/bcfiles/linux_bcfiles/kbmi_usb_final.bc>:virt_to_kpte:%13
</harden/bcfiles/linux_bcfiles/kbmi_usb_final.bc>:virt_to_kpte:16	</harden/bcfiles/linux_bcfiles/kbmi_usb_final.bc>:virt_to_kpte:%14
</harden/bcfiles/linux_bcfiles/kbmi_usb_final.bc>:pte_exec:5	</harden/bcfiles/linux_bcfiles/kbmi_usb_final.bc>:pte_exec:%5
</harden/bcfiles/linux_bcfiles/kbmi_usb_final.bc>:pte_mkexec:6	</harden/bcfiles/linux_bcfiles/kbmi_usb_final.bc>:pte_mkexec:%6
</harden/bcfiles/linux_bcfiles/kbmi_usb_final.bc>:set_ptes:17	</harden/bcfiles/linux_bcfiles/kbmi_usb_final.bc>:set_ptes:%13
</harden/bcfiles/linux_bcfiles/kbmi_usb_final.bc>:set_ptes:18	</harden/bcfiles/linux_bcfiles/kbmi_usb_final.bc>:set_ptes:%14
</harden/bcfiles/linux_bcfiles/kbmi_usb_final.bc>:set_ptes:21	</harden/bcfiles/linux_bcfiles/kbmi_usb_final.bc>:set_ptes:%17
</harden/bcfiles/linux_bcfiles/kbmi_usb_final.bc>:set_ptes:19	</harden/bcfiles/linux_bcfiles/kbmi_usb_final.bc>:set_ptes:%15
</harden/bcfiles/linux_bcfiles/kbmi_usb_final.bc>:set_ptes:26	</harden/bcfiles/linux_bcfiles/kbmi_usb_final.bc>:set_ptes:%21
</harden/bcfiles/linux_bcfiles/kbmi_usb_final.bc>:set_ptes:28	</harden/bcfiles/linux_bcfiles/kbmi_usb_final.bc>:set_ptes:%23
</harden/bcfiles/linux_bcfiles/kbmi_usb_final.bc>:set_ptes:40	</harden/bcfiles/linux_bcfiles/kbmi_usb_final.bc>:set_ptes:%32
</harden/bcfiles/linux_bcfiles/kbmi_usb_final.bc>:set_ptes:44	</harden/bcfiles/linux_bcfiles/kbmi_usb_final.bc>:set_ptes:%35
</harden/bcfiles/linux_bcfiles/kbmi_usb_final.bc>:set_ptes:45	</harden/bcfiles/linux_bcfiles/kbmi_usb_final.bc>:set_ptes:%36
</harden/bcfiles/linux_bcfiles/kbmi_usb_final.bc>:native_set_pte:12	</harden/bcfiles/linux_bcfiles/kbmi_usb_final.bc>:native_set_pte:%11
</harden/bcfiles/linux_bcfiles/kbmi_usb_final.bc>:native_set_pte:13	</harden/bcfiles/linux_bcfiles/kbmi_usb_final.bc>:native_set_pte:%12
</harden/bcfiles/linux_bcfiles/kbmi_usb_final.bc>:pte_next_pfn:6	</harden/bcfiles/linux_bcfiles/kbmi_usb_final.bc>:pte_next_pfn:%6
</harden/bcfiles/linux_bcfiles/kbmi_usb_final.bc>:pte_next_pfn:7	</harden/bcfiles/linux_bcfiles/kbmi_usb_final.bc>:pte_next_pfn:%7
</harden/bcfiles/linux_bcfiles/kbmi_usb_final.bc>:pte_next_pfn:11	</harden/bcfiles/linux_bcfiles/kbmi_usb_final.bc>:pte_next_pfn:%11
</harden/bcfiles/linux_bcfiles/kbmi_usb_final.bc>:pte_next_pfn:13	</harden/bcfiles/linux_bcfiles/kbmi_usb_final.bc>:pte_next_pfn:%13
</harden/bcfiles/linux_bcfiles/kbmi_usb_final.bc>:pte_next_pfn:19	</harden/bcfiles/linux_bcfiles/kbmi_usb_final.bc>:pte_next_pfn:%18
</harden/bcfiles/linux_bcfiles/kbmi_usb_final.bc>:pte_next_pfn:21	</harden/bcfiles/linux_bcfiles/kbmi_usb_final.bc>:pte_next_pfn:%20
</harden/bcfiles/linux_bcfiles/kbmi_usb_final.bc>:pte_clear_flags:11	</harden/bcfiles/linux_bcfiles/kbmi_usb_final.bc>:pte_clear_flags:%9
</harden/bcfiles/linux_bcfiles/kbmi_usb_final.bc>:pte_clear_flags:17	</harden/bcfiles/linux_bcfiles/kbmi_usb_final.bc>:pte_clear_flags:%14
</harden/bcfiles/linux_bcfiles/kbmi_usb_final.bc>:pte_flags:5	</harden/bcfiles/linux_bcfiles/kbmi_usb_final.bc>:pte_flags:%5
</harden/bcfiles/linux_bcfiles/kbmi_usb_final.bc>:pmd_off_k:3	</harden/bcfiles/linux_bcfiles/kbmi_usb_final.bc>:pmd_off_k:%3
</harden/bcfiles/linux_bcfiles/kbmi_usb_final.bc>:pmd_off_k:4	</harden/bcfiles/linux_bcfiles/kbmi_usb_final.bc>:pmd_off_k:%4
</harden/bcfiles/linux_bcfiles/kbmi_usb_final.bc>:pmd_off_k:5	</harden/bcfiles/linux_bcfiles/kbmi_usb_final.bc>:pmd_off_k:%5
</harden/bcfiles/linux_bcfiles/kbmi_usb_final.bc>:pmd_off_k:6	</harden/bcfiles/linux_bcfiles/kbmi_usb_final.bc>:pmd_off_k:%6
</harden/bcfiles/linux_bcfiles/kbmi_usb_final.bc>:pmd_off_k:7	</harden/bcfiles/linux_bcfiles/kbmi_usb_final.bc>:pmd_off_k:%7
</harden/bcfiles/linux_bcfiles/kbmi_usb_final.bc>:pmd_off_k:8	</harden/bcfiles/linux_bcfiles/kbmi_usb_final.bc>:pmd_off_k:%8
</harden/bcfiles/linux_bcfiles/kbmi_usb_final.bc>:pmd_off_k:9	</harden/bcfiles/linux_bcfiles/kbmi_usb_final.bc>:pmd_off_k:%9
</harden/bcfiles/linux_bcfiles/kbmi_usb_final.bc>:pmd_off_k:10	</harden/bcfiles/linux_bcfiles/kbmi_usb_final.bc>:pmd_off_k:%10
</harden/bcfiles/linux_bcfiles/kbmi_usb_final.bc>:pmd_none:7	</harden/bcfiles/linux_bcfiles/kbmi_usb_final.bc>:pmd_none:%6
</harden/bcfiles/linux_bcfiles/kbmi_usb_final.bc>:pte_offset_kernel:8	</harden/bcfiles/linux_bcfiles/kbmi_usb_final.bc>:pte_offset_kernel:%7
</harden/bcfiles/linux_bcfiles/kbmi_usb_final.bc>:pte_offset_kernel:11	</harden/bcfiles/linux_bcfiles/kbmi_usb_final.bc>:pte_offset_kernel:%10
</harden/bcfiles/linux_bcfiles/kbmi_usb_final.bc>:pmd_page_vaddr:5	</harden/bcfiles/linux_bcfiles/kbmi_usb_final.bc>:pmd_page_vaddr:%5
</harden/bcfiles/linux_bcfiles/kbmi_usb_final.bc>:pmd_page_vaddr:8	</harden/bcfiles/linux_bcfiles/kbmi_usb_final.bc>:pmd_page_vaddr:%8
</harden/bcfiles/linux_bcfiles/kbmi_usb_final.bc>:pmd_pfn_mask:6	</harden/bcfiles/linux_bcfiles/kbmi_usb_final.bc>:pmd_pfn_mask:%6
</harden/bcfiles/linux_bcfiles/kbmi_usb_final.bc>:p4d_offset:25	</harden/bcfiles/linux_bcfiles/kbmi_usb_final.bc>:p4d_offset:%20
</harden/bcfiles/linux_bcfiles/kbmi_usb_final.bc>:p4d_offset:53	</harden/bcfiles/linux_bcfiles/kbmi_usb_final.bc>:p4d_offset:%39
</harden/bcfiles/linux_bcfiles/kbmi_usb_final.bc>:p4d_offset:54	</harden/bcfiles/linux_bcfiles/kbmi_usb_final.bc>:p4d_offset:%40
</harden/bcfiles/linux_bcfiles/kbmi_usb_final.bc>:p4d_offset:92	</harden/bcfiles/linux_bcfiles/kbmi_usb_final.bc>:p4d_offset:%70
</harden/bcfiles/linux_bcfiles/kbmi_usb_final.bc>:p4d_offset:95	</harden/bcfiles/linux_bcfiles/kbmi_usb_final.bc>:p4d_offset:%73
</harden/bcfiles/linux_bcfiles/kbmi_usb_final.bc>:pud_offset:8	</harden/bcfiles/linux_bcfiles/kbmi_usb_final.bc>:pud_offset:%7
</harden/bcfiles/linux_bcfiles/kbmi_usb_final.bc>:pud_offset:10	</harden/bcfiles/linux_bcfiles/kbmi_usb_final.bc>:pud_offset:%9
</harden/bcfiles/linux_bcfiles/kbmi_usb_final.bc>:pmd_offset:8	</harden/bcfiles/linux_bcfiles/kbmi_usb_final.bc>:pmd_offset:%7
</harden/bcfiles/linux_bcfiles/kbmi_usb_final.bc>:pmd_offset:10	</harden/bcfiles/linux_bcfiles/kbmi_usb_final.bc>:pmd_offset:%9
</harden/bcfiles/linux_bcfiles/kbmi_usb_final.bc>:pud_pgtable:5	</harden/bcfiles/linux_bcfiles/kbmi_usb_final.bc>:pud_pgtable:%5
</harden/bcfiles/linux_bcfiles/kbmi_usb_final.bc>:pud_pgtable:8	</harden/bcfiles/linux_bcfiles/kbmi_usb_final.bc>:pud_pgtable:%8
</harden/bcfiles/linux_bcfiles/kbmi_usb_final.bc>:pud_pfn_mask:6	</harden/bcfiles/linux_bcfiles/kbmi_usb_final.bc>:pud_pfn_mask:%6
</harden/bcfiles/linux_bcfiles/kbmi_usb_final.bc>:p4d_pgtable:5	</harden/bcfiles/linux_bcfiles/kbmi_usb_final.bc>:p4d_pgtable:%5
</harden/bcfiles/linux_bcfiles/kbmi_usb_final.bc>:p4d_pgtable:8	</harden/bcfiles/linux_bcfiles/kbmi_usb_final.bc>:p4d_pgtable:%8
</harden/bcfiles/linux_bcfiles/kbmi_usb_final.bc>:pgd_page_vaddr:5	</harden/bcfiles/linux_bcfiles/kbmi_usb_final.bc>:pgd_page_vaddr:%5
</harden/bcfiles/linux_bcfiles/kbmi_usb_final.bc>:kbmi_usb_exit:3	</harden/bcfiles/linux_bcfiles/kbmi_usb_final.bc>:kbmi_usb_exit:%2
</harden/bcfiles/linux_bcfiles/kbmi_usb_final.bc>:kbmi_usb_exit:0	</harden/bcfiles/linux_bcfiles/kbmi_usb_final.bc>:kbmi_usb_exit:%1
</harden/bcfiles/linux_bcfiles/kbmi_usb_final.bc>:kbmi_usb_notifier:13	</harden/bcfiles/linux_bcfiles/kbmi_usb_final.bc>:kbmi_usb_notifier:%8
</harden/bcfiles/linux_bcfiles/kbmi_usb_final.bc>:kbmi_usb_notifier:3	</harden/bcfiles/linux_bcfiles/kbmi_usb_final.bc>:kbmi_usb_notifier:%7
</harden/bcfiles/linux_bcfiles/kbmi_usb_final.bc>:kbmi_usb_notifier:0	</harden/bcfiles/linux_bcfiles/kbmi_usb_final.bc>:kbmi_usb_notifier:%4
</harden/bcfiles/linux_bcfiles/kbmi_usb_final.bc>:kbmi_usb_notifier:1	</harden/bcfiles/linux_bcfiles/kbmi_usb_final.bc>:kbmi_usb_notifier:%5
</harden/bcfiles/linux_bcfiles/kbmi_usb_final.bc>:kbmi_usb_notifier:2	</harden/bcfiles/linux_bcfiles/kbmi_usb_final.bc>:kbmi_usb_notifier:%6
</harden/bcfiles/linux_bcfiles/kbmi_usb_final.bc>:load_message_to_memory:90	</harden/bcfiles/linux_bcfiles/kbmi_usb_final.bc>:load_message_to_memory:%76
</harden/bcfiles/linux_bcfiles/kbmi_usb_final.bc>:load_message_to_memory:88	</harden/bcfiles/linux_bcfiles/kbmi_usb_final.bc>:load_message_to_memory:%74
</harden/bcfiles/linux_bcfiles/kbmi_usb_final.bc>:load_message_to_memory:87	</harden/bcfiles/linux_bcfiles/kbmi_usb_final.bc>:load_message_to_memory:%73
</harden/bcfiles/linux_bcfiles/kbmi_usb_final.bc>:load_message_to_memory:95	</harden/bcfiles/linux_bcfiles/kbmi_usb_final.bc>:load_message_to_memory:%81
</harden/bcfiles/linux_bcfiles/kbmi_usb_final.bc>:load_message_to_memory:85	</harden/bcfiles/linux_bcfiles/kbmi_usb_final.bc>:load_message_to_memory:%71
</harden/bcfiles/linux_bcfiles/kbmi_usb_final.bc>:load_message_to_memory:84	</harden/bcfiles/linux_bcfiles/kbmi_usb_final.bc>:load_message_to_memory:%70
</harden/bcfiles/linux_bcfiles/kbmi_usb_final.bc>:load_message_to_memory:82	</harden/bcfiles/linux_bcfiles/kbmi_usb_final.bc>:load_message_to_memory:%68
</harden/bcfiles/linux_bcfiles/kbmi_usb_final.bc>:load_message_to_memory:94	</harden/bcfiles/linux_bcfiles/kbmi_usb_final.bc>:load_message_to_memory:%80
</harden/bcfiles/linux_bcfiles/kbmi_usb_final.bc>:load_message_to_memory:81	</harden/bcfiles/linux_bcfiles/kbmi_usb_final.bc>:load_message_to_memory:%67
</harden/bcfiles/linux_bcfiles/kbmi_usb_final.bc>:load_message_to_memory:80	</harden/bcfiles/linux_bcfiles/kbmi_usb_final.bc>:load_message_to_memory:%66
</harden/bcfiles/linux_bcfiles/kbmi_usb_final.bc>:load_message_to_memory:89	</harden/bcfiles/linux_bcfiles/kbmi_usb_final.bc>:load_message_to_memory:%75
</harden/bcfiles/linux_bcfiles/kbmi_usb_final.bc>:load_message_to_memory:79	</harden/bcfiles/linux_bcfiles/kbmi_usb_final.bc>:load_message_to_memory:%65
</harden/bcfiles/linux_bcfiles/kbmi_usb_final.bc>:load_message_to_memory:74	</harden/bcfiles/linux_bcfiles/kbmi_usb_final.bc>:load_message_to_memory:%60
</harden/bcfiles/linux_bcfiles/kbmi_usb_final.bc>:load_message_to_memory:77	</harden/bcfiles/linux_bcfiles/kbmi_usb_final.bc>:load_message_to_memory:%63
</harden/bcfiles/linux_bcfiles/kbmi_usb_final.bc>:load_message_to_memory:69	</harden/bcfiles/linux_bcfiles/kbmi_usb_final.bc>:load_message_to_memory:%55
</harden/bcfiles/linux_bcfiles/kbmi_usb_final.bc>:load_message_to_memory:67	</harden/bcfiles/linux_bcfiles/kbmi_usb_final.bc>:load_message_to_memory:%53
</harden/bcfiles/linux_bcfiles/kbmi_usb_final.bc>:load_message_to_memory:65	</harden/bcfiles/linux_bcfiles/kbmi_usb_final.bc>:load_message_to_memory:%51
</harden/bcfiles/linux_bcfiles/kbmi_usb_final.bc>:load_message_to_memory:78	</harden/bcfiles/linux_bcfiles/kbmi_usb_final.bc>:load_message_to_memory:%64
</harden/bcfiles/linux_bcfiles/kbmi_usb_final.bc>:load_message_to_memory:64	</harden/bcfiles/linux_bcfiles/kbmi_usb_final.bc>:load_message_to_memory:%50
</harden/bcfiles/linux_bcfiles/kbmi_usb_final.bc>:load_message_to_memory:63	</harden/bcfiles/linux_bcfiles/kbmi_usb_final.bc>:load_message_to_memory:%49
</harden/bcfiles/linux_bcfiles/kbmi_usb_final.bc>:load_message_to_memory:54	</harden/bcfiles/linux_bcfiles/kbmi_usb_final.bc>:load_message_to_memory:%42
</harden/bcfiles/linux_bcfiles/kbmi_usb_final.bc>:load_message_to_memory:66	</harden/bcfiles/linux_bcfiles/kbmi_usb_final.bc>:load_message_to_memory:%52
</harden/bcfiles/linux_bcfiles/kbmi_usb_final.bc>:load_message_to_memory:72	</harden/bcfiles/linux_bcfiles/kbmi_usb_final.bc>:load_message_to_memory:%58
</harden/bcfiles/linux_bcfiles/kbmi_usb_final.bc>:load_message_to_memory:48	</harden/bcfiles/linux_bcfiles/kbmi_usb_final.bc>:load_message_to_memory:%37
</harden/bcfiles/linux_bcfiles/kbmi_usb_final.bc>:load_message_to_memory:47	</harden/bcfiles/linux_bcfiles/kbmi_usb_final.bc>:load_message_to_memory:%36
</harden/bcfiles/linux_bcfiles/kbmi_usb_final.bc>:load_message_to_memory:45	</harden/bcfiles/linux_bcfiles/kbmi_usb_final.bc>:load_message_to_memory:%35
</harden/bcfiles/linux_bcfiles/kbmi_usb_final.bc>:load_message_to_memory:52	</harden/bcfiles/linux_bcfiles/kbmi_usb_final.bc>:load_message_to_memory:%41
</harden/bcfiles/linux_bcfiles/kbmi_usb_final.bc>:load_message_to_memory:43	</harden/bcfiles/linux_bcfiles/kbmi_usb_final.bc>:load_message_to_memory:%33
</harden/bcfiles/linux_bcfiles/kbmi_usb_final.bc>:load_message_to_memory:42	</harden/bcfiles/linux_bcfiles/kbmi_usb_final.bc>:load_message_to_memory:%32
</harden/bcfiles/linux_bcfiles/kbmi_usb_final.bc>:load_message_to_memory:59	</harden/bcfiles/linux_bcfiles/kbmi_usb_final.bc>:load_message_to_memory:%47
</harden/bcfiles/linux_bcfiles/kbmi_usb_final.bc>:load_message_to_memory:32	</harden/bcfiles/linux_bcfiles/kbmi_usb_final.bc>:load_message_to_memory:%27
</harden/bcfiles/linux_bcfiles/kbmi_usb_final.bc>:load_message_to_memory:26	</harden/bcfiles/linux_bcfiles/kbmi_usb_final.bc>:load_message_to_memory:%22
</harden/bcfiles/linux_bcfiles/kbmi_usb_final.bc>:load_message_to_memory:73	</harden/bcfiles/linux_bcfiles/kbmi_usb_final.bc>:load_message_to_memory:%59
</harden/bcfiles/linux_bcfiles/kbmi_usb_final.bc>:load_message_to_memory:35	</harden/bcfiles/linux_bcfiles/kbmi_usb_final.bc>:load_message_to_memory:%29
</harden/bcfiles/linux_bcfiles/kbmi_usb_final.bc>:load_message_to_memory:18	</harden/bcfiles/linux_bcfiles/kbmi_usb_final.bc>:load_message_to_memory:%15
</harden/bcfiles/linux_bcfiles/kbmi_usb_final.bc>:load_message_to_memory:27	</harden/bcfiles/linux_bcfiles/kbmi_usb_final.bc>:load_message_to_memory:%23
</harden/bcfiles/linux_bcfiles/kbmi_usb_final.bc>:load_message_to_memory:15	</harden/bcfiles/linux_bcfiles/kbmi_usb_final.bc>:load_message_to_memory:%13
</harden/bcfiles/linux_bcfiles/kbmi_usb_final.bc>:load_message_to_memory:76	</harden/bcfiles/linux_bcfiles/kbmi_usb_final.bc>:load_message_to_memory:%62
</harden/bcfiles/linux_bcfiles/kbmi_usb_final.bc>:load_message_to_memory:41	</harden/bcfiles/linux_bcfiles/kbmi_usb_final.bc>:load_message_to_memory:%31
</harden/bcfiles/linux_bcfiles/kbmi_usb_final.bc>:load_message_to_memory:24	</harden/bcfiles/linux_bcfiles/kbmi_usb_final.bc>:load_message_to_memory:%20
</harden/bcfiles/linux_bcfiles/kbmi_usb_final.bc>:load_message_to_memory:44	</harden/bcfiles/linux_bcfiles/kbmi_usb_final.bc>:load_message_to_memory:%34
</harden/bcfiles/linux_bcfiles/kbmi_usb_final.bc>:load_message_to_memory:17	</harden/bcfiles/linux_bcfiles/kbmi_usb_final.bc>:load_message_to_memory:%14
</harden/bcfiles/linux_bcfiles/kbmi_usb_final.bc>:load_message_to_memory:36	</harden/bcfiles/linux_bcfiles/kbmi_usb_final.bc>:load_message_to_memory:%30
</harden/bcfiles/linux_bcfiles/kbmi_usb_final.bc>:load_message_to_memory:6	</harden/bcfiles/linux_bcfiles/kbmi_usb_final.bc>:load_message_to_memory:%7
</harden/bcfiles/linux_bcfiles/kbmi_usb_final.bc>:load_message_to_memory:5	</harden/bcfiles/linux_bcfiles/kbmi_usb_final.bc>:load_message_to_memory:%6
</harden/bcfiles/linux_bcfiles/kbmi_usb_final.bc>:load_message_to_memory:8	</harden/bcfiles/linux_bcfiles/kbmi_usb_final.bc>:load_message_to_memory:%9
</harden/bcfiles/linux_bcfiles/kbmi_usb_final.bc>:load_message_to_memory:71	</harden/bcfiles/linux_bcfiles/kbmi_usb_final.bc>:load_message_to_memory:%57
</harden/bcfiles/linux_bcfiles/kbmi_usb_final.bc>:load_message_to_memory:3	</harden/bcfiles/linux_bcfiles/kbmi_usb_final.bc>:load_message_to_memory:%4
</harden/bcfiles/linux_bcfiles/kbmi_usb_final.bc>:load_message_to_memory:86	</harden/bcfiles/linux_bcfiles/kbmi_usb_final.bc>:load_message_to_memory:%72
</harden/bcfiles/linux_bcfiles/kbmi_usb_final.bc>:load_message_to_memory:70	</harden/bcfiles/linux_bcfiles/kbmi_usb_final.bc>:load_message_to_memory:%56
</harden/bcfiles/linux_bcfiles/kbmi_usb_final.bc>:load_message_to_memory:28	</harden/bcfiles/linux_bcfiles/kbmi_usb_final.bc>:load_message_to_memory:%24
</harden/bcfiles/linux_bcfiles/kbmi_usb_final.bc>:load_message_to_memory:22	</harden/bcfiles/linux_bcfiles/kbmi_usb_final.bc>:load_message_to_memory:%19
</harden/bcfiles/linux_bcfiles/kbmi_usb_final.bc>:load_message_to_memory:2	</harden/bcfiles/linux_bcfiles/kbmi_usb_final.bc>:load_message_to_memory:%3
</harden/bcfiles/linux_bcfiles/kbmi_usb_final.bc>:load_message_to_memory:29	</harden/bcfiles/linux_bcfiles/kbmi_usb_final.bc>:load_message_to_memory:%25
</harden/bcfiles/linux_bcfiles/kbmi_usb_final.bc>:load_message_to_memory:7	</harden/bcfiles/linux_bcfiles/kbmi_usb_final.bc>:load_message_to_memory:%8
</harden/bcfiles/linux_bcfiles/kbmi_usb_final.bc>:load_message_to_memory:1	</harden/bcfiles/linux_bcfiles/kbmi_usb_final.bc>:load_message_to_memory:%2
</harden/bcfiles/linux_bcfiles/kbmi_usb_final.bc>:load_message_to_memory:4	</harden/bcfiles/linux_bcfiles/kbmi_usb_final.bc>:load_message_to_memory:%5
</harden/bcfiles/linux_bcfiles/kbmi_usb_final.bc>:load_message_to_memory:0	</harden/bcfiles/linux_bcfiles/kbmi_usb_final.bc>:load_message_to_memory:%1
</harden/bcfiles/linux_bcfiles/kbmi_usb_final.bc>:kbmi_usb_init:3	</harden/bcfiles/linux_bcfiles/kbmi_usb_final.bc>:kbmi_usb_init:%2
</harden/bcfiles/linux_bcfiles/kbmi_usb_final.bc>:kbmi_usb_init:0	</harden/bcfiles/linux_bcfiles/kbmi_usb_final.bc>:kbmi_usb_init:%1
</harden/bcfiles/linux_bcfiles/kbmi_usb_final.bc>:make_dynamic_area:83	</harden/bcfiles/linux_bcfiles/kbmi_usb_final.bc>:make_dynamic_area:%58
</harden/bcfiles/linux_bcfiles/kbmi_usb_final.bc>:make_dynamic_area:80	</harden/bcfiles/linux_bcfiles/kbmi_usb_final.bc>:make_dynamic_area:%55
</harden/bcfiles/linux_bcfiles/kbmi_usb_final.bc>:make_dynamic_area:79	</harden/bcfiles/linux_bcfiles/kbmi_usb_final.bc>:make_dynamic_area:%54
</harden/bcfiles/linux_bcfiles/kbmi_usb_final.bc>:make_dynamic_area:74	</harden/bcfiles/linux_bcfiles/kbmi_usb_final.bc>:make_dynamic_area:%49
</harden/bcfiles/linux_bcfiles/kbmi_usb_final.bc>:make_dynamic_area:68	</harden/bcfiles/linux_bcfiles/kbmi_usb_final.bc>:make_dynamic_area:%46
</harden/bcfiles/linux_bcfiles/kbmi_usb_final.bc>:make_dynamic_area:67	</harden/bcfiles/linux_bcfiles/kbmi_usb_final.bc>:make_dynamic_area:%45
</harden/bcfiles/linux_bcfiles/kbmi_usb_final.bc>:make_dynamic_area:82	</harden/bcfiles/linux_bcfiles/kbmi_usb_final.bc>:make_dynamic_area:%57
</harden/bcfiles/linux_bcfiles/kbmi_usb_final.bc>:make_dynamic_area:65	</harden/bcfiles/linux_bcfiles/kbmi_usb_final.bc>:make_dynamic_area:%44
</harden/bcfiles/linux_bcfiles/kbmi_usb_final.bc>:make_dynamic_area:58	</harden/bcfiles/linux_bcfiles/kbmi_usb_final.bc>:make_dynamic_area:%41
</harden/bcfiles/linux_bcfiles/kbmi_usb_final.bc>:make_dynamic_area:57	</harden/bcfiles/linux_bcfiles/kbmi_usb_final.bc>:make_dynamic_area:%40
</harden/bcfiles/linux_bcfiles/kbmi_usb_final.bc>:make_dynamic_area:55	</harden/bcfiles/linux_bcfiles/kbmi_usb_final.bc>:make_dynamic_area:%38
</harden/bcfiles/linux_bcfiles/kbmi_usb_final.bc>:make_dynamic_area:54	</harden/bcfiles/linux_bcfiles/kbmi_usb_final.bc>:make_dynamic_area:%37
</harden/bcfiles/linux_bcfiles/kbmi_usb_final.bc>:make_dynamic_area:48	</harden/bcfiles/linux_bcfiles/kbmi_usb_final.bc>:make_dynamic_area:%32
</harden/bcfiles/linux_bcfiles/kbmi_usb_final.bc>:make_dynamic_area:44	</harden/bcfiles/linux_bcfiles/kbmi_usb_final.bc>:make_dynamic_area:%30
</harden/bcfiles/linux_bcfiles/kbmi_usb_final.bc>:make_dynamic_area:43	</harden/bcfiles/linux_bcfiles/kbmi_usb_final.bc>:make_dynamic_area:%29
</harden/bcfiles/linux_bcfiles/kbmi_usb_final.bc>:make_dynamic_area:40	</harden/bcfiles/linux_bcfiles/kbmi_usb_final.bc>:make_dynamic_area:%28
</harden/bcfiles/linux_bcfiles/kbmi_usb_final.bc>:make_dynamic_area:39	</harden/bcfiles/linux_bcfiles/kbmi_usb_final.bc>:make_dynamic_area:%27
</harden/bcfiles/linux_bcfiles/kbmi_usb_final.bc>:make_dynamic_area:37	</harden/bcfiles/linux_bcfiles/kbmi_usb_final.bc>:make_dynamic_area:%25
</harden/bcfiles/linux_bcfiles/kbmi_usb_final.bc>:make_dynamic_area:63	</harden/bcfiles/linux_bcfiles/kbmi_usb_final.bc>:make_dynamic_area:%43
</harden/bcfiles/linux_bcfiles/kbmi_usb_final.bc>:make_dynamic_area:51	</harden/bcfiles/linux_bcfiles/kbmi_usb_final.bc>:make_dynamic_area:%34
</harden/bcfiles/linux_bcfiles/kbmi_usb_final.bc>:make_dynamic_area:50	</harden/bcfiles/linux_bcfiles/kbmi_usb_final.bc>:make_dynamic_area:%33
</harden/bcfiles/linux_bcfiles/kbmi_usb_final.bc>:make_dynamic_area:34	</harden/bcfiles/linux_bcfiles/kbmi_usb_final.bc>:make_dynamic_area:%24
</harden/bcfiles/linux_bcfiles/kbmi_usb_final.bc>:make_dynamic_area:31	</harden/bcfiles/linux_bcfiles/kbmi_usb_final.bc>:make_dynamic_area:%23
</harden/bcfiles/linux_bcfiles/kbmi_usb_final.bc>:make_dynamic_area:29	</harden/bcfiles/linux_bcfiles/kbmi_usb_final.bc>:make_dynamic_area:%22
</harden/bcfiles/linux_bcfiles/kbmi_usb_final.bc>:make_dynamic_area:27	</harden/bcfiles/linux_bcfiles/kbmi_usb_final.bc>:make_dynamic_area:%21
</harden/bcfiles/linux_bcfiles/kbmi_usb_final.bc>:make_dynamic_area:70	</harden/bcfiles/linux_bcfiles/kbmi_usb_final.bc>:make_dynamic_area:%47
</harden/bcfiles/linux_bcfiles/kbmi_usb_final.bc>:make_dynamic_area:20	</harden/bcfiles/linux_bcfiles/kbmi_usb_final.bc>:make_dynamic_area:%17
</harden/bcfiles/linux_bcfiles/kbmi_usb_final.bc>:make_dynamic_area:72	</harden/bcfiles/linux_bcfiles/kbmi_usb_final.bc>:make_dynamic_area:%48
</harden/bcfiles/linux_bcfiles/kbmi_usb_final.bc>:make_dynamic_area:15	</harden/bcfiles/linux_bcfiles/kbmi_usb_final.bc>:make_dynamic_area:%16
</harden/bcfiles/linux_bcfiles/kbmi_usb_final.bc>:make_dynamic_area:14	</harden/bcfiles/linux_bcfiles/kbmi_usb_final.bc>:make_dynamic_area:%15
</harden/bcfiles/linux_bcfiles/kbmi_usb_final.bc>:make_dynamic_area:13	</harden/bcfiles/linux_bcfiles/kbmi_usb_final.bc>:make_dynamic_area:%14
</harden/bcfiles/linux_bcfiles/kbmi_usb_final.bc>:make_dynamic_area:12	</harden/bcfiles/linux_bcfiles/kbmi_usb_final.bc>:make_dynamic_area:%13
</harden/bcfiles/linux_bcfiles/kbmi_usb_final.bc>:make_dynamic_area:11	</harden/bcfiles/linux_bcfiles/kbmi_usb_final.bc>:make_dynamic_area:%12
</harden/bcfiles/linux_bcfiles/kbmi_usb_final.bc>:make_dynamic_area:10	</harden/bcfiles/linux_bcfiles/kbmi_usb_final.bc>:make_dynamic_area:%11
</harden/bcfiles/linux_bcfiles/kbmi_usb_final.bc>:make_dynamic_area:8	</harden/bcfiles/linux_bcfiles/kbmi_usb_final.bc>:make_dynamic_area:%9
</harden/bcfiles/linux_bcfiles/kbmi_usb_final.bc>:make_dynamic_area:24	</harden/bcfiles/linux_bcfiles/kbmi_usb_final.bc>:make_dynamic_area:%19
</harden/bcfiles/linux_bcfiles/kbmi_usb_final.bc>:make_dynamic_area:7	</harden/bcfiles/linux_bcfiles/kbmi_usb_final.bc>:make_dynamic_area:%8
</harden/bcfiles/linux_bcfiles/kbmi_usb_final.bc>:make_dynamic_area:22	</harden/bcfiles/linux_bcfiles/kbmi_usb_final.bc>:make_dynamic_area:%18
</harden/bcfiles/linux_bcfiles/kbmi_usb_final.bc>:make_dynamic_area:5	</harden/bcfiles/linux_bcfiles/kbmi_usb_final.bc>:make_dynamic_area:%6
</harden/bcfiles/linux_bcfiles/kbmi_usb_final.bc>:make_dynamic_area:25	</harden/bcfiles/linux_bcfiles/kbmi_usb_final.bc>:make_dynamic_area:%20
</harden/bcfiles/linux_bcfiles/kbmi_usb_final.bc>:make_dynamic_area:9	</harden/bcfiles/linux_bcfiles/kbmi_usb_final.bc>:make_dynamic_area:%10
</harden/bcfiles/linux_bcfiles/kbmi_usb_final.bc>:make_dynamic_area:4	</harden/bcfiles/linux_bcfiles/kbmi_usb_final.bc>:make_dynamic_area:%5
</harden/bcfiles/linux_bcfiles/kbmi_usb_final.bc>:make_dynamic_area:38	</harden/bcfiles/linux_bcfiles/kbmi_usb_final.bc>:make_dynamic_area:%26
</harden/bcfiles/linux_bcfiles/kbmi_usb_final.bc>:make_dynamic_area:3	</harden/bcfiles/linux_bcfiles/kbmi_usb_final.bc>:make_dynamic_area:%4
</harden/bcfiles/linux_bcfiles/kbmi_usb_final.bc>:make_dynamic_area:75	</harden/bcfiles/linux_bcfiles/kbmi_usb_final.bc>:make_dynamic_area:%50
</harden/bcfiles/linux_bcfiles/kbmi_usb_final.bc>:make_dynamic_area:6	</harden/bcfiles/linux_bcfiles/kbmi_usb_final.bc>:make_dynamic_area:%7
</harden/bcfiles/linux_bcfiles/kbmi_usb_final.bc>:make_dynamic_area:2	</harden/bcfiles/linux_bcfiles/kbmi_usb_final.bc>:make_dynamic_area:%3
</harden/bcfiles/linux_bcfiles/kbmi_usb_final.bc>:make_dynamic_area:1	</harden/bcfiles/linux_bcfiles/kbmi_usb_final.bc>:make_dynamic_area:%2
</harden/bcfiles/linux_bcfiles/kbmi_usb_final.bc>:make_dynamic_area:85	</harden/bcfiles/linux_bcfiles/kbmi_usb_final.bc>:make_dynamic_area:%59
</harden/bcfiles/linux_bcfiles/kbmi_usb_final.bc>:make_dynamic_area:0	</harden/bcfiles/linux_bcfiles/kbmi_usb_final.bc>:make_dynamic_area:%1
</harden/bcfiles/linux_bcfiles/kbmi_usb_final.bc>:virt_to_kpte:19	</harden/bcfiles/linux_bcfiles/kbmi_usb_final.bc>:virt_to_kpte:%17
</harden/bcfiles/linux_bcfiles/kbmi_usb_final.bc>:virt_to_kpte:17	</harden/bcfiles/linux_bcfiles/kbmi_usb_final.bc>:virt_to_kpte:%15
</harden/bcfiles/linux_bcfiles/kbmi_usb_final.bc>:virt_to_kpte:12	</harden/bcfiles/linux_bcfiles/kbmi_usb_final.bc>:virt_to_kpte:%10
</harden/bcfiles/linux_bcfiles/kbmi_usb_final.bc>:virt_to_kpte:11	</harden/bcfiles/linux_bcfiles/kbmi_usb_final.bc>:virt_to_kpte:%9
</harden/bcfiles/linux_bcfiles/kbmi_usb_final.bc>:virt_to_kpte:9	</harden/bcfiles/linux_bcfiles/kbmi_usb_final.bc>:virt_to_kpte:%7
</harden/bcfiles/linux_bcfiles/kbmi_usb_final.bc>:virt_to_kpte:8	</harden/bcfiles/linux_bcfiles/kbmi_usb_final.bc>:virt_to_kpte:%6
</harden/bcfiles/linux_bcfiles/kbmi_usb_final.bc>:virt_to_kpte:6	</harden/bcfiles/linux_bcfiles/kbmi_usb_final.bc>:virt_to_kpte:%5
</harden/bcfiles/linux_bcfiles/kbmi_usb_final.bc>:virt_to_kpte:1	</harden/bcfiles/linux_bcfiles/kbmi_usb_final.bc>:virt_to_kpte:%3
</harden/bcfiles/linux_bcfiles/kbmi_usb_final.bc>:virt_to_kpte:0	</harden/bcfiles/linux_bcfiles/kbmi_usb_final.bc>:virt_to_kpte:%2
</harden/bcfiles/linux_bcfiles/kbmi_usb_final.bc>:pte_exec:10	</harden/bcfiles/linux_bcfiles/kbmi_usb_final.bc>:pte_exec:%10
</harden/bcfiles/linux_bcfiles/kbmi_usb_final.bc>:pte_exec:9	</harden/bcfiles/linux_bcfiles/kbmi_usb_final.bc>:pte_exec:%9
</harden/bcfiles/linux_bcfiles/kbmi_usb_final.bc>:pte_exec:8	</harden/bcfiles/linux_bcfiles/kbmi_usb_final.bc>:pte_exec:%8
</harden/bcfiles/linux_bcfiles/kbmi_usb_final.bc>:pte_exec:7	</harden/bcfiles/linux_bcfiles/kbmi_usb_final.bc>:pte_exec:%7
</harden/bcfiles/linux_bcfiles/kbmi_usb_final.bc>:pte_exec:6	</harden/bcfiles/linux_bcfiles/kbmi_usb_final.bc>:pte_exec:%6
</harden/bcfiles/linux_bcfiles/kbmi_usb_final.bc>:pte_exec:4	</harden/bcfiles/linux_bcfiles/kbmi_usb_final.bc>:pte_exec:%4
</harden/bcfiles/linux_bcfiles/kbmi_usb_final.bc>:pte_exec:1	</harden/bcfiles/linux_bcfiles/kbmi_usb_final.bc>:pte_exec:%3
</harden/bcfiles/linux_bcfiles/kbmi_usb_final.bc>:pte_exec:0	</harden/bcfiles/linux_bcfiles/kbmi_usb_final.bc>:pte_exec:%2
</harden/bcfiles/linux_bcfiles/kbmi_usb_final.bc>:pte_mkexec:11	</harden/bcfiles/linux_bcfiles/kbmi_usb_final.bc>:pte_mkexec:%10
</harden/bcfiles/linux_bcfiles/kbmi_usb_final.bc>:pte_mkexec:10	</harden/bcfiles/linux_bcfiles/kbmi_usb_final.bc>:pte_mkexec:%9
</harden/bcfiles/linux_bcfiles/kbmi_usb_final.bc>:pte_mkexec:8	</harden/bcfiles/linux_bcfiles/kbmi_usb_final.bc>:pte_mkexec:%8
</harden/bcfiles/linux_bcfiles/kbmi_usb_final.bc>:pte_mkexec:7	</harden/bcfiles/linux_bcfiles/kbmi_usb_final.bc>:pte_mkexec:%7
</harden/bcfiles/linux_bcfiles/kbmi_usb_final.bc>:pte_mkexec:5	</harden/bcfiles/linux_bcfiles/kbmi_usb_final.bc>:pte_mkexec:%5
</harden/bcfiles/linux_bcfiles/kbmi_usb_final.bc>:pte_mkexec:2	</harden/bcfiles/linux_bcfiles/kbmi_usb_final.bc>:pte_mkexec:%4
</harden/bcfiles/linux_bcfiles/kbmi_usb_final.bc>:pte_mkexec:1	</harden/bcfiles/linux_bcfiles/kbmi_usb_final.bc>:pte_mkexec:%3
</harden/bcfiles/linux_bcfiles/kbmi_usb_final.bc>:pte_mkexec:0	</harden/bcfiles/linux_bcfiles/kbmi_usb_final.bc>:pte_mkexec:%2
</harden/bcfiles/linux_bcfiles/kbmi_usb_final.bc>:set_ptes:42	</harden/bcfiles/linux_bcfiles/kbmi_usb_final.bc>:set_ptes:%34
</harden/bcfiles/linux_bcfiles/kbmi_usb_final.bc>:set_ptes:41	</harden/bcfiles/linux_bcfiles/kbmi_usb_final.bc>:set_ptes:%33
</harden/bcfiles/linux_bcfiles/kbmi_usb_final.bc>:set_ptes:37	</harden/bcfiles/linux_bcfiles/kbmi_usb_final.bc>:set_ptes:%30
</harden/bcfiles/linux_bcfiles/kbmi_usb_final.bc>:set_ptes:36	</harden/bcfiles/linux_bcfiles/kbmi_usb_final.bc>:set_ptes:%29
</harden/bcfiles/linux_bcfiles/kbmi_usb_final.bc>:set_ptes:33	</harden/bcfiles/linux_bcfiles/kbmi_usb_final.bc>:set_ptes:%26
</harden/bcfiles/linux_bcfiles/kbmi_usb_final.bc>:set_ptes:31	</harden/bcfiles/linux_bcfiles/kbmi_usb_final.bc>:set_ptes:%25
</harden/bcfiles/linux_bcfiles/kbmi_usb_final.bc>:set_ptes:30	</harden/bcfiles/linux_bcfiles/kbmi_usb_final.bc>:set_ptes:%24
</harden/bcfiles/linux_bcfiles/kbmi_usb_final.bc>:set_ptes:27	</harden/bcfiles/linux_bcfiles/kbmi_usb_final.bc>:set_ptes:%22
</harden/bcfiles/linux_bcfiles/kbmi_usb_final.bc>:set_ptes:20	</harden/bcfiles/linux_bcfiles/kbmi_usb_final.bc>:set_ptes:%16
</harden/bcfiles/linux_bcfiles/kbmi_usb_final.bc>:set_ptes:6	</harden/bcfiles/linux_bcfiles/kbmi_usb_final.bc>:set_ptes:%12
</harden/bcfiles/linux_bcfiles/kbmi_usb_final.bc>:set_ptes:5	</harden/bcfiles/linux_bcfiles/kbmi_usb_final.bc>:set_ptes:%11
</harden/bcfiles/linux_bcfiles/kbmi_usb_final.bc>:set_ptes:3	</harden/bcfiles/linux_bcfiles/kbmi_usb_final.bc>:set_ptes:%9
</harden/bcfiles/linux_bcfiles/kbmi_usb_final.bc>:set_ptes:2	</harden/bcfiles/linux_bcfiles/kbmi_usb_final.bc>:set_ptes:%8
</harden/bcfiles/linux_bcfiles/kbmi_usb_final.bc>:set_ptes:1	</harden/bcfiles/linux_bcfiles/kbmi_usb_final.bc>:set_ptes:%7
</harden/bcfiles/linux_bcfiles/kbmi_usb_final.bc>:set_ptes:39	</harden/bcfiles/linux_bcfiles/kbmi_usb_final.bc>:set_ptes:%31
</harden/bcfiles/linux_bcfiles/kbmi_usb_final.bc>:set_ptes:0	</harden/bcfiles/linux_bcfiles/kbmi_usb_final.bc>:set_ptes:%6
</harden/bcfiles/linux_bcfiles/kbmi_usb_final.bc>:set_ptes:4	</harden/bcfiles/linux_bcfiles/kbmi_usb_final.bc>:set_ptes:%10
</harden/bcfiles/linux_bcfiles/kbmi_usb_final.bc>:page_table_check_ptes_set:4	</harden/bcfiles/linux_bcfiles/kbmi_usb_final.bc>:page_table_check_ptes_set:%9
</harden/bcfiles/linux_bcfiles/kbmi_usb_final.bc>:page_table_check_ptes_set:3	</harden/bcfiles/linux_bcfiles/kbmi_usb_final.bc>:page_table_check_ptes_set:%8
</harden/bcfiles/linux_bcfiles/kbmi_usb_final.bc>:page_table_check_ptes_set:2	</harden/bcfiles/linux_bcfiles/kbmi_usb_final.bc>:page_table_check_ptes_set:%7
</harden/bcfiles/linux_bcfiles/kbmi_usb_final.bc>:page_table_check_ptes_set:0	</harden/bcfiles/linux_bcfiles/kbmi_usb_final.bc>:page_table_check_ptes_set:%5
</harden/bcfiles/linux_bcfiles/kbmi_usb_final.bc>:page_table_check_ptes_set:1	</harden/bcfiles/linux_bcfiles/kbmi_usb_final.bc>:page_table_check_ptes_set:%6
</harden/bcfiles/linux_bcfiles/kbmi_usb_final.bc>:native_set_pte:11	</harden/bcfiles/linux_bcfiles/kbmi_usb_final.bc>:native_set_pte:%10
</harden/bcfiles/linux_bcfiles/kbmi_usb_final.bc>:native_set_pte:2	</harden/bcfiles/linux_bcfiles/kbmi_usb_final.bc>:native_set_pte:%5
</harden/bcfiles/linux_bcfiles/kbmi_usb_final.bc>:native_set_pte:1	</harden/bcfiles/linux_bcfiles/kbmi_usb_final.bc>:native_set_pte:%4
</harden/bcfiles/linux_bcfiles/kbmi_usb_final.bc>:native_set_pte:0	</harden/bcfiles/linux_bcfiles/kbmi_usb_final.bc>:native_set_pte:%3
</harden/bcfiles/linux_bcfiles/kbmi_usb_final.bc>:pte_next_pfn:27	</harden/bcfiles/linux_bcfiles/kbmi_usb_final.bc>:pte_next_pfn:%25
</harden/bcfiles/linux_bcfiles/kbmi_usb_final.bc>:pte_next_pfn:26	</harden/bcfiles/linux_bcfiles/kbmi_usb_final.bc>:pte_next_pfn:%24
</harden/bcfiles/linux_bcfiles/kbmi_usb_final.bc>:pte_next_pfn:23	</harden/bcfiles/linux_bcfiles/kbmi_usb_final.bc>:pte_next_pfn:%22
</harden/bcfiles/linux_bcfiles/kbmi_usb_final.bc>:pte_next_pfn:22	</harden/bcfiles/linux_bcfiles/kbmi_usb_final.bc>:pte_next_pfn:%21
</harden/bcfiles/linux_bcfiles/kbmi_usb_final.bc>:pte_next_pfn:20	</harden/bcfiles/linux_bcfiles/kbmi_usb_final.bc>:pte_next_pfn:%19
</harden/bcfiles/linux_bcfiles/kbmi_usb_final.bc>:pte_next_pfn:15	</harden/bcfiles/linux_bcfiles/kbmi_usb_final.bc>:pte_next_pfn:%15
</harden/bcfiles/linux_bcfiles/kbmi_usb_final.bc>:pte_next_pfn:14	</harden/bcfiles/linux_bcfiles/kbmi_usb_final.bc>:pte_next_pfn:%14
</harden/bcfiles/linux_bcfiles/kbmi_usb_final.bc>:pte_next_pfn:12	</harden/bcfiles/linux_bcfiles/kbmi_usb_final.bc>:pte_next_pfn:%12
</harden/bcfiles/linux_bcfiles/kbmi_usb_final.bc>:pte_next_pfn:10	</harden/bcfiles/linux_bcfiles/kbmi_usb_final.bc>:pte_next_pfn:%10
</harden/bcfiles/linux_bcfiles/kbmi_usb_final.bc>:pte_next_pfn:18	</harden/bcfiles/linux_bcfiles/kbmi_usb_final.bc>:pte_next_pfn:%17
</harden/bcfiles/linux_bcfiles/kbmi_usb_final.bc>:pte_next_pfn:8	</harden/bcfiles/linux_bcfiles/kbmi_usb_final.bc>:pte_next_pfn:%8
</harden/bcfiles/linux_bcfiles/kbmi_usb_final.bc>:pte_next_pfn:5	</harden/bcfiles/linux_bcfiles/kbmi_usb_final.bc>:pte_next_pfn:%5
</harden/bcfiles/linux_bcfiles/kbmi_usb_final.bc>:pte_next_pfn:2	</harden/bcfiles/linux_bcfiles/kbmi_usb_final.bc>:pte_next_pfn:%4
</harden/bcfiles/linux_bcfiles/kbmi_usb_final.bc>:pte_next_pfn:1	</harden/bcfiles/linux_bcfiles/kbmi_usb_final.bc>:pte_next_pfn:%3
</harden/bcfiles/linux_bcfiles/kbmi_usb_final.bc>:pte_next_pfn:0	</harden/bcfiles/linux_bcfiles/kbmi_usb_final.bc>:pte_next_pfn:%2
</harden/bcfiles/linux_bcfiles/kbmi_usb_final.bc>:native_pte_val:5	</harden/bcfiles/linux_bcfiles/kbmi_usb_final.bc>:native_pte_val:%5
</harden/bcfiles/linux_bcfiles/kbmi_usb_final.bc>:native_pte_val:4	</harden/bcfiles/linux_bcfiles/kbmi_usb_final.bc>:native_pte_val:%4
</harden/bcfiles/linux_bcfiles/kbmi_usb_final.bc>:native_pte_val:1	</harden/bcfiles/linux_bcfiles/kbmi_usb_final.bc>:native_pte_val:%3
</harden/bcfiles/linux_bcfiles/kbmi_usb_final.bc>:native_pte_val:0	</harden/bcfiles/linux_bcfiles/kbmi_usb_final.bc>:native_pte_val:%2
</harden/bcfiles/linux_bcfiles/kbmi_usb_final.bc>:__pte_needs_invert:11	</harden/bcfiles/linux_bcfiles/kbmi_usb_final.bc>:__pte_needs_invert:%11
</harden/bcfiles/linux_bcfiles/kbmi_usb_final.bc>:__pte_needs_invert:9	</harden/bcfiles/linux_bcfiles/kbmi_usb_final.bc>:__pte_needs_invert:%9
</harden/bcfiles/linux_bcfiles/kbmi_usb_final.bc>:__pte_needs_invert:8	</harden/bcfiles/linux_bcfiles/kbmi_usb_final.bc>:__pte_needs_invert:%8
</harden/bcfiles/linux_bcfiles/kbmi_usb_final.bc>:__pte_needs_invert:7	</harden/bcfiles/linux_bcfiles/kbmi_usb_final.bc>:__pte_needs_invert:%7
</harden/bcfiles/linux_bcfiles/kbmi_usb_final.bc>:__pte_needs_invert:6	</harden/bcfiles/linux_bcfiles/kbmi_usb_final.bc>:__pte_needs_invert:%6
</harden/bcfiles/linux_bcfiles/kbmi_usb_final.bc>:__pte_needs_invert:4	</harden/bcfiles/linux_bcfiles/kbmi_usb_final.bc>:__pte_needs_invert:%4
</harden/bcfiles/linux_bcfiles/kbmi_usb_final.bc>:__pte_needs_invert:3	</harden/bcfiles/linux_bcfiles/kbmi_usb_final.bc>:__pte_needs_invert:%3
</harden/bcfiles/linux_bcfiles/kbmi_usb_final.bc>:__pte_needs_invert:0	</harden/bcfiles/linux_bcfiles/kbmi_usb_final.bc>:__pte_needs_invert:%2
</harden/bcfiles/linux_bcfiles/kbmi_usb_final.bc>:native_make_pte:8	</harden/bcfiles/linux_bcfiles/kbmi_usb_final.bc>:native_make_pte:%7
</harden/bcfiles/linux_bcfiles/kbmi_usb_final.bc>:native_make_pte:7	</harden/bcfiles/linux_bcfiles/kbmi_usb_final.bc>:native_make_pte:%6
</harden/bcfiles/linux_bcfiles/kbmi_usb_final.bc>:native_make_pte:5	</harden/bcfiles/linux_bcfiles/kbmi_usb_final.bc>:native_make_pte:%5
</harden/bcfiles/linux_bcfiles/kbmi_usb_final.bc>:native_make_pte:4	</harden/bcfiles/linux_bcfiles/kbmi_usb_final.bc>:native_make_pte:%4
</harden/bcfiles/linux_bcfiles/kbmi_usb_final.bc>:native_make_pte:1	</harden/bcfiles/linux_bcfiles/kbmi_usb_final.bc>:native_make_pte:%3
</harden/bcfiles/linux_bcfiles/kbmi_usb_final.bc>:native_make_pte:0	</harden/bcfiles/linux_bcfiles/kbmi_usb_final.bc>:native_make_pte:%2
</harden/bcfiles/linux_bcfiles/kbmi_usb_final.bc>:pte_clear_flags:22	</harden/bcfiles/linux_bcfiles/kbmi_usb_final.bc>:pte_clear_flags:%18
</harden/bcfiles/linux_bcfiles/kbmi_usb_final.bc>:pte_clear_flags:21	</harden/bcfiles/linux_bcfiles/kbmi_usb_final.bc>:pte_clear_flags:%17
</harden/bcfiles/linux_bcfiles/kbmi_usb_final.bc>:pte_clear_flags:19	</harden/bcfiles/linux_bcfiles/kbmi_usb_final.bc>:pte_clear_flags:%16
</harden/bcfiles/linux_bcfiles/kbmi_usb_final.bc>:pte_clear_flags:18	</harden/bcfiles/linux_bcfiles/kbmi_usb_final.bc>:pte_clear_flags:%15
</harden/bcfiles/linux_bcfiles/kbmi_usb_final.bc>:pte_clear_flags:16	</harden/bcfiles/linux_bcfiles/kbmi_usb_final.bc>:pte_clear_flags:%13
</harden/bcfiles/linux_bcfiles/kbmi_usb_final.bc>:pte_clear_flags:15	</harden/bcfiles/linux_bcfiles/kbmi_usb_final.bc>:pte_clear_flags:%12
</harden/bcfiles/linux_bcfiles/kbmi_usb_final.bc>:pte_clear_flags:14	</harden/bcfiles/linux_bcfiles/kbmi_usb_final.bc>:pte_clear_flags:%11
</harden/bcfiles/linux_bcfiles/kbmi_usb_final.bc>:pte_clear_flags:12	</harden/bcfiles/linux_bcfiles/kbmi_usb_final.bc>:pte_clear_flags:%10
</harden/bcfiles/linux_bcfiles/kbmi_usb_final.bc>:pte_clear_flags:10	</harden/bcfiles/linux_bcfiles/kbmi_usb_final.bc>:pte_clear_flags:%8
</harden/bcfiles/linux_bcfiles/kbmi_usb_final.bc>:pte_clear_flags:4	</harden/bcfiles/linux_bcfiles/kbmi_usb_final.bc>:pte_clear_flags:%7
</harden/bcfiles/linux_bcfiles/kbmi_usb_final.bc>:pte_clear_flags:3	</harden/bcfiles/linux_bcfiles/kbmi_usb_final.bc>:pte_clear_flags:%6
</harden/bcfiles/linux_bcfiles/kbmi_usb_final.bc>:pte_clear_flags:2	</harden/bcfiles/linux_bcfiles/kbmi_usb_final.bc>:pte_clear_flags:%5
</harden/bcfiles/linux_bcfiles/kbmi_usb_final.bc>:pte_clear_flags:1	</harden/bcfiles/linux_bcfiles/kbmi_usb_final.bc>:pte_clear_flags:%4
</harden/bcfiles/linux_bcfiles/kbmi_usb_final.bc>:pte_clear_flags:0	</harden/bcfiles/linux_bcfiles/kbmi_usb_final.bc>:pte_clear_flags:%3
</harden/bcfiles/linux_bcfiles/kbmi_usb_final.bc>:pte_flags:7	</harden/bcfiles/linux_bcfiles/kbmi_usb_final.bc>:pte_flags:%7
</harden/bcfiles/linux_bcfiles/kbmi_usb_final.bc>:pte_flags:6	</harden/bcfiles/linux_bcfiles/kbmi_usb_final.bc>:pte_flags:%6
</harden/bcfiles/linux_bcfiles/kbmi_usb_final.bc>:pte_flags:4	</harden/bcfiles/linux_bcfiles/kbmi_usb_final.bc>:pte_flags:%4
</harden/bcfiles/linux_bcfiles/kbmi_usb_final.bc>:pte_flags:1	</harden/bcfiles/linux_bcfiles/kbmi_usb_final.bc>:pte_flags:%3
</harden/bcfiles/linux_bcfiles/kbmi_usb_final.bc>:pte_flags:0	</harden/bcfiles/linux_bcfiles/kbmi_usb_final.bc>:pte_flags:%2
</harden/bcfiles/linux_bcfiles/kbmi_usb_final.bc>:pmd_off_k:11	</harden/bcfiles/linux_bcfiles/kbmi_usb_final.bc>:pmd_off_k:%11
</harden/bcfiles/linux_bcfiles/kbmi_usb_final.bc>:pmd_off_k:0	</harden/bcfiles/linux_bcfiles/kbmi_usb_final.bc>:pmd_off_k:%2
</harden/bcfiles/linux_bcfiles/kbmi_usb_final.bc>:pmd_none:13	</harden/bcfiles/linux_bcfiles/kbmi_usb_final.bc>:pmd_none:%11
</harden/bcfiles/linux_bcfiles/kbmi_usb_final.bc>:pmd_none:12	</harden/bcfiles/linux_bcfiles/kbmi_usb_final.bc>:pmd_none:%10
</harden/bcfiles/linux_bcfiles/kbmi_usb_final.bc>:pmd_none:11	</harden/bcfiles/linux_bcfiles/kbmi_usb_final.bc>:pmd_none:%9
</harden/bcfiles/linux_bcfiles/kbmi_usb_final.bc>:pmd_none:10	</harden/bcfiles/linux_bcfiles/kbmi_usb_final.bc>:pmd_none:%8
</harden/bcfiles/linux_bcfiles/kbmi_usb_final.bc>:pmd_none:8	</harden/bcfiles/linux_bcfiles/kbmi_usb_final.bc>:pmd_none:%7
</harden/bcfiles/linux_bcfiles/kbmi_usb_final.bc>:pmd_none:6	</harden/bcfiles/linux_bcfiles/kbmi_usb_final.bc>:pmd_none:%5
</harden/bcfiles/linux_bcfiles/kbmi_usb_final.bc>:pmd_none:2	</harden/bcfiles/linux_bcfiles/kbmi_usb_final.bc>:pmd_none:%4
</harden/bcfiles/linux_bcfiles/kbmi_usb_final.bc>:pmd_none:1	</harden/bcfiles/linux_bcfiles/kbmi_usb_final.bc>:pmd_none:%3
</harden/bcfiles/linux_bcfiles/kbmi_usb_final.bc>:pmd_none:0	</harden/bcfiles/linux_bcfiles/kbmi_usb_final.bc>:pmd_none:%2
</harden/bcfiles/linux_bcfiles/kbmi_usb_final.bc>:pte_offset_kernel:13	</harden/bcfiles/linux_bcfiles/kbmi_usb_final.bc>:pte_offset_kernel:%12
</harden/bcfiles/linux_bcfiles/kbmi_usb_final.bc>:pte_offset_kernel:10	</harden/bcfiles/linux_bcfiles/kbmi_usb_final.bc>:pte_offset_kernel:%9
</harden/bcfiles/linux_bcfiles/kbmi_usb_final.bc>:pte_offset_kernel:9	</harden/bcfiles/linux_bcfiles/kbmi_usb_final.bc>:pte_offset_kernel:%8
</harden/bcfiles/linux_bcfiles/kbmi_usb_final.bc>:pte_offset_kernel:7	</harden/bcfiles/linux_bcfiles/kbmi_usb_final.bc>:pte_offset_kernel:%6
</harden/bcfiles/linux_bcfiles/kbmi_usb_final.bc>:pte_offset_kernel:6	</harden/bcfiles/linux_bcfiles/kbmi_usb_final.bc>:pte_offset_kernel:%5
</harden/bcfiles/linux_bcfiles/kbmi_usb_final.bc>:pte_offset_kernel:12	</harden/bcfiles/linux_bcfiles/kbmi_usb_final.bc>:pte_offset_kernel:%11
</harden/bcfiles/linux_bcfiles/kbmi_usb_final.bc>:pte_offset_kernel:1	</harden/bcfiles/linux_bcfiles/kbmi_usb_final.bc>:pte_offset_kernel:%4
</harden/bcfiles/linux_bcfiles/kbmi_usb_final.bc>:pte_offset_kernel:0	</harden/bcfiles/linux_bcfiles/kbmi_usb_final.bc>:pte_offset_kernel:%3
</harden/bcfiles/linux_bcfiles/kbmi_usb_final.bc>:pmd_page_vaddr:14	</harden/bcfiles/linux_bcfiles/kbmi_usb_final.bc>:pmd_page_vaddr:%14
</harden/bcfiles/linux_bcfiles/kbmi_usb_final.bc>:pmd_page_vaddr:13	</harden/bcfiles/linux_bcfiles/kbmi_usb_final.bc>:pmd_page_vaddr:%13
</harden/bcfiles/linux_bcfiles/kbmi_usb_final.bc>:pmd_page_vaddr:11	</harden/bcfiles/linux_bcfiles/kbmi_usb_final.bc>:pmd_page_vaddr:%11
</harden/bcfiles/linux_bcfiles/kbmi_usb_final.bc>:pmd_page_vaddr:10	</harden/bcfiles/linux_bcfiles/kbmi_usb_final.bc>:pmd_page_vaddr:%10
</harden/bcfiles/linux_bcfiles/kbmi_usb_final.bc>:pmd_page_vaddr:9	</harden/bcfiles/linux_bcfiles/kbmi_usb_final.bc>:pmd_page_vaddr:%9
</harden/bcfiles/linux_bcfiles/kbmi_usb_final.bc>:pmd_page_vaddr:7	</harden/bcfiles/linux_bcfiles/kbmi_usb_final.bc>:pmd_page_vaddr:%7
</harden/bcfiles/linux_bcfiles/kbmi_usb_final.bc>:pmd_page_vaddr:6	</harden/bcfiles/linux_bcfiles/kbmi_usb_final.bc>:pmd_page_vaddr:%6
</harden/bcfiles/linux_bcfiles/kbmi_usb_final.bc>:pmd_page_vaddr:4	</harden/bcfiles/linux_bcfiles/kbmi_usb_final.bc>:pmd_page_vaddr:%4
</harden/bcfiles/linux_bcfiles/kbmi_usb_final.bc>:pmd_page_vaddr:12	</harden/bcfiles/linux_bcfiles/kbmi_usb_final.bc>:pmd_page_vaddr:%12
</harden/bcfiles/linux_bcfiles/kbmi_usb_final.bc>:pmd_page_vaddr:1	</harden/bcfiles/linux_bcfiles/kbmi_usb_final.bc>:pmd_page_vaddr:%3
</harden/bcfiles/linux_bcfiles/kbmi_usb_final.bc>:pmd_page_vaddr:0	</harden/bcfiles/linux_bcfiles/kbmi_usb_final.bc>:pmd_page_vaddr:%2
</harden/bcfiles/linux_bcfiles/kbmi_usb_final.bc>:pte_index:5	</harden/bcfiles/linux_bcfiles/kbmi_usb_final.bc>:pte_index:%5
</harden/bcfiles/linux_bcfiles/kbmi_usb_final.bc>:pte_index:4	</harden/bcfiles/linux_bcfiles/kbmi_usb_final.bc>:pte_index:%4
</harden/bcfiles/linux_bcfiles/kbmi_usb_final.bc>:pte_index:3	</harden/bcfiles/linux_bcfiles/kbmi_usb_final.bc>:pte_index:%3
</harden/bcfiles/linux_bcfiles/kbmi_usb_final.bc>:pte_index:0	</harden/bcfiles/linux_bcfiles/kbmi_usb_final.bc>:pte_index:%2
</harden/bcfiles/linux_bcfiles/kbmi_usb_final.bc>:native_pmd_val:5	</harden/bcfiles/linux_bcfiles/kbmi_usb_final.bc>:native_pmd_val:%5
</harden/bcfiles/linux_bcfiles/kbmi_usb_final.bc>:native_pmd_val:4	</harden/bcfiles/linux_bcfiles/kbmi_usb_final.bc>:native_pmd_val:%4
</harden/bcfiles/linux_bcfiles/kbmi_usb_final.bc>:native_pmd_val:1	</harden/bcfiles/linux_bcfiles/kbmi_usb_final.bc>:native_pmd_val:%3
</harden/bcfiles/linux_bcfiles/kbmi_usb_final.bc>:native_pmd_val:0	</harden/bcfiles/linux_bcfiles/kbmi_usb_final.bc>:native_pmd_val:%2
</harden/bcfiles/linux_bcfiles/kbmi_usb_final.bc>:pmd_pfn_mask:15	</harden/bcfiles/linux_bcfiles/kbmi_usb_final.bc>:pmd_pfn_mask:%13
</harden/bcfiles/linux_bcfiles/kbmi_usb_final.bc>:pmd_pfn_mask:9	</harden/bcfiles/linux_bcfiles/kbmi_usb_final.bc>:pmd_pfn_mask:%9
</harden/bcfiles/linux_bcfiles/kbmi_usb_final.bc>:pmd_pfn_mask:8	</harden/bcfiles/linux_bcfiles/kbmi_usb_final.bc>:pmd_pfn_mask:%8
</harden/bcfiles/linux_bcfiles/kbmi_usb_final.bc>:pmd_pfn_mask:7	</harden/bcfiles/linux_bcfiles/kbmi_usb_final.bc>:pmd_pfn_mask:%7
</harden/bcfiles/linux_bcfiles/kbmi_usb_final.bc>:pmd_pfn_mask:5	</harden/bcfiles/linux_bcfiles/kbmi_usb_final.bc>:pmd_pfn_mask:%5
</harden/bcfiles/linux_bcfiles/kbmi_usb_final.bc>:pmd_pfn_mask:2	</harden/bcfiles/linux_bcfiles/kbmi_usb_final.bc>:pmd_pfn_mask:%4
</harden/bcfiles/linux_bcfiles/kbmi_usb_final.bc>:pmd_pfn_mask:1	</harden/bcfiles/linux_bcfiles/kbmi_usb_final.bc>:pmd_pfn_mask:%3
</harden/bcfiles/linux_bcfiles/kbmi_usb_final.bc>:pmd_pfn_mask:0	</harden/bcfiles/linux_bcfiles/kbmi_usb_final.bc>:pmd_pfn_mask:%2
</harden/bcfiles/linux_bcfiles/kbmi_usb_final.bc>:pgd_offset_pgd:12	</harden/bcfiles/linux_bcfiles/kbmi_usb_final.bc>:pgd_offset_pgd:%11
</harden/bcfiles/linux_bcfiles/kbmi_usb_final.bc>:pgd_offset_pgd:11	</harden/bcfiles/linux_bcfiles/kbmi_usb_final.bc>:pgd_offset_pgd:%10
</harden/bcfiles/linux_bcfiles/kbmi_usb_final.bc>:pgd_offset_pgd:10	</harden/bcfiles/linux_bcfiles/kbmi_usb_final.bc>:pgd_offset_pgd:%9
</harden/bcfiles/linux_bcfiles/kbmi_usb_final.bc>:pgd_offset_pgd:9	</harden/bcfiles/linux_bcfiles/kbmi_usb_final.bc>:pgd_offset_pgd:%8
</harden/bcfiles/linux_bcfiles/kbmi_usb_final.bc>:pgd_offset_pgd:8	</harden/bcfiles/linux_bcfiles/kbmi_usb_final.bc>:pgd_offset_pgd:%7
</harden/bcfiles/linux_bcfiles/kbmi_usb_final.bc>:pgd_offset_pgd:7	</harden/bcfiles/linux_bcfiles/kbmi_usb_final.bc>:pgd_offset_pgd:%6
</harden/bcfiles/linux_bcfiles/kbmi_usb_final.bc>:pgd_offset_pgd:6	</harden/bcfiles/linux_bcfiles/kbmi_usb_final.bc>:pgd_offset_pgd:%5
</harden/bcfiles/linux_bcfiles/kbmi_usb_final.bc>:pgd_offset_pgd:1	</harden/bcfiles/linux_bcfiles/kbmi_usb_final.bc>:pgd_offset_pgd:%4
</harden/bcfiles/linux_bcfiles/kbmi_usb_final.bc>:pgd_offset_pgd:0	</harden/bcfiles/linux_bcfiles/kbmi_usb_final.bc>:pgd_offset_pgd:%3
</harden/bcfiles/linux_bcfiles/kbmi_usb_final.bc>:p4d_offset:97	</harden/bcfiles/linux_bcfiles/kbmi_usb_final.bc>:p4d_offset:%75
</harden/bcfiles/linux_bcfiles/kbmi_usb_final.bc>:p4d_offset:94	</harden/bcfiles/linux_bcfiles/kbmi_usb_final.bc>:p4d_offset:%72
</harden/bcfiles/linux_bcfiles/kbmi_usb_final.bc>:p4d_offset:93	</harden/bcfiles/linux_bcfiles/kbmi_usb_final.bc>:p4d_offset:%71
</harden/bcfiles/linux_bcfiles/kbmi_usb_final.bc>:p4d_offset:91	</harden/bcfiles/linux_bcfiles/kbmi_usb_final.bc>:p4d_offset:%69
</harden/bcfiles/linux_bcfiles/kbmi_usb_final.bc>:p4d_offset:90	</harden/bcfiles/linux_bcfiles/kbmi_usb_final.bc>:p4d_offset:%68
</harden/bcfiles/linux_bcfiles/kbmi_usb_final.bc>:p4d_offset:84	</harden/bcfiles/linux_bcfiles/kbmi_usb_final.bc>:p4d_offset:%63
</harden/bcfiles/linux_bcfiles/kbmi_usb_final.bc>:p4d_offset:75	</harden/bcfiles/linux_bcfiles/kbmi_usb_final.bc>:p4d_offset:%58
</harden/bcfiles/linux_bcfiles/kbmi_usb_final.bc>:p4d_offset:68	</harden/bcfiles/linux_bcfiles/kbmi_usb_final.bc>:p4d_offset:%51
</harden/bcfiles/linux_bcfiles/kbmi_usb_final.bc>:p4d_offset:67	</harden/bcfiles/linux_bcfiles/kbmi_usb_final.bc>:p4d_offset:%50
</harden/bcfiles/linux_bcfiles/kbmi_usb_final.bc>:p4d_offset:66	</harden/bcfiles/linux_bcfiles/kbmi_usb_final.bc>:p4d_offset:%49
</harden/bcfiles/linux_bcfiles/kbmi_usb_final.bc>:p4d_offset:62	</harden/bcfiles/linux_bcfiles/kbmi_usb_final.bc>:p4d_offset:%47
</harden/bcfiles/linux_bcfiles/kbmi_usb_final.bc>:p4d_offset:61	</harden/bcfiles/linux_bcfiles/kbmi_usb_final.bc>:p4d_offset:%46
</harden/bcfiles/linux_bcfiles/kbmi_usb_final.bc>:p4d_offset:59	</harden/bcfiles/linux_bcfiles/kbmi_usb_final.bc>:p4d_offset:%44
</harden/bcfiles/linux_bcfiles/kbmi_usb_final.bc>:p4d_offset:57	</harden/bcfiles/linux_bcfiles/kbmi_usb_final.bc>:p4d_offset:%42
</harden/bcfiles/linux_bcfiles/kbmi_usb_final.bc>:p4d_offset:55	</harden/bcfiles/linux_bcfiles/kbmi_usb_final.bc>:p4d_offset:%41
</harden/bcfiles/linux_bcfiles/kbmi_usb_final.bc>:p4d_offset:46	</harden/bcfiles/linux_bcfiles/kbmi_usb_final.bc>:p4d_offset:%37
</harden/bcfiles/linux_bcfiles/kbmi_usb_final.bc>:p4d_offset:86	</harden/bcfiles/linux_bcfiles/kbmi_usb_final.bc>:p4d_offset:%65
</harden/bcfiles/linux_bcfiles/kbmi_usb_final.bc>:p4d_offset:73	</harden/bcfiles/linux_bcfiles/kbmi_usb_final.bc>:p4d_offset:%56
</harden/bcfiles/linux_bcfiles/kbmi_usb_final.bc>:p4d_offset:44	</harden/bcfiles/linux_bcfiles/kbmi_usb_final.bc>:p4d_offset:%35
</harden/bcfiles/linux_bcfiles/kbmi_usb_final.bc>:p4d_offset:42	</harden/bcfiles/linux_bcfiles/kbmi_usb_final.bc>:p4d_offset:%33
</harden/bcfiles/linux_bcfiles/kbmi_usb_final.bc>:p4d_offset:41	</harden/bcfiles/linux_bcfiles/kbmi_usb_final.bc>:p4d_offset:%32
</harden/bcfiles/linux_bcfiles/kbmi_usb_final.bc>:p4d_offset:40	</harden/bcfiles/linux_bcfiles/kbmi_usb_final.bc>:p4d_offset:%31
</harden/bcfiles/linux_bcfiles/kbmi_usb_final.bc>:p4d_offset:39	</harden/bcfiles/linux_bcfiles/kbmi_usb_final.bc>:p4d_offset:%30
</harden/bcfiles/linux_bcfiles/kbmi_usb_final.bc>:p4d_offset:87	</harden/bcfiles/linux_bcfiles/kbmi_usb_final.bc>:p4d_offset:%66
</harden/bcfiles/linux_bcfiles/kbmi_usb_final.bc>:p4d_offset:71	</harden/bcfiles/linux_bcfiles/kbmi_usb_final.bc>:p4d_offset:%54
</harden/bcfiles/linux_bcfiles/kbmi_usb_final.bc>:p4d_offset:38	</harden/bcfiles/linux_bcfiles/kbmi_usb_final.bc>:p4d_offset:%29
</harden/bcfiles/linux_bcfiles/kbmi_usb_final.bc>:p4d_offset:37	</harden/bcfiles/linux_bcfiles/kbmi_usb_final.bc>:p4d_offset:%28
</harden/bcfiles/linux_bcfiles/kbmi_usb_final.bc>:p4d_offset:35	</harden/bcfiles/linux_bcfiles/kbmi_usb_final.bc>:p4d_offset:%26
</harden/bcfiles/linux_bcfiles/kbmi_usb_final.bc>:p4d_offset:34	</harden/bcfiles/linux_bcfiles/kbmi_usb_final.bc>:p4d_offset:%25
</harden/bcfiles/linux_bcfiles/kbmi_usb_final.bc>:p4d_offset:100	</harden/bcfiles/linux_bcfiles/kbmi_usb_final.bc>:p4d_offset:%77
</harden/bcfiles/linux_bcfiles/kbmi_usb_final.bc>:p4d_offset:29	</harden/bcfiles/linux_bcfiles/kbmi_usb_final.bc>:p4d_offset:%24
</harden/bcfiles/linux_bcfiles/kbmi_usb_final.bc>:p4d_offset:28	</harden/bcfiles/linux_bcfiles/kbmi_usb_final.bc>:p4d_offset:%23
</harden/bcfiles/linux_bcfiles/kbmi_usb_final.bc>:p4d_offset:74	</harden/bcfiles/linux_bcfiles/kbmi_usb_final.bc>:p4d_offset:%57
</harden/bcfiles/linux_bcfiles/kbmi_usb_final.bc>:p4d_offset:36	</harden/bcfiles/linux_bcfiles/kbmi_usb_final.bc>:p4d_offset:%27
</harden/bcfiles/linux_bcfiles/kbmi_usb_final.bc>:p4d_offset:72	</harden/bcfiles/linux_bcfiles/kbmi_usb_final.bc>:p4d_offset:%55
</harden/bcfiles/linux_bcfiles/kbmi_usb_final.bc>:p4d_offset:96	</harden/bcfiles/linux_bcfiles/kbmi_usb_final.bc>:p4d_offset:%74
</harden/bcfiles/linux_bcfiles/kbmi_usb_final.bc>:p4d_offset:69	</harden/bcfiles/linux_bcfiles/kbmi_usb_final.bc>:p4d_offset:%52
</harden/bcfiles/linux_bcfiles/kbmi_usb_final.bc>:p4d_offset:58	</harden/bcfiles/linux_bcfiles/kbmi_usb_final.bc>:p4d_offset:%43
</harden/bcfiles/linux_bcfiles/kbmi_usb_final.bc>:p4d_offset:11	</harden/bcfiles/linux_bcfiles/kbmi_usb_final.bc>:p4d_offset:%14
</harden/bcfiles/linux_bcfiles/kbmi_usb_final.bc>:p4d_offset:10	</harden/bcfiles/linux_bcfiles/kbmi_usb_final.bc>:p4d_offset:%13
</harden/bcfiles/linux_bcfiles/kbmi_usb_final.bc>:p4d_offset:9	</harden/bcfiles/linux_bcfiles/kbmi_usb_final.bc>:p4d_offset:%12
</harden/bcfiles/linux_bcfiles/kbmi_usb_final.bc>:p4d_offset:26	</harden/bcfiles/linux_bcfiles/kbmi_usb_final.bc>:p4d_offset:%21
</harden/bcfiles/linux_bcfiles/kbmi_usb_final.bc>:p4d_offset:8	</harden/bcfiles/linux_bcfiles/kbmi_usb_final.bc>:p4d_offset:%11
</harden/bcfiles/linux_bcfiles/kbmi_usb_final.bc>:p4d_offset:7	</harden/bcfiles/linux_bcfiles/kbmi_usb_final.bc>:p4d_offset:%10
</harden/bcfiles/linux_bcfiles/kbmi_usb_final.bc>:p4d_offset:6	</harden/bcfiles/linux_bcfiles/kbmi_usb_final.bc>:p4d_offset:%9
</harden/bcfiles/linux_bcfiles/kbmi_usb_final.bc>:p4d_offset:43	</harden/bcfiles/linux_bcfiles/kbmi_usb_final.bc>:p4d_offset:%34
</harden/bcfiles/linux_bcfiles/kbmi_usb_final.bc>:p4d_offset:5	</harden/bcfiles/linux_bcfiles/kbmi_usb_final.bc>:p4d_offset:%8
</harden/bcfiles/linux_bcfiles/kbmi_usb_final.bc>:p4d_offset:70	</harden/bcfiles/linux_bcfiles/kbmi_usb_final.bc>:p4d_offset:%53
</harden/bcfiles/linux_bcfiles/kbmi_usb_final.bc>:p4d_offset:4	</harden/bcfiles/linux_bcfiles/kbmi_usb_final.bc>:p4d_offset:%7
</harden/bcfiles/linux_bcfiles/kbmi_usb_final.bc>:p4d_offset:47	</harden/bcfiles/linux_bcfiles/kbmi_usb_final.bc>:p4d_offset:%38
</harden/bcfiles/linux_bcfiles/kbmi_usb_final.bc>:p4d_offset:2	</harden/bcfiles/linux_bcfiles/kbmi_usb_final.bc>:p4d_offset:%5
</harden/bcfiles/linux_bcfiles/kbmi_usb_final.bc>:p4d_offset:1	</harden/bcfiles/linux_bcfiles/kbmi_usb_final.bc>:p4d_offset:%4
</harden/bcfiles/linux_bcfiles/kbmi_usb_final.bc>:p4d_offset:0	</harden/bcfiles/linux_bcfiles/kbmi_usb_final.bc>:p4d_offset:%3
</harden/bcfiles/linux_bcfiles/kbmi_usb_final.bc>:p4d_offset:3	</harden/bcfiles/linux_bcfiles/kbmi_usb_final.bc>:p4d_offset:%6
</harden/bcfiles/linux_bcfiles/kbmi_usb_final.bc>:pud_offset:12	</harden/bcfiles/linux_bcfiles/kbmi_usb_final.bc>:pud_offset:%11
</harden/bcfiles/linux_bcfiles/kbmi_usb_final.bc>:pud_offset:9	</harden/bcfiles/linux_bcfiles/kbmi_usb_final.bc>:pud_offset:%8
</harden/bcfiles/linux_bcfiles/kbmi_usb_final.bc>:pud_offset:11	</harden/bcfiles/linux_bcfiles/kbmi_usb_final.bc>:pud_offset:%10
</harden/bcfiles/linux_bcfiles/kbmi_usb_final.bc>:pud_offset:7	</harden/bcfiles/linux_bcfiles/kbmi_usb_final.bc>:pud_offset:%6
</harden/bcfiles/linux_bcfiles/kbmi_usb_final.bc>:pud_offset:6	</harden/bcfiles/linux_bcfiles/kbmi_usb_final.bc>:pud_offset:%5
</harden/bcfiles/linux_bcfiles/kbmi_usb_final.bc>:pud_offset:1	</harden/bcfiles/linux_bcfiles/kbmi_usb_final.bc>:pud_offset:%4
</harden/bcfiles/linux_bcfiles/kbmi_usb_final.bc>:pud_offset:0	</harden/bcfiles/linux_bcfiles/kbmi_usb_final.bc>:pud_offset:%3
</harden/bcfiles/linux_bcfiles/kbmi_usb_final.bc>:pmd_offset:12	</harden/bcfiles/linux_bcfiles/kbmi_usb_final.bc>:pmd_offset:%11
</harden/bcfiles/linux_bcfiles/kbmi_usb_final.bc>:pmd_offset:11	</harden/bcfiles/linux_bcfiles/kbmi_usb_final.bc>:pmd_offset:%10
</harden/bcfiles/linux_bcfiles/kbmi_usb_final.bc>:pmd_offset:9	</harden/bcfiles/linux_bcfiles/kbmi_usb_final.bc>:pmd_offset:%8
</harden/bcfiles/linux_bcfiles/kbmi_usb_final.bc>:pmd_offset:7	</harden/bcfiles/linux_bcfiles/kbmi_usb_final.bc>:pmd_offset:%6
</harden/bcfiles/linux_bcfiles/kbmi_usb_final.bc>:pmd_offset:6	</harden/bcfiles/linux_bcfiles/kbmi_usb_final.bc>:pmd_offset:%5
</harden/bcfiles/linux_bcfiles/kbmi_usb_final.bc>:pmd_offset:1	</harden/bcfiles/linux_bcfiles/kbmi_usb_final.bc>:pmd_offset:%4
</harden/bcfiles/linux_bcfiles/kbmi_usb_final.bc>:pmd_offset:0	</harden/bcfiles/linux_bcfiles/kbmi_usb_final.bc>:pmd_offset:%3
</harden/bcfiles/linux_bcfiles/kbmi_usb_final.bc>:pud_pgtable:14	</harden/bcfiles/linux_bcfiles/kbmi_usb_final.bc>:pud_pgtable:%14
</harden/bcfiles/linux_bcfiles/kbmi_usb_final.bc>:pud_pgtable:13	</harden/bcfiles/linux_bcfiles/kbmi_usb_final.bc>:pud_pgtable:%13
</harden/bcfiles/linux_bcfiles/kbmi_usb_final.bc>:pud_pgtable:12	</harden/bcfiles/linux_bcfiles/kbmi_usb_final.bc>:pud_pgtable:%12
</harden/bcfiles/linux_bcfiles/kbmi_usb_final.bc>:pud_pgtable:11	</harden/bcfiles/linux_bcfiles/kbmi_usb_final.bc>:pud_pgtable:%11
</harden/bcfiles/linux_bcfiles/kbmi_usb_final.bc>:pud_pgtable:10	</harden/bcfiles/linux_bcfiles/kbmi_usb_final.bc>:pud_pgtable:%10
</harden/bcfiles/linux_bcfiles/kbmi_usb_final.bc>:pud_pgtable:9	</harden/bcfiles/linux_bcfiles/kbmi_usb_final.bc>:pud_pgtable:%9
</harden/bcfiles/linux_bcfiles/kbmi_usb_final.bc>:pud_pgtable:7	</harden/bcfiles/linux_bcfiles/kbmi_usb_final.bc>:pud_pgtable:%7
</harden/bcfiles/linux_bcfiles/kbmi_usb_final.bc>:pud_pgtable:6	</harden/bcfiles/linux_bcfiles/kbmi_usb_final.bc>:pud_pgtable:%6
</harden/bcfiles/linux_bcfiles/kbmi_usb_final.bc>:pud_pgtable:4	</harden/bcfiles/linux_bcfiles/kbmi_usb_final.bc>:pud_pgtable:%4
</harden/bcfiles/linux_bcfiles/kbmi_usb_final.bc>:pud_pgtable:1	</harden/bcfiles/linux_bcfiles/kbmi_usb_final.bc>:pud_pgtable:%3
</harden/bcfiles/linux_bcfiles/kbmi_usb_final.bc>:pud_pgtable:0	</harden/bcfiles/linux_bcfiles/kbmi_usb_final.bc>:pud_pgtable:%2
</harden/bcfiles/linux_bcfiles/kbmi_usb_final.bc>:pmd_index:5	</harden/bcfiles/linux_bcfiles/kbmi_usb_final.bc>:pmd_index:%5
</harden/bcfiles/linux_bcfiles/kbmi_usb_final.bc>:pmd_index:4	</harden/bcfiles/linux_bcfiles/kbmi_usb_final.bc>:pmd_index:%4
</harden/bcfiles/linux_bcfiles/kbmi_usb_final.bc>:pmd_index:3	</harden/bcfiles/linux_bcfiles/kbmi_usb_final.bc>:pmd_index:%3
</harden/bcfiles/linux_bcfiles/kbmi_usb_final.bc>:pmd_index:0	</harden/bcfiles/linux_bcfiles/kbmi_usb_final.bc>:pmd_index:%2
</harden/bcfiles/linux_bcfiles/kbmi_usb_final.bc>:native_pud_val:5	</harden/bcfiles/linux_bcfiles/kbmi_usb_final.bc>:native_pud_val:%5
</harden/bcfiles/linux_bcfiles/kbmi_usb_final.bc>:native_pud_val:4	</harden/bcfiles/linux_bcfiles/kbmi_usb_final.bc>:native_pud_val:%4
</harden/bcfiles/linux_bcfiles/kbmi_usb_final.bc>:native_pud_val:1	</harden/bcfiles/linux_bcfiles/kbmi_usb_final.bc>:native_pud_val:%3
</harden/bcfiles/linux_bcfiles/kbmi_usb_final.bc>:native_pud_val:0	</harden/bcfiles/linux_bcfiles/kbmi_usb_final.bc>:native_pud_val:%2
</harden/bcfiles/linux_bcfiles/kbmi_usb_final.bc>:pud_pfn_mask:9	</harden/bcfiles/linux_bcfiles/kbmi_usb_final.bc>:pud_pfn_mask:%9
</harden/bcfiles/linux_bcfiles/kbmi_usb_final.bc>:pud_pfn_mask:8	</harden/bcfiles/linux_bcfiles/kbmi_usb_final.bc>:pud_pfn_mask:%8
</harden/bcfiles/linux_bcfiles/kbmi_usb_final.bc>:pud_pfn_mask:7	</harden/bcfiles/linux_bcfiles/kbmi_usb_final.bc>:pud_pfn_mask:%7
</harden/bcfiles/linux_bcfiles/kbmi_usb_final.bc>:pud_pfn_mask:5	</harden/bcfiles/linux_bcfiles/kbmi_usb_final.bc>:pud_pfn_mask:%5
</harden/bcfiles/linux_bcfiles/kbmi_usb_final.bc>:pud_pfn_mask:15	</harden/bcfiles/linux_bcfiles/kbmi_usb_final.bc>:pud_pfn_mask:%13
</harden/bcfiles/linux_bcfiles/kbmi_usb_final.bc>:pud_pfn_mask:2	</harden/bcfiles/linux_bcfiles/kbmi_usb_final.bc>:pud_pfn_mask:%4
</harden/bcfiles/linux_bcfiles/kbmi_usb_final.bc>:pud_pfn_mask:1	</harden/bcfiles/linux_bcfiles/kbmi_usb_final.bc>:pud_pfn_mask:%3
</harden/bcfiles/linux_bcfiles/kbmi_usb_final.bc>:pud_pfn_mask:0	</harden/bcfiles/linux_bcfiles/kbmi_usb_final.bc>:pud_pfn_mask:%2
</harden/bcfiles/linux_bcfiles/kbmi_usb_final.bc>:p4d_pgtable:14	</harden/bcfiles/linux_bcfiles/kbmi_usb_final.bc>:p4d_pgtable:%14
</harden/bcfiles/linux_bcfiles/kbmi_usb_final.bc>:p4d_pgtable:13	</harden/bcfiles/linux_bcfiles/kbmi_usb_final.bc>:p4d_pgtable:%13
</harden/bcfiles/linux_bcfiles/kbmi_usb_final.bc>:p4d_pgtable:11	</harden/bcfiles/linux_bcfiles/kbmi_usb_final.bc>:p4d_pgtable:%11
</harden/bcfiles/linux_bcfiles/kbmi_usb_final.bc>:p4d_pgtable:9	</harden/bcfiles/linux_bcfiles/kbmi_usb_final.bc>:p4d_pgtable:%9
</harden/bcfiles/linux_bcfiles/kbmi_usb_final.bc>:p4d_pgtable:10	</harden/bcfiles/linux_bcfiles/kbmi_usb_final.bc>:p4d_pgtable:%10
</harden/bcfiles/linux_bcfiles/kbmi_usb_final.bc>:p4d_pgtable:7	</harden/bcfiles/linux_bcfiles/kbmi_usb_final.bc>:p4d_pgtable:%7
</harden/bcfiles/linux_bcfiles/kbmi_usb_final.bc>:p4d_pgtable:6	</harden/bcfiles/linux_bcfiles/kbmi_usb_final.bc>:p4d_pgtable:%6
</harden/bcfiles/linux_bcfiles/kbmi_usb_final.bc>:p4d_pgtable:12	</harden/bcfiles/linux_bcfiles/kbmi_usb_final.bc>:p4d_pgtable:%12
</harden/bcfiles/linux_bcfiles/kbmi_usb_final.bc>:p4d_pgtable:4	</harden/bcfiles/linux_bcfiles/kbmi_usb_final.bc>:p4d_pgtable:%4
</harden/bcfiles/linux_bcfiles/kbmi_usb_final.bc>:p4d_pgtable:1	</harden/bcfiles/linux_bcfiles/kbmi_usb_final.bc>:p4d_pgtable:%3
</harden/bcfiles/linux_bcfiles/kbmi_usb_final.bc>:p4d_pgtable:0	</harden/bcfiles/linux_bcfiles/kbmi_usb_final.bc>:p4d_pgtable:%2
</harden/bcfiles/linux_bcfiles/kbmi_usb_final.bc>:pud_index:5	</harden/bcfiles/linux_bcfiles/kbmi_usb_final.bc>:pud_index:%5
</harden/bcfiles/linux_bcfiles/kbmi_usb_final.bc>:pud_index:4	</harden/bcfiles/linux_bcfiles/kbmi_usb_final.bc>:pud_index:%4
</harden/bcfiles/linux_bcfiles/kbmi_usb_final.bc>:pud_index:3	</harden/bcfiles/linux_bcfiles/kbmi_usb_final.bc>:pud_index:%3
</harden/bcfiles/linux_bcfiles/kbmi_usb_final.bc>:pud_index:0	</harden/bcfiles/linux_bcfiles/kbmi_usb_final.bc>:pud_index:%2
</harden/bcfiles/linux_bcfiles/kbmi_usb_final.bc>:native_p4d_val:5	</harden/bcfiles/linux_bcfiles/kbmi_usb_final.bc>:native_p4d_val:%5
</harden/bcfiles/linux_bcfiles/kbmi_usb_final.bc>:native_p4d_val:4	</harden/bcfiles/linux_bcfiles/kbmi_usb_final.bc>:native_p4d_val:%4
</harden/bcfiles/linux_bcfiles/kbmi_usb_final.bc>:native_p4d_val:1	</harden/bcfiles/linux_bcfiles/kbmi_usb_final.bc>:native_p4d_val:%3
</harden/bcfiles/linux_bcfiles/kbmi_usb_final.bc>:native_p4d_val:0	</harden/bcfiles/linux_bcfiles/kbmi_usb_final.bc>:native_p4d_val:%2
</harden/bcfiles/linux_bcfiles/kbmi_usb_final.bc>:p4d_pfn_mask:1	</harden/bcfiles/linux_bcfiles/kbmi_usb_final.bc>:p4d_pfn_mask:%3
</harden/bcfiles/linux_bcfiles/kbmi_usb_final.bc>:p4d_pfn_mask:0	</harden/bcfiles/linux_bcfiles/kbmi_usb_final.bc>:p4d_pfn_mask:%2
</harden/bcfiles/linux_bcfiles/kbmi_usb_final.bc>:pgd_page_vaddr:11	</harden/bcfiles/linux_bcfiles/kbmi_usb_final.bc>:pgd_page_vaddr:%11
</harden/bcfiles/linux_bcfiles/kbmi_usb_final.bc>:pgd_page_vaddr:10	</harden/bcfiles/linux_bcfiles/kbmi_usb_final.bc>:pgd_page_vaddr:%10
</harden/bcfiles/linux_bcfiles/kbmi_usb_final.bc>:pgd_page_vaddr:9	</harden/bcfiles/linux_bcfiles/kbmi_usb_final.bc>:pgd_page_vaddr:%9
</harden/bcfiles/linux_bcfiles/kbmi_usb_final.bc>:pgd_page_vaddr:8	</harden/bcfiles/linux_bcfiles/kbmi_usb_final.bc>:pgd_page_vaddr:%8
</harden/bcfiles/linux_bcfiles/kbmi_usb_final.bc>:pgd_page_vaddr:6	</harden/bcfiles/linux_bcfiles/kbmi_usb_final.bc>:pgd_page_vaddr:%6
</harden/bcfiles/linux_bcfiles/kbmi_usb_final.bc>:pgd_page_vaddr:4	</harden/bcfiles/linux_bcfiles/kbmi_usb_final.bc>:pgd_page_vaddr:%4
</harden/bcfiles/linux_bcfiles/kbmi_usb_final.bc>:pgd_page_vaddr:7	</harden/bcfiles/linux_bcfiles/kbmi_usb_final.bc>:pgd_page_vaddr:%7
</harden/bcfiles/linux_bcfiles/kbmi_usb_final.bc>:pgd_page_vaddr:1	</harden/bcfiles/linux_bcfiles/kbmi_usb_final.bc>:pgd_page_vaddr:%3
</harden/bcfiles/linux_bcfiles/kbmi_usb_final.bc>:pgd_page_vaddr:0	</harden/bcfiles/linux_bcfiles/kbmi_usb_final.bc>:pgd_page_vaddr:%2
</harden/bcfiles/linux_bcfiles/kbmi_usb_final.bc>:p4d_index:8	</harden/bcfiles/linux_bcfiles/kbmi_usb_final.bc>:p4d_index:%8
</harden/bcfiles/linux_bcfiles/kbmi_usb_final.bc>:p4d_index:7	</harden/bcfiles/linux_bcfiles/kbmi_usb_final.bc>:p4d_index:%7
</harden/bcfiles/linux_bcfiles/kbmi_usb_final.bc>:p4d_index:6	</harden/bcfiles/linux_bcfiles/kbmi_usb_final.bc>:p4d_index:%6
</harden/bcfiles/linux_bcfiles/kbmi_usb_final.bc>:p4d_index:5	</harden/bcfiles/linux_bcfiles/kbmi_usb_final.bc>:p4d_index:%5
</harden/bcfiles/linux_bcfiles/kbmi_usb_final.bc>:p4d_index:4	</harden/bcfiles/linux_bcfiles/kbmi_usb_final.bc>:p4d_index:%4
</harden/bcfiles/linux_bcfiles/kbmi_usb_final.bc>:p4d_index:3	</harden/bcfiles/linux_bcfiles/kbmi_usb_final.bc>:p4d_index:%3
</harden/bcfiles/linux_bcfiles/kbmi_usb_final.bc>:p4d_index:0	</harden/bcfiles/linux_bcfiles/kbmi_usb_final.bc>:p4d_index:%2
</harden/bcfiles/linux_bcfiles/kbmi_usb_final.bc>:native_pgd_val:6	</harden/bcfiles/linux_bcfiles/kbmi_usb_final.bc>:native_pgd_val:%6
</harden/bcfiles/linux_bcfiles/kbmi_usb_final.bc>:native_pgd_val:5	</harden/bcfiles/linux_bcfiles/kbmi_usb_final.bc>:native_pgd_val:%5
</harden/bcfiles/linux_bcfiles/kbmi_usb_final.bc>:native_pgd_val:4	</harden/bcfiles/linux_bcfiles/kbmi_usb_final.bc>:native_pgd_val:%4
</harden/bcfiles/linux_bcfiles/kbmi_usb_final.bc>:native_pgd_val:1	</harden/bcfiles/linux_bcfiles/kbmi_usb_final.bc>:native_pgd_val:%3
</harden/bcfiles/linux_bcfiles/kbmi_usb_final.bc>:native_pgd_val:0	</harden/bcfiles/linux_bcfiles/kbmi_usb_final.bc>:native_pgd_val:%2
