</harden/bcfiles/linux_bcfiles/kbmi_usb_final.bc>:load_message_to_memory:%23	</harden/bcfiles/linux_bcfiles/kbmi_usb_final.bc>:load_message_to_memory:28:0:ptrtoint ([0 x i8]* @message_buffer to i64)	</harden/bcfiles/linux_bcfiles/kbmi_usb_final.bc>:load_message_to_memory:28
</harden/bcfiles/linux_bcfiles/kbmi_usb_final.bc>:load_message_to_memory:%51	</harden/bcfiles/linux_bcfiles/kbmi_usb_final.bc>:load_message_to_memory:66:0:2	</harden/bcfiles/linux_bcfiles/kbmi_usb_final.bc>:load_message_to_memory:66
</harden/bcfiles/linux_bcfiles/kbmi_usb_final.bc>:pte_next_pfn:%12	</harden/bcfiles/linux_bcfiles/kbmi_usb_final.bc>:pte_next_pfn:13:0:4096	</harden/bcfiles/linux_bcfiles/kbmi_usb_final.bc>:pte_next_pfn:13
</harden/bcfiles/linux_bcfiles/kbmi_usb_final.bc>:p4d_index:%5	</harden/bcfiles/linux_bcfiles/kbmi_usb_final.bc>:p4d_index:6:0:1	</harden/bcfiles/linux_bcfiles/kbmi_usb_final.bc>:p4d_index:6
</harden/bcfiles/linux_bcfiles/kbmi_usb_final.bc>:load_message_to_memory:%33	</harden/bcfiles/linux_bcfiles/kbmi_usb_final.bc>:load_message_to_memory:%34	</harden/bcfiles/linux_bcfiles/kbmi_usb_final.bc>:load_message_to_memory:45
