</harden/bcfiles/linux_bcfiles/kbmi_usb_final.bc>:load_message_to_memory	</harden/bcfiles/linux_bcfiles/kbmi_usb_final.bc>:load_message_to_memory:%70	</harden/bcfiles/linux_bcfiles/kbmi_usb_final.bc>:load_message_to_memory:85:0:2	</harden/bcfiles/linux_bcfiles/kbmi_usb_final.bc>:load_message_to_memory:%70	</harden/bcfiles/linux_bcfiles/kbmi_usb_final.bc>:load_message_to_memory:85	[</harden/bcfiles/linux_bcfiles/kbmi_usb_final.bc>:load_message_to_memory:%70, </harden/bcfiles/linux_bcfiles/kbmi_usb_final.bc>:load_message_to_memory:%70]	83
</harden/bcfiles/linux_bcfiles/kbmi_usb_final.bc>:load_message_to_memory	</harden/bcfiles/linux_bcfiles/kbmi_usb_final.bc>:load_message_to_memory:%80	</harden/bcfiles/linux_bcfiles/kbmi_usb_final.bc>:load_message_to_memory:95:0:1	</harden/bcfiles/linux_bcfiles/kbmi_usb_final.bc>:load_message_to_memory:%80	</harden/bcfiles/linux_bcfiles/kbmi_usb_final.bc>:load_message_to_memory:95	[</harden/bcfiles/linux_bcfiles/kbmi_usb_final.bc>:load_message_to_memory:%80, </harden/bcfiles/linux_bcfiles/kbmi_usb_final.bc>:load_message_to_memory:%80]	80
</harden/bcfiles/linux_bcfiles/kbmi_usb_final.bc>:load_message_to_memory	</harden/bcfiles/linux_bcfiles/kbmi_usb_final.bc>:load_message_to_memory:%62	</harden/bcfiles/linux_bcfiles/kbmi_usb_final.bc>:load_message_to_memory:77:0:1	</harden/bcfiles/linux_bcfiles/kbmi_usb_final.bc>:load_message_to_memory:%62	</harden/bcfiles/linux_bcfiles/kbmi_usb_final.bc>:load_message_to_memory:77	[</harden/bcfiles/linux_bcfiles/kbmi_usb_final.bc>:load_message_to_memory:%62, </harden/bcfiles/linux_bcfiles/kbmi_usb_final.bc>:load_message_to_memory:%62]	82
</harden/bcfiles/linux_bcfiles/kbmi_usb_final.bc>:make_dynamic_area	</harden/bcfiles/linux_bcfiles/kbmi_usb_final.bc>:make_dynamic_area:%29	</harden/bcfiles/linux_bcfiles/kbmi_usb_final.bc>:make_dynamic_area:44:0:12288	</harden/bcfiles/linux_bcfiles/kbmi_usb_final.bc>:make_dynamic_area:%29	</harden/bcfiles/linux_bcfiles/kbmi_usb_final.bc>:make_dynamic_area:44	[</harden/bcfiles/linux_bcfiles/kbmi_usb_final.bc>:make_dynamic_area:%29, </harden/bcfiles/linux_bcfiles/kbmi_usb_final.bc>:make_dynamic_area:%29]	13
</harden/bcfiles/linux_bcfiles/kbmi_usb_final.bc>:set_ptes	</harden/bcfiles/linux_bcfiles/kbmi_usb_final.bc>:set_ptes:%24	</harden/bcfiles/linux_bcfiles/kbmi_usb_final.bc>:set_ptes:31:0:-1	</harden/bcfiles/linux_bcfiles/kbmi_usb_final.bc>:set_ptes:%24	</harden/bcfiles/linux_bcfiles/kbmi_usb_final.bc>:set_ptes:31	[</harden/bcfiles/linux_bcfiles/kbmi_usb_final.bc>:set_ptes:%24, </harden/bcfiles/linux_bcfiles/kbmi_usb_final.bc>:set_ptes:%24]	239
</harden/bcfiles/linux_bcfiles/kbmi_usb_final.bc>:pte_next_pfn	</harden/bcfiles/linux_bcfiles/kbmi_usb_final.bc>:pte_next_pfn:%19	</harden/bcfiles/linux_bcfiles/kbmi_usb_final.bc>:pte_next_pfn:21:0:4096	</harden/bcfiles/linux_bcfiles/kbmi_usb_final.bc>:pte_next_pfn:%19	</harden/bcfiles/linux_bcfiles/kbmi_usb_final.bc>:pte_next_pfn:21	[</harden/bcfiles/linux_bcfiles/kbmi_usb_final.bc>:pte_next_pfn:%19, </harden/bcfiles/linux_bcfiles/kbmi_usb_final.bc>:pte_next_pfn:%19]	962
</harden/bcfiles/linux_bcfiles/kbmi_usb_final.bc>:pmd_page_vaddr	</harden/bcfiles/linux_bcfiles/kbmi_usb_final.bc>:pmd_page_vaddr:%10	</harden/bcfiles/linux_bcfiles/kbmi_usb_final.bc>:pmd_page_vaddr:%11	</harden/bcfiles/linux_bcfiles/kbmi_usb_final.bc>:pmd_page_vaddr:%10	</harden/bcfiles/linux_bcfiles/kbmi_usb_final.bc>:pmd_page_vaddr:12	[</harden/bcfiles/linux_bcfiles/kbmi_usb_final.bc>:pmd_page_vaddr:%10, </harden/bcfiles/linux_bcfiles/kbmi_usb_final.bc>:pmd_page_vaddr:%10]	1030
</harden/bcfiles/linux_bcfiles/kbmi_usb_final.bc>:pud_pgtable	</harden/bcfiles/linux_bcfiles/kbmi_usb_final.bc>:pud_pgtable:%10	</harden/bcfiles/linux_bcfiles/kbmi_usb_final.bc>:pud_pgtable:%11	</harden/bcfiles/linux_bcfiles/kbmi_usb_final.bc>:pud_pgtable:%10	</harden/bcfiles/linux_bcfiles/kbmi_usb_final.bc>:pud_pgtable:12	[</harden/bcfiles/linux_bcfiles/kbmi_usb_final.bc>:pud_pgtable:%10, </harden/bcfiles/linux_bcfiles/kbmi_usb_final.bc>:pud_pgtable:%10]	1079
</harden/bcfiles/linux_bcfiles/kbmi_usb_final.bc>:p4d_pgtable	</harden/bcfiles/linux_bcfiles/kbmi_usb_final.bc>:p4d_pgtable:%10	</harden/bcfiles/linux_bcfiles/kbmi_usb_final.bc>:p4d_pgtable:%11	</harden/bcfiles/linux_bcfiles/kbmi_usb_final.bc>:p4d_pgtable:%10	</harden/bcfiles/linux_bcfiles/kbmi_usb_final.bc>:p4d_pgtable:12	[</harden/bcfiles/linux_bcfiles/kbmi_usb_final.bc>:p4d_pgtable:%10, </harden/bcfiles/linux_bcfiles/kbmi_usb_final.bc>:p4d_pgtable:%10]	1120
</harden/bcfiles/linux_bcfiles/kbmi_usb_final.bc>:pgd_page_vaddr	</harden/bcfiles/linux_bcfiles/kbmi_usb_final.bc>:pgd_page_vaddr:%7	</harden/bcfiles/linux_bcfiles/kbmi_usb_final.bc>:pgd_page_vaddr:%8	</harden/bcfiles/linux_bcfiles/kbmi_usb_final.bc>:pgd_page_vaddr:%7	</harden/bcfiles/linux_bcfiles/kbmi_usb_final.bc>:pgd_page_vaddr:9	[</harden/bcfiles/linux_bcfiles/kbmi_usb_final.bc>:pgd_page_vaddr:%7, </harden/bcfiles/linux_bcfiles/kbmi_usb_final.bc>:pgd_page_vaddr:%7]	1155
