block:</harden/bcfiles/linux_bcfiles/kbmi_usb_final.bc>:load_message_to_memory:[basicblock]%11	block:</harden/bcfiles/linux_bcfiles/kbmi_usb_final.bc>:load_message_to_memory:[basicblock]%0
block:</harden/bcfiles/linux_bcfiles/kbmi_usb_final.bc>:load_message_to_memory:[basicblock]%12	block:</harden/bcfiles/linux_bcfiles/kbmi_usb_final.bc>:load_message_to_memory:[basicblock]%0
block:</harden/bcfiles/linux_bcfiles/kbmi_usb_final.bc>:load_message_to_memory:[basicblock]%16	block:</harden/bcfiles/linux_bcfiles/kbmi_usb_final.bc>:load_message_to_memory:[basicblock]%0
block:</harden/bcfiles/linux_bcfiles/kbmi_usb_final.bc>:load_message_to_memory:[basicblock]%16	block:</harden/bcfiles/linux_bcfiles/kbmi_usb_final.bc>:load_message_to_memory:[basicblock]%12
block:</harden/bcfiles/linux_bcfiles/kbmi_usb_final.bc>:load_message_to_memory:[basicblock]%17	block:</harden/bcfiles/linux_bcfiles/kbmi_usb_final.bc>:load_message_to_memory:[basicblock]%0
block:</harden/bcfiles/linux_bcfiles/kbmi_usb_final.bc>:load_message_to_memory:[basicblock]%17	block:</harden/bcfiles/linux_bcfiles/kbmi_usb_final.bc>:load_message_to_memory:[basicblock]%12
block:</harden/bcfiles/linux_bcfiles/kbmi_usb_final.bc>:load_message_to_memory:[basicblock]%17	block:</harden/bcfiles/linux_bcfiles/kbmi_usb_final.bc>:load_message_to_memory:[basicblock]%16
block:</harden/bcfiles/linux_bcfiles/kbmi_usb_final.bc>:load_message_to_memory:[basicblock]%18	block:</harden/bcfiles/linux_bcfiles/kbmi_usb_final.bc>:load_message_to_memory:[basicblock]%0
block:</harden/bcfiles/linux_bcfiles/kbmi_usb_final.bc>:load_message_to_memory:[basicblock]%18	block:</harden/bcfiles/linux_bcfiles/kbmi_usb_final.bc>:load_message_to_memory:[basicblock]%12
block:</harden/bcfiles/linux_bcfiles/kbmi_usb_final.bc>:load_message_to_memory:[basicblock]%18	block:</harden/bcfiles/linux_bcfiles/kbmi_usb_final.bc>:load_message_to_memory:[basicblock]%16
block:</harden/bcfiles/linux_bcfiles/kbmi_usb_final.bc>:load_message_to_memory:[basicblock]%18	block:</harden/bcfiles/linux_bcfiles/kbmi_usb_final.bc>:load_message_to_memory:[basicblock]%17
block:</harden/bcfiles/linux_bcfiles/kbmi_usb_final.bc>:load_message_to_memory:[basicblock]%21	block:</harden/bcfiles/linux_bcfiles/kbmi_usb_final.bc>:load_message_to_memory:[basicblock]%0
block:</harden/bcfiles/linux_bcfiles/kbmi_usb_final.bc>:load_message_to_memory:[basicblock]%21	block:</harden/bcfiles/linux_bcfiles/kbmi_usb_final.bc>:load_message_to_memory:[basicblock]%12
block:</harden/bcfiles/linux_bcfiles/kbmi_usb_final.bc>:load_message_to_memory:[basicblock]%26	block:</harden/bcfiles/linux_bcfiles/kbmi_usb_final.bc>:load_message_to_memory:[basicblock]%0
block:</harden/bcfiles/linux_bcfiles/kbmi_usb_final.bc>:load_message_to_memory:[basicblock]%26	block:</harden/bcfiles/linux_bcfiles/kbmi_usb_final.bc>:load_message_to_memory:[basicblock]%12
block:</harden/bcfiles/linux_bcfiles/kbmi_usb_final.bc>:load_message_to_memory:[basicblock]%26	block:</harden/bcfiles/linux_bcfiles/kbmi_usb_final.bc>:load_message_to_memory:[basicblock]%21
block:</harden/bcfiles/linux_bcfiles/kbmi_usb_final.bc>:load_message_to_memory:[basicblock]%28	block:</harden/bcfiles/linux_bcfiles/kbmi_usb_final.bc>:load_message_to_memory:[basicblock]%0
block:</harden/bcfiles/linux_bcfiles/kbmi_usb_final.bc>:load_message_to_memory:[basicblock]%28	block:</harden/bcfiles/linux_bcfiles/kbmi_usb_final.bc>:load_message_to_memory:[basicblock]%12
block:</harden/bcfiles/linux_bcfiles/kbmi_usb_final.bc>:load_message_to_memory:[basicblock]%28	block:</harden/bcfiles/linux_bcfiles/kbmi_usb_final.bc>:load_message_to_memory:[basicblock]%21
block:</harden/bcfiles/linux_bcfiles/kbmi_usb_final.bc>:load_message_to_memory:[basicblock]%38	block:</harden/bcfiles/linux_bcfiles/kbmi_usb_final.bc>:load_message_to_memory:[basicblock]%0
block:</harden/bcfiles/linux_bcfiles/kbmi_usb_final.bc>:load_message_to_memory:[basicblock]%38	block:</harden/bcfiles/linux_bcfiles/kbmi_usb_final.bc>:load_message_to_memory:[basicblock]%12
block:</harden/bcfiles/linux_bcfiles/kbmi_usb_final.bc>:load_message_to_memory:[basicblock]%38	block:</harden/bcfiles/linux_bcfiles/kbmi_usb_final.bc>:load_message_to_memory:[basicblock]%21
block:</harden/bcfiles/linux_bcfiles/kbmi_usb_final.bc>:load_message_to_memory:[basicblock]%38	block:</harden/bcfiles/linux_bcfiles/kbmi_usb_final.bc>:load_message_to_memory:[basicblock]%28
block:</harden/bcfiles/linux_bcfiles/kbmi_usb_final.bc>:load_message_to_memory:[basicblock]%39	block:</harden/bcfiles/linux_bcfiles/kbmi_usb_final.bc>:load_message_to_memory:[basicblock]%0
block:</harden/bcfiles/linux_bcfiles/kbmi_usb_final.bc>:load_message_to_memory:[basicblock]%39	block:</harden/bcfiles/linux_bcfiles/kbmi_usb_final.bc>:load_message_to_memory:[basicblock]%12
block:</harden/bcfiles/linux_bcfiles/kbmi_usb_final.bc>:load_message_to_memory:[basicblock]%39	block:</harden/bcfiles/linux_bcfiles/kbmi_usb_final.bc>:load_message_to_memory:[basicblock]%21
block:</harden/bcfiles/linux_bcfiles/kbmi_usb_final.bc>:load_message_to_memory:[basicblock]%39	block:</harden/bcfiles/linux_bcfiles/kbmi_usb_final.bc>:load_message_to_memory:[basicblock]%28
block:</harden/bcfiles/linux_bcfiles/kbmi_usb_final.bc>:load_message_to_memory:[basicblock]%39	block:</harden/bcfiles/linux_bcfiles/kbmi_usb_final.bc>:load_message_to_memory:[basicblock]%38
block:</harden/bcfiles/linux_bcfiles/kbmi_usb_final.bc>:load_message_to_memory:[basicblock]%40	block:</harden/bcfiles/linux_bcfiles/kbmi_usb_final.bc>:load_message_to_memory:[basicblock]%0
block:</harden/bcfiles/linux_bcfiles/kbmi_usb_final.bc>:load_message_to_memory:[basicblock]%40	block:</harden/bcfiles/linux_bcfiles/kbmi_usb_final.bc>:load_message_to_memory:[basicblock]%12
block:</harden/bcfiles/linux_bcfiles/kbmi_usb_final.bc>:load_message_to_memory:[basicblock]%40	block:</harden/bcfiles/linux_bcfiles/kbmi_usb_final.bc>:load_message_to_memory:[basicblock]%21
block:</harden/bcfiles/linux_bcfiles/kbmi_usb_final.bc>:load_message_to_memory:[basicblock]%40	block:</harden/bcfiles/linux_bcfiles/kbmi_usb_final.bc>:load_message_to_memory:[basicblock]%28
block:</harden/bcfiles/linux_bcfiles/kbmi_usb_final.bc>:load_message_to_memory:[basicblock]%40	block:</harden/bcfiles/linux_bcfiles/kbmi_usb_final.bc>:load_message_to_memory:[basicblock]%38
block:</harden/bcfiles/linux_bcfiles/kbmi_usb_final.bc>:load_message_to_memory:[basicblock]%40	block:</harden/bcfiles/linux_bcfiles/kbmi_usb_final.bc>:load_message_to_memory:[basicblock]%39
block:</harden/bcfiles/linux_bcfiles/kbmi_usb_final.bc>:load_message_to_memory:[basicblock]%43	block:</harden/bcfiles/linux_bcfiles/kbmi_usb_final.bc>:load_message_to_memory:[basicblock]%0
block:</harden/bcfiles/linux_bcfiles/kbmi_usb_final.bc>:load_message_to_memory:[basicblock]%43	block:</harden/bcfiles/linux_bcfiles/kbmi_usb_final.bc>:load_message_to_memory:[basicblock]%12
block:</harden/bcfiles/linux_bcfiles/kbmi_usb_final.bc>:load_message_to_memory:[basicblock]%43	block:</harden/bcfiles/linux_bcfiles/kbmi_usb_final.bc>:load_message_to_memory:[basicblock]%21
block:</harden/bcfiles/linux_bcfiles/kbmi_usb_final.bc>:load_message_to_memory:[basicblock]%43	block:</harden/bcfiles/linux_bcfiles/kbmi_usb_final.bc>:load_message_to_memory:[basicblock]%28
block:</harden/bcfiles/linux_bcfiles/kbmi_usb_final.bc>:load_message_to_memory:[basicblock]%48	block:</harden/bcfiles/linux_bcfiles/kbmi_usb_final.bc>:load_message_to_memory:[basicblock]%0
block:</harden/bcfiles/linux_bcfiles/kbmi_usb_final.bc>:load_message_to_memory:[basicblock]%48	block:</harden/bcfiles/linux_bcfiles/kbmi_usb_final.bc>:load_message_to_memory:[basicblock]%12
block:</harden/bcfiles/linux_bcfiles/kbmi_usb_final.bc>:load_message_to_memory:[basicblock]%48	block:</harden/bcfiles/linux_bcfiles/kbmi_usb_final.bc>:load_message_to_memory:[basicblock]%21
block:</harden/bcfiles/linux_bcfiles/kbmi_usb_final.bc>:load_message_to_memory:[basicblock]%48	block:</harden/bcfiles/linux_bcfiles/kbmi_usb_final.bc>:load_message_to_memory:[basicblock]%28
block:</harden/bcfiles/linux_bcfiles/kbmi_usb_final.bc>:load_message_to_memory:[basicblock]%48	block:</harden/bcfiles/linux_bcfiles/kbmi_usb_final.bc>:load_message_to_memory:[basicblock]%43
block:</harden/bcfiles/linux_bcfiles/kbmi_usb_final.bc>:load_message_to_memory:[basicblock]%54	block:</harden/bcfiles/linux_bcfiles/kbmi_usb_final.bc>:load_message_to_memory:[basicblock]%0
block:</harden/bcfiles/linux_bcfiles/kbmi_usb_final.bc>:load_message_to_memory:[basicblock]%54	block:</harden/bcfiles/linux_bcfiles/kbmi_usb_final.bc>:load_message_to_memory:[basicblock]%12
block:</harden/bcfiles/linux_bcfiles/kbmi_usb_final.bc>:load_message_to_memory:[basicblock]%54	block:</harden/bcfiles/linux_bcfiles/kbmi_usb_final.bc>:load_message_to_memory:[basicblock]%21
block:</harden/bcfiles/linux_bcfiles/kbmi_usb_final.bc>:load_message_to_memory:[basicblock]%54	block:</harden/bcfiles/linux_bcfiles/kbmi_usb_final.bc>:load_message_to_memory:[basicblock]%28
block:</harden/bcfiles/linux_bcfiles/kbmi_usb_final.bc>:load_message_to_memory:[basicblock]%54	block:</harden/bcfiles/linux_bcfiles/kbmi_usb_final.bc>:load_message_to_memory:[basicblock]%43
block:</harden/bcfiles/linux_bcfiles/kbmi_usb_final.bc>:load_message_to_memory:[basicblock]%54	block:</harden/bcfiles/linux_bcfiles/kbmi_usb_final.bc>:load_message_to_memory:[basicblock]%48
block:</harden/bcfiles/linux_bcfiles/kbmi_usb_final.bc>:load_message_to_memory:[basicblock]%61	block:</harden/bcfiles/linux_bcfiles/kbmi_usb_final.bc>:load_message_to_memory:[basicblock]%0
block:</harden/bcfiles/linux_bcfiles/kbmi_usb_final.bc>:load_message_to_memory:[basicblock]%61	block:</harden/bcfiles/linux_bcfiles/kbmi_usb_final.bc>:load_message_to_memory:[basicblock]%12
block:</harden/bcfiles/linux_bcfiles/kbmi_usb_final.bc>:load_message_to_memory:[basicblock]%61	block:</harden/bcfiles/linux_bcfiles/kbmi_usb_final.bc>:load_message_to_memory:[basicblock]%21
block:</harden/bcfiles/linux_bcfiles/kbmi_usb_final.bc>:load_message_to_memory:[basicblock]%61	block:</harden/bcfiles/linux_bcfiles/kbmi_usb_final.bc>:load_message_to_memory:[basicblock]%28
block:</harden/bcfiles/linux_bcfiles/kbmi_usb_final.bc>:load_message_to_memory:[basicblock]%61	block:</harden/bcfiles/linux_bcfiles/kbmi_usb_final.bc>:load_message_to_memory:[basicblock]%43
block:</harden/bcfiles/linux_bcfiles/kbmi_usb_final.bc>:load_message_to_memory:[basicblock]%61	block:</harden/bcfiles/linux_bcfiles/kbmi_usb_final.bc>:load_message_to_memory:[basicblock]%48
block:</harden/bcfiles/linux_bcfiles/kbmi_usb_final.bc>:load_message_to_memory:[basicblock]%61	block:</harden/bcfiles/linux_bcfiles/kbmi_usb_final.bc>:load_message_to_memory:[basicblock]%54
block:</harden/bcfiles/linux_bcfiles/kbmi_usb_final.bc>:load_message_to_memory:[basicblock]%69	block:</harden/bcfiles/linux_bcfiles/kbmi_usb_final.bc>:load_message_to_memory:[basicblock]%0
block:</harden/bcfiles/linux_bcfiles/kbmi_usb_final.bc>:load_message_to_memory:[basicblock]%69	block:</harden/bcfiles/linux_bcfiles/kbmi_usb_final.bc>:load_message_to_memory:[basicblock]%12
block:</harden/bcfiles/linux_bcfiles/kbmi_usb_final.bc>:load_message_to_memory:[basicblock]%69	block:</harden/bcfiles/linux_bcfiles/kbmi_usb_final.bc>:load_message_to_memory:[basicblock]%21
block:</harden/bcfiles/linux_bcfiles/kbmi_usb_final.bc>:load_message_to_memory:[basicblock]%69	block:</harden/bcfiles/linux_bcfiles/kbmi_usb_final.bc>:load_message_to_memory:[basicblock]%28
block:</harden/bcfiles/linux_bcfiles/kbmi_usb_final.bc>:load_message_to_memory:[basicblock]%69	block:</harden/bcfiles/linux_bcfiles/kbmi_usb_final.bc>:load_message_to_memory:[basicblock]%43
block:</harden/bcfiles/linux_bcfiles/kbmi_usb_final.bc>:load_message_to_memory:[basicblock]%69	block:</harden/bcfiles/linux_bcfiles/kbmi_usb_final.bc>:load_message_to_memory:[basicblock]%48
block:</harden/bcfiles/linux_bcfiles/kbmi_usb_final.bc>:load_message_to_memory:[basicblock]%69	block:</harden/bcfiles/linux_bcfiles/kbmi_usb_final.bc>:load_message_to_memory:[basicblock]%54
block:</harden/bcfiles/linux_bcfiles/kbmi_usb_final.bc>:load_message_to_memory:[basicblock]%69	block:</harden/bcfiles/linux_bcfiles/kbmi_usb_final.bc>:load_message_to_memory:[basicblock]%61
block:</harden/bcfiles/linux_bcfiles/kbmi_usb_final.bc>:load_message_to_memory:[basicblock]%77	block:</harden/bcfiles/linux_bcfiles/kbmi_usb_final.bc>:load_message_to_memory:[basicblock]%0
block:</harden/bcfiles/linux_bcfiles/kbmi_usb_final.bc>:load_message_to_memory:[basicblock]%77	block:</harden/bcfiles/linux_bcfiles/kbmi_usb_final.bc>:load_message_to_memory:[basicblock]%12
block:</harden/bcfiles/linux_bcfiles/kbmi_usb_final.bc>:load_message_to_memory:[basicblock]%77	block:</harden/bcfiles/linux_bcfiles/kbmi_usb_final.bc>:load_message_to_memory:[basicblock]%21
block:</harden/bcfiles/linux_bcfiles/kbmi_usb_final.bc>:load_message_to_memory:[basicblock]%77	block:</harden/bcfiles/linux_bcfiles/kbmi_usb_final.bc>:load_message_to_memory:[basicblock]%28
block:</harden/bcfiles/linux_bcfiles/kbmi_usb_final.bc>:load_message_to_memory:[basicblock]%77	block:</harden/bcfiles/linux_bcfiles/kbmi_usb_final.bc>:load_message_to_memory:[basicblock]%43
block:</harden/bcfiles/linux_bcfiles/kbmi_usb_final.bc>:load_message_to_memory:[basicblock]%77	block:</harden/bcfiles/linux_bcfiles/kbmi_usb_final.bc>:load_message_to_memory:[basicblock]%48
block:</harden/bcfiles/linux_bcfiles/kbmi_usb_final.bc>:load_message_to_memory:[basicblock]%77	block:</harden/bcfiles/linux_bcfiles/kbmi_usb_final.bc>:load_message_to_memory:[basicblock]%54
block:</harden/bcfiles/linux_bcfiles/kbmi_usb_final.bc>:load_message_to_memory:[basicblock]%77	block:</harden/bcfiles/linux_bcfiles/kbmi_usb_final.bc>:load_message_to_memory:[basicblock]%61
block:</harden/bcfiles/linux_bcfiles/kbmi_usb_final.bc>:load_message_to_memory:[basicblock]%77	block:</harden/bcfiles/linux_bcfiles/kbmi_usb_final.bc>:load_message_to_memory:[basicblock]%69
block:</harden/bcfiles/linux_bcfiles/kbmi_usb_final.bc>:load_message_to_memory:[basicblock]%78	block:</harden/bcfiles/linux_bcfiles/kbmi_usb_final.bc>:load_message_to_memory:[basicblock]%0
block:</harden/bcfiles/linux_bcfiles/kbmi_usb_final.bc>:load_message_to_memory:[basicblock]%78	block:</harden/bcfiles/linux_bcfiles/kbmi_usb_final.bc>:load_message_to_memory:[basicblock]%12
block:</harden/bcfiles/linux_bcfiles/kbmi_usb_final.bc>:load_message_to_memory:[basicblock]%78	block:</harden/bcfiles/linux_bcfiles/kbmi_usb_final.bc>:load_message_to_memory:[basicblock]%21
block:</harden/bcfiles/linux_bcfiles/kbmi_usb_final.bc>:load_message_to_memory:[basicblock]%78	block:</harden/bcfiles/linux_bcfiles/kbmi_usb_final.bc>:load_message_to_memory:[basicblock]%28
block:</harden/bcfiles/linux_bcfiles/kbmi_usb_final.bc>:load_message_to_memory:[basicblock]%78	block:</harden/bcfiles/linux_bcfiles/kbmi_usb_final.bc>:load_message_to_memory:[basicblock]%43
block:</harden/bcfiles/linux_bcfiles/kbmi_usb_final.bc>:load_message_to_memory:[basicblock]%78	block:</harden/bcfiles/linux_bcfiles/kbmi_usb_final.bc>:load_message_to_memory:[basicblock]%48
block:</harden/bcfiles/linux_bcfiles/kbmi_usb_final.bc>:load_message_to_memory:[basicblock]%78	block:</harden/bcfiles/linux_bcfiles/kbmi_usb_final.bc>:load_message_to_memory:[basicblock]%54
block:</harden/bcfiles/linux_bcfiles/kbmi_usb_final.bc>:load_message_to_memory:[basicblock]%79	block:</harden/bcfiles/linux_bcfiles/kbmi_usb_final.bc>:load_message_to_memory:[basicblock]%0
block:</harden/bcfiles/linux_bcfiles/kbmi_usb_final.bc>:load_message_to_memory:[basicblock]%79	block:</harden/bcfiles/linux_bcfiles/kbmi_usb_final.bc>:load_message_to_memory:[basicblock]%12
block:</harden/bcfiles/linux_bcfiles/kbmi_usb_final.bc>:load_message_to_memory:[basicblock]%79	block:</harden/bcfiles/linux_bcfiles/kbmi_usb_final.bc>:load_message_to_memory:[basicblock]%21
block:</harden/bcfiles/linux_bcfiles/kbmi_usb_final.bc>:load_message_to_memory:[basicblock]%79	block:</harden/bcfiles/linux_bcfiles/kbmi_usb_final.bc>:load_message_to_memory:[basicblock]%28
block:</harden/bcfiles/linux_bcfiles/kbmi_usb_final.bc>:load_message_to_memory:[basicblock]%79	block:</harden/bcfiles/linux_bcfiles/kbmi_usb_final.bc>:load_message_to_memory:[basicblock]%43
block:</harden/bcfiles/linux_bcfiles/kbmi_usb_final.bc>:load_message_to_memory:[basicblock]%79	block:</harden/bcfiles/linux_bcfiles/kbmi_usb_final.bc>:load_message_to_memory:[basicblock]%48
block:</harden/bcfiles/linux_bcfiles/kbmi_usb_final.bc>:load_message_to_memory:[basicblock]%79	block:</harden/bcfiles/linux_bcfiles/kbmi_usb_final.bc>:load_message_to_memory:[basicblock]%54
block:</harden/bcfiles/linux_bcfiles/kbmi_usb_final.bc>:load_message_to_memory:[basicblock]%79	block:</harden/bcfiles/linux_bcfiles/kbmi_usb_final.bc>:load_message_to_memory:[basicblock]%78
block:</harden/bcfiles/linux_bcfiles/kbmi_usb_final.bc>:load_message_to_memory:[basicblock]%82	block:</harden/bcfiles/linux_bcfiles/kbmi_usb_final.bc>:load_message_to_memory:[basicblock]%0
block:</harden/bcfiles/linux_bcfiles/kbmi_usb_final.bc>:load_message_to_memory:[basicblock]%82	block:</harden/bcfiles/linux_bcfiles/kbmi_usb_final.bc>:load_message_to_memory:[basicblock]%12
block:</harden/bcfiles/linux_bcfiles/kbmi_usb_final.bc>:load_message_to_memory:[basicblock]%82	block:</harden/bcfiles/linux_bcfiles/kbmi_usb_final.bc>:load_message_to_memory:[basicblock]%21
block:</harden/bcfiles/linux_bcfiles/kbmi_usb_final.bc>:load_message_to_memory:[basicblock]%82	block:</harden/bcfiles/linux_bcfiles/kbmi_usb_final.bc>:load_message_to_memory:[basicblock]%28
block:</harden/bcfiles/linux_bcfiles/kbmi_usb_final.bc>:load_message_to_memory:[basicblock]%82	block:</harden/bcfiles/linux_bcfiles/kbmi_usb_final.bc>:load_message_to_memory:[basicblock]%43
block:</harden/bcfiles/linux_bcfiles/kbmi_usb_final.bc>:load_message_to_memory:[basicblock]%82	block:</harden/bcfiles/linux_bcfiles/kbmi_usb_final.bc>:load_message_to_memory:[basicblock]%48
block:</harden/bcfiles/linux_bcfiles/kbmi_usb_final.bc>:load_message_to_memory:[basicblock]%83	block:</harden/bcfiles/linux_bcfiles/kbmi_usb_final.bc>:load_message_to_memory:[basicblock]%0
block:</harden/bcfiles/linux_bcfiles/kbmi_usb_final.bc>:make_dynamic_area:[basicblock]%35	block:</harden/bcfiles/linux_bcfiles/kbmi_usb_final.bc>:make_dynamic_area:[basicblock]%0
block:</harden/bcfiles/linux_bcfiles/kbmi_usb_final.bc>:make_dynamic_area:[basicblock]%36	block:</harden/bcfiles/linux_bcfiles/kbmi_usb_final.bc>:make_dynamic_area:[basicblock]%0
block:</harden/bcfiles/linux_bcfiles/kbmi_usb_final.bc>:make_dynamic_area:[basicblock]%42	block:</harden/bcfiles/linux_bcfiles/kbmi_usb_final.bc>:make_dynamic_area:[basicblock]%0
block:</harden/bcfiles/linux_bcfiles/kbmi_usb_final.bc>:make_dynamic_area:[basicblock]%42	block:</harden/bcfiles/linux_bcfiles/kbmi_usb_final.bc>:make_dynamic_area:[basicblock]%36
block:</harden/bcfiles/linux_bcfiles/kbmi_usb_final.bc>:make_dynamic_area:[basicblock]%61	block:</harden/bcfiles/linux_bcfiles/kbmi_usb_final.bc>:make_dynamic_area:[basicblock]%0
block:</harden/bcfiles/linux_bcfiles/kbmi_usb_final.bc>:make_dynamic_area:[basicblock]%61	block:</harden/bcfiles/linux_bcfiles/kbmi_usb_final.bc>:make_dynamic_area:[basicblock]%36
block:</harden/bcfiles/linux_bcfiles/kbmi_usb_final.bc>:make_dynamic_area:[basicblock]%62	block:</harden/bcfiles/linux_bcfiles/kbmi_usb_final.bc>:make_dynamic_area:[basicblock]%0
block:</harden/bcfiles/linux_bcfiles/kbmi_usb_final.bc>:virt_to_kpte:[basicblock]%11	block:</harden/bcfiles/linux_bcfiles/kbmi_usb_final.bc>:virt_to_kpte:[basicblock]%1
block:</harden/bcfiles/linux_bcfiles/kbmi_usb_final.bc>:virt_to_kpte:[basicblock]%12	block:</harden/bcfiles/linux_bcfiles/kbmi_usb_final.bc>:virt_to_kpte:[basicblock]%1
block:</harden/bcfiles/linux_bcfiles/kbmi_usb_final.bc>:virt_to_kpte:[basicblock]%16	block:</harden/bcfiles/linux_bcfiles/kbmi_usb_final.bc>:virt_to_kpte:[basicblock]%1
block:</harden/bcfiles/linux_bcfiles/kbmi_usb_final.bc>:set_ptes:[basicblock]%18	block:</harden/bcfiles/linux_bcfiles/kbmi_usb_final.bc>:set_ptes:[basicblock]%5
block:</harden/bcfiles/linux_bcfiles/kbmi_usb_final.bc>:set_ptes:[basicblock]%19	block:</harden/bcfiles/linux_bcfiles/kbmi_usb_final.bc>:set_ptes:[basicblock]%5
block:</harden/bcfiles/linux_bcfiles/kbmi_usb_final.bc>:set_ptes:[basicblock]%19	block:</harden/bcfiles/linux_bcfiles/kbmi_usb_final.bc>:set_ptes:[basicblock]%18
block:</harden/bcfiles/linux_bcfiles/kbmi_usb_final.bc>:set_ptes:[basicblock]%20	block:</harden/bcfiles/linux_bcfiles/kbmi_usb_final.bc>:set_ptes:[basicblock]%5
block:</harden/bcfiles/linux_bcfiles/kbmi_usb_final.bc>:set_ptes:[basicblock]%20	block:</harden/bcfiles/linux_bcfiles/kbmi_usb_final.bc>:set_ptes:[basicblock]%18
block:</harden/bcfiles/linux_bcfiles/kbmi_usb_final.bc>:set_ptes:[basicblock]%20	block:</harden/bcfiles/linux_bcfiles/kbmi_usb_final.bc>:set_ptes:[basicblock]%19
block:</harden/bcfiles/linux_bcfiles/kbmi_usb_final.bc>:set_ptes:[basicblock]%27	block:</harden/bcfiles/linux_bcfiles/kbmi_usb_final.bc>:set_ptes:[basicblock]%5
block:</harden/bcfiles/linux_bcfiles/kbmi_usb_final.bc>:set_ptes:[basicblock]%27	block:</harden/bcfiles/linux_bcfiles/kbmi_usb_final.bc>:set_ptes:[basicblock]%18
block:</harden/bcfiles/linux_bcfiles/kbmi_usb_final.bc>:set_ptes:[basicblock]%27	block:</harden/bcfiles/linux_bcfiles/kbmi_usb_final.bc>:set_ptes:[basicblock]%19
block:</harden/bcfiles/linux_bcfiles/kbmi_usb_final.bc>:set_ptes:[basicblock]%27	block:</harden/bcfiles/linux_bcfiles/kbmi_usb_final.bc>:set_ptes:[basicblock]%20
block:</harden/bcfiles/linux_bcfiles/kbmi_usb_final.bc>:set_ptes:[basicblock]%28	block:</harden/bcfiles/linux_bcfiles/kbmi_usb_final.bc>:set_ptes:[basicblock]%5
block:</harden/bcfiles/linux_bcfiles/kbmi_usb_final.bc>:set_ptes:[basicblock]%28	block:</harden/bcfiles/linux_bcfiles/kbmi_usb_final.bc>:set_ptes:[basicblock]%18
block:</harden/bcfiles/linux_bcfiles/kbmi_usb_final.bc>:set_ptes:[basicblock]%28	block:</harden/bcfiles/linux_bcfiles/kbmi_usb_final.bc>:set_ptes:[basicblock]%19
block:</harden/bcfiles/linux_bcfiles/kbmi_usb_final.bc>:set_ptes:[basicblock]%28	block:</harden/bcfiles/linux_bcfiles/kbmi_usb_final.bc>:set_ptes:[basicblock]%20
block:</harden/bcfiles/linux_bcfiles/kbmi_usb_final.bc>:set_ptes:[basicblock]%37	block:</harden/bcfiles/linux_bcfiles/kbmi_usb_final.bc>:set_ptes:[basicblock]%5
block:</harden/bcfiles/linux_bcfiles/kbmi_usb_final.bc>:set_ptes:[basicblock]%37	block:</harden/bcfiles/linux_bcfiles/kbmi_usb_final.bc>:set_ptes:[basicblock]%18
block:</harden/bcfiles/linux_bcfiles/kbmi_usb_final.bc>:set_ptes:[basicblock]%37	block:</harden/bcfiles/linux_bcfiles/kbmi_usb_final.bc>:set_ptes:[basicblock]%19
block:</harden/bcfiles/linux_bcfiles/kbmi_usb_final.bc>:set_ptes:[basicblock]%37	block:</harden/bcfiles/linux_bcfiles/kbmi_usb_final.bc>:set_ptes:[basicblock]%20
block:</harden/bcfiles/linux_bcfiles/kbmi_usb_final.bc>:set_ptes:[basicblock]%37	block:</harden/bcfiles/linux_bcfiles/kbmi_usb_final.bc>:set_ptes:[basicblock]%27
block:</harden/bcfiles/linux_bcfiles/kbmi_usb_final.bc>:set_ptes:[basicblock]%38	block:</harden/bcfiles/linux_bcfiles/kbmi_usb_final.bc>:set_ptes:[basicblock]%5
block:</harden/bcfiles/linux_bcfiles/kbmi_usb_final.bc>:set_ptes:[basicblock]%38	block:</harden/bcfiles/linux_bcfiles/kbmi_usb_final.bc>:set_ptes:[basicblock]%18
block:</harden/bcfiles/linux_bcfiles/kbmi_usb_final.bc>:set_ptes:[basicblock]%38	block:</harden/bcfiles/linux_bcfiles/kbmi_usb_final.bc>:set_ptes:[basicblock]%19
block:</harden/bcfiles/linux_bcfiles/kbmi_usb_final.bc>:set_ptes:[basicblock]%38	block:</harden/bcfiles/linux_bcfiles/kbmi_usb_final.bc>:set_ptes:[basicblock]%20
block:</harden/bcfiles/linux_bcfiles/kbmi_usb_final.bc>:set_ptes:[basicblock]%38	block:</harden/bcfiles/linux_bcfiles/kbmi_usb_final.bc>:set_ptes:[basicblock]%27
block:</harden/bcfiles/linux_bcfiles/kbmi_usb_final.bc>:set_ptes:[basicblock]%38	block:</harden/bcfiles/linux_bcfiles/kbmi_usb_final.bc>:set_ptes:[basicblock]%37
block:</harden/bcfiles/linux_bcfiles/kbmi_usb_final.bc>:set_ptes:[basicblock]%39	block:</harden/bcfiles/linux_bcfiles/kbmi_usb_final.bc>:set_ptes:[basicblock]%5
block:</harden/bcfiles/linux_bcfiles/kbmi_usb_final.bc>:set_ptes:[basicblock]%39	block:</harden/bcfiles/linux_bcfiles/kbmi_usb_final.bc>:set_ptes:[basicblock]%18
block:</harden/bcfiles/linux_bcfiles/kbmi_usb_final.bc>:set_ptes:[basicblock]%39	block:</harden/bcfiles/linux_bcfiles/kbmi_usb_final.bc>:set_ptes:[basicblock]%19
block:</harden/bcfiles/linux_bcfiles/kbmi_usb_final.bc>:set_ptes:[basicblock]%39	block:</harden/bcfiles/linux_bcfiles/kbmi_usb_final.bc>:set_ptes:[basicblock]%20
block:</harden/bcfiles/linux_bcfiles/kbmi_usb_final.bc>:set_ptes:[basicblock]%39	block:</harden/bcfiles/linux_bcfiles/kbmi_usb_final.bc>:set_ptes:[basicblock]%27
block:</harden/bcfiles/linux_bcfiles/kbmi_usb_final.bc>:set_ptes:[basicblock]%39	block:</harden/bcfiles/linux_bcfiles/kbmi_usb_final.bc>:set_ptes:[basicblock]%37
block:</harden/bcfiles/linux_bcfiles/kbmi_usb_final.bc>:set_ptes:[basicblock]%39	block:</harden/bcfiles/linux_bcfiles/kbmi_usb_final.bc>:set_ptes:[basicblock]%38
block:</harden/bcfiles/linux_bcfiles/kbmi_usb_final.bc>:native_set_pte:[basicblock]%6	block:</harden/bcfiles/linux_bcfiles/kbmi_usb_final.bc>:native_set_pte:[basicblock]%2
block:</harden/bcfiles/linux_bcfiles/kbmi_usb_final.bc>:native_set_pte:[basicblock]%7	block:</harden/bcfiles/linux_bcfiles/kbmi_usb_final.bc>:native_set_pte:[basicblock]%2
block:</harden/bcfiles/linux_bcfiles/kbmi_usb_final.bc>:native_set_pte:[basicblock]%7	block:</harden/bcfiles/linux_bcfiles/kbmi_usb_final.bc>:native_set_pte:[basicblock]%6
block:</harden/bcfiles/linux_bcfiles/kbmi_usb_final.bc>:native_set_pte:[basicblock]%8	block:</harden/bcfiles/linux_bcfiles/kbmi_usb_final.bc>:native_set_pte:[basicblock]%2
block:</harden/bcfiles/linux_bcfiles/kbmi_usb_final.bc>:native_set_pte:[basicblock]%8	block:</harden/bcfiles/linux_bcfiles/kbmi_usb_final.bc>:native_set_pte:[basicblock]%6
block:</harden/bcfiles/linux_bcfiles/kbmi_usb_final.bc>:native_set_pte:[basicblock]%8	block:</harden/bcfiles/linux_bcfiles/kbmi_usb_final.bc>:native_set_pte:[basicblock]%7
block:</harden/bcfiles/linux_bcfiles/kbmi_usb_final.bc>:native_set_pte:[basicblock]%9	block:</harden/bcfiles/linux_bcfiles/kbmi_usb_final.bc>:native_set_pte:[basicblock]%2
block:</harden/bcfiles/linux_bcfiles/kbmi_usb_final.bc>:native_set_pte:[basicblock]%9	block:</harden/bcfiles/linux_bcfiles/kbmi_usb_final.bc>:native_set_pte:[basicblock]%6
block:</harden/bcfiles/linux_bcfiles/kbmi_usb_final.bc>:native_set_pte:[basicblock]%9	block:</harden/bcfiles/linux_bcfiles/kbmi_usb_final.bc>:native_set_pte:[basicblock]%7
block:</harden/bcfiles/linux_bcfiles/kbmi_usb_final.bc>:native_set_pte:[basicblock]%9	block:</harden/bcfiles/linux_bcfiles/kbmi_usb_final.bc>:native_set_pte:[basicblock]%8
block:</harden/bcfiles/linux_bcfiles/kbmi_usb_final.bc>:native_set_pte:[basicblock]%13	block:</harden/bcfiles/linux_bcfiles/kbmi_usb_final.bc>:native_set_pte:[basicblock]%2
block:</harden/bcfiles/linux_bcfiles/kbmi_usb_final.bc>:native_set_pte:[basicblock]%13	block:</harden/bcfiles/linux_bcfiles/kbmi_usb_final.bc>:native_set_pte:[basicblock]%6
block:</harden/bcfiles/linux_bcfiles/kbmi_usb_final.bc>:native_set_pte:[basicblock]%13	block:</harden/bcfiles/linux_bcfiles/kbmi_usb_final.bc>:native_set_pte:[basicblock]%7
block:</harden/bcfiles/linux_bcfiles/kbmi_usb_final.bc>:native_set_pte:[basicblock]%13	block:</harden/bcfiles/linux_bcfiles/kbmi_usb_final.bc>:native_set_pte:[basicblock]%8
block:</harden/bcfiles/linux_bcfiles/kbmi_usb_final.bc>:native_set_pte:[basicblock]%13	block:</harden/bcfiles/linux_bcfiles/kbmi_usb_final.bc>:native_set_pte:[basicblock]%9
block:</harden/bcfiles/linux_bcfiles/kbmi_usb_final.bc>:native_set_pte:[basicblock]%14	block:</harden/bcfiles/linux_bcfiles/kbmi_usb_final.bc>:native_set_pte:[basicblock]%2
block:</harden/bcfiles/linux_bcfiles/kbmi_usb_final.bc>:native_set_pte:[basicblock]%14	block:</harden/bcfiles/linux_bcfiles/kbmi_usb_final.bc>:native_set_pte:[basicblock]%6
block:</harden/bcfiles/linux_bcfiles/kbmi_usb_final.bc>:native_set_pte:[basicblock]%14	block:</harden/bcfiles/linux_bcfiles/kbmi_usb_final.bc>:native_set_pte:[basicblock]%7
block:</harden/bcfiles/linux_bcfiles/kbmi_usb_final.bc>:native_set_pte:[basicblock]%14	block:</harden/bcfiles/linux_bcfiles/kbmi_usb_final.bc>:native_set_pte:[basicblock]%8
block:</harden/bcfiles/linux_bcfiles/kbmi_usb_final.bc>:native_set_pte:[basicblock]%14	block:</harden/bcfiles/linux_bcfiles/kbmi_usb_final.bc>:native_set_pte:[basicblock]%9
block:</harden/bcfiles/linux_bcfiles/kbmi_usb_final.bc>:native_set_pte:[basicblock]%14	block:</harden/bcfiles/linux_bcfiles/kbmi_usb_final.bc>:native_set_pte:[basicblock]%13
block:</harden/bcfiles/linux_bcfiles/kbmi_usb_final.bc>:pte_next_pfn:[basicblock]%9	block:</harden/bcfiles/linux_bcfiles/kbmi_usb_final.bc>:pte_next_pfn:[basicblock]%1
block:</harden/bcfiles/linux_bcfiles/kbmi_usb_final.bc>:pte_next_pfn:[basicblock]%16	block:</harden/bcfiles/linux_bcfiles/kbmi_usb_final.bc>:pte_next_pfn:[basicblock]%1
block:</harden/bcfiles/linux_bcfiles/kbmi_usb_final.bc>:pte_next_pfn:[basicblock]%23	block:</harden/bcfiles/linux_bcfiles/kbmi_usb_final.bc>:pte_next_pfn:[basicblock]%1
block:</harden/bcfiles/linux_bcfiles/kbmi_usb_final.bc>:__pte_needs_invert:[basicblock]%5	block:</harden/bcfiles/linux_bcfiles/kbmi_usb_final.bc>:__pte_needs_invert:[basicblock]%1
block:</harden/bcfiles/linux_bcfiles/kbmi_usb_final.bc>:__pte_needs_invert:[basicblock]%10	block:</harden/bcfiles/linux_bcfiles/kbmi_usb_final.bc>:__pte_needs_invert:[basicblock]%1
block:</harden/bcfiles/linux_bcfiles/kbmi_usb_final.bc>:pmd_pfn_mask:[basicblock]%10	block:</harden/bcfiles/linux_bcfiles/kbmi_usb_final.bc>:pmd_pfn_mask:[basicblock]%1
block:</harden/bcfiles/linux_bcfiles/kbmi_usb_final.bc>:pmd_pfn_mask:[basicblock]%11	block:</harden/bcfiles/linux_bcfiles/kbmi_usb_final.bc>:pmd_pfn_mask:[basicblock]%1
block:</harden/bcfiles/linux_bcfiles/kbmi_usb_final.bc>:pmd_pfn_mask:[basicblock]%12	block:</harden/bcfiles/linux_bcfiles/kbmi_usb_final.bc>:pmd_pfn_mask:[basicblock]%1
block:</harden/bcfiles/linux_bcfiles/kbmi_usb_final.bc>:p4d_offset:[basicblock]%15	block:</harden/bcfiles/linux_bcfiles/kbmi_usb_final.bc>:p4d_offset:[basicblock]%2
block:</harden/bcfiles/linux_bcfiles/kbmi_usb_final.bc>:p4d_offset:[basicblock]%16	block:</harden/bcfiles/linux_bcfiles/kbmi_usb_final.bc>:p4d_offset:[basicblock]%2
block:</harden/bcfiles/linux_bcfiles/kbmi_usb_final.bc>:p4d_offset:[basicblock]%17	block:</harden/bcfiles/linux_bcfiles/kbmi_usb_final.bc>:p4d_offset:[basicblock]%2
block:</harden/bcfiles/linux_bcfiles/kbmi_usb_final.bc>:p4d_offset:[basicblock]%17	block:</harden/bcfiles/linux_bcfiles/kbmi_usb_final.bc>:p4d_offset:[basicblock]%16
block:</harden/bcfiles/linux_bcfiles/kbmi_usb_final.bc>:p4d_offset:[basicblock]%18	block:</harden/bcfiles/linux_bcfiles/kbmi_usb_final.bc>:p4d_offset:[basicblock]%2
block:</harden/bcfiles/linux_bcfiles/kbmi_usb_final.bc>:p4d_offset:[basicblock]%18	block:</harden/bcfiles/linux_bcfiles/kbmi_usb_final.bc>:p4d_offset:[basicblock]%16
block:</harden/bcfiles/linux_bcfiles/kbmi_usb_final.bc>:p4d_offset:[basicblock]%18	block:</harden/bcfiles/linux_bcfiles/kbmi_usb_final.bc>:p4d_offset:[basicblock]%17
block:</harden/bcfiles/linux_bcfiles/kbmi_usb_final.bc>:p4d_offset:[basicblock]%19	block:</harden/bcfiles/linux_bcfiles/kbmi_usb_final.bc>:p4d_offset:[basicblock]%2
block:</harden/bcfiles/linux_bcfiles/kbmi_usb_final.bc>:p4d_offset:[basicblock]%19	block:</harden/bcfiles/linux_bcfiles/kbmi_usb_final.bc>:p4d_offset:[basicblock]%16
block:</harden/bcfiles/linux_bcfiles/kbmi_usb_final.bc>:p4d_offset:[basicblock]%19	block:</harden/bcfiles/linux_bcfiles/kbmi_usb_final.bc>:p4d_offset:[basicblock]%17
block:</harden/bcfiles/linux_bcfiles/kbmi_usb_final.bc>:p4d_offset:[basicblock]%22	block:</harden/bcfiles/linux_bcfiles/kbmi_usb_final.bc>:p4d_offset:[basicblock]%2
block:</harden/bcfiles/linux_bcfiles/kbmi_usb_final.bc>:p4d_offset:[basicblock]%22	block:</harden/bcfiles/linux_bcfiles/kbmi_usb_final.bc>:p4d_offset:[basicblock]%16
block:</harden/bcfiles/linux_bcfiles/kbmi_usb_final.bc>:p4d_offset:[basicblock]%22	block:</harden/bcfiles/linux_bcfiles/kbmi_usb_final.bc>:p4d_offset:[basicblock]%17
block:</harden/bcfiles/linux_bcfiles/kbmi_usb_final.bc>:p4d_offset:[basicblock]%22	block:</harden/bcfiles/linux_bcfiles/kbmi_usb_final.bc>:p4d_offset:[basicblock]%19
block:</harden/bcfiles/linux_bcfiles/kbmi_usb_final.bc>:p4d_offset:[basicblock]%36	block:</harden/bcfiles/linux_bcfiles/kbmi_usb_final.bc>:p4d_offset:[basicblock]%2
block:</harden/bcfiles/linux_bcfiles/kbmi_usb_final.bc>:p4d_offset:[basicblock]%36	block:</harden/bcfiles/linux_bcfiles/kbmi_usb_final.bc>:p4d_offset:[basicblock]%16
block:</harden/bcfiles/linux_bcfiles/kbmi_usb_final.bc>:p4d_offset:[basicblock]%36	block:</harden/bcfiles/linux_bcfiles/kbmi_usb_final.bc>:p4d_offset:[basicblock]%17
block:</harden/bcfiles/linux_bcfiles/kbmi_usb_final.bc>:p4d_offset:[basicblock]%36	block:</harden/bcfiles/linux_bcfiles/kbmi_usb_final.bc>:p4d_offset:[basicblock]%19
block:</harden/bcfiles/linux_bcfiles/kbmi_usb_final.bc>:p4d_offset:[basicblock]%45	block:</harden/bcfiles/linux_bcfiles/kbmi_usb_final.bc>:p4d_offset:[basicblock]%2
block:</harden/bcfiles/linux_bcfiles/kbmi_usb_final.bc>:p4d_offset:[basicblock]%45	block:</harden/bcfiles/linux_bcfiles/kbmi_usb_final.bc>:p4d_offset:[basicblock]%16
block:</harden/bcfiles/linux_bcfiles/kbmi_usb_final.bc>:p4d_offset:[basicblock]%45	block:</harden/bcfiles/linux_bcfiles/kbmi_usb_final.bc>:p4d_offset:[basicblock]%17
block:</harden/bcfiles/linux_bcfiles/kbmi_usb_final.bc>:p4d_offset:[basicblock]%45	block:</harden/bcfiles/linux_bcfiles/kbmi_usb_final.bc>:p4d_offset:[basicblock]%19
block:</harden/bcfiles/linux_bcfiles/kbmi_usb_final.bc>:p4d_offset:[basicblock]%48	block:</harden/bcfiles/linux_bcfiles/kbmi_usb_final.bc>:p4d_offset:[basicblock]%2
block:</harden/bcfiles/linux_bcfiles/kbmi_usb_final.bc>:p4d_offset:[basicblock]%48	block:</harden/bcfiles/linux_bcfiles/kbmi_usb_final.bc>:p4d_offset:[basicblock]%16
block:</harden/bcfiles/linux_bcfiles/kbmi_usb_final.bc>:p4d_offset:[basicblock]%59	block:</harden/bcfiles/linux_bcfiles/kbmi_usb_final.bc>:p4d_offset:[basicblock]%2
block:</harden/bcfiles/linux_bcfiles/kbmi_usb_final.bc>:p4d_offset:[basicblock]%59	block:</harden/bcfiles/linux_bcfiles/kbmi_usb_final.bc>:p4d_offset:[basicblock]%16
block:</harden/bcfiles/linux_bcfiles/kbmi_usb_final.bc>:p4d_offset:[basicblock]%59	block:</harden/bcfiles/linux_bcfiles/kbmi_usb_final.bc>:p4d_offset:[basicblock]%48
block:</harden/bcfiles/linux_bcfiles/kbmi_usb_final.bc>:p4d_offset:[basicblock]%60	block:</harden/bcfiles/linux_bcfiles/kbmi_usb_final.bc>:p4d_offset:[basicblock]%2
block:</harden/bcfiles/linux_bcfiles/kbmi_usb_final.bc>:p4d_offset:[basicblock]%60	block:</harden/bcfiles/linux_bcfiles/kbmi_usb_final.bc>:p4d_offset:[basicblock]%16
block:</harden/bcfiles/linux_bcfiles/kbmi_usb_final.bc>:p4d_offset:[basicblock]%60	block:</harden/bcfiles/linux_bcfiles/kbmi_usb_final.bc>:p4d_offset:[basicblock]%48
block:</harden/bcfiles/linux_bcfiles/kbmi_usb_final.bc>:p4d_offset:[basicblock]%61	block:</harden/bcfiles/linux_bcfiles/kbmi_usb_final.bc>:p4d_offset:[basicblock]%2
block:</harden/bcfiles/linux_bcfiles/kbmi_usb_final.bc>:p4d_offset:[basicblock]%61	block:</harden/bcfiles/linux_bcfiles/kbmi_usb_final.bc>:p4d_offset:[basicblock]%16
block:</harden/bcfiles/linux_bcfiles/kbmi_usb_final.bc>:p4d_offset:[basicblock]%61	block:</harden/bcfiles/linux_bcfiles/kbmi_usb_final.bc>:p4d_offset:[basicblock]%48
block:</harden/bcfiles/linux_bcfiles/kbmi_usb_final.bc>:p4d_offset:[basicblock]%62	block:</harden/bcfiles/linux_bcfiles/kbmi_usb_final.bc>:p4d_offset:[basicblock]%2
block:</harden/bcfiles/linux_bcfiles/kbmi_usb_final.bc>:p4d_offset:[basicblock]%62	block:</harden/bcfiles/linux_bcfiles/kbmi_usb_final.bc>:p4d_offset:[basicblock]%16
block:</harden/bcfiles/linux_bcfiles/kbmi_usb_final.bc>:p4d_offset:[basicblock]%62	block:</harden/bcfiles/linux_bcfiles/kbmi_usb_final.bc>:p4d_offset:[basicblock]%48
block:</harden/bcfiles/linux_bcfiles/kbmi_usb_final.bc>:p4d_offset:[basicblock]%64	block:</harden/bcfiles/linux_bcfiles/kbmi_usb_final.bc>:p4d_offset:[basicblock]%2
block:</harden/bcfiles/linux_bcfiles/kbmi_usb_final.bc>:p4d_offset:[basicblock]%67	block:</harden/bcfiles/linux_bcfiles/kbmi_usb_final.bc>:p4d_offset:[basicblock]%2
block:</harden/bcfiles/linux_bcfiles/kbmi_usb_final.bc>:p4d_offset:[basicblock]%76	block:</harden/bcfiles/linux_bcfiles/kbmi_usb_final.bc>:p4d_offset:[basicblock]%2
block:</harden/bcfiles/linux_bcfiles/kbmi_usb_final.bc>:pud_pfn_mask:[basicblock]%10	block:</harden/bcfiles/linux_bcfiles/kbmi_usb_final.bc>:pud_pfn_mask:[basicblock]%1
block:</harden/bcfiles/linux_bcfiles/kbmi_usb_final.bc>:pud_pfn_mask:[basicblock]%11	block:</harden/bcfiles/linux_bcfiles/kbmi_usb_final.bc>:pud_pfn_mask:[basicblock]%1
block:</harden/bcfiles/linux_bcfiles/kbmi_usb_final.bc>:pud_pfn_mask:[basicblock]%12	block:</harden/bcfiles/linux_bcfiles/kbmi_usb_final.bc>:pud_pfn_mask:[basicblock]%1
