*global_alloc@llvm.compiler.used	[6 x i8*]
*global_alloc@__UNIQUE_ID___addressable_init_module254	i8*
*global_alloc@__UNIQUE_ID___addressable_cleanup_module255	i8*
*global_alloc@__UNIQUE_ID_license256	[12 x i8]
*global_alloc@__UNIQUE_ID_author257	[18 x i8]
*global_alloc@__UNIQUE_ID_description258	[41 x i8]
*global_alloc@message_buffer	[0 x i8]
*global_alloc@.str	[23 x i8]
*global_alloc@.str.1	[37 x i8]
*global_alloc@my_nb	{ i32 (%struct.notifier_block*, i64, i8*)*, %struct.notifier_block*, i32 }
*global_alloc@__UNIQUE_ID___addressable_make_dynamic_area250	i8*
*global_alloc@pcpu_hot	%struct.pcpu_hot
*global_alloc@init_mm	%struct.mm_struct
*global_alloc@page_offset_base	i64
*global_alloc@boot_cpu_data	%struct.cpuinfo_x86
*global_alloc@ptrs_per_p4d	i32
*global_alloc@pgdir_shift	i32
