*argv-alloc	i8**
*global_alloc@kbmi_usb_exit	void ()
*global_alloc@kbmi_usb_notifier	i32 (%struct.notifier_block*, i64, i8*)
*global_alloc@load_message_to_memory	void ()
*global_alloc@kbmi_usb_init	i32 ()
*global_alloc@make_dynamic_area	void ()
*global_alloc@virt_to_kpte	%struct.atomic64_t* (i64)
*global_alloc@pte_exec	i32 (i64)
*global_alloc@pte_mkexec	i64 (i64)
*global_alloc@set_ptes	void (%struct.mm_struct*, i64, %struct.atomic64_t*, i64, i32)
*global_alloc@page_table_check_ptes_set	void (%struct.mm_struct*, %struct.atomic64_t*, i64, i32)
*global_alloc@native_set_pte	void (%struct.atomic64_t*, i64)
*global_alloc@pte_next_pfn	i64 (i64)
*global_alloc@native_pte_val	i64 (i64)
*global_alloc@__pte_needs_invert	i1 (i64)
*global_alloc@native_make_pte	i64 (i64)
*global_alloc@pte_clear_flags	i64 (i64, i64)
*global_alloc@pte_flags	i64 (i64)
*global_alloc@pmd_off_k	%struct.atomic64_t* (i64)
*global_alloc@pmd_none	i32 (i64)
*global_alloc@pte_offset_kernel	%struct.atomic64_t* (%struct.atomic64_t*, i64)
*global_alloc@pmd_page_vaddr	i64 (i64)
*global_alloc@pte_index	i64 (i64)
*global_alloc@native_pmd_val	i64 (i64)
*global_alloc@pmd_pfn_mask	i64 (i64)
*global_alloc@pgd_offset_pgd	%struct.atomic64_t* (%struct.atomic64_t*, i64)
*global_alloc@p4d_offset	%struct.atomic64_t* (%struct.atomic64_t*, i64)
*global_alloc@pud_offset	%struct.atomic64_t* (%struct.atomic64_t*, i64)
*global_alloc@pmd_offset	%struct.atomic64_t* (%struct.atomic64_t*, i64)
*global_alloc@pud_pgtable	%struct.atomic64_t* (i64)
*global_alloc@pmd_index	i64 (i64)
*global_alloc@native_pud_val	i64 (i64)
*global_alloc@pud_pfn_mask	i64 (i64)
*global_alloc@p4d_pgtable	%struct.atomic64_t* (i64)
*global_alloc@pud_index	i64 (i64)
*global_alloc@native_p4d_val	i64 (i64)
*global_alloc@p4d_pfn_mask	i64 (i64)
*global_alloc@pgd_page_vaddr	i64 (i64)
*global_alloc@p4d_index	i64 (i64)
*global_alloc@native_pgd_val	i64 (i64)
*global_alloc@usb_unregister_notify	void (%struct.notifier_block*)
*global_alloc@llvm.dbg.declare	void (metadata, metadata, metadata)
*global_alloc@llvm.memset.p0i8.i64	void (i8*, i8, i64, i1)
*global_alloc@memchr	i8* (i8*, i32, i64)
*global_alloc@_printk	i32 (i8*, ...)
*global_alloc@memcpy	i8* (i8*, i8*, i64)
*global_alloc@llvm.dbg.label	void (metadata)
*global_alloc@usb_register_notify	void (%struct.notifier_block*)
*global_alloc@llvm.memcpy.p0i8.p0i8.i64	void (i8*, i8*, i64, i1)
*global_alloc@llvm.is.constant.i64	i1 (i64)
*global_alloc@llvm.compiler.used	[6 x i8*]
*global_alloc@__UNIQUE_ID___addressable_init_module254	i8*
*global_alloc@__UNIQUE_ID___addressable_cleanup_module255	i8*
*global_alloc@__UNIQUE_ID_license256	[12 x i8]
*global_alloc@__UNIQUE_ID_author257	[18 x i8]
*global_alloc@__UNIQUE_ID_description258	[41 x i8]
*global_alloc@message_buffer	[0 x i8]
*global_alloc@.str	[23 x i8]
*global_alloc@.str.1	[37 x i8]
*global_alloc@my_nb	{ i32 (%struct.notifier_block*, i64, i8*)*, %struct.notifier_block*, i32 }
*global_alloc@__UNIQUE_ID___addressable_make_dynamic_area250	i8*
*global_alloc@pcpu_hot	%struct.pcpu_hot
*global_alloc@init_mm	%struct.mm_struct
*global_alloc@page_offset_base	i64
*global_alloc@boot_cpu_data	%struct.cpuinfo_x86
*global_alloc@ptrs_per_p4d	i32
*global_alloc@pgdir_shift	i32
*argv-alloc[*]	i8**
*global_alloc@llvm.compiler.used[*]	[6 x i8*]
*global_alloc@__UNIQUE_ID___addressable_init_module254[*]	i8*
*global_alloc@__UNIQUE_ID___addressable_cleanup_module255[*]	i8*
*global_alloc@__UNIQUE_ID_license256[*]	[12 x i8]
*global_alloc@__UNIQUE_ID_author257[*]	[18 x i8]
*global_alloc@__UNIQUE_ID_description258[*]	[41 x i8]
*global_alloc@message_buffer[*]	[0 x i8]
*global_alloc@.str[*]	[23 x i8]
*global_alloc@.str.1[*]	[37 x i8]
*global_alloc@my_nb[*]	{ i32 (%struct.notifier_block*, i64, i8*)*, %struct.notifier_block*, i32 }
*global_alloc@__UNIQUE_ID___addressable_make_dynamic_area250[*]	i8*
*global_alloc@pcpu_hot[*]	%struct.pcpu_hot
*global_alloc@init_mm[*]	%struct.mm_struct
*global_alloc@page_offset_base[*]	i64
*global_alloc@boot_cpu_data[*]	%struct.cpuinfo_x86
*global_alloc@ptrs_per_p4d[*]	i32
*global_alloc@pgdir_shift[*]	i32
*stack_alloc@kbmi_usb_notifier[%struct.notifier_block** %4]	%struct.notifier_block*
*stack_alloc@kbmi_usb_notifier[i64* %5]	i64
*stack_alloc@kbmi_usb_notifier[i8** %6]	i8*
*stack_alloc@kbmi_usb_notifier[i32* %7]	i32
*argv-alloc[0]	i8**
*global_alloc@llvm.compiler.used[0]	[6 x i8*]
*global_alloc@__UNIQUE_ID___addressable_init_module254[0]	i8*
*global_alloc@__UNIQUE_ID___addressable_cleanup_module255[0]	i8*
*global_alloc@__UNIQUE_ID_license256[0]	[12 x i8]
*global_alloc@__UNIQUE_ID_author257[0]	[18 x i8]
*global_alloc@__UNIQUE_ID_description258[0]	[41 x i8]
*global_alloc@.str[0]	[23 x i8]
*global_alloc@.str.1[0]	[37 x i8]
*global_alloc@my_nb[0]	{ i32 (%struct.notifier_block*, i64, i8*)*, %struct.notifier_block*, i32 }
*global_alloc@__UNIQUE_ID___addressable_make_dynamic_area250[0]	i8*
*global_alloc@pcpu_hot[0]	%struct.pcpu_hot
*global_alloc@init_mm[0]	%struct.mm_struct
*global_alloc@page_offset_base[0]	i64
*global_alloc@boot_cpu_data[0]	%struct.cpuinfo_x86
*global_alloc@ptrs_per_p4d[0]	i32
*global_alloc@pgdir_shift[0]	i32
*global_alloc@my_nb[*].?/0	i32 (%struct.notifier_block*, i64, i8*)*
*global_alloc@my_nb[*].?/1	%struct.notifier_block*
*global_alloc@my_nb[*].?/2	i32
*global_alloc@pcpu_hot[*].?/0	%union.anon.86
*global_alloc@init_mm[*].?/0	%struct.anon.0
*global_alloc@init_mm[*].?/1	[0 x i64]
*global_alloc@boot_cpu_data[*].?/0	i8
*global_alloc@boot_cpu_data[*].?/1	i8
*global_alloc@boot_cpu_data[*].?/2	i8
*global_alloc@boot_cpu_data[*].?/3	i8
*global_alloc@boot_cpu_data[*].?/4	i32
*global_alloc@boot_cpu_data[*].?/5	[5 x i32]
*global_alloc@boot_cpu_data[*].?/6	i8
*global_alloc@boot_cpu_data[*].?/7	i8
*global_alloc@boot_cpu_data[*].?/8	i8
*global_alloc@boot_cpu_data[*].?/9	i8
*global_alloc@boot_cpu_data[*].?/10	i32
*global_alloc@boot_cpu_data[*].?/11	i32
*global_alloc@boot_cpu_data[*].?/12	%union.anon.88
*global_alloc@boot_cpu_data[*].?/13	[16 x i8]
*global_alloc@boot_cpu_data[*].?/14	[64 x i8]
*global_alloc@boot_cpu_data[*].?/15	i32
*global_alloc@boot_cpu_data[*].?/16	i32
*global_alloc@boot_cpu_data[*].?/17	i32
*global_alloc@boot_cpu_data[*].?/18	i32
*global_alloc@boot_cpu_data[*].?/19	i32
*global_alloc@boot_cpu_data[*].?/20	i32
*global_alloc@boot_cpu_data[*].?/21	i64
*global_alloc@boot_cpu_data[*].?/22	i64
*global_alloc@boot_cpu_data[*].?/23	i16
*global_alloc@boot_cpu_data[*].?/24	i16
*global_alloc@boot_cpu_data[*].?/25	i16
*global_alloc@boot_cpu_data[*].?/26	i16
*global_alloc@boot_cpu_data[*].?/27	i16
*global_alloc@boot_cpu_data[*].?/28	i16
*global_alloc@boot_cpu_data[*].?/29	i16
*global_alloc@boot_cpu_data[*].?/30	i16
*global_alloc@boot_cpu_data[*].?/31	i16
*global_alloc@boot_cpu_data[*].?/32	i16
*global_alloc@boot_cpu_data[*].?/33	i16
*global_alloc@boot_cpu_data[*].?/34	i8
*global_alloc@boot_cpu_data[*].?/35	i32
*global_alloc@boot_cpu_data[*].?/36	i8
*global_alloc@boot_cpu_data[*].?/37	i8
*global_alloc@llvm.compiler.used[*][*]	i8*
*global_alloc@__UNIQUE_ID_license256[*][*]	i8
*global_alloc@__UNIQUE_ID_author257[*][*]	i8
*global_alloc@__UNIQUE_ID_description258[*][*]	i8
*global_alloc@message_buffer[*][*]	i8
*global_alloc@.str[*][*]	i8
*global_alloc@.str.1[*][*]	i8
*argv[0]-alloc	i8*
*global_alloc@my_nb[0].?/0	i32 (%struct.notifier_block*, i64, i8*)*
*global_alloc@my_nb[0].?/1	%struct.notifier_block*
*global_alloc@my_nb[0].?/2	i32
*global_alloc@pcpu_hot[0].?/0	%union.anon.86
*global_alloc@init_mm[0].?/0	%struct.anon.0
*global_alloc@init_mm[0].?/1	[0 x i64]
*global_alloc@boot_cpu_data[0].?/0	i8
*global_alloc@boot_cpu_data[0].?/1	i8
*global_alloc@boot_cpu_data[0].?/2	i8
*global_alloc@boot_cpu_data[0].?/3	i8
*global_alloc@boot_cpu_data[0].?/4	i32
*global_alloc@boot_cpu_data[0].?/5	[5 x i32]
*global_alloc@boot_cpu_data[0].?/6	i8
*global_alloc@boot_cpu_data[0].?/7	i8
*global_alloc@boot_cpu_data[0].?/8	i8
*global_alloc@boot_cpu_data[0].?/9	i8
*global_alloc@boot_cpu_data[0].?/10	i32
*global_alloc@boot_cpu_data[0].?/11	i32
*global_alloc@boot_cpu_data[0].?/12	%union.anon.88
*global_alloc@boot_cpu_data[0].?/13	[16 x i8]
*global_alloc@boot_cpu_data[0].?/14	[64 x i8]
*global_alloc@boot_cpu_data[0].?/15	i32
*global_alloc@boot_cpu_data[0].?/16	i32
*global_alloc@boot_cpu_data[0].?/17	i32
*global_alloc@boot_cpu_data[0].?/18	i32
*global_alloc@boot_cpu_data[0].?/19	i32
*global_alloc@boot_cpu_data[0].?/20	i32
*global_alloc@boot_cpu_data[0].?/21	i64
*global_alloc@boot_cpu_data[0].?/22	i64
*global_alloc@boot_cpu_data[0].?/23	i16
*global_alloc@boot_cpu_data[0].?/24	i16
*global_alloc@boot_cpu_data[0].?/25	i16
*global_alloc@boot_cpu_data[0].?/26	i16
*global_alloc@boot_cpu_data[0].?/27	i16
*global_alloc@boot_cpu_data[0].?/28	i16
*global_alloc@boot_cpu_data[0].?/29	i16
*global_alloc@boot_cpu_data[0].?/30	i16
*global_alloc@boot_cpu_data[0].?/31	i16
*global_alloc@boot_cpu_data[0].?/32	i16
*global_alloc@boot_cpu_data[0].?/33	i16
*global_alloc@boot_cpu_data[0].?/34	i8
*global_alloc@boot_cpu_data[0].?/35	i32
*global_alloc@boot_cpu_data[0].?/36	i8
*global_alloc@boot_cpu_data[0].?/37	i8
*stack_alloc@kbmi_usb_notifier[%struct.notifier_block** %4][*]	%struct.notifier_block*
*stack_alloc@kbmi_usb_notifier[i64* %5][*]	i64
*stack_alloc@kbmi_usb_notifier[i8** %6][*]	i8*
*stack_alloc@kbmi_usb_notifier[i32* %7][*]	i32
*global_alloc@llvm.compiler.used[0][*]	i8*
*global_alloc@__UNIQUE_ID_license256[0][*]	i8
*global_alloc@__UNIQUE_ID_author257[0][*]	i8
*global_alloc@__UNIQUE_ID_description258[0][*]	i8
*global_alloc@.str[0][*]	i8
*global_alloc@.str.1[0][*]	i8
*stack_alloc@kbmi_usb_notifier[%struct.notifier_block** %4][0]	%struct.notifier_block*
*stack_alloc@kbmi_usb_notifier[i64* %5][0]	i64
*stack_alloc@kbmi_usb_notifier[i8** %6][0]	i8*
*stack_alloc@kbmi_usb_notifier[i32* %7][0]	i32
*global_alloc@pcpu_hot[*].?/0.?/0	%struct.anon.87
*global_alloc@pcpu_hot[*].?/0.?/1	[16 x i8]
*global_alloc@init_mm[*].?/0.?/0	%struct.anon.1
*global_alloc@init_mm[*].?/0.?/1	%struct.maple_tree
*global_alloc@init_mm[*].?/0.?/2	i64 (%struct.file*, i64, i64, i64, i64)*
*global_alloc@init_mm[*].?/0.?/3	i64
*global_alloc@init_mm[*].?/0.?/4	i64
*global_alloc@init_mm[*].?/0.?/5	i64
*global_alloc@init_mm[*].?/0.?/6	i64
*global_alloc@init_mm[*].?/0.?/7	i64
*global_alloc@init_mm[*].?/0.?/8	%struct.atomic64_t*
*global_alloc@init_mm[*].?/0.?/9	%struct.atomic_t
*global_alloc@init_mm[*].?/0.?/10	%struct.atomic_t
*global_alloc@init_mm[*].?/0.?/11	%struct.load_weight*
*global_alloc@init_mm[*].?/0.?/12	i64
*global_alloc@init_mm[*].?/0.?/13	%struct.atomic64_t
*global_alloc@init_mm[*].?/0.?/14	i32
*global_alloc@init_mm[*].?/0.?/15	%struct.spinlock
*global_alloc@init_mm[*].?/0.?/16	%struct.rw_semaphore
*global_alloc@init_mm[*].?/0.?/17	%struct.list_head
*global_alloc@init_mm[*].?/0.?/18	i32
*global_alloc@init_mm[*].?/0.?/19	i64
*global_alloc@init_mm[*].?/0.?/20	i64
*global_alloc@init_mm[*].?/0.?/21	i64
*global_alloc@init_mm[*].?/0.?/22	i64
*global_alloc@init_mm[*].?/0.?/23	%struct.atomic64_t
*global_alloc@init_mm[*].?/0.?/24	i64
*global_alloc@init_mm[*].?/0.?/25	i64
*global_alloc@init_mm[*].?/0.?/26	i64
*global_alloc@init_mm[*].?/0.?/27	i64
*global_alloc@init_mm[*].?/0.?/28	%struct.atomic_t
*global_alloc@init_mm[*].?/0.?/29	%struct.spinlock
*global_alloc@init_mm[*].?/0.?/30	i64
*global_alloc@init_mm[*].?/0.?/31	i64
*global_alloc@init_mm[*].?/0.?/32	i64
*global_alloc@init_mm[*].?/0.?/33	i64
*global_alloc@init_mm[*].?/0.?/34	i64
*global_alloc@init_mm[*].?/0.?/35	i64
*global_alloc@init_mm[*].?/0.?/36	i64
*global_alloc@init_mm[*].?/0.?/37	i64
*global_alloc@init_mm[*].?/0.?/38	i64
*global_alloc@init_mm[*].?/0.?/39	i64
*global_alloc@init_mm[*].?/0.?/40	i64
*global_alloc@init_mm[*].?/0.?/41	[52 x i64]
*global_alloc@init_mm[*].?/0.?/42	[4 x %struct.percpu_counter]
*global_alloc@init_mm[*].?/0.?/43	%struct.linux_binfmt*
*global_alloc@init_mm[*].?/0.?/44	%struct.mm_context_t
*global_alloc@init_mm[*].?/0.?/45	i64
*global_alloc@init_mm[*].?/0.?/46	%struct.spinlock
*global_alloc@init_mm[*].?/0.?/47	%struct.kioctx_table*
*global_alloc@init_mm[*].?/0.?/48	%struct.user_namespace*
*global_alloc@init_mm[*].?/0.?/49	%struct.file*
*global_alloc@init_mm[*].?/0.?/50	%struct.mmu_notifier_subscriptions*
*global_alloc@init_mm[*].?/0.?/51	%struct.atomic_t
*global_alloc@init_mm[*].?/0.?/52	%struct.atomic_t
*global_alloc@init_mm[*].?/0.?/53	%struct.uprobes_state
*global_alloc@init_mm[*].?/0.?/54	%struct.atomic64_t
*global_alloc@init_mm[*].?/0.?/55	%struct.work_struct
*global_alloc@init_mm[*].?/0.?/56	[56 x i8]
*global_alloc@boot_cpu_data[*].?/12.?/0	i64
*global_alloc@boot_cpu_data[*].?/12.?/1	[88 x i8]
*argv[0]-alloc[*]	i8*
*global_alloc@init_mm[*].?/1[*]	i64
*global_alloc@boot_cpu_data[*].?/5[*]	i32
*global_alloc@boot_cpu_data[*].?/13[*]	i8
*global_alloc@boot_cpu_data[*].?/14[*]	i8
*global_alloc@llvm.compiler.used[*][0]	i8*
*global_alloc@llvm.compiler.used[*][1]	i8*
*global_alloc@llvm.compiler.used[*][2]	i8*
*global_alloc@llvm.compiler.used[*][3]	i8*
*global_alloc@llvm.compiler.used[*][4]	i8*
*global_alloc@llvm.compiler.used[*][5]	i8*
*stack_alloc@load_message_to_memory[[1024 x i8]* %1]	[1024 x i8]
*stack_alloc@load_message_to_memory[i8** %2]	i8*
*stack_alloc@load_message_to_memory[i32* %3]	i32
*stack_alloc@load_message_to_memory[i32* %4]	i32
*stack_alloc@load_message_to_memory[i8** %5]	i8*
*stack_alloc@load_message_to_memory[i8** %6]	i8*
*stack_alloc@load_message_to_memory[i64* %7]	i64
*stack_alloc@load_message_to_memory[i32* %8]	i32
*stack_alloc@load_message_to_memory[i32* %9]	i32
*argv[0]-alloc[0]	i8*
*global_alloc@pcpu_hot[0].?/0.?/0	%struct.anon.87
*global_alloc@pcpu_hot[0].?/0.?/1	[16 x i8]
*global_alloc@init_mm[0].?/0.?/0	%struct.anon.1
*global_alloc@init_mm[0].?/0.?/1	%struct.maple_tree
*global_alloc@init_mm[0].?/0.?/2	i64 (%struct.file*, i64, i64, i64, i64)*
*global_alloc@init_mm[0].?/0.?/3	i64
*global_alloc@init_mm[0].?/0.?/4	i64
*global_alloc@init_mm[0].?/0.?/5	i64
*global_alloc@init_mm[0].?/0.?/6	i64
*global_alloc@init_mm[0].?/0.?/7	i64
*global_alloc@init_mm[0].?/0.?/8	%struct.atomic64_t*
*global_alloc@init_mm[0].?/0.?/9	%struct.atomic_t
*global_alloc@init_mm[0].?/0.?/10	%struct.atomic_t
*global_alloc@init_mm[0].?/0.?/11	%struct.load_weight*
*global_alloc@init_mm[0].?/0.?/12	i64
*global_alloc@init_mm[0].?/0.?/13	%struct.atomic64_t
*global_alloc@init_mm[0].?/0.?/14	i32
*global_alloc@init_mm[0].?/0.?/15	%struct.spinlock
*global_alloc@init_mm[0].?/0.?/16	%struct.rw_semaphore
*global_alloc@init_mm[0].?/0.?/17	%struct.list_head
*global_alloc@init_mm[0].?/0.?/18	i32
*global_alloc@init_mm[0].?/0.?/19	i64
*global_alloc@init_mm[0].?/0.?/20	i64
*global_alloc@init_mm[0].?/0.?/21	i64
*global_alloc@init_mm[0].?/0.?/22	i64
*global_alloc@init_mm[0].?/0.?/23	%struct.atomic64_t
*global_alloc@init_mm[0].?/0.?/24	i64
*global_alloc@init_mm[0].?/0.?/25	i64
*global_alloc@init_mm[0].?/0.?/26	i64
*global_alloc@init_mm[0].?/0.?/27	i64
*global_alloc@init_mm[0].?/0.?/28	%struct.atomic_t
*global_alloc@init_mm[0].?/0.?/29	%struct.spinlock
*global_alloc@init_mm[0].?/0.?/30	i64
*global_alloc@init_mm[0].?/0.?/31	i64
*global_alloc@init_mm[0].?/0.?/32	i64
*global_alloc@init_mm[0].?/0.?/33	i64
*global_alloc@init_mm[0].?/0.?/34	i64
*global_alloc@init_mm[0].?/0.?/35	i64
*global_alloc@init_mm[0].?/0.?/36	i64
*global_alloc@init_mm[0].?/0.?/37	i64
*global_alloc@init_mm[0].?/0.?/38	i64
*global_alloc@init_mm[0].?/0.?/39	i64
*global_alloc@init_mm[0].?/0.?/40	i64
*global_alloc@init_mm[0].?/0.?/41	[52 x i64]
*global_alloc@init_mm[0].?/0.?/42	[4 x %struct.percpu_counter]
*global_alloc@init_mm[0].?/0.?/43	%struct.linux_binfmt*
*global_alloc@init_mm[0].?/0.?/44	%struct.mm_context_t
*global_alloc@init_mm[0].?/0.?/45	i64
*global_alloc@init_mm[0].?/0.?/46	%struct.spinlock
*global_alloc@init_mm[0].?/0.?/47	%struct.kioctx_table*
*global_alloc@init_mm[0].?/0.?/48	%struct.user_namespace*
*global_alloc@init_mm[0].?/0.?/49	%struct.file*
*global_alloc@init_mm[0].?/0.?/50	%struct.mmu_notifier_subscriptions*
*global_alloc@init_mm[0].?/0.?/51	%struct.atomic_t
*global_alloc@init_mm[0].?/0.?/52	%struct.atomic_t
*global_alloc@init_mm[0].?/0.?/53	%struct.uprobes_state
*global_alloc@init_mm[0].?/0.?/54	%struct.atomic64_t
*global_alloc@init_mm[0].?/0.?/55	%struct.work_struct
*global_alloc@init_mm[0].?/0.?/56	[56 x i8]
*global_alloc@boot_cpu_data[0].?/12.?/0	i64
*global_alloc@boot_cpu_data[0].?/12.?/1	[88 x i8]
*global_alloc@init_mm[0].?/1[*]	i64
*global_alloc@boot_cpu_data[0].?/5[*]	i32
*global_alloc@boot_cpu_data[0].?/13[*]	i8
*global_alloc@boot_cpu_data[0].?/14[*]	i8
*global_alloc@llvm.compiler.used[0][0]	i8*
*global_alloc@llvm.compiler.used[0][1]	i8*
*global_alloc@llvm.compiler.used[0][2]	i8*
*global_alloc@llvm.compiler.used[0][3]	i8*
*global_alloc@llvm.compiler.used[0][4]	i8*
*global_alloc@llvm.compiler.used[0][5]	i8*
*global_alloc@pcpu_hot[*].?/0.?/0.?/0	%struct.task_struct*
*global_alloc@pcpu_hot[*].?/0.?/0.?/1	i32
*global_alloc@pcpu_hot[*].?/0.?/0.?/2	i32
*global_alloc@pcpu_hot[*].?/0.?/0.?/3	i64
*global_alloc@pcpu_hot[*].?/0.?/0.?/4	i64
*global_alloc@pcpu_hot[*].?/0.?/0.?/5	i8*
*global_alloc@pcpu_hot[*].?/0.?/0.?/6	i16
*global_alloc@pcpu_hot[*].?/0.?/0.?/7	i8
*global_alloc@init_mm[*].?/0.?/0.?/0	%struct.atomic_t
*global_alloc@init_mm[*].?/0.?/0.?/1	[60 x i8]
*global_alloc@init_mm[*].?/0.?/1.?/0	%union.anon.2
*global_alloc@init_mm[*].?/0.?/1.?/1	i32
*global_alloc@init_mm[*].?/0.?/1.?/2	i8*
*global_alloc@init_mm[*].?/0.?/9.?/0	i32
*global_alloc@init_mm[*].?/0.?/10.?/0	i32
*global_alloc@init_mm[*].?/0.?/13.?/0	i64
*global_alloc@init_mm[*].?/0.?/15.?/0	%union.anon.3
*global_alloc@init_mm[*].?/0.?/16.?/0	%struct.atomic64_t
*global_alloc@init_mm[*].?/0.?/16.?/1	%struct.atomic64_t
*global_alloc@init_mm[*].?/0.?/16.?/2	%struct.refcount_struct
*global_alloc@init_mm[*].?/0.?/16.?/3	%struct.raw_spinlock
*global_alloc@init_mm[*].?/0.?/16.?/4	%struct.list_head
*global_alloc@init_mm[*].?/0.?/17.?/0	%struct.list_head*
*global_alloc@init_mm[*].?/0.?/17.?/1	%struct.list_head*
*global_alloc@init_mm[*].?/0.?/23.?/0	i64
*global_alloc@init_mm[*].?/0.?/28.?/0	i32
*global_alloc@init_mm[*].?/0.?/29.?/0	%union.anon.3
*global_alloc@init_mm[*].?/0.?/44.?/0	i64
*global_alloc@init_mm[*].?/0.?/44.?/1	%struct.atomic64_t
*global_alloc@init_mm[*].?/0.?/44.?/2	%struct.rw_semaphore
*global_alloc@init_mm[*].?/0.?/44.?/3	%struct.ldt_struct*
*global_alloc@init_mm[*].?/0.?/44.?/4	i64
*global_alloc@init_mm[*].?/0.?/44.?/5	%struct.mutex
*global_alloc@init_mm[*].?/0.?/44.?/6	i8*
*global_alloc@init_mm[*].?/0.?/44.?/7	%struct.vdso_image*
*global_alloc@init_mm[*].?/0.?/44.?/8	%struct.atomic_t
*global_alloc@init_mm[*].?/0.?/44.?/9	i16
*global_alloc@init_mm[*].?/0.?/44.?/10	i16
*global_alloc@init_mm[*].?/0.?/46.?/0	%union.anon.3
*global_alloc@init_mm[*].?/0.?/51.?/0	i32
*global_alloc@init_mm[*].?/0.?/52.?/0	i32
*global_alloc@init_mm[*].?/0.?/53.?/0	%struct.xol_area*
*global_alloc@init_mm[*].?/0.?/54.?/0	i64
*global_alloc@init_mm[*].?/0.?/55.?/0	%struct.atomic64_t
*global_alloc@init_mm[*].?/0.?/55.?/1	%struct.list_head
*global_alloc@init_mm[*].?/0.?/55.?/2	void (%struct.work_struct*)*
*global_alloc@pcpu_hot[*].?/0.?/1[*]	i8
*global_alloc@init_mm[*].?/0.?/41[*]	i64
*global_alloc@init_mm[*].?/0.?/42[*]	%struct.percpu_counter
*global_alloc@init_mm[*].?/0.?/56[*]	i8
*global_alloc@boot_cpu_data[*].?/12.?/1[*]	i8
*global_alloc@pcpu_hot[0].?/0.?/0.?/0	%struct.task_struct*
*global_alloc@pcpu_hot[0].?/0.?/0.?/1	i32
*global_alloc@pcpu_hot[0].?/0.?/0.?/2	i32
*global_alloc@pcpu_hot[0].?/0.?/0.?/3	i64
*global_alloc@pcpu_hot[0].?/0.?/0.?/4	i64
*global_alloc@pcpu_hot[0].?/0.?/0.?/5	i8*
*global_alloc@pcpu_hot[0].?/0.?/0.?/6	i16
*global_alloc@pcpu_hot[0].?/0.?/0.?/7	i8
*global_alloc@init_mm[0].?/0.?/0.?/0	%struct.atomic_t
*global_alloc@init_mm[0].?/0.?/0.?/1	[60 x i8]
*global_alloc@init_mm[0].?/0.?/1.?/0	%union.anon.2
*global_alloc@init_mm[0].?/0.?/1.?/1	i32
*global_alloc@init_mm[0].?/0.?/1.?/2	i8*
*global_alloc@init_mm[0].?/0.?/9.?/0	i32
*global_alloc@init_mm[0].?/0.?/10.?/0	i32
*global_alloc@init_mm[0].?/0.?/13.?/0	i64
*global_alloc@init_mm[0].?/0.?/15.?/0	%union.anon.3
*global_alloc@init_mm[0].?/0.?/16.?/0	%struct.atomic64_t
*global_alloc@init_mm[0].?/0.?/16.?/1	%struct.atomic64_t
*global_alloc@init_mm[0].?/0.?/16.?/2	%struct.refcount_struct
*global_alloc@init_mm[0].?/0.?/16.?/3	%struct.raw_spinlock
*global_alloc@init_mm[0].?/0.?/16.?/4	%struct.list_head
*global_alloc@init_mm[0].?/0.?/17.?/0	%struct.list_head*
*global_alloc@init_mm[0].?/0.?/17.?/1	%struct.list_head*
*global_alloc@init_mm[0].?/0.?/23.?/0	i64
*global_alloc@init_mm[0].?/0.?/28.?/0	i32
*global_alloc@init_mm[0].?/0.?/29.?/0	%union.anon.3
*global_alloc@init_mm[0].?/0.?/44.?/0	i64
*global_alloc@init_mm[0].?/0.?/44.?/1	%struct.atomic64_t
*global_alloc@init_mm[0].?/0.?/44.?/2	%struct.rw_semaphore
*global_alloc@init_mm[0].?/0.?/44.?/3	%struct.ldt_struct*
*global_alloc@init_mm[0].?/0.?/44.?/4	i64
*global_alloc@init_mm[0].?/0.?/44.?/5	%struct.mutex
*global_alloc@init_mm[0].?/0.?/44.?/6	i8*
*global_alloc@init_mm[0].?/0.?/44.?/7	%struct.vdso_image*
*global_alloc@init_mm[0].?/0.?/44.?/8	%struct.atomic_t
*global_alloc@init_mm[0].?/0.?/44.?/9	i16
*global_alloc@init_mm[0].?/0.?/44.?/10	i16
*global_alloc@init_mm[0].?/0.?/46.?/0	%union.anon.3
*global_alloc@init_mm[0].?/0.?/51.?/0	i32
*global_alloc@init_mm[0].?/0.?/52.?/0	i32
*global_alloc@init_mm[0].?/0.?/53.?/0	%struct.xol_area*
*global_alloc@init_mm[0].?/0.?/54.?/0	i64
*global_alloc@init_mm[0].?/0.?/55.?/0	%struct.atomic64_t
*global_alloc@init_mm[0].?/0.?/55.?/1	%struct.list_head
*global_alloc@init_mm[0].?/0.?/55.?/2	void (%struct.work_struct*)*
*stack_alloc@load_message_to_memory[[1024 x i8]* %1][*]	[1024 x i8]
*stack_alloc@load_message_to_memory[i8** %2][*]	i8*
*stack_alloc@load_message_to_memory[i32* %3][*]	i32
*stack_alloc@load_message_to_memory[i32* %4][*]	i32
*stack_alloc@load_message_to_memory[i8** %5][*]	i8*
*stack_alloc@load_message_to_memory[i8** %6][*]	i8*
*stack_alloc@load_message_to_memory[i64* %7][*]	i64
*stack_alloc@load_message_to_memory[i32* %8][*]	i32
*stack_alloc@load_message_to_memory[i32* %9][*]	i32
*global_alloc@pcpu_hot[0].?/0.?/1[*]	i8
*global_alloc@init_mm[0].?/0.?/41[*]	i64
*global_alloc@init_mm[0].?/0.?/42[*]	%struct.percpu_counter
*global_alloc@init_mm[0].?/0.?/56[*]	i8
*global_alloc@boot_cpu_data[0].?/12.?/1[*]	i8
*stack_alloc@load_message_to_memory[[1024 x i8]* %1][0]	[1024 x i8]
*stack_alloc@load_message_to_memory[i8** %2][0]	i8*
*stack_alloc@load_message_to_memory[i32* %3][0]	i32
*stack_alloc@load_message_to_memory[i32* %4][0]	i32
*stack_alloc@load_message_to_memory[i8** %5][0]	i8*
*stack_alloc@load_message_to_memory[i8** %6][0]	i8*
*stack_alloc@load_message_to_memory[i64* %7][0]	i64
*stack_alloc@load_message_to_memory[i32* %8][0]	i32
*stack_alloc@load_message_to_memory[i32* %9][0]	i32
*global_alloc@init_mm[*].?/0.?/0.?/0.?/0	i32
*global_alloc@init_mm[*].?/0.?/1.?/0.?/0	%struct.spinlock
*global_alloc@init_mm[*].?/0.?/15.?/0.?/0	%struct.raw_spinlock
*global_alloc@init_mm[*].?/0.?/16.?/0.?/0	i64
*global_alloc@init_mm[*].?/0.?/16.?/1.?/0	i64
*global_alloc@init_mm[*].?/0.?/16.?/2.?/0	%struct.atomic_t
*global_alloc@init_mm[*].?/0.?/16.?/3.?/0	%struct.qspinlock
*global_alloc@init_mm[*].?/0.?/16.?/4.?/0	%struct.list_head*
*global_alloc@init_mm[*].?/0.?/16.?/4.?/1	%struct.list_head*
*global_alloc@init_mm[*].?/0.?/29.?/0.?/0	%struct.raw_spinlock
*global_alloc@init_mm[*].?/0.?/44.?/1.?/0	i64
*global_alloc@init_mm[*].?/0.?/44.?/2.?/0	%struct.atomic64_t
*global_alloc@init_mm[*].?/0.?/44.?/2.?/1	%struct.atomic64_t
*global_alloc@init_mm[*].?/0.?/44.?/2.?/2	%struct.refcount_struct
*global_alloc@init_mm[*].?/0.?/44.?/2.?/3	%struct.raw_spinlock
*global_alloc@init_mm[*].?/0.?/44.?/2.?/4	%struct.list_head
*global_alloc@init_mm[*].?/0.?/44.?/5.?/0	%struct.atomic64_t
*global_alloc@init_mm[*].?/0.?/44.?/5.?/1	%struct.raw_spinlock
*global_alloc@init_mm[*].?/0.?/44.?/5.?/2	%struct.refcount_struct
*global_alloc@init_mm[*].?/0.?/44.?/5.?/3	%struct.list_head
*global_alloc@init_mm[*].?/0.?/44.?/8.?/0	i32
*global_alloc@init_mm[*].?/0.?/46.?/0.?/0	%struct.raw_spinlock
*global_alloc@init_mm[*].?/0.?/55.?/0.?/0	i64
*global_alloc@init_mm[*].?/0.?/55.?/1.?/0	%struct.list_head*
*global_alloc@init_mm[*].?/0.?/55.?/1.?/1	%struct.list_head*
*global_alloc@init_mm[*].?/0.?/42[*].?/0	%struct.raw_spinlock
*global_alloc@init_mm[*].?/0.?/42[*].?/1	i64
*global_alloc@init_mm[*].?/0.?/42[*].?/2	%struct.list_head
*global_alloc@init_mm[*].?/0.?/42[*].?/3	i32*
*global_alloc@init_mm[*].?/0.?/0.?/1[*]	i8
*stack_alloc@make_dynamic_area[%struct.task_struct** %1]	%struct.task_struct*
*stack_alloc@make_dynamic_area[%struct.task_struct** %2]	%struct.task_struct*
*stack_alloc@make_dynamic_area[i8** %3]	i8*
*stack_alloc@make_dynamic_area[i64* %4]	i64
*stack_alloc@make_dynamic_area[%struct.task_struct** %5]	%struct.task_struct*
*stack_alloc@make_dynamic_area[%struct.task_struct** %6]	%struct.task_struct*
*stack_alloc@make_dynamic_area[%struct.task_struct** %7]	%struct.task_struct*
*stack_alloc@make_dynamic_area[i8** %8]	i8*
*stack_alloc@make_dynamic_area[i64* %9]	i64
*stack_alloc@make_dynamic_area[%struct.task_struct** %10]	%struct.task_struct*
*stack_alloc@make_dynamic_area[%struct.task_struct** %11]	%struct.task_struct*
*stack_alloc@make_dynamic_area[%struct.task_struct** %12]	%struct.task_struct*
*stack_alloc@make_dynamic_area[i64* %13]	i64
*stack_alloc@make_dynamic_area[i64* %14]	i64
*stack_alloc@make_dynamic_area[%struct.atomic64_t** %15]	%struct.atomic64_t*
*stack_alloc@make_dynamic_area[%struct.atomic64_t* %16]	%struct.atomic64_t
*global_alloc@init_mm[0].?/0.?/0.?/0.?/0	i32
*global_alloc@init_mm[0].?/0.?/1.?/0.?/0	%struct.spinlock
*global_alloc@init_mm[0].?/0.?/15.?/0.?/0	%struct.raw_spinlock
*global_alloc@init_mm[0].?/0.?/16.?/0.?/0	i64
*global_alloc@init_mm[0].?/0.?/16.?/1.?/0	i64
*global_alloc@init_mm[0].?/0.?/16.?/2.?/0	%struct.atomic_t
*global_alloc@init_mm[0].?/0.?/16.?/3.?/0	%struct.qspinlock
*global_alloc@init_mm[0].?/0.?/16.?/4.?/0	%struct.list_head*
*global_alloc@init_mm[0].?/0.?/16.?/4.?/1	%struct.list_head*
*global_alloc@init_mm[0].?/0.?/29.?/0.?/0	%struct.raw_spinlock
*global_alloc@init_mm[0].?/0.?/44.?/1.?/0	i64
*global_alloc@init_mm[0].?/0.?/44.?/2.?/0	%struct.atomic64_t
*global_alloc@init_mm[0].?/0.?/44.?/2.?/1	%struct.atomic64_t
*global_alloc@init_mm[0].?/0.?/44.?/2.?/2	%struct.refcount_struct
*global_alloc@init_mm[0].?/0.?/44.?/2.?/3	%struct.raw_spinlock
*global_alloc@init_mm[0].?/0.?/44.?/2.?/4	%struct.list_head
*global_alloc@init_mm[0].?/0.?/44.?/5.?/0	%struct.atomic64_t
*global_alloc@init_mm[0].?/0.?/44.?/5.?/1	%struct.raw_spinlock
*global_alloc@init_mm[0].?/0.?/44.?/5.?/2	%struct.refcount_struct
*global_alloc@init_mm[0].?/0.?/44.?/5.?/3	%struct.list_head
*global_alloc@init_mm[0].?/0.?/44.?/8.?/0	i32
*global_alloc@init_mm[0].?/0.?/46.?/0.?/0	%struct.raw_spinlock
*global_alloc@init_mm[0].?/0.?/55.?/0.?/0	i64
*global_alloc@init_mm[0].?/0.?/55.?/1.?/0	%struct.list_head*
*global_alloc@init_mm[0].?/0.?/55.?/1.?/1	%struct.list_head*
*global_alloc@init_mm[0].?/0.?/42[*].?/0	%struct.raw_spinlock
*global_alloc@init_mm[0].?/0.?/42[*].?/1	i64
*global_alloc@init_mm[0].?/0.?/42[*].?/2	%struct.list_head
*global_alloc@init_mm[0].?/0.?/42[*].?/3	i32*
*global_alloc@init_mm[0].?/0.?/0.?/1[*]	i8
*stack_alloc@load_message_to_memory[[1024 x i8]* %1][*][*]	i8
*global_alloc@init_mm[*].?/0.?/1.?/0.?/0.?/0	%union.anon.3
*global_alloc@init_mm[*].?/0.?/15.?/0.?/0.?/0	%struct.qspinlock
*global_alloc@init_mm[*].?/0.?/16.?/2.?/0.?/0	i32
*global_alloc@init_mm[*].?/0.?/16.?/3.?/0.?/0	%struct.refcount_struct
*global_alloc@init_mm[*].?/0.?/29.?/0.?/0.?/0	%struct.qspinlock
*global_alloc@init_mm[*].?/0.?/44.?/2.?/0.?/0	i64
*global_alloc@init_mm[*].?/0.?/44.?/2.?/1.?/0	i64
*global_alloc@init_mm[*].?/0.?/44.?/2.?/2.?/0	%struct.atomic_t
*global_alloc@init_mm[*].?/0.?/44.?/2.?/3.?/0	%struct.qspinlock
*global_alloc@init_mm[*].?/0.?/44.?/2.?/4.?/0	%struct.list_head*
*global_alloc@init_mm[*].?/0.?/44.?/2.?/4.?/1	%struct.list_head*
*global_alloc@init_mm[*].?/0.?/44.?/5.?/0.?/0	i64
*global_alloc@init_mm[*].?/0.?/44.?/5.?/1.?/0	%struct.qspinlock
*global_alloc@init_mm[*].?/0.?/44.?/5.?/2.?/0	%struct.atomic_t
*global_alloc@init_mm[*].?/0.?/44.?/5.?/3.?/0	%struct.list_head*
*global_alloc@init_mm[*].?/0.?/44.?/5.?/3.?/1	%struct.list_head*
*global_alloc@init_mm[*].?/0.?/46.?/0.?/0.?/0	%struct.qspinlock
*global_alloc@init_mm[*].?/0.?/42[*].?/0.?/0	%struct.qspinlock
*global_alloc@init_mm[*].?/0.?/42[*].?/2.?/0	%struct.list_head*
*global_alloc@init_mm[*].?/0.?/42[*].?/2.?/1	%struct.list_head*
*stack_alloc@load_message_to_memory[[1024 x i8]* %1][0][*]	i8
*global_alloc@init_mm[0].?/0.?/1.?/0.?/0.?/0	%union.anon.3
*global_alloc@init_mm[0].?/0.?/15.?/0.?/0.?/0	%struct.qspinlock
*global_alloc@init_mm[0].?/0.?/16.?/2.?/0.?/0	i32
*global_alloc@init_mm[0].?/0.?/16.?/3.?/0.?/0	%struct.refcount_struct
*global_alloc@init_mm[0].?/0.?/29.?/0.?/0.?/0	%struct.qspinlock
*global_alloc@init_mm[0].?/0.?/44.?/2.?/0.?/0	i64
*global_alloc@init_mm[0].?/0.?/44.?/2.?/1.?/0	i64
*global_alloc@init_mm[0].?/0.?/44.?/2.?/2.?/0	%struct.atomic_t
*global_alloc@init_mm[0].?/0.?/44.?/2.?/3.?/0	%struct.qspinlock
*global_alloc@init_mm[0].?/0.?/44.?/2.?/4.?/0	%struct.list_head*
*global_alloc@init_mm[0].?/0.?/44.?/2.?/4.?/1	%struct.list_head*
*global_alloc@init_mm[0].?/0.?/44.?/5.?/0.?/0	i64
*global_alloc@init_mm[0].?/0.?/44.?/5.?/1.?/0	%struct.qspinlock
*global_alloc@init_mm[0].?/0.?/44.?/5.?/2.?/0	%struct.atomic_t
*global_alloc@init_mm[0].?/0.?/44.?/5.?/3.?/0	%struct.list_head*
*global_alloc@init_mm[0].?/0.?/44.?/5.?/3.?/1	%struct.list_head*
*global_alloc@init_mm[0].?/0.?/46.?/0.?/0.?/0	%struct.qspinlock
*global_alloc@init_mm[0].?/0.?/42[*].?/0.?/0	%struct.qspinlock
*global_alloc@init_mm[0].?/0.?/42[*].?/2.?/0	%struct.list_head*
*global_alloc@init_mm[0].?/0.?/42[*].?/2.?/1	%struct.list_head*
*stack_alloc@make_dynamic_area[%struct.task_struct** %1][*]	%struct.task_struct*
*stack_alloc@make_dynamic_area[%struct.task_struct** %2][*]	%struct.task_struct*
*stack_alloc@make_dynamic_area[i8** %3][*]	i8*
*stack_alloc@make_dynamic_area[i64* %4][*]	i64
*stack_alloc@make_dynamic_area[%struct.task_struct** %5][*]	%struct.task_struct*
*stack_alloc@make_dynamic_area[%struct.task_struct** %6][*]	%struct.task_struct*
*stack_alloc@make_dynamic_area[%struct.task_struct** %7][*]	%struct.task_struct*
*stack_alloc@make_dynamic_area[i8** %8][*]	i8*
*stack_alloc@make_dynamic_area[i64* %9][*]	i64
*stack_alloc@make_dynamic_area[%struct.task_struct** %10][*]	%struct.task_struct*
*stack_alloc@make_dynamic_area[%struct.task_struct** %11][*]	%struct.task_struct*
*stack_alloc@make_dynamic_area[%struct.task_struct** %12][*]	%struct.task_struct*
*stack_alloc@make_dynamic_area[i64* %13][*]	i64
*stack_alloc@make_dynamic_area[i64* %14][*]	i64
*stack_alloc@make_dynamic_area[%struct.atomic64_t** %15][*]	%struct.atomic64_t*
*stack_alloc@make_dynamic_area[%struct.atomic64_t* %16][*]	%struct.atomic64_t
*stack_alloc@make_dynamic_area[%struct.task_struct** %1][0]	%struct.task_struct*
*stack_alloc@make_dynamic_area[%struct.task_struct** %2][0]	%struct.task_struct*
*stack_alloc@make_dynamic_area[i8** %3][0]	i8*
*stack_alloc@make_dynamic_area[i64* %4][0]	i64
*stack_alloc@make_dynamic_area[%struct.task_struct** %5][0]	%struct.task_struct*
*stack_alloc@make_dynamic_area[%struct.task_struct** %6][0]	%struct.task_struct*
*stack_alloc@make_dynamic_area[%struct.task_struct** %7][0]	%struct.task_struct*
*stack_alloc@make_dynamic_area[i8** %8][0]	i8*
*stack_alloc@make_dynamic_area[i64* %9][0]	i64
*stack_alloc@make_dynamic_area[%struct.task_struct** %10][0]	%struct.task_struct*
*stack_alloc@make_dynamic_area[%struct.task_struct** %11][0]	%struct.task_struct*
*stack_alloc@make_dynamic_area[%struct.task_struct** %12][0]	%struct.task_struct*
*stack_alloc@make_dynamic_area[i64* %13][0]	i64
*stack_alloc@make_dynamic_area[i64* %14][0]	i64
*stack_alloc@make_dynamic_area[%struct.atomic64_t** %15][0]	%struct.atomic64_t*
*stack_alloc@make_dynamic_area[%struct.atomic64_t* %16][0]	%struct.atomic64_t
*global_alloc@init_mm[*].?/0.?/1.?/0.?/0.?/0.?/0	%struct.raw_spinlock
*global_alloc@init_mm[*].?/0.?/15.?/0.?/0.?/0.?/0	%struct.refcount_struct
*global_alloc@init_mm[*].?/0.?/16.?/3.?/0.?/0.?/0	%struct.atomic_t
*global_alloc@init_mm[*].?/0.?/29.?/0.?/0.?/0.?/0	%struct.refcount_struct
*global_alloc@init_mm[*].?/0.?/44.?/2.?/2.?/0.?/0	i32
*global_alloc@init_mm[*].?/0.?/44.?/2.?/3.?/0.?/0	%struct.refcount_struct
*global_alloc@init_mm[*].?/0.?/44.?/5.?/1.?/0.?/0	%struct.refcount_struct
*global_alloc@init_mm[*].?/0.?/44.?/5.?/2.?/0.?/0	i32
*global_alloc@init_mm[*].?/0.?/46.?/0.?/0.?/0.?/0	%struct.refcount_struct
*global_alloc@init_mm[*].?/0.?/42[*].?/0.?/0.?/0	%struct.refcount_struct
*stack_alloc@virt_to_kpte[i64* %2]	i64
*stack_alloc@virt_to_kpte[%struct.atomic64_t** %3]	%struct.atomic64_t*
*stack_alloc@pte_exec[%struct.atomic64_t* %2]	%struct.atomic64_t
*stack_alloc@pte_mkexec[%struct.atomic64_t* %2]	%struct.atomic64_t
*stack_alloc@pte_mkexec[%struct.atomic64_t* %3]	%struct.atomic64_t
*stack_alloc@set_ptes[%struct.atomic64_t* %6]	%struct.atomic64_t
*stack_alloc@set_ptes[%struct.mm_struct** %7]	%struct.mm_struct*
*stack_alloc@set_ptes[i64* %8]	i64
*stack_alloc@set_ptes[%struct.atomic64_t** %9]	%struct.atomic64_t*
*stack_alloc@set_ptes[i32* %10]	i32
*stack_alloc@set_ptes[%struct.atomic64_t* %11]	%struct.atomic64_t
*global_alloc@init_mm[0].?/0.?/1.?/0.?/0.?/0.?/0	%struct.raw_spinlock
*global_alloc@init_mm[0].?/0.?/15.?/0.?/0.?/0.?/0	%struct.refcount_struct
*global_alloc@init_mm[0].?/0.?/16.?/3.?/0.?/0.?/0	%struct.atomic_t
*global_alloc@init_mm[0].?/0.?/29.?/0.?/0.?/0.?/0	%struct.refcount_struct
*global_alloc@init_mm[0].?/0.?/44.?/2.?/2.?/0.?/0	i32
*global_alloc@init_mm[0].?/0.?/44.?/2.?/3.?/0.?/0	%struct.refcount_struct
*global_alloc@init_mm[0].?/0.?/44.?/5.?/1.?/0.?/0	%struct.refcount_struct
*global_alloc@init_mm[0].?/0.?/44.?/5.?/2.?/0.?/0	i32
*global_alloc@init_mm[0].?/0.?/46.?/0.?/0.?/0.?/0	%struct.refcount_struct
*global_alloc@init_mm[0].?/0.?/42[*].?/0.?/0.?/0	%struct.refcount_struct
*stack_alloc@make_dynamic_area[%struct.atomic64_t* %16][*].?/0	i64
*stack_alloc@make_dynamic_area[%struct.atomic64_t* %16][0].?/0	i64
*global_alloc@init_mm[*].?/0.?/1.?/0.?/0.?/0.?/0.?/0	%struct.qspinlock
*global_alloc@init_mm[*].?/0.?/15.?/0.?/0.?/0.?/0.?/0	%struct.atomic_t
*global_alloc@init_mm[*].?/0.?/16.?/3.?/0.?/0.?/0.?/0	i32
*global_alloc@init_mm[*].?/0.?/29.?/0.?/0.?/0.?/0.?/0	%struct.atomic_t
*global_alloc@init_mm[*].?/0.?/44.?/2.?/3.?/0.?/0.?/0	%struct.atomic_t
*global_alloc@init_mm[*].?/0.?/44.?/5.?/1.?/0.?/0.?/0	%struct.atomic_t
*global_alloc@init_mm[*].?/0.?/46.?/0.?/0.?/0.?/0.?/0	%struct.atomic_t
*global_alloc@init_mm[*].?/0.?/42[*].?/0.?/0.?/0.?/0	%struct.atomic_t
*global_alloc@init_mm[0].?/0.?/1.?/0.?/0.?/0.?/0.?/0	%struct.qspinlock
*global_alloc@init_mm[0].?/0.?/15.?/0.?/0.?/0.?/0.?/0	%struct.atomic_t
*global_alloc@init_mm[0].?/0.?/16.?/3.?/0.?/0.?/0.?/0	i32
*global_alloc@init_mm[0].?/0.?/29.?/0.?/0.?/0.?/0.?/0	%struct.atomic_t
*global_alloc@init_mm[0].?/0.?/44.?/2.?/3.?/0.?/0.?/0	%struct.atomic_t
*global_alloc@init_mm[0].?/0.?/44.?/5.?/1.?/0.?/0.?/0	%struct.atomic_t
*global_alloc@init_mm[0].?/0.?/46.?/0.?/0.?/0.?/0.?/0	%struct.atomic_t
*global_alloc@init_mm[0].?/0.?/42[*].?/0.?/0.?/0.?/0	%struct.atomic_t
*stack_alloc@virt_to_kpte[i64* %2][*]	i64
*stack_alloc@virt_to_kpte[%struct.atomic64_t** %3][*]	%struct.atomic64_t*
*stack_alloc@pte_exec[%struct.atomic64_t* %2][*]	%struct.atomic64_t
*stack_alloc@pte_mkexec[%struct.atomic64_t* %2][*]	%struct.atomic64_t
*stack_alloc@pte_mkexec[%struct.atomic64_t* %3][*]	%struct.atomic64_t
*stack_alloc@set_ptes[%struct.atomic64_t* %6][*]	%struct.atomic64_t
*stack_alloc@set_ptes[%struct.mm_struct** %7][*]	%struct.mm_struct*
*stack_alloc@set_ptes[i64* %8][*]	i64
*stack_alloc@set_ptes[%struct.atomic64_t** %9][*]	%struct.atomic64_t*
*stack_alloc@set_ptes[i32* %10][*]	i32
*stack_alloc@set_ptes[%struct.atomic64_t* %11][*]	%struct.atomic64_t
*stack_alloc@virt_to_kpte[i64* %2][0]	i64
*stack_alloc@virt_to_kpte[%struct.atomic64_t** %3][0]	%struct.atomic64_t*
*stack_alloc@pte_exec[%struct.atomic64_t* %2][0]	%struct.atomic64_t
*stack_alloc@pte_mkexec[%struct.atomic64_t* %2][0]	%struct.atomic64_t
*stack_alloc@pte_mkexec[%struct.atomic64_t* %3][0]	%struct.atomic64_t
*stack_alloc@set_ptes[%struct.atomic64_t* %6][0]	%struct.atomic64_t
*stack_alloc@set_ptes[%struct.mm_struct** %7][0]	%struct.mm_struct*
*stack_alloc@set_ptes[i64* %8][0]	i64
*stack_alloc@set_ptes[%struct.atomic64_t** %9][0]	%struct.atomic64_t*
*stack_alloc@set_ptes[i32* %10][0]	i32
*stack_alloc@set_ptes[%struct.atomic64_t* %11][0]	%struct.atomic64_t
*global_alloc@init_mm[*].?/0.?/1.?/0.?/0.?/0.?/0.?/0.?/0	%struct.refcount_struct
*global_alloc@init_mm[*].?/0.?/15.?/0.?/0.?/0.?/0.?/0.?/0	i32
*global_alloc@init_mm[*].?/0.?/29.?/0.?/0.?/0.?/0.?/0.?/0	i32
*global_alloc@init_mm[*].?/0.?/44.?/2.?/3.?/0.?/0.?/0.?/0	i32
*global_alloc@init_mm[*].?/0.?/44.?/5.?/1.?/0.?/0.?/0.?/0	i32
*global_alloc@init_mm[*].?/0.?/46.?/0.?/0.?/0.?/0.?/0.?/0	i32
*global_alloc@init_mm[*].?/0.?/42[*].?/0.?/0.?/0.?/0.?/0	i32
*stack_alloc@page_table_check_ptes_set[%struct.atomic64_t* %5]	%struct.atomic64_t
*stack_alloc@page_table_check_ptes_set[%struct.mm_struct** %6]	%struct.mm_struct*
*stack_alloc@page_table_check_ptes_set[%struct.atomic64_t** %7]	%struct.atomic64_t*
*stack_alloc@page_table_check_ptes_set[i32* %8]	i32
*stack_alloc@native_set_pte[%struct.atomic64_t* %3]	%struct.atomic64_t
*stack_alloc@native_set_pte[%struct.atomic64_t** %4]	%struct.atomic64_t*
*stack_alloc@pte_next_pfn[%struct.atomic64_t* %2]	%struct.atomic64_t
*stack_alloc@pte_next_pfn[%struct.atomic64_t* %3]	%struct.atomic64_t
*stack_alloc@pte_clear_flags[%struct.atomic64_t* %3]	%struct.atomic64_t
*stack_alloc@pte_clear_flags[%struct.atomic64_t* %4]	%struct.atomic64_t
*stack_alloc@pte_clear_flags[i64* %5]	i64
*stack_alloc@pte_clear_flags[i64* %6]	i64
*stack_alloc@pte_flags[%struct.atomic64_t* %2]	%struct.atomic64_t
*stack_alloc@pmd_off_k[i64* %2]	i64
*stack_alloc@pmd_none[%struct.atomic64_t* %2]	%struct.atomic64_t
*stack_alloc@pmd_none[i64* %3]	i64
*stack_alloc@pte_offset_kernel[%struct.atomic64_t** %3]	%struct.atomic64_t*
*stack_alloc@pte_offset_kernel[i64* %4]	i64
*global_alloc@init_mm[0].?/0.?/1.?/0.?/0.?/0.?/0.?/0.?/0	%struct.refcount_struct
*global_alloc@init_mm[0].?/0.?/15.?/0.?/0.?/0.?/0.?/0.?/0	i32
*global_alloc@init_mm[0].?/0.?/29.?/0.?/0.?/0.?/0.?/0.?/0	i32
*global_alloc@init_mm[0].?/0.?/44.?/2.?/3.?/0.?/0.?/0.?/0	i32
*global_alloc@init_mm[0].?/0.?/44.?/5.?/1.?/0.?/0.?/0.?/0	i32
*global_alloc@init_mm[0].?/0.?/46.?/0.?/0.?/0.?/0.?/0.?/0	i32
*global_alloc@init_mm[0].?/0.?/42[*].?/0.?/0.?/0.?/0.?/0	i32
*stack_alloc@pte_exec[%struct.atomic64_t* %2][*].?/0	i64
*stack_alloc@pte_mkexec[%struct.atomic64_t* %2][*].?/0	i64
*stack_alloc@pte_mkexec[%struct.atomic64_t* %3][*].?/0	i64
*stack_alloc@set_ptes[%struct.atomic64_t* %6][*].?/0	i64
*stack_alloc@set_ptes[%struct.atomic64_t* %11][*].?/0	i64
*stack_alloc@pte_exec[%struct.atomic64_t* %2][0].?/0	i64
*stack_alloc@pte_mkexec[%struct.atomic64_t* %2][0].?/0	i64
*stack_alloc@pte_mkexec[%struct.atomic64_t* %3][0].?/0	i64
*stack_alloc@set_ptes[%struct.atomic64_t* %6][0].?/0	i64
*stack_alloc@set_ptes[%struct.atomic64_t* %11][0].?/0	i64
*global_alloc@init_mm[*].?/0.?/1.?/0.?/0.?/0.?/0.?/0.?/0.?/0	%struct.atomic_t
*global_alloc@init_mm[0].?/0.?/1.?/0.?/0.?/0.?/0.?/0.?/0.?/0	%struct.atomic_t
*stack_alloc@page_table_check_ptes_set[%struct.atomic64_t* %5][*]	%struct.atomic64_t
*stack_alloc@page_table_check_ptes_set[%struct.mm_struct** %6][*]	%struct.mm_struct*
*stack_alloc@page_table_check_ptes_set[%struct.atomic64_t** %7][*]	%struct.atomic64_t*
*stack_alloc@page_table_check_ptes_set[i32* %8][*]	i32
*stack_alloc@native_set_pte[%struct.atomic64_t* %3][*]	%struct.atomic64_t
*stack_alloc@native_set_pte[%struct.atomic64_t** %4][*]	%struct.atomic64_t*
*stack_alloc@pte_next_pfn[%struct.atomic64_t* %2][*]	%struct.atomic64_t
*stack_alloc@pte_next_pfn[%struct.atomic64_t* %3][*]	%struct.atomic64_t
*stack_alloc@pte_clear_flags[%struct.atomic64_t* %3][*]	%struct.atomic64_t
*stack_alloc@pte_clear_flags[%struct.atomic64_t* %4][*]	%struct.atomic64_t
*stack_alloc@pte_clear_flags[i64* %5][*]	i64
*stack_alloc@pte_clear_flags[i64* %6][*]	i64
*stack_alloc@pte_flags[%struct.atomic64_t* %2][*]	%struct.atomic64_t
*stack_alloc@pmd_off_k[i64* %2][*]	i64
*stack_alloc@pmd_none[%struct.atomic64_t* %2][*]	%struct.atomic64_t
*stack_alloc@pmd_none[i64* %3][*]	i64
*stack_alloc@pte_offset_kernel[%struct.atomic64_t** %3][*]	%struct.atomic64_t*
*stack_alloc@pte_offset_kernel[i64* %4][*]	i64
*stack_alloc@page_table_check_ptes_set[%struct.atomic64_t* %5][0]	%struct.atomic64_t
*stack_alloc@page_table_check_ptes_set[%struct.mm_struct** %6][0]	%struct.mm_struct*
*stack_alloc@page_table_check_ptes_set[%struct.atomic64_t** %7][0]	%struct.atomic64_t*
*stack_alloc@page_table_check_ptes_set[i32* %8][0]	i32
*stack_alloc@native_set_pte[%struct.atomic64_t* %3][0]	%struct.atomic64_t
*stack_alloc@native_set_pte[%struct.atomic64_t** %4][0]	%struct.atomic64_t*
*stack_alloc@pte_next_pfn[%struct.atomic64_t* %2][0]	%struct.atomic64_t
*stack_alloc@pte_next_pfn[%struct.atomic64_t* %3][0]	%struct.atomic64_t
*stack_alloc@pte_clear_flags[%struct.atomic64_t* %3][0]	%struct.atomic64_t
*stack_alloc@pte_clear_flags[%struct.atomic64_t* %4][0]	%struct.atomic64_t
*stack_alloc@pte_clear_flags[i64* %5][0]	i64
*stack_alloc@pte_clear_flags[i64* %6][0]	i64
*stack_alloc@pte_flags[%struct.atomic64_t* %2][0]	%struct.atomic64_t
*stack_alloc@pmd_off_k[i64* %2][0]	i64
*stack_alloc@pmd_none[%struct.atomic64_t* %2][0]	%struct.atomic64_t
*stack_alloc@pmd_none[i64* %3][0]	i64
*stack_alloc@pte_offset_kernel[%struct.atomic64_t** %3][0]	%struct.atomic64_t*
*stack_alloc@pte_offset_kernel[i64* %4][0]	i64
*global_alloc@init_mm[*].?/0.?/1.?/0.?/0.?/0.?/0.?/0.?/0.?/0.?/0	i32
*stack_alloc@native_pte_val[%struct.atomic64_t* %2]	%struct.atomic64_t
*stack_alloc@__pte_needs_invert[i64* %2]	i64
*stack_alloc@native_make_pte[%struct.atomic64_t* %2]	%struct.atomic64_t
*stack_alloc@native_make_pte[i64* %3]	i64
*stack_alloc@pmd_page_vaddr[%struct.atomic64_t* %2]	%struct.atomic64_t
*stack_alloc@pte_index[i64* %2]	i64
*stack_alloc@native_pmd_val[%struct.atomic64_t* %2]	%struct.atomic64_t
*stack_alloc@pgd_offset_pgd[%struct.atomic64_t** %3]	%struct.atomic64_t*
*stack_alloc@pgd_offset_pgd[i64* %4]	i64
*stack_alloc@p4d_offset[i64* %3]	i64
*stack_alloc@p4d_offset[i64** %4]	i64*
*stack_alloc@p4d_offset[i8* %5]	i8
*stack_alloc@p4d_offset[i64* %6]	i64
*stack_alloc@p4d_offset[i64** %7]	i64*
*stack_alloc@p4d_offset[i1* %8]	i1
*stack_alloc@p4d_offset[i16* %9]	i16
*stack_alloc@p4d_offset[i64* %10]	i64
*stack_alloc@p4d_offset[i64** %11]	i64*
*stack_alloc@p4d_offset[%struct.atomic64_t** %12]	%struct.atomic64_t*
*stack_alloc@p4d_offset[%struct.atomic64_t** %13]	%struct.atomic64_t*
*stack_alloc@p4d_offset[i64* %14]	i64
*stack_alloc@pud_offset[%struct.atomic64_t** %3]	%struct.atomic64_t*
*stack_alloc@pud_offset[i64* %4]	i64
*stack_alloc@pmd_offset[%struct.atomic64_t** %3]	%struct.atomic64_t*
*stack_alloc@pmd_offset[i64* %4]	i64
*global_alloc@init_mm[0].?/0.?/1.?/0.?/0.?/0.?/0.?/0.?/0.?/0.?/0	i32
*stack_alloc@page_table_check_ptes_set[%struct.atomic64_t* %5][*].?/0	i64
*stack_alloc@native_set_pte[%struct.atomic64_t* %3][*].?/0	i64
*stack_alloc@pte_next_pfn[%struct.atomic64_t* %2][*].?/0	i64
*stack_alloc@pte_next_pfn[%struct.atomic64_t* %3][*].?/0	i64
*stack_alloc@pte_clear_flags[%struct.atomic64_t* %3][*].?/0	i64
*stack_alloc@pte_clear_flags[%struct.atomic64_t* %4][*].?/0	i64
*stack_alloc@pte_flags[%struct.atomic64_t* %2][*].?/0	i64
*stack_alloc@pmd_none[%struct.atomic64_t* %2][*].?/0	i64
*stack_alloc@page_table_check_ptes_set[%struct.atomic64_t* %5][0].?/0	i64
*stack_alloc@native_set_pte[%struct.atomic64_t* %3][0].?/0	i64
*stack_alloc@pte_next_pfn[%struct.atomic64_t* %2][0].?/0	i64
*stack_alloc@pte_next_pfn[%struct.atomic64_t* %3][0].?/0	i64
*stack_alloc@pte_clear_flags[%struct.atomic64_t* %3][0].?/0	i64
*stack_alloc@pte_clear_flags[%struct.atomic64_t* %4][0].?/0	i64
*stack_alloc@pte_flags[%struct.atomic64_t* %2][0].?/0	i64
*stack_alloc@pmd_none[%struct.atomic64_t* %2][0].?/0	i64
*stack_alloc@native_pte_val[%struct.atomic64_t* %2][*]	%struct.atomic64_t
*stack_alloc@__pte_needs_invert[i64* %2][*]	i64
*stack_alloc@native_make_pte[%struct.atomic64_t* %2][*]	%struct.atomic64_t
*stack_alloc@native_make_pte[i64* %3][*]	i64
*stack_alloc@pmd_page_vaddr[%struct.atomic64_t* %2][*]	%struct.atomic64_t
*stack_alloc@pte_index[i64* %2][*]	i64
*stack_alloc@native_pmd_val[%struct.atomic64_t* %2][*]	%struct.atomic64_t
*stack_alloc@pgd_offset_pgd[%struct.atomic64_t** %3][*]	%struct.atomic64_t*
*stack_alloc@pgd_offset_pgd[i64* %4][*]	i64
*stack_alloc@p4d_offset[i64* %3][*]	i64
*stack_alloc@p4d_offset[i64** %4][*]	i64*
*stack_alloc@p4d_offset[i8* %5][*]	i8
*stack_alloc@p4d_offset[i64* %6][*]	i64
*stack_alloc@p4d_offset[i64** %7][*]	i64*
*stack_alloc@p4d_offset[i1* %8][*]	i1
*stack_alloc@p4d_offset[i16* %9][*]	i16
*stack_alloc@p4d_offset[i64* %10][*]	i64
*stack_alloc@p4d_offset[i64** %11][*]	i64*
*stack_alloc@p4d_offset[%struct.atomic64_t** %12][*]	%struct.atomic64_t*
*stack_alloc@p4d_offset[%struct.atomic64_t** %13][*]	%struct.atomic64_t*
*stack_alloc@p4d_offset[i64* %14][*]	i64
*stack_alloc@pud_offset[%struct.atomic64_t** %3][*]	%struct.atomic64_t*
*stack_alloc@pud_offset[i64* %4][*]	i64
*stack_alloc@pmd_offset[%struct.atomic64_t** %3][*]	%struct.atomic64_t*
*stack_alloc@pmd_offset[i64* %4][*]	i64
*stack_alloc@native_pte_val[%struct.atomic64_t* %2][0]	%struct.atomic64_t
*stack_alloc@__pte_needs_invert[i64* %2][0]	i64
*stack_alloc@native_make_pte[%struct.atomic64_t* %2][0]	%struct.atomic64_t
*stack_alloc@native_make_pte[i64* %3][0]	i64
*stack_alloc@pmd_page_vaddr[%struct.atomic64_t* %2][0]	%struct.atomic64_t
*stack_alloc@pte_index[i64* %2][0]	i64
*stack_alloc@native_pmd_val[%struct.atomic64_t* %2][0]	%struct.atomic64_t
*stack_alloc@pgd_offset_pgd[%struct.atomic64_t** %3][0]	%struct.atomic64_t*
*stack_alloc@pgd_offset_pgd[i64* %4][0]	i64
*stack_alloc@p4d_offset[i64* %3][0]	i64
*stack_alloc@p4d_offset[i64** %4][0]	i64*
*stack_alloc@p4d_offset[i8* %5][0]	i8
*stack_alloc@p4d_offset[i64* %6][0]	i64
*stack_alloc@p4d_offset[i64** %7][0]	i64*
*stack_alloc@p4d_offset[i1* %8][0]	i1
*stack_alloc@p4d_offset[i16* %9][0]	i16
*stack_alloc@p4d_offset[i64* %10][0]	i64
*stack_alloc@p4d_offset[i64** %11][0]	i64*
*stack_alloc@p4d_offset[%struct.atomic64_t** %12][0]	%struct.atomic64_t*
*stack_alloc@p4d_offset[%struct.atomic64_t** %13][0]	%struct.atomic64_t*
*stack_alloc@p4d_offset[i64* %14][0]	i64
*stack_alloc@pud_offset[%struct.atomic64_t** %3][0]	%struct.atomic64_t*
*stack_alloc@pud_offset[i64* %4][0]	i64
*stack_alloc@pmd_offset[%struct.atomic64_t** %3][0]	%struct.atomic64_t*
*stack_alloc@pmd_offset[i64* %4][0]	i64
*stack_alloc@pmd_pfn_mask[i64* %2]	i64
*stack_alloc@pmd_pfn_mask[%struct.atomic64_t* %3]	%struct.atomic64_t
*stack_alloc@pud_pgtable[%struct.atomic64_t* %2]	%struct.atomic64_t
*stack_alloc@pmd_index[i64* %2]	i64
*stack_alloc@p4d_pgtable[%struct.atomic64_t* %2]	%struct.atomic64_t
*stack_alloc@pud_index[i64* %2]	i64
*stack_alloc@pgd_page_vaddr[%struct.atomic64_t* %2]	%struct.atomic64_t
*stack_alloc@p4d_index[i64* %2]	i64
*stack_alloc@native_pte_val[%struct.atomic64_t* %2][*].?/0	i64
*stack_alloc@native_make_pte[%struct.atomic64_t* %2][*].?/0	i64
*stack_alloc@pmd_page_vaddr[%struct.atomic64_t* %2][*].?/0	i64
*stack_alloc@native_pmd_val[%struct.atomic64_t* %2][*].?/0	i64
*stack_alloc@native_pte_val[%struct.atomic64_t* %2][0].?/0	i64
*stack_alloc@native_make_pte[%struct.atomic64_t* %2][0].?/0	i64
*stack_alloc@pmd_page_vaddr[%struct.atomic64_t* %2][0].?/0	i64
*stack_alloc@native_pmd_val[%struct.atomic64_t* %2][0].?/0	i64
*stack_alloc@pmd_pfn_mask[i64* %2][*]	i64
*stack_alloc@pmd_pfn_mask[%struct.atomic64_t* %3][*]	%struct.atomic64_t
*stack_alloc@pud_pgtable[%struct.atomic64_t* %2][*]	%struct.atomic64_t
*stack_alloc@pmd_index[i64* %2][*]	i64
*stack_alloc@p4d_pgtable[%struct.atomic64_t* %2][*]	%struct.atomic64_t
*stack_alloc@pud_index[i64* %2][*]	i64
*stack_alloc@pgd_page_vaddr[%struct.atomic64_t* %2][*]	%struct.atomic64_t
*stack_alloc@p4d_index[i64* %2][*]	i64
*stack_alloc@pmd_pfn_mask[i64* %2][0]	i64
*stack_alloc@pmd_pfn_mask[%struct.atomic64_t* %3][0]	%struct.atomic64_t
*stack_alloc@pud_pgtable[%struct.atomic64_t* %2][0]	%struct.atomic64_t
*stack_alloc@pmd_index[i64* %2][0]	i64
*stack_alloc@p4d_pgtable[%struct.atomic64_t* %2][0]	%struct.atomic64_t
*stack_alloc@pud_index[i64* %2][0]	i64
*stack_alloc@pgd_page_vaddr[%struct.atomic64_t* %2][0]	%struct.atomic64_t
*stack_alloc@p4d_index[i64* %2][0]	i64
*stack_alloc@native_pud_val[%struct.atomic64_t* %2]	%struct.atomic64_t
*stack_alloc@pud_pfn_mask[i64* %2]	i64
*stack_alloc@pud_pfn_mask[%struct.atomic64_t* %3]	%struct.atomic64_t
*stack_alloc@native_p4d_val[%struct.atomic64_t* %2]	%struct.atomic64_t
*stack_alloc@p4d_pfn_mask[%struct.atomic64_t* %2]	%struct.atomic64_t
*stack_alloc@native_pgd_val[%struct.atomic64_t* %2]	%struct.atomic64_t
*stack_alloc@pmd_pfn_mask[%struct.atomic64_t* %3][*].?/0	i64
*stack_alloc@pud_pgtable[%struct.atomic64_t* %2][*].?/0	i64
*stack_alloc@p4d_pgtable[%struct.atomic64_t* %2][*].?/0	i64
*stack_alloc@pgd_page_vaddr[%struct.atomic64_t* %2][*].?/0	i64
*stack_alloc@pmd_pfn_mask[%struct.atomic64_t* %3][0].?/0	i64
*stack_alloc@pud_pgtable[%struct.atomic64_t* %2][0].?/0	i64
*stack_alloc@p4d_pgtable[%struct.atomic64_t* %2][0].?/0	i64
*stack_alloc@pgd_page_vaddr[%struct.atomic64_t* %2][0].?/0	i64
*stack_alloc@native_pud_val[%struct.atomic64_t* %2][*]	%struct.atomic64_t
*stack_alloc@pud_pfn_mask[i64* %2][*]	i64
*stack_alloc@pud_pfn_mask[%struct.atomic64_t* %3][*]	%struct.atomic64_t
*stack_alloc@native_p4d_val[%struct.atomic64_t* %2][*]	%struct.atomic64_t
*stack_alloc@p4d_pfn_mask[%struct.atomic64_t* %2][*]	%struct.atomic64_t
*stack_alloc@native_pgd_val[%struct.atomic64_t* %2][*]	%struct.atomic64_t
*stack_alloc@native_pud_val[%struct.atomic64_t* %2][0]	%struct.atomic64_t
*stack_alloc@pud_pfn_mask[i64* %2][0]	i64
*stack_alloc@pud_pfn_mask[%struct.atomic64_t* %3][0]	%struct.atomic64_t
*stack_alloc@native_p4d_val[%struct.atomic64_t* %2][0]	%struct.atomic64_t
*stack_alloc@p4d_pfn_mask[%struct.atomic64_t* %2][0]	%struct.atomic64_t
*stack_alloc@native_pgd_val[%struct.atomic64_t* %2][0]	%struct.atomic64_t
*stack_alloc@native_pud_val[%struct.atomic64_t* %2][*].?/0	i64
*stack_alloc@pud_pfn_mask[%struct.atomic64_t* %3][*].?/0	i64
*stack_alloc@native_p4d_val[%struct.atomic64_t* %2][*].?/0	i64
*stack_alloc@p4d_pfn_mask[%struct.atomic64_t* %2][*].?/0	i64
*stack_alloc@native_pgd_val[%struct.atomic64_t* %2][*].?/0	i64
*stack_alloc@native_pud_val[%struct.atomic64_t* %2][0].?/0	i64
*stack_alloc@pud_pfn_mask[%struct.atomic64_t* %3][0].?/0	i64
*stack_alloc@native_p4d_val[%struct.atomic64_t* %2][0].?/0	i64
*stack_alloc@p4d_pfn_mask[%struct.atomic64_t* %2][0].?/0	i64
*stack_alloc@native_pgd_val[%struct.atomic64_t* %2][0].?/0	i64
