</harden/bcfiles/linux_bcfiles/kbmi_usb_final.bc>:kbmi_usb_exit:1	</harden/bcfiles/linux_bcfiles/kbmi_usb_final.bc>:usb_unregister_notify	</harden/bcfiles/linux_bcfiles/kbmi_usb_final.bc>:kbmi_usb_exit:1:1:bitcast ({ i32 (%struct.notifier_block*, i64, i8*)*, %struct.notifier_block*, i32 }* @my_nb to %struct.notifier_block*)	0
</harden/bcfiles/linux_bcfiles/kbmi_usb_final.bc>:kbmi_usb_notifier:5	</harden/bcfiles/linux_bcfiles/kbmi_usb_final.bc>:llvm.dbg.declare	</harden/bcfiles/linux_bcfiles/kbmi_usb_final.bc>:kbmi_usb_notifier:%struct.notifier_block** %4	0
</harden/bcfiles/linux_bcfiles/kbmi_usb_final.bc>:kbmi_usb_notifier:5	</harden/bcfiles/linux_bcfiles/kbmi_usb_final.bc>:llvm.dbg.declare	</harden/bcfiles/linux_bcfiles/kbmi_usb_final.bc>:kbmi_usb_notifier:!3439	1
</harden/bcfiles/linux_bcfiles/kbmi_usb_final.bc>:kbmi_usb_notifier:5	</harden/bcfiles/linux_bcfiles/kbmi_usb_final.bc>:llvm.dbg.declare	</harden/bcfiles/linux_bcfiles/kbmi_usb_final.bc>:kbmi_usb_notifier:!DIExpression()	2
</harden/bcfiles/linux_bcfiles/kbmi_usb_final.bc>:kbmi_usb_notifier:7	</harden/bcfiles/linux_bcfiles/kbmi_usb_final.bc>:llvm.dbg.declare	</harden/bcfiles/linux_bcfiles/kbmi_usb_final.bc>:kbmi_usb_notifier:!DIExpression()	2
</harden/bcfiles/linux_bcfiles/kbmi_usb_final.bc>:kbmi_usb_notifier:7	</harden/bcfiles/linux_bcfiles/kbmi_usb_final.bc>:llvm.dbg.declare	</harden/bcfiles/linux_bcfiles/kbmi_usb_final.bc>:kbmi_usb_notifier:i64* %5	0
</harden/bcfiles/linux_bcfiles/kbmi_usb_final.bc>:kbmi_usb_notifier:7	</harden/bcfiles/linux_bcfiles/kbmi_usb_final.bc>:llvm.dbg.declare	</harden/bcfiles/linux_bcfiles/kbmi_usb_final.bc>:kbmi_usb_notifier:!3441	1
</harden/bcfiles/linux_bcfiles/kbmi_usb_final.bc>:kbmi_usb_notifier:9	</harden/bcfiles/linux_bcfiles/kbmi_usb_final.bc>:llvm.dbg.declare	</harden/bcfiles/linux_bcfiles/kbmi_usb_final.bc>:kbmi_usb_notifier:!DIExpression()	2
</harden/bcfiles/linux_bcfiles/kbmi_usb_final.bc>:kbmi_usb_notifier:9	</harden/bcfiles/linux_bcfiles/kbmi_usb_final.bc>:llvm.dbg.declare	</harden/bcfiles/linux_bcfiles/kbmi_usb_final.bc>:kbmi_usb_notifier:i8** %6	0
</harden/bcfiles/linux_bcfiles/kbmi_usb_final.bc>:kbmi_usb_notifier:9	</harden/bcfiles/linux_bcfiles/kbmi_usb_final.bc>:llvm.dbg.declare	</harden/bcfiles/linux_bcfiles/kbmi_usb_final.bc>:kbmi_usb_notifier:!3443	1
</harden/bcfiles/linux_bcfiles/kbmi_usb_final.bc>:kbmi_usb_notifier:10	</harden/bcfiles/linux_bcfiles/kbmi_usb_final.bc>:llvm.dbg.declare	</harden/bcfiles/linux_bcfiles/kbmi_usb_final.bc>:kbmi_usb_notifier:!DIExpression()	2
</harden/bcfiles/linux_bcfiles/kbmi_usb_final.bc>:kbmi_usb_notifier:10	</harden/bcfiles/linux_bcfiles/kbmi_usb_final.bc>:llvm.dbg.declare	</harden/bcfiles/linux_bcfiles/kbmi_usb_final.bc>:kbmi_usb_notifier:i32* %7	0
</harden/bcfiles/linux_bcfiles/kbmi_usb_final.bc>:kbmi_usb_notifier:10	</harden/bcfiles/linux_bcfiles/kbmi_usb_final.bc>:llvm.dbg.declare	</harden/bcfiles/linux_bcfiles/kbmi_usb_final.bc>:kbmi_usb_notifier:!3445	1
</harden/bcfiles/linux_bcfiles/kbmi_usb_final.bc>:load_message_to_memory:9	</harden/bcfiles/linux_bcfiles/kbmi_usb_final.bc>:llvm.dbg.declare	</harden/bcfiles/linux_bcfiles/kbmi_usb_final.bc>:load_message_to_memory:[1024 x i8]* %1	0
</harden/bcfiles/linux_bcfiles/kbmi_usb_final.bc>:load_message_to_memory:9	</harden/bcfiles/linux_bcfiles/kbmi_usb_final.bc>:llvm.dbg.declare	</harden/bcfiles/linux_bcfiles/kbmi_usb_final.bc>:load_message_to_memory:!3451	1
</harden/bcfiles/linux_bcfiles/kbmi_usb_final.bc>:load_message_to_memory:9	</harden/bcfiles/linux_bcfiles/kbmi_usb_final.bc>:llvm.dbg.declare	</harden/bcfiles/linux_bcfiles/kbmi_usb_final.bc>:load_message_to_memory:!DIExpression()	2
</harden/bcfiles/linux_bcfiles/kbmi_usb_final.bc>:load_message_to_memory:11	</harden/bcfiles/linux_bcfiles/kbmi_usb_final.bc>:llvm.memset.p0i8.i64	</harden/bcfiles/linux_bcfiles/kbmi_usb_final.bc>:load_message_to_memory:%10	0
</harden/bcfiles/linux_bcfiles/kbmi_usb_final.bc>:load_message_to_memory:11	</harden/bcfiles/linux_bcfiles/kbmi_usb_final.bc>:llvm.memset.p0i8.i64	</harden/bcfiles/linux_bcfiles/kbmi_usb_final.bc>:load_message_to_memory:11:1:0	1
</harden/bcfiles/linux_bcfiles/kbmi_usb_final.bc>:load_message_to_memory:11	</harden/bcfiles/linux_bcfiles/kbmi_usb_final.bc>:llvm.memset.p0i8.i64	</harden/bcfiles/linux_bcfiles/kbmi_usb_final.bc>:load_message_to_memory:11:2:1024	2
</harden/bcfiles/linux_bcfiles/kbmi_usb_final.bc>:load_message_to_memory:11	</harden/bcfiles/linux_bcfiles/kbmi_usb_final.bc>:llvm.memset.p0i8.i64	</harden/bcfiles/linux_bcfiles/kbmi_usb_final.bc>:load_message_to_memory:11:3:false	3
</harden/bcfiles/linux_bcfiles/kbmi_usb_final.bc>:load_message_to_memory:14	</harden/bcfiles/linux_bcfiles/kbmi_usb_final.bc>:llvm.dbg.declare	</harden/bcfiles/linux_bcfiles/kbmi_usb_final.bc>:load_message_to_memory:!DIExpression()	2
</harden/bcfiles/linux_bcfiles/kbmi_usb_final.bc>:load_message_to_memory:14	</harden/bcfiles/linux_bcfiles/kbmi_usb_final.bc>:llvm.dbg.declare	</harden/bcfiles/linux_bcfiles/kbmi_usb_final.bc>:load_message_to_memory:i8** %2	0
</harden/bcfiles/linux_bcfiles/kbmi_usb_final.bc>:load_message_to_memory:14	</harden/bcfiles/linux_bcfiles/kbmi_usb_final.bc>:llvm.dbg.declare	</harden/bcfiles/linux_bcfiles/kbmi_usb_final.bc>:load_message_to_memory:!3460	1
</harden/bcfiles/linux_bcfiles/kbmi_usb_final.bc>:load_message_to_memory:15	</harden/bcfiles/linux_bcfiles/kbmi_usb_final.bc>:memchr	</harden/bcfiles/linux_bcfiles/kbmi_usb_final.bc>:load_message_to_memory:15:1:getelementptr inbounds ([0 x i8], [0 x i8]* @message_buffer, i64 0, i64 0)	0
</harden/bcfiles/linux_bcfiles/kbmi_usb_final.bc>:load_message_to_memory:15	</harden/bcfiles/linux_bcfiles/kbmi_usb_final.bc>:memchr	</harden/bcfiles/linux_bcfiles/kbmi_usb_final.bc>:load_message_to_memory:15:5:0	1
</harden/bcfiles/linux_bcfiles/kbmi_usb_final.bc>:load_message_to_memory:15	</harden/bcfiles/linux_bcfiles/kbmi_usb_final.bc>:memchr	</harden/bcfiles/linux_bcfiles/kbmi_usb_final.bc>:load_message_to_memory:15:6:1024	2
</harden/bcfiles/linux_bcfiles/kbmi_usb_final.bc>:load_message_to_memory:22	</harden/bcfiles/linux_bcfiles/kbmi_usb_final.bc>:_printk	</harden/bcfiles/linux_bcfiles/kbmi_usb_final.bc>:load_message_to_memory:22:1:getelementptr inbounds ([23 x i8], [23 x i8]* @.str, i64 0, i64 0)	0
</harden/bcfiles/linux_bcfiles/kbmi_usb_final.bc>:load_message_to_memory:34	</harden/bcfiles/linux_bcfiles/kbmi_usb_final.bc>:llvm.dbg.declare	</harden/bcfiles/linux_bcfiles/kbmi_usb_final.bc>:load_message_to_memory:!DIExpression()	2
</harden/bcfiles/linux_bcfiles/kbmi_usb_final.bc>:load_message_to_memory:34	</harden/bcfiles/linux_bcfiles/kbmi_usb_final.bc>:llvm.dbg.declare	</harden/bcfiles/linux_bcfiles/kbmi_usb_final.bc>:load_message_to_memory:i8** %5	0
</harden/bcfiles/linux_bcfiles/kbmi_usb_final.bc>:load_message_to_memory:34	</harden/bcfiles/linux_bcfiles/kbmi_usb_final.bc>:llvm.dbg.declare	</harden/bcfiles/linux_bcfiles/kbmi_usb_final.bc>:load_message_to_memory:!3484	1
</harden/bcfiles/linux_bcfiles/kbmi_usb_final.bc>:load_message_to_memory:38	</harden/bcfiles/linux_bcfiles/kbmi_usb_final.bc>:llvm.dbg.declare	</harden/bcfiles/linux_bcfiles/kbmi_usb_final.bc>:load_message_to_memory:!DIExpression()	2
</harden/bcfiles/linux_bcfiles/kbmi_usb_final.bc>:load_message_to_memory:38	</harden/bcfiles/linux_bcfiles/kbmi_usb_final.bc>:llvm.dbg.declare	</harden/bcfiles/linux_bcfiles/kbmi_usb_final.bc>:load_message_to_memory:i8** %6	0
</harden/bcfiles/linux_bcfiles/kbmi_usb_final.bc>:load_message_to_memory:38	</harden/bcfiles/linux_bcfiles/kbmi_usb_final.bc>:llvm.dbg.declare	</harden/bcfiles/linux_bcfiles/kbmi_usb_final.bc>:load_message_to_memory:!3488	1
</harden/bcfiles/linux_bcfiles/kbmi_usb_final.bc>:load_message_to_memory:40	</harden/bcfiles/linux_bcfiles/kbmi_usb_final.bc>:llvm.dbg.declare	</harden/bcfiles/linux_bcfiles/kbmi_usb_final.bc>:load_message_to_memory:!DIExpression()	2
</harden/bcfiles/linux_bcfiles/kbmi_usb_final.bc>:load_message_to_memory:40	</harden/bcfiles/linux_bcfiles/kbmi_usb_final.bc>:llvm.dbg.declare	</harden/bcfiles/linux_bcfiles/kbmi_usb_final.bc>:load_message_to_memory:i64* %7	0
</harden/bcfiles/linux_bcfiles/kbmi_usb_final.bc>:load_message_to_memory:40	</harden/bcfiles/linux_bcfiles/kbmi_usb_final.bc>:llvm.dbg.declare	</harden/bcfiles/linux_bcfiles/kbmi_usb_final.bc>:load_message_to_memory:!3490	1
</harden/bcfiles/linux_bcfiles/kbmi_usb_final.bc>:load_message_to_memory:52	</harden/bcfiles/linux_bcfiles/kbmi_usb_final.bc>:_printk	</harden/bcfiles/linux_bcfiles/kbmi_usb_final.bc>:load_message_to_memory:52:1:getelementptr inbounds ([37 x i8], [37 x i8]* @.str.1, i64 0, i64 0)	0
</harden/bcfiles/linux_bcfiles/kbmi_usb_final.bc>:load_message_to_memory:59	</harden/bcfiles/linux_bcfiles/kbmi_usb_final.bc>:memcpy	</harden/bcfiles/linux_bcfiles/kbmi_usb_final.bc>:load_message_to_memory:%44	0
</harden/bcfiles/linux_bcfiles/kbmi_usb_final.bc>:load_message_to_memory:59	</harden/bcfiles/linux_bcfiles/kbmi_usb_final.bc>:memcpy	</harden/bcfiles/linux_bcfiles/kbmi_usb_final.bc>:load_message_to_memory:%45	1
</harden/bcfiles/linux_bcfiles/kbmi_usb_final.bc>:load_message_to_memory:59	</harden/bcfiles/linux_bcfiles/kbmi_usb_final.bc>:memcpy	</harden/bcfiles/linux_bcfiles/kbmi_usb_final.bc>:load_message_to_memory:%46	2
</harden/bcfiles/linux_bcfiles/kbmi_usb_final.bc>:load_message_to_memory:60	</harden/bcfiles/linux_bcfiles/kbmi_usb_final.bc>:llvm.dbg.declare	</harden/bcfiles/linux_bcfiles/kbmi_usb_final.bc>:load_message_to_memory:!DIExpression()	2
</harden/bcfiles/linux_bcfiles/kbmi_usb_final.bc>:load_message_to_memory:60	</harden/bcfiles/linux_bcfiles/kbmi_usb_final.bc>:llvm.dbg.declare	</harden/bcfiles/linux_bcfiles/kbmi_usb_final.bc>:load_message_to_memory:i32* %9	0
</harden/bcfiles/linux_bcfiles/kbmi_usb_final.bc>:load_message_to_memory:60	</harden/bcfiles/linux_bcfiles/kbmi_usb_final.bc>:llvm.dbg.declare	</harden/bcfiles/linux_bcfiles/kbmi_usb_final.bc>:load_message_to_memory:!3509	1
</harden/bcfiles/linux_bcfiles/kbmi_usb_final.bc>:load_message_to_memory:100	</harden/bcfiles/linux_bcfiles/kbmi_usb_final.bc>:llvm.dbg.label	</harden/bcfiles/linux_bcfiles/kbmi_usb_final.bc>:load_message_to_memory:!3542	0
</harden/bcfiles/linux_bcfiles/kbmi_usb_final.bc>:kbmi_usb_init:1	</harden/bcfiles/linux_bcfiles/kbmi_usb_final.bc>:usb_register_notify	</harden/bcfiles/linux_bcfiles/kbmi_usb_final.bc>:kbmi_usb_init:1:1:bitcast ({ i32 (%struct.notifier_block*, i64, i8*)*, %struct.notifier_block*, i32 }* @my_nb to %struct.notifier_block*)	0
</harden/bcfiles/linux_bcfiles/kbmi_usb_final.bc>:make_dynamic_area:16	</harden/bcfiles/linux_bcfiles/kbmi_usb_final.bc>:llvm.dbg.declare	</harden/bcfiles/linux_bcfiles/kbmi_usb_final.bc>:make_dynamic_area:%struct.task_struct** %12	0
</harden/bcfiles/linux_bcfiles/kbmi_usb_final.bc>:make_dynamic_area:16	</harden/bcfiles/linux_bcfiles/kbmi_usb_final.bc>:llvm.dbg.declare	</harden/bcfiles/linux_bcfiles/kbmi_usb_final.bc>:make_dynamic_area:!3555	1
</harden/bcfiles/linux_bcfiles/kbmi_usb_final.bc>:make_dynamic_area:16	</harden/bcfiles/linux_bcfiles/kbmi_usb_final.bc>:llvm.dbg.declare	</harden/bcfiles/linux_bcfiles/kbmi_usb_final.bc>:make_dynamic_area:!DIExpression()	2
</harden/bcfiles/linux_bcfiles/kbmi_usb_final.bc>:make_dynamic_area:17	</harden/bcfiles/linux_bcfiles/kbmi_usb_final.bc>:llvm.dbg.declare	</harden/bcfiles/linux_bcfiles/kbmi_usb_final.bc>:make_dynamic_area:!DIExpression()	2
</harden/bcfiles/linux_bcfiles/kbmi_usb_final.bc>:make_dynamic_area:17	</harden/bcfiles/linux_bcfiles/kbmi_usb_final.bc>:llvm.dbg.declare	</harden/bcfiles/linux_bcfiles/kbmi_usb_final.bc>:make_dynamic_area:%struct.task_struct** %2	0
</harden/bcfiles/linux_bcfiles/kbmi_usb_final.bc>:make_dynamic_area:17	</harden/bcfiles/linux_bcfiles/kbmi_usb_final.bc>:llvm.dbg.declare	</harden/bcfiles/linux_bcfiles/kbmi_usb_final.bc>:make_dynamic_area:!3557	1
</harden/bcfiles/linux_bcfiles/kbmi_usb_final.bc>:make_dynamic_area:18	</harden/bcfiles/linux_bcfiles/kbmi_usb_final.bc>:llvm.dbg.declare	</harden/bcfiles/linux_bcfiles/kbmi_usb_final.bc>:make_dynamic_area:!DIExpression()	2
</harden/bcfiles/linux_bcfiles/kbmi_usb_final.bc>:make_dynamic_area:18	</harden/bcfiles/linux_bcfiles/kbmi_usb_final.bc>:llvm.dbg.declare	</harden/bcfiles/linux_bcfiles/kbmi_usb_final.bc>:make_dynamic_area:i8** %3	0
</harden/bcfiles/linux_bcfiles/kbmi_usb_final.bc>:make_dynamic_area:18	</harden/bcfiles/linux_bcfiles/kbmi_usb_final.bc>:llvm.dbg.declare	</harden/bcfiles/linux_bcfiles/kbmi_usb_final.bc>:make_dynamic_area:!3565	1
</harden/bcfiles/linux_bcfiles/kbmi_usb_final.bc>:make_dynamic_area:21	</harden/bcfiles/linux_bcfiles/kbmi_usb_final.bc>:llvm.dbg.declare	</harden/bcfiles/linux_bcfiles/kbmi_usb_final.bc>:make_dynamic_area:!DIExpression()	2
</harden/bcfiles/linux_bcfiles/kbmi_usb_final.bc>:make_dynamic_area:21	</harden/bcfiles/linux_bcfiles/kbmi_usb_final.bc>:llvm.dbg.declare	</harden/bcfiles/linux_bcfiles/kbmi_usb_final.bc>:make_dynamic_area:i64* %4	0
</harden/bcfiles/linux_bcfiles/kbmi_usb_final.bc>:make_dynamic_area:21	</harden/bcfiles/linux_bcfiles/kbmi_usb_final.bc>:llvm.dbg.declare	</harden/bcfiles/linux_bcfiles/kbmi_usb_final.bc>:make_dynamic_area:!3570	1
</harden/bcfiles/linux_bcfiles/kbmi_usb_final.bc>:make_dynamic_area:33	</harden/bcfiles/linux_bcfiles/kbmi_usb_final.bc>:llvm.dbg.declare	</harden/bcfiles/linux_bcfiles/kbmi_usb_final.bc>:make_dynamic_area:!DIExpression()	2
</harden/bcfiles/linux_bcfiles/kbmi_usb_final.bc>:make_dynamic_area:33	</harden/bcfiles/linux_bcfiles/kbmi_usb_final.bc>:llvm.dbg.declare	</harden/bcfiles/linux_bcfiles/kbmi_usb_final.bc>:make_dynamic_area:i64* %13	0
</harden/bcfiles/linux_bcfiles/kbmi_usb_final.bc>:make_dynamic_area:33	</harden/bcfiles/linux_bcfiles/kbmi_usb_final.bc>:llvm.dbg.declare	</harden/bcfiles/linux_bcfiles/kbmi_usb_final.bc>:make_dynamic_area:!3574	1
</harden/bcfiles/linux_bcfiles/kbmi_usb_final.bc>:make_dynamic_area:36	</harden/bcfiles/linux_bcfiles/kbmi_usb_final.bc>:llvm.dbg.declare	</harden/bcfiles/linux_bcfiles/kbmi_usb_final.bc>:make_dynamic_area:!DIExpression()	2
</harden/bcfiles/linux_bcfiles/kbmi_usb_final.bc>:make_dynamic_area:36	</harden/bcfiles/linux_bcfiles/kbmi_usb_final.bc>:llvm.dbg.declare	</harden/bcfiles/linux_bcfiles/kbmi_usb_final.bc>:make_dynamic_area:%struct.task_struct** %1	0
</harden/bcfiles/linux_bcfiles/kbmi_usb_final.bc>:make_dynamic_area:36	</harden/bcfiles/linux_bcfiles/kbmi_usb_final.bc>:llvm.dbg.declare	</harden/bcfiles/linux_bcfiles/kbmi_usb_final.bc>:make_dynamic_area:!3577	1
</harden/bcfiles/linux_bcfiles/kbmi_usb_final.bc>:make_dynamic_area:42	</harden/bcfiles/linux_bcfiles/kbmi_usb_final.bc>:llvm.dbg.declare	</harden/bcfiles/linux_bcfiles/kbmi_usb_final.bc>:make_dynamic_area:!DIExpression()	2
</harden/bcfiles/linux_bcfiles/kbmi_usb_final.bc>:make_dynamic_area:42	</harden/bcfiles/linux_bcfiles/kbmi_usb_final.bc>:llvm.dbg.declare	</harden/bcfiles/linux_bcfiles/kbmi_usb_final.bc>:make_dynamic_area:i64* %14	0
</harden/bcfiles/linux_bcfiles/kbmi_usb_final.bc>:make_dynamic_area:42	</harden/bcfiles/linux_bcfiles/kbmi_usb_final.bc>:llvm.dbg.declare	</harden/bcfiles/linux_bcfiles/kbmi_usb_final.bc>:make_dynamic_area:!3589	1
</harden/bcfiles/linux_bcfiles/kbmi_usb_final.bc>:make_dynamic_area:46	</harden/bcfiles/linux_bcfiles/kbmi_usb_final.bc>:llvm.dbg.declare	</harden/bcfiles/linux_bcfiles/kbmi_usb_final.bc>:make_dynamic_area:!DIExpression()	2
</harden/bcfiles/linux_bcfiles/kbmi_usb_final.bc>:make_dynamic_area:46	</harden/bcfiles/linux_bcfiles/kbmi_usb_final.bc>:llvm.dbg.declare	</harden/bcfiles/linux_bcfiles/kbmi_usb_final.bc>:make_dynamic_area:%struct.atomic64_t** %15	0
</harden/bcfiles/linux_bcfiles/kbmi_usb_final.bc>:make_dynamic_area:46	</harden/bcfiles/linux_bcfiles/kbmi_usb_final.bc>:llvm.dbg.declare	</harden/bcfiles/linux_bcfiles/kbmi_usb_final.bc>:make_dynamic_area:!3593	1
</harden/bcfiles/linux_bcfiles/kbmi_usb_final.bc>:make_dynamic_area:48	</harden/bcfiles/linux_bcfiles/kbmi_usb_final.bc>:virt_to_kpte	</harden/bcfiles/linux_bcfiles/kbmi_usb_final.bc>:make_dynamic_area:%31	0
</harden/bcfiles/linux_bcfiles/kbmi_usb_final.bc>:make_dynamic_area:57	</harden/bcfiles/linux_bcfiles/kbmi_usb_final.bc>:pte_exec	</harden/bcfiles/linux_bcfiles/kbmi_usb_final.bc>:make_dynamic_area:%39	0
</harden/bcfiles/linux_bcfiles/kbmi_usb_final.bc>:make_dynamic_area:60	</harden/bcfiles/linux_bcfiles/kbmi_usb_final.bc>:llvm.dbg.declare	</harden/bcfiles/linux_bcfiles/kbmi_usb_final.bc>:make_dynamic_area:!DIExpression()	2
</harden/bcfiles/linux_bcfiles/kbmi_usb_final.bc>:make_dynamic_area:60	</harden/bcfiles/linux_bcfiles/kbmi_usb_final.bc>:llvm.dbg.declare	</harden/bcfiles/linux_bcfiles/kbmi_usb_final.bc>:make_dynamic_area:!3557	1
</harden/bcfiles/linux_bcfiles/kbmi_usb_final.bc>:make_dynamic_area:60	</harden/bcfiles/linux_bcfiles/kbmi_usb_final.bc>:llvm.dbg.declare	</harden/bcfiles/linux_bcfiles/kbmi_usb_final.bc>:make_dynamic_area:%struct.task_struct** %7	0
</harden/bcfiles/linux_bcfiles/kbmi_usb_final.bc>:make_dynamic_area:61	</harden/bcfiles/linux_bcfiles/kbmi_usb_final.bc>:llvm.dbg.declare	</harden/bcfiles/linux_bcfiles/kbmi_usb_final.bc>:make_dynamic_area:!DIExpression()	2
</harden/bcfiles/linux_bcfiles/kbmi_usb_final.bc>:make_dynamic_area:61	</harden/bcfiles/linux_bcfiles/kbmi_usb_final.bc>:llvm.dbg.declare	</harden/bcfiles/linux_bcfiles/kbmi_usb_final.bc>:make_dynamic_area:!3565	1
</harden/bcfiles/linux_bcfiles/kbmi_usb_final.bc>:make_dynamic_area:61	</harden/bcfiles/linux_bcfiles/kbmi_usb_final.bc>:llvm.dbg.declare	</harden/bcfiles/linux_bcfiles/kbmi_usb_final.bc>:make_dynamic_area:i8** %8	0
</harden/bcfiles/linux_bcfiles/kbmi_usb_final.bc>:make_dynamic_area:64	</harden/bcfiles/linux_bcfiles/kbmi_usb_final.bc>:llvm.dbg.declare	</harden/bcfiles/linux_bcfiles/kbmi_usb_final.bc>:make_dynamic_area:!DIExpression()	2
</harden/bcfiles/linux_bcfiles/kbmi_usb_final.bc>:make_dynamic_area:64	</harden/bcfiles/linux_bcfiles/kbmi_usb_final.bc>:llvm.dbg.declare	</harden/bcfiles/linux_bcfiles/kbmi_usb_final.bc>:make_dynamic_area:!3570	1
</harden/bcfiles/linux_bcfiles/kbmi_usb_final.bc>:make_dynamic_area:64	</harden/bcfiles/linux_bcfiles/kbmi_usb_final.bc>:llvm.dbg.declare	</harden/bcfiles/linux_bcfiles/kbmi_usb_final.bc>:make_dynamic_area:i64* %9	0
</harden/bcfiles/linux_bcfiles/kbmi_usb_final.bc>:make_dynamic_area:82	</harden/bcfiles/linux_bcfiles/kbmi_usb_final.bc>:pte_mkexec	</harden/bcfiles/linux_bcfiles/kbmi_usb_final.bc>:make_dynamic_area:%56	0
</harden/bcfiles/linux_bcfiles/kbmi_usb_final.bc>:make_dynamic_area:87	</harden/bcfiles/linux_bcfiles/kbmi_usb_final.bc>:set_ptes	</harden/bcfiles/linux_bcfiles/kbmi_usb_final.bc>:make_dynamic_area:%51	0
</harden/bcfiles/linux_bcfiles/kbmi_usb_final.bc>:make_dynamic_area:87	</harden/bcfiles/linux_bcfiles/kbmi_usb_final.bc>:set_ptes	</harden/bcfiles/linux_bcfiles/kbmi_usb_final.bc>:make_dynamic_area:%52	1
</harden/bcfiles/linux_bcfiles/kbmi_usb_final.bc>:make_dynamic_area:87	</harden/bcfiles/linux_bcfiles/kbmi_usb_final.bc>:set_ptes	</harden/bcfiles/linux_bcfiles/kbmi_usb_final.bc>:make_dynamic_area:%53	2
</harden/bcfiles/linux_bcfiles/kbmi_usb_final.bc>:make_dynamic_area:87	</harden/bcfiles/linux_bcfiles/kbmi_usb_final.bc>:set_ptes	</harden/bcfiles/linux_bcfiles/kbmi_usb_final.bc>:make_dynamic_area:%60	3
</harden/bcfiles/linux_bcfiles/kbmi_usb_final.bc>:make_dynamic_area:87	</harden/bcfiles/linux_bcfiles/kbmi_usb_final.bc>:set_ptes	</harden/bcfiles/linux_bcfiles/kbmi_usb_final.bc>:make_dynamic_area:87:1:1	4
</harden/bcfiles/linux_bcfiles/kbmi_usb_final.bc>:make_dynamic_area:90	</harden/bcfiles/linux_bcfiles/kbmi_usb_final.bc>:llvm.dbg.label	</harden/bcfiles/linux_bcfiles/kbmi_usb_final.bc>:make_dynamic_area:!3613	0
</harden/bcfiles/linux_bcfiles/kbmi_usb_final.bc>:virt_to_kpte:3	</harden/bcfiles/linux_bcfiles/kbmi_usb_final.bc>:llvm.dbg.declare	</harden/bcfiles/linux_bcfiles/kbmi_usb_final.bc>:virt_to_kpte:i64* %2	0
</harden/bcfiles/linux_bcfiles/kbmi_usb_final.bc>:virt_to_kpte:3	</harden/bcfiles/linux_bcfiles/kbmi_usb_final.bc>:llvm.dbg.declare	</harden/bcfiles/linux_bcfiles/kbmi_usb_final.bc>:virt_to_kpte:!3620	1
</harden/bcfiles/linux_bcfiles/kbmi_usb_final.bc>:virt_to_kpte:3	</harden/bcfiles/linux_bcfiles/kbmi_usb_final.bc>:llvm.dbg.declare	</harden/bcfiles/linux_bcfiles/kbmi_usb_final.bc>:virt_to_kpte:!DIExpression()	2
</harden/bcfiles/linux_bcfiles/kbmi_usb_final.bc>:virt_to_kpte:4	</harden/bcfiles/linux_bcfiles/kbmi_usb_final.bc>:llvm.dbg.declare	</harden/bcfiles/linux_bcfiles/kbmi_usb_final.bc>:virt_to_kpte:!DIExpression()	2
</harden/bcfiles/linux_bcfiles/kbmi_usb_final.bc>:virt_to_kpte:4	</harden/bcfiles/linux_bcfiles/kbmi_usb_final.bc>:llvm.dbg.declare	</harden/bcfiles/linux_bcfiles/kbmi_usb_final.bc>:virt_to_kpte:%struct.atomic64_t** %3	0
</harden/bcfiles/linux_bcfiles/kbmi_usb_final.bc>:virt_to_kpte:4	</harden/bcfiles/linux_bcfiles/kbmi_usb_final.bc>:llvm.dbg.declare	</harden/bcfiles/linux_bcfiles/kbmi_usb_final.bc>:virt_to_kpte:!3622	1
</harden/bcfiles/linux_bcfiles/kbmi_usb_final.bc>:virt_to_kpte:6	</harden/bcfiles/linux_bcfiles/kbmi_usb_final.bc>:pmd_off_k	</harden/bcfiles/linux_bcfiles/kbmi_usb_final.bc>:virt_to_kpte:%4	0
</harden/bcfiles/linux_bcfiles/kbmi_usb_final.bc>:virt_to_kpte:11	</harden/bcfiles/linux_bcfiles/kbmi_usb_final.bc>:pmd_none	</harden/bcfiles/linux_bcfiles/kbmi_usb_final.bc>:virt_to_kpte:%8	0
</harden/bcfiles/linux_bcfiles/kbmi_usb_final.bc>:virt_to_kpte:17	</harden/bcfiles/linux_bcfiles/kbmi_usb_final.bc>:pte_offset_kernel	</harden/bcfiles/linux_bcfiles/kbmi_usb_final.bc>:virt_to_kpte:%13	0
</harden/bcfiles/linux_bcfiles/kbmi_usb_final.bc>:virt_to_kpte:17	</harden/bcfiles/linux_bcfiles/kbmi_usb_final.bc>:pte_offset_kernel	</harden/bcfiles/linux_bcfiles/kbmi_usb_final.bc>:virt_to_kpte:%14	1
</harden/bcfiles/linux_bcfiles/kbmi_usb_final.bc>:pte_exec:3	</harden/bcfiles/linux_bcfiles/kbmi_usb_final.bc>:llvm.dbg.declare	</harden/bcfiles/linux_bcfiles/kbmi_usb_final.bc>:pte_exec:%struct.atomic64_t* %2	0
</harden/bcfiles/linux_bcfiles/kbmi_usb_final.bc>:pte_exec:3	</harden/bcfiles/linux_bcfiles/kbmi_usb_final.bc>:llvm.dbg.declare	</harden/bcfiles/linux_bcfiles/kbmi_usb_final.bc>:pte_exec:!3636	1
</harden/bcfiles/linux_bcfiles/kbmi_usb_final.bc>:pte_exec:3	</harden/bcfiles/linux_bcfiles/kbmi_usb_final.bc>:llvm.dbg.declare	</harden/bcfiles/linux_bcfiles/kbmi_usb_final.bc>:pte_exec:!DIExpression()	2
</harden/bcfiles/linux_bcfiles/kbmi_usb_final.bc>:pte_exec:6	</harden/bcfiles/linux_bcfiles/kbmi_usb_final.bc>:pte_flags	</harden/bcfiles/linux_bcfiles/kbmi_usb_final.bc>:pte_exec:%5	0
</harden/bcfiles/linux_bcfiles/kbmi_usb_final.bc>:pte_mkexec:4	</harden/bcfiles/linux_bcfiles/kbmi_usb_final.bc>:llvm.dbg.declare	</harden/bcfiles/linux_bcfiles/kbmi_usb_final.bc>:pte_mkexec:%struct.atomic64_t* %3	0
</harden/bcfiles/linux_bcfiles/kbmi_usb_final.bc>:pte_mkexec:4	</harden/bcfiles/linux_bcfiles/kbmi_usb_final.bc>:llvm.dbg.declare	</harden/bcfiles/linux_bcfiles/kbmi_usb_final.bc>:pte_mkexec:!3645	1
</harden/bcfiles/linux_bcfiles/kbmi_usb_final.bc>:pte_mkexec:4	</harden/bcfiles/linux_bcfiles/kbmi_usb_final.bc>:llvm.dbg.declare	</harden/bcfiles/linux_bcfiles/kbmi_usb_final.bc>:pte_mkexec:!DIExpression()	2
</harden/bcfiles/linux_bcfiles/kbmi_usb_final.bc>:pte_mkexec:7	</harden/bcfiles/linux_bcfiles/kbmi_usb_final.bc>:pte_clear_flags	</harden/bcfiles/linux_bcfiles/kbmi_usb_final.bc>:pte_mkexec:%6	0
</harden/bcfiles/linux_bcfiles/kbmi_usb_final.bc>:pte_mkexec:7	</harden/bcfiles/linux_bcfiles/kbmi_usb_final.bc>:pte_clear_flags	</harden/bcfiles/linux_bcfiles/kbmi_usb_final.bc>:pte_mkexec:7:1:-9223372036854775808	1
</harden/bcfiles/linux_bcfiles/kbmi_usb_final.bc>:set_ptes:9	</harden/bcfiles/linux_bcfiles/kbmi_usb_final.bc>:llvm.dbg.declare	</harden/bcfiles/linux_bcfiles/kbmi_usb_final.bc>:set_ptes:%struct.mm_struct** %7	0
</harden/bcfiles/linux_bcfiles/kbmi_usb_final.bc>:set_ptes:9	</harden/bcfiles/linux_bcfiles/kbmi_usb_final.bc>:llvm.dbg.declare	</harden/bcfiles/linux_bcfiles/kbmi_usb_final.bc>:set_ptes:!3652	1
</harden/bcfiles/linux_bcfiles/kbmi_usb_final.bc>:set_ptes:9	</harden/bcfiles/linux_bcfiles/kbmi_usb_final.bc>:llvm.dbg.declare	</harden/bcfiles/linux_bcfiles/kbmi_usb_final.bc>:set_ptes:!DIExpression()	2
</harden/bcfiles/linux_bcfiles/kbmi_usb_final.bc>:set_ptes:11	</harden/bcfiles/linux_bcfiles/kbmi_usb_final.bc>:llvm.dbg.declare	</harden/bcfiles/linux_bcfiles/kbmi_usb_final.bc>:set_ptes:!DIExpression()	2
</harden/bcfiles/linux_bcfiles/kbmi_usb_final.bc>:set_ptes:11	</harden/bcfiles/linux_bcfiles/kbmi_usb_final.bc>:llvm.dbg.declare	</harden/bcfiles/linux_bcfiles/kbmi_usb_final.bc>:set_ptes:i64* %8	0
</harden/bcfiles/linux_bcfiles/kbmi_usb_final.bc>:set_ptes:11	</harden/bcfiles/linux_bcfiles/kbmi_usb_final.bc>:llvm.dbg.declare	</harden/bcfiles/linux_bcfiles/kbmi_usb_final.bc>:set_ptes:!3654	1
</harden/bcfiles/linux_bcfiles/kbmi_usb_final.bc>:set_ptes:13	</harden/bcfiles/linux_bcfiles/kbmi_usb_final.bc>:llvm.dbg.declare	</harden/bcfiles/linux_bcfiles/kbmi_usb_final.bc>:set_ptes:!DIExpression()	2
</harden/bcfiles/linux_bcfiles/kbmi_usb_final.bc>:set_ptes:13	</harden/bcfiles/linux_bcfiles/kbmi_usb_final.bc>:llvm.dbg.declare	</harden/bcfiles/linux_bcfiles/kbmi_usb_final.bc>:set_ptes:%struct.atomic64_t** %9	0
</harden/bcfiles/linux_bcfiles/kbmi_usb_final.bc>:set_ptes:13	</harden/bcfiles/linux_bcfiles/kbmi_usb_final.bc>:llvm.dbg.declare	</harden/bcfiles/linux_bcfiles/kbmi_usb_final.bc>:set_ptes:!3656	1
</harden/bcfiles/linux_bcfiles/kbmi_usb_final.bc>:set_ptes:14	</harden/bcfiles/linux_bcfiles/kbmi_usb_final.bc>:llvm.dbg.declare	</harden/bcfiles/linux_bcfiles/kbmi_usb_final.bc>:set_ptes:!DIExpression()	2
</harden/bcfiles/linux_bcfiles/kbmi_usb_final.bc>:set_ptes:14	</harden/bcfiles/linux_bcfiles/kbmi_usb_final.bc>:llvm.dbg.declare	</harden/bcfiles/linux_bcfiles/kbmi_usb_final.bc>:set_ptes:%struct.atomic64_t* %6	0
</harden/bcfiles/linux_bcfiles/kbmi_usb_final.bc>:set_ptes:14	</harden/bcfiles/linux_bcfiles/kbmi_usb_final.bc>:llvm.dbg.declare	</harden/bcfiles/linux_bcfiles/kbmi_usb_final.bc>:set_ptes:!3658	1
</harden/bcfiles/linux_bcfiles/kbmi_usb_final.bc>:set_ptes:16	</harden/bcfiles/linux_bcfiles/kbmi_usb_final.bc>:llvm.dbg.declare	</harden/bcfiles/linux_bcfiles/kbmi_usb_final.bc>:set_ptes:!DIExpression()	2
</harden/bcfiles/linux_bcfiles/kbmi_usb_final.bc>:set_ptes:16	</harden/bcfiles/linux_bcfiles/kbmi_usb_final.bc>:llvm.dbg.declare	</harden/bcfiles/linux_bcfiles/kbmi_usb_final.bc>:set_ptes:i32* %10	0
</harden/bcfiles/linux_bcfiles/kbmi_usb_final.bc>:set_ptes:16	</harden/bcfiles/linux_bcfiles/kbmi_usb_final.bc>:llvm.dbg.declare	</harden/bcfiles/linux_bcfiles/kbmi_usb_final.bc>:set_ptes:!3660	1
</harden/bcfiles/linux_bcfiles/kbmi_usb_final.bc>:set_ptes:22	</harden/bcfiles/linux_bcfiles/kbmi_usb_final.bc>:page_table_check_ptes_set	</harden/bcfiles/linux_bcfiles/kbmi_usb_final.bc>:set_ptes:%13	0
</harden/bcfiles/linux_bcfiles/kbmi_usb_final.bc>:set_ptes:22	</harden/bcfiles/linux_bcfiles/kbmi_usb_final.bc>:page_table_check_ptes_set	</harden/bcfiles/linux_bcfiles/kbmi_usb_final.bc>:set_ptes:%14	1
</harden/bcfiles/linux_bcfiles/kbmi_usb_final.bc>:set_ptes:22	</harden/bcfiles/linux_bcfiles/kbmi_usb_final.bc>:page_table_check_ptes_set	</harden/bcfiles/linux_bcfiles/kbmi_usb_final.bc>:set_ptes:%17	2
</harden/bcfiles/linux_bcfiles/kbmi_usb_final.bc>:set_ptes:22	</harden/bcfiles/linux_bcfiles/kbmi_usb_final.bc>:page_table_check_ptes_set	</harden/bcfiles/linux_bcfiles/kbmi_usb_final.bc>:set_ptes:%15	3
</harden/bcfiles/linux_bcfiles/kbmi_usb_final.bc>:set_ptes:29	</harden/bcfiles/linux_bcfiles/kbmi_usb_final.bc>:native_set_pte	</harden/bcfiles/linux_bcfiles/kbmi_usb_final.bc>:set_ptes:%21	0
</harden/bcfiles/linux_bcfiles/kbmi_usb_final.bc>:set_ptes:29	</harden/bcfiles/linux_bcfiles/kbmi_usb_final.bc>:native_set_pte	</harden/bcfiles/linux_bcfiles/kbmi_usb_final.bc>:set_ptes:%23	1
</harden/bcfiles/linux_bcfiles/kbmi_usb_final.bc>:set_ptes:41	</harden/bcfiles/linux_bcfiles/kbmi_usb_final.bc>:pte_next_pfn	</harden/bcfiles/linux_bcfiles/kbmi_usb_final.bc>:set_ptes:%32	0
</harden/bcfiles/linux_bcfiles/kbmi_usb_final.bc>:set_ptes:46	</harden/bcfiles/linux_bcfiles/kbmi_usb_final.bc>:llvm.memcpy.p0i8.p0i8.i64	</harden/bcfiles/linux_bcfiles/kbmi_usb_final.bc>:set_ptes:%35	0
</harden/bcfiles/linux_bcfiles/kbmi_usb_final.bc>:set_ptes:46	</harden/bcfiles/linux_bcfiles/kbmi_usb_final.bc>:llvm.memcpy.p0i8.p0i8.i64	</harden/bcfiles/linux_bcfiles/kbmi_usb_final.bc>:set_ptes:%36	1
</harden/bcfiles/linux_bcfiles/kbmi_usb_final.bc>:set_ptes:46	</harden/bcfiles/linux_bcfiles/kbmi_usb_final.bc>:llvm.memcpy.p0i8.p0i8.i64	</harden/bcfiles/linux_bcfiles/kbmi_usb_final.bc>:set_ptes:46:1:8	2
</harden/bcfiles/linux_bcfiles/kbmi_usb_final.bc>:set_ptes:46	</harden/bcfiles/linux_bcfiles/kbmi_usb_final.bc>:llvm.memcpy.p0i8.p0i8.i64	</harden/bcfiles/linux_bcfiles/kbmi_usb_final.bc>:set_ptes:46:2:false	3
</harden/bcfiles/linux_bcfiles/kbmi_usb_final.bc>:page_table_check_ptes_set:7	</harden/bcfiles/linux_bcfiles/kbmi_usb_final.bc>:llvm.dbg.declare	</harden/bcfiles/linux_bcfiles/kbmi_usb_final.bc>:page_table_check_ptes_set:%struct.mm_struct** %6	0
</harden/bcfiles/linux_bcfiles/kbmi_usb_final.bc>:page_table_check_ptes_set:7	</harden/bcfiles/linux_bcfiles/kbmi_usb_final.bc>:llvm.dbg.declare	</harden/bcfiles/linux_bcfiles/kbmi_usb_final.bc>:page_table_check_ptes_set:!3693	1
</harden/bcfiles/linux_bcfiles/kbmi_usb_final.bc>:page_table_check_ptes_set:7	</harden/bcfiles/linux_bcfiles/kbmi_usb_final.bc>:llvm.dbg.declare	</harden/bcfiles/linux_bcfiles/kbmi_usb_final.bc>:page_table_check_ptes_set:!DIExpression()	2
</harden/bcfiles/linux_bcfiles/kbmi_usb_final.bc>:page_table_check_ptes_set:9	</harden/bcfiles/linux_bcfiles/kbmi_usb_final.bc>:llvm.dbg.declare	</harden/bcfiles/linux_bcfiles/kbmi_usb_final.bc>:page_table_check_ptes_set:!DIExpression()	2
</harden/bcfiles/linux_bcfiles/kbmi_usb_final.bc>:page_table_check_ptes_set:9	</harden/bcfiles/linux_bcfiles/kbmi_usb_final.bc>:llvm.dbg.declare	</harden/bcfiles/linux_bcfiles/kbmi_usb_final.bc>:page_table_check_ptes_set:%struct.atomic64_t** %7	0
</harden/bcfiles/linux_bcfiles/kbmi_usb_final.bc>:page_table_check_ptes_set:9	</harden/bcfiles/linux_bcfiles/kbmi_usb_final.bc>:llvm.dbg.declare	</harden/bcfiles/linux_bcfiles/kbmi_usb_final.bc>:page_table_check_ptes_set:!3695	1
</harden/bcfiles/linux_bcfiles/kbmi_usb_final.bc>:page_table_check_ptes_set:10	</harden/bcfiles/linux_bcfiles/kbmi_usb_final.bc>:llvm.dbg.declare	</harden/bcfiles/linux_bcfiles/kbmi_usb_final.bc>:page_table_check_ptes_set:!DIExpression()	2
</harden/bcfiles/linux_bcfiles/kbmi_usb_final.bc>:page_table_check_ptes_set:10	</harden/bcfiles/linux_bcfiles/kbmi_usb_final.bc>:llvm.dbg.declare	</harden/bcfiles/linux_bcfiles/kbmi_usb_final.bc>:page_table_check_ptes_set:%struct.atomic64_t* %5	0
</harden/bcfiles/linux_bcfiles/kbmi_usb_final.bc>:page_table_check_ptes_set:10	</harden/bcfiles/linux_bcfiles/kbmi_usb_final.bc>:llvm.dbg.declare	</harden/bcfiles/linux_bcfiles/kbmi_usb_final.bc>:page_table_check_ptes_set:!3697	1
</harden/bcfiles/linux_bcfiles/kbmi_usb_final.bc>:page_table_check_ptes_set:12	</harden/bcfiles/linux_bcfiles/kbmi_usb_final.bc>:llvm.dbg.declare	</harden/bcfiles/linux_bcfiles/kbmi_usb_final.bc>:page_table_check_ptes_set:!DIExpression()	2
</harden/bcfiles/linux_bcfiles/kbmi_usb_final.bc>:page_table_check_ptes_set:12	</harden/bcfiles/linux_bcfiles/kbmi_usb_final.bc>:llvm.dbg.declare	</harden/bcfiles/linux_bcfiles/kbmi_usb_final.bc>:page_table_check_ptes_set:i32* %8	0
</harden/bcfiles/linux_bcfiles/kbmi_usb_final.bc>:page_table_check_ptes_set:12	</harden/bcfiles/linux_bcfiles/kbmi_usb_final.bc>:llvm.dbg.declare	</harden/bcfiles/linux_bcfiles/kbmi_usb_final.bc>:page_table_check_ptes_set:!3699	1
</harden/bcfiles/linux_bcfiles/kbmi_usb_final.bc>:native_set_pte:5	</harden/bcfiles/linux_bcfiles/kbmi_usb_final.bc>:llvm.dbg.declare	</harden/bcfiles/linux_bcfiles/kbmi_usb_final.bc>:native_set_pte:%struct.atomic64_t** %4	0
</harden/bcfiles/linux_bcfiles/kbmi_usb_final.bc>:native_set_pte:5	</harden/bcfiles/linux_bcfiles/kbmi_usb_final.bc>:llvm.dbg.declare	</harden/bcfiles/linux_bcfiles/kbmi_usb_final.bc>:native_set_pte:!3706	1
</harden/bcfiles/linux_bcfiles/kbmi_usb_final.bc>:native_set_pte:5	</harden/bcfiles/linux_bcfiles/kbmi_usb_final.bc>:llvm.dbg.declare	</harden/bcfiles/linux_bcfiles/kbmi_usb_final.bc>:native_set_pte:!DIExpression()	2
</harden/bcfiles/linux_bcfiles/kbmi_usb_final.bc>:native_set_pte:6	</harden/bcfiles/linux_bcfiles/kbmi_usb_final.bc>:llvm.dbg.declare	</harden/bcfiles/linux_bcfiles/kbmi_usb_final.bc>:native_set_pte:!DIExpression()	2
</harden/bcfiles/linux_bcfiles/kbmi_usb_final.bc>:native_set_pte:6	</harden/bcfiles/linux_bcfiles/kbmi_usb_final.bc>:llvm.dbg.declare	</harden/bcfiles/linux_bcfiles/kbmi_usb_final.bc>:native_set_pte:%struct.atomic64_t* %3	0
</harden/bcfiles/linux_bcfiles/kbmi_usb_final.bc>:native_set_pte:6	</harden/bcfiles/linux_bcfiles/kbmi_usb_final.bc>:llvm.dbg.declare	</harden/bcfiles/linux_bcfiles/kbmi_usb_final.bc>:native_set_pte:!3708	1
</harden/bcfiles/linux_bcfiles/kbmi_usb_final.bc>:native_set_pte:14	</harden/bcfiles/linux_bcfiles/kbmi_usb_final.bc>:llvm.memcpy.p0i8.p0i8.i64	</harden/bcfiles/linux_bcfiles/kbmi_usb_final.bc>:native_set_pte:%11	0
</harden/bcfiles/linux_bcfiles/kbmi_usb_final.bc>:native_set_pte:14	</harden/bcfiles/linux_bcfiles/kbmi_usb_final.bc>:llvm.memcpy.p0i8.p0i8.i64	</harden/bcfiles/linux_bcfiles/kbmi_usb_final.bc>:native_set_pte:%12	1
</harden/bcfiles/linux_bcfiles/kbmi_usb_final.bc>:native_set_pte:14	</harden/bcfiles/linux_bcfiles/kbmi_usb_final.bc>:llvm.memcpy.p0i8.p0i8.i64	</harden/bcfiles/linux_bcfiles/kbmi_usb_final.bc>:native_set_pte:14:1:8	2
</harden/bcfiles/linux_bcfiles/kbmi_usb_final.bc>:native_set_pte:14	</harden/bcfiles/linux_bcfiles/kbmi_usb_final.bc>:llvm.memcpy.p0i8.p0i8.i64	</harden/bcfiles/linux_bcfiles/kbmi_usb_final.bc>:native_set_pte:14:2:true	3
</harden/bcfiles/linux_bcfiles/kbmi_usb_final.bc>:pte_next_pfn:4	</harden/bcfiles/linux_bcfiles/kbmi_usb_final.bc>:llvm.dbg.declare	</harden/bcfiles/linux_bcfiles/kbmi_usb_final.bc>:pte_next_pfn:%struct.atomic64_t* %3	0
</harden/bcfiles/linux_bcfiles/kbmi_usb_final.bc>:pte_next_pfn:4	</harden/bcfiles/linux_bcfiles/kbmi_usb_final.bc>:llvm.dbg.declare	</harden/bcfiles/linux_bcfiles/kbmi_usb_final.bc>:pte_next_pfn:!3719	1
</harden/bcfiles/linux_bcfiles/kbmi_usb_final.bc>:pte_next_pfn:4	</harden/bcfiles/linux_bcfiles/kbmi_usb_final.bc>:llvm.dbg.declare	</harden/bcfiles/linux_bcfiles/kbmi_usb_final.bc>:pte_next_pfn:!DIExpression()	2
</harden/bcfiles/linux_bcfiles/kbmi_usb_final.bc>:pte_next_pfn:7	</harden/bcfiles/linux_bcfiles/kbmi_usb_final.bc>:native_pte_val	</harden/bcfiles/linux_bcfiles/kbmi_usb_final.bc>:pte_next_pfn:%6	0
</harden/bcfiles/linux_bcfiles/kbmi_usb_final.bc>:pte_next_pfn:8	</harden/bcfiles/linux_bcfiles/kbmi_usb_final.bc>:__pte_needs_invert	</harden/bcfiles/linux_bcfiles/kbmi_usb_final.bc>:pte_next_pfn:%7	0
</harden/bcfiles/linux_bcfiles/kbmi_usb_final.bc>:pte_next_pfn:12	</harden/bcfiles/linux_bcfiles/kbmi_usb_final.bc>:native_pte_val	</harden/bcfiles/linux_bcfiles/kbmi_usb_final.bc>:pte_next_pfn:%11	0
</harden/bcfiles/linux_bcfiles/kbmi_usb_final.bc>:pte_next_pfn:14	</harden/bcfiles/linux_bcfiles/kbmi_usb_final.bc>:native_make_pte	</harden/bcfiles/linux_bcfiles/kbmi_usb_final.bc>:pte_next_pfn:%13	0
</harden/bcfiles/linux_bcfiles/kbmi_usb_final.bc>:pte_next_pfn:20	</harden/bcfiles/linux_bcfiles/kbmi_usb_final.bc>:native_pte_val	</harden/bcfiles/linux_bcfiles/kbmi_usb_final.bc>:pte_next_pfn:%18	0
</harden/bcfiles/linux_bcfiles/kbmi_usb_final.bc>:pte_next_pfn:22	</harden/bcfiles/linux_bcfiles/kbmi_usb_final.bc>:native_make_pte	</harden/bcfiles/linux_bcfiles/kbmi_usb_final.bc>:pte_next_pfn:%20	0
</harden/bcfiles/linux_bcfiles/kbmi_usb_final.bc>:native_pte_val:3	</harden/bcfiles/linux_bcfiles/kbmi_usb_final.bc>:llvm.dbg.declare	</harden/bcfiles/linux_bcfiles/kbmi_usb_final.bc>:native_pte_val:%struct.atomic64_t* %2	0
</harden/bcfiles/linux_bcfiles/kbmi_usb_final.bc>:native_pte_val:3	</harden/bcfiles/linux_bcfiles/kbmi_usb_final.bc>:llvm.dbg.declare	</harden/bcfiles/linux_bcfiles/kbmi_usb_final.bc>:native_pte_val:!3733	1
</harden/bcfiles/linux_bcfiles/kbmi_usb_final.bc>:native_pte_val:3	</harden/bcfiles/linux_bcfiles/kbmi_usb_final.bc>:llvm.dbg.declare	</harden/bcfiles/linux_bcfiles/kbmi_usb_final.bc>:native_pte_val:!DIExpression()	2
</harden/bcfiles/linux_bcfiles/kbmi_usb_final.bc>:__pte_needs_invert:2	</harden/bcfiles/linux_bcfiles/kbmi_usb_final.bc>:llvm.dbg.declare	</harden/bcfiles/linux_bcfiles/kbmi_usb_final.bc>:__pte_needs_invert:i64* %2	0
</harden/bcfiles/linux_bcfiles/kbmi_usb_final.bc>:__pte_needs_invert:2	</harden/bcfiles/linux_bcfiles/kbmi_usb_final.bc>:llvm.dbg.declare	</harden/bcfiles/linux_bcfiles/kbmi_usb_final.bc>:__pte_needs_invert:!3741	1
</harden/bcfiles/linux_bcfiles/kbmi_usb_final.bc>:__pte_needs_invert:2	</harden/bcfiles/linux_bcfiles/kbmi_usb_final.bc>:llvm.dbg.declare	</harden/bcfiles/linux_bcfiles/kbmi_usb_final.bc>:__pte_needs_invert:!DIExpression()	2
</harden/bcfiles/linux_bcfiles/kbmi_usb_final.bc>:native_make_pte:3	</harden/bcfiles/linux_bcfiles/kbmi_usb_final.bc>:llvm.dbg.declare	</harden/bcfiles/linux_bcfiles/kbmi_usb_final.bc>:native_make_pte:i64* %3	0
</harden/bcfiles/linux_bcfiles/kbmi_usb_final.bc>:native_make_pte:3	</harden/bcfiles/linux_bcfiles/kbmi_usb_final.bc>:llvm.dbg.declare	</harden/bcfiles/linux_bcfiles/kbmi_usb_final.bc>:native_make_pte:!3753	1
</harden/bcfiles/linux_bcfiles/kbmi_usb_final.bc>:native_make_pte:3	</harden/bcfiles/linux_bcfiles/kbmi_usb_final.bc>:llvm.dbg.declare	</harden/bcfiles/linux_bcfiles/kbmi_usb_final.bc>:native_make_pte:!DIExpression()	2
</harden/bcfiles/linux_bcfiles/kbmi_usb_final.bc>:pte_clear_flags:6	</harden/bcfiles/linux_bcfiles/kbmi_usb_final.bc>:llvm.dbg.declare	</harden/bcfiles/linux_bcfiles/kbmi_usb_final.bc>:pte_clear_flags:%struct.atomic64_t* %4	0
</harden/bcfiles/linux_bcfiles/kbmi_usb_final.bc>:pte_clear_flags:6	</harden/bcfiles/linux_bcfiles/kbmi_usb_final.bc>:llvm.dbg.declare	</harden/bcfiles/linux_bcfiles/kbmi_usb_final.bc>:pte_clear_flags:!3761	1
</harden/bcfiles/linux_bcfiles/kbmi_usb_final.bc>:pte_clear_flags:6	</harden/bcfiles/linux_bcfiles/kbmi_usb_final.bc>:llvm.dbg.declare	</harden/bcfiles/linux_bcfiles/kbmi_usb_final.bc>:pte_clear_flags:!DIExpression()	2
</harden/bcfiles/linux_bcfiles/kbmi_usb_final.bc>:pte_clear_flags:8	</harden/bcfiles/linux_bcfiles/kbmi_usb_final.bc>:llvm.dbg.declare	</harden/bcfiles/linux_bcfiles/kbmi_usb_final.bc>:pte_clear_flags:!DIExpression()	2
</harden/bcfiles/linux_bcfiles/kbmi_usb_final.bc>:pte_clear_flags:8	</harden/bcfiles/linux_bcfiles/kbmi_usb_final.bc>:llvm.dbg.declare	</harden/bcfiles/linux_bcfiles/kbmi_usb_final.bc>:pte_clear_flags:i64* %5	0
</harden/bcfiles/linux_bcfiles/kbmi_usb_final.bc>:pte_clear_flags:8	</harden/bcfiles/linux_bcfiles/kbmi_usb_final.bc>:llvm.dbg.declare	</harden/bcfiles/linux_bcfiles/kbmi_usb_final.bc>:pte_clear_flags:!3763	1
</harden/bcfiles/linux_bcfiles/kbmi_usb_final.bc>:pte_clear_flags:9	</harden/bcfiles/linux_bcfiles/kbmi_usb_final.bc>:llvm.dbg.declare	</harden/bcfiles/linux_bcfiles/kbmi_usb_final.bc>:pte_clear_flags:!DIExpression()	2
</harden/bcfiles/linux_bcfiles/kbmi_usb_final.bc>:pte_clear_flags:9	</harden/bcfiles/linux_bcfiles/kbmi_usb_final.bc>:llvm.dbg.declare	</harden/bcfiles/linux_bcfiles/kbmi_usb_final.bc>:pte_clear_flags:i64* %6	0
</harden/bcfiles/linux_bcfiles/kbmi_usb_final.bc>:pte_clear_flags:9	</harden/bcfiles/linux_bcfiles/kbmi_usb_final.bc>:llvm.dbg.declare	</harden/bcfiles/linux_bcfiles/kbmi_usb_final.bc>:pte_clear_flags:!3765	1
</harden/bcfiles/linux_bcfiles/kbmi_usb_final.bc>:pte_clear_flags:12	</harden/bcfiles/linux_bcfiles/kbmi_usb_final.bc>:native_pte_val	</harden/bcfiles/linux_bcfiles/kbmi_usb_final.bc>:pte_clear_flags:%9	0
</harden/bcfiles/linux_bcfiles/kbmi_usb_final.bc>:pte_clear_flags:18	</harden/bcfiles/linux_bcfiles/kbmi_usb_final.bc>:native_make_pte	</harden/bcfiles/linux_bcfiles/kbmi_usb_final.bc>:pte_clear_flags:%14	0
</harden/bcfiles/linux_bcfiles/kbmi_usb_final.bc>:pte_flags:3	</harden/bcfiles/linux_bcfiles/kbmi_usb_final.bc>:llvm.dbg.declare	</harden/bcfiles/linux_bcfiles/kbmi_usb_final.bc>:pte_flags:%struct.atomic64_t* %2	0
</harden/bcfiles/linux_bcfiles/kbmi_usb_final.bc>:pte_flags:3	</harden/bcfiles/linux_bcfiles/kbmi_usb_final.bc>:llvm.dbg.declare	</harden/bcfiles/linux_bcfiles/kbmi_usb_final.bc>:pte_flags:!3775	1
</harden/bcfiles/linux_bcfiles/kbmi_usb_final.bc>:pte_flags:3	</harden/bcfiles/linux_bcfiles/kbmi_usb_final.bc>:llvm.dbg.declare	</harden/bcfiles/linux_bcfiles/kbmi_usb_final.bc>:pte_flags:!DIExpression()	2
</harden/bcfiles/linux_bcfiles/kbmi_usb_final.bc>:pte_flags:6	</harden/bcfiles/linux_bcfiles/kbmi_usb_final.bc>:native_pte_val	</harden/bcfiles/linux_bcfiles/kbmi_usb_final.bc>:pte_flags:%5	0
</harden/bcfiles/linux_bcfiles/kbmi_usb_final.bc>:pmd_off_k:2	</harden/bcfiles/linux_bcfiles/kbmi_usb_final.bc>:llvm.dbg.declare	</harden/bcfiles/linux_bcfiles/kbmi_usb_final.bc>:pmd_off_k:i64* %2	0
</harden/bcfiles/linux_bcfiles/kbmi_usb_final.bc>:pmd_off_k:2	</harden/bcfiles/linux_bcfiles/kbmi_usb_final.bc>:llvm.dbg.declare	</harden/bcfiles/linux_bcfiles/kbmi_usb_final.bc>:pmd_off_k:!3783	1
</harden/bcfiles/linux_bcfiles/kbmi_usb_final.bc>:pmd_off_k:2	</harden/bcfiles/linux_bcfiles/kbmi_usb_final.bc>:llvm.dbg.declare	</harden/bcfiles/linux_bcfiles/kbmi_usb_final.bc>:pmd_off_k:!DIExpression()	2
</harden/bcfiles/linux_bcfiles/kbmi_usb_final.bc>:pmd_off_k:5	</harden/bcfiles/linux_bcfiles/kbmi_usb_final.bc>:pgd_offset_pgd	</harden/bcfiles/linux_bcfiles/kbmi_usb_final.bc>:pmd_off_k:%3	0
</harden/bcfiles/linux_bcfiles/kbmi_usb_final.bc>:pmd_off_k:5	</harden/bcfiles/linux_bcfiles/kbmi_usb_final.bc>:pgd_offset_pgd	</harden/bcfiles/linux_bcfiles/kbmi_usb_final.bc>:pmd_off_k:%4	1
</harden/bcfiles/linux_bcfiles/kbmi_usb_final.bc>:pmd_off_k:7	</harden/bcfiles/linux_bcfiles/kbmi_usb_final.bc>:p4d_offset	</harden/bcfiles/linux_bcfiles/kbmi_usb_final.bc>:pmd_off_k:%5	0
</harden/bcfiles/linux_bcfiles/kbmi_usb_final.bc>:pmd_off_k:7	</harden/bcfiles/linux_bcfiles/kbmi_usb_final.bc>:p4d_offset	</harden/bcfiles/linux_bcfiles/kbmi_usb_final.bc>:pmd_off_k:%6	1
</harden/bcfiles/linux_bcfiles/kbmi_usb_final.bc>:pmd_off_k:9	</harden/bcfiles/linux_bcfiles/kbmi_usb_final.bc>:pud_offset	</harden/bcfiles/linux_bcfiles/kbmi_usb_final.bc>:pmd_off_k:%7	0
</harden/bcfiles/linux_bcfiles/kbmi_usb_final.bc>:pmd_off_k:9	</harden/bcfiles/linux_bcfiles/kbmi_usb_final.bc>:pud_offset	</harden/bcfiles/linux_bcfiles/kbmi_usb_final.bc>:pmd_off_k:%8	1
</harden/bcfiles/linux_bcfiles/kbmi_usb_final.bc>:pmd_off_k:11	</harden/bcfiles/linux_bcfiles/kbmi_usb_final.bc>:pmd_offset	</harden/bcfiles/linux_bcfiles/kbmi_usb_final.bc>:pmd_off_k:%9	0
</harden/bcfiles/linux_bcfiles/kbmi_usb_final.bc>:pmd_off_k:11	</harden/bcfiles/linux_bcfiles/kbmi_usb_final.bc>:pmd_offset	</harden/bcfiles/linux_bcfiles/kbmi_usb_final.bc>:pmd_off_k:%10	1
</harden/bcfiles/linux_bcfiles/kbmi_usb_final.bc>:pmd_none:4	</harden/bcfiles/linux_bcfiles/kbmi_usb_final.bc>:llvm.dbg.declare	</harden/bcfiles/linux_bcfiles/kbmi_usb_final.bc>:pmd_none:%struct.atomic64_t* %2	0
</harden/bcfiles/linux_bcfiles/kbmi_usb_final.bc>:pmd_none:4	</harden/bcfiles/linux_bcfiles/kbmi_usb_final.bc>:llvm.dbg.declare	</harden/bcfiles/linux_bcfiles/kbmi_usb_final.bc>:pmd_none:!3796	1
</harden/bcfiles/linux_bcfiles/kbmi_usb_final.bc>:pmd_none:4	</harden/bcfiles/linux_bcfiles/kbmi_usb_final.bc>:llvm.dbg.declare	</harden/bcfiles/linux_bcfiles/kbmi_usb_final.bc>:pmd_none:!DIExpression()	2
</harden/bcfiles/linux_bcfiles/kbmi_usb_final.bc>:pmd_none:5	</harden/bcfiles/linux_bcfiles/kbmi_usb_final.bc>:llvm.dbg.declare	</harden/bcfiles/linux_bcfiles/kbmi_usb_final.bc>:pmd_none:!DIExpression()	2
</harden/bcfiles/linux_bcfiles/kbmi_usb_final.bc>:pmd_none:5	</harden/bcfiles/linux_bcfiles/kbmi_usb_final.bc>:llvm.dbg.declare	</harden/bcfiles/linux_bcfiles/kbmi_usb_final.bc>:pmd_none:i64* %3	0
</harden/bcfiles/linux_bcfiles/kbmi_usb_final.bc>:pmd_none:5	</harden/bcfiles/linux_bcfiles/kbmi_usb_final.bc>:llvm.dbg.declare	</harden/bcfiles/linux_bcfiles/kbmi_usb_final.bc>:pmd_none:!3798	1
</harden/bcfiles/linux_bcfiles/kbmi_usb_final.bc>:pmd_none:8	</harden/bcfiles/linux_bcfiles/kbmi_usb_final.bc>:native_pmd_val	</harden/bcfiles/linux_bcfiles/kbmi_usb_final.bc>:pmd_none:%6	0
</harden/bcfiles/linux_bcfiles/kbmi_usb_final.bc>:pte_offset_kernel:3	</harden/bcfiles/linux_bcfiles/kbmi_usb_final.bc>:llvm.dbg.declare	</harden/bcfiles/linux_bcfiles/kbmi_usb_final.bc>:pte_offset_kernel:%struct.atomic64_t** %3	0
</harden/bcfiles/linux_bcfiles/kbmi_usb_final.bc>:pte_offset_kernel:3	</harden/bcfiles/linux_bcfiles/kbmi_usb_final.bc>:llvm.dbg.declare	</harden/bcfiles/linux_bcfiles/kbmi_usb_final.bc>:pte_offset_kernel:!3808	1
</harden/bcfiles/linux_bcfiles/kbmi_usb_final.bc>:pte_offset_kernel:3	</harden/bcfiles/linux_bcfiles/kbmi_usb_final.bc>:llvm.dbg.declare	</harden/bcfiles/linux_bcfiles/kbmi_usb_final.bc>:pte_offset_kernel:!DIExpression()	2
</harden/bcfiles/linux_bcfiles/kbmi_usb_final.bc>:pte_offset_kernel:5	</harden/bcfiles/linux_bcfiles/kbmi_usb_final.bc>:llvm.dbg.declare	</harden/bcfiles/linux_bcfiles/kbmi_usb_final.bc>:pte_offset_kernel:!DIExpression()	2
</harden/bcfiles/linux_bcfiles/kbmi_usb_final.bc>:pte_offset_kernel:5	</harden/bcfiles/linux_bcfiles/kbmi_usb_final.bc>:llvm.dbg.declare	</harden/bcfiles/linux_bcfiles/kbmi_usb_final.bc>:pte_offset_kernel:i64* %4	0
</harden/bcfiles/linux_bcfiles/kbmi_usb_final.bc>:pte_offset_kernel:5	</harden/bcfiles/linux_bcfiles/kbmi_usb_final.bc>:llvm.dbg.declare	</harden/bcfiles/linux_bcfiles/kbmi_usb_final.bc>:pte_offset_kernel:!3810	1
</harden/bcfiles/linux_bcfiles/kbmi_usb_final.bc>:pte_offset_kernel:9	</harden/bcfiles/linux_bcfiles/kbmi_usb_final.bc>:pmd_page_vaddr	</harden/bcfiles/linux_bcfiles/kbmi_usb_final.bc>:pte_offset_kernel:%7	0
</harden/bcfiles/linux_bcfiles/kbmi_usb_final.bc>:pte_offset_kernel:12	</harden/bcfiles/linux_bcfiles/kbmi_usb_final.bc>:pte_index	</harden/bcfiles/linux_bcfiles/kbmi_usb_final.bc>:pte_offset_kernel:%10	0
</harden/bcfiles/linux_bcfiles/kbmi_usb_final.bc>:pmd_page_vaddr:3	</harden/bcfiles/linux_bcfiles/kbmi_usb_final.bc>:llvm.dbg.declare	</harden/bcfiles/linux_bcfiles/kbmi_usb_final.bc>:pmd_page_vaddr:%struct.atomic64_t* %2	0
</harden/bcfiles/linux_bcfiles/kbmi_usb_final.bc>:pmd_page_vaddr:3	</harden/bcfiles/linux_bcfiles/kbmi_usb_final.bc>:llvm.dbg.declare	</harden/bcfiles/linux_bcfiles/kbmi_usb_final.bc>:pmd_page_vaddr:!3822	1
</harden/bcfiles/linux_bcfiles/kbmi_usb_final.bc>:pmd_page_vaddr:3	</harden/bcfiles/linux_bcfiles/kbmi_usb_final.bc>:llvm.dbg.declare	</harden/bcfiles/linux_bcfiles/kbmi_usb_final.bc>:pmd_page_vaddr:!DIExpression()	2
</harden/bcfiles/linux_bcfiles/kbmi_usb_final.bc>:pmd_page_vaddr:6	</harden/bcfiles/linux_bcfiles/kbmi_usb_final.bc>:native_pmd_val	</harden/bcfiles/linux_bcfiles/kbmi_usb_final.bc>:pmd_page_vaddr:%5	0
</harden/bcfiles/linux_bcfiles/kbmi_usb_final.bc>:pmd_page_vaddr:9	</harden/bcfiles/linux_bcfiles/kbmi_usb_final.bc>:pmd_pfn_mask	</harden/bcfiles/linux_bcfiles/kbmi_usb_final.bc>:pmd_page_vaddr:%8	0
</harden/bcfiles/linux_bcfiles/kbmi_usb_final.bc>:pte_index:2	</harden/bcfiles/linux_bcfiles/kbmi_usb_final.bc>:llvm.dbg.declare	</harden/bcfiles/linux_bcfiles/kbmi_usb_final.bc>:pte_index:i64* %2	0
</harden/bcfiles/linux_bcfiles/kbmi_usb_final.bc>:pte_index:2	</harden/bcfiles/linux_bcfiles/kbmi_usb_final.bc>:llvm.dbg.declare	</harden/bcfiles/linux_bcfiles/kbmi_usb_final.bc>:pte_index:!3830	1
</harden/bcfiles/linux_bcfiles/kbmi_usb_final.bc>:pte_index:2	</harden/bcfiles/linux_bcfiles/kbmi_usb_final.bc>:llvm.dbg.declare	</harden/bcfiles/linux_bcfiles/kbmi_usb_final.bc>:pte_index:!DIExpression()	2
</harden/bcfiles/linux_bcfiles/kbmi_usb_final.bc>:native_pmd_val:3	</harden/bcfiles/linux_bcfiles/kbmi_usb_final.bc>:llvm.dbg.declare	</harden/bcfiles/linux_bcfiles/kbmi_usb_final.bc>:native_pmd_val:%struct.atomic64_t* %2	0
</harden/bcfiles/linux_bcfiles/kbmi_usb_final.bc>:native_pmd_val:3	</harden/bcfiles/linux_bcfiles/kbmi_usb_final.bc>:llvm.dbg.declare	</harden/bcfiles/linux_bcfiles/kbmi_usb_final.bc>:native_pmd_val:!3839	1
</harden/bcfiles/linux_bcfiles/kbmi_usb_final.bc>:native_pmd_val:3	</harden/bcfiles/linux_bcfiles/kbmi_usb_final.bc>:llvm.dbg.declare	</harden/bcfiles/linux_bcfiles/kbmi_usb_final.bc>:native_pmd_val:!DIExpression()	2
</harden/bcfiles/linux_bcfiles/kbmi_usb_final.bc>:pmd_pfn_mask:4	</harden/bcfiles/linux_bcfiles/kbmi_usb_final.bc>:llvm.dbg.declare	</harden/bcfiles/linux_bcfiles/kbmi_usb_final.bc>:pmd_pfn_mask:%struct.atomic64_t* %3	0
</harden/bcfiles/linux_bcfiles/kbmi_usb_final.bc>:pmd_pfn_mask:4	</harden/bcfiles/linux_bcfiles/kbmi_usb_final.bc>:llvm.dbg.declare	</harden/bcfiles/linux_bcfiles/kbmi_usb_final.bc>:pmd_pfn_mask:!3844	1
</harden/bcfiles/linux_bcfiles/kbmi_usb_final.bc>:pmd_pfn_mask:4	</harden/bcfiles/linux_bcfiles/kbmi_usb_final.bc>:llvm.dbg.declare	</harden/bcfiles/linux_bcfiles/kbmi_usb_final.bc>:pmd_pfn_mask:!DIExpression()	2
</harden/bcfiles/linux_bcfiles/kbmi_usb_final.bc>:pmd_pfn_mask:7	</harden/bcfiles/linux_bcfiles/kbmi_usb_final.bc>:native_pmd_val	</harden/bcfiles/linux_bcfiles/kbmi_usb_final.bc>:pmd_pfn_mask:%6	0
</harden/bcfiles/linux_bcfiles/kbmi_usb_final.bc>:pgd_offset_pgd:3	</harden/bcfiles/linux_bcfiles/kbmi_usb_final.bc>:llvm.dbg.declare	</harden/bcfiles/linux_bcfiles/kbmi_usb_final.bc>:pgd_offset_pgd:%struct.atomic64_t** %3	0
</harden/bcfiles/linux_bcfiles/kbmi_usb_final.bc>:pgd_offset_pgd:3	</harden/bcfiles/linux_bcfiles/kbmi_usb_final.bc>:llvm.dbg.declare	</harden/bcfiles/linux_bcfiles/kbmi_usb_final.bc>:pgd_offset_pgd:!3856	1
</harden/bcfiles/linux_bcfiles/kbmi_usb_final.bc>:pgd_offset_pgd:3	</harden/bcfiles/linux_bcfiles/kbmi_usb_final.bc>:llvm.dbg.declare	</harden/bcfiles/linux_bcfiles/kbmi_usb_final.bc>:pgd_offset_pgd:!DIExpression()	2
</harden/bcfiles/linux_bcfiles/kbmi_usb_final.bc>:pgd_offset_pgd:5	</harden/bcfiles/linux_bcfiles/kbmi_usb_final.bc>:llvm.dbg.declare	</harden/bcfiles/linux_bcfiles/kbmi_usb_final.bc>:pgd_offset_pgd:!DIExpression()	2
</harden/bcfiles/linux_bcfiles/kbmi_usb_final.bc>:pgd_offset_pgd:5	</harden/bcfiles/linux_bcfiles/kbmi_usb_final.bc>:llvm.dbg.declare	</harden/bcfiles/linux_bcfiles/kbmi_usb_final.bc>:pgd_offset_pgd:i64* %4	0
</harden/bcfiles/linux_bcfiles/kbmi_usb_final.bc>:pgd_offset_pgd:5	</harden/bcfiles/linux_bcfiles/kbmi_usb_final.bc>:llvm.dbg.declare	</harden/bcfiles/linux_bcfiles/kbmi_usb_final.bc>:pgd_offset_pgd:!3858	1
</harden/bcfiles/linux_bcfiles/kbmi_usb_final.bc>:p4d_offset:13	</harden/bcfiles/linux_bcfiles/kbmi_usb_final.bc>:llvm.dbg.declare	</harden/bcfiles/linux_bcfiles/kbmi_usb_final.bc>:p4d_offset:%struct.atomic64_t** %13	0
</harden/bcfiles/linux_bcfiles/kbmi_usb_final.bc>:p4d_offset:13	</harden/bcfiles/linux_bcfiles/kbmi_usb_final.bc>:llvm.dbg.declare	</harden/bcfiles/linux_bcfiles/kbmi_usb_final.bc>:p4d_offset:!3867	1
</harden/bcfiles/linux_bcfiles/kbmi_usb_final.bc>:p4d_offset:13	</harden/bcfiles/linux_bcfiles/kbmi_usb_final.bc>:llvm.dbg.declare	</harden/bcfiles/linux_bcfiles/kbmi_usb_final.bc>:p4d_offset:!DIExpression()	2
</harden/bcfiles/linux_bcfiles/kbmi_usb_final.bc>:p4d_offset:15	</harden/bcfiles/linux_bcfiles/kbmi_usb_final.bc>:llvm.dbg.declare	</harden/bcfiles/linux_bcfiles/kbmi_usb_final.bc>:p4d_offset:!DIExpression()	2
</harden/bcfiles/linux_bcfiles/kbmi_usb_final.bc>:p4d_offset:15	</harden/bcfiles/linux_bcfiles/kbmi_usb_final.bc>:llvm.dbg.declare	</harden/bcfiles/linux_bcfiles/kbmi_usb_final.bc>:p4d_offset:i64* %14	0
</harden/bcfiles/linux_bcfiles/kbmi_usb_final.bc>:p4d_offset:15	</harden/bcfiles/linux_bcfiles/kbmi_usb_final.bc>:llvm.dbg.declare	</harden/bcfiles/linux_bcfiles/kbmi_usb_final.bc>:p4d_offset:!3869	1
</harden/bcfiles/linux_bcfiles/kbmi_usb_final.bc>:p4d_offset:22	</harden/bcfiles/linux_bcfiles/kbmi_usb_final.bc>:llvm.dbg.declare	</harden/bcfiles/linux_bcfiles/kbmi_usb_final.bc>:p4d_offset:!DIExpression()	2
</harden/bcfiles/linux_bcfiles/kbmi_usb_final.bc>:p4d_offset:22	</harden/bcfiles/linux_bcfiles/kbmi_usb_final.bc>:llvm.dbg.declare	</harden/bcfiles/linux_bcfiles/kbmi_usb_final.bc>:p4d_offset:i64* %10	0
</harden/bcfiles/linux_bcfiles/kbmi_usb_final.bc>:p4d_offset:22	</harden/bcfiles/linux_bcfiles/kbmi_usb_final.bc>:llvm.dbg.declare	</harden/bcfiles/linux_bcfiles/kbmi_usb_final.bc>:p4d_offset:!3874	1
</harden/bcfiles/linux_bcfiles/kbmi_usb_final.bc>:p4d_offset:24	</harden/bcfiles/linux_bcfiles/kbmi_usb_final.bc>:llvm.dbg.declare	</harden/bcfiles/linux_bcfiles/kbmi_usb_final.bc>:p4d_offset:!DIExpression()	2
</harden/bcfiles/linux_bcfiles/kbmi_usb_final.bc>:p4d_offset:24	</harden/bcfiles/linux_bcfiles/kbmi_usb_final.bc>:llvm.dbg.declare	</harden/bcfiles/linux_bcfiles/kbmi_usb_final.bc>:p4d_offset:i64** %11	0
</harden/bcfiles/linux_bcfiles/kbmi_usb_final.bc>:p4d_offset:24	</harden/bcfiles/linux_bcfiles/kbmi_usb_final.bc>:llvm.dbg.declare	</harden/bcfiles/linux_bcfiles/kbmi_usb_final.bc>:p4d_offset:!3884	1
</harden/bcfiles/linux_bcfiles/kbmi_usb_final.bc>:p4d_offset:26	</harden/bcfiles/linux_bcfiles/kbmi_usb_final.bc>:llvm.is.constant.i64	</harden/bcfiles/linux_bcfiles/kbmi_usb_final.bc>:p4d_offset:%20	0
</harden/bcfiles/linux_bcfiles/kbmi_usb_final.bc>:p4d_offset:31	</harden/bcfiles/linux_bcfiles/kbmi_usb_final.bc>:llvm.dbg.declare	</harden/bcfiles/linux_bcfiles/kbmi_usb_final.bc>:p4d_offset:!DIExpression()	2
</harden/bcfiles/linux_bcfiles/kbmi_usb_final.bc>:p4d_offset:31	</harden/bcfiles/linux_bcfiles/kbmi_usb_final.bc>:llvm.dbg.declare	</harden/bcfiles/linux_bcfiles/kbmi_usb_final.bc>:p4d_offset:i64* %6	0
</harden/bcfiles/linux_bcfiles/kbmi_usb_final.bc>:p4d_offset:31	</harden/bcfiles/linux_bcfiles/kbmi_usb_final.bc>:llvm.dbg.declare	</harden/bcfiles/linux_bcfiles/kbmi_usb_final.bc>:p4d_offset:!3890	1
</harden/bcfiles/linux_bcfiles/kbmi_usb_final.bc>:p4d_offset:33	</harden/bcfiles/linux_bcfiles/kbmi_usb_final.bc>:llvm.dbg.declare	</harden/bcfiles/linux_bcfiles/kbmi_usb_final.bc>:p4d_offset:!DIExpression()	2
</harden/bcfiles/linux_bcfiles/kbmi_usb_final.bc>:p4d_offset:33	</harden/bcfiles/linux_bcfiles/kbmi_usb_final.bc>:llvm.dbg.declare	</harden/bcfiles/linux_bcfiles/kbmi_usb_final.bc>:p4d_offset:i64** %7	0
</harden/bcfiles/linux_bcfiles/kbmi_usb_final.bc>:p4d_offset:33	</harden/bcfiles/linux_bcfiles/kbmi_usb_final.bc>:llvm.dbg.declare	</harden/bcfiles/linux_bcfiles/kbmi_usb_final.bc>:p4d_offset:!3896	1
</harden/bcfiles/linux_bcfiles/kbmi_usb_final.bc>:p4d_offset:49	</harden/bcfiles/linux_bcfiles/kbmi_usb_final.bc>:llvm.dbg.declare	</harden/bcfiles/linux_bcfiles/kbmi_usb_final.bc>:p4d_offset:!DIExpression()	2
</harden/bcfiles/linux_bcfiles/kbmi_usb_final.bc>:p4d_offset:49	</harden/bcfiles/linux_bcfiles/kbmi_usb_final.bc>:llvm.dbg.declare	</harden/bcfiles/linux_bcfiles/kbmi_usb_final.bc>:p4d_offset:i64* %3	0
</harden/bcfiles/linux_bcfiles/kbmi_usb_final.bc>:p4d_offset:49	</harden/bcfiles/linux_bcfiles/kbmi_usb_final.bc>:llvm.dbg.declare	</harden/bcfiles/linux_bcfiles/kbmi_usb_final.bc>:p4d_offset:!3909	1
</harden/bcfiles/linux_bcfiles/kbmi_usb_final.bc>:p4d_offset:51	</harden/bcfiles/linux_bcfiles/kbmi_usb_final.bc>:llvm.dbg.declare	</harden/bcfiles/linux_bcfiles/kbmi_usb_final.bc>:p4d_offset:!DIExpression()	2
</harden/bcfiles/linux_bcfiles/kbmi_usb_final.bc>:p4d_offset:51	</harden/bcfiles/linux_bcfiles/kbmi_usb_final.bc>:llvm.dbg.declare	</harden/bcfiles/linux_bcfiles/kbmi_usb_final.bc>:p4d_offset:i64** %4	0
</harden/bcfiles/linux_bcfiles/kbmi_usb_final.bc>:p4d_offset:51	</harden/bcfiles/linux_bcfiles/kbmi_usb_final.bc>:llvm.dbg.declare	</harden/bcfiles/linux_bcfiles/kbmi_usb_final.bc>:p4d_offset:!3913	1
</harden/bcfiles/linux_bcfiles/kbmi_usb_final.bc>:p4d_offset:52	</harden/bcfiles/linux_bcfiles/kbmi_usb_final.bc>:llvm.dbg.declare	</harden/bcfiles/linux_bcfiles/kbmi_usb_final.bc>:p4d_offset:!DIExpression()	2
</harden/bcfiles/linux_bcfiles/kbmi_usb_final.bc>:p4d_offset:52	</harden/bcfiles/linux_bcfiles/kbmi_usb_final.bc>:llvm.dbg.declare	</harden/bcfiles/linux_bcfiles/kbmi_usb_final.bc>:p4d_offset:i8* %5	0
</harden/bcfiles/linux_bcfiles/kbmi_usb_final.bc>:p4d_offset:52	</harden/bcfiles/linux_bcfiles/kbmi_usb_final.bc>:llvm.dbg.declare	</harden/bcfiles/linux_bcfiles/kbmi_usb_final.bc>:p4d_offset:!3915	1
</harden/bcfiles/linux_bcfiles/kbmi_usb_final.bc>:p4d_offset:65	</harden/bcfiles/linux_bcfiles/kbmi_usb_final.bc>:llvm.dbg.declare	</harden/bcfiles/linux_bcfiles/kbmi_usb_final.bc>:p4d_offset:!DIExpression()	2
</harden/bcfiles/linux_bcfiles/kbmi_usb_final.bc>:p4d_offset:65	</harden/bcfiles/linux_bcfiles/kbmi_usb_final.bc>:llvm.dbg.declare	</harden/bcfiles/linux_bcfiles/kbmi_usb_final.bc>:p4d_offset:i16* %9	0
</harden/bcfiles/linux_bcfiles/kbmi_usb_final.bc>:p4d_offset:65	</harden/bcfiles/linux_bcfiles/kbmi_usb_final.bc>:llvm.dbg.declare	</harden/bcfiles/linux_bcfiles/kbmi_usb_final.bc>:p4d_offset:!3923	1
</harden/bcfiles/linux_bcfiles/kbmi_usb_final.bc>:p4d_offset:78	</harden/bcfiles/linux_bcfiles/kbmi_usb_final.bc>:llvm.dbg.label	</harden/bcfiles/linux_bcfiles/kbmi_usb_final.bc>:p4d_offset:!3939	0
</harden/bcfiles/linux_bcfiles/kbmi_usb_final.bc>:p4d_offset:81	</harden/bcfiles/linux_bcfiles/kbmi_usb_final.bc>:llvm.dbg.label	</harden/bcfiles/linux_bcfiles/kbmi_usb_final.bc>:p4d_offset:!3942	0
</harden/bcfiles/linux_bcfiles/kbmi_usb_final.bc>:p4d_offset:93	</harden/bcfiles/linux_bcfiles/kbmi_usb_final.bc>:pgd_page_vaddr	</harden/bcfiles/linux_bcfiles/kbmi_usb_final.bc>:p4d_offset:%70	0
</harden/bcfiles/linux_bcfiles/kbmi_usb_final.bc>:p4d_offset:96	</harden/bcfiles/linux_bcfiles/kbmi_usb_final.bc>:p4d_index	</harden/bcfiles/linux_bcfiles/kbmi_usb_final.bc>:p4d_offset:%73	0
</harden/bcfiles/linux_bcfiles/kbmi_usb_final.bc>:pud_offset:3	</harden/bcfiles/linux_bcfiles/kbmi_usb_final.bc>:llvm.dbg.declare	</harden/bcfiles/linux_bcfiles/kbmi_usb_final.bc>:pud_offset:%struct.atomic64_t** %3	0
</harden/bcfiles/linux_bcfiles/kbmi_usb_final.bc>:pud_offset:3	</harden/bcfiles/linux_bcfiles/kbmi_usb_final.bc>:llvm.dbg.declare	</harden/bcfiles/linux_bcfiles/kbmi_usb_final.bc>:pud_offset:!3960	1
</harden/bcfiles/linux_bcfiles/kbmi_usb_final.bc>:pud_offset:3	</harden/bcfiles/linux_bcfiles/kbmi_usb_final.bc>:llvm.dbg.declare	</harden/bcfiles/linux_bcfiles/kbmi_usb_final.bc>:pud_offset:!DIExpression()	2
</harden/bcfiles/linux_bcfiles/kbmi_usb_final.bc>:pud_offset:5	</harden/bcfiles/linux_bcfiles/kbmi_usb_final.bc>:llvm.dbg.declare	</harden/bcfiles/linux_bcfiles/kbmi_usb_final.bc>:pud_offset:!DIExpression()	2
</harden/bcfiles/linux_bcfiles/kbmi_usb_final.bc>:pud_offset:5	</harden/bcfiles/linux_bcfiles/kbmi_usb_final.bc>:llvm.dbg.declare	</harden/bcfiles/linux_bcfiles/kbmi_usb_final.bc>:pud_offset:i64* %4	0
</harden/bcfiles/linux_bcfiles/kbmi_usb_final.bc>:pud_offset:5	</harden/bcfiles/linux_bcfiles/kbmi_usb_final.bc>:llvm.dbg.declare	</harden/bcfiles/linux_bcfiles/kbmi_usb_final.bc>:pud_offset:!3962	1
</harden/bcfiles/linux_bcfiles/kbmi_usb_final.bc>:pud_offset:9	</harden/bcfiles/linux_bcfiles/kbmi_usb_final.bc>:p4d_pgtable	</harden/bcfiles/linux_bcfiles/kbmi_usb_final.bc>:pud_offset:%7	0
</harden/bcfiles/linux_bcfiles/kbmi_usb_final.bc>:pud_offset:11	</harden/bcfiles/linux_bcfiles/kbmi_usb_final.bc>:pud_index	</harden/bcfiles/linux_bcfiles/kbmi_usb_final.bc>:pud_offset:%9	0
</harden/bcfiles/linux_bcfiles/kbmi_usb_final.bc>:pmd_offset:3	</harden/bcfiles/linux_bcfiles/kbmi_usb_final.bc>:llvm.dbg.declare	</harden/bcfiles/linux_bcfiles/kbmi_usb_final.bc>:pmd_offset:%struct.atomic64_t** %3	0
</harden/bcfiles/linux_bcfiles/kbmi_usb_final.bc>:pmd_offset:3	</harden/bcfiles/linux_bcfiles/kbmi_usb_final.bc>:llvm.dbg.declare	</harden/bcfiles/linux_bcfiles/kbmi_usb_final.bc>:pmd_offset:!3973	1
</harden/bcfiles/linux_bcfiles/kbmi_usb_final.bc>:pmd_offset:3	</harden/bcfiles/linux_bcfiles/kbmi_usb_final.bc>:llvm.dbg.declare	</harden/bcfiles/linux_bcfiles/kbmi_usb_final.bc>:pmd_offset:!DIExpression()	2
</harden/bcfiles/linux_bcfiles/kbmi_usb_final.bc>:pmd_offset:5	</harden/bcfiles/linux_bcfiles/kbmi_usb_final.bc>:llvm.dbg.declare	</harden/bcfiles/linux_bcfiles/kbmi_usb_final.bc>:pmd_offset:!DIExpression()	2
</harden/bcfiles/linux_bcfiles/kbmi_usb_final.bc>:pmd_offset:5	</harden/bcfiles/linux_bcfiles/kbmi_usb_final.bc>:llvm.dbg.declare	</harden/bcfiles/linux_bcfiles/kbmi_usb_final.bc>:pmd_offset:i64* %4	0
</harden/bcfiles/linux_bcfiles/kbmi_usb_final.bc>:pmd_offset:5	</harden/bcfiles/linux_bcfiles/kbmi_usb_final.bc>:llvm.dbg.declare	</harden/bcfiles/linux_bcfiles/kbmi_usb_final.bc>:pmd_offset:!3975	1
</harden/bcfiles/linux_bcfiles/kbmi_usb_final.bc>:pmd_offset:9	</harden/bcfiles/linux_bcfiles/kbmi_usb_final.bc>:pud_pgtable	</harden/bcfiles/linux_bcfiles/kbmi_usb_final.bc>:pmd_offset:%7	0
</harden/bcfiles/linux_bcfiles/kbmi_usb_final.bc>:pmd_offset:11	</harden/bcfiles/linux_bcfiles/kbmi_usb_final.bc>:pmd_index	</harden/bcfiles/linux_bcfiles/kbmi_usb_final.bc>:pmd_offset:%9	0
</harden/bcfiles/linux_bcfiles/kbmi_usb_final.bc>:pud_pgtable:3	</harden/bcfiles/linux_bcfiles/kbmi_usb_final.bc>:llvm.dbg.declare	</harden/bcfiles/linux_bcfiles/kbmi_usb_final.bc>:pud_pgtable:%struct.atomic64_t* %2	0
</harden/bcfiles/linux_bcfiles/kbmi_usb_final.bc>:pud_pgtable:3	</harden/bcfiles/linux_bcfiles/kbmi_usb_final.bc>:llvm.dbg.declare	</harden/bcfiles/linux_bcfiles/kbmi_usb_final.bc>:pud_pgtable:!3986	1
</harden/bcfiles/linux_bcfiles/kbmi_usb_final.bc>:pud_pgtable:3	</harden/bcfiles/linux_bcfiles/kbmi_usb_final.bc>:llvm.dbg.declare	</harden/bcfiles/linux_bcfiles/kbmi_usb_final.bc>:pud_pgtable:!DIExpression()	2
</harden/bcfiles/linux_bcfiles/kbmi_usb_final.bc>:pud_pgtable:6	</harden/bcfiles/linux_bcfiles/kbmi_usb_final.bc>:native_pud_val	</harden/bcfiles/linux_bcfiles/kbmi_usb_final.bc>:pud_pgtable:%5	0
</harden/bcfiles/linux_bcfiles/kbmi_usb_final.bc>:pud_pgtable:9	</harden/bcfiles/linux_bcfiles/kbmi_usb_final.bc>:pud_pfn_mask	</harden/bcfiles/linux_bcfiles/kbmi_usb_final.bc>:pud_pgtable:%8	0
</harden/bcfiles/linux_bcfiles/kbmi_usb_final.bc>:pmd_index:2	</harden/bcfiles/linux_bcfiles/kbmi_usb_final.bc>:llvm.dbg.declare	</harden/bcfiles/linux_bcfiles/kbmi_usb_final.bc>:pmd_index:i64* %2	0
</harden/bcfiles/linux_bcfiles/kbmi_usb_final.bc>:pmd_index:2	</harden/bcfiles/linux_bcfiles/kbmi_usb_final.bc>:llvm.dbg.declare	</harden/bcfiles/linux_bcfiles/kbmi_usb_final.bc>:pmd_index:!3992	1
</harden/bcfiles/linux_bcfiles/kbmi_usb_final.bc>:pmd_index:2	</harden/bcfiles/linux_bcfiles/kbmi_usb_final.bc>:llvm.dbg.declare	</harden/bcfiles/linux_bcfiles/kbmi_usb_final.bc>:pmd_index:!DIExpression()	2
</harden/bcfiles/linux_bcfiles/kbmi_usb_final.bc>:native_pud_val:3	</harden/bcfiles/linux_bcfiles/kbmi_usb_final.bc>:llvm.dbg.declare	</harden/bcfiles/linux_bcfiles/kbmi_usb_final.bc>:native_pud_val:%struct.atomic64_t* %2	0
</harden/bcfiles/linux_bcfiles/kbmi_usb_final.bc>:native_pud_val:3	</harden/bcfiles/linux_bcfiles/kbmi_usb_final.bc>:llvm.dbg.declare	</harden/bcfiles/linux_bcfiles/kbmi_usb_final.bc>:native_pud_val:!4001	1
</harden/bcfiles/linux_bcfiles/kbmi_usb_final.bc>:native_pud_val:3	</harden/bcfiles/linux_bcfiles/kbmi_usb_final.bc>:llvm.dbg.declare	</harden/bcfiles/linux_bcfiles/kbmi_usb_final.bc>:native_pud_val:!DIExpression()	2
</harden/bcfiles/linux_bcfiles/kbmi_usb_final.bc>:pud_pfn_mask:4	</harden/bcfiles/linux_bcfiles/kbmi_usb_final.bc>:llvm.dbg.declare	</harden/bcfiles/linux_bcfiles/kbmi_usb_final.bc>:pud_pfn_mask:%struct.atomic64_t* %3	0
</harden/bcfiles/linux_bcfiles/kbmi_usb_final.bc>:pud_pfn_mask:4	</harden/bcfiles/linux_bcfiles/kbmi_usb_final.bc>:llvm.dbg.declare	</harden/bcfiles/linux_bcfiles/kbmi_usb_final.bc>:pud_pfn_mask:!4006	1
</harden/bcfiles/linux_bcfiles/kbmi_usb_final.bc>:pud_pfn_mask:4	</harden/bcfiles/linux_bcfiles/kbmi_usb_final.bc>:llvm.dbg.declare	</harden/bcfiles/linux_bcfiles/kbmi_usb_final.bc>:pud_pfn_mask:!DIExpression()	2
</harden/bcfiles/linux_bcfiles/kbmi_usb_final.bc>:pud_pfn_mask:7	</harden/bcfiles/linux_bcfiles/kbmi_usb_final.bc>:native_pud_val	</harden/bcfiles/linux_bcfiles/kbmi_usb_final.bc>:pud_pfn_mask:%6	0
</harden/bcfiles/linux_bcfiles/kbmi_usb_final.bc>:p4d_pgtable:3	</harden/bcfiles/linux_bcfiles/kbmi_usb_final.bc>:llvm.dbg.declare	</harden/bcfiles/linux_bcfiles/kbmi_usb_final.bc>:p4d_pgtable:%struct.atomic64_t* %2	0
</harden/bcfiles/linux_bcfiles/kbmi_usb_final.bc>:p4d_pgtable:3	</harden/bcfiles/linux_bcfiles/kbmi_usb_final.bc>:llvm.dbg.declare	</harden/bcfiles/linux_bcfiles/kbmi_usb_final.bc>:p4d_pgtable:!4018	1
</harden/bcfiles/linux_bcfiles/kbmi_usb_final.bc>:p4d_pgtable:3	</harden/bcfiles/linux_bcfiles/kbmi_usb_final.bc>:llvm.dbg.declare	</harden/bcfiles/linux_bcfiles/kbmi_usb_final.bc>:p4d_pgtable:!DIExpression()	2
</harden/bcfiles/linux_bcfiles/kbmi_usb_final.bc>:p4d_pgtable:6	</harden/bcfiles/linux_bcfiles/kbmi_usb_final.bc>:native_p4d_val	</harden/bcfiles/linux_bcfiles/kbmi_usb_final.bc>:p4d_pgtable:%5	0
</harden/bcfiles/linux_bcfiles/kbmi_usb_final.bc>:p4d_pgtable:9	</harden/bcfiles/linux_bcfiles/kbmi_usb_final.bc>:p4d_pfn_mask	</harden/bcfiles/linux_bcfiles/kbmi_usb_final.bc>:p4d_pgtable:%8	0
</harden/bcfiles/linux_bcfiles/kbmi_usb_final.bc>:pud_index:2	</harden/bcfiles/linux_bcfiles/kbmi_usb_final.bc>:llvm.dbg.declare	</harden/bcfiles/linux_bcfiles/kbmi_usb_final.bc>:pud_index:i64* %2	0
</harden/bcfiles/linux_bcfiles/kbmi_usb_final.bc>:pud_index:2	</harden/bcfiles/linux_bcfiles/kbmi_usb_final.bc>:llvm.dbg.declare	</harden/bcfiles/linux_bcfiles/kbmi_usb_final.bc>:pud_index:!4024	1
</harden/bcfiles/linux_bcfiles/kbmi_usb_final.bc>:pud_index:2	</harden/bcfiles/linux_bcfiles/kbmi_usb_final.bc>:llvm.dbg.declare	</harden/bcfiles/linux_bcfiles/kbmi_usb_final.bc>:pud_index:!DIExpression()	2
</harden/bcfiles/linux_bcfiles/kbmi_usb_final.bc>:native_p4d_val:3	</harden/bcfiles/linux_bcfiles/kbmi_usb_final.bc>:llvm.dbg.declare	</harden/bcfiles/linux_bcfiles/kbmi_usb_final.bc>:native_p4d_val:%struct.atomic64_t* %2	0
</harden/bcfiles/linux_bcfiles/kbmi_usb_final.bc>:native_p4d_val:3	</harden/bcfiles/linux_bcfiles/kbmi_usb_final.bc>:llvm.dbg.declare	</harden/bcfiles/linux_bcfiles/kbmi_usb_final.bc>:native_p4d_val:!4033	1
</harden/bcfiles/linux_bcfiles/kbmi_usb_final.bc>:native_p4d_val:3	</harden/bcfiles/linux_bcfiles/kbmi_usb_final.bc>:llvm.dbg.declare	</harden/bcfiles/linux_bcfiles/kbmi_usb_final.bc>:native_p4d_val:!DIExpression()	2
</harden/bcfiles/linux_bcfiles/kbmi_usb_final.bc>:p4d_pfn_mask:3	</harden/bcfiles/linux_bcfiles/kbmi_usb_final.bc>:llvm.dbg.declare	</harden/bcfiles/linux_bcfiles/kbmi_usb_final.bc>:p4d_pfn_mask:%struct.atomic64_t* %2	0
</harden/bcfiles/linux_bcfiles/kbmi_usb_final.bc>:p4d_pfn_mask:3	</harden/bcfiles/linux_bcfiles/kbmi_usb_final.bc>:llvm.dbg.declare	</harden/bcfiles/linux_bcfiles/kbmi_usb_final.bc>:p4d_pfn_mask:!4038	1
</harden/bcfiles/linux_bcfiles/kbmi_usb_final.bc>:p4d_pfn_mask:3	</harden/bcfiles/linux_bcfiles/kbmi_usb_final.bc>:llvm.dbg.declare	</harden/bcfiles/linux_bcfiles/kbmi_usb_final.bc>:p4d_pfn_mask:!DIExpression()	2
</harden/bcfiles/linux_bcfiles/kbmi_usb_final.bc>:pgd_page_vaddr:3	</harden/bcfiles/linux_bcfiles/kbmi_usb_final.bc>:llvm.dbg.declare	</harden/bcfiles/linux_bcfiles/kbmi_usb_final.bc>:pgd_page_vaddr:%struct.atomic64_t* %2	0
</harden/bcfiles/linux_bcfiles/kbmi_usb_final.bc>:pgd_page_vaddr:3	</harden/bcfiles/linux_bcfiles/kbmi_usb_final.bc>:llvm.dbg.declare	</harden/bcfiles/linux_bcfiles/kbmi_usb_final.bc>:pgd_page_vaddr:!4044	1
</harden/bcfiles/linux_bcfiles/kbmi_usb_final.bc>:pgd_page_vaddr:3	</harden/bcfiles/linux_bcfiles/kbmi_usb_final.bc>:llvm.dbg.declare	</harden/bcfiles/linux_bcfiles/kbmi_usb_final.bc>:pgd_page_vaddr:!DIExpression()	2
</harden/bcfiles/linux_bcfiles/kbmi_usb_final.bc>:pgd_page_vaddr:6	</harden/bcfiles/linux_bcfiles/kbmi_usb_final.bc>:native_pgd_val	</harden/bcfiles/linux_bcfiles/kbmi_usb_final.bc>:pgd_page_vaddr:%5	0
</harden/bcfiles/linux_bcfiles/kbmi_usb_final.bc>:p4d_index:2	</harden/bcfiles/linux_bcfiles/kbmi_usb_final.bc>:llvm.dbg.declare	</harden/bcfiles/linux_bcfiles/kbmi_usb_final.bc>:p4d_index:i64* %2	0
</harden/bcfiles/linux_bcfiles/kbmi_usb_final.bc>:p4d_index:2	</harden/bcfiles/linux_bcfiles/kbmi_usb_final.bc>:llvm.dbg.declare	</harden/bcfiles/linux_bcfiles/kbmi_usb_final.bc>:p4d_index:!4050	1
</harden/bcfiles/linux_bcfiles/kbmi_usb_final.bc>:p4d_index:2	</harden/bcfiles/linux_bcfiles/kbmi_usb_final.bc>:llvm.dbg.declare	</harden/bcfiles/linux_bcfiles/kbmi_usb_final.bc>:p4d_index:!DIExpression()	2
</harden/bcfiles/linux_bcfiles/kbmi_usb_final.bc>:native_pgd_val:3	</harden/bcfiles/linux_bcfiles/kbmi_usb_final.bc>:llvm.dbg.declare	</harden/bcfiles/linux_bcfiles/kbmi_usb_final.bc>:native_pgd_val:%struct.atomic64_t* %2	0
</harden/bcfiles/linux_bcfiles/kbmi_usb_final.bc>:native_pgd_val:3	</harden/bcfiles/linux_bcfiles/kbmi_usb_final.bc>:llvm.dbg.declare	</harden/bcfiles/linux_bcfiles/kbmi_usb_final.bc>:native_pgd_val:!4062	1
</harden/bcfiles/linux_bcfiles/kbmi_usb_final.bc>:native_pgd_val:3	</harden/bcfiles/linux_bcfiles/kbmi_usb_final.bc>:llvm.dbg.declare	</harden/bcfiles/linux_bcfiles/kbmi_usb_final.bc>:native_pgd_val:!DIExpression()	2
