</harden/bcfiles/linux_bcfiles/kbmp.bc>:get_message_from_buffer:14	</harden/bcfiles/linux_bcfiles/kbmp.bc>:get_message_from_buffer:%14
</harden/bcfiles/linux_bcfiles/kbmp.bc>:get_message_from_buffer:24	</harden/bcfiles/linux_bcfiles/kbmp.bc>:get_message_from_buffer:%18
</harden/bcfiles/linux_bcfiles/kbmp.bc>:get_message_from_buffer:35	</harden/bcfiles/linux_bcfiles/kbmp.bc>:get_message_from_buffer:%28
</harden/bcfiles/linux_bcfiles/kbmp.bc>:get_message_from_buffer:174	</harden/bcfiles/linux_bcfiles/kbmp.bc>:get_message_from_buffer:%136
</harden/bcfiles/linux_bcfiles/kbmp.bc>:get_message_from_buffer:206	</harden/bcfiles/linux_bcfiles/kbmp.bc>:get_message_from_buffer:%161
</harden/bcfiles/linux_bcfiles/kbmp.bc>:get_message_from_buffer:211	</harden/bcfiles/linux_bcfiles/kbmp.bc>:get_message_from_buffer:%165
</harden/bcfiles/linux_bcfiles/kbmp.bc>:get_message_from_buffer:223	</harden/bcfiles/linux_bcfiles/kbmp.bc>:get_message_from_buffer:%174
</harden/bcfiles/linux_bcfiles/kbmp.bc>:message_write:44	</harden/bcfiles/linux_bcfiles/kbmp.bc>:message_write:%41
</harden/bcfiles/linux_bcfiles/kbmp.bc>:message_write:49	</harden/bcfiles/linux_bcfiles/kbmp.bc>:message_write:%46
</harden/bcfiles/linux_bcfiles/kbmp.bc>:message_write:59	</harden/bcfiles/linux_bcfiles/kbmp.bc>:message_write:%54
</harden/bcfiles/linux_bcfiles/kbmp.bc>:message_write:75	</harden/bcfiles/linux_bcfiles/kbmp.bc>:message_write:%62
</harden/bcfiles/linux_bcfiles/kbmp.bc>:message_write:93	</harden/bcfiles/linux_bcfiles/kbmp.bc>:message_write:%74
</harden/bcfiles/linux_bcfiles/kbmp.bc>:message_write:150	</harden/bcfiles/linux_bcfiles/kbmp.bc>:message_write:%109
</harden/bcfiles/linux_bcfiles/kbmp.bc>:message_write:167	</harden/bcfiles/linux_bcfiles/kbmp.bc>:message_write:%125
</harden/bcfiles/linux_bcfiles/kbmp.bc>:message_write:171	</harden/bcfiles/linux_bcfiles/kbmp.bc>:message_write:%127
</harden/bcfiles/linux_bcfiles/kbmp.bc>:message_write:171	</harden/bcfiles/linux_bcfiles/kbmp.bc>:message_write:%128
</harden/bcfiles/linux_bcfiles/kbmp.bc>:message_write:215	</harden/bcfiles/linux_bcfiles/kbmp.bc>:message_write:%158
</harden/bcfiles/linux_bcfiles/kbmp.bc>:message_write:215	</harden/bcfiles/linux_bcfiles/kbmp.bc>:message_write:%159
</harden/bcfiles/linux_bcfiles/kbmp.bc>:message_write:215	</harden/bcfiles/linux_bcfiles/kbmp.bc>:message_write:%161
</harden/bcfiles/linux_bcfiles/kbmp.bc>:message_write:223	</harden/bcfiles/linux_bcfiles/kbmp.bc>:message_write:%168
</harden/bcfiles/linux_bcfiles/kbmp.bc>:message_write:235	</harden/bcfiles/linux_bcfiles/kbmp.bc>:message_write:%178
</harden/bcfiles/linux_bcfiles/kbmp.bc>:message_write:238	</harden/bcfiles/linux_bcfiles/kbmp.bc>:message_write:%180
</harden/bcfiles/linux_bcfiles/kbmp.bc>:message_read:35	</harden/bcfiles/linux_bcfiles/kbmp.bc>:message_read:%32
</harden/bcfiles/linux_bcfiles/kbmp.bc>:message_read:40	</harden/bcfiles/linux_bcfiles/kbmp.bc>:message_read:%37
</harden/bcfiles/linux_bcfiles/kbmp.bc>:message_read:63	</harden/bcfiles/linux_bcfiles/kbmp.bc>:message_read:%55
</harden/bcfiles/linux_bcfiles/kbmp.bc>:message_read:91	</harden/bcfiles/linux_bcfiles/kbmp.bc>:message_read:%67
</harden/bcfiles/linux_bcfiles/kbmp.bc>:message_read:108	</harden/bcfiles/linux_bcfiles/kbmp.bc>:message_read:%83
</harden/bcfiles/linux_bcfiles/kbmp.bc>:message_read:112	</harden/bcfiles/linux_bcfiles/kbmp.bc>:message_read:%85
</harden/bcfiles/linux_bcfiles/kbmp.bc>:message_read:112	</harden/bcfiles/linux_bcfiles/kbmp.bc>:message_read:%86
</harden/bcfiles/linux_bcfiles/kbmp.bc>:message_read:156	</harden/bcfiles/linux_bcfiles/kbmp.bc>:message_read:%116
</harden/bcfiles/linux_bcfiles/kbmp.bc>:message_read:156	</harden/bcfiles/linux_bcfiles/kbmp.bc>:message_read:%117
</harden/bcfiles/linux_bcfiles/kbmp.bc>:message_read:156	</harden/bcfiles/linux_bcfiles/kbmp.bc>:message_read:%119
</harden/bcfiles/linux_bcfiles/kbmp.bc>:message_read:164	</harden/bcfiles/linux_bcfiles/kbmp.bc>:message_read:%126
</harden/bcfiles/linux_bcfiles/kbmp.bc>:message_read:176	</harden/bcfiles/linux_bcfiles/kbmp.bc>:message_read:%136
</harden/bcfiles/linux_bcfiles/kbmp.bc>:rotate:23	</harden/bcfiles/linux_bcfiles/kbmp.bc>:rotate:%21
</harden/bcfiles/linux_bcfiles/kbmp.bc>:rotate:33	</harden/bcfiles/linux_bcfiles/kbmp.bc>:rotate:%25
</harden/bcfiles/linux_bcfiles/kbmp.bc>:rotate:44	</harden/bcfiles/linux_bcfiles/kbmp.bc>:rotate:%35
</harden/bcfiles/linux_bcfiles/kbmp.bc>:rotate:183	</harden/bcfiles/linux_bcfiles/kbmp.bc>:rotate:%143
</harden/bcfiles/linux_bcfiles/kbmp.bc>:rotate:215	</harden/bcfiles/linux_bcfiles/kbmp.bc>:rotate:%168
</harden/bcfiles/linux_bcfiles/kbmp.bc>:rotate:220	</harden/bcfiles/linux_bcfiles/kbmp.bc>:rotate:%172
</harden/bcfiles/linux_bcfiles/kbmp.bc>:rotate:245	</harden/bcfiles/linux_bcfiles/kbmp.bc>:rotate:%190
</harden/bcfiles/linux_bcfiles/kbmp.bc>:rotate:251	</harden/bcfiles/linux_bcfiles/kbmp.bc>:rotate:%196
</harden/bcfiles/linux_bcfiles/kbmp.bc>:display:36	</harden/bcfiles/linux_bcfiles/kbmp.bc>:display:%33
</harden/bcfiles/linux_bcfiles/kbmp.bc>:display:41	</harden/bcfiles/linux_bcfiles/kbmp.bc>:display:%38
</harden/bcfiles/linux_bcfiles/kbmp.bc>:display:59	</harden/bcfiles/linux_bcfiles/kbmp.bc>:display:%52
</harden/bcfiles/linux_bcfiles/kbmp.bc>:display:74	</harden/bcfiles/linux_bcfiles/kbmp.bc>:display:%61
</harden/bcfiles/linux_bcfiles/kbmp.bc>:display:74	</harden/bcfiles/linux_bcfiles/kbmp.bc>:display:%62
</harden/bcfiles/linux_bcfiles/kbmp.bc>:display:74	</harden/bcfiles/linux_bcfiles/kbmp.bc>:display:%63
</harden/bcfiles/linux_bcfiles/kbmp.bc>:display:85	</harden/bcfiles/linux_bcfiles/kbmp.bc>:display:%71
</harden/bcfiles/linux_bcfiles/kbmp.bc>:display:107	</harden/bcfiles/linux_bcfiles/kbmp.bc>:display:%78
</harden/bcfiles/linux_bcfiles/kbmp.bc>:display:124	</harden/bcfiles/linux_bcfiles/kbmp.bc>:display:%94
</harden/bcfiles/linux_bcfiles/kbmp.bc>:display:128	</harden/bcfiles/linux_bcfiles/kbmp.bc>:display:%96
</harden/bcfiles/linux_bcfiles/kbmp.bc>:display:128	</harden/bcfiles/linux_bcfiles/kbmp.bc>:display:%97
</harden/bcfiles/linux_bcfiles/kbmp.bc>:display:172	</harden/bcfiles/linux_bcfiles/kbmp.bc>:display:%127
</harden/bcfiles/linux_bcfiles/kbmp.bc>:display:172	</harden/bcfiles/linux_bcfiles/kbmp.bc>:display:%128
</harden/bcfiles/linux_bcfiles/kbmp.bc>:display:172	</harden/bcfiles/linux_bcfiles/kbmp.bc>:display:%130
</harden/bcfiles/linux_bcfiles/kbmp.bc>:display:180	</harden/bcfiles/linux_bcfiles/kbmp.bc>:display:%137
</harden/bcfiles/linux_bcfiles/kbmp.bc>:display:194	</harden/bcfiles/linux_bcfiles/kbmp.bc>:display:%148
</harden/bcfiles/linux_bcfiles/kbmp.bc>:kbmp_init:8	</harden/bcfiles/linux_bcfiles/kbmp.bc>:kbmp_init:%8
</harden/bcfiles/linux_bcfiles/kbmp.bc>:kbmp_init:9	</harden/bcfiles/linux_bcfiles/kbmp.bc>:kbmp_init:%9
</harden/bcfiles/linux_bcfiles/kbmp.bc>:kbmp_init:16	</harden/bcfiles/linux_bcfiles/kbmp.bc>:kbmp_init:%15
</harden/bcfiles/linux_bcfiles/kbmp.bc>:kbmp_init:23	</harden/bcfiles/linux_bcfiles/kbmp.bc>:kbmp_init:%19
</harden/bcfiles/linux_bcfiles/kbmp.bc>:kbmp_init:30	</harden/bcfiles/linux_bcfiles/kbmp.bc>:kbmp_init:%25
