</harden/bcfiles/linux_bcfiles/kbmp.bc>:get_message_from_buffer:13	</harden/bcfiles/linux_bcfiles/kbmp.bc>:get_message_from_buffer:13:0:@llvm.dbg.declare
</harden/bcfiles/linux_bcfiles/kbmp.bc>:get_message_from_buffer:14	</harden/bcfiles/linux_bcfiles/kbmp.bc>:get_message_from_buffer:14:0:@strlen
</harden/bcfiles/linux_bcfiles/kbmp.bc>:get_message_from_buffer:16	</harden/bcfiles/linux_bcfiles/kbmp.bc>:get_message_from_buffer:16:0:@llvm.dbg.declare
</harden/bcfiles/linux_bcfiles/kbmp.bc>:get_message_from_buffer:20	</harden/bcfiles/linux_bcfiles/kbmp.bc>:get_message_from_buffer:20:0:@llvm.dbg.declare
</harden/bcfiles/linux_bcfiles/kbmp.bc>:get_message_from_buffer:22	</harden/bcfiles/linux_bcfiles/kbmp.bc>:get_message_from_buffer:22:0:@llvm.dbg.declare
</harden/bcfiles/linux_bcfiles/kbmp.bc>:get_message_from_buffer:24	</harden/bcfiles/linux_bcfiles/kbmp.bc>:get_message_from_buffer:24:0:@llvm.is.constant.i64
</harden/bcfiles/linux_bcfiles/kbmp.bc>:get_message_from_buffer:29	</harden/bcfiles/linux_bcfiles/kbmp.bc>:get_message_from_buffer:29:0:@llvm.dbg.declare
</harden/bcfiles/linux_bcfiles/kbmp.bc>:get_message_from_buffer:35	</harden/bcfiles/linux_bcfiles/kbmp.bc>:get_message_from_buffer:35:0:@kmalloc_large
</harden/bcfiles/linux_bcfiles/kbmp.bc>:get_message_from_buffer:40	</harden/bcfiles/linux_bcfiles/kbmp.bc>:get_message_from_buffer:40:0:@llvm.dbg.declare
</harden/bcfiles/linux_bcfiles/kbmp.bc>:get_message_from_buffer:42	</harden/bcfiles/linux_bcfiles/kbmp.bc>:get_message_from_buffer:42:0:@llvm.dbg.declare
</harden/bcfiles/linux_bcfiles/kbmp.bc>:get_message_from_buffer:169	</harden/bcfiles/linux_bcfiles/kbmp.bc>:get_message_from_buffer:169::<asm>
</harden/bcfiles/linux_bcfiles/kbmp.bc>:get_message_from_buffer:174	</harden/bcfiles/linux_bcfiles/kbmp.bc>:get_message_from_buffer:174:0:@llvm.returnaddress
</harden/bcfiles/linux_bcfiles/kbmp.bc>:get_message_from_buffer:177	</harden/bcfiles/linux_bcfiles/kbmp.bc>:get_message_from_buffer:177:0:@llvm.dbg.declare
</harden/bcfiles/linux_bcfiles/kbmp.bc>:get_message_from_buffer:179	</harden/bcfiles/linux_bcfiles/kbmp.bc>:get_message_from_buffer:179:0:@llvm.dbg.declare
</harden/bcfiles/linux_bcfiles/kbmp.bc>:get_message_from_buffer:206	</harden/bcfiles/linux_bcfiles/kbmp.bc>:get_message_from_buffer:206:0:@kmalloc_trace
</harden/bcfiles/linux_bcfiles/kbmp.bc>:get_message_from_buffer:211	</harden/bcfiles/linux_bcfiles/kbmp.bc>:get_message_from_buffer:211:0:@__kmalloc
</harden/bcfiles/linux_bcfiles/kbmp.bc>:get_message_from_buffer:223	</harden/bcfiles/linux_bcfiles/kbmp.bc>:get_message_from_buffer:223:0:@strncpy
</harden/bcfiles/linux_bcfiles/kbmp.bc>:message_write:30	</harden/bcfiles/linux_bcfiles/kbmp.bc>:message_write:30:0:@llvm.dbg.declare
</harden/bcfiles/linux_bcfiles/kbmp.bc>:message_write:32	</harden/bcfiles/linux_bcfiles/kbmp.bc>:message_write:32:0:@llvm.dbg.declare
</harden/bcfiles/linux_bcfiles/kbmp.bc>:message_write:34	</harden/bcfiles/linux_bcfiles/kbmp.bc>:message_write:34:0:@llvm.dbg.declare
</harden/bcfiles/linux_bcfiles/kbmp.bc>:message_write:36	</harden/bcfiles/linux_bcfiles/kbmp.bc>:message_write:36:0:@llvm.dbg.declare
</harden/bcfiles/linux_bcfiles/kbmp.bc>:message_write:44	</harden/bcfiles/linux_bcfiles/kbmp.bc>:message_write:44:0:@strcmp
</harden/bcfiles/linux_bcfiles/kbmp.bc>:message_write:49	</harden/bcfiles/linux_bcfiles/kbmp.bc>:message_write:49:0:@_printk
</harden/bcfiles/linux_bcfiles/kbmp.bc>:message_write:59	</harden/bcfiles/linux_bcfiles/kbmp.bc>:message_write:59:0:@_printk
</harden/bcfiles/linux_bcfiles/kbmp.bc>:message_write:64	</harden/bcfiles/linux_bcfiles/kbmp.bc>:message_write:64:0:@llvm.dbg.declare
</harden/bcfiles/linux_bcfiles/kbmp.bc>:message_write:71	</harden/bcfiles/linux_bcfiles/kbmp.bc>:message_write:71:0:@llvm.dbg.declare
</harden/bcfiles/linux_bcfiles/kbmp.bc>:message_write:72	</harden/bcfiles/linux_bcfiles/kbmp.bc>:message_write:72:0:@might_fault
</harden/bcfiles/linux_bcfiles/kbmp.bc>:message_write:73	</harden/bcfiles/linux_bcfiles/kbmp.bc>:message_write:73:0:@llvm.dbg.declare
</harden/bcfiles/linux_bcfiles/kbmp.bc>:message_write:74	</harden/bcfiles/linux_bcfiles/kbmp.bc>:message_write:74:0:@llvm.dbg.declare
</harden/bcfiles/linux_bcfiles/kbmp.bc>:message_write:75	</harden/bcfiles/linux_bcfiles/kbmp.bc>:message_write:75:0:@llvm.read_register.i64
</harden/bcfiles/linux_bcfiles/kbmp.bc>:message_write:79	</harden/bcfiles/linux_bcfiles/kbmp.bc>:message_write:79::<asm>
</harden/bcfiles/linux_bcfiles/kbmp.bc>:message_write:87	</harden/bcfiles/linux_bcfiles/kbmp.bc>:message_write:87:0:@llvm.write_register.i64
</harden/bcfiles/linux_bcfiles/kbmp.bc>:message_write:88	</harden/bcfiles/linux_bcfiles/kbmp.bc>:message_write:88:0:@llvm.dbg.declare
</harden/bcfiles/linux_bcfiles/kbmp.bc>:message_write:93	</harden/bcfiles/linux_bcfiles/kbmp.bc>:message_write:93:0:@kmsan_unpoison_memory
</harden/bcfiles/linux_bcfiles/kbmp.bc>:message_write:131	</harden/bcfiles/linux_bcfiles/kbmp.bc>:message_write:131:0:@llvm.dbg.declare
</harden/bcfiles/linux_bcfiles/kbmp.bc>:message_write:135	</harden/bcfiles/linux_bcfiles/kbmp.bc>:message_write:135:0:@llvm.dbg.declare
</harden/bcfiles/linux_bcfiles/kbmp.bc>:message_write:137	</harden/bcfiles/linux_bcfiles/kbmp.bc>:message_write:137:0:@llvm.dbg.declare
</harden/bcfiles/linux_bcfiles/kbmp.bc>:message_write:139	</harden/bcfiles/linux_bcfiles/kbmp.bc>:message_write:139:0:@llvm.dbg.declare
</harden/bcfiles/linux_bcfiles/kbmp.bc>:message_write:143	</harden/bcfiles/linux_bcfiles/kbmp.bc>:message_write:143:0:@llvm.dbg.declare
</harden/bcfiles/linux_bcfiles/kbmp.bc>:message_write:145	</harden/bcfiles/linux_bcfiles/kbmp.bc>:message_write:145:0:@llvm.dbg.declare
</harden/bcfiles/linux_bcfiles/kbmp.bc>:message_write:147	</harden/bcfiles/linux_bcfiles/kbmp.bc>:message_write:147:0:@llvm.dbg.declare
</harden/bcfiles/linux_bcfiles/kbmp.bc>:message_write:148	</harden/bcfiles/linux_bcfiles/kbmp.bc>:message_write:148:0:@llvm.dbg.declare
</harden/bcfiles/linux_bcfiles/kbmp.bc>:message_write:150	</harden/bcfiles/linux_bcfiles/kbmp.bc>:message_write:150:0:@llvm.objectsize.i64.p0i8
</harden/bcfiles/linux_bcfiles/kbmp.bc>:message_write:167	</harden/bcfiles/linux_bcfiles/kbmp.bc>:message_write:167:0:@llvm.is.constant.i64
</harden/bcfiles/linux_bcfiles/kbmp.bc>:message_write:171	</harden/bcfiles/linux_bcfiles/kbmp.bc>:message_write:171:0:@copy_overflow
</harden/bcfiles/linux_bcfiles/kbmp.bc>:message_write:176	</harden/bcfiles/linux_bcfiles/kbmp.bc>:message_write:176:0:@__bad_copy_from
</harden/bcfiles/linux_bcfiles/kbmp.bc>:message_write:178	</harden/bcfiles/linux_bcfiles/kbmp.bc>:message_write:178:0:@__bad_copy_to
</harden/bcfiles/linux_bcfiles/kbmp.bc>:message_write:183	</harden/bcfiles/linux_bcfiles/kbmp.bc>:message_write:183:0:@llvm.dbg.declare
</harden/bcfiles/linux_bcfiles/kbmp.bc>:message_write:195	</harden/bcfiles/linux_bcfiles/kbmp.bc>:message_write:195:0:@llvm.dbg.declare
</harden/bcfiles/linux_bcfiles/kbmp.bc>:message_write:198	</harden/bcfiles/linux_bcfiles/kbmp.bc>:message_write:198::<asm>
</harden/bcfiles/linux_bcfiles/kbmp.bc>:message_write:215	</harden/bcfiles/linux_bcfiles/kbmp.bc>:message_write:215:0:@check_object_size
</harden/bcfiles/linux_bcfiles/kbmp.bc>:message_write:223	</harden/bcfiles/linux_bcfiles/kbmp.bc>:message_write:223:0:@_copy_from_user
</harden/bcfiles/linux_bcfiles/kbmp.bc>:message_write:235	</harden/bcfiles/linux_bcfiles/kbmp.bc>:message_write:235:0:@_printk
</harden/bcfiles/linux_bcfiles/kbmp.bc>:message_write:238	</harden/bcfiles/linux_bcfiles/kbmp.bc>:message_write:238:0:@memset
</harden/bcfiles/linux_bcfiles/kbmp.bc>:kmsan_unpoison_memory:3	</harden/bcfiles/linux_bcfiles/kbmp.bc>:kmsan_unpoison_memory:3:0:@llvm.dbg.declare
</harden/bcfiles/linux_bcfiles/kbmp.bc>:kmsan_unpoison_memory:5	</harden/bcfiles/linux_bcfiles/kbmp.bc>:kmsan_unpoison_memory:5:0:@llvm.dbg.declare
</harden/bcfiles/linux_bcfiles/kbmp.bc>:message_read:21	</harden/bcfiles/linux_bcfiles/kbmp.bc>:message_read:21:0:@llvm.dbg.declare
</harden/bcfiles/linux_bcfiles/kbmp.bc>:message_read:23	</harden/bcfiles/linux_bcfiles/kbmp.bc>:message_read:23:0:@llvm.dbg.declare
</harden/bcfiles/linux_bcfiles/kbmp.bc>:message_read:25	</harden/bcfiles/linux_bcfiles/kbmp.bc>:message_read:25:0:@llvm.dbg.declare
</harden/bcfiles/linux_bcfiles/kbmp.bc>:message_read:27	</harden/bcfiles/linux_bcfiles/kbmp.bc>:message_read:27:0:@llvm.dbg.declare
</harden/bcfiles/linux_bcfiles/kbmp.bc>:message_read:35	</harden/bcfiles/linux_bcfiles/kbmp.bc>:message_read:35:0:@strcmp
</harden/bcfiles/linux_bcfiles/kbmp.bc>:message_read:40	</harden/bcfiles/linux_bcfiles/kbmp.bc>:message_read:40:0:@_printk
</harden/bcfiles/linux_bcfiles/kbmp.bc>:message_read:62	</harden/bcfiles/linux_bcfiles/kbmp.bc>:message_read:62:0:@llvm.dbg.declare
</harden/bcfiles/linux_bcfiles/kbmp.bc>:message_read:63	</harden/bcfiles/linux_bcfiles/kbmp.bc>:message_read:63:0:@strnlen
</harden/bcfiles/linux_bcfiles/kbmp.bc>:message_read:72	</harden/bcfiles/linux_bcfiles/kbmp.bc>:message_read:72:0:@llvm.dbg.declare
</harden/bcfiles/linux_bcfiles/kbmp.bc>:message_read:76	</harden/bcfiles/linux_bcfiles/kbmp.bc>:message_read:76:0:@llvm.dbg.declare
</harden/bcfiles/linux_bcfiles/kbmp.bc>:message_read:78	</harden/bcfiles/linux_bcfiles/kbmp.bc>:message_read:78:0:@llvm.dbg.declare
</harden/bcfiles/linux_bcfiles/kbmp.bc>:message_read:80	</harden/bcfiles/linux_bcfiles/kbmp.bc>:message_read:80:0:@llvm.dbg.declare
</harden/bcfiles/linux_bcfiles/kbmp.bc>:message_read:84	</harden/bcfiles/linux_bcfiles/kbmp.bc>:message_read:84:0:@llvm.dbg.declare
</harden/bcfiles/linux_bcfiles/kbmp.bc>:message_read:86	</harden/bcfiles/linux_bcfiles/kbmp.bc>:message_read:86:0:@llvm.dbg.declare
</harden/bcfiles/linux_bcfiles/kbmp.bc>:message_read:88	</harden/bcfiles/linux_bcfiles/kbmp.bc>:message_read:88:0:@llvm.dbg.declare
</harden/bcfiles/linux_bcfiles/kbmp.bc>:message_read:89	</harden/bcfiles/linux_bcfiles/kbmp.bc>:message_read:89:0:@llvm.dbg.declare
</harden/bcfiles/linux_bcfiles/kbmp.bc>:message_read:91	</harden/bcfiles/linux_bcfiles/kbmp.bc>:message_read:91:0:@llvm.objectsize.i64.p0i8
</harden/bcfiles/linux_bcfiles/kbmp.bc>:message_read:108	</harden/bcfiles/linux_bcfiles/kbmp.bc>:message_read:108:0:@llvm.is.constant.i64
</harden/bcfiles/linux_bcfiles/kbmp.bc>:message_read:112	</harden/bcfiles/linux_bcfiles/kbmp.bc>:message_read:112:0:@copy_overflow
</harden/bcfiles/linux_bcfiles/kbmp.bc>:message_read:117	</harden/bcfiles/linux_bcfiles/kbmp.bc>:message_read:117:0:@__bad_copy_from
</harden/bcfiles/linux_bcfiles/kbmp.bc>:message_read:119	</harden/bcfiles/linux_bcfiles/kbmp.bc>:message_read:119:0:@__bad_copy_to
</harden/bcfiles/linux_bcfiles/kbmp.bc>:message_read:124	</harden/bcfiles/linux_bcfiles/kbmp.bc>:message_read:124:0:@llvm.dbg.declare
</harden/bcfiles/linux_bcfiles/kbmp.bc>:message_read:136	</harden/bcfiles/linux_bcfiles/kbmp.bc>:message_read:136:0:@llvm.dbg.declare
</harden/bcfiles/linux_bcfiles/kbmp.bc>:message_read:139	</harden/bcfiles/linux_bcfiles/kbmp.bc>:message_read:139::<asm>
</harden/bcfiles/linux_bcfiles/kbmp.bc>:message_read:156	</harden/bcfiles/linux_bcfiles/kbmp.bc>:message_read:156:0:@check_object_size
</harden/bcfiles/linux_bcfiles/kbmp.bc>:message_read:164	</harden/bcfiles/linux_bcfiles/kbmp.bc>:message_read:164:0:@_copy_to_user
</harden/bcfiles/linux_bcfiles/kbmp.bc>:message_read:176	</harden/bcfiles/linux_bcfiles/kbmp.bc>:message_read:176:0:@_printk
</harden/bcfiles/linux_bcfiles/kbmp.bc>:rotate:18	</harden/bcfiles/linux_bcfiles/kbmp.bc>:rotate:18:0:@llvm.dbg.declare
</harden/bcfiles/linux_bcfiles/kbmp.bc>:rotate:20	</harden/bcfiles/linux_bcfiles/kbmp.bc>:rotate:20:0:@llvm.dbg.declare
</harden/bcfiles/linux_bcfiles/kbmp.bc>:rotate:21	</harden/bcfiles/linux_bcfiles/kbmp.bc>:rotate:21:0:@llvm.dbg.declare
</harden/bcfiles/linux_bcfiles/kbmp.bc>:rotate:23	</harden/bcfiles/linux_bcfiles/kbmp.bc>:rotate:23:0:@strlen
</harden/bcfiles/linux_bcfiles/kbmp.bc>:rotate:25	</harden/bcfiles/linux_bcfiles/kbmp.bc>:rotate:25:0:@llvm.dbg.declare
</harden/bcfiles/linux_bcfiles/kbmp.bc>:rotate:29	</harden/bcfiles/linux_bcfiles/kbmp.bc>:rotate:29:0:@llvm.dbg.declare
</harden/bcfiles/linux_bcfiles/kbmp.bc>:rotate:31	</harden/bcfiles/linux_bcfiles/kbmp.bc>:rotate:31:0:@llvm.dbg.declare
</harden/bcfiles/linux_bcfiles/kbmp.bc>:rotate:33	</harden/bcfiles/linux_bcfiles/kbmp.bc>:rotate:33:0:@llvm.is.constant.i64
</harden/bcfiles/linux_bcfiles/kbmp.bc>:rotate:38	</harden/bcfiles/linux_bcfiles/kbmp.bc>:rotate:38:0:@llvm.dbg.declare
</harden/bcfiles/linux_bcfiles/kbmp.bc>:rotate:44	</harden/bcfiles/linux_bcfiles/kbmp.bc>:rotate:44:0:@kmalloc_large
</harden/bcfiles/linux_bcfiles/kbmp.bc>:rotate:49	</harden/bcfiles/linux_bcfiles/kbmp.bc>:rotate:49:0:@llvm.dbg.declare
</harden/bcfiles/linux_bcfiles/kbmp.bc>:rotate:51	</harden/bcfiles/linux_bcfiles/kbmp.bc>:rotate:51:0:@llvm.dbg.declare
</harden/bcfiles/linux_bcfiles/kbmp.bc>:rotate:178	</harden/bcfiles/linux_bcfiles/kbmp.bc>:rotate:178::<asm>
</harden/bcfiles/linux_bcfiles/kbmp.bc>:rotate:183	</harden/bcfiles/linux_bcfiles/kbmp.bc>:rotate:183:0:@llvm.returnaddress
</harden/bcfiles/linux_bcfiles/kbmp.bc>:rotate:186	</harden/bcfiles/linux_bcfiles/kbmp.bc>:rotate:186:0:@llvm.dbg.declare
</harden/bcfiles/linux_bcfiles/kbmp.bc>:rotate:188	</harden/bcfiles/linux_bcfiles/kbmp.bc>:rotate:188:0:@llvm.dbg.declare
</harden/bcfiles/linux_bcfiles/kbmp.bc>:rotate:215	</harden/bcfiles/linux_bcfiles/kbmp.bc>:rotate:215:0:@kmalloc_trace
</harden/bcfiles/linux_bcfiles/kbmp.bc>:rotate:220	</harden/bcfiles/linux_bcfiles/kbmp.bc>:rotate:220:0:@__kmalloc
</harden/bcfiles/linux_bcfiles/kbmp.bc>:rotate:230	</harden/bcfiles/linux_bcfiles/kbmp.bc>:rotate:230:0:@llvm.dbg.declare
</harden/bcfiles/linux_bcfiles/kbmp.bc>:rotate:235	</harden/bcfiles/linux_bcfiles/kbmp.bc>:rotate:235:0:@llvm.dbg.declare
</harden/bcfiles/linux_bcfiles/kbmp.bc>:rotate:245	</harden/bcfiles/linux_bcfiles/kbmp.bc>:rotate:245:0:@memcpy
</harden/bcfiles/linux_bcfiles/kbmp.bc>:rotate:251	</harden/bcfiles/linux_bcfiles/kbmp.bc>:rotate:251:0:@memcpy
</harden/bcfiles/linux_bcfiles/kbmp.bc>:display:22	</harden/bcfiles/linux_bcfiles/kbmp.bc>:display:22:0:@llvm.dbg.declare
</harden/bcfiles/linux_bcfiles/kbmp.bc>:display:24	</harden/bcfiles/linux_bcfiles/kbmp.bc>:display:24:0:@llvm.dbg.declare
</harden/bcfiles/linux_bcfiles/kbmp.bc>:display:26	</harden/bcfiles/linux_bcfiles/kbmp.bc>:display:26:0:@llvm.dbg.declare
</harden/bcfiles/linux_bcfiles/kbmp.bc>:display:28	</harden/bcfiles/linux_bcfiles/kbmp.bc>:display:28:0:@llvm.dbg.declare
</harden/bcfiles/linux_bcfiles/kbmp.bc>:display:36	</harden/bcfiles/linux_bcfiles/kbmp.bc>:display:36:0:@strcmp
</harden/bcfiles/linux_bcfiles/kbmp.bc>:display:41	</harden/bcfiles/linux_bcfiles/kbmp.bc>:display:41:0:@_printk
</harden/bcfiles/linux_bcfiles/kbmp.bc>:display:58	</harden/bcfiles/linux_bcfiles/kbmp.bc>:display:58:0:@llvm.dbg.declare
</harden/bcfiles/linux_bcfiles/kbmp.bc>:display:59	</harden/bcfiles/linux_bcfiles/kbmp.bc>:display:59:0:@get_message_from_buffer
</harden/bcfiles/linux_bcfiles/kbmp.bc>:display:71	</harden/bcfiles/linux_bcfiles/kbmp.bc>:display:71:0:@llvm.dbg.declare
</harden/bcfiles/linux_bcfiles/kbmp.bc>:display:74	</harden/bcfiles/linux_bcfiles/kbmp.bc>:display:74:0:@rotate
</harden/bcfiles/linux_bcfiles/kbmp.bc>:display:83	</harden/bcfiles/linux_bcfiles/kbmp.bc>:display:83:0:@kfree
</harden/bcfiles/linux_bcfiles/kbmp.bc>:display:85	</harden/bcfiles/linux_bcfiles/kbmp.bc>:display:85:0:@strlen
</harden/bcfiles/linux_bcfiles/kbmp.bc>:display:87	</harden/bcfiles/linux_bcfiles/kbmp.bc>:display:87:0:@llvm.dbg.declare
</harden/bcfiles/linux_bcfiles/kbmp.bc>:display:92	</harden/bcfiles/linux_bcfiles/kbmp.bc>:display:92:0:@llvm.dbg.declare
</harden/bcfiles/linux_bcfiles/kbmp.bc>:display:94	</harden/bcfiles/linux_bcfiles/kbmp.bc>:display:94:0:@llvm.dbg.declare
</harden/bcfiles/linux_bcfiles/kbmp.bc>:display:96	</harden/bcfiles/linux_bcfiles/kbmp.bc>:display:96:0:@llvm.dbg.declare
</harden/bcfiles/linux_bcfiles/kbmp.bc>:display:100	</harden/bcfiles/linux_bcfiles/kbmp.bc>:display:100:0:@llvm.dbg.declare
</harden/bcfiles/linux_bcfiles/kbmp.bc>:display:102	</harden/bcfiles/linux_bcfiles/kbmp.bc>:display:102:0:@llvm.dbg.declare
</harden/bcfiles/linux_bcfiles/kbmp.bc>:display:104	</harden/bcfiles/linux_bcfiles/kbmp.bc>:display:104:0:@llvm.dbg.declare
</harden/bcfiles/linux_bcfiles/kbmp.bc>:display:105	</harden/bcfiles/linux_bcfiles/kbmp.bc>:display:105:0:@llvm.dbg.declare
</harden/bcfiles/linux_bcfiles/kbmp.bc>:display:107	</harden/bcfiles/linux_bcfiles/kbmp.bc>:display:107:0:@llvm.objectsize.i64.p0i8
</harden/bcfiles/linux_bcfiles/kbmp.bc>:display:124	</harden/bcfiles/linux_bcfiles/kbmp.bc>:display:124:0:@llvm.is.constant.i64
</harden/bcfiles/linux_bcfiles/kbmp.bc>:display:128	</harden/bcfiles/linux_bcfiles/kbmp.bc>:display:128:0:@copy_overflow
</harden/bcfiles/linux_bcfiles/kbmp.bc>:display:133	</harden/bcfiles/linux_bcfiles/kbmp.bc>:display:133:0:@__bad_copy_from
</harden/bcfiles/linux_bcfiles/kbmp.bc>:display:135	</harden/bcfiles/linux_bcfiles/kbmp.bc>:display:135:0:@__bad_copy_to
</harden/bcfiles/linux_bcfiles/kbmp.bc>:display:140	</harden/bcfiles/linux_bcfiles/kbmp.bc>:display:140:0:@llvm.dbg.declare
</harden/bcfiles/linux_bcfiles/kbmp.bc>:display:152	</harden/bcfiles/linux_bcfiles/kbmp.bc>:display:152:0:@llvm.dbg.declare
</harden/bcfiles/linux_bcfiles/kbmp.bc>:display:155	</harden/bcfiles/linux_bcfiles/kbmp.bc>:display:155::<asm>
</harden/bcfiles/linux_bcfiles/kbmp.bc>:display:172	</harden/bcfiles/linux_bcfiles/kbmp.bc>:display:172:0:@check_object_size
</harden/bcfiles/linux_bcfiles/kbmp.bc>:display:180	</harden/bcfiles/linux_bcfiles/kbmp.bc>:display:180:0:@_copy_to_user
</harden/bcfiles/linux_bcfiles/kbmp.bc>:display:186	</harden/bcfiles/linux_bcfiles/kbmp.bc>:display:186:0:@kfree
</harden/bcfiles/linux_bcfiles/kbmp.bc>:display:194	</harden/bcfiles/linux_bcfiles/kbmp.bc>:display:194:0:@_printk
</harden/bcfiles/linux_bcfiles/kbmp.bc>:kbmp_init:8	</harden/bcfiles/linux_bcfiles/kbmp.bc>:kbmp_init:8:0:@memset
</harden/bcfiles/linux_bcfiles/kbmp.bc>:kbmp_init:9	</harden/bcfiles/linux_bcfiles/kbmp.bc>:kbmp_init:9:0:@proc_create
</harden/bcfiles/linux_bcfiles/kbmp.bc>:kbmp_init:16	</harden/bcfiles/linux_bcfiles/kbmp.bc>:kbmp_init:16:0:@_printk
</harden/bcfiles/linux_bcfiles/kbmp.bc>:kbmp_init:23	</harden/bcfiles/linux_bcfiles/kbmp.bc>:kbmp_init:23:0:@proc_create
</harden/bcfiles/linux_bcfiles/kbmp.bc>:kbmp_init:30	</harden/bcfiles/linux_bcfiles/kbmp.bc>:kbmp_init:30:0:@_printk
</harden/bcfiles/linux_bcfiles/kbmp.bc>:kbmp_exit:4	</harden/bcfiles/linux_bcfiles/kbmp.bc>:kbmp_exit:4:0:@proc_remove
</harden/bcfiles/linux_bcfiles/kbmp.bc>:kbmp_exit:6	</harden/bcfiles/linux_bcfiles/kbmp.bc>:kbmp_exit:6:0:@proc_remove
</harden/bcfiles/linux_bcfiles/kbmp.bc>:copy_overflow:3	</harden/bcfiles/linux_bcfiles/kbmp.bc>:copy_overflow:3:0:@llvm.dbg.declare
</harden/bcfiles/linux_bcfiles/kbmp.bc>:copy_overflow:5	</harden/bcfiles/linux_bcfiles/kbmp.bc>:copy_overflow:5:0:@llvm.dbg.declare
</harden/bcfiles/linux_bcfiles/kbmp.bc>:copy_overflow:8	</harden/bcfiles/linux_bcfiles/kbmp.bc>:copy_overflow:8:0:@__copy_overflow
</harden/bcfiles/linux_bcfiles/kbmp.bc>:check_object_size:4	</harden/bcfiles/linux_bcfiles/kbmp.bc>:check_object_size:4:0:@llvm.dbg.declare
</harden/bcfiles/linux_bcfiles/kbmp.bc>:check_object_size:6	</harden/bcfiles/linux_bcfiles/kbmp.bc>:check_object_size:6:0:@llvm.dbg.declare
</harden/bcfiles/linux_bcfiles/kbmp.bc>:check_object_size:9	</harden/bcfiles/linux_bcfiles/kbmp.bc>:check_object_size:9:0:@llvm.dbg.declare
