block:</harden/bcfiles/linux_bcfiles/kbmp.bc>:get_message_from_buffer:[basicblock]%19	block:</harden/bcfiles/linux_bcfiles/kbmp.bc>:get_message_from_buffer:[basicblock]%162
block:</harden/bcfiles/linux_bcfiles/kbmp.bc>:get_message_from_buffer:[basicblock]%19	block:</harden/bcfiles/linux_bcfiles/kbmp.bc>:get_message_from_buffer:[basicblock]%166
block:</harden/bcfiles/linux_bcfiles/kbmp.bc>:get_message_from_buffer:[basicblock]%22	block:</harden/bcfiles/linux_bcfiles/kbmp.bc>:get_message_from_buffer:[basicblock]%166
block:</harden/bcfiles/linux_bcfiles/kbmp.bc>:get_message_from_buffer:[basicblock]%25	block:</harden/bcfiles/linux_bcfiles/kbmp.bc>:get_message_from_buffer:[basicblock]%166
block:</harden/bcfiles/linux_bcfiles/kbmp.bc>:get_message_from_buffer:[basicblock]%29	block:</harden/bcfiles/linux_bcfiles/kbmp.bc>:get_message_from_buffer:[basicblock]%166
block:</harden/bcfiles/linux_bcfiles/kbmp.bc>:get_message_from_buffer:[basicblock]%33	block:</harden/bcfiles/linux_bcfiles/kbmp.bc>:get_message_from_buffer:[basicblock]%133
block:</harden/bcfiles/linux_bcfiles/kbmp.bc>:get_message_from_buffer:[basicblock]%34	block:</harden/bcfiles/linux_bcfiles/kbmp.bc>:get_message_from_buffer:[basicblock]%133
block:</harden/bcfiles/linux_bcfiles/kbmp.bc>:get_message_from_buffer:[basicblock]%37	block:</harden/bcfiles/linux_bcfiles/kbmp.bc>:get_message_from_buffer:[basicblock]%133
block:</harden/bcfiles/linux_bcfiles/kbmp.bc>:get_message_from_buffer:[basicblock]%38	block:</harden/bcfiles/linux_bcfiles/kbmp.bc>:get_message_from_buffer:[basicblock]%133
block:</harden/bcfiles/linux_bcfiles/kbmp.bc>:get_message_from_buffer:[basicblock]%41	block:</harden/bcfiles/linux_bcfiles/kbmp.bc>:get_message_from_buffer:[basicblock]%45
block:</harden/bcfiles/linux_bcfiles/kbmp.bc>:get_message_from_buffer:[basicblock]%41	block:</harden/bcfiles/linux_bcfiles/kbmp.bc>:get_message_from_buffer:[basicblock]%133
block:</harden/bcfiles/linux_bcfiles/kbmp.bc>:get_message_from_buffer:[basicblock]%44	block:</harden/bcfiles/linux_bcfiles/kbmp.bc>:get_message_from_buffer:[basicblock]%133
block:</harden/bcfiles/linux_bcfiles/kbmp.bc>:get_message_from_buffer:[basicblock]%45	block:</harden/bcfiles/linux_bcfiles/kbmp.bc>:get_message_from_buffer:[basicblock]%133
block:</harden/bcfiles/linux_bcfiles/kbmp.bc>:get_message_from_buffer:[basicblock]%48	block:</harden/bcfiles/linux_bcfiles/kbmp.bc>:get_message_from_buffer:[basicblock]%52
block:</harden/bcfiles/linux_bcfiles/kbmp.bc>:get_message_from_buffer:[basicblock]%48	block:</harden/bcfiles/linux_bcfiles/kbmp.bc>:get_message_from_buffer:[basicblock]%133
block:</harden/bcfiles/linux_bcfiles/kbmp.bc>:get_message_from_buffer:[basicblock]%51	block:</harden/bcfiles/linux_bcfiles/kbmp.bc>:get_message_from_buffer:[basicblock]%133
block:</harden/bcfiles/linux_bcfiles/kbmp.bc>:get_message_from_buffer:[basicblock]%52	block:</harden/bcfiles/linux_bcfiles/kbmp.bc>:get_message_from_buffer:[basicblock]%133
block:</harden/bcfiles/linux_bcfiles/kbmp.bc>:get_message_from_buffer:[basicblock]%55	block:</harden/bcfiles/linux_bcfiles/kbmp.bc>:get_message_from_buffer:[basicblock]%133
block:</harden/bcfiles/linux_bcfiles/kbmp.bc>:get_message_from_buffer:[basicblock]%56	block:</harden/bcfiles/linux_bcfiles/kbmp.bc>:get_message_from_buffer:[basicblock]%133
block:</harden/bcfiles/linux_bcfiles/kbmp.bc>:get_message_from_buffer:[basicblock]%59	block:</harden/bcfiles/linux_bcfiles/kbmp.bc>:get_message_from_buffer:[basicblock]%133
block:</harden/bcfiles/linux_bcfiles/kbmp.bc>:get_message_from_buffer:[basicblock]%60	block:</harden/bcfiles/linux_bcfiles/kbmp.bc>:get_message_from_buffer:[basicblock]%133
block:</harden/bcfiles/linux_bcfiles/kbmp.bc>:get_message_from_buffer:[basicblock]%63	block:</harden/bcfiles/linux_bcfiles/kbmp.bc>:get_message_from_buffer:[basicblock]%133
block:</harden/bcfiles/linux_bcfiles/kbmp.bc>:get_message_from_buffer:[basicblock]%64	block:</harden/bcfiles/linux_bcfiles/kbmp.bc>:get_message_from_buffer:[basicblock]%133
block:</harden/bcfiles/linux_bcfiles/kbmp.bc>:get_message_from_buffer:[basicblock]%67	block:</harden/bcfiles/linux_bcfiles/kbmp.bc>:get_message_from_buffer:[basicblock]%133
block:</harden/bcfiles/linux_bcfiles/kbmp.bc>:get_message_from_buffer:[basicblock]%68	block:</harden/bcfiles/linux_bcfiles/kbmp.bc>:get_message_from_buffer:[basicblock]%133
block:</harden/bcfiles/linux_bcfiles/kbmp.bc>:get_message_from_buffer:[basicblock]%71	block:</harden/bcfiles/linux_bcfiles/kbmp.bc>:get_message_from_buffer:[basicblock]%133
block:</harden/bcfiles/linux_bcfiles/kbmp.bc>:get_message_from_buffer:[basicblock]%72	block:</harden/bcfiles/linux_bcfiles/kbmp.bc>:get_message_from_buffer:[basicblock]%133
block:</harden/bcfiles/linux_bcfiles/kbmp.bc>:get_message_from_buffer:[basicblock]%75	block:</harden/bcfiles/linux_bcfiles/kbmp.bc>:get_message_from_buffer:[basicblock]%133
block:</harden/bcfiles/linux_bcfiles/kbmp.bc>:get_message_from_buffer:[basicblock]%76	block:</harden/bcfiles/linux_bcfiles/kbmp.bc>:get_message_from_buffer:[basicblock]%133
block:</harden/bcfiles/linux_bcfiles/kbmp.bc>:get_message_from_buffer:[basicblock]%79	block:</harden/bcfiles/linux_bcfiles/kbmp.bc>:get_message_from_buffer:[basicblock]%133
block:</harden/bcfiles/linux_bcfiles/kbmp.bc>:get_message_from_buffer:[basicblock]%80	block:</harden/bcfiles/linux_bcfiles/kbmp.bc>:get_message_from_buffer:[basicblock]%133
block:</harden/bcfiles/linux_bcfiles/kbmp.bc>:get_message_from_buffer:[basicblock]%83	block:</harden/bcfiles/linux_bcfiles/kbmp.bc>:get_message_from_buffer:[basicblock]%133
block:</harden/bcfiles/linux_bcfiles/kbmp.bc>:get_message_from_buffer:[basicblock]%84	block:</harden/bcfiles/linux_bcfiles/kbmp.bc>:get_message_from_buffer:[basicblock]%133
block:</harden/bcfiles/linux_bcfiles/kbmp.bc>:get_message_from_buffer:[basicblock]%87	block:</harden/bcfiles/linux_bcfiles/kbmp.bc>:get_message_from_buffer:[basicblock]%133
block:</harden/bcfiles/linux_bcfiles/kbmp.bc>:get_message_from_buffer:[basicblock]%88	block:</harden/bcfiles/linux_bcfiles/kbmp.bc>:get_message_from_buffer:[basicblock]%133
block:</harden/bcfiles/linux_bcfiles/kbmp.bc>:get_message_from_buffer:[basicblock]%91	block:</harden/bcfiles/linux_bcfiles/kbmp.bc>:get_message_from_buffer:[basicblock]%133
block:</harden/bcfiles/linux_bcfiles/kbmp.bc>:get_message_from_buffer:[basicblock]%92	block:</harden/bcfiles/linux_bcfiles/kbmp.bc>:get_message_from_buffer:[basicblock]%133
block:</harden/bcfiles/linux_bcfiles/kbmp.bc>:get_message_from_buffer:[basicblock]%95	block:</harden/bcfiles/linux_bcfiles/kbmp.bc>:get_message_from_buffer:[basicblock]%133
block:</harden/bcfiles/linux_bcfiles/kbmp.bc>:get_message_from_buffer:[basicblock]%96	block:</harden/bcfiles/linux_bcfiles/kbmp.bc>:get_message_from_buffer:[basicblock]%133
block:</harden/bcfiles/linux_bcfiles/kbmp.bc>:get_message_from_buffer:[basicblock]%99	block:</harden/bcfiles/linux_bcfiles/kbmp.bc>:get_message_from_buffer:[basicblock]%133
block:</harden/bcfiles/linux_bcfiles/kbmp.bc>:get_message_from_buffer:[basicblock]%100	block:</harden/bcfiles/linux_bcfiles/kbmp.bc>:get_message_from_buffer:[basicblock]%133
block:</harden/bcfiles/linux_bcfiles/kbmp.bc>:get_message_from_buffer:[basicblock]%103	block:</harden/bcfiles/linux_bcfiles/kbmp.bc>:get_message_from_buffer:[basicblock]%133
block:</harden/bcfiles/linux_bcfiles/kbmp.bc>:get_message_from_buffer:[basicblock]%104	block:</harden/bcfiles/linux_bcfiles/kbmp.bc>:get_message_from_buffer:[basicblock]%133
block:</harden/bcfiles/linux_bcfiles/kbmp.bc>:get_message_from_buffer:[basicblock]%107	block:</harden/bcfiles/linux_bcfiles/kbmp.bc>:get_message_from_buffer:[basicblock]%133
block:</harden/bcfiles/linux_bcfiles/kbmp.bc>:get_message_from_buffer:[basicblock]%108	block:</harden/bcfiles/linux_bcfiles/kbmp.bc>:get_message_from_buffer:[basicblock]%133
block:</harden/bcfiles/linux_bcfiles/kbmp.bc>:get_message_from_buffer:[basicblock]%111	block:</harden/bcfiles/linux_bcfiles/kbmp.bc>:get_message_from_buffer:[basicblock]%133
block:</harden/bcfiles/linux_bcfiles/kbmp.bc>:get_message_from_buffer:[basicblock]%112	block:</harden/bcfiles/linux_bcfiles/kbmp.bc>:get_message_from_buffer:[basicblock]%133
block:</harden/bcfiles/linux_bcfiles/kbmp.bc>:get_message_from_buffer:[basicblock]%115	block:</harden/bcfiles/linux_bcfiles/kbmp.bc>:get_message_from_buffer:[basicblock]%133
block:</harden/bcfiles/linux_bcfiles/kbmp.bc>:get_message_from_buffer:[basicblock]%116	block:</harden/bcfiles/linux_bcfiles/kbmp.bc>:get_message_from_buffer:[basicblock]%133
block:</harden/bcfiles/linux_bcfiles/kbmp.bc>:get_message_from_buffer:[basicblock]%119	block:</harden/bcfiles/linux_bcfiles/kbmp.bc>:get_message_from_buffer:[basicblock]%133
block:</harden/bcfiles/linux_bcfiles/kbmp.bc>:get_message_from_buffer:[basicblock]%120	block:</harden/bcfiles/linux_bcfiles/kbmp.bc>:get_message_from_buffer:[basicblock]%133
block:</harden/bcfiles/linux_bcfiles/kbmp.bc>:get_message_from_buffer:[basicblock]%123	block:</harden/bcfiles/linux_bcfiles/kbmp.bc>:get_message_from_buffer:[basicblock]%133
block:</harden/bcfiles/linux_bcfiles/kbmp.bc>:get_message_from_buffer:[basicblock]%124	block:</harden/bcfiles/linux_bcfiles/kbmp.bc>:get_message_from_buffer:[basicblock]%133
block:</harden/bcfiles/linux_bcfiles/kbmp.bc>:get_message_from_buffer:[basicblock]%127	block:</harden/bcfiles/linux_bcfiles/kbmp.bc>:get_message_from_buffer:[basicblock]%133
block:</harden/bcfiles/linux_bcfiles/kbmp.bc>:get_message_from_buffer:[basicblock]%128	block:</harden/bcfiles/linux_bcfiles/kbmp.bc>:get_message_from_buffer:[basicblock]%133
block:</harden/bcfiles/linux_bcfiles/kbmp.bc>:get_message_from_buffer:[basicblock]%131	block:</harden/bcfiles/linux_bcfiles/kbmp.bc>:get_message_from_buffer:[basicblock]%133
block:</harden/bcfiles/linux_bcfiles/kbmp.bc>:get_message_from_buffer:[basicblock]%133	block:</harden/bcfiles/linux_bcfiles/kbmp.bc>:get_message_from_buffer:[basicblock]%166
block:</harden/bcfiles/linux_bcfiles/kbmp.bc>:get_message_from_buffer:[basicblock]%144	block:</harden/bcfiles/linux_bcfiles/kbmp.bc>:get_message_from_buffer:[basicblock]%151
block:</harden/bcfiles/linux_bcfiles/kbmp.bc>:get_message_from_buffer:[basicblock]%145	block:</harden/bcfiles/linux_bcfiles/kbmp.bc>:get_message_from_buffer:[basicblock]%151
block:</harden/bcfiles/linux_bcfiles/kbmp.bc>:get_message_from_buffer:[basicblock]%149	block:</harden/bcfiles/linux_bcfiles/kbmp.bc>:get_message_from_buffer:[basicblock]%151
block:</harden/bcfiles/linux_bcfiles/kbmp.bc>:get_message_from_buffer:[basicblock]%150	block:</harden/bcfiles/linux_bcfiles/kbmp.bc>:get_message_from_buffer:[basicblock]%151
block:</harden/bcfiles/linux_bcfiles/kbmp.bc>:get_message_from_buffer:[basicblock]%151	block:</harden/bcfiles/linux_bcfiles/kbmp.bc>:get_message_from_buffer:[basicblock]%166
block:</harden/bcfiles/linux_bcfiles/kbmp.bc>:get_message_from_buffer:[basicblock]%162	block:</harden/bcfiles/linux_bcfiles/kbmp.bc>:get_message_from_buffer:[basicblock]%166
block:</harden/bcfiles/linux_bcfiles/kbmp.bc>:get_message_from_buffer:[basicblock]%170	block:</harden/bcfiles/linux_bcfiles/kbmp.bc>:get_message_from_buffer:[basicblock]%179
block:</harden/bcfiles/linux_bcfiles/kbmp.bc>:get_message_from_buffer:[basicblock]%171	block:</harden/bcfiles/linux_bcfiles/kbmp.bc>:get_message_from_buffer:[basicblock]%179
block:</harden/bcfiles/linux_bcfiles/kbmp.bc>:message_write:[basicblock]%43	block:</harden/bcfiles/linux_bcfiles/kbmp.bc>:message_write:[basicblock]%191
block:</harden/bcfiles/linux_bcfiles/kbmp.bc>:message_write:[basicblock]%44	block:</harden/bcfiles/linux_bcfiles/kbmp.bc>:message_write:[basicblock]%191
block:</harden/bcfiles/linux_bcfiles/kbmp.bc>:message_write:[basicblock]%45	block:</harden/bcfiles/linux_bcfiles/kbmp.bc>:message_write:[basicblock]%191
block:</harden/bcfiles/linux_bcfiles/kbmp.bc>:message_write:[basicblock]%48	block:</harden/bcfiles/linux_bcfiles/kbmp.bc>:message_write:[basicblock]%191
block:</harden/bcfiles/linux_bcfiles/kbmp.bc>:message_write:[basicblock]%51	block:</harden/bcfiles/linux_bcfiles/kbmp.bc>:message_write:[basicblock]%191
block:</harden/bcfiles/linux_bcfiles/kbmp.bc>:message_write:[basicblock]%52	block:</harden/bcfiles/linux_bcfiles/kbmp.bc>:message_write:[basicblock]%191
block:</harden/bcfiles/linux_bcfiles/kbmp.bc>:message_write:[basicblock]%53	block:</harden/bcfiles/linux_bcfiles/kbmp.bc>:message_write:[basicblock]%191
block:</harden/bcfiles/linux_bcfiles/kbmp.bc>:message_write:[basicblock]%56	block:</harden/bcfiles/linux_bcfiles/kbmp.bc>:message_write:[basicblock]%191
block:</harden/bcfiles/linux_bcfiles/kbmp.bc>:message_write:[basicblock]%57	block:</harden/bcfiles/linux_bcfiles/kbmp.bc>:message_write:[basicblock]%57
block:</harden/bcfiles/linux_bcfiles/kbmp.bc>:message_write:[basicblock]%57	block:</harden/bcfiles/linux_bcfiles/kbmp.bc>:message_write:[basicblock]%191
block:</harden/bcfiles/linux_bcfiles/kbmp.bc>:message_write:[basicblock]%61	block:</harden/bcfiles/linux_bcfiles/kbmp.bc>:message_write:[basicblock]%57
block:</harden/bcfiles/linux_bcfiles/kbmp.bc>:message_write:[basicblock]%61	block:</harden/bcfiles/linux_bcfiles/kbmp.bc>:message_write:[basicblock]%103
block:</harden/bcfiles/linux_bcfiles/kbmp.bc>:message_write:[basicblock]%61	block:</harden/bcfiles/linux_bcfiles/kbmp.bc>:message_write:[basicblock]%191
block:</harden/bcfiles/linux_bcfiles/kbmp.bc>:message_write:[basicblock]%84	block:</harden/bcfiles/linux_bcfiles/kbmp.bc>:message_write:[basicblock]%191
block:</harden/bcfiles/linux_bcfiles/kbmp.bc>:message_write:[basicblock]%85	block:</harden/bcfiles/linux_bcfiles/kbmp.bc>:message_write:[basicblock]%57
block:</harden/bcfiles/linux_bcfiles/kbmp.bc>:message_write:[basicblock]%85	block:</harden/bcfiles/linux_bcfiles/kbmp.bc>:message_write:[basicblock]%103
block:</harden/bcfiles/linux_bcfiles/kbmp.bc>:message_write:[basicblock]%85	block:</harden/bcfiles/linux_bcfiles/kbmp.bc>:message_write:[basicblock]%191
block:</harden/bcfiles/linux_bcfiles/kbmp.bc>:message_write:[basicblock]%89	block:</harden/bcfiles/linux_bcfiles/kbmp.bc>:message_write:[basicblock]%103
block:</harden/bcfiles/linux_bcfiles/kbmp.bc>:message_write:[basicblock]%90	block:</harden/bcfiles/linux_bcfiles/kbmp.bc>:message_write:[basicblock]%57
block:</harden/bcfiles/linux_bcfiles/kbmp.bc>:message_write:[basicblock]%90	block:</harden/bcfiles/linux_bcfiles/kbmp.bc>:message_write:[basicblock]%191
block:</harden/bcfiles/linux_bcfiles/kbmp.bc>:message_write:[basicblock]%94	block:</harden/bcfiles/linux_bcfiles/kbmp.bc>:message_write:[basicblock]%57
block:</harden/bcfiles/linux_bcfiles/kbmp.bc>:message_write:[basicblock]%94	block:</harden/bcfiles/linux_bcfiles/kbmp.bc>:message_write:[basicblock]%98
block:</harden/bcfiles/linux_bcfiles/kbmp.bc>:message_write:[basicblock]%98	block:</harden/bcfiles/linux_bcfiles/kbmp.bc>:message_write:[basicblock]%191
block:</harden/bcfiles/linux_bcfiles/kbmp.bc>:message_write:[basicblock]%99	block:</harden/bcfiles/linux_bcfiles/kbmp.bc>:message_write:[basicblock]%57
block:</harden/bcfiles/linux_bcfiles/kbmp.bc>:message_write:[basicblock]%100	block:</harden/bcfiles/linux_bcfiles/kbmp.bc>:message_write:[basicblock]%57
block:</harden/bcfiles/linux_bcfiles/kbmp.bc>:message_write:[basicblock]%103	block:</harden/bcfiles/linux_bcfiles/kbmp.bc>:message_write:[basicblock]%191
block:</harden/bcfiles/linux_bcfiles/kbmp.bc>:message_write:[basicblock]%113	block:</harden/bcfiles/linux_bcfiles/kbmp.bc>:message_write:[basicblock]%118
block:</harden/bcfiles/linux_bcfiles/kbmp.bc>:message_write:[basicblock]%118	block:</harden/bcfiles/linux_bcfiles/kbmp.bc>:message_write:[basicblock]%191
block:</harden/bcfiles/linux_bcfiles/kbmp.bc>:message_write:[basicblock]%123	block:</harden/bcfiles/linux_bcfiles/kbmp.bc>:message_write:[basicblock]%162
block:</harden/bcfiles/linux_bcfiles/kbmp.bc>:message_write:[basicblock]%126	block:</harden/bcfiles/linux_bcfiles/kbmp.bc>:message_write:[basicblock]%135
block:</harden/bcfiles/linux_bcfiles/kbmp.bc>:message_write:[basicblock]%129	block:</harden/bcfiles/linux_bcfiles/kbmp.bc>:message_write:[basicblock]%135
block:</harden/bcfiles/linux_bcfiles/kbmp.bc>:message_write:[basicblock]%132	block:</harden/bcfiles/linux_bcfiles/kbmp.bc>:message_write:[basicblock]%134
block:</harden/bcfiles/linux_bcfiles/kbmp.bc>:message_write:[basicblock]%133	block:</harden/bcfiles/linux_bcfiles/kbmp.bc>:message_write:[basicblock]%134
block:</harden/bcfiles/linux_bcfiles/kbmp.bc>:message_write:[basicblock]%134	block:</harden/bcfiles/linux_bcfiles/kbmp.bc>:message_write:[basicblock]%135
block:</harden/bcfiles/linux_bcfiles/kbmp.bc>:message_write:[basicblock]%135	block:</harden/bcfiles/linux_bcfiles/kbmp.bc>:message_write:[basicblock]%162
block:</harden/bcfiles/linux_bcfiles/kbmp.bc>:message_write:[basicblock]%136	block:</harden/bcfiles/linux_bcfiles/kbmp.bc>:message_write:[basicblock]%162
block:</harden/bcfiles/linux_bcfiles/kbmp.bc>:message_write:[basicblock]%146	block:</harden/bcfiles/linux_bcfiles/kbmp.bc>:message_write:[basicblock]%148
block:</harden/bcfiles/linux_bcfiles/kbmp.bc>:message_write:[basicblock]%148	block:</harden/bcfiles/linux_bcfiles/kbmp.bc>:message_write:[basicblock]%162
block:</harden/bcfiles/linux_bcfiles/kbmp.bc>:message_write:[basicblock]%156	block:</harden/bcfiles/linux_bcfiles/kbmp.bc>:message_write:[basicblock]%162
block:</harden/bcfiles/linux_bcfiles/kbmp.bc>:message_write:[basicblock]%157	block:</harden/bcfiles/linux_bcfiles/kbmp.bc>:message_write:[basicblock]%162
block:</harden/bcfiles/linux_bcfiles/kbmp.bc>:message_write:[basicblock]%162	block:</harden/bcfiles/linux_bcfiles/kbmp.bc>:message_write:[basicblock]%191
block:</harden/bcfiles/linux_bcfiles/kbmp.bc>:message_write:[basicblock]%164	block:</harden/bcfiles/linux_bcfiles/kbmp.bc>:message_write:[basicblock]%169
block:</harden/bcfiles/linux_bcfiles/kbmp.bc>:message_write:[basicblock]%169	block:</harden/bcfiles/linux_bcfiles/kbmp.bc>:message_write:[basicblock]%191
block:</harden/bcfiles/linux_bcfiles/kbmp.bc>:message_write:[basicblock]%173	block:</harden/bcfiles/linux_bcfiles/kbmp.bc>:message_write:[basicblock]%191
block:</harden/bcfiles/linux_bcfiles/kbmp.bc>:message_write:[basicblock]%174	block:</harden/bcfiles/linux_bcfiles/kbmp.bc>:message_write:[basicblock]%191
block:</harden/bcfiles/linux_bcfiles/kbmp.bc>:message_write:[basicblock]%175	block:</harden/bcfiles/linux_bcfiles/kbmp.bc>:message_write:[basicblock]%191
block:</harden/bcfiles/linux_bcfiles/kbmp.bc>:message_write:[basicblock]%181	block:</harden/bcfiles/linux_bcfiles/kbmp.bc>:message_write:[basicblock]%191
block:</harden/bcfiles/linux_bcfiles/kbmp.bc>:message_write:[basicblock]%184	block:</harden/bcfiles/linux_bcfiles/kbmp.bc>:message_write:[basicblock]%188
block:</harden/bcfiles/linux_bcfiles/kbmp.bc>:message_write:[basicblock]%187	block:</harden/bcfiles/linux_bcfiles/kbmp.bc>:message_write:[basicblock]%188
block:</harden/bcfiles/linux_bcfiles/kbmp.bc>:message_write:[basicblock]%188	block:</harden/bcfiles/linux_bcfiles/kbmp.bc>:message_write:[basicblock]%191
block:</harden/bcfiles/linux_bcfiles/kbmp.bc>:message_read:[basicblock]%34	block:</harden/bcfiles/linux_bcfiles/kbmp.bc>:message_read:[basicblock]%144
block:</harden/bcfiles/linux_bcfiles/kbmp.bc>:message_read:[basicblock]%35	block:</harden/bcfiles/linux_bcfiles/kbmp.bc>:message_read:[basicblock]%144
block:</harden/bcfiles/linux_bcfiles/kbmp.bc>:message_read:[basicblock]%36	block:</harden/bcfiles/linux_bcfiles/kbmp.bc>:message_read:[basicblock]%144
block:</harden/bcfiles/linux_bcfiles/kbmp.bc>:message_read:[basicblock]%39	block:</harden/bcfiles/linux_bcfiles/kbmp.bc>:message_read:[basicblock]%144
block:</harden/bcfiles/linux_bcfiles/kbmp.bc>:message_read:[basicblock]%42	block:</harden/bcfiles/linux_bcfiles/kbmp.bc>:message_read:[basicblock]%49
block:</harden/bcfiles/linux_bcfiles/kbmp.bc>:message_read:[basicblock]%42	block:</harden/bcfiles/linux_bcfiles/kbmp.bc>:message_read:[basicblock]%144
block:</harden/bcfiles/linux_bcfiles/kbmp.bc>:message_read:[basicblock]%46	block:</harden/bcfiles/linux_bcfiles/kbmp.bc>:message_read:[basicblock]%49
block:</harden/bcfiles/linux_bcfiles/kbmp.bc>:message_read:[basicblock]%46	block:</harden/bcfiles/linux_bcfiles/kbmp.bc>:message_read:[basicblock]%144
block:</harden/bcfiles/linux_bcfiles/kbmp.bc>:message_read:[basicblock]%49	block:</harden/bcfiles/linux_bcfiles/kbmp.bc>:message_read:[basicblock]%144
block:</harden/bcfiles/linux_bcfiles/kbmp.bc>:message_read:[basicblock]%50	block:</harden/bcfiles/linux_bcfiles/kbmp.bc>:message_read:[basicblock]%144
block:</harden/bcfiles/linux_bcfiles/kbmp.bc>:message_read:[basicblock]%53	block:</harden/bcfiles/linux_bcfiles/kbmp.bc>:message_read:[basicblock]%54
block:</harden/bcfiles/linux_bcfiles/kbmp.bc>:message_read:[basicblock]%54	block:</harden/bcfiles/linux_bcfiles/kbmp.bc>:message_read:[basicblock]%144
block:</harden/bcfiles/linux_bcfiles/kbmp.bc>:message_read:[basicblock]%59	block:</harden/bcfiles/linux_bcfiles/kbmp.bc>:message_read:[basicblock]%61
block:</harden/bcfiles/linux_bcfiles/kbmp.bc>:message_read:[basicblock]%61	block:</harden/bcfiles/linux_bcfiles/kbmp.bc>:message_read:[basicblock]%144
block:</harden/bcfiles/linux_bcfiles/kbmp.bc>:message_read:[basicblock]%71	block:</harden/bcfiles/linux_bcfiles/kbmp.bc>:message_read:[basicblock]%76
block:</harden/bcfiles/linux_bcfiles/kbmp.bc>:message_read:[basicblock]%76	block:</harden/bcfiles/linux_bcfiles/kbmp.bc>:message_read:[basicblock]%144
block:</harden/bcfiles/linux_bcfiles/kbmp.bc>:message_read:[basicblock]%81	block:</harden/bcfiles/linux_bcfiles/kbmp.bc>:message_read:[basicblock]%120
block:</harden/bcfiles/linux_bcfiles/kbmp.bc>:message_read:[basicblock]%84	block:</harden/bcfiles/linux_bcfiles/kbmp.bc>:message_read:[basicblock]%93
block:</harden/bcfiles/linux_bcfiles/kbmp.bc>:message_read:[basicblock]%87	block:</harden/bcfiles/linux_bcfiles/kbmp.bc>:message_read:[basicblock]%93
block:</harden/bcfiles/linux_bcfiles/kbmp.bc>:message_read:[basicblock]%90	block:</harden/bcfiles/linux_bcfiles/kbmp.bc>:message_read:[basicblock]%92
block:</harden/bcfiles/linux_bcfiles/kbmp.bc>:message_read:[basicblock]%91	block:</harden/bcfiles/linux_bcfiles/kbmp.bc>:message_read:[basicblock]%92
block:</harden/bcfiles/linux_bcfiles/kbmp.bc>:message_read:[basicblock]%92	block:</harden/bcfiles/linux_bcfiles/kbmp.bc>:message_read:[basicblock]%93
block:</harden/bcfiles/linux_bcfiles/kbmp.bc>:message_read:[basicblock]%93	block:</harden/bcfiles/linux_bcfiles/kbmp.bc>:message_read:[basicblock]%120
block:</harden/bcfiles/linux_bcfiles/kbmp.bc>:message_read:[basicblock]%94	block:</harden/bcfiles/linux_bcfiles/kbmp.bc>:message_read:[basicblock]%120
block:</harden/bcfiles/linux_bcfiles/kbmp.bc>:message_read:[basicblock]%104	block:</harden/bcfiles/linux_bcfiles/kbmp.bc>:message_read:[basicblock]%106
block:</harden/bcfiles/linux_bcfiles/kbmp.bc>:message_read:[basicblock]%106	block:</harden/bcfiles/linux_bcfiles/kbmp.bc>:message_read:[basicblock]%120
block:</harden/bcfiles/linux_bcfiles/kbmp.bc>:message_read:[basicblock]%114	block:</harden/bcfiles/linux_bcfiles/kbmp.bc>:message_read:[basicblock]%120
block:</harden/bcfiles/linux_bcfiles/kbmp.bc>:message_read:[basicblock]%115	block:</harden/bcfiles/linux_bcfiles/kbmp.bc>:message_read:[basicblock]%120
block:</harden/bcfiles/linux_bcfiles/kbmp.bc>:message_read:[basicblock]%120	block:</harden/bcfiles/linux_bcfiles/kbmp.bc>:message_read:[basicblock]%144
block:</harden/bcfiles/linux_bcfiles/kbmp.bc>:message_read:[basicblock]%122	block:</harden/bcfiles/linux_bcfiles/kbmp.bc>:message_read:[basicblock]%127
block:</harden/bcfiles/linux_bcfiles/kbmp.bc>:message_read:[basicblock]%127	block:</harden/bcfiles/linux_bcfiles/kbmp.bc>:message_read:[basicblock]%144
block:</harden/bcfiles/linux_bcfiles/kbmp.bc>:message_read:[basicblock]%131	block:</harden/bcfiles/linux_bcfiles/kbmp.bc>:message_read:[basicblock]%144
block:</harden/bcfiles/linux_bcfiles/kbmp.bc>:message_read:[basicblock]%132	block:</harden/bcfiles/linux_bcfiles/kbmp.bc>:message_read:[basicblock]%144
block:</harden/bcfiles/linux_bcfiles/kbmp.bc>:message_read:[basicblock]%133	block:</harden/bcfiles/linux_bcfiles/kbmp.bc>:message_read:[basicblock]%144
block:</harden/bcfiles/linux_bcfiles/kbmp.bc>:message_read:[basicblock]%138	block:</harden/bcfiles/linux_bcfiles/kbmp.bc>:message_read:[basicblock]%144
block:</harden/bcfiles/linux_bcfiles/kbmp.bc>:rotate:[basicblock]%26	block:</harden/bcfiles/linux_bcfiles/kbmp.bc>:rotate:[basicblock]%169
block:</harden/bcfiles/linux_bcfiles/kbmp.bc>:rotate:[basicblock]%26	block:</harden/bcfiles/linux_bcfiles/kbmp.bc>:rotate:[basicblock]%173
block:</harden/bcfiles/linux_bcfiles/kbmp.bc>:rotate:[basicblock]%29	block:</harden/bcfiles/linux_bcfiles/kbmp.bc>:rotate:[basicblock]%173
block:</harden/bcfiles/linux_bcfiles/kbmp.bc>:rotate:[basicblock]%32	block:</harden/bcfiles/linux_bcfiles/kbmp.bc>:rotate:[basicblock]%173
block:</harden/bcfiles/linux_bcfiles/kbmp.bc>:rotate:[basicblock]%36	block:</harden/bcfiles/linux_bcfiles/kbmp.bc>:rotate:[basicblock]%173
block:</harden/bcfiles/linux_bcfiles/kbmp.bc>:rotate:[basicblock]%40	block:</harden/bcfiles/linux_bcfiles/kbmp.bc>:rotate:[basicblock]%140
block:</harden/bcfiles/linux_bcfiles/kbmp.bc>:rotate:[basicblock]%41	block:</harden/bcfiles/linux_bcfiles/kbmp.bc>:rotate:[basicblock]%140
block:</harden/bcfiles/linux_bcfiles/kbmp.bc>:rotate:[basicblock]%44	block:</harden/bcfiles/linux_bcfiles/kbmp.bc>:rotate:[basicblock]%140
block:</harden/bcfiles/linux_bcfiles/kbmp.bc>:rotate:[basicblock]%45	block:</harden/bcfiles/linux_bcfiles/kbmp.bc>:rotate:[basicblock]%140
block:</harden/bcfiles/linux_bcfiles/kbmp.bc>:rotate:[basicblock]%48	block:</harden/bcfiles/linux_bcfiles/kbmp.bc>:rotate:[basicblock]%52
block:</harden/bcfiles/linux_bcfiles/kbmp.bc>:rotate:[basicblock]%48	block:</harden/bcfiles/linux_bcfiles/kbmp.bc>:rotate:[basicblock]%140
block:</harden/bcfiles/linux_bcfiles/kbmp.bc>:rotate:[basicblock]%51	block:</harden/bcfiles/linux_bcfiles/kbmp.bc>:rotate:[basicblock]%140
block:</harden/bcfiles/linux_bcfiles/kbmp.bc>:rotate:[basicblock]%52	block:</harden/bcfiles/linux_bcfiles/kbmp.bc>:rotate:[basicblock]%140
block:</harden/bcfiles/linux_bcfiles/kbmp.bc>:rotate:[basicblock]%55	block:</harden/bcfiles/linux_bcfiles/kbmp.bc>:rotate:[basicblock]%59
block:</harden/bcfiles/linux_bcfiles/kbmp.bc>:rotate:[basicblock]%55	block:</harden/bcfiles/linux_bcfiles/kbmp.bc>:rotate:[basicblock]%140
block:</harden/bcfiles/linux_bcfiles/kbmp.bc>:rotate:[basicblock]%58	block:</harden/bcfiles/linux_bcfiles/kbmp.bc>:rotate:[basicblock]%140
block:</harden/bcfiles/linux_bcfiles/kbmp.bc>:rotate:[basicblock]%59	block:</harden/bcfiles/linux_bcfiles/kbmp.bc>:rotate:[basicblock]%140
block:</harden/bcfiles/linux_bcfiles/kbmp.bc>:rotate:[basicblock]%62	block:</harden/bcfiles/linux_bcfiles/kbmp.bc>:rotate:[basicblock]%140
block:</harden/bcfiles/linux_bcfiles/kbmp.bc>:rotate:[basicblock]%63	block:</harden/bcfiles/linux_bcfiles/kbmp.bc>:rotate:[basicblock]%140
block:</harden/bcfiles/linux_bcfiles/kbmp.bc>:rotate:[basicblock]%66	block:</harden/bcfiles/linux_bcfiles/kbmp.bc>:rotate:[basicblock]%140
block:</harden/bcfiles/linux_bcfiles/kbmp.bc>:rotate:[basicblock]%67	block:</harden/bcfiles/linux_bcfiles/kbmp.bc>:rotate:[basicblock]%140
block:</harden/bcfiles/linux_bcfiles/kbmp.bc>:rotate:[basicblock]%70	block:</harden/bcfiles/linux_bcfiles/kbmp.bc>:rotate:[basicblock]%140
block:</harden/bcfiles/linux_bcfiles/kbmp.bc>:rotate:[basicblock]%71	block:</harden/bcfiles/linux_bcfiles/kbmp.bc>:rotate:[basicblock]%140
block:</harden/bcfiles/linux_bcfiles/kbmp.bc>:rotate:[basicblock]%74	block:</harden/bcfiles/linux_bcfiles/kbmp.bc>:rotate:[basicblock]%140
block:</harden/bcfiles/linux_bcfiles/kbmp.bc>:rotate:[basicblock]%75	block:</harden/bcfiles/linux_bcfiles/kbmp.bc>:rotate:[basicblock]%140
block:</harden/bcfiles/linux_bcfiles/kbmp.bc>:rotate:[basicblock]%78	block:</harden/bcfiles/linux_bcfiles/kbmp.bc>:rotate:[basicblock]%140
block:</harden/bcfiles/linux_bcfiles/kbmp.bc>:rotate:[basicblock]%79	block:</harden/bcfiles/linux_bcfiles/kbmp.bc>:rotate:[basicblock]%140
block:</harden/bcfiles/linux_bcfiles/kbmp.bc>:rotate:[basicblock]%82	block:</harden/bcfiles/linux_bcfiles/kbmp.bc>:rotate:[basicblock]%140
block:</harden/bcfiles/linux_bcfiles/kbmp.bc>:rotate:[basicblock]%83	block:</harden/bcfiles/linux_bcfiles/kbmp.bc>:rotate:[basicblock]%140
block:</harden/bcfiles/linux_bcfiles/kbmp.bc>:rotate:[basicblock]%86	block:</harden/bcfiles/linux_bcfiles/kbmp.bc>:rotate:[basicblock]%140
block:</harden/bcfiles/linux_bcfiles/kbmp.bc>:rotate:[basicblock]%87	block:</harden/bcfiles/linux_bcfiles/kbmp.bc>:rotate:[basicblock]%140
block:</harden/bcfiles/linux_bcfiles/kbmp.bc>:rotate:[basicblock]%90	block:</harden/bcfiles/linux_bcfiles/kbmp.bc>:rotate:[basicblock]%140
block:</harden/bcfiles/linux_bcfiles/kbmp.bc>:rotate:[basicblock]%91	block:</harden/bcfiles/linux_bcfiles/kbmp.bc>:rotate:[basicblock]%140
block:</harden/bcfiles/linux_bcfiles/kbmp.bc>:rotate:[basicblock]%94	block:</harden/bcfiles/linux_bcfiles/kbmp.bc>:rotate:[basicblock]%140
block:</harden/bcfiles/linux_bcfiles/kbmp.bc>:rotate:[basicblock]%95	block:</harden/bcfiles/linux_bcfiles/kbmp.bc>:rotate:[basicblock]%140
block:</harden/bcfiles/linux_bcfiles/kbmp.bc>:rotate:[basicblock]%98	block:</harden/bcfiles/linux_bcfiles/kbmp.bc>:rotate:[basicblock]%140
block:</harden/bcfiles/linux_bcfiles/kbmp.bc>:rotate:[basicblock]%99	block:</harden/bcfiles/linux_bcfiles/kbmp.bc>:rotate:[basicblock]%140
block:</harden/bcfiles/linux_bcfiles/kbmp.bc>:rotate:[basicblock]%102	block:</harden/bcfiles/linux_bcfiles/kbmp.bc>:rotate:[basicblock]%140
block:</harden/bcfiles/linux_bcfiles/kbmp.bc>:rotate:[basicblock]%103	block:</harden/bcfiles/linux_bcfiles/kbmp.bc>:rotate:[basicblock]%140
block:</harden/bcfiles/linux_bcfiles/kbmp.bc>:rotate:[basicblock]%106	block:</harden/bcfiles/linux_bcfiles/kbmp.bc>:rotate:[basicblock]%140
block:</harden/bcfiles/linux_bcfiles/kbmp.bc>:rotate:[basicblock]%107	block:</harden/bcfiles/linux_bcfiles/kbmp.bc>:rotate:[basicblock]%140
block:</harden/bcfiles/linux_bcfiles/kbmp.bc>:rotate:[basicblock]%110	block:</harden/bcfiles/linux_bcfiles/kbmp.bc>:rotate:[basicblock]%140
block:</harden/bcfiles/linux_bcfiles/kbmp.bc>:rotate:[basicblock]%111	block:</harden/bcfiles/linux_bcfiles/kbmp.bc>:rotate:[basicblock]%140
block:</harden/bcfiles/linux_bcfiles/kbmp.bc>:rotate:[basicblock]%114	block:</harden/bcfiles/linux_bcfiles/kbmp.bc>:rotate:[basicblock]%140
block:</harden/bcfiles/linux_bcfiles/kbmp.bc>:rotate:[basicblock]%115	block:</harden/bcfiles/linux_bcfiles/kbmp.bc>:rotate:[basicblock]%140
block:</harden/bcfiles/linux_bcfiles/kbmp.bc>:rotate:[basicblock]%118	block:</harden/bcfiles/linux_bcfiles/kbmp.bc>:rotate:[basicblock]%140
block:</harden/bcfiles/linux_bcfiles/kbmp.bc>:rotate:[basicblock]%119	block:</harden/bcfiles/linux_bcfiles/kbmp.bc>:rotate:[basicblock]%140
block:</harden/bcfiles/linux_bcfiles/kbmp.bc>:rotate:[basicblock]%122	block:</harden/bcfiles/linux_bcfiles/kbmp.bc>:rotate:[basicblock]%140
block:</harden/bcfiles/linux_bcfiles/kbmp.bc>:rotate:[basicblock]%123	block:</harden/bcfiles/linux_bcfiles/kbmp.bc>:rotate:[basicblock]%140
block:</harden/bcfiles/linux_bcfiles/kbmp.bc>:rotate:[basicblock]%126	block:</harden/bcfiles/linux_bcfiles/kbmp.bc>:rotate:[basicblock]%140
block:</harden/bcfiles/linux_bcfiles/kbmp.bc>:rotate:[basicblock]%127	block:</harden/bcfiles/linux_bcfiles/kbmp.bc>:rotate:[basicblock]%140
block:</harden/bcfiles/linux_bcfiles/kbmp.bc>:rotate:[basicblock]%130	block:</harden/bcfiles/linux_bcfiles/kbmp.bc>:rotate:[basicblock]%140
block:</harden/bcfiles/linux_bcfiles/kbmp.bc>:rotate:[basicblock]%131	block:</harden/bcfiles/linux_bcfiles/kbmp.bc>:rotate:[basicblock]%140
block:</harden/bcfiles/linux_bcfiles/kbmp.bc>:rotate:[basicblock]%134	block:</harden/bcfiles/linux_bcfiles/kbmp.bc>:rotate:[basicblock]%140
block:</harden/bcfiles/linux_bcfiles/kbmp.bc>:rotate:[basicblock]%135	block:</harden/bcfiles/linux_bcfiles/kbmp.bc>:rotate:[basicblock]%140
block:</harden/bcfiles/linux_bcfiles/kbmp.bc>:rotate:[basicblock]%138	block:</harden/bcfiles/linux_bcfiles/kbmp.bc>:rotate:[basicblock]%140
block:</harden/bcfiles/linux_bcfiles/kbmp.bc>:rotate:[basicblock]%140	block:</harden/bcfiles/linux_bcfiles/kbmp.bc>:rotate:[basicblock]%173
block:</harden/bcfiles/linux_bcfiles/kbmp.bc>:rotate:[basicblock]%151	block:</harden/bcfiles/linux_bcfiles/kbmp.bc>:rotate:[basicblock]%158
block:</harden/bcfiles/linux_bcfiles/kbmp.bc>:rotate:[basicblock]%152	block:</harden/bcfiles/linux_bcfiles/kbmp.bc>:rotate:[basicblock]%158
block:</harden/bcfiles/linux_bcfiles/kbmp.bc>:rotate:[basicblock]%156	block:</harden/bcfiles/linux_bcfiles/kbmp.bc>:rotate:[basicblock]%158
block:</harden/bcfiles/linux_bcfiles/kbmp.bc>:rotate:[basicblock]%157	block:</harden/bcfiles/linux_bcfiles/kbmp.bc>:rotate:[basicblock]%158
block:</harden/bcfiles/linux_bcfiles/kbmp.bc>:rotate:[basicblock]%158	block:</harden/bcfiles/linux_bcfiles/kbmp.bc>:rotate:[basicblock]%173
block:</harden/bcfiles/linux_bcfiles/kbmp.bc>:rotate:[basicblock]%169	block:</harden/bcfiles/linux_bcfiles/kbmp.bc>:rotate:[basicblock]%173
block:</harden/bcfiles/linux_bcfiles/kbmp.bc>:rotate:[basicblock]%177	block:</harden/bcfiles/linux_bcfiles/kbmp.bc>:rotate:[basicblock]%201
block:</harden/bcfiles/linux_bcfiles/kbmp.bc>:rotate:[basicblock]%178	block:</harden/bcfiles/linux_bcfiles/kbmp.bc>:rotate:[basicblock]%201
block:</harden/bcfiles/linux_bcfiles/kbmp.bc>:display:[basicblock]%35	block:</harden/bcfiles/linux_bcfiles/kbmp.bc>:display:[basicblock]%156
block:</harden/bcfiles/linux_bcfiles/kbmp.bc>:display:[basicblock]%36	block:</harden/bcfiles/linux_bcfiles/kbmp.bc>:display:[basicblock]%156
block:</harden/bcfiles/linux_bcfiles/kbmp.bc>:display:[basicblock]%37	block:</harden/bcfiles/linux_bcfiles/kbmp.bc>:display:[basicblock]%156
block:</harden/bcfiles/linux_bcfiles/kbmp.bc>:display:[basicblock]%40	block:</harden/bcfiles/linux_bcfiles/kbmp.bc>:display:[basicblock]%156
block:</harden/bcfiles/linux_bcfiles/kbmp.bc>:display:[basicblock]%43	block:</harden/bcfiles/linux_bcfiles/kbmp.bc>:display:[basicblock]%50
block:</harden/bcfiles/linux_bcfiles/kbmp.bc>:display:[basicblock]%43	block:</harden/bcfiles/linux_bcfiles/kbmp.bc>:display:[basicblock]%156
block:</harden/bcfiles/linux_bcfiles/kbmp.bc>:display:[basicblock]%47	block:</harden/bcfiles/linux_bcfiles/kbmp.bc>:display:[basicblock]%50
block:</harden/bcfiles/linux_bcfiles/kbmp.bc>:display:[basicblock]%47	block:</harden/bcfiles/linux_bcfiles/kbmp.bc>:display:[basicblock]%156
block:</harden/bcfiles/linux_bcfiles/kbmp.bc>:display:[basicblock]%50	block:</harden/bcfiles/linux_bcfiles/kbmp.bc>:display:[basicblock]%156
block:</harden/bcfiles/linux_bcfiles/kbmp.bc>:display:[basicblock]%51	block:</harden/bcfiles/linux_bcfiles/kbmp.bc>:display:[basicblock]%156
block:</harden/bcfiles/linux_bcfiles/kbmp.bc>:display:[basicblock]%55	block:</harden/bcfiles/linux_bcfiles/kbmp.bc>:display:[basicblock]%156
block:</harden/bcfiles/linux_bcfiles/kbmp.bc>:display:[basicblock]%57	block:</harden/bcfiles/linux_bcfiles/kbmp.bc>:display:[basicblock]%156
block:</harden/bcfiles/linux_bcfiles/kbmp.bc>:display:[basicblock]%66	block:</harden/bcfiles/linux_bcfiles/kbmp.bc>:display:[basicblock]%156
block:</harden/bcfiles/linux_bcfiles/kbmp.bc>:display:[basicblock]%68	block:</harden/bcfiles/linux_bcfiles/kbmp.bc>:display:[basicblock]%156
block:</harden/bcfiles/linux_bcfiles/kbmp.bc>:display:[basicblock]%82	block:</harden/bcfiles/linux_bcfiles/kbmp.bc>:display:[basicblock]%87
block:</harden/bcfiles/linux_bcfiles/kbmp.bc>:display:[basicblock]%87	block:</harden/bcfiles/linux_bcfiles/kbmp.bc>:display:[basicblock]%156
block:</harden/bcfiles/linux_bcfiles/kbmp.bc>:display:[basicblock]%92	block:</harden/bcfiles/linux_bcfiles/kbmp.bc>:display:[basicblock]%131
block:</harden/bcfiles/linux_bcfiles/kbmp.bc>:display:[basicblock]%95	block:</harden/bcfiles/linux_bcfiles/kbmp.bc>:display:[basicblock]%104
block:</harden/bcfiles/linux_bcfiles/kbmp.bc>:display:[basicblock]%98	block:</harden/bcfiles/linux_bcfiles/kbmp.bc>:display:[basicblock]%104
block:</harden/bcfiles/linux_bcfiles/kbmp.bc>:display:[basicblock]%101	block:</harden/bcfiles/linux_bcfiles/kbmp.bc>:display:[basicblock]%103
block:</harden/bcfiles/linux_bcfiles/kbmp.bc>:display:[basicblock]%102	block:</harden/bcfiles/linux_bcfiles/kbmp.bc>:display:[basicblock]%103
block:</harden/bcfiles/linux_bcfiles/kbmp.bc>:display:[basicblock]%103	block:</harden/bcfiles/linux_bcfiles/kbmp.bc>:display:[basicblock]%104
block:</harden/bcfiles/linux_bcfiles/kbmp.bc>:display:[basicblock]%104	block:</harden/bcfiles/linux_bcfiles/kbmp.bc>:display:[basicblock]%131
block:</harden/bcfiles/linux_bcfiles/kbmp.bc>:display:[basicblock]%105	block:</harden/bcfiles/linux_bcfiles/kbmp.bc>:display:[basicblock]%131
block:</harden/bcfiles/linux_bcfiles/kbmp.bc>:display:[basicblock]%115	block:</harden/bcfiles/linux_bcfiles/kbmp.bc>:display:[basicblock]%117
block:</harden/bcfiles/linux_bcfiles/kbmp.bc>:display:[basicblock]%117	block:</harden/bcfiles/linux_bcfiles/kbmp.bc>:display:[basicblock]%131
block:</harden/bcfiles/linux_bcfiles/kbmp.bc>:display:[basicblock]%125	block:</harden/bcfiles/linux_bcfiles/kbmp.bc>:display:[basicblock]%131
block:</harden/bcfiles/linux_bcfiles/kbmp.bc>:display:[basicblock]%126	block:</harden/bcfiles/linux_bcfiles/kbmp.bc>:display:[basicblock]%131
block:</harden/bcfiles/linux_bcfiles/kbmp.bc>:display:[basicblock]%131	block:</harden/bcfiles/linux_bcfiles/kbmp.bc>:display:[basicblock]%156
block:</harden/bcfiles/linux_bcfiles/kbmp.bc>:display:[basicblock]%133	block:</harden/bcfiles/linux_bcfiles/kbmp.bc>:display:[basicblock]%138
block:</harden/bcfiles/linux_bcfiles/kbmp.bc>:display:[basicblock]%138	block:</harden/bcfiles/linux_bcfiles/kbmp.bc>:display:[basicblock]%156
block:</harden/bcfiles/linux_bcfiles/kbmp.bc>:display:[basicblock]%143	block:</harden/bcfiles/linux_bcfiles/kbmp.bc>:display:[basicblock]%156
block:</harden/bcfiles/linux_bcfiles/kbmp.bc>:display:[basicblock]%144	block:</harden/bcfiles/linux_bcfiles/kbmp.bc>:display:[basicblock]%156
block:</harden/bcfiles/linux_bcfiles/kbmp.bc>:display:[basicblock]%145	block:</harden/bcfiles/linux_bcfiles/kbmp.bc>:display:[basicblock]%156
block:</harden/bcfiles/linux_bcfiles/kbmp.bc>:display:[basicblock]%150	block:</harden/bcfiles/linux_bcfiles/kbmp.bc>:display:[basicblock]%156
block:</harden/bcfiles/linux_bcfiles/kbmp.bc>:kbmp_init:[basicblock]%12	block:</harden/bcfiles/linux_bcfiles/kbmp.bc>:kbmp_init:[basicblock]%29
block:</harden/bcfiles/linux_bcfiles/kbmp.bc>:kbmp_init:[basicblock]%13	block:</harden/bcfiles/linux_bcfiles/kbmp.bc>:kbmp_init:[basicblock]%29
block:</harden/bcfiles/linux_bcfiles/kbmp.bc>:kbmp_init:[basicblock]%14	block:</harden/bcfiles/linux_bcfiles/kbmp.bc>:kbmp_init:[basicblock]%29
block:</harden/bcfiles/linux_bcfiles/kbmp.bc>:kbmp_init:[basicblock]%17	block:</harden/bcfiles/linux_bcfiles/kbmp.bc>:kbmp_init:[basicblock]%29
block:</harden/bcfiles/linux_bcfiles/kbmp.bc>:kbmp_init:[basicblock]%22	block:</harden/bcfiles/linux_bcfiles/kbmp.bc>:kbmp_init:[basicblock]%29
block:</harden/bcfiles/linux_bcfiles/kbmp.bc>:kbmp_init:[basicblock]%23	block:</harden/bcfiles/linux_bcfiles/kbmp.bc>:kbmp_init:[basicblock]%29
block:</harden/bcfiles/linux_bcfiles/kbmp.bc>:kbmp_init:[basicblock]%24	block:</harden/bcfiles/linux_bcfiles/kbmp.bc>:kbmp_init:[basicblock]%29
block:</harden/bcfiles/linux_bcfiles/kbmp.bc>:kbmp_init:[basicblock]%27	block:</harden/bcfiles/linux_bcfiles/kbmp.bc>:kbmp_init:[basicblock]%29
