</harden/bcfiles/linux_bcfiles/kbmp.bc>:get_message_from_buffer	</harden/bcfiles/linux_bcfiles/kbmp.bc>:get_message_from_buffer:0
</harden/bcfiles/linux_bcfiles/kbmp.bc>:message_write	</harden/bcfiles/linux_bcfiles/kbmp.bc>:message_write:0
</harden/bcfiles/linux_bcfiles/kbmp.bc>:might_fault	</harden/bcfiles/linux_bcfiles/kbmp.bc>:might_fault:0
</harden/bcfiles/linux_bcfiles/kbmp.bc>:kmsan_unpoison_memory	</harden/bcfiles/linux_bcfiles/kbmp.bc>:kmsan_unpoison_memory:0
</harden/bcfiles/linux_bcfiles/kbmp.bc>:message_read	</harden/bcfiles/linux_bcfiles/kbmp.bc>:message_read:0
</harden/bcfiles/linux_bcfiles/kbmp.bc>:rotate	</harden/bcfiles/linux_bcfiles/kbmp.bc>:rotate:0
</harden/bcfiles/linux_bcfiles/kbmp.bc>:display	</harden/bcfiles/linux_bcfiles/kbmp.bc>:display:0
</harden/bcfiles/linux_bcfiles/kbmp.bc>:kbmp_init	</harden/bcfiles/linux_bcfiles/kbmp.bc>:kbmp_init:0
</harden/bcfiles/linux_bcfiles/kbmp.bc>:kbmp_exit	</harden/bcfiles/linux_bcfiles/kbmp.bc>:kbmp_exit:0
</harden/bcfiles/linux_bcfiles/kbmp.bc>:copy_overflow	</harden/bcfiles/linux_bcfiles/kbmp.bc>:copy_overflow:0
</harden/bcfiles/linux_bcfiles/kbmp.bc>:check_object_size	</harden/bcfiles/linux_bcfiles/kbmp.bc>:check_object_size:0
