block:</harden/bcfiles/linux_bcfiles/kbmp.bc>:get_message_from_buffer:[basicblock]%179	</harden/bcfiles/linux_bcfiles/kbmp.bc>:get_message_from_buffer
block:</harden/bcfiles/linux_bcfiles/kbmp.bc>:message_write:[basicblock]%191	</harden/bcfiles/linux_bcfiles/kbmp.bc>:message_write
block:</harden/bcfiles/linux_bcfiles/kbmp.bc>:might_fault:[basicblock]%0	</harden/bcfiles/linux_bcfiles/kbmp.bc>:might_fault
block:</harden/bcfiles/linux_bcfiles/kbmp.bc>:kmsan_unpoison_memory:[basicblock]%2	</harden/bcfiles/linux_bcfiles/kbmp.bc>:kmsan_unpoison_memory
block:</harden/bcfiles/linux_bcfiles/kbmp.bc>:message_read:[basicblock]%144	</harden/bcfiles/linux_bcfiles/kbmp.bc>:message_read
block:</harden/bcfiles/linux_bcfiles/kbmp.bc>:rotate:[basicblock]%201	</harden/bcfiles/linux_bcfiles/kbmp.bc>:rotate
block:</harden/bcfiles/linux_bcfiles/kbmp.bc>:display:[basicblock]%156	</harden/bcfiles/linux_bcfiles/kbmp.bc>:display
block:</harden/bcfiles/linux_bcfiles/kbmp.bc>:kbmp_init:[basicblock]%29	</harden/bcfiles/linux_bcfiles/kbmp.bc>:kbmp_init
block:</harden/bcfiles/linux_bcfiles/kbmp.bc>:kbmp_exit:[basicblock]%0	</harden/bcfiles/linux_bcfiles/kbmp.bc>:kbmp_exit
block:</harden/bcfiles/linux_bcfiles/kbmp.bc>:copy_overflow:[basicblock]%2	</harden/bcfiles/linux_bcfiles/kbmp.bc>:copy_overflow
block:</harden/bcfiles/linux_bcfiles/kbmp.bc>:check_object_size:[basicblock]%3	</harden/bcfiles/linux_bcfiles/kbmp.bc>:check_object_size
