</harden/bcfiles/linux_bcfiles/kbmp.bc>:get_message_from_buffer	</harden/bcfiles/linux_bcfiles/kbmp.bc>:get_message_from_buffer:%180
</harden/bcfiles/linux_bcfiles/kbmp.bc>:message_write	</harden/bcfiles/linux_bcfiles/kbmp.bc>:message_write:%192
</harden/bcfiles/linux_bcfiles/kbmp.bc>:message_write	</harden/bcfiles/linux_bcfiles/kbmp.bc>:message_write:%3
</harden/bcfiles/linux_bcfiles/kbmp.bc>:message_write	</harden/bcfiles/linux_bcfiles/kbmp.bc>:message_write:%2
</harden/bcfiles/linux_bcfiles/kbmp.bc>:message_write	</harden/bcfiles/linux_bcfiles/kbmp.bc>:message_write:%1
</harden/bcfiles/linux_bcfiles/kbmp.bc>:message_write	</harden/bcfiles/linux_bcfiles/kbmp.bc>:message_write:%0
</harden/bcfiles/linux_bcfiles/kbmp.bc>:kmsan_unpoison_memory	</harden/bcfiles/linux_bcfiles/kbmp.bc>:kmsan_unpoison_memory:%1
</harden/bcfiles/linux_bcfiles/kbmp.bc>:kmsan_unpoison_memory	</harden/bcfiles/linux_bcfiles/kbmp.bc>:kmsan_unpoison_memory:%0
</harden/bcfiles/linux_bcfiles/kbmp.bc>:message_read	</harden/bcfiles/linux_bcfiles/kbmp.bc>:message_read:%145
</harden/bcfiles/linux_bcfiles/kbmp.bc>:message_read	</harden/bcfiles/linux_bcfiles/kbmp.bc>:message_read:%3
</harden/bcfiles/linux_bcfiles/kbmp.bc>:message_read	</harden/bcfiles/linux_bcfiles/kbmp.bc>:message_read:%2
</harden/bcfiles/linux_bcfiles/kbmp.bc>:message_read	</harden/bcfiles/linux_bcfiles/kbmp.bc>:message_read:%1
</harden/bcfiles/linux_bcfiles/kbmp.bc>:message_read	</harden/bcfiles/linux_bcfiles/kbmp.bc>:message_read:%0
</harden/bcfiles/linux_bcfiles/kbmp.bc>:rotate	</harden/bcfiles/linux_bcfiles/kbmp.bc>:rotate:%202
</harden/bcfiles/linux_bcfiles/kbmp.bc>:rotate	</harden/bcfiles/linux_bcfiles/kbmp.bc>:rotate:%1
</harden/bcfiles/linux_bcfiles/kbmp.bc>:rotate	</harden/bcfiles/linux_bcfiles/kbmp.bc>:rotate:%0
</harden/bcfiles/linux_bcfiles/kbmp.bc>:display	</harden/bcfiles/linux_bcfiles/kbmp.bc>:display:%157
</harden/bcfiles/linux_bcfiles/kbmp.bc>:display	</harden/bcfiles/linux_bcfiles/kbmp.bc>:display:%3
</harden/bcfiles/linux_bcfiles/kbmp.bc>:display	</harden/bcfiles/linux_bcfiles/kbmp.bc>:display:%2
</harden/bcfiles/linux_bcfiles/kbmp.bc>:display	</harden/bcfiles/linux_bcfiles/kbmp.bc>:display:%1
</harden/bcfiles/linux_bcfiles/kbmp.bc>:display	</harden/bcfiles/linux_bcfiles/kbmp.bc>:display:%0
</harden/bcfiles/linux_bcfiles/kbmp.bc>:kbmp_init	</harden/bcfiles/linux_bcfiles/kbmp.bc>:kbmp_init:%30
</harden/bcfiles/linux_bcfiles/kbmp.bc>:copy_overflow	</harden/bcfiles/linux_bcfiles/kbmp.bc>:copy_overflow:%1
</harden/bcfiles/linux_bcfiles/kbmp.bc>:copy_overflow	</harden/bcfiles/linux_bcfiles/kbmp.bc>:copy_overflow:%0
</harden/bcfiles/linux_bcfiles/kbmp.bc>:check_object_size	</harden/bcfiles/linux_bcfiles/kbmp.bc>:check_object_size:%2
</harden/bcfiles/linux_bcfiles/kbmp.bc>:check_object_size	</harden/bcfiles/linux_bcfiles/kbmp.bc>:check_object_size:%1
</harden/bcfiles/linux_bcfiles/kbmp.bc>:check_object_size	</harden/bcfiles/linux_bcfiles/kbmp.bc>:check_object_size:%0
