</harden/bcfiles/linux_bcfiles/kbmp.bc>:1:getelementptr inbounds ([1024 x i8], [1024 x i8]* @message_buffer, i32 0, i32 0)	</harden/bcfiles/linux_bcfiles/kbmp.bc>:2:@message_buffer
</harden/bcfiles/linux_bcfiles/kbmp.bc>:58:getelementptr inbounds ([12 x i8], [12 x i8]* @__UNIQUE_ID_license228, i32 0, i32 0)	</harden/bcfiles/linux_bcfiles/kbmp.bc>:59:@__UNIQUE_ID_license228
</harden/bcfiles/linux_bcfiles/kbmp.bc>:62:getelementptr inbounds ([20 x i8], [20 x i8]* @__UNIQUE_ID_author229, i32 0, i32 0)	</harden/bcfiles/linux_bcfiles/kbmp.bc>:63:@__UNIQUE_ID_author229
</harden/bcfiles/linux_bcfiles/kbmp.bc>:66:getelementptr inbounds ([34 x i8], [34 x i8]* @__UNIQUE_ID_description230, i32 0, i32 0)	</harden/bcfiles/linux_bcfiles/kbmp.bc>:67:@__UNIQUE_ID_description230
</harden/bcfiles/linux_bcfiles/kbmp.bc>:get_message_from_buffer:14:1:getelementptr inbounds ([1024 x i8], [1024 x i8]* @message_buffer, i64 0, i64 0)	</harden/bcfiles/linux_bcfiles/kbmp.bc>:get_message_from_buffer:14:2:@message_buffer
</harden/bcfiles/linux_bcfiles/kbmp.bc>:get_message_from_buffer:169:0:getelementptr inbounds ([23 x i8], [23 x i8]* @.str.6, i64 0, i64 0)	</harden/bcfiles/linux_bcfiles/kbmp.bc>:get_message_from_buffer:169:1:@.str.6
</harden/bcfiles/linux_bcfiles/kbmp.bc>:get_message_from_buffer:223:1:getelementptr inbounds ([1024 x i8], [1024 x i8]* @message_buffer, i64 0, i64 0)	</harden/bcfiles/linux_bcfiles/kbmp.bc>:get_message_from_buffer:223:2:@message_buffer
</harden/bcfiles/linux_bcfiles/kbmp.bc>:message_write:44:1:getelementptr inbounds ([11 x i8], [11 x i8]* @.str, i64 0, i64 0)	</harden/bcfiles/linux_bcfiles/kbmp.bc>:message_write:44:2:@.str
</harden/bcfiles/linux_bcfiles/kbmp.bc>:message_write:49:1:getelementptr inbounds ([22 x i8], [22 x i8]* @.str.1, i64 0, i64 0)	</harden/bcfiles/linux_bcfiles/kbmp.bc>:message_write:49:2:@.str.1
</harden/bcfiles/linux_bcfiles/kbmp.bc>:message_write:59:1:getelementptr inbounds ([35 x i8], [35 x i8]* @.str.2, i64 0, i64 0)	</harden/bcfiles/linux_bcfiles/kbmp.bc>:message_write:59:2:@.str.2
</harden/bcfiles/linux_bcfiles/kbmp.bc>:message_write:134:0:getelementptr inbounds ([1024 x i8], [1024 x i8]* @message_buffer, i64 0, i64 0)	</harden/bcfiles/linux_bcfiles/kbmp.bc>:message_write:134:1:@message_buffer
</harden/bcfiles/linux_bcfiles/kbmp.bc>:message_write:198:0:getelementptr inbounds ([30 x i8], [30 x i8]* @.str.7, i64 0, i64 0)	</harden/bcfiles/linux_bcfiles/kbmp.bc>:message_write:198:1:@.str.7
</harden/bcfiles/linux_bcfiles/kbmp.bc>:message_write:235:1:getelementptr inbounds ([44 x i8], [44 x i8]* @.str.3, i64 0, i64 0)	</harden/bcfiles/linux_bcfiles/kbmp.bc>:message_write:235:2:@.str.3
</harden/bcfiles/linux_bcfiles/kbmp.bc>:message_write:238:1:getelementptr inbounds ([1024 x i8], [1024 x i8]* @message_buffer, i64 0, i64 0)	</harden/bcfiles/linux_bcfiles/kbmp.bc>:message_write:238:2:@message_buffer
</harden/bcfiles/linux_bcfiles/kbmp.bc>:message_write:248:1:getelementptr inbounds ([1024 x i8], [1024 x i8]* @message_buffer, i64 0, i64 1023)	</harden/bcfiles/linux_bcfiles/kbmp.bc>:message_write:248:2:@message_buffer
</harden/bcfiles/linux_bcfiles/kbmp.bc>:message_read:35:1:getelementptr inbounds ([11 x i8], [11 x i8]* @.str, i64 0, i64 0)	</harden/bcfiles/linux_bcfiles/kbmp.bc>:message_read:35:2:@.str
</harden/bcfiles/linux_bcfiles/kbmp.bc>:message_read:40:1:getelementptr inbounds ([21 x i8], [21 x i8]* @.str.4, i64 0, i64 0)	</harden/bcfiles/linux_bcfiles/kbmp.bc>:message_read:40:2:@.str.4
</harden/bcfiles/linux_bcfiles/kbmp.bc>:message_read:63:1:getelementptr inbounds ([1024 x i8], [1024 x i8]* @message_buffer, i64 0, i64 0)	</harden/bcfiles/linux_bcfiles/kbmp.bc>:message_read:63:2:@message_buffer
</harden/bcfiles/linux_bcfiles/kbmp.bc>:message_read:77:0:getelementptr inbounds ([1024 x i8], [1024 x i8]* @message_buffer, i64 0, i64 0)	</harden/bcfiles/linux_bcfiles/kbmp.bc>:message_read:77:1:@message_buffer
</harden/bcfiles/linux_bcfiles/kbmp.bc>:message_read:139:0:getelementptr inbounds ([30 x i8], [30 x i8]* @.str.7, i64 0, i64 0)	</harden/bcfiles/linux_bcfiles/kbmp.bc>:message_read:139:1:@.str.7
</harden/bcfiles/linux_bcfiles/kbmp.bc>:message_read:176:1:getelementptr inbounds ([44 x i8], [44 x i8]* @.str.3, i64 0, i64 0)	</harden/bcfiles/linux_bcfiles/kbmp.bc>:message_read:176:2:@.str.3
</harden/bcfiles/linux_bcfiles/kbmp.bc>:rotate:178:0:getelementptr inbounds ([23 x i8], [23 x i8]* @.str.6, i64 0, i64 0)	</harden/bcfiles/linux_bcfiles/kbmp.bc>:rotate:178:1:@.str.6
</harden/bcfiles/linux_bcfiles/kbmp.bc>:display:36:1:getelementptr inbounds ([8 x i8], [8 x i8]* @.str.5, i64 0, i64 0)	</harden/bcfiles/linux_bcfiles/kbmp.bc>:display:36:2:@.str.5
</harden/bcfiles/linux_bcfiles/kbmp.bc>:display:41:1:getelementptr inbounds ([21 x i8], [21 x i8]* @.str.4, i64 0, i64 0)	</harden/bcfiles/linux_bcfiles/kbmp.bc>:display:41:2:@.str.4
</harden/bcfiles/linux_bcfiles/kbmp.bc>:display:155:0:getelementptr inbounds ([30 x i8], [30 x i8]* @.str.7, i64 0, i64 0)	</harden/bcfiles/linux_bcfiles/kbmp.bc>:display:155:1:@.str.7
</harden/bcfiles/linux_bcfiles/kbmp.bc>:display:194:1:getelementptr inbounds ([44 x i8], [44 x i8]* @.str.3, i64 0, i64 0)	</harden/bcfiles/linux_bcfiles/kbmp.bc>:display:194:2:@.str.3
</harden/bcfiles/linux_bcfiles/kbmp.bc>:kbmp_init:8:1:getelementptr inbounds ([1024 x i8], [1024 x i8]* @message_buffer, i64 0, i64 0)	</harden/bcfiles/linux_bcfiles/kbmp.bc>:kbmp_init:8:2:@message_buffer
</harden/bcfiles/linux_bcfiles/kbmp.bc>:kbmp_init:9:1:getelementptr inbounds ([11 x i8], [11 x i8]* @.str, i64 0, i64 0)	</harden/bcfiles/linux_bcfiles/kbmp.bc>:kbmp_init:9:2:@.str
</harden/bcfiles/linux_bcfiles/kbmp.bc>:kbmp_init:16:1:getelementptr inbounds ([37 x i8], [37 x i8]* @.str.8, i64 0, i64 0)	</harden/bcfiles/linux_bcfiles/kbmp.bc>:kbmp_init:16:2:@.str.8
</harden/bcfiles/linux_bcfiles/kbmp.bc>:kbmp_init:23:1:getelementptr inbounds ([8 x i8], [8 x i8]* @.str.5, i64 0, i64 0)	</harden/bcfiles/linux_bcfiles/kbmp.bc>:kbmp_init:23:2:@.str.5
</harden/bcfiles/linux_bcfiles/kbmp.bc>:kbmp_init:30:1:getelementptr inbounds ([45 x i8], [45 x i8]* @.str.9, i64 0, i64 0)	</harden/bcfiles/linux_bcfiles/kbmp.bc>:kbmp_init:30:2:@.str.9
