</harden/bcfiles/linux_bcfiles/kbmp.bc>:get_message_from_buffer:14:1:getelementptr inbounds ([1024 x i8], [1024 x i8]* @message_buffer, i64 0, i64 0)	0	</harden/bcfiles/linux_bcfiles/kbmp.bc>:get_message_from_buffer:14:3:0
</harden/bcfiles/linux_bcfiles/kbmp.bc>:get_message_from_buffer:169:0:getelementptr inbounds ([23 x i8], [23 x i8]* @.str.6, i64 0, i64 0)	0	</harden/bcfiles/linux_bcfiles/kbmp.bc>:get_message_from_buffer:169:2:0
</harden/bcfiles/linux_bcfiles/kbmp.bc>:get_message_from_buffer:223:1:getelementptr inbounds ([1024 x i8], [1024 x i8]* @message_buffer, i64 0, i64 0)	0	</harden/bcfiles/linux_bcfiles/kbmp.bc>:get_message_from_buffer:223:3:0
</harden/bcfiles/linux_bcfiles/kbmp.bc>:message_write:44:1:getelementptr inbounds ([11 x i8], [11 x i8]* @.str, i64 0, i64 0)	0	</harden/bcfiles/linux_bcfiles/kbmp.bc>:message_write:44:3:0
</harden/bcfiles/linux_bcfiles/kbmp.bc>:message_write:49:1:getelementptr inbounds ([22 x i8], [22 x i8]* @.str.1, i64 0, i64 0)	0	</harden/bcfiles/linux_bcfiles/kbmp.bc>:message_write:49:3:0
</harden/bcfiles/linux_bcfiles/kbmp.bc>:message_write:59:1:getelementptr inbounds ([35 x i8], [35 x i8]* @.str.2, i64 0, i64 0)	0	</harden/bcfiles/linux_bcfiles/kbmp.bc>:message_write:59:3:0
</harden/bcfiles/linux_bcfiles/kbmp.bc>:message_write:198:0:getelementptr inbounds ([30 x i8], [30 x i8]* @.str.7, i64 0, i64 0)	0	</harden/bcfiles/linux_bcfiles/kbmp.bc>:message_write:198:2:0
</harden/bcfiles/linux_bcfiles/kbmp.bc>:message_write:235:1:getelementptr inbounds ([44 x i8], [44 x i8]* @.str.3, i64 0, i64 0)	0	</harden/bcfiles/linux_bcfiles/kbmp.bc>:message_write:235:3:0
</harden/bcfiles/linux_bcfiles/kbmp.bc>:message_write:238:1:getelementptr inbounds ([1024 x i8], [1024 x i8]* @message_buffer, i64 0, i64 0)	0	</harden/bcfiles/linux_bcfiles/kbmp.bc>:message_write:238:3:0
</harden/bcfiles/linux_bcfiles/kbmp.bc>:message_read:35:1:getelementptr inbounds ([11 x i8], [11 x i8]* @.str, i64 0, i64 0)	0	</harden/bcfiles/linux_bcfiles/kbmp.bc>:message_read:35:3:0
</harden/bcfiles/linux_bcfiles/kbmp.bc>:message_read:40:1:getelementptr inbounds ([21 x i8], [21 x i8]* @.str.4, i64 0, i64 0)	0	</harden/bcfiles/linux_bcfiles/kbmp.bc>:message_read:40:3:0
</harden/bcfiles/linux_bcfiles/kbmp.bc>:message_read:63:1:getelementptr inbounds ([1024 x i8], [1024 x i8]* @message_buffer, i64 0, i64 0)	0	</harden/bcfiles/linux_bcfiles/kbmp.bc>:message_read:63:3:0
</harden/bcfiles/linux_bcfiles/kbmp.bc>:message_read:139:0:getelementptr inbounds ([30 x i8], [30 x i8]* @.str.7, i64 0, i64 0)	0	</harden/bcfiles/linux_bcfiles/kbmp.bc>:message_read:139:2:0
</harden/bcfiles/linux_bcfiles/kbmp.bc>:message_read:176:1:getelementptr inbounds ([44 x i8], [44 x i8]* @.str.3, i64 0, i64 0)	0	</harden/bcfiles/linux_bcfiles/kbmp.bc>:message_read:176:3:0
</harden/bcfiles/linux_bcfiles/kbmp.bc>:rotate:178:0:getelementptr inbounds ([23 x i8], [23 x i8]* @.str.6, i64 0, i64 0)	0	</harden/bcfiles/linux_bcfiles/kbmp.bc>:rotate:178:2:0
</harden/bcfiles/linux_bcfiles/kbmp.bc>:display:36:1:getelementptr inbounds ([8 x i8], [8 x i8]* @.str.5, i64 0, i64 0)	0	</harden/bcfiles/linux_bcfiles/kbmp.bc>:display:36:3:0
</harden/bcfiles/linux_bcfiles/kbmp.bc>:display:41:1:getelementptr inbounds ([21 x i8], [21 x i8]* @.str.4, i64 0, i64 0)	0	</harden/bcfiles/linux_bcfiles/kbmp.bc>:display:41:3:0
</harden/bcfiles/linux_bcfiles/kbmp.bc>:display:155:0:getelementptr inbounds ([30 x i8], [30 x i8]* @.str.7, i64 0, i64 0)	0	</harden/bcfiles/linux_bcfiles/kbmp.bc>:display:155:2:0
</harden/bcfiles/linux_bcfiles/kbmp.bc>:display:194:1:getelementptr inbounds ([44 x i8], [44 x i8]* @.str.3, i64 0, i64 0)	0	</harden/bcfiles/linux_bcfiles/kbmp.bc>:display:194:3:0
</harden/bcfiles/linux_bcfiles/kbmp.bc>:kbmp_init:8:1:getelementptr inbounds ([1024 x i8], [1024 x i8]* @message_buffer, i64 0, i64 0)	0	</harden/bcfiles/linux_bcfiles/kbmp.bc>:kbmp_init:8:3:0
</harden/bcfiles/linux_bcfiles/kbmp.bc>:kbmp_init:9:1:getelementptr inbounds ([11 x i8], [11 x i8]* @.str, i64 0, i64 0)	0	</harden/bcfiles/linux_bcfiles/kbmp.bc>:kbmp_init:9:3:0
</harden/bcfiles/linux_bcfiles/kbmp.bc>:kbmp_init:16:1:getelementptr inbounds ([37 x i8], [37 x i8]* @.str.8, i64 0, i64 0)	0	</harden/bcfiles/linux_bcfiles/kbmp.bc>:kbmp_init:16:3:0
</harden/bcfiles/linux_bcfiles/kbmp.bc>:kbmp_init:23:1:getelementptr inbounds ([8 x i8], [8 x i8]* @.str.5, i64 0, i64 0)	0	</harden/bcfiles/linux_bcfiles/kbmp.bc>:kbmp_init:23:3:0
</harden/bcfiles/linux_bcfiles/kbmp.bc>:kbmp_init:30:1:getelementptr inbounds ([45 x i8], [45 x i8]* @.str.9, i64 0, i64 0)	0	</harden/bcfiles/linux_bcfiles/kbmp.bc>:kbmp_init:30:3:0
</harden/bcfiles/linux_bcfiles/kbmp.bc>:1:getelementptr inbounds ([1024 x i8], [1024 x i8]* @message_buffer, i32 0, i32 0)	0	</harden/bcfiles/linux_bcfiles/kbmp.bc>:3:0
</harden/bcfiles/linux_bcfiles/kbmp.bc>:58:getelementptr inbounds ([12 x i8], [12 x i8]* @__UNIQUE_ID_license228, i32 0, i32 0)	0	</harden/bcfiles/linux_bcfiles/kbmp.bc>:60:0
</harden/bcfiles/linux_bcfiles/kbmp.bc>:62:getelementptr inbounds ([20 x i8], [20 x i8]* @__UNIQUE_ID_author229, i32 0, i32 0)	0	</harden/bcfiles/linux_bcfiles/kbmp.bc>:64:0
</harden/bcfiles/linux_bcfiles/kbmp.bc>:66:getelementptr inbounds ([34 x i8], [34 x i8]* @__UNIQUE_ID_description230, i32 0, i32 0)	0	</harden/bcfiles/linux_bcfiles/kbmp.bc>:68:0
</harden/bcfiles/linux_bcfiles/kbmp.bc>:message_write:134:0:getelementptr inbounds ([1024 x i8], [1024 x i8]* @message_buffer, i64 0, i64 0)	0	</harden/bcfiles/linux_bcfiles/kbmp.bc>:message_write:134:2:0
</harden/bcfiles/linux_bcfiles/kbmp.bc>:message_write:248:1:getelementptr inbounds ([1024 x i8], [1024 x i8]* @message_buffer, i64 0, i64 1023)	0	</harden/bcfiles/linux_bcfiles/kbmp.bc>:message_write:248:3:0
</harden/bcfiles/linux_bcfiles/kbmp.bc>:message_read:77:0:getelementptr inbounds ([1024 x i8], [1024 x i8]* @message_buffer, i64 0, i64 0)	0	</harden/bcfiles/linux_bcfiles/kbmp.bc>:message_read:77:2:0
</harden/bcfiles/linux_bcfiles/kbmp.bc>:get_message_from_buffer:14:1:getelementptr inbounds ([1024 x i8], [1024 x i8]* @message_buffer, i64 0, i64 0)	1	</harden/bcfiles/linux_bcfiles/kbmp.bc>:get_message_from_buffer:14:4:0
</harden/bcfiles/linux_bcfiles/kbmp.bc>:get_message_from_buffer:169:0:getelementptr inbounds ([23 x i8], [23 x i8]* @.str.6, i64 0, i64 0)	1	</harden/bcfiles/linux_bcfiles/kbmp.bc>:get_message_from_buffer:169:3:0
</harden/bcfiles/linux_bcfiles/kbmp.bc>:get_message_from_buffer:223:1:getelementptr inbounds ([1024 x i8], [1024 x i8]* @message_buffer, i64 0, i64 0)	1	</harden/bcfiles/linux_bcfiles/kbmp.bc>:get_message_from_buffer:223:4:0
</harden/bcfiles/linux_bcfiles/kbmp.bc>:message_write:44:1:getelementptr inbounds ([11 x i8], [11 x i8]* @.str, i64 0, i64 0)	1	</harden/bcfiles/linux_bcfiles/kbmp.bc>:message_write:44:4:0
</harden/bcfiles/linux_bcfiles/kbmp.bc>:message_write:49:1:getelementptr inbounds ([22 x i8], [22 x i8]* @.str.1, i64 0, i64 0)	1	</harden/bcfiles/linux_bcfiles/kbmp.bc>:message_write:49:4:0
</harden/bcfiles/linux_bcfiles/kbmp.bc>:message_write:59:1:getelementptr inbounds ([35 x i8], [35 x i8]* @.str.2, i64 0, i64 0)	1	</harden/bcfiles/linux_bcfiles/kbmp.bc>:message_write:59:4:0
</harden/bcfiles/linux_bcfiles/kbmp.bc>:message_write:198:0:getelementptr inbounds ([30 x i8], [30 x i8]* @.str.7, i64 0, i64 0)	1	</harden/bcfiles/linux_bcfiles/kbmp.bc>:message_write:198:3:0
</harden/bcfiles/linux_bcfiles/kbmp.bc>:message_write:235:1:getelementptr inbounds ([44 x i8], [44 x i8]* @.str.3, i64 0, i64 0)	1	</harden/bcfiles/linux_bcfiles/kbmp.bc>:message_write:235:4:0
</harden/bcfiles/linux_bcfiles/kbmp.bc>:message_write:238:1:getelementptr inbounds ([1024 x i8], [1024 x i8]* @message_buffer, i64 0, i64 0)	1	</harden/bcfiles/linux_bcfiles/kbmp.bc>:message_write:238:4:0
</harden/bcfiles/linux_bcfiles/kbmp.bc>:message_read:35:1:getelementptr inbounds ([11 x i8], [11 x i8]* @.str, i64 0, i64 0)	1	</harden/bcfiles/linux_bcfiles/kbmp.bc>:message_read:35:4:0
</harden/bcfiles/linux_bcfiles/kbmp.bc>:message_read:40:1:getelementptr inbounds ([21 x i8], [21 x i8]* @.str.4, i64 0, i64 0)	1	</harden/bcfiles/linux_bcfiles/kbmp.bc>:message_read:40:4:0
</harden/bcfiles/linux_bcfiles/kbmp.bc>:message_read:63:1:getelementptr inbounds ([1024 x i8], [1024 x i8]* @message_buffer, i64 0, i64 0)	1	</harden/bcfiles/linux_bcfiles/kbmp.bc>:message_read:63:4:0
</harden/bcfiles/linux_bcfiles/kbmp.bc>:message_read:139:0:getelementptr inbounds ([30 x i8], [30 x i8]* @.str.7, i64 0, i64 0)	1	</harden/bcfiles/linux_bcfiles/kbmp.bc>:message_read:139:3:0
</harden/bcfiles/linux_bcfiles/kbmp.bc>:message_read:176:1:getelementptr inbounds ([44 x i8], [44 x i8]* @.str.3, i64 0, i64 0)	1	</harden/bcfiles/linux_bcfiles/kbmp.bc>:message_read:176:4:0
</harden/bcfiles/linux_bcfiles/kbmp.bc>:rotate:178:0:getelementptr inbounds ([23 x i8], [23 x i8]* @.str.6, i64 0, i64 0)	1	</harden/bcfiles/linux_bcfiles/kbmp.bc>:rotate:178:3:0
</harden/bcfiles/linux_bcfiles/kbmp.bc>:display:36:1:getelementptr inbounds ([8 x i8], [8 x i8]* @.str.5, i64 0, i64 0)	1	</harden/bcfiles/linux_bcfiles/kbmp.bc>:display:36:4:0
</harden/bcfiles/linux_bcfiles/kbmp.bc>:display:41:1:getelementptr inbounds ([21 x i8], [21 x i8]* @.str.4, i64 0, i64 0)	1	</harden/bcfiles/linux_bcfiles/kbmp.bc>:display:41:4:0
</harden/bcfiles/linux_bcfiles/kbmp.bc>:display:155:0:getelementptr inbounds ([30 x i8], [30 x i8]* @.str.7, i64 0, i64 0)	1	</harden/bcfiles/linux_bcfiles/kbmp.bc>:display:155:3:0
</harden/bcfiles/linux_bcfiles/kbmp.bc>:display:194:1:getelementptr inbounds ([44 x i8], [44 x i8]* @.str.3, i64 0, i64 0)	1	</harden/bcfiles/linux_bcfiles/kbmp.bc>:display:194:4:0
</harden/bcfiles/linux_bcfiles/kbmp.bc>:kbmp_init:8:1:getelementptr inbounds ([1024 x i8], [1024 x i8]* @message_buffer, i64 0, i64 0)	1	</harden/bcfiles/linux_bcfiles/kbmp.bc>:kbmp_init:8:4:0
</harden/bcfiles/linux_bcfiles/kbmp.bc>:kbmp_init:9:1:getelementptr inbounds ([11 x i8], [11 x i8]* @.str, i64 0, i64 0)	1	</harden/bcfiles/linux_bcfiles/kbmp.bc>:kbmp_init:9:4:0
</harden/bcfiles/linux_bcfiles/kbmp.bc>:kbmp_init:16:1:getelementptr inbounds ([37 x i8], [37 x i8]* @.str.8, i64 0, i64 0)	1	</harden/bcfiles/linux_bcfiles/kbmp.bc>:kbmp_init:16:4:0
</harden/bcfiles/linux_bcfiles/kbmp.bc>:kbmp_init:23:1:getelementptr inbounds ([8 x i8], [8 x i8]* @.str.5, i64 0, i64 0)	1	</harden/bcfiles/linux_bcfiles/kbmp.bc>:kbmp_init:23:4:0
</harden/bcfiles/linux_bcfiles/kbmp.bc>:kbmp_init:30:1:getelementptr inbounds ([45 x i8], [45 x i8]* @.str.9, i64 0, i64 0)	1	</harden/bcfiles/linux_bcfiles/kbmp.bc>:kbmp_init:30:4:0
</harden/bcfiles/linux_bcfiles/kbmp.bc>:1:getelementptr inbounds ([1024 x i8], [1024 x i8]* @message_buffer, i32 0, i32 0)	1	</harden/bcfiles/linux_bcfiles/kbmp.bc>:4:0
</harden/bcfiles/linux_bcfiles/kbmp.bc>:58:getelementptr inbounds ([12 x i8], [12 x i8]* @__UNIQUE_ID_license228, i32 0, i32 0)	1	</harden/bcfiles/linux_bcfiles/kbmp.bc>:61:0
</harden/bcfiles/linux_bcfiles/kbmp.bc>:62:getelementptr inbounds ([20 x i8], [20 x i8]* @__UNIQUE_ID_author229, i32 0, i32 0)	1	</harden/bcfiles/linux_bcfiles/kbmp.bc>:65:0
</harden/bcfiles/linux_bcfiles/kbmp.bc>:66:getelementptr inbounds ([34 x i8], [34 x i8]* @__UNIQUE_ID_description230, i32 0, i32 0)	1	</harden/bcfiles/linux_bcfiles/kbmp.bc>:69:0
</harden/bcfiles/linux_bcfiles/kbmp.bc>:message_write:134:0:getelementptr inbounds ([1024 x i8], [1024 x i8]* @message_buffer, i64 0, i64 0)	1	</harden/bcfiles/linux_bcfiles/kbmp.bc>:message_write:134:3:0
</harden/bcfiles/linux_bcfiles/kbmp.bc>:message_write:248:1:getelementptr inbounds ([1024 x i8], [1024 x i8]* @message_buffer, i64 0, i64 1023)	1	</harden/bcfiles/linux_bcfiles/kbmp.bc>:message_write:248:4:1023
</harden/bcfiles/linux_bcfiles/kbmp.bc>:message_read:77:0:getelementptr inbounds ([1024 x i8], [1024 x i8]* @message_buffer, i64 0, i64 0)	1	</harden/bcfiles/linux_bcfiles/kbmp.bc>:message_read:77:3:0
