</harden/bcfiles/linux_bcfiles/kbmp.bc>:2:@message_buffer	@message_buffer
</harden/bcfiles/linux_bcfiles/kbmp.bc>:get_message_from_buffer:14:2:@message_buffer	@message_buffer
</harden/bcfiles/linux_bcfiles/kbmp.bc>:get_message_from_buffer:223:2:@message_buffer	@message_buffer
</harden/bcfiles/linux_bcfiles/kbmp.bc>:message_write:134:1:@message_buffer	@message_buffer
</harden/bcfiles/linux_bcfiles/kbmp.bc>:message_write:238:2:@message_buffer	@message_buffer
</harden/bcfiles/linux_bcfiles/kbmp.bc>:message_write:245:0:@message_buffer	@message_buffer
</harden/bcfiles/linux_bcfiles/kbmp.bc>:message_write:248:2:@message_buffer	@message_buffer
</harden/bcfiles/linux_bcfiles/kbmp.bc>:message_read:63:2:@message_buffer	@message_buffer
</harden/bcfiles/linux_bcfiles/kbmp.bc>:message_read:77:1:@message_buffer	@message_buffer
</harden/bcfiles/linux_bcfiles/kbmp.bc>:kbmp_init:8:2:@message_buffer	@message_buffer
</harden/bcfiles/linux_bcfiles/kbmp.bc>:53:@__UNIQUE_ID___addressable_message_buffer225	@__UNIQUE_ID___addressable_message_buffer225
</harden/bcfiles/linux_bcfiles/kbmp.bc>:55:@__UNIQUE_ID___addressable_init_module226	@__UNIQUE_ID___addressable_init_module226
</harden/bcfiles/linux_bcfiles/kbmp.bc>:57:@__UNIQUE_ID___addressable_cleanup_module227	@__UNIQUE_ID___addressable_cleanup_module227
</harden/bcfiles/linux_bcfiles/kbmp.bc>:59:@__UNIQUE_ID_license228	@__UNIQUE_ID_license228
</harden/bcfiles/linux_bcfiles/kbmp.bc>:63:@__UNIQUE_ID_author229	@__UNIQUE_ID_author229
</harden/bcfiles/linux_bcfiles/kbmp.bc>:67:@__UNIQUE_ID_description230	@__UNIQUE_ID_description230
</harden/bcfiles/linux_bcfiles/kbmp.bc>:get_message_from_buffer:169:1:@.str.6	@.str.6
</harden/bcfiles/linux_bcfiles/kbmp.bc>:rotate:178:1:@.str.6	@.str.6
</harden/bcfiles/linux_bcfiles/kbmp.bc>:get_message_from_buffer:199:0:@kmalloc_caches	@kmalloc_caches
</harden/bcfiles/linux_bcfiles/kbmp.bc>:rotate:208:0:@kmalloc_caches	@kmalloc_caches
</harden/bcfiles/linux_bcfiles/kbmp.bc>:message_write:44:2:@.str	@.str
</harden/bcfiles/linux_bcfiles/kbmp.bc>:message_read:35:2:@.str	@.str
</harden/bcfiles/linux_bcfiles/kbmp.bc>:kbmp_init:9:2:@.str	@.str
</harden/bcfiles/linux_bcfiles/kbmp.bc>:message_write:49:2:@.str.1	@.str.1
</harden/bcfiles/linux_bcfiles/kbmp.bc>:message_write:59:2:@.str.2	@.str.2
</harden/bcfiles/linux_bcfiles/kbmp.bc>:message_write:198:1:@.str.7	@.str.7
</harden/bcfiles/linux_bcfiles/kbmp.bc>:message_read:139:1:@.str.7	@.str.7
</harden/bcfiles/linux_bcfiles/kbmp.bc>:display:155:1:@.str.7	@.str.7
</harden/bcfiles/linux_bcfiles/kbmp.bc>:message_write:235:2:@.str.3	@.str.3
</harden/bcfiles/linux_bcfiles/kbmp.bc>:message_read:176:2:@.str.3	@.str.3
</harden/bcfiles/linux_bcfiles/kbmp.bc>:display:194:2:@.str.3	@.str.3
</harden/bcfiles/linux_bcfiles/kbmp.bc>:message_read:40:2:@.str.4	@.str.4
</harden/bcfiles/linux_bcfiles/kbmp.bc>:display:41:2:@.str.4	@.str.4
</harden/bcfiles/linux_bcfiles/kbmp.bc>:display:36:2:@.str.5	@.str.5
</harden/bcfiles/linux_bcfiles/kbmp.bc>:kbmp_init:23:2:@.str.5	@.str.5
</harden/bcfiles/linux_bcfiles/kbmp.bc>:display:67:0:@display.message_index	@display.message_index
</harden/bcfiles/linux_bcfiles/kbmp.bc>:display:70:0:@display.message_index	@display.message_index
</harden/bcfiles/linux_bcfiles/kbmp.bc>:display:73:0:@display.message_index	@display.message_index
</harden/bcfiles/linux_bcfiles/kbmp.bc>:kbmp_init:9:7:@proc_file_ops	@proc_file_ops
</harden/bcfiles/linux_bcfiles/kbmp.bc>:kbmp_init:10:0:@proc_entry	@proc_entry
</harden/bcfiles/linux_bcfiles/kbmp.bc>:kbmp_init:11:0:@proc_entry	@proc_entry
</harden/bcfiles/linux_bcfiles/kbmp.bc>:kbmp_exit:3:0:@proc_entry	@proc_entry
</harden/bcfiles/linux_bcfiles/kbmp.bc>:kbmp_init:16:2:@.str.8	@.str.8
</harden/bcfiles/linux_bcfiles/kbmp.bc>:kbmp_init:23:7:@proc_disp_ops	@proc_disp_ops
</harden/bcfiles/linux_bcfiles/kbmp.bc>:kbmp_init:24:0:@disp_entry	@disp_entry
</harden/bcfiles/linux_bcfiles/kbmp.bc>:kbmp_init:25:0:@disp_entry	@disp_entry
</harden/bcfiles/linux_bcfiles/kbmp.bc>:kbmp_exit:5:0:@disp_entry	@disp_entry
</harden/bcfiles/linux_bcfiles/kbmp.bc>:kbmp_init:30:2:@.str.9	@.str.9
