</harden/bcfiles/linux_bcfiles/kbmp.bc>:message_write:%74	</harden/bcfiles/linux_bcfiles/kbmp.bc>:kmsan_unpoison_memory:%0
</harden/bcfiles/linux_bcfiles/kbmp.bc>:message_write:%127	</harden/bcfiles/linux_bcfiles/kbmp.bc>:copy_overflow:%0
</harden/bcfiles/linux_bcfiles/kbmp.bc>:message_write:%128	</harden/bcfiles/linux_bcfiles/kbmp.bc>:copy_overflow:%1
</harden/bcfiles/linux_bcfiles/kbmp.bc>:message_write:%158	</harden/bcfiles/linux_bcfiles/kbmp.bc>:check_object_size:%0
</harden/bcfiles/linux_bcfiles/kbmp.bc>:message_write:%159	</harden/bcfiles/linux_bcfiles/kbmp.bc>:check_object_size:%1
</harden/bcfiles/linux_bcfiles/kbmp.bc>:message_write:%161	</harden/bcfiles/linux_bcfiles/kbmp.bc>:check_object_size:%2
</harden/bcfiles/linux_bcfiles/kbmp.bc>:message_read:%85	</harden/bcfiles/linux_bcfiles/kbmp.bc>:copy_overflow:%0
</harden/bcfiles/linux_bcfiles/kbmp.bc>:message_read:%86	</harden/bcfiles/linux_bcfiles/kbmp.bc>:copy_overflow:%1
</harden/bcfiles/linux_bcfiles/kbmp.bc>:message_read:%116	</harden/bcfiles/linux_bcfiles/kbmp.bc>:check_object_size:%0
</harden/bcfiles/linux_bcfiles/kbmp.bc>:message_read:%117	</harden/bcfiles/linux_bcfiles/kbmp.bc>:check_object_size:%1
</harden/bcfiles/linux_bcfiles/kbmp.bc>:message_read:%119	</harden/bcfiles/linux_bcfiles/kbmp.bc>:check_object_size:%2
</harden/bcfiles/linux_bcfiles/kbmp.bc>:display:%61	</harden/bcfiles/linux_bcfiles/kbmp.bc>:rotate:%0
</harden/bcfiles/linux_bcfiles/kbmp.bc>:display:%62	</harden/bcfiles/linux_bcfiles/kbmp.bc>:rotate:%1
</harden/bcfiles/linux_bcfiles/kbmp.bc>:display:%96	</harden/bcfiles/linux_bcfiles/kbmp.bc>:copy_overflow:%0
</harden/bcfiles/linux_bcfiles/kbmp.bc>:display:%97	</harden/bcfiles/linux_bcfiles/kbmp.bc>:copy_overflow:%1
</harden/bcfiles/linux_bcfiles/kbmp.bc>:display:%127	</harden/bcfiles/linux_bcfiles/kbmp.bc>:check_object_size:%0
</harden/bcfiles/linux_bcfiles/kbmp.bc>:display:%128	</harden/bcfiles/linux_bcfiles/kbmp.bc>:check_object_size:%1
</harden/bcfiles/linux_bcfiles/kbmp.bc>:display:%130	</harden/bcfiles/linux_bcfiles/kbmp.bc>:check_object_size:%2
