nil	*argv-alloc	nil	</harden/bcfiles/linux_bcfiles/kbmp.bc>:message_write:%40
nil	*global_alloc@.str[0]	[<<main-context>>, nil]	</harden/bcfiles/linux_bcfiles/kbmp.bc>:message_write:44:1:getelementptr inbounds ([11 x i8], [11 x i8]* @.str, i64 0, i64 0)
nil	*global_alloc@.str[0][*]	[<<main-context>>, nil]	</harden/bcfiles/linux_bcfiles/kbmp.bc>:message_write:44:1:getelementptr inbounds ([11 x i8], [11 x i8]* @.str, i64 0, i64 0)
nil	*global_alloc@.str.1[0]	[<<main-context>>, nil]	</harden/bcfiles/linux_bcfiles/kbmp.bc>:message_write:49:1:getelementptr inbounds ([22 x i8], [22 x i8]* @.str.1, i64 0, i64 0)
nil	*global_alloc@.str.1[0][*]	[<<main-context>>, nil]	</harden/bcfiles/linux_bcfiles/kbmp.bc>:message_write:49:1:getelementptr inbounds ([22 x i8], [22 x i8]* @.str.1, i64 0, i64 0)
nil	*global_alloc@.str.2[0]	[<<main-context>>, nil]	</harden/bcfiles/linux_bcfiles/kbmp.bc>:message_write:59:1:getelementptr inbounds ([35 x i8], [35 x i8]* @.str.2, i64 0, i64 0)
nil	*global_alloc@.str.2[0][*]	[<<main-context>>, nil]	</harden/bcfiles/linux_bcfiles/kbmp.bc>:message_write:59:1:getelementptr inbounds ([35 x i8], [35 x i8]* @.str.2, i64 0, i64 0)
nil	*argv-alloc	nil	</harden/bcfiles/linux_bcfiles/kbmp.bc>:message_write:%65
nil	*argv-alloc[*]	[<<main-context>>, nil]	</harden/bcfiles/linux_bcfiles/kbmp.bc>:message_write:%65
[<<main-context>>, nil]	*stack_alloc@message_write[i8** %18][*]	[<<main-context>>, nil]	</harden/bcfiles/linux_bcfiles/kbmp.bc>:message_write:%65
[<<main-context>>, nil]	*stack_alloc@message_write[i64* %28]	[<<main-context>>, nil]	</harden/bcfiles/linux_bcfiles/kbmp.bc>:message_write:%74
[<<main-context>>, nil]	*typed_stack_alloc@message_write[i8* %28]	[<<main-context>>, nil]	</harden/bcfiles/linux_bcfiles/kbmp.bc>:message_write:%74
nil	*global_alloc@message_buffer	[<<main-context>>, nil]	</harden/bcfiles/linux_bcfiles/kbmp.bc>:message_write:%108
nil	*global_alloc@message_buffer[0]	[<<main-context>>, nil]	</harden/bcfiles/linux_bcfiles/kbmp.bc>:message_write:%108
nil	*global_alloc@message_buffer[0][*]	[<<main-context>>, nil]	</harden/bcfiles/linux_bcfiles/kbmp.bc>:message_write:%108
[<<main-context>>, nil]	*stack_alloc@message_write[i8** %6]	[<<main-context>>, nil]	</harden/bcfiles/linux_bcfiles/kbmp.bc>:message_write:%108
[<<main-context>>, nil]	*stack_alloc@message_write[i8** %13]	[<<main-context>>, nil]	</harden/bcfiles/linux_bcfiles/kbmp.bc>:message_write:%108
[<<main-context>>, nil]	*stack_alloc@message_write[i8** %13][0]	[<<main-context>>, nil]	</harden/bcfiles/linux_bcfiles/kbmp.bc>:message_write:%108
nil	*argv-alloc	[<<main-context>>, nil]	</harden/bcfiles/linux_bcfiles/kbmp.bc>:message_write:%124
nil	*argv-alloc[0]	[<<main-context>>, nil]	</harden/bcfiles/linux_bcfiles/kbmp.bc>:message_write:%124
[<<main-context>>, nil]	*stack_alloc@message_write[i64* %7]	[<<main-context>>, nil]	</harden/bcfiles/linux_bcfiles/kbmp.bc>:message_write:%124
[<<main-context>>, nil]	*stack_alloc@message_write[i64* %15]	[<<main-context>>, nil]	</harden/bcfiles/linux_bcfiles/kbmp.bc>:message_write:%124
[<<main-context>>, nil]	*stack_alloc@message_write[i64* %19]	[<<main-context>>, nil]	</harden/bcfiles/linux_bcfiles/kbmp.bc>:message_write:%124
[<<main-context>>, nil]	*stack_alloc@message_write[i64* %15][0]	[<<main-context>>, nil]	</harden/bcfiles/linux_bcfiles/kbmp.bc>:message_write:%124
[<<main-context>>, nil]	*stack_alloc@message_write[i64* %19][0]	[<<main-context>>, nil]	</harden/bcfiles/linux_bcfiles/kbmp.bc>:message_write:%124
[<<main-context>>, nil]	*stack_alloc@message_write[i32* %9]	[<<main-context>>, nil]	</harden/bcfiles/linux_bcfiles/kbmp.bc>:message_write:%127
nil	*argv-alloc	[<<main-context>>, nil]	</harden/bcfiles/linux_bcfiles/kbmp.bc>:message_write:%128
nil	*argv-alloc[0]	[<<main-context>>, nil]	</harden/bcfiles/linux_bcfiles/kbmp.bc>:message_write:%128
[<<main-context>>, nil]	*stack_alloc@message_write[i64* %7]	[<<main-context>>, nil]	</harden/bcfiles/linux_bcfiles/kbmp.bc>:message_write:%128
[<<main-context>>, nil]	*stack_alloc@message_write[i64* %15]	[<<main-context>>, nil]	</harden/bcfiles/linux_bcfiles/kbmp.bc>:message_write:%128
[<<main-context>>, nil]	*stack_alloc@message_write[i64* %19]	[<<main-context>>, nil]	</harden/bcfiles/linux_bcfiles/kbmp.bc>:message_write:%128
[<<main-context>>, nil]	*stack_alloc@message_write[i64* %15][0]	[<<main-context>>, nil]	</harden/bcfiles/linux_bcfiles/kbmp.bc>:message_write:%128
[<<main-context>>, nil]	*stack_alloc@message_write[i64* %19][0]	[<<main-context>>, nil]	</harden/bcfiles/linux_bcfiles/kbmp.bc>:message_write:%128
nil	*global_alloc@.str.7[0]	[<<main-context>>, nil]	</harden/bcfiles/linux_bcfiles/kbmp.bc>:message_write:198:0:getelementptr inbounds ([30 x i8], [30 x i8]* @.str.7, i64 0, i64 0)
nil	*global_alloc@.str.7[0][*]	[<<main-context>>, nil]	</harden/bcfiles/linux_bcfiles/kbmp.bc>:message_write:198:0:getelementptr inbounds ([30 x i8], [30 x i8]* @.str.7, i64 0, i64 0)
[<<main-context>>, nil]	*stack_alloc@message_write[i32* %11]	[<<main-context>>, nil]	</harden/bcfiles/linux_bcfiles/kbmp.bc>:message_write:%147
nil	*global_alloc@message_buffer	[<<main-context>>, nil]	</harden/bcfiles/linux_bcfiles/kbmp.bc>:message_write:%158
nil	*global_alloc@message_buffer[0]	[<<main-context>>, nil]	</harden/bcfiles/linux_bcfiles/kbmp.bc>:message_write:%158
nil	*global_alloc@message_buffer[0][*]	[<<main-context>>, nil]	</harden/bcfiles/linux_bcfiles/kbmp.bc>:message_write:%158
[<<main-context>>, nil]	*stack_alloc@message_write[i8** %6]	[<<main-context>>, nil]	</harden/bcfiles/linux_bcfiles/kbmp.bc>:message_write:%158
[<<main-context>>, nil]	*stack_alloc@message_write[i8** %13]	[<<main-context>>, nil]	</harden/bcfiles/linux_bcfiles/kbmp.bc>:message_write:%158
[<<main-context>>, nil]	*stack_alloc@message_write[i8** %13][0]	[<<main-context>>, nil]	</harden/bcfiles/linux_bcfiles/kbmp.bc>:message_write:%158
nil	*argv-alloc	[<<main-context>>, nil]	</harden/bcfiles/linux_bcfiles/kbmp.bc>:message_write:%159
nil	*argv-alloc[0]	[<<main-context>>, nil]	</harden/bcfiles/linux_bcfiles/kbmp.bc>:message_write:%159
[<<main-context>>, nil]	*stack_alloc@message_write[i64* %7]	[<<main-context>>, nil]	</harden/bcfiles/linux_bcfiles/kbmp.bc>:message_write:%159
[<<main-context>>, nil]	*stack_alloc@message_write[i64* %15]	[<<main-context>>, nil]	</harden/bcfiles/linux_bcfiles/kbmp.bc>:message_write:%159
[<<main-context>>, nil]	*stack_alloc@message_write[i64* %19]	[<<main-context>>, nil]	</harden/bcfiles/linux_bcfiles/kbmp.bc>:message_write:%159
[<<main-context>>, nil]	*stack_alloc@message_write[i64* %15][0]	[<<main-context>>, nil]	</harden/bcfiles/linux_bcfiles/kbmp.bc>:message_write:%159
[<<main-context>>, nil]	*stack_alloc@message_write[i64* %19][0]	[<<main-context>>, nil]	</harden/bcfiles/linux_bcfiles/kbmp.bc>:message_write:%159
nil	*global_alloc@message_buffer	[<<main-context>>, nil]	</harden/bcfiles/linux_bcfiles/kbmp.bc>:message_write:%165
nil	*global_alloc@message_buffer[0]	[<<main-context>>, nil]	</harden/bcfiles/linux_bcfiles/kbmp.bc>:message_write:%165
nil	*global_alloc@message_buffer[0][*]	[<<main-context>>, nil]	</harden/bcfiles/linux_bcfiles/kbmp.bc>:message_write:%165
[<<main-context>>, nil]	*stack_alloc@message_write[i8** %13]	[<<main-context>>, nil]	</harden/bcfiles/linux_bcfiles/kbmp.bc>:message_write:%165
nil	*argv-alloc	[<<main-context>>, nil]	</harden/bcfiles/linux_bcfiles/kbmp.bc>:message_write:%166
nil	*argv-alloc[0]	[<<main-context>>, nil]	</harden/bcfiles/linux_bcfiles/kbmp.bc>:message_write:%166
[<<main-context>>, nil]	*stack_alloc@message_write[i8** %14]	[<<main-context>>, nil]	</harden/bcfiles/linux_bcfiles/kbmp.bc>:message_write:%166
[<<main-context>>, nil]	*stack_alloc@message_write[i8** %18]	[<<main-context>>, nil]	</harden/bcfiles/linux_bcfiles/kbmp.bc>:message_write:%166
[<<main-context>>, nil]	*stack_alloc@message_write[i8** %18][0]	[<<main-context>>, nil]	</harden/bcfiles/linux_bcfiles/kbmp.bc>:message_write:%166
nil	*argv-alloc	[<<main-context>>, nil]	</harden/bcfiles/linux_bcfiles/kbmp.bc>:message_write:%167
nil	*argv-alloc[0]	[<<main-context>>, nil]	</harden/bcfiles/linux_bcfiles/kbmp.bc>:message_write:%167
[<<main-context>>, nil]	*stack_alloc@message_write[i64* %15]	[<<main-context>>, nil]	</harden/bcfiles/linux_bcfiles/kbmp.bc>:message_write:%167
[<<main-context>>, nil]	*stack_alloc@message_write[i64* %19]	[<<main-context>>, nil]	</harden/bcfiles/linux_bcfiles/kbmp.bc>:message_write:%167
[<<main-context>>, nil]	*stack_alloc@message_write[i64* %19][0]	[<<main-context>>, nil]	</harden/bcfiles/linux_bcfiles/kbmp.bc>:message_write:%167
nil	*global_alloc@.str.3[0]	[<<main-context>>, nil]	</harden/bcfiles/linux_bcfiles/kbmp.bc>:message_write:235:1:getelementptr inbounds ([44 x i8], [44 x i8]* @.str.3, i64 0, i64 0)
nil	*global_alloc@.str.3[0][*]	[<<main-context>>, nil]	</harden/bcfiles/linux_bcfiles/kbmp.bc>:message_write:235:1:getelementptr inbounds ([44 x i8], [44 x i8]* @.str.3, i64 0, i64 0)
nil	*argv-alloc	[<<main-context>>, nil]	</harden/bcfiles/linux_bcfiles/kbmp.bc>:message_write:%176
nil	*argv-alloc[0]	[<<main-context>>, nil]	</harden/bcfiles/linux_bcfiles/kbmp.bc>:message_write:%176
[<<main-context>>, nil]	*stack_alloc@message_write[i64* %19]	[<<main-context>>, nil]	</harden/bcfiles/linux_bcfiles/kbmp.bc>:message_write:%176
nil	*argv-alloc	[<<main-context>>, nil]	</harden/bcfiles/linux_bcfiles/kbmp.bc>:message_write:%177
nil	*argv-alloc[0]	[<<main-context>>, nil]	</harden/bcfiles/linux_bcfiles/kbmp.bc>:message_write:%177
[<<main-context>>, nil]	*stack_alloc@message_write[i64* %15]	[<<main-context>>, nil]	</harden/bcfiles/linux_bcfiles/kbmp.bc>:message_write:%177
[<<main-context>>, nil]	*stack_alloc@message_write[i64* %19]	[<<main-context>>, nil]	</harden/bcfiles/linux_bcfiles/kbmp.bc>:message_write:%177
[<<main-context>>, nil]	*stack_alloc@message_write[i64* %31]	[<<main-context>>, nil]	</harden/bcfiles/linux_bcfiles/kbmp.bc>:message_write:%177
[<<main-context>>, nil]	*stack_alloc@message_write[i64* %15][0]	[<<main-context>>, nil]	</harden/bcfiles/linux_bcfiles/kbmp.bc>:message_write:%177
[<<main-context>>, nil]	*stack_alloc@message_write[i64* %19][0]	[<<main-context>>, nil]	</harden/bcfiles/linux_bcfiles/kbmp.bc>:message_write:%177
nil	*global_alloc@message_buffer[0]	[<<main-context>>, nil]	</harden/bcfiles/linux_bcfiles/kbmp.bc>:message_write:238:1:getelementptr inbounds ([1024 x i8], [1024 x i8]* @message_buffer, i64 0, i64 0)
nil	*global_alloc@message_buffer[0][*]	[<<main-context>>, nil]	</harden/bcfiles/linux_bcfiles/kbmp.bc>:message_write:238:1:getelementptr inbounds ([1024 x i8], [1024 x i8]* @message_buffer, i64 0, i64 0)
nil	*argv-alloc	nil	</harden/bcfiles/linux_bcfiles/kbmp.bc>:message_read:%31
nil	*global_alloc@.str[0]	[<<main-context>>, nil]	</harden/bcfiles/linux_bcfiles/kbmp.bc>:message_read:35:1:getelementptr inbounds ([11 x i8], [11 x i8]* @.str, i64 0, i64 0)
nil	*global_alloc@.str[0][*]	[<<main-context>>, nil]	</harden/bcfiles/linux_bcfiles/kbmp.bc>:message_read:35:1:getelementptr inbounds ([11 x i8], [11 x i8]* @.str, i64 0, i64 0)
nil	*global_alloc@.str.4[0]	[<<main-context>>, nil]	</harden/bcfiles/linux_bcfiles/kbmp.bc>:message_read:40:1:getelementptr inbounds ([21 x i8], [21 x i8]* @.str.4, i64 0, i64 0)
nil	*global_alloc@.str.4[0][*]	[<<main-context>>, nil]	</harden/bcfiles/linux_bcfiles/kbmp.bc>:message_read:40:1:getelementptr inbounds ([21 x i8], [21 x i8]* @.str.4, i64 0, i64 0)
nil	*global_alloc@message_buffer[0]	[<<main-context>>, nil]	</harden/bcfiles/linux_bcfiles/kbmp.bc>:message_read:63:1:getelementptr inbounds ([1024 x i8], [1024 x i8]* @message_buffer, i64 0, i64 0)
nil	*global_alloc@message_buffer[0][*]	[<<main-context>>, nil]	</harden/bcfiles/linux_bcfiles/kbmp.bc>:message_read:63:1:getelementptr inbounds ([1024 x i8], [1024 x i8]* @message_buffer, i64 0, i64 0)
nil	*global_alloc@message_buffer	[<<main-context>>, nil]	</harden/bcfiles/linux_bcfiles/kbmp.bc>:message_read:%66
nil	*global_alloc@message_buffer[0]	[<<main-context>>, nil]	</harden/bcfiles/linux_bcfiles/kbmp.bc>:message_read:%66
nil	*global_alloc@message_buffer[0][*]	[<<main-context>>, nil]	</harden/bcfiles/linux_bcfiles/kbmp.bc>:message_read:%66
[<<main-context>>, nil]	*stack_alloc@message_read[i8** %6]	[<<main-context>>, nil]	</harden/bcfiles/linux_bcfiles/kbmp.bc>:message_read:%66
[<<main-context>>, nil]	*stack_alloc@message_read[i8** %14]	[<<main-context>>, nil]	</harden/bcfiles/linux_bcfiles/kbmp.bc>:message_read:%66
[<<main-context>>, nil]	*stack_alloc@message_read[i8** %14][0]	[<<main-context>>, nil]	</harden/bcfiles/linux_bcfiles/kbmp.bc>:message_read:%66
nil	*argv-alloc	[<<main-context>>, nil]	</harden/bcfiles/linux_bcfiles/kbmp.bc>:message_read:%82
nil	*argv-alloc[0]	[<<main-context>>, nil]	</harden/bcfiles/linux_bcfiles/kbmp.bc>:message_read:%82
[<<main-context>>, nil]	*stack_alloc@message_read[i64* %7]	[<<main-context>>, nil]	</harden/bcfiles/linux_bcfiles/kbmp.bc>:message_read:%82
[<<main-context>>, nil]	*stack_alloc@message_read[i64* %15]	[<<main-context>>, nil]	</harden/bcfiles/linux_bcfiles/kbmp.bc>:message_read:%82
[<<main-context>>, nil]	*stack_alloc@message_read[i64* %19]	[<<main-context>>, nil]	</harden/bcfiles/linux_bcfiles/kbmp.bc>:message_read:%82
[<<main-context>>, nil]	*stack_alloc@message_read[i64* %22]	[<<main-context>>, nil]	</harden/bcfiles/linux_bcfiles/kbmp.bc>:message_read:%82
[<<main-context>>, nil]	*stack_alloc@message_read[i64* %15][0]	[<<main-context>>, nil]	</harden/bcfiles/linux_bcfiles/kbmp.bc>:message_read:%82
[<<main-context>>, nil]	*stack_alloc@message_read[i64* %19][0]	[<<main-context>>, nil]	</harden/bcfiles/linux_bcfiles/kbmp.bc>:message_read:%82
[<<main-context>>, nil]	*stack_alloc@message_read[i64* %22][0]	[<<main-context>>, nil]	</harden/bcfiles/linux_bcfiles/kbmp.bc>:message_read:%82
[<<main-context>>, nil]	*stack_alloc@message_read[i32* %9]	[<<main-context>>, nil]	</harden/bcfiles/linux_bcfiles/kbmp.bc>:message_read:%85
nil	*argv-alloc	[<<main-context>>, nil]	</harden/bcfiles/linux_bcfiles/kbmp.bc>:message_read:%86
nil	*argv-alloc[0]	[<<main-context>>, nil]	</harden/bcfiles/linux_bcfiles/kbmp.bc>:message_read:%86
[<<main-context>>, nil]	*stack_alloc@message_read[i64* %7]	[<<main-context>>, nil]	</harden/bcfiles/linux_bcfiles/kbmp.bc>:message_read:%86
[<<main-context>>, nil]	*stack_alloc@message_read[i64* %15]	[<<main-context>>, nil]	</harden/bcfiles/linux_bcfiles/kbmp.bc>:message_read:%86
[<<main-context>>, nil]	*stack_alloc@message_read[i64* %19]	[<<main-context>>, nil]	</harden/bcfiles/linux_bcfiles/kbmp.bc>:message_read:%86
[<<main-context>>, nil]	*stack_alloc@message_read[i64* %22]	[<<main-context>>, nil]	</harden/bcfiles/linux_bcfiles/kbmp.bc>:message_read:%86
[<<main-context>>, nil]	*stack_alloc@message_read[i64* %15][0]	[<<main-context>>, nil]	</harden/bcfiles/linux_bcfiles/kbmp.bc>:message_read:%86
[<<main-context>>, nil]	*stack_alloc@message_read[i64* %19][0]	[<<main-context>>, nil]	</harden/bcfiles/linux_bcfiles/kbmp.bc>:message_read:%86
[<<main-context>>, nil]	*stack_alloc@message_read[i64* %22][0]	[<<main-context>>, nil]	</harden/bcfiles/linux_bcfiles/kbmp.bc>:message_read:%86
nil	*global_alloc@.str.7[0]	[<<main-context>>, nil]	</harden/bcfiles/linux_bcfiles/kbmp.bc>:message_read:139:0:getelementptr inbounds ([30 x i8], [30 x i8]* @.str.7, i64 0, i64 0)
nil	*global_alloc@.str.7[0][*]	[<<main-context>>, nil]	</harden/bcfiles/linux_bcfiles/kbmp.bc>:message_read:139:0:getelementptr inbounds ([30 x i8], [30 x i8]* @.str.7, i64 0, i64 0)
[<<main-context>>, nil]	*stack_alloc@message_read[i32* %11]	[<<main-context>>, nil]	</harden/bcfiles/linux_bcfiles/kbmp.bc>:message_read:%105
nil	*global_alloc@message_buffer	[<<main-context>>, nil]	</harden/bcfiles/linux_bcfiles/kbmp.bc>:message_read:%116
nil	*global_alloc@message_buffer[0]	[<<main-context>>, nil]	</harden/bcfiles/linux_bcfiles/kbmp.bc>:message_read:%116
nil	*global_alloc@message_buffer[0][*]	[<<main-context>>, nil]	</harden/bcfiles/linux_bcfiles/kbmp.bc>:message_read:%116
[<<main-context>>, nil]	*stack_alloc@message_read[i8** %6]	[<<main-context>>, nil]	</harden/bcfiles/linux_bcfiles/kbmp.bc>:message_read:%116
[<<main-context>>, nil]	*stack_alloc@message_read[i8** %14]	[<<main-context>>, nil]	</harden/bcfiles/linux_bcfiles/kbmp.bc>:message_read:%116
[<<main-context>>, nil]	*stack_alloc@message_read[i8** %14][0]	[<<main-context>>, nil]	</harden/bcfiles/linux_bcfiles/kbmp.bc>:message_read:%116
nil	*argv-alloc	[<<main-context>>, nil]	</harden/bcfiles/linux_bcfiles/kbmp.bc>:message_read:%117
nil	*argv-alloc[0]	[<<main-context>>, nil]	</harden/bcfiles/linux_bcfiles/kbmp.bc>:message_read:%117
[<<main-context>>, nil]	*stack_alloc@message_read[i64* %7]	[<<main-context>>, nil]	</harden/bcfiles/linux_bcfiles/kbmp.bc>:message_read:%117
[<<main-context>>, nil]	*stack_alloc@message_read[i64* %15]	[<<main-context>>, nil]	</harden/bcfiles/linux_bcfiles/kbmp.bc>:message_read:%117
[<<main-context>>, nil]	*stack_alloc@message_read[i64* %19]	[<<main-context>>, nil]	</harden/bcfiles/linux_bcfiles/kbmp.bc>:message_read:%117
[<<main-context>>, nil]	*stack_alloc@message_read[i64* %22]	[<<main-context>>, nil]	</harden/bcfiles/linux_bcfiles/kbmp.bc>:message_read:%117
[<<main-context>>, nil]	*stack_alloc@message_read[i64* %15][0]	[<<main-context>>, nil]	</harden/bcfiles/linux_bcfiles/kbmp.bc>:message_read:%117
[<<main-context>>, nil]	*stack_alloc@message_read[i64* %19][0]	[<<main-context>>, nil]	</harden/bcfiles/linux_bcfiles/kbmp.bc>:message_read:%117
[<<main-context>>, nil]	*stack_alloc@message_read[i64* %22][0]	[<<main-context>>, nil]	</harden/bcfiles/linux_bcfiles/kbmp.bc>:message_read:%117
nil	*argv-alloc	[<<main-context>>, nil]	</harden/bcfiles/linux_bcfiles/kbmp.bc>:message_read:%123
nil	*argv-alloc[0]	[<<main-context>>, nil]	</harden/bcfiles/linux_bcfiles/kbmp.bc>:message_read:%123
[<<main-context>>, nil]	*stack_alloc@message_read[i8** %13]	[<<main-context>>, nil]	</harden/bcfiles/linux_bcfiles/kbmp.bc>:message_read:%123
[<<main-context>>, nil]	*stack_alloc@message_read[i8** %18]	[<<main-context>>, nil]	</harden/bcfiles/linux_bcfiles/kbmp.bc>:message_read:%123
[<<main-context>>, nil]	*stack_alloc@message_read[i8** %18][0]	[<<main-context>>, nil]	</harden/bcfiles/linux_bcfiles/kbmp.bc>:message_read:%123
nil	*global_alloc@message_buffer	[<<main-context>>, nil]	</harden/bcfiles/linux_bcfiles/kbmp.bc>:message_read:%124
nil	*global_alloc@message_buffer[0]	[<<main-context>>, nil]	</harden/bcfiles/linux_bcfiles/kbmp.bc>:message_read:%124
nil	*global_alloc@message_buffer[0][*]	[<<main-context>>, nil]	</harden/bcfiles/linux_bcfiles/kbmp.bc>:message_read:%124
[<<main-context>>, nil]	*stack_alloc@message_read[i8** %14]	[<<main-context>>, nil]	</harden/bcfiles/linux_bcfiles/kbmp.bc>:message_read:%124
nil	*argv-alloc	[<<main-context>>, nil]	</harden/bcfiles/linux_bcfiles/kbmp.bc>:message_read:%125
nil	*argv-alloc[0]	[<<main-context>>, nil]	</harden/bcfiles/linux_bcfiles/kbmp.bc>:message_read:%125
[<<main-context>>, nil]	*stack_alloc@message_read[i64* %15]	[<<main-context>>, nil]	</harden/bcfiles/linux_bcfiles/kbmp.bc>:message_read:%125
[<<main-context>>, nil]	*stack_alloc@message_read[i64* %19]	[<<main-context>>, nil]	</harden/bcfiles/linux_bcfiles/kbmp.bc>:message_read:%125
[<<main-context>>, nil]	*stack_alloc@message_read[i64* %22]	[<<main-context>>, nil]	</harden/bcfiles/linux_bcfiles/kbmp.bc>:message_read:%125
[<<main-context>>, nil]	*stack_alloc@message_read[i64* %19][0]	[<<main-context>>, nil]	</harden/bcfiles/linux_bcfiles/kbmp.bc>:message_read:%125
[<<main-context>>, nil]	*stack_alloc@message_read[i64* %22][0]	[<<main-context>>, nil]	</harden/bcfiles/linux_bcfiles/kbmp.bc>:message_read:%125
nil	*global_alloc@.str.3[0]	[<<main-context>>, nil]	</harden/bcfiles/linux_bcfiles/kbmp.bc>:message_read:176:1:getelementptr inbounds ([44 x i8], [44 x i8]* @.str.3, i64 0, i64 0)
nil	*global_alloc@.str.3[0][*]	[<<main-context>>, nil]	</harden/bcfiles/linux_bcfiles/kbmp.bc>:message_read:176:1:getelementptr inbounds ([44 x i8], [44 x i8]* @.str.3, i64 0, i64 0)
nil	*argv-alloc	[<<main-context>>, nil]	</harden/bcfiles/linux_bcfiles/kbmp.bc>:message_read:%134
nil	*argv-alloc[0]	[<<main-context>>, nil]	</harden/bcfiles/linux_bcfiles/kbmp.bc>:message_read:%134
[<<main-context>>, nil]	*stack_alloc@message_read[i64* %19]	[<<main-context>>, nil]	</harden/bcfiles/linux_bcfiles/kbmp.bc>:message_read:%134
[<<main-context>>, nil]	*stack_alloc@message_read[i64* %22]	[<<main-context>>, nil]	</harden/bcfiles/linux_bcfiles/kbmp.bc>:message_read:%134
[<<main-context>>, nil]	*stack_alloc@message_read[i64* %22][0]	[<<main-context>>, nil]	</harden/bcfiles/linux_bcfiles/kbmp.bc>:message_read:%134
nil	*argv-alloc	[<<main-context>>, nil]	</harden/bcfiles/linux_bcfiles/kbmp.bc>:message_read:%135
nil	*argv-alloc[0]	[<<main-context>>, nil]	</harden/bcfiles/linux_bcfiles/kbmp.bc>:message_read:%135
[<<main-context>>, nil]	*stack_alloc@message_read[i64* %15]	[<<main-context>>, nil]	</harden/bcfiles/linux_bcfiles/kbmp.bc>:message_read:%135
[<<main-context>>, nil]	*stack_alloc@message_read[i64* %19]	[<<main-context>>, nil]	</harden/bcfiles/linux_bcfiles/kbmp.bc>:message_read:%135
[<<main-context>>, nil]	*stack_alloc@message_read[i64* %22]	[<<main-context>>, nil]	</harden/bcfiles/linux_bcfiles/kbmp.bc>:message_read:%135
[<<main-context>>, nil]	*stack_alloc@message_read[i64* %23]	[<<main-context>>, nil]	</harden/bcfiles/linux_bcfiles/kbmp.bc>:message_read:%135
[<<main-context>>, nil]	*stack_alloc@message_read[i64* %15][0]	[<<main-context>>, nil]	</harden/bcfiles/linux_bcfiles/kbmp.bc>:message_read:%135
[<<main-context>>, nil]	*stack_alloc@message_read[i64* %19][0]	[<<main-context>>, nil]	</harden/bcfiles/linux_bcfiles/kbmp.bc>:message_read:%135
[<<main-context>>, nil]	*stack_alloc@message_read[i64* %22][0]	[<<main-context>>, nil]	</harden/bcfiles/linux_bcfiles/kbmp.bc>:message_read:%135
nil	*stack_alloc@copy_overflow[i32* %3]	nil	</harden/bcfiles/linux_bcfiles/kbmp.bc>:copy_overflow:%5
[<<main-context>>, nil]	*stack_alloc@message_write[i32* %9]	nil	</harden/bcfiles/linux_bcfiles/kbmp.bc>:copy_overflow:%5
[<<main-context>>, nil]	*stack_alloc@message_read[i32* %9]	nil	</harden/bcfiles/linux_bcfiles/kbmp.bc>:copy_overflow:%5
[<<main-context>>, nil]	*stack_alloc@message_write[i32* %9][0]	nil	</harden/bcfiles/linux_bcfiles/kbmp.bc>:copy_overflow:%5
[<<main-context>>, nil]	*stack_alloc@message_read[i32* %9][0]	nil	</harden/bcfiles/linux_bcfiles/kbmp.bc>:copy_overflow:%5
nil	*argv-alloc	nil	</harden/bcfiles/linux_bcfiles/kbmp.bc>:copy_overflow:%6
nil	*argv-alloc[0]	nil	</harden/bcfiles/linux_bcfiles/kbmp.bc>:copy_overflow:%6
nil	*stack_alloc@copy_overflow[i64* %4]	nil	</harden/bcfiles/linux_bcfiles/kbmp.bc>:copy_overflow:%6
[<<main-context>>, nil]	*stack_alloc@message_write[i64* %7]	nil	</harden/bcfiles/linux_bcfiles/kbmp.bc>:copy_overflow:%6
[<<main-context>>, nil]	*stack_alloc@message_write[i64* %15]	nil	</harden/bcfiles/linux_bcfiles/kbmp.bc>:copy_overflow:%6
[<<main-context>>, nil]	*stack_alloc@message_write[i64* %19]	nil	</harden/bcfiles/linux_bcfiles/kbmp.bc>:copy_overflow:%6
[<<main-context>>, nil]	*stack_alloc@message_read[i64* %7]	nil	</harden/bcfiles/linux_bcfiles/kbmp.bc>:copy_overflow:%6
[<<main-context>>, nil]	*stack_alloc@message_read[i64* %15]	nil	</harden/bcfiles/linux_bcfiles/kbmp.bc>:copy_overflow:%6
[<<main-context>>, nil]	*stack_alloc@message_read[i64* %19]	nil	</harden/bcfiles/linux_bcfiles/kbmp.bc>:copy_overflow:%6
[<<main-context>>, nil]	*stack_alloc@message_read[i64* %22]	nil	</harden/bcfiles/linux_bcfiles/kbmp.bc>:copy_overflow:%6
[<<main-context>>, nil]	*stack_alloc@message_write[i64* %7][0]	nil	</harden/bcfiles/linux_bcfiles/kbmp.bc>:copy_overflow:%6
[<<main-context>>, nil]	*stack_alloc@message_write[i64* %15][0]	nil	</harden/bcfiles/linux_bcfiles/kbmp.bc>:copy_overflow:%6
[<<main-context>>, nil]	*stack_alloc@message_write[i64* %19][0]	nil	</harden/bcfiles/linux_bcfiles/kbmp.bc>:copy_overflow:%6
[<<main-context>>, nil]	*stack_alloc@message_read[i64* %7][0]	nil	</harden/bcfiles/linux_bcfiles/kbmp.bc>:copy_overflow:%6
[<<main-context>>, nil]	*stack_alloc@message_read[i64* %15][0]	nil	</harden/bcfiles/linux_bcfiles/kbmp.bc>:copy_overflow:%6
[<<main-context>>, nil]	*stack_alloc@message_read[i64* %19][0]	nil	</harden/bcfiles/linux_bcfiles/kbmp.bc>:copy_overflow:%6
[<<main-context>>, nil]	*stack_alloc@message_read[i64* %22][0]	nil	</harden/bcfiles/linux_bcfiles/kbmp.bc>:copy_overflow:%6
nil	*global_alloc@llvm.dbg.declare	[<<main-context>>, nil]	</harden/bcfiles/linux_bcfiles/kbmp.bc>:message_write:30:0:@llvm.dbg.declare
nil	*global_alloc@llvm.dbg.declare	[<<main-context>>, nil]	</harden/bcfiles/linux_bcfiles/kbmp.bc>:message_write:32:0:@llvm.dbg.declare
nil	*global_alloc@llvm.dbg.declare	[<<main-context>>, nil]	</harden/bcfiles/linux_bcfiles/kbmp.bc>:message_write:34:0:@llvm.dbg.declare
nil	*global_alloc@llvm.dbg.declare	[<<main-context>>, nil]	</harden/bcfiles/linux_bcfiles/kbmp.bc>:message_write:36:0:@llvm.dbg.declare
nil	*global_alloc@strcmp	[<<main-context>>, nil]	</harden/bcfiles/linux_bcfiles/kbmp.bc>:message_write:44:0:@strcmp
nil	*global_alloc@_printk	[<<main-context>>, nil]	</harden/bcfiles/linux_bcfiles/kbmp.bc>:message_write:49:0:@_printk
nil	*global_alloc@_printk	[<<main-context>>, nil]	</harden/bcfiles/linux_bcfiles/kbmp.bc>:message_write:59:0:@_printk
nil	*global_alloc@llvm.dbg.declare	[<<main-context>>, nil]	</harden/bcfiles/linux_bcfiles/kbmp.bc>:message_write:64:0:@llvm.dbg.declare
nil	*global_alloc@llvm.dbg.declare	[<<main-context>>, nil]	</harden/bcfiles/linux_bcfiles/kbmp.bc>:message_write:71:0:@llvm.dbg.declare
nil	*global_alloc@might_fault	[<<main-context>>, nil]	</harden/bcfiles/linux_bcfiles/kbmp.bc>:message_write:72:0:@might_fault
nil	*global_alloc@llvm.dbg.declare	[<<main-context>>, nil]	</harden/bcfiles/linux_bcfiles/kbmp.bc>:message_write:73:0:@llvm.dbg.declare
nil	*global_alloc@llvm.dbg.declare	[<<main-context>>, nil]	</harden/bcfiles/linux_bcfiles/kbmp.bc>:message_write:74:0:@llvm.dbg.declare
nil	*global_alloc@llvm.read_register.i64	[<<main-context>>, nil]	</harden/bcfiles/linux_bcfiles/kbmp.bc>:message_write:75:0:@llvm.read_register.i64
nil	*global_alloc@llvm.write_register.i64	[<<main-context>>, nil]	</harden/bcfiles/linux_bcfiles/kbmp.bc>:message_write:87:0:@llvm.write_register.i64
nil	*global_alloc@llvm.dbg.declare	[<<main-context>>, nil]	</harden/bcfiles/linux_bcfiles/kbmp.bc>:message_write:88:0:@llvm.dbg.declare
nil	*global_alloc@kmsan_unpoison_memory	[<<main-context>>, nil]	</harden/bcfiles/linux_bcfiles/kbmp.bc>:message_write:93:0:@kmsan_unpoison_memory
nil	*global_alloc@llvm.dbg.declare	[<<main-context>>, nil]	</harden/bcfiles/linux_bcfiles/kbmp.bc>:message_write:131:0:@llvm.dbg.declare
nil	*global_alloc@llvm.dbg.declare	[<<main-context>>, nil]	</harden/bcfiles/linux_bcfiles/kbmp.bc>:message_write:135:0:@llvm.dbg.declare
nil	*global_alloc@llvm.dbg.declare	[<<main-context>>, nil]	</harden/bcfiles/linux_bcfiles/kbmp.bc>:message_write:137:0:@llvm.dbg.declare
nil	*global_alloc@llvm.dbg.declare	[<<main-context>>, nil]	</harden/bcfiles/linux_bcfiles/kbmp.bc>:message_write:139:0:@llvm.dbg.declare
nil	*global_alloc@llvm.dbg.declare	[<<main-context>>, nil]	</harden/bcfiles/linux_bcfiles/kbmp.bc>:message_write:143:0:@llvm.dbg.declare
nil	*global_alloc@llvm.dbg.declare	[<<main-context>>, nil]	</harden/bcfiles/linux_bcfiles/kbmp.bc>:message_write:145:0:@llvm.dbg.declare
nil	*global_alloc@llvm.dbg.declare	[<<main-context>>, nil]	</harden/bcfiles/linux_bcfiles/kbmp.bc>:message_write:147:0:@llvm.dbg.declare
nil	*global_alloc@llvm.dbg.declare	[<<main-context>>, nil]	</harden/bcfiles/linux_bcfiles/kbmp.bc>:message_write:148:0:@llvm.dbg.declare
nil	*global_alloc@llvm.objectsize.i64.p0i8	[<<main-context>>, nil]	</harden/bcfiles/linux_bcfiles/kbmp.bc>:message_write:150:0:@llvm.objectsize.i64.p0i8
nil	*global_alloc@llvm.is.constant.i64	[<<main-context>>, nil]	</harden/bcfiles/linux_bcfiles/kbmp.bc>:message_write:167:0:@llvm.is.constant.i64
nil	*global_alloc@copy_overflow	[<<main-context>>, nil]	</harden/bcfiles/linux_bcfiles/kbmp.bc>:message_write:171:0:@copy_overflow
nil	*global_alloc@__bad_copy_from	[<<main-context>>, nil]	</harden/bcfiles/linux_bcfiles/kbmp.bc>:message_write:176:0:@__bad_copy_from
nil	*global_alloc@__bad_copy_to	[<<main-context>>, nil]	</harden/bcfiles/linux_bcfiles/kbmp.bc>:message_write:178:0:@__bad_copy_to
nil	*global_alloc@llvm.dbg.declare	[<<main-context>>, nil]	</harden/bcfiles/linux_bcfiles/kbmp.bc>:message_write:183:0:@llvm.dbg.declare
nil	*global_alloc@llvm.dbg.declare	[<<main-context>>, nil]	</harden/bcfiles/linux_bcfiles/kbmp.bc>:message_write:195:0:@llvm.dbg.declare
nil	*global_alloc@check_object_size	[<<main-context>>, nil]	</harden/bcfiles/linux_bcfiles/kbmp.bc>:message_write:215:0:@check_object_size
nil	*global_alloc@_copy_from_user	[<<main-context>>, nil]	</harden/bcfiles/linux_bcfiles/kbmp.bc>:message_write:223:0:@_copy_from_user
nil	*global_alloc@_printk	[<<main-context>>, nil]	</harden/bcfiles/linux_bcfiles/kbmp.bc>:message_write:235:0:@_printk
nil	*global_alloc@memset	[<<main-context>>, nil]	</harden/bcfiles/linux_bcfiles/kbmp.bc>:message_write:238:0:@memset
nil	*global_alloc@llvm.dbg.declare	[<<main-context>>, nil]	</harden/bcfiles/linux_bcfiles/kbmp.bc>:kmsan_unpoison_memory:3:0:@llvm.dbg.declare
nil	*global_alloc@llvm.dbg.declare	[<<main-context>>, nil]	</harden/bcfiles/linux_bcfiles/kbmp.bc>:kmsan_unpoison_memory:5:0:@llvm.dbg.declare
nil	*global_alloc@llvm.dbg.declare	[<<main-context>>, nil]	</harden/bcfiles/linux_bcfiles/kbmp.bc>:message_read:21:0:@llvm.dbg.declare
nil	*global_alloc@llvm.dbg.declare	[<<main-context>>, nil]	</harden/bcfiles/linux_bcfiles/kbmp.bc>:message_read:23:0:@llvm.dbg.declare
nil	*global_alloc@llvm.dbg.declare	[<<main-context>>, nil]	</harden/bcfiles/linux_bcfiles/kbmp.bc>:message_read:25:0:@llvm.dbg.declare
nil	*global_alloc@llvm.dbg.declare	[<<main-context>>, nil]	</harden/bcfiles/linux_bcfiles/kbmp.bc>:message_read:27:0:@llvm.dbg.declare
nil	*global_alloc@strcmp	[<<main-context>>, nil]	</harden/bcfiles/linux_bcfiles/kbmp.bc>:message_read:35:0:@strcmp
nil	*global_alloc@_printk	[<<main-context>>, nil]	</harden/bcfiles/linux_bcfiles/kbmp.bc>:message_read:40:0:@_printk
nil	*global_alloc@llvm.dbg.declare	[<<main-context>>, nil]	</harden/bcfiles/linux_bcfiles/kbmp.bc>:message_read:62:0:@llvm.dbg.declare
nil	*global_alloc@strnlen	[<<main-context>>, nil]	</harden/bcfiles/linux_bcfiles/kbmp.bc>:message_read:63:0:@strnlen
nil	*global_alloc@llvm.dbg.declare	[<<main-context>>, nil]	</harden/bcfiles/linux_bcfiles/kbmp.bc>:message_read:72:0:@llvm.dbg.declare
nil	*global_alloc@llvm.dbg.declare	[<<main-context>>, nil]	</harden/bcfiles/linux_bcfiles/kbmp.bc>:message_read:76:0:@llvm.dbg.declare
nil	*global_alloc@llvm.dbg.declare	[<<main-context>>, nil]	</harden/bcfiles/linux_bcfiles/kbmp.bc>:message_read:78:0:@llvm.dbg.declare
nil	*global_alloc@llvm.dbg.declare	[<<main-context>>, nil]	</harden/bcfiles/linux_bcfiles/kbmp.bc>:message_read:80:0:@llvm.dbg.declare
nil	*global_alloc@llvm.dbg.declare	[<<main-context>>, nil]	</harden/bcfiles/linux_bcfiles/kbmp.bc>:message_read:84:0:@llvm.dbg.declare
nil	*global_alloc@llvm.dbg.declare	[<<main-context>>, nil]	</harden/bcfiles/linux_bcfiles/kbmp.bc>:message_read:86:0:@llvm.dbg.declare
nil	*global_alloc@llvm.dbg.declare	[<<main-context>>, nil]	</harden/bcfiles/linux_bcfiles/kbmp.bc>:message_read:88:0:@llvm.dbg.declare
nil	*global_alloc@llvm.dbg.declare	[<<main-context>>, nil]	</harden/bcfiles/linux_bcfiles/kbmp.bc>:message_read:89:0:@llvm.dbg.declare
nil	*global_alloc@llvm.objectsize.i64.p0i8	[<<main-context>>, nil]	</harden/bcfiles/linux_bcfiles/kbmp.bc>:message_read:91:0:@llvm.objectsize.i64.p0i8
nil	*global_alloc@llvm.is.constant.i64	[<<main-context>>, nil]	</harden/bcfiles/linux_bcfiles/kbmp.bc>:message_read:108:0:@llvm.is.constant.i64
nil	*global_alloc@copy_overflow	[<<main-context>>, nil]	</harden/bcfiles/linux_bcfiles/kbmp.bc>:message_read:112:0:@copy_overflow
nil	*global_alloc@__bad_copy_from	[<<main-context>>, nil]	</harden/bcfiles/linux_bcfiles/kbmp.bc>:message_read:117:0:@__bad_copy_from
nil	*global_alloc@__bad_copy_to	[<<main-context>>, nil]	</harden/bcfiles/linux_bcfiles/kbmp.bc>:message_read:119:0:@__bad_copy_to
nil	*global_alloc@llvm.dbg.declare	[<<main-context>>, nil]	</harden/bcfiles/linux_bcfiles/kbmp.bc>:message_read:124:0:@llvm.dbg.declare
nil	*global_alloc@llvm.dbg.declare	[<<main-context>>, nil]	</harden/bcfiles/linux_bcfiles/kbmp.bc>:message_read:136:0:@llvm.dbg.declare
nil	*global_alloc@check_object_size	[<<main-context>>, nil]	</harden/bcfiles/linux_bcfiles/kbmp.bc>:message_read:156:0:@check_object_size
nil	*global_alloc@_copy_to_user	[<<main-context>>, nil]	</harden/bcfiles/linux_bcfiles/kbmp.bc>:message_read:164:0:@_copy_to_user
nil	*global_alloc@_printk	[<<main-context>>, nil]	</harden/bcfiles/linux_bcfiles/kbmp.bc>:message_read:176:0:@_printk
nil	*global_alloc@llvm.dbg.declare	nil	</harden/bcfiles/linux_bcfiles/kbmp.bc>:copy_overflow:3:0:@llvm.dbg.declare
nil	*global_alloc@llvm.dbg.declare	nil	</harden/bcfiles/linux_bcfiles/kbmp.bc>:copy_overflow:5:0:@llvm.dbg.declare
nil	*global_alloc@__copy_overflow	nil	</harden/bcfiles/linux_bcfiles/kbmp.bc>:copy_overflow:8:0:@__copy_overflow
nil	*global_alloc@llvm.dbg.declare	[@message_write, [<<main-context>>, nil]]	</harden/bcfiles/linux_bcfiles/kbmp.bc>:check_object_size:4:0:@llvm.dbg.declare
nil	*global_alloc@llvm.dbg.declare	[@message_read, [<<main-context>>, nil]]	</harden/bcfiles/linux_bcfiles/kbmp.bc>:check_object_size:4:0:@llvm.dbg.declare
nil	*global_alloc@llvm.dbg.declare	[@message_write, [<<main-context>>, nil]]	</harden/bcfiles/linux_bcfiles/kbmp.bc>:check_object_size:6:0:@llvm.dbg.declare
nil	*global_alloc@llvm.dbg.declare	[@message_read, [<<main-context>>, nil]]	</harden/bcfiles/linux_bcfiles/kbmp.bc>:check_object_size:6:0:@llvm.dbg.declare
nil	*global_alloc@llvm.dbg.declare	[@message_write, [<<main-context>>, nil]]	</harden/bcfiles/linux_bcfiles/kbmp.bc>:check_object_size:9:0:@llvm.dbg.declare
nil	*global_alloc@llvm.dbg.declare	[@message_read, [<<main-context>>, nil]]	</harden/bcfiles/linux_bcfiles/kbmp.bc>:check_object_size:9:0:@llvm.dbg.declare
nil	*global_alloc@message_buffer[0]	[<<main-context>>, nil]	</harden/bcfiles/linux_bcfiles/kbmp.bc>:message_write:134:0:getelementptr inbounds ([1024 x i8], [1024 x i8]* @message_buffer, i64 0, i64 0)
nil	*global_alloc@message_buffer[0][*]	[<<main-context>>, nil]	</harden/bcfiles/linux_bcfiles/kbmp.bc>:message_write:134:0:getelementptr inbounds ([1024 x i8], [1024 x i8]* @message_buffer, i64 0, i64 0)
nil	*global_alloc@message_buffer[0][*]	[<<main-context>>, nil]	</harden/bcfiles/linux_bcfiles/kbmp.bc>:message_write:248:1:getelementptr inbounds ([1024 x i8], [1024 x i8]* @message_buffer, i64 0, i64 1023)
nil	*global_alloc@message_buffer[0]	[<<main-context>>, nil]	</harden/bcfiles/linux_bcfiles/kbmp.bc>:message_read:77:0:getelementptr inbounds ([1024 x i8], [1024 x i8]* @message_buffer, i64 0, i64 0)
nil	*global_alloc@message_buffer[0][*]	[<<main-context>>, nil]	</harden/bcfiles/linux_bcfiles/kbmp.bc>:message_read:77:0:getelementptr inbounds ([1024 x i8], [1024 x i8]* @message_buffer, i64 0, i64 0)
nil	*global_alloc@.str	[<<main-context>>, nil]	</harden/bcfiles/linux_bcfiles/kbmp.bc>:message_write:44:2:@.str
nil	*global_alloc@.str.1	[<<main-context>>, nil]	</harden/bcfiles/linux_bcfiles/kbmp.bc>:message_write:49:2:@.str.1
nil	*global_alloc@.str.2	[<<main-context>>, nil]	</harden/bcfiles/linux_bcfiles/kbmp.bc>:message_write:59:2:@.str.2
nil	*global_alloc@message_buffer	[<<main-context>>, nil]	</harden/bcfiles/linux_bcfiles/kbmp.bc>:message_write:134:1:@message_buffer
nil	*global_alloc@.str.7	[<<main-context>>, nil]	</harden/bcfiles/linux_bcfiles/kbmp.bc>:message_write:198:1:@.str.7
nil	*global_alloc@.str.3	[<<main-context>>, nil]	</harden/bcfiles/linux_bcfiles/kbmp.bc>:message_write:235:2:@.str.3
nil	*global_alloc@message_buffer	[<<main-context>>, nil]	</harden/bcfiles/linux_bcfiles/kbmp.bc>:message_write:238:2:@message_buffer
nil	*global_alloc@message_buffer	[<<main-context>>, nil]	</harden/bcfiles/linux_bcfiles/kbmp.bc>:message_write:245:0:@message_buffer
nil	*global_alloc@message_buffer	[<<main-context>>, nil]	</harden/bcfiles/linux_bcfiles/kbmp.bc>:message_write:248:2:@message_buffer
nil	*global_alloc@.str	[<<main-context>>, nil]	</harden/bcfiles/linux_bcfiles/kbmp.bc>:message_read:35:2:@.str
nil	*global_alloc@.str.4	[<<main-context>>, nil]	</harden/bcfiles/linux_bcfiles/kbmp.bc>:message_read:40:2:@.str.4
nil	*global_alloc@message_buffer	[<<main-context>>, nil]	</harden/bcfiles/linux_bcfiles/kbmp.bc>:message_read:63:2:@message_buffer
nil	*global_alloc@message_buffer	[<<main-context>>, nil]	</harden/bcfiles/linux_bcfiles/kbmp.bc>:message_read:77:1:@message_buffer
nil	*global_alloc@.str.7	[<<main-context>>, nil]	</harden/bcfiles/linux_bcfiles/kbmp.bc>:message_read:139:1:@.str.7
nil	*global_alloc@.str.3	[<<main-context>>, nil]	</harden/bcfiles/linux_bcfiles/kbmp.bc>:message_read:176:2:@.str.3
nil	*null*	[<<main-context>>, nil]	</harden/bcfiles/linux_bcfiles/kbmp.bc>:message_read:46:0:null
nil	*argv-alloc	[<<main-context>>, nil]	</harden/bcfiles/linux_bcfiles/kbmp.bc>:message_write:%192
nil	*argv-alloc[0]	[<<main-context>>, nil]	</harden/bcfiles/linux_bcfiles/kbmp.bc>:message_write:%192
[<<main-context>>, nil]	*stack_alloc@message_write[i64* %16]	[<<main-context>>, nil]	</harden/bcfiles/linux_bcfiles/kbmp.bc>:message_write:%192
[<<main-context>>, nil]	*stack_alloc@message_write[i64* %19]	[<<main-context>>, nil]	</harden/bcfiles/linux_bcfiles/kbmp.bc>:message_write:%192
[<<main-context>>, nil]	*stack_alloc@message_write[i64* %19][0]	[<<main-context>>, nil]	</harden/bcfiles/linux_bcfiles/kbmp.bc>:message_write:%192
[<<main-context>>, nil]	*stack_alloc@message_write[i32* %33]	[<<main-context>>, nil]	</harden/bcfiles/linux_bcfiles/kbmp.bc>:message_write:%189
[<<main-context>>, nil]	*stack_alloc@message_write[i32* %32]	[<<main-context>>, nil]	</harden/bcfiles/linux_bcfiles/kbmp.bc>:message_write:%179
[<<main-context>>, nil]	*stack_alloc@message_write[i64* %12]	[<<main-context>>, nil]	</harden/bcfiles/linux_bcfiles/kbmp.bc>:message_write:%154
[<<main-context>>, nil]	*stack_alloc@message_write[i32* %10]	[<<main-context>>, nil]	</harden/bcfiles/linux_bcfiles/kbmp.bc>:message_write:%149
[<<main-context>>, nil]	*stack_alloc@message_write[i8* %8]	[<<main-context>>, nil]	</harden/bcfiles/linux_bcfiles/kbmp.bc>:message_write:%160
nil	*argv-alloc	[<<main-context>>, nil]	</harden/bcfiles/linux_bcfiles/kbmp.bc>:message_write:%137
nil	*argv-alloc[0]	[<<main-context>>, nil]	</harden/bcfiles/linux_bcfiles/kbmp.bc>:message_write:%137
[<<main-context>>, nil]	*stack_alloc@message_write[i64* %7]	[<<main-context>>, nil]	</harden/bcfiles/linux_bcfiles/kbmp.bc>:message_write:%137
[<<main-context>>, nil]	*stack_alloc@message_write[i64* %15]	[<<main-context>>, nil]	</harden/bcfiles/linux_bcfiles/kbmp.bc>:message_write:%137
[<<main-context>>, nil]	*stack_alloc@message_write[i64* %19]	[<<main-context>>, nil]	</harden/bcfiles/linux_bcfiles/kbmp.bc>:message_write:%137
[<<main-context>>, nil]	*stack_alloc@message_write[i64* %15][0]	[<<main-context>>, nil]	</harden/bcfiles/linux_bcfiles/kbmp.bc>:message_write:%137
[<<main-context>>, nil]	*stack_alloc@message_write[i64* %19][0]	[<<main-context>>, nil]	</harden/bcfiles/linux_bcfiles/kbmp.bc>:message_write:%137
[<<main-context>>, nil]	*stack_alloc@message_write[i8* %8]	[<<main-context>>, nil]	</harden/bcfiles/linux_bcfiles/kbmp.bc>:message_write:%130
nil	*argv-alloc	[<<main-context>>, nil]	</harden/bcfiles/linux_bcfiles/kbmp.bc>:message_write:%116
nil	*argv-alloc[0]	[<<main-context>>, nil]	</harden/bcfiles/linux_bcfiles/kbmp.bc>:message_write:%116
[<<main-context>>, nil]	*stack_alloc@message_write[i64* %7]	[<<main-context>>, nil]	</harden/bcfiles/linux_bcfiles/kbmp.bc>:message_write:%116
[<<main-context>>, nil]	*stack_alloc@message_write[i64* %15]	[<<main-context>>, nil]	</harden/bcfiles/linux_bcfiles/kbmp.bc>:message_write:%116
[<<main-context>>, nil]	*stack_alloc@message_write[i64* %19]	[<<main-context>>, nil]	</harden/bcfiles/linux_bcfiles/kbmp.bc>:message_write:%116
[<<main-context>>, nil]	*stack_alloc@message_write[i64* %15][0]	[<<main-context>>, nil]	</harden/bcfiles/linux_bcfiles/kbmp.bc>:message_write:%116
[<<main-context>>, nil]	*stack_alloc@message_write[i64* %19][0]	[<<main-context>>, nil]	</harden/bcfiles/linux_bcfiles/kbmp.bc>:message_write:%116
[<<main-context>>, nil]	*stack_alloc@message_write[i32* %9]	[<<main-context>>, nil]	</harden/bcfiles/linux_bcfiles/kbmp.bc>:message_write:%114
nil	*argv-alloc	[<<main-context>>, nil]	</harden/bcfiles/linux_bcfiles/kbmp.bc>:message_write:%105
nil	*argv-alloc[0]	[<<main-context>>, nil]	</harden/bcfiles/linux_bcfiles/kbmp.bc>:message_write:%105
[<<main-context>>, nil]	*stack_alloc@message_write[i64* %19]	[<<main-context>>, nil]	</harden/bcfiles/linux_bcfiles/kbmp.bc>:message_write:%105
nil	*global_alloc@message_buffer[*]	[<<main-context>>, nil]	</harden/bcfiles/linux_bcfiles/kbmp.bc>:message_write:%186
nil	*global_alloc@message_buffer[0][*]	[<<main-context>>, nil]	</harden/bcfiles/linux_bcfiles/kbmp.bc>:message_write:%186
[<<main-context>>, nil]	*stack_alloc@message_write[i1* %5]	[<<main-context>>, nil]	</harden/bcfiles/linux_bcfiles/kbmp.bc>:message_write:%163
[<<main-context>>, nil]	*stack_alloc@message_write[i8* %24]	[<<main-context>>, nil]	</harden/bcfiles/linux_bcfiles/kbmp.bc>:message_write:%95
[<<main-context>>, nil]	*stack_alloc@message_write[i8* %27]	[<<main-context>>, nil]	</harden/bcfiles/linux_bcfiles/kbmp.bc>:message_write:%95
[<<main-context>>, nil]	*stack_alloc@message_write[i8* %27][0]	[<<main-context>>, nil]	</harden/bcfiles/linux_bcfiles/kbmp.bc>:message_write:%95
nil	*argv-alloc	[<<main-context>>, nil]	</harden/bcfiles/linux_bcfiles/kbmp.bc>:message_write:%185
nil	*argv-alloc[0]	[<<main-context>>, nil]	</harden/bcfiles/linux_bcfiles/kbmp.bc>:message_write:%185
[<<main-context>>, nil]	*stack_alloc@message_write[i64* %19]	[<<main-context>>, nil]	</harden/bcfiles/linux_bcfiles/kbmp.bc>:message_write:%185
nil	*argv-alloc	[<<main-context>>, nil]	</harden/bcfiles/linux_bcfiles/kbmp.bc>:message_write:%104
nil	*argv-alloc[0]	[<<main-context>>, nil]	</harden/bcfiles/linux_bcfiles/kbmp.bc>:message_write:%104
[<<main-context>>, nil]	*stack_alloc@message_write[i8** %18]	[<<main-context>>, nil]	</harden/bcfiles/linux_bcfiles/kbmp.bc>:message_write:%104
[<<main-context>>, nil]	*stack_alloc@message_write[i8* %24]	[<<main-context>>, nil]	</harden/bcfiles/linux_bcfiles/kbmp.bc>:message_write:%91
[<<main-context>>, nil]	*stack_alloc@message_write[i8* %27]	[<<main-context>>, nil]	</harden/bcfiles/linux_bcfiles/kbmp.bc>:message_write:%91
[<<main-context>>, nil]	*stack_alloc@message_write[i8* %27][0]	[<<main-context>>, nil]	</harden/bcfiles/linux_bcfiles/kbmp.bc>:message_write:%91
[<<main-context>>, nil]	*stack_alloc@message_write[i64* %25]	[<<main-context>>, nil]	</harden/bcfiles/linux_bcfiles/kbmp.bc>:message_write:%82
[<<main-context>>, nil]	*stack_alloc@message_write[i64* %30]	[<<main-context>>, nil]	</harden/bcfiles/linux_bcfiles/kbmp.bc>:message_write:%82
[<<main-context>>, nil]	*stack_alloc@message_write[i64* %30][0]	[<<main-context>>, nil]	</harden/bcfiles/linux_bcfiles/kbmp.bc>:message_write:%82
nil	*argv-alloc	[<<main-context>>, nil]	</harden/bcfiles/linux_bcfiles/kbmp.bc>:message_write:%171
nil	*argv-alloc[0]	[<<main-context>>, nil]	</harden/bcfiles/linux_bcfiles/kbmp.bc>:message_write:%171
[<<main-context>>, nil]	*stack_alloc@message_write[i64* %15]	[<<main-context>>, nil]	</harden/bcfiles/linux_bcfiles/kbmp.bc>:message_write:%171
[<<main-context>>, nil]	*stack_alloc@message_write[i64* %19]	[<<main-context>>, nil]	</harden/bcfiles/linux_bcfiles/kbmp.bc>:message_write:%171
[<<main-context>>, nil]	*stack_alloc@message_write[i64* %31]	[<<main-context>>, nil]	</harden/bcfiles/linux_bcfiles/kbmp.bc>:message_write:%171
[<<main-context>>, nil]	*stack_alloc@message_write[i64* %15][0]	[<<main-context>>, nil]	</harden/bcfiles/linux_bcfiles/kbmp.bc>:message_write:%171
[<<main-context>>, nil]	*stack_alloc@message_write[i64* %19][0]	[<<main-context>>, nil]	</harden/bcfiles/linux_bcfiles/kbmp.bc>:message_write:%171
[<<main-context>>, nil]	*stack_alloc@message_write[i64* %30]	[<<main-context>>, nil]	</harden/bcfiles/linux_bcfiles/kbmp.bc>:message_write:%81
[<<main-context>>, nil]	*stack_alloc@message_write[i32* %26]	[<<main-context>>, nil]	</harden/bcfiles/linux_bcfiles/kbmp.bc>:message_write:%79
[<<main-context>>, nil]	*stack_alloc@message_write[i32* %9]	[<<main-context>>, nil]	</harden/bcfiles/linux_bcfiles/kbmp.bc>:message_write:%111
[<<main-context>>, nil]	*stack_alloc@message_write[i8* %29]	[<<main-context>>, nil]	</harden/bcfiles/linux_bcfiles/kbmp.bc>:message_write:%77
nil	*argv-alloc	[<<main-context>>, nil]	</harden/bcfiles/linux_bcfiles/kbmp.bc>:message_write:%170
nil	*argv-alloc[0]	[<<main-context>>, nil]	</harden/bcfiles/linux_bcfiles/kbmp.bc>:message_write:%170
[<<main-context>>, nil]	*stack_alloc@message_write[i64* %15]	[<<main-context>>, nil]	</harden/bcfiles/linux_bcfiles/kbmp.bc>:message_write:%170
[<<main-context>>, nil]	*stack_alloc@message_write[i64* %19]	[<<main-context>>, nil]	</harden/bcfiles/linux_bcfiles/kbmp.bc>:message_write:%170
[<<main-context>>, nil]	*stack_alloc@message_write[i64* %19][0]	[<<main-context>>, nil]	</harden/bcfiles/linux_bcfiles/kbmp.bc>:message_write:%170
[<<main-context>>, nil]	*stack_alloc@message_write[i64* %28]	[<<main-context>>, nil]	</harden/bcfiles/linux_bcfiles/kbmp.bc>:message_write:%75
[<<main-context>>, nil]	*typed_stack_alloc@message_write[i8* %28]	[<<main-context>>, nil]	</harden/bcfiles/linux_bcfiles/kbmp.bc>:message_write:%75
[<<main-context>>, nil]	*stack_alloc@message_write[i64* %23]	[<<main-context>>, nil]	</harden/bcfiles/linux_bcfiles/kbmp.bc>:message_write:%101
[<<main-context>>, nil]	*stack_alloc@message_write[i64* %23]	[<<main-context>>, nil]	</harden/bcfiles/linux_bcfiles/kbmp.bc>:message_write:%64
nil	*argv-alloc	[<<main-context>>, nil]	</harden/bcfiles/linux_bcfiles/kbmp.bc>:message_write:%63
nil	*argv-alloc[0]	[<<main-context>>, nil]	</harden/bcfiles/linux_bcfiles/kbmp.bc>:message_write:%63
[<<main-context>>, nil]	*stack_alloc@message_write[i8** %18]	[<<main-context>>, nil]	</harden/bcfiles/linux_bcfiles/kbmp.bc>:message_write:%63
nil	*argv-alloc	[<<main-context>>, nil]	</harden/bcfiles/linux_bcfiles/kbmp.bc>:message_write:%59
nil	*argv-alloc[0]	[<<main-context>>, nil]	</harden/bcfiles/linux_bcfiles/kbmp.bc>:message_write:%59
[<<main-context>>, nil]	*stack_alloc@message_write[i64* %19]	[<<main-context>>, nil]	</harden/bcfiles/linux_bcfiles/kbmp.bc>:message_write:%59
[<<main-context>>, nil]	*stack_alloc@message_write[i64* %23]	[<<main-context>>, nil]	</harden/bcfiles/linux_bcfiles/kbmp.bc>:message_write:%58
[<<main-context>>, nil]	*stack_alloc@message_write[i32* %22]	[<<main-context>>, nil]	</harden/bcfiles/linux_bcfiles/kbmp.bc>:message_write:%55
[<<main-context>>, nil]	*stack_alloc@message_write[i32* %21]	[<<main-context>>, nil]	</harden/bcfiles/linux_bcfiles/kbmp.bc>:message_write:%47
nil	*argv-alloc	[<<main-context>>, nil]	</harden/bcfiles/linux_bcfiles/kbmp.bc>:message_write:%49
nil	*argv-alloc[0]	[<<main-context>>, nil]	</harden/bcfiles/linux_bcfiles/kbmp.bc>:message_write:%49
[<<main-context>>, nil]	*stack_alloc@message_write[i64* %19]	[<<main-context>>, nil]	</harden/bcfiles/linux_bcfiles/kbmp.bc>:message_write:%49
nil	*argv-alloc	[<<main-context>>, nil]	</harden/bcfiles/linux_bcfiles/kbmp.bc>:message_write:%182
nil	*argv-alloc[0]	[<<main-context>>, nil]	</harden/bcfiles/linux_bcfiles/kbmp.bc>:message_write:%182
[<<main-context>>, nil]	*stack_alloc@message_write[i64* %19]	[<<main-context>>, nil]	</harden/bcfiles/linux_bcfiles/kbmp.bc>:message_write:%182
[<<main-context>>, nil]	*stack_alloc@message_write[i32* %10]	[<<main-context>>, nil]	</harden/bcfiles/linux_bcfiles/kbmp.bc>:message_write:%141
nil	*argv-alloc	nil	</harden/bcfiles/linux_bcfiles/kbmp.bc>:message_write:%39
nil	*argv-alloc	nil	</harden/bcfiles/linux_bcfiles/kbmp.bc>:message_write:%38
nil	*argv-alloc	nil	</harden/bcfiles/linux_bcfiles/kbmp.bc>:message_write:%37
nil	*argv-alloc	nil	</harden/bcfiles/linux_bcfiles/kbmp.bc>:message_write:%35
nil	*argv-alloc	[<<main-context>>, nil]	</harden/bcfiles/linux_bcfiles/kbmp.bc>:message_write:%34
nil	*argv-alloc[0]	[<<main-context>>, nil]	</harden/bcfiles/linux_bcfiles/kbmp.bc>:message_write:%34
[<<main-context>>, nil]	*stack_alloc@message_write[%struct.file** %17]	[<<main-context>>, nil]	</harden/bcfiles/linux_bcfiles/kbmp.bc>:message_write:%34
[<<main-context>>, nil]	*stack_alloc@message_write[i8* %27]	[<<main-context>>, nil]	</harden/bcfiles/linux_bcfiles/kbmp.bc>:message_write:%72
[<<main-context>>, nil]	*stack_alloc@message_write[i32* %33]	[<<main-context>>, nil]	</harden/bcfiles/linux_bcfiles/kbmp.bc>:message_write:%33
[<<main-context>>, nil]	*stack_alloc@message_write[i32* %32]	[<<main-context>>, nil]	</harden/bcfiles/linux_bcfiles/kbmp.bc>:message_write:%32
[<<main-context>>, nil]	*stack_alloc@message_write[i64* %31]	[<<main-context>>, nil]	</harden/bcfiles/linux_bcfiles/kbmp.bc>:message_write:%31
nil	*global_alloc@message_buffer	[<<main-context>>, nil]	</harden/bcfiles/linux_bcfiles/kbmp.bc>:message_write:%106
nil	*global_alloc@message_buffer[0]	[<<main-context>>, nil]	</harden/bcfiles/linux_bcfiles/kbmp.bc>:message_write:%106
nil	*global_alloc@message_buffer[0][*]	[<<main-context>>, nil]	</harden/bcfiles/linux_bcfiles/kbmp.bc>:message_write:%106
[<<main-context>>, nil]	*stack_alloc@message_write[i8** %13]	[<<main-context>>, nil]	</harden/bcfiles/linux_bcfiles/kbmp.bc>:message_write:%106
[<<main-context>>, nil]	*stack_alloc@message_write[i64* %30]	[<<main-context>>, nil]	</harden/bcfiles/linux_bcfiles/kbmp.bc>:message_write:%30
[<<main-context>>, nil]	*stack_alloc@message_write[i8* %29]	[<<main-context>>, nil]	</harden/bcfiles/linux_bcfiles/kbmp.bc>:message_write:%29
[<<main-context>>, nil]	*stack_alloc@message_write[i64* %28]	[<<main-context>>, nil]	</harden/bcfiles/linux_bcfiles/kbmp.bc>:message_write:%28
[<<main-context>>, nil]	*typed_stack_alloc@message_write[i8* %28]	[<<main-context>>, nil]	</harden/bcfiles/linux_bcfiles/kbmp.bc>:message_write:%28
nil	*argv-alloc	nil	</harden/bcfiles/linux_bcfiles/kbmp.bc>:message_write:%36
[<<main-context>>, nil]	*stack_alloc@message_write[i8* %27]	[<<main-context>>, nil]	</harden/bcfiles/linux_bcfiles/kbmp.bc>:message_write:%27
[<<main-context>>, nil]	*stack_alloc@message_write[i32* %26]	[<<main-context>>, nil]	</harden/bcfiles/linux_bcfiles/kbmp.bc>:message_write:%26
nil	*argv-alloc	[<<main-context>>, nil]	</harden/bcfiles/linux_bcfiles/kbmp.bc>:message_write:%107
nil	*argv-alloc[0]	[<<main-context>>, nil]	</harden/bcfiles/linux_bcfiles/kbmp.bc>:message_write:%107
[<<main-context>>, nil]	*stack_alloc@message_write[i64* %15]	[<<main-context>>, nil]	</harden/bcfiles/linux_bcfiles/kbmp.bc>:message_write:%107
[<<main-context>>, nil]	*stack_alloc@message_write[i64* %19]	[<<main-context>>, nil]	</harden/bcfiles/linux_bcfiles/kbmp.bc>:message_write:%107
[<<main-context>>, nil]	*stack_alloc@message_write[i64* %19][0]	[<<main-context>>, nil]	</harden/bcfiles/linux_bcfiles/kbmp.bc>:message_write:%107
[<<main-context>>, nil]	*stack_alloc@message_write[i64* %25]	[<<main-context>>, nil]	</harden/bcfiles/linux_bcfiles/kbmp.bc>:message_write:%25
[<<main-context>>, nil]	*stack_alloc@message_write[i8* %24]	[<<main-context>>, nil]	</harden/bcfiles/linux_bcfiles/kbmp.bc>:message_write:%24
[<<main-context>>, nil]	*stack_alloc@message_write[i8* %24]	[<<main-context>>, nil]	</harden/bcfiles/linux_bcfiles/kbmp.bc>:message_write:%86
[<<main-context>>, nil]	*stack_alloc@message_write[i8* %27]	[<<main-context>>, nil]	</harden/bcfiles/linux_bcfiles/kbmp.bc>:message_write:%86
[<<main-context>>, nil]	*stack_alloc@message_write[i8* %27][0]	[<<main-context>>, nil]	</harden/bcfiles/linux_bcfiles/kbmp.bc>:message_write:%86
[<<main-context>>, nil]	*stack_alloc@message_write[i64* %23]	[<<main-context>>, nil]	</harden/bcfiles/linux_bcfiles/kbmp.bc>:message_write:%23
[<<main-context>>, nil]	*stack_alloc@message_write[i32* %21]	[<<main-context>>, nil]	</harden/bcfiles/linux_bcfiles/kbmp.bc>:message_write:%21
[<<main-context>>, nil]	*stack_alloc@message_write[i64** %20]	[<<main-context>>, nil]	</harden/bcfiles/linux_bcfiles/kbmp.bc>:message_write:%20
[<<main-context>>, nil]	*stack_alloc@message_write[i64* %19]	[<<main-context>>, nil]	</harden/bcfiles/linux_bcfiles/kbmp.bc>:message_write:%19
[<<main-context>>, nil]	*stack_alloc@message_write[i64* %16]	[<<main-context>>, nil]	</harden/bcfiles/linux_bcfiles/kbmp.bc>:message_write:%16
[<<main-context>>, nil]	*stack_alloc@message_write[i64* %15]	[<<main-context>>, nil]	</harden/bcfiles/linux_bcfiles/kbmp.bc>:message_write:%15
[<<main-context>>, nil]	*stack_alloc@message_write[i8** %14]	[<<main-context>>, nil]	</harden/bcfiles/linux_bcfiles/kbmp.bc>:message_write:%14
[<<main-context>>, nil]	*stack_alloc@message_write[i8** %13]	[<<main-context>>, nil]	</harden/bcfiles/linux_bcfiles/kbmp.bc>:message_write:%13
[<<main-context>>, nil]	*stack_alloc@message_write[i64* %12]	[<<main-context>>, nil]	</harden/bcfiles/linux_bcfiles/kbmp.bc>:message_write:%12
[<<main-context>>, nil]	*stack_alloc@message_write[i32* %22]	[<<main-context>>, nil]	</harden/bcfiles/linux_bcfiles/kbmp.bc>:message_write:%22
[<<main-context>>, nil]	*stack_alloc@message_write[i32* %11]	[<<main-context>>, nil]	</harden/bcfiles/linux_bcfiles/kbmp.bc>:message_write:%11
[<<main-context>>, nil]	*stack_alloc@message_write[i32* %9]	[<<main-context>>, nil]	</harden/bcfiles/linux_bcfiles/kbmp.bc>:message_write:%9
[<<main-context>>, nil]	*stack_alloc@message_write[i8* %8]	[<<main-context>>, nil]	</harden/bcfiles/linux_bcfiles/kbmp.bc>:message_write:%8
[<<main-context>>, nil]	*stack_alloc@message_write[i64* %7]	[<<main-context>>, nil]	</harden/bcfiles/linux_bcfiles/kbmp.bc>:message_write:%7
[<<main-context>>, nil]	*stack_alloc@message_write[i8** %6]	[<<main-context>>, nil]	</harden/bcfiles/linux_bcfiles/kbmp.bc>:message_write:%6
[<<main-context>>, nil]	*stack_alloc@message_write[i32* %10]	[<<main-context>>, nil]	</harden/bcfiles/linux_bcfiles/kbmp.bc>:message_write:%10
[<<main-context>>, nil]	*stack_alloc@message_write[i1* %5]	[<<main-context>>, nil]	</harden/bcfiles/linux_bcfiles/kbmp.bc>:message_write:%5
[<<main-context>>, nil]	*stack_alloc@message_write[%struct.file** %17]	[<<main-context>>, nil]	</harden/bcfiles/linux_bcfiles/kbmp.bc>:message_write:%17
nil	*argv-alloc	[<<main-context>>, nil]	</harden/bcfiles/linux_bcfiles/kbmp.bc>:message_write:%190
nil	*argv-alloc[0]	[<<main-context>>, nil]	</harden/bcfiles/linux_bcfiles/kbmp.bc>:message_write:%190
[<<main-context>>, nil]	*stack_alloc@message_write[i64* %19]	[<<main-context>>, nil]	</harden/bcfiles/linux_bcfiles/kbmp.bc>:message_write:%190
[<<main-context>>, nil]	*stack_alloc@message_write[i8* %27]	[<<main-context>>, nil]	</harden/bcfiles/linux_bcfiles/kbmp.bc>:message_write:%78
nil	*argv-alloc	[<<main-context>>, nil]	</harden/bcfiles/linux_bcfiles/kbmp.bc>:message_write:%2
nil	*argv-alloc	[<<main-context>>, nil]	</harden/bcfiles/linux_bcfiles/kbmp.bc>:message_write:%1
[<<main-context>>, nil]	*stack_alloc@message_write[i8** %18]	[<<main-context>>, nil]	</harden/bcfiles/linux_bcfiles/kbmp.bc>:message_write:%18
nil	*argv-alloc	[<<main-context>>, nil]	</harden/bcfiles/linux_bcfiles/kbmp.bc>:message_write:%0
[<<main-context>>, nil]	*stack_alloc@kmsan_unpoison_memory[i64* %4]	[<<main-context>>, nil]	</harden/bcfiles/linux_bcfiles/kbmp.bc>:kmsan_unpoison_memory:%4
[<<main-context>>, nil]	*stack_alloc@kmsan_unpoison_memory[i8** %3]	[<<main-context>>, nil]	</harden/bcfiles/linux_bcfiles/kbmp.bc>:kmsan_unpoison_memory:%3
[<<main-context>>, nil]	*stack_alloc@message_write[i64* %28]	[<<main-context>>, nil]	</harden/bcfiles/linux_bcfiles/kbmp.bc>:kmsan_unpoison_memory:%0
[<<main-context>>, nil]	*typed_stack_alloc@message_write[i8* %28]	[<<main-context>>, nil]	</harden/bcfiles/linux_bcfiles/kbmp.bc>:kmsan_unpoison_memory:%0
nil	*argv-alloc	[<<main-context>>, nil]	</harden/bcfiles/linux_bcfiles/kbmp.bc>:message_read:%139
nil	*argv-alloc[0]	[<<main-context>>, nil]	</harden/bcfiles/linux_bcfiles/kbmp.bc>:message_read:%139
[<<main-context>>, nil]	*stack_alloc@message_read[i64* %19]	[<<main-context>>, nil]	</harden/bcfiles/linux_bcfiles/kbmp.bc>:message_read:%139
[<<main-context>>, nil]	*stack_alloc@message_read[i64* %22]	[<<main-context>>, nil]	</harden/bcfiles/linux_bcfiles/kbmp.bc>:message_read:%139
[<<main-context>>, nil]	*stack_alloc@message_read[i64* %22][0]	[<<main-context>>, nil]	</harden/bcfiles/linux_bcfiles/kbmp.bc>:message_read:%139
nil	*argv-alloc	[<<main-context>>, nil]	</harden/bcfiles/linux_bcfiles/kbmp.bc>:message_read:%143
nil	*argv-alloc[0]	[<<main-context>>, nil]	</harden/bcfiles/linux_bcfiles/kbmp.bc>:message_read:%143
[<<main-context>>, nil]	*stack_alloc@message_read[i64* %19]	[<<main-context>>, nil]	</harden/bcfiles/linux_bcfiles/kbmp.bc>:message_read:%143
[<<main-context>>, nil]	*stack_alloc@message_read[i64* %22]	[<<main-context>>, nil]	</harden/bcfiles/linux_bcfiles/kbmp.bc>:message_read:%143
[<<main-context>>, nil]	*stack_alloc@message_read[i64* %22][0]	[<<main-context>>, nil]	</harden/bcfiles/linux_bcfiles/kbmp.bc>:message_read:%143
nil	*argv-alloc	[<<main-context>>, nil]	</harden/bcfiles/linux_bcfiles/kbmp.bc>:message_read:%129
nil	*argv-alloc[0]	[<<main-context>>, nil]	</harden/bcfiles/linux_bcfiles/kbmp.bc>:message_read:%129
[<<main-context>>, nil]	*stack_alloc@message_read[i64* %15]	[<<main-context>>, nil]	</harden/bcfiles/linux_bcfiles/kbmp.bc>:message_read:%129
[<<main-context>>, nil]	*stack_alloc@message_read[i64* %19]	[<<main-context>>, nil]	</harden/bcfiles/linux_bcfiles/kbmp.bc>:message_read:%129
[<<main-context>>, nil]	*stack_alloc@message_read[i64* %22]	[<<main-context>>, nil]	</harden/bcfiles/linux_bcfiles/kbmp.bc>:message_read:%129
[<<main-context>>, nil]	*stack_alloc@message_read[i64* %23]	[<<main-context>>, nil]	</harden/bcfiles/linux_bcfiles/kbmp.bc>:message_read:%129
[<<main-context>>, nil]	*stack_alloc@message_read[i64* %15][0]	[<<main-context>>, nil]	</harden/bcfiles/linux_bcfiles/kbmp.bc>:message_read:%129
[<<main-context>>, nil]	*stack_alloc@message_read[i64* %19][0]	[<<main-context>>, nil]	</harden/bcfiles/linux_bcfiles/kbmp.bc>:message_read:%129
[<<main-context>>, nil]	*stack_alloc@message_read[i64* %22][0]	[<<main-context>>, nil]	</harden/bcfiles/linux_bcfiles/kbmp.bc>:message_read:%129
nil	*argv-alloc	[<<main-context>>, nil]	</harden/bcfiles/linux_bcfiles/kbmp.bc>:message_read:%128
nil	*argv-alloc[0]	[<<main-context>>, nil]	</harden/bcfiles/linux_bcfiles/kbmp.bc>:message_read:%128
[<<main-context>>, nil]	*stack_alloc@message_read[i64* %15]	[<<main-context>>, nil]	</harden/bcfiles/linux_bcfiles/kbmp.bc>:message_read:%128
[<<main-context>>, nil]	*stack_alloc@message_read[i64* %19]	[<<main-context>>, nil]	</harden/bcfiles/linux_bcfiles/kbmp.bc>:message_read:%128
[<<main-context>>, nil]	*stack_alloc@message_read[i64* %22]	[<<main-context>>, nil]	</harden/bcfiles/linux_bcfiles/kbmp.bc>:message_read:%128
[<<main-context>>, nil]	*stack_alloc@message_read[i64* %19][0]	[<<main-context>>, nil]	</harden/bcfiles/linux_bcfiles/kbmp.bc>:message_read:%128
[<<main-context>>, nil]	*stack_alloc@message_read[i64* %22][0]	[<<main-context>>, nil]	</harden/bcfiles/linux_bcfiles/kbmp.bc>:message_read:%128
[<<main-context>>, nil]	*stack_alloc@message_read[i1* %5]	[<<main-context>>, nil]	</harden/bcfiles/linux_bcfiles/kbmp.bc>:message_read:%121
[<<main-context>>, nil]	*stack_alloc@message_read[i8* %8]	[<<main-context>>, nil]	</harden/bcfiles/linux_bcfiles/kbmp.bc>:message_read:%118
[<<main-context>>, nil]	*stack_alloc@message_read[i64* %12]	[<<main-context>>, nil]	</harden/bcfiles/linux_bcfiles/kbmp.bc>:message_read:%112
[<<main-context>>, nil]	*stack_alloc@message_read[i32* %10]	[<<main-context>>, nil]	</harden/bcfiles/linux_bcfiles/kbmp.bc>:message_read:%107
[<<main-context>>, nil]	*stack_alloc@message_read[i32* %10]	[<<main-context>>, nil]	</harden/bcfiles/linux_bcfiles/kbmp.bc>:message_read:%99
nil	*argv-alloc	[<<main-context>>, nil]	</harden/bcfiles/linux_bcfiles/kbmp.bc>:message_read:%95
nil	*argv-alloc[0]	[<<main-context>>, nil]	</harden/bcfiles/linux_bcfiles/kbmp.bc>:message_read:%95
[<<main-context>>, nil]	*stack_alloc@message_read[i64* %7]	[<<main-context>>, nil]	</harden/bcfiles/linux_bcfiles/kbmp.bc>:message_read:%95
[<<main-context>>, nil]	*stack_alloc@message_read[i64* %15]	[<<main-context>>, nil]	</harden/bcfiles/linux_bcfiles/kbmp.bc>:message_read:%95
[<<main-context>>, nil]	*stack_alloc@message_read[i64* %19]	[<<main-context>>, nil]	</harden/bcfiles/linux_bcfiles/kbmp.bc>:message_read:%95
[<<main-context>>, nil]	*stack_alloc@message_read[i64* %22]	[<<main-context>>, nil]	</harden/bcfiles/linux_bcfiles/kbmp.bc>:message_read:%95
[<<main-context>>, nil]	*stack_alloc@message_read[i64* %15][0]	[<<main-context>>, nil]	</harden/bcfiles/linux_bcfiles/kbmp.bc>:message_read:%95
[<<main-context>>, nil]	*stack_alloc@message_read[i64* %19][0]	[<<main-context>>, nil]	</harden/bcfiles/linux_bcfiles/kbmp.bc>:message_read:%95
[<<main-context>>, nil]	*stack_alloc@message_read[i64* %22][0]	[<<main-context>>, nil]	</harden/bcfiles/linux_bcfiles/kbmp.bc>:message_read:%95
[<<main-context>>, nil]	*stack_alloc@message_read[i8* %8]	[<<main-context>>, nil]	</harden/bcfiles/linux_bcfiles/kbmp.bc>:message_read:%88
[<<main-context>>, nil]	*stack_alloc@message_read[i32* %24]	[<<main-context>>, nil]	</harden/bcfiles/linux_bcfiles/kbmp.bc>:message_read:%137
nil	*argv-alloc	[<<main-context>>, nil]	</harden/bcfiles/linux_bcfiles/kbmp.bc>:message_read:%145
nil	*argv-alloc[0]	[<<main-context>>, nil]	</harden/bcfiles/linux_bcfiles/kbmp.bc>:message_read:%145
[<<main-context>>, nil]	*stack_alloc@message_read[i64* %16]	[<<main-context>>, nil]	</harden/bcfiles/linux_bcfiles/kbmp.bc>:message_read:%145
[<<main-context>>, nil]	*stack_alloc@message_read[i64* %19]	[<<main-context>>, nil]	</harden/bcfiles/linux_bcfiles/kbmp.bc>:message_read:%145
[<<main-context>>, nil]	*stack_alloc@message_read[i64* %22]	[<<main-context>>, nil]	</harden/bcfiles/linux_bcfiles/kbmp.bc>:message_read:%145
[<<main-context>>, nil]	*stack_alloc@message_read[i64* %19][0]	[<<main-context>>, nil]	</harden/bcfiles/linux_bcfiles/kbmp.bc>:message_read:%145
[<<main-context>>, nil]	*stack_alloc@message_read[i64* %22][0]	[<<main-context>>, nil]	</harden/bcfiles/linux_bcfiles/kbmp.bc>:message_read:%145
[<<main-context>>, nil]	*stack_alloc@message_read[i64** %20]	[<<main-context>>, nil]	</harden/bcfiles/linux_bcfiles/kbmp.bc>:message_read:%141
nil	*argv-alloc	[<<main-context>>, nil]	</harden/bcfiles/linux_bcfiles/kbmp.bc>:message_read:%74
nil	*argv-alloc[0]	[<<main-context>>, nil]	</harden/bcfiles/linux_bcfiles/kbmp.bc>:message_read:%74
[<<main-context>>, nil]	*stack_alloc@message_read[i64* %7]	[<<main-context>>, nil]	</harden/bcfiles/linux_bcfiles/kbmp.bc>:message_read:%74
[<<main-context>>, nil]	*stack_alloc@message_read[i64* %15]	[<<main-context>>, nil]	</harden/bcfiles/linux_bcfiles/kbmp.bc>:message_read:%74
[<<main-context>>, nil]	*stack_alloc@message_read[i64* %19]	[<<main-context>>, nil]	</harden/bcfiles/linux_bcfiles/kbmp.bc>:message_read:%74
[<<main-context>>, nil]	*stack_alloc@message_read[i64* %22]	[<<main-context>>, nil]	</harden/bcfiles/linux_bcfiles/kbmp.bc>:message_read:%74
[<<main-context>>, nil]	*stack_alloc@message_read[i64* %15][0]	[<<main-context>>, nil]	</harden/bcfiles/linux_bcfiles/kbmp.bc>:message_read:%74
[<<main-context>>, nil]	*stack_alloc@message_read[i64* %19][0]	[<<main-context>>, nil]	</harden/bcfiles/linux_bcfiles/kbmp.bc>:message_read:%74
[<<main-context>>, nil]	*stack_alloc@message_read[i64* %22][0]	[<<main-context>>, nil]	</harden/bcfiles/linux_bcfiles/kbmp.bc>:message_read:%74
[<<main-context>>, nil]	*stack_alloc@message_read[i32* %9]	[<<main-context>>, nil]	</harden/bcfiles/linux_bcfiles/kbmp.bc>:message_read:%72
[<<main-context>>, nil]	*stack_alloc@message_read[i32* %9]	[<<main-context>>, nil]	</harden/bcfiles/linux_bcfiles/kbmp.bc>:message_read:%69
nil	*argv-alloc	[<<main-context>>, nil]	</harden/bcfiles/linux_bcfiles/kbmp.bc>:message_read:%65
nil	*argv-alloc[0]	[<<main-context>>, nil]	</harden/bcfiles/linux_bcfiles/kbmp.bc>:message_read:%65
[<<main-context>>, nil]	*stack_alloc@message_read[i64* %15]	[<<main-context>>, nil]	</harden/bcfiles/linux_bcfiles/kbmp.bc>:message_read:%65
[<<main-context>>, nil]	*stack_alloc@message_read[i64* %19]	[<<main-context>>, nil]	</harden/bcfiles/linux_bcfiles/kbmp.bc>:message_read:%65
[<<main-context>>, nil]	*stack_alloc@message_read[i64* %22]	[<<main-context>>, nil]	</harden/bcfiles/linux_bcfiles/kbmp.bc>:message_read:%65
[<<main-context>>, nil]	*stack_alloc@message_read[i64* %19][0]	[<<main-context>>, nil]	</harden/bcfiles/linux_bcfiles/kbmp.bc>:message_read:%65
[<<main-context>>, nil]	*stack_alloc@message_read[i64* %22][0]	[<<main-context>>, nil]	</harden/bcfiles/linux_bcfiles/kbmp.bc>:message_read:%65
nil	*global_alloc@message_buffer	[<<main-context>>, nil]	</harden/bcfiles/linux_bcfiles/kbmp.bc>:message_read:%64
nil	*global_alloc@message_buffer[0]	[<<main-context>>, nil]	</harden/bcfiles/linux_bcfiles/kbmp.bc>:message_read:%64
nil	*global_alloc@message_buffer[0][*]	[<<main-context>>, nil]	</harden/bcfiles/linux_bcfiles/kbmp.bc>:message_read:%64
[<<main-context>>, nil]	*stack_alloc@message_read[i8** %14]	[<<main-context>>, nil]	</harden/bcfiles/linux_bcfiles/kbmp.bc>:message_read:%64
nil	*argv-alloc	[<<main-context>>, nil]	</harden/bcfiles/linux_bcfiles/kbmp.bc>:message_read:%63
nil	*argv-alloc[0]	[<<main-context>>, nil]	</harden/bcfiles/linux_bcfiles/kbmp.bc>:message_read:%63
[<<main-context>>, nil]	*stack_alloc@message_read[i64* %19]	[<<main-context>>, nil]	</harden/bcfiles/linux_bcfiles/kbmp.bc>:message_read:%63
[<<main-context>>, nil]	*stack_alloc@message_read[i64* %22]	[<<main-context>>, nil]	</harden/bcfiles/linux_bcfiles/kbmp.bc>:message_read:%63
[<<main-context>>, nil]	*stack_alloc@message_read[i64* %22][0]	[<<main-context>>, nil]	</harden/bcfiles/linux_bcfiles/kbmp.bc>:message_read:%63
nil	*argv-alloc	[<<main-context>>, nil]	</harden/bcfiles/linux_bcfiles/kbmp.bc>:message_read:%62
nil	*argv-alloc[0]	[<<main-context>>, nil]	</harden/bcfiles/linux_bcfiles/kbmp.bc>:message_read:%62
[<<main-context>>, nil]	*stack_alloc@message_read[i8** %18]	[<<main-context>>, nil]	</harden/bcfiles/linux_bcfiles/kbmp.bc>:message_read:%62
[<<main-context>>, nil]	*stack_alloc@message_read[i64* %22]	[<<main-context>>, nil]	</harden/bcfiles/linux_bcfiles/kbmp.bc>:message_read:%60
[<<main-context>>, nil]	*stack_alloc@message_read[i64* %22]	[<<main-context>>, nil]	</harden/bcfiles/linux_bcfiles/kbmp.bc>:message_read:%57
nil	*argv-alloc	[<<main-context>>, nil]	</harden/bcfiles/linux_bcfiles/kbmp.bc>:message_read:%56
nil	*argv-alloc[0]	[<<main-context>>, nil]	</harden/bcfiles/linux_bcfiles/kbmp.bc>:message_read:%56
[<<main-context>>, nil]	*stack_alloc@message_read[i64* %19]	[<<main-context>>, nil]	</harden/bcfiles/linux_bcfiles/kbmp.bc>:message_read:%56
[<<main-context>>, nil]	*stack_alloc@message_read[i64* %22]	[<<main-context>>, nil]	</harden/bcfiles/linux_bcfiles/kbmp.bc>:message_read:%56
[<<main-context>>, nil]	*stack_alloc@message_read[i64* %22][0]	[<<main-context>>, nil]	</harden/bcfiles/linux_bcfiles/kbmp.bc>:message_read:%56
nil	*argv-alloc	[<<main-context>>, nil]	</harden/bcfiles/linux_bcfiles/kbmp.bc>:message_read:%51
nil	*argv-alloc[0]	[<<main-context>>, nil]	</harden/bcfiles/linux_bcfiles/kbmp.bc>:message_read:%51
[<<main-context>>, nil]	*stack_alloc@message_read[i64* %19]	[<<main-context>>, nil]	</harden/bcfiles/linux_bcfiles/kbmp.bc>:message_read:%51
[<<main-context>>, nil]	*stack_alloc@message_read[i64* %22]	[<<main-context>>, nil]	</harden/bcfiles/linux_bcfiles/kbmp.bc>:message_read:%51
[<<main-context>>, nil]	*stack_alloc@message_read[i64* %22][0]	[<<main-context>>, nil]	</harden/bcfiles/linux_bcfiles/kbmp.bc>:message_read:%51
nil	*argv-alloc	[<<main-context>>, nil]	</harden/bcfiles/linux_bcfiles/kbmp.bc>:message_read:%47
nil	*argv-alloc[0]	[<<main-context>>, nil]	</harden/bcfiles/linux_bcfiles/kbmp.bc>:message_read:%47
[<<main-context>>, nil]	*stack_alloc@message_read[i64* %19]	[<<main-context>>, nil]	</harden/bcfiles/linux_bcfiles/kbmp.bc>:message_read:%47
[<<main-context>>, nil]	*stack_alloc@message_read[i64* %22]	[<<main-context>>, nil]	</harden/bcfiles/linux_bcfiles/kbmp.bc>:message_read:%47
[<<main-context>>, nil]	*stack_alloc@message_read[i64* %22][0]	[<<main-context>>, nil]	</harden/bcfiles/linux_bcfiles/kbmp.bc>:message_read:%47
[<<main-context>>, nil]	*stack_alloc@message_read[i64** %20]	[<<main-context>>, nil]	</harden/bcfiles/linux_bcfiles/kbmp.bc>:message_read:%44
[<<main-context>>, nil]	*stack_alloc@message_read[i64** %20]	[<<main-context>>, nil]	</harden/bcfiles/linux_bcfiles/kbmp.bc>:message_read:%43
[<<main-context>>, nil]	*stack_alloc@message_read[i64** %20]	[<<main-context>>, nil]	</harden/bcfiles/linux_bcfiles/kbmp.bc>:message_read:%40
[<<main-context>>, nil]	*stack_alloc@message_read[i32* %21]	[<<main-context>>, nil]	</harden/bcfiles/linux_bcfiles/kbmp.bc>:message_read:%38
nil	*argv-alloc	nil	</harden/bcfiles/linux_bcfiles/kbmp.bc>:message_read:%30
nil	*argv-alloc	nil	</harden/bcfiles/linux_bcfiles/kbmp.bc>:message_read:%29
nil	*argv-alloc	nil	</harden/bcfiles/linux_bcfiles/kbmp.bc>:message_read:%28
nil	*argv-alloc	nil	</harden/bcfiles/linux_bcfiles/kbmp.bc>:message_read:%27
nil	*argv-alloc	nil	</harden/bcfiles/linux_bcfiles/kbmp.bc>:message_read:%26
nil	*argv-alloc	[<<main-context>>, nil]	</harden/bcfiles/linux_bcfiles/kbmp.bc>:message_read:%25
nil	*argv-alloc[0]	[<<main-context>>, nil]	</harden/bcfiles/linux_bcfiles/kbmp.bc>:message_read:%25
[<<main-context>>, nil]	*stack_alloc@message_read[%struct.file** %17]	[<<main-context>>, nil]	</harden/bcfiles/linux_bcfiles/kbmp.bc>:message_read:%25
[<<main-context>>, nil]	*stack_alloc@message_read[i32* %24]	[<<main-context>>, nil]	</harden/bcfiles/linux_bcfiles/kbmp.bc>:message_read:%24
[<<main-context>>, nil]	*stack_alloc@message_read[i64* %23]	[<<main-context>>, nil]	</harden/bcfiles/linux_bcfiles/kbmp.bc>:message_read:%23
[<<main-context>>, nil]	*stack_alloc@message_read[i32* %21]	[<<main-context>>, nil]	</harden/bcfiles/linux_bcfiles/kbmp.bc>:message_read:%21
[<<main-context>>, nil]	*stack_alloc@message_read[i64** %20]	[<<main-context>>, nil]	</harden/bcfiles/linux_bcfiles/kbmp.bc>:message_read:%20
[<<main-context>>, nil]	*stack_alloc@message_read[i64* %19]	[<<main-context>>, nil]	</harden/bcfiles/linux_bcfiles/kbmp.bc>:message_read:%19
[<<main-context>>, nil]	*stack_alloc@message_read[i8** %18]	[<<main-context>>, nil]	</harden/bcfiles/linux_bcfiles/kbmp.bc>:message_read:%18
[<<main-context>>, nil]	*stack_alloc@message_read[%struct.file** %17]	[<<main-context>>, nil]	</harden/bcfiles/linux_bcfiles/kbmp.bc>:message_read:%17
[<<main-context>>, nil]	*stack_alloc@message_read[i64* %16]	[<<main-context>>, nil]	</harden/bcfiles/linux_bcfiles/kbmp.bc>:message_read:%16
[<<main-context>>, nil]	*stack_alloc@message_read[i64* %15]	[<<main-context>>, nil]	</harden/bcfiles/linux_bcfiles/kbmp.bc>:message_read:%15
[<<main-context>>, nil]	*stack_alloc@message_read[i8** %14]	[<<main-context>>, nil]	</harden/bcfiles/linux_bcfiles/kbmp.bc>:message_read:%14
[<<main-context>>, nil]	*stack_alloc@message_read[i8** %13]	[<<main-context>>, nil]	</harden/bcfiles/linux_bcfiles/kbmp.bc>:message_read:%13
[<<main-context>>, nil]	*stack_alloc@message_read[i64* %12]	[<<main-context>>, nil]	</harden/bcfiles/linux_bcfiles/kbmp.bc>:message_read:%12
[<<main-context>>, nil]	*stack_alloc@message_read[i32* %11]	[<<main-context>>, nil]	</harden/bcfiles/linux_bcfiles/kbmp.bc>:message_read:%11
[<<main-context>>, nil]	*stack_alloc@message_read[i32* %10]	[<<main-context>>, nil]	</harden/bcfiles/linux_bcfiles/kbmp.bc>:message_read:%10
[<<main-context>>, nil]	*stack_alloc@message_read[i32* %9]	[<<main-context>>, nil]	</harden/bcfiles/linux_bcfiles/kbmp.bc>:message_read:%9
[<<main-context>>, nil]	*stack_alloc@message_read[i8* %8]	[<<main-context>>, nil]	</harden/bcfiles/linux_bcfiles/kbmp.bc>:message_read:%8
[<<main-context>>, nil]	*stack_alloc@message_read[i64** %20]	[<<main-context>>, nil]	</harden/bcfiles/linux_bcfiles/kbmp.bc>:message_read:%140
[<<main-context>>, nil]	*stack_alloc@message_read[i64* %22]	[<<main-context>>, nil]	</harden/bcfiles/linux_bcfiles/kbmp.bc>:message_read:%22
[<<main-context>>, nil]	*stack_alloc@message_read[i64* %7]	[<<main-context>>, nil]	</harden/bcfiles/linux_bcfiles/kbmp.bc>:message_read:%7
[<<main-context>>, nil]	*stack_alloc@message_read[i8** %6]	[<<main-context>>, nil]	</harden/bcfiles/linux_bcfiles/kbmp.bc>:message_read:%6
[<<main-context>>, nil]	*stack_alloc@message_read[i1* %5]	[<<main-context>>, nil]	</harden/bcfiles/linux_bcfiles/kbmp.bc>:message_read:%5
nil	*argv-alloc	[<<main-context>>, nil]	</harden/bcfiles/linux_bcfiles/kbmp.bc>:message_read:%2
nil	*argv-alloc	[<<main-context>>, nil]	</harden/bcfiles/linux_bcfiles/kbmp.bc>:message_read:%1
nil	*argv-alloc	[<<main-context>>, nil]	</harden/bcfiles/linux_bcfiles/kbmp.bc>:message_read:%0
nil	*stack_alloc@copy_overflow[i64* %4]	nil	</harden/bcfiles/linux_bcfiles/kbmp.bc>:copy_overflow:%4
nil	*stack_alloc@copy_overflow[i32* %3]	nil	</harden/bcfiles/linux_bcfiles/kbmp.bc>:copy_overflow:%3
nil	*argv-alloc	nil	</harden/bcfiles/linux_bcfiles/kbmp.bc>:copy_overflow:%1
nil	*argv-alloc[0]	nil	</harden/bcfiles/linux_bcfiles/kbmp.bc>:copy_overflow:%1
[<<main-context>>, nil]	*stack_alloc@message_write[i64* %7]	nil	</harden/bcfiles/linux_bcfiles/kbmp.bc>:copy_overflow:%1
[<<main-context>>, nil]	*stack_alloc@message_write[i64* %15]	nil	</harden/bcfiles/linux_bcfiles/kbmp.bc>:copy_overflow:%1
[<<main-context>>, nil]	*stack_alloc@message_write[i64* %19]	nil	</harden/bcfiles/linux_bcfiles/kbmp.bc>:copy_overflow:%1
[<<main-context>>, nil]	*stack_alloc@message_read[i64* %7]	nil	</harden/bcfiles/linux_bcfiles/kbmp.bc>:copy_overflow:%1
[<<main-context>>, nil]	*stack_alloc@message_read[i64* %15]	nil	</harden/bcfiles/linux_bcfiles/kbmp.bc>:copy_overflow:%1
[<<main-context>>, nil]	*stack_alloc@message_read[i64* %19]	nil	</harden/bcfiles/linux_bcfiles/kbmp.bc>:copy_overflow:%1
[<<main-context>>, nil]	*stack_alloc@message_read[i64* %22]	nil	</harden/bcfiles/linux_bcfiles/kbmp.bc>:copy_overflow:%1
[<<main-context>>, nil]	*stack_alloc@message_write[i64* %15][0]	nil	</harden/bcfiles/linux_bcfiles/kbmp.bc>:copy_overflow:%1
[<<main-context>>, nil]	*stack_alloc@message_write[i64* %19][0]	nil	</harden/bcfiles/linux_bcfiles/kbmp.bc>:copy_overflow:%1
[<<main-context>>, nil]	*stack_alloc@message_read[i64* %15][0]	nil	</harden/bcfiles/linux_bcfiles/kbmp.bc>:copy_overflow:%1
[<<main-context>>, nil]	*stack_alloc@message_read[i64* %19][0]	nil	</harden/bcfiles/linux_bcfiles/kbmp.bc>:copy_overflow:%1
[<<main-context>>, nil]	*stack_alloc@message_read[i64* %22][0]	nil	</harden/bcfiles/linux_bcfiles/kbmp.bc>:copy_overflow:%1
[<<main-context>>, nil]	*stack_alloc@message_write[i32* %9]	nil	</harden/bcfiles/linux_bcfiles/kbmp.bc>:copy_overflow:%0
[<<main-context>>, nil]	*stack_alloc@message_read[i32* %9]	nil	</harden/bcfiles/linux_bcfiles/kbmp.bc>:copy_overflow:%0
[@message_write, [<<main-context>>, nil]]	*stack_alloc@check_object_size[i8* %6]	[@message_write, [<<main-context>>, nil]]	</harden/bcfiles/linux_bcfiles/kbmp.bc>:check_object_size:%6
[@message_read, [<<main-context>>, nil]]	*stack_alloc@check_object_size[i8* %6]	[@message_read, [<<main-context>>, nil]]	</harden/bcfiles/linux_bcfiles/kbmp.bc>:check_object_size:%6
[@message_write, [<<main-context>>, nil]]	*stack_alloc@check_object_size[i64* %5]	[@message_write, [<<main-context>>, nil]]	</harden/bcfiles/linux_bcfiles/kbmp.bc>:check_object_size:%5
[@message_read, [<<main-context>>, nil]]	*stack_alloc@check_object_size[i64* %5]	[@message_read, [<<main-context>>, nil]]	</harden/bcfiles/linux_bcfiles/kbmp.bc>:check_object_size:%5
[@message_write, [<<main-context>>, nil]]	*stack_alloc@check_object_size[i8** %4]	[@message_write, [<<main-context>>, nil]]	</harden/bcfiles/linux_bcfiles/kbmp.bc>:check_object_size:%4
[@message_read, [<<main-context>>, nil]]	*stack_alloc@check_object_size[i8** %4]	[@message_read, [<<main-context>>, nil]]	</harden/bcfiles/linux_bcfiles/kbmp.bc>:check_object_size:%4
nil	*argv-alloc	[@message_write, [<<main-context>>, nil]]	</harden/bcfiles/linux_bcfiles/kbmp.bc>:check_object_size:%1
nil	*argv-alloc[0]	[@message_write, [<<main-context>>, nil]]	</harden/bcfiles/linux_bcfiles/kbmp.bc>:check_object_size:%1
[<<main-context>>, nil]	*stack_alloc@message_write[i64* %7]	[@message_write, [<<main-context>>, nil]]	</harden/bcfiles/linux_bcfiles/kbmp.bc>:check_object_size:%1
[<<main-context>>, nil]	*stack_alloc@message_write[i64* %15]	[@message_write, [<<main-context>>, nil]]	</harden/bcfiles/linux_bcfiles/kbmp.bc>:check_object_size:%1
[<<main-context>>, nil]	*stack_alloc@message_write[i64* %19]	[@message_write, [<<main-context>>, nil]]	</harden/bcfiles/linux_bcfiles/kbmp.bc>:check_object_size:%1
[<<main-context>>, nil]	*stack_alloc@message_write[i64* %15][0]	[@message_write, [<<main-context>>, nil]]	</harden/bcfiles/linux_bcfiles/kbmp.bc>:check_object_size:%1
[<<main-context>>, nil]	*stack_alloc@message_write[i64* %19][0]	[@message_write, [<<main-context>>, nil]]	</harden/bcfiles/linux_bcfiles/kbmp.bc>:check_object_size:%1
nil	*argv-alloc	[@message_read, [<<main-context>>, nil]]	</harden/bcfiles/linux_bcfiles/kbmp.bc>:check_object_size:%1
nil	*argv-alloc[0]	[@message_read, [<<main-context>>, nil]]	</harden/bcfiles/linux_bcfiles/kbmp.bc>:check_object_size:%1
[<<main-context>>, nil]	*stack_alloc@message_read[i64* %7]	[@message_read, [<<main-context>>, nil]]	</harden/bcfiles/linux_bcfiles/kbmp.bc>:check_object_size:%1
[<<main-context>>, nil]	*stack_alloc@message_read[i64* %15]	[@message_read, [<<main-context>>, nil]]	</harden/bcfiles/linux_bcfiles/kbmp.bc>:check_object_size:%1
[<<main-context>>, nil]	*stack_alloc@message_read[i64* %19]	[@message_read, [<<main-context>>, nil]]	</harden/bcfiles/linux_bcfiles/kbmp.bc>:check_object_size:%1
[<<main-context>>, nil]	*stack_alloc@message_read[i64* %22]	[@message_read, [<<main-context>>, nil]]	</harden/bcfiles/linux_bcfiles/kbmp.bc>:check_object_size:%1
[<<main-context>>, nil]	*stack_alloc@message_read[i64* %15][0]	[@message_read, [<<main-context>>, nil]]	</harden/bcfiles/linux_bcfiles/kbmp.bc>:check_object_size:%1
[<<main-context>>, nil]	*stack_alloc@message_read[i64* %19][0]	[@message_read, [<<main-context>>, nil]]	</harden/bcfiles/linux_bcfiles/kbmp.bc>:check_object_size:%1
[<<main-context>>, nil]	*stack_alloc@message_read[i64* %22][0]	[@message_read, [<<main-context>>, nil]]	</harden/bcfiles/linux_bcfiles/kbmp.bc>:check_object_size:%1
nil	*global_alloc@message_buffer	[@message_write, [<<main-context>>, nil]]	</harden/bcfiles/linux_bcfiles/kbmp.bc>:check_object_size:%0
nil	*global_alloc@message_buffer[0]	[@message_write, [<<main-context>>, nil]]	</harden/bcfiles/linux_bcfiles/kbmp.bc>:check_object_size:%0
nil	*global_alloc@message_buffer[0][*]	[@message_write, [<<main-context>>, nil]]	</harden/bcfiles/linux_bcfiles/kbmp.bc>:check_object_size:%0
[<<main-context>>, nil]	*stack_alloc@message_write[i8** %6]	[@message_write, [<<main-context>>, nil]]	</harden/bcfiles/linux_bcfiles/kbmp.bc>:check_object_size:%0
[<<main-context>>, nil]	*stack_alloc@message_write[i8** %13]	[@message_write, [<<main-context>>, nil]]	</harden/bcfiles/linux_bcfiles/kbmp.bc>:check_object_size:%0
[<<main-context>>, nil]	*stack_alloc@message_write[i8** %13][0]	[@message_write, [<<main-context>>, nil]]	</harden/bcfiles/linux_bcfiles/kbmp.bc>:check_object_size:%0
nil	*global_alloc@message_buffer	[@message_read, [<<main-context>>, nil]]	</harden/bcfiles/linux_bcfiles/kbmp.bc>:check_object_size:%0
nil	*global_alloc@message_buffer[0]	[@message_read, [<<main-context>>, nil]]	</harden/bcfiles/linux_bcfiles/kbmp.bc>:check_object_size:%0
nil	*global_alloc@message_buffer[0][*]	[@message_read, [<<main-context>>, nil]]	</harden/bcfiles/linux_bcfiles/kbmp.bc>:check_object_size:%0
[<<main-context>>, nil]	*stack_alloc@message_read[i8** %6]	[@message_read, [<<main-context>>, nil]]	</harden/bcfiles/linux_bcfiles/kbmp.bc>:check_object_size:%0
[<<main-context>>, nil]	*stack_alloc@message_read[i8** %14]	[@message_read, [<<main-context>>, nil]]	</harden/bcfiles/linux_bcfiles/kbmp.bc>:check_object_size:%0
[<<main-context>>, nil]	*stack_alloc@message_read[i8** %14][0]	[@message_read, [<<main-context>>, nil]]	</harden/bcfiles/linux_bcfiles/kbmp.bc>:check_object_size:%0
