</harden/bcfiles/linux_bcfiles/kbmp.bc>:message_write	</harden/bcfiles/linux_bcfiles/kbmp.bc>:message_write
</harden/bcfiles/linux_bcfiles/kbmp.bc>:message_write	</harden/bcfiles/linux_bcfiles/kbmp.bc>:might_fault
</harden/bcfiles/linux_bcfiles/kbmp.bc>:message_write	</harden/bcfiles/linux_bcfiles/kbmp.bc>:kmsan_unpoison_memory
</harden/bcfiles/linux_bcfiles/kbmp.bc>:message_write	</harden/bcfiles/linux_bcfiles/kbmp.bc>:copy_overflow
</harden/bcfiles/linux_bcfiles/kbmp.bc>:message_write	</harden/bcfiles/linux_bcfiles/kbmp.bc>:check_object_size
</harden/bcfiles/linux_bcfiles/kbmp.bc>:message_write	</harden/bcfiles/linux_bcfiles/kbmp.bc>:llvm.dbg.declare
</harden/bcfiles/linux_bcfiles/kbmp.bc>:message_write	</harden/bcfiles/linux_bcfiles/kbmp.bc>:strcmp
</harden/bcfiles/linux_bcfiles/kbmp.bc>:message_write	</harden/bcfiles/linux_bcfiles/kbmp.bc>:_printk
</harden/bcfiles/linux_bcfiles/kbmp.bc>:message_write	</harden/bcfiles/linux_bcfiles/kbmp.bc>:llvm.read_register.i64
</harden/bcfiles/linux_bcfiles/kbmp.bc>:message_write	</harden/bcfiles/linux_bcfiles/kbmp.bc>:llvm.write_register.i64
</harden/bcfiles/linux_bcfiles/kbmp.bc>:message_write	</harden/bcfiles/linux_bcfiles/kbmp.bc>:memset
</harden/bcfiles/linux_bcfiles/kbmp.bc>:message_write	</harden/bcfiles/linux_bcfiles/kbmp.bc>:llvm.is.constant.i64
</harden/bcfiles/linux_bcfiles/kbmp.bc>:message_write	</harden/bcfiles/linux_bcfiles/kbmp.bc>:_copy_from_user
</harden/bcfiles/linux_bcfiles/kbmp.bc>:message_write	</harden/bcfiles/linux_bcfiles/kbmp.bc>:llvm.objectsize.i64.p0i8
</harden/bcfiles/linux_bcfiles/kbmp.bc>:message_write	</harden/bcfiles/linux_bcfiles/kbmp.bc>:__bad_copy_from
</harden/bcfiles/linux_bcfiles/kbmp.bc>:message_write	</harden/bcfiles/linux_bcfiles/kbmp.bc>:__bad_copy_to
</harden/bcfiles/linux_bcfiles/kbmp.bc>:message_write	</harden/bcfiles/linux_bcfiles/kbmp.bc>:__copy_overflow
</harden/bcfiles/linux_bcfiles/kbmp.bc>:message_read	</harden/bcfiles/linux_bcfiles/kbmp.bc>:message_read
</harden/bcfiles/linux_bcfiles/kbmp.bc>:message_read	</harden/bcfiles/linux_bcfiles/kbmp.bc>:copy_overflow
</harden/bcfiles/linux_bcfiles/kbmp.bc>:message_read	</harden/bcfiles/linux_bcfiles/kbmp.bc>:check_object_size
</harden/bcfiles/linux_bcfiles/kbmp.bc>:message_read	</harden/bcfiles/linux_bcfiles/kbmp.bc>:llvm.dbg.declare
</harden/bcfiles/linux_bcfiles/kbmp.bc>:message_read	</harden/bcfiles/linux_bcfiles/kbmp.bc>:strcmp
</harden/bcfiles/linux_bcfiles/kbmp.bc>:message_read	</harden/bcfiles/linux_bcfiles/kbmp.bc>:_printk
</harden/bcfiles/linux_bcfiles/kbmp.bc>:message_read	</harden/bcfiles/linux_bcfiles/kbmp.bc>:strnlen
</harden/bcfiles/linux_bcfiles/kbmp.bc>:message_read	</harden/bcfiles/linux_bcfiles/kbmp.bc>:llvm.is.constant.i64
</harden/bcfiles/linux_bcfiles/kbmp.bc>:message_read	</harden/bcfiles/linux_bcfiles/kbmp.bc>:llvm.objectsize.i64.p0i8
</harden/bcfiles/linux_bcfiles/kbmp.bc>:message_read	</harden/bcfiles/linux_bcfiles/kbmp.bc>:__bad_copy_from
</harden/bcfiles/linux_bcfiles/kbmp.bc>:message_read	</harden/bcfiles/linux_bcfiles/kbmp.bc>:__bad_copy_to
</harden/bcfiles/linux_bcfiles/kbmp.bc>:message_read	</harden/bcfiles/linux_bcfiles/kbmp.bc>:__copy_overflow
</harden/bcfiles/linux_bcfiles/kbmp.bc>:message_read	</harden/bcfiles/linux_bcfiles/kbmp.bc>:_copy_to_user
