</harden/bcfiles/linux_bcfiles/kbmp.bc>:get_message_from_buffer	</harden/bcfiles/linux_bcfiles/kbmp.bc>:display:%52
</harden/bcfiles/linux_bcfiles/kbmp.bc>:rotate	</harden/bcfiles/linux_bcfiles/kbmp.bc>:display:%63
</harden/bcfiles/linux_bcfiles/kbmp.bc>:strlen	</harden/bcfiles/linux_bcfiles/kbmp.bc>:get_message_from_buffer:%14
</harden/bcfiles/linux_bcfiles/kbmp.bc>:strlen	</harden/bcfiles/linux_bcfiles/kbmp.bc>:rotate:%21
</harden/bcfiles/linux_bcfiles/kbmp.bc>:strlen	</harden/bcfiles/linux_bcfiles/kbmp.bc>:display:%71
</harden/bcfiles/linux_bcfiles/kbmp.bc>:strncpy	</harden/bcfiles/linux_bcfiles/kbmp.bc>:get_message_from_buffer:%174
</harden/bcfiles/linux_bcfiles/kbmp.bc>:strcmp	</harden/bcfiles/linux_bcfiles/kbmp.bc>:message_write:%41
</harden/bcfiles/linux_bcfiles/kbmp.bc>:strcmp	</harden/bcfiles/linux_bcfiles/kbmp.bc>:message_read:%32
</harden/bcfiles/linux_bcfiles/kbmp.bc>:strcmp	</harden/bcfiles/linux_bcfiles/kbmp.bc>:display:%33
</harden/bcfiles/linux_bcfiles/kbmp.bc>:_printk	</harden/bcfiles/linux_bcfiles/kbmp.bc>:message_write:%178
</harden/bcfiles/linux_bcfiles/kbmp.bc>:_printk	</harden/bcfiles/linux_bcfiles/kbmp.bc>:message_write:%54
</harden/bcfiles/linux_bcfiles/kbmp.bc>:_printk	</harden/bcfiles/linux_bcfiles/kbmp.bc>:message_write:%46
</harden/bcfiles/linux_bcfiles/kbmp.bc>:_printk	</harden/bcfiles/linux_bcfiles/kbmp.bc>:message_read:%136
</harden/bcfiles/linux_bcfiles/kbmp.bc>:_printk	</harden/bcfiles/linux_bcfiles/kbmp.bc>:message_read:%37
</harden/bcfiles/linux_bcfiles/kbmp.bc>:_printk	</harden/bcfiles/linux_bcfiles/kbmp.bc>:display:%148
</harden/bcfiles/linux_bcfiles/kbmp.bc>:_printk	</harden/bcfiles/linux_bcfiles/kbmp.bc>:display:%38
</harden/bcfiles/linux_bcfiles/kbmp.bc>:_printk	</harden/bcfiles/linux_bcfiles/kbmp.bc>:kbmp_init:%25
</harden/bcfiles/linux_bcfiles/kbmp.bc>:_printk	</harden/bcfiles/linux_bcfiles/kbmp.bc>:kbmp_init:%15
</harden/bcfiles/linux_bcfiles/kbmp.bc>:llvm.read_register.i64	</harden/bcfiles/linux_bcfiles/kbmp.bc>:message_write:%62
</harden/bcfiles/linux_bcfiles/kbmp.bc>:memset	</harden/bcfiles/linux_bcfiles/kbmp.bc>:message_write:%180
</harden/bcfiles/linux_bcfiles/kbmp.bc>:memset	</harden/bcfiles/linux_bcfiles/kbmp.bc>:kbmp_init:%8
</harden/bcfiles/linux_bcfiles/kbmp.bc>:strnlen	</harden/bcfiles/linux_bcfiles/kbmp.bc>:message_read:%55
</harden/bcfiles/linux_bcfiles/kbmp.bc>:memcpy	</harden/bcfiles/linux_bcfiles/kbmp.bc>:rotate:%190
</harden/bcfiles/linux_bcfiles/kbmp.bc>:memcpy	</harden/bcfiles/linux_bcfiles/kbmp.bc>:rotate:%196
</harden/bcfiles/linux_bcfiles/kbmp.bc>:llvm.is.constant.i64	</harden/bcfiles/linux_bcfiles/kbmp.bc>:get_message_from_buffer:%18
</harden/bcfiles/linux_bcfiles/kbmp.bc>:llvm.is.constant.i64	</harden/bcfiles/linux_bcfiles/kbmp.bc>:message_write:%125
</harden/bcfiles/linux_bcfiles/kbmp.bc>:llvm.is.constant.i64	</harden/bcfiles/linux_bcfiles/kbmp.bc>:message_read:%83
</harden/bcfiles/linux_bcfiles/kbmp.bc>:llvm.is.constant.i64	</harden/bcfiles/linux_bcfiles/kbmp.bc>:rotate:%25
</harden/bcfiles/linux_bcfiles/kbmp.bc>:llvm.is.constant.i64	</harden/bcfiles/linux_bcfiles/kbmp.bc>:display:%94
</harden/bcfiles/linux_bcfiles/kbmp.bc>:kmalloc_large	</harden/bcfiles/linux_bcfiles/kbmp.bc>:get_message_from_buffer:%28
</harden/bcfiles/linux_bcfiles/kbmp.bc>:kmalloc_large	</harden/bcfiles/linux_bcfiles/kbmp.bc>:rotate:%35
</harden/bcfiles/linux_bcfiles/kbmp.bc>:kmalloc_trace	</harden/bcfiles/linux_bcfiles/kbmp.bc>:get_message_from_buffer:%161
</harden/bcfiles/linux_bcfiles/kbmp.bc>:kmalloc_trace	</harden/bcfiles/linux_bcfiles/kbmp.bc>:rotate:%168
</harden/bcfiles/linux_bcfiles/kbmp.bc>:llvm.returnaddress	</harden/bcfiles/linux_bcfiles/kbmp.bc>:get_message_from_buffer:%136
</harden/bcfiles/linux_bcfiles/kbmp.bc>:llvm.returnaddress	</harden/bcfiles/linux_bcfiles/kbmp.bc>:rotate:%143
</harden/bcfiles/linux_bcfiles/kbmp.bc>:__kmalloc	</harden/bcfiles/linux_bcfiles/kbmp.bc>:get_message_from_buffer:%165
</harden/bcfiles/linux_bcfiles/kbmp.bc>:__kmalloc	</harden/bcfiles/linux_bcfiles/kbmp.bc>:rotate:%172
</harden/bcfiles/linux_bcfiles/kbmp.bc>:_copy_from_user	</harden/bcfiles/linux_bcfiles/kbmp.bc>:message_write:%168
</harden/bcfiles/linux_bcfiles/kbmp.bc>:llvm.objectsize.i64.p0i8	</harden/bcfiles/linux_bcfiles/kbmp.bc>:message_write:%109
</harden/bcfiles/linux_bcfiles/kbmp.bc>:llvm.objectsize.i64.p0i8	</harden/bcfiles/linux_bcfiles/kbmp.bc>:message_read:%67
</harden/bcfiles/linux_bcfiles/kbmp.bc>:llvm.objectsize.i64.p0i8	</harden/bcfiles/linux_bcfiles/kbmp.bc>:display:%78
</harden/bcfiles/linux_bcfiles/kbmp.bc>:_copy_to_user	</harden/bcfiles/linux_bcfiles/kbmp.bc>:message_read:%126
</harden/bcfiles/linux_bcfiles/kbmp.bc>:_copy_to_user	</harden/bcfiles/linux_bcfiles/kbmp.bc>:display:%137
</harden/bcfiles/linux_bcfiles/kbmp.bc>:proc_create	</harden/bcfiles/linux_bcfiles/kbmp.bc>:kbmp_init:%19
</harden/bcfiles/linux_bcfiles/kbmp.bc>:proc_create	</harden/bcfiles/linux_bcfiles/kbmp.bc>:kbmp_init:%9
