</harden/bcfiles/linux_bcfiles/kbmp.bc>:message_write:%39	</harden/bcfiles/linux_bcfiles/kbmp.bc>:message_write:%38	</harden/bcfiles/linux_bcfiles/kbmp.bc>:message_write:42:0:0	</harden/bcfiles/linux_bcfiles/kbmp.bc>:message_write:42:1:1
</harden/bcfiles/linux_bcfiles/kbmp.bc>:message_write:%38	</harden/bcfiles/linux_bcfiles/kbmp.bc>:message_write:%37	</harden/bcfiles/linux_bcfiles/kbmp.bc>:message_write:41:0:0	</harden/bcfiles/linux_bcfiles/kbmp.bc>:message_write:41:1:4
</harden/bcfiles/linux_bcfiles/kbmp.bc>:message_write:%35	</harden/bcfiles/linux_bcfiles/kbmp.bc>:message_write:%34	</harden/bcfiles/linux_bcfiles/kbmp.bc>:message_write:38:0:0	</harden/bcfiles/linux_bcfiles/kbmp.bc>:message_write:38:1:10
</harden/bcfiles/linux_bcfiles/kbmp.bc>:message_write:%36	</harden/bcfiles/linux_bcfiles/kbmp.bc>:message_write:%35	</harden/bcfiles/linux_bcfiles/kbmp.bc>:message_write:39:0:0	</harden/bcfiles/linux_bcfiles/kbmp.bc>:message_write:39:1:1
</harden/bcfiles/linux_bcfiles/kbmp.bc>:message_read:%30	</harden/bcfiles/linux_bcfiles/kbmp.bc>:message_read:%29	</harden/bcfiles/linux_bcfiles/kbmp.bc>:message_read:33:0:0	</harden/bcfiles/linux_bcfiles/kbmp.bc>:message_read:33:1:1
</harden/bcfiles/linux_bcfiles/kbmp.bc>:message_read:%29	</harden/bcfiles/linux_bcfiles/kbmp.bc>:message_read:%28	</harden/bcfiles/linux_bcfiles/kbmp.bc>:message_read:32:0:0	</harden/bcfiles/linux_bcfiles/kbmp.bc>:message_read:32:1:4
</harden/bcfiles/linux_bcfiles/kbmp.bc>:message_read:%27	</harden/bcfiles/linux_bcfiles/kbmp.bc>:message_read:%26	</harden/bcfiles/linux_bcfiles/kbmp.bc>:message_read:30:0:0	</harden/bcfiles/linux_bcfiles/kbmp.bc>:message_read:30:1:1
</harden/bcfiles/linux_bcfiles/kbmp.bc>:message_read:%26	</harden/bcfiles/linux_bcfiles/kbmp.bc>:message_read:%25	</harden/bcfiles/linux_bcfiles/kbmp.bc>:message_read:29:0:0	</harden/bcfiles/linux_bcfiles/kbmp.bc>:message_read:29:1:10
</harden/bcfiles/linux_bcfiles/kbmp.bc>:display:%31	</harden/bcfiles/linux_bcfiles/kbmp.bc>:display:%30	</harden/bcfiles/linux_bcfiles/kbmp.bc>:display:34:0:0	</harden/bcfiles/linux_bcfiles/kbmp.bc>:display:34:1:1
</harden/bcfiles/linux_bcfiles/kbmp.bc>:display:%30	</harden/bcfiles/linux_bcfiles/kbmp.bc>:display:%29	</harden/bcfiles/linux_bcfiles/kbmp.bc>:display:33:0:0	</harden/bcfiles/linux_bcfiles/kbmp.bc>:display:33:1:4
</harden/bcfiles/linux_bcfiles/kbmp.bc>:display:%28	</harden/bcfiles/linux_bcfiles/kbmp.bc>:display:%27	</harden/bcfiles/linux_bcfiles/kbmp.bc>:display:31:0:0	</harden/bcfiles/linux_bcfiles/kbmp.bc>:display:31:1:1
</harden/bcfiles/linux_bcfiles/kbmp.bc>:display:%27	</harden/bcfiles/linux_bcfiles/kbmp.bc>:display:%26	</harden/bcfiles/linux_bcfiles/kbmp.bc>:display:30:0:0	</harden/bcfiles/linux_bcfiles/kbmp.bc>:display:30:1:10
