</harden/bcfiles/linux_bcfiles/thermal_char_device.bc>:temp_sensor_init:15	</harden/bcfiles/linux_bcfiles/thermal_char_device.bc>:temp_sensor_init:%12	</harden/bcfiles/linux_bcfiles/thermal_char_device.bc>:kthread_create_on_node	</harden/bcfiles/linux_bcfiles/thermal_char_device.bc>:temp_sensor_init:%12
</harden/bcfiles/linux_bcfiles/thermal_char_device.bc>:temp_sensor_init:19	</harden/bcfiles/linux_bcfiles/thermal_char_device.bc>:temp_sensor_init:%14	</harden/bcfiles/linux_bcfiles/thermal_char_device.bc>:IS_ERR	</harden/bcfiles/linux_bcfiles/thermal_char_device.bc>:IS_ERR:%0
</harden/bcfiles/linux_bcfiles/thermal_char_device.bc>:temp_sensor_init:19	</harden/bcfiles/linux_bcfiles/thermal_char_device.bc>:temp_sensor_init:%15	</harden/bcfiles/linux_bcfiles/thermal_char_device.bc>:IS_ERR	</harden/bcfiles/linux_bcfiles/thermal_char_device.bc>:temp_sensor_init:%15
</harden/bcfiles/linux_bcfiles/thermal_char_device.bc>:temp_sensor_init:22	</harden/bcfiles/linux_bcfiles/thermal_char_device.bc>:temp_sensor_init:%18	</harden/bcfiles/linux_bcfiles/thermal_char_device.bc>:wake_up_process	</harden/bcfiles/linux_bcfiles/thermal_char_device.bc>:temp_sensor_init:%18
</harden/bcfiles/linux_bcfiles/thermal_char_device.bc>:temp_sensor_init:30	</harden/bcfiles/linux_bcfiles/thermal_char_device.bc>:temp_sensor_init:%23	</harden/bcfiles/linux_bcfiles/thermal_char_device.bc>:IS_ERR	</harden/bcfiles/linux_bcfiles/thermal_char_device.bc>:IS_ERR:%0
</harden/bcfiles/linux_bcfiles/thermal_char_device.bc>:temp_sensor_init:30	</harden/bcfiles/linux_bcfiles/thermal_char_device.bc>:temp_sensor_init:%24	</harden/bcfiles/linux_bcfiles/thermal_char_device.bc>:IS_ERR	</harden/bcfiles/linux_bcfiles/thermal_char_device.bc>:temp_sensor_init:%24
</harden/bcfiles/linux_bcfiles/thermal_char_device.bc>:temp_sensor_init:34	</harden/bcfiles/linux_bcfiles/thermal_char_device.bc>:temp_sensor_init:%28	</harden/bcfiles/linux_bcfiles/thermal_char_device.bc>:_printk	</harden/bcfiles/linux_bcfiles/thermal_char_device.bc>:temp_sensor_init:%28
</harden/bcfiles/linux_bcfiles/thermal_char_device.bc>:temp_sensor_init:39	</harden/bcfiles/linux_bcfiles/thermal_char_device.bc>:temp_sensor_init:%31	</harden/bcfiles/linux_bcfiles/thermal_char_device.bc>:PTR_ERR	</harden/bcfiles/linux_bcfiles/thermal_char_device.bc>:PTR_ERR:%0
</harden/bcfiles/linux_bcfiles/thermal_char_device.bc>:temp_sensor_init:39	</harden/bcfiles/linux_bcfiles/thermal_char_device.bc>:temp_sensor_init:%32	</harden/bcfiles/linux_bcfiles/thermal_char_device.bc>:PTR_ERR	</harden/bcfiles/linux_bcfiles/thermal_char_device.bc>:temp_sensor_init:%32
</harden/bcfiles/linux_bcfiles/thermal_char_device.bc>:temp_sensor_init:43	</harden/bcfiles/linux_bcfiles/thermal_char_device.bc>:temp_sensor_init:%35	</harden/bcfiles/linux_bcfiles/thermal_char_device.bc>:register_chrdev	</harden/bcfiles/linux_bcfiles/thermal_char_device.bc>:temp_sensor_init:%35
</harden/bcfiles/linux_bcfiles/thermal_char_device.bc>:temp_sensor_init:50	</harden/bcfiles/linux_bcfiles/thermal_char_device.bc>:temp_sensor_init:%41	</harden/bcfiles/linux_bcfiles/thermal_char_device.bc>:_printk	</harden/bcfiles/linux_bcfiles/thermal_char_device.bc>:temp_sensor_init:%41
</harden/bcfiles/linux_bcfiles/thermal_char_device.bc>:temp_sensor_init:54	</harden/bcfiles/linux_bcfiles/thermal_char_device.bc>:temp_sensor_init:%44	</harden/bcfiles/linux_bcfiles/thermal_char_device.bc>:class_create	</harden/bcfiles/linux_bcfiles/thermal_char_device.bc>:temp_sensor_init:%44
</harden/bcfiles/linux_bcfiles/thermal_char_device.bc>:temp_sensor_init:58	</harden/bcfiles/linux_bcfiles/thermal_char_device.bc>:temp_sensor_init:%46	</harden/bcfiles/linux_bcfiles/thermal_char_device.bc>:IS_ERR	</harden/bcfiles/linux_bcfiles/thermal_char_device.bc>:IS_ERR:%0
</harden/bcfiles/linux_bcfiles/thermal_char_device.bc>:temp_sensor_init:58	</harden/bcfiles/linux_bcfiles/thermal_char_device.bc>:temp_sensor_init:%47	</harden/bcfiles/linux_bcfiles/thermal_char_device.bc>:IS_ERR	</harden/bcfiles/linux_bcfiles/thermal_char_device.bc>:temp_sensor_init:%47
</harden/bcfiles/linux_bcfiles/thermal_char_device.bc>:temp_sensor_init:62	</harden/bcfiles/linux_bcfiles/thermal_char_device.bc>:temp_sensor_init:%51	</harden/bcfiles/linux_bcfiles/thermal_char_device.bc>:_printk	</harden/bcfiles/linux_bcfiles/thermal_char_device.bc>:temp_sensor_init:%51
</harden/bcfiles/linux_bcfiles/thermal_char_device.bc>:temp_sensor_init:67	</harden/bcfiles/linux_bcfiles/thermal_char_device.bc>:temp_sensor_init:%54	</harden/bcfiles/linux_bcfiles/thermal_char_device.bc>:PTR_ERR	</harden/bcfiles/linux_bcfiles/thermal_char_device.bc>:PTR_ERR:%0
</harden/bcfiles/linux_bcfiles/thermal_char_device.bc>:temp_sensor_init:67	</harden/bcfiles/linux_bcfiles/thermal_char_device.bc>:temp_sensor_init:%55	</harden/bcfiles/linux_bcfiles/thermal_char_device.bc>:PTR_ERR	</harden/bcfiles/linux_bcfiles/thermal_char_device.bc>:temp_sensor_init:%55
</harden/bcfiles/linux_bcfiles/thermal_char_device.bc>:temp_sensor_init:75	</harden/bcfiles/linux_bcfiles/thermal_char_device.bc>:temp_sensor_init:%61	</harden/bcfiles/linux_bcfiles/thermal_char_device.bc>:device_create	</harden/bcfiles/linux_bcfiles/thermal_char_device.bc>:temp_sensor_init:%61
</harden/bcfiles/linux_bcfiles/thermal_char_device.bc>:temp_sensor_init:79	</harden/bcfiles/linux_bcfiles/thermal_char_device.bc>:temp_sensor_init:%63	</harden/bcfiles/linux_bcfiles/thermal_char_device.bc>:IS_ERR	</harden/bcfiles/linux_bcfiles/thermal_char_device.bc>:IS_ERR:%0
</harden/bcfiles/linux_bcfiles/thermal_char_device.bc>:temp_sensor_init:79	</harden/bcfiles/linux_bcfiles/thermal_char_device.bc>:temp_sensor_init:%64	</harden/bcfiles/linux_bcfiles/thermal_char_device.bc>:IS_ERR	</harden/bcfiles/linux_bcfiles/thermal_char_device.bc>:temp_sensor_init:%64
</harden/bcfiles/linux_bcfiles/thermal_char_device.bc>:temp_sensor_init:83	</harden/bcfiles/linux_bcfiles/thermal_char_device.bc>:temp_sensor_init:%68	</harden/bcfiles/linux_bcfiles/thermal_char_device.bc>:_printk	</harden/bcfiles/linux_bcfiles/thermal_char_device.bc>:temp_sensor_init:%68
</harden/bcfiles/linux_bcfiles/thermal_char_device.bc>:temp_sensor_init:88	</harden/bcfiles/linux_bcfiles/thermal_char_device.bc>:temp_sensor_init:%71	</harden/bcfiles/linux_bcfiles/thermal_char_device.bc>:PTR_ERR	</harden/bcfiles/linux_bcfiles/thermal_char_device.bc>:PTR_ERR:%0
</harden/bcfiles/linux_bcfiles/thermal_char_device.bc>:temp_sensor_init:88	</harden/bcfiles/linux_bcfiles/thermal_char_device.bc>:temp_sensor_init:%72	</harden/bcfiles/linux_bcfiles/thermal_char_device.bc>:PTR_ERR	</harden/bcfiles/linux_bcfiles/thermal_char_device.bc>:temp_sensor_init:%72
</harden/bcfiles/linux_bcfiles/thermal_char_device.bc>:temp_sensor_init:111	</harden/bcfiles/linux_bcfiles/thermal_char_device.bc>:temp_sensor_init:%86	</harden/bcfiles/linux_bcfiles/thermal_char_device.bc>:kthread_stop	</harden/bcfiles/linux_bcfiles/thermal_char_device.bc>:temp_sensor_init:%86
</harden/bcfiles/linux_bcfiles/thermal_char_device.bc>:temp_sensor_exit:8	</harden/bcfiles/linux_bcfiles/thermal_char_device.bc>:temp_sensor_exit:%8	</harden/bcfiles/linux_bcfiles/thermal_char_device.bc>:kthread_stop	</harden/bcfiles/linux_bcfiles/thermal_char_device.bc>:temp_sensor_exit:%8
</harden/bcfiles/linux_bcfiles/thermal_char_device.bc>:temp_sensor_thread:9	</harden/bcfiles/linux_bcfiles/thermal_char_device.bc>:temp_sensor_thread:%8	</harden/bcfiles/linux_bcfiles/thermal_char_device.bc>:kthread_should_stop	</harden/bcfiles/linux_bcfiles/thermal_char_device.bc>:temp_sensor_thread:%8
</harden/bcfiles/linux_bcfiles/thermal_char_device.bc>:temp_sensor_thread:13	</harden/bcfiles/linux_bcfiles/thermal_char_device.bc>:temp_sensor_thread:%11	</harden/bcfiles/linux_bcfiles/thermal_char_device.bc>:get_random_u32	</harden/bcfiles/linux_bcfiles/thermal_char_device.bc>:temp_sensor_thread:%11
</harden/bcfiles/linux_bcfiles/thermal_char_device.bc>:register_chrdev:12	</harden/bcfiles/linux_bcfiles/thermal_char_device.bc>:register_chrdev:%10	</harden/bcfiles/linux_bcfiles/thermal_char_device.bc>:__register_chrdev	</harden/bcfiles/linux_bcfiles/thermal_char_device.bc>:register_chrdev:%10
</harden/bcfiles/linux_bcfiles/thermal_char_device.bc>:temp_read:42	</harden/bcfiles/linux_bcfiles/thermal_char_device.bc>:temp_read:%32	</harden/bcfiles/linux_bcfiles/thermal_char_device.bc>:snprintf	</harden/bcfiles/linux_bcfiles/thermal_char_device.bc>:temp_read:%32
</harden/bcfiles/linux_bcfiles/thermal_char_device.bc>:temp_read:76	</harden/bcfiles/linux_bcfiles/thermal_char_device.bc>:temp_read:%50	</harden/bcfiles/linux_bcfiles/thermal_char_device.bc>:llvm.objectsize.i64.p0i8	</harden/bcfiles/linux_bcfiles/thermal_char_device.bc>:temp_read:%50
</harden/bcfiles/linux_bcfiles/thermal_char_device.bc>:temp_read:93	</harden/bcfiles/linux_bcfiles/thermal_char_device.bc>:temp_read:%66	</harden/bcfiles/linux_bcfiles/thermal_char_device.bc>:llvm.is.constant.i64	</harden/bcfiles/linux_bcfiles/thermal_char_device.bc>:temp_read:%66
</harden/bcfiles/linux_bcfiles/thermal_char_device.bc>:temp_read:97	</harden/bcfiles/linux_bcfiles/thermal_char_device.bc>:temp_read:%68	</harden/bcfiles/linux_bcfiles/thermal_char_device.bc>:copy_overflow	</harden/bcfiles/linux_bcfiles/thermal_char_device.bc>:copy_overflow:%0
</harden/bcfiles/linux_bcfiles/thermal_char_device.bc>:temp_read:97	</harden/bcfiles/linux_bcfiles/thermal_char_device.bc>:temp_read:%69	</harden/bcfiles/linux_bcfiles/thermal_char_device.bc>:copy_overflow	</harden/bcfiles/linux_bcfiles/thermal_char_device.bc>:copy_overflow:%1
</harden/bcfiles/linux_bcfiles/thermal_char_device.bc>:temp_read:141	</harden/bcfiles/linux_bcfiles/thermal_char_device.bc>:temp_read:%99	</harden/bcfiles/linux_bcfiles/thermal_char_device.bc>:check_object_size	</harden/bcfiles/linux_bcfiles/thermal_char_device.bc>:check_object_size:%0
</harden/bcfiles/linux_bcfiles/thermal_char_device.bc>:temp_read:141	</harden/bcfiles/linux_bcfiles/thermal_char_device.bc>:temp_read:%100	</harden/bcfiles/linux_bcfiles/thermal_char_device.bc>:check_object_size	</harden/bcfiles/linux_bcfiles/thermal_char_device.bc>:check_object_size:%1
</harden/bcfiles/linux_bcfiles/thermal_char_device.bc>:temp_read:141	</harden/bcfiles/linux_bcfiles/thermal_char_device.bc>:temp_read:%102	</harden/bcfiles/linux_bcfiles/thermal_char_device.bc>:check_object_size	</harden/bcfiles/linux_bcfiles/thermal_char_device.bc>:check_object_size:%2
</harden/bcfiles/linux_bcfiles/thermal_char_device.bc>:temp_read:149	</harden/bcfiles/linux_bcfiles/thermal_char_device.bc>:temp_read:%109	</harden/bcfiles/linux_bcfiles/thermal_char_device.bc>:_copy_to_user	</harden/bcfiles/linux_bcfiles/thermal_char_device.bc>:temp_read:%109
