</harden/bcfiles/linux_bcfiles/thermal_char_device.bc>:temp_sensor_init:19	</harden/bcfiles/linux_bcfiles/thermal_char_device.bc>:IS_ERR:0
</harden/bcfiles/linux_bcfiles/thermal_char_device.bc>:temp_sensor_init:30	</harden/bcfiles/linux_bcfiles/thermal_char_device.bc>:IS_ERR:0
</harden/bcfiles/linux_bcfiles/thermal_char_device.bc>:temp_sensor_init:39	</harden/bcfiles/linux_bcfiles/thermal_char_device.bc>:PTR_ERR:0
</harden/bcfiles/linux_bcfiles/thermal_char_device.bc>:temp_sensor_init:43	</harden/bcfiles/linux_bcfiles/thermal_char_device.bc>:register_chrdev:0
</harden/bcfiles/linux_bcfiles/thermal_char_device.bc>:temp_sensor_init:58	</harden/bcfiles/linux_bcfiles/thermal_char_device.bc>:IS_ERR:0
</harden/bcfiles/linux_bcfiles/thermal_char_device.bc>:temp_sensor_init:67	</harden/bcfiles/linux_bcfiles/thermal_char_device.bc>:PTR_ERR:0
</harden/bcfiles/linux_bcfiles/thermal_char_device.bc>:temp_sensor_init:79	</harden/bcfiles/linux_bcfiles/thermal_char_device.bc>:IS_ERR:0
</harden/bcfiles/linux_bcfiles/thermal_char_device.bc>:temp_sensor_init:88	</harden/bcfiles/linux_bcfiles/thermal_char_device.bc>:PTR_ERR:0
</harden/bcfiles/linux_bcfiles/thermal_char_device.bc>:temp_sensor_init:104	</harden/bcfiles/linux_bcfiles/thermal_char_device.bc>:unregister_chrdev:0
</harden/bcfiles/linux_bcfiles/thermal_char_device.bc>:temp_sensor_exit:14	</harden/bcfiles/linux_bcfiles/thermal_char_device.bc>:unregister_chrdev:0
</harden/bcfiles/linux_bcfiles/thermal_char_device.bc>:temp_sensor_exit:15	</harden/bcfiles/linux_bcfiles/thermal_char_device.bc>:mutex_destroy:0
</harden/bcfiles/linux_bcfiles/thermal_char_device.bc>:temp_sensor_thread:21	</harden/bcfiles/linux_bcfiles/thermal_char_device.bc>:ssleep:0
</harden/bcfiles/linux_bcfiles/thermal_char_device.bc>:temp_read:97	</harden/bcfiles/linux_bcfiles/thermal_char_device.bc>:copy_overflow:0
</harden/bcfiles/linux_bcfiles/thermal_char_device.bc>:temp_read:141	</harden/bcfiles/linux_bcfiles/thermal_char_device.bc>:check_object_size:0
