</harden/bcfiles/linux_bcfiles/thermal_char_device.bc>:temp_sensor_init:10	</harden/bcfiles/linux_bcfiles/thermal_char_device.bc>:temp_sensor_init:10:0:@llvm.dbg.declare
</harden/bcfiles/linux_bcfiles/thermal_char_device.bc>:temp_sensor_init:14	</harden/bcfiles/linux_bcfiles/thermal_char_device.bc>:temp_sensor_init:14:0:@llvm.dbg.declare
</harden/bcfiles/linux_bcfiles/thermal_char_device.bc>:temp_sensor_init:15	</harden/bcfiles/linux_bcfiles/thermal_char_device.bc>:temp_sensor_init:15:0:@kthread_create_on_node
</harden/bcfiles/linux_bcfiles/thermal_char_device.bc>:temp_sensor_init:19	</harden/bcfiles/linux_bcfiles/thermal_char_device.bc>:temp_sensor_init:19:0:@IS_ERR
</harden/bcfiles/linux_bcfiles/thermal_char_device.bc>:temp_sensor_init:22	</harden/bcfiles/linux_bcfiles/thermal_char_device.bc>:temp_sensor_init:22:0:@wake_up_process
</harden/bcfiles/linux_bcfiles/thermal_char_device.bc>:temp_sensor_init:30	</harden/bcfiles/linux_bcfiles/thermal_char_device.bc>:temp_sensor_init:30:0:@IS_ERR
</harden/bcfiles/linux_bcfiles/thermal_char_device.bc>:temp_sensor_init:34	</harden/bcfiles/linux_bcfiles/thermal_char_device.bc>:temp_sensor_init:34:0:@_printk
</harden/bcfiles/linux_bcfiles/thermal_char_device.bc>:temp_sensor_init:39	</harden/bcfiles/linux_bcfiles/thermal_char_device.bc>:temp_sensor_init:39:0:@PTR_ERR
</harden/bcfiles/linux_bcfiles/thermal_char_device.bc>:temp_sensor_init:43	</harden/bcfiles/linux_bcfiles/thermal_char_device.bc>:temp_sensor_init:43:0:@register_chrdev
</harden/bcfiles/linux_bcfiles/thermal_char_device.bc>:temp_sensor_init:50	</harden/bcfiles/linux_bcfiles/thermal_char_device.bc>:temp_sensor_init:50:0:@_printk
</harden/bcfiles/linux_bcfiles/thermal_char_device.bc>:temp_sensor_init:54	</harden/bcfiles/linux_bcfiles/thermal_char_device.bc>:temp_sensor_init:54:0:@class_create
</harden/bcfiles/linux_bcfiles/thermal_char_device.bc>:temp_sensor_init:58	</harden/bcfiles/linux_bcfiles/thermal_char_device.bc>:temp_sensor_init:58:0:@IS_ERR
</harden/bcfiles/linux_bcfiles/thermal_char_device.bc>:temp_sensor_init:62	</harden/bcfiles/linux_bcfiles/thermal_char_device.bc>:temp_sensor_init:62:0:@_printk
</harden/bcfiles/linux_bcfiles/thermal_char_device.bc>:temp_sensor_init:67	</harden/bcfiles/linux_bcfiles/thermal_char_device.bc>:temp_sensor_init:67:0:@PTR_ERR
</harden/bcfiles/linux_bcfiles/thermal_char_device.bc>:temp_sensor_init:75	</harden/bcfiles/linux_bcfiles/thermal_char_device.bc>:temp_sensor_init:75:0:@device_create
</harden/bcfiles/linux_bcfiles/thermal_char_device.bc>:temp_sensor_init:79	</harden/bcfiles/linux_bcfiles/thermal_char_device.bc>:temp_sensor_init:79:0:@IS_ERR
</harden/bcfiles/linux_bcfiles/thermal_char_device.bc>:temp_sensor_init:83	</harden/bcfiles/linux_bcfiles/thermal_char_device.bc>:temp_sensor_init:83:0:@_printk
</harden/bcfiles/linux_bcfiles/thermal_char_device.bc>:temp_sensor_init:88	</harden/bcfiles/linux_bcfiles/thermal_char_device.bc>:temp_sensor_init:88:0:@PTR_ERR
</harden/bcfiles/linux_bcfiles/thermal_char_device.bc>:temp_sensor_init:93	</harden/bcfiles/linux_bcfiles/thermal_char_device.bc>:temp_sensor_init:93:0:@__mutex_init
</harden/bcfiles/linux_bcfiles/thermal_char_device.bc>:temp_sensor_init:99	</harden/bcfiles/linux_bcfiles/thermal_char_device.bc>:temp_sensor_init:99:0:@llvm.dbg.label
</harden/bcfiles/linux_bcfiles/thermal_char_device.bc>:temp_sensor_init:101	</harden/bcfiles/linux_bcfiles/thermal_char_device.bc>:temp_sensor_init:101:0:@class_destroy
</harden/bcfiles/linux_bcfiles/thermal_char_device.bc>:temp_sensor_init:103	</harden/bcfiles/linux_bcfiles/thermal_char_device.bc>:temp_sensor_init:103:0:@llvm.dbg.label
</harden/bcfiles/linux_bcfiles/thermal_char_device.bc>:temp_sensor_init:104	</harden/bcfiles/linux_bcfiles/thermal_char_device.bc>:temp_sensor_init:104:0:@unregister_chrdev
</harden/bcfiles/linux_bcfiles/thermal_char_device.bc>:temp_sensor_init:106	</harden/bcfiles/linux_bcfiles/thermal_char_device.bc>:temp_sensor_init:106:0:@llvm.dbg.label
</harden/bcfiles/linux_bcfiles/thermal_char_device.bc>:temp_sensor_init:111	</harden/bcfiles/linux_bcfiles/thermal_char_device.bc>:temp_sensor_init:111:0:@kthread_stop
</harden/bcfiles/linux_bcfiles/thermal_char_device.bc>:temp_sensor_exit:8	</harden/bcfiles/linux_bcfiles/thermal_char_device.bc>:temp_sensor_exit:8:0:@kthread_stop
</harden/bcfiles/linux_bcfiles/thermal_char_device.bc>:temp_sensor_exit:11	</harden/bcfiles/linux_bcfiles/thermal_char_device.bc>:temp_sensor_exit:11:0:@device_destroy
</harden/bcfiles/linux_bcfiles/thermal_char_device.bc>:temp_sensor_exit:13	</harden/bcfiles/linux_bcfiles/thermal_char_device.bc>:temp_sensor_exit:13:0:@class_destroy
</harden/bcfiles/linux_bcfiles/thermal_char_device.bc>:temp_sensor_exit:14	</harden/bcfiles/linux_bcfiles/thermal_char_device.bc>:temp_sensor_exit:14:0:@unregister_chrdev
</harden/bcfiles/linux_bcfiles/thermal_char_device.bc>:temp_sensor_exit:15	</harden/bcfiles/linux_bcfiles/thermal_char_device.bc>:temp_sensor_exit:15:0:@mutex_destroy
</harden/bcfiles/linux_bcfiles/thermal_char_device.bc>:temp_sensor_thread:5	</harden/bcfiles/linux_bcfiles/thermal_char_device.bc>:temp_sensor_thread:5:0:@llvm.dbg.declare
</harden/bcfiles/linux_bcfiles/thermal_char_device.bc>:temp_sensor_thread:9	</harden/bcfiles/linux_bcfiles/thermal_char_device.bc>:temp_sensor_thread:9:0:@kthread_should_stop
</harden/bcfiles/linux_bcfiles/thermal_char_device.bc>:temp_sensor_thread:12	</harden/bcfiles/linux_bcfiles/thermal_char_device.bc>:temp_sensor_thread:12:0:@llvm.dbg.declare
</harden/bcfiles/linux_bcfiles/thermal_char_device.bc>:temp_sensor_thread:13	</harden/bcfiles/linux_bcfiles/thermal_char_device.bc>:temp_sensor_thread:13:0:@get_random_u32
</harden/bcfiles/linux_bcfiles/thermal_char_device.bc>:temp_sensor_thread:17	</harden/bcfiles/linux_bcfiles/thermal_char_device.bc>:temp_sensor_thread:17:0:@mutex_lock
</harden/bcfiles/linux_bcfiles/thermal_char_device.bc>:temp_sensor_thread:20	</harden/bcfiles/linux_bcfiles/thermal_char_device.bc>:temp_sensor_thread:20:0:@mutex_unlock
</harden/bcfiles/linux_bcfiles/thermal_char_device.bc>:temp_sensor_thread:21	</harden/bcfiles/linux_bcfiles/thermal_char_device.bc>:temp_sensor_thread:21:0:@ssleep
</harden/bcfiles/linux_bcfiles/thermal_char_device.bc>:IS_ERR:2	</harden/bcfiles/linux_bcfiles/thermal_char_device.bc>:IS_ERR:2:0:@llvm.dbg.declare
</harden/bcfiles/linux_bcfiles/thermal_char_device.bc>:PTR_ERR:2	</harden/bcfiles/linux_bcfiles/thermal_char_device.bc>:PTR_ERR:2:0:@llvm.dbg.declare
</harden/bcfiles/linux_bcfiles/thermal_char_device.bc>:register_chrdev:4	</harden/bcfiles/linux_bcfiles/thermal_char_device.bc>:register_chrdev:4:0:@llvm.dbg.declare
</harden/bcfiles/linux_bcfiles/thermal_char_device.bc>:register_chrdev:6	</harden/bcfiles/linux_bcfiles/thermal_char_device.bc>:register_chrdev:6:0:@llvm.dbg.declare
</harden/bcfiles/linux_bcfiles/thermal_char_device.bc>:register_chrdev:8	</harden/bcfiles/linux_bcfiles/thermal_char_device.bc>:register_chrdev:8:0:@llvm.dbg.declare
</harden/bcfiles/linux_bcfiles/thermal_char_device.bc>:register_chrdev:12	</harden/bcfiles/linux_bcfiles/thermal_char_device.bc>:register_chrdev:12:0:@__register_chrdev
</harden/bcfiles/linux_bcfiles/thermal_char_device.bc>:thermal_devnode:3	</harden/bcfiles/linux_bcfiles/thermal_char_device.bc>:thermal_devnode:3:0:@llvm.dbg.declare
</harden/bcfiles/linux_bcfiles/thermal_char_device.bc>:thermal_devnode:5	</harden/bcfiles/linux_bcfiles/thermal_char_device.bc>:thermal_devnode:5:0:@llvm.dbg.declare
</harden/bcfiles/linux_bcfiles/thermal_char_device.bc>:unregister_chrdev:3	</harden/bcfiles/linux_bcfiles/thermal_char_device.bc>:unregister_chrdev:3:0:@llvm.dbg.declare
</harden/bcfiles/linux_bcfiles/thermal_char_device.bc>:unregister_chrdev:5	</harden/bcfiles/linux_bcfiles/thermal_char_device.bc>:unregister_chrdev:5:0:@llvm.dbg.declare
</harden/bcfiles/linux_bcfiles/thermal_char_device.bc>:unregister_chrdev:8	</harden/bcfiles/linux_bcfiles/thermal_char_device.bc>:unregister_chrdev:8:0:@__unregister_chrdev
</harden/bcfiles/linux_bcfiles/thermal_char_device.bc>:ssleep:2	</harden/bcfiles/linux_bcfiles/thermal_char_device.bc>:ssleep:2:0:@llvm.dbg.declare
</harden/bcfiles/linux_bcfiles/thermal_char_device.bc>:ssleep:5	</harden/bcfiles/linux_bcfiles/thermal_char_device.bc>:ssleep:5:0:@msleep
</harden/bcfiles/linux_bcfiles/thermal_char_device.bc>:temp_read:20	</harden/bcfiles/linux_bcfiles/thermal_char_device.bc>:temp_read:20:0:@llvm.dbg.declare
</harden/bcfiles/linux_bcfiles/thermal_char_device.bc>:temp_read:22	</harden/bcfiles/linux_bcfiles/thermal_char_device.bc>:temp_read:22:0:@llvm.dbg.declare
</harden/bcfiles/linux_bcfiles/thermal_char_device.bc>:temp_read:24	</harden/bcfiles/linux_bcfiles/thermal_char_device.bc>:temp_read:24:0:@llvm.dbg.declare
</harden/bcfiles/linux_bcfiles/thermal_char_device.bc>:temp_read:26	</harden/bcfiles/linux_bcfiles/thermal_char_device.bc>:temp_read:26:0:@llvm.dbg.declare
</harden/bcfiles/linux_bcfiles/thermal_char_device.bc>:temp_read:27	</harden/bcfiles/linux_bcfiles/thermal_char_device.bc>:temp_read:27:0:@llvm.dbg.declare
</harden/bcfiles/linux_bcfiles/thermal_char_device.bc>:temp_read:28	</harden/bcfiles/linux_bcfiles/thermal_char_device.bc>:temp_read:28:0:@llvm.dbg.declare
</harden/bcfiles/linux_bcfiles/thermal_char_device.bc>:temp_read:29	</harden/bcfiles/linux_bcfiles/thermal_char_device.bc>:temp_read:29:0:@llvm.dbg.declare
</harden/bcfiles/linux_bcfiles/thermal_char_device.bc>:temp_read:36	</harden/bcfiles/linux_bcfiles/thermal_char_device.bc>:temp_read:36:0:@mutex_lock
</harden/bcfiles/linux_bcfiles/thermal_char_device.bc>:temp_read:39	</harden/bcfiles/linux_bcfiles/thermal_char_device.bc>:temp_read:39:0:@mutex_unlock
</harden/bcfiles/linux_bcfiles/thermal_char_device.bc>:temp_read:42	</harden/bcfiles/linux_bcfiles/thermal_char_device.bc>:temp_read:42:0:@snprintf
</harden/bcfiles/linux_bcfiles/thermal_char_device.bc>:temp_read:61	</harden/bcfiles/linux_bcfiles/thermal_char_device.bc>:temp_read:61:0:@llvm.dbg.declare
</harden/bcfiles/linux_bcfiles/thermal_char_device.bc>:temp_read:63	</harden/bcfiles/linux_bcfiles/thermal_char_device.bc>:temp_read:63:0:@llvm.dbg.declare
</harden/bcfiles/linux_bcfiles/thermal_char_device.bc>:temp_read:65	</harden/bcfiles/linux_bcfiles/thermal_char_device.bc>:temp_read:65:0:@llvm.dbg.declare
</harden/bcfiles/linux_bcfiles/thermal_char_device.bc>:temp_read:69	</harden/bcfiles/linux_bcfiles/thermal_char_device.bc>:temp_read:69:0:@llvm.dbg.declare
</harden/bcfiles/linux_bcfiles/thermal_char_device.bc>:temp_read:71	</harden/bcfiles/linux_bcfiles/thermal_char_device.bc>:temp_read:71:0:@llvm.dbg.declare
</harden/bcfiles/linux_bcfiles/thermal_char_device.bc>:temp_read:73	</harden/bcfiles/linux_bcfiles/thermal_char_device.bc>:temp_read:73:0:@llvm.dbg.declare
</harden/bcfiles/linux_bcfiles/thermal_char_device.bc>:temp_read:74	</harden/bcfiles/linux_bcfiles/thermal_char_device.bc>:temp_read:74:0:@llvm.dbg.declare
</harden/bcfiles/linux_bcfiles/thermal_char_device.bc>:temp_read:76	</harden/bcfiles/linux_bcfiles/thermal_char_device.bc>:temp_read:76:0:@llvm.objectsize.i64.p0i8
</harden/bcfiles/linux_bcfiles/thermal_char_device.bc>:temp_read:93	</harden/bcfiles/linux_bcfiles/thermal_char_device.bc>:temp_read:93:0:@llvm.is.constant.i64
</harden/bcfiles/linux_bcfiles/thermal_char_device.bc>:temp_read:97	</harden/bcfiles/linux_bcfiles/thermal_char_device.bc>:temp_read:97:0:@copy_overflow
</harden/bcfiles/linux_bcfiles/thermal_char_device.bc>:temp_read:102	</harden/bcfiles/linux_bcfiles/thermal_char_device.bc>:temp_read:102:0:@__bad_copy_from
</harden/bcfiles/linux_bcfiles/thermal_char_device.bc>:temp_read:104	</harden/bcfiles/linux_bcfiles/thermal_char_device.bc>:temp_read:104:0:@__bad_copy_to
</harden/bcfiles/linux_bcfiles/thermal_char_device.bc>:temp_read:109	</harden/bcfiles/linux_bcfiles/thermal_char_device.bc>:temp_read:109:0:@llvm.dbg.declare
</harden/bcfiles/linux_bcfiles/thermal_char_device.bc>:temp_read:121	</harden/bcfiles/linux_bcfiles/thermal_char_device.bc>:temp_read:121:0:@llvm.dbg.declare
</harden/bcfiles/linux_bcfiles/thermal_char_device.bc>:temp_read:124	</harden/bcfiles/linux_bcfiles/thermal_char_device.bc>:temp_read:124::<asm>
</harden/bcfiles/linux_bcfiles/thermal_char_device.bc>:temp_read:141	</harden/bcfiles/linux_bcfiles/thermal_char_device.bc>:temp_read:141:0:@check_object_size
</harden/bcfiles/linux_bcfiles/thermal_char_device.bc>:temp_read:149	</harden/bcfiles/linux_bcfiles/thermal_char_device.bc>:temp_read:149:0:@_copy_to_user
</harden/bcfiles/linux_bcfiles/thermal_char_device.bc>:temp_open:4	</harden/bcfiles/linux_bcfiles/thermal_char_device.bc>:temp_open:4:0:@llvm.dbg.declare
</harden/bcfiles/linux_bcfiles/thermal_char_device.bc>:temp_open:6	</harden/bcfiles/linux_bcfiles/thermal_char_device.bc>:temp_open:6:0:@llvm.dbg.declare
</harden/bcfiles/linux_bcfiles/thermal_char_device.bc>:temp_release:4	</harden/bcfiles/linux_bcfiles/thermal_char_device.bc>:temp_release:4:0:@llvm.dbg.declare
</harden/bcfiles/linux_bcfiles/thermal_char_device.bc>:temp_release:6	</harden/bcfiles/linux_bcfiles/thermal_char_device.bc>:temp_release:6:0:@llvm.dbg.declare
</harden/bcfiles/linux_bcfiles/thermal_char_device.bc>:copy_overflow:3	</harden/bcfiles/linux_bcfiles/thermal_char_device.bc>:copy_overflow:3:0:@llvm.dbg.declare
</harden/bcfiles/linux_bcfiles/thermal_char_device.bc>:copy_overflow:5	</harden/bcfiles/linux_bcfiles/thermal_char_device.bc>:copy_overflow:5:0:@llvm.dbg.declare
</harden/bcfiles/linux_bcfiles/thermal_char_device.bc>:copy_overflow:8	</harden/bcfiles/linux_bcfiles/thermal_char_device.bc>:copy_overflow:8:0:@__copy_overflow
</harden/bcfiles/linux_bcfiles/thermal_char_device.bc>:check_object_size:4	</harden/bcfiles/linux_bcfiles/thermal_char_device.bc>:check_object_size:4:0:@llvm.dbg.declare
</harden/bcfiles/linux_bcfiles/thermal_char_device.bc>:check_object_size:6	</harden/bcfiles/linux_bcfiles/thermal_char_device.bc>:check_object_size:6:0:@llvm.dbg.declare
</harden/bcfiles/linux_bcfiles/thermal_char_device.bc>:check_object_size:9	</harden/bcfiles/linux_bcfiles/thermal_char_device.bc>:check_object_size:9:0:@llvm.dbg.declare
</harden/bcfiles/linux_bcfiles/thermal_char_device.bc>:mutex_destroy:2	</harden/bcfiles/linux_bcfiles/thermal_char_device.bc>:mutex_destroy:2:0:@llvm.dbg.declare
