block:</harden/bcfiles/linux_bcfiles/thermal_char_device.bc>:temp_sensor_init:[basicblock]%0	block:</harden/bcfiles/linux_bcfiles/thermal_char_device.bc>:temp_sensor_init:[basicblock]%16
block:</harden/bcfiles/linux_bcfiles/thermal_char_device.bc>:temp_sensor_init:[basicblock]%0	block:</harden/bcfiles/linux_bcfiles/thermal_char_device.bc>:temp_sensor_init:[basicblock]%19
block:</harden/bcfiles/linux_bcfiles/thermal_char_device.bc>:temp_sensor_init:[basicblock]%16	block:</harden/bcfiles/linux_bcfiles/thermal_char_device.bc>:temp_sensor_init:[basicblock]%19
block:</harden/bcfiles/linux_bcfiles/thermal_char_device.bc>:temp_sensor_init:[basicblock]%19	block:</harden/bcfiles/linux_bcfiles/thermal_char_device.bc>:temp_sensor_init:[basicblock]%25
block:</harden/bcfiles/linux_bcfiles/thermal_char_device.bc>:temp_sensor_init:[basicblock]%25	block:</harden/bcfiles/linux_bcfiles/thermal_char_device.bc>:temp_sensor_init:[basicblock]%26
block:</harden/bcfiles/linux_bcfiles/thermal_char_device.bc>:temp_sensor_init:[basicblock]%26	block:</harden/bcfiles/linux_bcfiles/thermal_char_device.bc>:temp_sensor_init:[basicblock]%27
block:</harden/bcfiles/linux_bcfiles/thermal_char_device.bc>:temp_sensor_init:[basicblock]%19	block:</harden/bcfiles/linux_bcfiles/thermal_char_device.bc>:temp_sensor_init:[basicblock]%34
block:</harden/bcfiles/linux_bcfiles/thermal_char_device.bc>:temp_sensor_init:[basicblock]%34	block:</harden/bcfiles/linux_bcfiles/thermal_char_device.bc>:temp_sensor_init:[basicblock]%38
block:</harden/bcfiles/linux_bcfiles/thermal_char_device.bc>:temp_sensor_init:[basicblock]%38	block:</harden/bcfiles/linux_bcfiles/thermal_char_device.bc>:temp_sensor_init:[basicblock]%39
block:</harden/bcfiles/linux_bcfiles/thermal_char_device.bc>:temp_sensor_init:[basicblock]%39	block:</harden/bcfiles/linux_bcfiles/thermal_char_device.bc>:temp_sensor_init:[basicblock]%40
block:</harden/bcfiles/linux_bcfiles/thermal_char_device.bc>:temp_sensor_init:[basicblock]%34	block:</harden/bcfiles/linux_bcfiles/thermal_char_device.bc>:temp_sensor_init:[basicblock]%43
block:</harden/bcfiles/linux_bcfiles/thermal_char_device.bc>:temp_sensor_init:[basicblock]%43	block:</harden/bcfiles/linux_bcfiles/thermal_char_device.bc>:temp_sensor_init:[basicblock]%48
block:</harden/bcfiles/linux_bcfiles/thermal_char_device.bc>:temp_sensor_init:[basicblock]%48	block:</harden/bcfiles/linux_bcfiles/thermal_char_device.bc>:temp_sensor_init:[basicblock]%49
block:</harden/bcfiles/linux_bcfiles/thermal_char_device.bc>:temp_sensor_init:[basicblock]%49	block:</harden/bcfiles/linux_bcfiles/thermal_char_device.bc>:temp_sensor_init:[basicblock]%50
block:</harden/bcfiles/linux_bcfiles/thermal_char_device.bc>:temp_sensor_init:[basicblock]%43	block:</harden/bcfiles/linux_bcfiles/thermal_char_device.bc>:temp_sensor_init:[basicblock]%57
block:</harden/bcfiles/linux_bcfiles/thermal_char_device.bc>:temp_sensor_init:[basicblock]%57	block:</harden/bcfiles/linux_bcfiles/thermal_char_device.bc>:temp_sensor_init:[basicblock]%65
block:</harden/bcfiles/linux_bcfiles/thermal_char_device.bc>:temp_sensor_init:[basicblock]%65	block:</harden/bcfiles/linux_bcfiles/thermal_char_device.bc>:temp_sensor_init:[basicblock]%66
block:</harden/bcfiles/linux_bcfiles/thermal_char_device.bc>:temp_sensor_init:[basicblock]%66	block:</harden/bcfiles/linux_bcfiles/thermal_char_device.bc>:temp_sensor_init:[basicblock]%67
block:</harden/bcfiles/linux_bcfiles/thermal_char_device.bc>:temp_sensor_init:[basicblock]%57	block:</harden/bcfiles/linux_bcfiles/thermal_char_device.bc>:temp_sensor_init:[basicblock]%74
block:</harden/bcfiles/linux_bcfiles/thermal_char_device.bc>:temp_sensor_init:[basicblock]%74	block:</harden/bcfiles/linux_bcfiles/thermal_char_device.bc>:temp_sensor_init:[basicblock]%75
block:</harden/bcfiles/linux_bcfiles/thermal_char_device.bc>:temp_sensor_init:[basicblock]%75	block:</harden/bcfiles/linux_bcfiles/thermal_char_device.bc>:temp_sensor_init:[basicblock]%76
block:</harden/bcfiles/linux_bcfiles/thermal_char_device.bc>:temp_sensor_init:[basicblock]%67	block:</harden/bcfiles/linux_bcfiles/thermal_char_device.bc>:temp_sensor_init:[basicblock]%78
block:</harden/bcfiles/linux_bcfiles/thermal_char_device.bc>:temp_sensor_init:[basicblock]%50	block:</harden/bcfiles/linux_bcfiles/thermal_char_device.bc>:temp_sensor_init:[basicblock]%80
block:</harden/bcfiles/linux_bcfiles/thermal_char_device.bc>:temp_sensor_init:[basicblock]%78	block:</harden/bcfiles/linux_bcfiles/thermal_char_device.bc>:temp_sensor_init:[basicblock]%80
block:</harden/bcfiles/linux_bcfiles/thermal_char_device.bc>:temp_sensor_init:[basicblock]%40	block:</harden/bcfiles/linux_bcfiles/thermal_char_device.bc>:temp_sensor_init:[basicblock]%81
block:</harden/bcfiles/linux_bcfiles/thermal_char_device.bc>:temp_sensor_init:[basicblock]%80	block:</harden/bcfiles/linux_bcfiles/thermal_char_device.bc>:temp_sensor_init:[basicblock]%81
block:</harden/bcfiles/linux_bcfiles/thermal_char_device.bc>:temp_sensor_init:[basicblock]%81	block:</harden/bcfiles/linux_bcfiles/thermal_char_device.bc>:temp_sensor_init:[basicblock]%84
block:</harden/bcfiles/linux_bcfiles/thermal_char_device.bc>:temp_sensor_init:[basicblock]%81	block:</harden/bcfiles/linux_bcfiles/thermal_char_device.bc>:temp_sensor_init:[basicblock]%87
block:</harden/bcfiles/linux_bcfiles/thermal_char_device.bc>:temp_sensor_init:[basicblock]%84	block:</harden/bcfiles/linux_bcfiles/thermal_char_device.bc>:temp_sensor_init:[basicblock]%87
block:</harden/bcfiles/linux_bcfiles/thermal_char_device.bc>:temp_sensor_init:[basicblock]%27	block:</harden/bcfiles/linux_bcfiles/thermal_char_device.bc>:temp_sensor_init:[basicblock]%89
block:</harden/bcfiles/linux_bcfiles/thermal_char_device.bc>:temp_sensor_init:[basicblock]%76	block:</harden/bcfiles/linux_bcfiles/thermal_char_device.bc>:temp_sensor_init:[basicblock]%89
block:</harden/bcfiles/linux_bcfiles/thermal_char_device.bc>:temp_sensor_init:[basicblock]%87	block:</harden/bcfiles/linux_bcfiles/thermal_char_device.bc>:temp_sensor_init:[basicblock]%89
block:</harden/bcfiles/linux_bcfiles/thermal_char_device.bc>:temp_sensor_exit:[basicblock]%0	block:</harden/bcfiles/linux_bcfiles/thermal_char_device.bc>:temp_sensor_exit:[basicblock]%6
block:</harden/bcfiles/linux_bcfiles/thermal_char_device.bc>:temp_sensor_exit:[basicblock]%0	block:</harden/bcfiles/linux_bcfiles/thermal_char_device.bc>:temp_sensor_exit:[basicblock]%9
block:</harden/bcfiles/linux_bcfiles/thermal_char_device.bc>:temp_sensor_exit:[basicblock]%6	block:</harden/bcfiles/linux_bcfiles/thermal_char_device.bc>:temp_sensor_exit:[basicblock]%9
block:</harden/bcfiles/linux_bcfiles/thermal_char_device.bc>:temp_sensor_thread:[basicblock]%1	block:</harden/bcfiles/linux_bcfiles/thermal_char_device.bc>:temp_sensor_thread:[basicblock]%7
block:</harden/bcfiles/linux_bcfiles/thermal_char_device.bc>:temp_sensor_thread:[basicblock]%10	block:</harden/bcfiles/linux_bcfiles/thermal_char_device.bc>:temp_sensor_thread:[basicblock]%7
block:</harden/bcfiles/linux_bcfiles/thermal_char_device.bc>:temp_sensor_thread:[basicblock]%7	block:</harden/bcfiles/linux_bcfiles/thermal_char_device.bc>:temp_sensor_thread:[basicblock]%10
block:</harden/bcfiles/linux_bcfiles/thermal_char_device.bc>:temp_sensor_thread:[basicblock]%7	block:</harden/bcfiles/linux_bcfiles/thermal_char_device.bc>:temp_sensor_thread:[basicblock]%15
block:</harden/bcfiles/linux_bcfiles/thermal_char_device.bc>:thermal_devnode:[basicblock]%2	block:</harden/bcfiles/linux_bcfiles/thermal_char_device.bc>:thermal_devnode:[basicblock]%7
block:</harden/bcfiles/linux_bcfiles/thermal_char_device.bc>:thermal_devnode:[basicblock]%2	block:</harden/bcfiles/linux_bcfiles/thermal_char_device.bc>:thermal_devnode:[basicblock]%9
block:</harden/bcfiles/linux_bcfiles/thermal_char_device.bc>:thermal_devnode:[basicblock]%7	block:</harden/bcfiles/linux_bcfiles/thermal_char_device.bc>:thermal_devnode:[basicblock]%9
block:</harden/bcfiles/linux_bcfiles/thermal_char_device.bc>:temp_read:[basicblock]%4	block:</harden/bcfiles/linux_bcfiles/thermal_char_device.bc>:temp_read:[basicblock]%27
block:</harden/bcfiles/linux_bcfiles/thermal_char_device.bc>:temp_read:[basicblock]%4	block:</harden/bcfiles/linux_bcfiles/thermal_char_device.bc>:temp_read:[basicblock]%28
block:</harden/bcfiles/linux_bcfiles/thermal_char_device.bc>:temp_read:[basicblock]%28	block:</harden/bcfiles/linux_bcfiles/thermal_char_device.bc>:temp_read:[basicblock]%36
block:</harden/bcfiles/linux_bcfiles/thermal_char_device.bc>:temp_read:[basicblock]%28	block:</harden/bcfiles/linux_bcfiles/thermal_char_device.bc>:temp_read:[basicblock]%38
block:</harden/bcfiles/linux_bcfiles/thermal_char_device.bc>:temp_read:[basicblock]%38	block:</harden/bcfiles/linux_bcfiles/thermal_char_device.bc>:temp_read:[basicblock]%42
block:</harden/bcfiles/linux_bcfiles/thermal_char_device.bc>:temp_read:[basicblock]%38	block:</harden/bcfiles/linux_bcfiles/thermal_char_device.bc>:temp_read:[basicblock]%43
block:</harden/bcfiles/linux_bcfiles/thermal_char_device.bc>:temp_read:[basicblock]%43	block:</harden/bcfiles/linux_bcfiles/thermal_char_device.bc>:temp_read:[basicblock]%54
block:</harden/bcfiles/linux_bcfiles/thermal_char_device.bc>:temp_read:[basicblock]%43	block:</harden/bcfiles/linux_bcfiles/thermal_char_device.bc>:temp_read:[basicblock]%59
block:</harden/bcfiles/linux_bcfiles/thermal_char_device.bc>:temp_read:[basicblock]%54	block:</harden/bcfiles/linux_bcfiles/thermal_char_device.bc>:temp_read:[basicblock]%59
block:</harden/bcfiles/linux_bcfiles/thermal_char_device.bc>:temp_read:[basicblock]%59	block:</harden/bcfiles/linux_bcfiles/thermal_char_device.bc>:temp_read:[basicblock]%64
block:</harden/bcfiles/linux_bcfiles/thermal_char_device.bc>:temp_read:[basicblock]%64	block:</harden/bcfiles/linux_bcfiles/thermal_char_device.bc>:temp_read:[basicblock]%67
block:</harden/bcfiles/linux_bcfiles/thermal_char_device.bc>:temp_read:[basicblock]%64	block:</harden/bcfiles/linux_bcfiles/thermal_char_device.bc>:temp_read:[basicblock]%70
block:</harden/bcfiles/linux_bcfiles/thermal_char_device.bc>:temp_read:[basicblock]%70	block:</harden/bcfiles/linux_bcfiles/thermal_char_device.bc>:temp_read:[basicblock]%73
block:</harden/bcfiles/linux_bcfiles/thermal_char_device.bc>:temp_read:[basicblock]%70	block:</harden/bcfiles/linux_bcfiles/thermal_char_device.bc>:temp_read:[basicblock]%74
block:</harden/bcfiles/linux_bcfiles/thermal_char_device.bc>:temp_read:[basicblock]%73	block:</harden/bcfiles/linux_bcfiles/thermal_char_device.bc>:temp_read:[basicblock]%75
block:</harden/bcfiles/linux_bcfiles/thermal_char_device.bc>:temp_read:[basicblock]%74	block:</harden/bcfiles/linux_bcfiles/thermal_char_device.bc>:temp_read:[basicblock]%75
block:</harden/bcfiles/linux_bcfiles/thermal_char_device.bc>:temp_read:[basicblock]%67	block:</harden/bcfiles/linux_bcfiles/thermal_char_device.bc>:temp_read:[basicblock]%76
block:</harden/bcfiles/linux_bcfiles/thermal_char_device.bc>:temp_read:[basicblock]%75	block:</harden/bcfiles/linux_bcfiles/thermal_char_device.bc>:temp_read:[basicblock]%76
block:</harden/bcfiles/linux_bcfiles/thermal_char_device.bc>:temp_read:[basicblock]%59	block:</harden/bcfiles/linux_bcfiles/thermal_char_device.bc>:temp_read:[basicblock]%77
block:</harden/bcfiles/linux_bcfiles/thermal_char_device.bc>:temp_read:[basicblock]%77	block:</harden/bcfiles/linux_bcfiles/thermal_char_device.bc>:temp_read:[basicblock]%87
block:</harden/bcfiles/linux_bcfiles/thermal_char_device.bc>:temp_read:[basicblock]%77	block:</harden/bcfiles/linux_bcfiles/thermal_char_device.bc>:temp_read:[basicblock]%89
block:</harden/bcfiles/linux_bcfiles/thermal_char_device.bc>:temp_read:[basicblock]%87	block:</harden/bcfiles/linux_bcfiles/thermal_char_device.bc>:temp_read:[basicblock]%89
block:</harden/bcfiles/linux_bcfiles/thermal_char_device.bc>:temp_read:[basicblock]%89	block:</harden/bcfiles/linux_bcfiles/thermal_char_device.bc>:temp_read:[basicblock]%97
block:</harden/bcfiles/linux_bcfiles/thermal_char_device.bc>:temp_read:[basicblock]%89	block:</harden/bcfiles/linux_bcfiles/thermal_char_device.bc>:temp_read:[basicblock]%98
block:</harden/bcfiles/linux_bcfiles/thermal_char_device.bc>:temp_read:[basicblock]%76	block:</harden/bcfiles/linux_bcfiles/thermal_char_device.bc>:temp_read:[basicblock]%103
block:</harden/bcfiles/linux_bcfiles/thermal_char_device.bc>:temp_read:[basicblock]%97	block:</harden/bcfiles/linux_bcfiles/thermal_char_device.bc>:temp_read:[basicblock]%103
block:</harden/bcfiles/linux_bcfiles/thermal_char_device.bc>:temp_read:[basicblock]%98	block:</harden/bcfiles/linux_bcfiles/thermal_char_device.bc>:temp_read:[basicblock]%103
block:</harden/bcfiles/linux_bcfiles/thermal_char_device.bc>:temp_read:[basicblock]%103	block:</harden/bcfiles/linux_bcfiles/thermal_char_device.bc>:temp_read:[basicblock]%105
block:</harden/bcfiles/linux_bcfiles/thermal_char_device.bc>:temp_read:[basicblock]%103	block:</harden/bcfiles/linux_bcfiles/thermal_char_device.bc>:temp_read:[basicblock]%110
block:</harden/bcfiles/linux_bcfiles/thermal_char_device.bc>:temp_read:[basicblock]%105	block:</harden/bcfiles/linux_bcfiles/thermal_char_device.bc>:temp_read:[basicblock]%110
block:</harden/bcfiles/linux_bcfiles/thermal_char_device.bc>:temp_read:[basicblock]%110	block:</harden/bcfiles/linux_bcfiles/thermal_char_device.bc>:temp_read:[basicblock]%113
block:</harden/bcfiles/linux_bcfiles/thermal_char_device.bc>:temp_read:[basicblock]%110	block:</harden/bcfiles/linux_bcfiles/thermal_char_device.bc>:temp_read:[basicblock]%114
block:</harden/bcfiles/linux_bcfiles/thermal_char_device.bc>:temp_read:[basicblock]%27	block:</harden/bcfiles/linux_bcfiles/thermal_char_device.bc>:temp_read:[basicblock]%120
block:</harden/bcfiles/linux_bcfiles/thermal_char_device.bc>:temp_read:[basicblock]%36	block:</harden/bcfiles/linux_bcfiles/thermal_char_device.bc>:temp_read:[basicblock]%120
block:</harden/bcfiles/linux_bcfiles/thermal_char_device.bc>:temp_read:[basicblock]%42	block:</harden/bcfiles/linux_bcfiles/thermal_char_device.bc>:temp_read:[basicblock]%120
block:</harden/bcfiles/linux_bcfiles/thermal_char_device.bc>:temp_read:[basicblock]%113	block:</harden/bcfiles/linux_bcfiles/thermal_char_device.bc>:temp_read:[basicblock]%120
block:</harden/bcfiles/linux_bcfiles/thermal_char_device.bc>:temp_read:[basicblock]%114	block:</harden/bcfiles/linux_bcfiles/thermal_char_device.bc>:temp_read:[basicblock]%120
