</harden/bcfiles/linux_bcfiles/thermal_char_device.bc>:temp_sensor_init:%14	</harden/bcfiles/linux_bcfiles/thermal_char_device.bc>:temp_sensor_init:%13	</harden/bcfiles/linux_bcfiles/thermal_char_device.bc>:temp_sensor_init:18	176
</harden/bcfiles/linux_bcfiles/thermal_char_device.bc>:temp_sensor_init:%17	</harden/bcfiles/linux_bcfiles/thermal_char_device.bc>:temp_sensor_init:%4	</harden/bcfiles/linux_bcfiles/thermal_char_device.bc>:temp_sensor_init:21	176
</harden/bcfiles/linux_bcfiles/thermal_char_device.bc>:temp_sensor_init:%23	</harden/bcfiles/linux_bcfiles/thermal_char_device.bc>:temp_sensor_init:%22	</harden/bcfiles/linux_bcfiles/thermal_char_device.bc>:temp_sensor_init:29	177
</harden/bcfiles/linux_bcfiles/thermal_char_device.bc>:temp_sensor_init:%31	</harden/bcfiles/linux_bcfiles/thermal_char_device.bc>:temp_sensor_init:%30	</harden/bcfiles/linux_bcfiles/thermal_char_device.bc>:temp_sensor_init:38	179
</harden/bcfiles/linux_bcfiles/thermal_char_device.bc>:temp_sensor_init:%46	</harden/bcfiles/linux_bcfiles/thermal_char_device.bc>:temp_sensor_init:%45	</harden/bcfiles/linux_bcfiles/thermal_char_device.bc>:temp_sensor_init:57	191
</harden/bcfiles/linux_bcfiles/thermal_char_device.bc>:temp_sensor_init:%54	</harden/bcfiles/linux_bcfiles/thermal_char_device.bc>:temp_sensor_init:%53	</harden/bcfiles/linux_bcfiles/thermal_char_device.bc>:temp_sensor_init:66	193
</harden/bcfiles/linux_bcfiles/thermal_char_device.bc>:temp_sensor_init:%60	</harden/bcfiles/linux_bcfiles/thermal_char_device.bc>:temp_sensor_init:74:0:@temp_class	</harden/bcfiles/linux_bcfiles/thermal_char_device.bc>:temp_sensor_init:74	201
</harden/bcfiles/linux_bcfiles/thermal_char_device.bc>:temp_sensor_init:%63	</harden/bcfiles/linux_bcfiles/thermal_char_device.bc>:temp_sensor_init:%62	</harden/bcfiles/linux_bcfiles/thermal_char_device.bc>:temp_sensor_init:78	202
</harden/bcfiles/linux_bcfiles/thermal_char_device.bc>:temp_sensor_init:%71	</harden/bcfiles/linux_bcfiles/thermal_char_device.bc>:temp_sensor_init:%70	</harden/bcfiles/linux_bcfiles/thermal_char_device.bc>:temp_sensor_init:87	204
</harden/bcfiles/linux_bcfiles/thermal_char_device.bc>:temp_sensor_init:%79	</harden/bcfiles/linux_bcfiles/thermal_char_device.bc>:temp_sensor_init:100:0:@temp_class	</harden/bcfiles/linux_bcfiles/thermal_char_device.bc>:temp_sensor_init:100	214
</harden/bcfiles/linux_bcfiles/thermal_char_device.bc>:temp_sensor_init:%85	</harden/bcfiles/linux_bcfiles/thermal_char_device.bc>:temp_sensor_init:110:0:@temp_thread	</harden/bcfiles/linux_bcfiles/thermal_char_device.bc>:temp_sensor_init:110	219
</harden/bcfiles/linux_bcfiles/thermal_char_device.bc>:temp_sensor_exit:%7	</harden/bcfiles/linux_bcfiles/thermal_char_device.bc>:temp_sensor_exit:7:0:@temp_thread	</harden/bcfiles/linux_bcfiles/thermal_char_device.bc>:temp_sensor_exit:7	235
</harden/bcfiles/linux_bcfiles/thermal_char_device.bc>:temp_sensor_exit:%10	</harden/bcfiles/linux_bcfiles/thermal_char_device.bc>:temp_sensor_exit:10:0:@temp_class	</harden/bcfiles/linux_bcfiles/thermal_char_device.bc>:temp_sensor_exit:10	238
</harden/bcfiles/linux_bcfiles/thermal_char_device.bc>:temp_sensor_exit:%11	</harden/bcfiles/linux_bcfiles/thermal_char_device.bc>:temp_sensor_exit:12:0:@temp_class	</harden/bcfiles/linux_bcfiles/thermal_char_device.bc>:temp_sensor_exit:12	241
</harden/bcfiles/linux_bcfiles/thermal_char_device.bc>:register_chrdev:%7	</harden/bcfiles/linux_bcfiles/thermal_char_device.bc>:register_chrdev:%4	</harden/bcfiles/linux_bcfiles/thermal_char_device.bc>:register_chrdev:9	2599
</harden/bcfiles/linux_bcfiles/thermal_char_device.bc>:register_chrdev:%8	</harden/bcfiles/linux_bcfiles/thermal_char_device.bc>:register_chrdev:%5	</harden/bcfiles/linux_bcfiles/thermal_char_device.bc>:register_chrdev:10	2599
</harden/bcfiles/linux_bcfiles/thermal_char_device.bc>:register_chrdev:%9	</harden/bcfiles/linux_bcfiles/thermal_char_device.bc>:register_chrdev:%6	</harden/bcfiles/linux_bcfiles/thermal_char_device.bc>:register_chrdev:11	2599
</harden/bcfiles/linux_bcfiles/thermal_char_device.bc>:unregister_chrdev:%5	</harden/bcfiles/linux_bcfiles/thermal_char_device.bc>:unregister_chrdev:%3	</harden/bcfiles/linux_bcfiles/thermal_char_device.bc>:unregister_chrdev:6	2604
</harden/bcfiles/linux_bcfiles/thermal_char_device.bc>:unregister_chrdev:%6	</harden/bcfiles/linux_bcfiles/thermal_char_device.bc>:unregister_chrdev:%4	</harden/bcfiles/linux_bcfiles/thermal_char_device.bc>:unregister_chrdev:7	2604
</harden/bcfiles/linux_bcfiles/thermal_char_device.bc>:ssleep:%4	</harden/bcfiles/linux_bcfiles/thermal_char_device.bc>:ssleep:4:0:1000	</harden/bcfiles/linux_bcfiles/thermal_char_device.bc>:ssleep:4	78
</harden/bcfiles/linux_bcfiles/thermal_char_device.bc>:ssleep:%4	</harden/bcfiles/linux_bcfiles/thermal_char_device.bc>:ssleep:%3	</harden/bcfiles/linux_bcfiles/thermal_char_device.bc>:ssleep:4	78
</harden/bcfiles/linux_bcfiles/thermal_char_device.bc>:temp_read:%30	</harden/bcfiles/linux_bcfiles/thermal_char_device.bc>:temp_read:40:0:0	</harden/bcfiles/linux_bcfiles/thermal_char_device.bc>:temp_read:40	134
</harden/bcfiles/linux_bcfiles/thermal_char_device.bc>:temp_read:%30	</harden/bcfiles/linux_bcfiles/thermal_char_device.bc>:temp_read:40:1:0	</harden/bcfiles/linux_bcfiles/thermal_char_device.bc>:temp_read:40	134
</harden/bcfiles/linux_bcfiles/thermal_char_device.bc>:temp_read:%30	</harden/bcfiles/linux_bcfiles/thermal_char_device.bc>:temp_read:%21	</harden/bcfiles/linux_bcfiles/thermal_char_device.bc>:temp_read:40	134
</harden/bcfiles/linux_bcfiles/thermal_char_device.bc>:temp_read:%31	</harden/bcfiles/linux_bcfiles/thermal_char_device.bc>:temp_read:%22	</harden/bcfiles/linux_bcfiles/thermal_char_device.bc>:temp_read:41	134
</harden/bcfiles/linux_bcfiles/thermal_char_device.bc>:temp_read:%49	</harden/bcfiles/linux_bcfiles/thermal_char_device.bc>:temp_read:%6	</harden/bcfiles/linux_bcfiles/thermal_char_device.bc>:temp_read:75	239
</harden/bcfiles/linux_bcfiles/thermal_char_device.bc>:temp_read:%65	</harden/bcfiles/linux_bcfiles/thermal_char_device.bc>:temp_read:%7	</harden/bcfiles/linux_bcfiles/thermal_char_device.bc>:temp_read:92	241
</harden/bcfiles/linux_bcfiles/thermal_char_device.bc>:temp_read:%68	</harden/bcfiles/linux_bcfiles/thermal_char_device.bc>:temp_read:%9	</harden/bcfiles/linux_bcfiles/thermal_char_device.bc>:temp_read:95	242
</harden/bcfiles/linux_bcfiles/thermal_char_device.bc>:temp_read:%69	</harden/bcfiles/linux_bcfiles/thermal_char_device.bc>:temp_read:%7	</harden/bcfiles/linux_bcfiles/thermal_char_device.bc>:temp_read:96	242
</harden/bcfiles/linux_bcfiles/thermal_char_device.bc>:temp_read:%88	</harden/bcfiles/linux_bcfiles/thermal_char_device.bc>:temp_read:%11	</harden/bcfiles/linux_bcfiles/thermal_char_device.bc>:temp_read:123	249
</harden/bcfiles/linux_bcfiles/thermal_char_device.bc>:temp_read:%99	</harden/bcfiles/linux_bcfiles/thermal_char_device.bc>:temp_read:%6	</harden/bcfiles/linux_bcfiles/thermal_char_device.bc>:temp_read:137	251
</harden/bcfiles/linux_bcfiles/thermal_char_device.bc>:temp_read:%100	</harden/bcfiles/linux_bcfiles/thermal_char_device.bc>:temp_read:%7	</harden/bcfiles/linux_bcfiles/thermal_char_device.bc>:temp_read:138	251
</harden/bcfiles/linux_bcfiles/thermal_char_device.bc>:temp_read:%102	</harden/bcfiles/linux_bcfiles/thermal_char_device.bc>:temp_read:%101	</harden/bcfiles/linux_bcfiles/thermal_char_device.bc>:temp_read:140	251
</harden/bcfiles/linux_bcfiles/thermal_char_device.bc>:temp_read:%106	</harden/bcfiles/linux_bcfiles/thermal_char_device.bc>:temp_read:%13	</harden/bcfiles/linux_bcfiles/thermal_char_device.bc>:temp_read:146	191
</harden/bcfiles/linux_bcfiles/thermal_char_device.bc>:temp_read:%107	</harden/bcfiles/linux_bcfiles/thermal_char_device.bc>:temp_read:%14	</harden/bcfiles/linux_bcfiles/thermal_char_device.bc>:temp_read:147	191
</harden/bcfiles/linux_bcfiles/thermal_char_device.bc>:temp_read:%108	</harden/bcfiles/linux_bcfiles/thermal_char_device.bc>:temp_read:%15	</harden/bcfiles/linux_bcfiles/thermal_char_device.bc>:temp_read:148	191
</harden/bcfiles/linux_bcfiles/thermal_char_device.bc>:copy_overflow:%5	</harden/bcfiles/linux_bcfiles/thermal_char_device.bc>:copy_overflow:%3	</harden/bcfiles/linux_bcfiles/thermal_char_device.bc>:copy_overflow:6	233
</harden/bcfiles/linux_bcfiles/thermal_char_device.bc>:copy_overflow:%6	</harden/bcfiles/linux_bcfiles/thermal_char_device.bc>:copy_overflow:%4	</harden/bcfiles/linux_bcfiles/thermal_char_device.bc>:copy_overflow:7	233
</harden/bcfiles/linux_bcfiles/thermal_char_device.bc>:temp_sensor_init:13:1:@current_temperature	</harden/bcfiles/linux_bcfiles/thermal_char_device.bc>:temp_sensor_init:13:0:25	</harden/bcfiles/linux_bcfiles/thermal_char_device.bc>:temp_sensor_init:13	173
</harden/bcfiles/linux_bcfiles/thermal_char_device.bc>:temp_sensor_init:27:0:@temp_thread	</harden/bcfiles/linux_bcfiles/thermal_char_device.bc>:temp_sensor_init:%21	</harden/bcfiles/linux_bcfiles/thermal_char_device.bc>:temp_sensor_init:27	176
</harden/bcfiles/linux_bcfiles/thermal_char_device.bc>:temp_sensor_init:55:0:@temp_class	</harden/bcfiles/linux_bcfiles/thermal_char_device.bc>:temp_sensor_init:%44	</harden/bcfiles/linux_bcfiles/thermal_char_device.bc>:temp_sensor_init:55	190
</harden/bcfiles/linux_bcfiles/thermal_char_device.bc>:temp_sensor_init:76:0:@temp_sensor_init.temp_device	</harden/bcfiles/linux_bcfiles/thermal_char_device.bc>:temp_sensor_init:%61	</harden/bcfiles/linux_bcfiles/thermal_char_device.bc>:temp_sensor_init:76	201
</harden/bcfiles/linux_bcfiles/thermal_char_device.bc>:temp_sensor_thread:19:0:@current_temperature	</harden/bcfiles/linux_bcfiles/thermal_char_device.bc>:temp_sensor_thread:%14	</harden/bcfiles/linux_bcfiles/thermal_char_device.bc>:temp_sensor_thread:19	66
</harden/bcfiles/linux_bcfiles/thermal_char_device.bc>:temp_sensor_init:%83	</harden/bcfiles/linux_bcfiles/thermal_char_device.bc>:temp_sensor_init:108:0:null	</harden/bcfiles/linux_bcfiles/thermal_char_device.bc>:temp_sensor_init:108	218
</harden/bcfiles/linux_bcfiles/thermal_char_device.bc>:temp_sensor_init:%83	</harden/bcfiles/linux_bcfiles/thermal_char_device.bc>:temp_sensor_init:%82	</harden/bcfiles/linux_bcfiles/thermal_char_device.bc>:temp_sensor_init:108	218
</harden/bcfiles/linux_bcfiles/thermal_char_device.bc>:temp_sensor_init:%82	</harden/bcfiles/linux_bcfiles/thermal_char_device.bc>:temp_sensor_init:107:0:@temp_thread	</harden/bcfiles/linux_bcfiles/thermal_char_device.bc>:temp_sensor_init:107	218
</harden/bcfiles/linux_bcfiles/thermal_char_device.bc>:temp_sensor_init:%77	</harden/bcfiles/linux_bcfiles/thermal_char_device.bc>:temp_sensor_init:%10	</harden/bcfiles/linux_bcfiles/thermal_char_device.bc>:temp_sensor_init:96	210
</harden/bcfiles/linux_bcfiles/thermal_char_device.bc>:temp_sensor_init:%73	</harden/bcfiles/linux_bcfiles/thermal_char_device.bc>:temp_sensor_init:%72	</harden/bcfiles/linux_bcfiles/thermal_char_device.bc>:temp_sensor_init:89	204
</harden/bcfiles/linux_bcfiles/thermal_char_device.bc>:temp_sensor_init:%70	</harden/bcfiles/linux_bcfiles/thermal_char_device.bc>:temp_sensor_init:86:0:@temp_sensor_init.temp_device	</harden/bcfiles/linux_bcfiles/thermal_char_device.bc>:temp_sensor_init:86	204
</harden/bcfiles/linux_bcfiles/thermal_char_device.bc>:temp_sensor_init:%59	</harden/bcfiles/linux_bcfiles/thermal_char_device.bc>:temp_sensor_init:73:0:@thermal_devnode	</harden/bcfiles/linux_bcfiles/thermal_char_device.bc>:temp_sensor_init:73	198
</harden/bcfiles/linux_bcfiles/thermal_char_device.bc>:temp_sensor_init:%59	</harden/bcfiles/linux_bcfiles/thermal_char_device.bc>:temp_sensor_init:72:0:0	</harden/bcfiles/linux_bcfiles/thermal_char_device.bc>:temp_sensor_init:72	198
</harden/bcfiles/linux_bcfiles/thermal_char_device.bc>:temp_sensor_init:%59	</harden/bcfiles/linux_bcfiles/thermal_char_device.bc>:temp_sensor_init:72:1:4	</harden/bcfiles/linux_bcfiles/thermal_char_device.bc>:temp_sensor_init:72	198
</harden/bcfiles/linux_bcfiles/thermal_char_device.bc>:temp_sensor_init:%59	</harden/bcfiles/linux_bcfiles/thermal_char_device.bc>:temp_sensor_init:%58	</harden/bcfiles/linux_bcfiles/thermal_char_device.bc>:temp_sensor_init:72	198
</harden/bcfiles/linux_bcfiles/thermal_char_device.bc>:temp_sensor_init:%53	</harden/bcfiles/linux_bcfiles/thermal_char_device.bc>:temp_sensor_init:65:0:@temp_class	</harden/bcfiles/linux_bcfiles/thermal_char_device.bc>:temp_sensor_init:65	193
</harden/bcfiles/linux_bcfiles/thermal_char_device.bc>:temp_sensor_init:%52	</harden/bcfiles/linux_bcfiles/thermal_char_device.bc>:temp_sensor_init:%8	</harden/bcfiles/linux_bcfiles/thermal_char_device.bc>:temp_sensor_init:64	192
</harden/bcfiles/linux_bcfiles/thermal_char_device.bc>:temp_sensor_init:%42	</harden/bcfiles/linux_bcfiles/thermal_char_device.bc>:temp_sensor_init:%7	</harden/bcfiles/linux_bcfiles/thermal_char_device.bc>:temp_sensor_init:52	185
</harden/bcfiles/linux_bcfiles/thermal_char_device.bc>:temp_sensor_init:%37	</harden/bcfiles/linux_bcfiles/thermal_char_device.bc>:temp_sensor_init:46:0:0	</harden/bcfiles/linux_bcfiles/thermal_char_device.bc>:temp_sensor_init:46	184
</harden/bcfiles/linux_bcfiles/thermal_char_device.bc>:temp_sensor_init:%37	</harden/bcfiles/linux_bcfiles/thermal_char_device.bc>:temp_sensor_init:%36	</harden/bcfiles/linux_bcfiles/thermal_char_device.bc>:temp_sensor_init:46	184
</harden/bcfiles/linux_bcfiles/thermal_char_device.bc>:temp_sensor_init:%45	</harden/bcfiles/linux_bcfiles/thermal_char_device.bc>:temp_sensor_init:56:0:@temp_class	</harden/bcfiles/linux_bcfiles/thermal_char_device.bc>:temp_sensor_init:56	191
</harden/bcfiles/linux_bcfiles/thermal_char_device.bc>:temp_sensor_init:%29	</harden/bcfiles/linux_bcfiles/thermal_char_device.bc>:temp_sensor_init:%6	</harden/bcfiles/linux_bcfiles/thermal_char_device.bc>:temp_sensor_init:36	178
</harden/bcfiles/linux_bcfiles/thermal_char_device.bc>:temp_sensor_init:%22	</harden/bcfiles/linux_bcfiles/thermal_char_device.bc>:temp_sensor_init:28:0:@temp_thread	</harden/bcfiles/linux_bcfiles/thermal_char_device.bc>:temp_sensor_init:28	177
</harden/bcfiles/linux_bcfiles/thermal_char_device.bc>:temp_sensor_init:%69	</harden/bcfiles/linux_bcfiles/thermal_char_device.bc>:temp_sensor_init:%9	</harden/bcfiles/linux_bcfiles/thermal_char_device.bc>:temp_sensor_init:85	203
</harden/bcfiles/linux_bcfiles/thermal_char_device.bc>:temp_sensor_init:%21	</harden/bcfiles/linux_bcfiles/thermal_char_device.bc>:temp_sensor_init:%5	</harden/bcfiles/linux_bcfiles/thermal_char_device.bc>:temp_sensor_init:26	176
</harden/bcfiles/linux_bcfiles/thermal_char_device.bc>:temp_sensor_init:%20	</harden/bcfiles/linux_bcfiles/thermal_char_device.bc>:temp_sensor_init:%4	</harden/bcfiles/linux_bcfiles/thermal_char_device.bc>:temp_sensor_init:24	176
</harden/bcfiles/linux_bcfiles/thermal_char_device.bc>:temp_sensor_init:%90	</harden/bcfiles/linux_bcfiles/thermal_char_device.bc>:temp_sensor_init:%1	</harden/bcfiles/linux_bcfiles/thermal_char_device.bc>:temp_sensor_init:116	221
</harden/bcfiles/linux_bcfiles/thermal_char_device.bc>:temp_sensor_init:%56	</harden/bcfiles/linux_bcfiles/thermal_char_device.bc>:temp_sensor_init:%55	</harden/bcfiles/linux_bcfiles/thermal_char_device.bc>:temp_sensor_init:68	193
</harden/bcfiles/linux_bcfiles/thermal_char_device.bc>:temp_sensor_init:%13	</harden/bcfiles/linux_bcfiles/thermal_char_device.bc>:temp_sensor_init:%4	</harden/bcfiles/linux_bcfiles/thermal_char_device.bc>:temp_sensor_init:17	176
</harden/bcfiles/linux_bcfiles/thermal_char_device.bc>:temp_sensor_init:%36	</harden/bcfiles/linux_bcfiles/thermal_char_device.bc>:temp_sensor_init:%2	</harden/bcfiles/linux_bcfiles/thermal_char_device.bc>:temp_sensor_init:45	184
</harden/bcfiles/linux_bcfiles/thermal_char_device.bc>:temp_sensor_init:%33	</harden/bcfiles/linux_bcfiles/thermal_char_device.bc>:temp_sensor_init:%32	</harden/bcfiles/linux_bcfiles/thermal_char_device.bc>:temp_sensor_init:40	179
</harden/bcfiles/linux_bcfiles/thermal_char_device.bc>:temp_sensor_init:%10	</harden/bcfiles/linux_bcfiles/thermal_char_device.bc>:temp_sensor_init:95:0:0	</harden/bcfiles/linux_bcfiles/thermal_char_device.bc>:temp_sensor_init:95	210
</harden/bcfiles/linux_bcfiles/thermal_char_device.bc>:temp_sensor_init:%9	</harden/bcfiles/linux_bcfiles/thermal_char_device.bc>:temp_sensor_init:%68	</harden/bcfiles/linux_bcfiles/thermal_char_device.bc>:temp_sensor_init:84	203
</harden/bcfiles/linux_bcfiles/thermal_char_device.bc>:temp_sensor_init:%30	</harden/bcfiles/linux_bcfiles/thermal_char_device.bc>:temp_sensor_init:37:0:@temp_thread	</harden/bcfiles/linux_bcfiles/thermal_char_device.bc>:temp_sensor_init:37	179
</harden/bcfiles/linux_bcfiles/thermal_char_device.bc>:temp_sensor_init:%58	</harden/bcfiles/linux_bcfiles/thermal_char_device.bc>:temp_sensor_init:71:0:@temp_class	</harden/bcfiles/linux_bcfiles/thermal_char_device.bc>:temp_sensor_init:71	198
</harden/bcfiles/linux_bcfiles/thermal_char_device.bc>:temp_sensor_init:%8	</harden/bcfiles/linux_bcfiles/thermal_char_device.bc>:temp_sensor_init:%51	</harden/bcfiles/linux_bcfiles/thermal_char_device.bc>:temp_sensor_init:63	192
</harden/bcfiles/linux_bcfiles/thermal_char_device.bc>:temp_sensor_init:%11	</harden/bcfiles/linux_bcfiles/thermal_char_device.bc>:temp_sensor_init:%3	</harden/bcfiles/linux_bcfiles/thermal_char_device.bc>:temp_sensor_init:12	170
</harden/bcfiles/linux_bcfiles/thermal_char_device.bc>:temp_sensor_init:%7	</harden/bcfiles/linux_bcfiles/thermal_char_device.bc>:temp_sensor_init:%41	</harden/bcfiles/linux_bcfiles/thermal_char_device.bc>:temp_sensor_init:51	185
</harden/bcfiles/linux_bcfiles/thermal_char_device.bc>:temp_sensor_init:%5	</harden/bcfiles/linux_bcfiles/thermal_char_device.bc>:temp_sensor_init:%20	</harden/bcfiles/linux_bcfiles/thermal_char_device.bc>:temp_sensor_init:25	176
</harden/bcfiles/linux_bcfiles/thermal_char_device.bc>:temp_sensor_init:%62	</harden/bcfiles/linux_bcfiles/thermal_char_device.bc>:temp_sensor_init:77:0:@temp_sensor_init.temp_device	</harden/bcfiles/linux_bcfiles/thermal_char_device.bc>:temp_sensor_init:77	202
</harden/bcfiles/linux_bcfiles/thermal_char_device.bc>:temp_sensor_init:%4	</harden/bcfiles/linux_bcfiles/thermal_char_device.bc>:temp_sensor_init:%12	</harden/bcfiles/linux_bcfiles/thermal_char_device.bc>:temp_sensor_init:16	176
</harden/bcfiles/linux_bcfiles/thermal_char_device.bc>:temp_sensor_init:%3	</harden/bcfiles/linux_bcfiles/thermal_char_device.bc>:temp_sensor_init:11:0:0	</harden/bcfiles/linux_bcfiles/thermal_char_device.bc>:temp_sensor_init:11	170
</harden/bcfiles/linux_bcfiles/thermal_char_device.bc>:temp_sensor_init:%6	</harden/bcfiles/linux_bcfiles/thermal_char_device.bc>:temp_sensor_init:%28	</harden/bcfiles/linux_bcfiles/thermal_char_device.bc>:temp_sensor_init:35	178
</harden/bcfiles/linux_bcfiles/thermal_char_device.bc>:temp_sensor_init:%88	</harden/bcfiles/linux_bcfiles/thermal_char_device.bc>:temp_sensor_init:%2	</harden/bcfiles/linux_bcfiles/thermal_char_device.bc>:temp_sensor_init:113	220
</harden/bcfiles/linux_bcfiles/thermal_char_device.bc>:temp_sensor_init:%2	</harden/bcfiles/linux_bcfiles/thermal_char_device.bc>:temp_sensor_init:%73	</harden/bcfiles/linux_bcfiles/thermal_char_device.bc>:temp_sensor_init:90	204
</harden/bcfiles/linux_bcfiles/thermal_char_device.bc>:temp_sensor_init:%2	</harden/bcfiles/linux_bcfiles/thermal_char_device.bc>:temp_sensor_init:%56	</harden/bcfiles/linux_bcfiles/thermal_char_device.bc>:temp_sensor_init:69	193
</harden/bcfiles/linux_bcfiles/thermal_char_device.bc>:temp_sensor_init:%2	</harden/bcfiles/linux_bcfiles/thermal_char_device.bc>:temp_sensor_init:%35	</harden/bcfiles/linux_bcfiles/thermal_char_device.bc>:temp_sensor_init:44	183
</harden/bcfiles/linux_bcfiles/thermal_char_device.bc>:temp_sensor_init:%1	</harden/bcfiles/linux_bcfiles/thermal_char_device.bc>:temp_sensor_init:97:0:0	</harden/bcfiles/linux_bcfiles/thermal_char_device.bc>:temp_sensor_init:97	211
</harden/bcfiles/linux_bcfiles/thermal_char_device.bc>:temp_sensor_init:%1	</harden/bcfiles/linux_bcfiles/thermal_char_device.bc>:temp_sensor_init:%33	</harden/bcfiles/linux_bcfiles/thermal_char_device.bc>:temp_sensor_init:41	179
</harden/bcfiles/linux_bcfiles/thermal_char_device.bc>:temp_sensor_init:%1	</harden/bcfiles/linux_bcfiles/thermal_char_device.bc>:temp_sensor_init:%88	</harden/bcfiles/linux_bcfiles/thermal_char_device.bc>:temp_sensor_init:114	220
</harden/bcfiles/linux_bcfiles/thermal_char_device.bc>:temp_sensor_exit:%12	</harden/bcfiles/linux_bcfiles/thermal_char_device.bc>:temp_sensor_exit:%2	</harden/bcfiles/linux_bcfiles/thermal_char_device.bc>:temp_sensor_exit:17	248
</harden/bcfiles/linux_bcfiles/thermal_char_device.bc>:temp_sensor_exit:%5	</harden/bcfiles/linux_bcfiles/thermal_char_device.bc>:temp_sensor_exit:5:0:null	</harden/bcfiles/linux_bcfiles/thermal_char_device.bc>:temp_sensor_exit:5	234
</harden/bcfiles/linux_bcfiles/thermal_char_device.bc>:temp_sensor_exit:%5	</harden/bcfiles/linux_bcfiles/thermal_char_device.bc>:temp_sensor_exit:%4	</harden/bcfiles/linux_bcfiles/thermal_char_device.bc>:temp_sensor_exit:5	234
</harden/bcfiles/linux_bcfiles/thermal_char_device.bc>:temp_sensor_exit:%4	</harden/bcfiles/linux_bcfiles/thermal_char_device.bc>:temp_sensor_exit:4:0:@temp_thread	</harden/bcfiles/linux_bcfiles/thermal_char_device.bc>:temp_sensor_exit:4	234
</harden/bcfiles/linux_bcfiles/thermal_char_device.bc>:temp_sensor_exit:%3	</harden/bcfiles/linux_bcfiles/thermal_char_device.bc>:temp_sensor_exit:%1	</harden/bcfiles/linux_bcfiles/thermal_char_device.bc>:temp_sensor_exit:3	231
</harden/bcfiles/linux_bcfiles/thermal_char_device.bc>:temp_sensor_exit:%2	</harden/bcfiles/linux_bcfiles/thermal_char_device.bc>:temp_sensor_exit:16:0:0	</harden/bcfiles/linux_bcfiles/thermal_char_device.bc>:temp_sensor_exit:16	248
</harden/bcfiles/linux_bcfiles/thermal_char_device.bc>:temp_sensor_exit:%1	</harden/bcfiles/linux_bcfiles/thermal_char_device.bc>:temp_sensor_exit:2:0:0	</harden/bcfiles/linux_bcfiles/thermal_char_device.bc>:temp_sensor_exit:2	231
</harden/bcfiles/linux_bcfiles/thermal_char_device.bc>:temp_sensor_thread:%16	</harden/bcfiles/linux_bcfiles/thermal_char_device.bc>:temp_sensor_thread:%5	</harden/bcfiles/linux_bcfiles/thermal_char_device.bc>:temp_sensor_thread:24	72
</harden/bcfiles/linux_bcfiles/thermal_char_device.bc>:temp_sensor_thread:%14	</harden/bcfiles/linux_bcfiles/thermal_char_device.bc>:temp_sensor_thread:%4	</harden/bcfiles/linux_bcfiles/thermal_char_device.bc>:temp_sensor_thread:18	66
</harden/bcfiles/linux_bcfiles/thermal_char_device.bc>:temp_sensor_thread:%13	</harden/bcfiles/linux_bcfiles/thermal_char_device.bc>:temp_sensor_thread:15:0:25	</harden/bcfiles/linux_bcfiles/thermal_char_device.bc>:temp_sensor_thread:15	63
</harden/bcfiles/linux_bcfiles/thermal_char_device.bc>:temp_sensor_thread:%13	</harden/bcfiles/linux_bcfiles/thermal_char_device.bc>:temp_sensor_thread:%12	</harden/bcfiles/linux_bcfiles/thermal_char_device.bc>:temp_sensor_thread:15	63
</harden/bcfiles/linux_bcfiles/thermal_char_device.bc>:temp_sensor_thread:%12	</harden/bcfiles/linux_bcfiles/thermal_char_device.bc>:temp_sensor_thread:14:0:10	</harden/bcfiles/linux_bcfiles/thermal_char_device.bc>:temp_sensor_thread:14	63
</harden/bcfiles/linux_bcfiles/thermal_char_device.bc>:temp_sensor_thread:%12	</harden/bcfiles/linux_bcfiles/thermal_char_device.bc>:temp_sensor_thread:%11	</harden/bcfiles/linux_bcfiles/thermal_char_device.bc>:temp_sensor_thread:14	63
</harden/bcfiles/linux_bcfiles/thermal_char_device.bc>:temp_sensor_thread:%9	</harden/bcfiles/linux_bcfiles/thermal_char_device.bc>:temp_sensor_thread:10:0:true	</harden/bcfiles/linux_bcfiles/thermal_char_device.bc>:temp_sensor_thread:10	59
</harden/bcfiles/linux_bcfiles/thermal_char_device.bc>:temp_sensor_thread:%9	</harden/bcfiles/linux_bcfiles/thermal_char_device.bc>:temp_sensor_thread:%8	</harden/bcfiles/linux_bcfiles/thermal_char_device.bc>:temp_sensor_thread:10	59
</harden/bcfiles/linux_bcfiles/thermal_char_device.bc>:temp_sensor_thread:%6	</harden/bcfiles/linux_bcfiles/thermal_char_device.bc>:temp_sensor_thread:%3	</harden/bcfiles/linux_bcfiles/thermal_char_device.bc>:temp_sensor_thread:7	57
</harden/bcfiles/linux_bcfiles/thermal_char_device.bc>:temp_sensor_thread:%5	</harden/bcfiles/linux_bcfiles/thermal_char_device.bc>:temp_sensor_thread:23:0:0	</harden/bcfiles/linux_bcfiles/thermal_char_device.bc>:temp_sensor_thread:23	72
</harden/bcfiles/linux_bcfiles/thermal_char_device.bc>:temp_sensor_thread:%4	</harden/bcfiles/linux_bcfiles/thermal_char_device.bc>:temp_sensor_thread:%13	</harden/bcfiles/linux_bcfiles/thermal_char_device.bc>:temp_sensor_thread:16	63
</harden/bcfiles/linux_bcfiles/thermal_char_device.bc>:temp_sensor_thread:%3	</harden/bcfiles/linux_bcfiles/thermal_char_device.bc>:temp_sensor_thread:6:0:0	</harden/bcfiles/linux_bcfiles/thermal_char_device.bc>:temp_sensor_thread:6	57
</harden/bcfiles/linux_bcfiles/thermal_char_device.bc>:temp_sensor_thread:%2	</harden/bcfiles/linux_bcfiles/thermal_char_device.bc>:temp_sensor_thread:%0	</harden/bcfiles/linux_bcfiles/thermal_char_device.bc>:temp_sensor_thread:4	-1
</harden/bcfiles/linux_bcfiles/thermal_char_device.bc>:IS_ERR:%12	</harden/bcfiles/linux_bcfiles/thermal_char_device.bc>:IS_ERR:12:0:0	</harden/bcfiles/linux_bcfiles/thermal_char_device.bc>:IS_ERR:12	61
</harden/bcfiles/linux_bcfiles/thermal_char_device.bc>:IS_ERR:%12	</harden/bcfiles/linux_bcfiles/thermal_char_device.bc>:IS_ERR:%11	</harden/bcfiles/linux_bcfiles/thermal_char_device.bc>:IS_ERR:12	61
</harden/bcfiles/linux_bcfiles/thermal_char_device.bc>:IS_ERR:%11	</harden/bcfiles/linux_bcfiles/thermal_char_device.bc>:IS_ERR:%10	</harden/bcfiles/linux_bcfiles/thermal_char_device.bc>:IS_ERR:11	61
</harden/bcfiles/linux_bcfiles/thermal_char_device.bc>:IS_ERR:%10	</harden/bcfiles/linux_bcfiles/thermal_char_device.bc>:IS_ERR:%9	</harden/bcfiles/linux_bcfiles/thermal_char_device.bc>:IS_ERR:10	61
</harden/bcfiles/linux_bcfiles/thermal_char_device.bc>:IS_ERR:%9	</harden/bcfiles/linux_bcfiles/thermal_char_device.bc>:IS_ERR:9:0:true	</harden/bcfiles/linux_bcfiles/thermal_char_device.bc>:IS_ERR:9	61
</harden/bcfiles/linux_bcfiles/thermal_char_device.bc>:IS_ERR:%9	</harden/bcfiles/linux_bcfiles/thermal_char_device.bc>:IS_ERR:%8	</harden/bcfiles/linux_bcfiles/thermal_char_device.bc>:IS_ERR:9	61
</harden/bcfiles/linux_bcfiles/thermal_char_device.bc>:IS_ERR:%8	</harden/bcfiles/linux_bcfiles/thermal_char_device.bc>:IS_ERR:8:0:true	</harden/bcfiles/linux_bcfiles/thermal_char_device.bc>:IS_ERR:8	61
</harden/bcfiles/linux_bcfiles/thermal_char_device.bc>:IS_ERR:%8	</harden/bcfiles/linux_bcfiles/thermal_char_device.bc>:IS_ERR:%7	</harden/bcfiles/linux_bcfiles/thermal_char_device.bc>:IS_ERR:8	61
</harden/bcfiles/linux_bcfiles/thermal_char_device.bc>:IS_ERR:%7	</harden/bcfiles/linux_bcfiles/thermal_char_device.bc>:IS_ERR:7:0:-4095	</harden/bcfiles/linux_bcfiles/thermal_char_device.bc>:IS_ERR:7	61
</harden/bcfiles/linux_bcfiles/thermal_char_device.bc>:IS_ERR:%7	</harden/bcfiles/linux_bcfiles/thermal_char_device.bc>:IS_ERR:%6	</harden/bcfiles/linux_bcfiles/thermal_char_device.bc>:IS_ERR:7	61
</harden/bcfiles/linux_bcfiles/thermal_char_device.bc>:IS_ERR:%6	</harden/bcfiles/linux_bcfiles/thermal_char_device.bc>:IS_ERR:%5	</harden/bcfiles/linux_bcfiles/thermal_char_device.bc>:IS_ERR:6	61
</harden/bcfiles/linux_bcfiles/thermal_char_device.bc>:IS_ERR:%5	</harden/bcfiles/linux_bcfiles/thermal_char_device.bc>:IS_ERR:%4	</harden/bcfiles/linux_bcfiles/thermal_char_device.bc>:IS_ERR:5	61
</harden/bcfiles/linux_bcfiles/thermal_char_device.bc>:IS_ERR:%4	</harden/bcfiles/linux_bcfiles/thermal_char_device.bc>:IS_ERR:%3	</harden/bcfiles/linux_bcfiles/thermal_char_device.bc>:IS_ERR:4	61
</harden/bcfiles/linux_bcfiles/thermal_char_device.bc>:IS_ERR:%3	</harden/bcfiles/linux_bcfiles/thermal_char_device.bc>:IS_ERR:%2	</harden/bcfiles/linux_bcfiles/thermal_char_device.bc>:IS_ERR:3	61
</harden/bcfiles/linux_bcfiles/thermal_char_device.bc>:IS_ERR:%2	</harden/bcfiles/linux_bcfiles/thermal_char_device.bc>:IS_ERR:%0	</harden/bcfiles/linux_bcfiles/thermal_char_device.bc>:IS_ERR:1	-1
</harden/bcfiles/linux_bcfiles/thermal_char_device.bc>:PTR_ERR:%4	</harden/bcfiles/linux_bcfiles/thermal_char_device.bc>:PTR_ERR:%3	</harden/bcfiles/linux_bcfiles/thermal_char_device.bc>:PTR_ERR:4	51
</harden/bcfiles/linux_bcfiles/thermal_char_device.bc>:PTR_ERR:%3	</harden/bcfiles/linux_bcfiles/thermal_char_device.bc>:PTR_ERR:%2	</harden/bcfiles/linux_bcfiles/thermal_char_device.bc>:PTR_ERR:3	51
</harden/bcfiles/linux_bcfiles/thermal_char_device.bc>:PTR_ERR:%2	</harden/bcfiles/linux_bcfiles/thermal_char_device.bc>:PTR_ERR:%0	</harden/bcfiles/linux_bcfiles/thermal_char_device.bc>:PTR_ERR:1	-1
</harden/bcfiles/linux_bcfiles/thermal_char_device.bc>:register_chrdev:%6	</harden/bcfiles/linux_bcfiles/thermal_char_device.bc>:register_chrdev:%2	</harden/bcfiles/linux_bcfiles/thermal_char_device.bc>:register_chrdev:7	-1
</harden/bcfiles/linux_bcfiles/thermal_char_device.bc>:register_chrdev:%5	</harden/bcfiles/linux_bcfiles/thermal_char_device.bc>:register_chrdev:%1	</harden/bcfiles/linux_bcfiles/thermal_char_device.bc>:register_chrdev:5	-1
</harden/bcfiles/linux_bcfiles/thermal_char_device.bc>:register_chrdev:%4	</harden/bcfiles/linux_bcfiles/thermal_char_device.bc>:register_chrdev:%0	</harden/bcfiles/linux_bcfiles/thermal_char_device.bc>:register_chrdev:3	-1
</harden/bcfiles/linux_bcfiles/thermal_char_device.bc>:thermal_devnode:%8	</harden/bcfiles/linux_bcfiles/thermal_char_device.bc>:thermal_devnode:10:0:292	</harden/bcfiles/linux_bcfiles/thermal_char_device.bc>:thermal_devnode:10	154
</harden/bcfiles/linux_bcfiles/thermal_char_device.bc>:thermal_devnode:%8	</harden/bcfiles/linux_bcfiles/thermal_char_device.bc>:thermal_devnode:%4	</harden/bcfiles/linux_bcfiles/thermal_char_device.bc>:thermal_devnode:9	154
</harden/bcfiles/linux_bcfiles/thermal_char_device.bc>:thermal_devnode:%6	</harden/bcfiles/linux_bcfiles/thermal_char_device.bc>:thermal_devnode:7:0:null	</harden/bcfiles/linux_bcfiles/thermal_char_device.bc>:thermal_devnode:7	153
</harden/bcfiles/linux_bcfiles/thermal_char_device.bc>:thermal_devnode:%6	</harden/bcfiles/linux_bcfiles/thermal_char_device.bc>:thermal_devnode:%5	</harden/bcfiles/linux_bcfiles/thermal_char_device.bc>:thermal_devnode:7	153
</harden/bcfiles/linux_bcfiles/thermal_char_device.bc>:thermal_devnode:%5	</harden/bcfiles/linux_bcfiles/thermal_char_device.bc>:thermal_devnode:%4	</harden/bcfiles/linux_bcfiles/thermal_char_device.bc>:thermal_devnode:6	153
</harden/bcfiles/linux_bcfiles/thermal_char_device.bc>:thermal_devnode:%4	</harden/bcfiles/linux_bcfiles/thermal_char_device.bc>:thermal_devnode:%1	</harden/bcfiles/linux_bcfiles/thermal_char_device.bc>:thermal_devnode:4	-1
</harden/bcfiles/linux_bcfiles/thermal_char_device.bc>:thermal_devnode:%3	</harden/bcfiles/linux_bcfiles/thermal_char_device.bc>:thermal_devnode:%0	</harden/bcfiles/linux_bcfiles/thermal_char_device.bc>:thermal_devnode:2	-1
</harden/bcfiles/linux_bcfiles/thermal_char_device.bc>:unregister_chrdev:%4	</harden/bcfiles/linux_bcfiles/thermal_char_device.bc>:unregister_chrdev:%1	</harden/bcfiles/linux_bcfiles/thermal_char_device.bc>:unregister_chrdev:4	-1
</harden/bcfiles/linux_bcfiles/thermal_char_device.bc>:unregister_chrdev:%3	</harden/bcfiles/linux_bcfiles/thermal_char_device.bc>:unregister_chrdev:%0	</harden/bcfiles/linux_bcfiles/thermal_char_device.bc>:unregister_chrdev:2	-1
</harden/bcfiles/linux_bcfiles/thermal_char_device.bc>:ssleep:%3	</harden/bcfiles/linux_bcfiles/thermal_char_device.bc>:ssleep:%2	</harden/bcfiles/linux_bcfiles/thermal_char_device.bc>:ssleep:3	78
</harden/bcfiles/linux_bcfiles/thermal_char_device.bc>:ssleep:%2	</harden/bcfiles/linux_bcfiles/thermal_char_device.bc>:ssleep:%0	</harden/bcfiles/linux_bcfiles/thermal_char_device.bc>:ssleep:1	-1
</harden/bcfiles/linux_bcfiles/thermal_char_device.bc>:temp_read:%119	</harden/bcfiles/linux_bcfiles/thermal_char_device.bc>:temp_read:%23	</harden/bcfiles/linux_bcfiles/thermal_char_device.bc>:temp_read:162	148
</harden/bcfiles/linux_bcfiles/thermal_char_device.bc>:temp_read:%117	</harden/bcfiles/linux_bcfiles/thermal_char_device.bc>:temp_read:%116	</harden/bcfiles/linux_bcfiles/thermal_char_device.bc>:temp_read:159	146
</harden/bcfiles/linux_bcfiles/thermal_char_device.bc>:temp_read:%116	</harden/bcfiles/linux_bcfiles/thermal_char_device.bc>:temp_read:%118	</harden/bcfiles/linux_bcfiles/thermal_char_device.bc>:temp_read:161	146
</harden/bcfiles/linux_bcfiles/thermal_char_device.bc>:temp_read:%116	</harden/bcfiles/linux_bcfiles/thermal_char_device.bc>:temp_read:%20	</harden/bcfiles/linux_bcfiles/thermal_char_device.bc>:temp_read:158	146
</harden/bcfiles/linux_bcfiles/thermal_char_device.bc>:temp_read:%112	</harden/bcfiles/linux_bcfiles/thermal_char_device.bc>:temp_read:153:0:0	</harden/bcfiles/linux_bcfiles/thermal_char_device.bc>:temp_read:153	143
</harden/bcfiles/linux_bcfiles/thermal_char_device.bc>:temp_read:%112	</harden/bcfiles/linux_bcfiles/thermal_char_device.bc>:temp_read:%111	</harden/bcfiles/linux_bcfiles/thermal_char_device.bc>:temp_read:153	143
</harden/bcfiles/linux_bcfiles/thermal_char_device.bc>:temp_read:%111	</harden/bcfiles/linux_bcfiles/thermal_char_device.bc>:temp_read:%15	</harden/bcfiles/linux_bcfiles/thermal_char_device.bc>:temp_read:152	192
</harden/bcfiles/linux_bcfiles/thermal_char_device.bc>:temp_read:%104	</harden/bcfiles/linux_bcfiles/thermal_char_device.bc>:temp_read:%5	</harden/bcfiles/linux_bcfiles/thermal_char_device.bc>:temp_read:144	253
</harden/bcfiles/linux_bcfiles/thermal_char_device.bc>:temp_read:%121	</harden/bcfiles/linux_bcfiles/thermal_char_device.bc>:temp_read:%16	</harden/bcfiles/linux_bcfiles/thermal_char_device.bc>:temp_read:165	149
</harden/bcfiles/linux_bcfiles/thermal_char_device.bc>:temp_read:%96	</harden/bcfiles/linux_bcfiles/thermal_char_device.bc>:temp_read:133:0:0	</harden/bcfiles/linux_bcfiles/thermal_char_device.bc>:temp_read:133	249
</harden/bcfiles/linux_bcfiles/thermal_char_device.bc>:temp_read:%96	</harden/bcfiles/linux_bcfiles/thermal_char_device.bc>:temp_read:%95	</harden/bcfiles/linux_bcfiles/thermal_char_device.bc>:temp_read:133	249
</harden/bcfiles/linux_bcfiles/thermal_char_device.bc>:temp_read:%95	</harden/bcfiles/linux_bcfiles/thermal_char_device.bc>:temp_read:%12	</harden/bcfiles/linux_bcfiles/thermal_char_device.bc>:temp_read:132	249
</harden/bcfiles/linux_bcfiles/thermal_char_device.bc>:temp_read:%94	</harden/bcfiles/linux_bcfiles/thermal_char_device.bc>:temp_read:%93	</harden/bcfiles/linux_bcfiles/thermal_char_device.bc>:temp_read:130	249
</harden/bcfiles/linux_bcfiles/thermal_char_device.bc>:temp_read:%93	</harden/bcfiles/linux_bcfiles/thermal_char_device.bc>:temp_read:%91	</harden/bcfiles/linux_bcfiles/thermal_char_device.bc>:temp_read:129	249
</harden/bcfiles/linux_bcfiles/thermal_char_device.bc>:temp_read:%91	</harden/bcfiles/linux_bcfiles/thermal_char_device.bc>:temp_read:127:0:0	</harden/bcfiles/linux_bcfiles/thermal_char_device.bc>:temp_read:127	249
</harden/bcfiles/linux_bcfiles/thermal_char_device.bc>:temp_read:%91	</harden/bcfiles/linux_bcfiles/thermal_char_device.bc>:temp_read:%90	</harden/bcfiles/linux_bcfiles/thermal_char_device.bc>:temp_read:127	249
</harden/bcfiles/linux_bcfiles/thermal_char_device.bc>:temp_read:%81	</harden/bcfiles/linux_bcfiles/thermal_char_device.bc>:temp_read:%79	</harden/bcfiles/linux_bcfiles/thermal_char_device.bc>:temp_read:113	249
</harden/bcfiles/linux_bcfiles/thermal_char_device.bc>:temp_read:%71	</harden/bcfiles/linux_bcfiles/thermal_char_device.bc>:temp_read:%8	</harden/bcfiles/linux_bcfiles/thermal_char_device.bc>:temp_read:99	243
</harden/bcfiles/linux_bcfiles/thermal_char_device.bc>:temp_read:%62	</harden/bcfiles/linux_bcfiles/thermal_char_device.bc>:temp_read:%60	</harden/bcfiles/linux_bcfiles/thermal_char_device.bc>:temp_read:89	240
</harden/bcfiles/linux_bcfiles/thermal_char_device.bc>:temp_read:%60	</harden/bcfiles/linux_bcfiles/thermal_char_device.bc>:temp_read:87:0:false	</harden/bcfiles/linux_bcfiles/thermal_char_device.bc>:temp_read:87	0
</harden/bcfiles/linux_bcfiles/thermal_char_device.bc>:temp_read:%60	</harden/bcfiles/linux_bcfiles/thermal_char_device.bc>:temp_read:%58	</harden/bcfiles/linux_bcfiles/thermal_char_device.bc>:temp_read:87	0
</harden/bcfiles/linux_bcfiles/thermal_char_device.bc>:temp_read:%58	</harden/bcfiles/linux_bcfiles/thermal_char_device.bc>:temp_read:%57	</harden/bcfiles/linux_bcfiles/thermal_char_device.bc>:temp_read:85	240
</harden/bcfiles/linux_bcfiles/thermal_char_device.bc>:temp_read:%58	</harden/bcfiles/linux_bcfiles/thermal_char_device.bc>:temp_read:%56	</harden/bcfiles/linux_bcfiles/thermal_char_device.bc>:temp_read:85	240
</harden/bcfiles/linux_bcfiles/thermal_char_device.bc>:temp_read:%57	</harden/bcfiles/linux_bcfiles/thermal_char_device.bc>:temp_read:%7	</harden/bcfiles/linux_bcfiles/thermal_char_device.bc>:temp_read:84	240
</harden/bcfiles/linux_bcfiles/thermal_char_device.bc>:temp_read:%82	</harden/bcfiles/linux_bcfiles/thermal_char_device.bc>:temp_read:%10	</harden/bcfiles/linux_bcfiles/thermal_char_device.bc>:temp_read:115	249
</harden/bcfiles/linux_bcfiles/thermal_char_device.bc>:temp_read:%56	</harden/bcfiles/linux_bcfiles/thermal_char_device.bc>:temp_read:%55	</harden/bcfiles/linux_bcfiles/thermal_char_device.bc>:temp_read:83	240
</harden/bcfiles/linux_bcfiles/thermal_char_device.bc>:temp_read:%55	</harden/bcfiles/linux_bcfiles/thermal_char_device.bc>:temp_read:%9	</harden/bcfiles/linux_bcfiles/thermal_char_device.bc>:temp_read:82	240
</harden/bcfiles/linux_bcfiles/thermal_char_device.bc>:temp_read:%85	</harden/bcfiles/linux_bcfiles/thermal_char_device.bc>:temp_read:%83	</harden/bcfiles/linux_bcfiles/thermal_char_device.bc>:temp_read:118	249
</harden/bcfiles/linux_bcfiles/thermal_char_device.bc>:temp_read:%52	</harden/bcfiles/linux_bcfiles/thermal_char_device.bc>:temp_read:%9	</harden/bcfiles/linux_bcfiles/thermal_char_device.bc>:temp_read:79	240
</harden/bcfiles/linux_bcfiles/thermal_char_device.bc>:temp_read:%72	</harden/bcfiles/linux_bcfiles/thermal_char_device.bc>:temp_read:%71	</harden/bcfiles/linux_bcfiles/thermal_char_device.bc>:temp_read:100	243
</harden/bcfiles/linux_bcfiles/thermal_char_device.bc>:temp_read:%47	</harden/bcfiles/linux_bcfiles/thermal_char_device.bc>:temp_read:%14	</harden/bcfiles/linux_bcfiles/thermal_char_device.bc>:temp_read:66	190
</harden/bcfiles/linux_bcfiles/thermal_char_device.bc>:temp_read:%48	</harden/bcfiles/linux_bcfiles/thermal_char_device.bc>:temp_read:%15	</harden/bcfiles/linux_bcfiles/thermal_char_device.bc>:temp_read:67	190
</harden/bcfiles/linux_bcfiles/thermal_char_device.bc>:temp_read:%46	</harden/bcfiles/linux_bcfiles/thermal_char_device.bc>:temp_read:%23	</harden/bcfiles/linux_bcfiles/thermal_char_device.bc>:temp_read:59	143
</harden/bcfiles/linux_bcfiles/thermal_char_device.bc>:temp_read:%45	</harden/bcfiles/linux_bcfiles/thermal_char_device.bc>:temp_read:58:0:0	</harden/bcfiles/linux_bcfiles/thermal_char_device.bc>:temp_read:58	143
</harden/bcfiles/linux_bcfiles/thermal_char_device.bc>:temp_read:%45	</harden/bcfiles/linux_bcfiles/thermal_char_device.bc>:temp_read:58:1:0	</harden/bcfiles/linux_bcfiles/thermal_char_device.bc>:temp_read:58	143
</harden/bcfiles/linux_bcfiles/thermal_char_device.bc>:temp_read:%45	</harden/bcfiles/linux_bcfiles/thermal_char_device.bc>:temp_read:%21	</harden/bcfiles/linux_bcfiles/thermal_char_device.bc>:temp_read:58	143
</harden/bcfiles/linux_bcfiles/thermal_char_device.bc>:temp_read:%44	</harden/bcfiles/linux_bcfiles/thermal_char_device.bc>:temp_read:%18	</harden/bcfiles/linux_bcfiles/thermal_char_device.bc>:temp_read:57	143
</harden/bcfiles/linux_bcfiles/thermal_char_device.bc>:temp_read:%41	</harden/bcfiles/linux_bcfiles/thermal_char_device.bc>:temp_read:%39	</harden/bcfiles/linux_bcfiles/thermal_char_device.bc>:temp_read:53	139
</harden/bcfiles/linux_bcfiles/thermal_char_device.bc>:temp_read:%41	</harden/bcfiles/linux_bcfiles/thermal_char_device.bc>:temp_read:%40	</harden/bcfiles/linux_bcfiles/thermal_char_device.bc>:temp_read:53	139
</harden/bcfiles/linux_bcfiles/thermal_char_device.bc>:temp_read:%39	</harden/bcfiles/linux_bcfiles/thermal_char_device.bc>:temp_read:%19	</harden/bcfiles/linux_bcfiles/thermal_char_device.bc>:temp_read:51	139
</harden/bcfiles/linux_bcfiles/thermal_char_device.bc>:temp_read:%37	</harden/bcfiles/linux_bcfiles/thermal_char_device.bc>:temp_read:%23	</harden/bcfiles/linux_bcfiles/thermal_char_device.bc>:temp_read:48	136
</harden/bcfiles/linux_bcfiles/thermal_char_device.bc>:temp_read:%79	</harden/bcfiles/linux_bcfiles/thermal_char_device.bc>:temp_read:111:0:2147483647	</harden/bcfiles/linux_bcfiles/thermal_char_device.bc>:temp_read:111	249
</harden/bcfiles/linux_bcfiles/thermal_char_device.bc>:temp_read:%79	</harden/bcfiles/linux_bcfiles/thermal_char_device.bc>:temp_read:%78	</harden/bcfiles/linux_bcfiles/thermal_char_device.bc>:temp_read:111	249
</harden/bcfiles/linux_bcfiles/thermal_char_device.bc>:temp_read:%29	</harden/bcfiles/linux_bcfiles/thermal_char_device.bc>:temp_read:37:0:@current_temperature	</harden/bcfiles/linux_bcfiles/thermal_char_device.bc>:temp_read:37	130
</harden/bcfiles/linux_bcfiles/thermal_char_device.bc>:temp_read:%35	</harden/bcfiles/linux_bcfiles/thermal_char_device.bc>:temp_read:46:0:0	</harden/bcfiles/linux_bcfiles/thermal_char_device.bc>:temp_read:46	135
</harden/bcfiles/linux_bcfiles/thermal_char_device.bc>:temp_read:%35	</harden/bcfiles/linux_bcfiles/thermal_char_device.bc>:temp_read:%34	</harden/bcfiles/linux_bcfiles/thermal_char_device.bc>:temp_read:46	135
</harden/bcfiles/linux_bcfiles/thermal_char_device.bc>:temp_read:%25	</harden/bcfiles/linux_bcfiles/thermal_char_device.bc>:temp_read:%24	</harden/bcfiles/linux_bcfiles/thermal_char_device.bc>:temp_read:31	125
</harden/bcfiles/linux_bcfiles/thermal_char_device.bc>:temp_read:%24	</harden/bcfiles/linux_bcfiles/thermal_char_device.bc>:temp_read:%20	</harden/bcfiles/linux_bcfiles/thermal_char_device.bc>:temp_read:30	125
</harden/bcfiles/linux_bcfiles/thermal_char_device.bc>:temp_read:%53	</harden/bcfiles/linux_bcfiles/thermal_char_device.bc>:temp_read:80:0:0	</harden/bcfiles/linux_bcfiles/thermal_char_device.bc>:temp_read:80	240
</harden/bcfiles/linux_bcfiles/thermal_char_device.bc>:temp_read:%53	</harden/bcfiles/linux_bcfiles/thermal_char_device.bc>:temp_read:%52	</harden/bcfiles/linux_bcfiles/thermal_char_device.bc>:temp_read:80	240
</harden/bcfiles/linux_bcfiles/thermal_char_device.bc>:temp_read:%61	</harden/bcfiles/linux_bcfiles/thermal_char_device.bc>:temp_read:88:0:true	</harden/bcfiles/linux_bcfiles/thermal_char_device.bc>:temp_read:88	240
</harden/bcfiles/linux_bcfiles/thermal_char_device.bc>:temp_read:%61	</harden/bcfiles/linux_bcfiles/thermal_char_device.bc>:temp_read:%60	</harden/bcfiles/linux_bcfiles/thermal_char_device.bc>:temp_read:88	240
</harden/bcfiles/linux_bcfiles/thermal_char_device.bc>:temp_read:%40	</harden/bcfiles/linux_bcfiles/thermal_char_device.bc>:temp_read:%23	</harden/bcfiles/linux_bcfiles/thermal_char_device.bc>:temp_read:52	139
</harden/bcfiles/linux_bcfiles/thermal_char_device.bc>:temp_read:%92	</harden/bcfiles/linux_bcfiles/thermal_char_device.bc>:temp_read:128:0:true	</harden/bcfiles/linux_bcfiles/thermal_char_device.bc>:temp_read:128	249
</harden/bcfiles/linux_bcfiles/thermal_char_device.bc>:temp_read:%92	</harden/bcfiles/linux_bcfiles/thermal_char_device.bc>:temp_read:%91	</harden/bcfiles/linux_bcfiles/thermal_char_device.bc>:temp_read:128	249
</harden/bcfiles/linux_bcfiles/thermal_char_device.bc>:temp_read:%23	</harden/bcfiles/linux_bcfiles/thermal_char_device.bc>:temp_read:%33	</harden/bcfiles/linux_bcfiles/thermal_char_device.bc>:temp_read:44	134
</harden/bcfiles/linux_bcfiles/thermal_char_device.bc>:temp_read:%115	</harden/bcfiles/linux_bcfiles/thermal_char_device.bc>:temp_read:%23	</harden/bcfiles/linux_bcfiles/thermal_char_device.bc>:temp_read:157	146
</harden/bcfiles/linux_bcfiles/thermal_char_device.bc>:temp_read:%80	</harden/bcfiles/linux_bcfiles/thermal_char_device.bc>:temp_read:112:0:true	</harden/bcfiles/linux_bcfiles/thermal_char_device.bc>:temp_read:112	249
</harden/bcfiles/linux_bcfiles/thermal_char_device.bc>:temp_read:%80	</harden/bcfiles/linux_bcfiles/thermal_char_device.bc>:temp_read:%79	</harden/bcfiles/linux_bcfiles/thermal_char_device.bc>:temp_read:112	249
</harden/bcfiles/linux_bcfiles/thermal_char_device.bc>:temp_read:%26	</harden/bcfiles/linux_bcfiles/thermal_char_device.bc>:temp_read:32:0:0	</harden/bcfiles/linux_bcfiles/thermal_char_device.bc>:temp_read:32	125
</harden/bcfiles/linux_bcfiles/thermal_char_device.bc>:temp_read:%26	</harden/bcfiles/linux_bcfiles/thermal_char_device.bc>:temp_read:%25	</harden/bcfiles/linux_bcfiles/thermal_char_device.bc>:temp_read:32	125
</harden/bcfiles/linux_bcfiles/thermal_char_device.bc>:temp_read:%63	</harden/bcfiles/linux_bcfiles/thermal_char_device.bc>:temp_read:%62	</harden/bcfiles/linux_bcfiles/thermal_char_device.bc>:temp_read:90	240
</harden/bcfiles/linux_bcfiles/thermal_char_device.bc>:temp_read:%19	</harden/bcfiles/linux_bcfiles/thermal_char_device.bc>:temp_read:%2	</harden/bcfiles/linux_bcfiles/thermal_char_device.bc>:temp_read:23	-1
</harden/bcfiles/linux_bcfiles/thermal_char_device.bc>:temp_read:%18	</harden/bcfiles/linux_bcfiles/thermal_char_device.bc>:temp_read:%1	</harden/bcfiles/linux_bcfiles/thermal_char_device.bc>:temp_read:21	-1
</harden/bcfiles/linux_bcfiles/thermal_char_device.bc>:temp_read:%33	</harden/bcfiles/linux_bcfiles/thermal_char_device.bc>:temp_read:%32	</harden/bcfiles/linux_bcfiles/thermal_char_device.bc>:temp_read:43	134
</harden/bcfiles/linux_bcfiles/thermal_char_device.bc>:temp_read:%34	</harden/bcfiles/linux_bcfiles/thermal_char_device.bc>:temp_read:%23	</harden/bcfiles/linux_bcfiles/thermal_char_device.bc>:temp_read:45	135
</harden/bcfiles/linux_bcfiles/thermal_char_device.bc>:temp_read:%17	</harden/bcfiles/linux_bcfiles/thermal_char_device.bc>:temp_read:%0	</harden/bcfiles/linux_bcfiles/thermal_char_device.bc>:temp_read:19	-1
</harden/bcfiles/linux_bcfiles/thermal_char_device.bc>:temp_read:%16	</harden/bcfiles/linux_bcfiles/thermal_char_device.bc>:temp_read:34:0:0	</harden/bcfiles/linux_bcfiles/thermal_char_device.bc>:temp_read:34	126
</harden/bcfiles/linux_bcfiles/thermal_char_device.bc>:temp_read:%16	</harden/bcfiles/linux_bcfiles/thermal_char_device.bc>:temp_read:55:0:-22	</harden/bcfiles/linux_bcfiles/thermal_char_device.bc>:temp_read:55	140
</harden/bcfiles/linux_bcfiles/thermal_char_device.bc>:temp_read:%16	</harden/bcfiles/linux_bcfiles/thermal_char_device.bc>:temp_read:155:0:-14	</harden/bcfiles/linux_bcfiles/thermal_char_device.bc>:temp_read:155	144
</harden/bcfiles/linux_bcfiles/thermal_char_device.bc>:temp_read:%16	</harden/bcfiles/linux_bcfiles/thermal_char_device.bc>:temp_read:%119	</harden/bcfiles/linux_bcfiles/thermal_char_device.bc>:temp_read:163	148
</harden/bcfiles/linux_bcfiles/thermal_char_device.bc>:temp_read:%16	</harden/bcfiles/linux_bcfiles/thermal_char_device.bc>:temp_read:%37	</harden/bcfiles/linux_bcfiles/thermal_char_device.bc>:temp_read:49	136
</harden/bcfiles/linux_bcfiles/thermal_char_device.bc>:temp_read:%90	</harden/bcfiles/linux_bcfiles/thermal_char_device.bc>:temp_read:%10	</harden/bcfiles/linux_bcfiles/thermal_char_device.bc>:temp_read:126	249
</harden/bcfiles/linux_bcfiles/thermal_char_device.bc>:temp_read:%118	</harden/bcfiles/linux_bcfiles/thermal_char_device.bc>:temp_read:%117	</harden/bcfiles/linux_bcfiles/thermal_char_device.bc>:temp_read:160	146
</harden/bcfiles/linux_bcfiles/thermal_char_device.bc>:temp_read:%118	</harden/bcfiles/linux_bcfiles/thermal_char_device.bc>:temp_read:%115	</harden/bcfiles/linux_bcfiles/thermal_char_device.bc>:temp_read:160	146
</harden/bcfiles/linux_bcfiles/thermal_char_device.bc>:temp_read:%22	</harden/bcfiles/linux_bcfiles/thermal_char_device.bc>:temp_read:%29	</harden/bcfiles/linux_bcfiles/thermal_char_device.bc>:temp_read:38	130
</harden/bcfiles/linux_bcfiles/thermal_char_device.bc>:temp_read:%15	</harden/bcfiles/linux_bcfiles/thermal_char_device.bc>:temp_read:%46	</harden/bcfiles/linux_bcfiles/thermal_char_device.bc>:temp_read:64	-1
</harden/bcfiles/linux_bcfiles/thermal_char_device.bc>:temp_read:%15	</harden/bcfiles/linux_bcfiles/thermal_char_device.bc>:temp_read:%109	</harden/bcfiles/linux_bcfiles/thermal_char_device.bc>:temp_read:150	191
</harden/bcfiles/linux_bcfiles/thermal_char_device.bc>:temp_read:%14	</harden/bcfiles/linux_bcfiles/thermal_char_device.bc>:temp_read:%45	</harden/bcfiles/linux_bcfiles/thermal_char_device.bc>:temp_read:62	-1
</harden/bcfiles/linux_bcfiles/thermal_char_device.bc>:temp_read:%51	</harden/bcfiles/linux_bcfiles/thermal_char_device.bc>:temp_read:%50	</harden/bcfiles/linux_bcfiles/thermal_char_device.bc>:temp_read:77	239
</harden/bcfiles/linux_bcfiles/thermal_char_device.bc>:temp_read:%13	</harden/bcfiles/linux_bcfiles/thermal_char_device.bc>:temp_read:%44	</harden/bcfiles/linux_bcfiles/thermal_char_device.bc>:temp_read:60	-1
</harden/bcfiles/linux_bcfiles/thermal_char_device.bc>:temp_read:%12	</harden/bcfiles/linux_bcfiles/thermal_char_device.bc>:temp_read:%94	</harden/bcfiles/linux_bcfiles/thermal_char_device.bc>:temp_read:131	249
</harden/bcfiles/linux_bcfiles/thermal_char_device.bc>:temp_read:%83	</harden/bcfiles/linux_bcfiles/thermal_char_device.bc>:temp_read:116:0:0	</harden/bcfiles/linux_bcfiles/thermal_char_device.bc>:temp_read:116	249
</harden/bcfiles/linux_bcfiles/thermal_char_device.bc>:temp_read:%83	</harden/bcfiles/linux_bcfiles/thermal_char_device.bc>:temp_read:%82	</harden/bcfiles/linux_bcfiles/thermal_char_device.bc>:temp_read:116	249
</harden/bcfiles/linux_bcfiles/thermal_char_device.bc>:temp_read:%11	</harden/bcfiles/linux_bcfiles/thermal_char_device.bc>:temp_read:122:0:2307	</harden/bcfiles/linux_bcfiles/thermal_char_device.bc>:temp_read:122	249
</harden/bcfiles/linux_bcfiles/thermal_char_device.bc>:temp_read:%10	</harden/bcfiles/linux_bcfiles/thermal_char_device.bc>:temp_read:%81	</harden/bcfiles/linux_bcfiles/thermal_char_device.bc>:temp_read:114	249
</harden/bcfiles/linux_bcfiles/thermal_char_device.bc>:temp_read:%86	</harden/bcfiles/linux_bcfiles/thermal_char_device.bc>:temp_read:%85	</harden/bcfiles/linux_bcfiles/thermal_char_device.bc>:temp_read:119	249
</harden/bcfiles/linux_bcfiles/thermal_char_device.bc>:temp_read:%9	</harden/bcfiles/linux_bcfiles/thermal_char_device.bc>:temp_read:%51	</harden/bcfiles/linux_bcfiles/thermal_char_device.bc>:temp_read:78	239
</harden/bcfiles/linux_bcfiles/thermal_char_device.bc>:temp_read:%8	</harden/bcfiles/linux_bcfiles/thermal_char_device.bc>:temp_read:72:0:1	</harden/bcfiles/linux_bcfiles/thermal_char_device.bc>:temp_read:72	-1
</harden/bcfiles/linux_bcfiles/thermal_char_device.bc>:temp_read:%20	</harden/bcfiles/linux_bcfiles/thermal_char_device.bc>:temp_read:%3	</harden/bcfiles/linux_bcfiles/thermal_char_device.bc>:temp_read:25	-1
</harden/bcfiles/linux_bcfiles/thermal_char_device.bc>:temp_read:%84	</harden/bcfiles/linux_bcfiles/thermal_char_device.bc>:temp_read:117:0:true	</harden/bcfiles/linux_bcfiles/thermal_char_device.bc>:temp_read:117	249
</harden/bcfiles/linux_bcfiles/thermal_char_device.bc>:temp_read:%84	</harden/bcfiles/linux_bcfiles/thermal_char_device.bc>:temp_read:%83	</harden/bcfiles/linux_bcfiles/thermal_char_device.bc>:temp_read:117	249
</harden/bcfiles/linux_bcfiles/thermal_char_device.bc>:temp_read:%7	</harden/bcfiles/linux_bcfiles/thermal_char_device.bc>:temp_read:%48	</harden/bcfiles/linux_bcfiles/thermal_char_device.bc>:temp_read:70	-1
</harden/bcfiles/linux_bcfiles/thermal_char_device.bc>:temp_read:%6	</harden/bcfiles/linux_bcfiles/thermal_char_device.bc>:temp_read:%47	</harden/bcfiles/linux_bcfiles/thermal_char_device.bc>:temp_read:68	-1
</harden/bcfiles/linux_bcfiles/thermal_char_device.bc>:temp_read:%78	</harden/bcfiles/linux_bcfiles/thermal_char_device.bc>:temp_read:%7	</harden/bcfiles/linux_bcfiles/thermal_char_device.bc>:temp_read:110	249
</harden/bcfiles/linux_bcfiles/thermal_char_device.bc>:temp_read:%5	</harden/bcfiles/linux_bcfiles/thermal_char_device.bc>:temp_read:107:0:false	</harden/bcfiles/linux_bcfiles/thermal_char_device.bc>:temp_read:107	247
</harden/bcfiles/linux_bcfiles/thermal_char_device.bc>:temp_read:%5	</harden/bcfiles/linux_bcfiles/thermal_char_device.bc>:temp_read:135:0:false	</harden/bcfiles/linux_bcfiles/thermal_char_device.bc>:temp_read:135	250
</harden/bcfiles/linux_bcfiles/thermal_char_device.bc>:temp_read:%5	</harden/bcfiles/linux_bcfiles/thermal_char_device.bc>:temp_read:142:0:true	</harden/bcfiles/linux_bcfiles/thermal_char_device.bc>:temp_read:142	252
</harden/bcfiles/linux_bcfiles/thermal_char_device.bc>:temp_read:%101	</harden/bcfiles/linux_bcfiles/thermal_char_device.bc>:temp_read:%8	</harden/bcfiles/linux_bcfiles/thermal_char_device.bc>:temp_read:139	251
</harden/bcfiles/linux_bcfiles/thermal_char_device.bc>:temp_open:%6	</harden/bcfiles/linux_bcfiles/thermal_char_device.bc>:temp_open:%5	</harden/bcfiles/linux_bcfiles/thermal_char_device.bc>:temp_open:8	88
</harden/bcfiles/linux_bcfiles/thermal_char_device.bc>:temp_open:%5	</harden/bcfiles/linux_bcfiles/thermal_char_device.bc>:temp_open:7:0:0	</harden/bcfiles/linux_bcfiles/thermal_char_device.bc>:temp_open:7	88
</harden/bcfiles/linux_bcfiles/thermal_char_device.bc>:temp_open:%3	</harden/bcfiles/linux_bcfiles/thermal_char_device.bc>:temp_open:%0	</harden/bcfiles/linux_bcfiles/thermal_char_device.bc>:temp_open:3	-1
</harden/bcfiles/linux_bcfiles/thermal_char_device.bc>:temp_open:%4	</harden/bcfiles/linux_bcfiles/thermal_char_device.bc>:temp_open:%1	</harden/bcfiles/linux_bcfiles/thermal_char_device.bc>:temp_open:5	-1
</harden/bcfiles/linux_bcfiles/thermal_char_device.bc>:temp_release:%6	</harden/bcfiles/linux_bcfiles/thermal_char_device.bc>:temp_release:%5	</harden/bcfiles/linux_bcfiles/thermal_char_device.bc>:temp_release:8	103
</harden/bcfiles/linux_bcfiles/thermal_char_device.bc>:temp_release:%5	</harden/bcfiles/linux_bcfiles/thermal_char_device.bc>:temp_release:7:0:0	</harden/bcfiles/linux_bcfiles/thermal_char_device.bc>:temp_release:7	103
</harden/bcfiles/linux_bcfiles/thermal_char_device.bc>:temp_release:%4	</harden/bcfiles/linux_bcfiles/thermal_char_device.bc>:temp_release:%1	</harden/bcfiles/linux_bcfiles/thermal_char_device.bc>:temp_release:5	-1
</harden/bcfiles/linux_bcfiles/thermal_char_device.bc>:temp_release:%3	</harden/bcfiles/linux_bcfiles/thermal_char_device.bc>:temp_release:%0	</harden/bcfiles/linux_bcfiles/thermal_char_device.bc>:temp_release:3	-1
</harden/bcfiles/linux_bcfiles/thermal_char_device.bc>:copy_overflow:%4	</harden/bcfiles/linux_bcfiles/thermal_char_device.bc>:copy_overflow:%1	</harden/bcfiles/linux_bcfiles/thermal_char_device.bc>:copy_overflow:4	-1
</harden/bcfiles/linux_bcfiles/thermal_char_device.bc>:copy_overflow:%3	</harden/bcfiles/linux_bcfiles/thermal_char_device.bc>:copy_overflow:%0	</harden/bcfiles/linux_bcfiles/thermal_char_device.bc>:copy_overflow:2	-1
</harden/bcfiles/linux_bcfiles/thermal_char_device.bc>:check_object_size:%7	</harden/bcfiles/linux_bcfiles/thermal_char_device.bc>:check_object_size:%2	</harden/bcfiles/linux_bcfiles/thermal_char_device.bc>:check_object_size:7	-1
</harden/bcfiles/linux_bcfiles/thermal_char_device.bc>:check_object_size:%6	</harden/bcfiles/linux_bcfiles/thermal_char_device.bc>:check_object_size:%7	</harden/bcfiles/linux_bcfiles/thermal_char_device.bc>:check_object_size:8	-1
</harden/bcfiles/linux_bcfiles/thermal_char_device.bc>:check_object_size:%5	</harden/bcfiles/linux_bcfiles/thermal_char_device.bc>:check_object_size:%1	</harden/bcfiles/linux_bcfiles/thermal_char_device.bc>:check_object_size:5	-1
</harden/bcfiles/linux_bcfiles/thermal_char_device.bc>:check_object_size:%4	</harden/bcfiles/linux_bcfiles/thermal_char_device.bc>:check_object_size:%0	</harden/bcfiles/linux_bcfiles/thermal_char_device.bc>:check_object_size:3	-1
</harden/bcfiles/linux_bcfiles/thermal_char_device.bc>:mutex_destroy:%2	</harden/bcfiles/linux_bcfiles/thermal_char_device.bc>:mutex_destroy:%0	</harden/bcfiles/linux_bcfiles/thermal_char_device.bc>:mutex_destroy:1	-1
