</harden/bcfiles/linux_bcfiles/thermal_char_device.bc>:temp_sensor_init	</harden/bcfiles/linux_bcfiles/thermal_char_device.bc>:temp_sensor_init:0
</harden/bcfiles/linux_bcfiles/thermal_char_device.bc>:temp_sensor_exit	</harden/bcfiles/linux_bcfiles/thermal_char_device.bc>:temp_sensor_exit:0
</harden/bcfiles/linux_bcfiles/thermal_char_device.bc>:temp_sensor_thread	</harden/bcfiles/linux_bcfiles/thermal_char_device.bc>:temp_sensor_thread:0
</harden/bcfiles/linux_bcfiles/thermal_char_device.bc>:IS_ERR	</harden/bcfiles/linux_bcfiles/thermal_char_device.bc>:IS_ERR:0
</harden/bcfiles/linux_bcfiles/thermal_char_device.bc>:PTR_ERR	</harden/bcfiles/linux_bcfiles/thermal_char_device.bc>:PTR_ERR:0
</harden/bcfiles/linux_bcfiles/thermal_char_device.bc>:register_chrdev	</harden/bcfiles/linux_bcfiles/thermal_char_device.bc>:register_chrdev:0
</harden/bcfiles/linux_bcfiles/thermal_char_device.bc>:thermal_devnode	</harden/bcfiles/linux_bcfiles/thermal_char_device.bc>:thermal_devnode:0
</harden/bcfiles/linux_bcfiles/thermal_char_device.bc>:unregister_chrdev	</harden/bcfiles/linux_bcfiles/thermal_char_device.bc>:unregister_chrdev:0
</harden/bcfiles/linux_bcfiles/thermal_char_device.bc>:ssleep	</harden/bcfiles/linux_bcfiles/thermal_char_device.bc>:ssleep:0
</harden/bcfiles/linux_bcfiles/thermal_char_device.bc>:temp_read	</harden/bcfiles/linux_bcfiles/thermal_char_device.bc>:temp_read:0
</harden/bcfiles/linux_bcfiles/thermal_char_device.bc>:temp_open	</harden/bcfiles/linux_bcfiles/thermal_char_device.bc>:temp_open:0
</harden/bcfiles/linux_bcfiles/thermal_char_device.bc>:temp_release	</harden/bcfiles/linux_bcfiles/thermal_char_device.bc>:temp_release:0
</harden/bcfiles/linux_bcfiles/thermal_char_device.bc>:copy_overflow	</harden/bcfiles/linux_bcfiles/thermal_char_device.bc>:copy_overflow:0
</harden/bcfiles/linux_bcfiles/thermal_char_device.bc>:check_object_size	</harden/bcfiles/linux_bcfiles/thermal_char_device.bc>:check_object_size:0
</harden/bcfiles/linux_bcfiles/thermal_char_device.bc>:mutex_destroy	</harden/bcfiles/linux_bcfiles/thermal_char_device.bc>:mutex_destroy:0
