</harden/bcfiles/linux_bcfiles/thermal_char_device.bc>:temp_sensor_init:15:4:getelementptr inbounds ([19 x i8], [19 x i8]* @.str, i64 0, i64 0)
</harden/bcfiles/linux_bcfiles/thermal_char_device.bc>:temp_sensor_init:34:1:getelementptr inbounds ([67 x i8], [67 x i8]* @.str.1, i64 0, i64 0)
</harden/bcfiles/linux_bcfiles/thermal_char_device.bc>:temp_sensor_init:43:2:getelementptr inbounds ([20 x i8], [20 x i8]* @.str.2, i64 0, i64 0)
</harden/bcfiles/linux_bcfiles/thermal_char_device.bc>:temp_sensor_init:50:1:getelementptr inbounds ([60 x i8], [60 x i8]* @.str.3, i64 0, i64 0)
</harden/bcfiles/linux_bcfiles/thermal_char_device.bc>:temp_sensor_init:54:1:getelementptr inbounds ([19 x i8], [19 x i8]* @.str.4, i64 0, i64 0)
</harden/bcfiles/linux_bcfiles/thermal_char_device.bc>:temp_sensor_init:62:1:getelementptr inbounds ([47 x i8], [47 x i8]* @.str.5, i64 0, i64 0)
</harden/bcfiles/linux_bcfiles/thermal_char_device.bc>:temp_sensor_init:75:4:getelementptr inbounds ([20 x i8], [20 x i8]* @.str.2, i64 0, i64 0)
</harden/bcfiles/linux_bcfiles/thermal_char_device.bc>:temp_sensor_init:83:1:getelementptr inbounds ([48 x i8], [48 x i8]* @.str.6, i64 0, i64 0)
</harden/bcfiles/linux_bcfiles/thermal_char_device.bc>:temp_sensor_init:93:2:getelementptr inbounds ([12 x i8], [12 x i8]* @.str.7, i64 0, i64 0)
</harden/bcfiles/linux_bcfiles/thermal_char_device.bc>:temp_sensor_init:104:2:getelementptr inbounds ([20 x i8], [20 x i8]* @.str.2, i64 0, i64 0)
</harden/bcfiles/linux_bcfiles/thermal_char_device.bc>:temp_sensor_exit:14:2:getelementptr inbounds ([20 x i8], [20 x i8]* @.str.2, i64 0, i64 0)
</harden/bcfiles/linux_bcfiles/thermal_char_device.bc>:temp_read:42:2:getelementptr inbounds ([4 x i8], [4 x i8]* @.str.8, i64 0, i64 0)
</harden/bcfiles/linux_bcfiles/thermal_char_device.bc>:temp_read:124:0:getelementptr inbounds ([30 x i8], [30 x i8]* @.str.9, i64 0, i64 0)
</harden/bcfiles/linux_bcfiles/thermal_char_device.bc>:61:getelementptr (i8, i8* bitcast (%struct.mutex* @temp_mutex to i8*), i64 16)
</harden/bcfiles/linux_bcfiles/thermal_char_device.bc>:66:getelementptr (i8, i8* bitcast (%struct.mutex* @temp_mutex to i8*), i64 16)
</harden/bcfiles/linux_bcfiles/thermal_char_device.bc>:74:getelementptr inbounds ([12 x i8], [12 x i8]* @__UNIQUE_ID_license233, i32 0, i32 0)
</harden/bcfiles/linux_bcfiles/thermal_char_device.bc>:78:getelementptr inbounds ([22 x i8], [22 x i8]* @__UNIQUE_ID_author234, i32 0, i32 0)
</harden/bcfiles/linux_bcfiles/thermal_char_device.bc>:82:getelementptr inbounds ([58 x i8], [58 x i8]* @__UNIQUE_ID_description235, i32 0, i32 0)
</harden/bcfiles/linux_bcfiles/thermal_char_device.bc>:86:getelementptr inbounds ([12 x i8], [12 x i8]* @__UNIQUE_ID_version236, i32 0, i32 0)
</harden/bcfiles/linux_bcfiles/thermal_char_device.bc>:90:getelementptr inbounds ([21 x i8], [21 x i8]* @__UNIQUE_ID_alias237, i32 0, i32 0)
