</harden/bcfiles/linux_bcfiles/thermal_char_device.bc>:temp_sensor_init:15:4:getelementptr inbounds ([19 x i8], [19 x i8]* @.str, i64 0, i64 0)	0	</harden/bcfiles/linux_bcfiles/thermal_char_device.bc>:temp_sensor_init:15:6:0
</harden/bcfiles/linux_bcfiles/thermal_char_device.bc>:temp_sensor_init:34:1:getelementptr inbounds ([67 x i8], [67 x i8]* @.str.1, i64 0, i64 0)	0	</harden/bcfiles/linux_bcfiles/thermal_char_device.bc>:temp_sensor_init:34:3:0
</harden/bcfiles/linux_bcfiles/thermal_char_device.bc>:temp_sensor_init:43:2:getelementptr inbounds ([20 x i8], [20 x i8]* @.str.2, i64 0, i64 0)	0	</harden/bcfiles/linux_bcfiles/thermal_char_device.bc>:temp_sensor_init:43:4:0
</harden/bcfiles/linux_bcfiles/thermal_char_device.bc>:temp_sensor_init:50:1:getelementptr inbounds ([60 x i8], [60 x i8]* @.str.3, i64 0, i64 0)	0	</harden/bcfiles/linux_bcfiles/thermal_char_device.bc>:temp_sensor_init:50:3:0
</harden/bcfiles/linux_bcfiles/thermal_char_device.bc>:temp_sensor_init:54:1:getelementptr inbounds ([19 x i8], [19 x i8]* @.str.4, i64 0, i64 0)	0	</harden/bcfiles/linux_bcfiles/thermal_char_device.bc>:temp_sensor_init:54:3:0
</harden/bcfiles/linux_bcfiles/thermal_char_device.bc>:temp_sensor_init:62:1:getelementptr inbounds ([47 x i8], [47 x i8]* @.str.5, i64 0, i64 0)	0	</harden/bcfiles/linux_bcfiles/thermal_char_device.bc>:temp_sensor_init:62:3:0
</harden/bcfiles/linux_bcfiles/thermal_char_device.bc>:temp_sensor_init:75:4:getelementptr inbounds ([20 x i8], [20 x i8]* @.str.2, i64 0, i64 0)	0	</harden/bcfiles/linux_bcfiles/thermal_char_device.bc>:temp_sensor_init:75:6:0
</harden/bcfiles/linux_bcfiles/thermal_char_device.bc>:temp_sensor_init:83:1:getelementptr inbounds ([48 x i8], [48 x i8]* @.str.6, i64 0, i64 0)	0	</harden/bcfiles/linux_bcfiles/thermal_char_device.bc>:temp_sensor_init:83:3:0
</harden/bcfiles/linux_bcfiles/thermal_char_device.bc>:temp_sensor_init:93:2:getelementptr inbounds ([12 x i8], [12 x i8]* @.str.7, i64 0, i64 0)	0	</harden/bcfiles/linux_bcfiles/thermal_char_device.bc>:temp_sensor_init:93:4:0
</harden/bcfiles/linux_bcfiles/thermal_char_device.bc>:temp_sensor_init:104:2:getelementptr inbounds ([20 x i8], [20 x i8]* @.str.2, i64 0, i64 0)	0	</harden/bcfiles/linux_bcfiles/thermal_char_device.bc>:temp_sensor_init:104:4:0
</harden/bcfiles/linux_bcfiles/thermal_char_device.bc>:temp_sensor_exit:14:2:getelementptr inbounds ([20 x i8], [20 x i8]* @.str.2, i64 0, i64 0)	0	</harden/bcfiles/linux_bcfiles/thermal_char_device.bc>:temp_sensor_exit:14:4:0
</harden/bcfiles/linux_bcfiles/thermal_char_device.bc>:temp_read:42:2:getelementptr inbounds ([4 x i8], [4 x i8]* @.str.8, i64 0, i64 0)	0	</harden/bcfiles/linux_bcfiles/thermal_char_device.bc>:temp_read:42:4:0
</harden/bcfiles/linux_bcfiles/thermal_char_device.bc>:temp_read:124:0:getelementptr inbounds ([30 x i8], [30 x i8]* @.str.9, i64 0, i64 0)	0	</harden/bcfiles/linux_bcfiles/thermal_char_device.bc>:temp_read:124:2:0
</harden/bcfiles/linux_bcfiles/thermal_char_device.bc>:61:getelementptr (i8, i8* bitcast (%struct.mutex* @temp_mutex to i8*), i64 16)	0	</harden/bcfiles/linux_bcfiles/thermal_char_device.bc>:64:16
</harden/bcfiles/linux_bcfiles/thermal_char_device.bc>:66:getelementptr (i8, i8* bitcast (%struct.mutex* @temp_mutex to i8*), i64 16)	0	</harden/bcfiles/linux_bcfiles/thermal_char_device.bc>:69:16
</harden/bcfiles/linux_bcfiles/thermal_char_device.bc>:74:getelementptr inbounds ([12 x i8], [12 x i8]* @__UNIQUE_ID_license233, i32 0, i32 0)	0	</harden/bcfiles/linux_bcfiles/thermal_char_device.bc>:76:0
</harden/bcfiles/linux_bcfiles/thermal_char_device.bc>:78:getelementptr inbounds ([22 x i8], [22 x i8]* @__UNIQUE_ID_author234, i32 0, i32 0)	0	</harden/bcfiles/linux_bcfiles/thermal_char_device.bc>:80:0
</harden/bcfiles/linux_bcfiles/thermal_char_device.bc>:82:getelementptr inbounds ([58 x i8], [58 x i8]* @__UNIQUE_ID_description235, i32 0, i32 0)	0	</harden/bcfiles/linux_bcfiles/thermal_char_device.bc>:84:0
</harden/bcfiles/linux_bcfiles/thermal_char_device.bc>:86:getelementptr inbounds ([12 x i8], [12 x i8]* @__UNIQUE_ID_version236, i32 0, i32 0)	0	</harden/bcfiles/linux_bcfiles/thermal_char_device.bc>:88:0
</harden/bcfiles/linux_bcfiles/thermal_char_device.bc>:90:getelementptr inbounds ([21 x i8], [21 x i8]* @__UNIQUE_ID_alias237, i32 0, i32 0)	0	</harden/bcfiles/linux_bcfiles/thermal_char_device.bc>:92:0
</harden/bcfiles/linux_bcfiles/thermal_char_device.bc>:temp_sensor_init:15:4:getelementptr inbounds ([19 x i8], [19 x i8]* @.str, i64 0, i64 0)	1	</harden/bcfiles/linux_bcfiles/thermal_char_device.bc>:temp_sensor_init:15:7:0
</harden/bcfiles/linux_bcfiles/thermal_char_device.bc>:temp_sensor_init:34:1:getelementptr inbounds ([67 x i8], [67 x i8]* @.str.1, i64 0, i64 0)	1	</harden/bcfiles/linux_bcfiles/thermal_char_device.bc>:temp_sensor_init:34:4:0
</harden/bcfiles/linux_bcfiles/thermal_char_device.bc>:temp_sensor_init:43:2:getelementptr inbounds ([20 x i8], [20 x i8]* @.str.2, i64 0, i64 0)	1	</harden/bcfiles/linux_bcfiles/thermal_char_device.bc>:temp_sensor_init:43:5:0
</harden/bcfiles/linux_bcfiles/thermal_char_device.bc>:temp_sensor_init:50:1:getelementptr inbounds ([60 x i8], [60 x i8]* @.str.3, i64 0, i64 0)	1	</harden/bcfiles/linux_bcfiles/thermal_char_device.bc>:temp_sensor_init:50:4:0
</harden/bcfiles/linux_bcfiles/thermal_char_device.bc>:temp_sensor_init:54:1:getelementptr inbounds ([19 x i8], [19 x i8]* @.str.4, i64 0, i64 0)	1	</harden/bcfiles/linux_bcfiles/thermal_char_device.bc>:temp_sensor_init:54:4:0
</harden/bcfiles/linux_bcfiles/thermal_char_device.bc>:temp_sensor_init:62:1:getelementptr inbounds ([47 x i8], [47 x i8]* @.str.5, i64 0, i64 0)	1	</harden/bcfiles/linux_bcfiles/thermal_char_device.bc>:temp_sensor_init:62:4:0
</harden/bcfiles/linux_bcfiles/thermal_char_device.bc>:temp_sensor_init:75:4:getelementptr inbounds ([20 x i8], [20 x i8]* @.str.2, i64 0, i64 0)	1	</harden/bcfiles/linux_bcfiles/thermal_char_device.bc>:temp_sensor_init:75:7:0
</harden/bcfiles/linux_bcfiles/thermal_char_device.bc>:temp_sensor_init:83:1:getelementptr inbounds ([48 x i8], [48 x i8]* @.str.6, i64 0, i64 0)	1	</harden/bcfiles/linux_bcfiles/thermal_char_device.bc>:temp_sensor_init:83:4:0
</harden/bcfiles/linux_bcfiles/thermal_char_device.bc>:temp_sensor_init:93:2:getelementptr inbounds ([12 x i8], [12 x i8]* @.str.7, i64 0, i64 0)	1	</harden/bcfiles/linux_bcfiles/thermal_char_device.bc>:temp_sensor_init:93:5:0
</harden/bcfiles/linux_bcfiles/thermal_char_device.bc>:temp_sensor_init:104:2:getelementptr inbounds ([20 x i8], [20 x i8]* @.str.2, i64 0, i64 0)	1	</harden/bcfiles/linux_bcfiles/thermal_char_device.bc>:temp_sensor_init:104:5:0
</harden/bcfiles/linux_bcfiles/thermal_char_device.bc>:temp_sensor_exit:14:2:getelementptr inbounds ([20 x i8], [20 x i8]* @.str.2, i64 0, i64 0)	1	</harden/bcfiles/linux_bcfiles/thermal_char_device.bc>:temp_sensor_exit:14:5:0
</harden/bcfiles/linux_bcfiles/thermal_char_device.bc>:temp_read:42:2:getelementptr inbounds ([4 x i8], [4 x i8]* @.str.8, i64 0, i64 0)	1	</harden/bcfiles/linux_bcfiles/thermal_char_device.bc>:temp_read:42:5:0
</harden/bcfiles/linux_bcfiles/thermal_char_device.bc>:temp_read:124:0:getelementptr inbounds ([30 x i8], [30 x i8]* @.str.9, i64 0, i64 0)	1	</harden/bcfiles/linux_bcfiles/thermal_char_device.bc>:temp_read:124:3:0
</harden/bcfiles/linux_bcfiles/thermal_char_device.bc>:74:getelementptr inbounds ([12 x i8], [12 x i8]* @__UNIQUE_ID_license233, i32 0, i32 0)	1	</harden/bcfiles/linux_bcfiles/thermal_char_device.bc>:77:0
</harden/bcfiles/linux_bcfiles/thermal_char_device.bc>:78:getelementptr inbounds ([22 x i8], [22 x i8]* @__UNIQUE_ID_author234, i32 0, i32 0)	1	</harden/bcfiles/linux_bcfiles/thermal_char_device.bc>:81:0
</harden/bcfiles/linux_bcfiles/thermal_char_device.bc>:82:getelementptr inbounds ([58 x i8], [58 x i8]* @__UNIQUE_ID_description235, i32 0, i32 0)	1	</harden/bcfiles/linux_bcfiles/thermal_char_device.bc>:85:0
</harden/bcfiles/linux_bcfiles/thermal_char_device.bc>:86:getelementptr inbounds ([12 x i8], [12 x i8]* @__UNIQUE_ID_version236, i32 0, i32 0)	1	</harden/bcfiles/linux_bcfiles/thermal_char_device.bc>:89:0
</harden/bcfiles/linux_bcfiles/thermal_char_device.bc>:90:getelementptr inbounds ([21 x i8], [21 x i8]* @__UNIQUE_ID_alias237, i32 0, i32 0)	1	</harden/bcfiles/linux_bcfiles/thermal_char_device.bc>:93:0
