</harden/bcfiles/linux_bcfiles/thermal_char_device.bc>:16:@__this_module	@__this_module
</harden/bcfiles/linux_bcfiles/thermal_char_device.bc>:temp_sensor_init:93:1:@temp_mutex	@temp_mutex
</harden/bcfiles/linux_bcfiles/thermal_char_device.bc>:temp_sensor_exit:15:1:@temp_mutex	@temp_mutex
</harden/bcfiles/linux_bcfiles/thermal_char_device.bc>:temp_sensor_thread:17:1:@temp_mutex	@temp_mutex
</harden/bcfiles/linux_bcfiles/thermal_char_device.bc>:temp_sensor_thread:20:1:@temp_mutex	@temp_mutex
</harden/bcfiles/linux_bcfiles/thermal_char_device.bc>:temp_read:36:1:@temp_mutex	@temp_mutex
</harden/bcfiles/linux_bcfiles/thermal_char_device.bc>:temp_read:39:1:@temp_mutex	@temp_mutex
</harden/bcfiles/linux_bcfiles/thermal_char_device.bc>:63:@temp_mutex	@temp_mutex
</harden/bcfiles/linux_bcfiles/thermal_char_device.bc>:68:@temp_mutex	@temp_mutex
</harden/bcfiles/linux_bcfiles/thermal_char_device.bc>:75:@__UNIQUE_ID_license233	@__UNIQUE_ID_license233
</harden/bcfiles/linux_bcfiles/thermal_char_device.bc>:79:@__UNIQUE_ID_author234	@__UNIQUE_ID_author234
</harden/bcfiles/linux_bcfiles/thermal_char_device.bc>:83:@__UNIQUE_ID_description235	@__UNIQUE_ID_description235
</harden/bcfiles/linux_bcfiles/thermal_char_device.bc>:87:@__UNIQUE_ID_version236	@__UNIQUE_ID_version236
</harden/bcfiles/linux_bcfiles/thermal_char_device.bc>:91:@__UNIQUE_ID_alias237	@__UNIQUE_ID_alias237
</harden/bcfiles/linux_bcfiles/thermal_char_device.bc>:95:@__UNIQUE_ID___addressable_init_module238	@__UNIQUE_ID___addressable_init_module238
</harden/bcfiles/linux_bcfiles/thermal_char_device.bc>:97:@__UNIQUE_ID___addressable_cleanup_module239	@__UNIQUE_ID___addressable_cleanup_module239
</harden/bcfiles/linux_bcfiles/thermal_char_device.bc>:temp_sensor_init:13:1:@current_temperature	@current_temperature
</harden/bcfiles/linux_bcfiles/thermal_char_device.bc>:temp_sensor_thread:19:0:@current_temperature	@current_temperature
</harden/bcfiles/linux_bcfiles/thermal_char_device.bc>:temp_read:37:0:@current_temperature	@current_temperature
</harden/bcfiles/linux_bcfiles/thermal_char_device.bc>:temp_sensor_init:15:5:@.str	@.str
</harden/bcfiles/linux_bcfiles/thermal_char_device.bc>:temp_sensor_init:27:0:@temp_thread	@temp_thread
</harden/bcfiles/linux_bcfiles/thermal_char_device.bc>:temp_sensor_init:28:0:@temp_thread	@temp_thread
</harden/bcfiles/linux_bcfiles/thermal_char_device.bc>:temp_sensor_init:37:0:@temp_thread	@temp_thread
</harden/bcfiles/linux_bcfiles/thermal_char_device.bc>:temp_sensor_init:107:0:@temp_thread	@temp_thread
</harden/bcfiles/linux_bcfiles/thermal_char_device.bc>:temp_sensor_init:110:0:@temp_thread	@temp_thread
</harden/bcfiles/linux_bcfiles/thermal_char_device.bc>:temp_sensor_exit:4:0:@temp_thread	@temp_thread
</harden/bcfiles/linux_bcfiles/thermal_char_device.bc>:temp_sensor_exit:7:0:@temp_thread	@temp_thread
</harden/bcfiles/linux_bcfiles/thermal_char_device.bc>:temp_sensor_init:34:2:@.str.1	@.str.1
</harden/bcfiles/linux_bcfiles/thermal_char_device.bc>:temp_sensor_init:43:3:@.str.2	@.str.2
</harden/bcfiles/linux_bcfiles/thermal_char_device.bc>:temp_sensor_init:75:5:@.str.2	@.str.2
</harden/bcfiles/linux_bcfiles/thermal_char_device.bc>:temp_sensor_init:104:3:@.str.2	@.str.2
</harden/bcfiles/linux_bcfiles/thermal_char_device.bc>:temp_sensor_exit:14:3:@.str.2	@.str.2
</harden/bcfiles/linux_bcfiles/thermal_char_device.bc>:temp_sensor_init:43:6:@temp_fops	@temp_fops
</harden/bcfiles/linux_bcfiles/thermal_char_device.bc>:temp_sensor_init:50:2:@.str.3	@.str.3
</harden/bcfiles/linux_bcfiles/thermal_char_device.bc>:temp_sensor_init:54:2:@.str.4	@.str.4
</harden/bcfiles/linux_bcfiles/thermal_char_device.bc>:temp_sensor_init:55:0:@temp_class	@temp_class
</harden/bcfiles/linux_bcfiles/thermal_char_device.bc>:temp_sensor_init:56:0:@temp_class	@temp_class
</harden/bcfiles/linux_bcfiles/thermal_char_device.bc>:temp_sensor_init:65:0:@temp_class	@temp_class
</harden/bcfiles/linux_bcfiles/thermal_char_device.bc>:temp_sensor_init:71:0:@temp_class	@temp_class
</harden/bcfiles/linux_bcfiles/thermal_char_device.bc>:temp_sensor_init:74:0:@temp_class	@temp_class
</harden/bcfiles/linux_bcfiles/thermal_char_device.bc>:temp_sensor_init:100:0:@temp_class	@temp_class
</harden/bcfiles/linux_bcfiles/thermal_char_device.bc>:temp_sensor_exit:10:0:@temp_class	@temp_class
</harden/bcfiles/linux_bcfiles/thermal_char_device.bc>:temp_sensor_exit:12:0:@temp_class	@temp_class
</harden/bcfiles/linux_bcfiles/thermal_char_device.bc>:temp_sensor_init:62:2:@.str.5	@.str.5
</harden/bcfiles/linux_bcfiles/thermal_char_device.bc>:temp_sensor_init:76:0:@temp_sensor_init.temp_device	@temp_sensor_init.temp_device
</harden/bcfiles/linux_bcfiles/thermal_char_device.bc>:temp_sensor_init:77:0:@temp_sensor_init.temp_device	@temp_sensor_init.temp_device
</harden/bcfiles/linux_bcfiles/thermal_char_device.bc>:temp_sensor_init:86:0:@temp_sensor_init.temp_device	@temp_sensor_init.temp_device
</harden/bcfiles/linux_bcfiles/thermal_char_device.bc>:temp_sensor_init:83:2:@.str.6	@.str.6
</harden/bcfiles/linux_bcfiles/thermal_char_device.bc>:temp_sensor_init:93:3:@.str.7	@.str.7
</harden/bcfiles/linux_bcfiles/thermal_char_device.bc>:temp_sensor_init:93:6:@temp_sensor_init.__key	@temp_sensor_init.__key
</harden/bcfiles/linux_bcfiles/thermal_char_device.bc>:temp_read:42:3:@.str.8	@.str.8
</harden/bcfiles/linux_bcfiles/thermal_char_device.bc>:temp_read:124:1:@.str.9	@.str.9
