</harden/bcfiles/linux_bcfiles/thermal_char_device.bc>:temp_sensor_init:18	</harden/bcfiles/linux_bcfiles/thermal_char_device.bc>:temp_sensor_init:%14
</harden/bcfiles/linux_bcfiles/thermal_char_device.bc>:temp_sensor_init:21	</harden/bcfiles/linux_bcfiles/thermal_char_device.bc>:temp_sensor_init:%17
</harden/bcfiles/linux_bcfiles/thermal_char_device.bc>:temp_sensor_init:29	</harden/bcfiles/linux_bcfiles/thermal_char_device.bc>:temp_sensor_init:%23
</harden/bcfiles/linux_bcfiles/thermal_char_device.bc>:temp_sensor_init:38	</harden/bcfiles/linux_bcfiles/thermal_char_device.bc>:temp_sensor_init:%31
</harden/bcfiles/linux_bcfiles/thermal_char_device.bc>:temp_sensor_init:57	</harden/bcfiles/linux_bcfiles/thermal_char_device.bc>:temp_sensor_init:%46
</harden/bcfiles/linux_bcfiles/thermal_char_device.bc>:temp_sensor_init:66	</harden/bcfiles/linux_bcfiles/thermal_char_device.bc>:temp_sensor_init:%54
</harden/bcfiles/linux_bcfiles/thermal_char_device.bc>:temp_sensor_init:74	</harden/bcfiles/linux_bcfiles/thermal_char_device.bc>:temp_sensor_init:%60
</harden/bcfiles/linux_bcfiles/thermal_char_device.bc>:temp_sensor_init:78	</harden/bcfiles/linux_bcfiles/thermal_char_device.bc>:temp_sensor_init:%63
</harden/bcfiles/linux_bcfiles/thermal_char_device.bc>:temp_sensor_init:87	</harden/bcfiles/linux_bcfiles/thermal_char_device.bc>:temp_sensor_init:%71
</harden/bcfiles/linux_bcfiles/thermal_char_device.bc>:temp_sensor_init:100	</harden/bcfiles/linux_bcfiles/thermal_char_device.bc>:temp_sensor_init:%79
</harden/bcfiles/linux_bcfiles/thermal_char_device.bc>:temp_sensor_init:110	</harden/bcfiles/linux_bcfiles/thermal_char_device.bc>:temp_sensor_init:%85
</harden/bcfiles/linux_bcfiles/thermal_char_device.bc>:temp_sensor_exit:7	</harden/bcfiles/linux_bcfiles/thermal_char_device.bc>:temp_sensor_exit:%7
</harden/bcfiles/linux_bcfiles/thermal_char_device.bc>:temp_sensor_exit:10	</harden/bcfiles/linux_bcfiles/thermal_char_device.bc>:temp_sensor_exit:%10
</harden/bcfiles/linux_bcfiles/thermal_char_device.bc>:temp_sensor_exit:12	</harden/bcfiles/linux_bcfiles/thermal_char_device.bc>:temp_sensor_exit:%11
</harden/bcfiles/linux_bcfiles/thermal_char_device.bc>:register_chrdev:9	</harden/bcfiles/linux_bcfiles/thermal_char_device.bc>:register_chrdev:%7
</harden/bcfiles/linux_bcfiles/thermal_char_device.bc>:register_chrdev:10	</harden/bcfiles/linux_bcfiles/thermal_char_device.bc>:register_chrdev:%8
</harden/bcfiles/linux_bcfiles/thermal_char_device.bc>:register_chrdev:11	</harden/bcfiles/linux_bcfiles/thermal_char_device.bc>:register_chrdev:%9
</harden/bcfiles/linux_bcfiles/thermal_char_device.bc>:unregister_chrdev:6	</harden/bcfiles/linux_bcfiles/thermal_char_device.bc>:unregister_chrdev:%5
</harden/bcfiles/linux_bcfiles/thermal_char_device.bc>:unregister_chrdev:7	</harden/bcfiles/linux_bcfiles/thermal_char_device.bc>:unregister_chrdev:%6
</harden/bcfiles/linux_bcfiles/thermal_char_device.bc>:ssleep:4	</harden/bcfiles/linux_bcfiles/thermal_char_device.bc>:ssleep:%4
</harden/bcfiles/linux_bcfiles/thermal_char_device.bc>:temp_read:40	</harden/bcfiles/linux_bcfiles/thermal_char_device.bc>:temp_read:%30
</harden/bcfiles/linux_bcfiles/thermal_char_device.bc>:temp_read:41	</harden/bcfiles/linux_bcfiles/thermal_char_device.bc>:temp_read:%31
</harden/bcfiles/linux_bcfiles/thermal_char_device.bc>:temp_read:75	</harden/bcfiles/linux_bcfiles/thermal_char_device.bc>:temp_read:%49
</harden/bcfiles/linux_bcfiles/thermal_char_device.bc>:temp_read:92	</harden/bcfiles/linux_bcfiles/thermal_char_device.bc>:temp_read:%65
</harden/bcfiles/linux_bcfiles/thermal_char_device.bc>:temp_read:95	</harden/bcfiles/linux_bcfiles/thermal_char_device.bc>:temp_read:%68
</harden/bcfiles/linux_bcfiles/thermal_char_device.bc>:temp_read:96	</harden/bcfiles/linux_bcfiles/thermal_char_device.bc>:temp_read:%69
</harden/bcfiles/linux_bcfiles/thermal_char_device.bc>:temp_read:123	</harden/bcfiles/linux_bcfiles/thermal_char_device.bc>:temp_read:%88
</harden/bcfiles/linux_bcfiles/thermal_char_device.bc>:temp_read:137	</harden/bcfiles/linux_bcfiles/thermal_char_device.bc>:temp_read:%99
</harden/bcfiles/linux_bcfiles/thermal_char_device.bc>:temp_read:138	</harden/bcfiles/linux_bcfiles/thermal_char_device.bc>:temp_read:%100
</harden/bcfiles/linux_bcfiles/thermal_char_device.bc>:temp_read:140	</harden/bcfiles/linux_bcfiles/thermal_char_device.bc>:temp_read:%102
</harden/bcfiles/linux_bcfiles/thermal_char_device.bc>:temp_read:146	</harden/bcfiles/linux_bcfiles/thermal_char_device.bc>:temp_read:%106
</harden/bcfiles/linux_bcfiles/thermal_char_device.bc>:temp_read:147	</harden/bcfiles/linux_bcfiles/thermal_char_device.bc>:temp_read:%107
</harden/bcfiles/linux_bcfiles/thermal_char_device.bc>:temp_read:148	</harden/bcfiles/linux_bcfiles/thermal_char_device.bc>:temp_read:%108
</harden/bcfiles/linux_bcfiles/thermal_char_device.bc>:copy_overflow:6	</harden/bcfiles/linux_bcfiles/thermal_char_device.bc>:copy_overflow:%5
</harden/bcfiles/linux_bcfiles/thermal_char_device.bc>:copy_overflow:7	</harden/bcfiles/linux_bcfiles/thermal_char_device.bc>:copy_overflow:%6
</harden/bcfiles/linux_bcfiles/thermal_char_device.bc>:temp_sensor_init:111	</harden/bcfiles/linux_bcfiles/thermal_char_device.bc>:temp_sensor_init:%86
</harden/bcfiles/linux_bcfiles/thermal_char_device.bc>:temp_sensor_init:108	</harden/bcfiles/linux_bcfiles/thermal_char_device.bc>:temp_sensor_init:%83
</harden/bcfiles/linux_bcfiles/thermal_char_device.bc>:temp_sensor_init:107	</harden/bcfiles/linux_bcfiles/thermal_char_device.bc>:temp_sensor_init:%82
</harden/bcfiles/linux_bcfiles/thermal_char_device.bc>:temp_sensor_init:96	</harden/bcfiles/linux_bcfiles/thermal_char_device.bc>:temp_sensor_init:%77
</harden/bcfiles/linux_bcfiles/thermal_char_device.bc>:temp_sensor_init:89	</harden/bcfiles/linux_bcfiles/thermal_char_device.bc>:temp_sensor_init:%73
</harden/bcfiles/linux_bcfiles/thermal_char_device.bc>:temp_sensor_init:86	</harden/bcfiles/linux_bcfiles/thermal_char_device.bc>:temp_sensor_init:%70
</harden/bcfiles/linux_bcfiles/thermal_char_device.bc>:temp_sensor_init:83	</harden/bcfiles/linux_bcfiles/thermal_char_device.bc>:temp_sensor_init:%68
</harden/bcfiles/linux_bcfiles/thermal_char_device.bc>:temp_sensor_init:75	</harden/bcfiles/linux_bcfiles/thermal_char_device.bc>:temp_sensor_init:%61
</harden/bcfiles/linux_bcfiles/thermal_char_device.bc>:temp_sensor_init:72	</harden/bcfiles/linux_bcfiles/thermal_char_device.bc>:temp_sensor_init:%59
</harden/bcfiles/linux_bcfiles/thermal_char_device.bc>:temp_sensor_init:65	</harden/bcfiles/linux_bcfiles/thermal_char_device.bc>:temp_sensor_init:%53
</harden/bcfiles/linux_bcfiles/thermal_char_device.bc>:temp_sensor_init:64	</harden/bcfiles/linux_bcfiles/thermal_char_device.bc>:temp_sensor_init:%52
</harden/bcfiles/linux_bcfiles/thermal_char_device.bc>:temp_sensor_init:67	</harden/bcfiles/linux_bcfiles/thermal_char_device.bc>:temp_sensor_init:%55
</harden/bcfiles/linux_bcfiles/thermal_char_device.bc>:temp_sensor_init:58	</harden/bcfiles/linux_bcfiles/thermal_char_device.bc>:temp_sensor_init:%47
</harden/bcfiles/linux_bcfiles/thermal_char_device.bc>:temp_sensor_init:52	</harden/bcfiles/linux_bcfiles/thermal_char_device.bc>:temp_sensor_init:%42
</harden/bcfiles/linux_bcfiles/thermal_char_device.bc>:temp_sensor_init:46	</harden/bcfiles/linux_bcfiles/thermal_char_device.bc>:temp_sensor_init:%37
</harden/bcfiles/linux_bcfiles/thermal_char_device.bc>:temp_sensor_init:79	</harden/bcfiles/linux_bcfiles/thermal_char_device.bc>:temp_sensor_init:%64
</harden/bcfiles/linux_bcfiles/thermal_char_device.bc>:temp_sensor_init:39	</harden/bcfiles/linux_bcfiles/thermal_char_device.bc>:temp_sensor_init:%32
</harden/bcfiles/linux_bcfiles/thermal_char_device.bc>:temp_sensor_init:56	</harden/bcfiles/linux_bcfiles/thermal_char_device.bc>:temp_sensor_init:%45
</harden/bcfiles/linux_bcfiles/thermal_char_device.bc>:temp_sensor_init:36	</harden/bcfiles/linux_bcfiles/thermal_char_device.bc>:temp_sensor_init:%29
</harden/bcfiles/linux_bcfiles/thermal_char_device.bc>:temp_sensor_init:30	</harden/bcfiles/linux_bcfiles/thermal_char_device.bc>:temp_sensor_init:%24
</harden/bcfiles/linux_bcfiles/thermal_char_device.bc>:temp_sensor_init:28	</harden/bcfiles/linux_bcfiles/thermal_char_device.bc>:temp_sensor_init:%22
</harden/bcfiles/linux_bcfiles/thermal_char_device.bc>:temp_sensor_init:85	</harden/bcfiles/linux_bcfiles/thermal_char_device.bc>:temp_sensor_init:%69
</harden/bcfiles/linux_bcfiles/thermal_char_device.bc>:temp_sensor_init:26	</harden/bcfiles/linux_bcfiles/thermal_char_device.bc>:temp_sensor_init:%21
</harden/bcfiles/linux_bcfiles/thermal_char_device.bc>:temp_sensor_init:24	</harden/bcfiles/linux_bcfiles/thermal_char_device.bc>:temp_sensor_init:%20
</harden/bcfiles/linux_bcfiles/thermal_char_device.bc>:temp_sensor_init:50	</harden/bcfiles/linux_bcfiles/thermal_char_device.bc>:temp_sensor_init:%41
</harden/bcfiles/linux_bcfiles/thermal_char_device.bc>:temp_sensor_init:116	</harden/bcfiles/linux_bcfiles/thermal_char_device.bc>:temp_sensor_init:%90
</harden/bcfiles/linux_bcfiles/thermal_char_device.bc>:temp_sensor_init:19	</harden/bcfiles/linux_bcfiles/thermal_char_device.bc>:temp_sensor_init:%15
</harden/bcfiles/linux_bcfiles/thermal_char_device.bc>:temp_sensor_init:54	</harden/bcfiles/linux_bcfiles/thermal_char_device.bc>:temp_sensor_init:%44
</harden/bcfiles/linux_bcfiles/thermal_char_device.bc>:temp_sensor_init:88	</harden/bcfiles/linux_bcfiles/thermal_char_device.bc>:temp_sensor_init:%72
</harden/bcfiles/linux_bcfiles/thermal_char_device.bc>:temp_sensor_init:68	</harden/bcfiles/linux_bcfiles/thermal_char_device.bc>:temp_sensor_init:%56
</harden/bcfiles/linux_bcfiles/thermal_char_device.bc>:temp_sensor_init:17	</harden/bcfiles/linux_bcfiles/thermal_char_device.bc>:temp_sensor_init:%13
</harden/bcfiles/linux_bcfiles/thermal_char_device.bc>:temp_sensor_init:45	</harden/bcfiles/linux_bcfiles/thermal_char_device.bc>:temp_sensor_init:%36
</harden/bcfiles/linux_bcfiles/thermal_char_device.bc>:temp_sensor_init:40	</harden/bcfiles/linux_bcfiles/thermal_char_device.bc>:temp_sensor_init:%33
</harden/bcfiles/linux_bcfiles/thermal_char_device.bc>:temp_sensor_init:43	</harden/bcfiles/linux_bcfiles/thermal_char_device.bc>:temp_sensor_init:%35
</harden/bcfiles/linux_bcfiles/thermal_char_device.bc>:temp_sensor_init:9	</harden/bcfiles/linux_bcfiles/thermal_char_device.bc>:temp_sensor_init:%10
</harden/bcfiles/linux_bcfiles/thermal_char_device.bc>:temp_sensor_init:8	</harden/bcfiles/linux_bcfiles/thermal_char_device.bc>:temp_sensor_init:%9
</harden/bcfiles/linux_bcfiles/thermal_char_device.bc>:temp_sensor_init:37	</harden/bcfiles/linux_bcfiles/thermal_char_device.bc>:temp_sensor_init:%30
</harden/bcfiles/linux_bcfiles/thermal_char_device.bc>:temp_sensor_init:71	</harden/bcfiles/linux_bcfiles/thermal_char_device.bc>:temp_sensor_init:%58
</harden/bcfiles/linux_bcfiles/thermal_char_device.bc>:temp_sensor_init:7	</harden/bcfiles/linux_bcfiles/thermal_char_device.bc>:temp_sensor_init:%8
</harden/bcfiles/linux_bcfiles/thermal_char_device.bc>:temp_sensor_init:12	</harden/bcfiles/linux_bcfiles/thermal_char_device.bc>:temp_sensor_init:%11
</harden/bcfiles/linux_bcfiles/thermal_char_device.bc>:temp_sensor_init:6	</harden/bcfiles/linux_bcfiles/thermal_char_device.bc>:temp_sensor_init:%7
</harden/bcfiles/linux_bcfiles/thermal_char_device.bc>:temp_sensor_init:62	</harden/bcfiles/linux_bcfiles/thermal_char_device.bc>:temp_sensor_init:%51
</harden/bcfiles/linux_bcfiles/thermal_char_device.bc>:temp_sensor_init:34	</harden/bcfiles/linux_bcfiles/thermal_char_device.bc>:temp_sensor_init:%28
</harden/bcfiles/linux_bcfiles/thermal_char_device.bc>:temp_sensor_init:15	</harden/bcfiles/linux_bcfiles/thermal_char_device.bc>:temp_sensor_init:%12
</harden/bcfiles/linux_bcfiles/thermal_char_device.bc>:temp_sensor_init:4	</harden/bcfiles/linux_bcfiles/thermal_char_device.bc>:temp_sensor_init:%5
</harden/bcfiles/linux_bcfiles/thermal_char_device.bc>:temp_sensor_init:77	</harden/bcfiles/linux_bcfiles/thermal_char_device.bc>:temp_sensor_init:%62
</harden/bcfiles/linux_bcfiles/thermal_char_device.bc>:temp_sensor_init:3	</harden/bcfiles/linux_bcfiles/thermal_char_device.bc>:temp_sensor_init:%4
</harden/bcfiles/linux_bcfiles/thermal_char_device.bc>:temp_sensor_init:2	</harden/bcfiles/linux_bcfiles/thermal_char_device.bc>:temp_sensor_init:%3
</harden/bcfiles/linux_bcfiles/thermal_char_device.bc>:temp_sensor_init:5	</harden/bcfiles/linux_bcfiles/thermal_char_device.bc>:temp_sensor_init:%6
</harden/bcfiles/linux_bcfiles/thermal_char_device.bc>:temp_sensor_init:113	</harden/bcfiles/linux_bcfiles/thermal_char_device.bc>:temp_sensor_init:%88
</harden/bcfiles/linux_bcfiles/thermal_char_device.bc>:temp_sensor_init:1	</harden/bcfiles/linux_bcfiles/thermal_char_device.bc>:temp_sensor_init:%2
</harden/bcfiles/linux_bcfiles/thermal_char_device.bc>:temp_sensor_init:22	</harden/bcfiles/linux_bcfiles/thermal_char_device.bc>:temp_sensor_init:%18
</harden/bcfiles/linux_bcfiles/thermal_char_device.bc>:temp_sensor_init:0	</harden/bcfiles/linux_bcfiles/thermal_char_device.bc>:temp_sensor_init:%1
</harden/bcfiles/linux_bcfiles/thermal_char_device.bc>:temp_sensor_exit:17	</harden/bcfiles/linux_bcfiles/thermal_char_device.bc>:temp_sensor_exit:%12
</harden/bcfiles/linux_bcfiles/thermal_char_device.bc>:temp_sensor_exit:8	</harden/bcfiles/linux_bcfiles/thermal_char_device.bc>:temp_sensor_exit:%8
</harden/bcfiles/linux_bcfiles/thermal_char_device.bc>:temp_sensor_exit:5	</harden/bcfiles/linux_bcfiles/thermal_char_device.bc>:temp_sensor_exit:%5
</harden/bcfiles/linux_bcfiles/thermal_char_device.bc>:temp_sensor_exit:4	</harden/bcfiles/linux_bcfiles/thermal_char_device.bc>:temp_sensor_exit:%4
</harden/bcfiles/linux_bcfiles/thermal_char_device.bc>:temp_sensor_exit:3	</harden/bcfiles/linux_bcfiles/thermal_char_device.bc>:temp_sensor_exit:%3
</harden/bcfiles/linux_bcfiles/thermal_char_device.bc>:temp_sensor_exit:1	</harden/bcfiles/linux_bcfiles/thermal_char_device.bc>:temp_sensor_exit:%2
</harden/bcfiles/linux_bcfiles/thermal_char_device.bc>:temp_sensor_exit:0	</harden/bcfiles/linux_bcfiles/thermal_char_device.bc>:temp_sensor_exit:%1
</harden/bcfiles/linux_bcfiles/thermal_char_device.bc>:temp_sensor_thread:24	</harden/bcfiles/linux_bcfiles/thermal_char_device.bc>:temp_sensor_thread:%16
</harden/bcfiles/linux_bcfiles/thermal_char_device.bc>:temp_sensor_thread:18	</harden/bcfiles/linux_bcfiles/thermal_char_device.bc>:temp_sensor_thread:%14
</harden/bcfiles/linux_bcfiles/thermal_char_device.bc>:temp_sensor_thread:15	</harden/bcfiles/linux_bcfiles/thermal_char_device.bc>:temp_sensor_thread:%13
</harden/bcfiles/linux_bcfiles/thermal_char_device.bc>:temp_sensor_thread:14	</harden/bcfiles/linux_bcfiles/thermal_char_device.bc>:temp_sensor_thread:%12
</harden/bcfiles/linux_bcfiles/thermal_char_device.bc>:temp_sensor_thread:10	</harden/bcfiles/linux_bcfiles/thermal_char_device.bc>:temp_sensor_thread:%9
</harden/bcfiles/linux_bcfiles/thermal_char_device.bc>:temp_sensor_thread:9	</harden/bcfiles/linux_bcfiles/thermal_char_device.bc>:temp_sensor_thread:%8
</harden/bcfiles/linux_bcfiles/thermal_char_device.bc>:temp_sensor_thread:7	</harden/bcfiles/linux_bcfiles/thermal_char_device.bc>:temp_sensor_thread:%6
</harden/bcfiles/linux_bcfiles/thermal_char_device.bc>:temp_sensor_thread:3	</harden/bcfiles/linux_bcfiles/thermal_char_device.bc>:temp_sensor_thread:%5
</harden/bcfiles/linux_bcfiles/thermal_char_device.bc>:temp_sensor_thread:13	</harden/bcfiles/linux_bcfiles/thermal_char_device.bc>:temp_sensor_thread:%11
</harden/bcfiles/linux_bcfiles/thermal_char_device.bc>:temp_sensor_thread:2	</harden/bcfiles/linux_bcfiles/thermal_char_device.bc>:temp_sensor_thread:%4
</harden/bcfiles/linux_bcfiles/thermal_char_device.bc>:temp_sensor_thread:1	</harden/bcfiles/linux_bcfiles/thermal_char_device.bc>:temp_sensor_thread:%3
</harden/bcfiles/linux_bcfiles/thermal_char_device.bc>:temp_sensor_thread:0	</harden/bcfiles/linux_bcfiles/thermal_char_device.bc>:temp_sensor_thread:%2
</harden/bcfiles/linux_bcfiles/thermal_char_device.bc>:IS_ERR:12	</harden/bcfiles/linux_bcfiles/thermal_char_device.bc>:IS_ERR:%12
</harden/bcfiles/linux_bcfiles/thermal_char_device.bc>:IS_ERR:11	</harden/bcfiles/linux_bcfiles/thermal_char_device.bc>:IS_ERR:%11
</harden/bcfiles/linux_bcfiles/thermal_char_device.bc>:IS_ERR:10	</harden/bcfiles/linux_bcfiles/thermal_char_device.bc>:IS_ERR:%10
</harden/bcfiles/linux_bcfiles/thermal_char_device.bc>:IS_ERR:9	</harden/bcfiles/linux_bcfiles/thermal_char_device.bc>:IS_ERR:%9
</harden/bcfiles/linux_bcfiles/thermal_char_device.bc>:IS_ERR:8	</harden/bcfiles/linux_bcfiles/thermal_char_device.bc>:IS_ERR:%8
</harden/bcfiles/linux_bcfiles/thermal_char_device.bc>:IS_ERR:7	</harden/bcfiles/linux_bcfiles/thermal_char_device.bc>:IS_ERR:%7
</harden/bcfiles/linux_bcfiles/thermal_char_device.bc>:IS_ERR:6	</harden/bcfiles/linux_bcfiles/thermal_char_device.bc>:IS_ERR:%6
</harden/bcfiles/linux_bcfiles/thermal_char_device.bc>:IS_ERR:5	</harden/bcfiles/linux_bcfiles/thermal_char_device.bc>:IS_ERR:%5
</harden/bcfiles/linux_bcfiles/thermal_char_device.bc>:IS_ERR:4	</harden/bcfiles/linux_bcfiles/thermal_char_device.bc>:IS_ERR:%4
</harden/bcfiles/linux_bcfiles/thermal_char_device.bc>:IS_ERR:3	</harden/bcfiles/linux_bcfiles/thermal_char_device.bc>:IS_ERR:%3
</harden/bcfiles/linux_bcfiles/thermal_char_device.bc>:IS_ERR:0	</harden/bcfiles/linux_bcfiles/thermal_char_device.bc>:IS_ERR:%2
</harden/bcfiles/linux_bcfiles/thermal_char_device.bc>:PTR_ERR:4	</harden/bcfiles/linux_bcfiles/thermal_char_device.bc>:PTR_ERR:%4
</harden/bcfiles/linux_bcfiles/thermal_char_device.bc>:PTR_ERR:3	</harden/bcfiles/linux_bcfiles/thermal_char_device.bc>:PTR_ERR:%3
</harden/bcfiles/linux_bcfiles/thermal_char_device.bc>:PTR_ERR:0	</harden/bcfiles/linux_bcfiles/thermal_char_device.bc>:PTR_ERR:%2
</harden/bcfiles/linux_bcfiles/thermal_char_device.bc>:register_chrdev:12	</harden/bcfiles/linux_bcfiles/thermal_char_device.bc>:register_chrdev:%10
</harden/bcfiles/linux_bcfiles/thermal_char_device.bc>:register_chrdev:2	</harden/bcfiles/linux_bcfiles/thermal_char_device.bc>:register_chrdev:%6
</harden/bcfiles/linux_bcfiles/thermal_char_device.bc>:register_chrdev:1	</harden/bcfiles/linux_bcfiles/thermal_char_device.bc>:register_chrdev:%5
</harden/bcfiles/linux_bcfiles/thermal_char_device.bc>:register_chrdev:0	</harden/bcfiles/linux_bcfiles/thermal_char_device.bc>:register_chrdev:%4
</harden/bcfiles/linux_bcfiles/thermal_char_device.bc>:thermal_devnode:9	</harden/bcfiles/linux_bcfiles/thermal_char_device.bc>:thermal_devnode:%8
</harden/bcfiles/linux_bcfiles/thermal_char_device.bc>:thermal_devnode:7	</harden/bcfiles/linux_bcfiles/thermal_char_device.bc>:thermal_devnode:%6
</harden/bcfiles/linux_bcfiles/thermal_char_device.bc>:thermal_devnode:6	</harden/bcfiles/linux_bcfiles/thermal_char_device.bc>:thermal_devnode:%5
</harden/bcfiles/linux_bcfiles/thermal_char_device.bc>:thermal_devnode:1	</harden/bcfiles/linux_bcfiles/thermal_char_device.bc>:thermal_devnode:%4
</harden/bcfiles/linux_bcfiles/thermal_char_device.bc>:thermal_devnode:0	</harden/bcfiles/linux_bcfiles/thermal_char_device.bc>:thermal_devnode:%3
</harden/bcfiles/linux_bcfiles/thermal_char_device.bc>:unregister_chrdev:1	</harden/bcfiles/linux_bcfiles/thermal_char_device.bc>:unregister_chrdev:%4
</harden/bcfiles/linux_bcfiles/thermal_char_device.bc>:unregister_chrdev:0	</harden/bcfiles/linux_bcfiles/thermal_char_device.bc>:unregister_chrdev:%3
</harden/bcfiles/linux_bcfiles/thermal_char_device.bc>:ssleep:3	</harden/bcfiles/linux_bcfiles/thermal_char_device.bc>:ssleep:%3
</harden/bcfiles/linux_bcfiles/thermal_char_device.bc>:ssleep:0	</harden/bcfiles/linux_bcfiles/thermal_char_device.bc>:ssleep:%2
</harden/bcfiles/linux_bcfiles/thermal_char_device.bc>:temp_read:162	</harden/bcfiles/linux_bcfiles/thermal_char_device.bc>:temp_read:%119
</harden/bcfiles/linux_bcfiles/thermal_char_device.bc>:temp_read:159	</harden/bcfiles/linux_bcfiles/thermal_char_device.bc>:temp_read:%117
</harden/bcfiles/linux_bcfiles/thermal_char_device.bc>:temp_read:158	</harden/bcfiles/linux_bcfiles/thermal_char_device.bc>:temp_read:%116
</harden/bcfiles/linux_bcfiles/thermal_char_device.bc>:temp_read:153	</harden/bcfiles/linux_bcfiles/thermal_char_device.bc>:temp_read:%112
</harden/bcfiles/linux_bcfiles/thermal_char_device.bc>:temp_read:152	</harden/bcfiles/linux_bcfiles/thermal_char_device.bc>:temp_read:%111
</harden/bcfiles/linux_bcfiles/thermal_char_device.bc>:temp_read:144	</harden/bcfiles/linux_bcfiles/thermal_char_device.bc>:temp_read:%104
</harden/bcfiles/linux_bcfiles/thermal_char_device.bc>:temp_read:165	</harden/bcfiles/linux_bcfiles/thermal_char_device.bc>:temp_read:%121
</harden/bcfiles/linux_bcfiles/thermal_char_device.bc>:temp_read:133	</harden/bcfiles/linux_bcfiles/thermal_char_device.bc>:temp_read:%96
</harden/bcfiles/linux_bcfiles/thermal_char_device.bc>:temp_read:132	</harden/bcfiles/linux_bcfiles/thermal_char_device.bc>:temp_read:%95
</harden/bcfiles/linux_bcfiles/thermal_char_device.bc>:temp_read:130	</harden/bcfiles/linux_bcfiles/thermal_char_device.bc>:temp_read:%94
</harden/bcfiles/linux_bcfiles/thermal_char_device.bc>:temp_read:129	</harden/bcfiles/linux_bcfiles/thermal_char_device.bc>:temp_read:%93
</harden/bcfiles/linux_bcfiles/thermal_char_device.bc>:temp_read:127	</harden/bcfiles/linux_bcfiles/thermal_char_device.bc>:temp_read:%91
</harden/bcfiles/linux_bcfiles/thermal_char_device.bc>:temp_read:113	</harden/bcfiles/linux_bcfiles/thermal_char_device.bc>:temp_read:%81
</harden/bcfiles/linux_bcfiles/thermal_char_device.bc>:temp_read:99	</harden/bcfiles/linux_bcfiles/thermal_char_device.bc>:temp_read:%71
</harden/bcfiles/linux_bcfiles/thermal_char_device.bc>:temp_read:93	</harden/bcfiles/linux_bcfiles/thermal_char_device.bc>:temp_read:%66
</harden/bcfiles/linux_bcfiles/thermal_char_device.bc>:temp_read:89	</harden/bcfiles/linux_bcfiles/thermal_char_device.bc>:temp_read:%62
</harden/bcfiles/linux_bcfiles/thermal_char_device.bc>:temp_read:87	</harden/bcfiles/linux_bcfiles/thermal_char_device.bc>:temp_read:%60
</harden/bcfiles/linux_bcfiles/thermal_char_device.bc>:temp_read:85	</harden/bcfiles/linux_bcfiles/thermal_char_device.bc>:temp_read:%58
</harden/bcfiles/linux_bcfiles/thermal_char_device.bc>:temp_read:84	</harden/bcfiles/linux_bcfiles/thermal_char_device.bc>:temp_read:%57
</harden/bcfiles/linux_bcfiles/thermal_char_device.bc>:temp_read:115	</harden/bcfiles/linux_bcfiles/thermal_char_device.bc>:temp_read:%82
</harden/bcfiles/linux_bcfiles/thermal_char_device.bc>:temp_read:83	</harden/bcfiles/linux_bcfiles/thermal_char_device.bc>:temp_read:%56
</harden/bcfiles/linux_bcfiles/thermal_char_device.bc>:temp_read:82	</harden/bcfiles/linux_bcfiles/thermal_char_device.bc>:temp_read:%55
</harden/bcfiles/linux_bcfiles/thermal_char_device.bc>:temp_read:118	</harden/bcfiles/linux_bcfiles/thermal_char_device.bc>:temp_read:%85
</harden/bcfiles/linux_bcfiles/thermal_char_device.bc>:temp_read:79	</harden/bcfiles/linux_bcfiles/thermal_char_device.bc>:temp_read:%52
</harden/bcfiles/linux_bcfiles/thermal_char_device.bc>:temp_read:100	</harden/bcfiles/linux_bcfiles/thermal_char_device.bc>:temp_read:%72
</harden/bcfiles/linux_bcfiles/thermal_char_device.bc>:temp_read:66	</harden/bcfiles/linux_bcfiles/thermal_char_device.bc>:temp_read:%47
</harden/bcfiles/linux_bcfiles/thermal_char_device.bc>:temp_read:76	</harden/bcfiles/linux_bcfiles/thermal_char_device.bc>:temp_read:%50
</harden/bcfiles/linux_bcfiles/thermal_char_device.bc>:temp_read:67	</harden/bcfiles/linux_bcfiles/thermal_char_device.bc>:temp_read:%48
</harden/bcfiles/linux_bcfiles/thermal_char_device.bc>:temp_read:59	</harden/bcfiles/linux_bcfiles/thermal_char_device.bc>:temp_read:%46
</harden/bcfiles/linux_bcfiles/thermal_char_device.bc>:temp_read:58	</harden/bcfiles/linux_bcfiles/thermal_char_device.bc>:temp_read:%45
</harden/bcfiles/linux_bcfiles/thermal_char_device.bc>:temp_read:57	</harden/bcfiles/linux_bcfiles/thermal_char_device.bc>:temp_read:%44
</harden/bcfiles/linux_bcfiles/thermal_char_device.bc>:temp_read:149	</harden/bcfiles/linux_bcfiles/thermal_char_device.bc>:temp_read:%109
</harden/bcfiles/linux_bcfiles/thermal_char_device.bc>:temp_read:53	</harden/bcfiles/linux_bcfiles/thermal_char_device.bc>:temp_read:%41
</harden/bcfiles/linux_bcfiles/thermal_char_device.bc>:temp_read:51	</harden/bcfiles/linux_bcfiles/thermal_char_device.bc>:temp_read:%39
</harden/bcfiles/linux_bcfiles/thermal_char_device.bc>:temp_read:48	</harden/bcfiles/linux_bcfiles/thermal_char_device.bc>:temp_read:%37
</harden/bcfiles/linux_bcfiles/thermal_char_device.bc>:temp_read:111	</harden/bcfiles/linux_bcfiles/thermal_char_device.bc>:temp_read:%79
</harden/bcfiles/linux_bcfiles/thermal_char_device.bc>:temp_read:37	</harden/bcfiles/linux_bcfiles/thermal_char_device.bc>:temp_read:%29
</harden/bcfiles/linux_bcfiles/thermal_char_device.bc>:temp_read:46	</harden/bcfiles/linux_bcfiles/thermal_char_device.bc>:temp_read:%35
</harden/bcfiles/linux_bcfiles/thermal_char_device.bc>:temp_read:31	</harden/bcfiles/linux_bcfiles/thermal_char_device.bc>:temp_read:%25
</harden/bcfiles/linux_bcfiles/thermal_char_device.bc>:temp_read:30	</harden/bcfiles/linux_bcfiles/thermal_char_device.bc>:temp_read:%24
</harden/bcfiles/linux_bcfiles/thermal_char_device.bc>:temp_read:80	</harden/bcfiles/linux_bcfiles/thermal_char_device.bc>:temp_read:%53
</harden/bcfiles/linux_bcfiles/thermal_char_device.bc>:temp_read:88	</harden/bcfiles/linux_bcfiles/thermal_char_device.bc>:temp_read:%61
</harden/bcfiles/linux_bcfiles/thermal_char_device.bc>:temp_read:52	</harden/bcfiles/linux_bcfiles/thermal_char_device.bc>:temp_read:%40
</harden/bcfiles/linux_bcfiles/thermal_char_device.bc>:temp_read:128	</harden/bcfiles/linux_bcfiles/thermal_char_device.bc>:temp_read:%92
</harden/bcfiles/linux_bcfiles/thermal_char_device.bc>:temp_read:18	</harden/bcfiles/linux_bcfiles/thermal_char_device.bc>:temp_read:%23
</harden/bcfiles/linux_bcfiles/thermal_char_device.bc>:temp_read:16	</harden/bcfiles/linux_bcfiles/thermal_char_device.bc>:temp_read:%21
</harden/bcfiles/linux_bcfiles/thermal_char_device.bc>:temp_read:157	</harden/bcfiles/linux_bcfiles/thermal_char_device.bc>:temp_read:%115
</harden/bcfiles/linux_bcfiles/thermal_char_device.bc>:temp_read:112	</harden/bcfiles/linux_bcfiles/thermal_char_device.bc>:temp_read:%80
</harden/bcfiles/linux_bcfiles/thermal_char_device.bc>:temp_read:32	</harden/bcfiles/linux_bcfiles/thermal_char_device.bc>:temp_read:%26
</harden/bcfiles/linux_bcfiles/thermal_char_device.bc>:temp_read:90	</harden/bcfiles/linux_bcfiles/thermal_char_device.bc>:temp_read:%63
</harden/bcfiles/linux_bcfiles/thermal_char_device.bc>:temp_read:14	</harden/bcfiles/linux_bcfiles/thermal_char_device.bc>:temp_read:%19
</harden/bcfiles/linux_bcfiles/thermal_char_device.bc>:temp_read:13	</harden/bcfiles/linux_bcfiles/thermal_char_device.bc>:temp_read:%18
</harden/bcfiles/linux_bcfiles/thermal_char_device.bc>:temp_read:43	</harden/bcfiles/linux_bcfiles/thermal_char_device.bc>:temp_read:%33
</harden/bcfiles/linux_bcfiles/thermal_char_device.bc>:temp_read:45	</harden/bcfiles/linux_bcfiles/thermal_char_device.bc>:temp_read:%34
</harden/bcfiles/linux_bcfiles/thermal_char_device.bc>:temp_read:12	</harden/bcfiles/linux_bcfiles/thermal_char_device.bc>:temp_read:%17
</harden/bcfiles/linux_bcfiles/thermal_char_device.bc>:temp_read:11	</harden/bcfiles/linux_bcfiles/thermal_char_device.bc>:temp_read:%16
</harden/bcfiles/linux_bcfiles/thermal_char_device.bc>:temp_read:126	</harden/bcfiles/linux_bcfiles/thermal_char_device.bc>:temp_read:%90
</harden/bcfiles/linux_bcfiles/thermal_char_device.bc>:temp_read:160	</harden/bcfiles/linux_bcfiles/thermal_char_device.bc>:temp_read:%118
</harden/bcfiles/linux_bcfiles/thermal_char_device.bc>:temp_read:17	</harden/bcfiles/linux_bcfiles/thermal_char_device.bc>:temp_read:%22
</harden/bcfiles/linux_bcfiles/thermal_char_device.bc>:temp_read:10	</harden/bcfiles/linux_bcfiles/thermal_char_device.bc>:temp_read:%15
</harden/bcfiles/linux_bcfiles/thermal_char_device.bc>:temp_read:9	</harden/bcfiles/linux_bcfiles/thermal_char_device.bc>:temp_read:%14
</harden/bcfiles/linux_bcfiles/thermal_char_device.bc>:temp_read:77	</harden/bcfiles/linux_bcfiles/thermal_char_device.bc>:temp_read:%51
</harden/bcfiles/linux_bcfiles/thermal_char_device.bc>:temp_read:8	</harden/bcfiles/linux_bcfiles/thermal_char_device.bc>:temp_read:%13
</harden/bcfiles/linux_bcfiles/thermal_char_device.bc>:temp_read:7	</harden/bcfiles/linux_bcfiles/thermal_char_device.bc>:temp_read:%12
</harden/bcfiles/linux_bcfiles/thermal_char_device.bc>:temp_read:116	</harden/bcfiles/linux_bcfiles/thermal_char_device.bc>:temp_read:%83
</harden/bcfiles/linux_bcfiles/thermal_char_device.bc>:temp_read:42	</harden/bcfiles/linux_bcfiles/thermal_char_device.bc>:temp_read:%32
</harden/bcfiles/linux_bcfiles/thermal_char_device.bc>:temp_read:6	</harden/bcfiles/linux_bcfiles/thermal_char_device.bc>:temp_read:%11
</harden/bcfiles/linux_bcfiles/thermal_char_device.bc>:temp_read:5	</harden/bcfiles/linux_bcfiles/thermal_char_device.bc>:temp_read:%10
</harden/bcfiles/linux_bcfiles/thermal_char_device.bc>:temp_read:119	</harden/bcfiles/linux_bcfiles/thermal_char_device.bc>:temp_read:%86
</harden/bcfiles/linux_bcfiles/thermal_char_device.bc>:temp_read:4	</harden/bcfiles/linux_bcfiles/thermal_char_device.bc>:temp_read:%9
</harden/bcfiles/linux_bcfiles/thermal_char_device.bc>:temp_read:3	</harden/bcfiles/linux_bcfiles/thermal_char_device.bc>:temp_read:%8
</harden/bcfiles/linux_bcfiles/thermal_char_device.bc>:temp_read:15	</harden/bcfiles/linux_bcfiles/thermal_char_device.bc>:temp_read:%20
</harden/bcfiles/linux_bcfiles/thermal_char_device.bc>:temp_read:117	</harden/bcfiles/linux_bcfiles/thermal_char_device.bc>:temp_read:%84
</harden/bcfiles/linux_bcfiles/thermal_char_device.bc>:temp_read:2	</harden/bcfiles/linux_bcfiles/thermal_char_device.bc>:temp_read:%7
</harden/bcfiles/linux_bcfiles/thermal_char_device.bc>:temp_read:1	</harden/bcfiles/linux_bcfiles/thermal_char_device.bc>:temp_read:%6
</harden/bcfiles/linux_bcfiles/thermal_char_device.bc>:temp_read:110	</harden/bcfiles/linux_bcfiles/thermal_char_device.bc>:temp_read:%78
</harden/bcfiles/linux_bcfiles/thermal_char_device.bc>:temp_read:0	</harden/bcfiles/linux_bcfiles/thermal_char_device.bc>:temp_read:%5
</harden/bcfiles/linux_bcfiles/thermal_char_device.bc>:temp_read:139	</harden/bcfiles/linux_bcfiles/thermal_char_device.bc>:temp_read:%101
</harden/bcfiles/linux_bcfiles/thermal_char_device.bc>:temp_open:8	</harden/bcfiles/linux_bcfiles/thermal_char_device.bc>:temp_open:%6
</harden/bcfiles/linux_bcfiles/thermal_char_device.bc>:temp_open:2	</harden/bcfiles/linux_bcfiles/thermal_char_device.bc>:temp_open:%5
</harden/bcfiles/linux_bcfiles/thermal_char_device.bc>:temp_open:0	</harden/bcfiles/linux_bcfiles/thermal_char_device.bc>:temp_open:%3
</harden/bcfiles/linux_bcfiles/thermal_char_device.bc>:temp_open:1	</harden/bcfiles/linux_bcfiles/thermal_char_device.bc>:temp_open:%4
</harden/bcfiles/linux_bcfiles/thermal_char_device.bc>:temp_release:8	</harden/bcfiles/linux_bcfiles/thermal_char_device.bc>:temp_release:%6
</harden/bcfiles/linux_bcfiles/thermal_char_device.bc>:temp_release:2	</harden/bcfiles/linux_bcfiles/thermal_char_device.bc>:temp_release:%5
</harden/bcfiles/linux_bcfiles/thermal_char_device.bc>:temp_release:1	</harden/bcfiles/linux_bcfiles/thermal_char_device.bc>:temp_release:%4
</harden/bcfiles/linux_bcfiles/thermal_char_device.bc>:temp_release:0	</harden/bcfiles/linux_bcfiles/thermal_char_device.bc>:temp_release:%3
</harden/bcfiles/linux_bcfiles/thermal_char_device.bc>:copy_overflow:1	</harden/bcfiles/linux_bcfiles/thermal_char_device.bc>:copy_overflow:%4
</harden/bcfiles/linux_bcfiles/thermal_char_device.bc>:copy_overflow:0	</harden/bcfiles/linux_bcfiles/thermal_char_device.bc>:copy_overflow:%3
</harden/bcfiles/linux_bcfiles/thermal_char_device.bc>:check_object_size:7	</harden/bcfiles/linux_bcfiles/thermal_char_device.bc>:check_object_size:%7
</harden/bcfiles/linux_bcfiles/thermal_char_device.bc>:check_object_size:2	</harden/bcfiles/linux_bcfiles/thermal_char_device.bc>:check_object_size:%6
</harden/bcfiles/linux_bcfiles/thermal_char_device.bc>:check_object_size:1	</harden/bcfiles/linux_bcfiles/thermal_char_device.bc>:check_object_size:%5
</harden/bcfiles/linux_bcfiles/thermal_char_device.bc>:check_object_size:0	</harden/bcfiles/linux_bcfiles/thermal_char_device.bc>:check_object_size:%4
</harden/bcfiles/linux_bcfiles/thermal_char_device.bc>:mutex_destroy:0	</harden/bcfiles/linux_bcfiles/thermal_char_device.bc>:mutex_destroy:%2
