</harden/bcfiles/linux_bcfiles/thermal_char_device.bc>:temp_sensor_init:%86	</harden/bcfiles/linux_bcfiles/thermal_char_device.bc>:temp_sensor_init:%86
</harden/bcfiles/linux_bcfiles/thermal_char_device.bc>:temp_sensor_init:%68	</harden/bcfiles/linux_bcfiles/thermal_char_device.bc>:temp_sensor_init:%68
</harden/bcfiles/linux_bcfiles/thermal_char_device.bc>:temp_sensor_init:%61	</harden/bcfiles/linux_bcfiles/thermal_char_device.bc>:temp_sensor_init:%61
</harden/bcfiles/linux_bcfiles/thermal_char_device.bc>:temp_sensor_init:%55	</harden/bcfiles/linux_bcfiles/thermal_char_device.bc>:temp_sensor_init:%55
</harden/bcfiles/linux_bcfiles/thermal_char_device.bc>:temp_sensor_init:%47	</harden/bcfiles/linux_bcfiles/thermal_char_device.bc>:temp_sensor_init:%47
</harden/bcfiles/linux_bcfiles/thermal_char_device.bc>:temp_sensor_init:%64	</harden/bcfiles/linux_bcfiles/thermal_char_device.bc>:temp_sensor_init:%64
</harden/bcfiles/linux_bcfiles/thermal_char_device.bc>:temp_sensor_init:%32	</harden/bcfiles/linux_bcfiles/thermal_char_device.bc>:temp_sensor_init:%32
</harden/bcfiles/linux_bcfiles/thermal_char_device.bc>:temp_sensor_init:%24	</harden/bcfiles/linux_bcfiles/thermal_char_device.bc>:temp_sensor_init:%24
</harden/bcfiles/linux_bcfiles/thermal_char_device.bc>:temp_sensor_init:%41	</harden/bcfiles/linux_bcfiles/thermal_char_device.bc>:temp_sensor_init:%41
</harden/bcfiles/linux_bcfiles/thermal_char_device.bc>:temp_sensor_init:%15	</harden/bcfiles/linux_bcfiles/thermal_char_device.bc>:temp_sensor_init:%15
</harden/bcfiles/linux_bcfiles/thermal_char_device.bc>:temp_sensor_init:%44	</harden/bcfiles/linux_bcfiles/thermal_char_device.bc>:temp_sensor_init:%44
</harden/bcfiles/linux_bcfiles/thermal_char_device.bc>:temp_sensor_init:%72	</harden/bcfiles/linux_bcfiles/thermal_char_device.bc>:temp_sensor_init:%72
</harden/bcfiles/linux_bcfiles/thermal_char_device.bc>:temp_sensor_init:%35	</harden/bcfiles/linux_bcfiles/thermal_char_device.bc>:temp_sensor_init:%35
</harden/bcfiles/linux_bcfiles/thermal_char_device.bc>:temp_sensor_init:%51	</harden/bcfiles/linux_bcfiles/thermal_char_device.bc>:temp_sensor_init:%51
</harden/bcfiles/linux_bcfiles/thermal_char_device.bc>:temp_sensor_init:%28	</harden/bcfiles/linux_bcfiles/thermal_char_device.bc>:temp_sensor_init:%28
</harden/bcfiles/linux_bcfiles/thermal_char_device.bc>:temp_sensor_init:%12	</harden/bcfiles/linux_bcfiles/thermal_char_device.bc>:temp_sensor_init:%12
</harden/bcfiles/linux_bcfiles/thermal_char_device.bc>:temp_sensor_init:%18	</harden/bcfiles/linux_bcfiles/thermal_char_device.bc>:temp_sensor_init:%18
</harden/bcfiles/linux_bcfiles/thermal_char_device.bc>:temp_sensor_exit:%8	</harden/bcfiles/linux_bcfiles/thermal_char_device.bc>:temp_sensor_exit:%8
</harden/bcfiles/linux_bcfiles/thermal_char_device.bc>:temp_sensor_thread:%8	</harden/bcfiles/linux_bcfiles/thermal_char_device.bc>:temp_sensor_thread:%8
</harden/bcfiles/linux_bcfiles/thermal_char_device.bc>:temp_sensor_thread:%11	</harden/bcfiles/linux_bcfiles/thermal_char_device.bc>:temp_sensor_thread:%11
</harden/bcfiles/linux_bcfiles/thermal_char_device.bc>:IS_ERR:%0	</harden/bcfiles/linux_bcfiles/thermal_char_device.bc>:temp_sensor_init:%14
</harden/bcfiles/linux_bcfiles/thermal_char_device.bc>:IS_ERR:%0	</harden/bcfiles/linux_bcfiles/thermal_char_device.bc>:temp_sensor_init:%23
</harden/bcfiles/linux_bcfiles/thermal_char_device.bc>:IS_ERR:%0	</harden/bcfiles/linux_bcfiles/thermal_char_device.bc>:temp_sensor_init:%46
</harden/bcfiles/linux_bcfiles/thermal_char_device.bc>:IS_ERR:%0	</harden/bcfiles/linux_bcfiles/thermal_char_device.bc>:temp_sensor_init:%63
</harden/bcfiles/linux_bcfiles/thermal_char_device.bc>:PTR_ERR:%0	</harden/bcfiles/linux_bcfiles/thermal_char_device.bc>:temp_sensor_init:%31
</harden/bcfiles/linux_bcfiles/thermal_char_device.bc>:PTR_ERR:%0	</harden/bcfiles/linux_bcfiles/thermal_char_device.bc>:temp_sensor_init:%54
</harden/bcfiles/linux_bcfiles/thermal_char_device.bc>:PTR_ERR:%0	</harden/bcfiles/linux_bcfiles/thermal_char_device.bc>:temp_sensor_init:%71
</harden/bcfiles/linux_bcfiles/thermal_char_device.bc>:register_chrdev:%10	</harden/bcfiles/linux_bcfiles/thermal_char_device.bc>:register_chrdev:%10
</harden/bcfiles/linux_bcfiles/thermal_char_device.bc>:temp_read:%66	</harden/bcfiles/linux_bcfiles/thermal_char_device.bc>:temp_read:%66
</harden/bcfiles/linux_bcfiles/thermal_char_device.bc>:temp_read:%50	</harden/bcfiles/linux_bcfiles/thermal_char_device.bc>:temp_read:%50
</harden/bcfiles/linux_bcfiles/thermal_char_device.bc>:temp_read:%109	</harden/bcfiles/linux_bcfiles/thermal_char_device.bc>:temp_read:%109
</harden/bcfiles/linux_bcfiles/thermal_char_device.bc>:temp_read:%32	</harden/bcfiles/linux_bcfiles/thermal_char_device.bc>:temp_read:%32
</harden/bcfiles/linux_bcfiles/thermal_char_device.bc>:copy_overflow:%1	</harden/bcfiles/linux_bcfiles/thermal_char_device.bc>:temp_read:%69
</harden/bcfiles/linux_bcfiles/thermal_char_device.bc>:copy_overflow:%0	</harden/bcfiles/linux_bcfiles/thermal_char_device.bc>:temp_read:%68
</harden/bcfiles/linux_bcfiles/thermal_char_device.bc>:check_object_size:%2	</harden/bcfiles/linux_bcfiles/thermal_char_device.bc>:temp_read:%102
</harden/bcfiles/linux_bcfiles/thermal_char_device.bc>:check_object_size:%1	</harden/bcfiles/linux_bcfiles/thermal_char_device.bc>:temp_read:%100
</harden/bcfiles/linux_bcfiles/thermal_char_device.bc>:check_object_size:%0	</harden/bcfiles/linux_bcfiles/thermal_char_device.bc>:temp_read:%99
