</harden/bcfiles/linux_bcfiles/thermal_char_device.bc>:temp_sensor_init:%14	</harden/bcfiles/linux_bcfiles/thermal_char_device.bc>:IS_ERR:%0
</harden/bcfiles/linux_bcfiles/thermal_char_device.bc>:temp_sensor_init:%23	</harden/bcfiles/linux_bcfiles/thermal_char_device.bc>:IS_ERR:%0
</harden/bcfiles/linux_bcfiles/thermal_char_device.bc>:temp_sensor_init:%31	</harden/bcfiles/linux_bcfiles/thermal_char_device.bc>:PTR_ERR:%0
</harden/bcfiles/linux_bcfiles/thermal_char_device.bc>:temp_sensor_init:%46	</harden/bcfiles/linux_bcfiles/thermal_char_device.bc>:IS_ERR:%0
</harden/bcfiles/linux_bcfiles/thermal_char_device.bc>:temp_sensor_init:%54	</harden/bcfiles/linux_bcfiles/thermal_char_device.bc>:PTR_ERR:%0
</harden/bcfiles/linux_bcfiles/thermal_char_device.bc>:temp_sensor_init:%63	</harden/bcfiles/linux_bcfiles/thermal_char_device.bc>:IS_ERR:%0
</harden/bcfiles/linux_bcfiles/thermal_char_device.bc>:temp_sensor_init:%71	</harden/bcfiles/linux_bcfiles/thermal_char_device.bc>:PTR_ERR:%0
</harden/bcfiles/linux_bcfiles/thermal_char_device.bc>:temp_read:%68	</harden/bcfiles/linux_bcfiles/thermal_char_device.bc>:copy_overflow:%0
</harden/bcfiles/linux_bcfiles/thermal_char_device.bc>:temp_read:%69	</harden/bcfiles/linux_bcfiles/thermal_char_device.bc>:copy_overflow:%1
</harden/bcfiles/linux_bcfiles/thermal_char_device.bc>:temp_read:%99	</harden/bcfiles/linux_bcfiles/thermal_char_device.bc>:check_object_size:%0
</harden/bcfiles/linux_bcfiles/thermal_char_device.bc>:temp_read:%100	</harden/bcfiles/linux_bcfiles/thermal_char_device.bc>:check_object_size:%1
</harden/bcfiles/linux_bcfiles/thermal_char_device.bc>:temp_read:%102	</harden/bcfiles/linux_bcfiles/thermal_char_device.bc>:check_object_size:%2
