</harden/bcfiles/linux_bcfiles/thermal_char_device.bc>:temp_sensor_init:13	</harden/bcfiles/linux_bcfiles/thermal_char_device.bc>:temp_sensor_init:13:1:@current_temperature
</harden/bcfiles/linux_bcfiles/thermal_char_device.bc>:temp_sensor_init:27	</harden/bcfiles/linux_bcfiles/thermal_char_device.bc>:temp_sensor_init:27:0:@temp_thread
</harden/bcfiles/linux_bcfiles/thermal_char_device.bc>:temp_sensor_init:55	</harden/bcfiles/linux_bcfiles/thermal_char_device.bc>:temp_sensor_init:55:0:@temp_class
</harden/bcfiles/linux_bcfiles/thermal_char_device.bc>:temp_sensor_init:76	</harden/bcfiles/linux_bcfiles/thermal_char_device.bc>:temp_sensor_init:76:0:@temp_sensor_init.temp_device
</harden/bcfiles/linux_bcfiles/thermal_char_device.bc>:temp_sensor_thread:19	</harden/bcfiles/linux_bcfiles/thermal_char_device.bc>:temp_sensor_thread:19:0:@current_temperature
</harden/bcfiles/linux_bcfiles/thermal_char_device.bc>:temp_sensor_init:73	</harden/bcfiles/linux_bcfiles/thermal_char_device.bc>:temp_sensor_init:%59
</harden/bcfiles/linux_bcfiles/thermal_char_device.bc>:temp_sensor_init:95	</harden/bcfiles/linux_bcfiles/thermal_char_device.bc>:temp_sensor_init:%10
</harden/bcfiles/linux_bcfiles/thermal_char_device.bc>:temp_sensor_init:84	</harden/bcfiles/linux_bcfiles/thermal_char_device.bc>:temp_sensor_init:%9
</harden/bcfiles/linux_bcfiles/thermal_char_device.bc>:temp_sensor_init:63	</harden/bcfiles/linux_bcfiles/thermal_char_device.bc>:temp_sensor_init:%8
</harden/bcfiles/linux_bcfiles/thermal_char_device.bc>:temp_sensor_init:51	</harden/bcfiles/linux_bcfiles/thermal_char_device.bc>:temp_sensor_init:%7
</harden/bcfiles/linux_bcfiles/thermal_char_device.bc>:temp_sensor_init:25	</harden/bcfiles/linux_bcfiles/thermal_char_device.bc>:temp_sensor_init:%5
</harden/bcfiles/linux_bcfiles/thermal_char_device.bc>:temp_sensor_init:16	</harden/bcfiles/linux_bcfiles/thermal_char_device.bc>:temp_sensor_init:%4
</harden/bcfiles/linux_bcfiles/thermal_char_device.bc>:temp_sensor_init:11	</harden/bcfiles/linux_bcfiles/thermal_char_device.bc>:temp_sensor_init:%3
</harden/bcfiles/linux_bcfiles/thermal_char_device.bc>:temp_sensor_init:35	</harden/bcfiles/linux_bcfiles/thermal_char_device.bc>:temp_sensor_init:%6
</harden/bcfiles/linux_bcfiles/thermal_char_device.bc>:temp_sensor_init:44	</harden/bcfiles/linux_bcfiles/thermal_char_device.bc>:temp_sensor_init:%2
</harden/bcfiles/linux_bcfiles/thermal_char_device.bc>:temp_sensor_init:69	</harden/bcfiles/linux_bcfiles/thermal_char_device.bc>:temp_sensor_init:%2
</harden/bcfiles/linux_bcfiles/thermal_char_device.bc>:temp_sensor_init:90	</harden/bcfiles/linux_bcfiles/thermal_char_device.bc>:temp_sensor_init:%2
</harden/bcfiles/linux_bcfiles/thermal_char_device.bc>:temp_sensor_init:41	</harden/bcfiles/linux_bcfiles/thermal_char_device.bc>:temp_sensor_init:%1
</harden/bcfiles/linux_bcfiles/thermal_char_device.bc>:temp_sensor_init:97	</harden/bcfiles/linux_bcfiles/thermal_char_device.bc>:temp_sensor_init:%1
</harden/bcfiles/linux_bcfiles/thermal_char_device.bc>:temp_sensor_init:114	</harden/bcfiles/linux_bcfiles/thermal_char_device.bc>:temp_sensor_init:%1
</harden/bcfiles/linux_bcfiles/thermal_char_device.bc>:temp_sensor_exit:16	</harden/bcfiles/linux_bcfiles/thermal_char_device.bc>:temp_sensor_exit:%2
</harden/bcfiles/linux_bcfiles/thermal_char_device.bc>:temp_sensor_exit:2	</harden/bcfiles/linux_bcfiles/thermal_char_device.bc>:temp_sensor_exit:%1
</harden/bcfiles/linux_bcfiles/thermal_char_device.bc>:temp_sensor_thread:23	</harden/bcfiles/linux_bcfiles/thermal_char_device.bc>:temp_sensor_thread:%5
</harden/bcfiles/linux_bcfiles/thermal_char_device.bc>:temp_sensor_thread:16	</harden/bcfiles/linux_bcfiles/thermal_char_device.bc>:temp_sensor_thread:%4
</harden/bcfiles/linux_bcfiles/thermal_char_device.bc>:temp_sensor_thread:6	</harden/bcfiles/linux_bcfiles/thermal_char_device.bc>:temp_sensor_thread:%3
</harden/bcfiles/linux_bcfiles/thermal_char_device.bc>:temp_sensor_thread:4	</harden/bcfiles/linux_bcfiles/thermal_char_device.bc>:temp_sensor_thread:%2
</harden/bcfiles/linux_bcfiles/thermal_char_device.bc>:IS_ERR:1	</harden/bcfiles/linux_bcfiles/thermal_char_device.bc>:IS_ERR:%2
</harden/bcfiles/linux_bcfiles/thermal_char_device.bc>:PTR_ERR:1	</harden/bcfiles/linux_bcfiles/thermal_char_device.bc>:PTR_ERR:%2
</harden/bcfiles/linux_bcfiles/thermal_char_device.bc>:register_chrdev:7	</harden/bcfiles/linux_bcfiles/thermal_char_device.bc>:register_chrdev:%6
</harden/bcfiles/linux_bcfiles/thermal_char_device.bc>:register_chrdev:5	</harden/bcfiles/linux_bcfiles/thermal_char_device.bc>:register_chrdev:%5
</harden/bcfiles/linux_bcfiles/thermal_char_device.bc>:register_chrdev:3	</harden/bcfiles/linux_bcfiles/thermal_char_device.bc>:register_chrdev:%4
</harden/bcfiles/linux_bcfiles/thermal_char_device.bc>:thermal_devnode:10	</harden/bcfiles/linux_bcfiles/thermal_char_device.bc>:thermal_devnode:%8
</harden/bcfiles/linux_bcfiles/thermal_char_device.bc>:thermal_devnode:4	</harden/bcfiles/linux_bcfiles/thermal_char_device.bc>:thermal_devnode:%4
</harden/bcfiles/linux_bcfiles/thermal_char_device.bc>:thermal_devnode:2	</harden/bcfiles/linux_bcfiles/thermal_char_device.bc>:thermal_devnode:%3
</harden/bcfiles/linux_bcfiles/thermal_char_device.bc>:unregister_chrdev:4	</harden/bcfiles/linux_bcfiles/thermal_char_device.bc>:unregister_chrdev:%4
</harden/bcfiles/linux_bcfiles/thermal_char_device.bc>:unregister_chrdev:2	</harden/bcfiles/linux_bcfiles/thermal_char_device.bc>:unregister_chrdev:%3
</harden/bcfiles/linux_bcfiles/thermal_char_device.bc>:ssleep:1	</harden/bcfiles/linux_bcfiles/thermal_char_device.bc>:ssleep:%2
</harden/bcfiles/linux_bcfiles/thermal_char_device.bc>:temp_read:161	</harden/bcfiles/linux_bcfiles/thermal_char_device.bc>:temp_read:%116
</harden/bcfiles/linux_bcfiles/thermal_char_device.bc>:temp_read:44	</harden/bcfiles/linux_bcfiles/thermal_char_device.bc>:temp_read:%23
</harden/bcfiles/linux_bcfiles/thermal_char_device.bc>:temp_read:23	</harden/bcfiles/linux_bcfiles/thermal_char_device.bc>:temp_read:%19
</harden/bcfiles/linux_bcfiles/thermal_char_device.bc>:temp_read:21	</harden/bcfiles/linux_bcfiles/thermal_char_device.bc>:temp_read:%18
</harden/bcfiles/linux_bcfiles/thermal_char_device.bc>:temp_read:19	</harden/bcfiles/linux_bcfiles/thermal_char_device.bc>:temp_read:%17
</harden/bcfiles/linux_bcfiles/thermal_char_device.bc>:temp_read:34	</harden/bcfiles/linux_bcfiles/thermal_char_device.bc>:temp_read:%16
</harden/bcfiles/linux_bcfiles/thermal_char_device.bc>:temp_read:49	</harden/bcfiles/linux_bcfiles/thermal_char_device.bc>:temp_read:%16
</harden/bcfiles/linux_bcfiles/thermal_char_device.bc>:temp_read:55	</harden/bcfiles/linux_bcfiles/thermal_char_device.bc>:temp_read:%16
</harden/bcfiles/linux_bcfiles/thermal_char_device.bc>:temp_read:155	</harden/bcfiles/linux_bcfiles/thermal_char_device.bc>:temp_read:%16
</harden/bcfiles/linux_bcfiles/thermal_char_device.bc>:temp_read:163	</harden/bcfiles/linux_bcfiles/thermal_char_device.bc>:temp_read:%16
</harden/bcfiles/linux_bcfiles/thermal_char_device.bc>:temp_read:38	</harden/bcfiles/linux_bcfiles/thermal_char_device.bc>:temp_read:%22
</harden/bcfiles/linux_bcfiles/thermal_char_device.bc>:temp_read:64	</harden/bcfiles/linux_bcfiles/thermal_char_device.bc>:temp_read:%15
</harden/bcfiles/linux_bcfiles/thermal_char_device.bc>:temp_read:150	</harden/bcfiles/linux_bcfiles/thermal_char_device.bc>:temp_read:%15
</harden/bcfiles/linux_bcfiles/thermal_char_device.bc>:temp_read:62	</harden/bcfiles/linux_bcfiles/thermal_char_device.bc>:temp_read:%14
</harden/bcfiles/linux_bcfiles/thermal_char_device.bc>:temp_read:60	</harden/bcfiles/linux_bcfiles/thermal_char_device.bc>:temp_read:%13
</harden/bcfiles/linux_bcfiles/thermal_char_device.bc>:temp_read:131	</harden/bcfiles/linux_bcfiles/thermal_char_device.bc>:temp_read:%12
</harden/bcfiles/linux_bcfiles/thermal_char_device.bc>:temp_read:122	</harden/bcfiles/linux_bcfiles/thermal_char_device.bc>:temp_read:%11
</harden/bcfiles/linux_bcfiles/thermal_char_device.bc>:temp_read:114	</harden/bcfiles/linux_bcfiles/thermal_char_device.bc>:temp_read:%10
</harden/bcfiles/linux_bcfiles/thermal_char_device.bc>:temp_read:78	</harden/bcfiles/linux_bcfiles/thermal_char_device.bc>:temp_read:%9
</harden/bcfiles/linux_bcfiles/thermal_char_device.bc>:temp_read:72	</harden/bcfiles/linux_bcfiles/thermal_char_device.bc>:temp_read:%8
</harden/bcfiles/linux_bcfiles/thermal_char_device.bc>:temp_read:25	</harden/bcfiles/linux_bcfiles/thermal_char_device.bc>:temp_read:%20
</harden/bcfiles/linux_bcfiles/thermal_char_device.bc>:temp_read:70	</harden/bcfiles/linux_bcfiles/thermal_char_device.bc>:temp_read:%7
</harden/bcfiles/linux_bcfiles/thermal_char_device.bc>:temp_read:68	</harden/bcfiles/linux_bcfiles/thermal_char_device.bc>:temp_read:%6
</harden/bcfiles/linux_bcfiles/thermal_char_device.bc>:temp_read:107	</harden/bcfiles/linux_bcfiles/thermal_char_device.bc>:temp_read:%5
</harden/bcfiles/linux_bcfiles/thermal_char_device.bc>:temp_read:135	</harden/bcfiles/linux_bcfiles/thermal_char_device.bc>:temp_read:%5
</harden/bcfiles/linux_bcfiles/thermal_char_device.bc>:temp_read:142	</harden/bcfiles/linux_bcfiles/thermal_char_device.bc>:temp_read:%5
</harden/bcfiles/linux_bcfiles/thermal_char_device.bc>:temp_open:7	</harden/bcfiles/linux_bcfiles/thermal_char_device.bc>:temp_open:%5
</harden/bcfiles/linux_bcfiles/thermal_char_device.bc>:temp_open:3	</harden/bcfiles/linux_bcfiles/thermal_char_device.bc>:temp_open:%3
</harden/bcfiles/linux_bcfiles/thermal_char_device.bc>:temp_open:5	</harden/bcfiles/linux_bcfiles/thermal_char_device.bc>:temp_open:%4
</harden/bcfiles/linux_bcfiles/thermal_char_device.bc>:temp_release:7	</harden/bcfiles/linux_bcfiles/thermal_char_device.bc>:temp_release:%5
</harden/bcfiles/linux_bcfiles/thermal_char_device.bc>:temp_release:5	</harden/bcfiles/linux_bcfiles/thermal_char_device.bc>:temp_release:%4
</harden/bcfiles/linux_bcfiles/thermal_char_device.bc>:temp_release:3	</harden/bcfiles/linux_bcfiles/thermal_char_device.bc>:temp_release:%3
</harden/bcfiles/linux_bcfiles/thermal_char_device.bc>:copy_overflow:4	</harden/bcfiles/linux_bcfiles/thermal_char_device.bc>:copy_overflow:%4
</harden/bcfiles/linux_bcfiles/thermal_char_device.bc>:copy_overflow:2	</harden/bcfiles/linux_bcfiles/thermal_char_device.bc>:copy_overflow:%3
</harden/bcfiles/linux_bcfiles/thermal_char_device.bc>:check_object_size:8	</harden/bcfiles/linux_bcfiles/thermal_char_device.bc>:check_object_size:%6
</harden/bcfiles/linux_bcfiles/thermal_char_device.bc>:check_object_size:5	</harden/bcfiles/linux_bcfiles/thermal_char_device.bc>:check_object_size:%5
</harden/bcfiles/linux_bcfiles/thermal_char_device.bc>:check_object_size:3	</harden/bcfiles/linux_bcfiles/thermal_char_device.bc>:check_object_size:%4
</harden/bcfiles/linux_bcfiles/thermal_char_device.bc>:mutex_destroy:1	</harden/bcfiles/linux_bcfiles/thermal_char_device.bc>:mutex_destroy:%2
