</harden/bcfiles/linux_bcfiles/thermal_char_device.bc>:register_chrdev:%7	</harden/bcfiles/linux_bcfiles/thermal_char_device.bc>:register_chrdev:%7	[</harden/bcfiles/linux_bcfiles/thermal_char_device.bc>:register_chrdev:%7, </harden/bcfiles/linux_bcfiles/thermal_char_device.bc>:register_chrdev:%7]	0
</harden/bcfiles/linux_bcfiles/thermal_char_device.bc>:register_chrdev:%8	</harden/bcfiles/linux_bcfiles/thermal_char_device.bc>:register_chrdev:%8	[</harden/bcfiles/linux_bcfiles/thermal_char_device.bc>:register_chrdev:%8, </harden/bcfiles/linux_bcfiles/thermal_char_device.bc>:register_chrdev:%8]	0
</harden/bcfiles/linux_bcfiles/thermal_char_device.bc>:register_chrdev:%9	</harden/bcfiles/linux_bcfiles/thermal_char_device.bc>:register_chrdev:%9	[</harden/bcfiles/linux_bcfiles/thermal_char_device.bc>:register_chrdev:%9, </harden/bcfiles/linux_bcfiles/thermal_char_device.bc>:register_chrdev:%9]	0
</harden/bcfiles/linux_bcfiles/thermal_char_device.bc>:unregister_chrdev:%5	</harden/bcfiles/linux_bcfiles/thermal_char_device.bc>:unregister_chrdev:%5	[</harden/bcfiles/linux_bcfiles/thermal_char_device.bc>:unregister_chrdev:%5, </harden/bcfiles/linux_bcfiles/thermal_char_device.bc>:unregister_chrdev:%5]	0
</harden/bcfiles/linux_bcfiles/thermal_char_device.bc>:unregister_chrdev:%6	</harden/bcfiles/linux_bcfiles/thermal_char_device.bc>:unregister_chrdev:%6	[</harden/bcfiles/linux_bcfiles/thermal_char_device.bc>:unregister_chrdev:%6, </harden/bcfiles/linux_bcfiles/thermal_char_device.bc>:unregister_chrdev:%6]	0
</harden/bcfiles/linux_bcfiles/thermal_char_device.bc>:ssleep:%4	</harden/bcfiles/linux_bcfiles/thermal_char_device.bc>:ssleep:%4	[</harden/bcfiles/linux_bcfiles/thermal_char_device.bc>:ssleep:%4, </harden/bcfiles/linux_bcfiles/thermal_char_device.bc>:ssleep:%4]	0
</harden/bcfiles/linux_bcfiles/thermal_char_device.bc>:copy_overflow:%5	</harden/bcfiles/linux_bcfiles/thermal_char_device.bc>:copy_overflow:%5	[</harden/bcfiles/linux_bcfiles/thermal_char_device.bc>:copy_overflow:%5, </harden/bcfiles/linux_bcfiles/thermal_char_device.bc>:copy_overflow:%5]	0
</harden/bcfiles/linux_bcfiles/thermal_char_device.bc>:copy_overflow:%6	</harden/bcfiles/linux_bcfiles/thermal_char_device.bc>:copy_overflow:%6	[</harden/bcfiles/linux_bcfiles/thermal_char_device.bc>:copy_overflow:%6, </harden/bcfiles/linux_bcfiles/thermal_char_device.bc>:copy_overflow:%6]	0
</harden/bcfiles/linux_bcfiles/thermal_char_device.bc>:IS_ERR:%12	</harden/bcfiles/linux_bcfiles/thermal_char_device.bc>:IS_ERR:%12	[</harden/bcfiles/linux_bcfiles/thermal_char_device.bc>:IS_ERR:%12, </harden/bcfiles/linux_bcfiles/thermal_char_device.bc>:IS_ERR:%12]	0
</harden/bcfiles/linux_bcfiles/thermal_char_device.bc>:IS_ERR:%11	</harden/bcfiles/linux_bcfiles/thermal_char_device.bc>:IS_ERR:%11	[</harden/bcfiles/linux_bcfiles/thermal_char_device.bc>:IS_ERR:%11, </harden/bcfiles/linux_bcfiles/thermal_char_device.bc>:IS_ERR:%11]	0
</harden/bcfiles/linux_bcfiles/thermal_char_device.bc>:IS_ERR:%10	</harden/bcfiles/linux_bcfiles/thermal_char_device.bc>:IS_ERR:%10	[</harden/bcfiles/linux_bcfiles/thermal_char_device.bc>:IS_ERR:%10, </harden/bcfiles/linux_bcfiles/thermal_char_device.bc>:IS_ERR:%10]	0
</harden/bcfiles/linux_bcfiles/thermal_char_device.bc>:IS_ERR:%9	</harden/bcfiles/linux_bcfiles/thermal_char_device.bc>:IS_ERR:%9	[</harden/bcfiles/linux_bcfiles/thermal_char_device.bc>:IS_ERR:%9, </harden/bcfiles/linux_bcfiles/thermal_char_device.bc>:IS_ERR:%9]	0
</harden/bcfiles/linux_bcfiles/thermal_char_device.bc>:IS_ERR:%8	</harden/bcfiles/linux_bcfiles/thermal_char_device.bc>:IS_ERR:%8	[</harden/bcfiles/linux_bcfiles/thermal_char_device.bc>:IS_ERR:%8, </harden/bcfiles/linux_bcfiles/thermal_char_device.bc>:IS_ERR:%8]	0
</harden/bcfiles/linux_bcfiles/thermal_char_device.bc>:IS_ERR:%7	</harden/bcfiles/linux_bcfiles/thermal_char_device.bc>:IS_ERR:%7	[</harden/bcfiles/linux_bcfiles/thermal_char_device.bc>:IS_ERR:%7, </harden/bcfiles/linux_bcfiles/thermal_char_device.bc>:IS_ERR:%7]	0
</harden/bcfiles/linux_bcfiles/thermal_char_device.bc>:IS_ERR:%6	</harden/bcfiles/linux_bcfiles/thermal_char_device.bc>:IS_ERR:%6	[</harden/bcfiles/linux_bcfiles/thermal_char_device.bc>:IS_ERR:%6, </harden/bcfiles/linux_bcfiles/thermal_char_device.bc>:IS_ERR:%6]	0
</harden/bcfiles/linux_bcfiles/thermal_char_device.bc>:IS_ERR:%5	</harden/bcfiles/linux_bcfiles/thermal_char_device.bc>:IS_ERR:%5	[</harden/bcfiles/linux_bcfiles/thermal_char_device.bc>:IS_ERR:%5, </harden/bcfiles/linux_bcfiles/thermal_char_device.bc>:IS_ERR:%5]	0
</harden/bcfiles/linux_bcfiles/thermal_char_device.bc>:IS_ERR:%4	</harden/bcfiles/linux_bcfiles/thermal_char_device.bc>:IS_ERR:%4	[</harden/bcfiles/linux_bcfiles/thermal_char_device.bc>:IS_ERR:%4, </harden/bcfiles/linux_bcfiles/thermal_char_device.bc>:IS_ERR:%4]	0
</harden/bcfiles/linux_bcfiles/thermal_char_device.bc>:IS_ERR:%3	</harden/bcfiles/linux_bcfiles/thermal_char_device.bc>:IS_ERR:%3	[</harden/bcfiles/linux_bcfiles/thermal_char_device.bc>:IS_ERR:%3, </harden/bcfiles/linux_bcfiles/thermal_char_device.bc>:IS_ERR:%3]	0
</harden/bcfiles/linux_bcfiles/thermal_char_device.bc>:IS_ERR:%2	</harden/bcfiles/linux_bcfiles/thermal_char_device.bc>:IS_ERR:%2	[</harden/bcfiles/linux_bcfiles/thermal_char_device.bc>:IS_ERR:%2, </harden/bcfiles/linux_bcfiles/thermal_char_device.bc>:IS_ERR:%2]	0
</harden/bcfiles/linux_bcfiles/thermal_char_device.bc>:PTR_ERR:%4	</harden/bcfiles/linux_bcfiles/thermal_char_device.bc>:PTR_ERR:%4	[</harden/bcfiles/linux_bcfiles/thermal_char_device.bc>:PTR_ERR:%4, </harden/bcfiles/linux_bcfiles/thermal_char_device.bc>:PTR_ERR:%4]	0
</harden/bcfiles/linux_bcfiles/thermal_char_device.bc>:PTR_ERR:%3	</harden/bcfiles/linux_bcfiles/thermal_char_device.bc>:PTR_ERR:%3	[</harden/bcfiles/linux_bcfiles/thermal_char_device.bc>:PTR_ERR:%3, </harden/bcfiles/linux_bcfiles/thermal_char_device.bc>:PTR_ERR:%3]	0
</harden/bcfiles/linux_bcfiles/thermal_char_device.bc>:PTR_ERR:%2	</harden/bcfiles/linux_bcfiles/thermal_char_device.bc>:PTR_ERR:%2	[</harden/bcfiles/linux_bcfiles/thermal_char_device.bc>:PTR_ERR:%2, </harden/bcfiles/linux_bcfiles/thermal_char_device.bc>:PTR_ERR:%2]	0
</harden/bcfiles/linux_bcfiles/thermal_char_device.bc>:register_chrdev:%10	</harden/bcfiles/linux_bcfiles/thermal_char_device.bc>:register_chrdev:%10	[</harden/bcfiles/linux_bcfiles/thermal_char_device.bc>:register_chrdev:%10, </harden/bcfiles/linux_bcfiles/thermal_char_device.bc>:register_chrdev:%10]	0
</harden/bcfiles/linux_bcfiles/thermal_char_device.bc>:register_chrdev:%6	</harden/bcfiles/linux_bcfiles/thermal_char_device.bc>:register_chrdev:%6	[</harden/bcfiles/linux_bcfiles/thermal_char_device.bc>:register_chrdev:%6, </harden/bcfiles/linux_bcfiles/thermal_char_device.bc>:register_chrdev:%6]	0
</harden/bcfiles/linux_bcfiles/thermal_char_device.bc>:register_chrdev:%5	</harden/bcfiles/linux_bcfiles/thermal_char_device.bc>:register_chrdev:%5	[</harden/bcfiles/linux_bcfiles/thermal_char_device.bc>:register_chrdev:%5, </harden/bcfiles/linux_bcfiles/thermal_char_device.bc>:register_chrdev:%5]	0
</harden/bcfiles/linux_bcfiles/thermal_char_device.bc>:register_chrdev:%4	</harden/bcfiles/linux_bcfiles/thermal_char_device.bc>:register_chrdev:%4	[</harden/bcfiles/linux_bcfiles/thermal_char_device.bc>:register_chrdev:%4, </harden/bcfiles/linux_bcfiles/thermal_char_device.bc>:register_chrdev:%4]	0
</harden/bcfiles/linux_bcfiles/thermal_char_device.bc>:unregister_chrdev:%4	</harden/bcfiles/linux_bcfiles/thermal_char_device.bc>:unregister_chrdev:%4	[</harden/bcfiles/linux_bcfiles/thermal_char_device.bc>:unregister_chrdev:%4, </harden/bcfiles/linux_bcfiles/thermal_char_device.bc>:unregister_chrdev:%4]	0
</harden/bcfiles/linux_bcfiles/thermal_char_device.bc>:unregister_chrdev:%3	</harden/bcfiles/linux_bcfiles/thermal_char_device.bc>:unregister_chrdev:%3	[</harden/bcfiles/linux_bcfiles/thermal_char_device.bc>:unregister_chrdev:%3, </harden/bcfiles/linux_bcfiles/thermal_char_device.bc>:unregister_chrdev:%3]	0
</harden/bcfiles/linux_bcfiles/thermal_char_device.bc>:ssleep:%3	</harden/bcfiles/linux_bcfiles/thermal_char_device.bc>:ssleep:%3	[</harden/bcfiles/linux_bcfiles/thermal_char_device.bc>:ssleep:%3, </harden/bcfiles/linux_bcfiles/thermal_char_device.bc>:ssleep:%3]	0
</harden/bcfiles/linux_bcfiles/thermal_char_device.bc>:ssleep:%2	</harden/bcfiles/linux_bcfiles/thermal_char_device.bc>:ssleep:%2	[</harden/bcfiles/linux_bcfiles/thermal_char_device.bc>:ssleep:%2, </harden/bcfiles/linux_bcfiles/thermal_char_device.bc>:ssleep:%2]	0
</harden/bcfiles/linux_bcfiles/thermal_char_device.bc>:copy_overflow:%4	</harden/bcfiles/linux_bcfiles/thermal_char_device.bc>:copy_overflow:%4	[</harden/bcfiles/linux_bcfiles/thermal_char_device.bc>:copy_overflow:%4, </harden/bcfiles/linux_bcfiles/thermal_char_device.bc>:copy_overflow:%4]	0
</harden/bcfiles/linux_bcfiles/thermal_char_device.bc>:copy_overflow:%3	</harden/bcfiles/linux_bcfiles/thermal_char_device.bc>:copy_overflow:%3	[</harden/bcfiles/linux_bcfiles/thermal_char_device.bc>:copy_overflow:%3, </harden/bcfiles/linux_bcfiles/thermal_char_device.bc>:copy_overflow:%3]	0
</harden/bcfiles/linux_bcfiles/thermal_char_device.bc>:check_object_size:%7	</harden/bcfiles/linux_bcfiles/thermal_char_device.bc>:check_object_size:%7	[</harden/bcfiles/linux_bcfiles/thermal_char_device.bc>:check_object_size:%7, </harden/bcfiles/linux_bcfiles/thermal_char_device.bc>:check_object_size:%7]	0
</harden/bcfiles/linux_bcfiles/thermal_char_device.bc>:check_object_size:%6	</harden/bcfiles/linux_bcfiles/thermal_char_device.bc>:check_object_size:%6	[</harden/bcfiles/linux_bcfiles/thermal_char_device.bc>:check_object_size:%6, </harden/bcfiles/linux_bcfiles/thermal_char_device.bc>:check_object_size:%6]	0
</harden/bcfiles/linux_bcfiles/thermal_char_device.bc>:check_object_size:%5	</harden/bcfiles/linux_bcfiles/thermal_char_device.bc>:check_object_size:%5	[</harden/bcfiles/linux_bcfiles/thermal_char_device.bc>:check_object_size:%5, </harden/bcfiles/linux_bcfiles/thermal_char_device.bc>:check_object_size:%5]	0
</harden/bcfiles/linux_bcfiles/thermal_char_device.bc>:check_object_size:%4	</harden/bcfiles/linux_bcfiles/thermal_char_device.bc>:check_object_size:%4	[</harden/bcfiles/linux_bcfiles/thermal_char_device.bc>:check_object_size:%4, </harden/bcfiles/linux_bcfiles/thermal_char_device.bc>:check_object_size:%4]	0
</harden/bcfiles/linux_bcfiles/thermal_char_device.bc>:mutex_destroy:%2	</harden/bcfiles/linux_bcfiles/thermal_char_device.bc>:mutex_destroy:%2	[</harden/bcfiles/linux_bcfiles/thermal_char_device.bc>:mutex_destroy:%2, </harden/bcfiles/linux_bcfiles/thermal_char_device.bc>:mutex_destroy:%2]	0
