</harden/bcfiles/linux_bcfiles/thermal_char_device.bc>:temp_sensor_init:%14	</harden/bcfiles/linux_bcfiles/thermal_char_device.bc>:IS_ERR:%0
</harden/bcfiles/linux_bcfiles/thermal_char_device.bc>:temp_sensor_init:%23	</harden/bcfiles/linux_bcfiles/thermal_char_device.bc>:IS_ERR:%0
</harden/bcfiles/linux_bcfiles/thermal_char_device.bc>:temp_sensor_init:%31	</harden/bcfiles/linux_bcfiles/thermal_char_device.bc>:PTR_ERR:%0
</harden/bcfiles/linux_bcfiles/thermal_char_device.bc>:temp_sensor_init:43:1:243	</harden/bcfiles/linux_bcfiles/thermal_char_device.bc>:register_chrdev:%0
</harden/bcfiles/linux_bcfiles/thermal_char_device.bc>:temp_sensor_init:43:2:getelementptr inbounds ([20 x i8], [20 x i8]* @.str.2, i64 0, i64 0)	</harden/bcfiles/linux_bcfiles/thermal_char_device.bc>:register_chrdev:%1
</harden/bcfiles/linux_bcfiles/thermal_char_device.bc>:temp_sensor_init:43:6:@temp_fops	</harden/bcfiles/linux_bcfiles/thermal_char_device.bc>:register_chrdev:%2
</harden/bcfiles/linux_bcfiles/thermal_char_device.bc>:temp_sensor_init:%46	</harden/bcfiles/linux_bcfiles/thermal_char_device.bc>:IS_ERR:%0
</harden/bcfiles/linux_bcfiles/thermal_char_device.bc>:temp_sensor_init:%54	</harden/bcfiles/linux_bcfiles/thermal_char_device.bc>:PTR_ERR:%0
</harden/bcfiles/linux_bcfiles/thermal_char_device.bc>:temp_sensor_init:%63	</harden/bcfiles/linux_bcfiles/thermal_char_device.bc>:IS_ERR:%0
</harden/bcfiles/linux_bcfiles/thermal_char_device.bc>:temp_sensor_init:%71	</harden/bcfiles/linux_bcfiles/thermal_char_device.bc>:PTR_ERR:%0
</harden/bcfiles/linux_bcfiles/thermal_char_device.bc>:temp_sensor_init:104:1:243	</harden/bcfiles/linux_bcfiles/thermal_char_device.bc>:unregister_chrdev:%0
</harden/bcfiles/linux_bcfiles/thermal_char_device.bc>:temp_sensor_init:104:2:getelementptr inbounds ([20 x i8], [20 x i8]* @.str.2, i64 0, i64 0)	</harden/bcfiles/linux_bcfiles/thermal_char_device.bc>:unregister_chrdev:%1
</harden/bcfiles/linux_bcfiles/thermal_char_device.bc>:temp_sensor_exit:14:1:243	</harden/bcfiles/linux_bcfiles/thermal_char_device.bc>:unregister_chrdev:%0
</harden/bcfiles/linux_bcfiles/thermal_char_device.bc>:temp_sensor_exit:14:2:getelementptr inbounds ([20 x i8], [20 x i8]* @.str.2, i64 0, i64 0)	</harden/bcfiles/linux_bcfiles/thermal_char_device.bc>:unregister_chrdev:%1
</harden/bcfiles/linux_bcfiles/thermal_char_device.bc>:temp_sensor_exit:15:1:@temp_mutex	</harden/bcfiles/linux_bcfiles/thermal_char_device.bc>:mutex_destroy:%0
</harden/bcfiles/linux_bcfiles/thermal_char_device.bc>:temp_sensor_thread:21:1:5	</harden/bcfiles/linux_bcfiles/thermal_char_device.bc>:ssleep:%0
</harden/bcfiles/linux_bcfiles/thermal_char_device.bc>:temp_read:%68	</harden/bcfiles/linux_bcfiles/thermal_char_device.bc>:copy_overflow:%0
</harden/bcfiles/linux_bcfiles/thermal_char_device.bc>:temp_read:%69	</harden/bcfiles/linux_bcfiles/thermal_char_device.bc>:copy_overflow:%1
</harden/bcfiles/linux_bcfiles/thermal_char_device.bc>:temp_read:%99	</harden/bcfiles/linux_bcfiles/thermal_char_device.bc>:check_object_size:%0
</harden/bcfiles/linux_bcfiles/thermal_char_device.bc>:temp_read:%100	</harden/bcfiles/linux_bcfiles/thermal_char_device.bc>:check_object_size:%1
</harden/bcfiles/linux_bcfiles/thermal_char_device.bc>:temp_read:%102	</harden/bcfiles/linux_bcfiles/thermal_char_device.bc>:check_object_size:%2
</harden/bcfiles/linux_bcfiles/thermal_char_device.bc>:temp_sensor_thread:10:0:true	</harden/bcfiles/linux_bcfiles/thermal_char_device.bc>:temp_sensor_thread:%9
</harden/bcfiles/linux_bcfiles/thermal_char_device.bc>:temp_sensor_thread:15:0:25	</harden/bcfiles/linux_bcfiles/thermal_char_device.bc>:temp_sensor_thread:%13
</harden/bcfiles/linux_bcfiles/thermal_char_device.bc>:IS_ERR:8:0:true	</harden/bcfiles/linux_bcfiles/thermal_char_device.bc>:IS_ERR:%8
</harden/bcfiles/linux_bcfiles/thermal_char_device.bc>:IS_ERR:9:0:true	</harden/bcfiles/linux_bcfiles/thermal_char_device.bc>:IS_ERR:%9
</harden/bcfiles/linux_bcfiles/thermal_char_device.bc>:temp_read:88:0:true	</harden/bcfiles/linux_bcfiles/thermal_char_device.bc>:temp_read:%61
</harden/bcfiles/linux_bcfiles/thermal_char_device.bc>:temp_read:112:0:true	</harden/bcfiles/linux_bcfiles/thermal_char_device.bc>:temp_read:%80
</harden/bcfiles/linux_bcfiles/thermal_char_device.bc>:temp_read:117:0:true	</harden/bcfiles/linux_bcfiles/thermal_char_device.bc>:temp_read:%84
</harden/bcfiles/linux_bcfiles/thermal_char_device.bc>:temp_read:128:0:true	</harden/bcfiles/linux_bcfiles/thermal_char_device.bc>:temp_read:%92
</harden/bcfiles/linux_bcfiles/thermal_char_device.bc>:temp_sensor_thread:%12	</harden/bcfiles/linux_bcfiles/thermal_char_device.bc>:temp_sensor_thread:%13
</harden/bcfiles/linux_bcfiles/thermal_char_device.bc>:temp_sensor_thread:%8	</harden/bcfiles/linux_bcfiles/thermal_char_device.bc>:temp_sensor_thread:%9
</harden/bcfiles/linux_bcfiles/thermal_char_device.bc>:IS_ERR:%8	</harden/bcfiles/linux_bcfiles/thermal_char_device.bc>:IS_ERR:%9
</harden/bcfiles/linux_bcfiles/thermal_char_device.bc>:IS_ERR:%7	</harden/bcfiles/linux_bcfiles/thermal_char_device.bc>:IS_ERR:%8
</harden/bcfiles/linux_bcfiles/thermal_char_device.bc>:IS_ERR:%5	</harden/bcfiles/linux_bcfiles/thermal_char_device.bc>:IS_ERR:%6
</harden/bcfiles/linux_bcfiles/thermal_char_device.bc>:IS_ERR:%4	</harden/bcfiles/linux_bcfiles/thermal_char_device.bc>:IS_ERR:%5
</harden/bcfiles/linux_bcfiles/thermal_char_device.bc>:IS_ERR:%3	</harden/bcfiles/linux_bcfiles/thermal_char_device.bc>:IS_ERR:%4
</harden/bcfiles/linux_bcfiles/thermal_char_device.bc>:PTR_ERR:%3	</harden/bcfiles/linux_bcfiles/thermal_char_device.bc>:temp_sensor_init:%86
</harden/bcfiles/linux_bcfiles/thermal_char_device.bc>:PTR_ERR:%3	</harden/bcfiles/linux_bcfiles/thermal_char_device.bc>:temp_sensor_init:%68
</harden/bcfiles/linux_bcfiles/thermal_char_device.bc>:PTR_ERR:%3	</harden/bcfiles/linux_bcfiles/thermal_char_device.bc>:temp_sensor_init:%61
</harden/bcfiles/linux_bcfiles/thermal_char_device.bc>:PTR_ERR:%3	</harden/bcfiles/linux_bcfiles/thermal_char_device.bc>:temp_sensor_init:%55
</harden/bcfiles/linux_bcfiles/thermal_char_device.bc>:PTR_ERR:%3	</harden/bcfiles/linux_bcfiles/thermal_char_device.bc>:temp_sensor_init:%47
</harden/bcfiles/linux_bcfiles/thermal_char_device.bc>:PTR_ERR:%3	</harden/bcfiles/linux_bcfiles/thermal_char_device.bc>:temp_sensor_init:%64
</harden/bcfiles/linux_bcfiles/thermal_char_device.bc>:PTR_ERR:%3	</harden/bcfiles/linux_bcfiles/thermal_char_device.bc>:temp_sensor_init:%32
</harden/bcfiles/linux_bcfiles/thermal_char_device.bc>:PTR_ERR:%3	</harden/bcfiles/linux_bcfiles/thermal_char_device.bc>:temp_sensor_init:%24
</harden/bcfiles/linux_bcfiles/thermal_char_device.bc>:PTR_ERR:%3	</harden/bcfiles/linux_bcfiles/thermal_char_device.bc>:temp_sensor_init:%41
</harden/bcfiles/linux_bcfiles/thermal_char_device.bc>:PTR_ERR:%3	</harden/bcfiles/linux_bcfiles/thermal_char_device.bc>:temp_sensor_init:%15
</harden/bcfiles/linux_bcfiles/thermal_char_device.bc>:PTR_ERR:%3	</harden/bcfiles/linux_bcfiles/thermal_char_device.bc>:temp_sensor_init:%44
</harden/bcfiles/linux_bcfiles/thermal_char_device.bc>:PTR_ERR:%3	</harden/bcfiles/linux_bcfiles/thermal_char_device.bc>:temp_sensor_init:%72
</harden/bcfiles/linux_bcfiles/thermal_char_device.bc>:PTR_ERR:%3	</harden/bcfiles/linux_bcfiles/thermal_char_device.bc>:temp_sensor_init:%35
</harden/bcfiles/linux_bcfiles/thermal_char_device.bc>:PTR_ERR:%3	</harden/bcfiles/linux_bcfiles/thermal_char_device.bc>:temp_sensor_init:%51
</harden/bcfiles/linux_bcfiles/thermal_char_device.bc>:PTR_ERR:%3	</harden/bcfiles/linux_bcfiles/thermal_char_device.bc>:temp_sensor_init:%28
</harden/bcfiles/linux_bcfiles/thermal_char_device.bc>:PTR_ERR:%3	</harden/bcfiles/linux_bcfiles/thermal_char_device.bc>:temp_sensor_init:%12
</harden/bcfiles/linux_bcfiles/thermal_char_device.bc>:PTR_ERR:%3	</harden/bcfiles/linux_bcfiles/thermal_char_device.bc>:temp_sensor_init:%18
</harden/bcfiles/linux_bcfiles/thermal_char_device.bc>:PTR_ERR:%3	</harden/bcfiles/linux_bcfiles/thermal_char_device.bc>:temp_sensor_exit:%8
</harden/bcfiles/linux_bcfiles/thermal_char_device.bc>:PTR_ERR:%3	</harden/bcfiles/linux_bcfiles/thermal_char_device.bc>:PTR_ERR:%4
</harden/bcfiles/linux_bcfiles/thermal_char_device.bc>:PTR_ERR:%3	</harden/bcfiles/linux_bcfiles/thermal_char_device.bc>:register_chrdev:%10
</harden/bcfiles/linux_bcfiles/thermal_char_device.bc>:PTR_ERR:%3	</harden/bcfiles/linux_bcfiles/thermal_char_device.bc>:temp_read:%66
</harden/bcfiles/linux_bcfiles/thermal_char_device.bc>:PTR_ERR:%3	</harden/bcfiles/linux_bcfiles/thermal_char_device.bc>:temp_read:%50
</harden/bcfiles/linux_bcfiles/thermal_char_device.bc>:PTR_ERR:%3	</harden/bcfiles/linux_bcfiles/thermal_char_device.bc>:temp_read:%109
</harden/bcfiles/linux_bcfiles/thermal_char_device.bc>:PTR_ERR:%3	</harden/bcfiles/linux_bcfiles/thermal_char_device.bc>:temp_read:%32
</harden/bcfiles/linux_bcfiles/thermal_char_device.bc>:temp_read:%117	</harden/bcfiles/linux_bcfiles/thermal_char_device.bc>:temp_read:%118
</harden/bcfiles/linux_bcfiles/thermal_char_device.bc>:temp_read:%91	</harden/bcfiles/linux_bcfiles/thermal_char_device.bc>:temp_read:%92
</harden/bcfiles/linux_bcfiles/thermal_char_device.bc>:temp_read:%60	</harden/bcfiles/linux_bcfiles/thermal_char_device.bc>:temp_read:%61
</harden/bcfiles/linux_bcfiles/thermal_char_device.bc>:temp_read:%79	</harden/bcfiles/linux_bcfiles/thermal_char_device.bc>:temp_read:%80
</harden/bcfiles/linux_bcfiles/thermal_char_device.bc>:temp_read:%115	</harden/bcfiles/linux_bcfiles/thermal_char_device.bc>:temp_read:%118
</harden/bcfiles/linux_bcfiles/thermal_char_device.bc>:temp_read:%83	</harden/bcfiles/linux_bcfiles/thermal_char_device.bc>:temp_read:%84
