</harden/bcfiles/linux_bcfiles/thermal_char_device.bc>:IS_ERR	</harden/bcfiles/linux_bcfiles/thermal_char_device.bc>:temp_sensor_init:%47
</harden/bcfiles/linux_bcfiles/thermal_char_device.bc>:IS_ERR	</harden/bcfiles/linux_bcfiles/thermal_char_device.bc>:temp_sensor_init:%64
</harden/bcfiles/linux_bcfiles/thermal_char_device.bc>:IS_ERR	</harden/bcfiles/linux_bcfiles/thermal_char_device.bc>:temp_sensor_init:%24
</harden/bcfiles/linux_bcfiles/thermal_char_device.bc>:IS_ERR	</harden/bcfiles/linux_bcfiles/thermal_char_device.bc>:temp_sensor_init:%15
</harden/bcfiles/linux_bcfiles/thermal_char_device.bc>:PTR_ERR	</harden/bcfiles/linux_bcfiles/thermal_char_device.bc>:temp_sensor_init:%55
</harden/bcfiles/linux_bcfiles/thermal_char_device.bc>:PTR_ERR	</harden/bcfiles/linux_bcfiles/thermal_char_device.bc>:temp_sensor_init:%32
</harden/bcfiles/linux_bcfiles/thermal_char_device.bc>:PTR_ERR	</harden/bcfiles/linux_bcfiles/thermal_char_device.bc>:temp_sensor_init:%72
</harden/bcfiles/linux_bcfiles/thermal_char_device.bc>:register_chrdev	</harden/bcfiles/linux_bcfiles/thermal_char_device.bc>:temp_sensor_init:%35
</harden/bcfiles/linux_bcfiles/thermal_char_device.bc>:kthread_create_on_node	</harden/bcfiles/linux_bcfiles/thermal_char_device.bc>:temp_sensor_init:%12
</harden/bcfiles/linux_bcfiles/thermal_char_device.bc>:wake_up_process	</harden/bcfiles/linux_bcfiles/thermal_char_device.bc>:temp_sensor_init:%18
</harden/bcfiles/linux_bcfiles/thermal_char_device.bc>:_printk	</harden/bcfiles/linux_bcfiles/thermal_char_device.bc>:temp_sensor_init:%68
</harden/bcfiles/linux_bcfiles/thermal_char_device.bc>:_printk	</harden/bcfiles/linux_bcfiles/thermal_char_device.bc>:temp_sensor_init:%41
</harden/bcfiles/linux_bcfiles/thermal_char_device.bc>:_printk	</harden/bcfiles/linux_bcfiles/thermal_char_device.bc>:temp_sensor_init:%51
</harden/bcfiles/linux_bcfiles/thermal_char_device.bc>:_printk	</harden/bcfiles/linux_bcfiles/thermal_char_device.bc>:temp_sensor_init:%28
</harden/bcfiles/linux_bcfiles/thermal_char_device.bc>:class_create	</harden/bcfiles/linux_bcfiles/thermal_char_device.bc>:temp_sensor_init:%44
</harden/bcfiles/linux_bcfiles/thermal_char_device.bc>:device_create	</harden/bcfiles/linux_bcfiles/thermal_char_device.bc>:temp_sensor_init:%61
</harden/bcfiles/linux_bcfiles/thermal_char_device.bc>:kthread_stop	</harden/bcfiles/linux_bcfiles/thermal_char_device.bc>:temp_sensor_init:%86
</harden/bcfiles/linux_bcfiles/thermal_char_device.bc>:kthread_stop	</harden/bcfiles/linux_bcfiles/thermal_char_device.bc>:temp_sensor_exit:%8
</harden/bcfiles/linux_bcfiles/thermal_char_device.bc>:kthread_should_stop	</harden/bcfiles/linux_bcfiles/thermal_char_device.bc>:temp_sensor_thread:%8
</harden/bcfiles/linux_bcfiles/thermal_char_device.bc>:get_random_u32	</harden/bcfiles/linux_bcfiles/thermal_char_device.bc>:temp_sensor_thread:%11
</harden/bcfiles/linux_bcfiles/thermal_char_device.bc>:__register_chrdev	</harden/bcfiles/linux_bcfiles/thermal_char_device.bc>:register_chrdev:%10
</harden/bcfiles/linux_bcfiles/thermal_char_device.bc>:snprintf	</harden/bcfiles/linux_bcfiles/thermal_char_device.bc>:temp_read:%32
</harden/bcfiles/linux_bcfiles/thermal_char_device.bc>:_copy_to_user	</harden/bcfiles/linux_bcfiles/thermal_char_device.bc>:temp_read:%109
</harden/bcfiles/linux_bcfiles/thermal_char_device.bc>:llvm.objectsize.i64.p0i8	</harden/bcfiles/linux_bcfiles/thermal_char_device.bc>:temp_read:%50
</harden/bcfiles/linux_bcfiles/thermal_char_device.bc>:llvm.is.constant.i64	</harden/bcfiles/linux_bcfiles/thermal_char_device.bc>:temp_read:%66
