</harden/bcfiles/linux_bcfiles/thermal_char_device.bc>:temp_sensor_init:15:2:null	*null*
</harden/bcfiles/linux_bcfiles/thermal_char_device.bc>:temp_sensor_init:75:1:null	*null*
</harden/bcfiles/linux_bcfiles/thermal_char_device.bc>:temp_sensor_init:75:3:null	*null*
</harden/bcfiles/linux_bcfiles/thermal_char_device.bc>:9:null	*null*
</harden/bcfiles/linux_bcfiles/thermal_char_device.bc>:12:null	*null*
</harden/bcfiles/linux_bcfiles/thermal_char_device.bc>:17:null	*null*
</harden/bcfiles/linux_bcfiles/thermal_char_device.bc>:19:null	*null*
</harden/bcfiles/linux_bcfiles/thermal_char_device.bc>:20:null	*null*
</harden/bcfiles/linux_bcfiles/thermal_char_device.bc>:21:null	*null*
</harden/bcfiles/linux_bcfiles/thermal_char_device.bc>:22:null	*null*
</harden/bcfiles/linux_bcfiles/thermal_char_device.bc>:23:null	*null*
</harden/bcfiles/linux_bcfiles/thermal_char_device.bc>:24:null	*null*
</harden/bcfiles/linux_bcfiles/thermal_char_device.bc>:25:null	*null*
</harden/bcfiles/linux_bcfiles/thermal_char_device.bc>:26:null	*null*
</harden/bcfiles/linux_bcfiles/thermal_char_device.bc>:27:null	*null*
</harden/bcfiles/linux_bcfiles/thermal_char_device.bc>:30:null	*null*
</harden/bcfiles/linux_bcfiles/thermal_char_device.bc>:32:null	*null*
</harden/bcfiles/linux_bcfiles/thermal_char_device.bc>:33:null	*null*
</harden/bcfiles/linux_bcfiles/thermal_char_device.bc>:34:null	*null*
</harden/bcfiles/linux_bcfiles/thermal_char_device.bc>:35:null	*null*
</harden/bcfiles/linux_bcfiles/thermal_char_device.bc>:36:null	*null*
</harden/bcfiles/linux_bcfiles/thermal_char_device.bc>:37:null	*null*
</harden/bcfiles/linux_bcfiles/thermal_char_device.bc>:38:null	*null*
</harden/bcfiles/linux_bcfiles/thermal_char_device.bc>:39:null	*null*
</harden/bcfiles/linux_bcfiles/thermal_char_device.bc>:40:null	*null*
</harden/bcfiles/linux_bcfiles/thermal_char_device.bc>:41:null	*null*
</harden/bcfiles/linux_bcfiles/thermal_char_device.bc>:42:null	*null*
</harden/bcfiles/linux_bcfiles/thermal_char_device.bc>:43:null	*null*
</harden/bcfiles/linux_bcfiles/thermal_char_device.bc>:44:null	*null*
</harden/bcfiles/linux_bcfiles/thermal_char_device.bc>:45:null	*null*
</harden/bcfiles/linux_bcfiles/thermal_char_device.bc>:46:null	*null*
</harden/bcfiles/linux_bcfiles/thermal_char_device.bc>:47:null	*null*
</harden/bcfiles/linux_bcfiles/thermal_char_device.bc>:48:null	*null*
</harden/bcfiles/linux_bcfiles/thermal_char_device.bc>:51:null	*null*
</harden/bcfiles/linux_bcfiles/thermal_char_device.bc>:temp_sensor_init:108:0:null	*null*
</harden/bcfiles/linux_bcfiles/thermal_char_device.bc>:temp_sensor_exit:5:0:null	*null*
</harden/bcfiles/linux_bcfiles/thermal_char_device.bc>:thermal_devnode:7:0:null	*null*
</harden/bcfiles/linux_bcfiles/thermal_char_device.bc>:thermal_devnode:12:0:null	*null*
</harden/bcfiles/linux_bcfiles/thermal_char_device.bc>:5:bitcast (i32 ()* @init_module to i8*)	*global_alloc@temp_sensor_init
</harden/bcfiles/linux_bcfiles/thermal_char_device.bc>:98:@temp_sensor_init	*global_alloc@temp_sensor_init
</harden/bcfiles/linux_bcfiles/thermal_char_device.bc>:6:@init_module	*global_alloc@temp_sensor_init
</harden/bcfiles/linux_bcfiles/thermal_char_device.bc>:7:bitcast (void ()* @cleanup_module to i8*)	*global_alloc@temp_sensor_exit
</harden/bcfiles/linux_bcfiles/thermal_char_device.bc>:99:@temp_sensor_exit	*global_alloc@temp_sensor_exit
</harden/bcfiles/linux_bcfiles/thermal_char_device.bc>:8:@cleanup_module	*global_alloc@temp_sensor_exit
</harden/bcfiles/linux_bcfiles/thermal_char_device.bc>:temp_sensor_init:15:1:@temp_sensor_thread	*global_alloc@temp_sensor_thread
</harden/bcfiles/linux_bcfiles/thermal_char_device.bc>:temp_sensor_init:19:0:@IS_ERR	*global_alloc@IS_ERR
</harden/bcfiles/linux_bcfiles/thermal_char_device.bc>:temp_sensor_init:30:0:@IS_ERR	*global_alloc@IS_ERR
</harden/bcfiles/linux_bcfiles/thermal_char_device.bc>:temp_sensor_init:58:0:@IS_ERR	*global_alloc@IS_ERR
</harden/bcfiles/linux_bcfiles/thermal_char_device.bc>:temp_sensor_init:79:0:@IS_ERR	*global_alloc@IS_ERR
</harden/bcfiles/linux_bcfiles/thermal_char_device.bc>:temp_sensor_init:39:0:@PTR_ERR	*global_alloc@PTR_ERR
</harden/bcfiles/linux_bcfiles/thermal_char_device.bc>:temp_sensor_init:67:0:@PTR_ERR	*global_alloc@PTR_ERR
</harden/bcfiles/linux_bcfiles/thermal_char_device.bc>:temp_sensor_init:88:0:@PTR_ERR	*global_alloc@PTR_ERR
</harden/bcfiles/linux_bcfiles/thermal_char_device.bc>:temp_sensor_init:43:0:@register_chrdev	*global_alloc@register_chrdev
</harden/bcfiles/linux_bcfiles/thermal_char_device.bc>:temp_sensor_init:73:0:@thermal_devnode	*global_alloc@thermal_devnode
</harden/bcfiles/linux_bcfiles/thermal_char_device.bc>:temp_sensor_init:104:0:@unregister_chrdev	*global_alloc@unregister_chrdev
</harden/bcfiles/linux_bcfiles/thermal_char_device.bc>:temp_sensor_exit:14:0:@unregister_chrdev	*global_alloc@unregister_chrdev
</harden/bcfiles/linux_bcfiles/thermal_char_device.bc>:temp_sensor_thread:21:0:@ssleep	*global_alloc@ssleep
</harden/bcfiles/linux_bcfiles/thermal_char_device.bc>:18:@temp_read	*global_alloc@temp_read
</harden/bcfiles/linux_bcfiles/thermal_char_device.bc>:29:@temp_open	*global_alloc@temp_open
</harden/bcfiles/linux_bcfiles/thermal_char_device.bc>:31:@temp_release	*global_alloc@temp_release
</harden/bcfiles/linux_bcfiles/thermal_char_device.bc>:temp_read:97:0:@copy_overflow	*global_alloc@copy_overflow
</harden/bcfiles/linux_bcfiles/thermal_char_device.bc>:temp_read:141:0:@check_object_size	*global_alloc@check_object_size
</harden/bcfiles/linux_bcfiles/thermal_char_device.bc>:temp_sensor_exit:15:0:@mutex_destroy	*global_alloc@mutex_destroy
</harden/bcfiles/linux_bcfiles/thermal_char_device.bc>:temp_sensor_init:10:0:@llvm.dbg.declare	*global_alloc@llvm.dbg.declare
</harden/bcfiles/linux_bcfiles/thermal_char_device.bc>:temp_sensor_init:14:0:@llvm.dbg.declare	*global_alloc@llvm.dbg.declare
</harden/bcfiles/linux_bcfiles/thermal_char_device.bc>:temp_sensor_thread:5:0:@llvm.dbg.declare	*global_alloc@llvm.dbg.declare
</harden/bcfiles/linux_bcfiles/thermal_char_device.bc>:temp_sensor_thread:12:0:@llvm.dbg.declare	*global_alloc@llvm.dbg.declare
</harden/bcfiles/linux_bcfiles/thermal_char_device.bc>:IS_ERR:2:0:@llvm.dbg.declare	*global_alloc@llvm.dbg.declare
</harden/bcfiles/linux_bcfiles/thermal_char_device.bc>:PTR_ERR:2:0:@llvm.dbg.declare	*global_alloc@llvm.dbg.declare
</harden/bcfiles/linux_bcfiles/thermal_char_device.bc>:register_chrdev:4:0:@llvm.dbg.declare	*global_alloc@llvm.dbg.declare
</harden/bcfiles/linux_bcfiles/thermal_char_device.bc>:register_chrdev:6:0:@llvm.dbg.declare	*global_alloc@llvm.dbg.declare
</harden/bcfiles/linux_bcfiles/thermal_char_device.bc>:register_chrdev:8:0:@llvm.dbg.declare	*global_alloc@llvm.dbg.declare
</harden/bcfiles/linux_bcfiles/thermal_char_device.bc>:thermal_devnode:3:0:@llvm.dbg.declare	*global_alloc@llvm.dbg.declare
</harden/bcfiles/linux_bcfiles/thermal_char_device.bc>:thermal_devnode:5:0:@llvm.dbg.declare	*global_alloc@llvm.dbg.declare
</harden/bcfiles/linux_bcfiles/thermal_char_device.bc>:unregister_chrdev:3:0:@llvm.dbg.declare	*global_alloc@llvm.dbg.declare
</harden/bcfiles/linux_bcfiles/thermal_char_device.bc>:unregister_chrdev:5:0:@llvm.dbg.declare	*global_alloc@llvm.dbg.declare
</harden/bcfiles/linux_bcfiles/thermal_char_device.bc>:ssleep:2:0:@llvm.dbg.declare	*global_alloc@llvm.dbg.declare
</harden/bcfiles/linux_bcfiles/thermal_char_device.bc>:temp_read:20:0:@llvm.dbg.declare	*global_alloc@llvm.dbg.declare
</harden/bcfiles/linux_bcfiles/thermal_char_device.bc>:temp_read:22:0:@llvm.dbg.declare	*global_alloc@llvm.dbg.declare
</harden/bcfiles/linux_bcfiles/thermal_char_device.bc>:temp_read:24:0:@llvm.dbg.declare	*global_alloc@llvm.dbg.declare
</harden/bcfiles/linux_bcfiles/thermal_char_device.bc>:temp_read:26:0:@llvm.dbg.declare	*global_alloc@llvm.dbg.declare
</harden/bcfiles/linux_bcfiles/thermal_char_device.bc>:temp_read:27:0:@llvm.dbg.declare	*global_alloc@llvm.dbg.declare
</harden/bcfiles/linux_bcfiles/thermal_char_device.bc>:temp_read:28:0:@llvm.dbg.declare	*global_alloc@llvm.dbg.declare
</harden/bcfiles/linux_bcfiles/thermal_char_device.bc>:temp_read:29:0:@llvm.dbg.declare	*global_alloc@llvm.dbg.declare
</harden/bcfiles/linux_bcfiles/thermal_char_device.bc>:temp_read:61:0:@llvm.dbg.declare	*global_alloc@llvm.dbg.declare
</harden/bcfiles/linux_bcfiles/thermal_char_device.bc>:temp_read:63:0:@llvm.dbg.declare	*global_alloc@llvm.dbg.declare
</harden/bcfiles/linux_bcfiles/thermal_char_device.bc>:temp_read:65:0:@llvm.dbg.declare	*global_alloc@llvm.dbg.declare
</harden/bcfiles/linux_bcfiles/thermal_char_device.bc>:temp_read:69:0:@llvm.dbg.declare	*global_alloc@llvm.dbg.declare
</harden/bcfiles/linux_bcfiles/thermal_char_device.bc>:temp_read:71:0:@llvm.dbg.declare	*global_alloc@llvm.dbg.declare
</harden/bcfiles/linux_bcfiles/thermal_char_device.bc>:temp_read:73:0:@llvm.dbg.declare	*global_alloc@llvm.dbg.declare
</harden/bcfiles/linux_bcfiles/thermal_char_device.bc>:temp_read:74:0:@llvm.dbg.declare	*global_alloc@llvm.dbg.declare
</harden/bcfiles/linux_bcfiles/thermal_char_device.bc>:temp_read:109:0:@llvm.dbg.declare	*global_alloc@llvm.dbg.declare
</harden/bcfiles/linux_bcfiles/thermal_char_device.bc>:temp_read:121:0:@llvm.dbg.declare	*global_alloc@llvm.dbg.declare
</harden/bcfiles/linux_bcfiles/thermal_char_device.bc>:temp_open:4:0:@llvm.dbg.declare	*global_alloc@llvm.dbg.declare
</harden/bcfiles/linux_bcfiles/thermal_char_device.bc>:temp_open:6:0:@llvm.dbg.declare	*global_alloc@llvm.dbg.declare
</harden/bcfiles/linux_bcfiles/thermal_char_device.bc>:temp_release:4:0:@llvm.dbg.declare	*global_alloc@llvm.dbg.declare
</harden/bcfiles/linux_bcfiles/thermal_char_device.bc>:temp_release:6:0:@llvm.dbg.declare	*global_alloc@llvm.dbg.declare
</harden/bcfiles/linux_bcfiles/thermal_char_device.bc>:copy_overflow:3:0:@llvm.dbg.declare	*global_alloc@llvm.dbg.declare
</harden/bcfiles/linux_bcfiles/thermal_char_device.bc>:copy_overflow:5:0:@llvm.dbg.declare	*global_alloc@llvm.dbg.declare
</harden/bcfiles/linux_bcfiles/thermal_char_device.bc>:check_object_size:4:0:@llvm.dbg.declare	*global_alloc@llvm.dbg.declare
</harden/bcfiles/linux_bcfiles/thermal_char_device.bc>:check_object_size:6:0:@llvm.dbg.declare	*global_alloc@llvm.dbg.declare
</harden/bcfiles/linux_bcfiles/thermal_char_device.bc>:check_object_size:9:0:@llvm.dbg.declare	*global_alloc@llvm.dbg.declare
</harden/bcfiles/linux_bcfiles/thermal_char_device.bc>:mutex_destroy:2:0:@llvm.dbg.declare	*global_alloc@llvm.dbg.declare
</harden/bcfiles/linux_bcfiles/thermal_char_device.bc>:temp_sensor_init:15:0:@kthread_create_on_node	*global_alloc@kthread_create_on_node
</harden/bcfiles/linux_bcfiles/thermal_char_device.bc>:temp_sensor_init:22:0:@wake_up_process	*global_alloc@wake_up_process
</harden/bcfiles/linux_bcfiles/thermal_char_device.bc>:temp_sensor_init:34:0:@_printk	*global_alloc@_printk
</harden/bcfiles/linux_bcfiles/thermal_char_device.bc>:temp_sensor_init:50:0:@_printk	*global_alloc@_printk
</harden/bcfiles/linux_bcfiles/thermal_char_device.bc>:temp_sensor_init:62:0:@_printk	*global_alloc@_printk
</harden/bcfiles/linux_bcfiles/thermal_char_device.bc>:temp_sensor_init:83:0:@_printk	*global_alloc@_printk
</harden/bcfiles/linux_bcfiles/thermal_char_device.bc>:temp_sensor_init:54:0:@class_create	*global_alloc@class_create
</harden/bcfiles/linux_bcfiles/thermal_char_device.bc>:temp_sensor_init:75:0:@device_create	*global_alloc@device_create
</harden/bcfiles/linux_bcfiles/thermal_char_device.bc>:temp_sensor_init:93:0:@__mutex_init	*global_alloc@__mutex_init
</harden/bcfiles/linux_bcfiles/thermal_char_device.bc>:temp_sensor_init:99:0:@llvm.dbg.label	*global_alloc@llvm.dbg.label
</harden/bcfiles/linux_bcfiles/thermal_char_device.bc>:temp_sensor_init:103:0:@llvm.dbg.label	*global_alloc@llvm.dbg.label
</harden/bcfiles/linux_bcfiles/thermal_char_device.bc>:temp_sensor_init:106:0:@llvm.dbg.label	*global_alloc@llvm.dbg.label
</harden/bcfiles/linux_bcfiles/thermal_char_device.bc>:temp_sensor_init:101:0:@class_destroy	*global_alloc@class_destroy
</harden/bcfiles/linux_bcfiles/thermal_char_device.bc>:temp_sensor_exit:13:0:@class_destroy	*global_alloc@class_destroy
</harden/bcfiles/linux_bcfiles/thermal_char_device.bc>:temp_sensor_init:111:0:@kthread_stop	*global_alloc@kthread_stop
</harden/bcfiles/linux_bcfiles/thermal_char_device.bc>:temp_sensor_exit:8:0:@kthread_stop	*global_alloc@kthread_stop
</harden/bcfiles/linux_bcfiles/thermal_char_device.bc>:temp_sensor_thread:9:0:@kthread_should_stop	*global_alloc@kthread_should_stop
</harden/bcfiles/linux_bcfiles/thermal_char_device.bc>:temp_sensor_thread:13:0:@get_random_u32	*global_alloc@get_random_u32
</harden/bcfiles/linux_bcfiles/thermal_char_device.bc>:temp_sensor_thread:17:0:@mutex_lock	*global_alloc@mutex_lock
</harden/bcfiles/linux_bcfiles/thermal_char_device.bc>:temp_read:36:0:@mutex_lock	*global_alloc@mutex_lock
</harden/bcfiles/linux_bcfiles/thermal_char_device.bc>:temp_sensor_thread:20:0:@mutex_unlock	*global_alloc@mutex_unlock
</harden/bcfiles/linux_bcfiles/thermal_char_device.bc>:temp_read:39:0:@mutex_unlock	*global_alloc@mutex_unlock
</harden/bcfiles/linux_bcfiles/thermal_char_device.bc>:ssleep:5:0:@msleep	*global_alloc@msleep
</harden/bcfiles/linux_bcfiles/thermal_char_device.bc>:register_chrdev:12:0:@__register_chrdev	*global_alloc@__register_chrdev
</harden/bcfiles/linux_bcfiles/thermal_char_device.bc>:temp_read:42:0:@snprintf	*global_alloc@snprintf
</harden/bcfiles/linux_bcfiles/thermal_char_device.bc>:temp_read:149:0:@_copy_to_user	*global_alloc@_copy_to_user
</harden/bcfiles/linux_bcfiles/thermal_char_device.bc>:temp_read:76:0:@llvm.objectsize.i64.p0i8	*global_alloc@llvm.objectsize.i64.p0i8
</harden/bcfiles/linux_bcfiles/thermal_char_device.bc>:temp_read:93:0:@llvm.is.constant.i64	*global_alloc@llvm.is.constant.i64
</harden/bcfiles/linux_bcfiles/thermal_char_device.bc>:temp_read:102:0:@__bad_copy_from	*global_alloc@__bad_copy_from
</harden/bcfiles/linux_bcfiles/thermal_char_device.bc>:temp_read:104:0:@__bad_copy_to	*global_alloc@__bad_copy_to
</harden/bcfiles/linux_bcfiles/thermal_char_device.bc>:copy_overflow:8:0:@__copy_overflow	*global_alloc@__copy_overflow
</harden/bcfiles/linux_bcfiles/thermal_char_device.bc>:unregister_chrdev:8:0:@__unregister_chrdev	*global_alloc@__unregister_chrdev
</harden/bcfiles/linux_bcfiles/thermal_char_device.bc>:temp_sensor_exit:11:0:@device_destroy	*global_alloc@device_destroy
</harden/bcfiles/linux_bcfiles/thermal_char_device.bc>:75:@__UNIQUE_ID_license233	*global_alloc@__UNIQUE_ID_license233
</harden/bcfiles/linux_bcfiles/thermal_char_device.bc>:79:@__UNIQUE_ID_author234	*global_alloc@__UNIQUE_ID_author234
</harden/bcfiles/linux_bcfiles/thermal_char_device.bc>:83:@__UNIQUE_ID_description235	*global_alloc@__UNIQUE_ID_description235
</harden/bcfiles/linux_bcfiles/thermal_char_device.bc>:87:@__UNIQUE_ID_version236	*global_alloc@__UNIQUE_ID_version236
</harden/bcfiles/linux_bcfiles/thermal_char_device.bc>:91:@__UNIQUE_ID_alias237	*global_alloc@__UNIQUE_ID_alias237
</harden/bcfiles/linux_bcfiles/thermal_char_device.bc>:94:bitcast (i8** @__UNIQUE_ID___addressable_init_module238 to i8*)	*global_alloc@__UNIQUE_ID___addressable_init_module238
</harden/bcfiles/linux_bcfiles/thermal_char_device.bc>:95:@__UNIQUE_ID___addressable_init_module238	*global_alloc@__UNIQUE_ID___addressable_init_module238
</harden/bcfiles/linux_bcfiles/thermal_char_device.bc>:96:bitcast (i8** @__UNIQUE_ID___addressable_cleanup_module239 to i8*)	*global_alloc@__UNIQUE_ID___addressable_cleanup_module239
</harden/bcfiles/linux_bcfiles/thermal_char_device.bc>:97:@__UNIQUE_ID___addressable_cleanup_module239	*global_alloc@__UNIQUE_ID___addressable_cleanup_module239
</harden/bcfiles/linux_bcfiles/thermal_char_device.bc>:temp_sensor_init:76:0:@temp_sensor_init.temp_device	*global_alloc@temp_sensor_init.temp_device
</harden/bcfiles/linux_bcfiles/thermal_char_device.bc>:temp_sensor_init:77:0:@temp_sensor_init.temp_device	*global_alloc@temp_sensor_init.temp_device
</harden/bcfiles/linux_bcfiles/thermal_char_device.bc>:temp_sensor_init:86:0:@temp_sensor_init.temp_device	*global_alloc@temp_sensor_init.temp_device
</harden/bcfiles/linux_bcfiles/thermal_char_device.bc>:temp_sensor_init:13:1:@current_temperature	*global_alloc@current_temperature
</harden/bcfiles/linux_bcfiles/thermal_char_device.bc>:temp_sensor_thread:19:0:@current_temperature	*global_alloc@current_temperature
</harden/bcfiles/linux_bcfiles/thermal_char_device.bc>:temp_read:37:0:@current_temperature	*global_alloc@current_temperature
</harden/bcfiles/linux_bcfiles/thermal_char_device.bc>:temp_sensor_init:15:5:@.str	*global_alloc@.str
</harden/bcfiles/linux_bcfiles/thermal_char_device.bc>:temp_sensor_init:27:0:@temp_thread	*global_alloc@temp_thread
</harden/bcfiles/linux_bcfiles/thermal_char_device.bc>:temp_sensor_init:28:0:@temp_thread	*global_alloc@temp_thread
</harden/bcfiles/linux_bcfiles/thermal_char_device.bc>:temp_sensor_init:37:0:@temp_thread	*global_alloc@temp_thread
</harden/bcfiles/linux_bcfiles/thermal_char_device.bc>:temp_sensor_init:107:0:@temp_thread	*global_alloc@temp_thread
</harden/bcfiles/linux_bcfiles/thermal_char_device.bc>:temp_sensor_init:110:0:@temp_thread	*global_alloc@temp_thread
</harden/bcfiles/linux_bcfiles/thermal_char_device.bc>:temp_sensor_exit:4:0:@temp_thread	*global_alloc@temp_thread
</harden/bcfiles/linux_bcfiles/thermal_char_device.bc>:temp_sensor_exit:7:0:@temp_thread	*global_alloc@temp_thread
</harden/bcfiles/linux_bcfiles/thermal_char_device.bc>:temp_sensor_init:34:2:@.str.1	*global_alloc@.str.1
</harden/bcfiles/linux_bcfiles/thermal_char_device.bc>:temp_sensor_init:43:3:@.str.2	*global_alloc@.str.2
</harden/bcfiles/linux_bcfiles/thermal_char_device.bc>:temp_sensor_init:75:5:@.str.2	*global_alloc@.str.2
</harden/bcfiles/linux_bcfiles/thermal_char_device.bc>:temp_sensor_init:104:3:@.str.2	*global_alloc@.str.2
</harden/bcfiles/linux_bcfiles/thermal_char_device.bc>:temp_sensor_exit:14:3:@.str.2	*global_alloc@.str.2
</harden/bcfiles/linux_bcfiles/thermal_char_device.bc>:temp_sensor_init:43:6:@temp_fops	*global_alloc@temp_fops
</harden/bcfiles/linux_bcfiles/thermal_char_device.bc>:temp_sensor_init:50:2:@.str.3	*global_alloc@.str.3
</harden/bcfiles/linux_bcfiles/thermal_char_device.bc>:temp_sensor_init:54:2:@.str.4	*global_alloc@.str.4
</harden/bcfiles/linux_bcfiles/thermal_char_device.bc>:temp_sensor_init:55:0:@temp_class	*global_alloc@temp_class
</harden/bcfiles/linux_bcfiles/thermal_char_device.bc>:temp_sensor_init:56:0:@temp_class	*global_alloc@temp_class
</harden/bcfiles/linux_bcfiles/thermal_char_device.bc>:temp_sensor_init:65:0:@temp_class	*global_alloc@temp_class
</harden/bcfiles/linux_bcfiles/thermal_char_device.bc>:temp_sensor_init:71:0:@temp_class	*global_alloc@temp_class
</harden/bcfiles/linux_bcfiles/thermal_char_device.bc>:temp_sensor_init:74:0:@temp_class	*global_alloc@temp_class
</harden/bcfiles/linux_bcfiles/thermal_char_device.bc>:temp_sensor_init:100:0:@temp_class	*global_alloc@temp_class
</harden/bcfiles/linux_bcfiles/thermal_char_device.bc>:temp_sensor_exit:10:0:@temp_class	*global_alloc@temp_class
</harden/bcfiles/linux_bcfiles/thermal_char_device.bc>:temp_sensor_exit:12:0:@temp_class	*global_alloc@temp_class
</harden/bcfiles/linux_bcfiles/thermal_char_device.bc>:temp_sensor_init:62:2:@.str.5	*global_alloc@.str.5
</harden/bcfiles/linux_bcfiles/thermal_char_device.bc>:temp_sensor_init:83:2:@.str.6	*global_alloc@.str.6
</harden/bcfiles/linux_bcfiles/thermal_char_device.bc>:temp_sensor_init:93:6:@temp_sensor_init.__key	*global_alloc@temp_sensor_init.__key
</harden/bcfiles/linux_bcfiles/thermal_char_device.bc>:temp_sensor_init:93:1:@temp_mutex	*global_alloc@temp_mutex
</harden/bcfiles/linux_bcfiles/thermal_char_device.bc>:temp_sensor_exit:15:1:@temp_mutex	*global_alloc@temp_mutex
</harden/bcfiles/linux_bcfiles/thermal_char_device.bc>:temp_sensor_thread:17:1:@temp_mutex	*global_alloc@temp_mutex
</harden/bcfiles/linux_bcfiles/thermal_char_device.bc>:temp_sensor_thread:20:1:@temp_mutex	*global_alloc@temp_mutex
</harden/bcfiles/linux_bcfiles/thermal_char_device.bc>:temp_read:36:1:@temp_mutex	*global_alloc@temp_mutex
</harden/bcfiles/linux_bcfiles/thermal_char_device.bc>:temp_read:39:1:@temp_mutex	*global_alloc@temp_mutex
</harden/bcfiles/linux_bcfiles/thermal_char_device.bc>:62:bitcast (%struct.mutex* @temp_mutex to i8*)	*global_alloc@temp_mutex
</harden/bcfiles/linux_bcfiles/thermal_char_device.bc>:67:bitcast (%struct.mutex* @temp_mutex to i8*)	*global_alloc@temp_mutex
</harden/bcfiles/linux_bcfiles/thermal_char_device.bc>:63:@temp_mutex	*global_alloc@temp_mutex
</harden/bcfiles/linux_bcfiles/thermal_char_device.bc>:68:@temp_mutex	*global_alloc@temp_mutex
</harden/bcfiles/linux_bcfiles/thermal_char_device.bc>:temp_sensor_init:93:3:@.str.7	*global_alloc@.str.7
</harden/bcfiles/linux_bcfiles/thermal_char_device.bc>:16:@__this_module	*global_alloc@__this_module
</harden/bcfiles/linux_bcfiles/thermal_char_device.bc>:temp_read:42:3:@.str.8	*global_alloc@.str.8
</harden/bcfiles/linux_bcfiles/thermal_char_device.bc>:temp_read:124:1:@.str.9	*global_alloc@.str.9
</harden/bcfiles/linux_bcfiles/thermal_char_device.bc>:74:getelementptr inbounds ([12 x i8], [12 x i8]* @__UNIQUE_ID_license233, i32 0, i32 0)	*global_alloc@__UNIQUE_ID_license233[0]
</harden/bcfiles/linux_bcfiles/thermal_char_device.bc>:78:getelementptr inbounds ([22 x i8], [22 x i8]* @__UNIQUE_ID_author234, i32 0, i32 0)	*global_alloc@__UNIQUE_ID_author234[0]
</harden/bcfiles/linux_bcfiles/thermal_char_device.bc>:82:getelementptr inbounds ([58 x i8], [58 x i8]* @__UNIQUE_ID_description235, i32 0, i32 0)	*global_alloc@__UNIQUE_ID_description235[0]
</harden/bcfiles/linux_bcfiles/thermal_char_device.bc>:86:getelementptr inbounds ([12 x i8], [12 x i8]* @__UNIQUE_ID_version236, i32 0, i32 0)	*global_alloc@__UNIQUE_ID_version236[0]
</harden/bcfiles/linux_bcfiles/thermal_char_device.bc>:90:getelementptr inbounds ([21 x i8], [21 x i8]* @__UNIQUE_ID_alias237, i32 0, i32 0)	*global_alloc@__UNIQUE_ID_alias237[0]
</harden/bcfiles/linux_bcfiles/thermal_char_device.bc>:temp_sensor_init:15:4:getelementptr inbounds ([19 x i8], [19 x i8]* @.str, i64 0, i64 0)	*global_alloc@.str[0]
</harden/bcfiles/linux_bcfiles/thermal_char_device.bc>:temp_sensor_init:34:1:getelementptr inbounds ([67 x i8], [67 x i8]* @.str.1, i64 0, i64 0)	*global_alloc@.str.1[0]
</harden/bcfiles/linux_bcfiles/thermal_char_device.bc>:temp_sensor_init:43:2:getelementptr inbounds ([20 x i8], [20 x i8]* @.str.2, i64 0, i64 0)	*global_alloc@.str.2[0]
</harden/bcfiles/linux_bcfiles/thermal_char_device.bc>:temp_sensor_init:75:4:getelementptr inbounds ([20 x i8], [20 x i8]* @.str.2, i64 0, i64 0)	*global_alloc@.str.2[0]
</harden/bcfiles/linux_bcfiles/thermal_char_device.bc>:temp_sensor_init:104:2:getelementptr inbounds ([20 x i8], [20 x i8]* @.str.2, i64 0, i64 0)	*global_alloc@.str.2[0]
</harden/bcfiles/linux_bcfiles/thermal_char_device.bc>:temp_sensor_exit:14:2:getelementptr inbounds ([20 x i8], [20 x i8]* @.str.2, i64 0, i64 0)	*global_alloc@.str.2[0]
</harden/bcfiles/linux_bcfiles/thermal_char_device.bc>:temp_sensor_init:50:1:getelementptr inbounds ([60 x i8], [60 x i8]* @.str.3, i64 0, i64 0)	*global_alloc@.str.3[0]
</harden/bcfiles/linux_bcfiles/thermal_char_device.bc>:temp_sensor_init:54:1:getelementptr inbounds ([19 x i8], [19 x i8]* @.str.4, i64 0, i64 0)	*global_alloc@.str.4[0]
</harden/bcfiles/linux_bcfiles/thermal_char_device.bc>:temp_sensor_init:62:1:getelementptr inbounds ([47 x i8], [47 x i8]* @.str.5, i64 0, i64 0)	*global_alloc@.str.5[0]
</harden/bcfiles/linux_bcfiles/thermal_char_device.bc>:temp_sensor_init:83:1:getelementptr inbounds ([48 x i8], [48 x i8]* @.str.6, i64 0, i64 0)	*global_alloc@.str.6[0]
</harden/bcfiles/linux_bcfiles/thermal_char_device.bc>:temp_sensor_init:93:2:getelementptr inbounds ([12 x i8], [12 x i8]* @.str.7, i64 0, i64 0)	*global_alloc@.str.7[0]
</harden/bcfiles/linux_bcfiles/thermal_char_device.bc>:temp_read:42:2:getelementptr inbounds ([4 x i8], [4 x i8]* @.str.8, i64 0, i64 0)	*global_alloc@.str.8[0]
</harden/bcfiles/linux_bcfiles/thermal_char_device.bc>:temp_read:124:0:getelementptr inbounds ([30 x i8], [30 x i8]* @.str.9, i64 0, i64 0)	*global_alloc@.str.9[0]
</harden/bcfiles/linux_bcfiles/thermal_char_device.bc>:74:getelementptr inbounds ([12 x i8], [12 x i8]* @__UNIQUE_ID_license233, i32 0, i32 0)	*global_alloc@__UNIQUE_ID_license233[0][*]
</harden/bcfiles/linux_bcfiles/thermal_char_device.bc>:78:getelementptr inbounds ([22 x i8], [22 x i8]* @__UNIQUE_ID_author234, i32 0, i32 0)	*global_alloc@__UNIQUE_ID_author234[0][*]
</harden/bcfiles/linux_bcfiles/thermal_char_device.bc>:82:getelementptr inbounds ([58 x i8], [58 x i8]* @__UNIQUE_ID_description235, i32 0, i32 0)	*global_alloc@__UNIQUE_ID_description235[0][*]
</harden/bcfiles/linux_bcfiles/thermal_char_device.bc>:86:getelementptr inbounds ([12 x i8], [12 x i8]* @__UNIQUE_ID_version236, i32 0, i32 0)	*global_alloc@__UNIQUE_ID_version236[0][*]
</harden/bcfiles/linux_bcfiles/thermal_char_device.bc>:90:getelementptr inbounds ([21 x i8], [21 x i8]* @__UNIQUE_ID_alias237, i32 0, i32 0)	*global_alloc@__UNIQUE_ID_alias237[0][*]
</harden/bcfiles/linux_bcfiles/thermal_char_device.bc>:temp_sensor_init:15:4:getelementptr inbounds ([19 x i8], [19 x i8]* @.str, i64 0, i64 0)	*global_alloc@.str[0][*]
</harden/bcfiles/linux_bcfiles/thermal_char_device.bc>:temp_sensor_init:34:1:getelementptr inbounds ([67 x i8], [67 x i8]* @.str.1, i64 0, i64 0)	*global_alloc@.str.1[0][*]
</harden/bcfiles/linux_bcfiles/thermal_char_device.bc>:temp_sensor_init:43:2:getelementptr inbounds ([20 x i8], [20 x i8]* @.str.2, i64 0, i64 0)	*global_alloc@.str.2[0][*]
</harden/bcfiles/linux_bcfiles/thermal_char_device.bc>:temp_sensor_init:75:4:getelementptr inbounds ([20 x i8], [20 x i8]* @.str.2, i64 0, i64 0)	*global_alloc@.str.2[0][*]
</harden/bcfiles/linux_bcfiles/thermal_char_device.bc>:temp_sensor_init:104:2:getelementptr inbounds ([20 x i8], [20 x i8]* @.str.2, i64 0, i64 0)	*global_alloc@.str.2[0][*]
</harden/bcfiles/linux_bcfiles/thermal_char_device.bc>:temp_sensor_exit:14:2:getelementptr inbounds ([20 x i8], [20 x i8]* @.str.2, i64 0, i64 0)	*global_alloc@.str.2[0][*]
</harden/bcfiles/linux_bcfiles/thermal_char_device.bc>:temp_sensor_init:50:1:getelementptr inbounds ([60 x i8], [60 x i8]* @.str.3, i64 0, i64 0)	*global_alloc@.str.3[0][*]
</harden/bcfiles/linux_bcfiles/thermal_char_device.bc>:temp_sensor_init:54:1:getelementptr inbounds ([19 x i8], [19 x i8]* @.str.4, i64 0, i64 0)	*global_alloc@.str.4[0][*]
</harden/bcfiles/linux_bcfiles/thermal_char_device.bc>:temp_sensor_init:62:1:getelementptr inbounds ([47 x i8], [47 x i8]* @.str.5, i64 0, i64 0)	*global_alloc@.str.5[0][*]
</harden/bcfiles/linux_bcfiles/thermal_char_device.bc>:temp_sensor_init:83:1:getelementptr inbounds ([48 x i8], [48 x i8]* @.str.6, i64 0, i64 0)	*global_alloc@.str.6[0][*]
</harden/bcfiles/linux_bcfiles/thermal_char_device.bc>:temp_sensor_init:93:2:getelementptr inbounds ([12 x i8], [12 x i8]* @.str.7, i64 0, i64 0)	*global_alloc@.str.7[0][*]
</harden/bcfiles/linux_bcfiles/thermal_char_device.bc>:temp_read:42:2:getelementptr inbounds ([4 x i8], [4 x i8]* @.str.8, i64 0, i64 0)	*global_alloc@.str.8[0][*]
</harden/bcfiles/linux_bcfiles/thermal_char_device.bc>:temp_read:124:0:getelementptr inbounds ([30 x i8], [30 x i8]* @.str.9, i64 0, i64 0)	*global_alloc@.str.9[0][*]
