</harden/bcfiles/linux_bcfiles/thermal_char_device.bc>:temp_sensor_thread	</harden/bcfiles/linux_bcfiles/thermal_char_device.bc>:temp_sensor_thread:%0	0
</harden/bcfiles/linux_bcfiles/thermal_char_device.bc>:IS_ERR	</harden/bcfiles/linux_bcfiles/thermal_char_device.bc>:IS_ERR:%0	0
</harden/bcfiles/linux_bcfiles/thermal_char_device.bc>:PTR_ERR	</harden/bcfiles/linux_bcfiles/thermal_char_device.bc>:PTR_ERR:%0	0
</harden/bcfiles/linux_bcfiles/thermal_char_device.bc>:register_chrdev	</harden/bcfiles/linux_bcfiles/thermal_char_device.bc>:register_chrdev:%0	0
</harden/bcfiles/linux_bcfiles/thermal_char_device.bc>:register_chrdev	</harden/bcfiles/linux_bcfiles/thermal_char_device.bc>:register_chrdev:%1	1
</harden/bcfiles/linux_bcfiles/thermal_char_device.bc>:register_chrdev	</harden/bcfiles/linux_bcfiles/thermal_char_device.bc>:register_chrdev:%2	2
</harden/bcfiles/linux_bcfiles/thermal_char_device.bc>:thermal_devnode	</harden/bcfiles/linux_bcfiles/thermal_char_device.bc>:thermal_devnode:%0	0
</harden/bcfiles/linux_bcfiles/thermal_char_device.bc>:thermal_devnode	</harden/bcfiles/linux_bcfiles/thermal_char_device.bc>:thermal_devnode:%1	1
</harden/bcfiles/linux_bcfiles/thermal_char_device.bc>:unregister_chrdev	</harden/bcfiles/linux_bcfiles/thermal_char_device.bc>:unregister_chrdev:%0	0
</harden/bcfiles/linux_bcfiles/thermal_char_device.bc>:unregister_chrdev	</harden/bcfiles/linux_bcfiles/thermal_char_device.bc>:unregister_chrdev:%1	1
</harden/bcfiles/linux_bcfiles/thermal_char_device.bc>:ssleep	</harden/bcfiles/linux_bcfiles/thermal_char_device.bc>:ssleep:%0	0
</harden/bcfiles/linux_bcfiles/thermal_char_device.bc>:temp_read	</harden/bcfiles/linux_bcfiles/thermal_char_device.bc>:temp_read:%0	0
</harden/bcfiles/linux_bcfiles/thermal_char_device.bc>:temp_read	</harden/bcfiles/linux_bcfiles/thermal_char_device.bc>:temp_read:%1	1
</harden/bcfiles/linux_bcfiles/thermal_char_device.bc>:temp_read	</harden/bcfiles/linux_bcfiles/thermal_char_device.bc>:temp_read:%2	2
</harden/bcfiles/linux_bcfiles/thermal_char_device.bc>:temp_read	</harden/bcfiles/linux_bcfiles/thermal_char_device.bc>:temp_read:%3	3
</harden/bcfiles/linux_bcfiles/thermal_char_device.bc>:temp_open	</harden/bcfiles/linux_bcfiles/thermal_char_device.bc>:temp_open:%0	0
</harden/bcfiles/linux_bcfiles/thermal_char_device.bc>:temp_open	</harden/bcfiles/linux_bcfiles/thermal_char_device.bc>:temp_open:%1	1
</harden/bcfiles/linux_bcfiles/thermal_char_device.bc>:temp_release	</harden/bcfiles/linux_bcfiles/thermal_char_device.bc>:temp_release:%0	0
</harden/bcfiles/linux_bcfiles/thermal_char_device.bc>:temp_release	</harden/bcfiles/linux_bcfiles/thermal_char_device.bc>:temp_release:%1	1
</harden/bcfiles/linux_bcfiles/thermal_char_device.bc>:copy_overflow	</harden/bcfiles/linux_bcfiles/thermal_char_device.bc>:copy_overflow:%0	0
</harden/bcfiles/linux_bcfiles/thermal_char_device.bc>:copy_overflow	</harden/bcfiles/linux_bcfiles/thermal_char_device.bc>:copy_overflow:%1	1
</harden/bcfiles/linux_bcfiles/thermal_char_device.bc>:check_object_size	</harden/bcfiles/linux_bcfiles/thermal_char_device.bc>:check_object_size:%0	0
</harden/bcfiles/linux_bcfiles/thermal_char_device.bc>:check_object_size	</harden/bcfiles/linux_bcfiles/thermal_char_device.bc>:check_object_size:%1	1
</harden/bcfiles/linux_bcfiles/thermal_char_device.bc>:check_object_size	</harden/bcfiles/linux_bcfiles/thermal_char_device.bc>:check_object_size:%2	2
</harden/bcfiles/linux_bcfiles/thermal_char_device.bc>:mutex_destroy	</harden/bcfiles/linux_bcfiles/thermal_char_device.bc>:mutex_destroy:%0	0
