</harden/bcfiles/linux_bcfiles/thermal_char_device.bc>:temp_sensor_init:10	</harden/bcfiles/linux_bcfiles/thermal_char_device.bc>:llvm.dbg.declare	</harden/bcfiles/linux_bcfiles/thermal_char_device.bc>:temp_sensor_init:i32* %2	0
</harden/bcfiles/linux_bcfiles/thermal_char_device.bc>:temp_sensor_init:10	</harden/bcfiles/linux_bcfiles/thermal_char_device.bc>:llvm.dbg.declare	</harden/bcfiles/linux_bcfiles/thermal_char_device.bc>:temp_sensor_init:!4217	1
</harden/bcfiles/linux_bcfiles/thermal_char_device.bc>:temp_sensor_init:10	</harden/bcfiles/linux_bcfiles/thermal_char_device.bc>:llvm.dbg.declare	</harden/bcfiles/linux_bcfiles/thermal_char_device.bc>:temp_sensor_init:!DIExpression()	2
</harden/bcfiles/linux_bcfiles/thermal_char_device.bc>:temp_sensor_init:14	</harden/bcfiles/linux_bcfiles/thermal_char_device.bc>:llvm.dbg.declare	</harden/bcfiles/linux_bcfiles/thermal_char_device.bc>:temp_sensor_init:!DIExpression()	2
</harden/bcfiles/linux_bcfiles/thermal_char_device.bc>:temp_sensor_init:14	</harden/bcfiles/linux_bcfiles/thermal_char_device.bc>:llvm.dbg.declare	</harden/bcfiles/linux_bcfiles/thermal_char_device.bc>:temp_sensor_init:%struct.task_struct** %4	0
</harden/bcfiles/linux_bcfiles/thermal_char_device.bc>:temp_sensor_init:14	</harden/bcfiles/linux_bcfiles/thermal_char_device.bc>:llvm.dbg.declare	</harden/bcfiles/linux_bcfiles/thermal_char_device.bc>:temp_sensor_init:!4224	1
</harden/bcfiles/linux_bcfiles/thermal_char_device.bc>:temp_sensor_init:15	</harden/bcfiles/linux_bcfiles/thermal_char_device.bc>:kthread_create_on_node	</harden/bcfiles/linux_bcfiles/thermal_char_device.bc>:temp_sensor_init:15:1:@temp_sensor_thread	0
</harden/bcfiles/linux_bcfiles/thermal_char_device.bc>:temp_sensor_init:15	</harden/bcfiles/linux_bcfiles/thermal_char_device.bc>:kthread_create_on_node	</harden/bcfiles/linux_bcfiles/thermal_char_device.bc>:temp_sensor_init:15:2:null	1
</harden/bcfiles/linux_bcfiles/thermal_char_device.bc>:temp_sensor_init:15	</harden/bcfiles/linux_bcfiles/thermal_char_device.bc>:kthread_create_on_node	</harden/bcfiles/linux_bcfiles/thermal_char_device.bc>:temp_sensor_init:15:3:-1	2
</harden/bcfiles/linux_bcfiles/thermal_char_device.bc>:temp_sensor_init:15	</harden/bcfiles/linux_bcfiles/thermal_char_device.bc>:kthread_create_on_node	</harden/bcfiles/linux_bcfiles/thermal_char_device.bc>:temp_sensor_init:15:4:getelementptr inbounds ([19 x i8], [19 x i8]* @.str, i64 0, i64 0)	3
</harden/bcfiles/linux_bcfiles/thermal_char_device.bc>:temp_sensor_init:19	</harden/bcfiles/linux_bcfiles/thermal_char_device.bc>:IS_ERR	</harden/bcfiles/linux_bcfiles/thermal_char_device.bc>:temp_sensor_init:%14	0
</harden/bcfiles/linux_bcfiles/thermal_char_device.bc>:temp_sensor_init:22	</harden/bcfiles/linux_bcfiles/thermal_char_device.bc>:wake_up_process	</harden/bcfiles/linux_bcfiles/thermal_char_device.bc>:temp_sensor_init:%17	0
</harden/bcfiles/linux_bcfiles/thermal_char_device.bc>:temp_sensor_init:30	</harden/bcfiles/linux_bcfiles/thermal_char_device.bc>:IS_ERR	</harden/bcfiles/linux_bcfiles/thermal_char_device.bc>:temp_sensor_init:%23	0
</harden/bcfiles/linux_bcfiles/thermal_char_device.bc>:temp_sensor_init:34	</harden/bcfiles/linux_bcfiles/thermal_char_device.bc>:_printk	</harden/bcfiles/linux_bcfiles/thermal_char_device.bc>:temp_sensor_init:34:1:getelementptr inbounds ([67 x i8], [67 x i8]* @.str.1, i64 0, i64 0)	0
</harden/bcfiles/linux_bcfiles/thermal_char_device.bc>:temp_sensor_init:39	</harden/bcfiles/linux_bcfiles/thermal_char_device.bc>:PTR_ERR	</harden/bcfiles/linux_bcfiles/thermal_char_device.bc>:temp_sensor_init:%31	0
</harden/bcfiles/linux_bcfiles/thermal_char_device.bc>:temp_sensor_init:43	</harden/bcfiles/linux_bcfiles/thermal_char_device.bc>:register_chrdev	</harden/bcfiles/linux_bcfiles/thermal_char_device.bc>:temp_sensor_init:43:1:243	0
</harden/bcfiles/linux_bcfiles/thermal_char_device.bc>:temp_sensor_init:43	</harden/bcfiles/linux_bcfiles/thermal_char_device.bc>:register_chrdev	</harden/bcfiles/linux_bcfiles/thermal_char_device.bc>:temp_sensor_init:43:2:getelementptr inbounds ([20 x i8], [20 x i8]* @.str.2, i64 0, i64 0)	1
</harden/bcfiles/linux_bcfiles/thermal_char_device.bc>:temp_sensor_init:43	</harden/bcfiles/linux_bcfiles/thermal_char_device.bc>:register_chrdev	</harden/bcfiles/linux_bcfiles/thermal_char_device.bc>:temp_sensor_init:43:6:@temp_fops	2
</harden/bcfiles/linux_bcfiles/thermal_char_device.bc>:temp_sensor_init:50	</harden/bcfiles/linux_bcfiles/thermal_char_device.bc>:_printk	</harden/bcfiles/linux_bcfiles/thermal_char_device.bc>:temp_sensor_init:50:1:getelementptr inbounds ([60 x i8], [60 x i8]* @.str.3, i64 0, i64 0)	0
</harden/bcfiles/linux_bcfiles/thermal_char_device.bc>:temp_sensor_init:54	</harden/bcfiles/linux_bcfiles/thermal_char_device.bc>:class_create	</harden/bcfiles/linux_bcfiles/thermal_char_device.bc>:temp_sensor_init:54:1:getelementptr inbounds ([19 x i8], [19 x i8]* @.str.4, i64 0, i64 0)	0
</harden/bcfiles/linux_bcfiles/thermal_char_device.bc>:temp_sensor_init:58	</harden/bcfiles/linux_bcfiles/thermal_char_device.bc>:IS_ERR	</harden/bcfiles/linux_bcfiles/thermal_char_device.bc>:temp_sensor_init:%46	0
</harden/bcfiles/linux_bcfiles/thermal_char_device.bc>:temp_sensor_init:62	</harden/bcfiles/linux_bcfiles/thermal_char_device.bc>:_printk	</harden/bcfiles/linux_bcfiles/thermal_char_device.bc>:temp_sensor_init:62:1:getelementptr inbounds ([47 x i8], [47 x i8]* @.str.5, i64 0, i64 0)	0
</harden/bcfiles/linux_bcfiles/thermal_char_device.bc>:temp_sensor_init:67	</harden/bcfiles/linux_bcfiles/thermal_char_device.bc>:PTR_ERR	</harden/bcfiles/linux_bcfiles/thermal_char_device.bc>:temp_sensor_init:%54	0
</harden/bcfiles/linux_bcfiles/thermal_char_device.bc>:temp_sensor_init:75	</harden/bcfiles/linux_bcfiles/thermal_char_device.bc>:device_create	</harden/bcfiles/linux_bcfiles/thermal_char_device.bc>:temp_sensor_init:%60	0
</harden/bcfiles/linux_bcfiles/thermal_char_device.bc>:temp_sensor_init:75	</harden/bcfiles/linux_bcfiles/thermal_char_device.bc>:device_create	</harden/bcfiles/linux_bcfiles/thermal_char_device.bc>:temp_sensor_init:75:1:null	1
</harden/bcfiles/linux_bcfiles/thermal_char_device.bc>:temp_sensor_init:75	</harden/bcfiles/linux_bcfiles/thermal_char_device.bc>:device_create	</harden/bcfiles/linux_bcfiles/thermal_char_device.bc>:temp_sensor_init:75:2:254803968	2
</harden/bcfiles/linux_bcfiles/thermal_char_device.bc>:temp_sensor_init:75	</harden/bcfiles/linux_bcfiles/thermal_char_device.bc>:device_create	</harden/bcfiles/linux_bcfiles/thermal_char_device.bc>:temp_sensor_init:75:3:null	3
</harden/bcfiles/linux_bcfiles/thermal_char_device.bc>:temp_sensor_init:75	</harden/bcfiles/linux_bcfiles/thermal_char_device.bc>:device_create	</harden/bcfiles/linux_bcfiles/thermal_char_device.bc>:temp_sensor_init:75:4:getelementptr inbounds ([20 x i8], [20 x i8]* @.str.2, i64 0, i64 0)	4
</harden/bcfiles/linux_bcfiles/thermal_char_device.bc>:temp_sensor_init:79	</harden/bcfiles/linux_bcfiles/thermal_char_device.bc>:IS_ERR	</harden/bcfiles/linux_bcfiles/thermal_char_device.bc>:temp_sensor_init:%63	0
</harden/bcfiles/linux_bcfiles/thermal_char_device.bc>:temp_sensor_init:83	</harden/bcfiles/linux_bcfiles/thermal_char_device.bc>:_printk	</harden/bcfiles/linux_bcfiles/thermal_char_device.bc>:temp_sensor_init:83:1:getelementptr inbounds ([48 x i8], [48 x i8]* @.str.6, i64 0, i64 0)	0
</harden/bcfiles/linux_bcfiles/thermal_char_device.bc>:temp_sensor_init:88	</harden/bcfiles/linux_bcfiles/thermal_char_device.bc>:PTR_ERR	</harden/bcfiles/linux_bcfiles/thermal_char_device.bc>:temp_sensor_init:%71	0
</harden/bcfiles/linux_bcfiles/thermal_char_device.bc>:temp_sensor_init:93	</harden/bcfiles/linux_bcfiles/thermal_char_device.bc>:__mutex_init	</harden/bcfiles/linux_bcfiles/thermal_char_device.bc>:temp_sensor_init:93:1:@temp_mutex	0
</harden/bcfiles/linux_bcfiles/thermal_char_device.bc>:temp_sensor_init:93	</harden/bcfiles/linux_bcfiles/thermal_char_device.bc>:__mutex_init	</harden/bcfiles/linux_bcfiles/thermal_char_device.bc>:temp_sensor_init:93:2:getelementptr inbounds ([12 x i8], [12 x i8]* @.str.7, i64 0, i64 0)	1
</harden/bcfiles/linux_bcfiles/thermal_char_device.bc>:temp_sensor_init:93	</harden/bcfiles/linux_bcfiles/thermal_char_device.bc>:__mutex_init	</harden/bcfiles/linux_bcfiles/thermal_char_device.bc>:temp_sensor_init:93:6:@temp_sensor_init.__key	2
</harden/bcfiles/linux_bcfiles/thermal_char_device.bc>:temp_sensor_init:99	</harden/bcfiles/linux_bcfiles/thermal_char_device.bc>:llvm.dbg.label	</harden/bcfiles/linux_bcfiles/thermal_char_device.bc>:temp_sensor_init:!4296	0
</harden/bcfiles/linux_bcfiles/thermal_char_device.bc>:temp_sensor_init:101	</harden/bcfiles/linux_bcfiles/thermal_char_device.bc>:class_destroy	</harden/bcfiles/linux_bcfiles/thermal_char_device.bc>:temp_sensor_init:%79	0
</harden/bcfiles/linux_bcfiles/thermal_char_device.bc>:temp_sensor_init:103	</harden/bcfiles/linux_bcfiles/thermal_char_device.bc>:llvm.dbg.label	</harden/bcfiles/linux_bcfiles/thermal_char_device.bc>:temp_sensor_init:!4300	0
</harden/bcfiles/linux_bcfiles/thermal_char_device.bc>:temp_sensor_init:104	</harden/bcfiles/linux_bcfiles/thermal_char_device.bc>:unregister_chrdev	</harden/bcfiles/linux_bcfiles/thermal_char_device.bc>:temp_sensor_init:104:1:243	0
</harden/bcfiles/linux_bcfiles/thermal_char_device.bc>:temp_sensor_init:104	</harden/bcfiles/linux_bcfiles/thermal_char_device.bc>:unregister_chrdev	</harden/bcfiles/linux_bcfiles/thermal_char_device.bc>:temp_sensor_init:104:2:getelementptr inbounds ([20 x i8], [20 x i8]* @.str.2, i64 0, i64 0)	1
</harden/bcfiles/linux_bcfiles/thermal_char_device.bc>:temp_sensor_init:106	</harden/bcfiles/linux_bcfiles/thermal_char_device.bc>:llvm.dbg.label	</harden/bcfiles/linux_bcfiles/thermal_char_device.bc>:temp_sensor_init:!4303	0
</harden/bcfiles/linux_bcfiles/thermal_char_device.bc>:temp_sensor_init:111	</harden/bcfiles/linux_bcfiles/thermal_char_device.bc>:kthread_stop	</harden/bcfiles/linux_bcfiles/thermal_char_device.bc>:temp_sensor_init:%85	0
</harden/bcfiles/linux_bcfiles/thermal_char_device.bc>:temp_sensor_exit:8	</harden/bcfiles/linux_bcfiles/thermal_char_device.bc>:kthread_stop	</harden/bcfiles/linux_bcfiles/thermal_char_device.bc>:temp_sensor_exit:%7	0
</harden/bcfiles/linux_bcfiles/thermal_char_device.bc>:temp_sensor_exit:11	</harden/bcfiles/linux_bcfiles/thermal_char_device.bc>:device_destroy	</harden/bcfiles/linux_bcfiles/thermal_char_device.bc>:temp_sensor_exit:%10	0
</harden/bcfiles/linux_bcfiles/thermal_char_device.bc>:temp_sensor_exit:11	</harden/bcfiles/linux_bcfiles/thermal_char_device.bc>:device_destroy	</harden/bcfiles/linux_bcfiles/thermal_char_device.bc>:temp_sensor_exit:11:1:254803968	1
</harden/bcfiles/linux_bcfiles/thermal_char_device.bc>:temp_sensor_exit:13	</harden/bcfiles/linux_bcfiles/thermal_char_device.bc>:class_destroy	</harden/bcfiles/linux_bcfiles/thermal_char_device.bc>:temp_sensor_exit:%11	0
</harden/bcfiles/linux_bcfiles/thermal_char_device.bc>:temp_sensor_exit:14	</harden/bcfiles/linux_bcfiles/thermal_char_device.bc>:unregister_chrdev	</harden/bcfiles/linux_bcfiles/thermal_char_device.bc>:temp_sensor_exit:14:1:243	0
</harden/bcfiles/linux_bcfiles/thermal_char_device.bc>:temp_sensor_exit:14	</harden/bcfiles/linux_bcfiles/thermal_char_device.bc>:unregister_chrdev	</harden/bcfiles/linux_bcfiles/thermal_char_device.bc>:temp_sensor_exit:14:2:getelementptr inbounds ([20 x i8], [20 x i8]* @.str.2, i64 0, i64 0)	1
</harden/bcfiles/linux_bcfiles/thermal_char_device.bc>:temp_sensor_exit:15	</harden/bcfiles/linux_bcfiles/thermal_char_device.bc>:mutex_destroy	</harden/bcfiles/linux_bcfiles/thermal_char_device.bc>:temp_sensor_exit:15:1:@temp_mutex	0
</harden/bcfiles/linux_bcfiles/thermal_char_device.bc>:temp_sensor_thread:5	</harden/bcfiles/linux_bcfiles/thermal_char_device.bc>:llvm.dbg.declare	</harden/bcfiles/linux_bcfiles/thermal_char_device.bc>:temp_sensor_thread:i8** %2	0
</harden/bcfiles/linux_bcfiles/thermal_char_device.bc>:temp_sensor_thread:5	</harden/bcfiles/linux_bcfiles/thermal_char_device.bc>:llvm.dbg.declare	</harden/bcfiles/linux_bcfiles/thermal_char_device.bc>:temp_sensor_thread:!4337	1
</harden/bcfiles/linux_bcfiles/thermal_char_device.bc>:temp_sensor_thread:5	</harden/bcfiles/linux_bcfiles/thermal_char_device.bc>:llvm.dbg.declare	</harden/bcfiles/linux_bcfiles/thermal_char_device.bc>:temp_sensor_thread:!DIExpression()	2
</harden/bcfiles/linux_bcfiles/thermal_char_device.bc>:temp_sensor_thread:12	</harden/bcfiles/linux_bcfiles/thermal_char_device.bc>:llvm.dbg.declare	</harden/bcfiles/linux_bcfiles/thermal_char_device.bc>:temp_sensor_thread:!DIExpression()	2
</harden/bcfiles/linux_bcfiles/thermal_char_device.bc>:temp_sensor_thread:12	</harden/bcfiles/linux_bcfiles/thermal_char_device.bc>:llvm.dbg.declare	</harden/bcfiles/linux_bcfiles/thermal_char_device.bc>:temp_sensor_thread:i32* %4	0
</harden/bcfiles/linux_bcfiles/thermal_char_device.bc>:temp_sensor_thread:12	</harden/bcfiles/linux_bcfiles/thermal_char_device.bc>:llvm.dbg.declare	</harden/bcfiles/linux_bcfiles/thermal_char_device.bc>:temp_sensor_thread:!4346	1
</harden/bcfiles/linux_bcfiles/thermal_char_device.bc>:temp_sensor_thread:17	</harden/bcfiles/linux_bcfiles/thermal_char_device.bc>:mutex_lock	</harden/bcfiles/linux_bcfiles/thermal_char_device.bc>:temp_sensor_thread:17:1:@temp_mutex	0
</harden/bcfiles/linux_bcfiles/thermal_char_device.bc>:temp_sensor_thread:20	</harden/bcfiles/linux_bcfiles/thermal_char_device.bc>:mutex_unlock	</harden/bcfiles/linux_bcfiles/thermal_char_device.bc>:temp_sensor_thread:20:1:@temp_mutex	0
</harden/bcfiles/linux_bcfiles/thermal_char_device.bc>:temp_sensor_thread:21	</harden/bcfiles/linux_bcfiles/thermal_char_device.bc>:ssleep	</harden/bcfiles/linux_bcfiles/thermal_char_device.bc>:temp_sensor_thread:21:1:5	0
</harden/bcfiles/linux_bcfiles/thermal_char_device.bc>:IS_ERR:2	</harden/bcfiles/linux_bcfiles/thermal_char_device.bc>:llvm.dbg.declare	</harden/bcfiles/linux_bcfiles/thermal_char_device.bc>:IS_ERR:i8** %2	0
</harden/bcfiles/linux_bcfiles/thermal_char_device.bc>:IS_ERR:2	</harden/bcfiles/linux_bcfiles/thermal_char_device.bc>:llvm.dbg.declare	</harden/bcfiles/linux_bcfiles/thermal_char_device.bc>:IS_ERR:!4369	1
</harden/bcfiles/linux_bcfiles/thermal_char_device.bc>:IS_ERR:2	</harden/bcfiles/linux_bcfiles/thermal_char_device.bc>:llvm.dbg.declare	</harden/bcfiles/linux_bcfiles/thermal_char_device.bc>:IS_ERR:!DIExpression()	2
</harden/bcfiles/linux_bcfiles/thermal_char_device.bc>:PTR_ERR:2	</harden/bcfiles/linux_bcfiles/thermal_char_device.bc>:llvm.dbg.declare	</harden/bcfiles/linux_bcfiles/thermal_char_device.bc>:PTR_ERR:i8** %2	0
</harden/bcfiles/linux_bcfiles/thermal_char_device.bc>:PTR_ERR:2	</harden/bcfiles/linux_bcfiles/thermal_char_device.bc>:llvm.dbg.declare	</harden/bcfiles/linux_bcfiles/thermal_char_device.bc>:PTR_ERR:!4376	1
</harden/bcfiles/linux_bcfiles/thermal_char_device.bc>:PTR_ERR:2	</harden/bcfiles/linux_bcfiles/thermal_char_device.bc>:llvm.dbg.declare	</harden/bcfiles/linux_bcfiles/thermal_char_device.bc>:PTR_ERR:!DIExpression()	2
</harden/bcfiles/linux_bcfiles/thermal_char_device.bc>:register_chrdev:4	</harden/bcfiles/linux_bcfiles/thermal_char_device.bc>:llvm.dbg.declare	</harden/bcfiles/linux_bcfiles/thermal_char_device.bc>:register_chrdev:i32* %4	0
</harden/bcfiles/linux_bcfiles/thermal_char_device.bc>:register_chrdev:4	</harden/bcfiles/linux_bcfiles/thermal_char_device.bc>:llvm.dbg.declare	</harden/bcfiles/linux_bcfiles/thermal_char_device.bc>:register_chrdev:!4384	1
</harden/bcfiles/linux_bcfiles/thermal_char_device.bc>:register_chrdev:4	</harden/bcfiles/linux_bcfiles/thermal_char_device.bc>:llvm.dbg.declare	</harden/bcfiles/linux_bcfiles/thermal_char_device.bc>:register_chrdev:!DIExpression()	2
</harden/bcfiles/linux_bcfiles/thermal_char_device.bc>:register_chrdev:6	</harden/bcfiles/linux_bcfiles/thermal_char_device.bc>:llvm.dbg.declare	</harden/bcfiles/linux_bcfiles/thermal_char_device.bc>:register_chrdev:!DIExpression()	2
</harden/bcfiles/linux_bcfiles/thermal_char_device.bc>:register_chrdev:6	</harden/bcfiles/linux_bcfiles/thermal_char_device.bc>:llvm.dbg.declare	</harden/bcfiles/linux_bcfiles/thermal_char_device.bc>:register_chrdev:i8** %5	0
</harden/bcfiles/linux_bcfiles/thermal_char_device.bc>:register_chrdev:6	</harden/bcfiles/linux_bcfiles/thermal_char_device.bc>:llvm.dbg.declare	</harden/bcfiles/linux_bcfiles/thermal_char_device.bc>:register_chrdev:!4386	1
</harden/bcfiles/linux_bcfiles/thermal_char_device.bc>:register_chrdev:8	</harden/bcfiles/linux_bcfiles/thermal_char_device.bc>:llvm.dbg.declare	</harden/bcfiles/linux_bcfiles/thermal_char_device.bc>:register_chrdev:!DIExpression()	2
</harden/bcfiles/linux_bcfiles/thermal_char_device.bc>:register_chrdev:8	</harden/bcfiles/linux_bcfiles/thermal_char_device.bc>:llvm.dbg.declare	</harden/bcfiles/linux_bcfiles/thermal_char_device.bc>:register_chrdev:%struct.file_operations** %6	0
</harden/bcfiles/linux_bcfiles/thermal_char_device.bc>:register_chrdev:8	</harden/bcfiles/linux_bcfiles/thermal_char_device.bc>:llvm.dbg.declare	</harden/bcfiles/linux_bcfiles/thermal_char_device.bc>:register_chrdev:!4388	1
</harden/bcfiles/linux_bcfiles/thermal_char_device.bc>:register_chrdev:12	</harden/bcfiles/linux_bcfiles/thermal_char_device.bc>:__register_chrdev	</harden/bcfiles/linux_bcfiles/thermal_char_device.bc>:register_chrdev:%7	0
</harden/bcfiles/linux_bcfiles/thermal_char_device.bc>:register_chrdev:12	</harden/bcfiles/linux_bcfiles/thermal_char_device.bc>:__register_chrdev	</harden/bcfiles/linux_bcfiles/thermal_char_device.bc>:register_chrdev:12:1:0	1
</harden/bcfiles/linux_bcfiles/thermal_char_device.bc>:register_chrdev:12	</harden/bcfiles/linux_bcfiles/thermal_char_device.bc>:__register_chrdev	</harden/bcfiles/linux_bcfiles/thermal_char_device.bc>:register_chrdev:12:2:256	2
</harden/bcfiles/linux_bcfiles/thermal_char_device.bc>:register_chrdev:12	</harden/bcfiles/linux_bcfiles/thermal_char_device.bc>:__register_chrdev	</harden/bcfiles/linux_bcfiles/thermal_char_device.bc>:register_chrdev:%8	3
</harden/bcfiles/linux_bcfiles/thermal_char_device.bc>:register_chrdev:12	</harden/bcfiles/linux_bcfiles/thermal_char_device.bc>:__register_chrdev	</harden/bcfiles/linux_bcfiles/thermal_char_device.bc>:register_chrdev:%9	4
</harden/bcfiles/linux_bcfiles/thermal_char_device.bc>:thermal_devnode:3	</harden/bcfiles/linux_bcfiles/thermal_char_device.bc>:llvm.dbg.declare	</harden/bcfiles/linux_bcfiles/thermal_char_device.bc>:thermal_devnode:%struct.device** %3	0
</harden/bcfiles/linux_bcfiles/thermal_char_device.bc>:thermal_devnode:3	</harden/bcfiles/linux_bcfiles/thermal_char_device.bc>:llvm.dbg.declare	</harden/bcfiles/linux_bcfiles/thermal_char_device.bc>:thermal_devnode:!4396	1
</harden/bcfiles/linux_bcfiles/thermal_char_device.bc>:thermal_devnode:3	</harden/bcfiles/linux_bcfiles/thermal_char_device.bc>:llvm.dbg.declare	</harden/bcfiles/linux_bcfiles/thermal_char_device.bc>:thermal_devnode:!DIExpression()	2
</harden/bcfiles/linux_bcfiles/thermal_char_device.bc>:thermal_devnode:5	</harden/bcfiles/linux_bcfiles/thermal_char_device.bc>:llvm.dbg.declare	</harden/bcfiles/linux_bcfiles/thermal_char_device.bc>:thermal_devnode:!DIExpression()	2
</harden/bcfiles/linux_bcfiles/thermal_char_device.bc>:thermal_devnode:5	</harden/bcfiles/linux_bcfiles/thermal_char_device.bc>:llvm.dbg.declare	</harden/bcfiles/linux_bcfiles/thermal_char_device.bc>:thermal_devnode:i16** %4	0
</harden/bcfiles/linux_bcfiles/thermal_char_device.bc>:thermal_devnode:5	</harden/bcfiles/linux_bcfiles/thermal_char_device.bc>:llvm.dbg.declare	</harden/bcfiles/linux_bcfiles/thermal_char_device.bc>:thermal_devnode:!4398	1
</harden/bcfiles/linux_bcfiles/thermal_char_device.bc>:unregister_chrdev:3	</harden/bcfiles/linux_bcfiles/thermal_char_device.bc>:llvm.dbg.declare	</harden/bcfiles/linux_bcfiles/thermal_char_device.bc>:unregister_chrdev:i32* %3	0
</harden/bcfiles/linux_bcfiles/thermal_char_device.bc>:unregister_chrdev:3	</harden/bcfiles/linux_bcfiles/thermal_char_device.bc>:llvm.dbg.declare	</harden/bcfiles/linux_bcfiles/thermal_char_device.bc>:unregister_chrdev:!4410	1
</harden/bcfiles/linux_bcfiles/thermal_char_device.bc>:unregister_chrdev:3	</harden/bcfiles/linux_bcfiles/thermal_char_device.bc>:llvm.dbg.declare	</harden/bcfiles/linux_bcfiles/thermal_char_device.bc>:unregister_chrdev:!DIExpression()	2
</harden/bcfiles/linux_bcfiles/thermal_char_device.bc>:unregister_chrdev:5	</harden/bcfiles/linux_bcfiles/thermal_char_device.bc>:llvm.dbg.declare	</harden/bcfiles/linux_bcfiles/thermal_char_device.bc>:unregister_chrdev:!DIExpression()	2
</harden/bcfiles/linux_bcfiles/thermal_char_device.bc>:unregister_chrdev:5	</harden/bcfiles/linux_bcfiles/thermal_char_device.bc>:llvm.dbg.declare	</harden/bcfiles/linux_bcfiles/thermal_char_device.bc>:unregister_chrdev:i8** %4	0
</harden/bcfiles/linux_bcfiles/thermal_char_device.bc>:unregister_chrdev:5	</harden/bcfiles/linux_bcfiles/thermal_char_device.bc>:llvm.dbg.declare	</harden/bcfiles/linux_bcfiles/thermal_char_device.bc>:unregister_chrdev:!4412	1
</harden/bcfiles/linux_bcfiles/thermal_char_device.bc>:unregister_chrdev:8	</harden/bcfiles/linux_bcfiles/thermal_char_device.bc>:__unregister_chrdev	</harden/bcfiles/linux_bcfiles/thermal_char_device.bc>:unregister_chrdev:%5	0
</harden/bcfiles/linux_bcfiles/thermal_char_device.bc>:unregister_chrdev:8	</harden/bcfiles/linux_bcfiles/thermal_char_device.bc>:__unregister_chrdev	</harden/bcfiles/linux_bcfiles/thermal_char_device.bc>:unregister_chrdev:8:1:0	1
</harden/bcfiles/linux_bcfiles/thermal_char_device.bc>:unregister_chrdev:8	</harden/bcfiles/linux_bcfiles/thermal_char_device.bc>:__unregister_chrdev	</harden/bcfiles/linux_bcfiles/thermal_char_device.bc>:unregister_chrdev:8:2:256	2
</harden/bcfiles/linux_bcfiles/thermal_char_device.bc>:unregister_chrdev:8	</harden/bcfiles/linux_bcfiles/thermal_char_device.bc>:__unregister_chrdev	</harden/bcfiles/linux_bcfiles/thermal_char_device.bc>:unregister_chrdev:%6	3
</harden/bcfiles/linux_bcfiles/thermal_char_device.bc>:ssleep:2	</harden/bcfiles/linux_bcfiles/thermal_char_device.bc>:llvm.dbg.declare	</harden/bcfiles/linux_bcfiles/thermal_char_device.bc>:ssleep:i32* %2	0
</harden/bcfiles/linux_bcfiles/thermal_char_device.bc>:ssleep:2	</harden/bcfiles/linux_bcfiles/thermal_char_device.bc>:llvm.dbg.declare	</harden/bcfiles/linux_bcfiles/thermal_char_device.bc>:ssleep:!4422	1
</harden/bcfiles/linux_bcfiles/thermal_char_device.bc>:ssleep:2	</harden/bcfiles/linux_bcfiles/thermal_char_device.bc>:llvm.dbg.declare	</harden/bcfiles/linux_bcfiles/thermal_char_device.bc>:ssleep:!DIExpression()	2
</harden/bcfiles/linux_bcfiles/thermal_char_device.bc>:ssleep:5	</harden/bcfiles/linux_bcfiles/thermal_char_device.bc>:msleep	</harden/bcfiles/linux_bcfiles/thermal_char_device.bc>:ssleep:%4	0
</harden/bcfiles/linux_bcfiles/thermal_char_device.bc>:temp_read:20	</harden/bcfiles/linux_bcfiles/thermal_char_device.bc>:llvm.dbg.declare	</harden/bcfiles/linux_bcfiles/thermal_char_device.bc>:temp_read:%struct.file** %17	0
</harden/bcfiles/linux_bcfiles/thermal_char_device.bc>:temp_read:20	</harden/bcfiles/linux_bcfiles/thermal_char_device.bc>:llvm.dbg.declare	</harden/bcfiles/linux_bcfiles/thermal_char_device.bc>:temp_read:!4429	1
</harden/bcfiles/linux_bcfiles/thermal_char_device.bc>:temp_read:20	</harden/bcfiles/linux_bcfiles/thermal_char_device.bc>:llvm.dbg.declare	</harden/bcfiles/linux_bcfiles/thermal_char_device.bc>:temp_read:!DIExpression()	2
</harden/bcfiles/linux_bcfiles/thermal_char_device.bc>:temp_read:22	</harden/bcfiles/linux_bcfiles/thermal_char_device.bc>:llvm.dbg.declare	</harden/bcfiles/linux_bcfiles/thermal_char_device.bc>:temp_read:!DIExpression()	2
</harden/bcfiles/linux_bcfiles/thermal_char_device.bc>:temp_read:22	</harden/bcfiles/linux_bcfiles/thermal_char_device.bc>:llvm.dbg.declare	</harden/bcfiles/linux_bcfiles/thermal_char_device.bc>:temp_read:i8** %18	0
</harden/bcfiles/linux_bcfiles/thermal_char_device.bc>:temp_read:22	</harden/bcfiles/linux_bcfiles/thermal_char_device.bc>:llvm.dbg.declare	</harden/bcfiles/linux_bcfiles/thermal_char_device.bc>:temp_read:!4431	1
</harden/bcfiles/linux_bcfiles/thermal_char_device.bc>:temp_read:24	</harden/bcfiles/linux_bcfiles/thermal_char_device.bc>:llvm.dbg.declare	</harden/bcfiles/linux_bcfiles/thermal_char_device.bc>:temp_read:!DIExpression()	2
</harden/bcfiles/linux_bcfiles/thermal_char_device.bc>:temp_read:24	</harden/bcfiles/linux_bcfiles/thermal_char_device.bc>:llvm.dbg.declare	</harden/bcfiles/linux_bcfiles/thermal_char_device.bc>:temp_read:i64* %19	0
</harden/bcfiles/linux_bcfiles/thermal_char_device.bc>:temp_read:24	</harden/bcfiles/linux_bcfiles/thermal_char_device.bc>:llvm.dbg.declare	</harden/bcfiles/linux_bcfiles/thermal_char_device.bc>:temp_read:!4433	1
</harden/bcfiles/linux_bcfiles/thermal_char_device.bc>:temp_read:26	</harden/bcfiles/linux_bcfiles/thermal_char_device.bc>:llvm.dbg.declare	</harden/bcfiles/linux_bcfiles/thermal_char_device.bc>:temp_read:!DIExpression()	2
</harden/bcfiles/linux_bcfiles/thermal_char_device.bc>:temp_read:26	</harden/bcfiles/linux_bcfiles/thermal_char_device.bc>:llvm.dbg.declare	</harden/bcfiles/linux_bcfiles/thermal_char_device.bc>:temp_read:i64** %20	0
</harden/bcfiles/linux_bcfiles/thermal_char_device.bc>:temp_read:26	</harden/bcfiles/linux_bcfiles/thermal_char_device.bc>:llvm.dbg.declare	</harden/bcfiles/linux_bcfiles/thermal_char_device.bc>:temp_read:!4435	1
</harden/bcfiles/linux_bcfiles/thermal_char_device.bc>:temp_read:27	</harden/bcfiles/linux_bcfiles/thermal_char_device.bc>:llvm.dbg.declare	</harden/bcfiles/linux_bcfiles/thermal_char_device.bc>:temp_read:!DIExpression()	2
</harden/bcfiles/linux_bcfiles/thermal_char_device.bc>:temp_read:27	</harden/bcfiles/linux_bcfiles/thermal_char_device.bc>:llvm.dbg.declare	</harden/bcfiles/linux_bcfiles/thermal_char_device.bc>:temp_read:[16 x i8]* %21	0
</harden/bcfiles/linux_bcfiles/thermal_char_device.bc>:temp_read:27	</harden/bcfiles/linux_bcfiles/thermal_char_device.bc>:llvm.dbg.declare	</harden/bcfiles/linux_bcfiles/thermal_char_device.bc>:temp_read:!4437	1
</harden/bcfiles/linux_bcfiles/thermal_char_device.bc>:temp_read:28	</harden/bcfiles/linux_bcfiles/thermal_char_device.bc>:llvm.dbg.declare	</harden/bcfiles/linux_bcfiles/thermal_char_device.bc>:temp_read:!DIExpression()	2
</harden/bcfiles/linux_bcfiles/thermal_char_device.bc>:temp_read:28	</harden/bcfiles/linux_bcfiles/thermal_char_device.bc>:llvm.dbg.declare	</harden/bcfiles/linux_bcfiles/thermal_char_device.bc>:temp_read:i32* %22	0
</harden/bcfiles/linux_bcfiles/thermal_char_device.bc>:temp_read:28	</harden/bcfiles/linux_bcfiles/thermal_char_device.bc>:llvm.dbg.declare	</harden/bcfiles/linux_bcfiles/thermal_char_device.bc>:temp_read:!4439	1
</harden/bcfiles/linux_bcfiles/thermal_char_device.bc>:temp_read:29	</harden/bcfiles/linux_bcfiles/thermal_char_device.bc>:llvm.dbg.declare	</harden/bcfiles/linux_bcfiles/thermal_char_device.bc>:temp_read:!DIExpression()	2
</harden/bcfiles/linux_bcfiles/thermal_char_device.bc>:temp_read:29	</harden/bcfiles/linux_bcfiles/thermal_char_device.bc>:llvm.dbg.declare	</harden/bcfiles/linux_bcfiles/thermal_char_device.bc>:temp_read:i64* %23	0
</harden/bcfiles/linux_bcfiles/thermal_char_device.bc>:temp_read:29	</harden/bcfiles/linux_bcfiles/thermal_char_device.bc>:llvm.dbg.declare	</harden/bcfiles/linux_bcfiles/thermal_char_device.bc>:temp_read:!4441	1
</harden/bcfiles/linux_bcfiles/thermal_char_device.bc>:temp_read:36	</harden/bcfiles/linux_bcfiles/thermal_char_device.bc>:mutex_lock	</harden/bcfiles/linux_bcfiles/thermal_char_device.bc>:temp_read:36:1:@temp_mutex	0
</harden/bcfiles/linux_bcfiles/thermal_char_device.bc>:temp_read:39	</harden/bcfiles/linux_bcfiles/thermal_char_device.bc>:mutex_unlock	</harden/bcfiles/linux_bcfiles/thermal_char_device.bc>:temp_read:39:1:@temp_mutex	0
</harden/bcfiles/linux_bcfiles/thermal_char_device.bc>:temp_read:42	</harden/bcfiles/linux_bcfiles/thermal_char_device.bc>:snprintf	</harden/bcfiles/linux_bcfiles/thermal_char_device.bc>:temp_read:%30	0
</harden/bcfiles/linux_bcfiles/thermal_char_device.bc>:temp_read:42	</harden/bcfiles/linux_bcfiles/thermal_char_device.bc>:snprintf	</harden/bcfiles/linux_bcfiles/thermal_char_device.bc>:temp_read:42:1:16	1
</harden/bcfiles/linux_bcfiles/thermal_char_device.bc>:temp_read:42	</harden/bcfiles/linux_bcfiles/thermal_char_device.bc>:snprintf	</harden/bcfiles/linux_bcfiles/thermal_char_device.bc>:temp_read:42:2:getelementptr inbounds ([4 x i8], [4 x i8]* @.str.8, i64 0, i64 0)	2
</harden/bcfiles/linux_bcfiles/thermal_char_device.bc>:temp_read:42	</harden/bcfiles/linux_bcfiles/thermal_char_device.bc>:snprintf	</harden/bcfiles/linux_bcfiles/thermal_char_device.bc>:temp_read:%31	3
</harden/bcfiles/linux_bcfiles/thermal_char_device.bc>:temp_read:61	</harden/bcfiles/linux_bcfiles/thermal_char_device.bc>:llvm.dbg.declare	</harden/bcfiles/linux_bcfiles/thermal_char_device.bc>:temp_read:!DIExpression()	2
</harden/bcfiles/linux_bcfiles/thermal_char_device.bc>:temp_read:61	</harden/bcfiles/linux_bcfiles/thermal_char_device.bc>:llvm.dbg.declare	</harden/bcfiles/linux_bcfiles/thermal_char_device.bc>:temp_read:i8** %13	0
</harden/bcfiles/linux_bcfiles/thermal_char_device.bc>:temp_read:61	</harden/bcfiles/linux_bcfiles/thermal_char_device.bc>:llvm.dbg.declare	</harden/bcfiles/linux_bcfiles/thermal_char_device.bc>:temp_read:!4473	1
</harden/bcfiles/linux_bcfiles/thermal_char_device.bc>:temp_read:63	</harden/bcfiles/linux_bcfiles/thermal_char_device.bc>:llvm.dbg.declare	</harden/bcfiles/linux_bcfiles/thermal_char_device.bc>:temp_read:!DIExpression()	2
</harden/bcfiles/linux_bcfiles/thermal_char_device.bc>:temp_read:63	</harden/bcfiles/linux_bcfiles/thermal_char_device.bc>:llvm.dbg.declare	</harden/bcfiles/linux_bcfiles/thermal_char_device.bc>:temp_read:i8** %14	0
</harden/bcfiles/linux_bcfiles/thermal_char_device.bc>:temp_read:63	</harden/bcfiles/linux_bcfiles/thermal_char_device.bc>:llvm.dbg.declare	</harden/bcfiles/linux_bcfiles/thermal_char_device.bc>:temp_read:!4480	1
</harden/bcfiles/linux_bcfiles/thermal_char_device.bc>:temp_read:65	</harden/bcfiles/linux_bcfiles/thermal_char_device.bc>:llvm.dbg.declare	</harden/bcfiles/linux_bcfiles/thermal_char_device.bc>:temp_read:!DIExpression()	2
</harden/bcfiles/linux_bcfiles/thermal_char_device.bc>:temp_read:65	</harden/bcfiles/linux_bcfiles/thermal_char_device.bc>:llvm.dbg.declare	</harden/bcfiles/linux_bcfiles/thermal_char_device.bc>:temp_read:i64* %15	0
</harden/bcfiles/linux_bcfiles/thermal_char_device.bc>:temp_read:65	</harden/bcfiles/linux_bcfiles/thermal_char_device.bc>:llvm.dbg.declare	</harden/bcfiles/linux_bcfiles/thermal_char_device.bc>:temp_read:!4482	1
</harden/bcfiles/linux_bcfiles/thermal_char_device.bc>:temp_read:69	</harden/bcfiles/linux_bcfiles/thermal_char_device.bc>:llvm.dbg.declare	</harden/bcfiles/linux_bcfiles/thermal_char_device.bc>:temp_read:!DIExpression()	2
</harden/bcfiles/linux_bcfiles/thermal_char_device.bc>:temp_read:69	</harden/bcfiles/linux_bcfiles/thermal_char_device.bc>:llvm.dbg.declare	</harden/bcfiles/linux_bcfiles/thermal_char_device.bc>:temp_read:i8** %6	0
</harden/bcfiles/linux_bcfiles/thermal_char_device.bc>:temp_read:69	</harden/bcfiles/linux_bcfiles/thermal_char_device.bc>:llvm.dbg.declare	</harden/bcfiles/linux_bcfiles/thermal_char_device.bc>:temp_read:!4487	1
</harden/bcfiles/linux_bcfiles/thermal_char_device.bc>:temp_read:71	</harden/bcfiles/linux_bcfiles/thermal_char_device.bc>:llvm.dbg.declare	</harden/bcfiles/linux_bcfiles/thermal_char_device.bc>:temp_read:!DIExpression()	2
</harden/bcfiles/linux_bcfiles/thermal_char_device.bc>:temp_read:71	</harden/bcfiles/linux_bcfiles/thermal_char_device.bc>:llvm.dbg.declare	</harden/bcfiles/linux_bcfiles/thermal_char_device.bc>:temp_read:i64* %7	0
</harden/bcfiles/linux_bcfiles/thermal_char_device.bc>:temp_read:71	</harden/bcfiles/linux_bcfiles/thermal_char_device.bc>:llvm.dbg.declare	</harden/bcfiles/linux_bcfiles/thermal_char_device.bc>:temp_read:!4494	1
</harden/bcfiles/linux_bcfiles/thermal_char_device.bc>:temp_read:73	</harden/bcfiles/linux_bcfiles/thermal_char_device.bc>:llvm.dbg.declare	</harden/bcfiles/linux_bcfiles/thermal_char_device.bc>:temp_read:!DIExpression()	2
</harden/bcfiles/linux_bcfiles/thermal_char_device.bc>:temp_read:73	</harden/bcfiles/linux_bcfiles/thermal_char_device.bc>:llvm.dbg.declare	</harden/bcfiles/linux_bcfiles/thermal_char_device.bc>:temp_read:i8* %8	0
</harden/bcfiles/linux_bcfiles/thermal_char_device.bc>:temp_read:73	</harden/bcfiles/linux_bcfiles/thermal_char_device.bc>:llvm.dbg.declare	</harden/bcfiles/linux_bcfiles/thermal_char_device.bc>:temp_read:!4496	1
</harden/bcfiles/linux_bcfiles/thermal_char_device.bc>:temp_read:74	</harden/bcfiles/linux_bcfiles/thermal_char_device.bc>:llvm.dbg.declare	</harden/bcfiles/linux_bcfiles/thermal_char_device.bc>:temp_read:!DIExpression()	2
</harden/bcfiles/linux_bcfiles/thermal_char_device.bc>:temp_read:74	</harden/bcfiles/linux_bcfiles/thermal_char_device.bc>:llvm.dbg.declare	</harden/bcfiles/linux_bcfiles/thermal_char_device.bc>:temp_read:i32* %9	0
</harden/bcfiles/linux_bcfiles/thermal_char_device.bc>:temp_read:74	</harden/bcfiles/linux_bcfiles/thermal_char_device.bc>:llvm.dbg.declare	</harden/bcfiles/linux_bcfiles/thermal_char_device.bc>:temp_read:!4498	1
</harden/bcfiles/linux_bcfiles/thermal_char_device.bc>:temp_read:76	</harden/bcfiles/linux_bcfiles/thermal_char_device.bc>:llvm.objectsize.i64.p0i8	</harden/bcfiles/linux_bcfiles/thermal_char_device.bc>:temp_read:%49	0
</harden/bcfiles/linux_bcfiles/thermal_char_device.bc>:temp_read:76	</harden/bcfiles/linux_bcfiles/thermal_char_device.bc>:llvm.objectsize.i64.p0i8	</harden/bcfiles/linux_bcfiles/thermal_char_device.bc>:temp_read:76:1:false	1
</harden/bcfiles/linux_bcfiles/thermal_char_device.bc>:temp_read:76	</harden/bcfiles/linux_bcfiles/thermal_char_device.bc>:llvm.objectsize.i64.p0i8	</harden/bcfiles/linux_bcfiles/thermal_char_device.bc>:temp_read:76:2:true	2
</harden/bcfiles/linux_bcfiles/thermal_char_device.bc>:temp_read:76	</harden/bcfiles/linux_bcfiles/thermal_char_device.bc>:llvm.objectsize.i64.p0i8	</harden/bcfiles/linux_bcfiles/thermal_char_device.bc>:temp_read:76:3:false	3
</harden/bcfiles/linux_bcfiles/thermal_char_device.bc>:temp_read:93	</harden/bcfiles/linux_bcfiles/thermal_char_device.bc>:llvm.is.constant.i64	</harden/bcfiles/linux_bcfiles/thermal_char_device.bc>:temp_read:%65	0
</harden/bcfiles/linux_bcfiles/thermal_char_device.bc>:temp_read:97	</harden/bcfiles/linux_bcfiles/thermal_char_device.bc>:copy_overflow	</harden/bcfiles/linux_bcfiles/thermal_char_device.bc>:temp_read:%68	0
</harden/bcfiles/linux_bcfiles/thermal_char_device.bc>:temp_read:97	</harden/bcfiles/linux_bcfiles/thermal_char_device.bc>:copy_overflow	</harden/bcfiles/linux_bcfiles/thermal_char_device.bc>:temp_read:%69	1
</harden/bcfiles/linux_bcfiles/thermal_char_device.bc>:temp_read:109	</harden/bcfiles/linux_bcfiles/thermal_char_device.bc>:llvm.dbg.declare	</harden/bcfiles/linux_bcfiles/thermal_char_device.bc>:temp_read:!DIExpression()	2
</harden/bcfiles/linux_bcfiles/thermal_char_device.bc>:temp_read:109	</harden/bcfiles/linux_bcfiles/thermal_char_device.bc>:llvm.dbg.declare	</harden/bcfiles/linux_bcfiles/thermal_char_device.bc>:temp_read:i32* %10	0
</harden/bcfiles/linux_bcfiles/thermal_char_device.bc>:temp_read:109	</harden/bcfiles/linux_bcfiles/thermal_char_device.bc>:llvm.dbg.declare	</harden/bcfiles/linux_bcfiles/thermal_char_device.bc>:temp_read:!4522	1
</harden/bcfiles/linux_bcfiles/thermal_char_device.bc>:temp_read:121	</harden/bcfiles/linux_bcfiles/thermal_char_device.bc>:llvm.dbg.declare	</harden/bcfiles/linux_bcfiles/thermal_char_device.bc>:temp_read:!DIExpression()	2
</harden/bcfiles/linux_bcfiles/thermal_char_device.bc>:temp_read:121	</harden/bcfiles/linux_bcfiles/thermal_char_device.bc>:llvm.dbg.declare	</harden/bcfiles/linux_bcfiles/thermal_char_device.bc>:temp_read:i32* %11	0
</harden/bcfiles/linux_bcfiles/thermal_char_device.bc>:temp_read:121	</harden/bcfiles/linux_bcfiles/thermal_char_device.bc>:llvm.dbg.declare	</harden/bcfiles/linux_bcfiles/thermal_char_device.bc>:temp_read:!4528	1
</harden/bcfiles/linux_bcfiles/thermal_char_device.bc>:temp_read:141	</harden/bcfiles/linux_bcfiles/thermal_char_device.bc>:check_object_size	</harden/bcfiles/linux_bcfiles/thermal_char_device.bc>:temp_read:%99	0
</harden/bcfiles/linux_bcfiles/thermal_char_device.bc>:temp_read:141	</harden/bcfiles/linux_bcfiles/thermal_char_device.bc>:check_object_size	</harden/bcfiles/linux_bcfiles/thermal_char_device.bc>:temp_read:%100	1
</harden/bcfiles/linux_bcfiles/thermal_char_device.bc>:temp_read:141	</harden/bcfiles/linux_bcfiles/thermal_char_device.bc>:check_object_size	</harden/bcfiles/linux_bcfiles/thermal_char_device.bc>:temp_read:%102	2
</harden/bcfiles/linux_bcfiles/thermal_char_device.bc>:temp_read:149	</harden/bcfiles/linux_bcfiles/thermal_char_device.bc>:_copy_to_user	</harden/bcfiles/linux_bcfiles/thermal_char_device.bc>:temp_read:%106	0
</harden/bcfiles/linux_bcfiles/thermal_char_device.bc>:temp_read:149	</harden/bcfiles/linux_bcfiles/thermal_char_device.bc>:_copy_to_user	</harden/bcfiles/linux_bcfiles/thermal_char_device.bc>:temp_read:%107	1
</harden/bcfiles/linux_bcfiles/thermal_char_device.bc>:temp_read:149	</harden/bcfiles/linux_bcfiles/thermal_char_device.bc>:_copy_to_user	</harden/bcfiles/linux_bcfiles/thermal_char_device.bc>:temp_read:%108	2
</harden/bcfiles/linux_bcfiles/thermal_char_device.bc>:temp_open:4	</harden/bcfiles/linux_bcfiles/thermal_char_device.bc>:llvm.dbg.declare	</harden/bcfiles/linux_bcfiles/thermal_char_device.bc>:temp_open:%struct.inode** %3	0
</harden/bcfiles/linux_bcfiles/thermal_char_device.bc>:temp_open:4	</harden/bcfiles/linux_bcfiles/thermal_char_device.bc>:llvm.dbg.declare	</harden/bcfiles/linux_bcfiles/thermal_char_device.bc>:temp_open:!4561	1
</harden/bcfiles/linux_bcfiles/thermal_char_device.bc>:temp_open:4	</harden/bcfiles/linux_bcfiles/thermal_char_device.bc>:llvm.dbg.declare	</harden/bcfiles/linux_bcfiles/thermal_char_device.bc>:temp_open:!DIExpression()	2
</harden/bcfiles/linux_bcfiles/thermal_char_device.bc>:temp_open:6	</harden/bcfiles/linux_bcfiles/thermal_char_device.bc>:llvm.dbg.declare	</harden/bcfiles/linux_bcfiles/thermal_char_device.bc>:temp_open:!DIExpression()	2
</harden/bcfiles/linux_bcfiles/thermal_char_device.bc>:temp_open:6	</harden/bcfiles/linux_bcfiles/thermal_char_device.bc>:llvm.dbg.declare	</harden/bcfiles/linux_bcfiles/thermal_char_device.bc>:temp_open:%struct.file** %4	0
</harden/bcfiles/linux_bcfiles/thermal_char_device.bc>:temp_open:6	</harden/bcfiles/linux_bcfiles/thermal_char_device.bc>:llvm.dbg.declare	</harden/bcfiles/linux_bcfiles/thermal_char_device.bc>:temp_open:!4563	1
</harden/bcfiles/linux_bcfiles/thermal_char_device.bc>:temp_release:4	</harden/bcfiles/linux_bcfiles/thermal_char_device.bc>:llvm.dbg.declare	</harden/bcfiles/linux_bcfiles/thermal_char_device.bc>:temp_release:%struct.inode** %3	0
</harden/bcfiles/linux_bcfiles/thermal_char_device.bc>:temp_release:4	</harden/bcfiles/linux_bcfiles/thermal_char_device.bc>:llvm.dbg.declare	</harden/bcfiles/linux_bcfiles/thermal_char_device.bc>:temp_release:!4571	1
</harden/bcfiles/linux_bcfiles/thermal_char_device.bc>:temp_release:4	</harden/bcfiles/linux_bcfiles/thermal_char_device.bc>:llvm.dbg.declare	</harden/bcfiles/linux_bcfiles/thermal_char_device.bc>:temp_release:!DIExpression()	2
</harden/bcfiles/linux_bcfiles/thermal_char_device.bc>:temp_release:6	</harden/bcfiles/linux_bcfiles/thermal_char_device.bc>:llvm.dbg.declare	</harden/bcfiles/linux_bcfiles/thermal_char_device.bc>:temp_release:!DIExpression()	2
</harden/bcfiles/linux_bcfiles/thermal_char_device.bc>:temp_release:6	</harden/bcfiles/linux_bcfiles/thermal_char_device.bc>:llvm.dbg.declare	</harden/bcfiles/linux_bcfiles/thermal_char_device.bc>:temp_release:%struct.file** %4	0
</harden/bcfiles/linux_bcfiles/thermal_char_device.bc>:temp_release:6	</harden/bcfiles/linux_bcfiles/thermal_char_device.bc>:llvm.dbg.declare	</harden/bcfiles/linux_bcfiles/thermal_char_device.bc>:temp_release:!4573	1
</harden/bcfiles/linux_bcfiles/thermal_char_device.bc>:copy_overflow:3	</harden/bcfiles/linux_bcfiles/thermal_char_device.bc>:llvm.dbg.declare	</harden/bcfiles/linux_bcfiles/thermal_char_device.bc>:copy_overflow:i32* %3	0
</harden/bcfiles/linux_bcfiles/thermal_char_device.bc>:copy_overflow:3	</harden/bcfiles/linux_bcfiles/thermal_char_device.bc>:llvm.dbg.declare	</harden/bcfiles/linux_bcfiles/thermal_char_device.bc>:copy_overflow:!4583	1
</harden/bcfiles/linux_bcfiles/thermal_char_device.bc>:copy_overflow:3	</harden/bcfiles/linux_bcfiles/thermal_char_device.bc>:llvm.dbg.declare	</harden/bcfiles/linux_bcfiles/thermal_char_device.bc>:copy_overflow:!DIExpression()	2
</harden/bcfiles/linux_bcfiles/thermal_char_device.bc>:copy_overflow:5	</harden/bcfiles/linux_bcfiles/thermal_char_device.bc>:llvm.dbg.declare	</harden/bcfiles/linux_bcfiles/thermal_char_device.bc>:copy_overflow:!DIExpression()	2
</harden/bcfiles/linux_bcfiles/thermal_char_device.bc>:copy_overflow:5	</harden/bcfiles/linux_bcfiles/thermal_char_device.bc>:llvm.dbg.declare	</harden/bcfiles/linux_bcfiles/thermal_char_device.bc>:copy_overflow:i64* %4	0
</harden/bcfiles/linux_bcfiles/thermal_char_device.bc>:copy_overflow:5	</harden/bcfiles/linux_bcfiles/thermal_char_device.bc>:llvm.dbg.declare	</harden/bcfiles/linux_bcfiles/thermal_char_device.bc>:copy_overflow:!4585	1
</harden/bcfiles/linux_bcfiles/thermal_char_device.bc>:copy_overflow:8	</harden/bcfiles/linux_bcfiles/thermal_char_device.bc>:__copy_overflow	</harden/bcfiles/linux_bcfiles/thermal_char_device.bc>:copy_overflow:%5	0
</harden/bcfiles/linux_bcfiles/thermal_char_device.bc>:copy_overflow:8	</harden/bcfiles/linux_bcfiles/thermal_char_device.bc>:__copy_overflow	</harden/bcfiles/linux_bcfiles/thermal_char_device.bc>:copy_overflow:%6	1
</harden/bcfiles/linux_bcfiles/thermal_char_device.bc>:check_object_size:4	</harden/bcfiles/linux_bcfiles/thermal_char_device.bc>:llvm.dbg.declare	</harden/bcfiles/linux_bcfiles/thermal_char_device.bc>:check_object_size:i8** %4	0
</harden/bcfiles/linux_bcfiles/thermal_char_device.bc>:check_object_size:4	</harden/bcfiles/linux_bcfiles/thermal_char_device.bc>:llvm.dbg.declare	</harden/bcfiles/linux_bcfiles/thermal_char_device.bc>:check_object_size:!4595	1
</harden/bcfiles/linux_bcfiles/thermal_char_device.bc>:check_object_size:4	</harden/bcfiles/linux_bcfiles/thermal_char_device.bc>:llvm.dbg.declare	</harden/bcfiles/linux_bcfiles/thermal_char_device.bc>:check_object_size:!DIExpression()	2
</harden/bcfiles/linux_bcfiles/thermal_char_device.bc>:check_object_size:6	</harden/bcfiles/linux_bcfiles/thermal_char_device.bc>:llvm.dbg.declare	</harden/bcfiles/linux_bcfiles/thermal_char_device.bc>:check_object_size:!DIExpression()	2
</harden/bcfiles/linux_bcfiles/thermal_char_device.bc>:check_object_size:6	</harden/bcfiles/linux_bcfiles/thermal_char_device.bc>:llvm.dbg.declare	</harden/bcfiles/linux_bcfiles/thermal_char_device.bc>:check_object_size:i64* %5	0
</harden/bcfiles/linux_bcfiles/thermal_char_device.bc>:check_object_size:6	</harden/bcfiles/linux_bcfiles/thermal_char_device.bc>:llvm.dbg.declare	</harden/bcfiles/linux_bcfiles/thermal_char_device.bc>:check_object_size:!4597	1
</harden/bcfiles/linux_bcfiles/thermal_char_device.bc>:check_object_size:9	</harden/bcfiles/linux_bcfiles/thermal_char_device.bc>:llvm.dbg.declare	</harden/bcfiles/linux_bcfiles/thermal_char_device.bc>:check_object_size:!DIExpression()	2
</harden/bcfiles/linux_bcfiles/thermal_char_device.bc>:check_object_size:9	</harden/bcfiles/linux_bcfiles/thermal_char_device.bc>:llvm.dbg.declare	</harden/bcfiles/linux_bcfiles/thermal_char_device.bc>:check_object_size:i8* %6	0
</harden/bcfiles/linux_bcfiles/thermal_char_device.bc>:check_object_size:9	</harden/bcfiles/linux_bcfiles/thermal_char_device.bc>:llvm.dbg.declare	</harden/bcfiles/linux_bcfiles/thermal_char_device.bc>:check_object_size:!4599	1
</harden/bcfiles/linux_bcfiles/thermal_char_device.bc>:mutex_destroy:2	</harden/bcfiles/linux_bcfiles/thermal_char_device.bc>:llvm.dbg.declare	</harden/bcfiles/linux_bcfiles/thermal_char_device.bc>:mutex_destroy:%struct.mutex** %2	0
</harden/bcfiles/linux_bcfiles/thermal_char_device.bc>:mutex_destroy:2	</harden/bcfiles/linux_bcfiles/thermal_char_device.bc>:llvm.dbg.declare	</harden/bcfiles/linux_bcfiles/thermal_char_device.bc>:mutex_destroy:!4606	1
</harden/bcfiles/linux_bcfiles/thermal_char_device.bc>:mutex_destroy:2	</harden/bcfiles/linux_bcfiles/thermal_char_device.bc>:llvm.dbg.declare	</harden/bcfiles/linux_bcfiles/thermal_char_device.bc>:mutex_destroy:!DIExpression()	2
