</harden/bcfiles/edk_bcfiles/HardwareHandler.bc>:HardwareHandlerCheckLicense:%27	</harden/bcfiles/edk_bcfiles/HardwareHandler.bc>:HardwareHandlerCheckLicense:33:0:0	</harden/bcfiles/edk_bcfiles/HardwareHandler.bc>:HardwareHandlerCheckLicense:33
</harden/bcfiles/edk_bcfiles/HardwareHandler.bc>:HardwareHandlerCheckLicense:%5	</harden/bcfiles/edk_bcfiles/HardwareHandler.bc>:HardwareHandlerCheckLicense:8:0:0	</harden/bcfiles/edk_bcfiles/HardwareHandler.bc>:HardwareHandlerCheckLicense:8
</harden/bcfiles/edk_bcfiles/HardwareHandler.bc>:HardwareHandlerCheckLicense:%3	</harden/bcfiles/edk_bcfiles/HardwareHandler.bc>:HardwareHandlerCheckLicense:10:0:0	</harden/bcfiles/edk_bcfiles/HardwareHandler.bc>:HardwareHandlerCheckLicense:10
</harden/bcfiles/edk_bcfiles/HardwareHandler.bc>:HardwareHandlerCheckLicense:%3	</harden/bcfiles/edk_bcfiles/HardwareHandler.bc>:HardwareHandlerCheckLicense:35:0:0	</harden/bcfiles/edk_bcfiles/HardwareHandler.bc>:HardwareHandlerCheckLicense:35
</harden/bcfiles/edk_bcfiles/HardwareHandler.bc>:HardwareHandlerEntryPoint:%107	</harden/bcfiles/edk_bcfiles/HardwareHandler.bc>:HardwareHandlerEntryPoint:145:0:0	</harden/bcfiles/edk_bcfiles/HardwareHandler.bc>:HardwareHandlerEntryPoint:145
</harden/bcfiles/edk_bcfiles/HardwareHandler.bc>:HardwareHandlerEntryPoint:%96	</harden/bcfiles/edk_bcfiles/HardwareHandler.bc>:HardwareHandlerEntryPoint:130:0:0	</harden/bcfiles/edk_bcfiles/HardwareHandler.bc>:HardwareHandlerEntryPoint:130
</harden/bcfiles/edk_bcfiles/HardwareHandler.bc>:HardwareHandlerEntryPoint:%92	</harden/bcfiles/edk_bcfiles/HardwareHandler.bc>:HardwareHandlerEntryPoint:123:0:0	</harden/bcfiles/edk_bcfiles/HardwareHandler.bc>:HardwareHandlerEntryPoint:123
</harden/bcfiles/edk_bcfiles/HardwareHandler.bc>:HardwareHandlerEntryPoint:%90	</harden/bcfiles/edk_bcfiles/HardwareHandler.bc>:HardwareHandlerEntryPoint:120:0:0	</harden/bcfiles/edk_bcfiles/HardwareHandler.bc>:HardwareHandlerEntryPoint:120
</harden/bcfiles/edk_bcfiles/HardwareHandler.bc>:HardwareHandlerEntryPoint:%88	</harden/bcfiles/edk_bcfiles/HardwareHandler.bc>:HardwareHandlerEntryPoint:117:0:0	</harden/bcfiles/edk_bcfiles/HardwareHandler.bc>:HardwareHandlerEntryPoint:117
</harden/bcfiles/edk_bcfiles/HardwareHandler.bc>:HardwareHandlerEntryPoint:%67	</harden/bcfiles/edk_bcfiles/HardwareHandler.bc>:HardwareHandlerEntryPoint:92:0:0	</harden/bcfiles/edk_bcfiles/HardwareHandler.bc>:HardwareHandlerEntryPoint:92
</harden/bcfiles/edk_bcfiles/HardwareHandler.bc>:HardwareHandlerEntryPoint:%63	</harden/bcfiles/edk_bcfiles/HardwareHandler.bc>:HardwareHandlerEntryPoint:85:0:0	</harden/bcfiles/edk_bcfiles/HardwareHandler.bc>:HardwareHandlerEntryPoint:85
</harden/bcfiles/edk_bcfiles/HardwareHandler.bc>:HardwareHandlerEntryPoint:%65	</harden/bcfiles/edk_bcfiles/HardwareHandler.bc>:HardwareHandlerEntryPoint:88:0:0	</harden/bcfiles/edk_bcfiles/HardwareHandler.bc>:HardwareHandlerEntryPoint:88
</harden/bcfiles/edk_bcfiles/HardwareHandler.bc>:HardwareHandlerEntryPoint:%59	</harden/bcfiles/edk_bcfiles/HardwareHandler.bc>:HardwareHandlerEntryPoint:79:0:0	</harden/bcfiles/edk_bcfiles/HardwareHandler.bc>:HardwareHandlerEntryPoint:79
</harden/bcfiles/edk_bcfiles/HardwareHandler.bc>:HardwareHandlerEntryPoint:%94	</harden/bcfiles/edk_bcfiles/HardwareHandler.bc>:HardwareHandlerEntryPoint:126:0:0	</harden/bcfiles/edk_bcfiles/HardwareHandler.bc>:HardwareHandlerEntryPoint:126
</harden/bcfiles/edk_bcfiles/HardwareHandler.bc>:HardwareHandlerEntryPoint:%34	</harden/bcfiles/edk_bcfiles/HardwareHandler.bc>:HardwareHandlerEntryPoint:47:0:0	</harden/bcfiles/edk_bcfiles/HardwareHandler.bc>:HardwareHandlerEntryPoint:47
</harden/bcfiles/edk_bcfiles/HardwareHandler.bc>:HardwareHandlerEntryPoint:%78	</harden/bcfiles/edk_bcfiles/HardwareHandler.bc>:HardwareHandlerEntryPoint:105:0:0	</harden/bcfiles/edk_bcfiles/HardwareHandler.bc>:HardwareHandlerEntryPoint:105
</harden/bcfiles/edk_bcfiles/HardwareHandler.bc>:HardwareHandlerEntryPoint:%30	</harden/bcfiles/edk_bcfiles/HardwareHandler.bc>:HardwareHandlerEntryPoint:41:0:0	</harden/bcfiles/edk_bcfiles/HardwareHandler.bc>:HardwareHandlerEntryPoint:41
</harden/bcfiles/edk_bcfiles/HardwareHandler.bc>:HardwareHandlerEntryPoint:%49	</harden/bcfiles/edk_bcfiles/HardwareHandler.bc>:HardwareHandlerEntryPoint:67:0:0	</harden/bcfiles/edk_bcfiles/HardwareHandler.bc>:HardwareHandlerEntryPoint:67
</harden/bcfiles/edk_bcfiles/HardwareHandler.bc>:HardwareHandlerEntryPoint:%20	</harden/bcfiles/edk_bcfiles/HardwareHandler.bc>:HardwareHandlerEntryPoint:29:0:0	</harden/bcfiles/edk_bcfiles/HardwareHandler.bc>:HardwareHandlerEntryPoint:29
</harden/bcfiles/edk_bcfiles/HardwareHandler.bc>:HardwareHandlerEntryPoint:%38	</harden/bcfiles/edk_bcfiles/HardwareHandler.bc>:HardwareHandlerEntryPoint:54:0:0	</harden/bcfiles/edk_bcfiles/HardwareHandler.bc>:HardwareHandlerEntryPoint:54
</harden/bcfiles/edk_bcfiles/HardwareHandler.bc>:HardwareHandlerEntryPoint:%11	</harden/bcfiles/edk_bcfiles/HardwareHandler.bc>:HardwareHandlerEntryPoint:18:0:0	</harden/bcfiles/edk_bcfiles/HardwareHandler.bc>:HardwareHandlerEntryPoint:18
</harden/bcfiles/edk_bcfiles/HardwareHandler.bc>:HardwareHandlerEntryPoint:%61	</harden/bcfiles/edk_bcfiles/HardwareHandler.bc>:HardwareHandlerEntryPoint:82:0:0	</harden/bcfiles/edk_bcfiles/HardwareHandler.bc>:HardwareHandlerEntryPoint:82
</harden/bcfiles/edk_bcfiles/HardwareHandler.bc>:HardwareHandlerEntryPoint:%32	</harden/bcfiles/edk_bcfiles/HardwareHandler.bc>:HardwareHandlerEntryPoint:44:0:0	</harden/bcfiles/edk_bcfiles/HardwareHandler.bc>:HardwareHandlerEntryPoint:44
</harden/bcfiles/edk_bcfiles/HardwareHandler.bc>:HardwareHandlerEntryPoint:%36	</harden/bcfiles/edk_bcfiles/HardwareHandler.bc>:HardwareHandlerEntryPoint:50:0:0	</harden/bcfiles/edk_bcfiles/HardwareHandler.bc>:HardwareHandlerEntryPoint:50
