</harden/bcfiles/edk_bcfiles/HardwareHandler.bc>:GetButtonState:15	</harden/bcfiles/edk_bcfiles/HardwareHandler.bc>:GetButtonState:%6
</harden/bcfiles/edk_bcfiles/HardwareHandler.bc>:GetButtonState:21	</harden/bcfiles/edk_bcfiles/HardwareHandler.bc>:GetButtonState:%6
</harden/bcfiles/edk_bcfiles/HardwareHandler.bc>:GetButtonState:24	</harden/bcfiles/edk_bcfiles/HardwareHandler.bc>:GetButtonState:%5
</harden/bcfiles/edk_bcfiles/HardwareHandler.bc>:GetButtonState:9	</harden/bcfiles/edk_bcfiles/HardwareHandler.bc>:GetButtonState:%4
</harden/bcfiles/edk_bcfiles/HardwareHandler.bc>:GetButtonState:28	</harden/bcfiles/edk_bcfiles/HardwareHandler.bc>:GetButtonState:%3
</harden/bcfiles/edk_bcfiles/HardwareHandler.bc>:SetButtonLock:18	</harden/bcfiles/edk_bcfiles/HardwareHandler.bc>:SetButtonLock:%5
</harden/bcfiles/edk_bcfiles/HardwareHandler.bc>:SetButtonLock:12	</harden/bcfiles/edk_bcfiles/HardwareHandler.bc>:SetButtonLock:%4
</harden/bcfiles/edk_bcfiles/HardwareHandler.bc>:SetButtonLock:8	</harden/bcfiles/edk_bcfiles/HardwareHandler.bc>:SetButtonLock:%3
</harden/bcfiles/edk_bcfiles/HardwareHandler.bc>:TriggerButtonAction:18	</harden/bcfiles/edk_bcfiles/HardwareHandler.bc>:TriggerButtonAction:%5
</harden/bcfiles/edk_bcfiles/HardwareHandler.bc>:TriggerButtonAction:12	</harden/bcfiles/edk_bcfiles/HardwareHandler.bc>:TriggerButtonAction:%4
</harden/bcfiles/edk_bcfiles/HardwareHandler.bc>:TriggerButtonAction:8	</harden/bcfiles/edk_bcfiles/HardwareHandler.bc>:TriggerButtonAction:%3
</harden/bcfiles/edk_bcfiles/HardwareHandler.bc>:ResetButtonState:18	</harden/bcfiles/edk_bcfiles/HardwareHandler.bc>:ResetButtonState:%5
</harden/bcfiles/edk_bcfiles/HardwareHandler.bc>:ResetButtonState:12	</harden/bcfiles/edk_bcfiles/HardwareHandler.bc>:ResetButtonState:%4
</harden/bcfiles/edk_bcfiles/HardwareHandler.bc>:ResetButtonState:8	</harden/bcfiles/edk_bcfiles/HardwareHandler.bc>:ResetButtonState:%3
</harden/bcfiles/edk_bcfiles/HardwareHandler.bc>:SetFanSpeed:20	</harden/bcfiles/edk_bcfiles/HardwareHandler.bc>:SetFanSpeed:%6
</harden/bcfiles/edk_bcfiles/HardwareHandler.bc>:SetFanSpeed:13	</harden/bcfiles/edk_bcfiles/HardwareHandler.bc>:SetFanSpeed:%5
</harden/bcfiles/edk_bcfiles/HardwareHandler.bc>:SetFanSpeed:8	</harden/bcfiles/edk_bcfiles/HardwareHandler.bc>:SetFanSpeed:%4
</harden/bcfiles/edk_bcfiles/HardwareHandler.bc>:SetFanSpeed:28	</harden/bcfiles/edk_bcfiles/HardwareHandler.bc>:SetFanSpeed:%3
</harden/bcfiles/edk_bcfiles/HardwareHandler.bc>:GetFanSpeed:18	</harden/bcfiles/edk_bcfiles/HardwareHandler.bc>:GetFanSpeed:%6
</harden/bcfiles/edk_bcfiles/HardwareHandler.bc>:GetFanSpeed:24	</harden/bcfiles/edk_bcfiles/HardwareHandler.bc>:GetFanSpeed:%6
</harden/bcfiles/edk_bcfiles/HardwareHandler.bc>:GetFanSpeed:26	</harden/bcfiles/edk_bcfiles/HardwareHandler.bc>:GetFanSpeed:%5
</harden/bcfiles/edk_bcfiles/HardwareHandler.bc>:GetFanSpeed:10	</harden/bcfiles/edk_bcfiles/HardwareHandler.bc>:GetFanSpeed:%4
</harden/bcfiles/edk_bcfiles/HardwareHandler.bc>:GetFanSpeed:30	</harden/bcfiles/edk_bcfiles/HardwareHandler.bc>:GetFanSpeed:%3
</harden/bcfiles/edk_bcfiles/HardwareHandler.bc>:SetFanMode:14	</harden/bcfiles/edk_bcfiles/HardwareHandler.bc>:SetFanMode:%5
</harden/bcfiles/edk_bcfiles/HardwareHandler.bc>:SetFanMode:9	</harden/bcfiles/edk_bcfiles/HardwareHandler.bc>:SetFanMode:%4
</harden/bcfiles/edk_bcfiles/HardwareHandler.bc>:SetFanMode:28	</harden/bcfiles/edk_bcfiles/HardwareHandler.bc>:SetFanMode:%3
</harden/bcfiles/edk_bcfiles/HardwareHandler.bc>:SetFanMode:20	</harden/bcfiles/edk_bcfiles/HardwareHandler.bc>:SetFanMode:%6
</harden/bcfiles/edk_bcfiles/HardwareHandler.bc>:GetFanStatus:24	</harden/bcfiles/edk_bcfiles/HardwareHandler.bc>:GetFanStatus:%20
</harden/bcfiles/edk_bcfiles/HardwareHandler.bc>:GetFanStatus:21	</harden/bcfiles/edk_bcfiles/HardwareHandler.bc>:GetFanStatus:%7
</harden/bcfiles/edk_bcfiles/HardwareHandler.bc>:GetFanStatus:23	</harden/bcfiles/edk_bcfiles/HardwareHandler.bc>:GetFanStatus:%7
</harden/bcfiles/edk_bcfiles/HardwareHandler.bc>:GetFanStatus:15	</harden/bcfiles/edk_bcfiles/HardwareHandler.bc>:GetFanStatus:%6
</harden/bcfiles/edk_bcfiles/HardwareHandler.bc>:GetFanStatus:10	</harden/bcfiles/edk_bcfiles/HardwareHandler.bc>:GetFanStatus:%5
</harden/bcfiles/edk_bcfiles/HardwareHandler.bc>:GetFanStatus:32	</harden/bcfiles/edk_bcfiles/HardwareHandler.bc>:GetFanStatus:%4
</harden/bcfiles/edk_bcfiles/HardwareHandler.bc>:SetLedColor:24	</harden/bcfiles/edk_bcfiles/HardwareHandler.bc>:SetLedColor:%7
</harden/bcfiles/edk_bcfiles/HardwareHandler.bc>:SetLedColor:19	</harden/bcfiles/edk_bcfiles/HardwareHandler.bc>:SetLedColor:%6
</harden/bcfiles/edk_bcfiles/HardwareHandler.bc>:SetLedColor:10	</harden/bcfiles/edk_bcfiles/HardwareHandler.bc>:SetLedColor:%5
</harden/bcfiles/edk_bcfiles/HardwareHandler.bc>:SetLedColor:14	</harden/bcfiles/edk_bcfiles/HardwareHandler.bc>:SetLedColor:%4
</harden/bcfiles/edk_bcfiles/HardwareHandler.bc>:SetLedColor:31	</harden/bcfiles/edk_bcfiles/HardwareHandler.bc>:SetLedColor:%3
</harden/bcfiles/edk_bcfiles/HardwareHandler.bc>:SetLedBrightness:27	</harden/bcfiles/edk_bcfiles/HardwareHandler.bc>:SetLedBrightness:%8
</harden/bcfiles/edk_bcfiles/HardwareHandler.bc>:SetLedBrightness:15	</harden/bcfiles/edk_bcfiles/HardwareHandler.bc>:SetLedBrightness:%7
</harden/bcfiles/edk_bcfiles/HardwareHandler.bc>:SetLedBrightness:20	</harden/bcfiles/edk_bcfiles/HardwareHandler.bc>:SetLedBrightness:%6
</harden/bcfiles/edk_bcfiles/HardwareHandler.bc>:SetLedBrightness:11	</harden/bcfiles/edk_bcfiles/HardwareHandler.bc>:SetLedBrightness:%5
</harden/bcfiles/edk_bcfiles/HardwareHandler.bc>:SetLedBrightness:34	</harden/bcfiles/edk_bcfiles/HardwareHandler.bc>:SetLedBrightness:%4
</harden/bcfiles/edk_bcfiles/HardwareHandler.bc>:SetLedEffect:32	</harden/bcfiles/edk_bcfiles/HardwareHandler.bc>:SetLedEffect:%9
</harden/bcfiles/edk_bcfiles/HardwareHandler.bc>:SetLedEffect:27	</harden/bcfiles/edk_bcfiles/HardwareHandler.bc>:SetLedEffect:%8
</harden/bcfiles/edk_bcfiles/HardwareHandler.bc>:SetLedEffect:15	</harden/bcfiles/edk_bcfiles/HardwareHandler.bc>:SetLedEffect:%7
</harden/bcfiles/edk_bcfiles/HardwareHandler.bc>:SetLedEffect:13	</harden/bcfiles/edk_bcfiles/HardwareHandler.bc>:SetLedEffect:%6
</harden/bcfiles/edk_bcfiles/HardwareHandler.bc>:SetLedEffect:22	</harden/bcfiles/edk_bcfiles/HardwareHandler.bc>:SetLedEffect:%5
</harden/bcfiles/edk_bcfiles/HardwareHandler.bc>:SetLedEffect:39	</harden/bcfiles/edk_bcfiles/HardwareHandler.bc>:SetLedEffect:%4
</harden/bcfiles/edk_bcfiles/HardwareHandler.bc>:ResetLed:17	</harden/bcfiles/edk_bcfiles/HardwareHandler.bc>:ResetLed:%6
</harden/bcfiles/edk_bcfiles/HardwareHandler.bc>:ResetLed:8	</harden/bcfiles/edk_bcfiles/HardwareHandler.bc>:ResetLed:%4
</harden/bcfiles/edk_bcfiles/HardwareHandler.bc>:ResetLed:24	</harden/bcfiles/edk_bcfiles/HardwareHandler.bc>:ResetLed:%3
</harden/bcfiles/edk_bcfiles/HardwareHandler.bc>:GetTemperature:13	</harden/bcfiles/edk_bcfiles/HardwareHandler.bc>:GetTemperature:%4
</harden/bcfiles/edk_bcfiles/HardwareHandler.bc>:GetTemperature:6	</harden/bcfiles/edk_bcfiles/HardwareHandler.bc>:GetTemperature:%3
</harden/bcfiles/edk_bcfiles/HardwareHandler.bc>:SetThreshold:11	</harden/bcfiles/edk_bcfiles/HardwareHandler.bc>:SetThreshold:%4
</harden/bcfiles/edk_bcfiles/HardwareHandler.bc>:SetThreshold:6	</harden/bcfiles/edk_bcfiles/HardwareHandler.bc>:SetThreshold:%3
</harden/bcfiles/edk_bcfiles/HardwareHandler.bc>:GetSensorStatus:19	</harden/bcfiles/edk_bcfiles/HardwareHandler.bc>:GetSensorStatus:%15
</harden/bcfiles/edk_bcfiles/HardwareHandler.bc>:GetSensorStatus:25	</harden/bcfiles/edk_bcfiles/HardwareHandler.bc>:GetSensorStatus:%5
</harden/bcfiles/edk_bcfiles/HardwareHandler.bc>:GetSensorStatus:16	</harden/bcfiles/edk_bcfiles/HardwareHandler.bc>:GetSensorStatus:%4
</harden/bcfiles/edk_bcfiles/HardwareHandler.bc>:GetSensorStatus:18	</harden/bcfiles/edk_bcfiles/HardwareHandler.bc>:GetSensorStatus:%4
</harden/bcfiles/edk_bcfiles/HardwareHandler.bc>:GetSensorStatus:8	</harden/bcfiles/edk_bcfiles/HardwareHandler.bc>:GetSensorStatus:%3
</harden/bcfiles/edk_bcfiles/HardwareHandler.bc>:ResetSensor:13	</harden/bcfiles/edk_bcfiles/HardwareHandler.bc>:ResetSensor:%4
</harden/bcfiles/edk_bcfiles/HardwareHandler.bc>:ResetSensor:6	</harden/bcfiles/edk_bcfiles/HardwareHandler.bc>:ResetSensor:%3
</harden/bcfiles/edk_bcfiles/HardwareHandler.bc>:HardwareHandlerCheckLicense:34	</harden/bcfiles/edk_bcfiles/HardwareHandler.bc>:HardwareHandlerCheckLicense:%28
</harden/bcfiles/edk_bcfiles/HardwareHandler.bc>:HardwareHandlerCheckLicense:9	</harden/bcfiles/edk_bcfiles/HardwareHandler.bc>:HardwareHandlerCheckLicense:%6
</harden/bcfiles/edk_bcfiles/HardwareHandler.bc>:HardwareHandlerCheckLicense:13	</harden/bcfiles/edk_bcfiles/HardwareHandler.bc>:HardwareHandlerCheckLicense:%2
</harden/bcfiles/edk_bcfiles/HardwareHandler.bc>:HardwareHandlerCheckLicense:29	</harden/bcfiles/edk_bcfiles/HardwareHandler.bc>:HardwareHandlerCheckLicense:%2
</harden/bcfiles/edk_bcfiles/HardwareHandler.bc>:HardwareHandlerCheckLicense:38	</harden/bcfiles/edk_bcfiles/HardwareHandler.bc>:HardwareHandlerCheckLicense:%2
</harden/bcfiles/edk_bcfiles/HardwareHandler.bc>:HardwareHandlerCheckLicense:54	</harden/bcfiles/edk_bcfiles/HardwareHandler.bc>:HardwareHandlerCheckLicense:%2
</harden/bcfiles/edk_bcfiles/HardwareHandler.bc>:HardwareHandlerCheckLicense:59	</harden/bcfiles/edk_bcfiles/HardwareHandler.bc>:HardwareHandlerCheckLicense:%1
</harden/bcfiles/edk_bcfiles/HardwareHandler.bc>:HardwareHandlerEntryPoint:93	</harden/bcfiles/edk_bcfiles/HardwareHandler.bc>:HardwareHandlerEntryPoint:%68
</harden/bcfiles/edk_bcfiles/HardwareHandler.bc>:HardwareHandlerEntryPoint:68	</harden/bcfiles/edk_bcfiles/HardwareHandler.bc>:HardwareHandlerEntryPoint:%50
</harden/bcfiles/edk_bcfiles/HardwareHandler.bc>:HardwareHandlerEntryPoint:146	</harden/bcfiles/edk_bcfiles/HardwareHandler.bc>:HardwareHandlerEntryPoint:%108
</harden/bcfiles/edk_bcfiles/HardwareHandler.bc>:HardwareHandlerEntryPoint:106	</harden/bcfiles/edk_bcfiles/HardwareHandler.bc>:HardwareHandlerEntryPoint:%79
</harden/bcfiles/edk_bcfiles/HardwareHandler.bc>:HardwareHandlerEntryPoint:30	</harden/bcfiles/edk_bcfiles/HardwareHandler.bc>:HardwareHandlerEntryPoint:%21
</harden/bcfiles/edk_bcfiles/HardwareHandler.bc>:HardwareHandlerEntryPoint:19	</harden/bcfiles/edk_bcfiles/HardwareHandler.bc>:HardwareHandlerEntryPoint:%12
</harden/bcfiles/edk_bcfiles/HardwareHandler.bc>:HardwareHandlerEntryPoint:131	</harden/bcfiles/edk_bcfiles/HardwareHandler.bc>:HardwareHandlerEntryPoint:%97
</harden/bcfiles/edk_bcfiles/HardwareHandler.bc>:HardwareHandlerEntryPoint:78	</harden/bcfiles/edk_bcfiles/HardwareHandler.bc>:HardwareHandlerEntryPoint:%9
</harden/bcfiles/edk_bcfiles/HardwareHandler.bc>:HardwareHandlerEntryPoint:81	</harden/bcfiles/edk_bcfiles/HardwareHandler.bc>:HardwareHandlerEntryPoint:%9
</harden/bcfiles/edk_bcfiles/HardwareHandler.bc>:HardwareHandlerEntryPoint:84	</harden/bcfiles/edk_bcfiles/HardwareHandler.bc>:HardwareHandlerEntryPoint:%9
</harden/bcfiles/edk_bcfiles/HardwareHandler.bc>:HardwareHandlerEntryPoint:87	</harden/bcfiles/edk_bcfiles/HardwareHandler.bc>:HardwareHandlerEntryPoint:%9
</harden/bcfiles/edk_bcfiles/HardwareHandler.bc>:HardwareHandlerEntryPoint:94	</harden/bcfiles/edk_bcfiles/HardwareHandler.bc>:HardwareHandlerEntryPoint:%9
</harden/bcfiles/edk_bcfiles/HardwareHandler.bc>:HardwareHandlerEntryPoint:116	</harden/bcfiles/edk_bcfiles/HardwareHandler.bc>:HardwareHandlerEntryPoint:%8
</harden/bcfiles/edk_bcfiles/HardwareHandler.bc>:HardwareHandlerEntryPoint:119	</harden/bcfiles/edk_bcfiles/HardwareHandler.bc>:HardwareHandlerEntryPoint:%8
</harden/bcfiles/edk_bcfiles/HardwareHandler.bc>:HardwareHandlerEntryPoint:122	</harden/bcfiles/edk_bcfiles/HardwareHandler.bc>:HardwareHandlerEntryPoint:%8
</harden/bcfiles/edk_bcfiles/HardwareHandler.bc>:HardwareHandlerEntryPoint:125	</harden/bcfiles/edk_bcfiles/HardwareHandler.bc>:HardwareHandlerEntryPoint:%8
</harden/bcfiles/edk_bcfiles/HardwareHandler.bc>:HardwareHandlerEntryPoint:132	</harden/bcfiles/edk_bcfiles/HardwareHandler.bc>:HardwareHandlerEntryPoint:%8
</harden/bcfiles/edk_bcfiles/HardwareHandler.bc>:HardwareHandlerEntryPoint:40	</harden/bcfiles/edk_bcfiles/HardwareHandler.bc>:HardwareHandlerEntryPoint:%7
</harden/bcfiles/edk_bcfiles/HardwareHandler.bc>:HardwareHandlerEntryPoint:43	</harden/bcfiles/edk_bcfiles/HardwareHandler.bc>:HardwareHandlerEntryPoint:%7
</harden/bcfiles/edk_bcfiles/HardwareHandler.bc>:HardwareHandlerEntryPoint:46	</harden/bcfiles/edk_bcfiles/HardwareHandler.bc>:HardwareHandlerEntryPoint:%7
</harden/bcfiles/edk_bcfiles/HardwareHandler.bc>:HardwareHandlerEntryPoint:49	</harden/bcfiles/edk_bcfiles/HardwareHandler.bc>:HardwareHandlerEntryPoint:%7
</harden/bcfiles/edk_bcfiles/HardwareHandler.bc>:HardwareHandlerEntryPoint:56	</harden/bcfiles/edk_bcfiles/HardwareHandler.bc>:HardwareHandlerEntryPoint:%7
</harden/bcfiles/edk_bcfiles/HardwareHandler.bc>:HardwareHandlerEntryPoint:22	</harden/bcfiles/edk_bcfiles/HardwareHandler.bc>:HardwareHandlerEntryPoint:%6
</harden/bcfiles/edk_bcfiles/HardwareHandler.bc>:HardwareHandlerEntryPoint:25	</harden/bcfiles/edk_bcfiles/HardwareHandler.bc>:HardwareHandlerEntryPoint:%6
</harden/bcfiles/edk_bcfiles/HardwareHandler.bc>:HardwareHandlerEntryPoint:34	</harden/bcfiles/edk_bcfiles/HardwareHandler.bc>:HardwareHandlerEntryPoint:%6
</harden/bcfiles/edk_bcfiles/HardwareHandler.bc>:HardwareHandlerEntryPoint:37	</harden/bcfiles/edk_bcfiles/HardwareHandler.bc>:HardwareHandlerEntryPoint:%6
</harden/bcfiles/edk_bcfiles/HardwareHandler.bc>:HardwareHandlerEntryPoint:60	</harden/bcfiles/edk_bcfiles/HardwareHandler.bc>:HardwareHandlerEntryPoint:%6
</harden/bcfiles/edk_bcfiles/HardwareHandler.bc>:HardwareHandlerEntryPoint:63	</harden/bcfiles/edk_bcfiles/HardwareHandler.bc>:HardwareHandlerEntryPoint:%6
</harden/bcfiles/edk_bcfiles/HardwareHandler.bc>:HardwareHandlerEntryPoint:72	</harden/bcfiles/edk_bcfiles/HardwareHandler.bc>:HardwareHandlerEntryPoint:%6
</harden/bcfiles/edk_bcfiles/HardwareHandler.bc>:HardwareHandlerEntryPoint:75	</harden/bcfiles/edk_bcfiles/HardwareHandler.bc>:HardwareHandlerEntryPoint:%6
</harden/bcfiles/edk_bcfiles/HardwareHandler.bc>:HardwareHandlerEntryPoint:98	</harden/bcfiles/edk_bcfiles/HardwareHandler.bc>:HardwareHandlerEntryPoint:%6
</harden/bcfiles/edk_bcfiles/HardwareHandler.bc>:HardwareHandlerEntryPoint:101	</harden/bcfiles/edk_bcfiles/HardwareHandler.bc>:HardwareHandlerEntryPoint:%6
</harden/bcfiles/edk_bcfiles/HardwareHandler.bc>:HardwareHandlerEntryPoint:110	</harden/bcfiles/edk_bcfiles/HardwareHandler.bc>:HardwareHandlerEntryPoint:%6
</harden/bcfiles/edk_bcfiles/HardwareHandler.bc>:HardwareHandlerEntryPoint:113	</harden/bcfiles/edk_bcfiles/HardwareHandler.bc>:HardwareHandlerEntryPoint:%6
</harden/bcfiles/edk_bcfiles/HardwareHandler.bc>:HardwareHandlerEntryPoint:136	</harden/bcfiles/edk_bcfiles/HardwareHandler.bc>:HardwareHandlerEntryPoint:%6
</harden/bcfiles/edk_bcfiles/HardwareHandler.bc>:HardwareHandlerEntryPoint:139	</harden/bcfiles/edk_bcfiles/HardwareHandler.bc>:HardwareHandlerEntryPoint:%6
</harden/bcfiles/edk_bcfiles/HardwareHandler.bc>:HardwareHandlerEntryPoint:149	</harden/bcfiles/edk_bcfiles/HardwareHandler.bc>:HardwareHandlerEntryPoint:%6
</harden/bcfiles/edk_bcfiles/HardwareHandler.bc>:HardwareHandlerEntryPoint:152	</harden/bcfiles/edk_bcfiles/HardwareHandler.bc>:HardwareHandlerEntryPoint:%6
</harden/bcfiles/edk_bcfiles/HardwareHandler.bc>:HardwareHandlerEntryPoint:157	</harden/bcfiles/edk_bcfiles/HardwareHandler.bc>:HardwareHandlerEntryPoint:%6
</harden/bcfiles/edk_bcfiles/HardwareHandler.bc>:HardwareHandlerEntryPoint:164	</harden/bcfiles/edk_bcfiles/HardwareHandler.bc>:HardwareHandlerEntryPoint:%3
</harden/bcfiles/edk_bcfiles/HardwareHandler.bc>:HardwareHandlerEntryPoint:55	</harden/bcfiles/edk_bcfiles/HardwareHandler.bc>:HardwareHandlerEntryPoint:%39
</harden/bcfiles/edk_bcfiles/HardwareHandler.bc>:HardwareHandlerCheckLicense:7	</harden/bcfiles/edk_bcfiles/HardwareHandler.bc>:HardwareHandlerCheckLicense:7:0:@mHardwareManagerLicenseProtocol
</harden/bcfiles/edk_bcfiles/HardwareHandler.bc>:HardwareHandlerCheckLicense:32	</harden/bcfiles/edk_bcfiles/HardwareHandler.bc>:HardwareHandlerCheckLicense:32:0:@mHardwareManagerLicenseProtocol
</harden/bcfiles/edk_bcfiles/HardwareHandler.bc>:HardwareHandlerEntryPoint:17	</harden/bcfiles/edk_bcfiles/HardwareHandler.bc>:HardwareHandlerEntryPoint:17:0:@gSmst
</harden/bcfiles/edk_bcfiles/HardwareHandler.bc>:HardwareHandlerEntryPoint:28	</harden/bcfiles/edk_bcfiles/HardwareHandler.bc>:HardwareHandlerEntryPoint:28:0:@gSmst
</harden/bcfiles/edk_bcfiles/HardwareHandler.bc>:HardwareHandlerEntryPoint:53	</harden/bcfiles/edk_bcfiles/HardwareHandler.bc>:HardwareHandlerEntryPoint:53:0:@gSmst
</harden/bcfiles/edk_bcfiles/HardwareHandler.bc>:HardwareHandlerEntryPoint:66	</harden/bcfiles/edk_bcfiles/HardwareHandler.bc>:HardwareHandlerEntryPoint:66:0:@gSmst
</harden/bcfiles/edk_bcfiles/HardwareHandler.bc>:HardwareHandlerEntryPoint:91	</harden/bcfiles/edk_bcfiles/HardwareHandler.bc>:HardwareHandlerEntryPoint:91:0:@gSmst
</harden/bcfiles/edk_bcfiles/HardwareHandler.bc>:HardwareHandlerEntryPoint:104	</harden/bcfiles/edk_bcfiles/HardwareHandler.bc>:HardwareHandlerEntryPoint:104:0:@gSmst
</harden/bcfiles/edk_bcfiles/HardwareHandler.bc>:HardwareHandlerEntryPoint:129	</harden/bcfiles/edk_bcfiles/HardwareHandler.bc>:HardwareHandlerEntryPoint:129:0:@gSmst
</harden/bcfiles/edk_bcfiles/HardwareHandler.bc>:HardwareHandlerEntryPoint:144	</harden/bcfiles/edk_bcfiles/HardwareHandler.bc>:HardwareHandlerEntryPoint:144:0:@gSmst
