</harden/bcfiles/edk_bcfiles/HardwareHandler.bc>:GetButtonState:9	i64*
</harden/bcfiles/edk_bcfiles/HardwareHandler.bc>:GetButtonState:15	i32*
</harden/bcfiles/edk_bcfiles/HardwareHandler.bc>:GetButtonState:21	i32*
</harden/bcfiles/edk_bcfiles/HardwareHandler.bc>:GetButtonState:24	i64**
</harden/bcfiles/edk_bcfiles/HardwareHandler.bc>:GetButtonState:28	i64*
</harden/bcfiles/edk_bcfiles/HardwareHandler.bc>:SetButtonLock:8	i64*
</harden/bcfiles/edk_bcfiles/HardwareHandler.bc>:SetButtonLock:12	i64*
</harden/bcfiles/edk_bcfiles/HardwareHandler.bc>:SetButtonLock:18	i32*
</harden/bcfiles/edk_bcfiles/HardwareHandler.bc>:TriggerButtonAction:8	i64*
</harden/bcfiles/edk_bcfiles/HardwareHandler.bc>:TriggerButtonAction:12	i64*
</harden/bcfiles/edk_bcfiles/HardwareHandler.bc>:TriggerButtonAction:18	i32*
</harden/bcfiles/edk_bcfiles/HardwareHandler.bc>:ResetButtonState:8	i64*
</harden/bcfiles/edk_bcfiles/HardwareHandler.bc>:ResetButtonState:12	i64*
</harden/bcfiles/edk_bcfiles/HardwareHandler.bc>:ResetButtonState:18	i32*
</harden/bcfiles/edk_bcfiles/HardwareHandler.bc>:SetFanSpeed:8	i64*
</harden/bcfiles/edk_bcfiles/HardwareHandler.bc>:SetFanSpeed:13	i64*
</harden/bcfiles/edk_bcfiles/HardwareHandler.bc>:SetFanSpeed:20	i32*
</harden/bcfiles/edk_bcfiles/HardwareHandler.bc>:SetFanSpeed:28	i64*
</harden/bcfiles/edk_bcfiles/HardwareHandler.bc>:GetFanSpeed:10	i64*
</harden/bcfiles/edk_bcfiles/HardwareHandler.bc>:GetFanSpeed:18	i64*
</harden/bcfiles/edk_bcfiles/HardwareHandler.bc>:GetFanSpeed:24	i64*
</harden/bcfiles/edk_bcfiles/HardwareHandler.bc>:GetFanSpeed:26	i64**
</harden/bcfiles/edk_bcfiles/HardwareHandler.bc>:GetFanSpeed:30	i64*
</harden/bcfiles/edk_bcfiles/HardwareHandler.bc>:SetFanMode:9	i64*
</harden/bcfiles/edk_bcfiles/HardwareHandler.bc>:SetFanMode:14	i64*
</harden/bcfiles/edk_bcfiles/HardwareHandler.bc>:SetFanMode:20	i32*
</harden/bcfiles/edk_bcfiles/HardwareHandler.bc>:SetFanMode:28	i64*
</harden/bcfiles/edk_bcfiles/HardwareHandler.bc>:GetFanStatus:10	i64*
</harden/bcfiles/edk_bcfiles/HardwareHandler.bc>:GetFanStatus:15	i64*
</harden/bcfiles/edk_bcfiles/HardwareHandler.bc>:GetFanStatus:21	i64**
</harden/bcfiles/edk_bcfiles/HardwareHandler.bc>:GetFanStatus:23	i64**
</harden/bcfiles/edk_bcfiles/HardwareHandler.bc>:GetFanStatus:24	i64*
</harden/bcfiles/edk_bcfiles/HardwareHandler.bc>:GetFanStatus:32	i64*
</harden/bcfiles/edk_bcfiles/HardwareHandler.bc>:SetLedColor:10	i64*
</harden/bcfiles/edk_bcfiles/HardwareHandler.bc>:SetLedColor:14	i64*
</harden/bcfiles/edk_bcfiles/HardwareHandler.bc>:SetLedColor:19	i32*
</harden/bcfiles/edk_bcfiles/HardwareHandler.bc>:SetLedColor:24	i32*
</harden/bcfiles/edk_bcfiles/HardwareHandler.bc>:SetLedColor:31	i64*
</harden/bcfiles/edk_bcfiles/HardwareHandler.bc>:SetLedBrightness:11	i64*
</harden/bcfiles/edk_bcfiles/HardwareHandler.bc>:SetLedBrightness:15	i64*
</harden/bcfiles/edk_bcfiles/HardwareHandler.bc>:SetLedBrightness:20	i64*
</harden/bcfiles/edk_bcfiles/HardwareHandler.bc>:SetLedBrightness:27	i32*
</harden/bcfiles/edk_bcfiles/HardwareHandler.bc>:SetLedBrightness:34	i64*
</harden/bcfiles/edk_bcfiles/HardwareHandler.bc>:SetLedEffect:13	i64*
</harden/bcfiles/edk_bcfiles/HardwareHandler.bc>:SetLedEffect:15	i64*
</harden/bcfiles/edk_bcfiles/HardwareHandler.bc>:SetLedEffect:22	i64*
</harden/bcfiles/edk_bcfiles/HardwareHandler.bc>:SetLedEffect:27	i32*
</harden/bcfiles/edk_bcfiles/HardwareHandler.bc>:SetLedEffect:32	i32*
</harden/bcfiles/edk_bcfiles/HardwareHandler.bc>:SetLedEffect:39	i64*
</harden/bcfiles/edk_bcfiles/HardwareHandler.bc>:ResetLed:8	i64*
</harden/bcfiles/edk_bcfiles/HardwareHandler.bc>:ResetLed:17	i32*
</harden/bcfiles/edk_bcfiles/HardwareHandler.bc>:ResetLed:24	i64*
</harden/bcfiles/edk_bcfiles/HardwareHandler.bc>:GetTemperature:6	i64*
</harden/bcfiles/edk_bcfiles/HardwareHandler.bc>:GetTemperature:13	i64**
</harden/bcfiles/edk_bcfiles/HardwareHandler.bc>:SetThreshold:6	i64*
</harden/bcfiles/edk_bcfiles/HardwareHandler.bc>:SetThreshold:11	i64*
</harden/bcfiles/edk_bcfiles/HardwareHandler.bc>:GetSensorStatus:8	i64*
</harden/bcfiles/edk_bcfiles/HardwareHandler.bc>:GetSensorStatus:16	i64**
</harden/bcfiles/edk_bcfiles/HardwareHandler.bc>:GetSensorStatus:18	i64**
</harden/bcfiles/edk_bcfiles/HardwareHandler.bc>:GetSensorStatus:19	i64*
</harden/bcfiles/edk_bcfiles/HardwareHandler.bc>:GetSensorStatus:25	i8*
</harden/bcfiles/edk_bcfiles/HardwareHandler.bc>:ResetSensor:6	i64*
</harden/bcfiles/edk_bcfiles/HardwareHandler.bc>:ResetSensor:13	i64*
</harden/bcfiles/edk_bcfiles/HardwareHandler.bc>:HardwareHandlerCheckLicense:7	%struct._HARDWARE_MANAGER_LICENSE_PROTOCOL**
</harden/bcfiles/edk_bcfiles/HardwareHandler.bc>:HardwareHandlerCheckLicense:9	i64 (i8*)**
</harden/bcfiles/edk_bcfiles/HardwareHandler.bc>:HardwareHandlerCheckLicense:13	i64*
</harden/bcfiles/edk_bcfiles/HardwareHandler.bc>:HardwareHandlerCheckLicense:29	i64*
</harden/bcfiles/edk_bcfiles/HardwareHandler.bc>:HardwareHandlerCheckLicense:32	%struct._HARDWARE_MANAGER_LICENSE_PROTOCOL**
</harden/bcfiles/edk_bcfiles/HardwareHandler.bc>:HardwareHandlerCheckLicense:34	i64 (i8*)**
</harden/bcfiles/edk_bcfiles/HardwareHandler.bc>:HardwareHandlerCheckLicense:38	i64*
</harden/bcfiles/edk_bcfiles/HardwareHandler.bc>:HardwareHandlerCheckLicense:54	i64*
</harden/bcfiles/edk_bcfiles/HardwareHandler.bc>:HardwareHandlerCheckLicense:59	i64*
</harden/bcfiles/edk_bcfiles/HardwareHandler.bc>:HardwareHandlerEntryPoint:17	%struct._EFI_SMM_SYSTEM_TABLE2**
</harden/bcfiles/edk_bcfiles/HardwareHandler.bc>:HardwareHandlerEntryPoint:19	i64 (%struct.GUID*, i8*, i8**)**
</harden/bcfiles/edk_bcfiles/HardwareHandler.bc>:HardwareHandlerEntryPoint:22	i64*
</harden/bcfiles/edk_bcfiles/HardwareHandler.bc>:HardwareHandlerEntryPoint:25	i64*
</harden/bcfiles/edk_bcfiles/HardwareHandler.bc>:HardwareHandlerEntryPoint:28	%struct._EFI_SMM_SYSTEM_TABLE2**
</harden/bcfiles/edk_bcfiles/HardwareHandler.bc>:HardwareHandlerEntryPoint:30	i64 (i32, i64, i8**)**
</harden/bcfiles/edk_bcfiles/HardwareHandler.bc>:HardwareHandlerEntryPoint:34	i64*
</harden/bcfiles/edk_bcfiles/HardwareHandler.bc>:HardwareHandlerEntryPoint:37	i64*
</harden/bcfiles/edk_bcfiles/HardwareHandler.bc>:HardwareHandlerEntryPoint:40	%struct._FAN_CONTROLLER_PROTOCOL**
</harden/bcfiles/edk_bcfiles/HardwareHandler.bc>:HardwareHandlerEntryPoint:43	%struct._FAN_CONTROLLER_PROTOCOL**
</harden/bcfiles/edk_bcfiles/HardwareHandler.bc>:HardwareHandlerEntryPoint:46	%struct._FAN_CONTROLLER_PROTOCOL**
</harden/bcfiles/edk_bcfiles/HardwareHandler.bc>:HardwareHandlerEntryPoint:49	%struct._FAN_CONTROLLER_PROTOCOL**
</harden/bcfiles/edk_bcfiles/HardwareHandler.bc>:HardwareHandlerEntryPoint:53	%struct._EFI_SMM_SYSTEM_TABLE2**
</harden/bcfiles/edk_bcfiles/HardwareHandler.bc>:HardwareHandlerEntryPoint:55	i64 (i8**, %struct.GUID*, i32, i8*)**
</harden/bcfiles/edk_bcfiles/HardwareHandler.bc>:HardwareHandlerEntryPoint:56	%struct._FAN_CONTROLLER_PROTOCOL**
</harden/bcfiles/edk_bcfiles/HardwareHandler.bc>:HardwareHandlerEntryPoint:60	i64*
</harden/bcfiles/edk_bcfiles/HardwareHandler.bc>:HardwareHandlerEntryPoint:63	i64*
</harden/bcfiles/edk_bcfiles/HardwareHandler.bc>:HardwareHandlerEntryPoint:66	%struct._EFI_SMM_SYSTEM_TABLE2**
</harden/bcfiles/edk_bcfiles/HardwareHandler.bc>:HardwareHandlerEntryPoint:68	i64 (i32, i64, i8**)**
</harden/bcfiles/edk_bcfiles/HardwareHandler.bc>:HardwareHandlerEntryPoint:72	i64*
</harden/bcfiles/edk_bcfiles/HardwareHandler.bc>:HardwareHandlerEntryPoint:75	i64*
</harden/bcfiles/edk_bcfiles/HardwareHandler.bc>:HardwareHandlerEntryPoint:78	%struct._LED_CONTROLLER_PROTOCOL**
</harden/bcfiles/edk_bcfiles/HardwareHandler.bc>:HardwareHandlerEntryPoint:81	%struct._LED_CONTROLLER_PROTOCOL**
</harden/bcfiles/edk_bcfiles/HardwareHandler.bc>:HardwareHandlerEntryPoint:84	%struct._LED_CONTROLLER_PROTOCOL**
</harden/bcfiles/edk_bcfiles/HardwareHandler.bc>:HardwareHandlerEntryPoint:87	%struct._LED_CONTROLLER_PROTOCOL**
</harden/bcfiles/edk_bcfiles/HardwareHandler.bc>:HardwareHandlerEntryPoint:91	%struct._EFI_SMM_SYSTEM_TABLE2**
</harden/bcfiles/edk_bcfiles/HardwareHandler.bc>:HardwareHandlerEntryPoint:93	i64 (i8**, %struct.GUID*, i32, i8*)**
</harden/bcfiles/edk_bcfiles/HardwareHandler.bc>:HardwareHandlerEntryPoint:94	%struct._LED_CONTROLLER_PROTOCOL**
</harden/bcfiles/edk_bcfiles/HardwareHandler.bc>:HardwareHandlerEntryPoint:98	i64*
</harden/bcfiles/edk_bcfiles/HardwareHandler.bc>:HardwareHandlerEntryPoint:101	i64*
</harden/bcfiles/edk_bcfiles/HardwareHandler.bc>:HardwareHandlerEntryPoint:104	%struct._EFI_SMM_SYSTEM_TABLE2**
</harden/bcfiles/edk_bcfiles/HardwareHandler.bc>:HardwareHandlerEntryPoint:106	i64 (i32, i64, i8**)**
</harden/bcfiles/edk_bcfiles/HardwareHandler.bc>:HardwareHandlerEntryPoint:110	i64*
</harden/bcfiles/edk_bcfiles/HardwareHandler.bc>:HardwareHandlerEntryPoint:113	i64*
</harden/bcfiles/edk_bcfiles/HardwareHandler.bc>:HardwareHandlerEntryPoint:116	%struct._THERMAL_SENSOR_PROTOCOL**
</harden/bcfiles/edk_bcfiles/HardwareHandler.bc>:HardwareHandlerEntryPoint:119	%struct._THERMAL_SENSOR_PROTOCOL**
</harden/bcfiles/edk_bcfiles/HardwareHandler.bc>:HardwareHandlerEntryPoint:122	%struct._THERMAL_SENSOR_PROTOCOL**
</harden/bcfiles/edk_bcfiles/HardwareHandler.bc>:HardwareHandlerEntryPoint:125	%struct._THERMAL_SENSOR_PROTOCOL**
</harden/bcfiles/edk_bcfiles/HardwareHandler.bc>:HardwareHandlerEntryPoint:129	%struct._EFI_SMM_SYSTEM_TABLE2**
</harden/bcfiles/edk_bcfiles/HardwareHandler.bc>:HardwareHandlerEntryPoint:131	i64 (i8**, %struct.GUID*, i32, i8*)**
</harden/bcfiles/edk_bcfiles/HardwareHandler.bc>:HardwareHandlerEntryPoint:132	%struct._THERMAL_SENSOR_PROTOCOL**
</harden/bcfiles/edk_bcfiles/HardwareHandler.bc>:HardwareHandlerEntryPoint:136	i64*
</harden/bcfiles/edk_bcfiles/HardwareHandler.bc>:HardwareHandlerEntryPoint:139	i64*
</harden/bcfiles/edk_bcfiles/HardwareHandler.bc>:HardwareHandlerEntryPoint:144	%struct._EFI_SMM_SYSTEM_TABLE2**
</harden/bcfiles/edk_bcfiles/HardwareHandler.bc>:HardwareHandlerEntryPoint:146	i64 (i8**, %struct.GUID*, i32, i8*)**
</harden/bcfiles/edk_bcfiles/HardwareHandler.bc>:HardwareHandlerEntryPoint:149	i64*
</harden/bcfiles/edk_bcfiles/HardwareHandler.bc>:HardwareHandlerEntryPoint:152	i64*
</harden/bcfiles/edk_bcfiles/HardwareHandler.bc>:HardwareHandlerEntryPoint:157	i64*
</harden/bcfiles/edk_bcfiles/HardwareHandler.bc>:HardwareHandlerEntryPoint:164	i64*
