</harden/bcfiles/edk_bcfiles/HardwareHandler.bc>:GetButtonState:%6	</harden/bcfiles/edk_bcfiles/HardwareHandler.bc>:GetButtonState:%11	</harden/bcfiles/edk_bcfiles/HardwareHandler.bc>:GetButtonState:14
</harden/bcfiles/edk_bcfiles/HardwareHandler.bc>:GetButtonState:%20	</harden/bcfiles/edk_bcfiles/HardwareHandler.bc>:GetButtonState:%19	</harden/bcfiles/edk_bcfiles/HardwareHandler.bc>:GetButtonState:25
</harden/bcfiles/edk_bcfiles/HardwareHandler.bc>:GetButtonState:%5	</harden/bcfiles/edk_bcfiles/HardwareHandler.bc>:GetButtonState:%1	</harden/bcfiles/edk_bcfiles/HardwareHandler.bc>:GetButtonState:6
</harden/bcfiles/edk_bcfiles/HardwareHandler.bc>:GetButtonState:%4	</harden/bcfiles/edk_bcfiles/HardwareHandler.bc>:GetButtonState:%0	</harden/bcfiles/edk_bcfiles/HardwareHandler.bc>:GetButtonState:4
</harden/bcfiles/edk_bcfiles/HardwareHandler.bc>:SetButtonLock:%5	</harden/bcfiles/edk_bcfiles/HardwareHandler.bc>:SetButtonLock:%14	</harden/bcfiles/edk_bcfiles/HardwareHandler.bc>:SetButtonLock:17
</harden/bcfiles/edk_bcfiles/HardwareHandler.bc>:SetButtonLock:%4	</harden/bcfiles/edk_bcfiles/HardwareHandler.bc>:SetButtonLock:%1	</harden/bcfiles/edk_bcfiles/HardwareHandler.bc>:SetButtonLock:5
</harden/bcfiles/edk_bcfiles/HardwareHandler.bc>:SetButtonLock:%3	</harden/bcfiles/edk_bcfiles/HardwareHandler.bc>:SetButtonLock:%0	</harden/bcfiles/edk_bcfiles/HardwareHandler.bc>:SetButtonLock:3
</harden/bcfiles/edk_bcfiles/HardwareHandler.bc>:TriggerButtonAction:%5	</harden/bcfiles/edk_bcfiles/HardwareHandler.bc>:TriggerButtonAction:%14	</harden/bcfiles/edk_bcfiles/HardwareHandler.bc>:TriggerButtonAction:17
</harden/bcfiles/edk_bcfiles/HardwareHandler.bc>:TriggerButtonAction:%4	</harden/bcfiles/edk_bcfiles/HardwareHandler.bc>:TriggerButtonAction:%1	</harden/bcfiles/edk_bcfiles/HardwareHandler.bc>:TriggerButtonAction:5
</harden/bcfiles/edk_bcfiles/HardwareHandler.bc>:TriggerButtonAction:%3	</harden/bcfiles/edk_bcfiles/HardwareHandler.bc>:TriggerButtonAction:%0	</harden/bcfiles/edk_bcfiles/HardwareHandler.bc>:TriggerButtonAction:3
</harden/bcfiles/edk_bcfiles/HardwareHandler.bc>:ResetButtonState:%5	</harden/bcfiles/edk_bcfiles/HardwareHandler.bc>:ResetButtonState:%14	</harden/bcfiles/edk_bcfiles/HardwareHandler.bc>:ResetButtonState:17
</harden/bcfiles/edk_bcfiles/HardwareHandler.bc>:ResetButtonState:%4	</harden/bcfiles/edk_bcfiles/HardwareHandler.bc>:ResetButtonState:%1	</harden/bcfiles/edk_bcfiles/HardwareHandler.bc>:ResetButtonState:5
</harden/bcfiles/edk_bcfiles/HardwareHandler.bc>:ResetButtonState:%3	</harden/bcfiles/edk_bcfiles/HardwareHandler.bc>:ResetButtonState:%0	</harden/bcfiles/edk_bcfiles/HardwareHandler.bc>:ResetButtonState:3
</harden/bcfiles/edk_bcfiles/HardwareHandler.bc>:SetFanSpeed:%6	</harden/bcfiles/edk_bcfiles/HardwareHandler.bc>:SetFanSpeed:%16	</harden/bcfiles/edk_bcfiles/HardwareHandler.bc>:SetFanSpeed:19
</harden/bcfiles/edk_bcfiles/HardwareHandler.bc>:SetFanSpeed:%5	</harden/bcfiles/edk_bcfiles/HardwareHandler.bc>:SetFanSpeed:%1	</harden/bcfiles/edk_bcfiles/HardwareHandler.bc>:SetFanSpeed:6
</harden/bcfiles/edk_bcfiles/HardwareHandler.bc>:SetFanSpeed:%4	</harden/bcfiles/edk_bcfiles/HardwareHandler.bc>:SetFanSpeed:%0	</harden/bcfiles/edk_bcfiles/HardwareHandler.bc>:SetFanSpeed:4
</harden/bcfiles/edk_bcfiles/HardwareHandler.bc>:GetFanSpeed:%6	</harden/bcfiles/edk_bcfiles/HardwareHandler.bc>:GetFanSpeed:%13	</harden/bcfiles/edk_bcfiles/HardwareHandler.bc>:GetFanSpeed:17
</harden/bcfiles/edk_bcfiles/HardwareHandler.bc>:GetFanSpeed:%21	</harden/bcfiles/edk_bcfiles/HardwareHandler.bc>:GetFanSpeed:%20	</harden/bcfiles/edk_bcfiles/HardwareHandler.bc>:GetFanSpeed:27
</harden/bcfiles/edk_bcfiles/HardwareHandler.bc>:GetFanSpeed:%5	</harden/bcfiles/edk_bcfiles/HardwareHandler.bc>:GetFanSpeed:%1	</harden/bcfiles/edk_bcfiles/HardwareHandler.bc>:GetFanSpeed:6
</harden/bcfiles/edk_bcfiles/HardwareHandler.bc>:GetFanSpeed:%4	</harden/bcfiles/edk_bcfiles/HardwareHandler.bc>:GetFanSpeed:%0	</harden/bcfiles/edk_bcfiles/HardwareHandler.bc>:GetFanSpeed:4
</harden/bcfiles/edk_bcfiles/HardwareHandler.bc>:SetFanMode:%6	</harden/bcfiles/edk_bcfiles/HardwareHandler.bc>:SetFanMode:%16	</harden/bcfiles/edk_bcfiles/HardwareHandler.bc>:SetFanMode:19
</harden/bcfiles/edk_bcfiles/HardwareHandler.bc>:SetFanMode:%5	</harden/bcfiles/edk_bcfiles/HardwareHandler.bc>:SetFanMode:%1	</harden/bcfiles/edk_bcfiles/HardwareHandler.bc>:SetFanMode:6
</harden/bcfiles/edk_bcfiles/HardwareHandler.bc>:SetFanMode:%4	</harden/bcfiles/edk_bcfiles/HardwareHandler.bc>:SetFanMode:%0	</harden/bcfiles/edk_bcfiles/HardwareHandler.bc>:SetFanMode:4
</harden/bcfiles/edk_bcfiles/HardwareHandler.bc>:GetFanStatus:%19	</harden/bcfiles/edk_bcfiles/HardwareHandler.bc>:GetFanStatus:%18	</harden/bcfiles/edk_bcfiles/HardwareHandler.bc>:GetFanStatus:22
</harden/bcfiles/edk_bcfiles/HardwareHandler.bc>:GetFanStatus:%7	</harden/bcfiles/edk_bcfiles/HardwareHandler.bc>:GetFanStatus:%2	</harden/bcfiles/edk_bcfiles/HardwareHandler.bc>:GetFanStatus:8
</harden/bcfiles/edk_bcfiles/HardwareHandler.bc>:GetFanStatus:%6	</harden/bcfiles/edk_bcfiles/HardwareHandler.bc>:GetFanStatus:%1	</harden/bcfiles/edk_bcfiles/HardwareHandler.bc>:GetFanStatus:6
</harden/bcfiles/edk_bcfiles/HardwareHandler.bc>:GetFanStatus:%5	</harden/bcfiles/edk_bcfiles/HardwareHandler.bc>:GetFanStatus:%0	</harden/bcfiles/edk_bcfiles/HardwareHandler.bc>:GetFanStatus:4
</harden/bcfiles/edk_bcfiles/HardwareHandler.bc>:SetLedColor:%7	</harden/bcfiles/edk_bcfiles/HardwareHandler.bc>:SetLedColor:%18	</harden/bcfiles/edk_bcfiles/HardwareHandler.bc>:SetLedColor:23
</harden/bcfiles/edk_bcfiles/HardwareHandler.bc>:SetLedColor:%6	</harden/bcfiles/edk_bcfiles/HardwareHandler.bc>:SetLedColor:%10	</harden/bcfiles/edk_bcfiles/HardwareHandler.bc>:SetLedColor:13
</harden/bcfiles/edk_bcfiles/HardwareHandler.bc>:SetLedColor:%5	</harden/bcfiles/edk_bcfiles/HardwareHandler.bc>:SetLedColor:%1	</harden/bcfiles/edk_bcfiles/HardwareHandler.bc>:SetLedColor:7
</harden/bcfiles/edk_bcfiles/HardwareHandler.bc>:SetLedColor:%4	</harden/bcfiles/edk_bcfiles/HardwareHandler.bc>:SetLedColor:%0	</harden/bcfiles/edk_bcfiles/HardwareHandler.bc>:SetLedColor:5
</harden/bcfiles/edk_bcfiles/HardwareHandler.bc>:SetLedBrightness:%8	</harden/bcfiles/edk_bcfiles/HardwareHandler.bc>:SetLedBrightness:%22	</harden/bcfiles/edk_bcfiles/HardwareHandler.bc>:SetLedBrightness:26
</harden/bcfiles/edk_bcfiles/HardwareHandler.bc>:SetLedBrightness:%7	</harden/bcfiles/edk_bcfiles/HardwareHandler.bc>:SetLedBrightness:%2	</harden/bcfiles/edk_bcfiles/HardwareHandler.bc>:SetLedBrightness:9
</harden/bcfiles/edk_bcfiles/HardwareHandler.bc>:SetLedBrightness:%6	</harden/bcfiles/edk_bcfiles/HardwareHandler.bc>:SetLedBrightness:%1	</harden/bcfiles/edk_bcfiles/HardwareHandler.bc>:SetLedBrightness:7
</harden/bcfiles/edk_bcfiles/HardwareHandler.bc>:SetLedBrightness:%5	</harden/bcfiles/edk_bcfiles/HardwareHandler.bc>:SetLedBrightness:%0	</harden/bcfiles/edk_bcfiles/HardwareHandler.bc>:SetLedBrightness:5
</harden/bcfiles/edk_bcfiles/HardwareHandler.bc>:SetLedEffect:%9	</harden/bcfiles/edk_bcfiles/HardwareHandler.bc>:SetLedEffect:%25	</harden/bcfiles/edk_bcfiles/HardwareHandler.bc>:SetLedEffect:31
</harden/bcfiles/edk_bcfiles/HardwareHandler.bc>:SetLedEffect:%8	</harden/bcfiles/edk_bcfiles/HardwareHandler.bc>:SetLedEffect:%17	</harden/bcfiles/edk_bcfiles/HardwareHandler.bc>:SetLedEffect:21
</harden/bcfiles/edk_bcfiles/HardwareHandler.bc>:SetLedEffect:%7	</harden/bcfiles/edk_bcfiles/HardwareHandler.bc>:SetLedEffect:%2	</harden/bcfiles/edk_bcfiles/HardwareHandler.bc>:SetLedEffect:10
</harden/bcfiles/edk_bcfiles/HardwareHandler.bc>:SetLedEffect:%6	</harden/bcfiles/edk_bcfiles/HardwareHandler.bc>:SetLedEffect:%1	</harden/bcfiles/edk_bcfiles/HardwareHandler.bc>:SetLedEffect:8
</harden/bcfiles/edk_bcfiles/HardwareHandler.bc>:SetLedEffect:%5	</harden/bcfiles/edk_bcfiles/HardwareHandler.bc>:SetLedEffect:%0	</harden/bcfiles/edk_bcfiles/HardwareHandler.bc>:SetLedEffect:6
</harden/bcfiles/edk_bcfiles/HardwareHandler.bc>:ResetLed:%6	</harden/bcfiles/edk_bcfiles/HardwareHandler.bc>:ResetLed:%13	</harden/bcfiles/edk_bcfiles/HardwareHandler.bc>:ResetLed:16
</harden/bcfiles/edk_bcfiles/HardwareHandler.bc>:ResetLed:%5	</harden/bcfiles/edk_bcfiles/HardwareHandler.bc>:ResetLed:%1	</harden/bcfiles/edk_bcfiles/HardwareHandler.bc>:ResetLed:6
</harden/bcfiles/edk_bcfiles/HardwareHandler.bc>:ResetLed:%4	</harden/bcfiles/edk_bcfiles/HardwareHandler.bc>:ResetLed:%0	</harden/bcfiles/edk_bcfiles/HardwareHandler.bc>:ResetLed:4
</harden/bcfiles/edk_bcfiles/HardwareHandler.bc>:GetTemperature:%12	</harden/bcfiles/edk_bcfiles/HardwareHandler.bc>:GetTemperature:%11	</harden/bcfiles/edk_bcfiles/HardwareHandler.bc>:GetTemperature:14
</harden/bcfiles/edk_bcfiles/HardwareHandler.bc>:GetTemperature:%4	</harden/bcfiles/edk_bcfiles/HardwareHandler.bc>:GetTemperature:%1	</harden/bcfiles/edk_bcfiles/HardwareHandler.bc>:GetTemperature:4
</harden/bcfiles/edk_bcfiles/HardwareHandler.bc>:GetTemperature:%3	</harden/bcfiles/edk_bcfiles/HardwareHandler.bc>:GetTemperature:%0	</harden/bcfiles/edk_bcfiles/HardwareHandler.bc>:GetTemperature:2
</harden/bcfiles/edk_bcfiles/HardwareHandler.bc>:SetThreshold:%4	</harden/bcfiles/edk_bcfiles/HardwareHandler.bc>:SetThreshold:%1	</harden/bcfiles/edk_bcfiles/HardwareHandler.bc>:SetThreshold:4
</harden/bcfiles/edk_bcfiles/HardwareHandler.bc>:SetThreshold:%3	</harden/bcfiles/edk_bcfiles/HardwareHandler.bc>:SetThreshold:%0	</harden/bcfiles/edk_bcfiles/HardwareHandler.bc>:SetThreshold:2
</harden/bcfiles/edk_bcfiles/HardwareHandler.bc>:GetSensorStatus:%5	</harden/bcfiles/edk_bcfiles/HardwareHandler.bc>:GetSensorStatus:%20	</harden/bcfiles/edk_bcfiles/HardwareHandler.bc>:GetSensorStatus:24
</harden/bcfiles/edk_bcfiles/HardwareHandler.bc>:GetSensorStatus:%14	</harden/bcfiles/edk_bcfiles/HardwareHandler.bc>:GetSensorStatus:%13	</harden/bcfiles/edk_bcfiles/HardwareHandler.bc>:GetSensorStatus:17
</harden/bcfiles/edk_bcfiles/HardwareHandler.bc>:GetSensorStatus:%4	</harden/bcfiles/edk_bcfiles/HardwareHandler.bc>:GetSensorStatus:%1	</harden/bcfiles/edk_bcfiles/HardwareHandler.bc>:GetSensorStatus:5
</harden/bcfiles/edk_bcfiles/HardwareHandler.bc>:GetSensorStatus:%3	</harden/bcfiles/edk_bcfiles/HardwareHandler.bc>:GetSensorStatus:%0	</harden/bcfiles/edk_bcfiles/HardwareHandler.bc>:GetSensorStatus:3
</harden/bcfiles/edk_bcfiles/HardwareHandler.bc>:ResetSensor:%4	</harden/bcfiles/edk_bcfiles/HardwareHandler.bc>:ResetSensor:%1	</harden/bcfiles/edk_bcfiles/HardwareHandler.bc>:ResetSensor:4
</harden/bcfiles/edk_bcfiles/HardwareHandler.bc>:ResetSensor:%3	</harden/bcfiles/edk_bcfiles/HardwareHandler.bc>:ResetSensor:%0	</harden/bcfiles/edk_bcfiles/HardwareHandler.bc>:ResetSensor:2
</harden/bcfiles/edk_bcfiles/HardwareHandler.bc>:HardwareHandlerCheckLicense:%1	</harden/bcfiles/edk_bcfiles/HardwareHandler.bc>:HardwareHandlerCheckLicense:%47	</harden/bcfiles/edk_bcfiles/HardwareHandler.bc>:HardwareHandlerCheckLicense:55
</harden/bcfiles/edk_bcfiles/HardwareHandler.bc>:HardwareHandlerCheckLicense:%2	</harden/bcfiles/edk_bcfiles/HardwareHandler.bc>:HardwareHandlerCheckLicense:%31	</harden/bcfiles/edk_bcfiles/HardwareHandler.bc>:HardwareHandlerCheckLicense:37
</harden/bcfiles/edk_bcfiles/HardwareHandler.bc>:HardwareHandlerCheckLicense:%1	</harden/bcfiles/edk_bcfiles/HardwareHandler.bc>:HardwareHandlerCheckLicense:%25	</harden/bcfiles/edk_bcfiles/HardwareHandler.bc>:HardwareHandlerCheckLicense:30
</harden/bcfiles/edk_bcfiles/HardwareHandler.bc>:HardwareHandlerCheckLicense:%2	</harden/bcfiles/edk_bcfiles/HardwareHandler.bc>:HardwareHandlerCheckLicense:%9	</harden/bcfiles/edk_bcfiles/HardwareHandler.bc>:HardwareHandlerCheckLicense:12
</harden/bcfiles/edk_bcfiles/HardwareHandler.bc>:HardwareHandlerEntryPoint:%6	</harden/bcfiles/edk_bcfiles/HardwareHandler.bc>:HardwareHandlerEntryPoint:%116	</harden/bcfiles/edk_bcfiles/HardwareHandler.bc>:HardwareHandlerEntryPoint:156
</harden/bcfiles/edk_bcfiles/HardwareHandler.bc>:HardwareHandlerEntryPoint:%3	</harden/bcfiles/edk_bcfiles/HardwareHandler.bc>:HardwareHandlerEntryPoint:%105	</harden/bcfiles/edk_bcfiles/HardwareHandler.bc>:HardwareHandlerEntryPoint:140
</harden/bcfiles/edk_bcfiles/HardwareHandler.bc>:HardwareHandlerEntryPoint:%6	</harden/bcfiles/edk_bcfiles/HardwareHandler.bc>:HardwareHandlerEntryPoint:%101	</harden/bcfiles/edk_bcfiles/HardwareHandler.bc>:HardwareHandlerEntryPoint:135
</harden/bcfiles/edk_bcfiles/HardwareHandler.bc>:HardwareHandlerEntryPoint:%3	</harden/bcfiles/edk_bcfiles/HardwareHandler.bc>:HardwareHandlerEntryPoint:%86	</harden/bcfiles/edk_bcfiles/HardwareHandler.bc>:HardwareHandlerEntryPoint:114
</harden/bcfiles/edk_bcfiles/HardwareHandler.bc>:HardwareHandlerEntryPoint:%6	</harden/bcfiles/edk_bcfiles/HardwareHandler.bc>:HardwareHandlerEntryPoint:%82	</harden/bcfiles/edk_bcfiles/HardwareHandler.bc>:HardwareHandlerEntryPoint:109
</harden/bcfiles/edk_bcfiles/HardwareHandler.bc>:HardwareHandlerEntryPoint:%3	</harden/bcfiles/edk_bcfiles/HardwareHandler.bc>:HardwareHandlerEntryPoint:%76	</harden/bcfiles/edk_bcfiles/HardwareHandler.bc>:HardwareHandlerEntryPoint:102
</harden/bcfiles/edk_bcfiles/HardwareHandler.bc>:HardwareHandlerEntryPoint:%6	</harden/bcfiles/edk_bcfiles/HardwareHandler.bc>:HardwareHandlerEntryPoint:%110	</harden/bcfiles/edk_bcfiles/HardwareHandler.bc>:HardwareHandlerEntryPoint:148
</harden/bcfiles/edk_bcfiles/HardwareHandler.bc>:HardwareHandlerEntryPoint:%6	</harden/bcfiles/edk_bcfiles/HardwareHandler.bc>:HardwareHandlerEntryPoint:%53	</harden/bcfiles/edk_bcfiles/HardwareHandler.bc>:HardwareHandlerEntryPoint:71
</harden/bcfiles/edk_bcfiles/HardwareHandler.bc>:HardwareHandlerEntryPoint:%3	</harden/bcfiles/edk_bcfiles/HardwareHandler.bc>:HardwareHandlerEntryPoint:%47	</harden/bcfiles/edk_bcfiles/HardwareHandler.bc>:HardwareHandlerEntryPoint:64
</harden/bcfiles/edk_bcfiles/HardwareHandler.bc>:HardwareHandlerEntryPoint:%3	</harden/bcfiles/edk_bcfiles/HardwareHandler.bc>:HardwareHandlerEntryPoint:%57	</harden/bcfiles/edk_bcfiles/HardwareHandler.bc>:HardwareHandlerEntryPoint:76
</harden/bcfiles/edk_bcfiles/HardwareHandler.bc>:HardwareHandlerEntryPoint:%3	</harden/bcfiles/edk_bcfiles/HardwareHandler.bc>:HardwareHandlerEntryPoint:%114	</harden/bcfiles/edk_bcfiles/HardwareHandler.bc>:HardwareHandlerEntryPoint:153
</harden/bcfiles/edk_bcfiles/HardwareHandler.bc>:HardwareHandlerEntryPoint:%6	</harden/bcfiles/edk_bcfiles/HardwareHandler.bc>:HardwareHandlerEntryPoint:%72	</harden/bcfiles/edk_bcfiles/HardwareHandler.bc>:HardwareHandlerEntryPoint:97
</harden/bcfiles/edk_bcfiles/HardwareHandler.bc>:HardwareHandlerEntryPoint:%6	</harden/bcfiles/edk_bcfiles/HardwareHandler.bc>:HardwareHandlerEntryPoint:%43	</harden/bcfiles/edk_bcfiles/HardwareHandler.bc>:HardwareHandlerEntryPoint:59
</harden/bcfiles/edk_bcfiles/HardwareHandler.bc>:HardwareHandlerEntryPoint:%3	</harden/bcfiles/edk_bcfiles/HardwareHandler.bc>:HardwareHandlerEntryPoint:%28	</harden/bcfiles/edk_bcfiles/HardwareHandler.bc>:HardwareHandlerEntryPoint:38
</harden/bcfiles/edk_bcfiles/HardwareHandler.bc>:HardwareHandlerEntryPoint:%3	</harden/bcfiles/edk_bcfiles/HardwareHandler.bc>:HardwareHandlerEntryPoint:%18	</harden/bcfiles/edk_bcfiles/HardwareHandler.bc>:HardwareHandlerEntryPoint:26
</harden/bcfiles/edk_bcfiles/HardwareHandler.bc>:HardwareHandlerEntryPoint:%6	</harden/bcfiles/edk_bcfiles/HardwareHandler.bc>:HardwareHandlerEntryPoint:%24	</harden/bcfiles/edk_bcfiles/HardwareHandler.bc>:HardwareHandlerEntryPoint:33
</harden/bcfiles/edk_bcfiles/HardwareHandler.bc>:HardwareHandlerEntryPoint:%6	</harden/bcfiles/edk_bcfiles/HardwareHandler.bc>:HardwareHandlerEntryPoint:%14	</harden/bcfiles/edk_bcfiles/HardwareHandler.bc>:HardwareHandlerEntryPoint:21
</harden/bcfiles/edk_bcfiles/HardwareHandler.bc>:HardwareHandlerEntryPoint:%5	</harden/bcfiles/edk_bcfiles/HardwareHandler.bc>:HardwareHandlerEntryPoint:%1	</harden/bcfiles/edk_bcfiles/HardwareHandler.bc>:HardwareHandlerEntryPoint:10
</harden/bcfiles/edk_bcfiles/HardwareHandler.bc>:HardwareHandlerEntryPoint:%4	</harden/bcfiles/edk_bcfiles/HardwareHandler.bc>:HardwareHandlerEntryPoint:%0	</harden/bcfiles/edk_bcfiles/HardwareHandler.bc>:HardwareHandlerEntryPoint:8
</harden/bcfiles/edk_bcfiles/HardwareHandler.bc>:GetButtonState:%3	</harden/bcfiles/edk_bcfiles/HardwareHandler.bc>:GetButtonState:19:0:-9223372036854775801	</harden/bcfiles/edk_bcfiles/HardwareHandler.bc>:GetButtonState:19
</harden/bcfiles/edk_bcfiles/HardwareHandler.bc>:GetButtonState:%3	</harden/bcfiles/edk_bcfiles/HardwareHandler.bc>:GetButtonState:26:0:0	</harden/bcfiles/edk_bcfiles/HardwareHandler.bc>:GetButtonState:26
</harden/bcfiles/edk_bcfiles/HardwareHandler.bc>:SetFanSpeed:%3	</harden/bcfiles/edk_bcfiles/HardwareHandler.bc>:SetFanSpeed:24:0:0	</harden/bcfiles/edk_bcfiles/HardwareHandler.bc>:SetFanSpeed:24
</harden/bcfiles/edk_bcfiles/HardwareHandler.bc>:SetFanSpeed:%3	</harden/bcfiles/edk_bcfiles/HardwareHandler.bc>:SetFanSpeed:26:0:-9223372036854775801	</harden/bcfiles/edk_bcfiles/HardwareHandler.bc>:SetFanSpeed:26
</harden/bcfiles/edk_bcfiles/HardwareHandler.bc>:GetFanSpeed:%6	</harden/bcfiles/edk_bcfiles/HardwareHandler.bc>:GetFanSpeed:9:0:0	</harden/bcfiles/edk_bcfiles/HardwareHandler.bc>:GetFanSpeed:9
</harden/bcfiles/edk_bcfiles/HardwareHandler.bc>:GetFanSpeed:%3	</harden/bcfiles/edk_bcfiles/HardwareHandler.bc>:GetFanSpeed:22:0:-9223372036854775792	</harden/bcfiles/edk_bcfiles/HardwareHandler.bc>:GetFanSpeed:22
</harden/bcfiles/edk_bcfiles/HardwareHandler.bc>:GetFanSpeed:%3	</harden/bcfiles/edk_bcfiles/HardwareHandler.bc>:GetFanSpeed:28:0:0	</harden/bcfiles/edk_bcfiles/HardwareHandler.bc>:GetFanSpeed:28
</harden/bcfiles/edk_bcfiles/HardwareHandler.bc>:SetFanMode:%3	</harden/bcfiles/edk_bcfiles/HardwareHandler.bc>:SetFanMode:24:0:-9223372036854775801	</harden/bcfiles/edk_bcfiles/HardwareHandler.bc>:SetFanMode:24
</harden/bcfiles/edk_bcfiles/HardwareHandler.bc>:SetFanMode:%3	</harden/bcfiles/edk_bcfiles/HardwareHandler.bc>:SetFanMode:26:0:0	</harden/bcfiles/edk_bcfiles/HardwareHandler.bc>:SetFanMode:26
</harden/bcfiles/edk_bcfiles/HardwareHandler.bc>:GetFanStatus:%4	</harden/bcfiles/edk_bcfiles/HardwareHandler.bc>:GetFanStatus:28:0:-9223372036854775802	</harden/bcfiles/edk_bcfiles/HardwareHandler.bc>:GetFanStatus:28
</harden/bcfiles/edk_bcfiles/HardwareHandler.bc>:GetFanStatus:%4	</harden/bcfiles/edk_bcfiles/HardwareHandler.bc>:GetFanStatus:30:0:0	</harden/bcfiles/edk_bcfiles/HardwareHandler.bc>:GetFanStatus:30
</harden/bcfiles/edk_bcfiles/HardwareHandler.bc>:SetLedColor:%3	</harden/bcfiles/edk_bcfiles/HardwareHandler.bc>:SetLedColor:27:0:0	</harden/bcfiles/edk_bcfiles/HardwareHandler.bc>:SetLedColor:27
</harden/bcfiles/edk_bcfiles/HardwareHandler.bc>:SetLedColor:%3	</harden/bcfiles/edk_bcfiles/HardwareHandler.bc>:SetLedColor:29:0:-9223372036854775801	</harden/bcfiles/edk_bcfiles/HardwareHandler.bc>:SetLedColor:29
</harden/bcfiles/edk_bcfiles/HardwareHandler.bc>:SetLedBrightness:%4	</harden/bcfiles/edk_bcfiles/HardwareHandler.bc>:SetLedBrightness:30:0:0	</harden/bcfiles/edk_bcfiles/HardwareHandler.bc>:SetLedBrightness:30
</harden/bcfiles/edk_bcfiles/HardwareHandler.bc>:SetLedBrightness:%4	</harden/bcfiles/edk_bcfiles/HardwareHandler.bc>:SetLedBrightness:32:0:-9223372036854775801	</harden/bcfiles/edk_bcfiles/HardwareHandler.bc>:SetLedBrightness:32
</harden/bcfiles/edk_bcfiles/HardwareHandler.bc>:SetLedEffect:%4	</harden/bcfiles/edk_bcfiles/HardwareHandler.bc>:SetLedEffect:35:0:0	</harden/bcfiles/edk_bcfiles/HardwareHandler.bc>:SetLedEffect:35
</harden/bcfiles/edk_bcfiles/HardwareHandler.bc>:SetLedEffect:%4	</harden/bcfiles/edk_bcfiles/HardwareHandler.bc>:SetLedEffect:37:0:-9223372036854775801	</harden/bcfiles/edk_bcfiles/HardwareHandler.bc>:SetLedEffect:37
</harden/bcfiles/edk_bcfiles/HardwareHandler.bc>:ResetLed:%3	</harden/bcfiles/edk_bcfiles/HardwareHandler.bc>:ResetLed:20:0:0	</harden/bcfiles/edk_bcfiles/HardwareHandler.bc>:ResetLed:20
</harden/bcfiles/edk_bcfiles/HardwareHandler.bc>:ResetLed:%3	</harden/bcfiles/edk_bcfiles/HardwareHandler.bc>:ResetLed:22:0:-9223372036854775801	</harden/bcfiles/edk_bcfiles/HardwareHandler.bc>:ResetLed:22
</harden/bcfiles/edk_bcfiles/HardwareHandler.bc>:HardwareHandlerCheckLicense:%1	</harden/bcfiles/edk_bcfiles/HardwareHandler.bc>:HardwareHandlerCheckLicense:57:0:0	</harden/bcfiles/edk_bcfiles/HardwareHandler.bc>:HardwareHandlerCheckLicense:57
</harden/bcfiles/edk_bcfiles/HardwareHandler.bc>:HardwareHandlerEntryPoint:%31	</harden/bcfiles/edk_bcfiles/HardwareHandler.bc>:HardwareHandlerEntryPoint:42:0:@SetFanSpeed	</harden/bcfiles/edk_bcfiles/HardwareHandler.bc>:HardwareHandlerEntryPoint:42
</harden/bcfiles/edk_bcfiles/HardwareHandler.bc>:HardwareHandlerEntryPoint:%33	</harden/bcfiles/edk_bcfiles/HardwareHandler.bc>:HardwareHandlerEntryPoint:45:0:@GetFanSpeed	</harden/bcfiles/edk_bcfiles/HardwareHandler.bc>:HardwareHandlerEntryPoint:45
</harden/bcfiles/edk_bcfiles/HardwareHandler.bc>:HardwareHandlerEntryPoint:%35	</harden/bcfiles/edk_bcfiles/HardwareHandler.bc>:HardwareHandlerEntryPoint:48:0:@SetFanMode	</harden/bcfiles/edk_bcfiles/HardwareHandler.bc>:HardwareHandlerEntryPoint:48
</harden/bcfiles/edk_bcfiles/HardwareHandler.bc>:HardwareHandlerEntryPoint:%37	</harden/bcfiles/edk_bcfiles/HardwareHandler.bc>:HardwareHandlerEntryPoint:51:0:@GetFanStatus	</harden/bcfiles/edk_bcfiles/HardwareHandler.bc>:HardwareHandlerEntryPoint:51
</harden/bcfiles/edk_bcfiles/HardwareHandler.bc>:HardwareHandlerEntryPoint:%10	</harden/bcfiles/edk_bcfiles/HardwareHandler.bc>:HardwareHandlerEntryPoint:52:0:null	</harden/bcfiles/edk_bcfiles/HardwareHandler.bc>:HardwareHandlerEntryPoint:52
</harden/bcfiles/edk_bcfiles/HardwareHandler.bc>:HardwareHandlerEntryPoint:%60	</harden/bcfiles/edk_bcfiles/HardwareHandler.bc>:HardwareHandlerEntryPoint:80:0:@SetLedColor	</harden/bcfiles/edk_bcfiles/HardwareHandler.bc>:HardwareHandlerEntryPoint:80
</harden/bcfiles/edk_bcfiles/HardwareHandler.bc>:HardwareHandlerEntryPoint:%62	</harden/bcfiles/edk_bcfiles/HardwareHandler.bc>:HardwareHandlerEntryPoint:83:0:@SetLedBrightness	</harden/bcfiles/edk_bcfiles/HardwareHandler.bc>:HardwareHandlerEntryPoint:83
</harden/bcfiles/edk_bcfiles/HardwareHandler.bc>:HardwareHandlerEntryPoint:%64	</harden/bcfiles/edk_bcfiles/HardwareHandler.bc>:HardwareHandlerEntryPoint:86:0:@SetLedEffect	</harden/bcfiles/edk_bcfiles/HardwareHandler.bc>:HardwareHandlerEntryPoint:86
</harden/bcfiles/edk_bcfiles/HardwareHandler.bc>:HardwareHandlerEntryPoint:%66	</harden/bcfiles/edk_bcfiles/HardwareHandler.bc>:HardwareHandlerEntryPoint:89:0:@ResetLed	</harden/bcfiles/edk_bcfiles/HardwareHandler.bc>:HardwareHandlerEntryPoint:89
</harden/bcfiles/edk_bcfiles/HardwareHandler.bc>:HardwareHandlerEntryPoint:%10	</harden/bcfiles/edk_bcfiles/HardwareHandler.bc>:HardwareHandlerEntryPoint:90:0:null	</harden/bcfiles/edk_bcfiles/HardwareHandler.bc>:HardwareHandlerEntryPoint:90
</harden/bcfiles/edk_bcfiles/HardwareHandler.bc>:HardwareHandlerEntryPoint:%89	</harden/bcfiles/edk_bcfiles/HardwareHandler.bc>:HardwareHandlerEntryPoint:118:0:@GetTemperature	</harden/bcfiles/edk_bcfiles/HardwareHandler.bc>:HardwareHandlerEntryPoint:118
</harden/bcfiles/edk_bcfiles/HardwareHandler.bc>:HardwareHandlerEntryPoint:%91	</harden/bcfiles/edk_bcfiles/HardwareHandler.bc>:HardwareHandlerEntryPoint:121:0:@SetThreshold	</harden/bcfiles/edk_bcfiles/HardwareHandler.bc>:HardwareHandlerEntryPoint:121
</harden/bcfiles/edk_bcfiles/HardwareHandler.bc>:HardwareHandlerEntryPoint:%93	</harden/bcfiles/edk_bcfiles/HardwareHandler.bc>:HardwareHandlerEntryPoint:124:0:@GetSensorStatus	</harden/bcfiles/edk_bcfiles/HardwareHandler.bc>:HardwareHandlerEntryPoint:124
</harden/bcfiles/edk_bcfiles/HardwareHandler.bc>:HardwareHandlerEntryPoint:%95	</harden/bcfiles/edk_bcfiles/HardwareHandler.bc>:HardwareHandlerEntryPoint:127:0:@ResetSensor	</harden/bcfiles/edk_bcfiles/HardwareHandler.bc>:HardwareHandlerEntryPoint:127
</harden/bcfiles/edk_bcfiles/HardwareHandler.bc>:HardwareHandlerEntryPoint:%10	</harden/bcfiles/edk_bcfiles/HardwareHandler.bc>:HardwareHandlerEntryPoint:128:0:null	</harden/bcfiles/edk_bcfiles/HardwareHandler.bc>:HardwareHandlerEntryPoint:128
</harden/bcfiles/edk_bcfiles/HardwareHandler.bc>:HardwareHandlerEntryPoint:%10	</harden/bcfiles/edk_bcfiles/HardwareHandler.bc>:HardwareHandlerEntryPoint:142:0:null	</harden/bcfiles/edk_bcfiles/HardwareHandler.bc>:HardwareHandlerEntryPoint:142
</harden/bcfiles/edk_bcfiles/HardwareHandler.bc>:HardwareHandlerEntryPoint:143:1:getelementptr inbounds (%struct._NOTIFY_PROTOCOL_READY_PROTOCOL, %struct._NOTIFY_PROTOCOL_READY_PROTOCOL* @mHardwareHandlerReady, i32 0, i32 0)	</harden/bcfiles/edk_bcfiles/HardwareHandler.bc>:HardwareHandlerEntryPoint:143:0:-1	</harden/bcfiles/edk_bcfiles/HardwareHandler.bc>:HardwareHandlerEntryPoint:143
</harden/bcfiles/edk_bcfiles/HardwareHandler.bc>:HardwareHandlerEntryPoint:%3	</harden/bcfiles/edk_bcfiles/HardwareHandler.bc>:HardwareHandlerEntryPoint:160:0:-9223372036854775787	</harden/bcfiles/edk_bcfiles/HardwareHandler.bc>:HardwareHandlerEntryPoint:160
</harden/bcfiles/edk_bcfiles/HardwareHandler.bc>:HardwareHandlerEntryPoint:%3	</harden/bcfiles/edk_bcfiles/HardwareHandler.bc>:HardwareHandlerEntryPoint:162:0:0	</harden/bcfiles/edk_bcfiles/HardwareHandler.bc>:HardwareHandlerEntryPoint:162
