</harden/bcfiles/edk_bcfiles/HardwareHandler.bc>:HardwareHandlerEntryPoint:0	*stack_alloc@HardwareHandlerEntryPoint[i64* %3]
</harden/bcfiles/edk_bcfiles/HardwareHandler.bc>:HardwareHandlerEntryPoint:1	*stack_alloc@HardwareHandlerEntryPoint[i8** %4]
</harden/bcfiles/edk_bcfiles/HardwareHandler.bc>:HardwareHandlerEntryPoint:2	*stack_alloc@HardwareHandlerEntryPoint[%struct.EFI_SYSTEM_TABLE** %5]
</harden/bcfiles/edk_bcfiles/HardwareHandler.bc>:HardwareHandlerEntryPoint:3	*stack_alloc@HardwareHandlerEntryPoint[i64* %6]
</harden/bcfiles/edk_bcfiles/HardwareHandler.bc>:HardwareHandlerEntryPoint:4	*stack_alloc@HardwareHandlerEntryPoint[%struct._FAN_CONTROLLER_PROTOCOL** %7]
</harden/bcfiles/edk_bcfiles/HardwareHandler.bc>:HardwareHandlerEntryPoint:5	*stack_alloc@HardwareHandlerEntryPoint[%struct._THERMAL_SENSOR_PROTOCOL** %8]
</harden/bcfiles/edk_bcfiles/HardwareHandler.bc>:HardwareHandlerEntryPoint:6	*stack_alloc@HardwareHandlerEntryPoint[%struct._LED_CONTROLLER_PROTOCOL** %9]
</harden/bcfiles/edk_bcfiles/HardwareHandler.bc>:HardwareHandlerEntryPoint:7	*stack_alloc@HardwareHandlerEntryPoint[i8** %10]
</harden/bcfiles/edk_bcfiles/HardwareHandler.bc>:HardwareHandlerCheckLicense:0	*stack_alloc@HardwareHandlerCheckLicense[i64* %1]
</harden/bcfiles/edk_bcfiles/HardwareHandler.bc>:HardwareHandlerCheckLicense:1	*stack_alloc@HardwareHandlerCheckLicense[i64* %2]
</harden/bcfiles/edk_bcfiles/HardwareHandler.bc>:HardwareHandlerCheckLicense:2	*stack_alloc@HardwareHandlerCheckLicense[[64 x i8]* %3]
