</harden/bcfiles/edk_bcfiles/HardwareHandler.bc>:GetButtonState:%20	</harden/bcfiles/edk_bcfiles/HardwareHandler.bc>:GetButtonState:%19	0
</harden/bcfiles/edk_bcfiles/HardwareHandler.bc>:GetButtonState:%6	</harden/bcfiles/edk_bcfiles/HardwareHandler.bc>:GetButtonState:%11	0
</harden/bcfiles/edk_bcfiles/HardwareHandler.bc>:GetButtonState:%5	</harden/bcfiles/edk_bcfiles/HardwareHandler.bc>:GetButtonState:%1	0
</harden/bcfiles/edk_bcfiles/HardwareHandler.bc>:GetButtonState:%4	</harden/bcfiles/edk_bcfiles/HardwareHandler.bc>:GetButtonState:%0	0
</harden/bcfiles/edk_bcfiles/HardwareHandler.bc>:SetButtonLock:%5	</harden/bcfiles/edk_bcfiles/HardwareHandler.bc>:SetButtonLock:%14	0
</harden/bcfiles/edk_bcfiles/HardwareHandler.bc>:SetButtonLock:%4	</harden/bcfiles/edk_bcfiles/HardwareHandler.bc>:SetButtonLock:%1	0
</harden/bcfiles/edk_bcfiles/HardwareHandler.bc>:SetButtonLock:%3	</harden/bcfiles/edk_bcfiles/HardwareHandler.bc>:SetButtonLock:%0	0
</harden/bcfiles/edk_bcfiles/HardwareHandler.bc>:TriggerButtonAction:%5	</harden/bcfiles/edk_bcfiles/HardwareHandler.bc>:TriggerButtonAction:%14	0
</harden/bcfiles/edk_bcfiles/HardwareHandler.bc>:TriggerButtonAction:%4	</harden/bcfiles/edk_bcfiles/HardwareHandler.bc>:TriggerButtonAction:%1	0
</harden/bcfiles/edk_bcfiles/HardwareHandler.bc>:TriggerButtonAction:%3	</harden/bcfiles/edk_bcfiles/HardwareHandler.bc>:TriggerButtonAction:%0	0
</harden/bcfiles/edk_bcfiles/HardwareHandler.bc>:ResetButtonState:%5	</harden/bcfiles/edk_bcfiles/HardwareHandler.bc>:ResetButtonState:%14	0
</harden/bcfiles/edk_bcfiles/HardwareHandler.bc>:ResetButtonState:%4	</harden/bcfiles/edk_bcfiles/HardwareHandler.bc>:ResetButtonState:%1	0
</harden/bcfiles/edk_bcfiles/HardwareHandler.bc>:ResetButtonState:%3	</harden/bcfiles/edk_bcfiles/HardwareHandler.bc>:ResetButtonState:%0	0
</harden/bcfiles/edk_bcfiles/HardwareHandler.bc>:SetFanSpeed:%6	</harden/bcfiles/edk_bcfiles/HardwareHandler.bc>:SetFanSpeed:%16	0
</harden/bcfiles/edk_bcfiles/HardwareHandler.bc>:SetFanSpeed:%5	</harden/bcfiles/edk_bcfiles/HardwareHandler.bc>:SetFanSpeed:%1	0
</harden/bcfiles/edk_bcfiles/HardwareHandler.bc>:SetFanSpeed:%4	</harden/bcfiles/edk_bcfiles/HardwareHandler.bc>:SetFanSpeed:%0	0
</harden/bcfiles/edk_bcfiles/HardwareHandler.bc>:GetFanSpeed:%21	</harden/bcfiles/edk_bcfiles/HardwareHandler.bc>:GetFanSpeed:%20	0
</harden/bcfiles/edk_bcfiles/HardwareHandler.bc>:GetFanSpeed:%6	</harden/bcfiles/edk_bcfiles/HardwareHandler.bc>:GetFanSpeed:%13	0
</harden/bcfiles/edk_bcfiles/HardwareHandler.bc>:GetFanSpeed:%5	</harden/bcfiles/edk_bcfiles/HardwareHandler.bc>:GetFanSpeed:%1	0
</harden/bcfiles/edk_bcfiles/HardwareHandler.bc>:GetFanSpeed:%4	</harden/bcfiles/edk_bcfiles/HardwareHandler.bc>:GetFanSpeed:%0	0
</harden/bcfiles/edk_bcfiles/HardwareHandler.bc>:SetFanMode:%5	</harden/bcfiles/edk_bcfiles/HardwareHandler.bc>:SetFanMode:%1	0
</harden/bcfiles/edk_bcfiles/HardwareHandler.bc>:SetFanMode:%4	</harden/bcfiles/edk_bcfiles/HardwareHandler.bc>:SetFanMode:%0	0
</harden/bcfiles/edk_bcfiles/HardwareHandler.bc>:SetFanMode:%6	</harden/bcfiles/edk_bcfiles/HardwareHandler.bc>:SetFanMode:%16	0
</harden/bcfiles/edk_bcfiles/HardwareHandler.bc>:GetFanStatus:%19	</harden/bcfiles/edk_bcfiles/HardwareHandler.bc>:GetFanStatus:%18	0
</harden/bcfiles/edk_bcfiles/HardwareHandler.bc>:GetFanStatus:%7	</harden/bcfiles/edk_bcfiles/HardwareHandler.bc>:GetFanStatus:%2	0
</harden/bcfiles/edk_bcfiles/HardwareHandler.bc>:GetFanStatus:%6	</harden/bcfiles/edk_bcfiles/HardwareHandler.bc>:GetFanStatus:%1	0
</harden/bcfiles/edk_bcfiles/HardwareHandler.bc>:GetFanStatus:%5	</harden/bcfiles/edk_bcfiles/HardwareHandler.bc>:GetFanStatus:%0	0
</harden/bcfiles/edk_bcfiles/HardwareHandler.bc>:SetLedColor:%7	</harden/bcfiles/edk_bcfiles/HardwareHandler.bc>:SetLedColor:%18	0
</harden/bcfiles/edk_bcfiles/HardwareHandler.bc>:SetLedColor:%6	</harden/bcfiles/edk_bcfiles/HardwareHandler.bc>:SetLedColor:%10	0
</harden/bcfiles/edk_bcfiles/HardwareHandler.bc>:SetLedColor:%5	</harden/bcfiles/edk_bcfiles/HardwareHandler.bc>:SetLedColor:%1	0
</harden/bcfiles/edk_bcfiles/HardwareHandler.bc>:SetLedColor:%4	</harden/bcfiles/edk_bcfiles/HardwareHandler.bc>:SetLedColor:%0	0
</harden/bcfiles/edk_bcfiles/HardwareHandler.bc>:SetLedBrightness:%8	</harden/bcfiles/edk_bcfiles/HardwareHandler.bc>:SetLedBrightness:%22	0
</harden/bcfiles/edk_bcfiles/HardwareHandler.bc>:SetLedBrightness:%7	</harden/bcfiles/edk_bcfiles/HardwareHandler.bc>:SetLedBrightness:%2	0
</harden/bcfiles/edk_bcfiles/HardwareHandler.bc>:SetLedBrightness:%6	</harden/bcfiles/edk_bcfiles/HardwareHandler.bc>:SetLedBrightness:%1	0
</harden/bcfiles/edk_bcfiles/HardwareHandler.bc>:SetLedBrightness:%5	</harden/bcfiles/edk_bcfiles/HardwareHandler.bc>:SetLedBrightness:%0	0
</harden/bcfiles/edk_bcfiles/HardwareHandler.bc>:SetLedEffect:%9	</harden/bcfiles/edk_bcfiles/HardwareHandler.bc>:SetLedEffect:%25	0
</harden/bcfiles/edk_bcfiles/HardwareHandler.bc>:SetLedEffect:%8	</harden/bcfiles/edk_bcfiles/HardwareHandler.bc>:SetLedEffect:%17	0
</harden/bcfiles/edk_bcfiles/HardwareHandler.bc>:SetLedEffect:%7	</harden/bcfiles/edk_bcfiles/HardwareHandler.bc>:SetLedEffect:%2	0
</harden/bcfiles/edk_bcfiles/HardwareHandler.bc>:SetLedEffect:%6	</harden/bcfiles/edk_bcfiles/HardwareHandler.bc>:SetLedEffect:%1	0
</harden/bcfiles/edk_bcfiles/HardwareHandler.bc>:SetLedEffect:%5	</harden/bcfiles/edk_bcfiles/HardwareHandler.bc>:SetLedEffect:%0	0
</harden/bcfiles/edk_bcfiles/HardwareHandler.bc>:ResetLed:%6	</harden/bcfiles/edk_bcfiles/HardwareHandler.bc>:ResetLed:%13	0
</harden/bcfiles/edk_bcfiles/HardwareHandler.bc>:ResetLed:%5	</harden/bcfiles/edk_bcfiles/HardwareHandler.bc>:ResetLed:%1	0
</harden/bcfiles/edk_bcfiles/HardwareHandler.bc>:ResetLed:%4	</harden/bcfiles/edk_bcfiles/HardwareHandler.bc>:ResetLed:%0	0
</harden/bcfiles/edk_bcfiles/HardwareHandler.bc>:GetTemperature:%12	</harden/bcfiles/edk_bcfiles/HardwareHandler.bc>:GetTemperature:%11	0
</harden/bcfiles/edk_bcfiles/HardwareHandler.bc>:GetTemperature:%4	</harden/bcfiles/edk_bcfiles/HardwareHandler.bc>:GetTemperature:%1	0
</harden/bcfiles/edk_bcfiles/HardwareHandler.bc>:GetTemperature:%3	</harden/bcfiles/edk_bcfiles/HardwareHandler.bc>:GetTemperature:%0	0
</harden/bcfiles/edk_bcfiles/HardwareHandler.bc>:SetThreshold:%4	</harden/bcfiles/edk_bcfiles/HardwareHandler.bc>:SetThreshold:%1	0
</harden/bcfiles/edk_bcfiles/HardwareHandler.bc>:SetThreshold:%3	</harden/bcfiles/edk_bcfiles/HardwareHandler.bc>:SetThreshold:%0	0
</harden/bcfiles/edk_bcfiles/HardwareHandler.bc>:GetSensorStatus:%14	</harden/bcfiles/edk_bcfiles/HardwareHandler.bc>:GetSensorStatus:%13	0
</harden/bcfiles/edk_bcfiles/HardwareHandler.bc>:GetSensorStatus:%5	</harden/bcfiles/edk_bcfiles/HardwareHandler.bc>:GetSensorStatus:%20	0
</harden/bcfiles/edk_bcfiles/HardwareHandler.bc>:GetSensorStatus:%4	</harden/bcfiles/edk_bcfiles/HardwareHandler.bc>:GetSensorStatus:%1	0
</harden/bcfiles/edk_bcfiles/HardwareHandler.bc>:GetSensorStatus:%3	</harden/bcfiles/edk_bcfiles/HardwareHandler.bc>:GetSensorStatus:%0	0
</harden/bcfiles/edk_bcfiles/HardwareHandler.bc>:ResetSensor:%4	</harden/bcfiles/edk_bcfiles/HardwareHandler.bc>:ResetSensor:%1	0
</harden/bcfiles/edk_bcfiles/HardwareHandler.bc>:ResetSensor:%3	</harden/bcfiles/edk_bcfiles/HardwareHandler.bc>:ResetSensor:%0	0
</harden/bcfiles/edk_bcfiles/HardwareHandler.bc>:HardwareHandlerCheckLicense:%30	</harden/bcfiles/edk_bcfiles/HardwareHandler.bc>:HardwareHandlerCheckLicense:%3	</harden/bcfiles/edk_bcfiles/HardwareHandler.bc>:HardwareHandlerCheckLicense:35:0:0
</harden/bcfiles/edk_bcfiles/HardwareHandler.bc>:HardwareHandlerCheckLicense:%8	</harden/bcfiles/edk_bcfiles/HardwareHandler.bc>:HardwareHandlerCheckLicense:%3	</harden/bcfiles/edk_bcfiles/HardwareHandler.bc>:HardwareHandlerCheckLicense:10:0:0
</harden/bcfiles/edk_bcfiles/HardwareHandler.bc>:HardwareHandlerCheckLicense:%2	</harden/bcfiles/edk_bcfiles/HardwareHandler.bc>:HardwareHandlerCheckLicense:%31	0
</harden/bcfiles/edk_bcfiles/HardwareHandler.bc>:HardwareHandlerCheckLicense:%2	</harden/bcfiles/edk_bcfiles/HardwareHandler.bc>:HardwareHandlerCheckLicense:%9	0
</harden/bcfiles/edk_bcfiles/HardwareHandler.bc>:HardwareHandlerCheckLicense:%1	</harden/bcfiles/edk_bcfiles/HardwareHandler.bc>:HardwareHandlerCheckLicense:%47	0
</harden/bcfiles/edk_bcfiles/HardwareHandler.bc>:HardwareHandlerCheckLicense:%1	</harden/bcfiles/edk_bcfiles/HardwareHandler.bc>:HardwareHandlerCheckLicense:%25	0
</harden/bcfiles/edk_bcfiles/HardwareHandler.bc>:HardwareHandlerEntryPoint:%6	</harden/bcfiles/edk_bcfiles/HardwareHandler.bc>:HardwareHandlerEntryPoint:%116	0
</harden/bcfiles/edk_bcfiles/HardwareHandler.bc>:HardwareHandlerEntryPoint:%6	</harden/bcfiles/edk_bcfiles/HardwareHandler.bc>:HardwareHandlerEntryPoint:%101	0
</harden/bcfiles/edk_bcfiles/HardwareHandler.bc>:HardwareHandlerEntryPoint:%6	</harden/bcfiles/edk_bcfiles/HardwareHandler.bc>:HardwareHandlerEntryPoint:%82	0
</harden/bcfiles/edk_bcfiles/HardwareHandler.bc>:HardwareHandlerEntryPoint:%6	</harden/bcfiles/edk_bcfiles/HardwareHandler.bc>:HardwareHandlerEntryPoint:%110	0
</harden/bcfiles/edk_bcfiles/HardwareHandler.bc>:HardwareHandlerEntryPoint:%6	</harden/bcfiles/edk_bcfiles/HardwareHandler.bc>:HardwareHandlerEntryPoint:%53	0
</harden/bcfiles/edk_bcfiles/HardwareHandler.bc>:HardwareHandlerEntryPoint:%6	</harden/bcfiles/edk_bcfiles/HardwareHandler.bc>:HardwareHandlerEntryPoint:%72	0
</harden/bcfiles/edk_bcfiles/HardwareHandler.bc>:HardwareHandlerEntryPoint:%6	</harden/bcfiles/edk_bcfiles/HardwareHandler.bc>:HardwareHandlerEntryPoint:%43	0
</harden/bcfiles/edk_bcfiles/HardwareHandler.bc>:HardwareHandlerEntryPoint:%6	</harden/bcfiles/edk_bcfiles/HardwareHandler.bc>:HardwareHandlerEntryPoint:%24	0
</harden/bcfiles/edk_bcfiles/HardwareHandler.bc>:HardwareHandlerEntryPoint:%6	</harden/bcfiles/edk_bcfiles/HardwareHandler.bc>:HardwareHandlerEntryPoint:%14	0
</harden/bcfiles/edk_bcfiles/HardwareHandler.bc>:HardwareHandlerEntryPoint:%5	</harden/bcfiles/edk_bcfiles/HardwareHandler.bc>:HardwareHandlerEntryPoint:%1	0
</harden/bcfiles/edk_bcfiles/HardwareHandler.bc>:HardwareHandlerEntryPoint:%4	</harden/bcfiles/edk_bcfiles/HardwareHandler.bc>:HardwareHandlerEntryPoint:%0	0
</harden/bcfiles/edk_bcfiles/HardwareHandler.bc>:HardwareHandlerEntryPoint:%3	</harden/bcfiles/edk_bcfiles/HardwareHandler.bc>:HardwareHandlerEntryPoint:%105	0
</harden/bcfiles/edk_bcfiles/HardwareHandler.bc>:HardwareHandlerEntryPoint:%3	</harden/bcfiles/edk_bcfiles/HardwareHandler.bc>:HardwareHandlerEntryPoint:%86	0
</harden/bcfiles/edk_bcfiles/HardwareHandler.bc>:HardwareHandlerEntryPoint:%3	</harden/bcfiles/edk_bcfiles/HardwareHandler.bc>:HardwareHandlerEntryPoint:%76	0
</harden/bcfiles/edk_bcfiles/HardwareHandler.bc>:HardwareHandlerEntryPoint:%3	</harden/bcfiles/edk_bcfiles/HardwareHandler.bc>:HardwareHandlerEntryPoint:%47	0
</harden/bcfiles/edk_bcfiles/HardwareHandler.bc>:HardwareHandlerEntryPoint:%3	</harden/bcfiles/edk_bcfiles/HardwareHandler.bc>:HardwareHandlerEntryPoint:%57	0
</harden/bcfiles/edk_bcfiles/HardwareHandler.bc>:HardwareHandlerEntryPoint:%3	</harden/bcfiles/edk_bcfiles/HardwareHandler.bc>:HardwareHandlerEntryPoint:%114	0
</harden/bcfiles/edk_bcfiles/HardwareHandler.bc>:HardwareHandlerEntryPoint:%3	</harden/bcfiles/edk_bcfiles/HardwareHandler.bc>:HardwareHandlerEntryPoint:%28	0
</harden/bcfiles/edk_bcfiles/HardwareHandler.bc>:HardwareHandlerEntryPoint:%3	</harden/bcfiles/edk_bcfiles/HardwareHandler.bc>:HardwareHandlerEntryPoint:%18	0
