</harden/bcfiles/edk_bcfiles/HardwareHandler.bc>:HardwareHandlerCheckLicense:7:0:@mHardwareManagerLicenseProtocol	</harden/bcfiles/edk_bcfiles/HardwareHandler.bc>:HardwareHandlerCheckLicense:32:0:@mHardwareManagerLicenseProtocol	*global_alloc@mHardwareManagerLicenseProtocol
</harden/bcfiles/edk_bcfiles/HardwareHandler.bc>:HardwareHandlerCheckLicense:7:0:@mHardwareManagerLicenseProtocol	</harden/bcfiles/edk_bcfiles/HardwareHandler.bc>:HardwareHandlerEntryPoint:20:2:bitcast (%struct._HARDWARE_MANAGER_LICENSE_PROTOCOL** @mHardwareManagerLicenseProtocol to i8**)	*global_alloc@mHardwareManagerLicenseProtocol
</harden/bcfiles/edk_bcfiles/HardwareHandler.bc>:HardwareHandlerCheckLicense:7:0:@mHardwareManagerLicenseProtocol	</harden/bcfiles/edk_bcfiles/HardwareHandler.bc>:HardwareHandlerEntryPoint:20:3:@mHardwareManagerLicenseProtocol	*global_alloc@mHardwareManagerLicenseProtocol
</harden/bcfiles/edk_bcfiles/HardwareHandler.bc>:HardwareHandlerCheckLicense:24:6:getelementptr inbounds ([28 x i8], [28 x i8]* @__func__.HardwareHandlerCheckLicense, i64 0, i64 0)	</harden/bcfiles/edk_bcfiles/HardwareHandler.bc>:HardwareHandlerCheckLicense:49:6:getelementptr inbounds ([28 x i8], [28 x i8]* @__func__.HardwareHandlerCheckLicense, i64 0, i64 0)	*global_alloc@__func__.HardwareHandlerCheckLicense[0]
</harden/bcfiles/edk_bcfiles/HardwareHandler.bc>:HardwareHandlerCheckLicense:24:6:getelementptr inbounds ([28 x i8], [28 x i8]* @__func__.HardwareHandlerCheckLicense, i64 0, i64 0)	</harden/bcfiles/edk_bcfiles/HardwareHandler.bc>:HardwareHandlerCheckLicense:49:6:getelementptr inbounds ([28 x i8], [28 x i8]* @__func__.HardwareHandlerCheckLicense, i64 0, i64 0)	*global_alloc@__func__.HardwareHandlerCheckLicense[0][*]
</harden/bcfiles/edk_bcfiles/HardwareHandler.bc>:HardwareHandlerCheckLicense:24:7:@__func__.HardwareHandlerCheckLicense	</harden/bcfiles/edk_bcfiles/HardwareHandler.bc>:HardwareHandlerCheckLicense:49:7:@__func__.HardwareHandlerCheckLicense	*global_alloc@__func__.HardwareHandlerCheckLicense
</harden/bcfiles/edk_bcfiles/HardwareHandler.bc>:HardwareHandlerCheckLicense:32:0:@mHardwareManagerLicenseProtocol	</harden/bcfiles/edk_bcfiles/HardwareHandler.bc>:HardwareHandlerCheckLicense:7:0:@mHardwareManagerLicenseProtocol	*global_alloc@mHardwareManagerLicenseProtocol
</harden/bcfiles/edk_bcfiles/HardwareHandler.bc>:HardwareHandlerCheckLicense:32:0:@mHardwareManagerLicenseProtocol	</harden/bcfiles/edk_bcfiles/HardwareHandler.bc>:HardwareHandlerEntryPoint:20:2:bitcast (%struct._HARDWARE_MANAGER_LICENSE_PROTOCOL** @mHardwareManagerLicenseProtocol to i8**)	*global_alloc@mHardwareManagerLicenseProtocol
</harden/bcfiles/edk_bcfiles/HardwareHandler.bc>:HardwareHandlerCheckLicense:32:0:@mHardwareManagerLicenseProtocol	</harden/bcfiles/edk_bcfiles/HardwareHandler.bc>:HardwareHandlerEntryPoint:20:3:@mHardwareManagerLicenseProtocol	*global_alloc@mHardwareManagerLicenseProtocol
</harden/bcfiles/edk_bcfiles/HardwareHandler.bc>:HardwareHandlerCheckLicense:49:6:getelementptr inbounds ([28 x i8], [28 x i8]* @__func__.HardwareHandlerCheckLicense, i64 0, i64 0)	</harden/bcfiles/edk_bcfiles/HardwareHandler.bc>:HardwareHandlerCheckLicense:24:6:getelementptr inbounds ([28 x i8], [28 x i8]* @__func__.HardwareHandlerCheckLicense, i64 0, i64 0)	*global_alloc@__func__.HardwareHandlerCheckLicense[0]
</harden/bcfiles/edk_bcfiles/HardwareHandler.bc>:HardwareHandlerCheckLicense:49:6:getelementptr inbounds ([28 x i8], [28 x i8]* @__func__.HardwareHandlerCheckLicense, i64 0, i64 0)	</harden/bcfiles/edk_bcfiles/HardwareHandler.bc>:HardwareHandlerCheckLicense:24:6:getelementptr inbounds ([28 x i8], [28 x i8]* @__func__.HardwareHandlerCheckLicense, i64 0, i64 0)	*global_alloc@__func__.HardwareHandlerCheckLicense[0][*]
</harden/bcfiles/edk_bcfiles/HardwareHandler.bc>:HardwareHandlerCheckLicense:49:7:@__func__.HardwareHandlerCheckLicense	</harden/bcfiles/edk_bcfiles/HardwareHandler.bc>:HardwareHandlerCheckLicense:24:7:@__func__.HardwareHandlerCheckLicense	*global_alloc@__func__.HardwareHandlerCheckLicense
</harden/bcfiles/edk_bcfiles/HardwareHandler.bc>:HardwareHandlerEntryPoint:17:0:@gSmst	</harden/bcfiles/edk_bcfiles/HardwareHandler.bc>:HardwareHandlerEntryPoint:28:0:@gSmst	*global_alloc@gSmst
</harden/bcfiles/edk_bcfiles/HardwareHandler.bc>:HardwareHandlerEntryPoint:17:0:@gSmst	</harden/bcfiles/edk_bcfiles/HardwareHandler.bc>:HardwareHandlerEntryPoint:53:0:@gSmst	*global_alloc@gSmst
</harden/bcfiles/edk_bcfiles/HardwareHandler.bc>:HardwareHandlerEntryPoint:17:0:@gSmst	</harden/bcfiles/edk_bcfiles/HardwareHandler.bc>:HardwareHandlerEntryPoint:66:0:@gSmst	*global_alloc@gSmst
</harden/bcfiles/edk_bcfiles/HardwareHandler.bc>:HardwareHandlerEntryPoint:17:0:@gSmst	</harden/bcfiles/edk_bcfiles/HardwareHandler.bc>:HardwareHandlerEntryPoint:91:0:@gSmst	*global_alloc@gSmst
</harden/bcfiles/edk_bcfiles/HardwareHandler.bc>:HardwareHandlerEntryPoint:17:0:@gSmst	</harden/bcfiles/edk_bcfiles/HardwareHandler.bc>:HardwareHandlerEntryPoint:104:0:@gSmst	*global_alloc@gSmst
</harden/bcfiles/edk_bcfiles/HardwareHandler.bc>:HardwareHandlerEntryPoint:17:0:@gSmst	</harden/bcfiles/edk_bcfiles/HardwareHandler.bc>:HardwareHandlerEntryPoint:129:0:@gSmst	*global_alloc@gSmst
</harden/bcfiles/edk_bcfiles/HardwareHandler.bc>:HardwareHandlerEntryPoint:17:0:@gSmst	</harden/bcfiles/edk_bcfiles/HardwareHandler.bc>:HardwareHandlerEntryPoint:144:0:@gSmst	*global_alloc@gSmst
</harden/bcfiles/edk_bcfiles/HardwareHandler.bc>:HardwareHandlerEntryPoint:20:2:bitcast (%struct._HARDWARE_MANAGER_LICENSE_PROTOCOL** @mHardwareManagerLicenseProtocol to i8**)	</harden/bcfiles/edk_bcfiles/HardwareHandler.bc>:HardwareHandlerCheckLicense:7:0:@mHardwareManagerLicenseProtocol	*global_alloc@mHardwareManagerLicenseProtocol
</harden/bcfiles/edk_bcfiles/HardwareHandler.bc>:HardwareHandlerEntryPoint:20:2:bitcast (%struct._HARDWARE_MANAGER_LICENSE_PROTOCOL** @mHardwareManagerLicenseProtocol to i8**)	</harden/bcfiles/edk_bcfiles/HardwareHandler.bc>:HardwareHandlerCheckLicense:32:0:@mHardwareManagerLicenseProtocol	*global_alloc@mHardwareManagerLicenseProtocol
</harden/bcfiles/edk_bcfiles/HardwareHandler.bc>:HardwareHandlerEntryPoint:20:2:bitcast (%struct._HARDWARE_MANAGER_LICENSE_PROTOCOL** @mHardwareManagerLicenseProtocol to i8**)	</harden/bcfiles/edk_bcfiles/HardwareHandler.bc>:HardwareHandlerEntryPoint:20:3:@mHardwareManagerLicenseProtocol	*global_alloc@mHardwareManagerLicenseProtocol
</harden/bcfiles/edk_bcfiles/HardwareHandler.bc>:HardwareHandlerEntryPoint:20:3:@mHardwareManagerLicenseProtocol	</harden/bcfiles/edk_bcfiles/HardwareHandler.bc>:HardwareHandlerCheckLicense:7:0:@mHardwareManagerLicenseProtocol	*global_alloc@mHardwareManagerLicenseProtocol
</harden/bcfiles/edk_bcfiles/HardwareHandler.bc>:HardwareHandlerEntryPoint:20:3:@mHardwareManagerLicenseProtocol	</harden/bcfiles/edk_bcfiles/HardwareHandler.bc>:HardwareHandlerCheckLicense:32:0:@mHardwareManagerLicenseProtocol	*global_alloc@mHardwareManagerLicenseProtocol
</harden/bcfiles/edk_bcfiles/HardwareHandler.bc>:HardwareHandlerEntryPoint:20:3:@mHardwareManagerLicenseProtocol	</harden/bcfiles/edk_bcfiles/HardwareHandler.bc>:HardwareHandlerEntryPoint:20:2:bitcast (%struct._HARDWARE_MANAGER_LICENSE_PROTOCOL** @mHardwareManagerLicenseProtocol to i8**)	*global_alloc@mHardwareManagerLicenseProtocol
</harden/bcfiles/edk_bcfiles/HardwareHandler.bc>:HardwareHandlerEntryPoint:28:0:@gSmst	</harden/bcfiles/edk_bcfiles/HardwareHandler.bc>:HardwareHandlerEntryPoint:17:0:@gSmst	*global_alloc@gSmst
</harden/bcfiles/edk_bcfiles/HardwareHandler.bc>:HardwareHandlerEntryPoint:28:0:@gSmst	</harden/bcfiles/edk_bcfiles/HardwareHandler.bc>:HardwareHandlerEntryPoint:53:0:@gSmst	*global_alloc@gSmst
</harden/bcfiles/edk_bcfiles/HardwareHandler.bc>:HardwareHandlerEntryPoint:28:0:@gSmst	</harden/bcfiles/edk_bcfiles/HardwareHandler.bc>:HardwareHandlerEntryPoint:66:0:@gSmst	*global_alloc@gSmst
</harden/bcfiles/edk_bcfiles/HardwareHandler.bc>:HardwareHandlerEntryPoint:28:0:@gSmst	</harden/bcfiles/edk_bcfiles/HardwareHandler.bc>:HardwareHandlerEntryPoint:91:0:@gSmst	*global_alloc@gSmst
</harden/bcfiles/edk_bcfiles/HardwareHandler.bc>:HardwareHandlerEntryPoint:28:0:@gSmst	</harden/bcfiles/edk_bcfiles/HardwareHandler.bc>:HardwareHandlerEntryPoint:104:0:@gSmst	*global_alloc@gSmst
</harden/bcfiles/edk_bcfiles/HardwareHandler.bc>:HardwareHandlerEntryPoint:28:0:@gSmst	</harden/bcfiles/edk_bcfiles/HardwareHandler.bc>:HardwareHandlerEntryPoint:129:0:@gSmst	*global_alloc@gSmst
</harden/bcfiles/edk_bcfiles/HardwareHandler.bc>:HardwareHandlerEntryPoint:28:0:@gSmst	</harden/bcfiles/edk_bcfiles/HardwareHandler.bc>:HardwareHandlerEntryPoint:144:0:@gSmst	*global_alloc@gSmst
</harden/bcfiles/edk_bcfiles/HardwareHandler.bc>:HardwareHandlerEntryPoint:53:0:@gSmst	</harden/bcfiles/edk_bcfiles/HardwareHandler.bc>:HardwareHandlerEntryPoint:17:0:@gSmst	*global_alloc@gSmst
</harden/bcfiles/edk_bcfiles/HardwareHandler.bc>:HardwareHandlerEntryPoint:53:0:@gSmst	</harden/bcfiles/edk_bcfiles/HardwareHandler.bc>:HardwareHandlerEntryPoint:28:0:@gSmst	*global_alloc@gSmst
</harden/bcfiles/edk_bcfiles/HardwareHandler.bc>:HardwareHandlerEntryPoint:53:0:@gSmst	</harden/bcfiles/edk_bcfiles/HardwareHandler.bc>:HardwareHandlerEntryPoint:66:0:@gSmst	*global_alloc@gSmst
</harden/bcfiles/edk_bcfiles/HardwareHandler.bc>:HardwareHandlerEntryPoint:53:0:@gSmst	</harden/bcfiles/edk_bcfiles/HardwareHandler.bc>:HardwareHandlerEntryPoint:91:0:@gSmst	*global_alloc@gSmst
</harden/bcfiles/edk_bcfiles/HardwareHandler.bc>:HardwareHandlerEntryPoint:53:0:@gSmst	</harden/bcfiles/edk_bcfiles/HardwareHandler.bc>:HardwareHandlerEntryPoint:104:0:@gSmst	*global_alloc@gSmst
</harden/bcfiles/edk_bcfiles/HardwareHandler.bc>:HardwareHandlerEntryPoint:53:0:@gSmst	</harden/bcfiles/edk_bcfiles/HardwareHandler.bc>:HardwareHandlerEntryPoint:129:0:@gSmst	*global_alloc@gSmst
</harden/bcfiles/edk_bcfiles/HardwareHandler.bc>:HardwareHandlerEntryPoint:53:0:@gSmst	</harden/bcfiles/edk_bcfiles/HardwareHandler.bc>:HardwareHandlerEntryPoint:144:0:@gSmst	*global_alloc@gSmst
</harden/bcfiles/edk_bcfiles/HardwareHandler.bc>:HardwareHandlerEntryPoint:66:0:@gSmst	</harden/bcfiles/edk_bcfiles/HardwareHandler.bc>:HardwareHandlerEntryPoint:17:0:@gSmst	*global_alloc@gSmst
</harden/bcfiles/edk_bcfiles/HardwareHandler.bc>:HardwareHandlerEntryPoint:66:0:@gSmst	</harden/bcfiles/edk_bcfiles/HardwareHandler.bc>:HardwareHandlerEntryPoint:28:0:@gSmst	*global_alloc@gSmst
</harden/bcfiles/edk_bcfiles/HardwareHandler.bc>:HardwareHandlerEntryPoint:66:0:@gSmst	</harden/bcfiles/edk_bcfiles/HardwareHandler.bc>:HardwareHandlerEntryPoint:53:0:@gSmst	*global_alloc@gSmst
</harden/bcfiles/edk_bcfiles/HardwareHandler.bc>:HardwareHandlerEntryPoint:66:0:@gSmst	</harden/bcfiles/edk_bcfiles/HardwareHandler.bc>:HardwareHandlerEntryPoint:91:0:@gSmst	*global_alloc@gSmst
</harden/bcfiles/edk_bcfiles/HardwareHandler.bc>:HardwareHandlerEntryPoint:66:0:@gSmst	</harden/bcfiles/edk_bcfiles/HardwareHandler.bc>:HardwareHandlerEntryPoint:104:0:@gSmst	*global_alloc@gSmst
</harden/bcfiles/edk_bcfiles/HardwareHandler.bc>:HardwareHandlerEntryPoint:66:0:@gSmst	</harden/bcfiles/edk_bcfiles/HardwareHandler.bc>:HardwareHandlerEntryPoint:129:0:@gSmst	*global_alloc@gSmst
</harden/bcfiles/edk_bcfiles/HardwareHandler.bc>:HardwareHandlerEntryPoint:66:0:@gSmst	</harden/bcfiles/edk_bcfiles/HardwareHandler.bc>:HardwareHandlerEntryPoint:144:0:@gSmst	*global_alloc@gSmst
</harden/bcfiles/edk_bcfiles/HardwareHandler.bc>:HardwareHandlerEntryPoint:91:0:@gSmst	</harden/bcfiles/edk_bcfiles/HardwareHandler.bc>:HardwareHandlerEntryPoint:17:0:@gSmst	*global_alloc@gSmst
</harden/bcfiles/edk_bcfiles/HardwareHandler.bc>:HardwareHandlerEntryPoint:91:0:@gSmst	</harden/bcfiles/edk_bcfiles/HardwareHandler.bc>:HardwareHandlerEntryPoint:28:0:@gSmst	*global_alloc@gSmst
</harden/bcfiles/edk_bcfiles/HardwareHandler.bc>:HardwareHandlerEntryPoint:91:0:@gSmst	</harden/bcfiles/edk_bcfiles/HardwareHandler.bc>:HardwareHandlerEntryPoint:53:0:@gSmst	*global_alloc@gSmst
</harden/bcfiles/edk_bcfiles/HardwareHandler.bc>:HardwareHandlerEntryPoint:91:0:@gSmst	</harden/bcfiles/edk_bcfiles/HardwareHandler.bc>:HardwareHandlerEntryPoint:66:0:@gSmst	*global_alloc@gSmst
</harden/bcfiles/edk_bcfiles/HardwareHandler.bc>:HardwareHandlerEntryPoint:91:0:@gSmst	</harden/bcfiles/edk_bcfiles/HardwareHandler.bc>:HardwareHandlerEntryPoint:104:0:@gSmst	*global_alloc@gSmst
</harden/bcfiles/edk_bcfiles/HardwareHandler.bc>:HardwareHandlerEntryPoint:91:0:@gSmst	</harden/bcfiles/edk_bcfiles/HardwareHandler.bc>:HardwareHandlerEntryPoint:129:0:@gSmst	*global_alloc@gSmst
</harden/bcfiles/edk_bcfiles/HardwareHandler.bc>:HardwareHandlerEntryPoint:91:0:@gSmst	</harden/bcfiles/edk_bcfiles/HardwareHandler.bc>:HardwareHandlerEntryPoint:144:0:@gSmst	*global_alloc@gSmst
</harden/bcfiles/edk_bcfiles/HardwareHandler.bc>:HardwareHandlerEntryPoint:104:0:@gSmst	</harden/bcfiles/edk_bcfiles/HardwareHandler.bc>:HardwareHandlerEntryPoint:17:0:@gSmst	*global_alloc@gSmst
</harden/bcfiles/edk_bcfiles/HardwareHandler.bc>:HardwareHandlerEntryPoint:104:0:@gSmst	</harden/bcfiles/edk_bcfiles/HardwareHandler.bc>:HardwareHandlerEntryPoint:28:0:@gSmst	*global_alloc@gSmst
</harden/bcfiles/edk_bcfiles/HardwareHandler.bc>:HardwareHandlerEntryPoint:104:0:@gSmst	</harden/bcfiles/edk_bcfiles/HardwareHandler.bc>:HardwareHandlerEntryPoint:53:0:@gSmst	*global_alloc@gSmst
</harden/bcfiles/edk_bcfiles/HardwareHandler.bc>:HardwareHandlerEntryPoint:104:0:@gSmst	</harden/bcfiles/edk_bcfiles/HardwareHandler.bc>:HardwareHandlerEntryPoint:66:0:@gSmst	*global_alloc@gSmst
</harden/bcfiles/edk_bcfiles/HardwareHandler.bc>:HardwareHandlerEntryPoint:104:0:@gSmst	</harden/bcfiles/edk_bcfiles/HardwareHandler.bc>:HardwareHandlerEntryPoint:91:0:@gSmst	*global_alloc@gSmst
</harden/bcfiles/edk_bcfiles/HardwareHandler.bc>:HardwareHandlerEntryPoint:104:0:@gSmst	</harden/bcfiles/edk_bcfiles/HardwareHandler.bc>:HardwareHandlerEntryPoint:129:0:@gSmst	*global_alloc@gSmst
</harden/bcfiles/edk_bcfiles/HardwareHandler.bc>:HardwareHandlerEntryPoint:104:0:@gSmst	</harden/bcfiles/edk_bcfiles/HardwareHandler.bc>:HardwareHandlerEntryPoint:144:0:@gSmst	*global_alloc@gSmst
</harden/bcfiles/edk_bcfiles/HardwareHandler.bc>:HardwareHandlerEntryPoint:129:0:@gSmst	</harden/bcfiles/edk_bcfiles/HardwareHandler.bc>:HardwareHandlerEntryPoint:17:0:@gSmst	*global_alloc@gSmst
</harden/bcfiles/edk_bcfiles/HardwareHandler.bc>:HardwareHandlerEntryPoint:129:0:@gSmst	</harden/bcfiles/edk_bcfiles/HardwareHandler.bc>:HardwareHandlerEntryPoint:28:0:@gSmst	*global_alloc@gSmst
</harden/bcfiles/edk_bcfiles/HardwareHandler.bc>:HardwareHandlerEntryPoint:129:0:@gSmst	</harden/bcfiles/edk_bcfiles/HardwareHandler.bc>:HardwareHandlerEntryPoint:53:0:@gSmst	*global_alloc@gSmst
</harden/bcfiles/edk_bcfiles/HardwareHandler.bc>:HardwareHandlerEntryPoint:129:0:@gSmst	</harden/bcfiles/edk_bcfiles/HardwareHandler.bc>:HardwareHandlerEntryPoint:66:0:@gSmst	*global_alloc@gSmst
</harden/bcfiles/edk_bcfiles/HardwareHandler.bc>:HardwareHandlerEntryPoint:129:0:@gSmst	</harden/bcfiles/edk_bcfiles/HardwareHandler.bc>:HardwareHandlerEntryPoint:91:0:@gSmst	*global_alloc@gSmst
</harden/bcfiles/edk_bcfiles/HardwareHandler.bc>:HardwareHandlerEntryPoint:129:0:@gSmst	</harden/bcfiles/edk_bcfiles/HardwareHandler.bc>:HardwareHandlerEntryPoint:104:0:@gSmst	*global_alloc@gSmst
</harden/bcfiles/edk_bcfiles/HardwareHandler.bc>:HardwareHandlerEntryPoint:129:0:@gSmst	</harden/bcfiles/edk_bcfiles/HardwareHandler.bc>:HardwareHandlerEntryPoint:144:0:@gSmst	*global_alloc@gSmst
</harden/bcfiles/edk_bcfiles/HardwareHandler.bc>:HardwareHandlerEntryPoint:143:2:@mHardwareHandlerReady	</harden/bcfiles/edk_bcfiles/HardwareHandler.bc>:HardwareHandlerEntryPoint:147:2:bitcast (%struct._NOTIFY_PROTOCOL_READY_PROTOCOL* @mHardwareHandlerReady to i8*)	*global_alloc@mHardwareHandlerReady
</harden/bcfiles/edk_bcfiles/HardwareHandler.bc>:HardwareHandlerEntryPoint:143:2:@mHardwareHandlerReady	</harden/bcfiles/edk_bcfiles/HardwareHandler.bc>:HardwareHandlerEntryPoint:147:3:@mHardwareHandlerReady	*global_alloc@mHardwareHandlerReady
</harden/bcfiles/edk_bcfiles/HardwareHandler.bc>:HardwareHandlerEntryPoint:144:0:@gSmst	</harden/bcfiles/edk_bcfiles/HardwareHandler.bc>:HardwareHandlerEntryPoint:17:0:@gSmst	*global_alloc@gSmst
</harden/bcfiles/edk_bcfiles/HardwareHandler.bc>:HardwareHandlerEntryPoint:144:0:@gSmst	</harden/bcfiles/edk_bcfiles/HardwareHandler.bc>:HardwareHandlerEntryPoint:28:0:@gSmst	*global_alloc@gSmst
</harden/bcfiles/edk_bcfiles/HardwareHandler.bc>:HardwareHandlerEntryPoint:144:0:@gSmst	</harden/bcfiles/edk_bcfiles/HardwareHandler.bc>:HardwareHandlerEntryPoint:53:0:@gSmst	*global_alloc@gSmst
</harden/bcfiles/edk_bcfiles/HardwareHandler.bc>:HardwareHandlerEntryPoint:144:0:@gSmst	</harden/bcfiles/edk_bcfiles/HardwareHandler.bc>:HardwareHandlerEntryPoint:66:0:@gSmst	*global_alloc@gSmst
</harden/bcfiles/edk_bcfiles/HardwareHandler.bc>:HardwareHandlerEntryPoint:144:0:@gSmst	</harden/bcfiles/edk_bcfiles/HardwareHandler.bc>:HardwareHandlerEntryPoint:91:0:@gSmst	*global_alloc@gSmst
</harden/bcfiles/edk_bcfiles/HardwareHandler.bc>:HardwareHandlerEntryPoint:144:0:@gSmst	</harden/bcfiles/edk_bcfiles/HardwareHandler.bc>:HardwareHandlerEntryPoint:104:0:@gSmst	*global_alloc@gSmst
</harden/bcfiles/edk_bcfiles/HardwareHandler.bc>:HardwareHandlerEntryPoint:144:0:@gSmst	</harden/bcfiles/edk_bcfiles/HardwareHandler.bc>:HardwareHandlerEntryPoint:129:0:@gSmst	*global_alloc@gSmst
</harden/bcfiles/edk_bcfiles/HardwareHandler.bc>:HardwareHandlerEntryPoint:147:2:bitcast (%struct._NOTIFY_PROTOCOL_READY_PROTOCOL* @mHardwareHandlerReady to i8*)	</harden/bcfiles/edk_bcfiles/HardwareHandler.bc>:HardwareHandlerEntryPoint:143:2:@mHardwareHandlerReady	*global_alloc@mHardwareHandlerReady
</harden/bcfiles/edk_bcfiles/HardwareHandler.bc>:HardwareHandlerEntryPoint:147:2:bitcast (%struct._NOTIFY_PROTOCOL_READY_PROTOCOL* @mHardwareHandlerReady to i8*)	</harden/bcfiles/edk_bcfiles/HardwareHandler.bc>:HardwareHandlerEntryPoint:147:3:@mHardwareHandlerReady	*global_alloc@mHardwareHandlerReady
</harden/bcfiles/edk_bcfiles/HardwareHandler.bc>:HardwareHandlerEntryPoint:147:3:@mHardwareHandlerReady	</harden/bcfiles/edk_bcfiles/HardwareHandler.bc>:HardwareHandlerEntryPoint:143:2:@mHardwareHandlerReady	*global_alloc@mHardwareHandlerReady
</harden/bcfiles/edk_bcfiles/HardwareHandler.bc>:HardwareHandlerEntryPoint:147:3:@mHardwareHandlerReady	</harden/bcfiles/edk_bcfiles/HardwareHandler.bc>:HardwareHandlerEntryPoint:147:2:bitcast (%struct._NOTIFY_PROTOCOL_READY_PROTOCOL* @mHardwareHandlerReady to i8*)	*global_alloc@mHardwareHandlerReady
