*global_alloc@mHardwareManagerLicenseProtocol	%struct._HARDWARE_MANAGER_LICENSE_PROTOCOL*
*global_alloc@.str	[53 x i8]
*global_alloc@__func__.HardwareHandlerCheckLicense	[28 x i8]
*global_alloc@.str.1	[30 x i8]
*global_alloc@gSmst	%struct._EFI_SMM_SYSTEM_TABLE2*
*global_alloc@gEfiHardwareLicenseProtocolGuid	%struct.GUID
*global_alloc@gEfiFanControllerProtocolGuid	%struct.GUID
*global_alloc@gEfiLedControllerProtocolGuid	%struct.GUID
*global_alloc@gEfiThermalSensorProtocolGuid	%struct.GUID
*global_alloc@mHardwareHandlerReady	%struct._NOTIFY_PROTOCOL_READY_PROTOCOL
*global_alloc@gEfiHardwareHandlerReadyProtocolGuid	%struct.GUID
