</harden/bcfiles/edk_bcfiles/HardwareHandler.bc>:GetButtonState:5	</harden/bcfiles/edk_bcfiles/HardwareHandler.bc>:llvm.dbg.declare	</harden/bcfiles/edk_bcfiles/HardwareHandler.bc>:GetButtonState:!DIExpression()	2
</harden/bcfiles/edk_bcfiles/HardwareHandler.bc>:GetButtonState:5	</harden/bcfiles/edk_bcfiles/HardwareHandler.bc>:llvm.dbg.declare	</harden/bcfiles/edk_bcfiles/HardwareHandler.bc>:GetButtonState:!110	1
</harden/bcfiles/edk_bcfiles/HardwareHandler.bc>:GetButtonState:5	</harden/bcfiles/edk_bcfiles/HardwareHandler.bc>:llvm.dbg.declare	</harden/bcfiles/edk_bcfiles/HardwareHandler.bc>:GetButtonState:i64* %4	0
</harden/bcfiles/edk_bcfiles/HardwareHandler.bc>:GetButtonState:7	</harden/bcfiles/edk_bcfiles/HardwareHandler.bc>:llvm.dbg.declare	</harden/bcfiles/edk_bcfiles/HardwareHandler.bc>:GetButtonState:!DIExpression()	2
</harden/bcfiles/edk_bcfiles/HardwareHandler.bc>:GetButtonState:7	</harden/bcfiles/edk_bcfiles/HardwareHandler.bc>:llvm.dbg.declare	</harden/bcfiles/edk_bcfiles/HardwareHandler.bc>:GetButtonState:!112	1
</harden/bcfiles/edk_bcfiles/HardwareHandler.bc>:GetButtonState:7	</harden/bcfiles/edk_bcfiles/HardwareHandler.bc>:llvm.dbg.declare	</harden/bcfiles/edk_bcfiles/HardwareHandler.bc>:GetButtonState:i64** %5	0
</harden/bcfiles/edk_bcfiles/HardwareHandler.bc>:GetButtonState:8	</harden/bcfiles/edk_bcfiles/HardwareHandler.bc>:llvm.dbg.declare	</harden/bcfiles/edk_bcfiles/HardwareHandler.bc>:GetButtonState:!DIExpression()	2
</harden/bcfiles/edk_bcfiles/HardwareHandler.bc>:GetButtonState:8	</harden/bcfiles/edk_bcfiles/HardwareHandler.bc>:llvm.dbg.declare	</harden/bcfiles/edk_bcfiles/HardwareHandler.bc>:GetButtonState:i32* %6	0
</harden/bcfiles/edk_bcfiles/HardwareHandler.bc>:GetButtonState:8	</harden/bcfiles/edk_bcfiles/HardwareHandler.bc>:llvm.dbg.declare	</harden/bcfiles/edk_bcfiles/HardwareHandler.bc>:GetButtonState:!114	1
</harden/bcfiles/edk_bcfiles/HardwareHandler.bc>:GetButtonState:11	</harden/bcfiles/edk_bcfiles/HardwareHandler.bc>:IoWrite32	</harden/bcfiles/edk_bcfiles/HardwareHandler.bc>:GetButtonState:%8	1
</harden/bcfiles/edk_bcfiles/HardwareHandler.bc>:GetButtonState:11	</harden/bcfiles/edk_bcfiles/HardwareHandler.bc>:IoWrite32	</harden/bcfiles/edk_bcfiles/HardwareHandler.bc>:GetButtonState:11:1:10752	0
</harden/bcfiles/edk_bcfiles/HardwareHandler.bc>:GetButtonState:12	</harden/bcfiles/edk_bcfiles/HardwareHandler.bc>:IoWrite32	</harden/bcfiles/edk_bcfiles/HardwareHandler.bc>:GetButtonState:12:1:10756	0
</harden/bcfiles/edk_bcfiles/HardwareHandler.bc>:GetButtonState:12	</harden/bcfiles/edk_bcfiles/HardwareHandler.bc>:IoWrite32	</harden/bcfiles/edk_bcfiles/HardwareHandler.bc>:GetButtonState:12:2:1	1
</harden/bcfiles/edk_bcfiles/HardwareHandler.bc>:GetButtonState:13	</harden/bcfiles/edk_bcfiles/HardwareHandler.bc>:IoRead32	</harden/bcfiles/edk_bcfiles/HardwareHandler.bc>:GetButtonState:13:1:10760	0
</harden/bcfiles/edk_bcfiles/HardwareHandler.bc>:SetButtonLock:4	</harden/bcfiles/edk_bcfiles/HardwareHandler.bc>:llvm.dbg.declare	</harden/bcfiles/edk_bcfiles/HardwareHandler.bc>:SetButtonLock:!DIExpression()	2
</harden/bcfiles/edk_bcfiles/HardwareHandler.bc>:SetButtonLock:4	</harden/bcfiles/edk_bcfiles/HardwareHandler.bc>:llvm.dbg.declare	</harden/bcfiles/edk_bcfiles/HardwareHandler.bc>:SetButtonLock:!129	1
</harden/bcfiles/edk_bcfiles/HardwareHandler.bc>:SetButtonLock:4	</harden/bcfiles/edk_bcfiles/HardwareHandler.bc>:llvm.dbg.declare	</harden/bcfiles/edk_bcfiles/HardwareHandler.bc>:SetButtonLock:i64* %3	0
</harden/bcfiles/edk_bcfiles/HardwareHandler.bc>:SetButtonLock:6	</harden/bcfiles/edk_bcfiles/HardwareHandler.bc>:llvm.dbg.declare	</harden/bcfiles/edk_bcfiles/HardwareHandler.bc>:SetButtonLock:i64* %4	0
</harden/bcfiles/edk_bcfiles/HardwareHandler.bc>:SetButtonLock:6	</harden/bcfiles/edk_bcfiles/HardwareHandler.bc>:llvm.dbg.declare	</harden/bcfiles/edk_bcfiles/HardwareHandler.bc>:SetButtonLock:!DIExpression()	2
</harden/bcfiles/edk_bcfiles/HardwareHandler.bc>:SetButtonLock:6	</harden/bcfiles/edk_bcfiles/HardwareHandler.bc>:llvm.dbg.declare	</harden/bcfiles/edk_bcfiles/HardwareHandler.bc>:SetButtonLock:!131	1
</harden/bcfiles/edk_bcfiles/HardwareHandler.bc>:SetButtonLock:7	</harden/bcfiles/edk_bcfiles/HardwareHandler.bc>:llvm.dbg.declare	</harden/bcfiles/edk_bcfiles/HardwareHandler.bc>:SetButtonLock:!133	1
</harden/bcfiles/edk_bcfiles/HardwareHandler.bc>:SetButtonLock:7	</harden/bcfiles/edk_bcfiles/HardwareHandler.bc>:llvm.dbg.declare	</harden/bcfiles/edk_bcfiles/HardwareHandler.bc>:SetButtonLock:!DIExpression()	2
</harden/bcfiles/edk_bcfiles/HardwareHandler.bc>:SetButtonLock:7	</harden/bcfiles/edk_bcfiles/HardwareHandler.bc>:llvm.dbg.declare	</harden/bcfiles/edk_bcfiles/HardwareHandler.bc>:SetButtonLock:i32* %5	0
</harden/bcfiles/edk_bcfiles/HardwareHandler.bc>:SetButtonLock:10	</harden/bcfiles/edk_bcfiles/HardwareHandler.bc>:IoWrite32	</harden/bcfiles/edk_bcfiles/HardwareHandler.bc>:SetButtonLock:%7	1
</harden/bcfiles/edk_bcfiles/HardwareHandler.bc>:SetButtonLock:10	</harden/bcfiles/edk_bcfiles/HardwareHandler.bc>:IoWrite32	</harden/bcfiles/edk_bcfiles/HardwareHandler.bc>:SetButtonLock:10:1:10752	0
</harden/bcfiles/edk_bcfiles/HardwareHandler.bc>:SetButtonLock:11	</harden/bcfiles/edk_bcfiles/HardwareHandler.bc>:IoWrite32	</harden/bcfiles/edk_bcfiles/HardwareHandler.bc>:SetButtonLock:11:1:10756	0
</harden/bcfiles/edk_bcfiles/HardwareHandler.bc>:SetButtonLock:11	</harden/bcfiles/edk_bcfiles/HardwareHandler.bc>:IoWrite32	</harden/bcfiles/edk_bcfiles/HardwareHandler.bc>:SetButtonLock:11:2:2	1
</harden/bcfiles/edk_bcfiles/HardwareHandler.bc>:SetButtonLock:15	</harden/bcfiles/edk_bcfiles/HardwareHandler.bc>:IoWrite32	</harden/bcfiles/edk_bcfiles/HardwareHandler.bc>:SetButtonLock:%12	1
</harden/bcfiles/edk_bcfiles/HardwareHandler.bc>:SetButtonLock:15	</harden/bcfiles/edk_bcfiles/HardwareHandler.bc>:IoWrite32	</harden/bcfiles/edk_bcfiles/HardwareHandler.bc>:SetButtonLock:15:1:10760	0
</harden/bcfiles/edk_bcfiles/HardwareHandler.bc>:SetButtonLock:16	</harden/bcfiles/edk_bcfiles/HardwareHandler.bc>:IoRead32	</harden/bcfiles/edk_bcfiles/HardwareHandler.bc>:SetButtonLock:16:1:10760	0
</harden/bcfiles/edk_bcfiles/HardwareHandler.bc>:TriggerButtonAction:4	</harden/bcfiles/edk_bcfiles/HardwareHandler.bc>:llvm.dbg.declare	</harden/bcfiles/edk_bcfiles/HardwareHandler.bc>:TriggerButtonAction:!DIExpression()	2
</harden/bcfiles/edk_bcfiles/HardwareHandler.bc>:TriggerButtonAction:4	</harden/bcfiles/edk_bcfiles/HardwareHandler.bc>:llvm.dbg.declare	</harden/bcfiles/edk_bcfiles/HardwareHandler.bc>:TriggerButtonAction:!141	1
</harden/bcfiles/edk_bcfiles/HardwareHandler.bc>:TriggerButtonAction:4	</harden/bcfiles/edk_bcfiles/HardwareHandler.bc>:llvm.dbg.declare	</harden/bcfiles/edk_bcfiles/HardwareHandler.bc>:TriggerButtonAction:i64* %3	0
</harden/bcfiles/edk_bcfiles/HardwareHandler.bc>:TriggerButtonAction:6	</harden/bcfiles/edk_bcfiles/HardwareHandler.bc>:llvm.dbg.declare	</harden/bcfiles/edk_bcfiles/HardwareHandler.bc>:TriggerButtonAction:i64* %4	0
</harden/bcfiles/edk_bcfiles/HardwareHandler.bc>:TriggerButtonAction:6	</harden/bcfiles/edk_bcfiles/HardwareHandler.bc>:llvm.dbg.declare	</harden/bcfiles/edk_bcfiles/HardwareHandler.bc>:TriggerButtonAction:!DIExpression()	2
</harden/bcfiles/edk_bcfiles/HardwareHandler.bc>:TriggerButtonAction:6	</harden/bcfiles/edk_bcfiles/HardwareHandler.bc>:llvm.dbg.declare	</harden/bcfiles/edk_bcfiles/HardwareHandler.bc>:TriggerButtonAction:!143	1
</harden/bcfiles/edk_bcfiles/HardwareHandler.bc>:TriggerButtonAction:7	</harden/bcfiles/edk_bcfiles/HardwareHandler.bc>:llvm.dbg.declare	</harden/bcfiles/edk_bcfiles/HardwareHandler.bc>:TriggerButtonAction:!145	1
</harden/bcfiles/edk_bcfiles/HardwareHandler.bc>:TriggerButtonAction:7	</harden/bcfiles/edk_bcfiles/HardwareHandler.bc>:llvm.dbg.declare	</harden/bcfiles/edk_bcfiles/HardwareHandler.bc>:TriggerButtonAction:i32* %5	0
</harden/bcfiles/edk_bcfiles/HardwareHandler.bc>:TriggerButtonAction:7	</harden/bcfiles/edk_bcfiles/HardwareHandler.bc>:llvm.dbg.declare	</harden/bcfiles/edk_bcfiles/HardwareHandler.bc>:TriggerButtonAction:!DIExpression()	2
</harden/bcfiles/edk_bcfiles/HardwareHandler.bc>:TriggerButtonAction:10	</harden/bcfiles/edk_bcfiles/HardwareHandler.bc>:IoWrite32	</harden/bcfiles/edk_bcfiles/HardwareHandler.bc>:TriggerButtonAction:%7	1
</harden/bcfiles/edk_bcfiles/HardwareHandler.bc>:TriggerButtonAction:10	</harden/bcfiles/edk_bcfiles/HardwareHandler.bc>:IoWrite32	</harden/bcfiles/edk_bcfiles/HardwareHandler.bc>:TriggerButtonAction:10:1:10752	0
</harden/bcfiles/edk_bcfiles/HardwareHandler.bc>:TriggerButtonAction:11	</harden/bcfiles/edk_bcfiles/HardwareHandler.bc>:IoWrite32	</harden/bcfiles/edk_bcfiles/HardwareHandler.bc>:TriggerButtonAction:11:1:10756	0
</harden/bcfiles/edk_bcfiles/HardwareHandler.bc>:TriggerButtonAction:11	</harden/bcfiles/edk_bcfiles/HardwareHandler.bc>:IoWrite32	</harden/bcfiles/edk_bcfiles/HardwareHandler.bc>:TriggerButtonAction:11:2:3	1
</harden/bcfiles/edk_bcfiles/HardwareHandler.bc>:TriggerButtonAction:15	</harden/bcfiles/edk_bcfiles/HardwareHandler.bc>:IoWrite32	</harden/bcfiles/edk_bcfiles/HardwareHandler.bc>:TriggerButtonAction:%12	1
</harden/bcfiles/edk_bcfiles/HardwareHandler.bc>:TriggerButtonAction:15	</harden/bcfiles/edk_bcfiles/HardwareHandler.bc>:IoWrite32	</harden/bcfiles/edk_bcfiles/HardwareHandler.bc>:TriggerButtonAction:15:1:10760	0
</harden/bcfiles/edk_bcfiles/HardwareHandler.bc>:TriggerButtonAction:16	</harden/bcfiles/edk_bcfiles/HardwareHandler.bc>:IoRead32	</harden/bcfiles/edk_bcfiles/HardwareHandler.bc>:TriggerButtonAction:16:1:10760	0
</harden/bcfiles/edk_bcfiles/HardwareHandler.bc>:ResetButtonState:4	</harden/bcfiles/edk_bcfiles/HardwareHandler.bc>:llvm.dbg.declare	</harden/bcfiles/edk_bcfiles/HardwareHandler.bc>:ResetButtonState:!DIExpression()	2
</harden/bcfiles/edk_bcfiles/HardwareHandler.bc>:ResetButtonState:4	</harden/bcfiles/edk_bcfiles/HardwareHandler.bc>:llvm.dbg.declare	</harden/bcfiles/edk_bcfiles/HardwareHandler.bc>:ResetButtonState:!153	1
</harden/bcfiles/edk_bcfiles/HardwareHandler.bc>:ResetButtonState:4	</harden/bcfiles/edk_bcfiles/HardwareHandler.bc>:llvm.dbg.declare	</harden/bcfiles/edk_bcfiles/HardwareHandler.bc>:ResetButtonState:i64* %3	0
</harden/bcfiles/edk_bcfiles/HardwareHandler.bc>:ResetButtonState:6	</harden/bcfiles/edk_bcfiles/HardwareHandler.bc>:llvm.dbg.declare	</harden/bcfiles/edk_bcfiles/HardwareHandler.bc>:ResetButtonState:!155	1
</harden/bcfiles/edk_bcfiles/HardwareHandler.bc>:ResetButtonState:6	</harden/bcfiles/edk_bcfiles/HardwareHandler.bc>:llvm.dbg.declare	</harden/bcfiles/edk_bcfiles/HardwareHandler.bc>:ResetButtonState:i64* %4	0
</harden/bcfiles/edk_bcfiles/HardwareHandler.bc>:ResetButtonState:6	</harden/bcfiles/edk_bcfiles/HardwareHandler.bc>:llvm.dbg.declare	</harden/bcfiles/edk_bcfiles/HardwareHandler.bc>:ResetButtonState:!DIExpression()	2
</harden/bcfiles/edk_bcfiles/HardwareHandler.bc>:ResetButtonState:7	</harden/bcfiles/edk_bcfiles/HardwareHandler.bc>:llvm.dbg.declare	</harden/bcfiles/edk_bcfiles/HardwareHandler.bc>:ResetButtonState:i32* %5	0
</harden/bcfiles/edk_bcfiles/HardwareHandler.bc>:ResetButtonState:7	</harden/bcfiles/edk_bcfiles/HardwareHandler.bc>:llvm.dbg.declare	</harden/bcfiles/edk_bcfiles/HardwareHandler.bc>:ResetButtonState:!DIExpression()	2
</harden/bcfiles/edk_bcfiles/HardwareHandler.bc>:ResetButtonState:7	</harden/bcfiles/edk_bcfiles/HardwareHandler.bc>:llvm.dbg.declare	</harden/bcfiles/edk_bcfiles/HardwareHandler.bc>:ResetButtonState:!157	1
</harden/bcfiles/edk_bcfiles/HardwareHandler.bc>:ResetButtonState:10	</harden/bcfiles/edk_bcfiles/HardwareHandler.bc>:IoWrite32	</harden/bcfiles/edk_bcfiles/HardwareHandler.bc>:ResetButtonState:%7	1
</harden/bcfiles/edk_bcfiles/HardwareHandler.bc>:ResetButtonState:10	</harden/bcfiles/edk_bcfiles/HardwareHandler.bc>:IoWrite32	</harden/bcfiles/edk_bcfiles/HardwareHandler.bc>:ResetButtonState:10:1:10752	0
</harden/bcfiles/edk_bcfiles/HardwareHandler.bc>:ResetButtonState:11	</harden/bcfiles/edk_bcfiles/HardwareHandler.bc>:IoWrite32	</harden/bcfiles/edk_bcfiles/HardwareHandler.bc>:ResetButtonState:11:1:10756	0
</harden/bcfiles/edk_bcfiles/HardwareHandler.bc>:ResetButtonState:11	</harden/bcfiles/edk_bcfiles/HardwareHandler.bc>:IoWrite32	</harden/bcfiles/edk_bcfiles/HardwareHandler.bc>:ResetButtonState:11:2:4	1
</harden/bcfiles/edk_bcfiles/HardwareHandler.bc>:ResetButtonState:15	</harden/bcfiles/edk_bcfiles/HardwareHandler.bc>:IoWrite32	</harden/bcfiles/edk_bcfiles/HardwareHandler.bc>:ResetButtonState:%12	1
</harden/bcfiles/edk_bcfiles/HardwareHandler.bc>:ResetButtonState:15	</harden/bcfiles/edk_bcfiles/HardwareHandler.bc>:IoWrite32	</harden/bcfiles/edk_bcfiles/HardwareHandler.bc>:ResetButtonState:15:1:10760	0
</harden/bcfiles/edk_bcfiles/HardwareHandler.bc>:ResetButtonState:16	</harden/bcfiles/edk_bcfiles/HardwareHandler.bc>:IoRead32	</harden/bcfiles/edk_bcfiles/HardwareHandler.bc>:ResetButtonState:16:1:10760	0
</harden/bcfiles/edk_bcfiles/HardwareHandler.bc>:SetFanSpeed:5	</harden/bcfiles/edk_bcfiles/HardwareHandler.bc>:llvm.dbg.declare	</harden/bcfiles/edk_bcfiles/HardwareHandler.bc>:SetFanSpeed:i64* %4	0
</harden/bcfiles/edk_bcfiles/HardwareHandler.bc>:SetFanSpeed:5	</harden/bcfiles/edk_bcfiles/HardwareHandler.bc>:llvm.dbg.declare	</harden/bcfiles/edk_bcfiles/HardwareHandler.bc>:SetFanSpeed:!167	1
</harden/bcfiles/edk_bcfiles/HardwareHandler.bc>:SetFanSpeed:5	</harden/bcfiles/edk_bcfiles/HardwareHandler.bc>:llvm.dbg.declare	</harden/bcfiles/edk_bcfiles/HardwareHandler.bc>:SetFanSpeed:!DIExpression()	2
</harden/bcfiles/edk_bcfiles/HardwareHandler.bc>:SetFanSpeed:7	</harden/bcfiles/edk_bcfiles/HardwareHandler.bc>:llvm.dbg.declare	</harden/bcfiles/edk_bcfiles/HardwareHandler.bc>:SetFanSpeed:!169	1
</harden/bcfiles/edk_bcfiles/HardwareHandler.bc>:SetFanSpeed:7	</harden/bcfiles/edk_bcfiles/HardwareHandler.bc>:llvm.dbg.declare	</harden/bcfiles/edk_bcfiles/HardwareHandler.bc>:SetFanSpeed:i64* %5	0
</harden/bcfiles/edk_bcfiles/HardwareHandler.bc>:SetFanSpeed:7	</harden/bcfiles/edk_bcfiles/HardwareHandler.bc>:llvm.dbg.declare	</harden/bcfiles/edk_bcfiles/HardwareHandler.bc>:SetFanSpeed:!DIExpression()	2
</harden/bcfiles/edk_bcfiles/HardwareHandler.bc>:SetFanSpeed:11	</harden/bcfiles/edk_bcfiles/HardwareHandler.bc>:IoWrite32	</harden/bcfiles/edk_bcfiles/HardwareHandler.bc>:SetFanSpeed:%9	1
</harden/bcfiles/edk_bcfiles/HardwareHandler.bc>:SetFanSpeed:11	</harden/bcfiles/edk_bcfiles/HardwareHandler.bc>:IoWrite32	</harden/bcfiles/edk_bcfiles/HardwareHandler.bc>:SetFanSpeed:11:1:11520	0
</harden/bcfiles/edk_bcfiles/HardwareHandler.bc>:SetFanSpeed:12	</harden/bcfiles/edk_bcfiles/HardwareHandler.bc>:IoWrite32	</harden/bcfiles/edk_bcfiles/HardwareHandler.bc>:SetFanSpeed:12:1:11524	0
</harden/bcfiles/edk_bcfiles/HardwareHandler.bc>:SetFanSpeed:12	</harden/bcfiles/edk_bcfiles/HardwareHandler.bc>:IoWrite32	</harden/bcfiles/edk_bcfiles/HardwareHandler.bc>:SetFanSpeed:12:2:1	1
</harden/bcfiles/edk_bcfiles/HardwareHandler.bc>:SetFanSpeed:16	</harden/bcfiles/edk_bcfiles/HardwareHandler.bc>:IoWrite32	</harden/bcfiles/edk_bcfiles/HardwareHandler.bc>:SetFanSpeed:%14	1
</harden/bcfiles/edk_bcfiles/HardwareHandler.bc>:SetFanSpeed:16	</harden/bcfiles/edk_bcfiles/HardwareHandler.bc>:IoWrite32	</harden/bcfiles/edk_bcfiles/HardwareHandler.bc>:SetFanSpeed:16:1:11528	0
</harden/bcfiles/edk_bcfiles/HardwareHandler.bc>:SetFanSpeed:17	</harden/bcfiles/edk_bcfiles/HardwareHandler.bc>:llvm.dbg.declare	</harden/bcfiles/edk_bcfiles/HardwareHandler.bc>:SetFanSpeed:!174	1
</harden/bcfiles/edk_bcfiles/HardwareHandler.bc>:SetFanSpeed:17	</harden/bcfiles/edk_bcfiles/HardwareHandler.bc>:llvm.dbg.declare	</harden/bcfiles/edk_bcfiles/HardwareHandler.bc>:SetFanSpeed:i32* %6	0
</harden/bcfiles/edk_bcfiles/HardwareHandler.bc>:SetFanSpeed:17	</harden/bcfiles/edk_bcfiles/HardwareHandler.bc>:llvm.dbg.declare	</harden/bcfiles/edk_bcfiles/HardwareHandler.bc>:SetFanSpeed:!DIExpression()	2
</harden/bcfiles/edk_bcfiles/HardwareHandler.bc>:SetFanSpeed:18	</harden/bcfiles/edk_bcfiles/HardwareHandler.bc>:IoRead32	</harden/bcfiles/edk_bcfiles/HardwareHandler.bc>:SetFanSpeed:18:1:11528	0
</harden/bcfiles/edk_bcfiles/HardwareHandler.bc>:GetFanSpeed:5	</harden/bcfiles/edk_bcfiles/HardwareHandler.bc>:llvm.dbg.declare	</harden/bcfiles/edk_bcfiles/HardwareHandler.bc>:GetFanSpeed:!DIExpression()	2
</harden/bcfiles/edk_bcfiles/HardwareHandler.bc>:GetFanSpeed:5	</harden/bcfiles/edk_bcfiles/HardwareHandler.bc>:llvm.dbg.declare	</harden/bcfiles/edk_bcfiles/HardwareHandler.bc>:GetFanSpeed:!186	1
</harden/bcfiles/edk_bcfiles/HardwareHandler.bc>:GetFanSpeed:5	</harden/bcfiles/edk_bcfiles/HardwareHandler.bc>:llvm.dbg.declare	</harden/bcfiles/edk_bcfiles/HardwareHandler.bc>:GetFanSpeed:i64* %4	0
</harden/bcfiles/edk_bcfiles/HardwareHandler.bc>:GetFanSpeed:7	</harden/bcfiles/edk_bcfiles/HardwareHandler.bc>:llvm.dbg.declare	</harden/bcfiles/edk_bcfiles/HardwareHandler.bc>:GetFanSpeed:i64** %5	0
</harden/bcfiles/edk_bcfiles/HardwareHandler.bc>:GetFanSpeed:7	</harden/bcfiles/edk_bcfiles/HardwareHandler.bc>:llvm.dbg.declare	</harden/bcfiles/edk_bcfiles/HardwareHandler.bc>:GetFanSpeed:!DIExpression()	2
</harden/bcfiles/edk_bcfiles/HardwareHandler.bc>:GetFanSpeed:7	</harden/bcfiles/edk_bcfiles/HardwareHandler.bc>:llvm.dbg.declare	</harden/bcfiles/edk_bcfiles/HardwareHandler.bc>:GetFanSpeed:!188	1
</harden/bcfiles/edk_bcfiles/HardwareHandler.bc>:GetFanSpeed:8	</harden/bcfiles/edk_bcfiles/HardwareHandler.bc>:llvm.dbg.declare	</harden/bcfiles/edk_bcfiles/HardwareHandler.bc>:GetFanSpeed:!190	1
</harden/bcfiles/edk_bcfiles/HardwareHandler.bc>:GetFanSpeed:8	</harden/bcfiles/edk_bcfiles/HardwareHandler.bc>:llvm.dbg.declare	</harden/bcfiles/edk_bcfiles/HardwareHandler.bc>:GetFanSpeed:i64* %6	0
</harden/bcfiles/edk_bcfiles/HardwareHandler.bc>:GetFanSpeed:8	</harden/bcfiles/edk_bcfiles/HardwareHandler.bc>:llvm.dbg.declare	</harden/bcfiles/edk_bcfiles/HardwareHandler.bc>:GetFanSpeed:!DIExpression()	2
</harden/bcfiles/edk_bcfiles/HardwareHandler.bc>:GetFanSpeed:13	</harden/bcfiles/edk_bcfiles/HardwareHandler.bc>:IoWrite32	</harden/bcfiles/edk_bcfiles/HardwareHandler.bc>:GetFanSpeed:%9	1
</harden/bcfiles/edk_bcfiles/HardwareHandler.bc>:GetFanSpeed:13	</harden/bcfiles/edk_bcfiles/HardwareHandler.bc>:IoWrite32	</harden/bcfiles/edk_bcfiles/HardwareHandler.bc>:GetFanSpeed:13:1:11520	0
</harden/bcfiles/edk_bcfiles/HardwareHandler.bc>:GetFanSpeed:14	</harden/bcfiles/edk_bcfiles/HardwareHandler.bc>:IoWrite32	</harden/bcfiles/edk_bcfiles/HardwareHandler.bc>:GetFanSpeed:14:1:11524	0
</harden/bcfiles/edk_bcfiles/HardwareHandler.bc>:GetFanSpeed:14	</harden/bcfiles/edk_bcfiles/HardwareHandler.bc>:IoWrite32	</harden/bcfiles/edk_bcfiles/HardwareHandler.bc>:GetFanSpeed:14:2:2	1
</harden/bcfiles/edk_bcfiles/HardwareHandler.bc>:GetFanSpeed:15	</harden/bcfiles/edk_bcfiles/HardwareHandler.bc>:IoRead32	</harden/bcfiles/edk_bcfiles/HardwareHandler.bc>:GetFanSpeed:15:1:11528	0
</harden/bcfiles/edk_bcfiles/HardwareHandler.bc>:SetFanMode:5	</harden/bcfiles/edk_bcfiles/HardwareHandler.bc>:llvm.dbg.declare	</harden/bcfiles/edk_bcfiles/HardwareHandler.bc>:SetFanMode:!DIExpression()	2
</harden/bcfiles/edk_bcfiles/HardwareHandler.bc>:SetFanMode:5	</harden/bcfiles/edk_bcfiles/HardwareHandler.bc>:llvm.dbg.declare	</harden/bcfiles/edk_bcfiles/HardwareHandler.bc>:SetFanMode:!203	1
</harden/bcfiles/edk_bcfiles/HardwareHandler.bc>:SetFanMode:5	</harden/bcfiles/edk_bcfiles/HardwareHandler.bc>:llvm.dbg.declare	</harden/bcfiles/edk_bcfiles/HardwareHandler.bc>:SetFanMode:i64* %4	0
</harden/bcfiles/edk_bcfiles/HardwareHandler.bc>:SetFanMode:7	</harden/bcfiles/edk_bcfiles/HardwareHandler.bc>:llvm.dbg.declare	</harden/bcfiles/edk_bcfiles/HardwareHandler.bc>:SetFanMode:i64* %5	0
</harden/bcfiles/edk_bcfiles/HardwareHandler.bc>:SetFanMode:7	</harden/bcfiles/edk_bcfiles/HardwareHandler.bc>:llvm.dbg.declare	</harden/bcfiles/edk_bcfiles/HardwareHandler.bc>:SetFanMode:!DIExpression()	2
</harden/bcfiles/edk_bcfiles/HardwareHandler.bc>:SetFanMode:7	</harden/bcfiles/edk_bcfiles/HardwareHandler.bc>:llvm.dbg.declare	</harden/bcfiles/edk_bcfiles/HardwareHandler.bc>:SetFanMode:!205	1
</harden/bcfiles/edk_bcfiles/HardwareHandler.bc>:SetFanMode:8	</harden/bcfiles/edk_bcfiles/HardwareHandler.bc>:llvm.dbg.declare	</harden/bcfiles/edk_bcfiles/HardwareHandler.bc>:SetFanMode:!207	1
</harden/bcfiles/edk_bcfiles/HardwareHandler.bc>:SetFanMode:8	</harden/bcfiles/edk_bcfiles/HardwareHandler.bc>:llvm.dbg.declare	</harden/bcfiles/edk_bcfiles/HardwareHandler.bc>:SetFanMode:i32* %6	0
</harden/bcfiles/edk_bcfiles/HardwareHandler.bc>:SetFanMode:8	</harden/bcfiles/edk_bcfiles/HardwareHandler.bc>:llvm.dbg.declare	</harden/bcfiles/edk_bcfiles/HardwareHandler.bc>:SetFanMode:!DIExpression()	2
</harden/bcfiles/edk_bcfiles/HardwareHandler.bc>:SetFanMode:12	</harden/bcfiles/edk_bcfiles/HardwareHandler.bc>:IoWrite32	</harden/bcfiles/edk_bcfiles/HardwareHandler.bc>:SetFanMode:%9	1
</harden/bcfiles/edk_bcfiles/HardwareHandler.bc>:SetFanMode:12	</harden/bcfiles/edk_bcfiles/HardwareHandler.bc>:IoWrite32	</harden/bcfiles/edk_bcfiles/HardwareHandler.bc>:SetFanMode:12:1:11520	0
</harden/bcfiles/edk_bcfiles/HardwareHandler.bc>:SetFanMode:13	</harden/bcfiles/edk_bcfiles/HardwareHandler.bc>:IoWrite32	</harden/bcfiles/edk_bcfiles/HardwareHandler.bc>:SetFanMode:13:1:11524	0
</harden/bcfiles/edk_bcfiles/HardwareHandler.bc>:SetFanMode:13	</harden/bcfiles/edk_bcfiles/HardwareHandler.bc>:IoWrite32	</harden/bcfiles/edk_bcfiles/HardwareHandler.bc>:SetFanMode:13:2:3	1
</harden/bcfiles/edk_bcfiles/HardwareHandler.bc>:SetFanMode:17	</harden/bcfiles/edk_bcfiles/HardwareHandler.bc>:IoWrite32	</harden/bcfiles/edk_bcfiles/HardwareHandler.bc>:SetFanMode:%14	1
</harden/bcfiles/edk_bcfiles/HardwareHandler.bc>:SetFanMode:17	</harden/bcfiles/edk_bcfiles/HardwareHandler.bc>:IoWrite32	</harden/bcfiles/edk_bcfiles/HardwareHandler.bc>:SetFanMode:17:1:11528	0
</harden/bcfiles/edk_bcfiles/HardwareHandler.bc>:SetFanMode:18	</harden/bcfiles/edk_bcfiles/HardwareHandler.bc>:IoRead32	</harden/bcfiles/edk_bcfiles/HardwareHandler.bc>:SetFanMode:18:1:11528	0
</harden/bcfiles/edk_bcfiles/HardwareHandler.bc>:GetFanStatus:5	</harden/bcfiles/edk_bcfiles/HardwareHandler.bc>:llvm.dbg.declare	</harden/bcfiles/edk_bcfiles/HardwareHandler.bc>:GetFanStatus:!DIExpression()	2
</harden/bcfiles/edk_bcfiles/HardwareHandler.bc>:GetFanStatus:5	</harden/bcfiles/edk_bcfiles/HardwareHandler.bc>:llvm.dbg.declare	</harden/bcfiles/edk_bcfiles/HardwareHandler.bc>:GetFanStatus:i64* %5	0
</harden/bcfiles/edk_bcfiles/HardwareHandler.bc>:GetFanStatus:5	</harden/bcfiles/edk_bcfiles/HardwareHandler.bc>:llvm.dbg.declare	</harden/bcfiles/edk_bcfiles/HardwareHandler.bc>:GetFanStatus:!222	1
</harden/bcfiles/edk_bcfiles/HardwareHandler.bc>:GetFanStatus:7	</harden/bcfiles/edk_bcfiles/HardwareHandler.bc>:llvm.dbg.declare	</harden/bcfiles/edk_bcfiles/HardwareHandler.bc>:GetFanStatus:!224	1
</harden/bcfiles/edk_bcfiles/HardwareHandler.bc>:GetFanStatus:7	</harden/bcfiles/edk_bcfiles/HardwareHandler.bc>:llvm.dbg.declare	</harden/bcfiles/edk_bcfiles/HardwareHandler.bc>:GetFanStatus:i64* %6	0
</harden/bcfiles/edk_bcfiles/HardwareHandler.bc>:GetFanStatus:7	</harden/bcfiles/edk_bcfiles/HardwareHandler.bc>:llvm.dbg.declare	</harden/bcfiles/edk_bcfiles/HardwareHandler.bc>:GetFanStatus:!DIExpression()	2
</harden/bcfiles/edk_bcfiles/HardwareHandler.bc>:GetFanStatus:9	</harden/bcfiles/edk_bcfiles/HardwareHandler.bc>:llvm.dbg.declare	</harden/bcfiles/edk_bcfiles/HardwareHandler.bc>:GetFanStatus:!226	1
</harden/bcfiles/edk_bcfiles/HardwareHandler.bc>:GetFanStatus:9	</harden/bcfiles/edk_bcfiles/HardwareHandler.bc>:llvm.dbg.declare	</harden/bcfiles/edk_bcfiles/HardwareHandler.bc>:GetFanStatus:!DIExpression()	2
</harden/bcfiles/edk_bcfiles/HardwareHandler.bc>:GetFanStatus:9	</harden/bcfiles/edk_bcfiles/HardwareHandler.bc>:llvm.dbg.declare	</harden/bcfiles/edk_bcfiles/HardwareHandler.bc>:GetFanStatus:i64** %7	0
</harden/bcfiles/edk_bcfiles/HardwareHandler.bc>:GetFanStatus:13	</harden/bcfiles/edk_bcfiles/HardwareHandler.bc>:IoWrite32	</harden/bcfiles/edk_bcfiles/HardwareHandler.bc>:GetFanStatus:%10	1
</harden/bcfiles/edk_bcfiles/HardwareHandler.bc>:GetFanStatus:13	</harden/bcfiles/edk_bcfiles/HardwareHandler.bc>:IoWrite32	</harden/bcfiles/edk_bcfiles/HardwareHandler.bc>:GetFanStatus:13:1:11520	0
</harden/bcfiles/edk_bcfiles/HardwareHandler.bc>:GetFanStatus:14	</harden/bcfiles/edk_bcfiles/HardwareHandler.bc>:IoWrite32	</harden/bcfiles/edk_bcfiles/HardwareHandler.bc>:GetFanStatus:14:1:11524	0
</harden/bcfiles/edk_bcfiles/HardwareHandler.bc>:GetFanStatus:14	</harden/bcfiles/edk_bcfiles/HardwareHandler.bc>:IoWrite32	</harden/bcfiles/edk_bcfiles/HardwareHandler.bc>:GetFanStatus:14:2:4	1
</harden/bcfiles/edk_bcfiles/HardwareHandler.bc>:GetFanStatus:18	</harden/bcfiles/edk_bcfiles/HardwareHandler.bc>:IoWrite32	</harden/bcfiles/edk_bcfiles/HardwareHandler.bc>:GetFanStatus:%15	1
</harden/bcfiles/edk_bcfiles/HardwareHandler.bc>:GetFanStatus:18	</harden/bcfiles/edk_bcfiles/HardwareHandler.bc>:IoWrite32	</harden/bcfiles/edk_bcfiles/HardwareHandler.bc>:GetFanStatus:18:1:11528	0
</harden/bcfiles/edk_bcfiles/HardwareHandler.bc>:GetFanStatus:19	</harden/bcfiles/edk_bcfiles/HardwareHandler.bc>:IoRead32	</harden/bcfiles/edk_bcfiles/HardwareHandler.bc>:GetFanStatus:19:1:11528	0
</harden/bcfiles/edk_bcfiles/HardwareHandler.bc>:SetLedColor:6	</harden/bcfiles/edk_bcfiles/HardwareHandler.bc>:llvm.dbg.declare	</harden/bcfiles/edk_bcfiles/HardwareHandler.bc>:SetLedColor:!DIExpression()	2
</harden/bcfiles/edk_bcfiles/HardwareHandler.bc>:SetLedColor:6	</harden/bcfiles/edk_bcfiles/HardwareHandler.bc>:llvm.dbg.declare	</harden/bcfiles/edk_bcfiles/HardwareHandler.bc>:SetLedColor:!239	1
</harden/bcfiles/edk_bcfiles/HardwareHandler.bc>:SetLedColor:6	</harden/bcfiles/edk_bcfiles/HardwareHandler.bc>:llvm.dbg.declare	</harden/bcfiles/edk_bcfiles/HardwareHandler.bc>:SetLedColor:i64* %4	0
</harden/bcfiles/edk_bcfiles/HardwareHandler.bc>:SetLedColor:8	</harden/bcfiles/edk_bcfiles/HardwareHandler.bc>:llvm.dbg.declare	</harden/bcfiles/edk_bcfiles/HardwareHandler.bc>:SetLedColor:i64* %5	0
</harden/bcfiles/edk_bcfiles/HardwareHandler.bc>:SetLedColor:8	</harden/bcfiles/edk_bcfiles/HardwareHandler.bc>:llvm.dbg.declare	</harden/bcfiles/edk_bcfiles/HardwareHandler.bc>:SetLedColor:!DIExpression()	2
</harden/bcfiles/edk_bcfiles/HardwareHandler.bc>:SetLedColor:8	</harden/bcfiles/edk_bcfiles/HardwareHandler.bc>:llvm.dbg.declare	</harden/bcfiles/edk_bcfiles/HardwareHandler.bc>:SetLedColor:!241	1
</harden/bcfiles/edk_bcfiles/HardwareHandler.bc>:SetLedColor:9	</harden/bcfiles/edk_bcfiles/HardwareHandler.bc>:llvm.dbg.declare	</harden/bcfiles/edk_bcfiles/HardwareHandler.bc>:SetLedColor:!243	1
</harden/bcfiles/edk_bcfiles/HardwareHandler.bc>:SetLedColor:9	</harden/bcfiles/edk_bcfiles/HardwareHandler.bc>:llvm.dbg.declare	</harden/bcfiles/edk_bcfiles/HardwareHandler.bc>:SetLedColor:!DIExpression()	2
</harden/bcfiles/edk_bcfiles/HardwareHandler.bc>:SetLedColor:9	</harden/bcfiles/edk_bcfiles/HardwareHandler.bc>:llvm.dbg.declare	</harden/bcfiles/edk_bcfiles/HardwareHandler.bc>:SetLedColor:i32* %6	0
</harden/bcfiles/edk_bcfiles/HardwareHandler.bc>:SetLedColor:17	</harden/bcfiles/edk_bcfiles/HardwareHandler.bc>:IoWrite32	</harden/bcfiles/edk_bcfiles/HardwareHandler.bc>:SetLedColor:%13	1
</harden/bcfiles/edk_bcfiles/HardwareHandler.bc>:SetLedColor:17	</harden/bcfiles/edk_bcfiles/HardwareHandler.bc>:IoWrite32	</harden/bcfiles/edk_bcfiles/HardwareHandler.bc>:SetLedColor:17:1:11008	0
</harden/bcfiles/edk_bcfiles/HardwareHandler.bc>:SetLedColor:18	</harden/bcfiles/edk_bcfiles/HardwareHandler.bc>:IoWrite32	</harden/bcfiles/edk_bcfiles/HardwareHandler.bc>:SetLedColor:18:1:11012	0
</harden/bcfiles/edk_bcfiles/HardwareHandler.bc>:SetLedColor:18	</harden/bcfiles/edk_bcfiles/HardwareHandler.bc>:IoWrite32	</harden/bcfiles/edk_bcfiles/HardwareHandler.bc>:SetLedColor:18:2:1	1
</harden/bcfiles/edk_bcfiles/HardwareHandler.bc>:SetLedColor:20	</harden/bcfiles/edk_bcfiles/HardwareHandler.bc>:IoWrite32	</harden/bcfiles/edk_bcfiles/HardwareHandler.bc>:SetLedColor:%16	1
</harden/bcfiles/edk_bcfiles/HardwareHandler.bc>:SetLedColor:20	</harden/bcfiles/edk_bcfiles/HardwareHandler.bc>:IoWrite32	</harden/bcfiles/edk_bcfiles/HardwareHandler.bc>:SetLedColor:20:1:11016	0
</harden/bcfiles/edk_bcfiles/HardwareHandler.bc>:SetLedColor:21	</harden/bcfiles/edk_bcfiles/HardwareHandler.bc>:llvm.dbg.declare	</harden/bcfiles/edk_bcfiles/HardwareHandler.bc>:SetLedColor:!248	1
</harden/bcfiles/edk_bcfiles/HardwareHandler.bc>:SetLedColor:21	</harden/bcfiles/edk_bcfiles/HardwareHandler.bc>:llvm.dbg.declare	</harden/bcfiles/edk_bcfiles/HardwareHandler.bc>:SetLedColor:i32* %7	0
</harden/bcfiles/edk_bcfiles/HardwareHandler.bc>:SetLedColor:21	</harden/bcfiles/edk_bcfiles/HardwareHandler.bc>:llvm.dbg.declare	</harden/bcfiles/edk_bcfiles/HardwareHandler.bc>:SetLedColor:!DIExpression()	2
</harden/bcfiles/edk_bcfiles/HardwareHandler.bc>:SetLedColor:22	</harden/bcfiles/edk_bcfiles/HardwareHandler.bc>:IoRead32	</harden/bcfiles/edk_bcfiles/HardwareHandler.bc>:SetLedColor:22:1:11016	0
</harden/bcfiles/edk_bcfiles/HardwareHandler.bc>:SetLedBrightness:6	</harden/bcfiles/edk_bcfiles/HardwareHandler.bc>:llvm.dbg.declare	</harden/bcfiles/edk_bcfiles/HardwareHandler.bc>:SetLedBrightness:!DIExpression()	2
</harden/bcfiles/edk_bcfiles/HardwareHandler.bc>:SetLedBrightness:6	</harden/bcfiles/edk_bcfiles/HardwareHandler.bc>:llvm.dbg.declare	</harden/bcfiles/edk_bcfiles/HardwareHandler.bc>:SetLedBrightness:!259	1
</harden/bcfiles/edk_bcfiles/HardwareHandler.bc>:SetLedBrightness:6	</harden/bcfiles/edk_bcfiles/HardwareHandler.bc>:llvm.dbg.declare	</harden/bcfiles/edk_bcfiles/HardwareHandler.bc>:SetLedBrightness:i64* %5	0
</harden/bcfiles/edk_bcfiles/HardwareHandler.bc>:SetLedBrightness:8	</harden/bcfiles/edk_bcfiles/HardwareHandler.bc>:llvm.dbg.declare	</harden/bcfiles/edk_bcfiles/HardwareHandler.bc>:SetLedBrightness:!261	1
</harden/bcfiles/edk_bcfiles/HardwareHandler.bc>:SetLedBrightness:8	</harden/bcfiles/edk_bcfiles/HardwareHandler.bc>:llvm.dbg.declare	</harden/bcfiles/edk_bcfiles/HardwareHandler.bc>:SetLedBrightness:i64* %6	0
</harden/bcfiles/edk_bcfiles/HardwareHandler.bc>:SetLedBrightness:8	</harden/bcfiles/edk_bcfiles/HardwareHandler.bc>:llvm.dbg.declare	</harden/bcfiles/edk_bcfiles/HardwareHandler.bc>:SetLedBrightness:!DIExpression()	2
</harden/bcfiles/edk_bcfiles/HardwareHandler.bc>:SetLedBrightness:10	</harden/bcfiles/edk_bcfiles/HardwareHandler.bc>:llvm.dbg.declare	</harden/bcfiles/edk_bcfiles/HardwareHandler.bc>:SetLedBrightness:!263	1
</harden/bcfiles/edk_bcfiles/HardwareHandler.bc>:SetLedBrightness:10	</harden/bcfiles/edk_bcfiles/HardwareHandler.bc>:llvm.dbg.declare	</harden/bcfiles/edk_bcfiles/HardwareHandler.bc>:SetLedBrightness:i64* %7	0
</harden/bcfiles/edk_bcfiles/HardwareHandler.bc>:SetLedBrightness:10	</harden/bcfiles/edk_bcfiles/HardwareHandler.bc>:llvm.dbg.declare	</harden/bcfiles/edk_bcfiles/HardwareHandler.bc>:SetLedBrightness:!DIExpression()	2
</harden/bcfiles/edk_bcfiles/HardwareHandler.bc>:SetLedBrightness:14	</harden/bcfiles/edk_bcfiles/HardwareHandler.bc>:IoWrite32	</harden/bcfiles/edk_bcfiles/HardwareHandler.bc>:SetLedBrightness:%11	1
</harden/bcfiles/edk_bcfiles/HardwareHandler.bc>:SetLedBrightness:14	</harden/bcfiles/edk_bcfiles/HardwareHandler.bc>:IoWrite32	</harden/bcfiles/edk_bcfiles/HardwareHandler.bc>:SetLedBrightness:14:1:11008	0
</harden/bcfiles/edk_bcfiles/HardwareHandler.bc>:SetLedBrightness:19	</harden/bcfiles/edk_bcfiles/HardwareHandler.bc>:IoWrite32	</harden/bcfiles/edk_bcfiles/HardwareHandler.bc>:SetLedBrightness:%16	1
</harden/bcfiles/edk_bcfiles/HardwareHandler.bc>:SetLedBrightness:19	</harden/bcfiles/edk_bcfiles/HardwareHandler.bc>:IoWrite32	</harden/bcfiles/edk_bcfiles/HardwareHandler.bc>:SetLedBrightness:19:1:11012	0
</harden/bcfiles/edk_bcfiles/HardwareHandler.bc>:SetLedBrightness:23	</harden/bcfiles/edk_bcfiles/HardwareHandler.bc>:IoWrite32	</harden/bcfiles/edk_bcfiles/HardwareHandler.bc>:SetLedBrightness:%20	1
</harden/bcfiles/edk_bcfiles/HardwareHandler.bc>:SetLedBrightness:23	</harden/bcfiles/edk_bcfiles/HardwareHandler.bc>:IoWrite32	</harden/bcfiles/edk_bcfiles/HardwareHandler.bc>:SetLedBrightness:23:1:11016	0
</harden/bcfiles/edk_bcfiles/HardwareHandler.bc>:SetLedBrightness:24	</harden/bcfiles/edk_bcfiles/HardwareHandler.bc>:llvm.dbg.declare	</harden/bcfiles/edk_bcfiles/HardwareHandler.bc>:SetLedBrightness:i32* %8	0
</harden/bcfiles/edk_bcfiles/HardwareHandler.bc>:SetLedBrightness:24	</harden/bcfiles/edk_bcfiles/HardwareHandler.bc>:llvm.dbg.declare	</harden/bcfiles/edk_bcfiles/HardwareHandler.bc>:SetLedBrightness:!268	1
</harden/bcfiles/edk_bcfiles/HardwareHandler.bc>:SetLedBrightness:24	</harden/bcfiles/edk_bcfiles/HardwareHandler.bc>:llvm.dbg.declare	</harden/bcfiles/edk_bcfiles/HardwareHandler.bc>:SetLedBrightness:!DIExpression()	2
</harden/bcfiles/edk_bcfiles/HardwareHandler.bc>:SetLedBrightness:25	</harden/bcfiles/edk_bcfiles/HardwareHandler.bc>:IoRead32	</harden/bcfiles/edk_bcfiles/HardwareHandler.bc>:SetLedBrightness:25:1:11016	0
</harden/bcfiles/edk_bcfiles/HardwareHandler.bc>:SetLedEffect:7	</harden/bcfiles/edk_bcfiles/HardwareHandler.bc>:llvm.dbg.declare	</harden/bcfiles/edk_bcfiles/HardwareHandler.bc>:SetLedEffect:!DIExpression()	2
</harden/bcfiles/edk_bcfiles/HardwareHandler.bc>:SetLedEffect:7	</harden/bcfiles/edk_bcfiles/HardwareHandler.bc>:llvm.dbg.declare	</harden/bcfiles/edk_bcfiles/HardwareHandler.bc>:SetLedEffect:!277	1
</harden/bcfiles/edk_bcfiles/HardwareHandler.bc>:SetLedEffect:7	</harden/bcfiles/edk_bcfiles/HardwareHandler.bc>:llvm.dbg.declare	</harden/bcfiles/edk_bcfiles/HardwareHandler.bc>:SetLedEffect:i64* %5	0
</harden/bcfiles/edk_bcfiles/HardwareHandler.bc>:SetLedEffect:9	</harden/bcfiles/edk_bcfiles/HardwareHandler.bc>:llvm.dbg.declare	</harden/bcfiles/edk_bcfiles/HardwareHandler.bc>:SetLedEffect:!279	1
</harden/bcfiles/edk_bcfiles/HardwareHandler.bc>:SetLedEffect:9	</harden/bcfiles/edk_bcfiles/HardwareHandler.bc>:llvm.dbg.declare	</harden/bcfiles/edk_bcfiles/HardwareHandler.bc>:SetLedEffect:i64* %6	0
</harden/bcfiles/edk_bcfiles/HardwareHandler.bc>:SetLedEffect:9	</harden/bcfiles/edk_bcfiles/HardwareHandler.bc>:llvm.dbg.declare	</harden/bcfiles/edk_bcfiles/HardwareHandler.bc>:SetLedEffect:!DIExpression()	2
</harden/bcfiles/edk_bcfiles/HardwareHandler.bc>:SetLedEffect:11	</harden/bcfiles/edk_bcfiles/HardwareHandler.bc>:llvm.dbg.declare	</harden/bcfiles/edk_bcfiles/HardwareHandler.bc>:SetLedEffect:!281	1
</harden/bcfiles/edk_bcfiles/HardwareHandler.bc>:SetLedEffect:11	</harden/bcfiles/edk_bcfiles/HardwareHandler.bc>:llvm.dbg.declare	</harden/bcfiles/edk_bcfiles/HardwareHandler.bc>:SetLedEffect:i64* %7	0
</harden/bcfiles/edk_bcfiles/HardwareHandler.bc>:SetLedEffect:11	</harden/bcfiles/edk_bcfiles/HardwareHandler.bc>:llvm.dbg.declare	</harden/bcfiles/edk_bcfiles/HardwareHandler.bc>:SetLedEffect:!DIExpression()	2
</harden/bcfiles/edk_bcfiles/HardwareHandler.bc>:SetLedEffect:12	</harden/bcfiles/edk_bcfiles/HardwareHandler.bc>:llvm.dbg.declare	</harden/bcfiles/edk_bcfiles/HardwareHandler.bc>:SetLedEffect:!283	1
</harden/bcfiles/edk_bcfiles/HardwareHandler.bc>:SetLedEffect:12	</harden/bcfiles/edk_bcfiles/HardwareHandler.bc>:llvm.dbg.declare	</harden/bcfiles/edk_bcfiles/HardwareHandler.bc>:SetLedEffect:!DIExpression()	2
</harden/bcfiles/edk_bcfiles/HardwareHandler.bc>:SetLedEffect:12	</harden/bcfiles/edk_bcfiles/HardwareHandler.bc>:llvm.dbg.declare	</harden/bcfiles/edk_bcfiles/HardwareHandler.bc>:SetLedEffect:i32* %8	0
</harden/bcfiles/edk_bcfiles/HardwareHandler.bc>:SetLedEffect:25	</harden/bcfiles/edk_bcfiles/HardwareHandler.bc>:IoWrite32	</harden/bcfiles/edk_bcfiles/HardwareHandler.bc>:SetLedEffect:%20	1
</harden/bcfiles/edk_bcfiles/HardwareHandler.bc>:SetLedEffect:25	</harden/bcfiles/edk_bcfiles/HardwareHandler.bc>:IoWrite32	</harden/bcfiles/edk_bcfiles/HardwareHandler.bc>:SetLedEffect:25:1:11008	0
</harden/bcfiles/edk_bcfiles/HardwareHandler.bc>:SetLedEffect:26	</harden/bcfiles/edk_bcfiles/HardwareHandler.bc>:IoWrite32	</harden/bcfiles/edk_bcfiles/HardwareHandler.bc>:SetLedEffect:26:1:11012	0
</harden/bcfiles/edk_bcfiles/HardwareHandler.bc>:SetLedEffect:26	</harden/bcfiles/edk_bcfiles/HardwareHandler.bc>:IoWrite32	</harden/bcfiles/edk_bcfiles/HardwareHandler.bc>:SetLedEffect:26:2:4	1
</harden/bcfiles/edk_bcfiles/HardwareHandler.bc>:SetLedEffect:28	</harden/bcfiles/edk_bcfiles/HardwareHandler.bc>:IoWrite32	</harden/bcfiles/edk_bcfiles/HardwareHandler.bc>:SetLedEffect:%23	1
</harden/bcfiles/edk_bcfiles/HardwareHandler.bc>:SetLedEffect:28	</harden/bcfiles/edk_bcfiles/HardwareHandler.bc>:IoWrite32	</harden/bcfiles/edk_bcfiles/HardwareHandler.bc>:SetLedEffect:28:1:11016	0
</harden/bcfiles/edk_bcfiles/HardwareHandler.bc>:SetLedEffect:29	</harden/bcfiles/edk_bcfiles/HardwareHandler.bc>:llvm.dbg.declare	</harden/bcfiles/edk_bcfiles/HardwareHandler.bc>:SetLedEffect:!288	1
</harden/bcfiles/edk_bcfiles/HardwareHandler.bc>:SetLedEffect:29	</harden/bcfiles/edk_bcfiles/HardwareHandler.bc>:llvm.dbg.declare	</harden/bcfiles/edk_bcfiles/HardwareHandler.bc>:SetLedEffect:i32* %9	0
</harden/bcfiles/edk_bcfiles/HardwareHandler.bc>:SetLedEffect:29	</harden/bcfiles/edk_bcfiles/HardwareHandler.bc>:llvm.dbg.declare	</harden/bcfiles/edk_bcfiles/HardwareHandler.bc>:SetLedEffect:!DIExpression()	2
</harden/bcfiles/edk_bcfiles/HardwareHandler.bc>:SetLedEffect:30	</harden/bcfiles/edk_bcfiles/HardwareHandler.bc>:IoRead32	</harden/bcfiles/edk_bcfiles/HardwareHandler.bc>:SetLedEffect:30:1:11016	0
</harden/bcfiles/edk_bcfiles/HardwareHandler.bc>:ResetLed:5	</harden/bcfiles/edk_bcfiles/HardwareHandler.bc>:llvm.dbg.declare	</harden/bcfiles/edk_bcfiles/HardwareHandler.bc>:ResetLed:!DIExpression()	2
</harden/bcfiles/edk_bcfiles/HardwareHandler.bc>:ResetLed:5	</harden/bcfiles/edk_bcfiles/HardwareHandler.bc>:llvm.dbg.declare	</harden/bcfiles/edk_bcfiles/HardwareHandler.bc>:ResetLed:!297	1
</harden/bcfiles/edk_bcfiles/HardwareHandler.bc>:ResetLed:5	</harden/bcfiles/edk_bcfiles/HardwareHandler.bc>:llvm.dbg.declare	</harden/bcfiles/edk_bcfiles/HardwareHandler.bc>:ResetLed:i64* %4	0
</harden/bcfiles/edk_bcfiles/HardwareHandler.bc>:ResetLed:7	</harden/bcfiles/edk_bcfiles/HardwareHandler.bc>:llvm.dbg.declare	</harden/bcfiles/edk_bcfiles/HardwareHandler.bc>:ResetLed:!299	1
</harden/bcfiles/edk_bcfiles/HardwareHandler.bc>:ResetLed:7	</harden/bcfiles/edk_bcfiles/HardwareHandler.bc>:llvm.dbg.declare	</harden/bcfiles/edk_bcfiles/HardwareHandler.bc>:ResetLed:i64* %5	0
</harden/bcfiles/edk_bcfiles/HardwareHandler.bc>:ResetLed:7	</harden/bcfiles/edk_bcfiles/HardwareHandler.bc>:llvm.dbg.declare	</harden/bcfiles/edk_bcfiles/HardwareHandler.bc>:ResetLed:!DIExpression()	2
</harden/bcfiles/edk_bcfiles/HardwareHandler.bc>:ResetLed:11	</harden/bcfiles/edk_bcfiles/HardwareHandler.bc>:IoWrite32	</harden/bcfiles/edk_bcfiles/HardwareHandler.bc>:ResetLed:%9	1
</harden/bcfiles/edk_bcfiles/HardwareHandler.bc>:ResetLed:11	</harden/bcfiles/edk_bcfiles/HardwareHandler.bc>:IoWrite32	</harden/bcfiles/edk_bcfiles/HardwareHandler.bc>:ResetLed:11:1:11008	0
</harden/bcfiles/edk_bcfiles/HardwareHandler.bc>:ResetLed:12	</harden/bcfiles/edk_bcfiles/HardwareHandler.bc>:IoWrite32	</harden/bcfiles/edk_bcfiles/HardwareHandler.bc>:ResetLed:12:1:11012	0
</harden/bcfiles/edk_bcfiles/HardwareHandler.bc>:ResetLed:12	</harden/bcfiles/edk_bcfiles/HardwareHandler.bc>:IoWrite32	</harden/bcfiles/edk_bcfiles/HardwareHandler.bc>:ResetLed:12:2:255	1
</harden/bcfiles/edk_bcfiles/HardwareHandler.bc>:ResetLed:13	</harden/bcfiles/edk_bcfiles/HardwareHandler.bc>:IoWrite32	</harden/bcfiles/edk_bcfiles/HardwareHandler.bc>:ResetLed:13:1:11016	0
</harden/bcfiles/edk_bcfiles/HardwareHandler.bc>:ResetLed:13	</harden/bcfiles/edk_bcfiles/HardwareHandler.bc>:IoWrite32	</harden/bcfiles/edk_bcfiles/HardwareHandler.bc>:ResetLed:13:2:255	1
</harden/bcfiles/edk_bcfiles/HardwareHandler.bc>:ResetLed:14	</harden/bcfiles/edk_bcfiles/HardwareHandler.bc>:llvm.dbg.declare	</harden/bcfiles/edk_bcfiles/HardwareHandler.bc>:ResetLed:!304	1
</harden/bcfiles/edk_bcfiles/HardwareHandler.bc>:ResetLed:14	</harden/bcfiles/edk_bcfiles/HardwareHandler.bc>:llvm.dbg.declare	</harden/bcfiles/edk_bcfiles/HardwareHandler.bc>:ResetLed:i32* %6	0
</harden/bcfiles/edk_bcfiles/HardwareHandler.bc>:ResetLed:14	</harden/bcfiles/edk_bcfiles/HardwareHandler.bc>:llvm.dbg.declare	</harden/bcfiles/edk_bcfiles/HardwareHandler.bc>:ResetLed:!DIExpression()	2
</harden/bcfiles/edk_bcfiles/HardwareHandler.bc>:ResetLed:15	</harden/bcfiles/edk_bcfiles/HardwareHandler.bc>:IoRead32	</harden/bcfiles/edk_bcfiles/HardwareHandler.bc>:ResetLed:15:1:11016	0
</harden/bcfiles/edk_bcfiles/HardwareHandler.bc>:GetTemperature:3	</harden/bcfiles/edk_bcfiles/HardwareHandler.bc>:llvm.dbg.declare	</harden/bcfiles/edk_bcfiles/HardwareHandler.bc>:GetTemperature:!DIExpression()	2
</harden/bcfiles/edk_bcfiles/HardwareHandler.bc>:GetTemperature:3	</harden/bcfiles/edk_bcfiles/HardwareHandler.bc>:llvm.dbg.declare	</harden/bcfiles/edk_bcfiles/HardwareHandler.bc>:GetTemperature:!313	1
</harden/bcfiles/edk_bcfiles/HardwareHandler.bc>:GetTemperature:3	</harden/bcfiles/edk_bcfiles/HardwareHandler.bc>:llvm.dbg.declare	</harden/bcfiles/edk_bcfiles/HardwareHandler.bc>:GetTemperature:i64* %3	0
</harden/bcfiles/edk_bcfiles/HardwareHandler.bc>:GetTemperature:5	</harden/bcfiles/edk_bcfiles/HardwareHandler.bc>:llvm.dbg.declare	</harden/bcfiles/edk_bcfiles/HardwareHandler.bc>:GetTemperature:i64** %4	0
</harden/bcfiles/edk_bcfiles/HardwareHandler.bc>:GetTemperature:5	</harden/bcfiles/edk_bcfiles/HardwareHandler.bc>:llvm.dbg.declare	</harden/bcfiles/edk_bcfiles/HardwareHandler.bc>:GetTemperature:!DIExpression()	2
</harden/bcfiles/edk_bcfiles/HardwareHandler.bc>:GetTemperature:5	</harden/bcfiles/edk_bcfiles/HardwareHandler.bc>:llvm.dbg.declare	</harden/bcfiles/edk_bcfiles/HardwareHandler.bc>:GetTemperature:!315	1
</harden/bcfiles/edk_bcfiles/HardwareHandler.bc>:GetTemperature:9	</harden/bcfiles/edk_bcfiles/HardwareHandler.bc>:IoWrite32	</harden/bcfiles/edk_bcfiles/HardwareHandler.bc>:GetTemperature:%7	1
</harden/bcfiles/edk_bcfiles/HardwareHandler.bc>:GetTemperature:9	</harden/bcfiles/edk_bcfiles/HardwareHandler.bc>:IoWrite32	</harden/bcfiles/edk_bcfiles/HardwareHandler.bc>:GetTemperature:9:1:11776	0
</harden/bcfiles/edk_bcfiles/HardwareHandler.bc>:GetTemperature:10	</harden/bcfiles/edk_bcfiles/HardwareHandler.bc>:IoWrite32	</harden/bcfiles/edk_bcfiles/HardwareHandler.bc>:GetTemperature:10:1:11780	0
</harden/bcfiles/edk_bcfiles/HardwareHandler.bc>:GetTemperature:10	</harden/bcfiles/edk_bcfiles/HardwareHandler.bc>:IoWrite32	</harden/bcfiles/edk_bcfiles/HardwareHandler.bc>:GetTemperature:10:2:1	1
</harden/bcfiles/edk_bcfiles/HardwareHandler.bc>:GetTemperature:11	</harden/bcfiles/edk_bcfiles/HardwareHandler.bc>:IoRead32	</harden/bcfiles/edk_bcfiles/HardwareHandler.bc>:GetTemperature:11:1:11784	0
</harden/bcfiles/edk_bcfiles/HardwareHandler.bc>:SetThreshold:3	</harden/bcfiles/edk_bcfiles/HardwareHandler.bc>:llvm.dbg.declare	</harden/bcfiles/edk_bcfiles/HardwareHandler.bc>:SetThreshold:!DIExpression()	2
</harden/bcfiles/edk_bcfiles/HardwareHandler.bc>:SetThreshold:3	</harden/bcfiles/edk_bcfiles/HardwareHandler.bc>:llvm.dbg.declare	</harden/bcfiles/edk_bcfiles/HardwareHandler.bc>:SetThreshold:!322	1
</harden/bcfiles/edk_bcfiles/HardwareHandler.bc>:SetThreshold:3	</harden/bcfiles/edk_bcfiles/HardwareHandler.bc>:llvm.dbg.declare	</harden/bcfiles/edk_bcfiles/HardwareHandler.bc>:SetThreshold:i64* %3	0
</harden/bcfiles/edk_bcfiles/HardwareHandler.bc>:SetThreshold:5	</harden/bcfiles/edk_bcfiles/HardwareHandler.bc>:llvm.dbg.declare	</harden/bcfiles/edk_bcfiles/HardwareHandler.bc>:SetThreshold:!324	1
</harden/bcfiles/edk_bcfiles/HardwareHandler.bc>:SetThreshold:5	</harden/bcfiles/edk_bcfiles/HardwareHandler.bc>:llvm.dbg.declare	</harden/bcfiles/edk_bcfiles/HardwareHandler.bc>:SetThreshold:i64* %4	0
</harden/bcfiles/edk_bcfiles/HardwareHandler.bc>:SetThreshold:5	</harden/bcfiles/edk_bcfiles/HardwareHandler.bc>:llvm.dbg.declare	</harden/bcfiles/edk_bcfiles/HardwareHandler.bc>:SetThreshold:!DIExpression()	2
</harden/bcfiles/edk_bcfiles/HardwareHandler.bc>:SetThreshold:9	</harden/bcfiles/edk_bcfiles/HardwareHandler.bc>:IoWrite32	</harden/bcfiles/edk_bcfiles/HardwareHandler.bc>:SetThreshold:%7	1
</harden/bcfiles/edk_bcfiles/HardwareHandler.bc>:SetThreshold:9	</harden/bcfiles/edk_bcfiles/HardwareHandler.bc>:IoWrite32	</harden/bcfiles/edk_bcfiles/HardwareHandler.bc>:SetThreshold:9:1:11776	0
</harden/bcfiles/edk_bcfiles/HardwareHandler.bc>:SetThreshold:10	</harden/bcfiles/edk_bcfiles/HardwareHandler.bc>:IoWrite32	</harden/bcfiles/edk_bcfiles/HardwareHandler.bc>:SetThreshold:10:1:11780	0
</harden/bcfiles/edk_bcfiles/HardwareHandler.bc>:SetThreshold:10	</harden/bcfiles/edk_bcfiles/HardwareHandler.bc>:IoWrite32	</harden/bcfiles/edk_bcfiles/HardwareHandler.bc>:SetThreshold:10:2:2	1
</harden/bcfiles/edk_bcfiles/HardwareHandler.bc>:SetThreshold:14	</harden/bcfiles/edk_bcfiles/HardwareHandler.bc>:IoWrite32	</harden/bcfiles/edk_bcfiles/HardwareHandler.bc>:SetThreshold:%12	1
</harden/bcfiles/edk_bcfiles/HardwareHandler.bc>:SetThreshold:14	</harden/bcfiles/edk_bcfiles/HardwareHandler.bc>:IoWrite32	</harden/bcfiles/edk_bcfiles/HardwareHandler.bc>:SetThreshold:14:1:11784	0
</harden/bcfiles/edk_bcfiles/HardwareHandler.bc>:GetSensorStatus:4	</harden/bcfiles/edk_bcfiles/HardwareHandler.bc>:llvm.dbg.declare	</harden/bcfiles/edk_bcfiles/HardwareHandler.bc>:GetSensorStatus:!DIExpression()	2
</harden/bcfiles/edk_bcfiles/HardwareHandler.bc>:GetSensorStatus:4	</harden/bcfiles/edk_bcfiles/HardwareHandler.bc>:llvm.dbg.declare	</harden/bcfiles/edk_bcfiles/HardwareHandler.bc>:GetSensorStatus:i64* %3	0
</harden/bcfiles/edk_bcfiles/HardwareHandler.bc>:GetSensorStatus:4	</harden/bcfiles/edk_bcfiles/HardwareHandler.bc>:llvm.dbg.declare	</harden/bcfiles/edk_bcfiles/HardwareHandler.bc>:GetSensorStatus:!331	1
</harden/bcfiles/edk_bcfiles/HardwareHandler.bc>:GetSensorStatus:6	</harden/bcfiles/edk_bcfiles/HardwareHandler.bc>:llvm.dbg.declare	</harden/bcfiles/edk_bcfiles/HardwareHandler.bc>:GetSensorStatus:!333	1
</harden/bcfiles/edk_bcfiles/HardwareHandler.bc>:GetSensorStatus:6	</harden/bcfiles/edk_bcfiles/HardwareHandler.bc>:llvm.dbg.declare	</harden/bcfiles/edk_bcfiles/HardwareHandler.bc>:GetSensorStatus:i64** %4	0
</harden/bcfiles/edk_bcfiles/HardwareHandler.bc>:GetSensorStatus:6	</harden/bcfiles/edk_bcfiles/HardwareHandler.bc>:llvm.dbg.declare	</harden/bcfiles/edk_bcfiles/HardwareHandler.bc>:GetSensorStatus:!DIExpression()	2
</harden/bcfiles/edk_bcfiles/HardwareHandler.bc>:GetSensorStatus:7	</harden/bcfiles/edk_bcfiles/HardwareHandler.bc>:llvm.dbg.declare	</harden/bcfiles/edk_bcfiles/HardwareHandler.bc>:GetSensorStatus:!335	1
</harden/bcfiles/edk_bcfiles/HardwareHandler.bc>:GetSensorStatus:7	</harden/bcfiles/edk_bcfiles/HardwareHandler.bc>:llvm.dbg.declare	</harden/bcfiles/edk_bcfiles/HardwareHandler.bc>:GetSensorStatus:i8* %5	0
</harden/bcfiles/edk_bcfiles/HardwareHandler.bc>:GetSensorStatus:7	</harden/bcfiles/edk_bcfiles/HardwareHandler.bc>:llvm.dbg.declare	</harden/bcfiles/edk_bcfiles/HardwareHandler.bc>:GetSensorStatus:!DIExpression()	2
</harden/bcfiles/edk_bcfiles/HardwareHandler.bc>:GetSensorStatus:11	</harden/bcfiles/edk_bcfiles/HardwareHandler.bc>:IoWrite32	</harden/bcfiles/edk_bcfiles/HardwareHandler.bc>:GetSensorStatus:%8	1
</harden/bcfiles/edk_bcfiles/HardwareHandler.bc>:GetSensorStatus:11	</harden/bcfiles/edk_bcfiles/HardwareHandler.bc>:IoWrite32	</harden/bcfiles/edk_bcfiles/HardwareHandler.bc>:GetSensorStatus:11:1:11776	0
</harden/bcfiles/edk_bcfiles/HardwareHandler.bc>:GetSensorStatus:12	</harden/bcfiles/edk_bcfiles/HardwareHandler.bc>:IoWrite32	</harden/bcfiles/edk_bcfiles/HardwareHandler.bc>:GetSensorStatus:12:1:11780	0
</harden/bcfiles/edk_bcfiles/HardwareHandler.bc>:GetSensorStatus:12	</harden/bcfiles/edk_bcfiles/HardwareHandler.bc>:IoWrite32	</harden/bcfiles/edk_bcfiles/HardwareHandler.bc>:GetSensorStatus:12:2:3	1
</harden/bcfiles/edk_bcfiles/HardwareHandler.bc>:GetSensorStatus:13	</harden/bcfiles/edk_bcfiles/HardwareHandler.bc>:IoRead32	</harden/bcfiles/edk_bcfiles/HardwareHandler.bc>:GetSensorStatus:13:1:11784	0
</harden/bcfiles/edk_bcfiles/HardwareHandler.bc>:ResetSensor:3	</harden/bcfiles/edk_bcfiles/HardwareHandler.bc>:llvm.dbg.declare	</harden/bcfiles/edk_bcfiles/HardwareHandler.bc>:ResetSensor:!DIExpression()	2
</harden/bcfiles/edk_bcfiles/HardwareHandler.bc>:ResetSensor:3	</harden/bcfiles/edk_bcfiles/HardwareHandler.bc>:llvm.dbg.declare	</harden/bcfiles/edk_bcfiles/HardwareHandler.bc>:ResetSensor:!343	1
</harden/bcfiles/edk_bcfiles/HardwareHandler.bc>:ResetSensor:3	</harden/bcfiles/edk_bcfiles/HardwareHandler.bc>:llvm.dbg.declare	</harden/bcfiles/edk_bcfiles/HardwareHandler.bc>:ResetSensor:i64* %3	0
</harden/bcfiles/edk_bcfiles/HardwareHandler.bc>:ResetSensor:5	</harden/bcfiles/edk_bcfiles/HardwareHandler.bc>:llvm.dbg.declare	</harden/bcfiles/edk_bcfiles/HardwareHandler.bc>:ResetSensor:!345	1
</harden/bcfiles/edk_bcfiles/HardwareHandler.bc>:ResetSensor:5	</harden/bcfiles/edk_bcfiles/HardwareHandler.bc>:llvm.dbg.declare	</harden/bcfiles/edk_bcfiles/HardwareHandler.bc>:ResetSensor:!DIExpression()	2
</harden/bcfiles/edk_bcfiles/HardwareHandler.bc>:ResetSensor:5	</harden/bcfiles/edk_bcfiles/HardwareHandler.bc>:llvm.dbg.declare	</harden/bcfiles/edk_bcfiles/HardwareHandler.bc>:ResetSensor:i64* %4	0
</harden/bcfiles/edk_bcfiles/HardwareHandler.bc>:ResetSensor:9	</harden/bcfiles/edk_bcfiles/HardwareHandler.bc>:IoWrite32	</harden/bcfiles/edk_bcfiles/HardwareHandler.bc>:ResetSensor:%7	1
</harden/bcfiles/edk_bcfiles/HardwareHandler.bc>:ResetSensor:9	</harden/bcfiles/edk_bcfiles/HardwareHandler.bc>:IoWrite32	</harden/bcfiles/edk_bcfiles/HardwareHandler.bc>:ResetSensor:9:1:11776	0
</harden/bcfiles/edk_bcfiles/HardwareHandler.bc>:ResetSensor:10	</harden/bcfiles/edk_bcfiles/HardwareHandler.bc>:IoWrite32	</harden/bcfiles/edk_bcfiles/HardwareHandler.bc>:ResetSensor:10:1:11780	0
</harden/bcfiles/edk_bcfiles/HardwareHandler.bc>:ResetSensor:10	</harden/bcfiles/edk_bcfiles/HardwareHandler.bc>:IoWrite32	</harden/bcfiles/edk_bcfiles/HardwareHandler.bc>:ResetSensor:10:2:4	1
</harden/bcfiles/edk_bcfiles/HardwareHandler.bc>:ResetSensor:11	</harden/bcfiles/edk_bcfiles/HardwareHandler.bc>:IoRead32	</harden/bcfiles/edk_bcfiles/HardwareHandler.bc>:ResetSensor:11:1:11784	0
</harden/bcfiles/edk_bcfiles/HardwareHandler.bc>:ResetSensor:16	</harden/bcfiles/edk_bcfiles/HardwareHandler.bc>:IoWrite32	</harden/bcfiles/edk_bcfiles/HardwareHandler.bc>:ResetSensor:%14	1
</harden/bcfiles/edk_bcfiles/HardwareHandler.bc>:ResetSensor:16	</harden/bcfiles/edk_bcfiles/HardwareHandler.bc>:IoWrite32	</harden/bcfiles/edk_bcfiles/HardwareHandler.bc>:ResetSensor:16:1:11784	0
</harden/bcfiles/edk_bcfiles/HardwareHandler.bc>:HardwareHandlerCheckLicense:3	</harden/bcfiles/edk_bcfiles/HardwareHandler.bc>:llvm.dbg.declare	</harden/bcfiles/edk_bcfiles/HardwareHandler.bc>:HardwareHandlerCheckLicense:!DIExpression()	2
</harden/bcfiles/edk_bcfiles/HardwareHandler.bc>:HardwareHandlerCheckLicense:3	</harden/bcfiles/edk_bcfiles/HardwareHandler.bc>:llvm.dbg.declare	</harden/bcfiles/edk_bcfiles/HardwareHandler.bc>:HardwareHandlerCheckLicense:!354	1
</harden/bcfiles/edk_bcfiles/HardwareHandler.bc>:HardwareHandlerCheckLicense:3	</harden/bcfiles/edk_bcfiles/HardwareHandler.bc>:llvm.dbg.declare	</harden/bcfiles/edk_bcfiles/HardwareHandler.bc>:HardwareHandlerCheckLicense:i64* %2	0
</harden/bcfiles/edk_bcfiles/HardwareHandler.bc>:HardwareHandlerCheckLicense:4	</harden/bcfiles/edk_bcfiles/HardwareHandler.bc>:llvm.dbg.declare	</harden/bcfiles/edk_bcfiles/HardwareHandler.bc>:HardwareHandlerCheckLicense:!356	1
</harden/bcfiles/edk_bcfiles/HardwareHandler.bc>:HardwareHandlerCheckLicense:4	</harden/bcfiles/edk_bcfiles/HardwareHandler.bc>:llvm.dbg.declare	</harden/bcfiles/edk_bcfiles/HardwareHandler.bc>:HardwareHandlerCheckLicense:[64 x i8]* %3	0
</harden/bcfiles/edk_bcfiles/HardwareHandler.bc>:HardwareHandlerCheckLicense:4	</harden/bcfiles/edk_bcfiles/HardwareHandler.bc>:llvm.dbg.declare	</harden/bcfiles/edk_bcfiles/HardwareHandler.bc>:HardwareHandlerCheckLicense:!DIExpression()	2
</harden/bcfiles/edk_bcfiles/HardwareHandler.bc>:HardwareHandlerCheckLicense:6	</harden/bcfiles/edk_bcfiles/HardwareHandler.bc>:llvm.memset.p0i8.i64	</harden/bcfiles/edk_bcfiles/HardwareHandler.bc>:HardwareHandlerCheckLicense:%4	0
</harden/bcfiles/edk_bcfiles/HardwareHandler.bc>:HardwareHandlerCheckLicense:6	</harden/bcfiles/edk_bcfiles/HardwareHandler.bc>:llvm.memset.p0i8.i64	</harden/bcfiles/edk_bcfiles/HardwareHandler.bc>:HardwareHandlerCheckLicense:6:1:0	1
</harden/bcfiles/edk_bcfiles/HardwareHandler.bc>:HardwareHandlerCheckLicense:6	</harden/bcfiles/edk_bcfiles/HardwareHandler.bc>:llvm.memset.p0i8.i64	</harden/bcfiles/edk_bcfiles/HardwareHandler.bc>:HardwareHandlerCheckLicense:6:2:64	2
</harden/bcfiles/edk_bcfiles/HardwareHandler.bc>:HardwareHandlerCheckLicense:6	</harden/bcfiles/edk_bcfiles/HardwareHandler.bc>:llvm.memset.p0i8.i64	</harden/bcfiles/edk_bcfiles/HardwareHandler.bc>:HardwareHandlerCheckLicense:6:3:false	3
</harden/bcfiles/edk_bcfiles/HardwareHandler.bc>:HardwareHandlerCheckLicense:21	</harden/bcfiles/edk_bcfiles/HardwareHandler.bc>:DebugPrintLevelEnabled	</harden/bcfiles/edk_bcfiles/HardwareHandler.bc>:HardwareHandlerCheckLicense:21:1:2147483648	0
</harden/bcfiles/edk_bcfiles/HardwareHandler.bc>:HardwareHandlerCheckLicense:24	</harden/bcfiles/edk_bcfiles/HardwareHandler.bc>:DebugPrint	</harden/bcfiles/edk_bcfiles/HardwareHandler.bc>:HardwareHandlerCheckLicense:24:1:2147483648	0
</harden/bcfiles/edk_bcfiles/HardwareHandler.bc>:HardwareHandlerCheckLicense:24	</harden/bcfiles/edk_bcfiles/HardwareHandler.bc>:DebugPrint	</harden/bcfiles/edk_bcfiles/HardwareHandler.bc>:HardwareHandlerCheckLicense:24:2:getelementptr inbounds ([53 x i8], [53 x i8]* @.str, i64 0, i64 0)	1
</harden/bcfiles/edk_bcfiles/HardwareHandler.bc>:HardwareHandlerCheckLicense:24	</harden/bcfiles/edk_bcfiles/HardwareHandler.bc>:DebugPrint	</harden/bcfiles/edk_bcfiles/HardwareHandler.bc>:HardwareHandlerCheckLicense:24:6:getelementptr inbounds ([28 x i8], [28 x i8]* @__func__.HardwareHandlerCheckLicense, i64 0, i64 0)	2
</harden/bcfiles/edk_bcfiles/HardwareHandler.bc>:HardwareHandlerCheckLicense:46	</harden/bcfiles/edk_bcfiles/HardwareHandler.bc>:DebugPrintLevelEnabled	</harden/bcfiles/edk_bcfiles/HardwareHandler.bc>:HardwareHandlerCheckLicense:46:1:64	0
</harden/bcfiles/edk_bcfiles/HardwareHandler.bc>:HardwareHandlerCheckLicense:49	</harden/bcfiles/edk_bcfiles/HardwareHandler.bc>:DebugPrint	</harden/bcfiles/edk_bcfiles/HardwareHandler.bc>:HardwareHandlerCheckLicense:49:1:64	0
</harden/bcfiles/edk_bcfiles/HardwareHandler.bc>:HardwareHandlerCheckLicense:49	</harden/bcfiles/edk_bcfiles/HardwareHandler.bc>:DebugPrint	</harden/bcfiles/edk_bcfiles/HardwareHandler.bc>:HardwareHandlerCheckLicense:49:2:getelementptr inbounds ([30 x i8], [30 x i8]* @.str.1, i64 0, i64 0)	1
</harden/bcfiles/edk_bcfiles/HardwareHandler.bc>:HardwareHandlerCheckLicense:49	</harden/bcfiles/edk_bcfiles/HardwareHandler.bc>:DebugPrint	</harden/bcfiles/edk_bcfiles/HardwareHandler.bc>:HardwareHandlerCheckLicense:49:6:getelementptr inbounds ([28 x i8], [28 x i8]* @__func__.HardwareHandlerCheckLicense, i64 0, i64 0)	2
</harden/bcfiles/edk_bcfiles/HardwareHandler.bc>:HardwareHandlerEntryPoint:9	</harden/bcfiles/edk_bcfiles/HardwareHandler.bc>:llvm.dbg.declare	</harden/bcfiles/edk_bcfiles/HardwareHandler.bc>:HardwareHandlerEntryPoint:!DIExpression()	2
</harden/bcfiles/edk_bcfiles/HardwareHandler.bc>:HardwareHandlerEntryPoint:9	</harden/bcfiles/edk_bcfiles/HardwareHandler.bc>:llvm.dbg.declare	</harden/bcfiles/edk_bcfiles/HardwareHandler.bc>:HardwareHandlerEntryPoint:!902	1
</harden/bcfiles/edk_bcfiles/HardwareHandler.bc>:HardwareHandlerEntryPoint:9	</harden/bcfiles/edk_bcfiles/HardwareHandler.bc>:llvm.dbg.declare	</harden/bcfiles/edk_bcfiles/HardwareHandler.bc>:HardwareHandlerEntryPoint:i8** %4	0
</harden/bcfiles/edk_bcfiles/HardwareHandler.bc>:HardwareHandlerEntryPoint:11	</harden/bcfiles/edk_bcfiles/HardwareHandler.bc>:llvm.dbg.declare	</harden/bcfiles/edk_bcfiles/HardwareHandler.bc>:HardwareHandlerEntryPoint:%struct.EFI_SYSTEM_TABLE** %5	0
</harden/bcfiles/edk_bcfiles/HardwareHandler.bc>:HardwareHandlerEntryPoint:11	</harden/bcfiles/edk_bcfiles/HardwareHandler.bc>:llvm.dbg.declare	</harden/bcfiles/edk_bcfiles/HardwareHandler.bc>:HardwareHandlerEntryPoint:!DIExpression()	2
</harden/bcfiles/edk_bcfiles/HardwareHandler.bc>:HardwareHandlerEntryPoint:11	</harden/bcfiles/edk_bcfiles/HardwareHandler.bc>:llvm.dbg.declare	</harden/bcfiles/edk_bcfiles/HardwareHandler.bc>:HardwareHandlerEntryPoint:!904	1
</harden/bcfiles/edk_bcfiles/HardwareHandler.bc>:HardwareHandlerEntryPoint:12	</harden/bcfiles/edk_bcfiles/HardwareHandler.bc>:llvm.dbg.declare	</harden/bcfiles/edk_bcfiles/HardwareHandler.bc>:HardwareHandlerEntryPoint:!DIExpression()	2
</harden/bcfiles/edk_bcfiles/HardwareHandler.bc>:HardwareHandlerEntryPoint:12	</harden/bcfiles/edk_bcfiles/HardwareHandler.bc>:llvm.dbg.declare	</harden/bcfiles/edk_bcfiles/HardwareHandler.bc>:HardwareHandlerEntryPoint:!906	1
</harden/bcfiles/edk_bcfiles/HardwareHandler.bc>:HardwareHandlerEntryPoint:12	</harden/bcfiles/edk_bcfiles/HardwareHandler.bc>:llvm.dbg.declare	</harden/bcfiles/edk_bcfiles/HardwareHandler.bc>:HardwareHandlerEntryPoint:i64* %6	0
</harden/bcfiles/edk_bcfiles/HardwareHandler.bc>:HardwareHandlerEntryPoint:13	</harden/bcfiles/edk_bcfiles/HardwareHandler.bc>:llvm.dbg.declare	</harden/bcfiles/edk_bcfiles/HardwareHandler.bc>:HardwareHandlerEntryPoint:%struct._FAN_CONTROLLER_PROTOCOL** %7	0
</harden/bcfiles/edk_bcfiles/HardwareHandler.bc>:HardwareHandlerEntryPoint:13	</harden/bcfiles/edk_bcfiles/HardwareHandler.bc>:llvm.dbg.declare	</harden/bcfiles/edk_bcfiles/HardwareHandler.bc>:HardwareHandlerEntryPoint:!DIExpression()	2
</harden/bcfiles/edk_bcfiles/HardwareHandler.bc>:HardwareHandlerEntryPoint:13	</harden/bcfiles/edk_bcfiles/HardwareHandler.bc>:llvm.dbg.declare	</harden/bcfiles/edk_bcfiles/HardwareHandler.bc>:HardwareHandlerEntryPoint:!908	1
</harden/bcfiles/edk_bcfiles/HardwareHandler.bc>:HardwareHandlerEntryPoint:14	</harden/bcfiles/edk_bcfiles/HardwareHandler.bc>:llvm.dbg.declare	</harden/bcfiles/edk_bcfiles/HardwareHandler.bc>:HardwareHandlerEntryPoint:%struct._THERMAL_SENSOR_PROTOCOL** %8	0
</harden/bcfiles/edk_bcfiles/HardwareHandler.bc>:HardwareHandlerEntryPoint:14	</harden/bcfiles/edk_bcfiles/HardwareHandler.bc>:llvm.dbg.declare	</harden/bcfiles/edk_bcfiles/HardwareHandler.bc>:HardwareHandlerEntryPoint:!927	1
</harden/bcfiles/edk_bcfiles/HardwareHandler.bc>:HardwareHandlerEntryPoint:14	</harden/bcfiles/edk_bcfiles/HardwareHandler.bc>:llvm.dbg.declare	</harden/bcfiles/edk_bcfiles/HardwareHandler.bc>:HardwareHandlerEntryPoint:!DIExpression()	2
</harden/bcfiles/edk_bcfiles/HardwareHandler.bc>:HardwareHandlerEntryPoint:15	</harden/bcfiles/edk_bcfiles/HardwareHandler.bc>:llvm.dbg.declare	</harden/bcfiles/edk_bcfiles/HardwareHandler.bc>:HardwareHandlerEntryPoint:%struct._LED_CONTROLLER_PROTOCOL** %9	0
</harden/bcfiles/edk_bcfiles/HardwareHandler.bc>:HardwareHandlerEntryPoint:15	</harden/bcfiles/edk_bcfiles/HardwareHandler.bc>:llvm.dbg.declare	</harden/bcfiles/edk_bcfiles/HardwareHandler.bc>:HardwareHandlerEntryPoint:!DIExpression()	2
</harden/bcfiles/edk_bcfiles/HardwareHandler.bc>:HardwareHandlerEntryPoint:15	</harden/bcfiles/edk_bcfiles/HardwareHandler.bc>:llvm.dbg.declare	</harden/bcfiles/edk_bcfiles/HardwareHandler.bc>:HardwareHandlerEntryPoint:!943	1
</harden/bcfiles/edk_bcfiles/HardwareHandler.bc>:HardwareHandlerEntryPoint:16	</harden/bcfiles/edk_bcfiles/HardwareHandler.bc>:llvm.dbg.declare	</harden/bcfiles/edk_bcfiles/HardwareHandler.bc>:HardwareHandlerEntryPoint:!959	1
</harden/bcfiles/edk_bcfiles/HardwareHandler.bc>:HardwareHandlerEntryPoint:16	</harden/bcfiles/edk_bcfiles/HardwareHandler.bc>:llvm.dbg.declare	</harden/bcfiles/edk_bcfiles/HardwareHandler.bc>:HardwareHandlerEntryPoint:i8** %10	0
</harden/bcfiles/edk_bcfiles/HardwareHandler.bc>:HardwareHandlerEntryPoint:16	</harden/bcfiles/edk_bcfiles/HardwareHandler.bc>:llvm.dbg.declare	</harden/bcfiles/edk_bcfiles/HardwareHandler.bc>:HardwareHandlerEntryPoint:!DIExpression()	2
