*argv-alloc	i8**
*global_alloc@GetButtonState	i64 (i64, i64*)
*global_alloc@SetButtonLock	i64 (i64, i64)
*global_alloc@TriggerButtonAction	i64 (i64, i64)
*global_alloc@ResetButtonState	i64 (i64, i64)
*global_alloc@SetFanSpeed	i64 (i64, i64)
*global_alloc@GetFanSpeed	i64 (i64, i64*)
*global_alloc@SetFanMode	i64 (i64, i64)
*global_alloc@GetFanStatus	i64 (i64, i64, i64*)
*global_alloc@SetLedColor	i64 (i64, i64)
*global_alloc@SetLedBrightness	i64 (i64, i64, i64)
*global_alloc@SetLedEffect	i64 (i64, i64, i64)
*global_alloc@ResetLed	i64 (i64, i64)
*global_alloc@GetTemperature	i64 (i64, i64*)
*global_alloc@SetThreshold	i64 (i64, i64)
*global_alloc@GetSensorStatus	i64 (i64, i64*)
*global_alloc@ResetSensor	i64 (i64, i64)
*global_alloc@HardwareHandlerCheckLicense	i64 ()
*global_alloc@HardwareHandlerEntryPoint	i64 (i8*, %struct.EFI_SYSTEM_TABLE*)
*global_alloc@llvm.dbg.declare	void (metadata, metadata, metadata)
*global_alloc@IoWrite32	i32 (i64, i32)
*global_alloc@IoRead32	i32 (i64)
*global_alloc@llvm.memset.p0i8.i64	void (i8*, i8, i64, i1)
*global_alloc@DebugPrintEnabled	i8 ()
*global_alloc@DebugPrintLevelEnabled	i8 (i64)
*global_alloc@DebugPrint	void (i64, i8*, ...)
*global_alloc@mHardwareManagerLicenseProtocol	%struct._HARDWARE_MANAGER_LICENSE_PROTOCOL*
*global_alloc@.str	[53 x i8]
*global_alloc@__func__.HardwareHandlerCheckLicense	[28 x i8]
*global_alloc@.str.1	[30 x i8]
*global_alloc@gSmst	%struct._EFI_SMM_SYSTEM_TABLE2*
*global_alloc@gEfiHardwareLicenseProtocolGuid	%struct.GUID
*global_alloc@gEfiFanControllerProtocolGuid	%struct.GUID
*global_alloc@gEfiLedControllerProtocolGuid	%struct.GUID
*global_alloc@gEfiThermalSensorProtocolGuid	%struct.GUID
*global_alloc@mHardwareHandlerReady	%struct._NOTIFY_PROTOCOL_READY_PROTOCOL
*global_alloc@gEfiHardwareHandlerReadyProtocolGuid	%struct.GUID
*argv-alloc[*]	i8**
*global_alloc@mHardwareManagerLicenseProtocol[*]	%struct._HARDWARE_MANAGER_LICENSE_PROTOCOL*
*global_alloc@.str[*]	[53 x i8]
*global_alloc@__func__.HardwareHandlerCheckLicense[*]	[28 x i8]
*global_alloc@.str.1[*]	[30 x i8]
*global_alloc@gSmst[*]	%struct._EFI_SMM_SYSTEM_TABLE2*
*global_alloc@gEfiHardwareLicenseProtocolGuid[*]	%struct.GUID
*global_alloc@gEfiFanControllerProtocolGuid[*]	%struct.GUID
*global_alloc@gEfiLedControllerProtocolGuid[*]	%struct.GUID
*global_alloc@gEfiThermalSensorProtocolGuid[*]	%struct.GUID
*global_alloc@mHardwareHandlerReady[*]	%struct._NOTIFY_PROTOCOL_READY_PROTOCOL
*global_alloc@gEfiHardwareHandlerReadyProtocolGuid[*]	%struct.GUID
*stack_alloc@HardwareHandlerEntryPoint[i64* %3]	i64
*stack_alloc@HardwareHandlerEntryPoint[i8** %4]	i8*
*stack_alloc@HardwareHandlerEntryPoint[%struct.EFI_SYSTEM_TABLE** %5]	%struct.EFI_SYSTEM_TABLE*
*stack_alloc@HardwareHandlerEntryPoint[i64* %6]	i64
*stack_alloc@HardwareHandlerEntryPoint[%struct._FAN_CONTROLLER_PROTOCOL** %7]	%struct._FAN_CONTROLLER_PROTOCOL*
*stack_alloc@HardwareHandlerEntryPoint[%struct._THERMAL_SENSOR_PROTOCOL** %8]	%struct._THERMAL_SENSOR_PROTOCOL*
*stack_alloc@HardwareHandlerEntryPoint[%struct._LED_CONTROLLER_PROTOCOL** %9]	%struct._LED_CONTROLLER_PROTOCOL*
*stack_alloc@HardwareHandlerEntryPoint[i8** %10]	i8*
*argv-alloc[0]	i8**
*global_alloc@mHardwareManagerLicenseProtocol[0]	%struct._HARDWARE_MANAGER_LICENSE_PROTOCOL*
*global_alloc@.str[0]	[53 x i8]
*global_alloc@__func__.HardwareHandlerCheckLicense[0]	[28 x i8]
*global_alloc@.str.1[0]	[30 x i8]
*global_alloc@gSmst[0]	%struct._EFI_SMM_SYSTEM_TABLE2*
*global_alloc@gEfiHardwareLicenseProtocolGuid[0]	%struct.GUID
*global_alloc@gEfiFanControllerProtocolGuid[0]	%struct.GUID
*global_alloc@gEfiLedControllerProtocolGuid[0]	%struct.GUID
*global_alloc@gEfiThermalSensorProtocolGuid[0]	%struct.GUID
*global_alloc@mHardwareHandlerReady[0]	%struct._NOTIFY_PROTOCOL_READY_PROTOCOL
*global_alloc@gEfiHardwareHandlerReadyProtocolGuid[0]	%struct.GUID
*global_alloc@gEfiHardwareLicenseProtocolGuid[*].?/0	i32
*global_alloc@gEfiHardwareLicenseProtocolGuid[*].?/1	i16
*global_alloc@gEfiHardwareLicenseProtocolGuid[*].?/2	i16
*global_alloc@gEfiHardwareLicenseProtocolGuid[*].?/3	[8 x i8]
*global_alloc@gEfiFanControllerProtocolGuid[*].?/0	i32
*global_alloc@gEfiFanControllerProtocolGuid[*].?/1	i16
*global_alloc@gEfiFanControllerProtocolGuid[*].?/2	i16
*global_alloc@gEfiFanControllerProtocolGuid[*].?/3	[8 x i8]
*global_alloc@gEfiLedControllerProtocolGuid[*].?/0	i32
*global_alloc@gEfiLedControllerProtocolGuid[*].?/1	i16
*global_alloc@gEfiLedControllerProtocolGuid[*].?/2	i16
*global_alloc@gEfiLedControllerProtocolGuid[*].?/3	[8 x i8]
*global_alloc@gEfiThermalSensorProtocolGuid[*].?/0	i32
*global_alloc@gEfiThermalSensorProtocolGuid[*].?/1	i16
*global_alloc@gEfiThermalSensorProtocolGuid[*].?/2	i16
*global_alloc@gEfiThermalSensorProtocolGuid[*].?/3	[8 x i8]
*global_alloc@mHardwareHandlerReady[*].?/0	i32
*global_alloc@gEfiHardwareHandlerReadyProtocolGuid[*].?/0	i32
*global_alloc@gEfiHardwareHandlerReadyProtocolGuid[*].?/1	i16
*global_alloc@gEfiHardwareHandlerReadyProtocolGuid[*].?/2	i16
*global_alloc@gEfiHardwareHandlerReadyProtocolGuid[*].?/3	[8 x i8]
*global_alloc@.str[*][*]	i8
*global_alloc@__func__.HardwareHandlerCheckLicense[*][*]	i8
*global_alloc@.str.1[*][*]	i8
*argv[0]-alloc	i8*
*global_alloc@gEfiHardwareLicenseProtocolGuid[0].?/0	i32
*global_alloc@gEfiHardwareLicenseProtocolGuid[0].?/1	i16
*global_alloc@gEfiHardwareLicenseProtocolGuid[0].?/2	i16
*global_alloc@gEfiHardwareLicenseProtocolGuid[0].?/3	[8 x i8]
*global_alloc@gEfiFanControllerProtocolGuid[0].?/0	i32
*global_alloc@gEfiFanControllerProtocolGuid[0].?/1	i16
*global_alloc@gEfiFanControllerProtocolGuid[0].?/2	i16
*global_alloc@gEfiFanControllerProtocolGuid[0].?/3	[8 x i8]
*global_alloc@gEfiLedControllerProtocolGuid[0].?/0	i32
*global_alloc@gEfiLedControllerProtocolGuid[0].?/1	i16
*global_alloc@gEfiLedControllerProtocolGuid[0].?/2	i16
*global_alloc@gEfiLedControllerProtocolGuid[0].?/3	[8 x i8]
*global_alloc@gEfiThermalSensorProtocolGuid[0].?/0	i32
*global_alloc@gEfiThermalSensorProtocolGuid[0].?/1	i16
*global_alloc@gEfiThermalSensorProtocolGuid[0].?/2	i16
*global_alloc@gEfiThermalSensorProtocolGuid[0].?/3	[8 x i8]
*global_alloc@mHardwareHandlerReady[0].?/0	i32
*global_alloc@gEfiHardwareHandlerReadyProtocolGuid[0].?/0	i32
*global_alloc@gEfiHardwareHandlerReadyProtocolGuid[0].?/1	i16
*global_alloc@gEfiHardwareHandlerReadyProtocolGuid[0].?/2	i16
*global_alloc@gEfiHardwareHandlerReadyProtocolGuid[0].?/3	[8 x i8]
*stack_alloc@HardwareHandlerEntryPoint[i64* %3][*]	i64
*stack_alloc@HardwareHandlerEntryPoint[i8** %4][*]	i8*
*stack_alloc@HardwareHandlerEntryPoint[%struct.EFI_SYSTEM_TABLE** %5][*]	%struct.EFI_SYSTEM_TABLE*
*stack_alloc@HardwareHandlerEntryPoint[i64* %6][*]	i64
*stack_alloc@HardwareHandlerEntryPoint[%struct._FAN_CONTROLLER_PROTOCOL** %7][*]	%struct._FAN_CONTROLLER_PROTOCOL*
*stack_alloc@HardwareHandlerEntryPoint[%struct._THERMAL_SENSOR_PROTOCOL** %8][*]	%struct._THERMAL_SENSOR_PROTOCOL*
*stack_alloc@HardwareHandlerEntryPoint[%struct._LED_CONTROLLER_PROTOCOL** %9][*]	%struct._LED_CONTROLLER_PROTOCOL*
*stack_alloc@HardwareHandlerEntryPoint[i8** %10][*]	i8*
*global_alloc@.str[0][*]	i8
*global_alloc@__func__.HardwareHandlerCheckLicense[0][*]	i8
*global_alloc@.str.1[0][*]	i8
*argv[0]-alloc[*]	i8*
*global_alloc@gEfiHardwareLicenseProtocolGuid[*].?/3[*]	i8
*global_alloc@gEfiFanControllerProtocolGuid[*].?/3[*]	i8
*global_alloc@gEfiLedControllerProtocolGuid[*].?/3[*]	i8
*global_alloc@gEfiThermalSensorProtocolGuid[*].?/3[*]	i8
*global_alloc@gEfiHardwareHandlerReadyProtocolGuid[*].?/3[*]	i8
*stack_alloc@HardwareHandlerEntryPoint[i64* %3][0]	i64
*stack_alloc@HardwareHandlerEntryPoint[i8** %4][0]	i8*
*stack_alloc@HardwareHandlerEntryPoint[%struct.EFI_SYSTEM_TABLE** %5][0]	%struct.EFI_SYSTEM_TABLE*
*stack_alloc@HardwareHandlerEntryPoint[i64* %6][0]	i64
*stack_alloc@HardwareHandlerEntryPoint[%struct._FAN_CONTROLLER_PROTOCOL** %7][0]	%struct._FAN_CONTROLLER_PROTOCOL*
*stack_alloc@HardwareHandlerEntryPoint[%struct._THERMAL_SENSOR_PROTOCOL** %8][0]	%struct._THERMAL_SENSOR_PROTOCOL*
*stack_alloc@HardwareHandlerEntryPoint[%struct._LED_CONTROLLER_PROTOCOL** %9][0]	%struct._LED_CONTROLLER_PROTOCOL*
*stack_alloc@HardwareHandlerEntryPoint[i8** %10][0]	i8*
*stack_alloc@HardwareHandlerCheckLicense[i64* %1]	i64
*stack_alloc@HardwareHandlerCheckLicense[i64* %2]	i64
*stack_alloc@HardwareHandlerCheckLicense[[64 x i8]* %3]	[64 x i8]
*global_alloc@gEfiHardwareLicenseProtocolGuid[0].?/3[*]	i8
*global_alloc@gEfiFanControllerProtocolGuid[0].?/3[*]	i8
*global_alloc@gEfiLedControllerProtocolGuid[0].?/3[*]	i8
*global_alloc@gEfiThermalSensorProtocolGuid[0].?/3[*]	i8
*global_alloc@gEfiHardwareHandlerReadyProtocolGuid[0].?/3[*]	i8
*argv[0]-alloc[0]	i8*
*stack_alloc@HardwareHandlerCheckLicense[i64* %1][*]	i64
*stack_alloc@HardwareHandlerCheckLicense[i64* %2][*]	i64
*stack_alloc@HardwareHandlerCheckLicense[[64 x i8]* %3][*]	[64 x i8]
*stack_alloc@HardwareHandlerCheckLicense[i64* %1][0]	i64
*stack_alloc@HardwareHandlerCheckLicense[i64* %2][0]	i64
*stack_alloc@HardwareHandlerCheckLicense[[64 x i8]* %3][0]	[64 x i8]
*stack_alloc@HardwareHandlerCheckLicense[[64 x i8]* %3][*][*]	i8
*stack_alloc@HardwareHandlerCheckLicense[[64 x i8]* %3][0][*]	i8
