</harden/bcfiles/edk_bcfiles/HardwareHandler.bc>:GetButtonState:5	</harden/bcfiles/edk_bcfiles/HardwareHandler.bc>:llvm.dbg.declare	llvm.dbg.declare
</harden/bcfiles/edk_bcfiles/HardwareHandler.bc>:GetButtonState:7	</harden/bcfiles/edk_bcfiles/HardwareHandler.bc>:llvm.dbg.declare	llvm.dbg.declare
</harden/bcfiles/edk_bcfiles/HardwareHandler.bc>:GetButtonState:8	</harden/bcfiles/edk_bcfiles/HardwareHandler.bc>:llvm.dbg.declare	llvm.dbg.declare
</harden/bcfiles/edk_bcfiles/HardwareHandler.bc>:GetButtonState:11	</harden/bcfiles/edk_bcfiles/HardwareHandler.bc>:IoWrite32	IoWrite32
</harden/bcfiles/edk_bcfiles/HardwareHandler.bc>:GetButtonState:12	</harden/bcfiles/edk_bcfiles/HardwareHandler.bc>:IoWrite32	IoWrite32
</harden/bcfiles/edk_bcfiles/HardwareHandler.bc>:GetButtonState:13	</harden/bcfiles/edk_bcfiles/HardwareHandler.bc>:IoRead32	IoRead32
</harden/bcfiles/edk_bcfiles/HardwareHandler.bc>:SetButtonLock:4	</harden/bcfiles/edk_bcfiles/HardwareHandler.bc>:llvm.dbg.declare	llvm.dbg.declare
</harden/bcfiles/edk_bcfiles/HardwareHandler.bc>:SetButtonLock:6	</harden/bcfiles/edk_bcfiles/HardwareHandler.bc>:llvm.dbg.declare	llvm.dbg.declare
</harden/bcfiles/edk_bcfiles/HardwareHandler.bc>:SetButtonLock:7	</harden/bcfiles/edk_bcfiles/HardwareHandler.bc>:llvm.dbg.declare	llvm.dbg.declare
</harden/bcfiles/edk_bcfiles/HardwareHandler.bc>:SetButtonLock:10	</harden/bcfiles/edk_bcfiles/HardwareHandler.bc>:IoWrite32	IoWrite32
</harden/bcfiles/edk_bcfiles/HardwareHandler.bc>:SetButtonLock:11	</harden/bcfiles/edk_bcfiles/HardwareHandler.bc>:IoWrite32	IoWrite32
</harden/bcfiles/edk_bcfiles/HardwareHandler.bc>:SetButtonLock:15	</harden/bcfiles/edk_bcfiles/HardwareHandler.bc>:IoWrite32	IoWrite32
</harden/bcfiles/edk_bcfiles/HardwareHandler.bc>:SetButtonLock:16	</harden/bcfiles/edk_bcfiles/HardwareHandler.bc>:IoRead32	IoRead32
</harden/bcfiles/edk_bcfiles/HardwareHandler.bc>:TriggerButtonAction:4	</harden/bcfiles/edk_bcfiles/HardwareHandler.bc>:llvm.dbg.declare	llvm.dbg.declare
</harden/bcfiles/edk_bcfiles/HardwareHandler.bc>:TriggerButtonAction:6	</harden/bcfiles/edk_bcfiles/HardwareHandler.bc>:llvm.dbg.declare	llvm.dbg.declare
</harden/bcfiles/edk_bcfiles/HardwareHandler.bc>:TriggerButtonAction:7	</harden/bcfiles/edk_bcfiles/HardwareHandler.bc>:llvm.dbg.declare	llvm.dbg.declare
</harden/bcfiles/edk_bcfiles/HardwareHandler.bc>:TriggerButtonAction:10	</harden/bcfiles/edk_bcfiles/HardwareHandler.bc>:IoWrite32	IoWrite32
</harden/bcfiles/edk_bcfiles/HardwareHandler.bc>:TriggerButtonAction:11	</harden/bcfiles/edk_bcfiles/HardwareHandler.bc>:IoWrite32	IoWrite32
</harden/bcfiles/edk_bcfiles/HardwareHandler.bc>:TriggerButtonAction:15	</harden/bcfiles/edk_bcfiles/HardwareHandler.bc>:IoWrite32	IoWrite32
</harden/bcfiles/edk_bcfiles/HardwareHandler.bc>:TriggerButtonAction:16	</harden/bcfiles/edk_bcfiles/HardwareHandler.bc>:IoRead32	IoRead32
</harden/bcfiles/edk_bcfiles/HardwareHandler.bc>:ResetButtonState:4	</harden/bcfiles/edk_bcfiles/HardwareHandler.bc>:llvm.dbg.declare	llvm.dbg.declare
</harden/bcfiles/edk_bcfiles/HardwareHandler.bc>:ResetButtonState:6	</harden/bcfiles/edk_bcfiles/HardwareHandler.bc>:llvm.dbg.declare	llvm.dbg.declare
</harden/bcfiles/edk_bcfiles/HardwareHandler.bc>:ResetButtonState:7	</harden/bcfiles/edk_bcfiles/HardwareHandler.bc>:llvm.dbg.declare	llvm.dbg.declare
</harden/bcfiles/edk_bcfiles/HardwareHandler.bc>:ResetButtonState:10	</harden/bcfiles/edk_bcfiles/HardwareHandler.bc>:IoWrite32	IoWrite32
</harden/bcfiles/edk_bcfiles/HardwareHandler.bc>:ResetButtonState:11	</harden/bcfiles/edk_bcfiles/HardwareHandler.bc>:IoWrite32	IoWrite32
</harden/bcfiles/edk_bcfiles/HardwareHandler.bc>:ResetButtonState:15	</harden/bcfiles/edk_bcfiles/HardwareHandler.bc>:IoWrite32	IoWrite32
</harden/bcfiles/edk_bcfiles/HardwareHandler.bc>:ResetButtonState:16	</harden/bcfiles/edk_bcfiles/HardwareHandler.bc>:IoRead32	IoRead32
</harden/bcfiles/edk_bcfiles/HardwareHandler.bc>:SetFanSpeed:5	</harden/bcfiles/edk_bcfiles/HardwareHandler.bc>:llvm.dbg.declare	llvm.dbg.declare
</harden/bcfiles/edk_bcfiles/HardwareHandler.bc>:SetFanSpeed:7	</harden/bcfiles/edk_bcfiles/HardwareHandler.bc>:llvm.dbg.declare	llvm.dbg.declare
</harden/bcfiles/edk_bcfiles/HardwareHandler.bc>:SetFanSpeed:11	</harden/bcfiles/edk_bcfiles/HardwareHandler.bc>:IoWrite32	IoWrite32
</harden/bcfiles/edk_bcfiles/HardwareHandler.bc>:SetFanSpeed:12	</harden/bcfiles/edk_bcfiles/HardwareHandler.bc>:IoWrite32	IoWrite32
</harden/bcfiles/edk_bcfiles/HardwareHandler.bc>:SetFanSpeed:16	</harden/bcfiles/edk_bcfiles/HardwareHandler.bc>:IoWrite32	IoWrite32
</harden/bcfiles/edk_bcfiles/HardwareHandler.bc>:SetFanSpeed:17	</harden/bcfiles/edk_bcfiles/HardwareHandler.bc>:llvm.dbg.declare	llvm.dbg.declare
</harden/bcfiles/edk_bcfiles/HardwareHandler.bc>:SetFanSpeed:18	</harden/bcfiles/edk_bcfiles/HardwareHandler.bc>:IoRead32	IoRead32
</harden/bcfiles/edk_bcfiles/HardwareHandler.bc>:GetFanSpeed:5	</harden/bcfiles/edk_bcfiles/HardwareHandler.bc>:llvm.dbg.declare	llvm.dbg.declare
</harden/bcfiles/edk_bcfiles/HardwareHandler.bc>:GetFanSpeed:7	</harden/bcfiles/edk_bcfiles/HardwareHandler.bc>:llvm.dbg.declare	llvm.dbg.declare
</harden/bcfiles/edk_bcfiles/HardwareHandler.bc>:GetFanSpeed:8	</harden/bcfiles/edk_bcfiles/HardwareHandler.bc>:llvm.dbg.declare	llvm.dbg.declare
</harden/bcfiles/edk_bcfiles/HardwareHandler.bc>:GetFanSpeed:13	</harden/bcfiles/edk_bcfiles/HardwareHandler.bc>:IoWrite32	IoWrite32
</harden/bcfiles/edk_bcfiles/HardwareHandler.bc>:GetFanSpeed:14	</harden/bcfiles/edk_bcfiles/HardwareHandler.bc>:IoWrite32	IoWrite32
</harden/bcfiles/edk_bcfiles/HardwareHandler.bc>:GetFanSpeed:15	</harden/bcfiles/edk_bcfiles/HardwareHandler.bc>:IoRead32	IoRead32
</harden/bcfiles/edk_bcfiles/HardwareHandler.bc>:SetFanMode:5	</harden/bcfiles/edk_bcfiles/HardwareHandler.bc>:llvm.dbg.declare	llvm.dbg.declare
</harden/bcfiles/edk_bcfiles/HardwareHandler.bc>:SetFanMode:7	</harden/bcfiles/edk_bcfiles/HardwareHandler.bc>:llvm.dbg.declare	llvm.dbg.declare
</harden/bcfiles/edk_bcfiles/HardwareHandler.bc>:SetFanMode:8	</harden/bcfiles/edk_bcfiles/HardwareHandler.bc>:llvm.dbg.declare	llvm.dbg.declare
</harden/bcfiles/edk_bcfiles/HardwareHandler.bc>:SetFanMode:12	</harden/bcfiles/edk_bcfiles/HardwareHandler.bc>:IoWrite32	IoWrite32
</harden/bcfiles/edk_bcfiles/HardwareHandler.bc>:SetFanMode:13	</harden/bcfiles/edk_bcfiles/HardwareHandler.bc>:IoWrite32	IoWrite32
</harden/bcfiles/edk_bcfiles/HardwareHandler.bc>:SetFanMode:17	</harden/bcfiles/edk_bcfiles/HardwareHandler.bc>:IoWrite32	IoWrite32
</harden/bcfiles/edk_bcfiles/HardwareHandler.bc>:SetFanMode:18	</harden/bcfiles/edk_bcfiles/HardwareHandler.bc>:IoRead32	IoRead32
</harden/bcfiles/edk_bcfiles/HardwareHandler.bc>:GetFanStatus:5	</harden/bcfiles/edk_bcfiles/HardwareHandler.bc>:llvm.dbg.declare	llvm.dbg.declare
</harden/bcfiles/edk_bcfiles/HardwareHandler.bc>:GetFanStatus:7	</harden/bcfiles/edk_bcfiles/HardwareHandler.bc>:llvm.dbg.declare	llvm.dbg.declare
</harden/bcfiles/edk_bcfiles/HardwareHandler.bc>:GetFanStatus:9	</harden/bcfiles/edk_bcfiles/HardwareHandler.bc>:llvm.dbg.declare	llvm.dbg.declare
</harden/bcfiles/edk_bcfiles/HardwareHandler.bc>:GetFanStatus:13	</harden/bcfiles/edk_bcfiles/HardwareHandler.bc>:IoWrite32	IoWrite32
</harden/bcfiles/edk_bcfiles/HardwareHandler.bc>:GetFanStatus:14	</harden/bcfiles/edk_bcfiles/HardwareHandler.bc>:IoWrite32	IoWrite32
</harden/bcfiles/edk_bcfiles/HardwareHandler.bc>:GetFanStatus:18	</harden/bcfiles/edk_bcfiles/HardwareHandler.bc>:IoWrite32	IoWrite32
</harden/bcfiles/edk_bcfiles/HardwareHandler.bc>:GetFanStatus:19	</harden/bcfiles/edk_bcfiles/HardwareHandler.bc>:IoRead32	IoRead32
</harden/bcfiles/edk_bcfiles/HardwareHandler.bc>:SetLedColor:6	</harden/bcfiles/edk_bcfiles/HardwareHandler.bc>:llvm.dbg.declare	llvm.dbg.declare
</harden/bcfiles/edk_bcfiles/HardwareHandler.bc>:SetLedColor:8	</harden/bcfiles/edk_bcfiles/HardwareHandler.bc>:llvm.dbg.declare	llvm.dbg.declare
</harden/bcfiles/edk_bcfiles/HardwareHandler.bc>:SetLedColor:9	</harden/bcfiles/edk_bcfiles/HardwareHandler.bc>:llvm.dbg.declare	llvm.dbg.declare
</harden/bcfiles/edk_bcfiles/HardwareHandler.bc>:SetLedColor:17	</harden/bcfiles/edk_bcfiles/HardwareHandler.bc>:IoWrite32	IoWrite32
</harden/bcfiles/edk_bcfiles/HardwareHandler.bc>:SetLedColor:18	</harden/bcfiles/edk_bcfiles/HardwareHandler.bc>:IoWrite32	IoWrite32
</harden/bcfiles/edk_bcfiles/HardwareHandler.bc>:SetLedColor:20	</harden/bcfiles/edk_bcfiles/HardwareHandler.bc>:IoWrite32	IoWrite32
</harden/bcfiles/edk_bcfiles/HardwareHandler.bc>:SetLedColor:21	</harden/bcfiles/edk_bcfiles/HardwareHandler.bc>:llvm.dbg.declare	llvm.dbg.declare
</harden/bcfiles/edk_bcfiles/HardwareHandler.bc>:SetLedColor:22	</harden/bcfiles/edk_bcfiles/HardwareHandler.bc>:IoRead32	IoRead32
</harden/bcfiles/edk_bcfiles/HardwareHandler.bc>:SetLedBrightness:6	</harden/bcfiles/edk_bcfiles/HardwareHandler.bc>:llvm.dbg.declare	llvm.dbg.declare
</harden/bcfiles/edk_bcfiles/HardwareHandler.bc>:SetLedBrightness:8	</harden/bcfiles/edk_bcfiles/HardwareHandler.bc>:llvm.dbg.declare	llvm.dbg.declare
</harden/bcfiles/edk_bcfiles/HardwareHandler.bc>:SetLedBrightness:10	</harden/bcfiles/edk_bcfiles/HardwareHandler.bc>:llvm.dbg.declare	llvm.dbg.declare
</harden/bcfiles/edk_bcfiles/HardwareHandler.bc>:SetLedBrightness:14	</harden/bcfiles/edk_bcfiles/HardwareHandler.bc>:IoWrite32	IoWrite32
</harden/bcfiles/edk_bcfiles/HardwareHandler.bc>:SetLedBrightness:19	</harden/bcfiles/edk_bcfiles/HardwareHandler.bc>:IoWrite32	IoWrite32
</harden/bcfiles/edk_bcfiles/HardwareHandler.bc>:SetLedBrightness:23	</harden/bcfiles/edk_bcfiles/HardwareHandler.bc>:IoWrite32	IoWrite32
</harden/bcfiles/edk_bcfiles/HardwareHandler.bc>:SetLedBrightness:24	</harden/bcfiles/edk_bcfiles/HardwareHandler.bc>:llvm.dbg.declare	llvm.dbg.declare
</harden/bcfiles/edk_bcfiles/HardwareHandler.bc>:SetLedBrightness:25	</harden/bcfiles/edk_bcfiles/HardwareHandler.bc>:IoRead32	IoRead32
</harden/bcfiles/edk_bcfiles/HardwareHandler.bc>:SetLedEffect:7	</harden/bcfiles/edk_bcfiles/HardwareHandler.bc>:llvm.dbg.declare	llvm.dbg.declare
</harden/bcfiles/edk_bcfiles/HardwareHandler.bc>:SetLedEffect:9	</harden/bcfiles/edk_bcfiles/HardwareHandler.bc>:llvm.dbg.declare	llvm.dbg.declare
</harden/bcfiles/edk_bcfiles/HardwareHandler.bc>:SetLedEffect:11	</harden/bcfiles/edk_bcfiles/HardwareHandler.bc>:llvm.dbg.declare	llvm.dbg.declare
</harden/bcfiles/edk_bcfiles/HardwareHandler.bc>:SetLedEffect:12	</harden/bcfiles/edk_bcfiles/HardwareHandler.bc>:llvm.dbg.declare	llvm.dbg.declare
</harden/bcfiles/edk_bcfiles/HardwareHandler.bc>:SetLedEffect:25	</harden/bcfiles/edk_bcfiles/HardwareHandler.bc>:IoWrite32	IoWrite32
</harden/bcfiles/edk_bcfiles/HardwareHandler.bc>:SetLedEffect:26	</harden/bcfiles/edk_bcfiles/HardwareHandler.bc>:IoWrite32	IoWrite32
</harden/bcfiles/edk_bcfiles/HardwareHandler.bc>:SetLedEffect:28	</harden/bcfiles/edk_bcfiles/HardwareHandler.bc>:IoWrite32	IoWrite32
</harden/bcfiles/edk_bcfiles/HardwareHandler.bc>:SetLedEffect:29	</harden/bcfiles/edk_bcfiles/HardwareHandler.bc>:llvm.dbg.declare	llvm.dbg.declare
</harden/bcfiles/edk_bcfiles/HardwareHandler.bc>:SetLedEffect:30	</harden/bcfiles/edk_bcfiles/HardwareHandler.bc>:IoRead32	IoRead32
</harden/bcfiles/edk_bcfiles/HardwareHandler.bc>:ResetLed:5	</harden/bcfiles/edk_bcfiles/HardwareHandler.bc>:llvm.dbg.declare	llvm.dbg.declare
</harden/bcfiles/edk_bcfiles/HardwareHandler.bc>:ResetLed:7	</harden/bcfiles/edk_bcfiles/HardwareHandler.bc>:llvm.dbg.declare	llvm.dbg.declare
</harden/bcfiles/edk_bcfiles/HardwareHandler.bc>:ResetLed:11	</harden/bcfiles/edk_bcfiles/HardwareHandler.bc>:IoWrite32	IoWrite32
</harden/bcfiles/edk_bcfiles/HardwareHandler.bc>:ResetLed:12	</harden/bcfiles/edk_bcfiles/HardwareHandler.bc>:IoWrite32	IoWrite32
</harden/bcfiles/edk_bcfiles/HardwareHandler.bc>:ResetLed:13	</harden/bcfiles/edk_bcfiles/HardwareHandler.bc>:IoWrite32	IoWrite32
</harden/bcfiles/edk_bcfiles/HardwareHandler.bc>:ResetLed:14	</harden/bcfiles/edk_bcfiles/HardwareHandler.bc>:llvm.dbg.declare	llvm.dbg.declare
</harden/bcfiles/edk_bcfiles/HardwareHandler.bc>:ResetLed:15	</harden/bcfiles/edk_bcfiles/HardwareHandler.bc>:IoRead32	IoRead32
</harden/bcfiles/edk_bcfiles/HardwareHandler.bc>:GetTemperature:3	</harden/bcfiles/edk_bcfiles/HardwareHandler.bc>:llvm.dbg.declare	llvm.dbg.declare
</harden/bcfiles/edk_bcfiles/HardwareHandler.bc>:GetTemperature:5	</harden/bcfiles/edk_bcfiles/HardwareHandler.bc>:llvm.dbg.declare	llvm.dbg.declare
</harden/bcfiles/edk_bcfiles/HardwareHandler.bc>:GetTemperature:9	</harden/bcfiles/edk_bcfiles/HardwareHandler.bc>:IoWrite32	IoWrite32
</harden/bcfiles/edk_bcfiles/HardwareHandler.bc>:GetTemperature:10	</harden/bcfiles/edk_bcfiles/HardwareHandler.bc>:IoWrite32	IoWrite32
</harden/bcfiles/edk_bcfiles/HardwareHandler.bc>:GetTemperature:11	</harden/bcfiles/edk_bcfiles/HardwareHandler.bc>:IoRead32	IoRead32
</harden/bcfiles/edk_bcfiles/HardwareHandler.bc>:SetThreshold:3	</harden/bcfiles/edk_bcfiles/HardwareHandler.bc>:llvm.dbg.declare	llvm.dbg.declare
</harden/bcfiles/edk_bcfiles/HardwareHandler.bc>:SetThreshold:5	</harden/bcfiles/edk_bcfiles/HardwareHandler.bc>:llvm.dbg.declare	llvm.dbg.declare
</harden/bcfiles/edk_bcfiles/HardwareHandler.bc>:SetThreshold:9	</harden/bcfiles/edk_bcfiles/HardwareHandler.bc>:IoWrite32	IoWrite32
</harden/bcfiles/edk_bcfiles/HardwareHandler.bc>:SetThreshold:10	</harden/bcfiles/edk_bcfiles/HardwareHandler.bc>:IoWrite32	IoWrite32
</harden/bcfiles/edk_bcfiles/HardwareHandler.bc>:SetThreshold:14	</harden/bcfiles/edk_bcfiles/HardwareHandler.bc>:IoWrite32	IoWrite32
</harden/bcfiles/edk_bcfiles/HardwareHandler.bc>:GetSensorStatus:4	</harden/bcfiles/edk_bcfiles/HardwareHandler.bc>:llvm.dbg.declare	llvm.dbg.declare
</harden/bcfiles/edk_bcfiles/HardwareHandler.bc>:GetSensorStatus:6	</harden/bcfiles/edk_bcfiles/HardwareHandler.bc>:llvm.dbg.declare	llvm.dbg.declare
</harden/bcfiles/edk_bcfiles/HardwareHandler.bc>:GetSensorStatus:7	</harden/bcfiles/edk_bcfiles/HardwareHandler.bc>:llvm.dbg.declare	llvm.dbg.declare
</harden/bcfiles/edk_bcfiles/HardwareHandler.bc>:GetSensorStatus:11	</harden/bcfiles/edk_bcfiles/HardwareHandler.bc>:IoWrite32	IoWrite32
</harden/bcfiles/edk_bcfiles/HardwareHandler.bc>:GetSensorStatus:12	</harden/bcfiles/edk_bcfiles/HardwareHandler.bc>:IoWrite32	IoWrite32
</harden/bcfiles/edk_bcfiles/HardwareHandler.bc>:GetSensorStatus:13	</harden/bcfiles/edk_bcfiles/HardwareHandler.bc>:IoRead32	IoRead32
</harden/bcfiles/edk_bcfiles/HardwareHandler.bc>:ResetSensor:3	</harden/bcfiles/edk_bcfiles/HardwareHandler.bc>:llvm.dbg.declare	llvm.dbg.declare
</harden/bcfiles/edk_bcfiles/HardwareHandler.bc>:ResetSensor:5	</harden/bcfiles/edk_bcfiles/HardwareHandler.bc>:llvm.dbg.declare	llvm.dbg.declare
</harden/bcfiles/edk_bcfiles/HardwareHandler.bc>:ResetSensor:9	</harden/bcfiles/edk_bcfiles/HardwareHandler.bc>:IoWrite32	IoWrite32
</harden/bcfiles/edk_bcfiles/HardwareHandler.bc>:ResetSensor:10	</harden/bcfiles/edk_bcfiles/HardwareHandler.bc>:IoWrite32	IoWrite32
</harden/bcfiles/edk_bcfiles/HardwareHandler.bc>:ResetSensor:11	</harden/bcfiles/edk_bcfiles/HardwareHandler.bc>:IoRead32	IoRead32
</harden/bcfiles/edk_bcfiles/HardwareHandler.bc>:ResetSensor:16	</harden/bcfiles/edk_bcfiles/HardwareHandler.bc>:IoWrite32	IoWrite32
</harden/bcfiles/edk_bcfiles/HardwareHandler.bc>:HardwareHandlerCheckLicense:3	</harden/bcfiles/edk_bcfiles/HardwareHandler.bc>:llvm.dbg.declare	llvm.dbg.declare
</harden/bcfiles/edk_bcfiles/HardwareHandler.bc>:HardwareHandlerCheckLicense:4	</harden/bcfiles/edk_bcfiles/HardwareHandler.bc>:llvm.dbg.declare	llvm.dbg.declare
</harden/bcfiles/edk_bcfiles/HardwareHandler.bc>:HardwareHandlerCheckLicense:6	</harden/bcfiles/edk_bcfiles/HardwareHandler.bc>:llvm.memset.p0i8.i64	llvm.memset.p0i8.i64
</harden/bcfiles/edk_bcfiles/HardwareHandler.bc>:HardwareHandlerCheckLicense:17	</harden/bcfiles/edk_bcfiles/HardwareHandler.bc>:DebugPrintEnabled	DebugPrintEnabled
</harden/bcfiles/edk_bcfiles/HardwareHandler.bc>:HardwareHandlerCheckLicense:21	</harden/bcfiles/edk_bcfiles/HardwareHandler.bc>:DebugPrintLevelEnabled	DebugPrintLevelEnabled
</harden/bcfiles/edk_bcfiles/HardwareHandler.bc>:HardwareHandlerCheckLicense:24	</harden/bcfiles/edk_bcfiles/HardwareHandler.bc>:DebugPrint	DebugPrint
</harden/bcfiles/edk_bcfiles/HardwareHandler.bc>:HardwareHandlerCheckLicense:42	</harden/bcfiles/edk_bcfiles/HardwareHandler.bc>:DebugPrintEnabled	DebugPrintEnabled
</harden/bcfiles/edk_bcfiles/HardwareHandler.bc>:HardwareHandlerCheckLicense:46	</harden/bcfiles/edk_bcfiles/HardwareHandler.bc>:DebugPrintLevelEnabled	DebugPrintLevelEnabled
</harden/bcfiles/edk_bcfiles/HardwareHandler.bc>:HardwareHandlerCheckLicense:49	</harden/bcfiles/edk_bcfiles/HardwareHandler.bc>:DebugPrint	DebugPrint
</harden/bcfiles/edk_bcfiles/HardwareHandler.bc>:HardwareHandlerEntryPoint:9	</harden/bcfiles/edk_bcfiles/HardwareHandler.bc>:llvm.dbg.declare	llvm.dbg.declare
</harden/bcfiles/edk_bcfiles/HardwareHandler.bc>:HardwareHandlerEntryPoint:11	</harden/bcfiles/edk_bcfiles/HardwareHandler.bc>:llvm.dbg.declare	llvm.dbg.declare
</harden/bcfiles/edk_bcfiles/HardwareHandler.bc>:HardwareHandlerEntryPoint:12	</harden/bcfiles/edk_bcfiles/HardwareHandler.bc>:llvm.dbg.declare	llvm.dbg.declare
</harden/bcfiles/edk_bcfiles/HardwareHandler.bc>:HardwareHandlerEntryPoint:13	</harden/bcfiles/edk_bcfiles/HardwareHandler.bc>:llvm.dbg.declare	llvm.dbg.declare
</harden/bcfiles/edk_bcfiles/HardwareHandler.bc>:HardwareHandlerEntryPoint:14	</harden/bcfiles/edk_bcfiles/HardwareHandler.bc>:llvm.dbg.declare	llvm.dbg.declare
</harden/bcfiles/edk_bcfiles/HardwareHandler.bc>:HardwareHandlerEntryPoint:15	</harden/bcfiles/edk_bcfiles/HardwareHandler.bc>:llvm.dbg.declare	llvm.dbg.declare
</harden/bcfiles/edk_bcfiles/HardwareHandler.bc>:HardwareHandlerEntryPoint:16	</harden/bcfiles/edk_bcfiles/HardwareHandler.bc>:llvm.dbg.declare	llvm.dbg.declare
</harden/bcfiles/edk_bcfiles/HardwareHandler.bc>:HardwareHandlerEntryPoint:155	</harden/bcfiles/edk_bcfiles/HardwareHandler.bc>:HardwareHandlerCheckLicense	HardwareHandlerCheckLicense
