</harden/bcfiles/edk_bcfiles/HardwareHandler.bc>:HardwareHandlerEntryPoint:%1	*argv-alloc
</harden/bcfiles/edk_bcfiles/HardwareHandler.bc>:HardwareHandlerCheckLicense:%27	*null*
</harden/bcfiles/edk_bcfiles/HardwareHandler.bc>:HardwareHandlerCheckLicense:%6	*null*
</harden/bcfiles/edk_bcfiles/HardwareHandler.bc>:HardwareHandlerCheckLicense:%5	*null*
</harden/bcfiles/edk_bcfiles/HardwareHandler.bc>:0:null	*null*
</harden/bcfiles/edk_bcfiles/HardwareHandler.bc>:HardwareHandlerEntryPoint:20:1:null	*null*
</harden/bcfiles/edk_bcfiles/HardwareHandler.bc>:HardwareHandlerEntryPoint:52:0:null	*null*
</harden/bcfiles/edk_bcfiles/HardwareHandler.bc>:HardwareHandlerEntryPoint:90:0:null	*null*
</harden/bcfiles/edk_bcfiles/HardwareHandler.bc>:HardwareHandlerEntryPoint:128:0:null	*null*
</harden/bcfiles/edk_bcfiles/HardwareHandler.bc>:HardwareHandlerEntryPoint:142:0:null	*null*
</harden/bcfiles/edk_bcfiles/HardwareHandler.bc>:HardwareHandlerEntryPoint:42:0:@SetFanSpeed	*global_alloc@SetFanSpeed
</harden/bcfiles/edk_bcfiles/HardwareHandler.bc>:HardwareHandlerEntryPoint:45:0:@GetFanSpeed	*global_alloc@GetFanSpeed
</harden/bcfiles/edk_bcfiles/HardwareHandler.bc>:HardwareHandlerEntryPoint:48:0:@SetFanMode	*global_alloc@SetFanMode
</harden/bcfiles/edk_bcfiles/HardwareHandler.bc>:HardwareHandlerEntryPoint:51:0:@GetFanStatus	*global_alloc@GetFanStatus
</harden/bcfiles/edk_bcfiles/HardwareHandler.bc>:HardwareHandlerEntryPoint:80:0:@SetLedColor	*global_alloc@SetLedColor
</harden/bcfiles/edk_bcfiles/HardwareHandler.bc>:HardwareHandlerEntryPoint:83:0:@SetLedBrightness	*global_alloc@SetLedBrightness
</harden/bcfiles/edk_bcfiles/HardwareHandler.bc>:HardwareHandlerEntryPoint:86:0:@SetLedEffect	*global_alloc@SetLedEffect
</harden/bcfiles/edk_bcfiles/HardwareHandler.bc>:HardwareHandlerEntryPoint:89:0:@ResetLed	*global_alloc@ResetLed
</harden/bcfiles/edk_bcfiles/HardwareHandler.bc>:HardwareHandlerEntryPoint:118:0:@GetTemperature	*global_alloc@GetTemperature
</harden/bcfiles/edk_bcfiles/HardwareHandler.bc>:HardwareHandlerEntryPoint:121:0:@SetThreshold	*global_alloc@SetThreshold
</harden/bcfiles/edk_bcfiles/HardwareHandler.bc>:HardwareHandlerEntryPoint:124:0:@GetSensorStatus	*global_alloc@GetSensorStatus
</harden/bcfiles/edk_bcfiles/HardwareHandler.bc>:HardwareHandlerEntryPoint:127:0:@ResetSensor	*global_alloc@ResetSensor
</harden/bcfiles/edk_bcfiles/HardwareHandler.bc>:HardwareHandlerEntryPoint:155:0:@HardwareHandlerCheckLicense	*global_alloc@HardwareHandlerCheckLicense
</harden/bcfiles/edk_bcfiles/HardwareHandler.bc>:GetButtonState:5:0:@llvm.dbg.declare	*global_alloc@llvm.dbg.declare
</harden/bcfiles/edk_bcfiles/HardwareHandler.bc>:GetButtonState:7:0:@llvm.dbg.declare	*global_alloc@llvm.dbg.declare
</harden/bcfiles/edk_bcfiles/HardwareHandler.bc>:GetButtonState:8:0:@llvm.dbg.declare	*global_alloc@llvm.dbg.declare
</harden/bcfiles/edk_bcfiles/HardwareHandler.bc>:SetButtonLock:4:0:@llvm.dbg.declare	*global_alloc@llvm.dbg.declare
</harden/bcfiles/edk_bcfiles/HardwareHandler.bc>:SetButtonLock:6:0:@llvm.dbg.declare	*global_alloc@llvm.dbg.declare
</harden/bcfiles/edk_bcfiles/HardwareHandler.bc>:SetButtonLock:7:0:@llvm.dbg.declare	*global_alloc@llvm.dbg.declare
</harden/bcfiles/edk_bcfiles/HardwareHandler.bc>:TriggerButtonAction:4:0:@llvm.dbg.declare	*global_alloc@llvm.dbg.declare
</harden/bcfiles/edk_bcfiles/HardwareHandler.bc>:TriggerButtonAction:6:0:@llvm.dbg.declare	*global_alloc@llvm.dbg.declare
</harden/bcfiles/edk_bcfiles/HardwareHandler.bc>:TriggerButtonAction:7:0:@llvm.dbg.declare	*global_alloc@llvm.dbg.declare
</harden/bcfiles/edk_bcfiles/HardwareHandler.bc>:ResetButtonState:4:0:@llvm.dbg.declare	*global_alloc@llvm.dbg.declare
</harden/bcfiles/edk_bcfiles/HardwareHandler.bc>:ResetButtonState:6:0:@llvm.dbg.declare	*global_alloc@llvm.dbg.declare
</harden/bcfiles/edk_bcfiles/HardwareHandler.bc>:ResetButtonState:7:0:@llvm.dbg.declare	*global_alloc@llvm.dbg.declare
</harden/bcfiles/edk_bcfiles/HardwareHandler.bc>:SetFanSpeed:5:0:@llvm.dbg.declare	*global_alloc@llvm.dbg.declare
</harden/bcfiles/edk_bcfiles/HardwareHandler.bc>:SetFanSpeed:7:0:@llvm.dbg.declare	*global_alloc@llvm.dbg.declare
</harden/bcfiles/edk_bcfiles/HardwareHandler.bc>:SetFanSpeed:17:0:@llvm.dbg.declare	*global_alloc@llvm.dbg.declare
</harden/bcfiles/edk_bcfiles/HardwareHandler.bc>:GetFanSpeed:5:0:@llvm.dbg.declare	*global_alloc@llvm.dbg.declare
</harden/bcfiles/edk_bcfiles/HardwareHandler.bc>:GetFanSpeed:7:0:@llvm.dbg.declare	*global_alloc@llvm.dbg.declare
</harden/bcfiles/edk_bcfiles/HardwareHandler.bc>:GetFanSpeed:8:0:@llvm.dbg.declare	*global_alloc@llvm.dbg.declare
</harden/bcfiles/edk_bcfiles/HardwareHandler.bc>:SetFanMode:5:0:@llvm.dbg.declare	*global_alloc@llvm.dbg.declare
</harden/bcfiles/edk_bcfiles/HardwareHandler.bc>:SetFanMode:7:0:@llvm.dbg.declare	*global_alloc@llvm.dbg.declare
</harden/bcfiles/edk_bcfiles/HardwareHandler.bc>:SetFanMode:8:0:@llvm.dbg.declare	*global_alloc@llvm.dbg.declare
</harden/bcfiles/edk_bcfiles/HardwareHandler.bc>:GetFanStatus:5:0:@llvm.dbg.declare	*global_alloc@llvm.dbg.declare
</harden/bcfiles/edk_bcfiles/HardwareHandler.bc>:GetFanStatus:7:0:@llvm.dbg.declare	*global_alloc@llvm.dbg.declare
</harden/bcfiles/edk_bcfiles/HardwareHandler.bc>:GetFanStatus:9:0:@llvm.dbg.declare	*global_alloc@llvm.dbg.declare
</harden/bcfiles/edk_bcfiles/HardwareHandler.bc>:SetLedColor:6:0:@llvm.dbg.declare	*global_alloc@llvm.dbg.declare
</harden/bcfiles/edk_bcfiles/HardwareHandler.bc>:SetLedColor:8:0:@llvm.dbg.declare	*global_alloc@llvm.dbg.declare
</harden/bcfiles/edk_bcfiles/HardwareHandler.bc>:SetLedColor:9:0:@llvm.dbg.declare	*global_alloc@llvm.dbg.declare
</harden/bcfiles/edk_bcfiles/HardwareHandler.bc>:SetLedColor:21:0:@llvm.dbg.declare	*global_alloc@llvm.dbg.declare
</harden/bcfiles/edk_bcfiles/HardwareHandler.bc>:SetLedBrightness:6:0:@llvm.dbg.declare	*global_alloc@llvm.dbg.declare
</harden/bcfiles/edk_bcfiles/HardwareHandler.bc>:SetLedBrightness:8:0:@llvm.dbg.declare	*global_alloc@llvm.dbg.declare
</harden/bcfiles/edk_bcfiles/HardwareHandler.bc>:SetLedBrightness:10:0:@llvm.dbg.declare	*global_alloc@llvm.dbg.declare
</harden/bcfiles/edk_bcfiles/HardwareHandler.bc>:SetLedBrightness:24:0:@llvm.dbg.declare	*global_alloc@llvm.dbg.declare
</harden/bcfiles/edk_bcfiles/HardwareHandler.bc>:SetLedEffect:7:0:@llvm.dbg.declare	*global_alloc@llvm.dbg.declare
</harden/bcfiles/edk_bcfiles/HardwareHandler.bc>:SetLedEffect:9:0:@llvm.dbg.declare	*global_alloc@llvm.dbg.declare
</harden/bcfiles/edk_bcfiles/HardwareHandler.bc>:SetLedEffect:11:0:@llvm.dbg.declare	*global_alloc@llvm.dbg.declare
</harden/bcfiles/edk_bcfiles/HardwareHandler.bc>:SetLedEffect:12:0:@llvm.dbg.declare	*global_alloc@llvm.dbg.declare
</harden/bcfiles/edk_bcfiles/HardwareHandler.bc>:SetLedEffect:29:0:@llvm.dbg.declare	*global_alloc@llvm.dbg.declare
</harden/bcfiles/edk_bcfiles/HardwareHandler.bc>:ResetLed:5:0:@llvm.dbg.declare	*global_alloc@llvm.dbg.declare
</harden/bcfiles/edk_bcfiles/HardwareHandler.bc>:ResetLed:7:0:@llvm.dbg.declare	*global_alloc@llvm.dbg.declare
</harden/bcfiles/edk_bcfiles/HardwareHandler.bc>:ResetLed:14:0:@llvm.dbg.declare	*global_alloc@llvm.dbg.declare
</harden/bcfiles/edk_bcfiles/HardwareHandler.bc>:GetTemperature:3:0:@llvm.dbg.declare	*global_alloc@llvm.dbg.declare
</harden/bcfiles/edk_bcfiles/HardwareHandler.bc>:GetTemperature:5:0:@llvm.dbg.declare	*global_alloc@llvm.dbg.declare
</harden/bcfiles/edk_bcfiles/HardwareHandler.bc>:SetThreshold:3:0:@llvm.dbg.declare	*global_alloc@llvm.dbg.declare
</harden/bcfiles/edk_bcfiles/HardwareHandler.bc>:SetThreshold:5:0:@llvm.dbg.declare	*global_alloc@llvm.dbg.declare
</harden/bcfiles/edk_bcfiles/HardwareHandler.bc>:GetSensorStatus:4:0:@llvm.dbg.declare	*global_alloc@llvm.dbg.declare
</harden/bcfiles/edk_bcfiles/HardwareHandler.bc>:GetSensorStatus:6:0:@llvm.dbg.declare	*global_alloc@llvm.dbg.declare
</harden/bcfiles/edk_bcfiles/HardwareHandler.bc>:GetSensorStatus:7:0:@llvm.dbg.declare	*global_alloc@llvm.dbg.declare
</harden/bcfiles/edk_bcfiles/HardwareHandler.bc>:ResetSensor:3:0:@llvm.dbg.declare	*global_alloc@llvm.dbg.declare
</harden/bcfiles/edk_bcfiles/HardwareHandler.bc>:ResetSensor:5:0:@llvm.dbg.declare	*global_alloc@llvm.dbg.declare
</harden/bcfiles/edk_bcfiles/HardwareHandler.bc>:HardwareHandlerCheckLicense:3:0:@llvm.dbg.declare	*global_alloc@llvm.dbg.declare
</harden/bcfiles/edk_bcfiles/HardwareHandler.bc>:HardwareHandlerCheckLicense:4:0:@llvm.dbg.declare	*global_alloc@llvm.dbg.declare
</harden/bcfiles/edk_bcfiles/HardwareHandler.bc>:HardwareHandlerEntryPoint:9:0:@llvm.dbg.declare	*global_alloc@llvm.dbg.declare
</harden/bcfiles/edk_bcfiles/HardwareHandler.bc>:HardwareHandlerEntryPoint:11:0:@llvm.dbg.declare	*global_alloc@llvm.dbg.declare
</harden/bcfiles/edk_bcfiles/HardwareHandler.bc>:HardwareHandlerEntryPoint:12:0:@llvm.dbg.declare	*global_alloc@llvm.dbg.declare
</harden/bcfiles/edk_bcfiles/HardwareHandler.bc>:HardwareHandlerEntryPoint:13:0:@llvm.dbg.declare	*global_alloc@llvm.dbg.declare
</harden/bcfiles/edk_bcfiles/HardwareHandler.bc>:HardwareHandlerEntryPoint:14:0:@llvm.dbg.declare	*global_alloc@llvm.dbg.declare
</harden/bcfiles/edk_bcfiles/HardwareHandler.bc>:HardwareHandlerEntryPoint:15:0:@llvm.dbg.declare	*global_alloc@llvm.dbg.declare
</harden/bcfiles/edk_bcfiles/HardwareHandler.bc>:HardwareHandlerEntryPoint:16:0:@llvm.dbg.declare	*global_alloc@llvm.dbg.declare
</harden/bcfiles/edk_bcfiles/HardwareHandler.bc>:GetButtonState:11:0:@IoWrite32	*global_alloc@IoWrite32
</harden/bcfiles/edk_bcfiles/HardwareHandler.bc>:GetButtonState:12:0:@IoWrite32	*global_alloc@IoWrite32
</harden/bcfiles/edk_bcfiles/HardwareHandler.bc>:SetButtonLock:10:0:@IoWrite32	*global_alloc@IoWrite32
</harden/bcfiles/edk_bcfiles/HardwareHandler.bc>:SetButtonLock:11:0:@IoWrite32	*global_alloc@IoWrite32
</harden/bcfiles/edk_bcfiles/HardwareHandler.bc>:SetButtonLock:15:0:@IoWrite32	*global_alloc@IoWrite32
</harden/bcfiles/edk_bcfiles/HardwareHandler.bc>:TriggerButtonAction:10:0:@IoWrite32	*global_alloc@IoWrite32
</harden/bcfiles/edk_bcfiles/HardwareHandler.bc>:TriggerButtonAction:11:0:@IoWrite32	*global_alloc@IoWrite32
</harden/bcfiles/edk_bcfiles/HardwareHandler.bc>:TriggerButtonAction:15:0:@IoWrite32	*global_alloc@IoWrite32
</harden/bcfiles/edk_bcfiles/HardwareHandler.bc>:ResetButtonState:10:0:@IoWrite32	*global_alloc@IoWrite32
</harden/bcfiles/edk_bcfiles/HardwareHandler.bc>:ResetButtonState:11:0:@IoWrite32	*global_alloc@IoWrite32
</harden/bcfiles/edk_bcfiles/HardwareHandler.bc>:ResetButtonState:15:0:@IoWrite32	*global_alloc@IoWrite32
</harden/bcfiles/edk_bcfiles/HardwareHandler.bc>:SetFanSpeed:11:0:@IoWrite32	*global_alloc@IoWrite32
</harden/bcfiles/edk_bcfiles/HardwareHandler.bc>:SetFanSpeed:12:0:@IoWrite32	*global_alloc@IoWrite32
</harden/bcfiles/edk_bcfiles/HardwareHandler.bc>:SetFanSpeed:16:0:@IoWrite32	*global_alloc@IoWrite32
</harden/bcfiles/edk_bcfiles/HardwareHandler.bc>:GetFanSpeed:13:0:@IoWrite32	*global_alloc@IoWrite32
</harden/bcfiles/edk_bcfiles/HardwareHandler.bc>:GetFanSpeed:14:0:@IoWrite32	*global_alloc@IoWrite32
</harden/bcfiles/edk_bcfiles/HardwareHandler.bc>:SetFanMode:12:0:@IoWrite32	*global_alloc@IoWrite32
</harden/bcfiles/edk_bcfiles/HardwareHandler.bc>:SetFanMode:13:0:@IoWrite32	*global_alloc@IoWrite32
</harden/bcfiles/edk_bcfiles/HardwareHandler.bc>:SetFanMode:17:0:@IoWrite32	*global_alloc@IoWrite32
</harden/bcfiles/edk_bcfiles/HardwareHandler.bc>:GetFanStatus:13:0:@IoWrite32	*global_alloc@IoWrite32
</harden/bcfiles/edk_bcfiles/HardwareHandler.bc>:GetFanStatus:14:0:@IoWrite32	*global_alloc@IoWrite32
</harden/bcfiles/edk_bcfiles/HardwareHandler.bc>:GetFanStatus:18:0:@IoWrite32	*global_alloc@IoWrite32
</harden/bcfiles/edk_bcfiles/HardwareHandler.bc>:SetLedColor:17:0:@IoWrite32	*global_alloc@IoWrite32
</harden/bcfiles/edk_bcfiles/HardwareHandler.bc>:SetLedColor:18:0:@IoWrite32	*global_alloc@IoWrite32
</harden/bcfiles/edk_bcfiles/HardwareHandler.bc>:SetLedColor:20:0:@IoWrite32	*global_alloc@IoWrite32
</harden/bcfiles/edk_bcfiles/HardwareHandler.bc>:SetLedBrightness:14:0:@IoWrite32	*global_alloc@IoWrite32
</harden/bcfiles/edk_bcfiles/HardwareHandler.bc>:SetLedBrightness:19:0:@IoWrite32	*global_alloc@IoWrite32
</harden/bcfiles/edk_bcfiles/HardwareHandler.bc>:SetLedBrightness:23:0:@IoWrite32	*global_alloc@IoWrite32
</harden/bcfiles/edk_bcfiles/HardwareHandler.bc>:SetLedEffect:25:0:@IoWrite32	*global_alloc@IoWrite32
</harden/bcfiles/edk_bcfiles/HardwareHandler.bc>:SetLedEffect:26:0:@IoWrite32	*global_alloc@IoWrite32
</harden/bcfiles/edk_bcfiles/HardwareHandler.bc>:SetLedEffect:28:0:@IoWrite32	*global_alloc@IoWrite32
</harden/bcfiles/edk_bcfiles/HardwareHandler.bc>:ResetLed:11:0:@IoWrite32	*global_alloc@IoWrite32
</harden/bcfiles/edk_bcfiles/HardwareHandler.bc>:ResetLed:12:0:@IoWrite32	*global_alloc@IoWrite32
</harden/bcfiles/edk_bcfiles/HardwareHandler.bc>:ResetLed:13:0:@IoWrite32	*global_alloc@IoWrite32
</harden/bcfiles/edk_bcfiles/HardwareHandler.bc>:GetTemperature:9:0:@IoWrite32	*global_alloc@IoWrite32
</harden/bcfiles/edk_bcfiles/HardwareHandler.bc>:GetTemperature:10:0:@IoWrite32	*global_alloc@IoWrite32
</harden/bcfiles/edk_bcfiles/HardwareHandler.bc>:SetThreshold:9:0:@IoWrite32	*global_alloc@IoWrite32
</harden/bcfiles/edk_bcfiles/HardwareHandler.bc>:SetThreshold:10:0:@IoWrite32	*global_alloc@IoWrite32
</harden/bcfiles/edk_bcfiles/HardwareHandler.bc>:SetThreshold:14:0:@IoWrite32	*global_alloc@IoWrite32
</harden/bcfiles/edk_bcfiles/HardwareHandler.bc>:GetSensorStatus:11:0:@IoWrite32	*global_alloc@IoWrite32
</harden/bcfiles/edk_bcfiles/HardwareHandler.bc>:GetSensorStatus:12:0:@IoWrite32	*global_alloc@IoWrite32
</harden/bcfiles/edk_bcfiles/HardwareHandler.bc>:ResetSensor:9:0:@IoWrite32	*global_alloc@IoWrite32
</harden/bcfiles/edk_bcfiles/HardwareHandler.bc>:ResetSensor:10:0:@IoWrite32	*global_alloc@IoWrite32
</harden/bcfiles/edk_bcfiles/HardwareHandler.bc>:ResetSensor:16:0:@IoWrite32	*global_alloc@IoWrite32
</harden/bcfiles/edk_bcfiles/HardwareHandler.bc>:GetButtonState:13:0:@IoRead32	*global_alloc@IoRead32
</harden/bcfiles/edk_bcfiles/HardwareHandler.bc>:SetButtonLock:16:0:@IoRead32	*global_alloc@IoRead32
</harden/bcfiles/edk_bcfiles/HardwareHandler.bc>:TriggerButtonAction:16:0:@IoRead32	*global_alloc@IoRead32
</harden/bcfiles/edk_bcfiles/HardwareHandler.bc>:ResetButtonState:16:0:@IoRead32	*global_alloc@IoRead32
</harden/bcfiles/edk_bcfiles/HardwareHandler.bc>:SetFanSpeed:18:0:@IoRead32	*global_alloc@IoRead32
</harden/bcfiles/edk_bcfiles/HardwareHandler.bc>:GetFanSpeed:15:0:@IoRead32	*global_alloc@IoRead32
</harden/bcfiles/edk_bcfiles/HardwareHandler.bc>:SetFanMode:18:0:@IoRead32	*global_alloc@IoRead32
</harden/bcfiles/edk_bcfiles/HardwareHandler.bc>:GetFanStatus:19:0:@IoRead32	*global_alloc@IoRead32
</harden/bcfiles/edk_bcfiles/HardwareHandler.bc>:SetLedColor:22:0:@IoRead32	*global_alloc@IoRead32
</harden/bcfiles/edk_bcfiles/HardwareHandler.bc>:SetLedBrightness:25:0:@IoRead32	*global_alloc@IoRead32
</harden/bcfiles/edk_bcfiles/HardwareHandler.bc>:SetLedEffect:30:0:@IoRead32	*global_alloc@IoRead32
</harden/bcfiles/edk_bcfiles/HardwareHandler.bc>:ResetLed:15:0:@IoRead32	*global_alloc@IoRead32
</harden/bcfiles/edk_bcfiles/HardwareHandler.bc>:GetTemperature:11:0:@IoRead32	*global_alloc@IoRead32
</harden/bcfiles/edk_bcfiles/HardwareHandler.bc>:GetSensorStatus:13:0:@IoRead32	*global_alloc@IoRead32
</harden/bcfiles/edk_bcfiles/HardwareHandler.bc>:ResetSensor:11:0:@IoRead32	*global_alloc@IoRead32
</harden/bcfiles/edk_bcfiles/HardwareHandler.bc>:HardwareHandlerCheckLicense:6:0:@llvm.memset.p0i8.i64	*global_alloc@llvm.memset.p0i8.i64
</harden/bcfiles/edk_bcfiles/HardwareHandler.bc>:HardwareHandlerCheckLicense:17:0:@DebugPrintEnabled	*global_alloc@DebugPrintEnabled
</harden/bcfiles/edk_bcfiles/HardwareHandler.bc>:HardwareHandlerCheckLicense:42:0:@DebugPrintEnabled	*global_alloc@DebugPrintEnabled
</harden/bcfiles/edk_bcfiles/HardwareHandler.bc>:HardwareHandlerCheckLicense:21:0:@DebugPrintLevelEnabled	*global_alloc@DebugPrintLevelEnabled
</harden/bcfiles/edk_bcfiles/HardwareHandler.bc>:HardwareHandlerCheckLicense:46:0:@DebugPrintLevelEnabled	*global_alloc@DebugPrintLevelEnabled
</harden/bcfiles/edk_bcfiles/HardwareHandler.bc>:HardwareHandlerCheckLicense:24:0:@DebugPrint	*global_alloc@DebugPrint
</harden/bcfiles/edk_bcfiles/HardwareHandler.bc>:HardwareHandlerCheckLicense:49:0:@DebugPrint	*global_alloc@DebugPrint
</harden/bcfiles/edk_bcfiles/HardwareHandler.bc>:HardwareHandlerCheckLicense:7:0:@mHardwareManagerLicenseProtocol	*global_alloc@mHardwareManagerLicenseProtocol
</harden/bcfiles/edk_bcfiles/HardwareHandler.bc>:HardwareHandlerCheckLicense:32:0:@mHardwareManagerLicenseProtocol	*global_alloc@mHardwareManagerLicenseProtocol
</harden/bcfiles/edk_bcfiles/HardwareHandler.bc>:HardwareHandlerEntryPoint:20:2:bitcast (%struct._HARDWARE_MANAGER_LICENSE_PROTOCOL** @mHardwareManagerLicenseProtocol to i8**)	*global_alloc@mHardwareManagerLicenseProtocol
</harden/bcfiles/edk_bcfiles/HardwareHandler.bc>:HardwareHandlerEntryPoint:20:3:@mHardwareManagerLicenseProtocol	*global_alloc@mHardwareManagerLicenseProtocol
</harden/bcfiles/edk_bcfiles/HardwareHandler.bc>:HardwareHandlerCheckLicense:24:3:@.str	*global_alloc@.str
</harden/bcfiles/edk_bcfiles/HardwareHandler.bc>:HardwareHandlerCheckLicense:24:7:@__func__.HardwareHandlerCheckLicense	*global_alloc@__func__.HardwareHandlerCheckLicense
</harden/bcfiles/edk_bcfiles/HardwareHandler.bc>:HardwareHandlerCheckLicense:49:7:@__func__.HardwareHandlerCheckLicense	*global_alloc@__func__.HardwareHandlerCheckLicense
</harden/bcfiles/edk_bcfiles/HardwareHandler.bc>:HardwareHandlerCheckLicense:49:3:@.str.1	*global_alloc@.str.1
</harden/bcfiles/edk_bcfiles/HardwareHandler.bc>:HardwareHandlerEntryPoint:17:0:@gSmst	*global_alloc@gSmst
</harden/bcfiles/edk_bcfiles/HardwareHandler.bc>:HardwareHandlerEntryPoint:28:0:@gSmst	*global_alloc@gSmst
</harden/bcfiles/edk_bcfiles/HardwareHandler.bc>:HardwareHandlerEntryPoint:53:0:@gSmst	*global_alloc@gSmst
</harden/bcfiles/edk_bcfiles/HardwareHandler.bc>:HardwareHandlerEntryPoint:66:0:@gSmst	*global_alloc@gSmst
</harden/bcfiles/edk_bcfiles/HardwareHandler.bc>:HardwareHandlerEntryPoint:91:0:@gSmst	*global_alloc@gSmst
</harden/bcfiles/edk_bcfiles/HardwareHandler.bc>:HardwareHandlerEntryPoint:104:0:@gSmst	*global_alloc@gSmst
</harden/bcfiles/edk_bcfiles/HardwareHandler.bc>:HardwareHandlerEntryPoint:129:0:@gSmst	*global_alloc@gSmst
</harden/bcfiles/edk_bcfiles/HardwareHandler.bc>:HardwareHandlerEntryPoint:144:0:@gSmst	*global_alloc@gSmst
</harden/bcfiles/edk_bcfiles/HardwareHandler.bc>:HardwareHandlerEntryPoint:20:0:@gEfiHardwareLicenseProtocolGuid	*global_alloc@gEfiHardwareLicenseProtocolGuid
</harden/bcfiles/edk_bcfiles/HardwareHandler.bc>:HardwareHandlerEntryPoint:58:0:@gEfiFanControllerProtocolGuid	*global_alloc@gEfiFanControllerProtocolGuid
</harden/bcfiles/edk_bcfiles/HardwareHandler.bc>:HardwareHandlerEntryPoint:96:0:@gEfiLedControllerProtocolGuid	*global_alloc@gEfiLedControllerProtocolGuid
</harden/bcfiles/edk_bcfiles/HardwareHandler.bc>:HardwareHandlerEntryPoint:134:0:@gEfiThermalSensorProtocolGuid	*global_alloc@gEfiThermalSensorProtocolGuid
</harden/bcfiles/edk_bcfiles/HardwareHandler.bc>:HardwareHandlerEntryPoint:143:2:@mHardwareHandlerReady	*global_alloc@mHardwareHandlerReady
</harden/bcfiles/edk_bcfiles/HardwareHandler.bc>:HardwareHandlerEntryPoint:147:2:bitcast (%struct._NOTIFY_PROTOCOL_READY_PROTOCOL* @mHardwareHandlerReady to i8*)	*global_alloc@mHardwareHandlerReady
</harden/bcfiles/edk_bcfiles/HardwareHandler.bc>:HardwareHandlerEntryPoint:147:3:@mHardwareHandlerReady	*global_alloc@mHardwareHandlerReady
</harden/bcfiles/edk_bcfiles/HardwareHandler.bc>:HardwareHandlerEntryPoint:147:0:@gEfiHardwareHandlerReadyProtocolGuid	*global_alloc@gEfiHardwareHandlerReadyProtocolGuid
</harden/bcfiles/edk_bcfiles/HardwareHandler.bc>:HardwareHandlerEntryPoint:%3	*stack_alloc@HardwareHandlerEntryPoint[i64* %3]
</harden/bcfiles/edk_bcfiles/HardwareHandler.bc>:HardwareHandlerEntryPoint:%4	*stack_alloc@HardwareHandlerEntryPoint[i8** %4]
</harden/bcfiles/edk_bcfiles/HardwareHandler.bc>:HardwareHandlerEntryPoint:%5	*stack_alloc@HardwareHandlerEntryPoint[%struct.EFI_SYSTEM_TABLE** %5]
</harden/bcfiles/edk_bcfiles/HardwareHandler.bc>:HardwareHandlerEntryPoint:%6	*stack_alloc@HardwareHandlerEntryPoint[i64* %6]
</harden/bcfiles/edk_bcfiles/HardwareHandler.bc>:HardwareHandlerEntryPoint:%23	*stack_alloc@HardwareHandlerEntryPoint[%struct._FAN_CONTROLLER_PROTOCOL** %7]
</harden/bcfiles/edk_bcfiles/HardwareHandler.bc>:HardwareHandlerEntryPoint:%7	*stack_alloc@HardwareHandlerEntryPoint[%struct._FAN_CONTROLLER_PROTOCOL** %7]
</harden/bcfiles/edk_bcfiles/HardwareHandler.bc>:HardwareHandlerEntryPoint:%81	*stack_alloc@HardwareHandlerEntryPoint[%struct._THERMAL_SENSOR_PROTOCOL** %8]
</harden/bcfiles/edk_bcfiles/HardwareHandler.bc>:HardwareHandlerEntryPoint:%8	*stack_alloc@HardwareHandlerEntryPoint[%struct._THERMAL_SENSOR_PROTOCOL** %8]
</harden/bcfiles/edk_bcfiles/HardwareHandler.bc>:HardwareHandlerEntryPoint:%52	*stack_alloc@HardwareHandlerEntryPoint[%struct._LED_CONTROLLER_PROTOCOL** %9]
</harden/bcfiles/edk_bcfiles/HardwareHandler.bc>:HardwareHandlerEntryPoint:%9	*stack_alloc@HardwareHandlerEntryPoint[%struct._LED_CONTROLLER_PROTOCOL** %9]
</harden/bcfiles/edk_bcfiles/HardwareHandler.bc>:HardwareHandlerEntryPoint:%10	*stack_alloc@HardwareHandlerEntryPoint[i8** %10]
</harden/bcfiles/edk_bcfiles/HardwareHandler.bc>:HardwareHandlerCheckLicense:24:2:getelementptr inbounds ([53 x i8], [53 x i8]* @.str, i64 0, i64 0)	*global_alloc@.str[0]
</harden/bcfiles/edk_bcfiles/HardwareHandler.bc>:HardwareHandlerCheckLicense:24:6:getelementptr inbounds ([28 x i8], [28 x i8]* @__func__.HardwareHandlerCheckLicense, i64 0, i64 0)	*global_alloc@__func__.HardwareHandlerCheckLicense[0]
</harden/bcfiles/edk_bcfiles/HardwareHandler.bc>:HardwareHandlerCheckLicense:49:6:getelementptr inbounds ([28 x i8], [28 x i8]* @__func__.HardwareHandlerCheckLicense, i64 0, i64 0)	*global_alloc@__func__.HardwareHandlerCheckLicense[0]
</harden/bcfiles/edk_bcfiles/HardwareHandler.bc>:HardwareHandlerCheckLicense:49:2:getelementptr inbounds ([30 x i8], [30 x i8]* @.str.1, i64 0, i64 0)	*global_alloc@.str.1[0]
</harden/bcfiles/edk_bcfiles/HardwareHandler.bc>:HardwareHandlerEntryPoint:143:1:getelementptr inbounds (%struct._NOTIFY_PROTOCOL_READY_PROTOCOL, %struct._NOTIFY_PROTOCOL_READY_PROTOCOL* @mHardwareHandlerReady, i32 0, i32 0)	*global_alloc@mHardwareHandlerReady[0].?/0
</harden/bcfiles/edk_bcfiles/HardwareHandler.bc>:HardwareHandlerCheckLicense:24:2:getelementptr inbounds ([53 x i8], [53 x i8]* @.str, i64 0, i64 0)	*global_alloc@.str[0][*]
</harden/bcfiles/edk_bcfiles/HardwareHandler.bc>:HardwareHandlerCheckLicense:24:6:getelementptr inbounds ([28 x i8], [28 x i8]* @__func__.HardwareHandlerCheckLicense, i64 0, i64 0)	*global_alloc@__func__.HardwareHandlerCheckLicense[0][*]
</harden/bcfiles/edk_bcfiles/HardwareHandler.bc>:HardwareHandlerCheckLicense:49:6:getelementptr inbounds ([28 x i8], [28 x i8]* @__func__.HardwareHandlerCheckLicense, i64 0, i64 0)	*global_alloc@__func__.HardwareHandlerCheckLicense[0][*]
</harden/bcfiles/edk_bcfiles/HardwareHandler.bc>:HardwareHandlerCheckLicense:49:2:getelementptr inbounds ([30 x i8], [30 x i8]* @.str.1, i64 0, i64 0)	*global_alloc@.str.1[0][*]
</harden/bcfiles/edk_bcfiles/HardwareHandler.bc>:HardwareHandlerCheckLicense:%1	*stack_alloc@HardwareHandlerCheckLicense[i64* %1]
</harden/bcfiles/edk_bcfiles/HardwareHandler.bc>:HardwareHandlerCheckLicense:%2	*stack_alloc@HardwareHandlerCheckLicense[i64* %2]
</harden/bcfiles/edk_bcfiles/HardwareHandler.bc>:HardwareHandlerCheckLicense:%30	*stack_alloc@HardwareHandlerCheckLicense[[64 x i8]* %3]
</harden/bcfiles/edk_bcfiles/HardwareHandler.bc>:HardwareHandlerCheckLicense:%4	*stack_alloc@HardwareHandlerCheckLicense[[64 x i8]* %3]
</harden/bcfiles/edk_bcfiles/HardwareHandler.bc>:HardwareHandlerCheckLicense:%8	*stack_alloc@HardwareHandlerCheckLicense[[64 x i8]* %3]
</harden/bcfiles/edk_bcfiles/HardwareHandler.bc>:HardwareHandlerCheckLicense:%3	*stack_alloc@HardwareHandlerCheckLicense[[64 x i8]* %3]
</harden/bcfiles/edk_bcfiles/HardwareHandler.bc>:HardwareHandlerCheckLicense:%30	*stack_alloc@HardwareHandlerCheckLicense[[64 x i8]* %3][0]
</harden/bcfiles/edk_bcfiles/HardwareHandler.bc>:HardwareHandlerCheckLicense:%8	*stack_alloc@HardwareHandlerCheckLicense[[64 x i8]* %3][0]
</harden/bcfiles/edk_bcfiles/HardwareHandler.bc>:HardwareHandlerCheckLicense:%30	*stack_alloc@HardwareHandlerCheckLicense[[64 x i8]* %3][0][*]
</harden/bcfiles/edk_bcfiles/HardwareHandler.bc>:HardwareHandlerCheckLicense:%8	*stack_alloc@HardwareHandlerCheckLicense[[64 x i8]* %3][0][*]
