</harden/bcfiles/linux_bcfiles/kbdi.bc>:usb_keyboard_probe:67	</harden/bcfiles/linux_bcfiles/kbdi.bc>:usb_keyboard_probe:%48	</harden/bcfiles/linux_bcfiles/kbdi.bc>:kasan_check_write	</harden/bcfiles/linux_bcfiles/kbdi.bc>:kasan_check_write:%0
</harden/bcfiles/linux_bcfiles/kbdi.bc>:usb_keyboard_probe:67	</harden/bcfiles/linux_bcfiles/kbdi.bc>:usb_keyboard_probe:%50	</harden/bcfiles/linux_bcfiles/kbdi.bc>:kasan_check_write	</harden/bcfiles/linux_bcfiles/kbdi.bc>:kasan_check_write:%1
</harden/bcfiles/linux_bcfiles/kbdi.bc>:usb_keyboard_probe:70	</harden/bcfiles/linux_bcfiles/kbdi.bc>:usb_keyboard_probe:%52	</harden/bcfiles/linux_bcfiles/kbdi.bc>:kcsan_check_access	</harden/bcfiles/linux_bcfiles/kbdi.bc>:kcsan_check_access:%0
</harden/bcfiles/linux_bcfiles/kbdi.bc>:usb_keyboard_probe:70	</harden/bcfiles/linux_bcfiles/kbdi.bc>:usb_keyboard_probe:%53	</harden/bcfiles/linux_bcfiles/kbdi.bc>:kcsan_check_access	</harden/bcfiles/linux_bcfiles/kbdi.bc>:kcsan_check_access:%1
</harden/bcfiles/linux_bcfiles/kbdi.bc>:usb_keyboard_probe:114	</harden/bcfiles/linux_bcfiles/kbdi.bc>:usb_keyboard_probe:%80	</harden/bcfiles/linux_bcfiles/kbdi.bc>:kasan_check_write	</harden/bcfiles/linux_bcfiles/kbdi.bc>:kasan_check_write:%0
</harden/bcfiles/linux_bcfiles/kbdi.bc>:usb_keyboard_probe:114	</harden/bcfiles/linux_bcfiles/kbdi.bc>:usb_keyboard_probe:%82	</harden/bcfiles/linux_bcfiles/kbdi.bc>:kasan_check_write	</harden/bcfiles/linux_bcfiles/kbdi.bc>:kasan_check_write:%1
</harden/bcfiles/linux_bcfiles/kbdi.bc>:usb_keyboard_probe:117	</harden/bcfiles/linux_bcfiles/kbdi.bc>:usb_keyboard_probe:%84	</harden/bcfiles/linux_bcfiles/kbdi.bc>:kcsan_check_access	</harden/bcfiles/linux_bcfiles/kbdi.bc>:kcsan_check_access:%0
</harden/bcfiles/linux_bcfiles/kbdi.bc>:usb_keyboard_probe:117	</harden/bcfiles/linux_bcfiles/kbdi.bc>:usb_keyboard_probe:%85	</harden/bcfiles/linux_bcfiles/kbdi.bc>:kcsan_check_access	</harden/bcfiles/linux_bcfiles/kbdi.bc>:kcsan_check_access:%1
</harden/bcfiles/linux_bcfiles/kbdi.bc>:usb_keyboard_probe:165	</harden/bcfiles/linux_bcfiles/kbdi.bc>:usb_keyboard_probe:%120	</harden/bcfiles/linux_bcfiles/kbdi.bc>:input_report_key	</harden/bcfiles/linux_bcfiles/kbdi.bc>:input_report_key:%0
</harden/bcfiles/linux_bcfiles/kbdi.bc>:usb_keyboard_probe:167	</harden/bcfiles/linux_bcfiles/kbdi.bc>:usb_keyboard_probe:%121	</harden/bcfiles/linux_bcfiles/kbdi.bc>:input_sync	</harden/bcfiles/linux_bcfiles/kbdi.bc>:input_sync:%0
</harden/bcfiles/linux_bcfiles/kbdi.bc>:usb_keyboard_probe:169	</harden/bcfiles/linux_bcfiles/kbdi.bc>:usb_keyboard_probe:%122	</harden/bcfiles/linux_bcfiles/kbdi.bc>:input_report_key	</harden/bcfiles/linux_bcfiles/kbdi.bc>:input_report_key:%0
</harden/bcfiles/linux_bcfiles/kbdi.bc>:usb_keyboard_probe:171	</harden/bcfiles/linux_bcfiles/kbdi.bc>:usb_keyboard_probe:%123	</harden/bcfiles/linux_bcfiles/kbdi.bc>:input_sync	</harden/bcfiles/linux_bcfiles/kbdi.bc>:input_sync:%0
