</harden/bcfiles/linux_bcfiles/kbdi.bc>:usb_keyboard_probe:%9	</harden/bcfiles/linux_bcfiles/kbdi.bc>:usb_keyboard_probe:%48
</harden/bcfiles/linux_bcfiles/kbdi.bc>:usb_keyboard_probe:%9	</harden/bcfiles/linux_bcfiles/kbdi.bc>:usb_keyboard_probe:%52
</harden/bcfiles/linux_bcfiles/kbdi.bc>:usb_keyboard_probe:%10	</harden/bcfiles/linux_bcfiles/kbdi.bc>:usb_keyboard_probe:%53
</harden/bcfiles/linux_bcfiles/kbdi.bc>:usb_keyboard_probe:%5	</harden/bcfiles/linux_bcfiles/kbdi.bc>:usb_keyboard_probe:%56
</harden/bcfiles/linux_bcfiles/kbdi.bc>:usb_keyboard_probe:%6	</harden/bcfiles/linux_bcfiles/kbdi.bc>:usb_keyboard_probe:%69
</harden/bcfiles/linux_bcfiles/kbdi.bc>:usb_keyboard_probe:%5	</harden/bcfiles/linux_bcfiles/kbdi.bc>:usb_keyboard_probe:%70
</harden/bcfiles/linux_bcfiles/kbdi.bc>:usb_keyboard_probe:%7	</harden/bcfiles/linux_bcfiles/kbdi.bc>:usb_keyboard_probe:%80
</harden/bcfiles/linux_bcfiles/kbdi.bc>:usb_keyboard_probe:%7	</harden/bcfiles/linux_bcfiles/kbdi.bc>:usb_keyboard_probe:%84
</harden/bcfiles/linux_bcfiles/kbdi.bc>:usb_keyboard_probe:%8	</harden/bcfiles/linux_bcfiles/kbdi.bc>:usb_keyboard_probe:%85
</harden/bcfiles/linux_bcfiles/kbdi.bc>:usb_keyboard_probe:%3	</harden/bcfiles/linux_bcfiles/kbdi.bc>:usb_keyboard_probe:%88
</harden/bcfiles/linux_bcfiles/kbdi.bc>:usb_keyboard_probe:%4	</harden/bcfiles/linux_bcfiles/kbdi.bc>:usb_keyboard_probe:%101
</harden/bcfiles/linux_bcfiles/kbdi.bc>:usb_keyboard_probe:%3	</harden/bcfiles/linux_bcfiles/kbdi.bc>:usb_keyboard_probe:%102
</harden/bcfiles/linux_bcfiles/kbdi.bc>:usb_keyboard_probe:142:0:@input_dev	</harden/bcfiles/linux_bcfiles/kbdi.bc>:usb_keyboard_probe:%104
</harden/bcfiles/linux_bcfiles/kbdi.bc>:usb_keyboard_probe:153:0:@input_dev	</harden/bcfiles/linux_bcfiles/kbdi.bc>:usb_keyboard_probe:%113
</harden/bcfiles/linux_bcfiles/kbdi.bc>:usb_keyboard_probe:164:0:@input_dev	</harden/bcfiles/linux_bcfiles/kbdi.bc>:usb_keyboard_probe:%120
</harden/bcfiles/linux_bcfiles/kbdi.bc>:usb_keyboard_probe:166:0:@input_dev	</harden/bcfiles/linux_bcfiles/kbdi.bc>:usb_keyboard_probe:%121
</harden/bcfiles/linux_bcfiles/kbdi.bc>:usb_keyboard_probe:168:0:@input_dev	</harden/bcfiles/linux_bcfiles/kbdi.bc>:usb_keyboard_probe:%122
</harden/bcfiles/linux_bcfiles/kbdi.bc>:usb_keyboard_probe:170:0:@input_dev	</harden/bcfiles/linux_bcfiles/kbdi.bc>:usb_keyboard_probe:%123
</harden/bcfiles/linux_bcfiles/kbdi.bc>:usb_keyboard_disconnect:6:0:@input_dev	</harden/bcfiles/linux_bcfiles/kbdi.bc>:usb_keyboard_disconnect:%6
</harden/bcfiles/linux_bcfiles/kbdi.bc>:usb_keyboard_disconnect:8:0:@input_dev	</harden/bcfiles/linux_bcfiles/kbdi.bc>:usb_keyboard_disconnect:%7
</harden/bcfiles/linux_bcfiles/kbdi.bc>:input_report_key:%4	</harden/bcfiles/linux_bcfiles/kbdi.bc>:input_report_key:%7
</harden/bcfiles/linux_bcfiles/kbdi.bc>:input_report_key:%5	</harden/bcfiles/linux_bcfiles/kbdi.bc>:input_report_key:%8
</harden/bcfiles/linux_bcfiles/kbdi.bc>:input_sync:%2	</harden/bcfiles/linux_bcfiles/kbdi.bc>:input_sync:%3
</harden/bcfiles/linux_bcfiles/kbdi.bc>:usb_keyboard_probe:%15	</harden/bcfiles/linux_bcfiles/kbdi.bc>:usb_keyboard_probe:%129
</harden/bcfiles/linux_bcfiles/kbdi.bc>:usb_keyboard_probe:%20	</harden/bcfiles/linux_bcfiles/kbdi.bc>:usb_keyboard_probe:%112
</harden/bcfiles/linux_bcfiles/kbdi.bc>:usb_keyboard_probe:%21	</harden/bcfiles/linux_bcfiles/kbdi.bc>:usb_keyboard_probe:%125
</harden/bcfiles/linux_bcfiles/kbdi.bc>:usb_keyboard_probe:%91	</harden/bcfiles/linux_bcfiles/kbdi.bc>:usb_keyboard_probe:%92
</harden/bcfiles/linux_bcfiles/kbdi.bc>:usb_keyboard_probe:%13	</harden/bcfiles/linux_bcfiles/kbdi.bc>:usb_keyboard_probe:%86
</harden/bcfiles/linux_bcfiles/kbdi.bc>:usb_keyboard_probe:%78	</harden/bcfiles/linux_bcfiles/kbdi.bc>:usb_keyboard_probe:%79
</harden/bcfiles/linux_bcfiles/kbdi.bc>:usb_keyboard_probe:%14	</harden/bcfiles/linux_bcfiles/kbdi.bc>:usb_keyboard_probe:%75
</harden/bcfiles/linux_bcfiles/kbdi.bc>:usb_keyboard_probe:%5	</harden/bcfiles/linux_bcfiles/kbdi.bc>:usb_keyboard_probe:%64
</harden/bcfiles/linux_bcfiles/kbdi.bc>:usb_keyboard_probe:%5	</harden/bcfiles/linux_bcfiles/kbdi.bc>:usb_keyboard_probe:%61
</harden/bcfiles/linux_bcfiles/kbdi.bc>:usb_keyboard_probe:%13	</harden/bcfiles/linux_bcfiles/kbdi.bc>:usb_keyboard_probe:%76
</harden/bcfiles/linux_bcfiles/kbdi.bc>:usb_keyboard_probe:%6	</harden/bcfiles/linux_bcfiles/kbdi.bc>:usb_keyboard_probe:%59
</harden/bcfiles/linux_bcfiles/kbdi.bc>:usb_keyboard_probe:%21	</harden/bcfiles/linux_bcfiles/kbdi.bc>:usb_keyboard_probe:%117
</harden/bcfiles/linux_bcfiles/kbdi.bc>:usb_keyboard_probe:%11	</harden/bcfiles/linux_bcfiles/kbdi.bc>:usb_keyboard_probe:%54
</harden/bcfiles/linux_bcfiles/kbdi.bc>:usb_keyboard_probe:%10	</harden/bcfiles/linux_bcfiles/kbdi.bc>:usb_keyboard_probe:%49
</harden/bcfiles/linux_bcfiles/kbdi.bc>:usb_keyboard_probe:%3	</harden/bcfiles/linux_bcfiles/kbdi.bc>:usb_keyboard_probe:%93
</harden/bcfiles/linux_bcfiles/kbdi.bc>:usb_keyboard_probe:%8	</harden/bcfiles/linux_bcfiles/kbdi.bc>:usb_keyboard_probe:%81
</harden/bcfiles/linux_bcfiles/kbdi.bc>:usb_keyboard_probe:%11	</harden/bcfiles/linux_bcfiles/kbdi.bc>:usb_keyboard_probe:%44
</harden/bcfiles/linux_bcfiles/kbdi.bc>:usb_keyboard_probe:48:0:@input_dev	</harden/bcfiles/linux_bcfiles/kbdi.bc>:usb_keyboard_probe:%40
</harden/bcfiles/linux_bcfiles/kbdi.bc>:usb_keyboard_probe:39:0:@input_dev	</harden/bcfiles/linux_bcfiles/kbdi.bc>:usb_keyboard_probe:%33
</harden/bcfiles/linux_bcfiles/kbdi.bc>:usb_keyboard_probe:%18	</harden/bcfiles/linux_bcfiles/kbdi.bc>:usb_keyboard_probe:%106
</harden/bcfiles/linux_bcfiles/kbdi.bc>:usb_keyboard_probe:44:0:@input_dev	</harden/bcfiles/linux_bcfiles/kbdi.bc>:usb_keyboard_probe:%37
</harden/bcfiles/linux_bcfiles/kbdi.bc>:usb_keyboard_probe:36:0:@input_dev	</harden/bcfiles/linux_bcfiles/kbdi.bc>:usb_keyboard_probe:%31
</harden/bcfiles/linux_bcfiles/kbdi.bc>:usb_keyboard_probe:%19	</harden/bcfiles/linux_bcfiles/kbdi.bc>:usb_keyboard_probe:%29
</harden/bcfiles/linux_bcfiles/kbdi.bc>:usb_keyboard_probe:%12	</harden/bcfiles/linux_bcfiles/kbdi.bc>:usb_keyboard_probe:%55
</harden/bcfiles/linux_bcfiles/kbdi.bc>:usb_keyboard_probe:95:0:@input_dev	</harden/bcfiles/linux_bcfiles/kbdi.bc>:usb_keyboard_probe:%72
</harden/bcfiles/linux_bcfiles/kbdi.bc>:usb_keyboard_probe:%46	</harden/bcfiles/linux_bcfiles/kbdi.bc>:usb_keyboard_probe:%47
</harden/bcfiles/linux_bcfiles/kbdi.bc>:usb_keyboard_probe:26:0:@input_dev	</harden/bcfiles/linux_bcfiles/kbdi.bc>:usb_keyboard_probe:%23
</harden/bcfiles/linux_bcfiles/kbdi.bc>:usb_keyboard_probe:%12	</harden/bcfiles/linux_bcfiles/kbdi.bc>:usb_keyboard_probe:%43
</harden/bcfiles/linux_bcfiles/kbdi.bc>:usb_keyboard_probe:%16	</harden/bcfiles/linux_bcfiles/kbdi.bc>:usb_keyboard_probe:%35
</harden/bcfiles/linux_bcfiles/kbdi.bc>:usb_keyboard_probe:%4	</harden/bcfiles/linux_bcfiles/kbdi.bc>:usb_keyboard_probe:%91
</harden/bcfiles/linux_bcfiles/kbdi.bc>:usb_keyboard_probe:%18	</harden/bcfiles/linux_bcfiles/kbdi.bc>:usb_keyboard_probe:%114
</harden/bcfiles/linux_bcfiles/kbdi.bc>:usb_keyboard_probe:%59	</harden/bcfiles/linux_bcfiles/kbdi.bc>:usb_keyboard_probe:%60
</harden/bcfiles/linux_bcfiles/kbdi.bc>:usb_keyboard_probe:%14	</harden/bcfiles/linux_bcfiles/kbdi.bc>:usb_keyboard_probe:%87
</harden/bcfiles/linux_bcfiles/kbdi.bc>:usb_keyboard_probe:%3	</harden/bcfiles/linux_bcfiles/kbdi.bc>:usb_keyboard_probe:%96
</harden/bcfiles/linux_bcfiles/kbdi.bc>:usb_keyboard_disconnect:3:0:@input_dev	</harden/bcfiles/linux_bcfiles/kbdi.bc>:usb_keyboard_disconnect:%3
</harden/bcfiles/linux_bcfiles/kbdi.bc>:input_report_key:%6	</harden/bcfiles/linux_bcfiles/kbdi.bc>:input_report_key:%9
