</harden/bcfiles/linux_bcfiles/kbdi.bc>:usb_keyboard_init:0	</harden/bcfiles/linux_bcfiles/kbdi.bc>:usb_keyboard_init:0:0:@usb_register_driver
</harden/bcfiles/linux_bcfiles/kbdi.bc>:usb_keyboard_exit:0	</harden/bcfiles/linux_bcfiles/kbdi.bc>:usb_keyboard_exit:0:0:@usb_deregister
</harden/bcfiles/linux_bcfiles/kbdi.bc>:usb_keyboard_probe:20	</harden/bcfiles/linux_bcfiles/kbdi.bc>:usb_keyboard_probe:20:0:@llvm.dbg.declare
</harden/bcfiles/linux_bcfiles/kbdi.bc>:usb_keyboard_probe:22	</harden/bcfiles/linux_bcfiles/kbdi.bc>:usb_keyboard_probe:22:0:@llvm.dbg.declare
</harden/bcfiles/linux_bcfiles/kbdi.bc>:usb_keyboard_probe:23	</harden/bcfiles/linux_bcfiles/kbdi.bc>:usb_keyboard_probe:23:0:@llvm.dbg.declare
</harden/bcfiles/linux_bcfiles/kbdi.bc>:usb_keyboard_probe:24	</harden/bcfiles/linux_bcfiles/kbdi.bc>:usb_keyboard_probe:24:0:@input_allocate_device
</harden/bcfiles/linux_bcfiles/kbdi.bc>:usb_keyboard_probe:31	</harden/bcfiles/linux_bcfiles/kbdi.bc>:usb_keyboard_probe:31:0:@_printk
</harden/bcfiles/linux_bcfiles/kbdi.bc>:usb_keyboard_probe:52	</harden/bcfiles/linux_bcfiles/kbdi.bc>:usb_keyboard_probe:52:0:@llvm.dbg.declare
</harden/bcfiles/linux_bcfiles/kbdi.bc>:usb_keyboard_probe:54	</harden/bcfiles/linux_bcfiles/kbdi.bc>:usb_keyboard_probe:54:0:@llvm.dbg.declare
</harden/bcfiles/linux_bcfiles/kbdi.bc>:usb_keyboard_probe:61	</harden/bcfiles/linux_bcfiles/kbdi.bc>:usb_keyboard_probe:61:0:@llvm.dbg.declare
</harden/bcfiles/linux_bcfiles/kbdi.bc>:usb_keyboard_probe:63	</harden/bcfiles/linux_bcfiles/kbdi.bc>:usb_keyboard_probe:63:0:@llvm.dbg.declare
</harden/bcfiles/linux_bcfiles/kbdi.bc>:usb_keyboard_probe:67	</harden/bcfiles/linux_bcfiles/kbdi.bc>:usb_keyboard_probe:67:0:@kasan_check_write
</harden/bcfiles/linux_bcfiles/kbdi.bc>:usb_keyboard_probe:70	</harden/bcfiles/linux_bcfiles/kbdi.bc>:usb_keyboard_probe:70:0:@kcsan_check_access
</harden/bcfiles/linux_bcfiles/kbdi.bc>:usb_keyboard_probe:74	</harden/bcfiles/linux_bcfiles/kbdi.bc>:usb_keyboard_probe:74:0:@llvm.dbg.declare
</harden/bcfiles/linux_bcfiles/kbdi.bc>:usb_keyboard_probe:76	</harden/bcfiles/linux_bcfiles/kbdi.bc>:usb_keyboard_probe:76:0:@llvm.dbg.declare
</harden/bcfiles/linux_bcfiles/kbdi.bc>:usb_keyboard_probe:78	</harden/bcfiles/linux_bcfiles/kbdi.bc>:usb_keyboard_probe:78:0:@llvm.is.constant.i64
</harden/bcfiles/linux_bcfiles/kbdi.bc>:usb_keyboard_probe:89	</harden/bcfiles/linux_bcfiles/kbdi.bc>:usb_keyboard_probe:89::<asm>
</harden/bcfiles/linux_bcfiles/kbdi.bc>:usb_keyboard_probe:93	</harden/bcfiles/linux_bcfiles/kbdi.bc>:usb_keyboard_probe:93::<asm>
</harden/bcfiles/linux_bcfiles/kbdi.bc>:usb_keyboard_probe:99	</harden/bcfiles/linux_bcfiles/kbdi.bc>:usb_keyboard_probe:99:0:@llvm.dbg.declare
</harden/bcfiles/linux_bcfiles/kbdi.bc>:usb_keyboard_probe:101	</harden/bcfiles/linux_bcfiles/kbdi.bc>:usb_keyboard_probe:101:0:@llvm.dbg.declare
</harden/bcfiles/linux_bcfiles/kbdi.bc>:usb_keyboard_probe:108	</harden/bcfiles/linux_bcfiles/kbdi.bc>:usb_keyboard_probe:108:0:@llvm.dbg.declare
</harden/bcfiles/linux_bcfiles/kbdi.bc>:usb_keyboard_probe:110	</harden/bcfiles/linux_bcfiles/kbdi.bc>:usb_keyboard_probe:110:0:@llvm.dbg.declare
</harden/bcfiles/linux_bcfiles/kbdi.bc>:usb_keyboard_probe:114	</harden/bcfiles/linux_bcfiles/kbdi.bc>:usb_keyboard_probe:114:0:@kasan_check_write
</harden/bcfiles/linux_bcfiles/kbdi.bc>:usb_keyboard_probe:117	</harden/bcfiles/linux_bcfiles/kbdi.bc>:usb_keyboard_probe:117:0:@kcsan_check_access
</harden/bcfiles/linux_bcfiles/kbdi.bc>:usb_keyboard_probe:121	</harden/bcfiles/linux_bcfiles/kbdi.bc>:usb_keyboard_probe:121:0:@llvm.dbg.declare
</harden/bcfiles/linux_bcfiles/kbdi.bc>:usb_keyboard_probe:123	</harden/bcfiles/linux_bcfiles/kbdi.bc>:usb_keyboard_probe:123:0:@llvm.dbg.declare
</harden/bcfiles/linux_bcfiles/kbdi.bc>:usb_keyboard_probe:125	</harden/bcfiles/linux_bcfiles/kbdi.bc>:usb_keyboard_probe:125:0:@llvm.is.constant.i64
</harden/bcfiles/linux_bcfiles/kbdi.bc>:usb_keyboard_probe:136	</harden/bcfiles/linux_bcfiles/kbdi.bc>:usb_keyboard_probe:136::<asm>
</harden/bcfiles/linux_bcfiles/kbdi.bc>:usb_keyboard_probe:140	</harden/bcfiles/linux_bcfiles/kbdi.bc>:usb_keyboard_probe:140::<asm>
</harden/bcfiles/linux_bcfiles/kbdi.bc>:usb_keyboard_probe:143	</harden/bcfiles/linux_bcfiles/kbdi.bc>:usb_keyboard_probe:143:0:@input_register_device
</harden/bcfiles/linux_bcfiles/kbdi.bc>:usb_keyboard_probe:150	</harden/bcfiles/linux_bcfiles/kbdi.bc>:usb_keyboard_probe:150:0:@_printk
</harden/bcfiles/linux_bcfiles/kbdi.bc>:usb_keyboard_probe:154	</harden/bcfiles/linux_bcfiles/kbdi.bc>:usb_keyboard_probe:154:0:@input_free_device
</harden/bcfiles/linux_bcfiles/kbdi.bc>:usb_keyboard_probe:158	</harden/bcfiles/linux_bcfiles/kbdi.bc>:usb_keyboard_probe:158:0:@llvm.dbg.declare
</harden/bcfiles/linux_bcfiles/kbdi.bc>:usb_keyboard_probe:165	</harden/bcfiles/linux_bcfiles/kbdi.bc>:usb_keyboard_probe:165:0:@input_report_key
</harden/bcfiles/linux_bcfiles/kbdi.bc>:usb_keyboard_probe:167	</harden/bcfiles/linux_bcfiles/kbdi.bc>:usb_keyboard_probe:167:0:@input_sync
</harden/bcfiles/linux_bcfiles/kbdi.bc>:usb_keyboard_probe:169	</harden/bcfiles/linux_bcfiles/kbdi.bc>:usb_keyboard_probe:169:0:@input_report_key
</harden/bcfiles/linux_bcfiles/kbdi.bc>:usb_keyboard_probe:171	</harden/bcfiles/linux_bcfiles/kbdi.bc>:usb_keyboard_probe:171:0:@input_sync
</harden/bcfiles/linux_bcfiles/kbdi.bc>:usb_keyboard_disconnect:2	</harden/bcfiles/linux_bcfiles/kbdi.bc>:usb_keyboard_disconnect:2:0:@llvm.dbg.declare
</harden/bcfiles/linux_bcfiles/kbdi.bc>:usb_keyboard_disconnect:7	</harden/bcfiles/linux_bcfiles/kbdi.bc>:usb_keyboard_disconnect:7:0:@input_unregister_device
</harden/bcfiles/linux_bcfiles/kbdi.bc>:usb_keyboard_disconnect:9	</harden/bcfiles/linux_bcfiles/kbdi.bc>:usb_keyboard_disconnect:9:0:@input_free_device
</harden/bcfiles/linux_bcfiles/kbdi.bc>:input_report_key:4	</harden/bcfiles/linux_bcfiles/kbdi.bc>:input_report_key:4:0:@llvm.dbg.declare
</harden/bcfiles/linux_bcfiles/kbdi.bc>:input_report_key:6	</harden/bcfiles/linux_bcfiles/kbdi.bc>:input_report_key:6:0:@llvm.dbg.declare
</harden/bcfiles/linux_bcfiles/kbdi.bc>:input_report_key:8	</harden/bcfiles/linux_bcfiles/kbdi.bc>:input_report_key:8:0:@llvm.dbg.declare
</harden/bcfiles/linux_bcfiles/kbdi.bc>:input_report_key:16	</harden/bcfiles/linux_bcfiles/kbdi.bc>:input_report_key:16:0:@input_event
</harden/bcfiles/linux_bcfiles/kbdi.bc>:input_sync:2	</harden/bcfiles/linux_bcfiles/kbdi.bc>:input_sync:2:0:@llvm.dbg.declare
</harden/bcfiles/linux_bcfiles/kbdi.bc>:input_sync:4	</harden/bcfiles/linux_bcfiles/kbdi.bc>:input_sync:4:0:@input_event
</harden/bcfiles/linux_bcfiles/kbdi.bc>:kasan_check_write:3	</harden/bcfiles/linux_bcfiles/kbdi.bc>:kasan_check_write:3:0:@llvm.dbg.declare
</harden/bcfiles/linux_bcfiles/kbdi.bc>:kasan_check_write:5	</harden/bcfiles/linux_bcfiles/kbdi.bc>:kasan_check_write:5:0:@llvm.dbg.declare
</harden/bcfiles/linux_bcfiles/kbdi.bc>:kcsan_check_access:4	</harden/bcfiles/linux_bcfiles/kbdi.bc>:kcsan_check_access:4:0:@llvm.dbg.declare
</harden/bcfiles/linux_bcfiles/kbdi.bc>:kcsan_check_access:6	</harden/bcfiles/linux_bcfiles/kbdi.bc>:kcsan_check_access:6:0:@llvm.dbg.declare
</harden/bcfiles/linux_bcfiles/kbdi.bc>:kcsan_check_access:8	</harden/bcfiles/linux_bcfiles/kbdi.bc>:kcsan_check_access:8:0:@llvm.dbg.declare
