</harden/bcfiles/linux_bcfiles/kbdi.bc>:usb_keyboard_init:0	</harden/bcfiles/linux_bcfiles/kbdi.bc>:usb_keyboard_init:%1
</harden/bcfiles/linux_bcfiles/kbdi.bc>:usb_keyboard_probe:24	</harden/bcfiles/linux_bcfiles/kbdi.bc>:usb_keyboard_probe:%22
</harden/bcfiles/linux_bcfiles/kbdi.bc>:usb_keyboard_probe:31	</harden/bcfiles/linux_bcfiles/kbdi.bc>:usb_keyboard_probe:%28
</harden/bcfiles/linux_bcfiles/kbdi.bc>:usb_keyboard_probe:67	</harden/bcfiles/linux_bcfiles/kbdi.bc>:usb_keyboard_probe:%48
</harden/bcfiles/linux_bcfiles/kbdi.bc>:usb_keyboard_probe:67	</harden/bcfiles/linux_bcfiles/kbdi.bc>:usb_keyboard_probe:%50
</harden/bcfiles/linux_bcfiles/kbdi.bc>:usb_keyboard_probe:67	</harden/bcfiles/linux_bcfiles/kbdi.bc>:usb_keyboard_probe:%51
</harden/bcfiles/linux_bcfiles/kbdi.bc>:usb_keyboard_probe:70	</harden/bcfiles/linux_bcfiles/kbdi.bc>:usb_keyboard_probe:%52
</harden/bcfiles/linux_bcfiles/kbdi.bc>:usb_keyboard_probe:70	</harden/bcfiles/linux_bcfiles/kbdi.bc>:usb_keyboard_probe:%53
</harden/bcfiles/linux_bcfiles/kbdi.bc>:usb_keyboard_probe:78	</harden/bcfiles/linux_bcfiles/kbdi.bc>:usb_keyboard_probe:%57
</harden/bcfiles/linux_bcfiles/kbdi.bc>:usb_keyboard_probe:114	</harden/bcfiles/linux_bcfiles/kbdi.bc>:usb_keyboard_probe:%80
</harden/bcfiles/linux_bcfiles/kbdi.bc>:usb_keyboard_probe:114	</harden/bcfiles/linux_bcfiles/kbdi.bc>:usb_keyboard_probe:%82
</harden/bcfiles/linux_bcfiles/kbdi.bc>:usb_keyboard_probe:114	</harden/bcfiles/linux_bcfiles/kbdi.bc>:usb_keyboard_probe:%83
</harden/bcfiles/linux_bcfiles/kbdi.bc>:usb_keyboard_probe:117	</harden/bcfiles/linux_bcfiles/kbdi.bc>:usb_keyboard_probe:%84
</harden/bcfiles/linux_bcfiles/kbdi.bc>:usb_keyboard_probe:117	</harden/bcfiles/linux_bcfiles/kbdi.bc>:usb_keyboard_probe:%85
</harden/bcfiles/linux_bcfiles/kbdi.bc>:usb_keyboard_probe:125	</harden/bcfiles/linux_bcfiles/kbdi.bc>:usb_keyboard_probe:%89
</harden/bcfiles/linux_bcfiles/kbdi.bc>:usb_keyboard_probe:143	</harden/bcfiles/linux_bcfiles/kbdi.bc>:usb_keyboard_probe:%105
</harden/bcfiles/linux_bcfiles/kbdi.bc>:usb_keyboard_probe:150	</harden/bcfiles/linux_bcfiles/kbdi.bc>:usb_keyboard_probe:%111
</harden/bcfiles/linux_bcfiles/kbdi.bc>:usb_keyboard_probe:165	</harden/bcfiles/linux_bcfiles/kbdi.bc>:usb_keyboard_probe:%120
</harden/bcfiles/linux_bcfiles/kbdi.bc>:usb_keyboard_probe:167	</harden/bcfiles/linux_bcfiles/kbdi.bc>:usb_keyboard_probe:%121
</harden/bcfiles/linux_bcfiles/kbdi.bc>:usb_keyboard_probe:169	</harden/bcfiles/linux_bcfiles/kbdi.bc>:usb_keyboard_probe:%122
</harden/bcfiles/linux_bcfiles/kbdi.bc>:usb_keyboard_probe:171	</harden/bcfiles/linux_bcfiles/kbdi.bc>:usb_keyboard_probe:%123
