</harden/bcfiles/linux_bcfiles/kbdi.bc>:usb_keyboard_probe:29	41
</harden/bcfiles/linux_bcfiles/kbdi.bc>:usb_keyboard_probe:30	41
</harden/bcfiles/linux_bcfiles/kbdi.bc>:usb_keyboard_probe:31	41
</harden/bcfiles/linux_bcfiles/kbdi.bc>:usb_keyboard_probe:32	41
</harden/bcfiles/linux_bcfiles/kbdi.bc>:usb_keyboard_probe:33	41
</harden/bcfiles/linux_bcfiles/kbdi.bc>:usb_keyboard_probe:34	41
</harden/bcfiles/linux_bcfiles/kbdi.bc>:usb_keyboard_probe:35	41
</harden/bcfiles/linux_bcfiles/kbdi.bc>:usb_keyboard_probe:36	41
</harden/bcfiles/linux_bcfiles/kbdi.bc>:usb_keyboard_probe:36	46
</harden/bcfiles/linux_bcfiles/kbdi.bc>:usb_keyboard_probe:36	54
</harden/bcfiles/linux_bcfiles/kbdi.bc>:usb_keyboard_probe:36	230
</harden/bcfiles/linux_bcfiles/kbdi.bc>:usb_keyboard_probe:37	41
</harden/bcfiles/linux_bcfiles/kbdi.bc>:usb_keyboard_probe:37	46
</harden/bcfiles/linux_bcfiles/kbdi.bc>:usb_keyboard_probe:37	54
</harden/bcfiles/linux_bcfiles/kbdi.bc>:usb_keyboard_probe:37	230
</harden/bcfiles/linux_bcfiles/kbdi.bc>:usb_keyboard_probe:38	41
</harden/bcfiles/linux_bcfiles/kbdi.bc>:usb_keyboard_probe:38	46
</harden/bcfiles/linux_bcfiles/kbdi.bc>:usb_keyboard_probe:38	54
</harden/bcfiles/linux_bcfiles/kbdi.bc>:usb_keyboard_probe:38	230
</harden/bcfiles/linux_bcfiles/kbdi.bc>:usb_keyboard_probe:39	41
</harden/bcfiles/linux_bcfiles/kbdi.bc>:usb_keyboard_probe:39	46
</harden/bcfiles/linux_bcfiles/kbdi.bc>:usb_keyboard_probe:39	54
</harden/bcfiles/linux_bcfiles/kbdi.bc>:usb_keyboard_probe:39	230
</harden/bcfiles/linux_bcfiles/kbdi.bc>:usb_keyboard_probe:40	41
</harden/bcfiles/linux_bcfiles/kbdi.bc>:usb_keyboard_probe:40	46
</harden/bcfiles/linux_bcfiles/kbdi.bc>:usb_keyboard_probe:40	54
</harden/bcfiles/linux_bcfiles/kbdi.bc>:usb_keyboard_probe:40	230
</harden/bcfiles/linux_bcfiles/kbdi.bc>:usb_keyboard_probe:41	41
</harden/bcfiles/linux_bcfiles/kbdi.bc>:usb_keyboard_probe:41	46
</harden/bcfiles/linux_bcfiles/kbdi.bc>:usb_keyboard_probe:41	54
</harden/bcfiles/linux_bcfiles/kbdi.bc>:usb_keyboard_probe:41	230
</harden/bcfiles/linux_bcfiles/kbdi.bc>:usb_keyboard_probe:42	41
</harden/bcfiles/linux_bcfiles/kbdi.bc>:usb_keyboard_probe:42	46
</harden/bcfiles/linux_bcfiles/kbdi.bc>:usb_keyboard_probe:42	54
</harden/bcfiles/linux_bcfiles/kbdi.bc>:usb_keyboard_probe:42	230
</harden/bcfiles/linux_bcfiles/kbdi.bc>:usb_keyboard_probe:43	41
</harden/bcfiles/linux_bcfiles/kbdi.bc>:usb_keyboard_probe:43	46
</harden/bcfiles/linux_bcfiles/kbdi.bc>:usb_keyboard_probe:43	54
</harden/bcfiles/linux_bcfiles/kbdi.bc>:usb_keyboard_probe:43	230
</harden/bcfiles/linux_bcfiles/kbdi.bc>:usb_keyboard_probe:44	41
</harden/bcfiles/linux_bcfiles/kbdi.bc>:usb_keyboard_probe:44	46
</harden/bcfiles/linux_bcfiles/kbdi.bc>:usb_keyboard_probe:44	54
</harden/bcfiles/linux_bcfiles/kbdi.bc>:usb_keyboard_probe:44	230
</harden/bcfiles/linux_bcfiles/kbdi.bc>:usb_keyboard_probe:45	41
</harden/bcfiles/linux_bcfiles/kbdi.bc>:usb_keyboard_probe:45	46
</harden/bcfiles/linux_bcfiles/kbdi.bc>:usb_keyboard_probe:45	54
</harden/bcfiles/linux_bcfiles/kbdi.bc>:usb_keyboard_probe:45	230
</harden/bcfiles/linux_bcfiles/kbdi.bc>:usb_keyboard_probe:46	41
</harden/bcfiles/linux_bcfiles/kbdi.bc>:usb_keyboard_probe:46	46
</harden/bcfiles/linux_bcfiles/kbdi.bc>:usb_keyboard_probe:46	54
</harden/bcfiles/linux_bcfiles/kbdi.bc>:usb_keyboard_probe:46	230
</harden/bcfiles/linux_bcfiles/kbdi.bc>:usb_keyboard_probe:47	41
</harden/bcfiles/linux_bcfiles/kbdi.bc>:usb_keyboard_probe:47	46
</harden/bcfiles/linux_bcfiles/kbdi.bc>:usb_keyboard_probe:47	54
</harden/bcfiles/linux_bcfiles/kbdi.bc>:usb_keyboard_probe:47	230
</harden/bcfiles/linux_bcfiles/kbdi.bc>:usb_keyboard_probe:48	41
</harden/bcfiles/linux_bcfiles/kbdi.bc>:usb_keyboard_probe:48	46
</harden/bcfiles/linux_bcfiles/kbdi.bc>:usb_keyboard_probe:48	54
</harden/bcfiles/linux_bcfiles/kbdi.bc>:usb_keyboard_probe:48	230
</harden/bcfiles/linux_bcfiles/kbdi.bc>:usb_keyboard_probe:49	41
</harden/bcfiles/linux_bcfiles/kbdi.bc>:usb_keyboard_probe:49	46
</harden/bcfiles/linux_bcfiles/kbdi.bc>:usb_keyboard_probe:49	54
</harden/bcfiles/linux_bcfiles/kbdi.bc>:usb_keyboard_probe:49	230
</harden/bcfiles/linux_bcfiles/kbdi.bc>:usb_keyboard_probe:50	41
</harden/bcfiles/linux_bcfiles/kbdi.bc>:usb_keyboard_probe:50	46
</harden/bcfiles/linux_bcfiles/kbdi.bc>:usb_keyboard_probe:50	54
</harden/bcfiles/linux_bcfiles/kbdi.bc>:usb_keyboard_probe:50	230
</harden/bcfiles/linux_bcfiles/kbdi.bc>:usb_keyboard_probe:51	41
</harden/bcfiles/linux_bcfiles/kbdi.bc>:usb_keyboard_probe:51	46
</harden/bcfiles/linux_bcfiles/kbdi.bc>:usb_keyboard_probe:51	54
</harden/bcfiles/linux_bcfiles/kbdi.bc>:usb_keyboard_probe:51	230
</harden/bcfiles/linux_bcfiles/kbdi.bc>:usb_keyboard_probe:52	41
</harden/bcfiles/linux_bcfiles/kbdi.bc>:usb_keyboard_probe:52	46
</harden/bcfiles/linux_bcfiles/kbdi.bc>:usb_keyboard_probe:52	54
</harden/bcfiles/linux_bcfiles/kbdi.bc>:usb_keyboard_probe:52	230
</harden/bcfiles/linux_bcfiles/kbdi.bc>:usb_keyboard_probe:53	41
</harden/bcfiles/linux_bcfiles/kbdi.bc>:usb_keyboard_probe:53	46
</harden/bcfiles/linux_bcfiles/kbdi.bc>:usb_keyboard_probe:53	54
</harden/bcfiles/linux_bcfiles/kbdi.bc>:usb_keyboard_probe:53	230
</harden/bcfiles/linux_bcfiles/kbdi.bc>:usb_keyboard_probe:54	41
</harden/bcfiles/linux_bcfiles/kbdi.bc>:usb_keyboard_probe:54	46
</harden/bcfiles/linux_bcfiles/kbdi.bc>:usb_keyboard_probe:54	54
</harden/bcfiles/linux_bcfiles/kbdi.bc>:usb_keyboard_probe:54	230
</harden/bcfiles/linux_bcfiles/kbdi.bc>:usb_keyboard_probe:55	41
</harden/bcfiles/linux_bcfiles/kbdi.bc>:usb_keyboard_probe:55	46
</harden/bcfiles/linux_bcfiles/kbdi.bc>:usb_keyboard_probe:55	54
</harden/bcfiles/linux_bcfiles/kbdi.bc>:usb_keyboard_probe:55	230
</harden/bcfiles/linux_bcfiles/kbdi.bc>:usb_keyboard_probe:56	41
</harden/bcfiles/linux_bcfiles/kbdi.bc>:usb_keyboard_probe:56	46
</harden/bcfiles/linux_bcfiles/kbdi.bc>:usb_keyboard_probe:56	54
</harden/bcfiles/linux_bcfiles/kbdi.bc>:usb_keyboard_probe:56	230
</harden/bcfiles/linux_bcfiles/kbdi.bc>:usb_keyboard_probe:57	41
</harden/bcfiles/linux_bcfiles/kbdi.bc>:usb_keyboard_probe:57	46
</harden/bcfiles/linux_bcfiles/kbdi.bc>:usb_keyboard_probe:57	54
</harden/bcfiles/linux_bcfiles/kbdi.bc>:usb_keyboard_probe:57	230
</harden/bcfiles/linux_bcfiles/kbdi.bc>:usb_keyboard_probe:58	41
</harden/bcfiles/linux_bcfiles/kbdi.bc>:usb_keyboard_probe:58	46
</harden/bcfiles/linux_bcfiles/kbdi.bc>:usb_keyboard_probe:58	54
</harden/bcfiles/linux_bcfiles/kbdi.bc>:usb_keyboard_probe:58	230
</harden/bcfiles/linux_bcfiles/kbdi.bc>:usb_keyboard_probe:59	41
</harden/bcfiles/linux_bcfiles/kbdi.bc>:usb_keyboard_probe:59	46
</harden/bcfiles/linux_bcfiles/kbdi.bc>:usb_keyboard_probe:59	54
</harden/bcfiles/linux_bcfiles/kbdi.bc>:usb_keyboard_probe:59	230
</harden/bcfiles/linux_bcfiles/kbdi.bc>:usb_keyboard_probe:60	41
</harden/bcfiles/linux_bcfiles/kbdi.bc>:usb_keyboard_probe:60	46
</harden/bcfiles/linux_bcfiles/kbdi.bc>:usb_keyboard_probe:60	54
</harden/bcfiles/linux_bcfiles/kbdi.bc>:usb_keyboard_probe:60	230
</harden/bcfiles/linux_bcfiles/kbdi.bc>:usb_keyboard_probe:61	41
</harden/bcfiles/linux_bcfiles/kbdi.bc>:usb_keyboard_probe:61	46
</harden/bcfiles/linux_bcfiles/kbdi.bc>:usb_keyboard_probe:61	54
</harden/bcfiles/linux_bcfiles/kbdi.bc>:usb_keyboard_probe:61	230
</harden/bcfiles/linux_bcfiles/kbdi.bc>:usb_keyboard_probe:62	41
</harden/bcfiles/linux_bcfiles/kbdi.bc>:usb_keyboard_probe:62	46
</harden/bcfiles/linux_bcfiles/kbdi.bc>:usb_keyboard_probe:62	54
</harden/bcfiles/linux_bcfiles/kbdi.bc>:usb_keyboard_probe:62	230
</harden/bcfiles/linux_bcfiles/kbdi.bc>:usb_keyboard_probe:63	41
</harden/bcfiles/linux_bcfiles/kbdi.bc>:usb_keyboard_probe:63	46
</harden/bcfiles/linux_bcfiles/kbdi.bc>:usb_keyboard_probe:63	54
</harden/bcfiles/linux_bcfiles/kbdi.bc>:usb_keyboard_probe:63	230
</harden/bcfiles/linux_bcfiles/kbdi.bc>:usb_keyboard_probe:64	41
</harden/bcfiles/linux_bcfiles/kbdi.bc>:usb_keyboard_probe:64	46
</harden/bcfiles/linux_bcfiles/kbdi.bc>:usb_keyboard_probe:64	54
</harden/bcfiles/linux_bcfiles/kbdi.bc>:usb_keyboard_probe:64	230
</harden/bcfiles/linux_bcfiles/kbdi.bc>:usb_keyboard_probe:65	41
</harden/bcfiles/linux_bcfiles/kbdi.bc>:usb_keyboard_probe:65	46
</harden/bcfiles/linux_bcfiles/kbdi.bc>:usb_keyboard_probe:65	54
</harden/bcfiles/linux_bcfiles/kbdi.bc>:usb_keyboard_probe:65	230
</harden/bcfiles/linux_bcfiles/kbdi.bc>:usb_keyboard_probe:66	41
</harden/bcfiles/linux_bcfiles/kbdi.bc>:usb_keyboard_probe:66	46
</harden/bcfiles/linux_bcfiles/kbdi.bc>:usb_keyboard_probe:66	54
</harden/bcfiles/linux_bcfiles/kbdi.bc>:usb_keyboard_probe:66	230
</harden/bcfiles/linux_bcfiles/kbdi.bc>:usb_keyboard_probe:67	41
</harden/bcfiles/linux_bcfiles/kbdi.bc>:usb_keyboard_probe:67	46
</harden/bcfiles/linux_bcfiles/kbdi.bc>:usb_keyboard_probe:67	54
</harden/bcfiles/linux_bcfiles/kbdi.bc>:usb_keyboard_probe:67	230
</harden/bcfiles/linux_bcfiles/kbdi.bc>:usb_keyboard_probe:68	41
</harden/bcfiles/linux_bcfiles/kbdi.bc>:usb_keyboard_probe:68	46
</harden/bcfiles/linux_bcfiles/kbdi.bc>:usb_keyboard_probe:68	54
</harden/bcfiles/linux_bcfiles/kbdi.bc>:usb_keyboard_probe:68	230
</harden/bcfiles/linux_bcfiles/kbdi.bc>:usb_keyboard_probe:69	41
</harden/bcfiles/linux_bcfiles/kbdi.bc>:usb_keyboard_probe:69	46
</harden/bcfiles/linux_bcfiles/kbdi.bc>:usb_keyboard_probe:69	54
</harden/bcfiles/linux_bcfiles/kbdi.bc>:usb_keyboard_probe:69	230
</harden/bcfiles/linux_bcfiles/kbdi.bc>:usb_keyboard_probe:70	41
</harden/bcfiles/linux_bcfiles/kbdi.bc>:usb_keyboard_probe:70	46
</harden/bcfiles/linux_bcfiles/kbdi.bc>:usb_keyboard_probe:70	54
</harden/bcfiles/linux_bcfiles/kbdi.bc>:usb_keyboard_probe:70	230
</harden/bcfiles/linux_bcfiles/kbdi.bc>:usb_keyboard_probe:71	41
</harden/bcfiles/linux_bcfiles/kbdi.bc>:usb_keyboard_probe:71	46
</harden/bcfiles/linux_bcfiles/kbdi.bc>:usb_keyboard_probe:71	54
</harden/bcfiles/linux_bcfiles/kbdi.bc>:usb_keyboard_probe:71	230
</harden/bcfiles/linux_bcfiles/kbdi.bc>:usb_keyboard_probe:72	41
</harden/bcfiles/linux_bcfiles/kbdi.bc>:usb_keyboard_probe:72	46
</harden/bcfiles/linux_bcfiles/kbdi.bc>:usb_keyboard_probe:72	54
</harden/bcfiles/linux_bcfiles/kbdi.bc>:usb_keyboard_probe:72	230
</harden/bcfiles/linux_bcfiles/kbdi.bc>:usb_keyboard_probe:73	41
</harden/bcfiles/linux_bcfiles/kbdi.bc>:usb_keyboard_probe:73	46
</harden/bcfiles/linux_bcfiles/kbdi.bc>:usb_keyboard_probe:73	54
</harden/bcfiles/linux_bcfiles/kbdi.bc>:usb_keyboard_probe:73	230
</harden/bcfiles/linux_bcfiles/kbdi.bc>:usb_keyboard_probe:74	41
</harden/bcfiles/linux_bcfiles/kbdi.bc>:usb_keyboard_probe:74	46
</harden/bcfiles/linux_bcfiles/kbdi.bc>:usb_keyboard_probe:74	54
</harden/bcfiles/linux_bcfiles/kbdi.bc>:usb_keyboard_probe:74	230
</harden/bcfiles/linux_bcfiles/kbdi.bc>:usb_keyboard_probe:75	41
</harden/bcfiles/linux_bcfiles/kbdi.bc>:usb_keyboard_probe:75	46
</harden/bcfiles/linux_bcfiles/kbdi.bc>:usb_keyboard_probe:75	54
</harden/bcfiles/linux_bcfiles/kbdi.bc>:usb_keyboard_probe:75	230
</harden/bcfiles/linux_bcfiles/kbdi.bc>:usb_keyboard_probe:76	41
</harden/bcfiles/linux_bcfiles/kbdi.bc>:usb_keyboard_probe:76	46
</harden/bcfiles/linux_bcfiles/kbdi.bc>:usb_keyboard_probe:76	54
</harden/bcfiles/linux_bcfiles/kbdi.bc>:usb_keyboard_probe:76	230
</harden/bcfiles/linux_bcfiles/kbdi.bc>:usb_keyboard_probe:77	41
</harden/bcfiles/linux_bcfiles/kbdi.bc>:usb_keyboard_probe:77	46
</harden/bcfiles/linux_bcfiles/kbdi.bc>:usb_keyboard_probe:77	54
</harden/bcfiles/linux_bcfiles/kbdi.bc>:usb_keyboard_probe:77	230
</harden/bcfiles/linux_bcfiles/kbdi.bc>:usb_keyboard_probe:78	41
</harden/bcfiles/linux_bcfiles/kbdi.bc>:usb_keyboard_probe:78	46
</harden/bcfiles/linux_bcfiles/kbdi.bc>:usb_keyboard_probe:78	54
</harden/bcfiles/linux_bcfiles/kbdi.bc>:usb_keyboard_probe:78	230
</harden/bcfiles/linux_bcfiles/kbdi.bc>:usb_keyboard_probe:79	41
</harden/bcfiles/linux_bcfiles/kbdi.bc>:usb_keyboard_probe:79	46
</harden/bcfiles/linux_bcfiles/kbdi.bc>:usb_keyboard_probe:79	54
</harden/bcfiles/linux_bcfiles/kbdi.bc>:usb_keyboard_probe:79	230
</harden/bcfiles/linux_bcfiles/kbdi.bc>:usb_keyboard_probe:80	41
</harden/bcfiles/linux_bcfiles/kbdi.bc>:usb_keyboard_probe:80	46
</harden/bcfiles/linux_bcfiles/kbdi.bc>:usb_keyboard_probe:80	54
</harden/bcfiles/linux_bcfiles/kbdi.bc>:usb_keyboard_probe:80	230
</harden/bcfiles/linux_bcfiles/kbdi.bc>:usb_keyboard_probe:81	41
</harden/bcfiles/linux_bcfiles/kbdi.bc>:usb_keyboard_probe:81	46
</harden/bcfiles/linux_bcfiles/kbdi.bc>:usb_keyboard_probe:81	54
</harden/bcfiles/linux_bcfiles/kbdi.bc>:usb_keyboard_probe:81	230
</harden/bcfiles/linux_bcfiles/kbdi.bc>:usb_keyboard_probe:82	41
</harden/bcfiles/linux_bcfiles/kbdi.bc>:usb_keyboard_probe:82	46
</harden/bcfiles/linux_bcfiles/kbdi.bc>:usb_keyboard_probe:82	54
</harden/bcfiles/linux_bcfiles/kbdi.bc>:usb_keyboard_probe:82	230
</harden/bcfiles/linux_bcfiles/kbdi.bc>:usb_keyboard_probe:83	41
</harden/bcfiles/linux_bcfiles/kbdi.bc>:usb_keyboard_probe:83	46
</harden/bcfiles/linux_bcfiles/kbdi.bc>:usb_keyboard_probe:83	54
</harden/bcfiles/linux_bcfiles/kbdi.bc>:usb_keyboard_probe:83	230
</harden/bcfiles/linux_bcfiles/kbdi.bc>:usb_keyboard_probe:84	41
</harden/bcfiles/linux_bcfiles/kbdi.bc>:usb_keyboard_probe:84	46
</harden/bcfiles/linux_bcfiles/kbdi.bc>:usb_keyboard_probe:84	54
</harden/bcfiles/linux_bcfiles/kbdi.bc>:usb_keyboard_probe:84	230
</harden/bcfiles/linux_bcfiles/kbdi.bc>:usb_keyboard_probe:85	41
</harden/bcfiles/linux_bcfiles/kbdi.bc>:usb_keyboard_probe:85	46
</harden/bcfiles/linux_bcfiles/kbdi.bc>:usb_keyboard_probe:85	54
</harden/bcfiles/linux_bcfiles/kbdi.bc>:usb_keyboard_probe:85	230
</harden/bcfiles/linux_bcfiles/kbdi.bc>:usb_keyboard_probe:86	41
</harden/bcfiles/linux_bcfiles/kbdi.bc>:usb_keyboard_probe:86	46
</harden/bcfiles/linux_bcfiles/kbdi.bc>:usb_keyboard_probe:86	54
</harden/bcfiles/linux_bcfiles/kbdi.bc>:usb_keyboard_probe:86	230
</harden/bcfiles/linux_bcfiles/kbdi.bc>:usb_keyboard_probe:87	41
</harden/bcfiles/linux_bcfiles/kbdi.bc>:usb_keyboard_probe:87	46
</harden/bcfiles/linux_bcfiles/kbdi.bc>:usb_keyboard_probe:87	54
</harden/bcfiles/linux_bcfiles/kbdi.bc>:usb_keyboard_probe:87	230
</harden/bcfiles/linux_bcfiles/kbdi.bc>:usb_keyboard_probe:88	41
</harden/bcfiles/linux_bcfiles/kbdi.bc>:usb_keyboard_probe:88	46
</harden/bcfiles/linux_bcfiles/kbdi.bc>:usb_keyboard_probe:88	54
</harden/bcfiles/linux_bcfiles/kbdi.bc>:usb_keyboard_probe:88	230
</harden/bcfiles/linux_bcfiles/kbdi.bc>:usb_keyboard_probe:89	41
</harden/bcfiles/linux_bcfiles/kbdi.bc>:usb_keyboard_probe:89	46
</harden/bcfiles/linux_bcfiles/kbdi.bc>:usb_keyboard_probe:89	54
</harden/bcfiles/linux_bcfiles/kbdi.bc>:usb_keyboard_probe:89	230
</harden/bcfiles/linux_bcfiles/kbdi.bc>:usb_keyboard_probe:90	41
</harden/bcfiles/linux_bcfiles/kbdi.bc>:usb_keyboard_probe:90	46
</harden/bcfiles/linux_bcfiles/kbdi.bc>:usb_keyboard_probe:90	54
</harden/bcfiles/linux_bcfiles/kbdi.bc>:usb_keyboard_probe:90	230
</harden/bcfiles/linux_bcfiles/kbdi.bc>:usb_keyboard_probe:91	41
</harden/bcfiles/linux_bcfiles/kbdi.bc>:usb_keyboard_probe:91	46
</harden/bcfiles/linux_bcfiles/kbdi.bc>:usb_keyboard_probe:91	54
</harden/bcfiles/linux_bcfiles/kbdi.bc>:usb_keyboard_probe:91	230
</harden/bcfiles/linux_bcfiles/kbdi.bc>:usb_keyboard_probe:92	41
</harden/bcfiles/linux_bcfiles/kbdi.bc>:usb_keyboard_probe:92	46
</harden/bcfiles/linux_bcfiles/kbdi.bc>:usb_keyboard_probe:92	54
</harden/bcfiles/linux_bcfiles/kbdi.bc>:usb_keyboard_probe:92	230
</harden/bcfiles/linux_bcfiles/kbdi.bc>:usb_keyboard_probe:93	41
</harden/bcfiles/linux_bcfiles/kbdi.bc>:usb_keyboard_probe:93	46
</harden/bcfiles/linux_bcfiles/kbdi.bc>:usb_keyboard_probe:93	54
</harden/bcfiles/linux_bcfiles/kbdi.bc>:usb_keyboard_probe:93	230
</harden/bcfiles/linux_bcfiles/kbdi.bc>:usb_keyboard_probe:94	41
</harden/bcfiles/linux_bcfiles/kbdi.bc>:usb_keyboard_probe:94	46
</harden/bcfiles/linux_bcfiles/kbdi.bc>:usb_keyboard_probe:94	54
</harden/bcfiles/linux_bcfiles/kbdi.bc>:usb_keyboard_probe:94	230
</harden/bcfiles/linux_bcfiles/kbdi.bc>:usb_keyboard_probe:95	41
</harden/bcfiles/linux_bcfiles/kbdi.bc>:usb_keyboard_probe:95	46
</harden/bcfiles/linux_bcfiles/kbdi.bc>:usb_keyboard_probe:95	54
</harden/bcfiles/linux_bcfiles/kbdi.bc>:usb_keyboard_probe:95	230
</harden/bcfiles/linux_bcfiles/kbdi.bc>:usb_keyboard_probe:96	41
</harden/bcfiles/linux_bcfiles/kbdi.bc>:usb_keyboard_probe:96	46
</harden/bcfiles/linux_bcfiles/kbdi.bc>:usb_keyboard_probe:96	54
</harden/bcfiles/linux_bcfiles/kbdi.bc>:usb_keyboard_probe:96	230
</harden/bcfiles/linux_bcfiles/kbdi.bc>:usb_keyboard_probe:97	41
</harden/bcfiles/linux_bcfiles/kbdi.bc>:usb_keyboard_probe:97	46
</harden/bcfiles/linux_bcfiles/kbdi.bc>:usb_keyboard_probe:97	54
</harden/bcfiles/linux_bcfiles/kbdi.bc>:usb_keyboard_probe:97	230
</harden/bcfiles/linux_bcfiles/kbdi.bc>:usb_keyboard_probe:98	41
</harden/bcfiles/linux_bcfiles/kbdi.bc>:usb_keyboard_probe:98	46
</harden/bcfiles/linux_bcfiles/kbdi.bc>:usb_keyboard_probe:98	54
</harden/bcfiles/linux_bcfiles/kbdi.bc>:usb_keyboard_probe:98	230
</harden/bcfiles/linux_bcfiles/kbdi.bc>:usb_keyboard_probe:99	41
</harden/bcfiles/linux_bcfiles/kbdi.bc>:usb_keyboard_probe:99	46
</harden/bcfiles/linux_bcfiles/kbdi.bc>:usb_keyboard_probe:99	54
</harden/bcfiles/linux_bcfiles/kbdi.bc>:usb_keyboard_probe:99	230
</harden/bcfiles/linux_bcfiles/kbdi.bc>:usb_keyboard_probe:100	41
</harden/bcfiles/linux_bcfiles/kbdi.bc>:usb_keyboard_probe:100	46
</harden/bcfiles/linux_bcfiles/kbdi.bc>:usb_keyboard_probe:100	54
</harden/bcfiles/linux_bcfiles/kbdi.bc>:usb_keyboard_probe:100	230
</harden/bcfiles/linux_bcfiles/kbdi.bc>:usb_keyboard_probe:101	41
</harden/bcfiles/linux_bcfiles/kbdi.bc>:usb_keyboard_probe:101	46
</harden/bcfiles/linux_bcfiles/kbdi.bc>:usb_keyboard_probe:101	54
</harden/bcfiles/linux_bcfiles/kbdi.bc>:usb_keyboard_probe:101	230
</harden/bcfiles/linux_bcfiles/kbdi.bc>:usb_keyboard_probe:102	41
</harden/bcfiles/linux_bcfiles/kbdi.bc>:usb_keyboard_probe:102	46
</harden/bcfiles/linux_bcfiles/kbdi.bc>:usb_keyboard_probe:102	54
</harden/bcfiles/linux_bcfiles/kbdi.bc>:usb_keyboard_probe:102	230
</harden/bcfiles/linux_bcfiles/kbdi.bc>:usb_keyboard_probe:103	41
</harden/bcfiles/linux_bcfiles/kbdi.bc>:usb_keyboard_probe:103	46
</harden/bcfiles/linux_bcfiles/kbdi.bc>:usb_keyboard_probe:103	54
</harden/bcfiles/linux_bcfiles/kbdi.bc>:usb_keyboard_probe:103	230
</harden/bcfiles/linux_bcfiles/kbdi.bc>:usb_keyboard_probe:104	41
</harden/bcfiles/linux_bcfiles/kbdi.bc>:usb_keyboard_probe:104	46
</harden/bcfiles/linux_bcfiles/kbdi.bc>:usb_keyboard_probe:104	54
</harden/bcfiles/linux_bcfiles/kbdi.bc>:usb_keyboard_probe:104	230
</harden/bcfiles/linux_bcfiles/kbdi.bc>:usb_keyboard_probe:105	41
</harden/bcfiles/linux_bcfiles/kbdi.bc>:usb_keyboard_probe:105	46
</harden/bcfiles/linux_bcfiles/kbdi.bc>:usb_keyboard_probe:105	54
</harden/bcfiles/linux_bcfiles/kbdi.bc>:usb_keyboard_probe:105	230
</harden/bcfiles/linux_bcfiles/kbdi.bc>:usb_keyboard_probe:106	41
</harden/bcfiles/linux_bcfiles/kbdi.bc>:usb_keyboard_probe:106	46
</harden/bcfiles/linux_bcfiles/kbdi.bc>:usb_keyboard_probe:106	54
</harden/bcfiles/linux_bcfiles/kbdi.bc>:usb_keyboard_probe:106	230
</harden/bcfiles/linux_bcfiles/kbdi.bc>:usb_keyboard_probe:107	41
</harden/bcfiles/linux_bcfiles/kbdi.bc>:usb_keyboard_probe:107	46
</harden/bcfiles/linux_bcfiles/kbdi.bc>:usb_keyboard_probe:107	54
</harden/bcfiles/linux_bcfiles/kbdi.bc>:usb_keyboard_probe:107	230
</harden/bcfiles/linux_bcfiles/kbdi.bc>:usb_keyboard_probe:108	41
</harden/bcfiles/linux_bcfiles/kbdi.bc>:usb_keyboard_probe:108	46
</harden/bcfiles/linux_bcfiles/kbdi.bc>:usb_keyboard_probe:108	54
</harden/bcfiles/linux_bcfiles/kbdi.bc>:usb_keyboard_probe:108	230
</harden/bcfiles/linux_bcfiles/kbdi.bc>:usb_keyboard_probe:109	41
</harden/bcfiles/linux_bcfiles/kbdi.bc>:usb_keyboard_probe:109	46
</harden/bcfiles/linux_bcfiles/kbdi.bc>:usb_keyboard_probe:109	54
</harden/bcfiles/linux_bcfiles/kbdi.bc>:usb_keyboard_probe:109	230
</harden/bcfiles/linux_bcfiles/kbdi.bc>:usb_keyboard_probe:110	41
</harden/bcfiles/linux_bcfiles/kbdi.bc>:usb_keyboard_probe:110	46
</harden/bcfiles/linux_bcfiles/kbdi.bc>:usb_keyboard_probe:110	54
</harden/bcfiles/linux_bcfiles/kbdi.bc>:usb_keyboard_probe:110	230
</harden/bcfiles/linux_bcfiles/kbdi.bc>:usb_keyboard_probe:111	41
</harden/bcfiles/linux_bcfiles/kbdi.bc>:usb_keyboard_probe:111	46
</harden/bcfiles/linux_bcfiles/kbdi.bc>:usb_keyboard_probe:111	54
</harden/bcfiles/linux_bcfiles/kbdi.bc>:usb_keyboard_probe:111	230
</harden/bcfiles/linux_bcfiles/kbdi.bc>:usb_keyboard_probe:112	41
</harden/bcfiles/linux_bcfiles/kbdi.bc>:usb_keyboard_probe:112	46
</harden/bcfiles/linux_bcfiles/kbdi.bc>:usb_keyboard_probe:112	54
</harden/bcfiles/linux_bcfiles/kbdi.bc>:usb_keyboard_probe:112	230
</harden/bcfiles/linux_bcfiles/kbdi.bc>:usb_keyboard_probe:113	41
</harden/bcfiles/linux_bcfiles/kbdi.bc>:usb_keyboard_probe:113	46
</harden/bcfiles/linux_bcfiles/kbdi.bc>:usb_keyboard_probe:113	54
</harden/bcfiles/linux_bcfiles/kbdi.bc>:usb_keyboard_probe:113	230
</harden/bcfiles/linux_bcfiles/kbdi.bc>:usb_keyboard_probe:114	41
</harden/bcfiles/linux_bcfiles/kbdi.bc>:usb_keyboard_probe:114	46
</harden/bcfiles/linux_bcfiles/kbdi.bc>:usb_keyboard_probe:114	54
</harden/bcfiles/linux_bcfiles/kbdi.bc>:usb_keyboard_probe:114	230
</harden/bcfiles/linux_bcfiles/kbdi.bc>:usb_keyboard_probe:115	41
</harden/bcfiles/linux_bcfiles/kbdi.bc>:usb_keyboard_probe:115	46
</harden/bcfiles/linux_bcfiles/kbdi.bc>:usb_keyboard_probe:115	54
</harden/bcfiles/linux_bcfiles/kbdi.bc>:usb_keyboard_probe:115	230
</harden/bcfiles/linux_bcfiles/kbdi.bc>:usb_keyboard_probe:116	41
</harden/bcfiles/linux_bcfiles/kbdi.bc>:usb_keyboard_probe:116	46
</harden/bcfiles/linux_bcfiles/kbdi.bc>:usb_keyboard_probe:116	54
</harden/bcfiles/linux_bcfiles/kbdi.bc>:usb_keyboard_probe:116	230
</harden/bcfiles/linux_bcfiles/kbdi.bc>:usb_keyboard_probe:117	41
</harden/bcfiles/linux_bcfiles/kbdi.bc>:usb_keyboard_probe:117	46
</harden/bcfiles/linux_bcfiles/kbdi.bc>:usb_keyboard_probe:117	54
</harden/bcfiles/linux_bcfiles/kbdi.bc>:usb_keyboard_probe:117	230
</harden/bcfiles/linux_bcfiles/kbdi.bc>:usb_keyboard_probe:118	41
</harden/bcfiles/linux_bcfiles/kbdi.bc>:usb_keyboard_probe:118	46
</harden/bcfiles/linux_bcfiles/kbdi.bc>:usb_keyboard_probe:118	54
</harden/bcfiles/linux_bcfiles/kbdi.bc>:usb_keyboard_probe:118	230
</harden/bcfiles/linux_bcfiles/kbdi.bc>:usb_keyboard_probe:119	41
</harden/bcfiles/linux_bcfiles/kbdi.bc>:usb_keyboard_probe:119	46
</harden/bcfiles/linux_bcfiles/kbdi.bc>:usb_keyboard_probe:119	54
</harden/bcfiles/linux_bcfiles/kbdi.bc>:usb_keyboard_probe:119	230
</harden/bcfiles/linux_bcfiles/kbdi.bc>:usb_keyboard_probe:120	41
</harden/bcfiles/linux_bcfiles/kbdi.bc>:usb_keyboard_probe:120	46
</harden/bcfiles/linux_bcfiles/kbdi.bc>:usb_keyboard_probe:120	54
</harden/bcfiles/linux_bcfiles/kbdi.bc>:usb_keyboard_probe:120	230
</harden/bcfiles/linux_bcfiles/kbdi.bc>:usb_keyboard_probe:121	41
</harden/bcfiles/linux_bcfiles/kbdi.bc>:usb_keyboard_probe:121	46
</harden/bcfiles/linux_bcfiles/kbdi.bc>:usb_keyboard_probe:121	54
</harden/bcfiles/linux_bcfiles/kbdi.bc>:usb_keyboard_probe:121	230
</harden/bcfiles/linux_bcfiles/kbdi.bc>:usb_keyboard_probe:122	41
</harden/bcfiles/linux_bcfiles/kbdi.bc>:usb_keyboard_probe:122	46
</harden/bcfiles/linux_bcfiles/kbdi.bc>:usb_keyboard_probe:122	54
</harden/bcfiles/linux_bcfiles/kbdi.bc>:usb_keyboard_probe:122	230
</harden/bcfiles/linux_bcfiles/kbdi.bc>:usb_keyboard_probe:123	41
</harden/bcfiles/linux_bcfiles/kbdi.bc>:usb_keyboard_probe:123	46
</harden/bcfiles/linux_bcfiles/kbdi.bc>:usb_keyboard_probe:123	54
</harden/bcfiles/linux_bcfiles/kbdi.bc>:usb_keyboard_probe:123	230
</harden/bcfiles/linux_bcfiles/kbdi.bc>:usb_keyboard_probe:124	41
</harden/bcfiles/linux_bcfiles/kbdi.bc>:usb_keyboard_probe:124	46
</harden/bcfiles/linux_bcfiles/kbdi.bc>:usb_keyboard_probe:124	54
</harden/bcfiles/linux_bcfiles/kbdi.bc>:usb_keyboard_probe:124	230
</harden/bcfiles/linux_bcfiles/kbdi.bc>:usb_keyboard_probe:125	41
</harden/bcfiles/linux_bcfiles/kbdi.bc>:usb_keyboard_probe:125	46
</harden/bcfiles/linux_bcfiles/kbdi.bc>:usb_keyboard_probe:125	54
</harden/bcfiles/linux_bcfiles/kbdi.bc>:usb_keyboard_probe:125	230
</harden/bcfiles/linux_bcfiles/kbdi.bc>:usb_keyboard_probe:126	41
</harden/bcfiles/linux_bcfiles/kbdi.bc>:usb_keyboard_probe:126	46
</harden/bcfiles/linux_bcfiles/kbdi.bc>:usb_keyboard_probe:126	54
</harden/bcfiles/linux_bcfiles/kbdi.bc>:usb_keyboard_probe:126	230
</harden/bcfiles/linux_bcfiles/kbdi.bc>:usb_keyboard_probe:127	41
</harden/bcfiles/linux_bcfiles/kbdi.bc>:usb_keyboard_probe:127	46
</harden/bcfiles/linux_bcfiles/kbdi.bc>:usb_keyboard_probe:127	54
</harden/bcfiles/linux_bcfiles/kbdi.bc>:usb_keyboard_probe:127	230
</harden/bcfiles/linux_bcfiles/kbdi.bc>:usb_keyboard_probe:128	41
</harden/bcfiles/linux_bcfiles/kbdi.bc>:usb_keyboard_probe:128	46
</harden/bcfiles/linux_bcfiles/kbdi.bc>:usb_keyboard_probe:128	54
</harden/bcfiles/linux_bcfiles/kbdi.bc>:usb_keyboard_probe:128	230
</harden/bcfiles/linux_bcfiles/kbdi.bc>:usb_keyboard_probe:129	41
</harden/bcfiles/linux_bcfiles/kbdi.bc>:usb_keyboard_probe:129	46
</harden/bcfiles/linux_bcfiles/kbdi.bc>:usb_keyboard_probe:129	54
</harden/bcfiles/linux_bcfiles/kbdi.bc>:usb_keyboard_probe:129	230
</harden/bcfiles/linux_bcfiles/kbdi.bc>:usb_keyboard_probe:130	41
</harden/bcfiles/linux_bcfiles/kbdi.bc>:usb_keyboard_probe:130	46
</harden/bcfiles/linux_bcfiles/kbdi.bc>:usb_keyboard_probe:130	54
</harden/bcfiles/linux_bcfiles/kbdi.bc>:usb_keyboard_probe:130	230
</harden/bcfiles/linux_bcfiles/kbdi.bc>:usb_keyboard_probe:131	41
</harden/bcfiles/linux_bcfiles/kbdi.bc>:usb_keyboard_probe:131	46
</harden/bcfiles/linux_bcfiles/kbdi.bc>:usb_keyboard_probe:131	54
</harden/bcfiles/linux_bcfiles/kbdi.bc>:usb_keyboard_probe:131	230
</harden/bcfiles/linux_bcfiles/kbdi.bc>:usb_keyboard_probe:132	41
</harden/bcfiles/linux_bcfiles/kbdi.bc>:usb_keyboard_probe:132	46
</harden/bcfiles/linux_bcfiles/kbdi.bc>:usb_keyboard_probe:132	54
</harden/bcfiles/linux_bcfiles/kbdi.bc>:usb_keyboard_probe:132	230
</harden/bcfiles/linux_bcfiles/kbdi.bc>:usb_keyboard_probe:133	41
</harden/bcfiles/linux_bcfiles/kbdi.bc>:usb_keyboard_probe:133	46
</harden/bcfiles/linux_bcfiles/kbdi.bc>:usb_keyboard_probe:133	54
</harden/bcfiles/linux_bcfiles/kbdi.bc>:usb_keyboard_probe:133	230
</harden/bcfiles/linux_bcfiles/kbdi.bc>:usb_keyboard_probe:134	41
</harden/bcfiles/linux_bcfiles/kbdi.bc>:usb_keyboard_probe:134	46
</harden/bcfiles/linux_bcfiles/kbdi.bc>:usb_keyboard_probe:134	54
</harden/bcfiles/linux_bcfiles/kbdi.bc>:usb_keyboard_probe:134	230
</harden/bcfiles/linux_bcfiles/kbdi.bc>:usb_keyboard_probe:135	41
</harden/bcfiles/linux_bcfiles/kbdi.bc>:usb_keyboard_probe:135	46
</harden/bcfiles/linux_bcfiles/kbdi.bc>:usb_keyboard_probe:135	54
</harden/bcfiles/linux_bcfiles/kbdi.bc>:usb_keyboard_probe:135	230
</harden/bcfiles/linux_bcfiles/kbdi.bc>:usb_keyboard_probe:136	41
</harden/bcfiles/linux_bcfiles/kbdi.bc>:usb_keyboard_probe:136	46
</harden/bcfiles/linux_bcfiles/kbdi.bc>:usb_keyboard_probe:136	54
</harden/bcfiles/linux_bcfiles/kbdi.bc>:usb_keyboard_probe:136	230
</harden/bcfiles/linux_bcfiles/kbdi.bc>:usb_keyboard_probe:137	41
</harden/bcfiles/linux_bcfiles/kbdi.bc>:usb_keyboard_probe:137	46
</harden/bcfiles/linux_bcfiles/kbdi.bc>:usb_keyboard_probe:137	54
</harden/bcfiles/linux_bcfiles/kbdi.bc>:usb_keyboard_probe:137	230
</harden/bcfiles/linux_bcfiles/kbdi.bc>:usb_keyboard_probe:138	41
</harden/bcfiles/linux_bcfiles/kbdi.bc>:usb_keyboard_probe:138	46
</harden/bcfiles/linux_bcfiles/kbdi.bc>:usb_keyboard_probe:138	54
</harden/bcfiles/linux_bcfiles/kbdi.bc>:usb_keyboard_probe:138	230
</harden/bcfiles/linux_bcfiles/kbdi.bc>:usb_keyboard_probe:139	41
</harden/bcfiles/linux_bcfiles/kbdi.bc>:usb_keyboard_probe:139	46
</harden/bcfiles/linux_bcfiles/kbdi.bc>:usb_keyboard_probe:139	54
</harden/bcfiles/linux_bcfiles/kbdi.bc>:usb_keyboard_probe:139	230
</harden/bcfiles/linux_bcfiles/kbdi.bc>:usb_keyboard_probe:140	41
</harden/bcfiles/linux_bcfiles/kbdi.bc>:usb_keyboard_probe:140	46
</harden/bcfiles/linux_bcfiles/kbdi.bc>:usb_keyboard_probe:140	54
</harden/bcfiles/linux_bcfiles/kbdi.bc>:usb_keyboard_probe:140	230
</harden/bcfiles/linux_bcfiles/kbdi.bc>:usb_keyboard_probe:141	41
</harden/bcfiles/linux_bcfiles/kbdi.bc>:usb_keyboard_probe:141	46
</harden/bcfiles/linux_bcfiles/kbdi.bc>:usb_keyboard_probe:141	54
</harden/bcfiles/linux_bcfiles/kbdi.bc>:usb_keyboard_probe:141	230
</harden/bcfiles/linux_bcfiles/kbdi.bc>:usb_keyboard_probe:142	41
</harden/bcfiles/linux_bcfiles/kbdi.bc>:usb_keyboard_probe:143	41
</harden/bcfiles/linux_bcfiles/kbdi.bc>:usb_keyboard_probe:144	41
</harden/bcfiles/linux_bcfiles/kbdi.bc>:usb_keyboard_probe:145	41
</harden/bcfiles/linux_bcfiles/kbdi.bc>:usb_keyboard_probe:146	41
</harden/bcfiles/linux_bcfiles/kbdi.bc>:usb_keyboard_probe:147	41
</harden/bcfiles/linux_bcfiles/kbdi.bc>:usb_keyboard_probe:148	41
</harden/bcfiles/linux_bcfiles/kbdi.bc>:usb_keyboard_probe:148	63
</harden/bcfiles/linux_bcfiles/kbdi.bc>:usb_keyboard_probe:149	41
</harden/bcfiles/linux_bcfiles/kbdi.bc>:usb_keyboard_probe:149	63
</harden/bcfiles/linux_bcfiles/kbdi.bc>:usb_keyboard_probe:150	41
</harden/bcfiles/linux_bcfiles/kbdi.bc>:usb_keyboard_probe:150	63
</harden/bcfiles/linux_bcfiles/kbdi.bc>:usb_keyboard_probe:151	41
</harden/bcfiles/linux_bcfiles/kbdi.bc>:usb_keyboard_probe:151	63
</harden/bcfiles/linux_bcfiles/kbdi.bc>:usb_keyboard_probe:152	41
</harden/bcfiles/linux_bcfiles/kbdi.bc>:usb_keyboard_probe:152	63
</harden/bcfiles/linux_bcfiles/kbdi.bc>:usb_keyboard_probe:153	41
</harden/bcfiles/linux_bcfiles/kbdi.bc>:usb_keyboard_probe:153	63
</harden/bcfiles/linux_bcfiles/kbdi.bc>:usb_keyboard_probe:154	41
</harden/bcfiles/linux_bcfiles/kbdi.bc>:usb_keyboard_probe:154	63
</harden/bcfiles/linux_bcfiles/kbdi.bc>:usb_keyboard_probe:155	41
</harden/bcfiles/linux_bcfiles/kbdi.bc>:usb_keyboard_probe:155	63
</harden/bcfiles/linux_bcfiles/kbdi.bc>:usb_keyboard_probe:156	41
</harden/bcfiles/linux_bcfiles/kbdi.bc>:usb_keyboard_probe:156	63
</harden/bcfiles/linux_bcfiles/kbdi.bc>:usb_keyboard_probe:157	41
</harden/bcfiles/linux_bcfiles/kbdi.bc>:usb_keyboard_probe:157	63
</harden/bcfiles/linux_bcfiles/kbdi.bc>:usb_keyboard_probe:158	41
</harden/bcfiles/linux_bcfiles/kbdi.bc>:usb_keyboard_probe:158	63
</harden/bcfiles/linux_bcfiles/kbdi.bc>:usb_keyboard_probe:159	41
</harden/bcfiles/linux_bcfiles/kbdi.bc>:usb_keyboard_probe:159	63
</harden/bcfiles/linux_bcfiles/kbdi.bc>:usb_keyboard_probe:160	41
</harden/bcfiles/linux_bcfiles/kbdi.bc>:usb_keyboard_probe:160	63
</harden/bcfiles/linux_bcfiles/kbdi.bc>:usb_keyboard_probe:161	41
</harden/bcfiles/linux_bcfiles/kbdi.bc>:usb_keyboard_probe:161	63
</harden/bcfiles/linux_bcfiles/kbdi.bc>:usb_keyboard_probe:161	72
</harden/bcfiles/linux_bcfiles/kbdi.bc>:usb_keyboard_probe:162	41
</harden/bcfiles/linux_bcfiles/kbdi.bc>:usb_keyboard_probe:162	63
</harden/bcfiles/linux_bcfiles/kbdi.bc>:usb_keyboard_probe:162	72
</harden/bcfiles/linux_bcfiles/kbdi.bc>:usb_keyboard_probe:163	41
</harden/bcfiles/linux_bcfiles/kbdi.bc>:usb_keyboard_probe:163	63
</harden/bcfiles/linux_bcfiles/kbdi.bc>:usb_keyboard_probe:163	72
</harden/bcfiles/linux_bcfiles/kbdi.bc>:usb_keyboard_probe:164	41
</harden/bcfiles/linux_bcfiles/kbdi.bc>:usb_keyboard_probe:164	63
</harden/bcfiles/linux_bcfiles/kbdi.bc>:usb_keyboard_probe:164	72
</harden/bcfiles/linux_bcfiles/kbdi.bc>:usb_keyboard_probe:164	77
</harden/bcfiles/linux_bcfiles/kbdi.bc>:usb_keyboard_probe:164	426
</harden/bcfiles/linux_bcfiles/kbdi.bc>:usb_keyboard_probe:164	451
</harden/bcfiles/linux_bcfiles/kbdi.bc>:usb_keyboard_probe:165	41
</harden/bcfiles/linux_bcfiles/kbdi.bc>:usb_keyboard_probe:165	63
</harden/bcfiles/linux_bcfiles/kbdi.bc>:usb_keyboard_probe:165	72
</harden/bcfiles/linux_bcfiles/kbdi.bc>:usb_keyboard_probe:165	77
</harden/bcfiles/linux_bcfiles/kbdi.bc>:usb_keyboard_probe:165	426
</harden/bcfiles/linux_bcfiles/kbdi.bc>:usb_keyboard_probe:165	451
</harden/bcfiles/linux_bcfiles/kbdi.bc>:usb_keyboard_probe:166	41
</harden/bcfiles/linux_bcfiles/kbdi.bc>:usb_keyboard_probe:166	63
</harden/bcfiles/linux_bcfiles/kbdi.bc>:usb_keyboard_probe:166	72
</harden/bcfiles/linux_bcfiles/kbdi.bc>:usb_keyboard_probe:166	77
</harden/bcfiles/linux_bcfiles/kbdi.bc>:usb_keyboard_probe:166	426
</harden/bcfiles/linux_bcfiles/kbdi.bc>:usb_keyboard_probe:166	451
</harden/bcfiles/linux_bcfiles/kbdi.bc>:usb_keyboard_probe:167	41
</harden/bcfiles/linux_bcfiles/kbdi.bc>:usb_keyboard_probe:167	63
</harden/bcfiles/linux_bcfiles/kbdi.bc>:usb_keyboard_probe:167	72
</harden/bcfiles/linux_bcfiles/kbdi.bc>:usb_keyboard_probe:167	77
</harden/bcfiles/linux_bcfiles/kbdi.bc>:usb_keyboard_probe:167	426
</harden/bcfiles/linux_bcfiles/kbdi.bc>:usb_keyboard_probe:167	451
</harden/bcfiles/linux_bcfiles/kbdi.bc>:usb_keyboard_probe:168	41
</harden/bcfiles/linux_bcfiles/kbdi.bc>:usb_keyboard_probe:168	63
</harden/bcfiles/linux_bcfiles/kbdi.bc>:usb_keyboard_probe:168	72
</harden/bcfiles/linux_bcfiles/kbdi.bc>:usb_keyboard_probe:168	77
</harden/bcfiles/linux_bcfiles/kbdi.bc>:usb_keyboard_probe:168	426
</harden/bcfiles/linux_bcfiles/kbdi.bc>:usb_keyboard_probe:168	451
</harden/bcfiles/linux_bcfiles/kbdi.bc>:usb_keyboard_probe:169	41
</harden/bcfiles/linux_bcfiles/kbdi.bc>:usb_keyboard_probe:169	63
</harden/bcfiles/linux_bcfiles/kbdi.bc>:usb_keyboard_probe:169	72
</harden/bcfiles/linux_bcfiles/kbdi.bc>:usb_keyboard_probe:169	77
</harden/bcfiles/linux_bcfiles/kbdi.bc>:usb_keyboard_probe:169	426
</harden/bcfiles/linux_bcfiles/kbdi.bc>:usb_keyboard_probe:169	451
</harden/bcfiles/linux_bcfiles/kbdi.bc>:usb_keyboard_probe:170	41
</harden/bcfiles/linux_bcfiles/kbdi.bc>:usb_keyboard_probe:170	63
</harden/bcfiles/linux_bcfiles/kbdi.bc>:usb_keyboard_probe:170	72
</harden/bcfiles/linux_bcfiles/kbdi.bc>:usb_keyboard_probe:170	77
</harden/bcfiles/linux_bcfiles/kbdi.bc>:usb_keyboard_probe:170	426
</harden/bcfiles/linux_bcfiles/kbdi.bc>:usb_keyboard_probe:170	451
</harden/bcfiles/linux_bcfiles/kbdi.bc>:usb_keyboard_probe:171	41
</harden/bcfiles/linux_bcfiles/kbdi.bc>:usb_keyboard_probe:171	63
</harden/bcfiles/linux_bcfiles/kbdi.bc>:usb_keyboard_probe:171	72
</harden/bcfiles/linux_bcfiles/kbdi.bc>:usb_keyboard_probe:171	77
</harden/bcfiles/linux_bcfiles/kbdi.bc>:usb_keyboard_probe:171	426
</harden/bcfiles/linux_bcfiles/kbdi.bc>:usb_keyboard_probe:171	451
</harden/bcfiles/linux_bcfiles/kbdi.bc>:usb_keyboard_probe:172	41
</harden/bcfiles/linux_bcfiles/kbdi.bc>:usb_keyboard_probe:172	63
</harden/bcfiles/linux_bcfiles/kbdi.bc>:usb_keyboard_probe:172	72
</harden/bcfiles/linux_bcfiles/kbdi.bc>:usb_keyboard_probe:172	77
</harden/bcfiles/linux_bcfiles/kbdi.bc>:usb_keyboard_probe:172	426
</harden/bcfiles/linux_bcfiles/kbdi.bc>:usb_keyboard_probe:172	451
</harden/bcfiles/linux_bcfiles/kbdi.bc>:usb_keyboard_probe:173	41
</harden/bcfiles/linux_bcfiles/kbdi.bc>:usb_keyboard_probe:173	63
</harden/bcfiles/linux_bcfiles/kbdi.bc>:usb_keyboard_probe:173	72
</harden/bcfiles/linux_bcfiles/kbdi.bc>:usb_keyboard_probe:174	41
</harden/bcfiles/linux_bcfiles/kbdi.bc>:usb_keyboard_probe:174	63
</harden/bcfiles/linux_bcfiles/kbdi.bc>:usb_keyboard_probe:174	72
</harden/bcfiles/linux_bcfiles/kbdi.bc>:usb_keyboard_probe:175	41
</harden/bcfiles/linux_bcfiles/kbdi.bc>:usb_keyboard_probe:175	63
</harden/bcfiles/linux_bcfiles/kbdi.bc>:usb_keyboard_probe:175	72
</harden/bcfiles/linux_bcfiles/kbdi.bc>:usb_keyboard_probe:176	41
</harden/bcfiles/linux_bcfiles/kbdi.bc>:usb_keyboard_probe:176	63
</harden/bcfiles/linux_bcfiles/kbdi.bc>:usb_keyboard_probe:176	72
</harden/bcfiles/linux_bcfiles/kbdi.bc>:usb_keyboard_probe:177	41
</harden/bcfiles/linux_bcfiles/kbdi.bc>:usb_keyboard_probe:177	63
</harden/bcfiles/linux_bcfiles/kbdi.bc>:usb_keyboard_probe:178	41
</harden/bcfiles/linux_bcfiles/kbdi.bc>:usb_keyboard_probe:178	63
</harden/bcfiles/linux_bcfiles/kbdi.bc>:usb_keyboard_probe:179	41
</harden/bcfiles/linux_bcfiles/kbdi.bc>:usb_keyboard_probe:179	43
</harden/bcfiles/linux_bcfiles/kbdi.bc>:usb_keyboard_probe:179	63
</harden/bcfiles/linux_bcfiles/kbdi.bc>:usb_keyboard_probe:179	66
</harden/bcfiles/linux_bcfiles/kbdi.bc>:usb_keyboard_probe:179	79
</harden/bcfiles/linux_bcfiles/kbdi.bc>:usb_keyboard_probe:180	41
</harden/bcfiles/linux_bcfiles/kbdi.bc>:usb_keyboard_probe:180	43
</harden/bcfiles/linux_bcfiles/kbdi.bc>:usb_keyboard_probe:180	63
</harden/bcfiles/linux_bcfiles/kbdi.bc>:usb_keyboard_probe:180	66
</harden/bcfiles/linux_bcfiles/kbdi.bc>:usb_keyboard_probe:180	79
</harden/bcfiles/linux_bcfiles/kbdi.bc>:usb_keyboard_disconnect:6	92
</harden/bcfiles/linux_bcfiles/kbdi.bc>:usb_keyboard_disconnect:7	92
</harden/bcfiles/linux_bcfiles/kbdi.bc>:usb_keyboard_disconnect:8	92
</harden/bcfiles/linux_bcfiles/kbdi.bc>:usb_keyboard_disconnect:9	92
</harden/bcfiles/linux_bcfiles/kbdi.bc>:usb_keyboard_disconnect:10	92
</harden/bcfiles/linux_bcfiles/kbdi.bc>:usb_keyboard_disconnect:11	92
</harden/bcfiles/linux_bcfiles/kbdi.bc>:usb_keyboard_disconnect:12	92
</harden/bcfiles/linux_bcfiles/kbdi.bc>:usb_keyboard_disconnect:12	96
</harden/bcfiles/linux_bcfiles/kbdi.bc>:input_report_key:0	41
</harden/bcfiles/linux_bcfiles/kbdi.bc>:input_report_key:0	63
</harden/bcfiles/linux_bcfiles/kbdi.bc>:input_report_key:0	72
</harden/bcfiles/linux_bcfiles/kbdi.bc>:input_report_key:0	77
</harden/bcfiles/linux_bcfiles/kbdi.bc>:input_report_key:0	426
</harden/bcfiles/linux_bcfiles/kbdi.bc>:input_report_key:0	451
</harden/bcfiles/linux_bcfiles/kbdi.bc>:input_report_key:1	41
</harden/bcfiles/linux_bcfiles/kbdi.bc>:input_report_key:1	63
</harden/bcfiles/linux_bcfiles/kbdi.bc>:input_report_key:1	72
</harden/bcfiles/linux_bcfiles/kbdi.bc>:input_report_key:1	77
</harden/bcfiles/linux_bcfiles/kbdi.bc>:input_report_key:1	426
</harden/bcfiles/linux_bcfiles/kbdi.bc>:input_report_key:1	451
</harden/bcfiles/linux_bcfiles/kbdi.bc>:input_report_key:2	41
</harden/bcfiles/linux_bcfiles/kbdi.bc>:input_report_key:2	63
</harden/bcfiles/linux_bcfiles/kbdi.bc>:input_report_key:2	72
</harden/bcfiles/linux_bcfiles/kbdi.bc>:input_report_key:2	77
</harden/bcfiles/linux_bcfiles/kbdi.bc>:input_report_key:2	426
</harden/bcfiles/linux_bcfiles/kbdi.bc>:input_report_key:2	451
</harden/bcfiles/linux_bcfiles/kbdi.bc>:input_report_key:3	41
</harden/bcfiles/linux_bcfiles/kbdi.bc>:input_report_key:3	63
</harden/bcfiles/linux_bcfiles/kbdi.bc>:input_report_key:3	72
</harden/bcfiles/linux_bcfiles/kbdi.bc>:input_report_key:3	77
</harden/bcfiles/linux_bcfiles/kbdi.bc>:input_report_key:3	426
</harden/bcfiles/linux_bcfiles/kbdi.bc>:input_report_key:3	451
</harden/bcfiles/linux_bcfiles/kbdi.bc>:input_report_key:4	41
</harden/bcfiles/linux_bcfiles/kbdi.bc>:input_report_key:4	63
</harden/bcfiles/linux_bcfiles/kbdi.bc>:input_report_key:4	72
</harden/bcfiles/linux_bcfiles/kbdi.bc>:input_report_key:4	77
</harden/bcfiles/linux_bcfiles/kbdi.bc>:input_report_key:4	426
</harden/bcfiles/linux_bcfiles/kbdi.bc>:input_report_key:4	451
</harden/bcfiles/linux_bcfiles/kbdi.bc>:input_report_key:5	41
</harden/bcfiles/linux_bcfiles/kbdi.bc>:input_report_key:5	63
</harden/bcfiles/linux_bcfiles/kbdi.bc>:input_report_key:5	72
</harden/bcfiles/linux_bcfiles/kbdi.bc>:input_report_key:5	77
</harden/bcfiles/linux_bcfiles/kbdi.bc>:input_report_key:5	426
</harden/bcfiles/linux_bcfiles/kbdi.bc>:input_report_key:5	451
</harden/bcfiles/linux_bcfiles/kbdi.bc>:input_report_key:6	41
</harden/bcfiles/linux_bcfiles/kbdi.bc>:input_report_key:6	63
</harden/bcfiles/linux_bcfiles/kbdi.bc>:input_report_key:6	72
</harden/bcfiles/linux_bcfiles/kbdi.bc>:input_report_key:6	77
</harden/bcfiles/linux_bcfiles/kbdi.bc>:input_report_key:6	426
</harden/bcfiles/linux_bcfiles/kbdi.bc>:input_report_key:6	451
</harden/bcfiles/linux_bcfiles/kbdi.bc>:input_report_key:7	41
</harden/bcfiles/linux_bcfiles/kbdi.bc>:input_report_key:7	63
</harden/bcfiles/linux_bcfiles/kbdi.bc>:input_report_key:7	72
</harden/bcfiles/linux_bcfiles/kbdi.bc>:input_report_key:7	77
</harden/bcfiles/linux_bcfiles/kbdi.bc>:input_report_key:7	426
</harden/bcfiles/linux_bcfiles/kbdi.bc>:input_report_key:7	451
</harden/bcfiles/linux_bcfiles/kbdi.bc>:input_report_key:8	41
</harden/bcfiles/linux_bcfiles/kbdi.bc>:input_report_key:8	63
</harden/bcfiles/linux_bcfiles/kbdi.bc>:input_report_key:8	72
</harden/bcfiles/linux_bcfiles/kbdi.bc>:input_report_key:8	77
</harden/bcfiles/linux_bcfiles/kbdi.bc>:input_report_key:8	426
</harden/bcfiles/linux_bcfiles/kbdi.bc>:input_report_key:8	451
</harden/bcfiles/linux_bcfiles/kbdi.bc>:input_report_key:9	41
</harden/bcfiles/linux_bcfiles/kbdi.bc>:input_report_key:9	63
</harden/bcfiles/linux_bcfiles/kbdi.bc>:input_report_key:9	72
</harden/bcfiles/linux_bcfiles/kbdi.bc>:input_report_key:9	77
</harden/bcfiles/linux_bcfiles/kbdi.bc>:input_report_key:9	426
</harden/bcfiles/linux_bcfiles/kbdi.bc>:input_report_key:9	451
</harden/bcfiles/linux_bcfiles/kbdi.bc>:input_report_key:10	41
</harden/bcfiles/linux_bcfiles/kbdi.bc>:input_report_key:10	63
</harden/bcfiles/linux_bcfiles/kbdi.bc>:input_report_key:10	72
</harden/bcfiles/linux_bcfiles/kbdi.bc>:input_report_key:10	77
</harden/bcfiles/linux_bcfiles/kbdi.bc>:input_report_key:10	426
</harden/bcfiles/linux_bcfiles/kbdi.bc>:input_report_key:10	451
</harden/bcfiles/linux_bcfiles/kbdi.bc>:input_report_key:11	41
</harden/bcfiles/linux_bcfiles/kbdi.bc>:input_report_key:11	63
</harden/bcfiles/linux_bcfiles/kbdi.bc>:input_report_key:11	72
</harden/bcfiles/linux_bcfiles/kbdi.bc>:input_report_key:11	77
</harden/bcfiles/linux_bcfiles/kbdi.bc>:input_report_key:11	426
</harden/bcfiles/linux_bcfiles/kbdi.bc>:input_report_key:11	451
</harden/bcfiles/linux_bcfiles/kbdi.bc>:input_report_key:12	41
</harden/bcfiles/linux_bcfiles/kbdi.bc>:input_report_key:12	63
</harden/bcfiles/linux_bcfiles/kbdi.bc>:input_report_key:12	72
</harden/bcfiles/linux_bcfiles/kbdi.bc>:input_report_key:12	77
</harden/bcfiles/linux_bcfiles/kbdi.bc>:input_report_key:12	426
</harden/bcfiles/linux_bcfiles/kbdi.bc>:input_report_key:12	451
</harden/bcfiles/linux_bcfiles/kbdi.bc>:input_report_key:13	41
</harden/bcfiles/linux_bcfiles/kbdi.bc>:input_report_key:13	63
</harden/bcfiles/linux_bcfiles/kbdi.bc>:input_report_key:13	72
</harden/bcfiles/linux_bcfiles/kbdi.bc>:input_report_key:13	77
</harden/bcfiles/linux_bcfiles/kbdi.bc>:input_report_key:13	426
</harden/bcfiles/linux_bcfiles/kbdi.bc>:input_report_key:13	451
</harden/bcfiles/linux_bcfiles/kbdi.bc>:input_report_key:14	41
</harden/bcfiles/linux_bcfiles/kbdi.bc>:input_report_key:14	63
</harden/bcfiles/linux_bcfiles/kbdi.bc>:input_report_key:14	72
</harden/bcfiles/linux_bcfiles/kbdi.bc>:input_report_key:14	77
</harden/bcfiles/linux_bcfiles/kbdi.bc>:input_report_key:14	426
</harden/bcfiles/linux_bcfiles/kbdi.bc>:input_report_key:14	451
</harden/bcfiles/linux_bcfiles/kbdi.bc>:input_report_key:15	41
</harden/bcfiles/linux_bcfiles/kbdi.bc>:input_report_key:15	63
</harden/bcfiles/linux_bcfiles/kbdi.bc>:input_report_key:15	72
</harden/bcfiles/linux_bcfiles/kbdi.bc>:input_report_key:15	77
</harden/bcfiles/linux_bcfiles/kbdi.bc>:input_report_key:15	426
</harden/bcfiles/linux_bcfiles/kbdi.bc>:input_report_key:15	451
</harden/bcfiles/linux_bcfiles/kbdi.bc>:input_report_key:16	41
</harden/bcfiles/linux_bcfiles/kbdi.bc>:input_report_key:16	63
</harden/bcfiles/linux_bcfiles/kbdi.bc>:input_report_key:16	72
</harden/bcfiles/linux_bcfiles/kbdi.bc>:input_report_key:16	77
</harden/bcfiles/linux_bcfiles/kbdi.bc>:input_report_key:16	426
</harden/bcfiles/linux_bcfiles/kbdi.bc>:input_report_key:16	451
</harden/bcfiles/linux_bcfiles/kbdi.bc>:input_report_key:17	41
</harden/bcfiles/linux_bcfiles/kbdi.bc>:input_report_key:17	63
</harden/bcfiles/linux_bcfiles/kbdi.bc>:input_report_key:17	72
</harden/bcfiles/linux_bcfiles/kbdi.bc>:input_report_key:17	77
</harden/bcfiles/linux_bcfiles/kbdi.bc>:input_report_key:17	426
</harden/bcfiles/linux_bcfiles/kbdi.bc>:input_report_key:17	451
</harden/bcfiles/linux_bcfiles/kbdi.bc>:input_sync:0	41
</harden/bcfiles/linux_bcfiles/kbdi.bc>:input_sync:0	63
</harden/bcfiles/linux_bcfiles/kbdi.bc>:input_sync:0	72
</harden/bcfiles/linux_bcfiles/kbdi.bc>:input_sync:0	77
</harden/bcfiles/linux_bcfiles/kbdi.bc>:input_sync:0	426
</harden/bcfiles/linux_bcfiles/kbdi.bc>:input_sync:0	451
</harden/bcfiles/linux_bcfiles/kbdi.bc>:input_sync:1	41
</harden/bcfiles/linux_bcfiles/kbdi.bc>:input_sync:1	63
</harden/bcfiles/linux_bcfiles/kbdi.bc>:input_sync:1	72
</harden/bcfiles/linux_bcfiles/kbdi.bc>:input_sync:1	77
</harden/bcfiles/linux_bcfiles/kbdi.bc>:input_sync:1	426
</harden/bcfiles/linux_bcfiles/kbdi.bc>:input_sync:1	451
</harden/bcfiles/linux_bcfiles/kbdi.bc>:input_sync:2	41
</harden/bcfiles/linux_bcfiles/kbdi.bc>:input_sync:2	63
</harden/bcfiles/linux_bcfiles/kbdi.bc>:input_sync:2	72
</harden/bcfiles/linux_bcfiles/kbdi.bc>:input_sync:2	77
</harden/bcfiles/linux_bcfiles/kbdi.bc>:input_sync:2	426
</harden/bcfiles/linux_bcfiles/kbdi.bc>:input_sync:2	451
</harden/bcfiles/linux_bcfiles/kbdi.bc>:input_sync:3	41
</harden/bcfiles/linux_bcfiles/kbdi.bc>:input_sync:3	63
</harden/bcfiles/linux_bcfiles/kbdi.bc>:input_sync:3	72
</harden/bcfiles/linux_bcfiles/kbdi.bc>:input_sync:3	77
</harden/bcfiles/linux_bcfiles/kbdi.bc>:input_sync:3	426
</harden/bcfiles/linux_bcfiles/kbdi.bc>:input_sync:3	451
</harden/bcfiles/linux_bcfiles/kbdi.bc>:input_sync:4	41
</harden/bcfiles/linux_bcfiles/kbdi.bc>:input_sync:4	63
</harden/bcfiles/linux_bcfiles/kbdi.bc>:input_sync:4	72
</harden/bcfiles/linux_bcfiles/kbdi.bc>:input_sync:4	77
</harden/bcfiles/linux_bcfiles/kbdi.bc>:input_sync:4	426
</harden/bcfiles/linux_bcfiles/kbdi.bc>:input_sync:4	451
</harden/bcfiles/linux_bcfiles/kbdi.bc>:input_sync:5	41
</harden/bcfiles/linux_bcfiles/kbdi.bc>:input_sync:5	63
</harden/bcfiles/linux_bcfiles/kbdi.bc>:input_sync:5	72
</harden/bcfiles/linux_bcfiles/kbdi.bc>:input_sync:5	77
</harden/bcfiles/linux_bcfiles/kbdi.bc>:input_sync:5	426
</harden/bcfiles/linux_bcfiles/kbdi.bc>:input_sync:5	451
</harden/bcfiles/linux_bcfiles/kbdi.bc>:kasan_check_write:0	41
</harden/bcfiles/linux_bcfiles/kbdi.bc>:kasan_check_write:0	46
</harden/bcfiles/linux_bcfiles/kbdi.bc>:kasan_check_write:0	54
</harden/bcfiles/linux_bcfiles/kbdi.bc>:kasan_check_write:0	230
</harden/bcfiles/linux_bcfiles/kbdi.bc>:kasan_check_write:1	41
</harden/bcfiles/linux_bcfiles/kbdi.bc>:kasan_check_write:1	46
</harden/bcfiles/linux_bcfiles/kbdi.bc>:kasan_check_write:1	54
</harden/bcfiles/linux_bcfiles/kbdi.bc>:kasan_check_write:1	230
</harden/bcfiles/linux_bcfiles/kbdi.bc>:kasan_check_write:2	41
</harden/bcfiles/linux_bcfiles/kbdi.bc>:kasan_check_write:2	46
</harden/bcfiles/linux_bcfiles/kbdi.bc>:kasan_check_write:2	54
</harden/bcfiles/linux_bcfiles/kbdi.bc>:kasan_check_write:2	230
</harden/bcfiles/linux_bcfiles/kbdi.bc>:kasan_check_write:3	41
</harden/bcfiles/linux_bcfiles/kbdi.bc>:kasan_check_write:3	46
</harden/bcfiles/linux_bcfiles/kbdi.bc>:kasan_check_write:3	54
</harden/bcfiles/linux_bcfiles/kbdi.bc>:kasan_check_write:3	230
</harden/bcfiles/linux_bcfiles/kbdi.bc>:kasan_check_write:4	41
</harden/bcfiles/linux_bcfiles/kbdi.bc>:kasan_check_write:4	46
</harden/bcfiles/linux_bcfiles/kbdi.bc>:kasan_check_write:4	54
</harden/bcfiles/linux_bcfiles/kbdi.bc>:kasan_check_write:4	230
</harden/bcfiles/linux_bcfiles/kbdi.bc>:kasan_check_write:5	41
</harden/bcfiles/linux_bcfiles/kbdi.bc>:kasan_check_write:5	46
</harden/bcfiles/linux_bcfiles/kbdi.bc>:kasan_check_write:5	54
</harden/bcfiles/linux_bcfiles/kbdi.bc>:kasan_check_write:5	230
</harden/bcfiles/linux_bcfiles/kbdi.bc>:kasan_check_write:6	41
</harden/bcfiles/linux_bcfiles/kbdi.bc>:kasan_check_write:6	46
</harden/bcfiles/linux_bcfiles/kbdi.bc>:kasan_check_write:6	54
</harden/bcfiles/linux_bcfiles/kbdi.bc>:kasan_check_write:6	230
</harden/bcfiles/linux_bcfiles/kbdi.bc>:kcsan_check_access:0	41
</harden/bcfiles/linux_bcfiles/kbdi.bc>:kcsan_check_access:0	46
</harden/bcfiles/linux_bcfiles/kbdi.bc>:kcsan_check_access:0	54
</harden/bcfiles/linux_bcfiles/kbdi.bc>:kcsan_check_access:0	230
</harden/bcfiles/linux_bcfiles/kbdi.bc>:kcsan_check_access:1	41
</harden/bcfiles/linux_bcfiles/kbdi.bc>:kcsan_check_access:1	46
</harden/bcfiles/linux_bcfiles/kbdi.bc>:kcsan_check_access:1	54
</harden/bcfiles/linux_bcfiles/kbdi.bc>:kcsan_check_access:1	230
</harden/bcfiles/linux_bcfiles/kbdi.bc>:kcsan_check_access:2	41
</harden/bcfiles/linux_bcfiles/kbdi.bc>:kcsan_check_access:2	46
</harden/bcfiles/linux_bcfiles/kbdi.bc>:kcsan_check_access:2	54
</harden/bcfiles/linux_bcfiles/kbdi.bc>:kcsan_check_access:2	230
</harden/bcfiles/linux_bcfiles/kbdi.bc>:kcsan_check_access:3	41
</harden/bcfiles/linux_bcfiles/kbdi.bc>:kcsan_check_access:3	46
</harden/bcfiles/linux_bcfiles/kbdi.bc>:kcsan_check_access:3	54
</harden/bcfiles/linux_bcfiles/kbdi.bc>:kcsan_check_access:3	230
</harden/bcfiles/linux_bcfiles/kbdi.bc>:kcsan_check_access:4	41
</harden/bcfiles/linux_bcfiles/kbdi.bc>:kcsan_check_access:4	46
</harden/bcfiles/linux_bcfiles/kbdi.bc>:kcsan_check_access:4	54
</harden/bcfiles/linux_bcfiles/kbdi.bc>:kcsan_check_access:4	230
</harden/bcfiles/linux_bcfiles/kbdi.bc>:kcsan_check_access:5	41
</harden/bcfiles/linux_bcfiles/kbdi.bc>:kcsan_check_access:5	46
</harden/bcfiles/linux_bcfiles/kbdi.bc>:kcsan_check_access:5	54
</harden/bcfiles/linux_bcfiles/kbdi.bc>:kcsan_check_access:5	230
</harden/bcfiles/linux_bcfiles/kbdi.bc>:kcsan_check_access:6	41
</harden/bcfiles/linux_bcfiles/kbdi.bc>:kcsan_check_access:6	46
</harden/bcfiles/linux_bcfiles/kbdi.bc>:kcsan_check_access:6	54
</harden/bcfiles/linux_bcfiles/kbdi.bc>:kcsan_check_access:6	230
</harden/bcfiles/linux_bcfiles/kbdi.bc>:kcsan_check_access:7	41
</harden/bcfiles/linux_bcfiles/kbdi.bc>:kcsan_check_access:7	46
</harden/bcfiles/linux_bcfiles/kbdi.bc>:kcsan_check_access:7	54
</harden/bcfiles/linux_bcfiles/kbdi.bc>:kcsan_check_access:7	230
</harden/bcfiles/linux_bcfiles/kbdi.bc>:kcsan_check_access:8	41
</harden/bcfiles/linux_bcfiles/kbdi.bc>:kcsan_check_access:8	46
</harden/bcfiles/linux_bcfiles/kbdi.bc>:kcsan_check_access:8	54
</harden/bcfiles/linux_bcfiles/kbdi.bc>:kcsan_check_access:8	230
</harden/bcfiles/linux_bcfiles/kbdi.bc>:kcsan_check_access:9	41
</harden/bcfiles/linux_bcfiles/kbdi.bc>:kcsan_check_access:9	46
</harden/bcfiles/linux_bcfiles/kbdi.bc>:kcsan_check_access:9	54
</harden/bcfiles/linux_bcfiles/kbdi.bc>:kcsan_check_access:9	230
