</harden/bcfiles/linux_bcfiles/kbdi.bc>:usb_keyboard_probe:%48	</harden/bcfiles/linux_bcfiles/kbdi.bc>:usb_keyboard_probe:%9	</harden/bcfiles/linux_bcfiles/kbdi.bc>:usb_keyboard_probe:64	82
</harden/bcfiles/linux_bcfiles/kbdi.bc>:usb_keyboard_probe:%50	</harden/bcfiles/linux_bcfiles/kbdi.bc>:usb_keyboard_probe:%49	</harden/bcfiles/linux_bcfiles/kbdi.bc>:usb_keyboard_probe:66	82
</harden/bcfiles/linux_bcfiles/kbdi.bc>:usb_keyboard_probe:%52	</harden/bcfiles/linux_bcfiles/kbdi.bc>:usb_keyboard_probe:%9	</harden/bcfiles/linux_bcfiles/kbdi.bc>:usb_keyboard_probe:68	83
</harden/bcfiles/linux_bcfiles/kbdi.bc>:usb_keyboard_probe:%53	</harden/bcfiles/linux_bcfiles/kbdi.bc>:usb_keyboard_probe:%10	</harden/bcfiles/linux_bcfiles/kbdi.bc>:usb_keyboard_probe:69	83
</harden/bcfiles/linux_bcfiles/kbdi.bc>:usb_keyboard_probe:%56	</harden/bcfiles/linux_bcfiles/kbdi.bc>:usb_keyboard_probe:%5	</harden/bcfiles/linux_bcfiles/kbdi.bc>:usb_keyboard_probe:77	54
</harden/bcfiles/linux_bcfiles/kbdi.bc>:usb_keyboard_probe:%63	</harden/bcfiles/linux_bcfiles/kbdi.bc>:usb_keyboard_probe:%62	</harden/bcfiles/linux_bcfiles/kbdi.bc>:usb_keyboard_probe:84	56
</harden/bcfiles/linux_bcfiles/kbdi.bc>:usb_keyboard_probe:%63	</harden/bcfiles/linux_bcfiles/kbdi.bc>:usb_keyboard_probe:%60	</harden/bcfiles/linux_bcfiles/kbdi.bc>:usb_keyboard_probe:84	56
</harden/bcfiles/linux_bcfiles/kbdi.bc>:usb_keyboard_probe:%67	</harden/bcfiles/linux_bcfiles/kbdi.bc>:usb_keyboard_probe:88:0:1	</harden/bcfiles/linux_bcfiles/kbdi.bc>:usb_keyboard_probe:88	57
</harden/bcfiles/linux_bcfiles/kbdi.bc>:usb_keyboard_probe:%67	</harden/bcfiles/linux_bcfiles/kbdi.bc>:usb_keyboard_probe:%66	</harden/bcfiles/linux_bcfiles/kbdi.bc>:usb_keyboard_probe:88	57
</harden/bcfiles/linux_bcfiles/kbdi.bc>:usb_keyboard_probe:%69	</harden/bcfiles/linux_bcfiles/kbdi.bc>:usb_keyboard_probe:%6	</harden/bcfiles/linux_bcfiles/kbdi.bc>:usb_keyboard_probe:91	61
</harden/bcfiles/linux_bcfiles/kbdi.bc>:usb_keyboard_probe:%70	</harden/bcfiles/linux_bcfiles/kbdi.bc>:usb_keyboard_probe:%5	</harden/bcfiles/linux_bcfiles/kbdi.bc>:usb_keyboard_probe:92	61
</harden/bcfiles/linux_bcfiles/kbdi.bc>:usb_keyboard_probe:%80	</harden/bcfiles/linux_bcfiles/kbdi.bc>:usb_keyboard_probe:%7	</harden/bcfiles/linux_bcfiles/kbdi.bc>:usb_keyboard_probe:111	82
</harden/bcfiles/linux_bcfiles/kbdi.bc>:usb_keyboard_probe:%82	</harden/bcfiles/linux_bcfiles/kbdi.bc>:usb_keyboard_probe:%81	</harden/bcfiles/linux_bcfiles/kbdi.bc>:usb_keyboard_probe:113	82
</harden/bcfiles/linux_bcfiles/kbdi.bc>:usb_keyboard_probe:%84	</harden/bcfiles/linux_bcfiles/kbdi.bc>:usb_keyboard_probe:%7	</harden/bcfiles/linux_bcfiles/kbdi.bc>:usb_keyboard_probe:115	83
</harden/bcfiles/linux_bcfiles/kbdi.bc>:usb_keyboard_probe:%85	</harden/bcfiles/linux_bcfiles/kbdi.bc>:usb_keyboard_probe:%8	</harden/bcfiles/linux_bcfiles/kbdi.bc>:usb_keyboard_probe:116	83
</harden/bcfiles/linux_bcfiles/kbdi.bc>:usb_keyboard_probe:%88	</harden/bcfiles/linux_bcfiles/kbdi.bc>:usb_keyboard_probe:%3	</harden/bcfiles/linux_bcfiles/kbdi.bc>:usb_keyboard_probe:124	54
</harden/bcfiles/linux_bcfiles/kbdi.bc>:usb_keyboard_probe:%95	</harden/bcfiles/linux_bcfiles/kbdi.bc>:usb_keyboard_probe:%94	</harden/bcfiles/linux_bcfiles/kbdi.bc>:usb_keyboard_probe:131	56
</harden/bcfiles/linux_bcfiles/kbdi.bc>:usb_keyboard_probe:%95	</harden/bcfiles/linux_bcfiles/kbdi.bc>:usb_keyboard_probe:%92	</harden/bcfiles/linux_bcfiles/kbdi.bc>:usb_keyboard_probe:131	56
</harden/bcfiles/linux_bcfiles/kbdi.bc>:usb_keyboard_probe:%99	</harden/bcfiles/linux_bcfiles/kbdi.bc>:usb_keyboard_probe:135:0:1	</harden/bcfiles/linux_bcfiles/kbdi.bc>:usb_keyboard_probe:135	57
</harden/bcfiles/linux_bcfiles/kbdi.bc>:usb_keyboard_probe:%99	</harden/bcfiles/linux_bcfiles/kbdi.bc>:usb_keyboard_probe:%98	</harden/bcfiles/linux_bcfiles/kbdi.bc>:usb_keyboard_probe:135	57
</harden/bcfiles/linux_bcfiles/kbdi.bc>:usb_keyboard_probe:%101	</harden/bcfiles/linux_bcfiles/kbdi.bc>:usb_keyboard_probe:%4	</harden/bcfiles/linux_bcfiles/kbdi.bc>:usb_keyboard_probe:138	61
</harden/bcfiles/linux_bcfiles/kbdi.bc>:usb_keyboard_probe:%102	</harden/bcfiles/linux_bcfiles/kbdi.bc>:usb_keyboard_probe:%3	</harden/bcfiles/linux_bcfiles/kbdi.bc>:usb_keyboard_probe:139	61
</harden/bcfiles/linux_bcfiles/kbdi.bc>:usb_keyboard_probe:%104	</harden/bcfiles/linux_bcfiles/kbdi.bc>:usb_keyboard_probe:142:0:@input_dev	</harden/bcfiles/linux_bcfiles/kbdi.bc>:usb_keyboard_probe:142	62
</harden/bcfiles/linux_bcfiles/kbdi.bc>:usb_keyboard_probe:%113	</harden/bcfiles/linux_bcfiles/kbdi.bc>:usb_keyboard_probe:153:0:@input_dev	</harden/bcfiles/linux_bcfiles/kbdi.bc>:usb_keyboard_probe:153	65
</harden/bcfiles/linux_bcfiles/kbdi.bc>:usb_keyboard_probe:%120	</harden/bcfiles/linux_bcfiles/kbdi.bc>:usb_keyboard_probe:164:0:@input_dev	</harden/bcfiles/linux_bcfiles/kbdi.bc>:usb_keyboard_probe:164	73
</harden/bcfiles/linux_bcfiles/kbdi.bc>:usb_keyboard_probe:%121	</harden/bcfiles/linux_bcfiles/kbdi.bc>:usb_keyboard_probe:166:0:@input_dev	</harden/bcfiles/linux_bcfiles/kbdi.bc>:usb_keyboard_probe:166	74
</harden/bcfiles/linux_bcfiles/kbdi.bc>:usb_keyboard_probe:%122	</harden/bcfiles/linux_bcfiles/kbdi.bc>:usb_keyboard_probe:168:0:@input_dev	</harden/bcfiles/linux_bcfiles/kbdi.bc>:usb_keyboard_probe:168	75
</harden/bcfiles/linux_bcfiles/kbdi.bc>:usb_keyboard_probe:%123	</harden/bcfiles/linux_bcfiles/kbdi.bc>:usb_keyboard_probe:170:0:@input_dev	</harden/bcfiles/linux_bcfiles/kbdi.bc>:usb_keyboard_probe:170	76
</harden/bcfiles/linux_bcfiles/kbdi.bc>:usb_keyboard_disconnect:%6	</harden/bcfiles/linux_bcfiles/kbdi.bc>:usb_keyboard_disconnect:6:0:@input_dev	</harden/bcfiles/linux_bcfiles/kbdi.bc>:usb_keyboard_disconnect:6	93
</harden/bcfiles/linux_bcfiles/kbdi.bc>:usb_keyboard_disconnect:%7	</harden/bcfiles/linux_bcfiles/kbdi.bc>:usb_keyboard_disconnect:8:0:@input_dev	</harden/bcfiles/linux_bcfiles/kbdi.bc>:usb_keyboard_disconnect:8	94
</harden/bcfiles/linux_bcfiles/kbdi.bc>:input_report_key:%7	</harden/bcfiles/linux_bcfiles/kbdi.bc>:input_report_key:%4	</harden/bcfiles/linux_bcfiles/kbdi.bc>:input_report_key:9	425
</harden/bcfiles/linux_bcfiles/kbdi.bc>:input_report_key:%8	</harden/bcfiles/linux_bcfiles/kbdi.bc>:input_report_key:%5	</harden/bcfiles/linux_bcfiles/kbdi.bc>:input_report_key:10	425
</harden/bcfiles/linux_bcfiles/kbdi.bc>:input_report_key:%13	</harden/bcfiles/linux_bcfiles/kbdi.bc>:input_report_key:%12	</harden/bcfiles/linux_bcfiles/kbdi.bc>:input_report_key:15	425
</harden/bcfiles/linux_bcfiles/kbdi.bc>:input_sync:%3	</harden/bcfiles/linux_bcfiles/kbdi.bc>:input_sync:%2	</harden/bcfiles/linux_bcfiles/kbdi.bc>:input_sync:3	450
</harden/bcfiles/linux_bcfiles/kbdi.bc>:usb_keyboard_probe:25:0:@input_dev	</harden/bcfiles/linux_bcfiles/kbdi.bc>:usb_keyboard_probe:%22	</harden/bcfiles/linux_bcfiles/kbdi.bc>:usb_keyboard_probe:25	40
</harden/bcfiles/linux_bcfiles/kbdi.bc>:usb_keyboard_disconnect:10:1:@input_dev	</harden/bcfiles/linux_bcfiles/kbdi.bc>:usb_keyboard_disconnect:10:0:null	</harden/bcfiles/linux_bcfiles/kbdi.bc>:usb_keyboard_disconnect:10	95
</harden/bcfiles/linux_bcfiles/kbdi.bc>:usb_keyboard_probe:%129	</harden/bcfiles/linux_bcfiles/kbdi.bc>:usb_keyboard_probe:%15	</harden/bcfiles/linux_bcfiles/kbdi.bc>:usb_keyboard_probe:179	80
</harden/bcfiles/linux_bcfiles/kbdi.bc>:usb_keyboard_probe:%112	</harden/bcfiles/linux_bcfiles/kbdi.bc>:usb_keyboard_probe:%20	</harden/bcfiles/linux_bcfiles/kbdi.bc>:usb_keyboard_probe:152	64
</harden/bcfiles/linux_bcfiles/kbdi.bc>:usb_keyboard_probe:%118	</harden/bcfiles/linux_bcfiles/kbdi.bc>:usb_keyboard_probe:162:0:20	</harden/bcfiles/linux_bcfiles/kbdi.bc>:usb_keyboard_probe:162	72
</harden/bcfiles/linux_bcfiles/kbdi.bc>:usb_keyboard_probe:%118	</harden/bcfiles/linux_bcfiles/kbdi.bc>:usb_keyboard_probe:%117	</harden/bcfiles/linux_bcfiles/kbdi.bc>:usb_keyboard_probe:162	72
</harden/bcfiles/linux_bcfiles/kbdi.bc>:usb_keyboard_probe:%107	</harden/bcfiles/linux_bcfiles/kbdi.bc>:usb_keyboard_probe:146:0:0	</harden/bcfiles/linux_bcfiles/kbdi.bc>:usb_keyboard_probe:146	63
</harden/bcfiles/linux_bcfiles/kbdi.bc>:usb_keyboard_probe:%107	</harden/bcfiles/linux_bcfiles/kbdi.bc>:usb_keyboard_probe:%106	</harden/bcfiles/linux_bcfiles/kbdi.bc>:usb_keyboard_probe:146	63
</harden/bcfiles/linux_bcfiles/kbdi.bc>:usb_keyboard_probe:%97	</harden/bcfiles/linux_bcfiles/kbdi.bc>:usb_keyboard_probe:133:0:7	</harden/bcfiles/linux_bcfiles/kbdi.bc>:usb_keyboard_probe:133	57
</harden/bcfiles/linux_bcfiles/kbdi.bc>:usb_keyboard_probe:%97	</harden/bcfiles/linux_bcfiles/kbdi.bc>:usb_keyboard_probe:%96	</harden/bcfiles/linux_bcfiles/kbdi.bc>:usb_keyboard_probe:133	57
</harden/bcfiles/linux_bcfiles/kbdi.bc>:usb_keyboard_probe:%94	</harden/bcfiles/linux_bcfiles/kbdi.bc>:usb_keyboard_probe:130:0:3	</harden/bcfiles/linux_bcfiles/kbdi.bc>:usb_keyboard_probe:130	56
</harden/bcfiles/linux_bcfiles/kbdi.bc>:usb_keyboard_probe:%94	</harden/bcfiles/linux_bcfiles/kbdi.bc>:usb_keyboard_probe:%93	</harden/bcfiles/linux_bcfiles/kbdi.bc>:usb_keyboard_probe:130	56
</harden/bcfiles/linux_bcfiles/kbdi.bc>:usb_keyboard_probe:%125	</harden/bcfiles/linux_bcfiles/kbdi.bc>:usb_keyboard_probe:%21	</harden/bcfiles/linux_bcfiles/kbdi.bc>:usb_keyboard_probe:173	72
</harden/bcfiles/linux_bcfiles/kbdi.bc>:usb_keyboard_probe:%92	</harden/bcfiles/linux_bcfiles/kbdi.bc>:usb_keyboard_probe:%91	</harden/bcfiles/linux_bcfiles/kbdi.bc>:usb_keyboard_probe:128	56
</harden/bcfiles/linux_bcfiles/kbdi.bc>:usb_keyboard_probe:%86	</harden/bcfiles/linux_bcfiles/kbdi.bc>:usb_keyboard_probe:%13	</harden/bcfiles/linux_bcfiles/kbdi.bc>:usb_keyboard_probe:118	29
</harden/bcfiles/linux_bcfiles/kbdi.bc>:usb_keyboard_probe:%79	</harden/bcfiles/linux_bcfiles/kbdi.bc>:usb_keyboard_probe:%78	</harden/bcfiles/linux_bcfiles/kbdi.bc>:usb_keyboard_probe:106	28
</harden/bcfiles/linux_bcfiles/kbdi.bc>:usb_keyboard_probe:%78	</harden/bcfiles/linux_bcfiles/kbdi.bc>:usb_keyboard_probe:%75	</harden/bcfiles/linux_bcfiles/kbdi.bc>:usb_keyboard_probe:105	28
</harden/bcfiles/linux_bcfiles/kbdi.bc>:usb_keyboard_probe:%78	</harden/bcfiles/linux_bcfiles/kbdi.bc>:usb_keyboard_probe:%77	</harden/bcfiles/linux_bcfiles/kbdi.bc>:usb_keyboard_probe:105	28
</harden/bcfiles/linux_bcfiles/kbdi.bc>:usb_keyboard_probe:%75	</harden/bcfiles/linux_bcfiles/kbdi.bc>:usb_keyboard_probe:%14	</harden/bcfiles/linux_bcfiles/kbdi.bc>:usb_keyboard_probe:102	28
</harden/bcfiles/linux_bcfiles/kbdi.bc>:usb_keyboard_probe:%74	</harden/bcfiles/linux_bcfiles/kbdi.bc>:usb_keyboard_probe:97:0:0	</harden/bcfiles/linux_bcfiles/kbdi.bc>:usb_keyboard_probe:97	57
</harden/bcfiles/linux_bcfiles/kbdi.bc>:usb_keyboard_probe:%74	</harden/bcfiles/linux_bcfiles/kbdi.bc>:usb_keyboard_probe:97:1:0	</harden/bcfiles/linux_bcfiles/kbdi.bc>:usb_keyboard_probe:97	57
</harden/bcfiles/linux_bcfiles/kbdi.bc>:usb_keyboard_probe:%74	</harden/bcfiles/linux_bcfiles/kbdi.bc>:usb_keyboard_probe:%73	</harden/bcfiles/linux_bcfiles/kbdi.bc>:usb_keyboard_probe:97	57
</harden/bcfiles/linux_bcfiles/kbdi.bc>:usb_keyboard_probe:%65	</harden/bcfiles/linux_bcfiles/kbdi.bc>:usb_keyboard_probe:86:0:7	</harden/bcfiles/linux_bcfiles/kbdi.bc>:usb_keyboard_probe:86	57
</harden/bcfiles/linux_bcfiles/kbdi.bc>:usb_keyboard_probe:%65	</harden/bcfiles/linux_bcfiles/kbdi.bc>:usb_keyboard_probe:%64	</harden/bcfiles/linux_bcfiles/kbdi.bc>:usb_keyboard_probe:86	57
</harden/bcfiles/linux_bcfiles/kbdi.bc>:usb_keyboard_probe:%64	</harden/bcfiles/linux_bcfiles/kbdi.bc>:usb_keyboard_probe:%5	</harden/bcfiles/linux_bcfiles/kbdi.bc>:usb_keyboard_probe:85	57
</harden/bcfiles/linux_bcfiles/kbdi.bc>:usb_keyboard_probe:%62	</harden/bcfiles/linux_bcfiles/kbdi.bc>:usb_keyboard_probe:83:0:3	</harden/bcfiles/linux_bcfiles/kbdi.bc>:usb_keyboard_probe:83	56
</harden/bcfiles/linux_bcfiles/kbdi.bc>:usb_keyboard_probe:%62	</harden/bcfiles/linux_bcfiles/kbdi.bc>:usb_keyboard_probe:%61	</harden/bcfiles/linux_bcfiles/kbdi.bc>:usb_keyboard_probe:83	56
</harden/bcfiles/linux_bcfiles/kbdi.bc>:usb_keyboard_probe:%66	</harden/bcfiles/linux_bcfiles/kbdi.bc>:usb_keyboard_probe:%65	</harden/bcfiles/linux_bcfiles/kbdi.bc>:usb_keyboard_probe:87	57
</harden/bcfiles/linux_bcfiles/kbdi.bc>:usb_keyboard_probe:%61	</harden/bcfiles/linux_bcfiles/kbdi.bc>:usb_keyboard_probe:%5	</harden/bcfiles/linux_bcfiles/kbdi.bc>:usb_keyboard_probe:82	56
</harden/bcfiles/linux_bcfiles/kbdi.bc>:usb_keyboard_probe:%76	</harden/bcfiles/linux_bcfiles/kbdi.bc>:usb_keyboard_probe:%13	</harden/bcfiles/linux_bcfiles/kbdi.bc>:usb_keyboard_probe:103	28
</harden/bcfiles/linux_bcfiles/kbdi.bc>:usb_keyboard_probe:%59	</harden/bcfiles/linux_bcfiles/kbdi.bc>:usb_keyboard_probe:%6	</harden/bcfiles/linux_bcfiles/kbdi.bc>:usb_keyboard_probe:80	56
</harden/bcfiles/linux_bcfiles/kbdi.bc>:usb_keyboard_probe:%117	</harden/bcfiles/linux_bcfiles/kbdi.bc>:usb_keyboard_probe:%21	</harden/bcfiles/linux_bcfiles/kbdi.bc>:usb_keyboard_probe:161	72
</harden/bcfiles/linux_bcfiles/kbdi.bc>:usb_keyboard_probe:%54	</harden/bcfiles/linux_bcfiles/kbdi.bc>:usb_keyboard_probe:%11	</harden/bcfiles/linux_bcfiles/kbdi.bc>:usb_keyboard_probe:71	29
</harden/bcfiles/linux_bcfiles/kbdi.bc>:usb_keyboard_probe:%49	</harden/bcfiles/linux_bcfiles/kbdi.bc>:usb_keyboard_probe:%10	</harden/bcfiles/linux_bcfiles/kbdi.bc>:usb_keyboard_probe:65	82
</harden/bcfiles/linux_bcfiles/kbdi.bc>:usb_keyboard_probe:%93	</harden/bcfiles/linux_bcfiles/kbdi.bc>:usb_keyboard_probe:%3	</harden/bcfiles/linux_bcfiles/kbdi.bc>:usb_keyboard_probe:129	56
</harden/bcfiles/linux_bcfiles/kbdi.bc>:usb_keyboard_probe:%46	</harden/bcfiles/linux_bcfiles/kbdi.bc>:usb_keyboard_probe:%43	</harden/bcfiles/linux_bcfiles/kbdi.bc>:usb_keyboard_probe:58	28
</harden/bcfiles/linux_bcfiles/kbdi.bc>:usb_keyboard_probe:%46	</harden/bcfiles/linux_bcfiles/kbdi.bc>:usb_keyboard_probe:%45	</harden/bcfiles/linux_bcfiles/kbdi.bc>:usb_keyboard_probe:58	28
</harden/bcfiles/linux_bcfiles/kbdi.bc>:usb_keyboard_probe:%81	</harden/bcfiles/linux_bcfiles/kbdi.bc>:usb_keyboard_probe:%8	</harden/bcfiles/linux_bcfiles/kbdi.bc>:usb_keyboard_probe:112	82
</harden/bcfiles/linux_bcfiles/kbdi.bc>:usb_keyboard_probe:%44	</harden/bcfiles/linux_bcfiles/kbdi.bc>:usb_keyboard_probe:%11	</harden/bcfiles/linux_bcfiles/kbdi.bc>:usb_keyboard_probe:56	28
</harden/bcfiles/linux_bcfiles/kbdi.bc>:usb_keyboard_probe:%40	</harden/bcfiles/linux_bcfiles/kbdi.bc>:usb_keyboard_probe:48:0:@input_dev	</harden/bcfiles/linux_bcfiles/kbdi.bc>:usb_keyboard_probe:48	56
</harden/bcfiles/linux_bcfiles/kbdi.bc>:usb_keyboard_probe:%36	</harden/bcfiles/linux_bcfiles/kbdi.bc>:usb_keyboard_probe:43:0:0	</harden/bcfiles/linux_bcfiles/kbdi.bc>:usb_keyboard_probe:43	51
</harden/bcfiles/linux_bcfiles/kbdi.bc>:usb_keyboard_probe:%36	</harden/bcfiles/linux_bcfiles/kbdi.bc>:usb_keyboard_probe:43:1:9	</harden/bcfiles/linux_bcfiles/kbdi.bc>:usb_keyboard_probe:43	51
</harden/bcfiles/linux_bcfiles/kbdi.bc>:usb_keyboard_probe:%36	</harden/bcfiles/linux_bcfiles/kbdi.bc>:usb_keyboard_probe:%35	</harden/bcfiles/linux_bcfiles/kbdi.bc>:usb_keyboard_probe:43	51
</harden/bcfiles/linux_bcfiles/kbdi.bc>:usb_keyboard_probe:%33	</harden/bcfiles/linux_bcfiles/kbdi.bc>:usb_keyboard_probe:39:0:@input_dev	</harden/bcfiles/linux_bcfiles/kbdi.bc>:usb_keyboard_probe:39	50
</harden/bcfiles/linux_bcfiles/kbdi.bc>:usb_keyboard_probe:%39	</harden/bcfiles/linux_bcfiles/kbdi.bc>:usb_keyboard_probe:46:0:0	</harden/bcfiles/linux_bcfiles/kbdi.bc>:usb_keyboard_probe:46	51
</harden/bcfiles/linux_bcfiles/kbdi.bc>:usb_keyboard_probe:%39	</harden/bcfiles/linux_bcfiles/kbdi.bc>:usb_keyboard_probe:46:1:1	</harden/bcfiles/linux_bcfiles/kbdi.bc>:usb_keyboard_probe:46	51
</harden/bcfiles/linux_bcfiles/kbdi.bc>:usb_keyboard_probe:%39	</harden/bcfiles/linux_bcfiles/kbdi.bc>:usb_keyboard_probe:%36	</harden/bcfiles/linux_bcfiles/kbdi.bc>:usb_keyboard_probe:47	51
</harden/bcfiles/linux_bcfiles/kbdi.bc>:usb_keyboard_probe:%39	</harden/bcfiles/linux_bcfiles/kbdi.bc>:usb_keyboard_probe:%38	</harden/bcfiles/linux_bcfiles/kbdi.bc>:usb_keyboard_probe:46	51
</harden/bcfiles/linux_bcfiles/kbdi.bc>:usb_keyboard_probe:%106	</harden/bcfiles/linux_bcfiles/kbdi.bc>:usb_keyboard_probe:%18	</harden/bcfiles/linux_bcfiles/kbdi.bc>:usb_keyboard_probe:145	63
</harden/bcfiles/linux_bcfiles/kbdi.bc>:usb_keyboard_probe:%37	</harden/bcfiles/linux_bcfiles/kbdi.bc>:usb_keyboard_probe:44:0:@input_dev	</harden/bcfiles/linux_bcfiles/kbdi.bc>:usb_keyboard_probe:44	51
</harden/bcfiles/linux_bcfiles/kbdi.bc>:usb_keyboard_probe:%32	</harden/bcfiles/linux_bcfiles/kbdi.bc>:usb_keyboard_probe:38:0:getelementptr inbounds ([17 x i8], [17 x i8]* @.str.3, i64 0, i64 0)	</harden/bcfiles/linux_bcfiles/kbdi.bc>:usb_keyboard_probe:38	49
</harden/bcfiles/linux_bcfiles/kbdi.bc>:usb_keyboard_probe:%32	</harden/bcfiles/linux_bcfiles/kbdi.bc>:usb_keyboard_probe:37:0:0	</harden/bcfiles/linux_bcfiles/kbdi.bc>:usb_keyboard_probe:37	49
</harden/bcfiles/linux_bcfiles/kbdi.bc>:usb_keyboard_probe:%32	</harden/bcfiles/linux_bcfiles/kbdi.bc>:usb_keyboard_probe:37:1:0	</harden/bcfiles/linux_bcfiles/kbdi.bc>:usb_keyboard_probe:37	49
</harden/bcfiles/linux_bcfiles/kbdi.bc>:usb_keyboard_probe:%32	</harden/bcfiles/linux_bcfiles/kbdi.bc>:usb_keyboard_probe:%31	</harden/bcfiles/linux_bcfiles/kbdi.bc>:usb_keyboard_probe:37	49
</harden/bcfiles/linux_bcfiles/kbdi.bc>:usb_keyboard_probe:%31	</harden/bcfiles/linux_bcfiles/kbdi.bc>:usb_keyboard_probe:36:0:@input_dev	</harden/bcfiles/linux_bcfiles/kbdi.bc>:usb_keyboard_probe:36	49
</harden/bcfiles/linux_bcfiles/kbdi.bc>:usb_keyboard_probe:%126	</harden/bcfiles/linux_bcfiles/kbdi.bc>:usb_keyboard_probe:174:0:1	</harden/bcfiles/linux_bcfiles/kbdi.bc>:usb_keyboard_probe:174	72
</harden/bcfiles/linux_bcfiles/kbdi.bc>:usb_keyboard_probe:%126	</harden/bcfiles/linux_bcfiles/kbdi.bc>:usb_keyboard_probe:%125	</harden/bcfiles/linux_bcfiles/kbdi.bc>:usb_keyboard_probe:174	72
</harden/bcfiles/linux_bcfiles/kbdi.bc>:usb_keyboard_probe:%29	</harden/bcfiles/linux_bcfiles/kbdi.bc>:usb_keyboard_probe:%19	</harden/bcfiles/linux_bcfiles/kbdi.bc>:usb_keyboard_probe:33	42
</harden/bcfiles/linux_bcfiles/kbdi.bc>:usb_keyboard_probe:%41	</harden/bcfiles/linux_bcfiles/kbdi.bc>:usb_keyboard_probe:49:0:0	</harden/bcfiles/linux_bcfiles/kbdi.bc>:usb_keyboard_probe:49	56
</harden/bcfiles/linux_bcfiles/kbdi.bc>:usb_keyboard_probe:%41	</harden/bcfiles/linux_bcfiles/kbdi.bc>:usb_keyboard_probe:49:1:5	</harden/bcfiles/linux_bcfiles/kbdi.bc>:usb_keyboard_probe:49	56
</harden/bcfiles/linux_bcfiles/kbdi.bc>:usb_keyboard_probe:%41	</harden/bcfiles/linux_bcfiles/kbdi.bc>:usb_keyboard_probe:%40	</harden/bcfiles/linux_bcfiles/kbdi.bc>:usb_keyboard_probe:49	56
</harden/bcfiles/linux_bcfiles/kbdi.bc>:usb_keyboard_probe:%55	</harden/bcfiles/linux_bcfiles/kbdi.bc>:usb_keyboard_probe:%12	</harden/bcfiles/linux_bcfiles/kbdi.bc>:usb_keyboard_probe:72	29
</harden/bcfiles/linux_bcfiles/kbdi.bc>:usb_keyboard_probe:%72	</harden/bcfiles/linux_bcfiles/kbdi.bc>:usb_keyboard_probe:95:0:@input_dev	</harden/bcfiles/linux_bcfiles/kbdi.bc>:usb_keyboard_probe:95	57
</harden/bcfiles/linux_bcfiles/kbdi.bc>:usb_keyboard_probe:%24	</harden/bcfiles/linux_bcfiles/kbdi.bc>:usb_keyboard_probe:27:0:null	</harden/bcfiles/linux_bcfiles/kbdi.bc>:usb_keyboard_probe:27	41
</harden/bcfiles/linux_bcfiles/kbdi.bc>:usb_keyboard_probe:%24	</harden/bcfiles/linux_bcfiles/kbdi.bc>:usb_keyboard_probe:%23	</harden/bcfiles/linux_bcfiles/kbdi.bc>:usb_keyboard_probe:27	41
</harden/bcfiles/linux_bcfiles/kbdi.bc>:usb_keyboard_probe:%47	</harden/bcfiles/linux_bcfiles/kbdi.bc>:usb_keyboard_probe:%46	</harden/bcfiles/linux_bcfiles/kbdi.bc>:usb_keyboard_probe:59	28
</harden/bcfiles/linux_bcfiles/kbdi.bc>:usb_keyboard_probe:%23	</harden/bcfiles/linux_bcfiles/kbdi.bc>:usb_keyboard_probe:26:0:@input_dev	</harden/bcfiles/linux_bcfiles/kbdi.bc>:usb_keyboard_probe:26	41
</harden/bcfiles/linux_bcfiles/kbdi.bc>:usb_keyboard_probe:%73	</harden/bcfiles/linux_bcfiles/kbdi.bc>:usb_keyboard_probe:96:0:0	</harden/bcfiles/linux_bcfiles/kbdi.bc>:usb_keyboard_probe:96	57
</harden/bcfiles/linux_bcfiles/kbdi.bc>:usb_keyboard_probe:%73	</harden/bcfiles/linux_bcfiles/kbdi.bc>:usb_keyboard_probe:96:1:6	</harden/bcfiles/linux_bcfiles/kbdi.bc>:usb_keyboard_probe:96	57
</harden/bcfiles/linux_bcfiles/kbdi.bc>:usb_keyboard_probe:%73	</harden/bcfiles/linux_bcfiles/kbdi.bc>:usb_keyboard_probe:%72	</harden/bcfiles/linux_bcfiles/kbdi.bc>:usb_keyboard_probe:96	57
</harden/bcfiles/linux_bcfiles/kbdi.bc>:usb_keyboard_probe:%43	</harden/bcfiles/linux_bcfiles/kbdi.bc>:usb_keyboard_probe:%12	</harden/bcfiles/linux_bcfiles/kbdi.bc>:usb_keyboard_probe:55	28
</harden/bcfiles/linux_bcfiles/kbdi.bc>:usb_keyboard_probe:%35	</harden/bcfiles/linux_bcfiles/kbdi.bc>:usb_keyboard_probe:%16	</harden/bcfiles/linux_bcfiles/kbdi.bc>:usb_keyboard_probe:42	51
</harden/bcfiles/linux_bcfiles/kbdi.bc>:usb_keyboard_probe:%20	</harden/bcfiles/linux_bcfiles/kbdi.bc>:usb_keyboard_probe:%111	</harden/bcfiles/linux_bcfiles/kbdi.bc>:usb_keyboard_probe:151	64
</harden/bcfiles/linux_bcfiles/kbdi.bc>:usb_keyboard_probe:%91	</harden/bcfiles/linux_bcfiles/kbdi.bc>:usb_keyboard_probe:%4	</harden/bcfiles/linux_bcfiles/kbdi.bc>:usb_keyboard_probe:127	56
</harden/bcfiles/linux_bcfiles/kbdi.bc>:usb_keyboard_probe:%21	</harden/bcfiles/linux_bcfiles/kbdi.bc>:usb_keyboard_probe:159:0:0	</harden/bcfiles/linux_bcfiles/kbdi.bc>:usb_keyboard_probe:159	72
</harden/bcfiles/linux_bcfiles/kbdi.bc>:usb_keyboard_probe:%21	</harden/bcfiles/linux_bcfiles/kbdi.bc>:usb_keyboard_probe:%126	</harden/bcfiles/linux_bcfiles/kbdi.bc>:usb_keyboard_probe:175	72
</harden/bcfiles/linux_bcfiles/kbdi.bc>:usb_keyboard_probe:%114	</harden/bcfiles/linux_bcfiles/kbdi.bc>:usb_keyboard_probe:%18	</harden/bcfiles/linux_bcfiles/kbdi.bc>:usb_keyboard_probe:155	66
</harden/bcfiles/linux_bcfiles/kbdi.bc>:usb_keyboard_probe:%18	</harden/bcfiles/linux_bcfiles/kbdi.bc>:usb_keyboard_probe:%105	</harden/bcfiles/linux_bcfiles/kbdi.bc>:usb_keyboard_probe:144	62
</harden/bcfiles/linux_bcfiles/kbdi.bc>:usb_keyboard_probe:%77	</harden/bcfiles/linux_bcfiles/kbdi.bc>:usb_keyboard_probe:104:0:64	</harden/bcfiles/linux_bcfiles/kbdi.bc>:usb_keyboard_probe:104	28
</harden/bcfiles/linux_bcfiles/kbdi.bc>:usb_keyboard_probe:%77	</harden/bcfiles/linux_bcfiles/kbdi.bc>:usb_keyboard_probe:%76	</harden/bcfiles/linux_bcfiles/kbdi.bc>:usb_keyboard_probe:104	28
</harden/bcfiles/linux_bcfiles/kbdi.bc>:usb_keyboard_probe:%16	</harden/bcfiles/linux_bcfiles/kbdi.bc>:usb_keyboard_probe:%0	</harden/bcfiles/linux_bcfiles/kbdi.bc>:usb_keyboard_probe:19	-1
</harden/bcfiles/linux_bcfiles/kbdi.bc>:usb_keyboard_probe:%17	</harden/bcfiles/linux_bcfiles/kbdi.bc>:usb_keyboard_probe:%1	</harden/bcfiles/linux_bcfiles/kbdi.bc>:usb_keyboard_probe:21	-1
</harden/bcfiles/linux_bcfiles/kbdi.bc>:usb_keyboard_probe:%60	</harden/bcfiles/linux_bcfiles/kbdi.bc>:usb_keyboard_probe:%59	</harden/bcfiles/linux_bcfiles/kbdi.bc>:usb_keyboard_probe:81	56
</harden/bcfiles/linux_bcfiles/kbdi.bc>:usb_keyboard_probe:%14	</harden/bcfiles/linux_bcfiles/kbdi.bc>:usb_keyboard_probe:%74	</harden/bcfiles/linux_bcfiles/kbdi.bc>:usb_keyboard_probe:100	-1
</harden/bcfiles/linux_bcfiles/kbdi.bc>:usb_keyboard_probe:%12	</harden/bcfiles/linux_bcfiles/kbdi.bc>:usb_keyboard_probe:%42	</harden/bcfiles/linux_bcfiles/kbdi.bc>:usb_keyboard_probe:53	-1
</harden/bcfiles/linux_bcfiles/kbdi.bc>:usb_keyboard_probe:%19	</harden/bcfiles/linux_bcfiles/kbdi.bc>:usb_keyboard_probe:%28	</harden/bcfiles/linux_bcfiles/kbdi.bc>:usb_keyboard_probe:32	42
</harden/bcfiles/linux_bcfiles/kbdi.bc>:usb_keyboard_probe:%98	</harden/bcfiles/linux_bcfiles/kbdi.bc>:usb_keyboard_probe:%97	</harden/bcfiles/linux_bcfiles/kbdi.bc>:usb_keyboard_probe:134	57
</harden/bcfiles/linux_bcfiles/kbdi.bc>:usb_keyboard_probe:%9	</harden/bcfiles/linux_bcfiles/kbdi.bc>:usb_keyboard_probe:%47	</harden/bcfiles/linux_bcfiles/kbdi.bc>:usb_keyboard_probe:60	-1
</harden/bcfiles/linux_bcfiles/kbdi.bc>:usb_keyboard_probe:%10	</harden/bcfiles/linux_bcfiles/kbdi.bc>:usb_keyboard_probe:62:0:8	</harden/bcfiles/linux_bcfiles/kbdi.bc>:usb_keyboard_probe:62	-1
</harden/bcfiles/linux_bcfiles/kbdi.bc>:usb_keyboard_probe:%34	</harden/bcfiles/linux_bcfiles/kbdi.bc>:usb_keyboard_probe:41:0:getelementptr inbounds ([12 x i8], [12 x i8]* @.str.4, i64 0, i64 0)	</harden/bcfiles/linux_bcfiles/kbdi.bc>:usb_keyboard_probe:41	50
</harden/bcfiles/linux_bcfiles/kbdi.bc>:usb_keyboard_probe:%34	</harden/bcfiles/linux_bcfiles/kbdi.bc>:usb_keyboard_probe:40:0:0	</harden/bcfiles/linux_bcfiles/kbdi.bc>:usb_keyboard_probe:40	50
</harden/bcfiles/linux_bcfiles/kbdi.bc>:usb_keyboard_probe:%34	</harden/bcfiles/linux_bcfiles/kbdi.bc>:usb_keyboard_probe:40:1:1	</harden/bcfiles/linux_bcfiles/kbdi.bc>:usb_keyboard_probe:40	50
</harden/bcfiles/linux_bcfiles/kbdi.bc>:usb_keyboard_probe:%34	</harden/bcfiles/linux_bcfiles/kbdi.bc>:usb_keyboard_probe:%33	</harden/bcfiles/linux_bcfiles/kbdi.bc>:usb_keyboard_probe:40	50
</harden/bcfiles/linux_bcfiles/kbdi.bc>:usb_keyboard_probe:%8	</harden/bcfiles/linux_bcfiles/kbdi.bc>:usb_keyboard_probe:109:0:8	</harden/bcfiles/linux_bcfiles/kbdi.bc>:usb_keyboard_probe:109	-1
</harden/bcfiles/linux_bcfiles/kbdi.bc>:usb_keyboard_probe:%7	</harden/bcfiles/linux_bcfiles/kbdi.bc>:usb_keyboard_probe:%79	</harden/bcfiles/linux_bcfiles/kbdi.bc>:usb_keyboard_probe:107	-1
</harden/bcfiles/linux_bcfiles/kbdi.bc>:usb_keyboard_probe:%6	</harden/bcfiles/linux_bcfiles/kbdi.bc>:usb_keyboard_probe:%55	</harden/bcfiles/linux_bcfiles/kbdi.bc>:usb_keyboard_probe:75	-1
</harden/bcfiles/linux_bcfiles/kbdi.bc>:usb_keyboard_probe:%15	</harden/bcfiles/linux_bcfiles/kbdi.bc>:usb_keyboard_probe:34:0:-12	</harden/bcfiles/linux_bcfiles/kbdi.bc>:usb_keyboard_probe:34	43
</harden/bcfiles/linux_bcfiles/kbdi.bc>:usb_keyboard_probe:%15	</harden/bcfiles/linux_bcfiles/kbdi.bc>:usb_keyboard_probe:177:0:0	</harden/bcfiles/linux_bcfiles/kbdi.bc>:usb_keyboard_probe:177	79
</harden/bcfiles/linux_bcfiles/kbdi.bc>:usb_keyboard_probe:%15	</harden/bcfiles/linux_bcfiles/kbdi.bc>:usb_keyboard_probe:%114	</harden/bcfiles/linux_bcfiles/kbdi.bc>:usb_keyboard_probe:156	66
</harden/bcfiles/linux_bcfiles/kbdi.bc>:usb_keyboard_probe:%42	</harden/bcfiles/linux_bcfiles/kbdi.bc>:usb_keyboard_probe:50:0:0	</harden/bcfiles/linux_bcfiles/kbdi.bc>:usb_keyboard_probe:50	56
</harden/bcfiles/linux_bcfiles/kbdi.bc>:usb_keyboard_probe:%42	</harden/bcfiles/linux_bcfiles/kbdi.bc>:usb_keyboard_probe:50:1:0	</harden/bcfiles/linux_bcfiles/kbdi.bc>:usb_keyboard_probe:50	56
</harden/bcfiles/linux_bcfiles/kbdi.bc>:usb_keyboard_probe:%42	</harden/bcfiles/linux_bcfiles/kbdi.bc>:usb_keyboard_probe:%41	</harden/bcfiles/linux_bcfiles/kbdi.bc>:usb_keyboard_probe:50	56
</harden/bcfiles/linux_bcfiles/kbdi.bc>:usb_keyboard_probe:%87	</harden/bcfiles/linux_bcfiles/kbdi.bc>:usb_keyboard_probe:%14	</harden/bcfiles/linux_bcfiles/kbdi.bc>:usb_keyboard_probe:119	29
</harden/bcfiles/linux_bcfiles/kbdi.bc>:usb_keyboard_probe:%11	</harden/bcfiles/linux_bcfiles/kbdi.bc>:usb_keyboard_probe:51:0:1	</harden/bcfiles/linux_bcfiles/kbdi.bc>:usb_keyboard_probe:51	-1
</harden/bcfiles/linux_bcfiles/kbdi.bc>:usb_keyboard_probe:%96	</harden/bcfiles/linux_bcfiles/kbdi.bc>:usb_keyboard_probe:%3	</harden/bcfiles/linux_bcfiles/kbdi.bc>:usb_keyboard_probe:132	57
</harden/bcfiles/linux_bcfiles/kbdi.bc>:usb_keyboard_probe:%38	</harden/bcfiles/linux_bcfiles/kbdi.bc>:usb_keyboard_probe:45:0:0	</harden/bcfiles/linux_bcfiles/kbdi.bc>:usb_keyboard_probe:45	51
</harden/bcfiles/linux_bcfiles/kbdi.bc>:usb_keyboard_probe:%38	</harden/bcfiles/linux_bcfiles/kbdi.bc>:usb_keyboard_probe:45:1:40	</harden/bcfiles/linux_bcfiles/kbdi.bc>:usb_keyboard_probe:45	51
</harden/bcfiles/linux_bcfiles/kbdi.bc>:usb_keyboard_probe:%38	</harden/bcfiles/linux_bcfiles/kbdi.bc>:usb_keyboard_probe:%37	</harden/bcfiles/linux_bcfiles/kbdi.bc>:usb_keyboard_probe:45	51
</harden/bcfiles/linux_bcfiles/kbdi.bc>:usb_keyboard_probe:%5	</harden/bcfiles/linux_bcfiles/kbdi.bc>:usb_keyboard_probe:%54	</harden/bcfiles/linux_bcfiles/kbdi.bc>:usb_keyboard_probe:73	-1
</harden/bcfiles/linux_bcfiles/kbdi.bc>:usb_keyboard_probe:%45	</harden/bcfiles/linux_bcfiles/kbdi.bc>:usb_keyboard_probe:57:0:64	</harden/bcfiles/linux_bcfiles/kbdi.bc>:usb_keyboard_probe:57	28
</harden/bcfiles/linux_bcfiles/kbdi.bc>:usb_keyboard_probe:%45	</harden/bcfiles/linux_bcfiles/kbdi.bc>:usb_keyboard_probe:%44	</harden/bcfiles/linux_bcfiles/kbdi.bc>:usb_keyboard_probe:57	28
</harden/bcfiles/linux_bcfiles/kbdi.bc>:usb_keyboard_probe:%3	</harden/bcfiles/linux_bcfiles/kbdi.bc>:usb_keyboard_probe:%86	</harden/bcfiles/linux_bcfiles/kbdi.bc>:usb_keyboard_probe:120	-1
</harden/bcfiles/linux_bcfiles/kbdi.bc>:usb_keyboard_probe:%13	</harden/bcfiles/linux_bcfiles/kbdi.bc>:usb_keyboard_probe:98:0:30	</harden/bcfiles/linux_bcfiles/kbdi.bc>:usb_keyboard_probe:98	-1
</harden/bcfiles/linux_bcfiles/kbdi.bc>:usb_keyboard_probe:%4	</harden/bcfiles/linux_bcfiles/kbdi.bc>:usb_keyboard_probe:%87	</harden/bcfiles/linux_bcfiles/kbdi.bc>:usb_keyboard_probe:122	-1
</harden/bcfiles/linux_bcfiles/kbdi.bc>:usb_keyboard_disconnect:%4	</harden/bcfiles/linux_bcfiles/kbdi.bc>:usb_keyboard_disconnect:4:0:null	</harden/bcfiles/linux_bcfiles/kbdi.bc>:usb_keyboard_disconnect:4	92
</harden/bcfiles/linux_bcfiles/kbdi.bc>:usb_keyboard_disconnect:%4	</harden/bcfiles/linux_bcfiles/kbdi.bc>:usb_keyboard_disconnect:%3	</harden/bcfiles/linux_bcfiles/kbdi.bc>:usb_keyboard_disconnect:4	92
</harden/bcfiles/linux_bcfiles/kbdi.bc>:usb_keyboard_disconnect:%3	</harden/bcfiles/linux_bcfiles/kbdi.bc>:usb_keyboard_disconnect:3:0:@input_dev	</harden/bcfiles/linux_bcfiles/kbdi.bc>:usb_keyboard_disconnect:3	92
</harden/bcfiles/linux_bcfiles/kbdi.bc>:usb_keyboard_disconnect:%2	</harden/bcfiles/linux_bcfiles/kbdi.bc>:usb_keyboard_disconnect:%0	</harden/bcfiles/linux_bcfiles/kbdi.bc>:usb_keyboard_disconnect:1	-1
</harden/bcfiles/linux_bcfiles/kbdi.bc>:input_report_key:%12	</harden/bcfiles/linux_bcfiles/kbdi.bc>:input_report_key:14:0:true	</harden/bcfiles/linux_bcfiles/kbdi.bc>:input_report_key:14	425
</harden/bcfiles/linux_bcfiles/kbdi.bc>:input_report_key:%12	</harden/bcfiles/linux_bcfiles/kbdi.bc>:input_report_key:%11	</harden/bcfiles/linux_bcfiles/kbdi.bc>:input_report_key:14	425
</harden/bcfiles/linux_bcfiles/kbdi.bc>:input_report_key:%11	</harden/bcfiles/linux_bcfiles/kbdi.bc>:input_report_key:13:0:true	</harden/bcfiles/linux_bcfiles/kbdi.bc>:input_report_key:13	425
</harden/bcfiles/linux_bcfiles/kbdi.bc>:input_report_key:%11	</harden/bcfiles/linux_bcfiles/kbdi.bc>:input_report_key:%10	</harden/bcfiles/linux_bcfiles/kbdi.bc>:input_report_key:13	425
</harden/bcfiles/linux_bcfiles/kbdi.bc>:input_report_key:%10	</harden/bcfiles/linux_bcfiles/kbdi.bc>:input_report_key:12:0:0	</harden/bcfiles/linux_bcfiles/kbdi.bc>:input_report_key:12	425
</harden/bcfiles/linux_bcfiles/kbdi.bc>:input_report_key:%10	</harden/bcfiles/linux_bcfiles/kbdi.bc>:input_report_key:%9	</harden/bcfiles/linux_bcfiles/kbdi.bc>:input_report_key:12	425
</harden/bcfiles/linux_bcfiles/kbdi.bc>:input_report_key:%9	</harden/bcfiles/linux_bcfiles/kbdi.bc>:input_report_key:%6	</harden/bcfiles/linux_bcfiles/kbdi.bc>:input_report_key:11	425
</harden/bcfiles/linux_bcfiles/kbdi.bc>:input_report_key:%6	</harden/bcfiles/linux_bcfiles/kbdi.bc>:input_report_key:%2	</harden/bcfiles/linux_bcfiles/kbdi.bc>:input_report_key:7	-1
</harden/bcfiles/linux_bcfiles/kbdi.bc>:input_report_key:%5	</harden/bcfiles/linux_bcfiles/kbdi.bc>:input_report_key:%1	</harden/bcfiles/linux_bcfiles/kbdi.bc>:input_report_key:5	-1
</harden/bcfiles/linux_bcfiles/kbdi.bc>:input_report_key:%4	</harden/bcfiles/linux_bcfiles/kbdi.bc>:input_report_key:%0	</harden/bcfiles/linux_bcfiles/kbdi.bc>:input_report_key:3	-1
</harden/bcfiles/linux_bcfiles/kbdi.bc>:input_sync:%2	</harden/bcfiles/linux_bcfiles/kbdi.bc>:input_sync:%0	</harden/bcfiles/linux_bcfiles/kbdi.bc>:input_sync:1	-1
</harden/bcfiles/linux_bcfiles/kbdi.bc>:kasan_check_write:%4	</harden/bcfiles/linux_bcfiles/kbdi.bc>:kasan_check_write:%1	</harden/bcfiles/linux_bcfiles/kbdi.bc>:kasan_check_write:4	-1
</harden/bcfiles/linux_bcfiles/kbdi.bc>:kasan_check_write:%3	</harden/bcfiles/linux_bcfiles/kbdi.bc>:kasan_check_write:%0	</harden/bcfiles/linux_bcfiles/kbdi.bc>:kasan_check_write:2	-1
</harden/bcfiles/linux_bcfiles/kbdi.bc>:kcsan_check_access:%6	</harden/bcfiles/linux_bcfiles/kbdi.bc>:kcsan_check_access:%2	</harden/bcfiles/linux_bcfiles/kbdi.bc>:kcsan_check_access:7	-1
</harden/bcfiles/linux_bcfiles/kbdi.bc>:kcsan_check_access:%5	</harden/bcfiles/linux_bcfiles/kbdi.bc>:kcsan_check_access:%1	</harden/bcfiles/linux_bcfiles/kbdi.bc>:kcsan_check_access:5	-1
</harden/bcfiles/linux_bcfiles/kbdi.bc>:kcsan_check_access:%4	</harden/bcfiles/linux_bcfiles/kbdi.bc>:kcsan_check_access:%0	</harden/bcfiles/linux_bcfiles/kbdi.bc>:kcsan_check_access:3	-1
