block:</harden/bcfiles/linux_bcfiles/kbdi.bc>:usb_keyboard_init:[basicblock]%0	</harden/bcfiles/linux_bcfiles/kbdi.bc>:usb_keyboard_init
block:</harden/bcfiles/linux_bcfiles/kbdi.bc>:usb_keyboard_exit:[basicblock]%0	</harden/bcfiles/linux_bcfiles/kbdi.bc>:usb_keyboard_exit
block:</harden/bcfiles/linux_bcfiles/kbdi.bc>:usb_keyboard_probe:[basicblock]%2	</harden/bcfiles/linux_bcfiles/kbdi.bc>:usb_keyboard_probe
block:</harden/bcfiles/linux_bcfiles/kbdi.bc>:usb_keyboard_disconnect:[basicblock]%1	</harden/bcfiles/linux_bcfiles/kbdi.bc>:usb_keyboard_disconnect
block:</harden/bcfiles/linux_bcfiles/kbdi.bc>:input_report_key:[basicblock]%3	</harden/bcfiles/linux_bcfiles/kbdi.bc>:input_report_key
block:</harden/bcfiles/linux_bcfiles/kbdi.bc>:input_sync:[basicblock]%1	</harden/bcfiles/linux_bcfiles/kbdi.bc>:input_sync
block:</harden/bcfiles/linux_bcfiles/kbdi.bc>:kasan_check_write:[basicblock]%2	</harden/bcfiles/linux_bcfiles/kbdi.bc>:kasan_check_write
block:</harden/bcfiles/linux_bcfiles/kbdi.bc>:kcsan_check_access:[basicblock]%3	</harden/bcfiles/linux_bcfiles/kbdi.bc>:kcsan_check_access
