</harden/bcfiles/linux_bcfiles/kbdi.bc>:usb_keyboard_init:0	</harden/bcfiles/linux_bcfiles/kbdi.bc>:usb_keyboard_init:%1
</harden/bcfiles/linux_bcfiles/kbdi.bc>:usb_keyboard_probe:0	</harden/bcfiles/linux_bcfiles/kbdi.bc>:usb_keyboard_probe:%129
</harden/bcfiles/linux_bcfiles/kbdi.bc>:usb_keyboard_probe:0	</harden/bcfiles/linux_bcfiles/kbdi.bc>:usb_keyboard_probe:%1
</harden/bcfiles/linux_bcfiles/kbdi.bc>:usb_keyboard_probe:0	</harden/bcfiles/linux_bcfiles/kbdi.bc>:usb_keyboard_probe:%0
</harden/bcfiles/linux_bcfiles/kbdi.bc>:usb_keyboard_disconnect:0	</harden/bcfiles/linux_bcfiles/kbdi.bc>:usb_keyboard_disconnect:%0
</harden/bcfiles/linux_bcfiles/kbdi.bc>:input_report_key:0	</harden/bcfiles/linux_bcfiles/kbdi.bc>:input_report_key:%2
</harden/bcfiles/linux_bcfiles/kbdi.bc>:input_report_key:0	</harden/bcfiles/linux_bcfiles/kbdi.bc>:input_report_key:%1
</harden/bcfiles/linux_bcfiles/kbdi.bc>:input_report_key:0	</harden/bcfiles/linux_bcfiles/kbdi.bc>:input_report_key:%0
</harden/bcfiles/linux_bcfiles/kbdi.bc>:input_sync:0	</harden/bcfiles/linux_bcfiles/kbdi.bc>:input_sync:%0
</harden/bcfiles/linux_bcfiles/kbdi.bc>:kasan_check_write:0	</harden/bcfiles/linux_bcfiles/kbdi.bc>:kasan_check_write:%1
</harden/bcfiles/linux_bcfiles/kbdi.bc>:kasan_check_write:0	</harden/bcfiles/linux_bcfiles/kbdi.bc>:kasan_check_write:%0
</harden/bcfiles/linux_bcfiles/kbdi.bc>:kcsan_check_access:0	</harden/bcfiles/linux_bcfiles/kbdi.bc>:kcsan_check_access:%2
</harden/bcfiles/linux_bcfiles/kbdi.bc>:kcsan_check_access:0	</harden/bcfiles/linux_bcfiles/kbdi.bc>:kcsan_check_access:%1
</harden/bcfiles/linux_bcfiles/kbdi.bc>:kcsan_check_access:0	</harden/bcfiles/linux_bcfiles/kbdi.bc>:kcsan_check_access:%0
