</harden/bcfiles/linux_bcfiles/kbdi.bc>:usb_keyboard_init:0:3:getelementptr inbounds ([5 x i8], [5 x i8]* @.str, i64 0, i64 0)
</harden/bcfiles/linux_bcfiles/kbdi.bc>:usb_keyboard_probe:31:1:getelementptr inbounds ([35 x i8], [35 x i8]* @.str.2, i64 0, i64 0)
</harden/bcfiles/linux_bcfiles/kbdi.bc>:usb_keyboard_probe:150:1:getelementptr inbounds ([35 x i8], [35 x i8]* @.str.5, i64 0, i64 0)
</harden/bcfiles/linux_bcfiles/kbdi.bc>:24:getelementptr inbounds ([13 x i8], [13 x i8]* @.str.1, i32 0, i32 0)
</harden/bcfiles/linux_bcfiles/kbdi.bc>:36:getelementptr inbounds ([2 x %struct.usb_device_id], [2 x %struct.usb_device_id]* @id_table, i32 0, i32 0)
</harden/bcfiles/linux_bcfiles/kbdi.bc>:56:getelementptr inbounds ([12 x i8], [12 x i8]* @__UNIQUE_ID_license239, i32 0, i32 0)
</harden/bcfiles/linux_bcfiles/kbdi.bc>:60:getelementptr inbounds ([18 x i8], [18 x i8]* @__UNIQUE_ID_author240, i32 0, i32 0)
</harden/bcfiles/linux_bcfiles/kbdi.bc>:64:getelementptr inbounds ([32 x i8], [32 x i8]* @__UNIQUE_ID_description241, i32 0, i32 0)
</harden/bcfiles/linux_bcfiles/kbdi.bc>:usb_keyboard_probe:38:0:getelementptr inbounds ([17 x i8], [17 x i8]* @.str.3, i64 0, i64 0)
</harden/bcfiles/linux_bcfiles/kbdi.bc>:usb_keyboard_probe:41:0:getelementptr inbounds ([12 x i8], [12 x i8]* @.str.4, i64 0, i64 0)
