</harden/bcfiles/linux_bcfiles/kbdi.bc>:usb_keyboard_probe:64	</harden/bcfiles/linux_bcfiles/kbdi.bc>:usb_keyboard_probe:%48
</harden/bcfiles/linux_bcfiles/kbdi.bc>:usb_keyboard_probe:66	</harden/bcfiles/linux_bcfiles/kbdi.bc>:usb_keyboard_probe:%50
</harden/bcfiles/linux_bcfiles/kbdi.bc>:usb_keyboard_probe:68	</harden/bcfiles/linux_bcfiles/kbdi.bc>:usb_keyboard_probe:%52
</harden/bcfiles/linux_bcfiles/kbdi.bc>:usb_keyboard_probe:69	</harden/bcfiles/linux_bcfiles/kbdi.bc>:usb_keyboard_probe:%53
</harden/bcfiles/linux_bcfiles/kbdi.bc>:usb_keyboard_probe:77	</harden/bcfiles/linux_bcfiles/kbdi.bc>:usb_keyboard_probe:%56
</harden/bcfiles/linux_bcfiles/kbdi.bc>:usb_keyboard_probe:84	</harden/bcfiles/linux_bcfiles/kbdi.bc>:usb_keyboard_probe:%63
</harden/bcfiles/linux_bcfiles/kbdi.bc>:usb_keyboard_probe:88	</harden/bcfiles/linux_bcfiles/kbdi.bc>:usb_keyboard_probe:%67
</harden/bcfiles/linux_bcfiles/kbdi.bc>:usb_keyboard_probe:91	</harden/bcfiles/linux_bcfiles/kbdi.bc>:usb_keyboard_probe:%69
</harden/bcfiles/linux_bcfiles/kbdi.bc>:usb_keyboard_probe:92	</harden/bcfiles/linux_bcfiles/kbdi.bc>:usb_keyboard_probe:%70
</harden/bcfiles/linux_bcfiles/kbdi.bc>:usb_keyboard_probe:111	</harden/bcfiles/linux_bcfiles/kbdi.bc>:usb_keyboard_probe:%80
</harden/bcfiles/linux_bcfiles/kbdi.bc>:usb_keyboard_probe:113	</harden/bcfiles/linux_bcfiles/kbdi.bc>:usb_keyboard_probe:%82
</harden/bcfiles/linux_bcfiles/kbdi.bc>:usb_keyboard_probe:115	</harden/bcfiles/linux_bcfiles/kbdi.bc>:usb_keyboard_probe:%84
</harden/bcfiles/linux_bcfiles/kbdi.bc>:usb_keyboard_probe:116	</harden/bcfiles/linux_bcfiles/kbdi.bc>:usb_keyboard_probe:%85
</harden/bcfiles/linux_bcfiles/kbdi.bc>:usb_keyboard_probe:124	</harden/bcfiles/linux_bcfiles/kbdi.bc>:usb_keyboard_probe:%88
</harden/bcfiles/linux_bcfiles/kbdi.bc>:usb_keyboard_probe:131	</harden/bcfiles/linux_bcfiles/kbdi.bc>:usb_keyboard_probe:%95
</harden/bcfiles/linux_bcfiles/kbdi.bc>:usb_keyboard_probe:135	</harden/bcfiles/linux_bcfiles/kbdi.bc>:usb_keyboard_probe:%99
</harden/bcfiles/linux_bcfiles/kbdi.bc>:usb_keyboard_probe:138	</harden/bcfiles/linux_bcfiles/kbdi.bc>:usb_keyboard_probe:%101
</harden/bcfiles/linux_bcfiles/kbdi.bc>:usb_keyboard_probe:139	</harden/bcfiles/linux_bcfiles/kbdi.bc>:usb_keyboard_probe:%102
</harden/bcfiles/linux_bcfiles/kbdi.bc>:usb_keyboard_probe:142	</harden/bcfiles/linux_bcfiles/kbdi.bc>:usb_keyboard_probe:%104
</harden/bcfiles/linux_bcfiles/kbdi.bc>:usb_keyboard_probe:153	</harden/bcfiles/linux_bcfiles/kbdi.bc>:usb_keyboard_probe:%113
</harden/bcfiles/linux_bcfiles/kbdi.bc>:usb_keyboard_probe:164	</harden/bcfiles/linux_bcfiles/kbdi.bc>:usb_keyboard_probe:%120
</harden/bcfiles/linux_bcfiles/kbdi.bc>:usb_keyboard_probe:166	</harden/bcfiles/linux_bcfiles/kbdi.bc>:usb_keyboard_probe:%121
</harden/bcfiles/linux_bcfiles/kbdi.bc>:usb_keyboard_probe:168	</harden/bcfiles/linux_bcfiles/kbdi.bc>:usb_keyboard_probe:%122
</harden/bcfiles/linux_bcfiles/kbdi.bc>:usb_keyboard_probe:170	</harden/bcfiles/linux_bcfiles/kbdi.bc>:usb_keyboard_probe:%123
</harden/bcfiles/linux_bcfiles/kbdi.bc>:usb_keyboard_disconnect:6	</harden/bcfiles/linux_bcfiles/kbdi.bc>:usb_keyboard_disconnect:%6
</harden/bcfiles/linux_bcfiles/kbdi.bc>:usb_keyboard_disconnect:8	</harden/bcfiles/linux_bcfiles/kbdi.bc>:usb_keyboard_disconnect:%7
</harden/bcfiles/linux_bcfiles/kbdi.bc>:input_report_key:9	</harden/bcfiles/linux_bcfiles/kbdi.bc>:input_report_key:%7
</harden/bcfiles/linux_bcfiles/kbdi.bc>:input_report_key:10	</harden/bcfiles/linux_bcfiles/kbdi.bc>:input_report_key:%8
</harden/bcfiles/linux_bcfiles/kbdi.bc>:input_report_key:15	</harden/bcfiles/linux_bcfiles/kbdi.bc>:input_report_key:%13
</harden/bcfiles/linux_bcfiles/kbdi.bc>:input_sync:3	</harden/bcfiles/linux_bcfiles/kbdi.bc>:input_sync:%3
</harden/bcfiles/linux_bcfiles/kbdi.bc>:usb_keyboard_init:0	</harden/bcfiles/linux_bcfiles/kbdi.bc>:usb_keyboard_init:%1
</harden/bcfiles/linux_bcfiles/kbdi.bc>:usb_keyboard_probe:179	</harden/bcfiles/linux_bcfiles/kbdi.bc>:usb_keyboard_probe:%129
</harden/bcfiles/linux_bcfiles/kbdi.bc>:usb_keyboard_probe:152	</harden/bcfiles/linux_bcfiles/kbdi.bc>:usb_keyboard_probe:%112
</harden/bcfiles/linux_bcfiles/kbdi.bc>:usb_keyboard_probe:162	</harden/bcfiles/linux_bcfiles/kbdi.bc>:usb_keyboard_probe:%118
</harden/bcfiles/linux_bcfiles/kbdi.bc>:usb_keyboard_probe:146	</harden/bcfiles/linux_bcfiles/kbdi.bc>:usb_keyboard_probe:%107
</harden/bcfiles/linux_bcfiles/kbdi.bc>:usb_keyboard_probe:143	</harden/bcfiles/linux_bcfiles/kbdi.bc>:usb_keyboard_probe:%105
</harden/bcfiles/linux_bcfiles/kbdi.bc>:usb_keyboard_probe:133	</harden/bcfiles/linux_bcfiles/kbdi.bc>:usb_keyboard_probe:%97
</harden/bcfiles/linux_bcfiles/kbdi.bc>:usb_keyboard_probe:130	</harden/bcfiles/linux_bcfiles/kbdi.bc>:usb_keyboard_probe:%94
</harden/bcfiles/linux_bcfiles/kbdi.bc>:usb_keyboard_probe:173	</harden/bcfiles/linux_bcfiles/kbdi.bc>:usb_keyboard_probe:%125
</harden/bcfiles/linux_bcfiles/kbdi.bc>:usb_keyboard_probe:128	</harden/bcfiles/linux_bcfiles/kbdi.bc>:usb_keyboard_probe:%92
</harden/bcfiles/linux_bcfiles/kbdi.bc>:usb_keyboard_probe:114	</harden/bcfiles/linux_bcfiles/kbdi.bc>:usb_keyboard_probe:%83
</harden/bcfiles/linux_bcfiles/kbdi.bc>:usb_keyboard_probe:118	</harden/bcfiles/linux_bcfiles/kbdi.bc>:usb_keyboard_probe:%86
</harden/bcfiles/linux_bcfiles/kbdi.bc>:usb_keyboard_probe:106	</harden/bcfiles/linux_bcfiles/kbdi.bc>:usb_keyboard_probe:%79
</harden/bcfiles/linux_bcfiles/kbdi.bc>:usb_keyboard_probe:105	</harden/bcfiles/linux_bcfiles/kbdi.bc>:usb_keyboard_probe:%78
</harden/bcfiles/linux_bcfiles/kbdi.bc>:usb_keyboard_probe:102	</harden/bcfiles/linux_bcfiles/kbdi.bc>:usb_keyboard_probe:%75
</harden/bcfiles/linux_bcfiles/kbdi.bc>:usb_keyboard_probe:97	</harden/bcfiles/linux_bcfiles/kbdi.bc>:usb_keyboard_probe:%74
</harden/bcfiles/linux_bcfiles/kbdi.bc>:usb_keyboard_probe:86	</harden/bcfiles/linux_bcfiles/kbdi.bc>:usb_keyboard_probe:%65
</harden/bcfiles/linux_bcfiles/kbdi.bc>:usb_keyboard_probe:85	</harden/bcfiles/linux_bcfiles/kbdi.bc>:usb_keyboard_probe:%64
</harden/bcfiles/linux_bcfiles/kbdi.bc>:usb_keyboard_probe:83	</harden/bcfiles/linux_bcfiles/kbdi.bc>:usb_keyboard_probe:%62
</harden/bcfiles/linux_bcfiles/kbdi.bc>:usb_keyboard_probe:87	</harden/bcfiles/linux_bcfiles/kbdi.bc>:usb_keyboard_probe:%66
</harden/bcfiles/linux_bcfiles/kbdi.bc>:usb_keyboard_probe:82	</harden/bcfiles/linux_bcfiles/kbdi.bc>:usb_keyboard_probe:%61
</harden/bcfiles/linux_bcfiles/kbdi.bc>:usb_keyboard_probe:103	</harden/bcfiles/linux_bcfiles/kbdi.bc>:usb_keyboard_probe:%76
</harden/bcfiles/linux_bcfiles/kbdi.bc>:usb_keyboard_probe:80	</harden/bcfiles/linux_bcfiles/kbdi.bc>:usb_keyboard_probe:%59
</harden/bcfiles/linux_bcfiles/kbdi.bc>:usb_keyboard_probe:161	</harden/bcfiles/linux_bcfiles/kbdi.bc>:usb_keyboard_probe:%117
</harden/bcfiles/linux_bcfiles/kbdi.bc>:usb_keyboard_probe:71	</harden/bcfiles/linux_bcfiles/kbdi.bc>:usb_keyboard_probe:%54
</harden/bcfiles/linux_bcfiles/kbdi.bc>:usb_keyboard_probe:67	</harden/bcfiles/linux_bcfiles/kbdi.bc>:usb_keyboard_probe:%51
</harden/bcfiles/linux_bcfiles/kbdi.bc>:usb_keyboard_probe:65	</harden/bcfiles/linux_bcfiles/kbdi.bc>:usb_keyboard_probe:%49
</harden/bcfiles/linux_bcfiles/kbdi.bc>:usb_keyboard_probe:129	</harden/bcfiles/linux_bcfiles/kbdi.bc>:usb_keyboard_probe:%93
</harden/bcfiles/linux_bcfiles/kbdi.bc>:usb_keyboard_probe:58	</harden/bcfiles/linux_bcfiles/kbdi.bc>:usb_keyboard_probe:%46
</harden/bcfiles/linux_bcfiles/kbdi.bc>:usb_keyboard_probe:112	</harden/bcfiles/linux_bcfiles/kbdi.bc>:usb_keyboard_probe:%81
</harden/bcfiles/linux_bcfiles/kbdi.bc>:usb_keyboard_probe:56	</harden/bcfiles/linux_bcfiles/kbdi.bc>:usb_keyboard_probe:%44
</harden/bcfiles/linux_bcfiles/kbdi.bc>:usb_keyboard_probe:48	</harden/bcfiles/linux_bcfiles/kbdi.bc>:usb_keyboard_probe:%40
</harden/bcfiles/linux_bcfiles/kbdi.bc>:usb_keyboard_probe:43	</harden/bcfiles/linux_bcfiles/kbdi.bc>:usb_keyboard_probe:%36
</harden/bcfiles/linux_bcfiles/kbdi.bc>:usb_keyboard_probe:39	</harden/bcfiles/linux_bcfiles/kbdi.bc>:usb_keyboard_probe:%33
</harden/bcfiles/linux_bcfiles/kbdi.bc>:usb_keyboard_probe:46	</harden/bcfiles/linux_bcfiles/kbdi.bc>:usb_keyboard_probe:%39
</harden/bcfiles/linux_bcfiles/kbdi.bc>:usb_keyboard_probe:150	</harden/bcfiles/linux_bcfiles/kbdi.bc>:usb_keyboard_probe:%111
</harden/bcfiles/linux_bcfiles/kbdi.bc>:usb_keyboard_probe:145	</harden/bcfiles/linux_bcfiles/kbdi.bc>:usb_keyboard_probe:%106
</harden/bcfiles/linux_bcfiles/kbdi.bc>:usb_keyboard_probe:44	</harden/bcfiles/linux_bcfiles/kbdi.bc>:usb_keyboard_probe:%37
</harden/bcfiles/linux_bcfiles/kbdi.bc>:usb_keyboard_probe:37	</harden/bcfiles/linux_bcfiles/kbdi.bc>:usb_keyboard_probe:%32
</harden/bcfiles/linux_bcfiles/kbdi.bc>:usb_keyboard_probe:36	</harden/bcfiles/linux_bcfiles/kbdi.bc>:usb_keyboard_probe:%31
</harden/bcfiles/linux_bcfiles/kbdi.bc>:usb_keyboard_probe:174	</harden/bcfiles/linux_bcfiles/kbdi.bc>:usb_keyboard_probe:%126
</harden/bcfiles/linux_bcfiles/kbdi.bc>:usb_keyboard_probe:33	</harden/bcfiles/linux_bcfiles/kbdi.bc>:usb_keyboard_probe:%29
</harden/bcfiles/linux_bcfiles/kbdi.bc>:usb_keyboard_probe:49	</harden/bcfiles/linux_bcfiles/kbdi.bc>:usb_keyboard_probe:%41
</harden/bcfiles/linux_bcfiles/kbdi.bc>:usb_keyboard_probe:72	</harden/bcfiles/linux_bcfiles/kbdi.bc>:usb_keyboard_probe:%55
</harden/bcfiles/linux_bcfiles/kbdi.bc>:usb_keyboard_probe:95	</harden/bcfiles/linux_bcfiles/kbdi.bc>:usb_keyboard_probe:%72
</harden/bcfiles/linux_bcfiles/kbdi.bc>:usb_keyboard_probe:27	</harden/bcfiles/linux_bcfiles/kbdi.bc>:usb_keyboard_probe:%24
</harden/bcfiles/linux_bcfiles/kbdi.bc>:usb_keyboard_probe:59	</harden/bcfiles/linux_bcfiles/kbdi.bc>:usb_keyboard_probe:%47
</harden/bcfiles/linux_bcfiles/kbdi.bc>:usb_keyboard_probe:26	</harden/bcfiles/linux_bcfiles/kbdi.bc>:usb_keyboard_probe:%23
</harden/bcfiles/linux_bcfiles/kbdi.bc>:usb_keyboard_probe:96	</harden/bcfiles/linux_bcfiles/kbdi.bc>:usb_keyboard_probe:%73
</harden/bcfiles/linux_bcfiles/kbdi.bc>:usb_keyboard_probe:78	</harden/bcfiles/linux_bcfiles/kbdi.bc>:usb_keyboard_probe:%57
</harden/bcfiles/linux_bcfiles/kbdi.bc>:usb_keyboard_probe:24	</harden/bcfiles/linux_bcfiles/kbdi.bc>:usb_keyboard_probe:%22
</harden/bcfiles/linux_bcfiles/kbdi.bc>:usb_keyboard_probe:55	</harden/bcfiles/linux_bcfiles/kbdi.bc>:usb_keyboard_probe:%43
</harden/bcfiles/linux_bcfiles/kbdi.bc>:usb_keyboard_probe:42	</harden/bcfiles/linux_bcfiles/kbdi.bc>:usb_keyboard_probe:%35
</harden/bcfiles/linux_bcfiles/kbdi.bc>:usb_keyboard_probe:17	</harden/bcfiles/linux_bcfiles/kbdi.bc>:usb_keyboard_probe:%20
</harden/bcfiles/linux_bcfiles/kbdi.bc>:usb_keyboard_probe:127	</harden/bcfiles/linux_bcfiles/kbdi.bc>:usb_keyboard_probe:%91
</harden/bcfiles/linux_bcfiles/kbdi.bc>:usb_keyboard_probe:18	</harden/bcfiles/linux_bcfiles/kbdi.bc>:usb_keyboard_probe:%21
</harden/bcfiles/linux_bcfiles/kbdi.bc>:usb_keyboard_probe:155	</harden/bcfiles/linux_bcfiles/kbdi.bc>:usb_keyboard_probe:%114
</harden/bcfiles/linux_bcfiles/kbdi.bc>:usb_keyboard_probe:31	</harden/bcfiles/linux_bcfiles/kbdi.bc>:usb_keyboard_probe:%28
</harden/bcfiles/linux_bcfiles/kbdi.bc>:usb_keyboard_probe:15	</harden/bcfiles/linux_bcfiles/kbdi.bc>:usb_keyboard_probe:%18
</harden/bcfiles/linux_bcfiles/kbdi.bc>:usb_keyboard_probe:104	</harden/bcfiles/linux_bcfiles/kbdi.bc>:usb_keyboard_probe:%77
</harden/bcfiles/linux_bcfiles/kbdi.bc>:usb_keyboard_probe:13	</harden/bcfiles/linux_bcfiles/kbdi.bc>:usb_keyboard_probe:%16
</harden/bcfiles/linux_bcfiles/kbdi.bc>:usb_keyboard_probe:14	</harden/bcfiles/linux_bcfiles/kbdi.bc>:usb_keyboard_probe:%17
</harden/bcfiles/linux_bcfiles/kbdi.bc>:usb_keyboard_probe:81	</harden/bcfiles/linux_bcfiles/kbdi.bc>:usb_keyboard_probe:%60
</harden/bcfiles/linux_bcfiles/kbdi.bc>:usb_keyboard_probe:11	</harden/bcfiles/linux_bcfiles/kbdi.bc>:usb_keyboard_probe:%14
</harden/bcfiles/linux_bcfiles/kbdi.bc>:usb_keyboard_probe:9	</harden/bcfiles/linux_bcfiles/kbdi.bc>:usb_keyboard_probe:%12
</harden/bcfiles/linux_bcfiles/kbdi.bc>:usb_keyboard_probe:16	</harden/bcfiles/linux_bcfiles/kbdi.bc>:usb_keyboard_probe:%19
</harden/bcfiles/linux_bcfiles/kbdi.bc>:usb_keyboard_probe:134	</harden/bcfiles/linux_bcfiles/kbdi.bc>:usb_keyboard_probe:%98
</harden/bcfiles/linux_bcfiles/kbdi.bc>:usb_keyboard_probe:6	</harden/bcfiles/linux_bcfiles/kbdi.bc>:usb_keyboard_probe:%9
</harden/bcfiles/linux_bcfiles/kbdi.bc>:usb_keyboard_probe:7	</harden/bcfiles/linux_bcfiles/kbdi.bc>:usb_keyboard_probe:%10
</harden/bcfiles/linux_bcfiles/kbdi.bc>:usb_keyboard_probe:40	</harden/bcfiles/linux_bcfiles/kbdi.bc>:usb_keyboard_probe:%34
</harden/bcfiles/linux_bcfiles/kbdi.bc>:usb_keyboard_probe:5	</harden/bcfiles/linux_bcfiles/kbdi.bc>:usb_keyboard_probe:%8
</harden/bcfiles/linux_bcfiles/kbdi.bc>:usb_keyboard_probe:4	</harden/bcfiles/linux_bcfiles/kbdi.bc>:usb_keyboard_probe:%7
</harden/bcfiles/linux_bcfiles/kbdi.bc>:usb_keyboard_probe:3	</harden/bcfiles/linux_bcfiles/kbdi.bc>:usb_keyboard_probe:%6
</harden/bcfiles/linux_bcfiles/kbdi.bc>:usb_keyboard_probe:12	</harden/bcfiles/linux_bcfiles/kbdi.bc>:usb_keyboard_probe:%15
</harden/bcfiles/linux_bcfiles/kbdi.bc>:usb_keyboard_probe:50	</harden/bcfiles/linux_bcfiles/kbdi.bc>:usb_keyboard_probe:%42
</harden/bcfiles/linux_bcfiles/kbdi.bc>:usb_keyboard_probe:119	</harden/bcfiles/linux_bcfiles/kbdi.bc>:usb_keyboard_probe:%87
</harden/bcfiles/linux_bcfiles/kbdi.bc>:usb_keyboard_probe:8	</harden/bcfiles/linux_bcfiles/kbdi.bc>:usb_keyboard_probe:%11
</harden/bcfiles/linux_bcfiles/kbdi.bc>:usb_keyboard_probe:132	</harden/bcfiles/linux_bcfiles/kbdi.bc>:usb_keyboard_probe:%96
</harden/bcfiles/linux_bcfiles/kbdi.bc>:usb_keyboard_probe:45	</harden/bcfiles/linux_bcfiles/kbdi.bc>:usb_keyboard_probe:%38
</harden/bcfiles/linux_bcfiles/kbdi.bc>:usb_keyboard_probe:125	</harden/bcfiles/linux_bcfiles/kbdi.bc>:usb_keyboard_probe:%89
</harden/bcfiles/linux_bcfiles/kbdi.bc>:usb_keyboard_probe:2	</harden/bcfiles/linux_bcfiles/kbdi.bc>:usb_keyboard_probe:%5
</harden/bcfiles/linux_bcfiles/kbdi.bc>:usb_keyboard_probe:57	</harden/bcfiles/linux_bcfiles/kbdi.bc>:usb_keyboard_probe:%45
</harden/bcfiles/linux_bcfiles/kbdi.bc>:usb_keyboard_probe:0	</harden/bcfiles/linux_bcfiles/kbdi.bc>:usb_keyboard_probe:%3
</harden/bcfiles/linux_bcfiles/kbdi.bc>:usb_keyboard_probe:10	</harden/bcfiles/linux_bcfiles/kbdi.bc>:usb_keyboard_probe:%13
</harden/bcfiles/linux_bcfiles/kbdi.bc>:usb_keyboard_probe:1	</harden/bcfiles/linux_bcfiles/kbdi.bc>:usb_keyboard_probe:%4
</harden/bcfiles/linux_bcfiles/kbdi.bc>:usb_keyboard_disconnect:4	</harden/bcfiles/linux_bcfiles/kbdi.bc>:usb_keyboard_disconnect:%4
</harden/bcfiles/linux_bcfiles/kbdi.bc>:usb_keyboard_disconnect:3	</harden/bcfiles/linux_bcfiles/kbdi.bc>:usb_keyboard_disconnect:%3
</harden/bcfiles/linux_bcfiles/kbdi.bc>:usb_keyboard_disconnect:0	</harden/bcfiles/linux_bcfiles/kbdi.bc>:usb_keyboard_disconnect:%2
</harden/bcfiles/linux_bcfiles/kbdi.bc>:input_report_key:14	</harden/bcfiles/linux_bcfiles/kbdi.bc>:input_report_key:%12
</harden/bcfiles/linux_bcfiles/kbdi.bc>:input_report_key:13	</harden/bcfiles/linux_bcfiles/kbdi.bc>:input_report_key:%11
</harden/bcfiles/linux_bcfiles/kbdi.bc>:input_report_key:12	</harden/bcfiles/linux_bcfiles/kbdi.bc>:input_report_key:%10
</harden/bcfiles/linux_bcfiles/kbdi.bc>:input_report_key:11	</harden/bcfiles/linux_bcfiles/kbdi.bc>:input_report_key:%9
</harden/bcfiles/linux_bcfiles/kbdi.bc>:input_report_key:2	</harden/bcfiles/linux_bcfiles/kbdi.bc>:input_report_key:%6
</harden/bcfiles/linux_bcfiles/kbdi.bc>:input_report_key:1	</harden/bcfiles/linux_bcfiles/kbdi.bc>:input_report_key:%5
</harden/bcfiles/linux_bcfiles/kbdi.bc>:input_report_key:0	</harden/bcfiles/linux_bcfiles/kbdi.bc>:input_report_key:%4
</harden/bcfiles/linux_bcfiles/kbdi.bc>:input_sync:0	</harden/bcfiles/linux_bcfiles/kbdi.bc>:input_sync:%2
</harden/bcfiles/linux_bcfiles/kbdi.bc>:kasan_check_write:1	</harden/bcfiles/linux_bcfiles/kbdi.bc>:kasan_check_write:%4
</harden/bcfiles/linux_bcfiles/kbdi.bc>:kasan_check_write:0	</harden/bcfiles/linux_bcfiles/kbdi.bc>:kasan_check_write:%3
</harden/bcfiles/linux_bcfiles/kbdi.bc>:kcsan_check_access:2	</harden/bcfiles/linux_bcfiles/kbdi.bc>:kcsan_check_access:%6
</harden/bcfiles/linux_bcfiles/kbdi.bc>:kcsan_check_access:1	</harden/bcfiles/linux_bcfiles/kbdi.bc>:kcsan_check_access:%5
</harden/bcfiles/linux_bcfiles/kbdi.bc>:kcsan_check_access:0	</harden/bcfiles/linux_bcfiles/kbdi.bc>:kcsan_check_access:%4
