</harden/bcfiles/linux_bcfiles/kbdi.bc>:usb_keyboard_probe:38	</harden/bcfiles/linux_bcfiles/kbdi.bc>:usb_keyboard_probe:38:0:getelementptr inbounds ([17 x i8], [17 x i8]* @.str.3, i64 0, i64 0)
</harden/bcfiles/linux_bcfiles/kbdi.bc>:usb_keyboard_probe:41	</harden/bcfiles/linux_bcfiles/kbdi.bc>:usb_keyboard_probe:41:0:getelementptr inbounds ([12 x i8], [12 x i8]* @.str.4, i64 0, i64 0)
</harden/bcfiles/linux_bcfiles/kbdi.bc>:usb_keyboard_probe:34	</harden/bcfiles/linux_bcfiles/kbdi.bc>:usb_keyboard_probe:34:0:-12
</harden/bcfiles/linux_bcfiles/kbdi.bc>:usb_keyboard_probe:51	</harden/bcfiles/linux_bcfiles/kbdi.bc>:usb_keyboard_probe:51:0:1
</harden/bcfiles/linux_bcfiles/kbdi.bc>:usb_keyboard_probe:62	</harden/bcfiles/linux_bcfiles/kbdi.bc>:usb_keyboard_probe:62:0:8
</harden/bcfiles/linux_bcfiles/kbdi.bc>:usb_keyboard_probe:98	</harden/bcfiles/linux_bcfiles/kbdi.bc>:usb_keyboard_probe:98:0:30
</harden/bcfiles/linux_bcfiles/kbdi.bc>:usb_keyboard_probe:109	</harden/bcfiles/linux_bcfiles/kbdi.bc>:usb_keyboard_probe:109:0:8
</harden/bcfiles/linux_bcfiles/kbdi.bc>:usb_keyboard_probe:159	</harden/bcfiles/linux_bcfiles/kbdi.bc>:usb_keyboard_probe:159:0:0
</harden/bcfiles/linux_bcfiles/kbdi.bc>:usb_keyboard_probe:177	</harden/bcfiles/linux_bcfiles/kbdi.bc>:usb_keyboard_probe:177:0:0
</harden/bcfiles/linux_bcfiles/kbdi.bc>:usb_keyboard_disconnect:10	</harden/bcfiles/linux_bcfiles/kbdi.bc>:usb_keyboard_disconnect:10:0:null
</harden/bcfiles/linux_bcfiles/kbdi.bc>:usb_keyboard_probe:144	</harden/bcfiles/linux_bcfiles/kbdi.bc>:usb_keyboard_probe:%105
</harden/bcfiles/linux_bcfiles/kbdi.bc>:usb_keyboard_probe:120	</harden/bcfiles/linux_bcfiles/kbdi.bc>:usb_keyboard_probe:%86
</harden/bcfiles/linux_bcfiles/kbdi.bc>:usb_keyboard_probe:107	</harden/bcfiles/linux_bcfiles/kbdi.bc>:usb_keyboard_probe:%79
</harden/bcfiles/linux_bcfiles/kbdi.bc>:usb_keyboard_probe:100	</harden/bcfiles/linux_bcfiles/kbdi.bc>:usb_keyboard_probe:%74
</harden/bcfiles/linux_bcfiles/kbdi.bc>:usb_keyboard_probe:73	</harden/bcfiles/linux_bcfiles/kbdi.bc>:usb_keyboard_probe:%54
</harden/bcfiles/linux_bcfiles/kbdi.bc>:usb_keyboard_probe:47	</harden/bcfiles/linux_bcfiles/kbdi.bc>:usb_keyboard_probe:%36
</harden/bcfiles/linux_bcfiles/kbdi.bc>:usb_keyboard_probe:151	</harden/bcfiles/linux_bcfiles/kbdi.bc>:usb_keyboard_probe:%111
</harden/bcfiles/linux_bcfiles/kbdi.bc>:usb_keyboard_probe:175	</harden/bcfiles/linux_bcfiles/kbdi.bc>:usb_keyboard_probe:%126
</harden/bcfiles/linux_bcfiles/kbdi.bc>:usb_keyboard_probe:75	</harden/bcfiles/linux_bcfiles/kbdi.bc>:usb_keyboard_probe:%55
</harden/bcfiles/linux_bcfiles/kbdi.bc>:usb_keyboard_probe:60	</harden/bcfiles/linux_bcfiles/kbdi.bc>:usb_keyboard_probe:%47
</harden/bcfiles/linux_bcfiles/kbdi.bc>:usb_keyboard_probe:25	</harden/bcfiles/linux_bcfiles/kbdi.bc>:usb_keyboard_probe:%22
</harden/bcfiles/linux_bcfiles/kbdi.bc>:usb_keyboard_probe:156	</harden/bcfiles/linux_bcfiles/kbdi.bc>:usb_keyboard_probe:%114
</harden/bcfiles/linux_bcfiles/kbdi.bc>:usb_keyboard_probe:32	</harden/bcfiles/linux_bcfiles/kbdi.bc>:usb_keyboard_probe:%28
</harden/bcfiles/linux_bcfiles/kbdi.bc>:usb_keyboard_probe:53	</harden/bcfiles/linux_bcfiles/kbdi.bc>:usb_keyboard_probe:%42
</harden/bcfiles/linux_bcfiles/kbdi.bc>:usb_keyboard_probe:122	</harden/bcfiles/linux_bcfiles/kbdi.bc>:usb_keyboard_probe:%87
</harden/bcfiles/linux_bcfiles/kbdi.bc>:usb_keyboard_probe:21	</harden/bcfiles/linux_bcfiles/kbdi.bc>:usb_keyboard_probe:%1
</harden/bcfiles/linux_bcfiles/kbdi.bc>:usb_keyboard_probe:19	</harden/bcfiles/linux_bcfiles/kbdi.bc>:usb_keyboard_probe:%0
</harden/bcfiles/linux_bcfiles/kbdi.bc>:usb_keyboard_disconnect:1	</harden/bcfiles/linux_bcfiles/kbdi.bc>:usb_keyboard_disconnect:%0
</harden/bcfiles/linux_bcfiles/kbdi.bc>:input_report_key:7	</harden/bcfiles/linux_bcfiles/kbdi.bc>:input_report_key:%2
</harden/bcfiles/linux_bcfiles/kbdi.bc>:input_report_key:5	</harden/bcfiles/linux_bcfiles/kbdi.bc>:input_report_key:%1
</harden/bcfiles/linux_bcfiles/kbdi.bc>:input_report_key:3	</harden/bcfiles/linux_bcfiles/kbdi.bc>:input_report_key:%0
</harden/bcfiles/linux_bcfiles/kbdi.bc>:input_sync:1	</harden/bcfiles/linux_bcfiles/kbdi.bc>:input_sync:%0
</harden/bcfiles/linux_bcfiles/kbdi.bc>:kasan_check_write:4	</harden/bcfiles/linux_bcfiles/kbdi.bc>:kasan_check_write:%1
</harden/bcfiles/linux_bcfiles/kbdi.bc>:kasan_check_write:2	</harden/bcfiles/linux_bcfiles/kbdi.bc>:kasan_check_write:%0
</harden/bcfiles/linux_bcfiles/kbdi.bc>:kcsan_check_access:7	</harden/bcfiles/linux_bcfiles/kbdi.bc>:kcsan_check_access:%2
</harden/bcfiles/linux_bcfiles/kbdi.bc>:kcsan_check_access:5	</harden/bcfiles/linux_bcfiles/kbdi.bc>:kcsan_check_access:%1
</harden/bcfiles/linux_bcfiles/kbdi.bc>:kcsan_check_access:3	</harden/bcfiles/linux_bcfiles/kbdi.bc>:kcsan_check_access:%0
