</harden/bcfiles/linux_bcfiles/kbdi.bc>:usb_keyboard_probe:25	</harden/bcfiles/linux_bcfiles/kbdi.bc>:usb_keyboard_probe:25:0:@input_dev
</harden/bcfiles/linux_bcfiles/kbdi.bc>:usb_keyboard_disconnect:10	</harden/bcfiles/linux_bcfiles/kbdi.bc>:usb_keyboard_disconnect:10:1:@input_dev
</harden/bcfiles/linux_bcfiles/kbdi.bc>:usb_keyboard_probe:47	</harden/bcfiles/linux_bcfiles/kbdi.bc>:usb_keyboard_probe:%39
</harden/bcfiles/linux_bcfiles/kbdi.bc>:usb_keyboard_probe:38	</harden/bcfiles/linux_bcfiles/kbdi.bc>:usb_keyboard_probe:%32
</harden/bcfiles/linux_bcfiles/kbdi.bc>:usb_keyboard_probe:151	</harden/bcfiles/linux_bcfiles/kbdi.bc>:usb_keyboard_probe:%20
</harden/bcfiles/linux_bcfiles/kbdi.bc>:usb_keyboard_probe:159	</harden/bcfiles/linux_bcfiles/kbdi.bc>:usb_keyboard_probe:%21
</harden/bcfiles/linux_bcfiles/kbdi.bc>:usb_keyboard_probe:175	</harden/bcfiles/linux_bcfiles/kbdi.bc>:usb_keyboard_probe:%21
</harden/bcfiles/linux_bcfiles/kbdi.bc>:usb_keyboard_probe:144	</harden/bcfiles/linux_bcfiles/kbdi.bc>:usb_keyboard_probe:%18
</harden/bcfiles/linux_bcfiles/kbdi.bc>:usb_keyboard_probe:19	</harden/bcfiles/linux_bcfiles/kbdi.bc>:usb_keyboard_probe:%16
</harden/bcfiles/linux_bcfiles/kbdi.bc>:usb_keyboard_probe:21	</harden/bcfiles/linux_bcfiles/kbdi.bc>:usb_keyboard_probe:%17
</harden/bcfiles/linux_bcfiles/kbdi.bc>:usb_keyboard_probe:100	</harden/bcfiles/linux_bcfiles/kbdi.bc>:usb_keyboard_probe:%14
</harden/bcfiles/linux_bcfiles/kbdi.bc>:usb_keyboard_probe:53	</harden/bcfiles/linux_bcfiles/kbdi.bc>:usb_keyboard_probe:%12
</harden/bcfiles/linux_bcfiles/kbdi.bc>:usb_keyboard_probe:32	</harden/bcfiles/linux_bcfiles/kbdi.bc>:usb_keyboard_probe:%19
</harden/bcfiles/linux_bcfiles/kbdi.bc>:usb_keyboard_probe:60	</harden/bcfiles/linux_bcfiles/kbdi.bc>:usb_keyboard_probe:%9
</harden/bcfiles/linux_bcfiles/kbdi.bc>:usb_keyboard_probe:62	</harden/bcfiles/linux_bcfiles/kbdi.bc>:usb_keyboard_probe:%10
</harden/bcfiles/linux_bcfiles/kbdi.bc>:usb_keyboard_probe:41	</harden/bcfiles/linux_bcfiles/kbdi.bc>:usb_keyboard_probe:%34
</harden/bcfiles/linux_bcfiles/kbdi.bc>:usb_keyboard_probe:109	</harden/bcfiles/linux_bcfiles/kbdi.bc>:usb_keyboard_probe:%8
</harden/bcfiles/linux_bcfiles/kbdi.bc>:usb_keyboard_probe:107	</harden/bcfiles/linux_bcfiles/kbdi.bc>:usb_keyboard_probe:%7
</harden/bcfiles/linux_bcfiles/kbdi.bc>:usb_keyboard_probe:75	</harden/bcfiles/linux_bcfiles/kbdi.bc>:usb_keyboard_probe:%6
</harden/bcfiles/linux_bcfiles/kbdi.bc>:usb_keyboard_probe:34	</harden/bcfiles/linux_bcfiles/kbdi.bc>:usb_keyboard_probe:%15
</harden/bcfiles/linux_bcfiles/kbdi.bc>:usb_keyboard_probe:156	</harden/bcfiles/linux_bcfiles/kbdi.bc>:usb_keyboard_probe:%15
</harden/bcfiles/linux_bcfiles/kbdi.bc>:usb_keyboard_probe:177	</harden/bcfiles/linux_bcfiles/kbdi.bc>:usb_keyboard_probe:%15
</harden/bcfiles/linux_bcfiles/kbdi.bc>:usb_keyboard_probe:51	</harden/bcfiles/linux_bcfiles/kbdi.bc>:usb_keyboard_probe:%11
</harden/bcfiles/linux_bcfiles/kbdi.bc>:usb_keyboard_probe:73	</harden/bcfiles/linux_bcfiles/kbdi.bc>:usb_keyboard_probe:%5
</harden/bcfiles/linux_bcfiles/kbdi.bc>:usb_keyboard_probe:120	</harden/bcfiles/linux_bcfiles/kbdi.bc>:usb_keyboard_probe:%3
</harden/bcfiles/linux_bcfiles/kbdi.bc>:usb_keyboard_probe:98	</harden/bcfiles/linux_bcfiles/kbdi.bc>:usb_keyboard_probe:%13
</harden/bcfiles/linux_bcfiles/kbdi.bc>:usb_keyboard_probe:122	</harden/bcfiles/linux_bcfiles/kbdi.bc>:usb_keyboard_probe:%4
</harden/bcfiles/linux_bcfiles/kbdi.bc>:usb_keyboard_disconnect:1	</harden/bcfiles/linux_bcfiles/kbdi.bc>:usb_keyboard_disconnect:%2
</harden/bcfiles/linux_bcfiles/kbdi.bc>:input_report_key:7	</harden/bcfiles/linux_bcfiles/kbdi.bc>:input_report_key:%6
</harden/bcfiles/linux_bcfiles/kbdi.bc>:input_report_key:5	</harden/bcfiles/linux_bcfiles/kbdi.bc>:input_report_key:%5
</harden/bcfiles/linux_bcfiles/kbdi.bc>:input_report_key:3	</harden/bcfiles/linux_bcfiles/kbdi.bc>:input_report_key:%4
</harden/bcfiles/linux_bcfiles/kbdi.bc>:input_sync:1	</harden/bcfiles/linux_bcfiles/kbdi.bc>:input_sync:%2
</harden/bcfiles/linux_bcfiles/kbdi.bc>:kasan_check_write:4	</harden/bcfiles/linux_bcfiles/kbdi.bc>:kasan_check_write:%4
</harden/bcfiles/linux_bcfiles/kbdi.bc>:kasan_check_write:2	</harden/bcfiles/linux_bcfiles/kbdi.bc>:kasan_check_write:%3
</harden/bcfiles/linux_bcfiles/kbdi.bc>:kcsan_check_access:7	</harden/bcfiles/linux_bcfiles/kbdi.bc>:kcsan_check_access:%6
</harden/bcfiles/linux_bcfiles/kbdi.bc>:kcsan_check_access:5	</harden/bcfiles/linux_bcfiles/kbdi.bc>:kcsan_check_access:%5
</harden/bcfiles/linux_bcfiles/kbdi.bc>:kcsan_check_access:3	</harden/bcfiles/linux_bcfiles/kbdi.bc>:kcsan_check_access:%4
