block:</harden/bcfiles/linux_bcfiles/kbdi.bc>:usb_keyboard_probe:[basicblock]%2	block:</harden/bcfiles/linux_bcfiles/kbdi.bc>:usb_keyboard_probe:[basicblock]%128
block:</harden/bcfiles/linux_bcfiles/kbdi.bc>:usb_keyboard_probe:[basicblock]%25	block:</harden/bcfiles/linux_bcfiles/kbdi.bc>:usb_keyboard_probe:[basicblock]%26
block:</harden/bcfiles/linux_bcfiles/kbdi.bc>:usb_keyboard_probe:[basicblock]%25	block:</harden/bcfiles/linux_bcfiles/kbdi.bc>:usb_keyboard_probe:[basicblock]%27
block:</harden/bcfiles/linux_bcfiles/kbdi.bc>:usb_keyboard_probe:[basicblock]%25	block:</harden/bcfiles/linux_bcfiles/kbdi.bc>:usb_keyboard_probe:[basicblock]%128
block:</harden/bcfiles/linux_bcfiles/kbdi.bc>:usb_keyboard_probe:[basicblock]%26	block:</harden/bcfiles/linux_bcfiles/kbdi.bc>:usb_keyboard_probe:[basicblock]%27
block:</harden/bcfiles/linux_bcfiles/kbdi.bc>:usb_keyboard_probe:[basicblock]%26	block:</harden/bcfiles/linux_bcfiles/kbdi.bc>:usb_keyboard_probe:[basicblock]%128
block:</harden/bcfiles/linux_bcfiles/kbdi.bc>:usb_keyboard_probe:[basicblock]%27	block:</harden/bcfiles/linux_bcfiles/kbdi.bc>:usb_keyboard_probe:[basicblock]%128
block:</harden/bcfiles/linux_bcfiles/kbdi.bc>:usb_keyboard_probe:[basicblock]%30	block:</harden/bcfiles/linux_bcfiles/kbdi.bc>:usb_keyboard_probe:[basicblock]%71
block:</harden/bcfiles/linux_bcfiles/kbdi.bc>:usb_keyboard_probe:[basicblock]%30	block:</harden/bcfiles/linux_bcfiles/kbdi.bc>:usb_keyboard_probe:[basicblock]%103
block:</harden/bcfiles/linux_bcfiles/kbdi.bc>:usb_keyboard_probe:[basicblock]%30	block:</harden/bcfiles/linux_bcfiles/kbdi.bc>:usb_keyboard_probe:[basicblock]%128
block:</harden/bcfiles/linux_bcfiles/kbdi.bc>:usb_keyboard_probe:[basicblock]%58	block:</harden/bcfiles/linux_bcfiles/kbdi.bc>:usb_keyboard_probe:[basicblock]%71
block:</harden/bcfiles/linux_bcfiles/kbdi.bc>:usb_keyboard_probe:[basicblock]%58	block:</harden/bcfiles/linux_bcfiles/kbdi.bc>:usb_keyboard_probe:[basicblock]%103
block:</harden/bcfiles/linux_bcfiles/kbdi.bc>:usb_keyboard_probe:[basicblock]%58	block:</harden/bcfiles/linux_bcfiles/kbdi.bc>:usb_keyboard_probe:[basicblock]%128
block:</harden/bcfiles/linux_bcfiles/kbdi.bc>:usb_keyboard_probe:[basicblock]%68	block:</harden/bcfiles/linux_bcfiles/kbdi.bc>:usb_keyboard_probe:[basicblock]%71
block:</harden/bcfiles/linux_bcfiles/kbdi.bc>:usb_keyboard_probe:[basicblock]%68	block:</harden/bcfiles/linux_bcfiles/kbdi.bc>:usb_keyboard_probe:[basicblock]%103
block:</harden/bcfiles/linux_bcfiles/kbdi.bc>:usb_keyboard_probe:[basicblock]%68	block:</harden/bcfiles/linux_bcfiles/kbdi.bc>:usb_keyboard_probe:[basicblock]%128
block:</harden/bcfiles/linux_bcfiles/kbdi.bc>:usb_keyboard_probe:[basicblock]%71	block:</harden/bcfiles/linux_bcfiles/kbdi.bc>:usb_keyboard_probe:[basicblock]%103
block:</harden/bcfiles/linux_bcfiles/kbdi.bc>:usb_keyboard_probe:[basicblock]%71	block:</harden/bcfiles/linux_bcfiles/kbdi.bc>:usb_keyboard_probe:[basicblock]%128
block:</harden/bcfiles/linux_bcfiles/kbdi.bc>:usb_keyboard_probe:[basicblock]%90	block:</harden/bcfiles/linux_bcfiles/kbdi.bc>:usb_keyboard_probe:[basicblock]%103
block:</harden/bcfiles/linux_bcfiles/kbdi.bc>:usb_keyboard_probe:[basicblock]%90	block:</harden/bcfiles/linux_bcfiles/kbdi.bc>:usb_keyboard_probe:[basicblock]%128
block:</harden/bcfiles/linux_bcfiles/kbdi.bc>:usb_keyboard_probe:[basicblock]%100	block:</harden/bcfiles/linux_bcfiles/kbdi.bc>:usb_keyboard_probe:[basicblock]%103
block:</harden/bcfiles/linux_bcfiles/kbdi.bc>:usb_keyboard_probe:[basicblock]%100	block:</harden/bcfiles/linux_bcfiles/kbdi.bc>:usb_keyboard_probe:[basicblock]%128
block:</harden/bcfiles/linux_bcfiles/kbdi.bc>:usb_keyboard_probe:[basicblock]%103	block:</harden/bcfiles/linux_bcfiles/kbdi.bc>:usb_keyboard_probe:[basicblock]%128
block:</harden/bcfiles/linux_bcfiles/kbdi.bc>:usb_keyboard_probe:[basicblock]%108	block:</harden/bcfiles/linux_bcfiles/kbdi.bc>:usb_keyboard_probe:[basicblock]%109
block:</harden/bcfiles/linux_bcfiles/kbdi.bc>:usb_keyboard_probe:[basicblock]%108	block:</harden/bcfiles/linux_bcfiles/kbdi.bc>:usb_keyboard_probe:[basicblock]%110
block:</harden/bcfiles/linux_bcfiles/kbdi.bc>:usb_keyboard_probe:[basicblock]%108	block:</harden/bcfiles/linux_bcfiles/kbdi.bc>:usb_keyboard_probe:[basicblock]%128
block:</harden/bcfiles/linux_bcfiles/kbdi.bc>:usb_keyboard_probe:[basicblock]%109	block:</harden/bcfiles/linux_bcfiles/kbdi.bc>:usb_keyboard_probe:[basicblock]%110
block:</harden/bcfiles/linux_bcfiles/kbdi.bc>:usb_keyboard_probe:[basicblock]%109	block:</harden/bcfiles/linux_bcfiles/kbdi.bc>:usb_keyboard_probe:[basicblock]%128
block:</harden/bcfiles/linux_bcfiles/kbdi.bc>:usb_keyboard_probe:[basicblock]%110	block:</harden/bcfiles/linux_bcfiles/kbdi.bc>:usb_keyboard_probe:[basicblock]%128
block:</harden/bcfiles/linux_bcfiles/kbdi.bc>:usb_keyboard_probe:[basicblock]%115	block:</harden/bcfiles/linux_bcfiles/kbdi.bc>:usb_keyboard_probe:[basicblock]%116
block:</harden/bcfiles/linux_bcfiles/kbdi.bc>:usb_keyboard_probe:[basicblock]%115	block:</harden/bcfiles/linux_bcfiles/kbdi.bc>:usb_keyboard_probe:[basicblock]%127
block:</harden/bcfiles/linux_bcfiles/kbdi.bc>:usb_keyboard_probe:[basicblock]%115	block:</harden/bcfiles/linux_bcfiles/kbdi.bc>:usb_keyboard_probe:[basicblock]%128
block:</harden/bcfiles/linux_bcfiles/kbdi.bc>:usb_keyboard_probe:[basicblock]%116	block:</harden/bcfiles/linux_bcfiles/kbdi.bc>:usb_keyboard_probe:[basicblock]%127
block:</harden/bcfiles/linux_bcfiles/kbdi.bc>:usb_keyboard_probe:[basicblock]%116	block:</harden/bcfiles/linux_bcfiles/kbdi.bc>:usb_keyboard_probe:[basicblock]%128
block:</harden/bcfiles/linux_bcfiles/kbdi.bc>:usb_keyboard_probe:[basicblock]%119	block:</harden/bcfiles/linux_bcfiles/kbdi.bc>:usb_keyboard_probe:[basicblock]%116
block:</harden/bcfiles/linux_bcfiles/kbdi.bc>:usb_keyboard_probe:[basicblock]%119	block:</harden/bcfiles/linux_bcfiles/kbdi.bc>:usb_keyboard_probe:[basicblock]%124
block:</harden/bcfiles/linux_bcfiles/kbdi.bc>:usb_keyboard_probe:[basicblock]%119	block:</harden/bcfiles/linux_bcfiles/kbdi.bc>:usb_keyboard_probe:[basicblock]%127
block:</harden/bcfiles/linux_bcfiles/kbdi.bc>:usb_keyboard_probe:[basicblock]%119	block:</harden/bcfiles/linux_bcfiles/kbdi.bc>:usb_keyboard_probe:[basicblock]%128
block:</harden/bcfiles/linux_bcfiles/kbdi.bc>:usb_keyboard_probe:[basicblock]%124	block:</harden/bcfiles/linux_bcfiles/kbdi.bc>:usb_keyboard_probe:[basicblock]%116
block:</harden/bcfiles/linux_bcfiles/kbdi.bc>:usb_keyboard_probe:[basicblock]%124	block:</harden/bcfiles/linux_bcfiles/kbdi.bc>:usb_keyboard_probe:[basicblock]%127
block:</harden/bcfiles/linux_bcfiles/kbdi.bc>:usb_keyboard_probe:[basicblock]%124	block:</harden/bcfiles/linux_bcfiles/kbdi.bc>:usb_keyboard_probe:[basicblock]%128
block:</harden/bcfiles/linux_bcfiles/kbdi.bc>:usb_keyboard_probe:[basicblock]%127	block:</harden/bcfiles/linux_bcfiles/kbdi.bc>:usb_keyboard_probe:[basicblock]%128
block:</harden/bcfiles/linux_bcfiles/kbdi.bc>:usb_keyboard_disconnect:[basicblock]%1	block:</harden/bcfiles/linux_bcfiles/kbdi.bc>:usb_keyboard_disconnect:[basicblock]%8
block:</harden/bcfiles/linux_bcfiles/kbdi.bc>:usb_keyboard_disconnect:[basicblock]%5	block:</harden/bcfiles/linux_bcfiles/kbdi.bc>:usb_keyboard_disconnect:[basicblock]%8
