</harden/bcfiles/linux_bcfiles/kbdi.bc>:input_report_key:%7	</harden/bcfiles/linux_bcfiles/kbdi.bc>:input_report_key:%7	[</harden/bcfiles/linux_bcfiles/kbdi.bc>:input_report_key:%7, </harden/bcfiles/linux_bcfiles/kbdi.bc>:input_report_key:%7]	0
</harden/bcfiles/linux_bcfiles/kbdi.bc>:input_report_key:%8	</harden/bcfiles/linux_bcfiles/kbdi.bc>:input_report_key:%8	[</harden/bcfiles/linux_bcfiles/kbdi.bc>:input_report_key:%8, </harden/bcfiles/linux_bcfiles/kbdi.bc>:input_report_key:%8]	0
</harden/bcfiles/linux_bcfiles/kbdi.bc>:input_report_key:%13	</harden/bcfiles/linux_bcfiles/kbdi.bc>:input_report_key:%13	[</harden/bcfiles/linux_bcfiles/kbdi.bc>:input_report_key:%13, </harden/bcfiles/linux_bcfiles/kbdi.bc>:input_report_key:%13]	0
</harden/bcfiles/linux_bcfiles/kbdi.bc>:input_sync:%3	</harden/bcfiles/linux_bcfiles/kbdi.bc>:input_sync:%3	[</harden/bcfiles/linux_bcfiles/kbdi.bc>:input_sync:%3, </harden/bcfiles/linux_bcfiles/kbdi.bc>:input_sync:%3]	0
</harden/bcfiles/linux_bcfiles/kbdi.bc>:input_report_key:%12	</harden/bcfiles/linux_bcfiles/kbdi.bc>:input_report_key:%12	[</harden/bcfiles/linux_bcfiles/kbdi.bc>:input_report_key:%12, </harden/bcfiles/linux_bcfiles/kbdi.bc>:input_report_key:%12]	0
</harden/bcfiles/linux_bcfiles/kbdi.bc>:input_report_key:%11	</harden/bcfiles/linux_bcfiles/kbdi.bc>:input_report_key:%11	[</harden/bcfiles/linux_bcfiles/kbdi.bc>:input_report_key:%11, </harden/bcfiles/linux_bcfiles/kbdi.bc>:input_report_key:%11]	0
</harden/bcfiles/linux_bcfiles/kbdi.bc>:input_report_key:%10	</harden/bcfiles/linux_bcfiles/kbdi.bc>:input_report_key:%10	[</harden/bcfiles/linux_bcfiles/kbdi.bc>:input_report_key:%10, </harden/bcfiles/linux_bcfiles/kbdi.bc>:input_report_key:%10]	0
</harden/bcfiles/linux_bcfiles/kbdi.bc>:input_report_key:%9	</harden/bcfiles/linux_bcfiles/kbdi.bc>:input_report_key:%9	[</harden/bcfiles/linux_bcfiles/kbdi.bc>:input_report_key:%9, </harden/bcfiles/linux_bcfiles/kbdi.bc>:input_report_key:%9]	0
</harden/bcfiles/linux_bcfiles/kbdi.bc>:input_report_key:%6	</harden/bcfiles/linux_bcfiles/kbdi.bc>:input_report_key:%6	[</harden/bcfiles/linux_bcfiles/kbdi.bc>:input_report_key:%6, </harden/bcfiles/linux_bcfiles/kbdi.bc>:input_report_key:%6]	0
</harden/bcfiles/linux_bcfiles/kbdi.bc>:input_report_key:%5	</harden/bcfiles/linux_bcfiles/kbdi.bc>:input_report_key:%5	[</harden/bcfiles/linux_bcfiles/kbdi.bc>:input_report_key:%5, </harden/bcfiles/linux_bcfiles/kbdi.bc>:input_report_key:%5]	0
</harden/bcfiles/linux_bcfiles/kbdi.bc>:input_report_key:%4	</harden/bcfiles/linux_bcfiles/kbdi.bc>:input_report_key:%4	[</harden/bcfiles/linux_bcfiles/kbdi.bc>:input_report_key:%4, </harden/bcfiles/linux_bcfiles/kbdi.bc>:input_report_key:%4]	0
</harden/bcfiles/linux_bcfiles/kbdi.bc>:input_sync:%2	</harden/bcfiles/linux_bcfiles/kbdi.bc>:input_sync:%2	[</harden/bcfiles/linux_bcfiles/kbdi.bc>:input_sync:%2, </harden/bcfiles/linux_bcfiles/kbdi.bc>:input_sync:%2]	0
</harden/bcfiles/linux_bcfiles/kbdi.bc>:kasan_check_write:%4	</harden/bcfiles/linux_bcfiles/kbdi.bc>:kasan_check_write:%4	[</harden/bcfiles/linux_bcfiles/kbdi.bc>:kasan_check_write:%4, </harden/bcfiles/linux_bcfiles/kbdi.bc>:kasan_check_write:%4]	0
</harden/bcfiles/linux_bcfiles/kbdi.bc>:kasan_check_write:%3	</harden/bcfiles/linux_bcfiles/kbdi.bc>:kasan_check_write:%3	[</harden/bcfiles/linux_bcfiles/kbdi.bc>:kasan_check_write:%3, </harden/bcfiles/linux_bcfiles/kbdi.bc>:kasan_check_write:%3]	0
</harden/bcfiles/linux_bcfiles/kbdi.bc>:kcsan_check_access:%6	</harden/bcfiles/linux_bcfiles/kbdi.bc>:kcsan_check_access:%6	[</harden/bcfiles/linux_bcfiles/kbdi.bc>:kcsan_check_access:%6, </harden/bcfiles/linux_bcfiles/kbdi.bc>:kcsan_check_access:%6]	0
</harden/bcfiles/linux_bcfiles/kbdi.bc>:kcsan_check_access:%5	</harden/bcfiles/linux_bcfiles/kbdi.bc>:kcsan_check_access:%5	[</harden/bcfiles/linux_bcfiles/kbdi.bc>:kcsan_check_access:%5, </harden/bcfiles/linux_bcfiles/kbdi.bc>:kcsan_check_access:%5]	0
</harden/bcfiles/linux_bcfiles/kbdi.bc>:kcsan_check_access:%4	</harden/bcfiles/linux_bcfiles/kbdi.bc>:kcsan_check_access:%4	[</harden/bcfiles/linux_bcfiles/kbdi.bc>:kcsan_check_access:%4, </harden/bcfiles/linux_bcfiles/kbdi.bc>:kcsan_check_access:%4]	0
