</harden/bcfiles/linux_bcfiles/kbdi.bc>:usb_keyboard_init:0:1:@keyboard_driver	</harden/bcfiles/linux_bcfiles/kbdi.bc>:usb_keyboard_exit:0:1:@keyboard_driver	*global_alloc@keyboard_driver
</harden/bcfiles/linux_bcfiles/kbdi.bc>:usb_keyboard_exit:0:1:@keyboard_driver	</harden/bcfiles/linux_bcfiles/kbdi.bc>:usb_keyboard_init:0:1:@keyboard_driver	*global_alloc@keyboard_driver
</harden/bcfiles/linux_bcfiles/kbdi.bc>:52:bitcast (i8** @__UNIQUE_ID___addressable_init_module237 to i8*)	</harden/bcfiles/linux_bcfiles/kbdi.bc>:53:@__UNIQUE_ID___addressable_init_module237	*global_alloc@__UNIQUE_ID___addressable_init_module237
</harden/bcfiles/linux_bcfiles/kbdi.bc>:54:bitcast (i8** @__UNIQUE_ID___addressable_cleanup_module238 to i8*)	</harden/bcfiles/linux_bcfiles/kbdi.bc>:55:@__UNIQUE_ID___addressable_cleanup_module238	*global_alloc@__UNIQUE_ID___addressable_cleanup_module238
</harden/bcfiles/linux_bcfiles/kbdi.bc>:37:@id_table	</harden/bcfiles/linux_bcfiles/kbdi.bc>:68:@id_table	*global_alloc@id_table
</harden/bcfiles/linux_bcfiles/kbdi.bc>:53:@__UNIQUE_ID___addressable_init_module237	</harden/bcfiles/linux_bcfiles/kbdi.bc>:52:bitcast (i8** @__UNIQUE_ID___addressable_init_module237 to i8*)	*global_alloc@__UNIQUE_ID___addressable_init_module237
</harden/bcfiles/linux_bcfiles/kbdi.bc>:55:@__UNIQUE_ID___addressable_cleanup_module238	</harden/bcfiles/linux_bcfiles/kbdi.bc>:54:bitcast (i8** @__UNIQUE_ID___addressable_cleanup_module238 to i8*)	*global_alloc@__UNIQUE_ID___addressable_cleanup_module238
</harden/bcfiles/linux_bcfiles/kbdi.bc>:68:@id_table	</harden/bcfiles/linux_bcfiles/kbdi.bc>:37:@id_table	*global_alloc@id_table
</harden/bcfiles/linux_bcfiles/kbdi.bc>:usb_keyboard_probe:25:0:@input_dev	</harden/bcfiles/linux_bcfiles/kbdi.bc>:usb_keyboard_probe:26:0:@input_dev	*global_alloc@input_dev
</harden/bcfiles/linux_bcfiles/kbdi.bc>:usb_keyboard_probe:25:0:@input_dev	</harden/bcfiles/linux_bcfiles/kbdi.bc>:usb_keyboard_probe:36:0:@input_dev	*global_alloc@input_dev
</harden/bcfiles/linux_bcfiles/kbdi.bc>:usb_keyboard_probe:25:0:@input_dev	</harden/bcfiles/linux_bcfiles/kbdi.bc>:usb_keyboard_probe:39:0:@input_dev	*global_alloc@input_dev
</harden/bcfiles/linux_bcfiles/kbdi.bc>:usb_keyboard_probe:25:0:@input_dev	</harden/bcfiles/linux_bcfiles/kbdi.bc>:usb_keyboard_probe:44:0:@input_dev	*global_alloc@input_dev
</harden/bcfiles/linux_bcfiles/kbdi.bc>:usb_keyboard_probe:25:0:@input_dev	</harden/bcfiles/linux_bcfiles/kbdi.bc>:usb_keyboard_probe:48:0:@input_dev	*global_alloc@input_dev
</harden/bcfiles/linux_bcfiles/kbdi.bc>:usb_keyboard_probe:25:0:@input_dev	</harden/bcfiles/linux_bcfiles/kbdi.bc>:usb_keyboard_probe:95:0:@input_dev	*global_alloc@input_dev
</harden/bcfiles/linux_bcfiles/kbdi.bc>:usb_keyboard_probe:25:0:@input_dev	</harden/bcfiles/linux_bcfiles/kbdi.bc>:usb_keyboard_probe:142:0:@input_dev	*global_alloc@input_dev
</harden/bcfiles/linux_bcfiles/kbdi.bc>:usb_keyboard_probe:25:0:@input_dev	</harden/bcfiles/linux_bcfiles/kbdi.bc>:usb_keyboard_probe:153:0:@input_dev	*global_alloc@input_dev
</harden/bcfiles/linux_bcfiles/kbdi.bc>:usb_keyboard_probe:25:0:@input_dev	</harden/bcfiles/linux_bcfiles/kbdi.bc>:usb_keyboard_probe:164:0:@input_dev	*global_alloc@input_dev
</harden/bcfiles/linux_bcfiles/kbdi.bc>:usb_keyboard_probe:25:0:@input_dev	</harden/bcfiles/linux_bcfiles/kbdi.bc>:usb_keyboard_probe:166:0:@input_dev	*global_alloc@input_dev
</harden/bcfiles/linux_bcfiles/kbdi.bc>:usb_keyboard_probe:25:0:@input_dev	</harden/bcfiles/linux_bcfiles/kbdi.bc>:usb_keyboard_probe:168:0:@input_dev	*global_alloc@input_dev
</harden/bcfiles/linux_bcfiles/kbdi.bc>:usb_keyboard_probe:25:0:@input_dev	</harden/bcfiles/linux_bcfiles/kbdi.bc>:usb_keyboard_probe:170:0:@input_dev	*global_alloc@input_dev
</harden/bcfiles/linux_bcfiles/kbdi.bc>:usb_keyboard_probe:25:0:@input_dev	</harden/bcfiles/linux_bcfiles/kbdi.bc>:usb_keyboard_disconnect:3:0:@input_dev	*global_alloc@input_dev
</harden/bcfiles/linux_bcfiles/kbdi.bc>:usb_keyboard_probe:25:0:@input_dev	</harden/bcfiles/linux_bcfiles/kbdi.bc>:usb_keyboard_disconnect:6:0:@input_dev	*global_alloc@input_dev
</harden/bcfiles/linux_bcfiles/kbdi.bc>:usb_keyboard_probe:25:0:@input_dev	</harden/bcfiles/linux_bcfiles/kbdi.bc>:usb_keyboard_disconnect:8:0:@input_dev	*global_alloc@input_dev
</harden/bcfiles/linux_bcfiles/kbdi.bc>:usb_keyboard_probe:25:0:@input_dev	</harden/bcfiles/linux_bcfiles/kbdi.bc>:usb_keyboard_disconnect:10:1:@input_dev	*global_alloc@input_dev
</harden/bcfiles/linux_bcfiles/kbdi.bc>:usb_keyboard_probe:26:0:@input_dev	</harden/bcfiles/linux_bcfiles/kbdi.bc>:usb_keyboard_probe:25:0:@input_dev	*global_alloc@input_dev
</harden/bcfiles/linux_bcfiles/kbdi.bc>:usb_keyboard_probe:26:0:@input_dev	</harden/bcfiles/linux_bcfiles/kbdi.bc>:usb_keyboard_probe:36:0:@input_dev	*global_alloc@input_dev
</harden/bcfiles/linux_bcfiles/kbdi.bc>:usb_keyboard_probe:26:0:@input_dev	</harden/bcfiles/linux_bcfiles/kbdi.bc>:usb_keyboard_probe:39:0:@input_dev	*global_alloc@input_dev
</harden/bcfiles/linux_bcfiles/kbdi.bc>:usb_keyboard_probe:26:0:@input_dev	</harden/bcfiles/linux_bcfiles/kbdi.bc>:usb_keyboard_probe:44:0:@input_dev	*global_alloc@input_dev
</harden/bcfiles/linux_bcfiles/kbdi.bc>:usb_keyboard_probe:26:0:@input_dev	</harden/bcfiles/linux_bcfiles/kbdi.bc>:usb_keyboard_probe:48:0:@input_dev	*global_alloc@input_dev
</harden/bcfiles/linux_bcfiles/kbdi.bc>:usb_keyboard_probe:26:0:@input_dev	</harden/bcfiles/linux_bcfiles/kbdi.bc>:usb_keyboard_probe:95:0:@input_dev	*global_alloc@input_dev
</harden/bcfiles/linux_bcfiles/kbdi.bc>:usb_keyboard_probe:26:0:@input_dev	</harden/bcfiles/linux_bcfiles/kbdi.bc>:usb_keyboard_probe:142:0:@input_dev	*global_alloc@input_dev
</harden/bcfiles/linux_bcfiles/kbdi.bc>:usb_keyboard_probe:26:0:@input_dev	</harden/bcfiles/linux_bcfiles/kbdi.bc>:usb_keyboard_probe:153:0:@input_dev	*global_alloc@input_dev
</harden/bcfiles/linux_bcfiles/kbdi.bc>:usb_keyboard_probe:26:0:@input_dev	</harden/bcfiles/linux_bcfiles/kbdi.bc>:usb_keyboard_probe:164:0:@input_dev	*global_alloc@input_dev
</harden/bcfiles/linux_bcfiles/kbdi.bc>:usb_keyboard_probe:26:0:@input_dev	</harden/bcfiles/linux_bcfiles/kbdi.bc>:usb_keyboard_probe:166:0:@input_dev	*global_alloc@input_dev
</harden/bcfiles/linux_bcfiles/kbdi.bc>:usb_keyboard_probe:26:0:@input_dev	</harden/bcfiles/linux_bcfiles/kbdi.bc>:usb_keyboard_probe:168:0:@input_dev	*global_alloc@input_dev
</harden/bcfiles/linux_bcfiles/kbdi.bc>:usb_keyboard_probe:26:0:@input_dev	</harden/bcfiles/linux_bcfiles/kbdi.bc>:usb_keyboard_probe:170:0:@input_dev	*global_alloc@input_dev
</harden/bcfiles/linux_bcfiles/kbdi.bc>:usb_keyboard_probe:26:0:@input_dev	</harden/bcfiles/linux_bcfiles/kbdi.bc>:usb_keyboard_disconnect:3:0:@input_dev	*global_alloc@input_dev
</harden/bcfiles/linux_bcfiles/kbdi.bc>:usb_keyboard_probe:26:0:@input_dev	</harden/bcfiles/linux_bcfiles/kbdi.bc>:usb_keyboard_disconnect:6:0:@input_dev	*global_alloc@input_dev
</harden/bcfiles/linux_bcfiles/kbdi.bc>:usb_keyboard_probe:26:0:@input_dev	</harden/bcfiles/linux_bcfiles/kbdi.bc>:usb_keyboard_disconnect:8:0:@input_dev	*global_alloc@input_dev
</harden/bcfiles/linux_bcfiles/kbdi.bc>:usb_keyboard_probe:26:0:@input_dev	</harden/bcfiles/linux_bcfiles/kbdi.bc>:usb_keyboard_disconnect:10:1:@input_dev	*global_alloc@input_dev
</harden/bcfiles/linux_bcfiles/kbdi.bc>:usb_keyboard_probe:36:0:@input_dev	</harden/bcfiles/linux_bcfiles/kbdi.bc>:usb_keyboard_probe:25:0:@input_dev	*global_alloc@input_dev
</harden/bcfiles/linux_bcfiles/kbdi.bc>:usb_keyboard_probe:36:0:@input_dev	</harden/bcfiles/linux_bcfiles/kbdi.bc>:usb_keyboard_probe:26:0:@input_dev	*global_alloc@input_dev
</harden/bcfiles/linux_bcfiles/kbdi.bc>:usb_keyboard_probe:36:0:@input_dev	</harden/bcfiles/linux_bcfiles/kbdi.bc>:usb_keyboard_probe:39:0:@input_dev	*global_alloc@input_dev
</harden/bcfiles/linux_bcfiles/kbdi.bc>:usb_keyboard_probe:36:0:@input_dev	</harden/bcfiles/linux_bcfiles/kbdi.bc>:usb_keyboard_probe:44:0:@input_dev	*global_alloc@input_dev
</harden/bcfiles/linux_bcfiles/kbdi.bc>:usb_keyboard_probe:36:0:@input_dev	</harden/bcfiles/linux_bcfiles/kbdi.bc>:usb_keyboard_probe:48:0:@input_dev	*global_alloc@input_dev
</harden/bcfiles/linux_bcfiles/kbdi.bc>:usb_keyboard_probe:36:0:@input_dev	</harden/bcfiles/linux_bcfiles/kbdi.bc>:usb_keyboard_probe:95:0:@input_dev	*global_alloc@input_dev
</harden/bcfiles/linux_bcfiles/kbdi.bc>:usb_keyboard_probe:36:0:@input_dev	</harden/bcfiles/linux_bcfiles/kbdi.bc>:usb_keyboard_probe:142:0:@input_dev	*global_alloc@input_dev
</harden/bcfiles/linux_bcfiles/kbdi.bc>:usb_keyboard_probe:36:0:@input_dev	</harden/bcfiles/linux_bcfiles/kbdi.bc>:usb_keyboard_probe:153:0:@input_dev	*global_alloc@input_dev
</harden/bcfiles/linux_bcfiles/kbdi.bc>:usb_keyboard_probe:36:0:@input_dev	</harden/bcfiles/linux_bcfiles/kbdi.bc>:usb_keyboard_probe:164:0:@input_dev	*global_alloc@input_dev
</harden/bcfiles/linux_bcfiles/kbdi.bc>:usb_keyboard_probe:36:0:@input_dev	</harden/bcfiles/linux_bcfiles/kbdi.bc>:usb_keyboard_probe:166:0:@input_dev	*global_alloc@input_dev
</harden/bcfiles/linux_bcfiles/kbdi.bc>:usb_keyboard_probe:36:0:@input_dev	</harden/bcfiles/linux_bcfiles/kbdi.bc>:usb_keyboard_probe:168:0:@input_dev	*global_alloc@input_dev
</harden/bcfiles/linux_bcfiles/kbdi.bc>:usb_keyboard_probe:36:0:@input_dev	</harden/bcfiles/linux_bcfiles/kbdi.bc>:usb_keyboard_probe:170:0:@input_dev	*global_alloc@input_dev
</harden/bcfiles/linux_bcfiles/kbdi.bc>:usb_keyboard_probe:36:0:@input_dev	</harden/bcfiles/linux_bcfiles/kbdi.bc>:usb_keyboard_disconnect:3:0:@input_dev	*global_alloc@input_dev
</harden/bcfiles/linux_bcfiles/kbdi.bc>:usb_keyboard_probe:36:0:@input_dev	</harden/bcfiles/linux_bcfiles/kbdi.bc>:usb_keyboard_disconnect:6:0:@input_dev	*global_alloc@input_dev
</harden/bcfiles/linux_bcfiles/kbdi.bc>:usb_keyboard_probe:36:0:@input_dev	</harden/bcfiles/linux_bcfiles/kbdi.bc>:usb_keyboard_disconnect:8:0:@input_dev	*global_alloc@input_dev
</harden/bcfiles/linux_bcfiles/kbdi.bc>:usb_keyboard_probe:36:0:@input_dev	</harden/bcfiles/linux_bcfiles/kbdi.bc>:usb_keyboard_disconnect:10:1:@input_dev	*global_alloc@input_dev
</harden/bcfiles/linux_bcfiles/kbdi.bc>:usb_keyboard_probe:39:0:@input_dev	</harden/bcfiles/linux_bcfiles/kbdi.bc>:usb_keyboard_probe:25:0:@input_dev	*global_alloc@input_dev
</harden/bcfiles/linux_bcfiles/kbdi.bc>:usb_keyboard_probe:39:0:@input_dev	</harden/bcfiles/linux_bcfiles/kbdi.bc>:usb_keyboard_probe:26:0:@input_dev	*global_alloc@input_dev
</harden/bcfiles/linux_bcfiles/kbdi.bc>:usb_keyboard_probe:39:0:@input_dev	</harden/bcfiles/linux_bcfiles/kbdi.bc>:usb_keyboard_probe:36:0:@input_dev	*global_alloc@input_dev
</harden/bcfiles/linux_bcfiles/kbdi.bc>:usb_keyboard_probe:39:0:@input_dev	</harden/bcfiles/linux_bcfiles/kbdi.bc>:usb_keyboard_probe:44:0:@input_dev	*global_alloc@input_dev
</harden/bcfiles/linux_bcfiles/kbdi.bc>:usb_keyboard_probe:39:0:@input_dev	</harden/bcfiles/linux_bcfiles/kbdi.bc>:usb_keyboard_probe:48:0:@input_dev	*global_alloc@input_dev
</harden/bcfiles/linux_bcfiles/kbdi.bc>:usb_keyboard_probe:39:0:@input_dev	</harden/bcfiles/linux_bcfiles/kbdi.bc>:usb_keyboard_probe:95:0:@input_dev	*global_alloc@input_dev
</harden/bcfiles/linux_bcfiles/kbdi.bc>:usb_keyboard_probe:39:0:@input_dev	</harden/bcfiles/linux_bcfiles/kbdi.bc>:usb_keyboard_probe:142:0:@input_dev	*global_alloc@input_dev
</harden/bcfiles/linux_bcfiles/kbdi.bc>:usb_keyboard_probe:39:0:@input_dev	</harden/bcfiles/linux_bcfiles/kbdi.bc>:usb_keyboard_probe:153:0:@input_dev	*global_alloc@input_dev
</harden/bcfiles/linux_bcfiles/kbdi.bc>:usb_keyboard_probe:39:0:@input_dev	</harden/bcfiles/linux_bcfiles/kbdi.bc>:usb_keyboard_probe:164:0:@input_dev	*global_alloc@input_dev
</harden/bcfiles/linux_bcfiles/kbdi.bc>:usb_keyboard_probe:39:0:@input_dev	</harden/bcfiles/linux_bcfiles/kbdi.bc>:usb_keyboard_probe:166:0:@input_dev	*global_alloc@input_dev
</harden/bcfiles/linux_bcfiles/kbdi.bc>:usb_keyboard_probe:39:0:@input_dev	</harden/bcfiles/linux_bcfiles/kbdi.bc>:usb_keyboard_probe:168:0:@input_dev	*global_alloc@input_dev
</harden/bcfiles/linux_bcfiles/kbdi.bc>:usb_keyboard_probe:39:0:@input_dev	</harden/bcfiles/linux_bcfiles/kbdi.bc>:usb_keyboard_probe:170:0:@input_dev	*global_alloc@input_dev
</harden/bcfiles/linux_bcfiles/kbdi.bc>:usb_keyboard_probe:39:0:@input_dev	</harden/bcfiles/linux_bcfiles/kbdi.bc>:usb_keyboard_disconnect:3:0:@input_dev	*global_alloc@input_dev
</harden/bcfiles/linux_bcfiles/kbdi.bc>:usb_keyboard_probe:39:0:@input_dev	</harden/bcfiles/linux_bcfiles/kbdi.bc>:usb_keyboard_disconnect:6:0:@input_dev	*global_alloc@input_dev
</harden/bcfiles/linux_bcfiles/kbdi.bc>:usb_keyboard_probe:39:0:@input_dev	</harden/bcfiles/linux_bcfiles/kbdi.bc>:usb_keyboard_disconnect:8:0:@input_dev	*global_alloc@input_dev
</harden/bcfiles/linux_bcfiles/kbdi.bc>:usb_keyboard_probe:39:0:@input_dev	</harden/bcfiles/linux_bcfiles/kbdi.bc>:usb_keyboard_disconnect:10:1:@input_dev	*global_alloc@input_dev
</harden/bcfiles/linux_bcfiles/kbdi.bc>:usb_keyboard_probe:44:0:@input_dev	</harden/bcfiles/linux_bcfiles/kbdi.bc>:usb_keyboard_probe:25:0:@input_dev	*global_alloc@input_dev
</harden/bcfiles/linux_bcfiles/kbdi.bc>:usb_keyboard_probe:44:0:@input_dev	</harden/bcfiles/linux_bcfiles/kbdi.bc>:usb_keyboard_probe:26:0:@input_dev	*global_alloc@input_dev
</harden/bcfiles/linux_bcfiles/kbdi.bc>:usb_keyboard_probe:44:0:@input_dev	</harden/bcfiles/linux_bcfiles/kbdi.bc>:usb_keyboard_probe:36:0:@input_dev	*global_alloc@input_dev
</harden/bcfiles/linux_bcfiles/kbdi.bc>:usb_keyboard_probe:44:0:@input_dev	</harden/bcfiles/linux_bcfiles/kbdi.bc>:usb_keyboard_probe:39:0:@input_dev	*global_alloc@input_dev
</harden/bcfiles/linux_bcfiles/kbdi.bc>:usb_keyboard_probe:44:0:@input_dev	</harden/bcfiles/linux_bcfiles/kbdi.bc>:usb_keyboard_probe:48:0:@input_dev	*global_alloc@input_dev
</harden/bcfiles/linux_bcfiles/kbdi.bc>:usb_keyboard_probe:44:0:@input_dev	</harden/bcfiles/linux_bcfiles/kbdi.bc>:usb_keyboard_probe:95:0:@input_dev	*global_alloc@input_dev
</harden/bcfiles/linux_bcfiles/kbdi.bc>:usb_keyboard_probe:44:0:@input_dev	</harden/bcfiles/linux_bcfiles/kbdi.bc>:usb_keyboard_probe:142:0:@input_dev	*global_alloc@input_dev
</harden/bcfiles/linux_bcfiles/kbdi.bc>:usb_keyboard_probe:44:0:@input_dev	</harden/bcfiles/linux_bcfiles/kbdi.bc>:usb_keyboard_probe:153:0:@input_dev	*global_alloc@input_dev
</harden/bcfiles/linux_bcfiles/kbdi.bc>:usb_keyboard_probe:44:0:@input_dev	</harden/bcfiles/linux_bcfiles/kbdi.bc>:usb_keyboard_probe:164:0:@input_dev	*global_alloc@input_dev
</harden/bcfiles/linux_bcfiles/kbdi.bc>:usb_keyboard_probe:44:0:@input_dev	</harden/bcfiles/linux_bcfiles/kbdi.bc>:usb_keyboard_probe:166:0:@input_dev	*global_alloc@input_dev
</harden/bcfiles/linux_bcfiles/kbdi.bc>:usb_keyboard_probe:44:0:@input_dev	</harden/bcfiles/linux_bcfiles/kbdi.bc>:usb_keyboard_probe:168:0:@input_dev	*global_alloc@input_dev
</harden/bcfiles/linux_bcfiles/kbdi.bc>:usb_keyboard_probe:44:0:@input_dev	</harden/bcfiles/linux_bcfiles/kbdi.bc>:usb_keyboard_probe:170:0:@input_dev	*global_alloc@input_dev
</harden/bcfiles/linux_bcfiles/kbdi.bc>:usb_keyboard_probe:44:0:@input_dev	</harden/bcfiles/linux_bcfiles/kbdi.bc>:usb_keyboard_disconnect:3:0:@input_dev	*global_alloc@input_dev
</harden/bcfiles/linux_bcfiles/kbdi.bc>:usb_keyboard_probe:44:0:@input_dev	</harden/bcfiles/linux_bcfiles/kbdi.bc>:usb_keyboard_disconnect:6:0:@input_dev	*global_alloc@input_dev
</harden/bcfiles/linux_bcfiles/kbdi.bc>:usb_keyboard_probe:44:0:@input_dev	</harden/bcfiles/linux_bcfiles/kbdi.bc>:usb_keyboard_disconnect:8:0:@input_dev	*global_alloc@input_dev
</harden/bcfiles/linux_bcfiles/kbdi.bc>:usb_keyboard_probe:44:0:@input_dev	</harden/bcfiles/linux_bcfiles/kbdi.bc>:usb_keyboard_disconnect:10:1:@input_dev	*global_alloc@input_dev
</harden/bcfiles/linux_bcfiles/kbdi.bc>:usb_keyboard_probe:48:0:@input_dev	</harden/bcfiles/linux_bcfiles/kbdi.bc>:usb_keyboard_probe:25:0:@input_dev	*global_alloc@input_dev
</harden/bcfiles/linux_bcfiles/kbdi.bc>:usb_keyboard_probe:48:0:@input_dev	</harden/bcfiles/linux_bcfiles/kbdi.bc>:usb_keyboard_probe:26:0:@input_dev	*global_alloc@input_dev
</harden/bcfiles/linux_bcfiles/kbdi.bc>:usb_keyboard_probe:48:0:@input_dev	</harden/bcfiles/linux_bcfiles/kbdi.bc>:usb_keyboard_probe:36:0:@input_dev	*global_alloc@input_dev
</harden/bcfiles/linux_bcfiles/kbdi.bc>:usb_keyboard_probe:48:0:@input_dev	</harden/bcfiles/linux_bcfiles/kbdi.bc>:usb_keyboard_probe:39:0:@input_dev	*global_alloc@input_dev
</harden/bcfiles/linux_bcfiles/kbdi.bc>:usb_keyboard_probe:48:0:@input_dev	</harden/bcfiles/linux_bcfiles/kbdi.bc>:usb_keyboard_probe:44:0:@input_dev	*global_alloc@input_dev
</harden/bcfiles/linux_bcfiles/kbdi.bc>:usb_keyboard_probe:48:0:@input_dev	</harden/bcfiles/linux_bcfiles/kbdi.bc>:usb_keyboard_probe:95:0:@input_dev	*global_alloc@input_dev
</harden/bcfiles/linux_bcfiles/kbdi.bc>:usb_keyboard_probe:48:0:@input_dev	</harden/bcfiles/linux_bcfiles/kbdi.bc>:usb_keyboard_probe:142:0:@input_dev	*global_alloc@input_dev
</harden/bcfiles/linux_bcfiles/kbdi.bc>:usb_keyboard_probe:48:0:@input_dev	</harden/bcfiles/linux_bcfiles/kbdi.bc>:usb_keyboard_probe:153:0:@input_dev	*global_alloc@input_dev
</harden/bcfiles/linux_bcfiles/kbdi.bc>:usb_keyboard_probe:48:0:@input_dev	</harden/bcfiles/linux_bcfiles/kbdi.bc>:usb_keyboard_probe:164:0:@input_dev	*global_alloc@input_dev
</harden/bcfiles/linux_bcfiles/kbdi.bc>:usb_keyboard_probe:48:0:@input_dev	</harden/bcfiles/linux_bcfiles/kbdi.bc>:usb_keyboard_probe:166:0:@input_dev	*global_alloc@input_dev
</harden/bcfiles/linux_bcfiles/kbdi.bc>:usb_keyboard_probe:48:0:@input_dev	</harden/bcfiles/linux_bcfiles/kbdi.bc>:usb_keyboard_probe:168:0:@input_dev	*global_alloc@input_dev
</harden/bcfiles/linux_bcfiles/kbdi.bc>:usb_keyboard_probe:48:0:@input_dev	</harden/bcfiles/linux_bcfiles/kbdi.bc>:usb_keyboard_probe:170:0:@input_dev	*global_alloc@input_dev
</harden/bcfiles/linux_bcfiles/kbdi.bc>:usb_keyboard_probe:48:0:@input_dev	</harden/bcfiles/linux_bcfiles/kbdi.bc>:usb_keyboard_disconnect:3:0:@input_dev	*global_alloc@input_dev
</harden/bcfiles/linux_bcfiles/kbdi.bc>:usb_keyboard_probe:48:0:@input_dev	</harden/bcfiles/linux_bcfiles/kbdi.bc>:usb_keyboard_disconnect:6:0:@input_dev	*global_alloc@input_dev
</harden/bcfiles/linux_bcfiles/kbdi.bc>:usb_keyboard_probe:48:0:@input_dev	</harden/bcfiles/linux_bcfiles/kbdi.bc>:usb_keyboard_disconnect:8:0:@input_dev	*global_alloc@input_dev
</harden/bcfiles/linux_bcfiles/kbdi.bc>:usb_keyboard_probe:48:0:@input_dev	</harden/bcfiles/linux_bcfiles/kbdi.bc>:usb_keyboard_disconnect:10:1:@input_dev	*global_alloc@input_dev
</harden/bcfiles/linux_bcfiles/kbdi.bc>:usb_keyboard_probe:95:0:@input_dev	</harden/bcfiles/linux_bcfiles/kbdi.bc>:usb_keyboard_probe:25:0:@input_dev	*global_alloc@input_dev
</harden/bcfiles/linux_bcfiles/kbdi.bc>:usb_keyboard_probe:95:0:@input_dev	</harden/bcfiles/linux_bcfiles/kbdi.bc>:usb_keyboard_probe:26:0:@input_dev	*global_alloc@input_dev
</harden/bcfiles/linux_bcfiles/kbdi.bc>:usb_keyboard_probe:95:0:@input_dev	</harden/bcfiles/linux_bcfiles/kbdi.bc>:usb_keyboard_probe:36:0:@input_dev	*global_alloc@input_dev
</harden/bcfiles/linux_bcfiles/kbdi.bc>:usb_keyboard_probe:95:0:@input_dev	</harden/bcfiles/linux_bcfiles/kbdi.bc>:usb_keyboard_probe:39:0:@input_dev	*global_alloc@input_dev
</harden/bcfiles/linux_bcfiles/kbdi.bc>:usb_keyboard_probe:95:0:@input_dev	</harden/bcfiles/linux_bcfiles/kbdi.bc>:usb_keyboard_probe:44:0:@input_dev	*global_alloc@input_dev
</harden/bcfiles/linux_bcfiles/kbdi.bc>:usb_keyboard_probe:95:0:@input_dev	</harden/bcfiles/linux_bcfiles/kbdi.bc>:usb_keyboard_probe:48:0:@input_dev	*global_alloc@input_dev
</harden/bcfiles/linux_bcfiles/kbdi.bc>:usb_keyboard_probe:95:0:@input_dev	</harden/bcfiles/linux_bcfiles/kbdi.bc>:usb_keyboard_probe:142:0:@input_dev	*global_alloc@input_dev
</harden/bcfiles/linux_bcfiles/kbdi.bc>:usb_keyboard_probe:95:0:@input_dev	</harden/bcfiles/linux_bcfiles/kbdi.bc>:usb_keyboard_probe:153:0:@input_dev	*global_alloc@input_dev
</harden/bcfiles/linux_bcfiles/kbdi.bc>:usb_keyboard_probe:95:0:@input_dev	</harden/bcfiles/linux_bcfiles/kbdi.bc>:usb_keyboard_probe:164:0:@input_dev	*global_alloc@input_dev
</harden/bcfiles/linux_bcfiles/kbdi.bc>:usb_keyboard_probe:95:0:@input_dev	</harden/bcfiles/linux_bcfiles/kbdi.bc>:usb_keyboard_probe:166:0:@input_dev	*global_alloc@input_dev
</harden/bcfiles/linux_bcfiles/kbdi.bc>:usb_keyboard_probe:95:0:@input_dev	</harden/bcfiles/linux_bcfiles/kbdi.bc>:usb_keyboard_probe:168:0:@input_dev	*global_alloc@input_dev
</harden/bcfiles/linux_bcfiles/kbdi.bc>:usb_keyboard_probe:95:0:@input_dev	</harden/bcfiles/linux_bcfiles/kbdi.bc>:usb_keyboard_probe:170:0:@input_dev	*global_alloc@input_dev
</harden/bcfiles/linux_bcfiles/kbdi.bc>:usb_keyboard_probe:95:0:@input_dev	</harden/bcfiles/linux_bcfiles/kbdi.bc>:usb_keyboard_disconnect:3:0:@input_dev	*global_alloc@input_dev
</harden/bcfiles/linux_bcfiles/kbdi.bc>:usb_keyboard_probe:95:0:@input_dev	</harden/bcfiles/linux_bcfiles/kbdi.bc>:usb_keyboard_disconnect:6:0:@input_dev	*global_alloc@input_dev
</harden/bcfiles/linux_bcfiles/kbdi.bc>:usb_keyboard_probe:95:0:@input_dev	</harden/bcfiles/linux_bcfiles/kbdi.bc>:usb_keyboard_disconnect:8:0:@input_dev	*global_alloc@input_dev
</harden/bcfiles/linux_bcfiles/kbdi.bc>:usb_keyboard_probe:95:0:@input_dev	</harden/bcfiles/linux_bcfiles/kbdi.bc>:usb_keyboard_disconnect:10:1:@input_dev	*global_alloc@input_dev
</harden/bcfiles/linux_bcfiles/kbdi.bc>:usb_keyboard_probe:142:0:@input_dev	</harden/bcfiles/linux_bcfiles/kbdi.bc>:usb_keyboard_probe:25:0:@input_dev	*global_alloc@input_dev
</harden/bcfiles/linux_bcfiles/kbdi.bc>:usb_keyboard_probe:142:0:@input_dev	</harden/bcfiles/linux_bcfiles/kbdi.bc>:usb_keyboard_probe:26:0:@input_dev	*global_alloc@input_dev
</harden/bcfiles/linux_bcfiles/kbdi.bc>:usb_keyboard_probe:142:0:@input_dev	</harden/bcfiles/linux_bcfiles/kbdi.bc>:usb_keyboard_probe:36:0:@input_dev	*global_alloc@input_dev
</harden/bcfiles/linux_bcfiles/kbdi.bc>:usb_keyboard_probe:142:0:@input_dev	</harden/bcfiles/linux_bcfiles/kbdi.bc>:usb_keyboard_probe:39:0:@input_dev	*global_alloc@input_dev
</harden/bcfiles/linux_bcfiles/kbdi.bc>:usb_keyboard_probe:142:0:@input_dev	</harden/bcfiles/linux_bcfiles/kbdi.bc>:usb_keyboard_probe:44:0:@input_dev	*global_alloc@input_dev
</harden/bcfiles/linux_bcfiles/kbdi.bc>:usb_keyboard_probe:142:0:@input_dev	</harden/bcfiles/linux_bcfiles/kbdi.bc>:usb_keyboard_probe:48:0:@input_dev	*global_alloc@input_dev
</harden/bcfiles/linux_bcfiles/kbdi.bc>:usb_keyboard_probe:142:0:@input_dev	</harden/bcfiles/linux_bcfiles/kbdi.bc>:usb_keyboard_probe:95:0:@input_dev	*global_alloc@input_dev
</harden/bcfiles/linux_bcfiles/kbdi.bc>:usb_keyboard_probe:142:0:@input_dev	</harden/bcfiles/linux_bcfiles/kbdi.bc>:usb_keyboard_probe:153:0:@input_dev	*global_alloc@input_dev
</harden/bcfiles/linux_bcfiles/kbdi.bc>:usb_keyboard_probe:142:0:@input_dev	</harden/bcfiles/linux_bcfiles/kbdi.bc>:usb_keyboard_probe:164:0:@input_dev	*global_alloc@input_dev
</harden/bcfiles/linux_bcfiles/kbdi.bc>:usb_keyboard_probe:142:0:@input_dev	</harden/bcfiles/linux_bcfiles/kbdi.bc>:usb_keyboard_probe:166:0:@input_dev	*global_alloc@input_dev
</harden/bcfiles/linux_bcfiles/kbdi.bc>:usb_keyboard_probe:142:0:@input_dev	</harden/bcfiles/linux_bcfiles/kbdi.bc>:usb_keyboard_probe:168:0:@input_dev	*global_alloc@input_dev
</harden/bcfiles/linux_bcfiles/kbdi.bc>:usb_keyboard_probe:142:0:@input_dev	</harden/bcfiles/linux_bcfiles/kbdi.bc>:usb_keyboard_probe:170:0:@input_dev	*global_alloc@input_dev
</harden/bcfiles/linux_bcfiles/kbdi.bc>:usb_keyboard_probe:142:0:@input_dev	</harden/bcfiles/linux_bcfiles/kbdi.bc>:usb_keyboard_disconnect:3:0:@input_dev	*global_alloc@input_dev
</harden/bcfiles/linux_bcfiles/kbdi.bc>:usb_keyboard_probe:142:0:@input_dev	</harden/bcfiles/linux_bcfiles/kbdi.bc>:usb_keyboard_disconnect:6:0:@input_dev	*global_alloc@input_dev
</harden/bcfiles/linux_bcfiles/kbdi.bc>:usb_keyboard_probe:142:0:@input_dev	</harden/bcfiles/linux_bcfiles/kbdi.bc>:usb_keyboard_disconnect:8:0:@input_dev	*global_alloc@input_dev
</harden/bcfiles/linux_bcfiles/kbdi.bc>:usb_keyboard_probe:142:0:@input_dev	</harden/bcfiles/linux_bcfiles/kbdi.bc>:usb_keyboard_disconnect:10:1:@input_dev	*global_alloc@input_dev
</harden/bcfiles/linux_bcfiles/kbdi.bc>:usb_keyboard_probe:153:0:@input_dev	</harden/bcfiles/linux_bcfiles/kbdi.bc>:usb_keyboard_probe:25:0:@input_dev	*global_alloc@input_dev
</harden/bcfiles/linux_bcfiles/kbdi.bc>:usb_keyboard_probe:153:0:@input_dev	</harden/bcfiles/linux_bcfiles/kbdi.bc>:usb_keyboard_probe:26:0:@input_dev	*global_alloc@input_dev
</harden/bcfiles/linux_bcfiles/kbdi.bc>:usb_keyboard_probe:153:0:@input_dev	</harden/bcfiles/linux_bcfiles/kbdi.bc>:usb_keyboard_probe:36:0:@input_dev	*global_alloc@input_dev
</harden/bcfiles/linux_bcfiles/kbdi.bc>:usb_keyboard_probe:153:0:@input_dev	</harden/bcfiles/linux_bcfiles/kbdi.bc>:usb_keyboard_probe:39:0:@input_dev	*global_alloc@input_dev
</harden/bcfiles/linux_bcfiles/kbdi.bc>:usb_keyboard_probe:153:0:@input_dev	</harden/bcfiles/linux_bcfiles/kbdi.bc>:usb_keyboard_probe:44:0:@input_dev	*global_alloc@input_dev
</harden/bcfiles/linux_bcfiles/kbdi.bc>:usb_keyboard_probe:153:0:@input_dev	</harden/bcfiles/linux_bcfiles/kbdi.bc>:usb_keyboard_probe:48:0:@input_dev	*global_alloc@input_dev
</harden/bcfiles/linux_bcfiles/kbdi.bc>:usb_keyboard_probe:153:0:@input_dev	</harden/bcfiles/linux_bcfiles/kbdi.bc>:usb_keyboard_probe:95:0:@input_dev	*global_alloc@input_dev
</harden/bcfiles/linux_bcfiles/kbdi.bc>:usb_keyboard_probe:153:0:@input_dev	</harden/bcfiles/linux_bcfiles/kbdi.bc>:usb_keyboard_probe:142:0:@input_dev	*global_alloc@input_dev
</harden/bcfiles/linux_bcfiles/kbdi.bc>:usb_keyboard_probe:153:0:@input_dev	</harden/bcfiles/linux_bcfiles/kbdi.bc>:usb_keyboard_probe:164:0:@input_dev	*global_alloc@input_dev
</harden/bcfiles/linux_bcfiles/kbdi.bc>:usb_keyboard_probe:153:0:@input_dev	</harden/bcfiles/linux_bcfiles/kbdi.bc>:usb_keyboard_probe:166:0:@input_dev	*global_alloc@input_dev
</harden/bcfiles/linux_bcfiles/kbdi.bc>:usb_keyboard_probe:153:0:@input_dev	</harden/bcfiles/linux_bcfiles/kbdi.bc>:usb_keyboard_probe:168:0:@input_dev	*global_alloc@input_dev
</harden/bcfiles/linux_bcfiles/kbdi.bc>:usb_keyboard_probe:153:0:@input_dev	</harden/bcfiles/linux_bcfiles/kbdi.bc>:usb_keyboard_probe:170:0:@input_dev	*global_alloc@input_dev
</harden/bcfiles/linux_bcfiles/kbdi.bc>:usb_keyboard_probe:153:0:@input_dev	</harden/bcfiles/linux_bcfiles/kbdi.bc>:usb_keyboard_disconnect:3:0:@input_dev	*global_alloc@input_dev
</harden/bcfiles/linux_bcfiles/kbdi.bc>:usb_keyboard_probe:153:0:@input_dev	</harden/bcfiles/linux_bcfiles/kbdi.bc>:usb_keyboard_disconnect:6:0:@input_dev	*global_alloc@input_dev
</harden/bcfiles/linux_bcfiles/kbdi.bc>:usb_keyboard_probe:153:0:@input_dev	</harden/bcfiles/linux_bcfiles/kbdi.bc>:usb_keyboard_disconnect:8:0:@input_dev	*global_alloc@input_dev
</harden/bcfiles/linux_bcfiles/kbdi.bc>:usb_keyboard_probe:153:0:@input_dev	</harden/bcfiles/linux_bcfiles/kbdi.bc>:usb_keyboard_disconnect:10:1:@input_dev	*global_alloc@input_dev
</harden/bcfiles/linux_bcfiles/kbdi.bc>:usb_keyboard_probe:164:0:@input_dev	</harden/bcfiles/linux_bcfiles/kbdi.bc>:usb_keyboard_probe:25:0:@input_dev	*global_alloc@input_dev
</harden/bcfiles/linux_bcfiles/kbdi.bc>:usb_keyboard_probe:164:0:@input_dev	</harden/bcfiles/linux_bcfiles/kbdi.bc>:usb_keyboard_probe:26:0:@input_dev	*global_alloc@input_dev
</harden/bcfiles/linux_bcfiles/kbdi.bc>:usb_keyboard_probe:164:0:@input_dev	</harden/bcfiles/linux_bcfiles/kbdi.bc>:usb_keyboard_probe:36:0:@input_dev	*global_alloc@input_dev
</harden/bcfiles/linux_bcfiles/kbdi.bc>:usb_keyboard_probe:164:0:@input_dev	</harden/bcfiles/linux_bcfiles/kbdi.bc>:usb_keyboard_probe:39:0:@input_dev	*global_alloc@input_dev
</harden/bcfiles/linux_bcfiles/kbdi.bc>:usb_keyboard_probe:164:0:@input_dev	</harden/bcfiles/linux_bcfiles/kbdi.bc>:usb_keyboard_probe:44:0:@input_dev	*global_alloc@input_dev
</harden/bcfiles/linux_bcfiles/kbdi.bc>:usb_keyboard_probe:164:0:@input_dev	</harden/bcfiles/linux_bcfiles/kbdi.bc>:usb_keyboard_probe:48:0:@input_dev	*global_alloc@input_dev
</harden/bcfiles/linux_bcfiles/kbdi.bc>:usb_keyboard_probe:164:0:@input_dev	</harden/bcfiles/linux_bcfiles/kbdi.bc>:usb_keyboard_probe:95:0:@input_dev	*global_alloc@input_dev
</harden/bcfiles/linux_bcfiles/kbdi.bc>:usb_keyboard_probe:164:0:@input_dev	</harden/bcfiles/linux_bcfiles/kbdi.bc>:usb_keyboard_probe:142:0:@input_dev	*global_alloc@input_dev
</harden/bcfiles/linux_bcfiles/kbdi.bc>:usb_keyboard_probe:164:0:@input_dev	</harden/bcfiles/linux_bcfiles/kbdi.bc>:usb_keyboard_probe:153:0:@input_dev	*global_alloc@input_dev
</harden/bcfiles/linux_bcfiles/kbdi.bc>:usb_keyboard_probe:164:0:@input_dev	</harden/bcfiles/linux_bcfiles/kbdi.bc>:usb_keyboard_probe:166:0:@input_dev	*global_alloc@input_dev
</harden/bcfiles/linux_bcfiles/kbdi.bc>:usb_keyboard_probe:164:0:@input_dev	</harden/bcfiles/linux_bcfiles/kbdi.bc>:usb_keyboard_probe:168:0:@input_dev	*global_alloc@input_dev
</harden/bcfiles/linux_bcfiles/kbdi.bc>:usb_keyboard_probe:164:0:@input_dev	</harden/bcfiles/linux_bcfiles/kbdi.bc>:usb_keyboard_probe:170:0:@input_dev	*global_alloc@input_dev
</harden/bcfiles/linux_bcfiles/kbdi.bc>:usb_keyboard_probe:164:0:@input_dev	</harden/bcfiles/linux_bcfiles/kbdi.bc>:usb_keyboard_disconnect:3:0:@input_dev	*global_alloc@input_dev
</harden/bcfiles/linux_bcfiles/kbdi.bc>:usb_keyboard_probe:164:0:@input_dev	</harden/bcfiles/linux_bcfiles/kbdi.bc>:usb_keyboard_disconnect:6:0:@input_dev	*global_alloc@input_dev
</harden/bcfiles/linux_bcfiles/kbdi.bc>:usb_keyboard_probe:164:0:@input_dev	</harden/bcfiles/linux_bcfiles/kbdi.bc>:usb_keyboard_disconnect:8:0:@input_dev	*global_alloc@input_dev
</harden/bcfiles/linux_bcfiles/kbdi.bc>:usb_keyboard_probe:164:0:@input_dev	</harden/bcfiles/linux_bcfiles/kbdi.bc>:usb_keyboard_disconnect:10:1:@input_dev	*global_alloc@input_dev
</harden/bcfiles/linux_bcfiles/kbdi.bc>:usb_keyboard_probe:166:0:@input_dev	</harden/bcfiles/linux_bcfiles/kbdi.bc>:usb_keyboard_probe:25:0:@input_dev	*global_alloc@input_dev
</harden/bcfiles/linux_bcfiles/kbdi.bc>:usb_keyboard_probe:166:0:@input_dev	</harden/bcfiles/linux_bcfiles/kbdi.bc>:usb_keyboard_probe:26:0:@input_dev	*global_alloc@input_dev
</harden/bcfiles/linux_bcfiles/kbdi.bc>:usb_keyboard_probe:166:0:@input_dev	</harden/bcfiles/linux_bcfiles/kbdi.bc>:usb_keyboard_probe:36:0:@input_dev	*global_alloc@input_dev
</harden/bcfiles/linux_bcfiles/kbdi.bc>:usb_keyboard_probe:166:0:@input_dev	</harden/bcfiles/linux_bcfiles/kbdi.bc>:usb_keyboard_probe:39:0:@input_dev	*global_alloc@input_dev
</harden/bcfiles/linux_bcfiles/kbdi.bc>:usb_keyboard_probe:166:0:@input_dev	</harden/bcfiles/linux_bcfiles/kbdi.bc>:usb_keyboard_probe:44:0:@input_dev	*global_alloc@input_dev
</harden/bcfiles/linux_bcfiles/kbdi.bc>:usb_keyboard_probe:166:0:@input_dev	</harden/bcfiles/linux_bcfiles/kbdi.bc>:usb_keyboard_probe:48:0:@input_dev	*global_alloc@input_dev
</harden/bcfiles/linux_bcfiles/kbdi.bc>:usb_keyboard_probe:166:0:@input_dev	</harden/bcfiles/linux_bcfiles/kbdi.bc>:usb_keyboard_probe:95:0:@input_dev	*global_alloc@input_dev
</harden/bcfiles/linux_bcfiles/kbdi.bc>:usb_keyboard_probe:166:0:@input_dev	</harden/bcfiles/linux_bcfiles/kbdi.bc>:usb_keyboard_probe:142:0:@input_dev	*global_alloc@input_dev
</harden/bcfiles/linux_bcfiles/kbdi.bc>:usb_keyboard_probe:166:0:@input_dev	</harden/bcfiles/linux_bcfiles/kbdi.bc>:usb_keyboard_probe:153:0:@input_dev	*global_alloc@input_dev
</harden/bcfiles/linux_bcfiles/kbdi.bc>:usb_keyboard_probe:166:0:@input_dev	</harden/bcfiles/linux_bcfiles/kbdi.bc>:usb_keyboard_probe:164:0:@input_dev	*global_alloc@input_dev
</harden/bcfiles/linux_bcfiles/kbdi.bc>:usb_keyboard_probe:166:0:@input_dev	</harden/bcfiles/linux_bcfiles/kbdi.bc>:usb_keyboard_probe:168:0:@input_dev	*global_alloc@input_dev
</harden/bcfiles/linux_bcfiles/kbdi.bc>:usb_keyboard_probe:166:0:@input_dev	</harden/bcfiles/linux_bcfiles/kbdi.bc>:usb_keyboard_probe:170:0:@input_dev	*global_alloc@input_dev
</harden/bcfiles/linux_bcfiles/kbdi.bc>:usb_keyboard_probe:166:0:@input_dev	</harden/bcfiles/linux_bcfiles/kbdi.bc>:usb_keyboard_disconnect:3:0:@input_dev	*global_alloc@input_dev
</harden/bcfiles/linux_bcfiles/kbdi.bc>:usb_keyboard_probe:166:0:@input_dev	</harden/bcfiles/linux_bcfiles/kbdi.bc>:usb_keyboard_disconnect:6:0:@input_dev	*global_alloc@input_dev
</harden/bcfiles/linux_bcfiles/kbdi.bc>:usb_keyboard_probe:166:0:@input_dev	</harden/bcfiles/linux_bcfiles/kbdi.bc>:usb_keyboard_disconnect:8:0:@input_dev	*global_alloc@input_dev
</harden/bcfiles/linux_bcfiles/kbdi.bc>:usb_keyboard_probe:166:0:@input_dev	</harden/bcfiles/linux_bcfiles/kbdi.bc>:usb_keyboard_disconnect:10:1:@input_dev	*global_alloc@input_dev
</harden/bcfiles/linux_bcfiles/kbdi.bc>:usb_keyboard_probe:168:0:@input_dev	</harden/bcfiles/linux_bcfiles/kbdi.bc>:usb_keyboard_probe:25:0:@input_dev	*global_alloc@input_dev
</harden/bcfiles/linux_bcfiles/kbdi.bc>:usb_keyboard_probe:168:0:@input_dev	</harden/bcfiles/linux_bcfiles/kbdi.bc>:usb_keyboard_probe:26:0:@input_dev	*global_alloc@input_dev
</harden/bcfiles/linux_bcfiles/kbdi.bc>:usb_keyboard_probe:168:0:@input_dev	</harden/bcfiles/linux_bcfiles/kbdi.bc>:usb_keyboard_probe:36:0:@input_dev	*global_alloc@input_dev
</harden/bcfiles/linux_bcfiles/kbdi.bc>:usb_keyboard_probe:168:0:@input_dev	</harden/bcfiles/linux_bcfiles/kbdi.bc>:usb_keyboard_probe:39:0:@input_dev	*global_alloc@input_dev
</harden/bcfiles/linux_bcfiles/kbdi.bc>:usb_keyboard_probe:168:0:@input_dev	</harden/bcfiles/linux_bcfiles/kbdi.bc>:usb_keyboard_probe:44:0:@input_dev	*global_alloc@input_dev
</harden/bcfiles/linux_bcfiles/kbdi.bc>:usb_keyboard_probe:168:0:@input_dev	</harden/bcfiles/linux_bcfiles/kbdi.bc>:usb_keyboard_probe:48:0:@input_dev	*global_alloc@input_dev
</harden/bcfiles/linux_bcfiles/kbdi.bc>:usb_keyboard_probe:168:0:@input_dev	</harden/bcfiles/linux_bcfiles/kbdi.bc>:usb_keyboard_probe:95:0:@input_dev	*global_alloc@input_dev
</harden/bcfiles/linux_bcfiles/kbdi.bc>:usb_keyboard_probe:168:0:@input_dev	</harden/bcfiles/linux_bcfiles/kbdi.bc>:usb_keyboard_probe:142:0:@input_dev	*global_alloc@input_dev
</harden/bcfiles/linux_bcfiles/kbdi.bc>:usb_keyboard_probe:168:0:@input_dev	</harden/bcfiles/linux_bcfiles/kbdi.bc>:usb_keyboard_probe:153:0:@input_dev	*global_alloc@input_dev
</harden/bcfiles/linux_bcfiles/kbdi.bc>:usb_keyboard_probe:168:0:@input_dev	</harden/bcfiles/linux_bcfiles/kbdi.bc>:usb_keyboard_probe:164:0:@input_dev	*global_alloc@input_dev
</harden/bcfiles/linux_bcfiles/kbdi.bc>:usb_keyboard_probe:168:0:@input_dev	</harden/bcfiles/linux_bcfiles/kbdi.bc>:usb_keyboard_probe:166:0:@input_dev	*global_alloc@input_dev
</harden/bcfiles/linux_bcfiles/kbdi.bc>:usb_keyboard_probe:168:0:@input_dev	</harden/bcfiles/linux_bcfiles/kbdi.bc>:usb_keyboard_probe:170:0:@input_dev	*global_alloc@input_dev
</harden/bcfiles/linux_bcfiles/kbdi.bc>:usb_keyboard_probe:168:0:@input_dev	</harden/bcfiles/linux_bcfiles/kbdi.bc>:usb_keyboard_disconnect:3:0:@input_dev	*global_alloc@input_dev
</harden/bcfiles/linux_bcfiles/kbdi.bc>:usb_keyboard_probe:168:0:@input_dev	</harden/bcfiles/linux_bcfiles/kbdi.bc>:usb_keyboard_disconnect:6:0:@input_dev	*global_alloc@input_dev
</harden/bcfiles/linux_bcfiles/kbdi.bc>:usb_keyboard_probe:168:0:@input_dev	</harden/bcfiles/linux_bcfiles/kbdi.bc>:usb_keyboard_disconnect:8:0:@input_dev	*global_alloc@input_dev
</harden/bcfiles/linux_bcfiles/kbdi.bc>:usb_keyboard_probe:168:0:@input_dev	</harden/bcfiles/linux_bcfiles/kbdi.bc>:usb_keyboard_disconnect:10:1:@input_dev	*global_alloc@input_dev
</harden/bcfiles/linux_bcfiles/kbdi.bc>:usb_keyboard_probe:170:0:@input_dev	</harden/bcfiles/linux_bcfiles/kbdi.bc>:usb_keyboard_probe:25:0:@input_dev	*global_alloc@input_dev
</harden/bcfiles/linux_bcfiles/kbdi.bc>:usb_keyboard_probe:170:0:@input_dev	</harden/bcfiles/linux_bcfiles/kbdi.bc>:usb_keyboard_probe:26:0:@input_dev	*global_alloc@input_dev
</harden/bcfiles/linux_bcfiles/kbdi.bc>:usb_keyboard_probe:170:0:@input_dev	</harden/bcfiles/linux_bcfiles/kbdi.bc>:usb_keyboard_probe:36:0:@input_dev	*global_alloc@input_dev
</harden/bcfiles/linux_bcfiles/kbdi.bc>:usb_keyboard_probe:170:0:@input_dev	</harden/bcfiles/linux_bcfiles/kbdi.bc>:usb_keyboard_probe:39:0:@input_dev	*global_alloc@input_dev
</harden/bcfiles/linux_bcfiles/kbdi.bc>:usb_keyboard_probe:170:0:@input_dev	</harden/bcfiles/linux_bcfiles/kbdi.bc>:usb_keyboard_probe:44:0:@input_dev	*global_alloc@input_dev
</harden/bcfiles/linux_bcfiles/kbdi.bc>:usb_keyboard_probe:170:0:@input_dev	</harden/bcfiles/linux_bcfiles/kbdi.bc>:usb_keyboard_probe:48:0:@input_dev	*global_alloc@input_dev
</harden/bcfiles/linux_bcfiles/kbdi.bc>:usb_keyboard_probe:170:0:@input_dev	</harden/bcfiles/linux_bcfiles/kbdi.bc>:usb_keyboard_probe:95:0:@input_dev	*global_alloc@input_dev
</harden/bcfiles/linux_bcfiles/kbdi.bc>:usb_keyboard_probe:170:0:@input_dev	</harden/bcfiles/linux_bcfiles/kbdi.bc>:usb_keyboard_probe:142:0:@input_dev	*global_alloc@input_dev
</harden/bcfiles/linux_bcfiles/kbdi.bc>:usb_keyboard_probe:170:0:@input_dev	</harden/bcfiles/linux_bcfiles/kbdi.bc>:usb_keyboard_probe:153:0:@input_dev	*global_alloc@input_dev
</harden/bcfiles/linux_bcfiles/kbdi.bc>:usb_keyboard_probe:170:0:@input_dev	</harden/bcfiles/linux_bcfiles/kbdi.bc>:usb_keyboard_probe:164:0:@input_dev	*global_alloc@input_dev
</harden/bcfiles/linux_bcfiles/kbdi.bc>:usb_keyboard_probe:170:0:@input_dev	</harden/bcfiles/linux_bcfiles/kbdi.bc>:usb_keyboard_probe:166:0:@input_dev	*global_alloc@input_dev
</harden/bcfiles/linux_bcfiles/kbdi.bc>:usb_keyboard_probe:170:0:@input_dev	</harden/bcfiles/linux_bcfiles/kbdi.bc>:usb_keyboard_probe:168:0:@input_dev	*global_alloc@input_dev
</harden/bcfiles/linux_bcfiles/kbdi.bc>:usb_keyboard_probe:170:0:@input_dev	</harden/bcfiles/linux_bcfiles/kbdi.bc>:usb_keyboard_disconnect:3:0:@input_dev	*global_alloc@input_dev
</harden/bcfiles/linux_bcfiles/kbdi.bc>:usb_keyboard_probe:170:0:@input_dev	</harden/bcfiles/linux_bcfiles/kbdi.bc>:usb_keyboard_disconnect:6:0:@input_dev	*global_alloc@input_dev
</harden/bcfiles/linux_bcfiles/kbdi.bc>:usb_keyboard_probe:170:0:@input_dev	</harden/bcfiles/linux_bcfiles/kbdi.bc>:usb_keyboard_disconnect:8:0:@input_dev	*global_alloc@input_dev
</harden/bcfiles/linux_bcfiles/kbdi.bc>:usb_keyboard_probe:170:0:@input_dev	</harden/bcfiles/linux_bcfiles/kbdi.bc>:usb_keyboard_disconnect:10:1:@input_dev	*global_alloc@input_dev
</harden/bcfiles/linux_bcfiles/kbdi.bc>:usb_keyboard_disconnect:3:0:@input_dev	</harden/bcfiles/linux_bcfiles/kbdi.bc>:usb_keyboard_probe:25:0:@input_dev	*global_alloc@input_dev
</harden/bcfiles/linux_bcfiles/kbdi.bc>:usb_keyboard_disconnect:3:0:@input_dev	</harden/bcfiles/linux_bcfiles/kbdi.bc>:usb_keyboard_probe:26:0:@input_dev	*global_alloc@input_dev
</harden/bcfiles/linux_bcfiles/kbdi.bc>:usb_keyboard_disconnect:3:0:@input_dev	</harden/bcfiles/linux_bcfiles/kbdi.bc>:usb_keyboard_probe:36:0:@input_dev	*global_alloc@input_dev
</harden/bcfiles/linux_bcfiles/kbdi.bc>:usb_keyboard_disconnect:3:0:@input_dev	</harden/bcfiles/linux_bcfiles/kbdi.bc>:usb_keyboard_probe:39:0:@input_dev	*global_alloc@input_dev
</harden/bcfiles/linux_bcfiles/kbdi.bc>:usb_keyboard_disconnect:3:0:@input_dev	</harden/bcfiles/linux_bcfiles/kbdi.bc>:usb_keyboard_probe:44:0:@input_dev	*global_alloc@input_dev
</harden/bcfiles/linux_bcfiles/kbdi.bc>:usb_keyboard_disconnect:3:0:@input_dev	</harden/bcfiles/linux_bcfiles/kbdi.bc>:usb_keyboard_probe:48:0:@input_dev	*global_alloc@input_dev
</harden/bcfiles/linux_bcfiles/kbdi.bc>:usb_keyboard_disconnect:3:0:@input_dev	</harden/bcfiles/linux_bcfiles/kbdi.bc>:usb_keyboard_probe:95:0:@input_dev	*global_alloc@input_dev
</harden/bcfiles/linux_bcfiles/kbdi.bc>:usb_keyboard_disconnect:3:0:@input_dev	</harden/bcfiles/linux_bcfiles/kbdi.bc>:usb_keyboard_probe:142:0:@input_dev	*global_alloc@input_dev
</harden/bcfiles/linux_bcfiles/kbdi.bc>:usb_keyboard_disconnect:3:0:@input_dev	</harden/bcfiles/linux_bcfiles/kbdi.bc>:usb_keyboard_probe:153:0:@input_dev	*global_alloc@input_dev
</harden/bcfiles/linux_bcfiles/kbdi.bc>:usb_keyboard_disconnect:3:0:@input_dev	</harden/bcfiles/linux_bcfiles/kbdi.bc>:usb_keyboard_probe:164:0:@input_dev	*global_alloc@input_dev
</harden/bcfiles/linux_bcfiles/kbdi.bc>:usb_keyboard_disconnect:3:0:@input_dev	</harden/bcfiles/linux_bcfiles/kbdi.bc>:usb_keyboard_probe:166:0:@input_dev	*global_alloc@input_dev
</harden/bcfiles/linux_bcfiles/kbdi.bc>:usb_keyboard_disconnect:3:0:@input_dev	</harden/bcfiles/linux_bcfiles/kbdi.bc>:usb_keyboard_probe:168:0:@input_dev	*global_alloc@input_dev
</harden/bcfiles/linux_bcfiles/kbdi.bc>:usb_keyboard_disconnect:3:0:@input_dev	</harden/bcfiles/linux_bcfiles/kbdi.bc>:usb_keyboard_probe:170:0:@input_dev	*global_alloc@input_dev
</harden/bcfiles/linux_bcfiles/kbdi.bc>:usb_keyboard_disconnect:3:0:@input_dev	</harden/bcfiles/linux_bcfiles/kbdi.bc>:usb_keyboard_disconnect:6:0:@input_dev	*global_alloc@input_dev
</harden/bcfiles/linux_bcfiles/kbdi.bc>:usb_keyboard_disconnect:3:0:@input_dev	</harden/bcfiles/linux_bcfiles/kbdi.bc>:usb_keyboard_disconnect:8:0:@input_dev	*global_alloc@input_dev
</harden/bcfiles/linux_bcfiles/kbdi.bc>:usb_keyboard_disconnect:3:0:@input_dev	</harden/bcfiles/linux_bcfiles/kbdi.bc>:usb_keyboard_disconnect:10:1:@input_dev	*global_alloc@input_dev
</harden/bcfiles/linux_bcfiles/kbdi.bc>:usb_keyboard_disconnect:6:0:@input_dev	</harden/bcfiles/linux_bcfiles/kbdi.bc>:usb_keyboard_probe:25:0:@input_dev	*global_alloc@input_dev
</harden/bcfiles/linux_bcfiles/kbdi.bc>:usb_keyboard_disconnect:6:0:@input_dev	</harden/bcfiles/linux_bcfiles/kbdi.bc>:usb_keyboard_probe:26:0:@input_dev	*global_alloc@input_dev
</harden/bcfiles/linux_bcfiles/kbdi.bc>:usb_keyboard_disconnect:6:0:@input_dev	</harden/bcfiles/linux_bcfiles/kbdi.bc>:usb_keyboard_probe:36:0:@input_dev	*global_alloc@input_dev
</harden/bcfiles/linux_bcfiles/kbdi.bc>:usb_keyboard_disconnect:6:0:@input_dev	</harden/bcfiles/linux_bcfiles/kbdi.bc>:usb_keyboard_probe:39:0:@input_dev	*global_alloc@input_dev
</harden/bcfiles/linux_bcfiles/kbdi.bc>:usb_keyboard_disconnect:6:0:@input_dev	</harden/bcfiles/linux_bcfiles/kbdi.bc>:usb_keyboard_probe:44:0:@input_dev	*global_alloc@input_dev
</harden/bcfiles/linux_bcfiles/kbdi.bc>:usb_keyboard_disconnect:6:0:@input_dev	</harden/bcfiles/linux_bcfiles/kbdi.bc>:usb_keyboard_probe:48:0:@input_dev	*global_alloc@input_dev
</harden/bcfiles/linux_bcfiles/kbdi.bc>:usb_keyboard_disconnect:6:0:@input_dev	</harden/bcfiles/linux_bcfiles/kbdi.bc>:usb_keyboard_probe:95:0:@input_dev	*global_alloc@input_dev
</harden/bcfiles/linux_bcfiles/kbdi.bc>:usb_keyboard_disconnect:6:0:@input_dev	</harden/bcfiles/linux_bcfiles/kbdi.bc>:usb_keyboard_probe:142:0:@input_dev	*global_alloc@input_dev
</harden/bcfiles/linux_bcfiles/kbdi.bc>:usb_keyboard_disconnect:6:0:@input_dev	</harden/bcfiles/linux_bcfiles/kbdi.bc>:usb_keyboard_probe:153:0:@input_dev	*global_alloc@input_dev
</harden/bcfiles/linux_bcfiles/kbdi.bc>:usb_keyboard_disconnect:6:0:@input_dev	</harden/bcfiles/linux_bcfiles/kbdi.bc>:usb_keyboard_probe:164:0:@input_dev	*global_alloc@input_dev
</harden/bcfiles/linux_bcfiles/kbdi.bc>:usb_keyboard_disconnect:6:0:@input_dev	</harden/bcfiles/linux_bcfiles/kbdi.bc>:usb_keyboard_probe:166:0:@input_dev	*global_alloc@input_dev
</harden/bcfiles/linux_bcfiles/kbdi.bc>:usb_keyboard_disconnect:6:0:@input_dev	</harden/bcfiles/linux_bcfiles/kbdi.bc>:usb_keyboard_probe:168:0:@input_dev	*global_alloc@input_dev
</harden/bcfiles/linux_bcfiles/kbdi.bc>:usb_keyboard_disconnect:6:0:@input_dev	</harden/bcfiles/linux_bcfiles/kbdi.bc>:usb_keyboard_probe:170:0:@input_dev	*global_alloc@input_dev
</harden/bcfiles/linux_bcfiles/kbdi.bc>:usb_keyboard_disconnect:6:0:@input_dev	</harden/bcfiles/linux_bcfiles/kbdi.bc>:usb_keyboard_disconnect:3:0:@input_dev	*global_alloc@input_dev
</harden/bcfiles/linux_bcfiles/kbdi.bc>:usb_keyboard_disconnect:6:0:@input_dev	</harden/bcfiles/linux_bcfiles/kbdi.bc>:usb_keyboard_disconnect:8:0:@input_dev	*global_alloc@input_dev
</harden/bcfiles/linux_bcfiles/kbdi.bc>:usb_keyboard_disconnect:6:0:@input_dev	</harden/bcfiles/linux_bcfiles/kbdi.bc>:usb_keyboard_disconnect:10:1:@input_dev	*global_alloc@input_dev
</harden/bcfiles/linux_bcfiles/kbdi.bc>:usb_keyboard_disconnect:8:0:@input_dev	</harden/bcfiles/linux_bcfiles/kbdi.bc>:usb_keyboard_probe:25:0:@input_dev	*global_alloc@input_dev
</harden/bcfiles/linux_bcfiles/kbdi.bc>:usb_keyboard_disconnect:8:0:@input_dev	</harden/bcfiles/linux_bcfiles/kbdi.bc>:usb_keyboard_probe:26:0:@input_dev	*global_alloc@input_dev
</harden/bcfiles/linux_bcfiles/kbdi.bc>:usb_keyboard_disconnect:8:0:@input_dev	</harden/bcfiles/linux_bcfiles/kbdi.bc>:usb_keyboard_probe:36:0:@input_dev	*global_alloc@input_dev
</harden/bcfiles/linux_bcfiles/kbdi.bc>:usb_keyboard_disconnect:8:0:@input_dev	</harden/bcfiles/linux_bcfiles/kbdi.bc>:usb_keyboard_probe:39:0:@input_dev	*global_alloc@input_dev
</harden/bcfiles/linux_bcfiles/kbdi.bc>:usb_keyboard_disconnect:8:0:@input_dev	</harden/bcfiles/linux_bcfiles/kbdi.bc>:usb_keyboard_probe:44:0:@input_dev	*global_alloc@input_dev
</harden/bcfiles/linux_bcfiles/kbdi.bc>:usb_keyboard_disconnect:8:0:@input_dev	</harden/bcfiles/linux_bcfiles/kbdi.bc>:usb_keyboard_probe:48:0:@input_dev	*global_alloc@input_dev
</harden/bcfiles/linux_bcfiles/kbdi.bc>:usb_keyboard_disconnect:8:0:@input_dev	</harden/bcfiles/linux_bcfiles/kbdi.bc>:usb_keyboard_probe:95:0:@input_dev	*global_alloc@input_dev
</harden/bcfiles/linux_bcfiles/kbdi.bc>:usb_keyboard_disconnect:8:0:@input_dev	</harden/bcfiles/linux_bcfiles/kbdi.bc>:usb_keyboard_probe:142:0:@input_dev	*global_alloc@input_dev
</harden/bcfiles/linux_bcfiles/kbdi.bc>:usb_keyboard_disconnect:8:0:@input_dev	</harden/bcfiles/linux_bcfiles/kbdi.bc>:usb_keyboard_probe:153:0:@input_dev	*global_alloc@input_dev
</harden/bcfiles/linux_bcfiles/kbdi.bc>:usb_keyboard_disconnect:8:0:@input_dev	</harden/bcfiles/linux_bcfiles/kbdi.bc>:usb_keyboard_probe:164:0:@input_dev	*global_alloc@input_dev
</harden/bcfiles/linux_bcfiles/kbdi.bc>:usb_keyboard_disconnect:8:0:@input_dev	</harden/bcfiles/linux_bcfiles/kbdi.bc>:usb_keyboard_probe:166:0:@input_dev	*global_alloc@input_dev
</harden/bcfiles/linux_bcfiles/kbdi.bc>:usb_keyboard_disconnect:8:0:@input_dev	</harden/bcfiles/linux_bcfiles/kbdi.bc>:usb_keyboard_probe:168:0:@input_dev	*global_alloc@input_dev
</harden/bcfiles/linux_bcfiles/kbdi.bc>:usb_keyboard_disconnect:8:0:@input_dev	</harden/bcfiles/linux_bcfiles/kbdi.bc>:usb_keyboard_probe:170:0:@input_dev	*global_alloc@input_dev
</harden/bcfiles/linux_bcfiles/kbdi.bc>:usb_keyboard_disconnect:8:0:@input_dev	</harden/bcfiles/linux_bcfiles/kbdi.bc>:usb_keyboard_disconnect:3:0:@input_dev	*global_alloc@input_dev
</harden/bcfiles/linux_bcfiles/kbdi.bc>:usb_keyboard_disconnect:8:0:@input_dev	</harden/bcfiles/linux_bcfiles/kbdi.bc>:usb_keyboard_disconnect:6:0:@input_dev	*global_alloc@input_dev
</harden/bcfiles/linux_bcfiles/kbdi.bc>:usb_keyboard_disconnect:8:0:@input_dev	</harden/bcfiles/linux_bcfiles/kbdi.bc>:usb_keyboard_disconnect:10:1:@input_dev	*global_alloc@input_dev
</harden/bcfiles/linux_bcfiles/kbdi.bc>:usb_keyboard_disconnect:10:1:@input_dev	</harden/bcfiles/linux_bcfiles/kbdi.bc>:usb_keyboard_probe:25:0:@input_dev	*global_alloc@input_dev
</harden/bcfiles/linux_bcfiles/kbdi.bc>:usb_keyboard_disconnect:10:1:@input_dev	</harden/bcfiles/linux_bcfiles/kbdi.bc>:usb_keyboard_probe:26:0:@input_dev	*global_alloc@input_dev
</harden/bcfiles/linux_bcfiles/kbdi.bc>:usb_keyboard_disconnect:10:1:@input_dev	</harden/bcfiles/linux_bcfiles/kbdi.bc>:usb_keyboard_probe:36:0:@input_dev	*global_alloc@input_dev
</harden/bcfiles/linux_bcfiles/kbdi.bc>:usb_keyboard_disconnect:10:1:@input_dev	</harden/bcfiles/linux_bcfiles/kbdi.bc>:usb_keyboard_probe:39:0:@input_dev	*global_alloc@input_dev
</harden/bcfiles/linux_bcfiles/kbdi.bc>:usb_keyboard_disconnect:10:1:@input_dev	</harden/bcfiles/linux_bcfiles/kbdi.bc>:usb_keyboard_probe:44:0:@input_dev	*global_alloc@input_dev
</harden/bcfiles/linux_bcfiles/kbdi.bc>:usb_keyboard_disconnect:10:1:@input_dev	</harden/bcfiles/linux_bcfiles/kbdi.bc>:usb_keyboard_probe:48:0:@input_dev	*global_alloc@input_dev
</harden/bcfiles/linux_bcfiles/kbdi.bc>:usb_keyboard_disconnect:10:1:@input_dev	</harden/bcfiles/linux_bcfiles/kbdi.bc>:usb_keyboard_probe:95:0:@input_dev	*global_alloc@input_dev
</harden/bcfiles/linux_bcfiles/kbdi.bc>:usb_keyboard_disconnect:10:1:@input_dev	</harden/bcfiles/linux_bcfiles/kbdi.bc>:usb_keyboard_probe:142:0:@input_dev	*global_alloc@input_dev
</harden/bcfiles/linux_bcfiles/kbdi.bc>:usb_keyboard_disconnect:10:1:@input_dev	</harden/bcfiles/linux_bcfiles/kbdi.bc>:usb_keyboard_probe:153:0:@input_dev	*global_alloc@input_dev
</harden/bcfiles/linux_bcfiles/kbdi.bc>:usb_keyboard_disconnect:10:1:@input_dev	</harden/bcfiles/linux_bcfiles/kbdi.bc>:usb_keyboard_probe:164:0:@input_dev	*global_alloc@input_dev
</harden/bcfiles/linux_bcfiles/kbdi.bc>:usb_keyboard_disconnect:10:1:@input_dev	</harden/bcfiles/linux_bcfiles/kbdi.bc>:usb_keyboard_probe:166:0:@input_dev	*global_alloc@input_dev
</harden/bcfiles/linux_bcfiles/kbdi.bc>:usb_keyboard_disconnect:10:1:@input_dev	</harden/bcfiles/linux_bcfiles/kbdi.bc>:usb_keyboard_probe:168:0:@input_dev	*global_alloc@input_dev
</harden/bcfiles/linux_bcfiles/kbdi.bc>:usb_keyboard_disconnect:10:1:@input_dev	</harden/bcfiles/linux_bcfiles/kbdi.bc>:usb_keyboard_probe:170:0:@input_dev	*global_alloc@input_dev
</harden/bcfiles/linux_bcfiles/kbdi.bc>:usb_keyboard_disconnect:10:1:@input_dev	</harden/bcfiles/linux_bcfiles/kbdi.bc>:usb_keyboard_disconnect:3:0:@input_dev	*global_alloc@input_dev
</harden/bcfiles/linux_bcfiles/kbdi.bc>:usb_keyboard_disconnect:10:1:@input_dev	</harden/bcfiles/linux_bcfiles/kbdi.bc>:usb_keyboard_disconnect:6:0:@input_dev	*global_alloc@input_dev
</harden/bcfiles/linux_bcfiles/kbdi.bc>:usb_keyboard_disconnect:10:1:@input_dev	</harden/bcfiles/linux_bcfiles/kbdi.bc>:usb_keyboard_disconnect:8:0:@input_dev	*global_alloc@input_dev
