</harden/bcfiles/linux_bcfiles/kbdi.bc>:usb_keyboard_init:0	</harden/bcfiles/linux_bcfiles/kbdi.bc>:usb_register_driver	</harden/bcfiles/linux_bcfiles/kbdi.bc>:usb_keyboard_init:0:1:@keyboard_driver	0
</harden/bcfiles/linux_bcfiles/kbdi.bc>:usb_keyboard_init:0	</harden/bcfiles/linux_bcfiles/kbdi.bc>:usb_register_driver	</harden/bcfiles/linux_bcfiles/kbdi.bc>:usb_keyboard_init:0:2:@__this_module	1
</harden/bcfiles/linux_bcfiles/kbdi.bc>:usb_keyboard_init:0	</harden/bcfiles/linux_bcfiles/kbdi.bc>:usb_register_driver	</harden/bcfiles/linux_bcfiles/kbdi.bc>:usb_keyboard_init:0:3:getelementptr inbounds ([5 x i8], [5 x i8]* @.str, i64 0, i64 0)	2
</harden/bcfiles/linux_bcfiles/kbdi.bc>:usb_keyboard_exit:0	</harden/bcfiles/linux_bcfiles/kbdi.bc>:usb_deregister	</harden/bcfiles/linux_bcfiles/kbdi.bc>:usb_keyboard_exit:0:1:@keyboard_driver	0
</harden/bcfiles/linux_bcfiles/kbdi.bc>:usb_keyboard_probe:20	</harden/bcfiles/linux_bcfiles/kbdi.bc>:llvm.dbg.declare	</harden/bcfiles/linux_bcfiles/kbdi.bc>:usb_keyboard_probe:%struct.usb_interface** %16	0
</harden/bcfiles/linux_bcfiles/kbdi.bc>:usb_keyboard_probe:20	</harden/bcfiles/linux_bcfiles/kbdi.bc>:llvm.dbg.declare	</harden/bcfiles/linux_bcfiles/kbdi.bc>:usb_keyboard_probe:!4666	1
</harden/bcfiles/linux_bcfiles/kbdi.bc>:usb_keyboard_probe:20	</harden/bcfiles/linux_bcfiles/kbdi.bc>:llvm.dbg.declare	</harden/bcfiles/linux_bcfiles/kbdi.bc>:usb_keyboard_probe:!DIExpression()	2
</harden/bcfiles/linux_bcfiles/kbdi.bc>:usb_keyboard_probe:22	</harden/bcfiles/linux_bcfiles/kbdi.bc>:llvm.dbg.declare	</harden/bcfiles/linux_bcfiles/kbdi.bc>:usb_keyboard_probe:!DIExpression()	2
</harden/bcfiles/linux_bcfiles/kbdi.bc>:usb_keyboard_probe:22	</harden/bcfiles/linux_bcfiles/kbdi.bc>:llvm.dbg.declare	</harden/bcfiles/linux_bcfiles/kbdi.bc>:usb_keyboard_probe:%struct.usb_device_id** %17	0
</harden/bcfiles/linux_bcfiles/kbdi.bc>:usb_keyboard_probe:22	</harden/bcfiles/linux_bcfiles/kbdi.bc>:llvm.dbg.declare	</harden/bcfiles/linux_bcfiles/kbdi.bc>:usb_keyboard_probe:!4668	1
</harden/bcfiles/linux_bcfiles/kbdi.bc>:usb_keyboard_probe:23	</harden/bcfiles/linux_bcfiles/kbdi.bc>:llvm.dbg.declare	</harden/bcfiles/linux_bcfiles/kbdi.bc>:usb_keyboard_probe:!DIExpression()	2
</harden/bcfiles/linux_bcfiles/kbdi.bc>:usb_keyboard_probe:23	</harden/bcfiles/linux_bcfiles/kbdi.bc>:llvm.dbg.declare	</harden/bcfiles/linux_bcfiles/kbdi.bc>:usb_keyboard_probe:i32* %18	0
</harden/bcfiles/linux_bcfiles/kbdi.bc>:usb_keyboard_probe:23	</harden/bcfiles/linux_bcfiles/kbdi.bc>:llvm.dbg.declare	</harden/bcfiles/linux_bcfiles/kbdi.bc>:usb_keyboard_probe:!4670	1
</harden/bcfiles/linux_bcfiles/kbdi.bc>:usb_keyboard_probe:31	</harden/bcfiles/linux_bcfiles/kbdi.bc>:_printk	</harden/bcfiles/linux_bcfiles/kbdi.bc>:usb_keyboard_probe:31:1:getelementptr inbounds ([35 x i8], [35 x i8]* @.str.2, i64 0, i64 0)	0
</harden/bcfiles/linux_bcfiles/kbdi.bc>:usb_keyboard_probe:52	</harden/bcfiles/linux_bcfiles/kbdi.bc>:llvm.dbg.declare	</harden/bcfiles/linux_bcfiles/kbdi.bc>:usb_keyboard_probe:!DIExpression()	2
</harden/bcfiles/linux_bcfiles/kbdi.bc>:usb_keyboard_probe:52	</harden/bcfiles/linux_bcfiles/kbdi.bc>:llvm.dbg.declare	</harden/bcfiles/linux_bcfiles/kbdi.bc>:usb_keyboard_probe:i64* %11	0
</harden/bcfiles/linux_bcfiles/kbdi.bc>:usb_keyboard_probe:52	</harden/bcfiles/linux_bcfiles/kbdi.bc>:llvm.dbg.declare	</harden/bcfiles/linux_bcfiles/kbdi.bc>:usb_keyboard_probe:!4697	1
</harden/bcfiles/linux_bcfiles/kbdi.bc>:usb_keyboard_probe:54	</harden/bcfiles/linux_bcfiles/kbdi.bc>:llvm.dbg.declare	</harden/bcfiles/linux_bcfiles/kbdi.bc>:usb_keyboard_probe:!DIExpression()	2
</harden/bcfiles/linux_bcfiles/kbdi.bc>:usb_keyboard_probe:54	</harden/bcfiles/linux_bcfiles/kbdi.bc>:llvm.dbg.declare	</harden/bcfiles/linux_bcfiles/kbdi.bc>:usb_keyboard_probe:i64** %12	0
</harden/bcfiles/linux_bcfiles/kbdi.bc>:usb_keyboard_probe:54	</harden/bcfiles/linux_bcfiles/kbdi.bc>:llvm.dbg.declare	</harden/bcfiles/linux_bcfiles/kbdi.bc>:usb_keyboard_probe:!4706	1
</harden/bcfiles/linux_bcfiles/kbdi.bc>:usb_keyboard_probe:61	</harden/bcfiles/linux_bcfiles/kbdi.bc>:llvm.dbg.declare	</harden/bcfiles/linux_bcfiles/kbdi.bc>:usb_keyboard_probe:!DIExpression()	2
</harden/bcfiles/linux_bcfiles/kbdi.bc>:usb_keyboard_probe:61	</harden/bcfiles/linux_bcfiles/kbdi.bc>:llvm.dbg.declare	</harden/bcfiles/linux_bcfiles/kbdi.bc>:usb_keyboard_probe:i8** %9	0
</harden/bcfiles/linux_bcfiles/kbdi.bc>:usb_keyboard_probe:61	</harden/bcfiles/linux_bcfiles/kbdi.bc>:llvm.dbg.declare	</harden/bcfiles/linux_bcfiles/kbdi.bc>:usb_keyboard_probe:!4711	1
</harden/bcfiles/linux_bcfiles/kbdi.bc>:usb_keyboard_probe:63	</harden/bcfiles/linux_bcfiles/kbdi.bc>:llvm.dbg.declare	</harden/bcfiles/linux_bcfiles/kbdi.bc>:usb_keyboard_probe:!DIExpression()	2
</harden/bcfiles/linux_bcfiles/kbdi.bc>:usb_keyboard_probe:63	</harden/bcfiles/linux_bcfiles/kbdi.bc>:llvm.dbg.declare	</harden/bcfiles/linux_bcfiles/kbdi.bc>:usb_keyboard_probe:i64* %10	0
</harden/bcfiles/linux_bcfiles/kbdi.bc>:usb_keyboard_probe:63	</harden/bcfiles/linux_bcfiles/kbdi.bc>:llvm.dbg.declare	</harden/bcfiles/linux_bcfiles/kbdi.bc>:usb_keyboard_probe:!4721	1
</harden/bcfiles/linux_bcfiles/kbdi.bc>:usb_keyboard_probe:67	</harden/bcfiles/linux_bcfiles/kbdi.bc>:kasan_check_write	</harden/bcfiles/linux_bcfiles/kbdi.bc>:usb_keyboard_probe:%48	0
</harden/bcfiles/linux_bcfiles/kbdi.bc>:usb_keyboard_probe:67	</harden/bcfiles/linux_bcfiles/kbdi.bc>:kasan_check_write	</harden/bcfiles/linux_bcfiles/kbdi.bc>:usb_keyboard_probe:%50	1
</harden/bcfiles/linux_bcfiles/kbdi.bc>:usb_keyboard_probe:70	</harden/bcfiles/linux_bcfiles/kbdi.bc>:kcsan_check_access	</harden/bcfiles/linux_bcfiles/kbdi.bc>:usb_keyboard_probe:%52	0
</harden/bcfiles/linux_bcfiles/kbdi.bc>:usb_keyboard_probe:70	</harden/bcfiles/linux_bcfiles/kbdi.bc>:kcsan_check_access	</harden/bcfiles/linux_bcfiles/kbdi.bc>:usb_keyboard_probe:%53	1
</harden/bcfiles/linux_bcfiles/kbdi.bc>:usb_keyboard_probe:70	</harden/bcfiles/linux_bcfiles/kbdi.bc>:kcsan_check_access	</harden/bcfiles/linux_bcfiles/kbdi.bc>:usb_keyboard_probe:70:1:5	2
</harden/bcfiles/linux_bcfiles/kbdi.bc>:usb_keyboard_probe:74	</harden/bcfiles/linux_bcfiles/kbdi.bc>:llvm.dbg.declare	</harden/bcfiles/linux_bcfiles/kbdi.bc>:usb_keyboard_probe:!DIExpression()	2
</harden/bcfiles/linux_bcfiles/kbdi.bc>:usb_keyboard_probe:74	</harden/bcfiles/linux_bcfiles/kbdi.bc>:llvm.dbg.declare	</harden/bcfiles/linux_bcfiles/kbdi.bc>:usb_keyboard_probe:i64* %5	0
</harden/bcfiles/linux_bcfiles/kbdi.bc>:usb_keyboard_probe:74	</harden/bcfiles/linux_bcfiles/kbdi.bc>:llvm.dbg.declare	</harden/bcfiles/linux_bcfiles/kbdi.bc>:usb_keyboard_probe:!4729	1
</harden/bcfiles/linux_bcfiles/kbdi.bc>:usb_keyboard_probe:76	</harden/bcfiles/linux_bcfiles/kbdi.bc>:llvm.dbg.declare	</harden/bcfiles/linux_bcfiles/kbdi.bc>:usb_keyboard_probe:!DIExpression()	2
</harden/bcfiles/linux_bcfiles/kbdi.bc>:usb_keyboard_probe:76	</harden/bcfiles/linux_bcfiles/kbdi.bc>:llvm.dbg.declare	</harden/bcfiles/linux_bcfiles/kbdi.bc>:usb_keyboard_probe:i64** %6	0
</harden/bcfiles/linux_bcfiles/kbdi.bc>:usb_keyboard_probe:76	</harden/bcfiles/linux_bcfiles/kbdi.bc>:llvm.dbg.declare	</harden/bcfiles/linux_bcfiles/kbdi.bc>:usb_keyboard_probe:!4734	1
</harden/bcfiles/linux_bcfiles/kbdi.bc>:usb_keyboard_probe:78	</harden/bcfiles/linux_bcfiles/kbdi.bc>:llvm.is.constant.i64	</harden/bcfiles/linux_bcfiles/kbdi.bc>:usb_keyboard_probe:%56	0
</harden/bcfiles/linux_bcfiles/kbdi.bc>:usb_keyboard_probe:99	</harden/bcfiles/linux_bcfiles/kbdi.bc>:llvm.dbg.declare	</harden/bcfiles/linux_bcfiles/kbdi.bc>:usb_keyboard_probe:!DIExpression()	2
</harden/bcfiles/linux_bcfiles/kbdi.bc>:usb_keyboard_probe:99	</harden/bcfiles/linux_bcfiles/kbdi.bc>:llvm.dbg.declare	</harden/bcfiles/linux_bcfiles/kbdi.bc>:usb_keyboard_probe:!4697	1
</harden/bcfiles/linux_bcfiles/kbdi.bc>:usb_keyboard_probe:99	</harden/bcfiles/linux_bcfiles/kbdi.bc>:llvm.dbg.declare	</harden/bcfiles/linux_bcfiles/kbdi.bc>:usb_keyboard_probe:i64* %13	0
</harden/bcfiles/linux_bcfiles/kbdi.bc>:usb_keyboard_probe:101	</harden/bcfiles/linux_bcfiles/kbdi.bc>:llvm.dbg.declare	</harden/bcfiles/linux_bcfiles/kbdi.bc>:usb_keyboard_probe:!DIExpression()	2
</harden/bcfiles/linux_bcfiles/kbdi.bc>:usb_keyboard_probe:101	</harden/bcfiles/linux_bcfiles/kbdi.bc>:llvm.dbg.declare	</harden/bcfiles/linux_bcfiles/kbdi.bc>:usb_keyboard_probe:!4706	1
</harden/bcfiles/linux_bcfiles/kbdi.bc>:usb_keyboard_probe:101	</harden/bcfiles/linux_bcfiles/kbdi.bc>:llvm.dbg.declare	</harden/bcfiles/linux_bcfiles/kbdi.bc>:usb_keyboard_probe:i64** %14	0
</harden/bcfiles/linux_bcfiles/kbdi.bc>:usb_keyboard_probe:108	</harden/bcfiles/linux_bcfiles/kbdi.bc>:llvm.dbg.declare	</harden/bcfiles/linux_bcfiles/kbdi.bc>:usb_keyboard_probe:!DIExpression()	2
</harden/bcfiles/linux_bcfiles/kbdi.bc>:usb_keyboard_probe:108	</harden/bcfiles/linux_bcfiles/kbdi.bc>:llvm.dbg.declare	</harden/bcfiles/linux_bcfiles/kbdi.bc>:usb_keyboard_probe:!4711	1
</harden/bcfiles/linux_bcfiles/kbdi.bc>:usb_keyboard_probe:108	</harden/bcfiles/linux_bcfiles/kbdi.bc>:llvm.dbg.declare	</harden/bcfiles/linux_bcfiles/kbdi.bc>:usb_keyboard_probe:i8** %7	0
</harden/bcfiles/linux_bcfiles/kbdi.bc>:usb_keyboard_probe:110	</harden/bcfiles/linux_bcfiles/kbdi.bc>:llvm.dbg.declare	</harden/bcfiles/linux_bcfiles/kbdi.bc>:usb_keyboard_probe:!DIExpression()	2
</harden/bcfiles/linux_bcfiles/kbdi.bc>:usb_keyboard_probe:110	</harden/bcfiles/linux_bcfiles/kbdi.bc>:llvm.dbg.declare	</harden/bcfiles/linux_bcfiles/kbdi.bc>:usb_keyboard_probe:!4721	1
</harden/bcfiles/linux_bcfiles/kbdi.bc>:usb_keyboard_probe:110	</harden/bcfiles/linux_bcfiles/kbdi.bc>:llvm.dbg.declare	</harden/bcfiles/linux_bcfiles/kbdi.bc>:usb_keyboard_probe:i64* %8	0
</harden/bcfiles/linux_bcfiles/kbdi.bc>:usb_keyboard_probe:114	</harden/bcfiles/linux_bcfiles/kbdi.bc>:kasan_check_write	</harden/bcfiles/linux_bcfiles/kbdi.bc>:usb_keyboard_probe:%80	0
</harden/bcfiles/linux_bcfiles/kbdi.bc>:usb_keyboard_probe:114	</harden/bcfiles/linux_bcfiles/kbdi.bc>:kasan_check_write	</harden/bcfiles/linux_bcfiles/kbdi.bc>:usb_keyboard_probe:%82	1
</harden/bcfiles/linux_bcfiles/kbdi.bc>:usb_keyboard_probe:117	</harden/bcfiles/linux_bcfiles/kbdi.bc>:kcsan_check_access	</harden/bcfiles/linux_bcfiles/kbdi.bc>:usb_keyboard_probe:%84	0
</harden/bcfiles/linux_bcfiles/kbdi.bc>:usb_keyboard_probe:117	</harden/bcfiles/linux_bcfiles/kbdi.bc>:kcsan_check_access	</harden/bcfiles/linux_bcfiles/kbdi.bc>:usb_keyboard_probe:%85	1
</harden/bcfiles/linux_bcfiles/kbdi.bc>:usb_keyboard_probe:117	</harden/bcfiles/linux_bcfiles/kbdi.bc>:kcsan_check_access	</harden/bcfiles/linux_bcfiles/kbdi.bc>:usb_keyboard_probe:117:1:5	2
</harden/bcfiles/linux_bcfiles/kbdi.bc>:usb_keyboard_probe:121	</harden/bcfiles/linux_bcfiles/kbdi.bc>:llvm.dbg.declare	</harden/bcfiles/linux_bcfiles/kbdi.bc>:usb_keyboard_probe:!DIExpression()	2
</harden/bcfiles/linux_bcfiles/kbdi.bc>:usb_keyboard_probe:121	</harden/bcfiles/linux_bcfiles/kbdi.bc>:llvm.dbg.declare	</harden/bcfiles/linux_bcfiles/kbdi.bc>:usb_keyboard_probe:!4729	1
</harden/bcfiles/linux_bcfiles/kbdi.bc>:usb_keyboard_probe:121	</harden/bcfiles/linux_bcfiles/kbdi.bc>:llvm.dbg.declare	</harden/bcfiles/linux_bcfiles/kbdi.bc>:usb_keyboard_probe:i64* %3	0
</harden/bcfiles/linux_bcfiles/kbdi.bc>:usb_keyboard_probe:123	</harden/bcfiles/linux_bcfiles/kbdi.bc>:llvm.dbg.declare	</harden/bcfiles/linux_bcfiles/kbdi.bc>:usb_keyboard_probe:!DIExpression()	2
</harden/bcfiles/linux_bcfiles/kbdi.bc>:usb_keyboard_probe:123	</harden/bcfiles/linux_bcfiles/kbdi.bc>:llvm.dbg.declare	</harden/bcfiles/linux_bcfiles/kbdi.bc>:usb_keyboard_probe:!4734	1
</harden/bcfiles/linux_bcfiles/kbdi.bc>:usb_keyboard_probe:123	</harden/bcfiles/linux_bcfiles/kbdi.bc>:llvm.dbg.declare	</harden/bcfiles/linux_bcfiles/kbdi.bc>:usb_keyboard_probe:i64** %4	0
</harden/bcfiles/linux_bcfiles/kbdi.bc>:usb_keyboard_probe:125	</harden/bcfiles/linux_bcfiles/kbdi.bc>:llvm.is.constant.i64	</harden/bcfiles/linux_bcfiles/kbdi.bc>:usb_keyboard_probe:%88	0
</harden/bcfiles/linux_bcfiles/kbdi.bc>:usb_keyboard_probe:143	</harden/bcfiles/linux_bcfiles/kbdi.bc>:input_register_device	</harden/bcfiles/linux_bcfiles/kbdi.bc>:usb_keyboard_probe:%104	0
</harden/bcfiles/linux_bcfiles/kbdi.bc>:usb_keyboard_probe:150	</harden/bcfiles/linux_bcfiles/kbdi.bc>:_printk	</harden/bcfiles/linux_bcfiles/kbdi.bc>:usb_keyboard_probe:150:1:getelementptr inbounds ([35 x i8], [35 x i8]* @.str.5, i64 0, i64 0)	0
</harden/bcfiles/linux_bcfiles/kbdi.bc>:usb_keyboard_probe:154	</harden/bcfiles/linux_bcfiles/kbdi.bc>:input_free_device	</harden/bcfiles/linux_bcfiles/kbdi.bc>:usb_keyboard_probe:%113	0
</harden/bcfiles/linux_bcfiles/kbdi.bc>:usb_keyboard_probe:158	</harden/bcfiles/linux_bcfiles/kbdi.bc>:llvm.dbg.declare	</harden/bcfiles/linux_bcfiles/kbdi.bc>:usb_keyboard_probe:!DIExpression()	2
</harden/bcfiles/linux_bcfiles/kbdi.bc>:usb_keyboard_probe:158	</harden/bcfiles/linux_bcfiles/kbdi.bc>:llvm.dbg.declare	</harden/bcfiles/linux_bcfiles/kbdi.bc>:usb_keyboard_probe:i32* %21	0
</harden/bcfiles/linux_bcfiles/kbdi.bc>:usb_keyboard_probe:158	</harden/bcfiles/linux_bcfiles/kbdi.bc>:llvm.dbg.declare	</harden/bcfiles/linux_bcfiles/kbdi.bc>:usb_keyboard_probe:!4796	1
</harden/bcfiles/linux_bcfiles/kbdi.bc>:usb_keyboard_probe:165	</harden/bcfiles/linux_bcfiles/kbdi.bc>:input_report_key	</harden/bcfiles/linux_bcfiles/kbdi.bc>:usb_keyboard_probe:%120	0
</harden/bcfiles/linux_bcfiles/kbdi.bc>:usb_keyboard_probe:165	</harden/bcfiles/linux_bcfiles/kbdi.bc>:input_report_key	</harden/bcfiles/linux_bcfiles/kbdi.bc>:usb_keyboard_probe:165:1:30	1
</harden/bcfiles/linux_bcfiles/kbdi.bc>:usb_keyboard_probe:165	</harden/bcfiles/linux_bcfiles/kbdi.bc>:input_report_key	</harden/bcfiles/linux_bcfiles/kbdi.bc>:usb_keyboard_probe:165:2:1	2
</harden/bcfiles/linux_bcfiles/kbdi.bc>:usb_keyboard_probe:167	</harden/bcfiles/linux_bcfiles/kbdi.bc>:input_sync	</harden/bcfiles/linux_bcfiles/kbdi.bc>:usb_keyboard_probe:%121	0
</harden/bcfiles/linux_bcfiles/kbdi.bc>:usb_keyboard_probe:169	</harden/bcfiles/linux_bcfiles/kbdi.bc>:input_report_key	</harden/bcfiles/linux_bcfiles/kbdi.bc>:usb_keyboard_probe:%122	0
</harden/bcfiles/linux_bcfiles/kbdi.bc>:usb_keyboard_probe:169	</harden/bcfiles/linux_bcfiles/kbdi.bc>:input_report_key	</harden/bcfiles/linux_bcfiles/kbdi.bc>:usb_keyboard_probe:169:1:30	1
</harden/bcfiles/linux_bcfiles/kbdi.bc>:usb_keyboard_probe:169	</harden/bcfiles/linux_bcfiles/kbdi.bc>:input_report_key	</harden/bcfiles/linux_bcfiles/kbdi.bc>:usb_keyboard_probe:169:2:0	2
</harden/bcfiles/linux_bcfiles/kbdi.bc>:usb_keyboard_probe:171	</harden/bcfiles/linux_bcfiles/kbdi.bc>:input_sync	</harden/bcfiles/linux_bcfiles/kbdi.bc>:usb_keyboard_probe:%123	0
</harden/bcfiles/linux_bcfiles/kbdi.bc>:usb_keyboard_disconnect:2	</harden/bcfiles/linux_bcfiles/kbdi.bc>:llvm.dbg.declare	</harden/bcfiles/linux_bcfiles/kbdi.bc>:usb_keyboard_disconnect:%struct.usb_interface** %2	0
</harden/bcfiles/linux_bcfiles/kbdi.bc>:usb_keyboard_disconnect:2	</harden/bcfiles/linux_bcfiles/kbdi.bc>:llvm.dbg.declare	</harden/bcfiles/linux_bcfiles/kbdi.bc>:usb_keyboard_disconnect:!4821	1
</harden/bcfiles/linux_bcfiles/kbdi.bc>:usb_keyboard_disconnect:2	</harden/bcfiles/linux_bcfiles/kbdi.bc>:llvm.dbg.declare	</harden/bcfiles/linux_bcfiles/kbdi.bc>:usb_keyboard_disconnect:!DIExpression()	2
</harden/bcfiles/linux_bcfiles/kbdi.bc>:usb_keyboard_disconnect:7	</harden/bcfiles/linux_bcfiles/kbdi.bc>:input_unregister_device	</harden/bcfiles/linux_bcfiles/kbdi.bc>:usb_keyboard_disconnect:%6	0
</harden/bcfiles/linux_bcfiles/kbdi.bc>:usb_keyboard_disconnect:9	</harden/bcfiles/linux_bcfiles/kbdi.bc>:input_free_device	</harden/bcfiles/linux_bcfiles/kbdi.bc>:usb_keyboard_disconnect:%7	0
</harden/bcfiles/linux_bcfiles/kbdi.bc>:input_report_key:4	</harden/bcfiles/linux_bcfiles/kbdi.bc>:llvm.dbg.declare	</harden/bcfiles/linux_bcfiles/kbdi.bc>:input_report_key:%struct.input_dev** %4	0
</harden/bcfiles/linux_bcfiles/kbdi.bc>:input_report_key:4	</harden/bcfiles/linux_bcfiles/kbdi.bc>:llvm.dbg.declare	</harden/bcfiles/linux_bcfiles/kbdi.bc>:input_report_key:!4837	1
</harden/bcfiles/linux_bcfiles/kbdi.bc>:input_report_key:4	</harden/bcfiles/linux_bcfiles/kbdi.bc>:llvm.dbg.declare	</harden/bcfiles/linux_bcfiles/kbdi.bc>:input_report_key:!DIExpression()	2
</harden/bcfiles/linux_bcfiles/kbdi.bc>:input_report_key:6	</harden/bcfiles/linux_bcfiles/kbdi.bc>:llvm.dbg.declare	</harden/bcfiles/linux_bcfiles/kbdi.bc>:input_report_key:!DIExpression()	2
</harden/bcfiles/linux_bcfiles/kbdi.bc>:input_report_key:6	</harden/bcfiles/linux_bcfiles/kbdi.bc>:llvm.dbg.declare	</harden/bcfiles/linux_bcfiles/kbdi.bc>:input_report_key:i32* %5	0
</harden/bcfiles/linux_bcfiles/kbdi.bc>:input_report_key:6	</harden/bcfiles/linux_bcfiles/kbdi.bc>:llvm.dbg.declare	</harden/bcfiles/linux_bcfiles/kbdi.bc>:input_report_key:!4839	1
</harden/bcfiles/linux_bcfiles/kbdi.bc>:input_report_key:8	</harden/bcfiles/linux_bcfiles/kbdi.bc>:llvm.dbg.declare	</harden/bcfiles/linux_bcfiles/kbdi.bc>:input_report_key:!DIExpression()	2
</harden/bcfiles/linux_bcfiles/kbdi.bc>:input_report_key:8	</harden/bcfiles/linux_bcfiles/kbdi.bc>:llvm.dbg.declare	</harden/bcfiles/linux_bcfiles/kbdi.bc>:input_report_key:i32* %6	0
</harden/bcfiles/linux_bcfiles/kbdi.bc>:input_report_key:8	</harden/bcfiles/linux_bcfiles/kbdi.bc>:llvm.dbg.declare	</harden/bcfiles/linux_bcfiles/kbdi.bc>:input_report_key:!4841	1
</harden/bcfiles/linux_bcfiles/kbdi.bc>:input_report_key:16	</harden/bcfiles/linux_bcfiles/kbdi.bc>:input_event	</harden/bcfiles/linux_bcfiles/kbdi.bc>:input_report_key:%7	0
</harden/bcfiles/linux_bcfiles/kbdi.bc>:input_report_key:16	</harden/bcfiles/linux_bcfiles/kbdi.bc>:input_event	</harden/bcfiles/linux_bcfiles/kbdi.bc>:input_report_key:16:1:1	1
</harden/bcfiles/linux_bcfiles/kbdi.bc>:input_report_key:16	</harden/bcfiles/linux_bcfiles/kbdi.bc>:input_event	</harden/bcfiles/linux_bcfiles/kbdi.bc>:input_report_key:%8	2
</harden/bcfiles/linux_bcfiles/kbdi.bc>:input_report_key:16	</harden/bcfiles/linux_bcfiles/kbdi.bc>:input_event	</harden/bcfiles/linux_bcfiles/kbdi.bc>:input_report_key:%13	3
</harden/bcfiles/linux_bcfiles/kbdi.bc>:input_sync:2	</harden/bcfiles/linux_bcfiles/kbdi.bc>:llvm.dbg.declare	</harden/bcfiles/linux_bcfiles/kbdi.bc>:input_sync:%struct.input_dev** %2	0
</harden/bcfiles/linux_bcfiles/kbdi.bc>:input_sync:2	</harden/bcfiles/linux_bcfiles/kbdi.bc>:llvm.dbg.declare	</harden/bcfiles/linux_bcfiles/kbdi.bc>:input_sync:!4851	1
</harden/bcfiles/linux_bcfiles/kbdi.bc>:input_sync:2	</harden/bcfiles/linux_bcfiles/kbdi.bc>:llvm.dbg.declare	</harden/bcfiles/linux_bcfiles/kbdi.bc>:input_sync:!DIExpression()	2
</harden/bcfiles/linux_bcfiles/kbdi.bc>:input_sync:4	</harden/bcfiles/linux_bcfiles/kbdi.bc>:input_event	</harden/bcfiles/linux_bcfiles/kbdi.bc>:input_sync:%3	0
</harden/bcfiles/linux_bcfiles/kbdi.bc>:input_sync:4	</harden/bcfiles/linux_bcfiles/kbdi.bc>:input_event	</harden/bcfiles/linux_bcfiles/kbdi.bc>:input_sync:4:1:0	1
</harden/bcfiles/linux_bcfiles/kbdi.bc>:input_sync:4	</harden/bcfiles/linux_bcfiles/kbdi.bc>:input_event	</harden/bcfiles/linux_bcfiles/kbdi.bc>:input_sync:4:2:0	2
</harden/bcfiles/linux_bcfiles/kbdi.bc>:input_sync:4	</harden/bcfiles/linux_bcfiles/kbdi.bc>:input_event	</harden/bcfiles/linux_bcfiles/kbdi.bc>:input_sync:4:3:0	3
</harden/bcfiles/linux_bcfiles/kbdi.bc>:kasan_check_write:3	</harden/bcfiles/linux_bcfiles/kbdi.bc>:llvm.dbg.declare	</harden/bcfiles/linux_bcfiles/kbdi.bc>:kasan_check_write:i8** %3	0
</harden/bcfiles/linux_bcfiles/kbdi.bc>:kasan_check_write:3	</harden/bcfiles/linux_bcfiles/kbdi.bc>:llvm.dbg.declare	</harden/bcfiles/linux_bcfiles/kbdi.bc>:kasan_check_write:!4860	1
</harden/bcfiles/linux_bcfiles/kbdi.bc>:kasan_check_write:3	</harden/bcfiles/linux_bcfiles/kbdi.bc>:llvm.dbg.declare	</harden/bcfiles/linux_bcfiles/kbdi.bc>:kasan_check_write:!DIExpression()	2
</harden/bcfiles/linux_bcfiles/kbdi.bc>:kasan_check_write:5	</harden/bcfiles/linux_bcfiles/kbdi.bc>:llvm.dbg.declare	</harden/bcfiles/linux_bcfiles/kbdi.bc>:kasan_check_write:!DIExpression()	2
</harden/bcfiles/linux_bcfiles/kbdi.bc>:kasan_check_write:5	</harden/bcfiles/linux_bcfiles/kbdi.bc>:llvm.dbg.declare	</harden/bcfiles/linux_bcfiles/kbdi.bc>:kasan_check_write:i32* %4	0
</harden/bcfiles/linux_bcfiles/kbdi.bc>:kasan_check_write:5	</harden/bcfiles/linux_bcfiles/kbdi.bc>:llvm.dbg.declare	</harden/bcfiles/linux_bcfiles/kbdi.bc>:kasan_check_write:!4862	1
</harden/bcfiles/linux_bcfiles/kbdi.bc>:kcsan_check_access:4	</harden/bcfiles/linux_bcfiles/kbdi.bc>:llvm.dbg.declare	</harden/bcfiles/linux_bcfiles/kbdi.bc>:kcsan_check_access:i8** %4	0
</harden/bcfiles/linux_bcfiles/kbdi.bc>:kcsan_check_access:4	</harden/bcfiles/linux_bcfiles/kbdi.bc>:llvm.dbg.declare	</harden/bcfiles/linux_bcfiles/kbdi.bc>:kcsan_check_access:!4869	1
</harden/bcfiles/linux_bcfiles/kbdi.bc>:kcsan_check_access:4	</harden/bcfiles/linux_bcfiles/kbdi.bc>:llvm.dbg.declare	</harden/bcfiles/linux_bcfiles/kbdi.bc>:kcsan_check_access:!DIExpression()	2
</harden/bcfiles/linux_bcfiles/kbdi.bc>:kcsan_check_access:6	</harden/bcfiles/linux_bcfiles/kbdi.bc>:llvm.dbg.declare	</harden/bcfiles/linux_bcfiles/kbdi.bc>:kcsan_check_access:!DIExpression()	2
</harden/bcfiles/linux_bcfiles/kbdi.bc>:kcsan_check_access:6	</harden/bcfiles/linux_bcfiles/kbdi.bc>:llvm.dbg.declare	</harden/bcfiles/linux_bcfiles/kbdi.bc>:kcsan_check_access:i64* %5	0
</harden/bcfiles/linux_bcfiles/kbdi.bc>:kcsan_check_access:6	</harden/bcfiles/linux_bcfiles/kbdi.bc>:llvm.dbg.declare	</harden/bcfiles/linux_bcfiles/kbdi.bc>:kcsan_check_access:!4871	1
</harden/bcfiles/linux_bcfiles/kbdi.bc>:kcsan_check_access:8	</harden/bcfiles/linux_bcfiles/kbdi.bc>:llvm.dbg.declare	</harden/bcfiles/linux_bcfiles/kbdi.bc>:kcsan_check_access:!DIExpression()	2
</harden/bcfiles/linux_bcfiles/kbdi.bc>:kcsan_check_access:8	</harden/bcfiles/linux_bcfiles/kbdi.bc>:llvm.dbg.declare	</harden/bcfiles/linux_bcfiles/kbdi.bc>:kcsan_check_access:i32* %6	0
</harden/bcfiles/linux_bcfiles/kbdi.bc>:kcsan_check_access:8	</harden/bcfiles/linux_bcfiles/kbdi.bc>:llvm.dbg.declare	</harden/bcfiles/linux_bcfiles/kbdi.bc>:kcsan_check_access:!4873	1
