</harden/bcfiles/linux_bcfiles/kbdi.bc>:kasan_check_write	</harden/bcfiles/linux_bcfiles/kbdi.bc>:usb_keyboard_probe:%83
</harden/bcfiles/linux_bcfiles/kbdi.bc>:kasan_check_write	</harden/bcfiles/linux_bcfiles/kbdi.bc>:usb_keyboard_probe:%51
</harden/bcfiles/linux_bcfiles/kbdi.bc>:usb_register_driver	</harden/bcfiles/linux_bcfiles/kbdi.bc>:usb_keyboard_init:%1
</harden/bcfiles/linux_bcfiles/kbdi.bc>:input_allocate_device	</harden/bcfiles/linux_bcfiles/kbdi.bc>:usb_keyboard_probe:%22
</harden/bcfiles/linux_bcfiles/kbdi.bc>:_printk	</harden/bcfiles/linux_bcfiles/kbdi.bc>:usb_keyboard_probe:%111
</harden/bcfiles/linux_bcfiles/kbdi.bc>:_printk	</harden/bcfiles/linux_bcfiles/kbdi.bc>:usb_keyboard_probe:%28
</harden/bcfiles/linux_bcfiles/kbdi.bc>:input_register_device	</harden/bcfiles/linux_bcfiles/kbdi.bc>:usb_keyboard_probe:%105
</harden/bcfiles/linux_bcfiles/kbdi.bc>:llvm.is.constant.i64	</harden/bcfiles/linux_bcfiles/kbdi.bc>:usb_keyboard_probe:%57
</harden/bcfiles/linux_bcfiles/kbdi.bc>:llvm.is.constant.i64	</harden/bcfiles/linux_bcfiles/kbdi.bc>:usb_keyboard_probe:%89
