*argv-alloc	i8**
*global_alloc@usb_keyboard_init	i32 ()
*global_alloc@usb_keyboard_exit	void ()
*global_alloc@usb_keyboard_probe	i32 (%struct.usb_interface*, %struct.usb_device_id*)
*global_alloc@usb_keyboard_disconnect	void (%struct.usb_interface*)
*global_alloc@input_report_key	void (%struct.input_dev*, i32, i32)
*global_alloc@input_sync	void (%struct.input_dev*)
*global_alloc@kasan_check_write	i1 (i8*, i32)
*global_alloc@kcsan_check_access	void (i8*, i64, i32)
*global_alloc@usb_register_driver	i32 (%struct.usb_driver*, %struct.module*, i8*)
*global_alloc@llvm.dbg.declare	void (metadata, metadata, metadata)
*global_alloc@input_allocate_device	%struct.input_dev* ()
*global_alloc@_printk	i32 (i8*, ...)
*global_alloc@input_register_device	i32 (%struct.input_dev*)
*global_alloc@input_free_device	void (%struct.input_dev*)
*global_alloc@llvm.is.constant.i64	i1 (i64)
*global_alloc@input_event	void (%struct.input_dev*, i32, i32, i32)
*global_alloc@input_unregister_device	void (%struct.input_dev*)
*global_alloc@usb_deregister	void (%struct.usb_driver*)
*global_alloc@id_table	[2 x %struct.usb_device_id]
*global_alloc@__UNIQUE_ID___addressable_init_module237	i8*
*global_alloc@__UNIQUE_ID___addressable_cleanup_module238	i8*
*global_alloc@__UNIQUE_ID_license239	[12 x i8]
*global_alloc@__UNIQUE_ID_author240	[18 x i8]
*global_alloc@__UNIQUE_ID_description241	[32 x i8]
*global_alloc@keyboard_driver	%struct.usb_driver
*global_alloc@__this_module	%struct.module
*global_alloc@.str	[5 x i8]
*global_alloc@.str.1	[13 x i8]
*global_alloc@input_dev	%struct.input_dev*
*global_alloc@.str.2	[35 x i8]
*global_alloc@.str.3	[17 x i8]
*global_alloc@.str.4	[12 x i8]
*global_alloc@.str.5	[35 x i8]
*global_alloc@llvm.compiler.used	[5 x i8*]
*argv-alloc[*]	i8**
*global_alloc@id_table[*]	[2 x %struct.usb_device_id]
*global_alloc@__UNIQUE_ID___addressable_init_module237[*]	i8*
*global_alloc@__UNIQUE_ID___addressable_cleanup_module238[*]	i8*
*global_alloc@__UNIQUE_ID_license239[*]	[12 x i8]
*global_alloc@__UNIQUE_ID_author240[*]	[18 x i8]
*global_alloc@__UNIQUE_ID_description241[*]	[32 x i8]
*global_alloc@keyboard_driver[*]	%struct.usb_driver
*global_alloc@__this_module[*]	%struct.module
*global_alloc@.str[*]	[5 x i8]
*global_alloc@.str.1[*]	[13 x i8]
*global_alloc@input_dev[*]	%struct.input_dev*
*global_alloc@.str.2[*]	[35 x i8]
*global_alloc@.str.3[*]	[17 x i8]
*global_alloc@.str.4[*]	[12 x i8]
*global_alloc@.str.5[*]	[35 x i8]
*global_alloc@llvm.compiler.used[*]	[5 x i8*]
*argv-alloc[0]	i8**
*global_alloc@id_table[0]	[2 x %struct.usb_device_id]
*global_alloc@__UNIQUE_ID___addressable_init_module237[0]	i8*
*global_alloc@__UNIQUE_ID___addressable_cleanup_module238[0]	i8*
*global_alloc@__UNIQUE_ID_license239[0]	[12 x i8]
*global_alloc@__UNIQUE_ID_author240[0]	[18 x i8]
*global_alloc@__UNIQUE_ID_description241[0]	[32 x i8]
*global_alloc@keyboard_driver[0]	%struct.usb_driver
*global_alloc@__this_module[0]	%struct.module
*global_alloc@.str[0]	[5 x i8]
*global_alloc@.str.1[0]	[13 x i8]
*global_alloc@input_dev[0]	%struct.input_dev*
*global_alloc@.str.2[0]	[35 x i8]
*global_alloc@.str.3[0]	[17 x i8]
*global_alloc@.str.4[0]	[12 x i8]
*global_alloc@.str.5[0]	[35 x i8]
*global_alloc@llvm.compiler.used[0]	[5 x i8*]
*global_alloc@keyboard_driver[*].?/0	i8*
*global_alloc@keyboard_driver[*].?/1	i32 (%struct.usb_interface*, %struct.usb_device_id*)*
*global_alloc@keyboard_driver[*].?/2	void (%struct.usb_interface*)*
*global_alloc@keyboard_driver[*].?/3	i32 (%struct.usb_interface*, i32, i8*)*
*global_alloc@keyboard_driver[*].?/4	i32 (%struct.usb_interface*, i32)*
*global_alloc@keyboard_driver[*].?/5	i32 (%struct.usb_interface*)*
*global_alloc@keyboard_driver[*].?/6	i32 (%struct.usb_interface*)*
*global_alloc@keyboard_driver[*].?/7	i32 (%struct.usb_interface*)*
*global_alloc@keyboard_driver[*].?/8	i32 (%struct.usb_interface*)*
*global_alloc@keyboard_driver[*].?/9	%struct.usb_device_id*
*global_alloc@keyboard_driver[*].?/10	%struct.attribute_group**
*global_alloc@keyboard_driver[*].?/11	%struct.usb_dynids
*global_alloc@keyboard_driver[*].?/12	%struct.usbdrv_wrap
*global_alloc@keyboard_driver[*].?/13	i8
*global_alloc@__this_module[*].?/0	i32
*global_alloc@__this_module[*].?/1	%struct.list_head
*global_alloc@__this_module[*].?/2	[56 x i8]
*global_alloc@__this_module[*].?/3	%struct.module_kobject
*global_alloc@__this_module[*].?/4	%struct.module_attribute*
*global_alloc@__this_module[*].?/5	i8*
*global_alloc@__this_module[*].?/6	i8*
*global_alloc@__this_module[*].?/7	%struct.kobject*
*global_alloc@__this_module[*].?/8	%struct.kernel_symbol*
*global_alloc@__this_module[*].?/9	i32*
*global_alloc@__this_module[*].?/10	i32
*global_alloc@__this_module[*].?/11	%struct.mutex
*global_alloc@__this_module[*].?/12	%struct.kernel_param*
*global_alloc@__this_module[*].?/13	i32
*global_alloc@__this_module[*].?/14	i32
*global_alloc@__this_module[*].?/15	%struct.kernel_symbol*
*global_alloc@__this_module[*].?/16	i32*
*global_alloc@__this_module[*].?/17	i8
*global_alloc@__this_module[*].?/18	i8
*global_alloc@__this_module[*].?/19	i32
*global_alloc@__this_module[*].?/20	%struct.exception_table_entry*
*global_alloc@__this_module[*].?/21	i32 ()*
*global_alloc@__this_module[*].?/22	[7 x %struct.module_memory]
*global_alloc@__this_module[*].?/23	%struct.mod_arch_specific
*global_alloc@__this_module[*].?/24	i64
*global_alloc@__this_module[*].?/25	i32
*global_alloc@__this_module[*].?/26	%struct.list_head
*global_alloc@__this_module[*].?/27	%struct.bug_entry*
*global_alloc@__this_module[*].?/28	%struct.mod_kallsyms*
*global_alloc@__this_module[*].?/29	%struct.mod_kallsyms
*global_alloc@__this_module[*].?/30	%struct.module_sect_attrs*
*global_alloc@__this_module[*].?/31	%struct.module_notes_attrs*
*global_alloc@__this_module[*].?/32	i8*
*global_alloc@__this_module[*].?/33	i8*
*global_alloc@__this_module[*].?/34	i32
*global_alloc@__this_module[*].?/35	i8*
*global_alloc@__this_module[*].?/36	i32
*global_alloc@__this_module[*].?/37	i32
*global_alloc@__this_module[*].?/38	i32*
*global_alloc@__this_module[*].?/39	i32
*global_alloc@__this_module[*].?/40	%struct.srcu_struct**
*global_alloc@__this_module[*].?/41	%struct.jump_entry*
*global_alloc@__this_module[*].?/42	i32
*global_alloc@__this_module[*].?/43	i32
*global_alloc@__this_module[*].?/44	i8**
*global_alloc@__this_module[*].?/45	%struct.trace_event_call**
*global_alloc@__this_module[*].?/46	i32
*global_alloc@__this_module[*].?/47	%struct.trace_eval_map**
*global_alloc@__this_module[*].?/48	i32
*global_alloc@__this_module[*].?/49	i8*
*global_alloc@__this_module[*].?/50	i32
*global_alloc@__this_module[*].?/51	i64*
*global_alloc@__this_module[*].?/52	i32
*global_alloc@__this_module[*].?/53	i32
*global_alloc@__this_module[*].?/54	%struct.static_call_site*
*global_alloc@__this_module[*].?/55	%struct.list_head
*global_alloc@__this_module[*].?/56	%struct.list_head
*global_alloc@__this_module[*].?/57	void ()*
*global_alloc@__this_module[*].?/58	%struct.atomic_t
*global_alloc@id_table[*][*]	%struct.usb_device_id
*global_alloc@__UNIQUE_ID_license239[*][*]	i8
*global_alloc@__UNIQUE_ID_author240[*][*]	i8
*global_alloc@__UNIQUE_ID_description241[*][*]	i8
*global_alloc@.str[*][*]	i8
*global_alloc@.str.1[*][*]	i8
*global_alloc@.str.2[*][*]	i8
*global_alloc@.str.3[*][*]	i8
*global_alloc@.str.4[*][*]	i8
*global_alloc@.str.5[*][*]	i8
*global_alloc@llvm.compiler.used[*][*]	i8*
*argv[0]-alloc	i8*
*global_alloc@keyboard_driver[0].?/0	i8*
*global_alloc@keyboard_driver[0].?/1	i32 (%struct.usb_interface*, %struct.usb_device_id*)*
*global_alloc@keyboard_driver[0].?/2	void (%struct.usb_interface*)*
*global_alloc@keyboard_driver[0].?/3	i32 (%struct.usb_interface*, i32, i8*)*
*global_alloc@keyboard_driver[0].?/4	i32 (%struct.usb_interface*, i32)*
*global_alloc@keyboard_driver[0].?/5	i32 (%struct.usb_interface*)*
*global_alloc@keyboard_driver[0].?/6	i32 (%struct.usb_interface*)*
*global_alloc@keyboard_driver[0].?/7	i32 (%struct.usb_interface*)*
*global_alloc@keyboard_driver[0].?/8	i32 (%struct.usb_interface*)*
*global_alloc@keyboard_driver[0].?/9	%struct.usb_device_id*
*global_alloc@keyboard_driver[0].?/10	%struct.attribute_group**
*global_alloc@keyboard_driver[0].?/11	%struct.usb_dynids
*global_alloc@keyboard_driver[0].?/12	%struct.usbdrv_wrap
*global_alloc@keyboard_driver[0].?/13	i8
*global_alloc@__this_module[0].?/0	i32
*global_alloc@__this_module[0].?/1	%struct.list_head
*global_alloc@__this_module[0].?/2	[56 x i8]
*global_alloc@__this_module[0].?/3	%struct.module_kobject
*global_alloc@__this_module[0].?/4	%struct.module_attribute*
*global_alloc@__this_module[0].?/5	i8*
*global_alloc@__this_module[0].?/6	i8*
*global_alloc@__this_module[0].?/7	%struct.kobject*
*global_alloc@__this_module[0].?/8	%struct.kernel_symbol*
*global_alloc@__this_module[0].?/9	i32*
*global_alloc@__this_module[0].?/10	i32
*global_alloc@__this_module[0].?/11	%struct.mutex
*global_alloc@__this_module[0].?/12	%struct.kernel_param*
*global_alloc@__this_module[0].?/13	i32
*global_alloc@__this_module[0].?/14	i32
*global_alloc@__this_module[0].?/15	%struct.kernel_symbol*
*global_alloc@__this_module[0].?/16	i32*
*global_alloc@__this_module[0].?/17	i8
*global_alloc@__this_module[0].?/18	i8
*global_alloc@__this_module[0].?/19	i32
*global_alloc@__this_module[0].?/20	%struct.exception_table_entry*
*global_alloc@__this_module[0].?/21	i32 ()*
*global_alloc@__this_module[0].?/22	[7 x %struct.module_memory]
*global_alloc@__this_module[0].?/23	%struct.mod_arch_specific
*global_alloc@__this_module[0].?/24	i64
*global_alloc@__this_module[0].?/25	i32
*global_alloc@__this_module[0].?/26	%struct.list_head
*global_alloc@__this_module[0].?/27	%struct.bug_entry*
*global_alloc@__this_module[0].?/28	%struct.mod_kallsyms*
*global_alloc@__this_module[0].?/29	%struct.mod_kallsyms
*global_alloc@__this_module[0].?/30	%struct.module_sect_attrs*
*global_alloc@__this_module[0].?/31	%struct.module_notes_attrs*
*global_alloc@__this_module[0].?/32	i8*
*global_alloc@__this_module[0].?/33	i8*
*global_alloc@__this_module[0].?/34	i32
*global_alloc@__this_module[0].?/35	i8*
*global_alloc@__this_module[0].?/36	i32
*global_alloc@__this_module[0].?/37	i32
*global_alloc@__this_module[0].?/38	i32*
*global_alloc@__this_module[0].?/39	i32
*global_alloc@__this_module[0].?/40	%struct.srcu_struct**
*global_alloc@__this_module[0].?/41	%struct.jump_entry*
*global_alloc@__this_module[0].?/42	i32
*global_alloc@__this_module[0].?/43	i32
*global_alloc@__this_module[0].?/44	i8**
*global_alloc@__this_module[0].?/45	%struct.trace_event_call**
*global_alloc@__this_module[0].?/46	i32
*global_alloc@__this_module[0].?/47	%struct.trace_eval_map**
*global_alloc@__this_module[0].?/48	i32
*global_alloc@__this_module[0].?/49	i8*
*global_alloc@__this_module[0].?/50	i32
*global_alloc@__this_module[0].?/51	i64*
*global_alloc@__this_module[0].?/52	i32
*global_alloc@__this_module[0].?/53	i32
*global_alloc@__this_module[0].?/54	%struct.static_call_site*
*global_alloc@__this_module[0].?/55	%struct.list_head
*global_alloc@__this_module[0].?/56	%struct.list_head
*global_alloc@__this_module[0].?/57	void ()*
*global_alloc@__this_module[0].?/58	%struct.atomic_t
*global_alloc@id_table[0][*]	%struct.usb_device_id
*global_alloc@__UNIQUE_ID_license239[0][*]	i8
*global_alloc@__UNIQUE_ID_author240[0][*]	i8
*global_alloc@__UNIQUE_ID_description241[0][*]	i8
*global_alloc@.str[0][*]	i8
*global_alloc@.str.1[0][*]	i8
*global_alloc@.str.2[0][*]	i8
*global_alloc@.str.3[0][*]	i8
*global_alloc@.str.4[0][*]	i8
*global_alloc@.str.5[0][*]	i8
*global_alloc@llvm.compiler.used[0][*]	i8*
*global_alloc@keyboard_driver[*].?/11.?/0	%struct.spinlock
*global_alloc@keyboard_driver[*].?/11.?/1	%struct.list_head
*global_alloc@keyboard_driver[*].?/12.?/0	%struct.device_driver
*global_alloc@keyboard_driver[*].?/12.?/1	i32
*global_alloc@__this_module[*].?/1.?/0	%struct.list_head*
*global_alloc@__this_module[*].?/1.?/1	%struct.list_head*
*global_alloc@__this_module[*].?/3.?/0	%struct.kobject
*global_alloc@__this_module[*].?/3.?/1	%struct.module*
*global_alloc@__this_module[*].?/3.?/2	%struct.kobject*
*global_alloc@__this_module[*].?/3.?/3	%struct.module_param_attrs*
*global_alloc@__this_module[*].?/3.?/4	%struct.completion*
*global_alloc@__this_module[*].?/11.?/0	%struct.atomic64_t
*global_alloc@__this_module[*].?/11.?/1	%struct.raw_spinlock
*global_alloc@__this_module[*].?/11.?/2	%struct.optimistic_spin_queue
*global_alloc@__this_module[*].?/11.?/3	%struct.list_head
*global_alloc@__this_module[*].?/23.?/0	i32
*global_alloc@__this_module[*].?/23.?/1	i32*
*global_alloc@__this_module[*].?/23.?/2	%struct.orc_entry*
*global_alloc@__this_module[*].?/26.?/0	%struct.list_head*
*global_alloc@__this_module[*].?/26.?/1	%struct.list_head*
*global_alloc@__this_module[*].?/29.?/0	%struct.elf64_sym*
*global_alloc@__this_module[*].?/29.?/1	i32
*global_alloc@__this_module[*].?/29.?/2	i8*
*global_alloc@__this_module[*].?/29.?/3	i8*
*global_alloc@__this_module[*].?/55.?/0	%struct.list_head*
*global_alloc@__this_module[*].?/55.?/1	%struct.list_head*
*global_alloc@__this_module[*].?/56.?/0	%struct.list_head*
*global_alloc@__this_module[*].?/56.?/1	%struct.list_head*
*global_alloc@__this_module[*].?/58.?/0	i32
*global_alloc@id_table[*][*].?/0	i16
*global_alloc@id_table[*][*].?/1	i16
*global_alloc@id_table[*][*].?/2	i16
*global_alloc@id_table[*][*].?/3	i16
*global_alloc@id_table[*][*].?/4	i16
*global_alloc@id_table[*][*].?/5	i8
*global_alloc@id_table[*][*].?/6	i8
*global_alloc@id_table[*][*].?/7	i8
*global_alloc@id_table[*][*].?/8	i8
*global_alloc@id_table[*][*].?/9	i8
*global_alloc@id_table[*][*].?/10	i8
*global_alloc@id_table[*][*].?/11	i8
*global_alloc@id_table[*][*].?/12	i64
*argv[0]-alloc[*]	i8*
*global_alloc@__this_module[*].?/2[*]	i8
*global_alloc@__this_module[*].?/22[*]	%struct.module_memory
*global_alloc@llvm.compiler.used[*][0]	i8*
*global_alloc@llvm.compiler.used[*][1]	i8*
*global_alloc@llvm.compiler.used[*][2]	i8*
*global_alloc@llvm.compiler.used[*][3]	i8*
*global_alloc@llvm.compiler.used[*][4]	i8*
*argv[0]-alloc[0]	i8*
*global_alloc@keyboard_driver[0].?/11.?/0	%struct.spinlock
*global_alloc@keyboard_driver[0].?/11.?/1	%struct.list_head
*global_alloc@keyboard_driver[0].?/12.?/0	%struct.device_driver
*global_alloc@keyboard_driver[0].?/12.?/1	i32
*global_alloc@__this_module[0].?/1.?/0	%struct.list_head*
*global_alloc@__this_module[0].?/1.?/1	%struct.list_head*
*global_alloc@__this_module[0].?/3.?/0	%struct.kobject
*global_alloc@__this_module[0].?/3.?/1	%struct.module*
*global_alloc@__this_module[0].?/3.?/2	%struct.kobject*
*global_alloc@__this_module[0].?/3.?/3	%struct.module_param_attrs*
*global_alloc@__this_module[0].?/3.?/4	%struct.completion*
*global_alloc@__this_module[0].?/11.?/0	%struct.atomic64_t
*global_alloc@__this_module[0].?/11.?/1	%struct.raw_spinlock
*global_alloc@__this_module[0].?/11.?/2	%struct.optimistic_spin_queue
*global_alloc@__this_module[0].?/11.?/3	%struct.list_head
*global_alloc@__this_module[0].?/23.?/0	i32
*global_alloc@__this_module[0].?/23.?/1	i32*
*global_alloc@__this_module[0].?/23.?/2	%struct.orc_entry*
*global_alloc@__this_module[0].?/26.?/0	%struct.list_head*
*global_alloc@__this_module[0].?/26.?/1	%struct.list_head*
*global_alloc@__this_module[0].?/29.?/0	%struct.elf64_sym*
*global_alloc@__this_module[0].?/29.?/1	i32
*global_alloc@__this_module[0].?/29.?/2	i8*
*global_alloc@__this_module[0].?/29.?/3	i8*
*global_alloc@__this_module[0].?/55.?/0	%struct.list_head*
*global_alloc@__this_module[0].?/55.?/1	%struct.list_head*
*global_alloc@__this_module[0].?/56.?/0	%struct.list_head*
*global_alloc@__this_module[0].?/56.?/1	%struct.list_head*
*global_alloc@__this_module[0].?/58.?/0	i32
*global_alloc@id_table[0][*].?/0	i16
*global_alloc@id_table[0][*].?/1	i16
*global_alloc@id_table[0][*].?/2	i16
*global_alloc@id_table[0][*].?/3	i16
*global_alloc@id_table[0][*].?/4	i16
*global_alloc@id_table[0][*].?/5	i8
*global_alloc@id_table[0][*].?/6	i8
*global_alloc@id_table[0][*].?/7	i8
*global_alloc@id_table[0][*].?/8	i8
*global_alloc@id_table[0][*].?/9	i8
*global_alloc@id_table[0][*].?/10	i8
*global_alloc@id_table[0][*].?/11	i8
*global_alloc@id_table[0][*].?/12	i64
*global_alloc@__this_module[0].?/2[*]	i8
*global_alloc@__this_module[0].?/22[*]	%struct.module_memory
*global_alloc@llvm.compiler.used[0][0]	i8*
*global_alloc@llvm.compiler.used[0][1]	i8*
*global_alloc@llvm.compiler.used[0][2]	i8*
*global_alloc@llvm.compiler.used[0][3]	i8*
*global_alloc@llvm.compiler.used[0][4]	i8*
*global_alloc@keyboard_driver[*].?/11.?/0.?/0	%union.anon
*global_alloc@keyboard_driver[*].?/11.?/1.?/0	%struct.list_head*
*global_alloc@keyboard_driver[*].?/11.?/1.?/1	%struct.list_head*
*global_alloc@keyboard_driver[*].?/12.?/0.?/0	i8*
*global_alloc@keyboard_driver[*].?/12.?/0.?/1	%struct.bus_type*
*global_alloc@keyboard_driver[*].?/12.?/0.?/2	%struct.module*
*global_alloc@keyboard_driver[*].?/12.?/0.?/3	i8*
*global_alloc@keyboard_driver[*].?/12.?/0.?/4	i8
*global_alloc@keyboard_driver[*].?/12.?/0.?/5	i32
*global_alloc@keyboard_driver[*].?/12.?/0.?/6	%struct.of_device_id*
*global_alloc@keyboard_driver[*].?/12.?/0.?/7	%struct.acpi_device_id*
*global_alloc@keyboard_driver[*].?/12.?/0.?/8	i32 (%struct.device*)*
*global_alloc@keyboard_driver[*].?/12.?/0.?/9	void (%struct.device*)*
*global_alloc@keyboard_driver[*].?/12.?/0.?/10	i32 (%struct.device*)*
*global_alloc@keyboard_driver[*].?/12.?/0.?/11	void (%struct.device*)*
*global_alloc@keyboard_driver[*].?/12.?/0.?/12	i32 (%struct.device*, i32)*
*global_alloc@keyboard_driver[*].?/12.?/0.?/13	i32 (%struct.device*)*
*global_alloc@keyboard_driver[*].?/12.?/0.?/14	%struct.attribute_group**
*global_alloc@keyboard_driver[*].?/12.?/0.?/15	%struct.attribute_group**
*global_alloc@keyboard_driver[*].?/12.?/0.?/16	%struct.dev_pm_ops*
*global_alloc@keyboard_driver[*].?/12.?/0.?/17	void (%struct.device*)*
*global_alloc@keyboard_driver[*].?/12.?/0.?/18	%struct.driver_private*
*global_alloc@__this_module[*].?/3.?/0.?/0	i8*
*global_alloc@__this_module[*].?/3.?/0.?/1	%struct.list_head
*global_alloc@__this_module[*].?/3.?/0.?/2	%struct.kobject*
*global_alloc@__this_module[*].?/3.?/0.?/3	%struct.kset*
*global_alloc@__this_module[*].?/3.?/0.?/4	%struct.kobj_type*
*global_alloc@__this_module[*].?/3.?/0.?/5	%struct.kernfs_node*
*global_alloc@__this_module[*].?/3.?/0.?/6	%struct.kref
*global_alloc@__this_module[*].?/3.?/0.?/7	i8
*global_alloc@__this_module[*].?/11.?/0.?/0	i64
*global_alloc@__this_module[*].?/11.?/1.?/0	%struct.qspinlock
*global_alloc@__this_module[*].?/11.?/2.?/0	%struct.atomic_t
*global_alloc@__this_module[*].?/11.?/3.?/0	%struct.list_head*
*global_alloc@__this_module[*].?/11.?/3.?/1	%struct.list_head*
*global_alloc@__this_module[*].?/22[*].?/0	i8*
*global_alloc@__this_module[*].?/22[*].?/1	i32
*global_alloc@__this_module[*].?/22[*].?/2	%struct.mod_tree_node
*global_alloc@keyboard_driver[0].?/11.?/0.?/0	%union.anon
*global_alloc@keyboard_driver[0].?/11.?/1.?/0	%struct.list_head*
*global_alloc@keyboard_driver[0].?/11.?/1.?/1	%struct.list_head*
*global_alloc@keyboard_driver[0].?/12.?/0.?/0	i8*
*global_alloc@keyboard_driver[0].?/12.?/0.?/1	%struct.bus_type*
*global_alloc@keyboard_driver[0].?/12.?/0.?/2	%struct.module*
*global_alloc@keyboard_driver[0].?/12.?/0.?/3	i8*
*global_alloc@keyboard_driver[0].?/12.?/0.?/4	i8
*global_alloc@keyboard_driver[0].?/12.?/0.?/5	i32
*global_alloc@keyboard_driver[0].?/12.?/0.?/6	%struct.of_device_id*
*global_alloc@keyboard_driver[0].?/12.?/0.?/7	%struct.acpi_device_id*
*global_alloc@keyboard_driver[0].?/12.?/0.?/8	i32 (%struct.device*)*
*global_alloc@keyboard_driver[0].?/12.?/0.?/9	void (%struct.device*)*
*global_alloc@keyboard_driver[0].?/12.?/0.?/10	i32 (%struct.device*)*
*global_alloc@keyboard_driver[0].?/12.?/0.?/11	void (%struct.device*)*
*global_alloc@keyboard_driver[0].?/12.?/0.?/12	i32 (%struct.device*, i32)*
*global_alloc@keyboard_driver[0].?/12.?/0.?/13	i32 (%struct.device*)*
*global_alloc@keyboard_driver[0].?/12.?/0.?/14	%struct.attribute_group**
*global_alloc@keyboard_driver[0].?/12.?/0.?/15	%struct.attribute_group**
*global_alloc@keyboard_driver[0].?/12.?/0.?/16	%struct.dev_pm_ops*
*global_alloc@keyboard_driver[0].?/12.?/0.?/17	void (%struct.device*)*
*global_alloc@keyboard_driver[0].?/12.?/0.?/18	%struct.driver_private*
*global_alloc@__this_module[0].?/3.?/0.?/0	i8*
*global_alloc@__this_module[0].?/3.?/0.?/1	%struct.list_head
*global_alloc@__this_module[0].?/3.?/0.?/2	%struct.kobject*
*global_alloc@__this_module[0].?/3.?/0.?/3	%struct.kset*
*global_alloc@__this_module[0].?/3.?/0.?/4	%struct.kobj_type*
*global_alloc@__this_module[0].?/3.?/0.?/5	%struct.kernfs_node*
*global_alloc@__this_module[0].?/3.?/0.?/6	%struct.kref
*global_alloc@__this_module[0].?/3.?/0.?/7	i8
*global_alloc@__this_module[0].?/11.?/0.?/0	i64
*global_alloc@__this_module[0].?/11.?/1.?/0	%struct.qspinlock
*global_alloc@__this_module[0].?/11.?/2.?/0	%struct.atomic_t
*global_alloc@__this_module[0].?/11.?/3.?/0	%struct.list_head*
*global_alloc@__this_module[0].?/11.?/3.?/1	%struct.list_head*
*global_alloc@__this_module[0].?/22[*].?/0	i8*
*global_alloc@__this_module[0].?/22[*].?/1	i32
*global_alloc@__this_module[0].?/22[*].?/2	%struct.mod_tree_node
*global_alloc@keyboard_driver[*].?/11.?/0.?/0.?/0	%struct.raw_spinlock
*global_alloc@__this_module[*].?/3.?/0.?/1.?/0	%struct.list_head*
*global_alloc@__this_module[*].?/3.?/0.?/1.?/1	%struct.list_head*
*global_alloc@__this_module[*].?/3.?/0.?/6.?/0	%struct.refcount_struct
*global_alloc@__this_module[*].?/11.?/1.?/0.?/0	%union.anon.0
*global_alloc@__this_module[*].?/11.?/2.?/0.?/0	i32
*global_alloc@__this_module[*].?/22[*].?/2.?/0	%struct.module*
*global_alloc@__this_module[*].?/22[*].?/2.?/1	%struct.latch_tree_node
*global_alloc@keyboard_driver[0].?/11.?/0.?/0.?/0	%struct.raw_spinlock
*global_alloc@__this_module[0].?/3.?/0.?/1.?/0	%struct.list_head*
*global_alloc@__this_module[0].?/3.?/0.?/1.?/1	%struct.list_head*
*global_alloc@__this_module[0].?/3.?/0.?/6.?/0	%struct.refcount_struct
*global_alloc@__this_module[0].?/11.?/1.?/0.?/0	%union.anon.0
*global_alloc@__this_module[0].?/11.?/2.?/0.?/0	i32
*global_alloc@__this_module[0].?/22[*].?/2.?/0	%struct.module*
*global_alloc@__this_module[0].?/22[*].?/2.?/1	%struct.latch_tree_node
*global_alloc@keyboard_driver[*].?/11.?/0.?/0.?/0.?/0	%struct.qspinlock
*global_alloc@__this_module[*].?/3.?/0.?/6.?/0.?/0	%struct.atomic_t
*global_alloc@__this_module[*].?/11.?/1.?/0.?/0.?/0	%struct.atomic_t
*global_alloc@__this_module[*].?/22[*].?/2.?/1.?/0	[2 x %struct.rb_node]
*global_alloc@keyboard_driver[0].?/11.?/0.?/0.?/0.?/0	%struct.qspinlock
*global_alloc@__this_module[0].?/3.?/0.?/6.?/0.?/0	%struct.atomic_t
*global_alloc@__this_module[0].?/11.?/1.?/0.?/0.?/0	%struct.atomic_t
*global_alloc@__this_module[0].?/22[*].?/2.?/1.?/0	[2 x %struct.rb_node]
*global_alloc@keyboard_driver[*].?/11.?/0.?/0.?/0.?/0.?/0	%union.anon.0
*global_alloc@__this_module[*].?/3.?/0.?/6.?/0.?/0.?/0	i32
*global_alloc@__this_module[*].?/11.?/1.?/0.?/0.?/0.?/0	i32
*global_alloc@__this_module[*].?/22[*].?/2.?/1.?/0[*]	%struct.rb_node
*global_alloc@keyboard_driver[0].?/11.?/0.?/0.?/0.?/0.?/0	%union.anon.0
*global_alloc@__this_module[0].?/3.?/0.?/6.?/0.?/0.?/0	i32
*global_alloc@__this_module[0].?/11.?/1.?/0.?/0.?/0.?/0	i32
*global_alloc@__this_module[0].?/22[*].?/2.?/1.?/0[*]	%struct.rb_node
*global_alloc@keyboard_driver[*].?/11.?/0.?/0.?/0.?/0.?/0.?/0	%struct.atomic_t
*global_alloc@__this_module[*].?/22[*].?/2.?/1.?/0[*].?/0	i64
*global_alloc@__this_module[*].?/22[*].?/2.?/1.?/0[*].?/1	%struct.rb_node*
*global_alloc@__this_module[*].?/22[*].?/2.?/1.?/0[*].?/2	%struct.rb_node*
*global_alloc@keyboard_driver[0].?/11.?/0.?/0.?/0.?/0.?/0.?/0	%struct.atomic_t
*global_alloc@__this_module[0].?/22[*].?/2.?/1.?/0[*].?/0	i64
*global_alloc@__this_module[0].?/22[*].?/2.?/1.?/0[*].?/1	%struct.rb_node*
*global_alloc@__this_module[0].?/22[*].?/2.?/1.?/0[*].?/2	%struct.rb_node*
*global_alloc@keyboard_driver[*].?/11.?/0.?/0.?/0.?/0.?/0.?/0.?/0	i32
*global_alloc@keyboard_driver[0].?/11.?/0.?/0.?/0.?/0.?/0.?/0.?/0	i32
