</harden/bcfiles/linux_bcfiles/rev_chardev.bc>:reverse_init:49	</harden/bcfiles/linux_bcfiles/rev_chardev.bc>:reverse_init:%35	</harden/bcfiles/linux_bcfiles/rev_chardev.bc>:IS_ERR	</harden/bcfiles/linux_bcfiles/rev_chardev.bc>:IS_ERR:%0
</harden/bcfiles/linux_bcfiles/rev_chardev.bc>:reverse_init:61	</harden/bcfiles/linux_bcfiles/rev_chardev.bc>:reverse_init:%44	</harden/bcfiles/linux_bcfiles/rev_chardev.bc>:PTR_ERR	</harden/bcfiles/linux_bcfiles/rev_chardev.bc>:PTR_ERR:%0
</harden/bcfiles/linux_bcfiles/rev_chardev.bc>:reverse_init:74	</harden/bcfiles/linux_bcfiles/rev_chardev.bc>:reverse_init:%54	</harden/bcfiles/linux_bcfiles/rev_chardev.bc>:IS_ERR	</harden/bcfiles/linux_bcfiles/rev_chardev.bc>:IS_ERR:%0
</harden/bcfiles/linux_bcfiles/rev_chardev.bc>:reverse_init:88	</harden/bcfiles/linux_bcfiles/rev_chardev.bc>:reverse_init:%64	</harden/bcfiles/linux_bcfiles/rev_chardev.bc>:PTR_ERR	</harden/bcfiles/linux_bcfiles/rev_chardev.bc>:PTR_ERR:%0
</harden/bcfiles/linux_bcfiles/rev_chardev.bc>:dev_read:112	</harden/bcfiles/linux_bcfiles/rev_chardev.bc>:dev_read:%81	</harden/bcfiles/linux_bcfiles/rev_chardev.bc>:copy_overflow	</harden/bcfiles/linux_bcfiles/rev_chardev.bc>:copy_overflow:%0
</harden/bcfiles/linux_bcfiles/rev_chardev.bc>:dev_read:112	</harden/bcfiles/linux_bcfiles/rev_chardev.bc>:dev_read:%82	</harden/bcfiles/linux_bcfiles/rev_chardev.bc>:copy_overflow	</harden/bcfiles/linux_bcfiles/rev_chardev.bc>:copy_overflow:%1
</harden/bcfiles/linux_bcfiles/rev_chardev.bc>:dev_read:156	</harden/bcfiles/linux_bcfiles/rev_chardev.bc>:dev_read:%112	</harden/bcfiles/linux_bcfiles/rev_chardev.bc>:check_object_size	</harden/bcfiles/linux_bcfiles/rev_chardev.bc>:check_object_size:%0
</harden/bcfiles/linux_bcfiles/rev_chardev.bc>:dev_read:156	</harden/bcfiles/linux_bcfiles/rev_chardev.bc>:dev_read:%113	</harden/bcfiles/linux_bcfiles/rev_chardev.bc>:check_object_size	</harden/bcfiles/linux_bcfiles/rev_chardev.bc>:check_object_size:%1
</harden/bcfiles/linux_bcfiles/rev_chardev.bc>:dev_read:156	</harden/bcfiles/linux_bcfiles/rev_chardev.bc>:dev_read:%115	</harden/bcfiles/linux_bcfiles/rev_chardev.bc>:check_object_size	</harden/bcfiles/linux_bcfiles/rev_chardev.bc>:check_object_size:%2
</harden/bcfiles/linux_bcfiles/rev_chardev.bc>:dev_write:92	</harden/bcfiles/linux_bcfiles/rev_chardev.bc>:dev_write:%64	</harden/bcfiles/linux_bcfiles/rev_chardev.bc>:copy_overflow	</harden/bcfiles/linux_bcfiles/rev_chardev.bc>:copy_overflow:%0
</harden/bcfiles/linux_bcfiles/rev_chardev.bc>:dev_write:92	</harden/bcfiles/linux_bcfiles/rev_chardev.bc>:dev_write:%65	</harden/bcfiles/linux_bcfiles/rev_chardev.bc>:copy_overflow	</harden/bcfiles/linux_bcfiles/rev_chardev.bc>:copy_overflow:%1
</harden/bcfiles/linux_bcfiles/rev_chardev.bc>:dev_write:136	</harden/bcfiles/linux_bcfiles/rev_chardev.bc>:dev_write:%95	</harden/bcfiles/linux_bcfiles/rev_chardev.bc>:check_object_size	</harden/bcfiles/linux_bcfiles/rev_chardev.bc>:check_object_size:%0
</harden/bcfiles/linux_bcfiles/rev_chardev.bc>:dev_write:136	</harden/bcfiles/linux_bcfiles/rev_chardev.bc>:dev_write:%96	</harden/bcfiles/linux_bcfiles/rev_chardev.bc>:check_object_size	</harden/bcfiles/linux_bcfiles/rev_chardev.bc>:check_object_size:%1
</harden/bcfiles/linux_bcfiles/rev_chardev.bc>:dev_write:136	</harden/bcfiles/linux_bcfiles/rev_chardev.bc>:dev_write:%98	</harden/bcfiles/linux_bcfiles/rev_chardev.bc>:check_object_size	</harden/bcfiles/linux_bcfiles/rev_chardev.bc>:check_object_size:%2
</harden/bcfiles/linux_bcfiles/rev_chardev.bc>:dev_write:162	</harden/bcfiles/linux_bcfiles/rev_chardev.bc>:dev_write:%118	</harden/bcfiles/linux_bcfiles/rev_chardev.bc>:reverse_string	</harden/bcfiles/linux_bcfiles/rev_chardev.bc>:reverse_string:%1
