</harden/bcfiles/linux_bcfiles/rev_chardev.bc>:reverse_init:%3	</harden/bcfiles/linux_bcfiles/rev_chardev.bc>:reverse_init:%10
</harden/bcfiles/linux_bcfiles/rev_chardev.bc>:reverse_init:%3	</harden/bcfiles/linux_bcfiles/rev_chardev.bc>:reverse_init:%21
</harden/bcfiles/linux_bcfiles/rev_chardev.bc>:reverse_init:%3	</harden/bcfiles/linux_bcfiles/rev_chardev.bc>:reverse_init:%26
</harden/bcfiles/linux_bcfiles/rev_chardev.bc>:reverse_init:%34	</harden/bcfiles/linux_bcfiles/rev_chardev.bc>:reverse_init:%35
</harden/bcfiles/linux_bcfiles/rev_chardev.bc>:reverse_init:%3	</harden/bcfiles/linux_bcfiles/rev_chardev.bc>:reverse_init:%38
</harden/bcfiles/linux_bcfiles/rev_chardev.bc>:reverse_init:%43	</harden/bcfiles/linux_bcfiles/rev_chardev.bc>:reverse_init:%44
</harden/bcfiles/linux_bcfiles/rev_chardev.bc>:reverse_init:68:0:@reverseClass	</harden/bcfiles/linux_bcfiles/rev_chardev.bc>:reverse_init:%50
</harden/bcfiles/linux_bcfiles/rev_chardev.bc>:reverse_init:%3	</harden/bcfiles/linux_bcfiles/rev_chardev.bc>:reverse_init:%51
</harden/bcfiles/linux_bcfiles/rev_chardev.bc>:reverse_init:%53	</harden/bcfiles/linux_bcfiles/rev_chardev.bc>:reverse_init:%54
</harden/bcfiles/linux_bcfiles/rev_chardev.bc>:reverse_init:76:0:@reverseClass	</harden/bcfiles/linux_bcfiles/rev_chardev.bc>:reverse_init:%57
</harden/bcfiles/linux_bcfiles/rev_chardev.bc>:reverse_init:%3	</harden/bcfiles/linux_bcfiles/rev_chardev.bc>:reverse_init:%58
</harden/bcfiles/linux_bcfiles/rev_chardev.bc>:reverse_init:%63	</harden/bcfiles/linux_bcfiles/rev_chardev.bc>:reverse_init:%64
</harden/bcfiles/linux_bcfiles/rev_chardev.bc>:reverse_exit:4:0:@reverseClass	</harden/bcfiles/linux_bcfiles/rev_chardev.bc>:reverse_exit:%3
</harden/bcfiles/linux_bcfiles/rev_chardev.bc>:reverse_exit:%1	</harden/bcfiles/linux_bcfiles/rev_chardev.bc>:reverse_exit:%4
</harden/bcfiles/linux_bcfiles/rev_chardev.bc>:reverse_exit:7:0:@reverseClass	</harden/bcfiles/linux_bcfiles/rev_chardev.bc>:reverse_exit:%5
</harden/bcfiles/linux_bcfiles/rev_chardev.bc>:reverse_exit:9:0:@reverseClass	</harden/bcfiles/linux_bcfiles/rev_chardev.bc>:reverse_exit:%6
</harden/bcfiles/linux_bcfiles/rev_chardev.bc>:reverse_exit:%1	</harden/bcfiles/linux_bcfiles/rev_chardev.bc>:reverse_exit:%7
</harden/bcfiles/linux_bcfiles/rev_chardev.bc>:dev_read:%6	</harden/bcfiles/linux_bcfiles/rev_chardev.bc>:dev_read:%62
</harden/bcfiles/linux_bcfiles/rev_chardev.bc>:dev_read:%7	</harden/bcfiles/linux_bcfiles/rev_chardev.bc>:dev_read:%78
</harden/bcfiles/linux_bcfiles/rev_chardev.bc>:dev_read:%9	</harden/bcfiles/linux_bcfiles/rev_chardev.bc>:dev_read:%81
</harden/bcfiles/linux_bcfiles/rev_chardev.bc>:dev_read:%7	</harden/bcfiles/linux_bcfiles/rev_chardev.bc>:dev_read:%82
</harden/bcfiles/linux_bcfiles/rev_chardev.bc>:dev_read:%11	</harden/bcfiles/linux_bcfiles/rev_chardev.bc>:dev_read:%101
</harden/bcfiles/linux_bcfiles/rev_chardev.bc>:dev_read:%6	</harden/bcfiles/linux_bcfiles/rev_chardev.bc>:dev_read:%112
</harden/bcfiles/linux_bcfiles/rev_chardev.bc>:dev_read:%7	</harden/bcfiles/linux_bcfiles/rev_chardev.bc>:dev_read:%113
</harden/bcfiles/linux_bcfiles/rev_chardev.bc>:dev_read:%13	</harden/bcfiles/linux_bcfiles/rev_chardev.bc>:dev_read:%119
</harden/bcfiles/linux_bcfiles/rev_chardev.bc>:dev_read:%14	</harden/bcfiles/linux_bcfiles/rev_chardev.bc>:dev_read:%120
</harden/bcfiles/linux_bcfiles/rev_chardev.bc>:dev_read:%15	</harden/bcfiles/linux_bcfiles/rev_chardev.bc>:dev_read:%121
</harden/bcfiles/linux_bcfiles/rev_chardev.bc>:dev_read:%22	</harden/bcfiles/linux_bcfiles/rev_chardev.bc>:dev_read:%136
</harden/bcfiles/linux_bcfiles/rev_chardev.bc>:dev_read:%21	</harden/bcfiles/linux_bcfiles/rev_chardev.bc>:dev_read:%144
</harden/bcfiles/linux_bcfiles/rev_chardev.bc>:dev_write:%6	</harden/bcfiles/linux_bcfiles/rev_chardev.bc>:dev_write:%45
</harden/bcfiles/linux_bcfiles/rev_chardev.bc>:dev_write:%7	</harden/bcfiles/linux_bcfiles/rev_chardev.bc>:dev_write:%61
</harden/bcfiles/linux_bcfiles/rev_chardev.bc>:dev_write:%9	</harden/bcfiles/linux_bcfiles/rev_chardev.bc>:dev_write:%64
</harden/bcfiles/linux_bcfiles/rev_chardev.bc>:dev_write:%7	</harden/bcfiles/linux_bcfiles/rev_chardev.bc>:dev_write:%65
</harden/bcfiles/linux_bcfiles/rev_chardev.bc>:dev_write:%11	</harden/bcfiles/linux_bcfiles/rev_chardev.bc>:dev_write:%84
</harden/bcfiles/linux_bcfiles/rev_chardev.bc>:dev_write:%6	</harden/bcfiles/linux_bcfiles/rev_chardev.bc>:dev_write:%95
</harden/bcfiles/linux_bcfiles/rev_chardev.bc>:dev_write:%7	</harden/bcfiles/linux_bcfiles/rev_chardev.bc>:dev_write:%96
</harden/bcfiles/linux_bcfiles/rev_chardev.bc>:dev_write:%13	</harden/bcfiles/linux_bcfiles/rev_chardev.bc>:dev_write:%102
</harden/bcfiles/linux_bcfiles/rev_chardev.bc>:dev_write:%14	</harden/bcfiles/linux_bcfiles/rev_chardev.bc>:dev_write:%103
</harden/bcfiles/linux_bcfiles/rev_chardev.bc>:dev_write:%15	</harden/bcfiles/linux_bcfiles/rev_chardev.bc>:dev_write:%104
</harden/bcfiles/linux_bcfiles/rev_chardev.bc>:dev_write:%22	</harden/bcfiles/linux_bcfiles/rev_chardev.bc>:dev_write:%121
</harden/bcfiles/linux_bcfiles/rev_chardev.bc>:dev_write:%21	</harden/bcfiles/linux_bcfiles/rev_chardev.bc>:dev_write:%129
</harden/bcfiles/linux_bcfiles/rev_chardev.bc>:copy_overflow:%3	</harden/bcfiles/linux_bcfiles/rev_chardev.bc>:copy_overflow:%5
</harden/bcfiles/linux_bcfiles/rev_chardev.bc>:copy_overflow:%4	</harden/bcfiles/linux_bcfiles/rev_chardev.bc>:copy_overflow:%6
</harden/bcfiles/linux_bcfiles/rev_chardev.bc>:reverse_init:%1	</harden/bcfiles/linux_bcfiles/rev_chardev.bc>:reverse_init:%73
</harden/bcfiles/linux_bcfiles/rev_chardev.bc>:reverse_init:%9	</harden/bcfiles/linux_bcfiles/rev_chardev.bc>:reverse_init:%71
</harden/bcfiles/linux_bcfiles/rev_chardev.bc>:reverse_init:%4	</harden/bcfiles/linux_bcfiles/rev_chardev.bc>:reverse_init:%63
</harden/bcfiles/linux_bcfiles/rev_chardev.bc>:reverse_init:%8	</harden/bcfiles/linux_bcfiles/rev_chardev.bc>:reverse_init:%62
</harden/bcfiles/linux_bcfiles/rev_chardev.bc>:reverse_init:%4	</harden/bcfiles/linux_bcfiles/rev_chardev.bc>:reverse_init:%53
</harden/bcfiles/linux_bcfiles/rev_chardev.bc>:reverse_init:59:0:@reverseClass	</harden/bcfiles/linux_bcfiles/rev_chardev.bc>:reverse_init:%43
</harden/bcfiles/linux_bcfiles/rev_chardev.bc>:reverse_init:47:0:@reverseClass	</harden/bcfiles/linux_bcfiles/rev_chardev.bc>:reverse_init:%34
</harden/bcfiles/linux_bcfiles/rev_chardev.bc>:reverse_init:%2	</harden/bcfiles/linux_bcfiles/rev_chardev.bc>:reverse_init:%31
</harden/bcfiles/linux_bcfiles/rev_chardev.bc>:reverse_init:%6	</harden/bcfiles/linux_bcfiles/rev_chardev.bc>:reverse_init:%30
</harden/bcfiles/linux_bcfiles/rev_chardev.bc>:reverse_init:%7	</harden/bcfiles/linux_bcfiles/rev_chardev.bc>:reverse_init:%42
</harden/bcfiles/linux_bcfiles/rev_chardev.bc>:reverse_init:%2	</harden/bcfiles/linux_bcfiles/rev_chardev.bc>:reverse_init:%19
</harden/bcfiles/linux_bcfiles/rev_chardev.bc>:reverse_init:%2	</harden/bcfiles/linux_bcfiles/rev_chardev.bc>:reverse_init:%12
</harden/bcfiles/linux_bcfiles/rev_chardev.bc>:reverse_init:%2	</harden/bcfiles/linux_bcfiles/rev_chardev.bc>:reverse_init:%23
</harden/bcfiles/linux_bcfiles/rev_chardev.bc>:reverse_init:%5	</harden/bcfiles/linux_bcfiles/rev_chardev.bc>:reverse_init:%18
</harden/bcfiles/linux_bcfiles/rev_chardev.bc>:reverse_init:65:0:@reverseClass	</harden/bcfiles/linux_bcfiles/rev_chardev.bc>:reverse_init:%48
</harden/bcfiles/linux_bcfiles/rev_chardev.bc>:reverse_exit:%2	</harden/bcfiles/linux_bcfiles/rev_chardev.bc>:reverse_exit:%11
</harden/bcfiles/linux_bcfiles/rev_chardev.bc>:IS_ERR:%2	</harden/bcfiles/linux_bcfiles/rev_chardev.bc>:IS_ERR:%3
</harden/bcfiles/linux_bcfiles/rev_chardev.bc>:PTR_ERR:%2	</harden/bcfiles/linux_bcfiles/rev_chardev.bc>:PTR_ERR:%3
</harden/bcfiles/linux_bcfiles/rev_chardev.bc>:rev_devnode:%4	</harden/bcfiles/linux_bcfiles/rev_chardev.bc>:rev_devnode:%8
</harden/bcfiles/linux_bcfiles/rev_chardev.bc>:rev_devnode:%4	</harden/bcfiles/linux_bcfiles/rev_chardev.bc>:rev_devnode:%5
</harden/bcfiles/linux_bcfiles/rev_chardev.bc>:dev_read:%16	</harden/bcfiles/linux_bcfiles/rev_chardev.bc>:dev_read:%148
</harden/bcfiles/linux_bcfiles/rev_chardev.bc>:dev_read:%27	</harden/bcfiles/linux_bcfiles/rev_chardev.bc>:dev_read:%138
</harden/bcfiles/linux_bcfiles/rev_chardev.bc>:dev_read:%131	</harden/bcfiles/linux_bcfiles/rev_chardev.bc>:dev_read:%132
</harden/bcfiles/linux_bcfiles/rev_chardev.bc>:dev_read:%22	</harden/bcfiles/linux_bcfiles/rev_chardev.bc>:dev_read:%129
</harden/bcfiles/linux_bcfiles/rev_chardev.bc>:dev_read:%21	</harden/bcfiles/linux_bcfiles/rev_chardev.bc>:dev_read:%126
</harden/bcfiles/linux_bcfiles/rev_chardev.bc>:dev_read:%8	</harden/bcfiles/linux_bcfiles/rev_chardev.bc>:dev_read:%114
</harden/bcfiles/linux_bcfiles/rev_chardev.bc>:dev_read:%28	</harden/bcfiles/linux_bcfiles/rev_chardev.bc>:dev_read:%146
</harden/bcfiles/linux_bcfiles/rev_chardev.bc>:dev_read:%10	</harden/bcfiles/linux_bcfiles/rev_chardev.bc>:dev_read:%95
</harden/bcfiles/linux_bcfiles/rev_chardev.bc>:dev_read:%8	</harden/bcfiles/linux_bcfiles/rev_chardev.bc>:dev_read:%84
</harden/bcfiles/linux_bcfiles/rev_chardev.bc>:dev_read:%15	</harden/bcfiles/linux_bcfiles/rev_chardev.bc>:dev_read:%124
</harden/bcfiles/linux_bcfiles/rev_chardev.bc>:dev_read:%9	</harden/bcfiles/linux_bcfiles/rev_chardev.bc>:dev_read:%65
</harden/bcfiles/linux_bcfiles/rev_chardev.bc>:dev_read:%22	</harden/bcfiles/linux_bcfiles/rev_chardev.bc>:dev_read:%58
</harden/bcfiles/linux_bcfiles/rev_chardev.bc>:dev_read:%55	</harden/bcfiles/linux_bcfiles/rev_chardev.bc>:dev_read:%56
</harden/bcfiles/linux_bcfiles/rev_chardev.bc>:dev_read:%10	</harden/bcfiles/linux_bcfiles/rev_chardev.bc>:dev_read:%103
</harden/bcfiles/linux_bcfiles/rev_chardev.bc>:dev_read:%26	</harden/bcfiles/linux_bcfiles/rev_chardev.bc>:dev_read:%52
</harden/bcfiles/linux_bcfiles/rev_chardev.bc>:dev_read:%20	</harden/bcfiles/linux_bcfiles/rev_chardev.bc>:dev_read:%131
</harden/bcfiles/linux_bcfiles/rev_chardev.bc>:dev_read:%14	</harden/bcfiles/linux_bcfiles/rev_chardev.bc>:dev_read:%60
</harden/bcfiles/linux_bcfiles/rev_chardev.bc>:dev_read:%12	</harden/bcfiles/linux_bcfiles/rev_chardev.bc>:dev_read:%108
</harden/bcfiles/linux_bcfiles/rev_chardev.bc>:dev_read:%22	</harden/bcfiles/linux_bcfiles/rev_chardev.bc>:dev_read:%46
</harden/bcfiles/linux_bcfiles/rev_chardev.bc>:dev_read:%25	</harden/bcfiles/linux_bcfiles/rev_chardev.bc>:dev_read:%44
</harden/bcfiles/linux_bcfiles/rev_chardev.bc>:dev_read:%24	</harden/bcfiles/linux_bcfiles/rev_chardev.bc>:dev_read:%41
</harden/bcfiles/linux_bcfiles/rev_chardev.bc>:dev_read:%24	</harden/bcfiles/linux_bcfiles/rev_chardev.bc>:dev_read:%36
</harden/bcfiles/linux_bcfiles/rev_chardev.bc>:dev_read:%23	</harden/bcfiles/linux_bcfiles/rev_chardev.bc>:dev_read:%35
</harden/bcfiles/linux_bcfiles/rev_chardev.bc>:dev_read:%9	</harden/bcfiles/linux_bcfiles/rev_chardev.bc>:dev_read:%68
</harden/bcfiles/linux_bcfiles/rev_chardev.bc>:dev_read:%5	</harden/bcfiles/linux_bcfiles/rev_chardev.bc>:dev_read:%117
</harden/bcfiles/linux_bcfiles/rev_chardev.bc>:dev_read:%20	</harden/bcfiles/linux_bcfiles/rev_chardev.bc>:dev_read:%32
</harden/bcfiles/linux_bcfiles/rev_chardev.bc>:dev_read:%19	</harden/bcfiles/linux_bcfiles/rev_chardev.bc>:dev_read:%29
</harden/bcfiles/linux_bcfiles/rev_chardev.bc>:dev_read:39:0:@message_size	</harden/bcfiles/linux_bcfiles/rev_chardev.bc>:dev_read:%30
</harden/bcfiles/linux_bcfiles/rev_chardev.bc>:dev_read:%20	</harden/bcfiles/linux_bcfiles/rev_chardev.bc>:dev_read:%55
</harden/bcfiles/linux_bcfiles/rev_chardev.bc>:dev_read:%7	</harden/bcfiles/linux_bcfiles/rev_chardev.bc>:dev_read:%91
</harden/bcfiles/linux_bcfiles/rev_chardev.bc>:dev_read:%7	</harden/bcfiles/linux_bcfiles/rev_chardev.bc>:dev_read:%70
</harden/bcfiles/linux_bcfiles/rev_chardev.bc>:dev_read:%32	</harden/bcfiles/linux_bcfiles/rev_chardev.bc>:dev_read:%33
</harden/bcfiles/linux_bcfiles/rev_chardev.bc>:dev_read:%15	</harden/bcfiles/linux_bcfiles/rev_chardev.bc>:dev_read:%61
</harden/bcfiles/linux_bcfiles/rev_chardev.bc>:dev_read:%23	</harden/bcfiles/linux_bcfiles/rev_chardev.bc>:dev_read:%39
</harden/bcfiles/linux_bcfiles/rev_chardev.bc>:dev_read:%18	</harden/bcfiles/linux_bcfiles/rev_chardev.bc>:dev_read:%54
</harden/bcfiles/linux_bcfiles/rev_chardev.bc>:dev_read:%22	</harden/bcfiles/linux_bcfiles/rev_chardev.bc>:dev_read:%139
</harden/bcfiles/linux_bcfiles/rev_chardev.bc>:dev_write:%16	</harden/bcfiles/linux_bcfiles/rev_chardev.bc>:dev_write:%133
</harden/bcfiles/linux_bcfiles/rev_chardev.bc>:dev_write:%22	</harden/bcfiles/linux_bcfiles/rev_chardev.bc>:dev_write:%124
</harden/bcfiles/linux_bcfiles/rev_chardev.bc>:dev_write:%26	</harden/bcfiles/linux_bcfiles/rev_chardev.bc>:dev_write:%123
</harden/bcfiles/linux_bcfiles/rev_chardev.bc>:dev_write:156:0:@message_size	</harden/bcfiles/linux_bcfiles/rev_chardev.bc>:dev_write:%114
</harden/bcfiles/linux_bcfiles/rev_chardev.bc>:dev_write:%22	</harden/bcfiles/linux_bcfiles/rev_chardev.bc>:dev_write:%112
</harden/bcfiles/linux_bcfiles/rev_chardev.bc>:dev_write:%21	</harden/bcfiles/linux_bcfiles/rev_chardev.bc>:dev_write:%109
</harden/bcfiles/linux_bcfiles/rev_chardev.bc>:dev_write:%5	</harden/bcfiles/linux_bcfiles/rev_chardev.bc>:dev_write:%100
</harden/bcfiles/linux_bcfiles/rev_chardev.bc>:dev_write:%8	</harden/bcfiles/linux_bcfiles/rev_chardev.bc>:dev_write:%97
</harden/bcfiles/linux_bcfiles/rev_chardev.bc>:dev_write:%12	</harden/bcfiles/linux_bcfiles/rev_chardev.bc>:dev_write:%91
</harden/bcfiles/linux_bcfiles/rev_chardev.bc>:dev_write:%10	</harden/bcfiles/linux_bcfiles/rev_chardev.bc>:dev_write:%86
</harden/bcfiles/linux_bcfiles/rev_chardev.bc>:dev_write:%15	</harden/bcfiles/linux_bcfiles/rev_chardev.bc>:dev_write:%107
</harden/bcfiles/linux_bcfiles/rev_chardev.bc>:dev_write:%7	</harden/bcfiles/linux_bcfiles/rev_chardev.bc>:dev_write:%74
</harden/bcfiles/linux_bcfiles/rev_chardev.bc>:dev_write:%8	</harden/bcfiles/linux_bcfiles/rev_chardev.bc>:dev_write:%67
</harden/bcfiles/linux_bcfiles/rev_chardev.bc>:dev_write:%7	</harden/bcfiles/linux_bcfiles/rev_chardev.bc>:dev_write:%53
</harden/bcfiles/linux_bcfiles/rev_chardev.bc>:dev_write:%9	</harden/bcfiles/linux_bcfiles/rev_chardev.bc>:dev_write:%51
</harden/bcfiles/linux_bcfiles/rev_chardev.bc>:dev_write:%9	</harden/bcfiles/linux_bcfiles/rev_chardev.bc>:dev_write:%48
</harden/bcfiles/linux_bcfiles/rev_chardev.bc>:dev_write:%15	</harden/bcfiles/linux_bcfiles/rev_chardev.bc>:dev_write:%44
</harden/bcfiles/linux_bcfiles/rev_chardev.bc>:dev_write:%13	</harden/bcfiles/linux_bcfiles/rev_chardev.bc>:dev_write:%43
</harden/bcfiles/linux_bcfiles/rev_chardev.bc>:dev_write:%22	</harden/bcfiles/linux_bcfiles/rev_chardev.bc>:dev_write:%41
</harden/bcfiles/linux_bcfiles/rev_chardev.bc>:dev_write:%24	</harden/bcfiles/linux_bcfiles/rev_chardev.bc>:dev_write:%35
</harden/bcfiles/linux_bcfiles/rev_chardev.bc>:dev_write:%23	</harden/bcfiles/linux_bcfiles/rev_chardev.bc>:dev_write:%33
</harden/bcfiles/linux_bcfiles/rev_chardev.bc>:dev_write:%10	</harden/bcfiles/linux_bcfiles/rev_chardev.bc>:dev_write:%78
</harden/bcfiles/linux_bcfiles/rev_chardev.bc>:dev_write:%24	</harden/bcfiles/linux_bcfiles/rev_chardev.bc>:dev_write:%30
</harden/bcfiles/linux_bcfiles/rev_chardev.bc>:dev_write:%23	</harden/bcfiles/linux_bcfiles/rev_chardev.bc>:dev_write:%29
</harden/bcfiles/linux_bcfiles/rev_chardev.bc>:dev_write:%19	</harden/bcfiles/linux_bcfiles/rev_chardev.bc>:dev_write:%28
</harden/bcfiles/linux_bcfiles/rev_chardev.bc>:dev_write:%25	</harden/bcfiles/linux_bcfiles/rev_chardev.bc>:dev_write:%38
</harden/bcfiles/linux_bcfiles/rev_chardev.bc>:dev_write:%27	</harden/bcfiles/linux_bcfiles/rev_chardev.bc>:dev_write:%131
</harden/bcfiles/linux_bcfiles/rev_chardev.bc>:dev_write:160:0:@message_size	</harden/bcfiles/linux_bcfiles/rev_chardev.bc>:dev_write:%117
</harden/bcfiles/linux_bcfiles/rev_chardev.bc>:dev_write:%18	</harden/bcfiles/linux_bcfiles/rev_chardev.bc>:dev_write:%40
</harden/bcfiles/linux_bcfiles/rev_chardev.bc>:dev_open:%5	</harden/bcfiles/linux_bcfiles/rev_chardev.bc>:dev_open:%9
</harden/bcfiles/linux_bcfiles/rev_chardev.bc>:dev_release:%5	</harden/bcfiles/linux_bcfiles/rev_chardev.bc>:dev_release:%9
</harden/bcfiles/linux_bcfiles/rev_chardev.bc>:reverse_string:%5	</harden/bcfiles/linux_bcfiles/rev_chardev.bc>:reverse_string:%35
</harden/bcfiles/linux_bcfiles/rev_chardev.bc>:reverse_string:%5	</harden/bcfiles/linux_bcfiles/rev_chardev.bc>:reverse_string:%30
</harden/bcfiles/linux_bcfiles/rev_chardev.bc>:reverse_string:%4	</harden/bcfiles/linux_bcfiles/rev_chardev.bc>:reverse_string:%29
</harden/bcfiles/linux_bcfiles/rev_chardev.bc>:reverse_string:%3	</harden/bcfiles/linux_bcfiles/rev_chardev.bc>:reverse_string:%28
</harden/bcfiles/linux_bcfiles/rev_chardev.bc>:reverse_string:%6	</harden/bcfiles/linux_bcfiles/rev_chardev.bc>:reverse_string:%27
</harden/bcfiles/linux_bcfiles/rev_chardev.bc>:reverse_string:%5	</harden/bcfiles/linux_bcfiles/rev_chardev.bc>:reverse_string:%25
</harden/bcfiles/linux_bcfiles/rev_chardev.bc>:reverse_string:%3	</harden/bcfiles/linux_bcfiles/rev_chardev.bc>:reverse_string:%24
</harden/bcfiles/linux_bcfiles/rev_chardev.bc>:reverse_string:%22	</harden/bcfiles/linux_bcfiles/rev_chardev.bc>:reverse_string:%23
</harden/bcfiles/linux_bcfiles/rev_chardev.bc>:reverse_string:%5	</harden/bcfiles/linux_bcfiles/rev_chardev.bc>:reverse_string:%19
</harden/bcfiles/linux_bcfiles/rev_chardev.bc>:reverse_string:%4	</harden/bcfiles/linux_bcfiles/rev_chardev.bc>:reverse_string:%18
</harden/bcfiles/linux_bcfiles/rev_chardev.bc>:reverse_string:%3	</harden/bcfiles/linux_bcfiles/rev_chardev.bc>:reverse_string:%17
</harden/bcfiles/linux_bcfiles/rev_chardev.bc>:reverse_string:%15	</harden/bcfiles/linux_bcfiles/rev_chardev.bc>:reverse_string:%16
</harden/bcfiles/linux_bcfiles/rev_chardev.bc>:reverse_string:%3	</harden/bcfiles/linux_bcfiles/rev_chardev.bc>:reverse_string:%13
</harden/bcfiles/linux_bcfiles/rev_chardev.bc>:reverse_string:%4	</harden/bcfiles/linux_bcfiles/rev_chardev.bc>:reverse_string:%9
</harden/bcfiles/linux_bcfiles/rev_chardev.bc>:reverse_string:%5	</harden/bcfiles/linux_bcfiles/rev_chardev.bc>:reverse_string:%8
</harden/bcfiles/linux_bcfiles/rev_chardev.bc>:reverse_string:%5	</harden/bcfiles/linux_bcfiles/rev_chardev.bc>:reverse_string:%14
