</harden/bcfiles/linux_bcfiles/rev_chardev.bc>:reverse_init:49	</harden/bcfiles/linux_bcfiles/rev_chardev.bc>:IS_ERR:0
</harden/bcfiles/linux_bcfiles/rev_chardev.bc>:reverse_init:61	</harden/bcfiles/linux_bcfiles/rev_chardev.bc>:PTR_ERR:0
</harden/bcfiles/linux_bcfiles/rev_chardev.bc>:reverse_init:74	</harden/bcfiles/linux_bcfiles/rev_chardev.bc>:IS_ERR:0
</harden/bcfiles/linux_bcfiles/rev_chardev.bc>:reverse_init:88	</harden/bcfiles/linux_bcfiles/rev_chardev.bc>:PTR_ERR:0
</harden/bcfiles/linux_bcfiles/rev_chardev.bc>:dev_read:112	</harden/bcfiles/linux_bcfiles/rev_chardev.bc>:copy_overflow:0
</harden/bcfiles/linux_bcfiles/rev_chardev.bc>:dev_read:156	</harden/bcfiles/linux_bcfiles/rev_chardev.bc>:check_object_size:0
</harden/bcfiles/linux_bcfiles/rev_chardev.bc>:dev_write:92	</harden/bcfiles/linux_bcfiles/rev_chardev.bc>:copy_overflow:0
</harden/bcfiles/linux_bcfiles/rev_chardev.bc>:dev_write:136	</harden/bcfiles/linux_bcfiles/rev_chardev.bc>:check_object_size:0
</harden/bcfiles/linux_bcfiles/rev_chardev.bc>:dev_write:162	</harden/bcfiles/linux_bcfiles/rev_chardev.bc>:reverse_string:0
