</harden/bcfiles/linux_bcfiles/rev_chardev.bc>:reverse_init:%10	</harden/bcfiles/linux_bcfiles/rev_chardev.bc>:reverse_init:%3	</harden/bcfiles/linux_bcfiles/rev_chardev.bc>:reverse_init:14	93
</harden/bcfiles/linux_bcfiles/rev_chardev.bc>:reverse_init:%21	</harden/bcfiles/linux_bcfiles/rev_chardev.bc>:reverse_init:%3	</harden/bcfiles/linux_bcfiles/rev_chardev.bc>:reverse_init:29	101
</harden/bcfiles/linux_bcfiles/rev_chardev.bc>:reverse_init:%26	</harden/bcfiles/linux_bcfiles/rev_chardev.bc>:reverse_init:%3	</harden/bcfiles/linux_bcfiles/rev_chardev.bc>:reverse_init:35	103
</harden/bcfiles/linux_bcfiles/rev_chardev.bc>:reverse_init:%35	</harden/bcfiles/linux_bcfiles/rev_chardev.bc>:reverse_init:%34	</harden/bcfiles/linux_bcfiles/rev_chardev.bc>:reverse_init:48	110
</harden/bcfiles/linux_bcfiles/rev_chardev.bc>:reverse_init:%38	</harden/bcfiles/linux_bcfiles/rev_chardev.bc>:reverse_init:%3	</harden/bcfiles/linux_bcfiles/rev_chardev.bc>:reverse_init:52	112
</harden/bcfiles/linux_bcfiles/rev_chardev.bc>:reverse_init:%44	</harden/bcfiles/linux_bcfiles/rev_chardev.bc>:reverse_init:%43	</harden/bcfiles/linux_bcfiles/rev_chardev.bc>:reverse_init:60	114
</harden/bcfiles/linux_bcfiles/rev_chardev.bc>:reverse_init:%50	</harden/bcfiles/linux_bcfiles/rev_chardev.bc>:reverse_init:68:0:@reverseClass	</harden/bcfiles/linux_bcfiles/rev_chardev.bc>:reverse_init:68	121
</harden/bcfiles/linux_bcfiles/rev_chardev.bc>:reverse_init:%51	</harden/bcfiles/linux_bcfiles/rev_chardev.bc>:reverse_init:%3	</harden/bcfiles/linux_bcfiles/rev_chardev.bc>:reverse_init:69	121
</harden/bcfiles/linux_bcfiles/rev_chardev.bc>:reverse_init:%54	</harden/bcfiles/linux_bcfiles/rev_chardev.bc>:reverse_init:%53	</harden/bcfiles/linux_bcfiles/rev_chardev.bc>:reverse_init:73	122
</harden/bcfiles/linux_bcfiles/rev_chardev.bc>:reverse_init:%57	</harden/bcfiles/linux_bcfiles/rev_chardev.bc>:reverse_init:76:0:@reverseClass	</harden/bcfiles/linux_bcfiles/rev_chardev.bc>:reverse_init:76	123
</harden/bcfiles/linux_bcfiles/rev_chardev.bc>:reverse_init:%58	</harden/bcfiles/linux_bcfiles/rev_chardev.bc>:reverse_init:%3	</harden/bcfiles/linux_bcfiles/rev_chardev.bc>:reverse_init:79	125
</harden/bcfiles/linux_bcfiles/rev_chardev.bc>:reverse_init:%64	</harden/bcfiles/linux_bcfiles/rev_chardev.bc>:reverse_init:%63	</harden/bcfiles/linux_bcfiles/rev_chardev.bc>:reverse_init:87	127
</harden/bcfiles/linux_bcfiles/rev_chardev.bc>:reverse_exit:%3	</harden/bcfiles/linux_bcfiles/rev_chardev.bc>:reverse_exit:4:0:@reverseClass	</harden/bcfiles/linux_bcfiles/rev_chardev.bc>:reverse_exit:4	142
</harden/bcfiles/linux_bcfiles/rev_chardev.bc>:reverse_exit:%4	</harden/bcfiles/linux_bcfiles/rev_chardev.bc>:reverse_exit:%1	</harden/bcfiles/linux_bcfiles/rev_chardev.bc>:reverse_exit:5	142
</harden/bcfiles/linux_bcfiles/rev_chardev.bc>:reverse_exit:%5	</harden/bcfiles/linux_bcfiles/rev_chardev.bc>:reverse_exit:7:0:@reverseClass	</harden/bcfiles/linux_bcfiles/rev_chardev.bc>:reverse_exit:7	143
</harden/bcfiles/linux_bcfiles/rev_chardev.bc>:reverse_exit:%6	</harden/bcfiles/linux_bcfiles/rev_chardev.bc>:reverse_exit:9:0:@reverseClass	</harden/bcfiles/linux_bcfiles/rev_chardev.bc>:reverse_exit:9	144
</harden/bcfiles/linux_bcfiles/rev_chardev.bc>:reverse_exit:%7	</harden/bcfiles/linux_bcfiles/rev_chardev.bc>:reverse_exit:%1	</harden/bcfiles/linux_bcfiles/rev_chardev.bc>:reverse_exit:12	146
</harden/bcfiles/linux_bcfiles/rev_chardev.bc>:dev_read:%62	</harden/bcfiles/linux_bcfiles/rev_chardev.bc>:dev_read:%6	</harden/bcfiles/linux_bcfiles/rev_chardev.bc>:dev_read:90	239
</harden/bcfiles/linux_bcfiles/rev_chardev.bc>:dev_read:%78	</harden/bcfiles/linux_bcfiles/rev_chardev.bc>:dev_read:%7	</harden/bcfiles/linux_bcfiles/rev_chardev.bc>:dev_read:107	241
</harden/bcfiles/linux_bcfiles/rev_chardev.bc>:dev_read:%81	</harden/bcfiles/linux_bcfiles/rev_chardev.bc>:dev_read:%9	</harden/bcfiles/linux_bcfiles/rev_chardev.bc>:dev_read:110	242
</harden/bcfiles/linux_bcfiles/rev_chardev.bc>:dev_read:%82	</harden/bcfiles/linux_bcfiles/rev_chardev.bc>:dev_read:%7	</harden/bcfiles/linux_bcfiles/rev_chardev.bc>:dev_read:111	242
</harden/bcfiles/linux_bcfiles/rev_chardev.bc>:dev_read:%101	</harden/bcfiles/linux_bcfiles/rev_chardev.bc>:dev_read:%11	</harden/bcfiles/linux_bcfiles/rev_chardev.bc>:dev_read:138	249
</harden/bcfiles/linux_bcfiles/rev_chardev.bc>:dev_read:%112	</harden/bcfiles/linux_bcfiles/rev_chardev.bc>:dev_read:%6	</harden/bcfiles/linux_bcfiles/rev_chardev.bc>:dev_read:152	251
</harden/bcfiles/linux_bcfiles/rev_chardev.bc>:dev_read:%113	</harden/bcfiles/linux_bcfiles/rev_chardev.bc>:dev_read:%7	</harden/bcfiles/linux_bcfiles/rev_chardev.bc>:dev_read:153	251
</harden/bcfiles/linux_bcfiles/rev_chardev.bc>:dev_read:%115	</harden/bcfiles/linux_bcfiles/rev_chardev.bc>:dev_read:%114	</harden/bcfiles/linux_bcfiles/rev_chardev.bc>:dev_read:155	251
</harden/bcfiles/linux_bcfiles/rev_chardev.bc>:dev_read:%119	</harden/bcfiles/linux_bcfiles/rev_chardev.bc>:dev_read:%13	</harden/bcfiles/linux_bcfiles/rev_chardev.bc>:dev_read:161	191
</harden/bcfiles/linux_bcfiles/rev_chardev.bc>:dev_read:%120	</harden/bcfiles/linux_bcfiles/rev_chardev.bc>:dev_read:%14	</harden/bcfiles/linux_bcfiles/rev_chardev.bc>:dev_read:162	191
</harden/bcfiles/linux_bcfiles/rev_chardev.bc>:dev_read:%121	</harden/bcfiles/linux_bcfiles/rev_chardev.bc>:dev_read:%15	</harden/bcfiles/linux_bcfiles/rev_chardev.bc>:dev_read:163	191
</harden/bcfiles/linux_bcfiles/rev_chardev.bc>:dev_read:%136	</harden/bcfiles/linux_bcfiles/rev_chardev.bc>:dev_read:%22	</harden/bcfiles/linux_bcfiles/rev_chardev.bc>:dev_read:181	196
</harden/bcfiles/linux_bcfiles/rev_chardev.bc>:dev_read:%144	</harden/bcfiles/linux_bcfiles/rev_chardev.bc>:dev_read:%21	</harden/bcfiles/linux_bcfiles/rev_chardev.bc>:dev_read:192	200
</harden/bcfiles/linux_bcfiles/rev_chardev.bc>:dev_write:%45	</harden/bcfiles/linux_bcfiles/rev_chardev.bc>:dev_write:%6	</harden/bcfiles/linux_bcfiles/rev_chardev.bc>:dev_write:70	239
</harden/bcfiles/linux_bcfiles/rev_chardev.bc>:dev_write:%61	</harden/bcfiles/linux_bcfiles/rev_chardev.bc>:dev_write:%7	</harden/bcfiles/linux_bcfiles/rev_chardev.bc>:dev_write:87	241
</harden/bcfiles/linux_bcfiles/rev_chardev.bc>:dev_write:%64	</harden/bcfiles/linux_bcfiles/rev_chardev.bc>:dev_write:%9	</harden/bcfiles/linux_bcfiles/rev_chardev.bc>:dev_write:90	242
</harden/bcfiles/linux_bcfiles/rev_chardev.bc>:dev_write:%65	</harden/bcfiles/linux_bcfiles/rev_chardev.bc>:dev_write:%7	</harden/bcfiles/linux_bcfiles/rev_chardev.bc>:dev_write:91	242
</harden/bcfiles/linux_bcfiles/rev_chardev.bc>:dev_write:%84	</harden/bcfiles/linux_bcfiles/rev_chardev.bc>:dev_write:%11	</harden/bcfiles/linux_bcfiles/rev_chardev.bc>:dev_write:118	249
</harden/bcfiles/linux_bcfiles/rev_chardev.bc>:dev_write:%95	</harden/bcfiles/linux_bcfiles/rev_chardev.bc>:dev_write:%6	</harden/bcfiles/linux_bcfiles/rev_chardev.bc>:dev_write:132	251
</harden/bcfiles/linux_bcfiles/rev_chardev.bc>:dev_write:%96	</harden/bcfiles/linux_bcfiles/rev_chardev.bc>:dev_write:%7	</harden/bcfiles/linux_bcfiles/rev_chardev.bc>:dev_write:133	251
</harden/bcfiles/linux_bcfiles/rev_chardev.bc>:dev_write:%98	</harden/bcfiles/linux_bcfiles/rev_chardev.bc>:dev_write:%97	</harden/bcfiles/linux_bcfiles/rev_chardev.bc>:dev_write:135	251
</harden/bcfiles/linux_bcfiles/rev_chardev.bc>:dev_write:%102	</harden/bcfiles/linux_bcfiles/rev_chardev.bc>:dev_write:%13	</harden/bcfiles/linux_bcfiles/rev_chardev.bc>:dev_write:141	183
</harden/bcfiles/linux_bcfiles/rev_chardev.bc>:dev_write:%103	</harden/bcfiles/linux_bcfiles/rev_chardev.bc>:dev_write:%14	</harden/bcfiles/linux_bcfiles/rev_chardev.bc>:dev_write:142	183
</harden/bcfiles/linux_bcfiles/rev_chardev.bc>:dev_write:%104	</harden/bcfiles/linux_bcfiles/rev_chardev.bc>:dev_write:%15	</harden/bcfiles/linux_bcfiles/rev_chardev.bc>:dev_write:143	183
</harden/bcfiles/linux_bcfiles/rev_chardev.bc>:dev_write:%118	</harden/bcfiles/linux_bcfiles/rev_chardev.bc>:dev_write:%117	</harden/bcfiles/linux_bcfiles/rev_chardev.bc>:dev_write:161	225
</harden/bcfiles/linux_bcfiles/rev_chardev.bc>:dev_write:%121	</harden/bcfiles/linux_bcfiles/rev_chardev.bc>:dev_write:%22	</harden/bcfiles/linux_bcfiles/rev_chardev.bc>:dev_write:165	226
</harden/bcfiles/linux_bcfiles/rev_chardev.bc>:dev_write:%129	</harden/bcfiles/linux_bcfiles/rev_chardev.bc>:dev_write:%21	</harden/bcfiles/linux_bcfiles/rev_chardev.bc>:dev_write:176	230
</harden/bcfiles/linux_bcfiles/rev_chardev.bc>:copy_overflow:%5	</harden/bcfiles/linux_bcfiles/rev_chardev.bc>:copy_overflow:%3	</harden/bcfiles/linux_bcfiles/rev_chardev.bc>:copy_overflow:6	233
</harden/bcfiles/linux_bcfiles/rev_chardev.bc>:copy_overflow:%6	</harden/bcfiles/linux_bcfiles/rev_chardev.bc>:copy_overflow:%4	</harden/bcfiles/linux_bcfiles/rev_chardev.bc>:copy_overflow:7	233
</harden/bcfiles/linux_bcfiles/rev_chardev.bc>:reverse_init:46:0:@reverseClass	</harden/bcfiles/linux_bcfiles/rev_chardev.bc>:reverse_init:%33	</harden/bcfiles/linux_bcfiles/rev_chardev.bc>:reverse_init:46	109
</harden/bcfiles/linux_bcfiles/rev_chardev.bc>:dev_write:155:0:@message_size	</harden/bcfiles/linux_bcfiles/rev_chardev.bc>:dev_write:%113	</harden/bcfiles/linux_bcfiles/rev_chardev.bc>:dev_write:155	223
</harden/bcfiles/linux_bcfiles/rev_chardev.bc>:reverse_init:%73	</harden/bcfiles/linux_bcfiles/rev_chardev.bc>:reverse_init:%1	</harden/bcfiles/linux_bcfiles/rev_chardev.bc>:reverse_init:99	132
</harden/bcfiles/linux_bcfiles/rev_chardev.bc>:reverse_init:%71	</harden/bcfiles/linux_bcfiles/rev_chardev.bc>:reverse_init:%9	</harden/bcfiles/linux_bcfiles/rev_chardev.bc>:reverse_init:96	130
</harden/bcfiles/linux_bcfiles/rev_chardev.bc>:reverse_init:%66	</harden/bcfiles/linux_bcfiles/rev_chardev.bc>:reverse_init:%65	</harden/bcfiles/linux_bcfiles/rev_chardev.bc>:reverse_init:89	127
</harden/bcfiles/linux_bcfiles/rev_chardev.bc>:reverse_init:%63	</harden/bcfiles/linux_bcfiles/rev_chardev.bc>:reverse_init:%4	</harden/bcfiles/linux_bcfiles/rev_chardev.bc>:reverse_init:86	127
</harden/bcfiles/linux_bcfiles/rev_chardev.bc>:reverse_init:%62	</harden/bcfiles/linux_bcfiles/rev_chardev.bc>:reverse_init:%8	</harden/bcfiles/linux_bcfiles/rev_chardev.bc>:reverse_init:85	126
</harden/bcfiles/linux_bcfiles/rev_chardev.bc>:reverse_init:%53	</harden/bcfiles/linux_bcfiles/rev_chardev.bc>:reverse_init:%4	</harden/bcfiles/linux_bcfiles/rev_chardev.bc>:reverse_init:72	122
</harden/bcfiles/linux_bcfiles/rev_chardev.bc>:reverse_init:%43	</harden/bcfiles/linux_bcfiles/rev_chardev.bc>:reverse_init:59:0:@reverseClass	</harden/bcfiles/linux_bcfiles/rev_chardev.bc>:reverse_init:59	114
</harden/bcfiles/linux_bcfiles/rev_chardev.bc>:reverse_init:%34	</harden/bcfiles/linux_bcfiles/rev_chardev.bc>:reverse_init:47:0:@reverseClass	</harden/bcfiles/linux_bcfiles/rev_chardev.bc>:reverse_init:47	110
</harden/bcfiles/linux_bcfiles/rev_chardev.bc>:reverse_init:%31	</harden/bcfiles/linux_bcfiles/rev_chardev.bc>:reverse_init:%2	</harden/bcfiles/linux_bcfiles/rev_chardev.bc>:reverse_init:42	105
</harden/bcfiles/linux_bcfiles/rev_chardev.bc>:reverse_init:%30	</harden/bcfiles/linux_bcfiles/rev_chardev.bc>:reverse_init:%6	</harden/bcfiles/linux_bcfiles/rev_chardev.bc>:reverse_init:41	104
</harden/bcfiles/linux_bcfiles/rev_chardev.bc>:reverse_init:%42	</harden/bcfiles/linux_bcfiles/rev_chardev.bc>:reverse_init:%7	</harden/bcfiles/linux_bcfiles/rev_chardev.bc>:reverse_init:58	113
</harden/bcfiles/linux_bcfiles/rev_chardev.bc>:reverse_init:%19	</harden/bcfiles/linux_bcfiles/rev_chardev.bc>:reverse_init:%2	</harden/bcfiles/linux_bcfiles/rev_chardev.bc>:reverse_init:25	96
</harden/bcfiles/linux_bcfiles/rev_chardev.bc>:reverse_init:%46	</harden/bcfiles/linux_bcfiles/rev_chardev.bc>:reverse_init:%45	</harden/bcfiles/linux_bcfiles/rev_chardev.bc>:reverse_init:62	114
</harden/bcfiles/linux_bcfiles/rev_chardev.bc>:reverse_init:%12	</harden/bcfiles/linux_bcfiles/rev_chardev.bc>:reverse_init:%2	</harden/bcfiles/linux_bcfiles/rev_chardev.bc>:reverse_init:17	94
</harden/bcfiles/linux_bcfiles/rev_chardev.bc>:reverse_init:%8	</harden/bcfiles/linux_bcfiles/rev_chardev.bc>:reverse_init:%61	</harden/bcfiles/linux_bcfiles/rev_chardev.bc>:reverse_init:84	126
</harden/bcfiles/linux_bcfiles/rev_chardev.bc>:reverse_init:%7	</harden/bcfiles/linux_bcfiles/rev_chardev.bc>:reverse_init:%41	</harden/bcfiles/linux_bcfiles/rev_chardev.bc>:reverse_init:57	113
</harden/bcfiles/linux_bcfiles/rev_chardev.bc>:reverse_init:%23	</harden/bcfiles/linux_bcfiles/rev_chardev.bc>:reverse_init:%2	</harden/bcfiles/linux_bcfiles/rev_chardev.bc>:reverse_init:32	102
</harden/bcfiles/linux_bcfiles/rev_chardev.bc>:reverse_init:%49	</harden/bcfiles/linux_bcfiles/rev_chardev.bc>:reverse_init:67:0:@rev_devnode	</harden/bcfiles/linux_bcfiles/rev_chardev.bc>:reverse_init:67	118
</harden/bcfiles/linux_bcfiles/rev_chardev.bc>:reverse_init:%49	</harden/bcfiles/linux_bcfiles/rev_chardev.bc>:reverse_init:66:0:0	</harden/bcfiles/linux_bcfiles/rev_chardev.bc>:reverse_init:66	118
</harden/bcfiles/linux_bcfiles/rev_chardev.bc>:reverse_init:%49	</harden/bcfiles/linux_bcfiles/rev_chardev.bc>:reverse_init:66:1:4	</harden/bcfiles/linux_bcfiles/rev_chardev.bc>:reverse_init:66	118
</harden/bcfiles/linux_bcfiles/rev_chardev.bc>:reverse_init:%49	</harden/bcfiles/linux_bcfiles/rev_chardev.bc>:reverse_init:%48	</harden/bcfiles/linux_bcfiles/rev_chardev.bc>:reverse_init:66	118
</harden/bcfiles/linux_bcfiles/rev_chardev.bc>:reverse_init:%18	</harden/bcfiles/linux_bcfiles/rev_chardev.bc>:reverse_init:%5	</harden/bcfiles/linux_bcfiles/rev_chardev.bc>:reverse_init:24	95
</harden/bcfiles/linux_bcfiles/rev_chardev.bc>:reverse_init:%6	</harden/bcfiles/linux_bcfiles/rev_chardev.bc>:reverse_init:%29	</harden/bcfiles/linux_bcfiles/rev_chardev.bc>:reverse_init:40	104
</harden/bcfiles/linux_bcfiles/rev_chardev.bc>:reverse_init:%5	</harden/bcfiles/linux_bcfiles/rev_chardev.bc>:reverse_init:%17	</harden/bcfiles/linux_bcfiles/rev_chardev.bc>:reverse_init:23	95
</harden/bcfiles/linux_bcfiles/rev_chardev.bc>:reverse_init:%24	</harden/bcfiles/linux_bcfiles/rev_chardev.bc>:reverse_init:33:0:0	</harden/bcfiles/linux_bcfiles/rev_chardev.bc>:reverse_init:33	102
</harden/bcfiles/linux_bcfiles/rev_chardev.bc>:reverse_init:%24	</harden/bcfiles/linux_bcfiles/rev_chardev.bc>:reverse_init:%23	</harden/bcfiles/linux_bcfiles/rev_chardev.bc>:reverse_init:33	102
</harden/bcfiles/linux_bcfiles/rev_chardev.bc>:reverse_init:%4	</harden/bcfiles/linux_bcfiles/rev_chardev.bc>:reverse_init:13:0:null	</harden/bcfiles/linux_bcfiles/rev_chardev.bc>:reverse_init:13	90
</harden/bcfiles/linux_bcfiles/rev_chardev.bc>:reverse_init:%4	</harden/bcfiles/linux_bcfiles/rev_chardev.bc>:reverse_init:%52	</harden/bcfiles/linux_bcfiles/rev_chardev.bc>:reverse_init:71	121
</harden/bcfiles/linux_bcfiles/rev_chardev.bc>:reverse_init:%13	</harden/bcfiles/linux_bcfiles/rev_chardev.bc>:reverse_init:18:0:0	</harden/bcfiles/linux_bcfiles/rev_chardev.bc>:reverse_init:18	94
</harden/bcfiles/linux_bcfiles/rev_chardev.bc>:reverse_init:%13	</harden/bcfiles/linux_bcfiles/rev_chardev.bc>:reverse_init:%12	</harden/bcfiles/linux_bcfiles/rev_chardev.bc>:reverse_init:18	94
</harden/bcfiles/linux_bcfiles/rev_chardev.bc>:reverse_init:%48	</harden/bcfiles/linux_bcfiles/rev_chardev.bc>:reverse_init:65:0:@reverseClass	</harden/bcfiles/linux_bcfiles/rev_chardev.bc>:reverse_init:65	118
</harden/bcfiles/linux_bcfiles/rev_chardev.bc>:reverse_init:%3	</harden/bcfiles/linux_bcfiles/rev_chardev.bc>:reverse_init:11:0:252706816	</harden/bcfiles/linux_bcfiles/rev_chardev.bc>:reverse_init:11	89
</harden/bcfiles/linux_bcfiles/rev_chardev.bc>:reverse_init:%9	</harden/bcfiles/linux_bcfiles/rev_chardev.bc>:reverse_init:%70	</harden/bcfiles/linux_bcfiles/rev_chardev.bc>:reverse_init:95	130
</harden/bcfiles/linux_bcfiles/rev_chardev.bc>:reverse_init:%2	</harden/bcfiles/linux_bcfiles/rev_chardev.bc>:reverse_init:%11	</harden/bcfiles/linux_bcfiles/rev_chardev.bc>:reverse_init:16	93
</harden/bcfiles/linux_bcfiles/rev_chardev.bc>:reverse_init:%2	</harden/bcfiles/linux_bcfiles/rev_chardev.bc>:reverse_init:%22	</harden/bcfiles/linux_bcfiles/rev_chardev.bc>:reverse_init:31	101
</harden/bcfiles/linux_bcfiles/rev_chardev.bc>:reverse_init:%1	</harden/bcfiles/linux_bcfiles/rev_chardev.bc>:reverse_init:97:0:0	</harden/bcfiles/linux_bcfiles/rev_chardev.bc>:reverse_init:97	131
</harden/bcfiles/linux_bcfiles/rev_chardev.bc>:reverse_init:%1	</harden/bcfiles/linux_bcfiles/rev_chardev.bc>:reverse_init:%66	</harden/bcfiles/linux_bcfiles/rev_chardev.bc>:reverse_init:90	127
</harden/bcfiles/linux_bcfiles/rev_chardev.bc>:reverse_init:%1	</harden/bcfiles/linux_bcfiles/rev_chardev.bc>:reverse_init:%31	</harden/bcfiles/linux_bcfiles/rev_chardev.bc>:reverse_init:43	105
</harden/bcfiles/linux_bcfiles/rev_chardev.bc>:reverse_init:%1	</harden/bcfiles/linux_bcfiles/rev_chardev.bc>:reverse_init:%19	</harden/bcfiles/linux_bcfiles/rev_chardev.bc>:reverse_init:26	96
</harden/bcfiles/linux_bcfiles/rev_chardev.bc>:reverse_init:%1	</harden/bcfiles/linux_bcfiles/rev_chardev.bc>:reverse_init:%46	</harden/bcfiles/linux_bcfiles/rev_chardev.bc>:reverse_init:63	114
</harden/bcfiles/linux_bcfiles/rev_chardev.bc>:reverse_exit:%11	</harden/bcfiles/linux_bcfiles/rev_chardev.bc>:reverse_exit:%2	</harden/bcfiles/linux_bcfiles/rev_chardev.bc>:reverse_exit:18	147
</harden/bcfiles/linux_bcfiles/rev_chardev.bc>:reverse_exit:%2	</harden/bcfiles/linux_bcfiles/rev_chardev.bc>:reverse_exit:%10	</harden/bcfiles/linux_bcfiles/rev_chardev.bc>:reverse_exit:17	147
</harden/bcfiles/linux_bcfiles/rev_chardev.bc>:reverse_exit:%1	</harden/bcfiles/linux_bcfiles/rev_chardev.bc>:reverse_exit:3:0:252706816	</harden/bcfiles/linux_bcfiles/rev_chardev.bc>:reverse_exit:3	141
</harden/bcfiles/linux_bcfiles/rev_chardev.bc>:IS_ERR:%12	</harden/bcfiles/linux_bcfiles/rev_chardev.bc>:IS_ERR:12:0:0	</harden/bcfiles/linux_bcfiles/rev_chardev.bc>:IS_ERR:12	61
</harden/bcfiles/linux_bcfiles/rev_chardev.bc>:IS_ERR:%12	</harden/bcfiles/linux_bcfiles/rev_chardev.bc>:IS_ERR:%11	</harden/bcfiles/linux_bcfiles/rev_chardev.bc>:IS_ERR:12	61
</harden/bcfiles/linux_bcfiles/rev_chardev.bc>:IS_ERR:%11	</harden/bcfiles/linux_bcfiles/rev_chardev.bc>:IS_ERR:%10	</harden/bcfiles/linux_bcfiles/rev_chardev.bc>:IS_ERR:11	61
</harden/bcfiles/linux_bcfiles/rev_chardev.bc>:IS_ERR:%10	</harden/bcfiles/linux_bcfiles/rev_chardev.bc>:IS_ERR:%9	</harden/bcfiles/linux_bcfiles/rev_chardev.bc>:IS_ERR:10	61
</harden/bcfiles/linux_bcfiles/rev_chardev.bc>:IS_ERR:%9	</harden/bcfiles/linux_bcfiles/rev_chardev.bc>:IS_ERR:9:0:true	</harden/bcfiles/linux_bcfiles/rev_chardev.bc>:IS_ERR:9	61
</harden/bcfiles/linux_bcfiles/rev_chardev.bc>:IS_ERR:%9	</harden/bcfiles/linux_bcfiles/rev_chardev.bc>:IS_ERR:%8	</harden/bcfiles/linux_bcfiles/rev_chardev.bc>:IS_ERR:9	61
</harden/bcfiles/linux_bcfiles/rev_chardev.bc>:IS_ERR:%8	</harden/bcfiles/linux_bcfiles/rev_chardev.bc>:IS_ERR:8:0:true	</harden/bcfiles/linux_bcfiles/rev_chardev.bc>:IS_ERR:8	61
</harden/bcfiles/linux_bcfiles/rev_chardev.bc>:IS_ERR:%8	</harden/bcfiles/linux_bcfiles/rev_chardev.bc>:IS_ERR:%7	</harden/bcfiles/linux_bcfiles/rev_chardev.bc>:IS_ERR:8	61
</harden/bcfiles/linux_bcfiles/rev_chardev.bc>:IS_ERR:%7	</harden/bcfiles/linux_bcfiles/rev_chardev.bc>:IS_ERR:7:0:-4095	</harden/bcfiles/linux_bcfiles/rev_chardev.bc>:IS_ERR:7	61
</harden/bcfiles/linux_bcfiles/rev_chardev.bc>:IS_ERR:%7	</harden/bcfiles/linux_bcfiles/rev_chardev.bc>:IS_ERR:%6	</harden/bcfiles/linux_bcfiles/rev_chardev.bc>:IS_ERR:7	61
</harden/bcfiles/linux_bcfiles/rev_chardev.bc>:IS_ERR:%6	</harden/bcfiles/linux_bcfiles/rev_chardev.bc>:IS_ERR:%5	</harden/bcfiles/linux_bcfiles/rev_chardev.bc>:IS_ERR:6	61
</harden/bcfiles/linux_bcfiles/rev_chardev.bc>:IS_ERR:%5	</harden/bcfiles/linux_bcfiles/rev_chardev.bc>:IS_ERR:%4	</harden/bcfiles/linux_bcfiles/rev_chardev.bc>:IS_ERR:5	61
</harden/bcfiles/linux_bcfiles/rev_chardev.bc>:IS_ERR:%4	</harden/bcfiles/linux_bcfiles/rev_chardev.bc>:IS_ERR:%3	</harden/bcfiles/linux_bcfiles/rev_chardev.bc>:IS_ERR:4	61
</harden/bcfiles/linux_bcfiles/rev_chardev.bc>:IS_ERR:%3	</harden/bcfiles/linux_bcfiles/rev_chardev.bc>:IS_ERR:%2	</harden/bcfiles/linux_bcfiles/rev_chardev.bc>:IS_ERR:3	61
</harden/bcfiles/linux_bcfiles/rev_chardev.bc>:IS_ERR:%2	</harden/bcfiles/linux_bcfiles/rev_chardev.bc>:IS_ERR:%0	</harden/bcfiles/linux_bcfiles/rev_chardev.bc>:IS_ERR:1	-1
</harden/bcfiles/linux_bcfiles/rev_chardev.bc>:PTR_ERR:%4	</harden/bcfiles/linux_bcfiles/rev_chardev.bc>:PTR_ERR:%3	</harden/bcfiles/linux_bcfiles/rev_chardev.bc>:PTR_ERR:4	51
</harden/bcfiles/linux_bcfiles/rev_chardev.bc>:PTR_ERR:%3	</harden/bcfiles/linux_bcfiles/rev_chardev.bc>:PTR_ERR:%2	</harden/bcfiles/linux_bcfiles/rev_chardev.bc>:PTR_ERR:3	51
</harden/bcfiles/linux_bcfiles/rev_chardev.bc>:PTR_ERR:%2	</harden/bcfiles/linux_bcfiles/rev_chardev.bc>:PTR_ERR:%0	</harden/bcfiles/linux_bcfiles/rev_chardev.bc>:PTR_ERR:1	-1
</harden/bcfiles/linux_bcfiles/rev_chardev.bc>:rev_devnode:%8	</harden/bcfiles/linux_bcfiles/rev_chardev.bc>:rev_devnode:10:0:438	</harden/bcfiles/linux_bcfiles/rev_chardev.bc>:rev_devnode:10	76
</harden/bcfiles/linux_bcfiles/rev_chardev.bc>:rev_devnode:%8	</harden/bcfiles/linux_bcfiles/rev_chardev.bc>:rev_devnode:%4	</harden/bcfiles/linux_bcfiles/rev_chardev.bc>:rev_devnode:9	76
</harden/bcfiles/linux_bcfiles/rev_chardev.bc>:rev_devnode:%6	</harden/bcfiles/linux_bcfiles/rev_chardev.bc>:rev_devnode:7:0:null	</harden/bcfiles/linux_bcfiles/rev_chardev.bc>:rev_devnode:7	75
</harden/bcfiles/linux_bcfiles/rev_chardev.bc>:rev_devnode:%6	</harden/bcfiles/linux_bcfiles/rev_chardev.bc>:rev_devnode:%5	</harden/bcfiles/linux_bcfiles/rev_chardev.bc>:rev_devnode:7	75
</harden/bcfiles/linux_bcfiles/rev_chardev.bc>:rev_devnode:%5	</harden/bcfiles/linux_bcfiles/rev_chardev.bc>:rev_devnode:%4	</harden/bcfiles/linux_bcfiles/rev_chardev.bc>:rev_devnode:6	75
</harden/bcfiles/linux_bcfiles/rev_chardev.bc>:rev_devnode:%4	</harden/bcfiles/linux_bcfiles/rev_chardev.bc>:rev_devnode:%1	</harden/bcfiles/linux_bcfiles/rev_chardev.bc>:rev_devnode:4	-1
</harden/bcfiles/linux_bcfiles/rev_chardev.bc>:rev_devnode:%3	</harden/bcfiles/linux_bcfiles/rev_chardev.bc>:rev_devnode:%0	</harden/bcfiles/linux_bcfiles/rev_chardev.bc>:rev_devnode:2	-1
</harden/bcfiles/linux_bcfiles/rev_chardev.bc>:dev_read:%148	</harden/bcfiles/linux_bcfiles/rev_chardev.bc>:dev_read:%16	</harden/bcfiles/linux_bcfiles/rev_chardev.bc>:dev_read:199	204
</harden/bcfiles/linux_bcfiles/rev_chardev.bc>:dev_read:%140	</harden/bcfiles/linux_bcfiles/rev_chardev.bc>:dev_read:%139	</harden/bcfiles/linux_bcfiles/rev_chardev.bc>:dev_read:187	198
</harden/bcfiles/linux_bcfiles/rev_chardev.bc>:dev_read:%138	</harden/bcfiles/linux_bcfiles/rev_chardev.bc>:dev_read:%27	</harden/bcfiles/linux_bcfiles/rev_chardev.bc>:dev_read:184	196
</harden/bcfiles/linux_bcfiles/rev_chardev.bc>:dev_read:%132	</harden/bcfiles/linux_bcfiles/rev_chardev.bc>:dev_read:%131	</harden/bcfiles/linux_bcfiles/rev_chardev.bc>:dev_read:176	195
</harden/bcfiles/linux_bcfiles/rev_chardev.bc>:dev_read:%130	</harden/bcfiles/linux_bcfiles/rev_chardev.bc>:dev_read:%129	</harden/bcfiles/linux_bcfiles/rev_chardev.bc>:dev_read:174	195
</harden/bcfiles/linux_bcfiles/rev_chardev.bc>:dev_read:%129	</harden/bcfiles/linux_bcfiles/rev_chardev.bc>:dev_read:%22	</harden/bcfiles/linux_bcfiles/rev_chardev.bc>:dev_read:173	195
</harden/bcfiles/linux_bcfiles/rev_chardev.bc>:dev_read:%126	</harden/bcfiles/linux_bcfiles/rev_chardev.bc>:dev_read:%21	</harden/bcfiles/linux_bcfiles/rev_chardev.bc>:dev_read:170	194
</harden/bcfiles/linux_bcfiles/rev_chardev.bc>:dev_read:%125	</harden/bcfiles/linux_bcfiles/rev_chardev.bc>:dev_read:%124	</harden/bcfiles/linux_bcfiles/rev_chardev.bc>:dev_read:168	193
</harden/bcfiles/linux_bcfiles/rev_chardev.bc>:dev_read:%114	</harden/bcfiles/linux_bcfiles/rev_chardev.bc>:dev_read:%8	</harden/bcfiles/linux_bcfiles/rev_chardev.bc>:dev_read:154	251
</harden/bcfiles/linux_bcfiles/rev_chardev.bc>:dev_read:%133	</harden/bcfiles/linux_bcfiles/rev_chardev.bc>:dev_read:%132	</harden/bcfiles/linux_bcfiles/rev_chardev.bc>:dev_read:177	195
</harden/bcfiles/linux_bcfiles/rev_chardev.bc>:dev_read:%133	</harden/bcfiles/linux_bcfiles/rev_chardev.bc>:dev_read:%130	</harden/bcfiles/linux_bcfiles/rev_chardev.bc>:dev_read:177	195
</harden/bcfiles/linux_bcfiles/rev_chardev.bc>:dev_read:%109	</harden/bcfiles/linux_bcfiles/rev_chardev.bc>:dev_read:148:0:0	</harden/bcfiles/linux_bcfiles/rev_chardev.bc>:dev_read:148	249
</harden/bcfiles/linux_bcfiles/rev_chardev.bc>:dev_read:%109	</harden/bcfiles/linux_bcfiles/rev_chardev.bc>:dev_read:%108	</harden/bcfiles/linux_bcfiles/rev_chardev.bc>:dev_read:148	249
</harden/bcfiles/linux_bcfiles/rev_chardev.bc>:dev_read:%107	</harden/bcfiles/linux_bcfiles/rev_chardev.bc>:dev_read:%106	</harden/bcfiles/linux_bcfiles/rev_chardev.bc>:dev_read:145	249
</harden/bcfiles/linux_bcfiles/rev_chardev.bc>:dev_read:%146	</harden/bcfiles/linux_bcfiles/rev_chardev.bc>:dev_read:%28	</harden/bcfiles/linux_bcfiles/rev_chardev.bc>:dev_read:195	200
</harden/bcfiles/linux_bcfiles/rev_chardev.bc>:dev_read:%98	</harden/bcfiles/linux_bcfiles/rev_chardev.bc>:dev_read:%96	</harden/bcfiles/linux_bcfiles/rev_chardev.bc>:dev_read:133	249
</harden/bcfiles/linux_bcfiles/rev_chardev.bc>:dev_read:%96	</harden/bcfiles/linux_bcfiles/rev_chardev.bc>:dev_read:131:0:0	</harden/bcfiles/linux_bcfiles/rev_chardev.bc>:dev_read:131	249
</harden/bcfiles/linux_bcfiles/rev_chardev.bc>:dev_read:%96	</harden/bcfiles/linux_bcfiles/rev_chardev.bc>:dev_read:%95	</harden/bcfiles/linux_bcfiles/rev_chardev.bc>:dev_read:131	249
</harden/bcfiles/linux_bcfiles/rev_chardev.bc>:dev_read:%95	</harden/bcfiles/linux_bcfiles/rev_chardev.bc>:dev_read:%10	</harden/bcfiles/linux_bcfiles/rev_chardev.bc>:dev_read:130	249
</harden/bcfiles/linux_bcfiles/rev_chardev.bc>:dev_read:%94	</harden/bcfiles/linux_bcfiles/rev_chardev.bc>:dev_read:%92	</harden/bcfiles/linux_bcfiles/rev_chardev.bc>:dev_read:128	249
</harden/bcfiles/linux_bcfiles/rev_chardev.bc>:dev_read:%84	</harden/bcfiles/linux_bcfiles/rev_chardev.bc>:dev_read:%8	</harden/bcfiles/linux_bcfiles/rev_chardev.bc>:dev_read:114	243
</harden/bcfiles/linux_bcfiles/rev_chardev.bc>:dev_read:%73	</harden/bcfiles/linux_bcfiles/rev_chardev.bc>:dev_read:102:0:false	</harden/bcfiles/linux_bcfiles/rev_chardev.bc>:dev_read:102	0
</harden/bcfiles/linux_bcfiles/rev_chardev.bc>:dev_read:%73	</harden/bcfiles/linux_bcfiles/rev_chardev.bc>:dev_read:%71	</harden/bcfiles/linux_bcfiles/rev_chardev.bc>:dev_read:102	0
</harden/bcfiles/linux_bcfiles/rev_chardev.bc>:dev_read:%71	</harden/bcfiles/linux_bcfiles/rev_chardev.bc>:dev_read:%69	</harden/bcfiles/linux_bcfiles/rev_chardev.bc>:dev_read:100	240
</harden/bcfiles/linux_bcfiles/rev_chardev.bc>:dev_read:%71	</harden/bcfiles/linux_bcfiles/rev_chardev.bc>:dev_read:%70	</harden/bcfiles/linux_bcfiles/rev_chardev.bc>:dev_read:100	240
</harden/bcfiles/linux_bcfiles/rev_chardev.bc>:dev_read:%66	</harden/bcfiles/linux_bcfiles/rev_chardev.bc>:dev_read:95:0:0	</harden/bcfiles/linux_bcfiles/rev_chardev.bc>:dev_read:95	240
</harden/bcfiles/linux_bcfiles/rev_chardev.bc>:dev_read:%66	</harden/bcfiles/linux_bcfiles/rev_chardev.bc>:dev_read:%65	</harden/bcfiles/linux_bcfiles/rev_chardev.bc>:dev_read:95	240
</harden/bcfiles/linux_bcfiles/rev_chardev.bc>:dev_read:%64	</harden/bcfiles/linux_bcfiles/rev_chardev.bc>:dev_read:%63	</harden/bcfiles/linux_bcfiles/rev_chardev.bc>:dev_read:92	239
</harden/bcfiles/linux_bcfiles/rev_chardev.bc>:dev_read:%124	</harden/bcfiles/linux_bcfiles/rev_chardev.bc>:dev_read:%15	</harden/bcfiles/linux_bcfiles/rev_chardev.bc>:dev_read:167	192
</harden/bcfiles/linux_bcfiles/rev_chardev.bc>:dev_read:%65	</harden/bcfiles/linux_bcfiles/rev_chardev.bc>:dev_read:%9	</harden/bcfiles/linux_bcfiles/rev_chardev.bc>:dev_read:94	240
</harden/bcfiles/linux_bcfiles/rev_chardev.bc>:dev_read:%58	</harden/bcfiles/linux_bcfiles/rev_chardev.bc>:dev_read:%22	</harden/bcfiles/linux_bcfiles/rev_chardev.bc>:dev_read:73	193
</harden/bcfiles/linux_bcfiles/rev_chardev.bc>:dev_read:%56	</harden/bcfiles/linux_bcfiles/rev_chardev.bc>:dev_read:%55	</harden/bcfiles/linux_bcfiles/rev_chardev.bc>:dev_read:71	193
</harden/bcfiles/linux_bcfiles/rev_chardev.bc>:dev_read:%103	</harden/bcfiles/linux_bcfiles/rev_chardev.bc>:dev_read:%10	</harden/bcfiles/linux_bcfiles/rev_chardev.bc>:dev_read:141	249
</harden/bcfiles/linux_bcfiles/rev_chardev.bc>:dev_read:%52	</harden/bcfiles/linux_bcfiles/rev_chardev.bc>:dev_read:%26	</harden/bcfiles/linux_bcfiles/rev_chardev.bc>:dev_read:65	188
</harden/bcfiles/linux_bcfiles/rev_chardev.bc>:dev_read:%131	</harden/bcfiles/linux_bcfiles/rev_chardev.bc>:dev_read:%133	</harden/bcfiles/linux_bcfiles/rev_chardev.bc>:dev_read:178	195
</harden/bcfiles/linux_bcfiles/rev_chardev.bc>:dev_read:%131	</harden/bcfiles/linux_bcfiles/rev_chardev.bc>:dev_read:%20	</harden/bcfiles/linux_bcfiles/rev_chardev.bc>:dev_read:175	195
</harden/bcfiles/linux_bcfiles/rev_chardev.bc>:dev_read:%60	</harden/bcfiles/linux_bcfiles/rev_chardev.bc>:dev_read:%14	</harden/bcfiles/linux_bcfiles/rev_chardev.bc>:dev_read:81	190
</harden/bcfiles/linux_bcfiles/rev_chardev.bc>:dev_read:%108	</harden/bcfiles/linux_bcfiles/rev_chardev.bc>:dev_read:%12	</harden/bcfiles/linux_bcfiles/rev_chardev.bc>:dev_read:147	249
</harden/bcfiles/linux_bcfiles/rev_chardev.bc>:dev_read:%47	</harden/bcfiles/linux_bcfiles/rev_chardev.bc>:dev_read:59:0:0	</harden/bcfiles/linux_bcfiles/rev_chardev.bc>:dev_read:59	187
</harden/bcfiles/linux_bcfiles/rev_chardev.bc>:dev_read:%47	</harden/bcfiles/linux_bcfiles/rev_chardev.bc>:dev_read:%46	</harden/bcfiles/linux_bcfiles/rev_chardev.bc>:dev_read:59	187
</harden/bcfiles/linux_bcfiles/rev_chardev.bc>:dev_read:%46	</harden/bcfiles/linux_bcfiles/rev_chardev.bc>:dev_read:%22	</harden/bcfiles/linux_bcfiles/rev_chardev.bc>:dev_read:58	187
</harden/bcfiles/linux_bcfiles/rev_chardev.bc>:dev_read:%92	</harden/bcfiles/linux_bcfiles/rev_chardev.bc>:dev_read:126:0:2147483647	</harden/bcfiles/linux_bcfiles/rev_chardev.bc>:dev_read:126	249
</harden/bcfiles/linux_bcfiles/rev_chardev.bc>:dev_read:%92	</harden/bcfiles/linux_bcfiles/rev_chardev.bc>:dev_read:%91	</harden/bcfiles/linux_bcfiles/rev_chardev.bc>:dev_read:126	249
</harden/bcfiles/linux_bcfiles/rev_chardev.bc>:dev_read:%45	</harden/bcfiles/linux_bcfiles/rev_chardev.bc>:dev_read:%44	</harden/bcfiles/linux_bcfiles/rev_chardev.bc>:dev_read:56	186
</harden/bcfiles/linux_bcfiles/rev_chardev.bc>:dev_read:%93	</harden/bcfiles/linux_bcfiles/rev_chardev.bc>:dev_read:127:0:true	</harden/bcfiles/linux_bcfiles/rev_chardev.bc>:dev_read:127	249
</harden/bcfiles/linux_bcfiles/rev_chardev.bc>:dev_read:%93	</harden/bcfiles/linux_bcfiles/rev_chardev.bc>:dev_read:%92	</harden/bcfiles/linux_bcfiles/rev_chardev.bc>:dev_read:127	249
</harden/bcfiles/linux_bcfiles/rev_chardev.bc>:dev_read:%44	</harden/bcfiles/linux_bcfiles/rev_chardev.bc>:dev_read:%25	</harden/bcfiles/linux_bcfiles/rev_chardev.bc>:dev_read:55	186
</harden/bcfiles/linux_bcfiles/rev_chardev.bc>:dev_read:%41	</harden/bcfiles/linux_bcfiles/rev_chardev.bc>:dev_read:%24	</harden/bcfiles/linux_bcfiles/rev_chardev.bc>:dev_read:51	186
</harden/bcfiles/linux_bcfiles/rev_chardev.bc>:dev_read:%36	</harden/bcfiles/linux_bcfiles/rev_chardev.bc>:dev_read:%24	</harden/bcfiles/linux_bcfiles/rev_chardev.bc>:dev_read:46	186
</harden/bcfiles/linux_bcfiles/rev_chardev.bc>:dev_read:%35	</harden/bcfiles/linux_bcfiles/rev_chardev.bc>:dev_read:%23	</harden/bcfiles/linux_bcfiles/rev_chardev.bc>:dev_read:45	186
</harden/bcfiles/linux_bcfiles/rev_chardev.bc>:dev_read:%85	</harden/bcfiles/linux_bcfiles/rev_chardev.bc>:dev_read:%84	</harden/bcfiles/linux_bcfiles/rev_chardev.bc>:dev_read:115	243
</harden/bcfiles/linux_bcfiles/rev_chardev.bc>:dev_read:%68	</harden/bcfiles/linux_bcfiles/rev_chardev.bc>:dev_read:%9	</harden/bcfiles/linux_bcfiles/rev_chardev.bc>:dev_read:97	240
</harden/bcfiles/linux_bcfiles/rev_chardev.bc>:dev_read:%34	</harden/bcfiles/linux_bcfiles/rev_chardev.bc>:dev_read:%31	</harden/bcfiles/linux_bcfiles/rev_chardev.bc>:dev_read:43	186
</harden/bcfiles/linux_bcfiles/rev_chardev.bc>:dev_read:%34	</harden/bcfiles/linux_bcfiles/rev_chardev.bc>:dev_read:%33	</harden/bcfiles/linux_bcfiles/rev_chardev.bc>:dev_read:43	186
</harden/bcfiles/linux_bcfiles/rev_chardev.bc>:dev_read:%97	</harden/bcfiles/linux_bcfiles/rev_chardev.bc>:dev_read:132:0:true	</harden/bcfiles/linux_bcfiles/rev_chardev.bc>:dev_read:132	249
</harden/bcfiles/linux_bcfiles/rev_chardev.bc>:dev_read:%97	</harden/bcfiles/linux_bcfiles/rev_chardev.bc>:dev_read:%96	</harden/bcfiles/linux_bcfiles/rev_chardev.bc>:dev_read:132	249
</harden/bcfiles/linux_bcfiles/rev_chardev.bc>:dev_read:%37	</harden/bcfiles/linux_bcfiles/rev_chardev.bc>:dev_read:%36	</harden/bcfiles/linux_bcfiles/rev_chardev.bc>:dev_read:47	186
</harden/bcfiles/linux_bcfiles/rev_chardev.bc>:dev_read:%37	</harden/bcfiles/linux_bcfiles/rev_chardev.bc>:dev_read:%35	</harden/bcfiles/linux_bcfiles/rev_chardev.bc>:dev_read:47	186
</harden/bcfiles/linux_bcfiles/rev_chardev.bc>:dev_read:%31	</harden/bcfiles/linux_bcfiles/rev_chardev.bc>:dev_read:%30	</harden/bcfiles/linux_bcfiles/rev_chardev.bc>:dev_read:40	186
</harden/bcfiles/linux_bcfiles/rev_chardev.bc>:dev_read:%117	</harden/bcfiles/linux_bcfiles/rev_chardev.bc>:dev_read:%5	</harden/bcfiles/linux_bcfiles/rev_chardev.bc>:dev_read:159	253
</harden/bcfiles/linux_bcfiles/rev_chardev.bc>:dev_read:%32	</harden/bcfiles/linux_bcfiles/rev_chardev.bc>:dev_read:%20	</harden/bcfiles/linux_bcfiles/rev_chardev.bc>:dev_read:41	186
</harden/bcfiles/linux_bcfiles/rev_chardev.bc>:dev_read:%29	</harden/bcfiles/linux_bcfiles/rev_chardev.bc>:dev_read:%19	</harden/bcfiles/linux_bcfiles/rev_chardev.bc>:dev_read:36	186
</harden/bcfiles/linux_bcfiles/rev_chardev.bc>:dev_read:%30	</harden/bcfiles/linux_bcfiles/rev_chardev.bc>:dev_read:39:0:@message_size	</harden/bcfiles/linux_bcfiles/rev_chardev.bc>:dev_read:39	186
</harden/bcfiles/linux_bcfiles/rev_chardev.bc>:dev_read:%74	</harden/bcfiles/linux_bcfiles/rev_chardev.bc>:dev_read:103:0:true	</harden/bcfiles/linux_bcfiles/rev_chardev.bc>:dev_read:103	240
</harden/bcfiles/linux_bcfiles/rev_chardev.bc>:dev_read:%74	</harden/bcfiles/linux_bcfiles/rev_chardev.bc>:dev_read:%73	</harden/bcfiles/linux_bcfiles/rev_chardev.bc>:dev_read:103	240
</harden/bcfiles/linux_bcfiles/rev_chardev.bc>:dev_read:%69	</harden/bcfiles/linux_bcfiles/rev_chardev.bc>:dev_read:%68	</harden/bcfiles/linux_bcfiles/rev_chardev.bc>:dev_read:98	240
</harden/bcfiles/linux_bcfiles/rev_chardev.bc>:dev_read:%106	</harden/bcfiles/linux_bcfiles/rev_chardev.bc>:dev_read:%104	</harden/bcfiles/linux_bcfiles/rev_chardev.bc>:dev_read:144	249
</harden/bcfiles/linux_bcfiles/rev_chardev.bc>:dev_read:%127	</harden/bcfiles/linux_bcfiles/rev_chardev.bc>:dev_read:171:0:0	</harden/bcfiles/linux_bcfiles/rev_chardev.bc>:dev_read:171	194
</harden/bcfiles/linux_bcfiles/rev_chardev.bc>:dev_read:%127	</harden/bcfiles/linux_bcfiles/rev_chardev.bc>:dev_read:%126	</harden/bcfiles/linux_bcfiles/rev_chardev.bc>:dev_read:171	194
</harden/bcfiles/linux_bcfiles/rev_chardev.bc>:dev_read:%76	</harden/bcfiles/linux_bcfiles/rev_chardev.bc>:dev_read:%75	</harden/bcfiles/linux_bcfiles/rev_chardev.bc>:dev_read:105	240
</harden/bcfiles/linux_bcfiles/rev_chardev.bc>:dev_read:%55	</harden/bcfiles/linux_bcfiles/rev_chardev.bc>:dev_read:%20	</harden/bcfiles/linux_bcfiles/rev_chardev.bc>:dev_read:70	193
</harden/bcfiles/linux_bcfiles/rev_chardev.bc>:dev_read:%27	</harden/bcfiles/linux_bcfiles/rev_chardev.bc>:dev_read:%137	</harden/bcfiles/linux_bcfiles/rev_chardev.bc>:dev_read:183	196
</harden/bcfiles/linux_bcfiles/rev_chardev.bc>:dev_read:%91	</harden/bcfiles/linux_bcfiles/rev_chardev.bc>:dev_read:%7	</harden/bcfiles/linux_bcfiles/rev_chardev.bc>:dev_read:125	249
</harden/bcfiles/linux_bcfiles/rev_chardev.bc>:dev_read:%70	</harden/bcfiles/linux_bcfiles/rev_chardev.bc>:dev_read:%7	</harden/bcfiles/linux_bcfiles/rev_chardev.bc>:dev_read:99	240
</harden/bcfiles/linux_bcfiles/rev_chardev.bc>:dev_read:%26	</harden/bcfiles/linux_bcfiles/rev_chardev.bc>:dev_read:%51	</harden/bcfiles/linux_bcfiles/rev_chardev.bc>:dev_read:64	188
</harden/bcfiles/linux_bcfiles/rev_chardev.bc>:dev_read:%33	</harden/bcfiles/linux_bcfiles/rev_chardev.bc>:dev_read:%32	</harden/bcfiles/linux_bcfiles/rev_chardev.bc>:dev_read:42	186
</harden/bcfiles/linux_bcfiles/rev_chardev.bc>:dev_read:%25	</harden/bcfiles/linux_bcfiles/rev_chardev.bc>:dev_read:%43	</harden/bcfiles/linux_bcfiles/rev_chardev.bc>:dev_read:54	186
</harden/bcfiles/linux_bcfiles/rev_chardev.bc>:dev_read:%24	</harden/bcfiles/linux_bcfiles/rev_chardev.bc>:dev_read:%34	</harden/bcfiles/linux_bcfiles/rev_chardev.bc>:dev_read:44	186
</harden/bcfiles/linux_bcfiles/rev_chardev.bc>:dev_read:%22	</harden/bcfiles/linux_bcfiles/rev_chardev.bc>:dev_read:%45	</harden/bcfiles/linux_bcfiles/rev_chardev.bc>:dev_read:57	186
</harden/bcfiles/linux_bcfiles/rev_chardev.bc>:dev_read:%21	</harden/bcfiles/linux_bcfiles/rev_chardev.bc>:dev_read:%125	</harden/bcfiles/linux_bcfiles/rev_chardev.bc>:dev_read:169	193
</harden/bcfiles/linux_bcfiles/rev_chardev.bc>:dev_read:%61	</harden/bcfiles/linux_bcfiles/rev_chardev.bc>:dev_read:%15	</harden/bcfiles/linux_bcfiles/rev_chardev.bc>:dev_read:82	190
</harden/bcfiles/linux_bcfiles/rev_chardev.bc>:dev_read:%105	</harden/bcfiles/linux_bcfiles/rev_chardev.bc>:dev_read:143:0:true	</harden/bcfiles/linux_bcfiles/rev_chardev.bc>:dev_read:143	249
</harden/bcfiles/linux_bcfiles/rev_chardev.bc>:dev_read:%105	</harden/bcfiles/linux_bcfiles/rev_chardev.bc>:dev_read:%104	</harden/bcfiles/linux_bcfiles/rev_chardev.bc>:dev_read:143	249
</harden/bcfiles/linux_bcfiles/rev_chardev.bc>:dev_read:%20	</harden/bcfiles/linux_bcfiles/rev_chardev.bc>:dev_read:%3	</harden/bcfiles/linux_bcfiles/rev_chardev.bc>:dev_read:30	-1
</harden/bcfiles/linux_bcfiles/rev_chardev.bc>:dev_read:%19	</harden/bcfiles/linux_bcfiles/rev_chardev.bc>:dev_read:%2	</harden/bcfiles/linux_bcfiles/rev_chardev.bc>:dev_read:28	-1
</harden/bcfiles/linux_bcfiles/rev_chardev.bc>:dev_read:%28	</harden/bcfiles/linux_bcfiles/rev_chardev.bc>:dev_read:%145	</harden/bcfiles/linux_bcfiles/rev_chardev.bc>:dev_read:194	200
</harden/bcfiles/linux_bcfiles/rev_chardev.bc>:dev_read:%57	</harden/bcfiles/linux_bcfiles/rev_chardev.bc>:dev_read:72:0:getelementptr inbounds ([1024 x i8], [1024 x i8]* @message, i64 0, i64 0)	</harden/bcfiles/linux_bcfiles/rev_chardev.bc>:dev_read:72	193
</harden/bcfiles/linux_bcfiles/rev_chardev.bc>:dev_read:%57	</harden/bcfiles/linux_bcfiles/rev_chardev.bc>:dev_read:%56	</harden/bcfiles/linux_bcfiles/rev_chardev.bc>:dev_read:72	193
</harden/bcfiles/linux_bcfiles/rev_chardev.bc>:dev_read:%18	</harden/bcfiles/linux_bcfiles/rev_chardev.bc>:dev_read:%1	</harden/bcfiles/linux_bcfiles/rev_chardev.bc>:dev_read:26	-1
</harden/bcfiles/linux_bcfiles/rev_chardev.bc>:dev_read:%99	</harden/bcfiles/linux_bcfiles/rev_chardev.bc>:dev_read:%98	</harden/bcfiles/linux_bcfiles/rev_chardev.bc>:dev_read:134	249
</harden/bcfiles/linux_bcfiles/rev_chardev.bc>:dev_read:%17	</harden/bcfiles/linux_bcfiles/rev_chardev.bc>:dev_read:%0	</harden/bcfiles/linux_bcfiles/rev_chardev.bc>:dev_read:24	-1
</harden/bcfiles/linux_bcfiles/rev_chardev.bc>:dev_read:%16	</harden/bcfiles/linux_bcfiles/rev_chardev.bc>:dev_read:67:0:0	</harden/bcfiles/linux_bcfiles/rev_chardev.bc>:dev_read:67	190
</harden/bcfiles/linux_bcfiles/rev_chardev.bc>:dev_read:%16	</harden/bcfiles/linux_bcfiles/rev_chardev.bc>:dev_read:197:0:-14	</harden/bcfiles/linux_bcfiles/rev_chardev.bc>:dev_read:197	202
</harden/bcfiles/linux_bcfiles/rev_chardev.bc>:dev_read:%16	</harden/bcfiles/linux_bcfiles/rev_chardev.bc>:dev_read:%140	</harden/bcfiles/linux_bcfiles/rev_chardev.bc>:dev_read:188	198
</harden/bcfiles/linux_bcfiles/rev_chardev.bc>:dev_read:%75	</harden/bcfiles/linux_bcfiles/rev_chardev.bc>:dev_read:%73	</harden/bcfiles/linux_bcfiles/rev_chardev.bc>:dev_read:104	240
</harden/bcfiles/linux_bcfiles/rev_chardev.bc>:dev_read:%14	</harden/bcfiles/linux_bcfiles/rev_chardev.bc>:dev_read:%57	</harden/bcfiles/linux_bcfiles/rev_chardev.bc>:dev_read:77	-1
</harden/bcfiles/linux_bcfiles/rev_chardev.bc>:dev_read:%39	</harden/bcfiles/linux_bcfiles/rev_chardev.bc>:dev_read:%23	</harden/bcfiles/linux_bcfiles/rev_chardev.bc>:dev_read:49	186
</harden/bcfiles/linux_bcfiles/rev_chardev.bc>:dev_read:%13	</harden/bcfiles/linux_bcfiles/rev_chardev.bc>:dev_read:%54	</harden/bcfiles/linux_bcfiles/rev_chardev.bc>:dev_read:75	-1
</harden/bcfiles/linux_bcfiles/rev_chardev.bc>:dev_read:%104	</harden/bcfiles/linux_bcfiles/rev_chardev.bc>:dev_read:142:0:0	</harden/bcfiles/linux_bcfiles/rev_chardev.bc>:dev_read:142	249
</harden/bcfiles/linux_bcfiles/rev_chardev.bc>:dev_read:%104	</harden/bcfiles/linux_bcfiles/rev_chardev.bc>:dev_read:%103	</harden/bcfiles/linux_bcfiles/rev_chardev.bc>:dev_read:142	249
</harden/bcfiles/linux_bcfiles/rev_chardev.bc>:dev_read:%54	</harden/bcfiles/linux_bcfiles/rev_chardev.bc>:dev_read:%18	</harden/bcfiles/linux_bcfiles/rev_chardev.bc>:dev_read:69	193
</harden/bcfiles/linux_bcfiles/rev_chardev.bc>:dev_read:%139	</harden/bcfiles/linux_bcfiles/rev_chardev.bc>:dev_read:%22	</harden/bcfiles/linux_bcfiles/rev_chardev.bc>:dev_read:186	198
</harden/bcfiles/linux_bcfiles/rev_chardev.bc>:dev_read:%12	</harden/bcfiles/linux_bcfiles/rev_chardev.bc>:dev_read:%107	</harden/bcfiles/linux_bcfiles/rev_chardev.bc>:dev_read:146	249
</harden/bcfiles/linux_bcfiles/rev_chardev.bc>:dev_read:%10	</harden/bcfiles/linux_bcfiles/rev_chardev.bc>:dev_read:%94	</harden/bcfiles/linux_bcfiles/rev_chardev.bc>:dev_read:129	249
</harden/bcfiles/linux_bcfiles/rev_chardev.bc>:dev_read:%9	</harden/bcfiles/linux_bcfiles/rev_chardev.bc>:dev_read:%64	</harden/bcfiles/linux_bcfiles/rev_chardev.bc>:dev_read:93	239
</harden/bcfiles/linux_bcfiles/rev_chardev.bc>:dev_read:%7	</harden/bcfiles/linux_bcfiles/rev_chardev.bc>:dev_read:%61	</harden/bcfiles/linux_bcfiles/rev_chardev.bc>:dev_read:85	-1
</harden/bcfiles/linux_bcfiles/rev_chardev.bc>:dev_read:%6	</harden/bcfiles/linux_bcfiles/rev_chardev.bc>:dev_read:%60	</harden/bcfiles/linux_bcfiles/rev_chardev.bc>:dev_read:83	-1
</harden/bcfiles/linux_bcfiles/rev_chardev.bc>:dev_read:%5	</harden/bcfiles/linux_bcfiles/rev_chardev.bc>:dev_read:122:0:false	</harden/bcfiles/linux_bcfiles/rev_chardev.bc>:dev_read:122	247
</harden/bcfiles/linux_bcfiles/rev_chardev.bc>:dev_read:%5	</harden/bcfiles/linux_bcfiles/rev_chardev.bc>:dev_read:150:0:false	</harden/bcfiles/linux_bcfiles/rev_chardev.bc>:dev_read:150	250
</harden/bcfiles/linux_bcfiles/rev_chardev.bc>:dev_read:%5	</harden/bcfiles/linux_bcfiles/rev_chardev.bc>:dev_read:157:0:true	</harden/bcfiles/linux_bcfiles/rev_chardev.bc>:dev_read:157	252
</harden/bcfiles/linux_bcfiles/rev_chardev.bc>:dev_read:%11	</harden/bcfiles/linux_bcfiles/rev_chardev.bc>:dev_read:137:0:2307	</harden/bcfiles/linux_bcfiles/rev_chardev.bc>:dev_read:137	249
</harden/bcfiles/linux_bcfiles/rev_chardev.bc>:dev_read:%23	</harden/bcfiles/linux_bcfiles/rev_chardev.bc>:dev_read:%29	</harden/bcfiles/linux_bcfiles/rev_chardev.bc>:dev_read:37	186
</harden/bcfiles/linux_bcfiles/rev_chardev.bc>:dev_read:%8	</harden/bcfiles/linux_bcfiles/rev_chardev.bc>:dev_read:87:0:1	</harden/bcfiles/linux_bcfiles/rev_chardev.bc>:dev_read:87	-1
</harden/bcfiles/linux_bcfiles/rev_chardev.bc>:dev_read:%43	</harden/bcfiles/linux_bcfiles/rev_chardev.bc>:dev_read:%41	</harden/bcfiles/linux_bcfiles/rev_chardev.bc>:dev_read:53	186
</harden/bcfiles/linux_bcfiles/rev_chardev.bc>:dev_read:%43	</harden/bcfiles/linux_bcfiles/rev_chardev.bc>:dev_read:%39	</harden/bcfiles/linux_bcfiles/rev_chardev.bc>:dev_read:53	186
</harden/bcfiles/linux_bcfiles/rev_chardev.bc>:dev_read:%59	</harden/bcfiles/linux_bcfiles/rev_chardev.bc>:dev_read:%58	</harden/bcfiles/linux_bcfiles/rev_chardev.bc>:dev_read:74	193
</harden/bcfiles/linux_bcfiles/rev_chardev.bc>:dev_read:%15	</harden/bcfiles/linux_bcfiles/rev_chardev.bc>:dev_read:%122	</harden/bcfiles/linux_bcfiles/rev_chardev.bc>:dev_read:165	191
</harden/bcfiles/linux_bcfiles/rev_chardev.bc>:dev_read:%15	</harden/bcfiles/linux_bcfiles/rev_chardev.bc>:dev_read:%59	</harden/bcfiles/linux_bcfiles/rev_chardev.bc>:dev_read:79	-1
</harden/bcfiles/linux_bcfiles/rev_chardev.bc>:dev_write:%133	</harden/bcfiles/linux_bcfiles/rev_chardev.bc>:dev_write:%16	</harden/bcfiles/linux_bcfiles/rev_chardev.bc>:dev_write:183	234
</harden/bcfiles/linux_bcfiles/rev_chardev.bc>:dev_write:%124	</harden/bcfiles/linux_bcfiles/rev_chardev.bc>:dev_write:%22	</harden/bcfiles/linux_bcfiles/rev_chardev.bc>:dev_write:170	228
</harden/bcfiles/linux_bcfiles/rev_chardev.bc>:dev_write:%123	</harden/bcfiles/linux_bcfiles/rev_chardev.bc>:dev_write:%26	</harden/bcfiles/linux_bcfiles/rev_chardev.bc>:dev_write:168	226
</harden/bcfiles/linux_bcfiles/rev_chardev.bc>:dev_write:%116	</harden/bcfiles/linux_bcfiles/rev_chardev.bc>:dev_write:158:0:@message	</harden/bcfiles/linux_bcfiles/rev_chardev.bc>:dev_write:158	224
</harden/bcfiles/linux_bcfiles/rev_chardev.bc>:dev_write:%116	</harden/bcfiles/linux_bcfiles/rev_chardev.bc>:dev_write:158:1:0	</harden/bcfiles/linux_bcfiles/rev_chardev.bc>:dev_write:158	224
</harden/bcfiles/linux_bcfiles/rev_chardev.bc>:dev_write:%116	</harden/bcfiles/linux_bcfiles/rev_chardev.bc>:dev_write:159:0:0	</harden/bcfiles/linux_bcfiles/rev_chardev.bc>:dev_write:159	224
</harden/bcfiles/linux_bcfiles/rev_chardev.bc>:dev_write:%116	</harden/bcfiles/linux_bcfiles/rev_chardev.bc>:dev_write:%115	</harden/bcfiles/linux_bcfiles/rev_chardev.bc>:dev_write:158	224
</harden/bcfiles/linux_bcfiles/rev_chardev.bc>:dev_write:%115	</harden/bcfiles/linux_bcfiles/rev_chardev.bc>:dev_write:%114	</harden/bcfiles/linux_bcfiles/rev_chardev.bc>:dev_write:157	224
</harden/bcfiles/linux_bcfiles/rev_chardev.bc>:dev_write:%114	</harden/bcfiles/linux_bcfiles/rev_chardev.bc>:dev_write:156:0:@message_size	</harden/bcfiles/linux_bcfiles/rev_chardev.bc>:dev_write:156	224
</harden/bcfiles/linux_bcfiles/rev_chardev.bc>:dev_write:%113	</harden/bcfiles/linux_bcfiles/rev_chardev.bc>:dev_write:%112	</harden/bcfiles/linux_bcfiles/rev_chardev.bc>:dev_write:154	223
</harden/bcfiles/linux_bcfiles/rev_chardev.bc>:dev_write:%112	</harden/bcfiles/linux_bcfiles/rev_chardev.bc>:dev_write:%22	</harden/bcfiles/linux_bcfiles/rev_chardev.bc>:dev_write:153	223
</harden/bcfiles/linux_bcfiles/rev_chardev.bc>:dev_write:%110	</harden/bcfiles/linux_bcfiles/rev_chardev.bc>:dev_write:151:0:0	</harden/bcfiles/linux_bcfiles/rev_chardev.bc>:dev_write:151	222
</harden/bcfiles/linux_bcfiles/rev_chardev.bc>:dev_write:%110	</harden/bcfiles/linux_bcfiles/rev_chardev.bc>:dev_write:%109	</harden/bcfiles/linux_bcfiles/rev_chardev.bc>:dev_write:151	222
</harden/bcfiles/linux_bcfiles/rev_chardev.bc>:dev_write:%109	</harden/bcfiles/linux_bcfiles/rev_chardev.bc>:dev_write:%21	</harden/bcfiles/linux_bcfiles/rev_chardev.bc>:dev_write:150	222
</harden/bcfiles/linux_bcfiles/rev_chardev.bc>:dev_write:%100	</harden/bcfiles/linux_bcfiles/rev_chardev.bc>:dev_write:%5	</harden/bcfiles/linux_bcfiles/rev_chardev.bc>:dev_write:139	253
</harden/bcfiles/linux_bcfiles/rev_chardev.bc>:dev_write:%97	</harden/bcfiles/linux_bcfiles/rev_chardev.bc>:dev_write:%8	</harden/bcfiles/linux_bcfiles/rev_chardev.bc>:dev_write:134	251
</harden/bcfiles/linux_bcfiles/rev_chardev.bc>:dev_write:%92	</harden/bcfiles/linux_bcfiles/rev_chardev.bc>:dev_write:128:0:0	</harden/bcfiles/linux_bcfiles/rev_chardev.bc>:dev_write:128	249
</harden/bcfiles/linux_bcfiles/rev_chardev.bc>:dev_write:%92	</harden/bcfiles/linux_bcfiles/rev_chardev.bc>:dev_write:%91	</harden/bcfiles/linux_bcfiles/rev_chardev.bc>:dev_write:128	249
</harden/bcfiles/linux_bcfiles/rev_chardev.bc>:dev_write:%91	</harden/bcfiles/linux_bcfiles/rev_chardev.bc>:dev_write:%12	</harden/bcfiles/linux_bcfiles/rev_chardev.bc>:dev_write:127	249
</harden/bcfiles/linux_bcfiles/rev_chardev.bc>:dev_write:%88	</harden/bcfiles/linux_bcfiles/rev_chardev.bc>:dev_write:123:0:true	</harden/bcfiles/linux_bcfiles/rev_chardev.bc>:dev_write:123	249
</harden/bcfiles/linux_bcfiles/rev_chardev.bc>:dev_write:%88	</harden/bcfiles/linux_bcfiles/rev_chardev.bc>:dev_write:%87	</harden/bcfiles/linux_bcfiles/rev_chardev.bc>:dev_write:123	249
</harden/bcfiles/linux_bcfiles/rev_chardev.bc>:dev_write:%86	</harden/bcfiles/linux_bcfiles/rev_chardev.bc>:dev_write:%10	</harden/bcfiles/linux_bcfiles/rev_chardev.bc>:dev_write:121	249
</harden/bcfiles/linux_bcfiles/rev_chardev.bc>:dev_write:%80	</harden/bcfiles/linux_bcfiles/rev_chardev.bc>:dev_write:112:0:true	</harden/bcfiles/linux_bcfiles/rev_chardev.bc>:dev_write:112	249
</harden/bcfiles/linux_bcfiles/rev_chardev.bc>:dev_write:%80	</harden/bcfiles/linux_bcfiles/rev_chardev.bc>:dev_write:%79	</harden/bcfiles/linux_bcfiles/rev_chardev.bc>:dev_write:112	249
</harden/bcfiles/linux_bcfiles/rev_chardev.bc>:dev_write:%77	</harden/bcfiles/linux_bcfiles/rev_chardev.bc>:dev_write:%75	</harden/bcfiles/linux_bcfiles/rev_chardev.bc>:dev_write:108	249
</harden/bcfiles/linux_bcfiles/rev_chardev.bc>:dev_write:%76	</harden/bcfiles/linux_bcfiles/rev_chardev.bc>:dev_write:107:0:true	</harden/bcfiles/linux_bcfiles/rev_chardev.bc>:dev_write:107	249
</harden/bcfiles/linux_bcfiles/rev_chardev.bc>:dev_write:%76	</harden/bcfiles/linux_bcfiles/rev_chardev.bc>:dev_write:%75	</harden/bcfiles/linux_bcfiles/rev_chardev.bc>:dev_write:107	249
</harden/bcfiles/linux_bcfiles/rev_chardev.bc>:dev_write:%75	</harden/bcfiles/linux_bcfiles/rev_chardev.bc>:dev_write:106:0:2147483647	</harden/bcfiles/linux_bcfiles/rev_chardev.bc>:dev_write:106	249
</harden/bcfiles/linux_bcfiles/rev_chardev.bc>:dev_write:%75	</harden/bcfiles/linux_bcfiles/rev_chardev.bc>:dev_write:%74	</harden/bcfiles/linux_bcfiles/rev_chardev.bc>:dev_write:106	249
</harden/bcfiles/linux_bcfiles/rev_chardev.bc>:dev_write:%107	</harden/bcfiles/linux_bcfiles/rev_chardev.bc>:dev_write:%15	</harden/bcfiles/linux_bcfiles/rev_chardev.bc>:dev_write:147	184
</harden/bcfiles/linux_bcfiles/rev_chardev.bc>:dev_write:%74	</harden/bcfiles/linux_bcfiles/rev_chardev.bc>:dev_write:%7	</harden/bcfiles/linux_bcfiles/rev_chardev.bc>:dev_write:105	249
</harden/bcfiles/linux_bcfiles/rev_chardev.bc>:dev_write:%67	</harden/bcfiles/linux_bcfiles/rev_chardev.bc>:dev_write:%8	</harden/bcfiles/linux_bcfiles/rev_chardev.bc>:dev_write:94	243
</harden/bcfiles/linux_bcfiles/rev_chardev.bc>:dev_write:%59	</harden/bcfiles/linux_bcfiles/rev_chardev.bc>:dev_write:%58	</harden/bcfiles/linux_bcfiles/rev_chardev.bc>:dev_write:85	240
</harden/bcfiles/linux_bcfiles/rev_chardev.bc>:dev_write:%58	</harden/bcfiles/linux_bcfiles/rev_chardev.bc>:dev_write:%56	</harden/bcfiles/linux_bcfiles/rev_chardev.bc>:dev_write:84	240
</harden/bcfiles/linux_bcfiles/rev_chardev.bc>:dev_write:%57	</harden/bcfiles/linux_bcfiles/rev_chardev.bc>:dev_write:83:0:true	</harden/bcfiles/linux_bcfiles/rev_chardev.bc>:dev_write:83	240
</harden/bcfiles/linux_bcfiles/rev_chardev.bc>:dev_write:%57	</harden/bcfiles/linux_bcfiles/rev_chardev.bc>:dev_write:%56	</harden/bcfiles/linux_bcfiles/rev_chardev.bc>:dev_write:83	240
</harden/bcfiles/linux_bcfiles/rev_chardev.bc>:dev_write:%56	</harden/bcfiles/linux_bcfiles/rev_chardev.bc>:dev_write:82:0:false	</harden/bcfiles/linux_bcfiles/rev_chardev.bc>:dev_write:82	0
</harden/bcfiles/linux_bcfiles/rev_chardev.bc>:dev_write:%56	</harden/bcfiles/linux_bcfiles/rev_chardev.bc>:dev_write:%54	</harden/bcfiles/linux_bcfiles/rev_chardev.bc>:dev_write:82	0
</harden/bcfiles/linux_bcfiles/rev_chardev.bc>:dev_write:%54	</harden/bcfiles/linux_bcfiles/rev_chardev.bc>:dev_write:%53	</harden/bcfiles/linux_bcfiles/rev_chardev.bc>:dev_write:80	240
</harden/bcfiles/linux_bcfiles/rev_chardev.bc>:dev_write:%54	</harden/bcfiles/linux_bcfiles/rev_chardev.bc>:dev_write:%52	</harden/bcfiles/linux_bcfiles/rev_chardev.bc>:dev_write:80	240
</harden/bcfiles/linux_bcfiles/rev_chardev.bc>:dev_write:%53	</harden/bcfiles/linux_bcfiles/rev_chardev.bc>:dev_write:%7	</harden/bcfiles/linux_bcfiles/rev_chardev.bc>:dev_write:79	240
</harden/bcfiles/linux_bcfiles/rev_chardev.bc>:dev_write:%52	</harden/bcfiles/linux_bcfiles/rev_chardev.bc>:dev_write:%51	</harden/bcfiles/linux_bcfiles/rev_chardev.bc>:dev_write:78	240
</harden/bcfiles/linux_bcfiles/rev_chardev.bc>:dev_write:%51	</harden/bcfiles/linux_bcfiles/rev_chardev.bc>:dev_write:%9	</harden/bcfiles/linux_bcfiles/rev_chardev.bc>:dev_write:77	240
</harden/bcfiles/linux_bcfiles/rev_chardev.bc>:dev_write:%49	</harden/bcfiles/linux_bcfiles/rev_chardev.bc>:dev_write:75:0:0	</harden/bcfiles/linux_bcfiles/rev_chardev.bc>:dev_write:75	240
</harden/bcfiles/linux_bcfiles/rev_chardev.bc>:dev_write:%49	</harden/bcfiles/linux_bcfiles/rev_chardev.bc>:dev_write:%48	</harden/bcfiles/linux_bcfiles/rev_chardev.bc>:dev_write:75	240
</harden/bcfiles/linux_bcfiles/rev_chardev.bc>:dev_write:%48	</harden/bcfiles/linux_bcfiles/rev_chardev.bc>:dev_write:%9	</harden/bcfiles/linux_bcfiles/rev_chardev.bc>:dev_write:74	240
</harden/bcfiles/linux_bcfiles/rev_chardev.bc>:dev_write:%47	</harden/bcfiles/linux_bcfiles/rev_chardev.bc>:dev_write:%46	</harden/bcfiles/linux_bcfiles/rev_chardev.bc>:dev_write:72	239
</harden/bcfiles/linux_bcfiles/rev_chardev.bc>:dev_write:%44	</harden/bcfiles/linux_bcfiles/rev_chardev.bc>:dev_write:%15	</harden/bcfiles/linux_bcfiles/rev_chardev.bc>:dev_write:62	182
</harden/bcfiles/linux_bcfiles/rev_chardev.bc>:dev_write:%43	</harden/bcfiles/linux_bcfiles/rev_chardev.bc>:dev_write:%13	</harden/bcfiles/linux_bcfiles/rev_chardev.bc>:dev_write:61	182
</harden/bcfiles/linux_bcfiles/rev_chardev.bc>:dev_write:%125	</harden/bcfiles/linux_bcfiles/rev_chardev.bc>:dev_write:%124	</harden/bcfiles/linux_bcfiles/rev_chardev.bc>:dev_write:171	228
</harden/bcfiles/linux_bcfiles/rev_chardev.bc>:dev_write:%42	</harden/bcfiles/linux_bcfiles/rev_chardev.bc>:dev_write:%41	</harden/bcfiles/linux_bcfiles/rev_chardev.bc>:dev_write:54	221
</harden/bcfiles/linux_bcfiles/rev_chardev.bc>:dev_write:%41	</harden/bcfiles/linux_bcfiles/rev_chardev.bc>:dev_write:%22	</harden/bcfiles/linux_bcfiles/rev_chardev.bc>:dev_write:53	221
</harden/bcfiles/linux_bcfiles/rev_chardev.bc>:dev_write:%39	</harden/bcfiles/linux_bcfiles/rev_chardev.bc>:dev_write:%38	</harden/bcfiles/linux_bcfiles/rev_chardev.bc>:dev_write:50	219
</harden/bcfiles/linux_bcfiles/rev_chardev.bc>:dev_write:%37	</harden/bcfiles/linux_bcfiles/rev_chardev.bc>:dev_write:%35	</harden/bcfiles/linux_bcfiles/rev_chardev.bc>:dev_write:47	219
</harden/bcfiles/linux_bcfiles/rev_chardev.bc>:dev_write:%37	</harden/bcfiles/linux_bcfiles/rev_chardev.bc>:dev_write:%33	</harden/bcfiles/linux_bcfiles/rev_chardev.bc>:dev_write:47	219
</harden/bcfiles/linux_bcfiles/rev_chardev.bc>:dev_write:%35	</harden/bcfiles/linux_bcfiles/rev_chardev.bc>:dev_write:%24	</harden/bcfiles/linux_bcfiles/rev_chardev.bc>:dev_write:45	219
</harden/bcfiles/linux_bcfiles/rev_chardev.bc>:dev_write:%81	</harden/bcfiles/linux_bcfiles/rev_chardev.bc>:dev_write:%79	</harden/bcfiles/linux_bcfiles/rev_chardev.bc>:dev_write:113	249
</harden/bcfiles/linux_bcfiles/rev_chardev.bc>:dev_write:%68	</harden/bcfiles/linux_bcfiles/rev_chardev.bc>:dev_write:%67	</harden/bcfiles/linux_bcfiles/rev_chardev.bc>:dev_write:95	243
</harden/bcfiles/linux_bcfiles/rev_chardev.bc>:dev_write:%33	</harden/bcfiles/linux_bcfiles/rev_chardev.bc>:dev_write:%23	</harden/bcfiles/linux_bcfiles/rev_chardev.bc>:dev_write:43	219
</harden/bcfiles/linux_bcfiles/rev_chardev.bc>:dev_write:%78	</harden/bcfiles/linux_bcfiles/rev_chardev.bc>:dev_write:%10	</harden/bcfiles/linux_bcfiles/rev_chardev.bc>:dev_write:110	249
</harden/bcfiles/linux_bcfiles/rev_chardev.bc>:dev_write:%31	</harden/bcfiles/linux_bcfiles/rev_chardev.bc>:dev_write:%30	</harden/bcfiles/linux_bcfiles/rev_chardev.bc>:dev_write:41	219
</harden/bcfiles/linux_bcfiles/rev_chardev.bc>:dev_write:%31	</harden/bcfiles/linux_bcfiles/rev_chardev.bc>:dev_write:%29	</harden/bcfiles/linux_bcfiles/rev_chardev.bc>:dev_write:41	219
</harden/bcfiles/linux_bcfiles/rev_chardev.bc>:dev_write:%30	</harden/bcfiles/linux_bcfiles/rev_chardev.bc>:dev_write:%24	</harden/bcfiles/linux_bcfiles/rev_chardev.bc>:dev_write:40	219
</harden/bcfiles/linux_bcfiles/rev_chardev.bc>:dev_write:%29	</harden/bcfiles/linux_bcfiles/rev_chardev.bc>:dev_write:%23	</harden/bcfiles/linux_bcfiles/rev_chardev.bc>:dev_write:39	219
</harden/bcfiles/linux_bcfiles/rev_chardev.bc>:dev_write:%28	</harden/bcfiles/linux_bcfiles/rev_chardev.bc>:dev_write:%19	</harden/bcfiles/linux_bcfiles/rev_chardev.bc>:dev_write:35	219
</harden/bcfiles/linux_bcfiles/rev_chardev.bc>:dev_write:%89	</harden/bcfiles/linux_bcfiles/rev_chardev.bc>:dev_write:%87	</harden/bcfiles/linux_bcfiles/rev_chardev.bc>:dev_write:124	249
</harden/bcfiles/linux_bcfiles/rev_chardev.bc>:dev_write:%38	</harden/bcfiles/linux_bcfiles/rev_chardev.bc>:dev_write:%25	</harden/bcfiles/linux_bcfiles/rev_chardev.bc>:dev_write:49	219
</harden/bcfiles/linux_bcfiles/rev_chardev.bc>:dev_write:%82	</harden/bcfiles/linux_bcfiles/rev_chardev.bc>:dev_write:%81	</harden/bcfiles/linux_bcfiles/rev_chardev.bc>:dev_write:114	249
</harden/bcfiles/linux_bcfiles/rev_chardev.bc>:dev_write:%90	</harden/bcfiles/linux_bcfiles/rev_chardev.bc>:dev_write:%89	</harden/bcfiles/linux_bcfiles/rev_chardev.bc>:dev_write:125	249
</harden/bcfiles/linux_bcfiles/rev_chardev.bc>:dev_write:%79	</harden/bcfiles/linux_bcfiles/rev_chardev.bc>:dev_write:111:0:0	</harden/bcfiles/linux_bcfiles/rev_chardev.bc>:dev_write:111	249
</harden/bcfiles/linux_bcfiles/rev_chardev.bc>:dev_write:%79	</harden/bcfiles/linux_bcfiles/rev_chardev.bc>:dev_write:%78	</harden/bcfiles/linux_bcfiles/rev_chardev.bc>:dev_write:111	249
</harden/bcfiles/linux_bcfiles/rev_chardev.bc>:dev_write:%27	</harden/bcfiles/linux_bcfiles/rev_chardev.bc>:dev_write:%130	</harden/bcfiles/linux_bcfiles/rev_chardev.bc>:dev_write:178	230
</harden/bcfiles/linux_bcfiles/rev_chardev.bc>:dev_write:%108	</harden/bcfiles/linux_bcfiles/rev_chardev.bc>:dev_write:%107	</harden/bcfiles/linux_bcfiles/rev_chardev.bc>:dev_write:148	221
</harden/bcfiles/linux_bcfiles/rev_chardev.bc>:dev_write:%26	</harden/bcfiles/linux_bcfiles/rev_chardev.bc>:dev_write:%122	</harden/bcfiles/linux_bcfiles/rev_chardev.bc>:dev_write:167	226
</harden/bcfiles/linux_bcfiles/rev_chardev.bc>:dev_write:%24	</harden/bcfiles/linux_bcfiles/rev_chardev.bc>:dev_write:38:0:1023	</harden/bcfiles/linux_bcfiles/rev_chardev.bc>:dev_write:38	219
</harden/bcfiles/linux_bcfiles/rev_chardev.bc>:dev_write:%23	</harden/bcfiles/linux_bcfiles/rev_chardev.bc>:dev_write:%28	</harden/bcfiles/linux_bcfiles/rev_chardev.bc>:dev_write:36	219
</harden/bcfiles/linux_bcfiles/rev_chardev.bc>:dev_write:%131	</harden/bcfiles/linux_bcfiles/rev_chardev.bc>:dev_write:%27	</harden/bcfiles/linux_bcfiles/rev_chardev.bc>:dev_write:179	230
</harden/bcfiles/linux_bcfiles/rev_chardev.bc>:dev_write:%22	</harden/bcfiles/linux_bcfiles/rev_chardev.bc>:dev_write:%39	</harden/bcfiles/linux_bcfiles/rev_chardev.bc>:dev_write:51	219
</harden/bcfiles/linux_bcfiles/rev_chardev.bc>:dev_write:%21	</harden/bcfiles/linux_bcfiles/rev_chardev.bc>:dev_write:%108	</harden/bcfiles/linux_bcfiles/rev_chardev.bc>:dev_write:149	221
</harden/bcfiles/linux_bcfiles/rev_chardev.bc>:dev_write:%20	</harden/bcfiles/linux_bcfiles/rev_chardev.bc>:dev_write:%3	</harden/bcfiles/linux_bcfiles/rev_chardev.bc>:dev_write:29	-1
</harden/bcfiles/linux_bcfiles/rev_chardev.bc>:dev_write:%19	</harden/bcfiles/linux_bcfiles/rev_chardev.bc>:dev_write:%2	</harden/bcfiles/linux_bcfiles/rev_chardev.bc>:dev_write:27	-1
</harden/bcfiles/linux_bcfiles/rev_chardev.bc>:dev_write:%18	</harden/bcfiles/linux_bcfiles/rev_chardev.bc>:dev_write:%1	</harden/bcfiles/linux_bcfiles/rev_chardev.bc>:dev_write:25	-1
</harden/bcfiles/linux_bcfiles/rev_chardev.bc>:dev_write:%17	</harden/bcfiles/linux_bcfiles/rev_chardev.bc>:dev_write:%0	</harden/bcfiles/linux_bcfiles/rev_chardev.bc>:dev_write:23	-1
</harden/bcfiles/linux_bcfiles/rev_chardev.bc>:dev_write:%87	</harden/bcfiles/linux_bcfiles/rev_chardev.bc>:dev_write:122:0:0	</harden/bcfiles/linux_bcfiles/rev_chardev.bc>:dev_write:122	249
</harden/bcfiles/linux_bcfiles/rev_chardev.bc>:dev_write:%87	</harden/bcfiles/linux_bcfiles/rev_chardev.bc>:dev_write:%86	</harden/bcfiles/linux_bcfiles/rev_chardev.bc>:dev_write:122	249
</harden/bcfiles/linux_bcfiles/rev_chardev.bc>:dev_write:%16	</harden/bcfiles/linux_bcfiles/rev_chardev.bc>:dev_write:181:0:-14	</harden/bcfiles/linux_bcfiles/rev_chardev.bc>:dev_write:181	232
</harden/bcfiles/linux_bcfiles/rev_chardev.bc>:dev_write:%16	</harden/bcfiles/linux_bcfiles/rev_chardev.bc>:dev_write:%125	</harden/bcfiles/linux_bcfiles/rev_chardev.bc>:dev_write:172	228
</harden/bcfiles/linux_bcfiles/rev_chardev.bc>:dev_write:%15	</harden/bcfiles/linux_bcfiles/rev_chardev.bc>:dev_write:%105	</harden/bcfiles/linux_bcfiles/rev_chardev.bc>:dev_write:145	183
</harden/bcfiles/linux_bcfiles/rev_chardev.bc>:dev_write:%15	</harden/bcfiles/linux_bcfiles/rev_chardev.bc>:dev_write:%42	</harden/bcfiles/linux_bcfiles/rev_chardev.bc>:dev_write:59	-1
</harden/bcfiles/linux_bcfiles/rev_chardev.bc>:dev_write:%25	</harden/bcfiles/linux_bcfiles/rev_chardev.bc>:dev_write:%37	</harden/bcfiles/linux_bcfiles/rev_chardev.bc>:dev_write:48	219
</harden/bcfiles/linux_bcfiles/rev_chardev.bc>:dev_write:%14	</harden/bcfiles/linux_bcfiles/rev_chardev.bc>:dev_write:%40	</harden/bcfiles/linux_bcfiles/rev_chardev.bc>:dev_write:57	-1
</harden/bcfiles/linux_bcfiles/rev_chardev.bc>:dev_write:%13	</harden/bcfiles/linux_bcfiles/rev_chardev.bc>:dev_write:55:0:getelementptr inbounds ([1024 x i8], [1024 x i8]* @message, i64 0, i64 0)	</harden/bcfiles/linux_bcfiles/rev_chardev.bc>:dev_write:55	-1
</harden/bcfiles/linux_bcfiles/rev_chardev.bc>:dev_write:%12	</harden/bcfiles/linux_bcfiles/rev_chardev.bc>:dev_write:%90	</harden/bcfiles/linux_bcfiles/rev_chardev.bc>:dev_write:126	249
</harden/bcfiles/linux_bcfiles/rev_chardev.bc>:dev_write:%11	</harden/bcfiles/linux_bcfiles/rev_chardev.bc>:dev_write:117:0:2307	</harden/bcfiles/linux_bcfiles/rev_chardev.bc>:dev_write:117	249
</harden/bcfiles/linux_bcfiles/rev_chardev.bc>:dev_write:%10	</harden/bcfiles/linux_bcfiles/rev_chardev.bc>:dev_write:%77	</harden/bcfiles/linux_bcfiles/rev_chardev.bc>:dev_write:109	249
</harden/bcfiles/linux_bcfiles/rev_chardev.bc>:dev_write:%9	</harden/bcfiles/linux_bcfiles/rev_chardev.bc>:dev_write:%47	</harden/bcfiles/linux_bcfiles/rev_chardev.bc>:dev_write:73	239
</harden/bcfiles/linux_bcfiles/rev_chardev.bc>:dev_write:%117	</harden/bcfiles/linux_bcfiles/rev_chardev.bc>:dev_write:160:0:@message_size	</harden/bcfiles/linux_bcfiles/rev_chardev.bc>:dev_write:160	225
</harden/bcfiles/linux_bcfiles/rev_chardev.bc>:dev_write:%8	</harden/bcfiles/linux_bcfiles/rev_chardev.bc>:dev_write:67:0:0	</harden/bcfiles/linux_bcfiles/rev_chardev.bc>:dev_write:67	-1
</harden/bcfiles/linux_bcfiles/rev_chardev.bc>:dev_write:%7	</harden/bcfiles/linux_bcfiles/rev_chardev.bc>:dev_write:%44	</harden/bcfiles/linux_bcfiles/rev_chardev.bc>:dev_write:65	-1
</harden/bcfiles/linux_bcfiles/rev_chardev.bc>:dev_write:%6	</harden/bcfiles/linux_bcfiles/rev_chardev.bc>:dev_write:%43	</harden/bcfiles/linux_bcfiles/rev_chardev.bc>:dev_write:63	-1
</harden/bcfiles/linux_bcfiles/rev_chardev.bc>:dev_write:%40	</harden/bcfiles/linux_bcfiles/rev_chardev.bc>:dev_write:%18	</harden/bcfiles/linux_bcfiles/rev_chardev.bc>:dev_write:52	221
</harden/bcfiles/linux_bcfiles/rev_chardev.bc>:dev_write:%5	</harden/bcfiles/linux_bcfiles/rev_chardev.bc>:dev_write:102:0:false	</harden/bcfiles/linux_bcfiles/rev_chardev.bc>:dev_write:102	247
</harden/bcfiles/linux_bcfiles/rev_chardev.bc>:dev_write:%5	</harden/bcfiles/linux_bcfiles/rev_chardev.bc>:dev_write:130:0:false	</harden/bcfiles/linux_bcfiles/rev_chardev.bc>:dev_write:130	250
</harden/bcfiles/linux_bcfiles/rev_chardev.bc>:dev_write:%5	</harden/bcfiles/linux_bcfiles/rev_chardev.bc>:dev_write:137:0:true	</harden/bcfiles/linux_bcfiles/rev_chardev.bc>:dev_write:137	252
</harden/bcfiles/linux_bcfiles/rev_chardev.bc>:dev_open:%9	</harden/bcfiles/linux_bcfiles/rev_chardev.bc>:dev_open:%5	</harden/bcfiles/linux_bcfiles/rev_chardev.bc>:dev_open:11	157
</harden/bcfiles/linux_bcfiles/rev_chardev.bc>:dev_open:%5	</harden/bcfiles/linux_bcfiles/rev_chardev.bc>:dev_open:%8	</harden/bcfiles/linux_bcfiles/rev_chardev.bc>:dev_open:10	157
</harden/bcfiles/linux_bcfiles/rev_chardev.bc>:dev_open:%4	</harden/bcfiles/linux_bcfiles/rev_chardev.bc>:dev_open:%1	</harden/bcfiles/linux_bcfiles/rev_chardev.bc>:dev_open:5	-1
</harden/bcfiles/linux_bcfiles/rev_chardev.bc>:dev_open:%3	</harden/bcfiles/linux_bcfiles/rev_chardev.bc>:dev_open:%0	</harden/bcfiles/linux_bcfiles/rev_chardev.bc>:dev_open:3	-1
</harden/bcfiles/linux_bcfiles/rev_chardev.bc>:dev_release:%9	</harden/bcfiles/linux_bcfiles/rev_chardev.bc>:dev_release:%5	</harden/bcfiles/linux_bcfiles/rev_chardev.bc>:dev_release:11	169
</harden/bcfiles/linux_bcfiles/rev_chardev.bc>:dev_release:%5	</harden/bcfiles/linux_bcfiles/rev_chardev.bc>:dev_release:%8	</harden/bcfiles/linux_bcfiles/rev_chardev.bc>:dev_release:10	169
</harden/bcfiles/linux_bcfiles/rev_chardev.bc>:dev_release:%4	</harden/bcfiles/linux_bcfiles/rev_chardev.bc>:dev_release:%1	</harden/bcfiles/linux_bcfiles/rev_chardev.bc>:dev_release:5	-1
</harden/bcfiles/linux_bcfiles/rev_chardev.bc>:dev_release:%3	</harden/bcfiles/linux_bcfiles/rev_chardev.bc>:dev_release:%0	</harden/bcfiles/linux_bcfiles/rev_chardev.bc>:dev_release:3	-1
</harden/bcfiles/linux_bcfiles/rev_chardev.bc>:copy_overflow:%4	</harden/bcfiles/linux_bcfiles/rev_chardev.bc>:copy_overflow:%1	</harden/bcfiles/linux_bcfiles/rev_chardev.bc>:copy_overflow:4	-1
</harden/bcfiles/linux_bcfiles/rev_chardev.bc>:copy_overflow:%3	</harden/bcfiles/linux_bcfiles/rev_chardev.bc>:copy_overflow:%0	</harden/bcfiles/linux_bcfiles/rev_chardev.bc>:copy_overflow:2	-1
</harden/bcfiles/linux_bcfiles/rev_chardev.bc>:check_object_size:%7	</harden/bcfiles/linux_bcfiles/rev_chardev.bc>:check_object_size:%2	</harden/bcfiles/linux_bcfiles/rev_chardev.bc>:check_object_size:7	-1
</harden/bcfiles/linux_bcfiles/rev_chardev.bc>:check_object_size:%6	</harden/bcfiles/linux_bcfiles/rev_chardev.bc>:check_object_size:%7	</harden/bcfiles/linux_bcfiles/rev_chardev.bc>:check_object_size:8	-1
</harden/bcfiles/linux_bcfiles/rev_chardev.bc>:check_object_size:%5	</harden/bcfiles/linux_bcfiles/rev_chardev.bc>:check_object_size:%1	</harden/bcfiles/linux_bcfiles/rev_chardev.bc>:check_object_size:5	-1
</harden/bcfiles/linux_bcfiles/rev_chardev.bc>:check_object_size:%4	</harden/bcfiles/linux_bcfiles/rev_chardev.bc>:check_object_size:%0	</harden/bcfiles/linux_bcfiles/rev_chardev.bc>:check_object_size:3	-1
</harden/bcfiles/linux_bcfiles/rev_chardev.bc>:reverse_string:%36	</harden/bcfiles/linux_bcfiles/rev_chardev.bc>:reverse_string:43:0:1	</harden/bcfiles/linux_bcfiles/rev_chardev.bc>:reverse_string:43	66
</harden/bcfiles/linux_bcfiles/rev_chardev.bc>:reverse_string:%36	</harden/bcfiles/linux_bcfiles/rev_chardev.bc>:reverse_string:%35	</harden/bcfiles/linux_bcfiles/rev_chardev.bc>:reverse_string:43	66
</harden/bcfiles/linux_bcfiles/rev_chardev.bc>:reverse_string:%35	</harden/bcfiles/linux_bcfiles/rev_chardev.bc>:reverse_string:%5	</harden/bcfiles/linux_bcfiles/rev_chardev.bc>:reverse_string:42	66
</harden/bcfiles/linux_bcfiles/rev_chardev.bc>:reverse_string:%33	</harden/bcfiles/linux_bcfiles/rev_chardev.bc>:reverse_string:%32	</harden/bcfiles/linux_bcfiles/rev_chardev.bc>:reverse_string:39	69
</harden/bcfiles/linux_bcfiles/rev_chardev.bc>:reverse_string:%33	</harden/bcfiles/linux_bcfiles/rev_chardev.bc>:reverse_string:%28	</harden/bcfiles/linux_bcfiles/rev_chardev.bc>:reverse_string:39	69
</harden/bcfiles/linux_bcfiles/rev_chardev.bc>:reverse_string:%33	</harden/bcfiles/linux_bcfiles/rev_chardev.bc>:reverse_string:%27	</harden/bcfiles/linux_bcfiles/rev_chardev.bc>:reverse_string:40	69
</harden/bcfiles/linux_bcfiles/rev_chardev.bc>:reverse_string:%32	</harden/bcfiles/linux_bcfiles/rev_chardev.bc>:reverse_string:38:0:1	</harden/bcfiles/linux_bcfiles/rev_chardev.bc>:reverse_string:38	69
</harden/bcfiles/linux_bcfiles/rev_chardev.bc>:reverse_string:%32	</harden/bcfiles/linux_bcfiles/rev_chardev.bc>:reverse_string:%31	</harden/bcfiles/linux_bcfiles/rev_chardev.bc>:reverse_string:38	69
</harden/bcfiles/linux_bcfiles/rev_chardev.bc>:reverse_string:%30	</harden/bcfiles/linux_bcfiles/rev_chardev.bc>:reverse_string:%5	</harden/bcfiles/linux_bcfiles/rev_chardev.bc>:reverse_string:36	69
</harden/bcfiles/linux_bcfiles/rev_chardev.bc>:reverse_string:%29	</harden/bcfiles/linux_bcfiles/rev_chardev.bc>:reverse_string:%4	</harden/bcfiles/linux_bcfiles/rev_chardev.bc>:reverse_string:35	69
</harden/bcfiles/linux_bcfiles/rev_chardev.bc>:reverse_string:%28	</harden/bcfiles/linux_bcfiles/rev_chardev.bc>:reverse_string:%3	</harden/bcfiles/linux_bcfiles/rev_chardev.bc>:reverse_string:34	69
</harden/bcfiles/linux_bcfiles/rev_chardev.bc>:reverse_string:%27	</harden/bcfiles/linux_bcfiles/rev_chardev.bc>:reverse_string:%6	</harden/bcfiles/linux_bcfiles/rev_chardev.bc>:reverse_string:33	69
</harden/bcfiles/linux_bcfiles/rev_chardev.bc>:reverse_string:%26	</harden/bcfiles/linux_bcfiles/rev_chardev.bc>:reverse_string:%25	</harden/bcfiles/linux_bcfiles/rev_chardev.bc>:reverse_string:31	68
</harden/bcfiles/linux_bcfiles/rev_chardev.bc>:reverse_string:%26	</harden/bcfiles/linux_bcfiles/rev_chardev.bc>:reverse_string:%24	</harden/bcfiles/linux_bcfiles/rev_chardev.bc>:reverse_string:31	68
</harden/bcfiles/linux_bcfiles/rev_chardev.bc>:reverse_string:%26	</harden/bcfiles/linux_bcfiles/rev_chardev.bc>:reverse_string:%23	</harden/bcfiles/linux_bcfiles/rev_chardev.bc>:reverse_string:32	68
</harden/bcfiles/linux_bcfiles/rev_chardev.bc>:reverse_string:%25	</harden/bcfiles/linux_bcfiles/rev_chardev.bc>:reverse_string:%5	</harden/bcfiles/linux_bcfiles/rev_chardev.bc>:reverse_string:30	68
</harden/bcfiles/linux_bcfiles/rev_chardev.bc>:reverse_string:%24	</harden/bcfiles/linux_bcfiles/rev_chardev.bc>:reverse_string:%3	</harden/bcfiles/linux_bcfiles/rev_chardev.bc>:reverse_string:29	68
</harden/bcfiles/linux_bcfiles/rev_chardev.bc>:reverse_string:%23	</harden/bcfiles/linux_bcfiles/rev_chardev.bc>:reverse_string:%22	</harden/bcfiles/linux_bcfiles/rev_chardev.bc>:reverse_string:28	68
</harden/bcfiles/linux_bcfiles/rev_chardev.bc>:reverse_string:%22	</harden/bcfiles/linux_bcfiles/rev_chardev.bc>:reverse_string:%21	</harden/bcfiles/linux_bcfiles/rev_chardev.bc>:reverse_string:27	68
</harden/bcfiles/linux_bcfiles/rev_chardev.bc>:reverse_string:%22	</harden/bcfiles/linux_bcfiles/rev_chardev.bc>:reverse_string:%17	</harden/bcfiles/linux_bcfiles/rev_chardev.bc>:reverse_string:27	68
</harden/bcfiles/linux_bcfiles/rev_chardev.bc>:reverse_string:%21	</harden/bcfiles/linux_bcfiles/rev_chardev.bc>:reverse_string:26:0:1	</harden/bcfiles/linux_bcfiles/rev_chardev.bc>:reverse_string:26	68
</harden/bcfiles/linux_bcfiles/rev_chardev.bc>:reverse_string:%21	</harden/bcfiles/linux_bcfiles/rev_chardev.bc>:reverse_string:%20	</harden/bcfiles/linux_bcfiles/rev_chardev.bc>:reverse_string:26	68
</harden/bcfiles/linux_bcfiles/rev_chardev.bc>:reverse_string:%20	</harden/bcfiles/linux_bcfiles/rev_chardev.bc>:reverse_string:%19	</harden/bcfiles/linux_bcfiles/rev_chardev.bc>:reverse_string:25	68
</harden/bcfiles/linux_bcfiles/rev_chardev.bc>:reverse_string:%20	</harden/bcfiles/linux_bcfiles/rev_chardev.bc>:reverse_string:%18	</harden/bcfiles/linux_bcfiles/rev_chardev.bc>:reverse_string:25	68
</harden/bcfiles/linux_bcfiles/rev_chardev.bc>:reverse_string:%19	</harden/bcfiles/linux_bcfiles/rev_chardev.bc>:reverse_string:%5	</harden/bcfiles/linux_bcfiles/rev_chardev.bc>:reverse_string:24	68
</harden/bcfiles/linux_bcfiles/rev_chardev.bc>:reverse_string:%18	</harden/bcfiles/linux_bcfiles/rev_chardev.bc>:reverse_string:%4	</harden/bcfiles/linux_bcfiles/rev_chardev.bc>:reverse_string:23	68
</harden/bcfiles/linux_bcfiles/rev_chardev.bc>:reverse_string:%17	</harden/bcfiles/linux_bcfiles/rev_chardev.bc>:reverse_string:%3	</harden/bcfiles/linux_bcfiles/rev_chardev.bc>:reverse_string:22	68
</harden/bcfiles/linux_bcfiles/rev_chardev.bc>:reverse_string:%16	</harden/bcfiles/linux_bcfiles/rev_chardev.bc>:reverse_string:%15	</harden/bcfiles/linux_bcfiles/rev_chardev.bc>:reverse_string:20	67
</harden/bcfiles/linux_bcfiles/rev_chardev.bc>:reverse_string:%15	</harden/bcfiles/linux_bcfiles/rev_chardev.bc>:reverse_string:%13	</harden/bcfiles/linux_bcfiles/rev_chardev.bc>:reverse_string:19	67
</harden/bcfiles/linux_bcfiles/rev_chardev.bc>:reverse_string:%15	</harden/bcfiles/linux_bcfiles/rev_chardev.bc>:reverse_string:%14	</harden/bcfiles/linux_bcfiles/rev_chardev.bc>:reverse_string:19	67
</harden/bcfiles/linux_bcfiles/rev_chardev.bc>:reverse_string:%13	</harden/bcfiles/linux_bcfiles/rev_chardev.bc>:reverse_string:%3	</harden/bcfiles/linux_bcfiles/rev_chardev.bc>:reverse_string:17	67
</harden/bcfiles/linux_bcfiles/rev_chardev.bc>:reverse_string:%31	</harden/bcfiles/linux_bcfiles/rev_chardev.bc>:reverse_string:%30	</harden/bcfiles/linux_bcfiles/rev_chardev.bc>:reverse_string:37	69
</harden/bcfiles/linux_bcfiles/rev_chardev.bc>:reverse_string:%31	</harden/bcfiles/linux_bcfiles/rev_chardev.bc>:reverse_string:%29	</harden/bcfiles/linux_bcfiles/rev_chardev.bc>:reverse_string:37	69
</harden/bcfiles/linux_bcfiles/rev_chardev.bc>:reverse_string:%11	</harden/bcfiles/linux_bcfiles/rev_chardev.bc>:reverse_string:%10	</harden/bcfiles/linux_bcfiles/rev_chardev.bc>:reverse_string:15	66
</harden/bcfiles/linux_bcfiles/rev_chardev.bc>:reverse_string:%11	</harden/bcfiles/linux_bcfiles/rev_chardev.bc>:reverse_string:%8	</harden/bcfiles/linux_bcfiles/rev_chardev.bc>:reverse_string:15	66
</harden/bcfiles/linux_bcfiles/rev_chardev.bc>:reverse_string:%10	</harden/bcfiles/linux_bcfiles/rev_chardev.bc>:reverse_string:14:0:2	</harden/bcfiles/linux_bcfiles/rev_chardev.bc>:reverse_string:14	66
</harden/bcfiles/linux_bcfiles/rev_chardev.bc>:reverse_string:%10	</harden/bcfiles/linux_bcfiles/rev_chardev.bc>:reverse_string:%9	</harden/bcfiles/linux_bcfiles/rev_chardev.bc>:reverse_string:14	66
</harden/bcfiles/linux_bcfiles/rev_chardev.bc>:reverse_string:%9	</harden/bcfiles/linux_bcfiles/rev_chardev.bc>:reverse_string:%4	</harden/bcfiles/linux_bcfiles/rev_chardev.bc>:reverse_string:13	66
</harden/bcfiles/linux_bcfiles/rev_chardev.bc>:reverse_string:%8	</harden/bcfiles/linux_bcfiles/rev_chardev.bc>:reverse_string:%5	</harden/bcfiles/linux_bcfiles/rev_chardev.bc>:reverse_string:12	66
</harden/bcfiles/linux_bcfiles/rev_chardev.bc>:reverse_string:%14	</harden/bcfiles/linux_bcfiles/rev_chardev.bc>:reverse_string:%5	</harden/bcfiles/linux_bcfiles/rev_chardev.bc>:reverse_string:18	67
</harden/bcfiles/linux_bcfiles/rev_chardev.bc>:reverse_string:%6	</harden/bcfiles/linux_bcfiles/rev_chardev.bc>:reverse_string:%16	</harden/bcfiles/linux_bcfiles/rev_chardev.bc>:reverse_string:21	67
</harden/bcfiles/linux_bcfiles/rev_chardev.bc>:reverse_string:%5	</harden/bcfiles/linux_bcfiles/rev_chardev.bc>:reverse_string:10:0:0	</harden/bcfiles/linux_bcfiles/rev_chardev.bc>:reverse_string:10	66
</harden/bcfiles/linux_bcfiles/rev_chardev.bc>:reverse_string:%5	</harden/bcfiles/linux_bcfiles/rev_chardev.bc>:reverse_string:%36	</harden/bcfiles/linux_bcfiles/rev_chardev.bc>:reverse_string:44	66
</harden/bcfiles/linux_bcfiles/rev_chardev.bc>:reverse_string:%4	</harden/bcfiles/linux_bcfiles/rev_chardev.bc>:reverse_string:%1	</harden/bcfiles/linux_bcfiles/rev_chardev.bc>:reverse_string:6	-1
</harden/bcfiles/linux_bcfiles/rev_chardev.bc>:reverse_string:%3	</harden/bcfiles/linux_bcfiles/rev_chardev.bc>:reverse_string:%0	</harden/bcfiles/linux_bcfiles/rev_chardev.bc>:reverse_string:4	-1
