block:</harden/bcfiles/linux_bcfiles/rev_chardev.bc>:reverse_init:[basicblock]%14	block:</harden/bcfiles/linux_bcfiles/rev_chardev.bc>:reverse_init:[basicblock]%72
block:</harden/bcfiles/linux_bcfiles/rev_chardev.bc>:reverse_init:[basicblock]%15	block:</harden/bcfiles/linux_bcfiles/rev_chardev.bc>:reverse_init:[basicblock]%72
block:</harden/bcfiles/linux_bcfiles/rev_chardev.bc>:reverse_init:[basicblock]%16	block:</harden/bcfiles/linux_bcfiles/rev_chardev.bc>:reverse_init:[basicblock]%72
block:</harden/bcfiles/linux_bcfiles/rev_chardev.bc>:reverse_init:[basicblock]%20	block:</harden/bcfiles/linux_bcfiles/rev_chardev.bc>:reverse_init:[basicblock]%72
block:</harden/bcfiles/linux_bcfiles/rev_chardev.bc>:reverse_init:[basicblock]%25	block:</harden/bcfiles/linux_bcfiles/rev_chardev.bc>:reverse_init:[basicblock]%72
block:</harden/bcfiles/linux_bcfiles/rev_chardev.bc>:reverse_init:[basicblock]%27	block:</harden/bcfiles/linux_bcfiles/rev_chardev.bc>:reverse_init:[basicblock]%72
block:</harden/bcfiles/linux_bcfiles/rev_chardev.bc>:reverse_init:[basicblock]%28	block:</harden/bcfiles/linux_bcfiles/rev_chardev.bc>:reverse_init:[basicblock]%72
block:</harden/bcfiles/linux_bcfiles/rev_chardev.bc>:reverse_init:[basicblock]%32	block:</harden/bcfiles/linux_bcfiles/rev_chardev.bc>:reverse_init:[basicblock]%72
block:</harden/bcfiles/linux_bcfiles/rev_chardev.bc>:reverse_init:[basicblock]%37	block:</harden/bcfiles/linux_bcfiles/rev_chardev.bc>:reverse_init:[basicblock]%72
block:</harden/bcfiles/linux_bcfiles/rev_chardev.bc>:reverse_init:[basicblock]%39	block:</harden/bcfiles/linux_bcfiles/rev_chardev.bc>:reverse_init:[basicblock]%72
block:</harden/bcfiles/linux_bcfiles/rev_chardev.bc>:reverse_init:[basicblock]%40	block:</harden/bcfiles/linux_bcfiles/rev_chardev.bc>:reverse_init:[basicblock]%72
block:</harden/bcfiles/linux_bcfiles/rev_chardev.bc>:reverse_init:[basicblock]%47	block:</harden/bcfiles/linux_bcfiles/rev_chardev.bc>:reverse_init:[basicblock]%72
block:</harden/bcfiles/linux_bcfiles/rev_chardev.bc>:reverse_init:[basicblock]%56	block:</harden/bcfiles/linux_bcfiles/rev_chardev.bc>:reverse_init:[basicblock]%72
block:</harden/bcfiles/linux_bcfiles/rev_chardev.bc>:reverse_init:[basicblock]%59	block:</harden/bcfiles/linux_bcfiles/rev_chardev.bc>:reverse_init:[basicblock]%72
block:</harden/bcfiles/linux_bcfiles/rev_chardev.bc>:reverse_init:[basicblock]%60	block:</harden/bcfiles/linux_bcfiles/rev_chardev.bc>:reverse_init:[basicblock]%72
block:</harden/bcfiles/linux_bcfiles/rev_chardev.bc>:reverse_init:[basicblock]%67	block:</harden/bcfiles/linux_bcfiles/rev_chardev.bc>:reverse_init:[basicblock]%72
block:</harden/bcfiles/linux_bcfiles/rev_chardev.bc>:reverse_init:[basicblock]%68	block:</harden/bcfiles/linux_bcfiles/rev_chardev.bc>:reverse_init:[basicblock]%72
block:</harden/bcfiles/linux_bcfiles/rev_chardev.bc>:reverse_init:[basicblock]%69	block:</harden/bcfiles/linux_bcfiles/rev_chardev.bc>:reverse_init:[basicblock]%72
block:</harden/bcfiles/linux_bcfiles/rev_chardev.bc>:rev_devnode:[basicblock]%7	block:</harden/bcfiles/linux_bcfiles/rev_chardev.bc>:rev_devnode:[basicblock]%9
block:</harden/bcfiles/linux_bcfiles/rev_chardev.bc>:dev_read:[basicblock]%38	block:</harden/bcfiles/linux_bcfiles/rev_chardev.bc>:dev_read:[basicblock]%42
block:</harden/bcfiles/linux_bcfiles/rev_chardev.bc>:dev_read:[basicblock]%40	block:</harden/bcfiles/linux_bcfiles/rev_chardev.bc>:dev_read:[basicblock]%42
block:</harden/bcfiles/linux_bcfiles/rev_chardev.bc>:dev_read:[basicblock]%48	block:</harden/bcfiles/linux_bcfiles/rev_chardev.bc>:dev_read:[basicblock]%147
block:</harden/bcfiles/linux_bcfiles/rev_chardev.bc>:dev_read:[basicblock]%49	block:</harden/bcfiles/linux_bcfiles/rev_chardev.bc>:dev_read:[basicblock]%147
block:</harden/bcfiles/linux_bcfiles/rev_chardev.bc>:dev_read:[basicblock]%50	block:</harden/bcfiles/linux_bcfiles/rev_chardev.bc>:dev_read:[basicblock]%147
block:</harden/bcfiles/linux_bcfiles/rev_chardev.bc>:dev_read:[basicblock]%53	block:</harden/bcfiles/linux_bcfiles/rev_chardev.bc>:dev_read:[basicblock]%147
block:</harden/bcfiles/linux_bcfiles/rev_chardev.bc>:dev_read:[basicblock]%67	block:</harden/bcfiles/linux_bcfiles/rev_chardev.bc>:dev_read:[basicblock]%72
block:</harden/bcfiles/linux_bcfiles/rev_chardev.bc>:dev_read:[basicblock]%72	block:</harden/bcfiles/linux_bcfiles/rev_chardev.bc>:dev_read:[basicblock]%147
block:</harden/bcfiles/linux_bcfiles/rev_chardev.bc>:dev_read:[basicblock]%77	block:</harden/bcfiles/linux_bcfiles/rev_chardev.bc>:dev_read:[basicblock]%116
block:</harden/bcfiles/linux_bcfiles/rev_chardev.bc>:dev_read:[basicblock]%80	block:</harden/bcfiles/linux_bcfiles/rev_chardev.bc>:dev_read:[basicblock]%89
block:</harden/bcfiles/linux_bcfiles/rev_chardev.bc>:dev_read:[basicblock]%83	block:</harden/bcfiles/linux_bcfiles/rev_chardev.bc>:dev_read:[basicblock]%89
block:</harden/bcfiles/linux_bcfiles/rev_chardev.bc>:dev_read:[basicblock]%86	block:</harden/bcfiles/linux_bcfiles/rev_chardev.bc>:dev_read:[basicblock]%88
block:</harden/bcfiles/linux_bcfiles/rev_chardev.bc>:dev_read:[basicblock]%87	block:</harden/bcfiles/linux_bcfiles/rev_chardev.bc>:dev_read:[basicblock]%88
block:</harden/bcfiles/linux_bcfiles/rev_chardev.bc>:dev_read:[basicblock]%88	block:</harden/bcfiles/linux_bcfiles/rev_chardev.bc>:dev_read:[basicblock]%89
block:</harden/bcfiles/linux_bcfiles/rev_chardev.bc>:dev_read:[basicblock]%89	block:</harden/bcfiles/linux_bcfiles/rev_chardev.bc>:dev_read:[basicblock]%116
block:</harden/bcfiles/linux_bcfiles/rev_chardev.bc>:dev_read:[basicblock]%90	block:</harden/bcfiles/linux_bcfiles/rev_chardev.bc>:dev_read:[basicblock]%116
block:</harden/bcfiles/linux_bcfiles/rev_chardev.bc>:dev_read:[basicblock]%100	block:</harden/bcfiles/linux_bcfiles/rev_chardev.bc>:dev_read:[basicblock]%102
block:</harden/bcfiles/linux_bcfiles/rev_chardev.bc>:dev_read:[basicblock]%102	block:</harden/bcfiles/linux_bcfiles/rev_chardev.bc>:dev_read:[basicblock]%116
block:</harden/bcfiles/linux_bcfiles/rev_chardev.bc>:dev_read:[basicblock]%110	block:</harden/bcfiles/linux_bcfiles/rev_chardev.bc>:dev_read:[basicblock]%116
block:</harden/bcfiles/linux_bcfiles/rev_chardev.bc>:dev_read:[basicblock]%111	block:</harden/bcfiles/linux_bcfiles/rev_chardev.bc>:dev_read:[basicblock]%116
block:</harden/bcfiles/linux_bcfiles/rev_chardev.bc>:dev_read:[basicblock]%116	block:</harden/bcfiles/linux_bcfiles/rev_chardev.bc>:dev_read:[basicblock]%147
block:</harden/bcfiles/linux_bcfiles/rev_chardev.bc>:dev_read:[basicblock]%118	block:</harden/bcfiles/linux_bcfiles/rev_chardev.bc>:dev_read:[basicblock]%123
block:</harden/bcfiles/linux_bcfiles/rev_chardev.bc>:dev_read:[basicblock]%123	block:</harden/bcfiles/linux_bcfiles/rev_chardev.bc>:dev_read:[basicblock]%147
block:</harden/bcfiles/linux_bcfiles/rev_chardev.bc>:dev_read:[basicblock]%128	block:</harden/bcfiles/linux_bcfiles/rev_chardev.bc>:dev_read:[basicblock]%147
block:</harden/bcfiles/linux_bcfiles/rev_chardev.bc>:dev_read:[basicblock]%134	block:</harden/bcfiles/linux_bcfiles/rev_chardev.bc>:dev_read:[basicblock]%147
block:</harden/bcfiles/linux_bcfiles/rev_chardev.bc>:dev_read:[basicblock]%135	block:</harden/bcfiles/linux_bcfiles/rev_chardev.bc>:dev_read:[basicblock]%147
block:</harden/bcfiles/linux_bcfiles/rev_chardev.bc>:dev_read:[basicblock]%141	block:</harden/bcfiles/linux_bcfiles/rev_chardev.bc>:dev_read:[basicblock]%147
block:</harden/bcfiles/linux_bcfiles/rev_chardev.bc>:dev_read:[basicblock]%142	block:</harden/bcfiles/linux_bcfiles/rev_chardev.bc>:dev_read:[basicblock]%147
block:</harden/bcfiles/linux_bcfiles/rev_chardev.bc>:dev_read:[basicblock]%143	block:</harden/bcfiles/linux_bcfiles/rev_chardev.bc>:dev_read:[basicblock]%147
block:</harden/bcfiles/linux_bcfiles/rev_chardev.bc>:dev_write:[basicblock]%32	block:</harden/bcfiles/linux_bcfiles/rev_chardev.bc>:dev_write:[basicblock]%36
block:</harden/bcfiles/linux_bcfiles/rev_chardev.bc>:dev_write:[basicblock]%34	block:</harden/bcfiles/linux_bcfiles/rev_chardev.bc>:dev_write:[basicblock]%36
block:</harden/bcfiles/linux_bcfiles/rev_chardev.bc>:dev_write:[basicblock]%50	block:</harden/bcfiles/linux_bcfiles/rev_chardev.bc>:dev_write:[basicblock]%55
block:</harden/bcfiles/linux_bcfiles/rev_chardev.bc>:dev_write:[basicblock]%60	block:</harden/bcfiles/linux_bcfiles/rev_chardev.bc>:dev_write:[basicblock]%99
block:</harden/bcfiles/linux_bcfiles/rev_chardev.bc>:dev_write:[basicblock]%63	block:</harden/bcfiles/linux_bcfiles/rev_chardev.bc>:dev_write:[basicblock]%72
block:</harden/bcfiles/linux_bcfiles/rev_chardev.bc>:dev_write:[basicblock]%66	block:</harden/bcfiles/linux_bcfiles/rev_chardev.bc>:dev_write:[basicblock]%72
block:</harden/bcfiles/linux_bcfiles/rev_chardev.bc>:dev_write:[basicblock]%69	block:</harden/bcfiles/linux_bcfiles/rev_chardev.bc>:dev_write:[basicblock]%71
block:</harden/bcfiles/linux_bcfiles/rev_chardev.bc>:dev_write:[basicblock]%70	block:</harden/bcfiles/linux_bcfiles/rev_chardev.bc>:dev_write:[basicblock]%71
block:</harden/bcfiles/linux_bcfiles/rev_chardev.bc>:dev_write:[basicblock]%71	block:</harden/bcfiles/linux_bcfiles/rev_chardev.bc>:dev_write:[basicblock]%72
block:</harden/bcfiles/linux_bcfiles/rev_chardev.bc>:dev_write:[basicblock]%72	block:</harden/bcfiles/linux_bcfiles/rev_chardev.bc>:dev_write:[basicblock]%99
block:</harden/bcfiles/linux_bcfiles/rev_chardev.bc>:dev_write:[basicblock]%73	block:</harden/bcfiles/linux_bcfiles/rev_chardev.bc>:dev_write:[basicblock]%99
block:</harden/bcfiles/linux_bcfiles/rev_chardev.bc>:dev_write:[basicblock]%83	block:</harden/bcfiles/linux_bcfiles/rev_chardev.bc>:dev_write:[basicblock]%85
block:</harden/bcfiles/linux_bcfiles/rev_chardev.bc>:dev_write:[basicblock]%85	block:</harden/bcfiles/linux_bcfiles/rev_chardev.bc>:dev_write:[basicblock]%99
block:</harden/bcfiles/linux_bcfiles/rev_chardev.bc>:dev_write:[basicblock]%93	block:</harden/bcfiles/linux_bcfiles/rev_chardev.bc>:dev_write:[basicblock]%99
block:</harden/bcfiles/linux_bcfiles/rev_chardev.bc>:dev_write:[basicblock]%94	block:</harden/bcfiles/linux_bcfiles/rev_chardev.bc>:dev_write:[basicblock]%99
block:</harden/bcfiles/linux_bcfiles/rev_chardev.bc>:dev_write:[basicblock]%101	block:</harden/bcfiles/linux_bcfiles/rev_chardev.bc>:dev_write:[basicblock]%106
block:</harden/bcfiles/linux_bcfiles/rev_chardev.bc>:dev_write:[basicblock]%111	block:</harden/bcfiles/linux_bcfiles/rev_chardev.bc>:dev_write:[basicblock]%132
block:</harden/bcfiles/linux_bcfiles/rev_chardev.bc>:dev_write:[basicblock]%119	block:</harden/bcfiles/linux_bcfiles/rev_chardev.bc>:dev_write:[basicblock]%132
block:</harden/bcfiles/linux_bcfiles/rev_chardev.bc>:dev_write:[basicblock]%120	block:</harden/bcfiles/linux_bcfiles/rev_chardev.bc>:dev_write:[basicblock]%132
block:</harden/bcfiles/linux_bcfiles/rev_chardev.bc>:dev_write:[basicblock]%126	block:</harden/bcfiles/linux_bcfiles/rev_chardev.bc>:dev_write:[basicblock]%132
block:</harden/bcfiles/linux_bcfiles/rev_chardev.bc>:dev_write:[basicblock]%127	block:</harden/bcfiles/linux_bcfiles/rev_chardev.bc>:dev_write:[basicblock]%132
block:</harden/bcfiles/linux_bcfiles/rev_chardev.bc>:dev_write:[basicblock]%128	block:</harden/bcfiles/linux_bcfiles/rev_chardev.bc>:dev_write:[basicblock]%132
block:</harden/bcfiles/linux_bcfiles/rev_chardev.bc>:reverse_string:[basicblock]%7	block:</harden/bcfiles/linux_bcfiles/rev_chardev.bc>:reverse_string:[basicblock]%7
block:</harden/bcfiles/linux_bcfiles/rev_chardev.bc>:reverse_string:[basicblock]%12	block:</harden/bcfiles/linux_bcfiles/rev_chardev.bc>:reverse_string:[basicblock]%7
block:</harden/bcfiles/linux_bcfiles/rev_chardev.bc>:reverse_string:[basicblock]%34	block:</harden/bcfiles/linux_bcfiles/rev_chardev.bc>:reverse_string:[basicblock]%7
