</harden/bcfiles/linux_bcfiles/rev_chardev.bc>:reverse_init:0	</harden/bcfiles/linux_bcfiles/rev_chardev.bc>:reverse_init:%73
</harden/bcfiles/linux_bcfiles/rev_chardev.bc>:IS_ERR:0	</harden/bcfiles/linux_bcfiles/rev_chardev.bc>:IS_ERR:%12
</harden/bcfiles/linux_bcfiles/rev_chardev.bc>:IS_ERR:0	</harden/bcfiles/linux_bcfiles/rev_chardev.bc>:IS_ERR:%0
</harden/bcfiles/linux_bcfiles/rev_chardev.bc>:PTR_ERR:0	</harden/bcfiles/linux_bcfiles/rev_chardev.bc>:PTR_ERR:%4
</harden/bcfiles/linux_bcfiles/rev_chardev.bc>:PTR_ERR:0	</harden/bcfiles/linux_bcfiles/rev_chardev.bc>:PTR_ERR:%0
</harden/bcfiles/linux_bcfiles/rev_chardev.bc>:rev_devnode:0	</harden/bcfiles/linux_bcfiles/rev_chardev.bc>:rev_devnode:%1
</harden/bcfiles/linux_bcfiles/rev_chardev.bc>:rev_devnode:0	</harden/bcfiles/linux_bcfiles/rev_chardev.bc>:rev_devnode:%0
</harden/bcfiles/linux_bcfiles/rev_chardev.bc>:dev_read:0	</harden/bcfiles/linux_bcfiles/rev_chardev.bc>:dev_read:%148
</harden/bcfiles/linux_bcfiles/rev_chardev.bc>:dev_read:0	</harden/bcfiles/linux_bcfiles/rev_chardev.bc>:dev_read:%3
</harden/bcfiles/linux_bcfiles/rev_chardev.bc>:dev_read:0	</harden/bcfiles/linux_bcfiles/rev_chardev.bc>:dev_read:%2
</harden/bcfiles/linux_bcfiles/rev_chardev.bc>:dev_read:0	</harden/bcfiles/linux_bcfiles/rev_chardev.bc>:dev_read:%1
</harden/bcfiles/linux_bcfiles/rev_chardev.bc>:dev_read:0	</harden/bcfiles/linux_bcfiles/rev_chardev.bc>:dev_read:%0
</harden/bcfiles/linux_bcfiles/rev_chardev.bc>:dev_write:0	</harden/bcfiles/linux_bcfiles/rev_chardev.bc>:dev_write:%133
</harden/bcfiles/linux_bcfiles/rev_chardev.bc>:dev_write:0	</harden/bcfiles/linux_bcfiles/rev_chardev.bc>:dev_write:%3
</harden/bcfiles/linux_bcfiles/rev_chardev.bc>:dev_write:0	</harden/bcfiles/linux_bcfiles/rev_chardev.bc>:dev_write:%2
</harden/bcfiles/linux_bcfiles/rev_chardev.bc>:dev_write:0	</harden/bcfiles/linux_bcfiles/rev_chardev.bc>:dev_write:%1
</harden/bcfiles/linux_bcfiles/rev_chardev.bc>:dev_write:0	</harden/bcfiles/linux_bcfiles/rev_chardev.bc>:dev_write:%0
</harden/bcfiles/linux_bcfiles/rev_chardev.bc>:dev_open:0	</harden/bcfiles/linux_bcfiles/rev_chardev.bc>:dev_open:%1
</harden/bcfiles/linux_bcfiles/rev_chardev.bc>:dev_open:0	</harden/bcfiles/linux_bcfiles/rev_chardev.bc>:dev_open:%0
</harden/bcfiles/linux_bcfiles/rev_chardev.bc>:dev_release:0	</harden/bcfiles/linux_bcfiles/rev_chardev.bc>:dev_release:%1
</harden/bcfiles/linux_bcfiles/rev_chardev.bc>:dev_release:0	</harden/bcfiles/linux_bcfiles/rev_chardev.bc>:dev_release:%0
</harden/bcfiles/linux_bcfiles/rev_chardev.bc>:copy_overflow:0	</harden/bcfiles/linux_bcfiles/rev_chardev.bc>:copy_overflow:%1
</harden/bcfiles/linux_bcfiles/rev_chardev.bc>:copy_overflow:0	</harden/bcfiles/linux_bcfiles/rev_chardev.bc>:copy_overflow:%0
</harden/bcfiles/linux_bcfiles/rev_chardev.bc>:check_object_size:0	</harden/bcfiles/linux_bcfiles/rev_chardev.bc>:check_object_size:%2
</harden/bcfiles/linux_bcfiles/rev_chardev.bc>:check_object_size:0	</harden/bcfiles/linux_bcfiles/rev_chardev.bc>:check_object_size:%1
</harden/bcfiles/linux_bcfiles/rev_chardev.bc>:check_object_size:0	</harden/bcfiles/linux_bcfiles/rev_chardev.bc>:check_object_size:%0
</harden/bcfiles/linux_bcfiles/rev_chardev.bc>:reverse_string:0	</harden/bcfiles/linux_bcfiles/rev_chardev.bc>:reverse_string:%1
</harden/bcfiles/linux_bcfiles/rev_chardev.bc>:reverse_string:0	</harden/bcfiles/linux_bcfiles/rev_chardev.bc>:reverse_string:%0
