block:</harden/bcfiles/linux_bcfiles/rev_chardev.bc>:reverse_init:[basicblock]%0	</harden/bcfiles/linux_bcfiles/rev_chardev.bc>:reverse_init
block:</harden/bcfiles/linux_bcfiles/rev_chardev.bc>:reverse_exit:[basicblock]%0	</harden/bcfiles/linux_bcfiles/rev_chardev.bc>:reverse_exit
block:</harden/bcfiles/linux_bcfiles/rev_chardev.bc>:IS_ERR:[basicblock]%1	</harden/bcfiles/linux_bcfiles/rev_chardev.bc>:IS_ERR
block:</harden/bcfiles/linux_bcfiles/rev_chardev.bc>:PTR_ERR:[basicblock]%1	</harden/bcfiles/linux_bcfiles/rev_chardev.bc>:PTR_ERR
block:</harden/bcfiles/linux_bcfiles/rev_chardev.bc>:rev_devnode:[basicblock]%2	</harden/bcfiles/linux_bcfiles/rev_chardev.bc>:rev_devnode
block:</harden/bcfiles/linux_bcfiles/rev_chardev.bc>:dev_read:[basicblock]%4	</harden/bcfiles/linux_bcfiles/rev_chardev.bc>:dev_read
block:</harden/bcfiles/linux_bcfiles/rev_chardev.bc>:dev_write:[basicblock]%4	</harden/bcfiles/linux_bcfiles/rev_chardev.bc>:dev_write
block:</harden/bcfiles/linux_bcfiles/rev_chardev.bc>:dev_open:[basicblock]%2	</harden/bcfiles/linux_bcfiles/rev_chardev.bc>:dev_open
block:</harden/bcfiles/linux_bcfiles/rev_chardev.bc>:dev_release:[basicblock]%2	</harden/bcfiles/linux_bcfiles/rev_chardev.bc>:dev_release
block:</harden/bcfiles/linux_bcfiles/rev_chardev.bc>:copy_overflow:[basicblock]%2	</harden/bcfiles/linux_bcfiles/rev_chardev.bc>:copy_overflow
block:</harden/bcfiles/linux_bcfiles/rev_chardev.bc>:check_object_size:[basicblock]%3	</harden/bcfiles/linux_bcfiles/rev_chardev.bc>:check_object_size
block:</harden/bcfiles/linux_bcfiles/rev_chardev.bc>:reverse_string:[basicblock]%2	</harden/bcfiles/linux_bcfiles/rev_chardev.bc>:reverse_string
