</harden/bcfiles/linux_bcfiles/rev_chardev.bc>:reverse_init:15:2:getelementptr inbounds ([8 x i8], [8 x i8]* @.str, i64 0, i64 0)
</harden/bcfiles/linux_bcfiles/rev_chardev.bc>:reverse_init:22:1:getelementptr inbounds ([41 x i8], [41 x i8]* @.str.1, i64 0, i64 0)
</harden/bcfiles/linux_bcfiles/rev_chardev.bc>:reverse_init:22:5:getelementptr inbounds ([8 x i8], [8 x i8]* @.str, i64 0, i64 0)
</harden/bcfiles/linux_bcfiles/rev_chardev.bc>:reverse_init:39:1:getelementptr inbounds ([26 x i8], [26 x i8]* @.str.2, i64 0, i64 0)
</harden/bcfiles/linux_bcfiles/rev_chardev.bc>:reverse_init:39:5:getelementptr inbounds ([8 x i8], [8 x i8]* @.str, i64 0, i64 0)
</harden/bcfiles/linux_bcfiles/rev_chardev.bc>:reverse_init:45:1:getelementptr inbounds ([10 x i8], [10 x i8]* @.str.3, i64 0, i64 0)
</harden/bcfiles/linux_bcfiles/rev_chardev.bc>:reverse_init:56:1:getelementptr inbounds ([39 x i8], [39 x i8]* @.str.4, i64 0, i64 0)
</harden/bcfiles/linux_bcfiles/rev_chardev.bc>:reverse_init:56:5:getelementptr inbounds ([8 x i8], [8 x i8]* @.str, i64 0, i64 0)
</harden/bcfiles/linux_bcfiles/rev_chardev.bc>:reverse_init:70:3:getelementptr inbounds ([8 x i8], [8 x i8]* @.str, i64 0, i64 0)
</harden/bcfiles/linux_bcfiles/rev_chardev.bc>:reverse_init:83:1:getelementptr inbounds ([35 x i8], [35 x i8]* @.str.5, i64 0, i64 0)
</harden/bcfiles/linux_bcfiles/rev_chardev.bc>:reverse_init:83:5:getelementptr inbounds ([8 x i8], [8 x i8]* @.str, i64 0, i64 0)
</harden/bcfiles/linux_bcfiles/rev_chardev.bc>:reverse_init:94:1:getelementptr inbounds ([38 x i8], [38 x i8]* @.str.6, i64 0, i64 0)
</harden/bcfiles/linux_bcfiles/rev_chardev.bc>:reverse_init:94:5:getelementptr inbounds ([8 x i8], [8 x i8]* @.str, i64 0, i64 0)
</harden/bcfiles/linux_bcfiles/rev_chardev.bc>:reverse_exit:16:1:getelementptr inbounds ([13 x i8], [13 x i8]* @.str.15, i64 0, i64 0)
</harden/bcfiles/linux_bcfiles/rev_chardev.bc>:reverse_exit:16:5:getelementptr inbounds ([8 x i8], [8 x i8]* @.str, i64 0, i64 0)
</harden/bcfiles/linux_bcfiles/rev_chardev.bc>:dev_read:63:1:getelementptr inbounds ([22 x i8], [22 x i8]* @.str.7, i64 0, i64 0)
</harden/bcfiles/linux_bcfiles/rev_chardev.bc>:dev_read:63:5:getelementptr inbounds ([8 x i8], [8 x i8]* @.str, i64 0, i64 0)
</harden/bcfiles/linux_bcfiles/rev_chardev.bc>:dev_read:139:0:getelementptr inbounds ([30 x i8], [30 x i8]* @.str.10, i64 0, i64 0)
</harden/bcfiles/linux_bcfiles/rev_chardev.bc>:dev_read:182:1:getelementptr inbounds ([38 x i8], [38 x i8]* @.str.8, i64 0, i64 0)
</harden/bcfiles/linux_bcfiles/rev_chardev.bc>:dev_read:182:5:getelementptr inbounds ([8 x i8], [8 x i8]* @.str, i64 0, i64 0)
</harden/bcfiles/linux_bcfiles/rev_chardev.bc>:dev_read:193:1:getelementptr inbounds ([48 x i8], [48 x i8]* @.str.9, i64 0, i64 0)
</harden/bcfiles/linux_bcfiles/rev_chardev.bc>:dev_read:193:5:getelementptr inbounds ([8 x i8], [8 x i8]* @.str, i64 0, i64 0)
</harden/bcfiles/linux_bcfiles/rev_chardev.bc>:dev_write:119:0:getelementptr inbounds ([30 x i8], [30 x i8]* @.str.10, i64 0, i64 0)
</harden/bcfiles/linux_bcfiles/rev_chardev.bc>:dev_write:162:1:getelementptr inbounds ([1024 x i8], [1024 x i8]* @message, i64 0, i64 0)
</harden/bcfiles/linux_bcfiles/rev_chardev.bc>:dev_write:166:1:getelementptr inbounds ([44 x i8], [44 x i8]* @.str.11, i64 0, i64 0)
</harden/bcfiles/linux_bcfiles/rev_chardev.bc>:dev_write:166:5:getelementptr inbounds ([8 x i8], [8 x i8]* @.str, i64 0, i64 0)
</harden/bcfiles/linux_bcfiles/rev_chardev.bc>:dev_write:177:1:getelementptr inbounds ([53 x i8], [53 x i8]* @.str.12, i64 0, i64 0)
</harden/bcfiles/linux_bcfiles/rev_chardev.bc>:dev_write:177:5:getelementptr inbounds ([8 x i8], [8 x i8]* @.str, i64 0, i64 0)
</harden/bcfiles/linux_bcfiles/rev_chardev.bc>:dev_open:9:1:getelementptr inbounds ([30 x i8], [30 x i8]* @.str.13, i64 0, i64 0)
</harden/bcfiles/linux_bcfiles/rev_chardev.bc>:dev_open:9:5:getelementptr inbounds ([8 x i8], [8 x i8]* @.str, i64 0, i64 0)
</harden/bcfiles/linux_bcfiles/rev_chardev.bc>:dev_release:9:1:getelementptr inbounds ([34 x i8], [34 x i8]* @.str.14, i64 0, i64 0)
</harden/bcfiles/linux_bcfiles/rev_chardev.bc>:dev_release:9:5:getelementptr inbounds ([8 x i8], [8 x i8]* @.str, i64 0, i64 0)
</harden/bcfiles/linux_bcfiles/rev_chardev.bc>:58:getelementptr (i8, i8* bitcast (%struct.mutex* @rev_mutex to i8*), i64 16)
</harden/bcfiles/linux_bcfiles/rev_chardev.bc>:63:getelementptr (i8, i8* bitcast (%struct.mutex* @rev_mutex to i8*), i64 16)
</harden/bcfiles/linux_bcfiles/rev_chardev.bc>:79:getelementptr inbounds ([12 x i8], [12 x i8]* @__UNIQUE_ID_license237, i32 0, i32 0)
</harden/bcfiles/linux_bcfiles/rev_chardev.bc>:83:getelementptr inbounds ([20 x i8], [20 x i8]* @__UNIQUE_ID_author238, i32 0, i32 0)
</harden/bcfiles/linux_bcfiles/rev_chardev.bc>:87:getelementptr inbounds ([45 x i8], [45 x i8]* @__UNIQUE_ID_description239, i32 0, i32 0)
</harden/bcfiles/linux_bcfiles/rev_chardev.bc>:91:getelementptr inbounds ([12 x i8], [12 x i8]* @__UNIQUE_ID_version240, i32 0, i32 0)
</harden/bcfiles/linux_bcfiles/rev_chardev.bc>:95:getelementptr inbounds ([21 x i8], [21 x i8]* @__UNIQUE_ID_alias241, i32 0, i32 0)
</harden/bcfiles/linux_bcfiles/rev_chardev.bc>:dev_read:72:0:getelementptr inbounds ([1024 x i8], [1024 x i8]* @message, i64 0, i64 0)
</harden/bcfiles/linux_bcfiles/rev_chardev.bc>:dev_write:55:0:getelementptr inbounds ([1024 x i8], [1024 x i8]* @message, i64 0, i64 0)
