</harden/bcfiles/linux_bcfiles/rev_chardev.bc>:reverse_init:14	</harden/bcfiles/linux_bcfiles/rev_chardev.bc>:reverse_init:%10
</harden/bcfiles/linux_bcfiles/rev_chardev.bc>:reverse_init:29	</harden/bcfiles/linux_bcfiles/rev_chardev.bc>:reverse_init:%21
</harden/bcfiles/linux_bcfiles/rev_chardev.bc>:reverse_init:35	</harden/bcfiles/linux_bcfiles/rev_chardev.bc>:reverse_init:%26
</harden/bcfiles/linux_bcfiles/rev_chardev.bc>:reverse_init:48	</harden/bcfiles/linux_bcfiles/rev_chardev.bc>:reverse_init:%35
</harden/bcfiles/linux_bcfiles/rev_chardev.bc>:reverse_init:52	</harden/bcfiles/linux_bcfiles/rev_chardev.bc>:reverse_init:%38
</harden/bcfiles/linux_bcfiles/rev_chardev.bc>:reverse_init:60	</harden/bcfiles/linux_bcfiles/rev_chardev.bc>:reverse_init:%44
</harden/bcfiles/linux_bcfiles/rev_chardev.bc>:reverse_init:68	</harden/bcfiles/linux_bcfiles/rev_chardev.bc>:reverse_init:%50
</harden/bcfiles/linux_bcfiles/rev_chardev.bc>:reverse_init:69	</harden/bcfiles/linux_bcfiles/rev_chardev.bc>:reverse_init:%51
</harden/bcfiles/linux_bcfiles/rev_chardev.bc>:reverse_init:73	</harden/bcfiles/linux_bcfiles/rev_chardev.bc>:reverse_init:%54
</harden/bcfiles/linux_bcfiles/rev_chardev.bc>:reverse_init:76	</harden/bcfiles/linux_bcfiles/rev_chardev.bc>:reverse_init:%57
</harden/bcfiles/linux_bcfiles/rev_chardev.bc>:reverse_init:79	</harden/bcfiles/linux_bcfiles/rev_chardev.bc>:reverse_init:%58
</harden/bcfiles/linux_bcfiles/rev_chardev.bc>:reverse_init:87	</harden/bcfiles/linux_bcfiles/rev_chardev.bc>:reverse_init:%64
</harden/bcfiles/linux_bcfiles/rev_chardev.bc>:reverse_exit:4	</harden/bcfiles/linux_bcfiles/rev_chardev.bc>:reverse_exit:%3
</harden/bcfiles/linux_bcfiles/rev_chardev.bc>:reverse_exit:5	</harden/bcfiles/linux_bcfiles/rev_chardev.bc>:reverse_exit:%4
</harden/bcfiles/linux_bcfiles/rev_chardev.bc>:reverse_exit:7	</harden/bcfiles/linux_bcfiles/rev_chardev.bc>:reverse_exit:%5
</harden/bcfiles/linux_bcfiles/rev_chardev.bc>:reverse_exit:9	</harden/bcfiles/linux_bcfiles/rev_chardev.bc>:reverse_exit:%6
</harden/bcfiles/linux_bcfiles/rev_chardev.bc>:reverse_exit:12	</harden/bcfiles/linux_bcfiles/rev_chardev.bc>:reverse_exit:%7
</harden/bcfiles/linux_bcfiles/rev_chardev.bc>:dev_read:90	</harden/bcfiles/linux_bcfiles/rev_chardev.bc>:dev_read:%62
</harden/bcfiles/linux_bcfiles/rev_chardev.bc>:dev_read:107	</harden/bcfiles/linux_bcfiles/rev_chardev.bc>:dev_read:%78
</harden/bcfiles/linux_bcfiles/rev_chardev.bc>:dev_read:110	</harden/bcfiles/linux_bcfiles/rev_chardev.bc>:dev_read:%81
</harden/bcfiles/linux_bcfiles/rev_chardev.bc>:dev_read:111	</harden/bcfiles/linux_bcfiles/rev_chardev.bc>:dev_read:%82
</harden/bcfiles/linux_bcfiles/rev_chardev.bc>:dev_read:138	</harden/bcfiles/linux_bcfiles/rev_chardev.bc>:dev_read:%101
</harden/bcfiles/linux_bcfiles/rev_chardev.bc>:dev_read:152	</harden/bcfiles/linux_bcfiles/rev_chardev.bc>:dev_read:%112
</harden/bcfiles/linux_bcfiles/rev_chardev.bc>:dev_read:153	</harden/bcfiles/linux_bcfiles/rev_chardev.bc>:dev_read:%113
</harden/bcfiles/linux_bcfiles/rev_chardev.bc>:dev_read:155	</harden/bcfiles/linux_bcfiles/rev_chardev.bc>:dev_read:%115
</harden/bcfiles/linux_bcfiles/rev_chardev.bc>:dev_read:161	</harden/bcfiles/linux_bcfiles/rev_chardev.bc>:dev_read:%119
</harden/bcfiles/linux_bcfiles/rev_chardev.bc>:dev_read:162	</harden/bcfiles/linux_bcfiles/rev_chardev.bc>:dev_read:%120
</harden/bcfiles/linux_bcfiles/rev_chardev.bc>:dev_read:163	</harden/bcfiles/linux_bcfiles/rev_chardev.bc>:dev_read:%121
</harden/bcfiles/linux_bcfiles/rev_chardev.bc>:dev_read:181	</harden/bcfiles/linux_bcfiles/rev_chardev.bc>:dev_read:%136
</harden/bcfiles/linux_bcfiles/rev_chardev.bc>:dev_read:192	</harden/bcfiles/linux_bcfiles/rev_chardev.bc>:dev_read:%144
</harden/bcfiles/linux_bcfiles/rev_chardev.bc>:dev_write:70	</harden/bcfiles/linux_bcfiles/rev_chardev.bc>:dev_write:%45
</harden/bcfiles/linux_bcfiles/rev_chardev.bc>:dev_write:87	</harden/bcfiles/linux_bcfiles/rev_chardev.bc>:dev_write:%61
</harden/bcfiles/linux_bcfiles/rev_chardev.bc>:dev_write:90	</harden/bcfiles/linux_bcfiles/rev_chardev.bc>:dev_write:%64
</harden/bcfiles/linux_bcfiles/rev_chardev.bc>:dev_write:91	</harden/bcfiles/linux_bcfiles/rev_chardev.bc>:dev_write:%65
</harden/bcfiles/linux_bcfiles/rev_chardev.bc>:dev_write:118	</harden/bcfiles/linux_bcfiles/rev_chardev.bc>:dev_write:%84
</harden/bcfiles/linux_bcfiles/rev_chardev.bc>:dev_write:132	</harden/bcfiles/linux_bcfiles/rev_chardev.bc>:dev_write:%95
</harden/bcfiles/linux_bcfiles/rev_chardev.bc>:dev_write:133	</harden/bcfiles/linux_bcfiles/rev_chardev.bc>:dev_write:%96
</harden/bcfiles/linux_bcfiles/rev_chardev.bc>:dev_write:135	</harden/bcfiles/linux_bcfiles/rev_chardev.bc>:dev_write:%98
</harden/bcfiles/linux_bcfiles/rev_chardev.bc>:dev_write:141	</harden/bcfiles/linux_bcfiles/rev_chardev.bc>:dev_write:%102
</harden/bcfiles/linux_bcfiles/rev_chardev.bc>:dev_write:142	</harden/bcfiles/linux_bcfiles/rev_chardev.bc>:dev_write:%103
</harden/bcfiles/linux_bcfiles/rev_chardev.bc>:dev_write:143	</harden/bcfiles/linux_bcfiles/rev_chardev.bc>:dev_write:%104
</harden/bcfiles/linux_bcfiles/rev_chardev.bc>:dev_write:161	</harden/bcfiles/linux_bcfiles/rev_chardev.bc>:dev_write:%118
</harden/bcfiles/linux_bcfiles/rev_chardev.bc>:dev_write:165	</harden/bcfiles/linux_bcfiles/rev_chardev.bc>:dev_write:%121
</harden/bcfiles/linux_bcfiles/rev_chardev.bc>:dev_write:176	</harden/bcfiles/linux_bcfiles/rev_chardev.bc>:dev_write:%129
</harden/bcfiles/linux_bcfiles/rev_chardev.bc>:copy_overflow:6	</harden/bcfiles/linux_bcfiles/rev_chardev.bc>:copy_overflow:%5
</harden/bcfiles/linux_bcfiles/rev_chardev.bc>:copy_overflow:7	</harden/bcfiles/linux_bcfiles/rev_chardev.bc>:copy_overflow:%6
</harden/bcfiles/linux_bcfiles/rev_chardev.bc>:reverse_init:99	</harden/bcfiles/linux_bcfiles/rev_chardev.bc>:reverse_init:%73
</harden/bcfiles/linux_bcfiles/rev_chardev.bc>:reverse_init:96	</harden/bcfiles/linux_bcfiles/rev_chardev.bc>:reverse_init:%71
</harden/bcfiles/linux_bcfiles/rev_chardev.bc>:reverse_init:94	</harden/bcfiles/linux_bcfiles/rev_chardev.bc>:reverse_init:%70
</harden/bcfiles/linux_bcfiles/rev_chardev.bc>:reverse_init:89	</harden/bcfiles/linux_bcfiles/rev_chardev.bc>:reverse_init:%66
</harden/bcfiles/linux_bcfiles/rev_chardev.bc>:reverse_init:88	</harden/bcfiles/linux_bcfiles/rev_chardev.bc>:reverse_init:%65
</harden/bcfiles/linux_bcfiles/rev_chardev.bc>:reverse_init:86	</harden/bcfiles/linux_bcfiles/rev_chardev.bc>:reverse_init:%63
</harden/bcfiles/linux_bcfiles/rev_chardev.bc>:reverse_init:85	</harden/bcfiles/linux_bcfiles/rev_chardev.bc>:reverse_init:%62
</harden/bcfiles/linux_bcfiles/rev_chardev.bc>:reverse_init:74	</harden/bcfiles/linux_bcfiles/rev_chardev.bc>:reverse_init:%55
</harden/bcfiles/linux_bcfiles/rev_chardev.bc>:reverse_init:70	</harden/bcfiles/linux_bcfiles/rev_chardev.bc>:reverse_init:%52
</harden/bcfiles/linux_bcfiles/rev_chardev.bc>:reverse_init:72	</harden/bcfiles/linux_bcfiles/rev_chardev.bc>:reverse_init:%53
</harden/bcfiles/linux_bcfiles/rev_chardev.bc>:reverse_init:59	</harden/bcfiles/linux_bcfiles/rev_chardev.bc>:reverse_init:%43
</harden/bcfiles/linux_bcfiles/rev_chardev.bc>:reverse_init:61	</harden/bcfiles/linux_bcfiles/rev_chardev.bc>:reverse_init:%45
</harden/bcfiles/linux_bcfiles/rev_chardev.bc>:reverse_init:56	</harden/bcfiles/linux_bcfiles/rev_chardev.bc>:reverse_init:%41
</harden/bcfiles/linux_bcfiles/rev_chardev.bc>:reverse_init:47	</harden/bcfiles/linux_bcfiles/rev_chardev.bc>:reverse_init:%34
</harden/bcfiles/linux_bcfiles/rev_chardev.bc>:reverse_init:45	</harden/bcfiles/linux_bcfiles/rev_chardev.bc>:reverse_init:%33
</harden/bcfiles/linux_bcfiles/rev_chardev.bc>:reverse_init:42	</harden/bcfiles/linux_bcfiles/rev_chardev.bc>:reverse_init:%31
</harden/bcfiles/linux_bcfiles/rev_chardev.bc>:reverse_init:41	</harden/bcfiles/linux_bcfiles/rev_chardev.bc>:reverse_init:%30
</harden/bcfiles/linux_bcfiles/rev_chardev.bc>:reverse_init:39	</harden/bcfiles/linux_bcfiles/rev_chardev.bc>:reverse_init:%29
</harden/bcfiles/linux_bcfiles/rev_chardev.bc>:reverse_init:58	</harden/bcfiles/linux_bcfiles/rev_chardev.bc>:reverse_init:%42
</harden/bcfiles/linux_bcfiles/rev_chardev.bc>:reverse_init:83	</harden/bcfiles/linux_bcfiles/rev_chardev.bc>:reverse_init:%61
</harden/bcfiles/linux_bcfiles/rev_chardev.bc>:reverse_init:25	</harden/bcfiles/linux_bcfiles/rev_chardev.bc>:reverse_init:%19
</harden/bcfiles/linux_bcfiles/rev_chardev.bc>:reverse_init:22	</harden/bcfiles/linux_bcfiles/rev_chardev.bc>:reverse_init:%17
</harden/bcfiles/linux_bcfiles/rev_chardev.bc>:reverse_init:62	</harden/bcfiles/linux_bcfiles/rev_chardev.bc>:reverse_init:%46
</harden/bcfiles/linux_bcfiles/rev_chardev.bc>:reverse_init:17	</harden/bcfiles/linux_bcfiles/rev_chardev.bc>:reverse_init:%12
</harden/bcfiles/linux_bcfiles/rev_chardev.bc>:reverse_init:15	</harden/bcfiles/linux_bcfiles/rev_chardev.bc>:reverse_init:%11
</harden/bcfiles/linux_bcfiles/rev_chardev.bc>:reverse_init:30	</harden/bcfiles/linux_bcfiles/rev_chardev.bc>:reverse_init:%22
</harden/bcfiles/linux_bcfiles/rev_chardev.bc>:reverse_init:7	</harden/bcfiles/linux_bcfiles/rev_chardev.bc>:reverse_init:%8
</harden/bcfiles/linux_bcfiles/rev_chardev.bc>:reverse_init:6	</harden/bcfiles/linux_bcfiles/rev_chardev.bc>:reverse_init:%7
</harden/bcfiles/linux_bcfiles/rev_chardev.bc>:reverse_init:32	</harden/bcfiles/linux_bcfiles/rev_chardev.bc>:reverse_init:%23
</harden/bcfiles/linux_bcfiles/rev_chardev.bc>:reverse_init:66	</harden/bcfiles/linux_bcfiles/rev_chardev.bc>:reverse_init:%49
</harden/bcfiles/linux_bcfiles/rev_chardev.bc>:reverse_init:24	</harden/bcfiles/linux_bcfiles/rev_chardev.bc>:reverse_init:%18
</harden/bcfiles/linux_bcfiles/rev_chardev.bc>:reverse_init:5	</harden/bcfiles/linux_bcfiles/rev_chardev.bc>:reverse_init:%6
</harden/bcfiles/linux_bcfiles/rev_chardev.bc>:reverse_init:49	</harden/bcfiles/linux_bcfiles/rev_chardev.bc>:reverse_init:%36
</harden/bcfiles/linux_bcfiles/rev_chardev.bc>:reverse_init:4	</harden/bcfiles/linux_bcfiles/rev_chardev.bc>:reverse_init:%5
</harden/bcfiles/linux_bcfiles/rev_chardev.bc>:reverse_init:33	</harden/bcfiles/linux_bcfiles/rev_chardev.bc>:reverse_init:%24
</harden/bcfiles/linux_bcfiles/rev_chardev.bc>:reverse_init:3	</harden/bcfiles/linux_bcfiles/rev_chardev.bc>:reverse_init:%4
</harden/bcfiles/linux_bcfiles/rev_chardev.bc>:reverse_init:18	</harden/bcfiles/linux_bcfiles/rev_chardev.bc>:reverse_init:%13
</harden/bcfiles/linux_bcfiles/rev_chardev.bc>:reverse_init:65	</harden/bcfiles/linux_bcfiles/rev_chardev.bc>:reverse_init:%48
</harden/bcfiles/linux_bcfiles/rev_chardev.bc>:reverse_init:2	</harden/bcfiles/linux_bcfiles/rev_chardev.bc>:reverse_init:%3
</harden/bcfiles/linux_bcfiles/rev_chardev.bc>:reverse_init:8	</harden/bcfiles/linux_bcfiles/rev_chardev.bc>:reverse_init:%9
</harden/bcfiles/linux_bcfiles/rev_chardev.bc>:reverse_init:1	</harden/bcfiles/linux_bcfiles/rev_chardev.bc>:reverse_init:%2
</harden/bcfiles/linux_bcfiles/rev_chardev.bc>:reverse_init:0	</harden/bcfiles/linux_bcfiles/rev_chardev.bc>:reverse_init:%1
</harden/bcfiles/linux_bcfiles/rev_chardev.bc>:reverse_exit:18	</harden/bcfiles/linux_bcfiles/rev_chardev.bc>:reverse_exit:%11
</harden/bcfiles/linux_bcfiles/rev_chardev.bc>:reverse_exit:16	</harden/bcfiles/linux_bcfiles/rev_chardev.bc>:reverse_exit:%10
</harden/bcfiles/linux_bcfiles/rev_chardev.bc>:reverse_exit:1	</harden/bcfiles/linux_bcfiles/rev_chardev.bc>:reverse_exit:%2
</harden/bcfiles/linux_bcfiles/rev_chardev.bc>:reverse_exit:0	</harden/bcfiles/linux_bcfiles/rev_chardev.bc>:reverse_exit:%1
</harden/bcfiles/linux_bcfiles/rev_chardev.bc>:IS_ERR:12	</harden/bcfiles/linux_bcfiles/rev_chardev.bc>:IS_ERR:%12
</harden/bcfiles/linux_bcfiles/rev_chardev.bc>:IS_ERR:11	</harden/bcfiles/linux_bcfiles/rev_chardev.bc>:IS_ERR:%11
</harden/bcfiles/linux_bcfiles/rev_chardev.bc>:IS_ERR:10	</harden/bcfiles/linux_bcfiles/rev_chardev.bc>:IS_ERR:%10
</harden/bcfiles/linux_bcfiles/rev_chardev.bc>:IS_ERR:9	</harden/bcfiles/linux_bcfiles/rev_chardev.bc>:IS_ERR:%9
</harden/bcfiles/linux_bcfiles/rev_chardev.bc>:IS_ERR:8	</harden/bcfiles/linux_bcfiles/rev_chardev.bc>:IS_ERR:%8
</harden/bcfiles/linux_bcfiles/rev_chardev.bc>:IS_ERR:7	</harden/bcfiles/linux_bcfiles/rev_chardev.bc>:IS_ERR:%7
</harden/bcfiles/linux_bcfiles/rev_chardev.bc>:IS_ERR:6	</harden/bcfiles/linux_bcfiles/rev_chardev.bc>:IS_ERR:%6
</harden/bcfiles/linux_bcfiles/rev_chardev.bc>:IS_ERR:5	</harden/bcfiles/linux_bcfiles/rev_chardev.bc>:IS_ERR:%5
</harden/bcfiles/linux_bcfiles/rev_chardev.bc>:IS_ERR:4	</harden/bcfiles/linux_bcfiles/rev_chardev.bc>:IS_ERR:%4
</harden/bcfiles/linux_bcfiles/rev_chardev.bc>:IS_ERR:3	</harden/bcfiles/linux_bcfiles/rev_chardev.bc>:IS_ERR:%3
</harden/bcfiles/linux_bcfiles/rev_chardev.bc>:IS_ERR:0	</harden/bcfiles/linux_bcfiles/rev_chardev.bc>:IS_ERR:%2
</harden/bcfiles/linux_bcfiles/rev_chardev.bc>:PTR_ERR:4	</harden/bcfiles/linux_bcfiles/rev_chardev.bc>:PTR_ERR:%4
</harden/bcfiles/linux_bcfiles/rev_chardev.bc>:PTR_ERR:3	</harden/bcfiles/linux_bcfiles/rev_chardev.bc>:PTR_ERR:%3
</harden/bcfiles/linux_bcfiles/rev_chardev.bc>:PTR_ERR:0	</harden/bcfiles/linux_bcfiles/rev_chardev.bc>:PTR_ERR:%2
</harden/bcfiles/linux_bcfiles/rev_chardev.bc>:rev_devnode:9	</harden/bcfiles/linux_bcfiles/rev_chardev.bc>:rev_devnode:%8
</harden/bcfiles/linux_bcfiles/rev_chardev.bc>:rev_devnode:7	</harden/bcfiles/linux_bcfiles/rev_chardev.bc>:rev_devnode:%6
</harden/bcfiles/linux_bcfiles/rev_chardev.bc>:rev_devnode:6	</harden/bcfiles/linux_bcfiles/rev_chardev.bc>:rev_devnode:%5
</harden/bcfiles/linux_bcfiles/rev_chardev.bc>:rev_devnode:1	</harden/bcfiles/linux_bcfiles/rev_chardev.bc>:rev_devnode:%4
</harden/bcfiles/linux_bcfiles/rev_chardev.bc>:rev_devnode:0	</harden/bcfiles/linux_bcfiles/rev_chardev.bc>:rev_devnode:%3
</harden/bcfiles/linux_bcfiles/rev_chardev.bc>:dev_read:199	</harden/bcfiles/linux_bcfiles/rev_chardev.bc>:dev_read:%148
</harden/bcfiles/linux_bcfiles/rev_chardev.bc>:dev_read:193	</harden/bcfiles/linux_bcfiles/rev_chardev.bc>:dev_read:%145
</harden/bcfiles/linux_bcfiles/rev_chardev.bc>:dev_read:187	</harden/bcfiles/linux_bcfiles/rev_chardev.bc>:dev_read:%140
</harden/bcfiles/linux_bcfiles/rev_chardev.bc>:dev_read:184	</harden/bcfiles/linux_bcfiles/rev_chardev.bc>:dev_read:%138
</harden/bcfiles/linux_bcfiles/rev_chardev.bc>:dev_read:182	</harden/bcfiles/linux_bcfiles/rev_chardev.bc>:dev_read:%137
</harden/bcfiles/linux_bcfiles/rev_chardev.bc>:dev_read:176	</harden/bcfiles/linux_bcfiles/rev_chardev.bc>:dev_read:%132
</harden/bcfiles/linux_bcfiles/rev_chardev.bc>:dev_read:174	</harden/bcfiles/linux_bcfiles/rev_chardev.bc>:dev_read:%130
</harden/bcfiles/linux_bcfiles/rev_chardev.bc>:dev_read:173	</harden/bcfiles/linux_bcfiles/rev_chardev.bc>:dev_read:%129
</harden/bcfiles/linux_bcfiles/rev_chardev.bc>:dev_read:170	</harden/bcfiles/linux_bcfiles/rev_chardev.bc>:dev_read:%126
</harden/bcfiles/linux_bcfiles/rev_chardev.bc>:dev_read:168	</harden/bcfiles/linux_bcfiles/rev_chardev.bc>:dev_read:%125
</harden/bcfiles/linux_bcfiles/rev_chardev.bc>:dev_read:154	</harden/bcfiles/linux_bcfiles/rev_chardev.bc>:dev_read:%114
</harden/bcfiles/linux_bcfiles/rev_chardev.bc>:dev_read:177	</harden/bcfiles/linux_bcfiles/rev_chardev.bc>:dev_read:%133
</harden/bcfiles/linux_bcfiles/rev_chardev.bc>:dev_read:148	</harden/bcfiles/linux_bcfiles/rev_chardev.bc>:dev_read:%109
</harden/bcfiles/linux_bcfiles/rev_chardev.bc>:dev_read:145	</harden/bcfiles/linux_bcfiles/rev_chardev.bc>:dev_read:%107
</harden/bcfiles/linux_bcfiles/rev_chardev.bc>:dev_read:195	</harden/bcfiles/linux_bcfiles/rev_chardev.bc>:dev_read:%146
</harden/bcfiles/linux_bcfiles/rev_chardev.bc>:dev_read:133	</harden/bcfiles/linux_bcfiles/rev_chardev.bc>:dev_read:%98
</harden/bcfiles/linux_bcfiles/rev_chardev.bc>:dev_read:131	</harden/bcfiles/linux_bcfiles/rev_chardev.bc>:dev_read:%96
</harden/bcfiles/linux_bcfiles/rev_chardev.bc>:dev_read:130	</harden/bcfiles/linux_bcfiles/rev_chardev.bc>:dev_read:%95
</harden/bcfiles/linux_bcfiles/rev_chardev.bc>:dev_read:128	</harden/bcfiles/linux_bcfiles/rev_chardev.bc>:dev_read:%94
</harden/bcfiles/linux_bcfiles/rev_chardev.bc>:dev_read:114	</harden/bcfiles/linux_bcfiles/rev_chardev.bc>:dev_read:%84
</harden/bcfiles/linux_bcfiles/rev_chardev.bc>:dev_read:102	</harden/bcfiles/linux_bcfiles/rev_chardev.bc>:dev_read:%73
</harden/bcfiles/linux_bcfiles/rev_chardev.bc>:dev_read:100	</harden/bcfiles/linux_bcfiles/rev_chardev.bc>:dev_read:%71
</harden/bcfiles/linux_bcfiles/rev_chardev.bc>:dev_read:95	</harden/bcfiles/linux_bcfiles/rev_chardev.bc>:dev_read:%66
</harden/bcfiles/linux_bcfiles/rev_chardev.bc>:dev_read:108	</harden/bcfiles/linux_bcfiles/rev_chardev.bc>:dev_read:%79
</harden/bcfiles/linux_bcfiles/rev_chardev.bc>:dev_read:92	</harden/bcfiles/linux_bcfiles/rev_chardev.bc>:dev_read:%64
</harden/bcfiles/linux_bcfiles/rev_chardev.bc>:dev_read:167	</harden/bcfiles/linux_bcfiles/rev_chardev.bc>:dev_read:%124
</harden/bcfiles/linux_bcfiles/rev_chardev.bc>:dev_read:91	</harden/bcfiles/linux_bcfiles/rev_chardev.bc>:dev_read:%63
</harden/bcfiles/linux_bcfiles/rev_chardev.bc>:dev_read:94	</harden/bcfiles/linux_bcfiles/rev_chardev.bc>:dev_read:%65
</harden/bcfiles/linux_bcfiles/rev_chardev.bc>:dev_read:73	</harden/bcfiles/linux_bcfiles/rev_chardev.bc>:dev_read:%58
</harden/bcfiles/linux_bcfiles/rev_chardev.bc>:dev_read:71	</harden/bcfiles/linux_bcfiles/rev_chardev.bc>:dev_read:%56
</harden/bcfiles/linux_bcfiles/rev_chardev.bc>:dev_read:141	</harden/bcfiles/linux_bcfiles/rev_chardev.bc>:dev_read:%103
</harden/bcfiles/linux_bcfiles/rev_chardev.bc>:dev_read:65	</harden/bcfiles/linux_bcfiles/rev_chardev.bc>:dev_read:%52
</harden/bcfiles/linux_bcfiles/rev_chardev.bc>:dev_read:175	</harden/bcfiles/linux_bcfiles/rev_chardev.bc>:dev_read:%131
</harden/bcfiles/linux_bcfiles/rev_chardev.bc>:dev_read:63	</harden/bcfiles/linux_bcfiles/rev_chardev.bc>:dev_read:%51
</harden/bcfiles/linux_bcfiles/rev_chardev.bc>:dev_read:81	</harden/bcfiles/linux_bcfiles/rev_chardev.bc>:dev_read:%60
</harden/bcfiles/linux_bcfiles/rev_chardev.bc>:dev_read:147	</harden/bcfiles/linux_bcfiles/rev_chardev.bc>:dev_read:%108
</harden/bcfiles/linux_bcfiles/rev_chardev.bc>:dev_read:59	</harden/bcfiles/linux_bcfiles/rev_chardev.bc>:dev_read:%47
</harden/bcfiles/linux_bcfiles/rev_chardev.bc>:dev_read:58	</harden/bcfiles/linux_bcfiles/rev_chardev.bc>:dev_read:%46
</harden/bcfiles/linux_bcfiles/rev_chardev.bc>:dev_read:126	</harden/bcfiles/linux_bcfiles/rev_chardev.bc>:dev_read:%92
</harden/bcfiles/linux_bcfiles/rev_chardev.bc>:dev_read:56	</harden/bcfiles/linux_bcfiles/rev_chardev.bc>:dev_read:%45
</harden/bcfiles/linux_bcfiles/rev_chardev.bc>:dev_read:127	</harden/bcfiles/linux_bcfiles/rev_chardev.bc>:dev_read:%93
</harden/bcfiles/linux_bcfiles/rev_chardev.bc>:dev_read:55	</harden/bcfiles/linux_bcfiles/rev_chardev.bc>:dev_read:%44
</harden/bcfiles/linux_bcfiles/rev_chardev.bc>:dev_read:51	</harden/bcfiles/linux_bcfiles/rev_chardev.bc>:dev_read:%41
</harden/bcfiles/linux_bcfiles/rev_chardev.bc>:dev_read:46	</harden/bcfiles/linux_bcfiles/rev_chardev.bc>:dev_read:%36
</harden/bcfiles/linux_bcfiles/rev_chardev.bc>:dev_read:45	</harden/bcfiles/linux_bcfiles/rev_chardev.bc>:dev_read:%35
</harden/bcfiles/linux_bcfiles/rev_chardev.bc>:dev_read:115	</harden/bcfiles/linux_bcfiles/rev_chardev.bc>:dev_read:%85
</harden/bcfiles/linux_bcfiles/rev_chardev.bc>:dev_read:97	</harden/bcfiles/linux_bcfiles/rev_chardev.bc>:dev_read:%68
</harden/bcfiles/linux_bcfiles/rev_chardev.bc>:dev_read:43	</harden/bcfiles/linux_bcfiles/rev_chardev.bc>:dev_read:%34
</harden/bcfiles/linux_bcfiles/rev_chardev.bc>:dev_read:132	</harden/bcfiles/linux_bcfiles/rev_chardev.bc>:dev_read:%97
</harden/bcfiles/linux_bcfiles/rev_chardev.bc>:dev_read:47	</harden/bcfiles/linux_bcfiles/rev_chardev.bc>:dev_read:%37
</harden/bcfiles/linux_bcfiles/rev_chardev.bc>:dev_read:40	</harden/bcfiles/linux_bcfiles/rev_chardev.bc>:dev_read:%31
</harden/bcfiles/linux_bcfiles/rev_chardev.bc>:dev_read:159	</harden/bcfiles/linux_bcfiles/rev_chardev.bc>:dev_read:%117
</harden/bcfiles/linux_bcfiles/rev_chardev.bc>:dev_read:41	</harden/bcfiles/linux_bcfiles/rev_chardev.bc>:dev_read:%32
</harden/bcfiles/linux_bcfiles/rev_chardev.bc>:dev_read:36	</harden/bcfiles/linux_bcfiles/rev_chardev.bc>:dev_read:%29
</harden/bcfiles/linux_bcfiles/rev_chardev.bc>:dev_read:39	</harden/bcfiles/linux_bcfiles/rev_chardev.bc>:dev_read:%30
</harden/bcfiles/linux_bcfiles/rev_chardev.bc>:dev_read:103	</harden/bcfiles/linux_bcfiles/rev_chardev.bc>:dev_read:%74
</harden/bcfiles/linux_bcfiles/rev_chardev.bc>:dev_read:98	</harden/bcfiles/linux_bcfiles/rev_chardev.bc>:dev_read:%69
</harden/bcfiles/linux_bcfiles/rev_chardev.bc>:dev_read:144	</harden/bcfiles/linux_bcfiles/rev_chardev.bc>:dev_read:%106
</harden/bcfiles/linux_bcfiles/rev_chardev.bc>:dev_read:171	</harden/bcfiles/linux_bcfiles/rev_chardev.bc>:dev_read:%127
</harden/bcfiles/linux_bcfiles/rev_chardev.bc>:dev_read:105	</harden/bcfiles/linux_bcfiles/rev_chardev.bc>:dev_read:%76
</harden/bcfiles/linux_bcfiles/rev_chardev.bc>:dev_read:70	</harden/bcfiles/linux_bcfiles/rev_chardev.bc>:dev_read:%55
</harden/bcfiles/linux_bcfiles/rev_chardev.bc>:dev_read:22	</harden/bcfiles/linux_bcfiles/rev_chardev.bc>:dev_read:%27
</harden/bcfiles/linux_bcfiles/rev_chardev.bc>:dev_read:125	</harden/bcfiles/linux_bcfiles/rev_chardev.bc>:dev_read:%91
</harden/bcfiles/linux_bcfiles/rev_chardev.bc>:dev_read:99	</harden/bcfiles/linux_bcfiles/rev_chardev.bc>:dev_read:%70
</harden/bcfiles/linux_bcfiles/rev_chardev.bc>:dev_read:21	</harden/bcfiles/linux_bcfiles/rev_chardev.bc>:dev_read:%26
</harden/bcfiles/linux_bcfiles/rev_chardev.bc>:dev_read:42	</harden/bcfiles/linux_bcfiles/rev_chardev.bc>:dev_read:%33
</harden/bcfiles/linux_bcfiles/rev_chardev.bc>:dev_read:20	</harden/bcfiles/linux_bcfiles/rev_chardev.bc>:dev_read:%25
</harden/bcfiles/linux_bcfiles/rev_chardev.bc>:dev_read:19	</harden/bcfiles/linux_bcfiles/rev_chardev.bc>:dev_read:%24
</harden/bcfiles/linux_bcfiles/rev_chardev.bc>:dev_read:17	</harden/bcfiles/linux_bcfiles/rev_chardev.bc>:dev_read:%22
</harden/bcfiles/linux_bcfiles/rev_chardev.bc>:dev_read:16	</harden/bcfiles/linux_bcfiles/rev_chardev.bc>:dev_read:%21
</harden/bcfiles/linux_bcfiles/rev_chardev.bc>:dev_read:82	</harden/bcfiles/linux_bcfiles/rev_chardev.bc>:dev_read:%61
</harden/bcfiles/linux_bcfiles/rev_chardev.bc>:dev_read:143	</harden/bcfiles/linux_bcfiles/rev_chardev.bc>:dev_read:%105
</harden/bcfiles/linux_bcfiles/rev_chardev.bc>:dev_read:15	</harden/bcfiles/linux_bcfiles/rev_chardev.bc>:dev_read:%20
</harden/bcfiles/linux_bcfiles/rev_chardev.bc>:dev_read:14	</harden/bcfiles/linux_bcfiles/rev_chardev.bc>:dev_read:%19
</harden/bcfiles/linux_bcfiles/rev_chardev.bc>:dev_read:23	</harden/bcfiles/linux_bcfiles/rev_chardev.bc>:dev_read:%28
</harden/bcfiles/linux_bcfiles/rev_chardev.bc>:dev_read:72	</harden/bcfiles/linux_bcfiles/rev_chardev.bc>:dev_read:%57
</harden/bcfiles/linux_bcfiles/rev_chardev.bc>:dev_read:13	</harden/bcfiles/linux_bcfiles/rev_chardev.bc>:dev_read:%18
</harden/bcfiles/linux_bcfiles/rev_chardev.bc>:dev_read:134	</harden/bcfiles/linux_bcfiles/rev_chardev.bc>:dev_read:%99
</harden/bcfiles/linux_bcfiles/rev_chardev.bc>:dev_read:12	</harden/bcfiles/linux_bcfiles/rev_chardev.bc>:dev_read:%17
</harden/bcfiles/linux_bcfiles/rev_chardev.bc>:dev_read:11	</harden/bcfiles/linux_bcfiles/rev_chardev.bc>:dev_read:%16
</harden/bcfiles/linux_bcfiles/rev_chardev.bc>:dev_read:104	</harden/bcfiles/linux_bcfiles/rev_chardev.bc>:dev_read:%75
</harden/bcfiles/linux_bcfiles/rev_chardev.bc>:dev_read:9	</harden/bcfiles/linux_bcfiles/rev_chardev.bc>:dev_read:%14
</harden/bcfiles/linux_bcfiles/rev_chardev.bc>:dev_read:49	</harden/bcfiles/linux_bcfiles/rev_chardev.bc>:dev_read:%39
</harden/bcfiles/linux_bcfiles/rev_chardev.bc>:dev_read:8	</harden/bcfiles/linux_bcfiles/rev_chardev.bc>:dev_read:%13
</harden/bcfiles/linux_bcfiles/rev_chardev.bc>:dev_read:142	</harden/bcfiles/linux_bcfiles/rev_chardev.bc>:dev_read:%104
</harden/bcfiles/linux_bcfiles/rev_chardev.bc>:dev_read:69	</harden/bcfiles/linux_bcfiles/rev_chardev.bc>:dev_read:%54
</harden/bcfiles/linux_bcfiles/rev_chardev.bc>:dev_read:186	</harden/bcfiles/linux_bcfiles/rev_chardev.bc>:dev_read:%139
</harden/bcfiles/linux_bcfiles/rev_chardev.bc>:dev_read:7	</harden/bcfiles/linux_bcfiles/rev_chardev.bc>:dev_read:%12
</harden/bcfiles/linux_bcfiles/rev_chardev.bc>:dev_read:5	</harden/bcfiles/linux_bcfiles/rev_chardev.bc>:dev_read:%10
</harden/bcfiles/linux_bcfiles/rev_chardev.bc>:dev_read:4	</harden/bcfiles/linux_bcfiles/rev_chardev.bc>:dev_read:%9
</harden/bcfiles/linux_bcfiles/rev_chardev.bc>:dev_read:2	</harden/bcfiles/linux_bcfiles/rev_chardev.bc>:dev_read:%7
</harden/bcfiles/linux_bcfiles/rev_chardev.bc>:dev_read:1	</harden/bcfiles/linux_bcfiles/rev_chardev.bc>:dev_read:%6
</harden/bcfiles/linux_bcfiles/rev_chardev.bc>:dev_read:0	</harden/bcfiles/linux_bcfiles/rev_chardev.bc>:dev_read:%5
</harden/bcfiles/linux_bcfiles/rev_chardev.bc>:dev_read:6	</harden/bcfiles/linux_bcfiles/rev_chardev.bc>:dev_read:%11
</harden/bcfiles/linux_bcfiles/rev_chardev.bc>:dev_read:18	</harden/bcfiles/linux_bcfiles/rev_chardev.bc>:dev_read:%23
</harden/bcfiles/linux_bcfiles/rev_chardev.bc>:dev_read:3	</harden/bcfiles/linux_bcfiles/rev_chardev.bc>:dev_read:%8
</harden/bcfiles/linux_bcfiles/rev_chardev.bc>:dev_read:164	</harden/bcfiles/linux_bcfiles/rev_chardev.bc>:dev_read:%122
</harden/bcfiles/linux_bcfiles/rev_chardev.bc>:dev_read:53	</harden/bcfiles/linux_bcfiles/rev_chardev.bc>:dev_read:%43
</harden/bcfiles/linux_bcfiles/rev_chardev.bc>:dev_read:74	</harden/bcfiles/linux_bcfiles/rev_chardev.bc>:dev_read:%59
</harden/bcfiles/linux_bcfiles/rev_chardev.bc>:dev_read:10	</harden/bcfiles/linux_bcfiles/rev_chardev.bc>:dev_read:%15
</harden/bcfiles/linux_bcfiles/rev_chardev.bc>:dev_write:183	</harden/bcfiles/linux_bcfiles/rev_chardev.bc>:dev_write:%133
</harden/bcfiles/linux_bcfiles/rev_chardev.bc>:dev_write:170	</harden/bcfiles/linux_bcfiles/rev_chardev.bc>:dev_write:%124
</harden/bcfiles/linux_bcfiles/rev_chardev.bc>:dev_write:168	</harden/bcfiles/linux_bcfiles/rev_chardev.bc>:dev_write:%123
</harden/bcfiles/linux_bcfiles/rev_chardev.bc>:dev_write:166	</harden/bcfiles/linux_bcfiles/rev_chardev.bc>:dev_write:%122
</harden/bcfiles/linux_bcfiles/rev_chardev.bc>:dev_write:158	</harden/bcfiles/linux_bcfiles/rev_chardev.bc>:dev_write:%116
</harden/bcfiles/linux_bcfiles/rev_chardev.bc>:dev_write:157	</harden/bcfiles/linux_bcfiles/rev_chardev.bc>:dev_write:%115
</harden/bcfiles/linux_bcfiles/rev_chardev.bc>:dev_write:156	</harden/bcfiles/linux_bcfiles/rev_chardev.bc>:dev_write:%114
</harden/bcfiles/linux_bcfiles/rev_chardev.bc>:dev_write:154	</harden/bcfiles/linux_bcfiles/rev_chardev.bc>:dev_write:%113
</harden/bcfiles/linux_bcfiles/rev_chardev.bc>:dev_write:153	</harden/bcfiles/linux_bcfiles/rev_chardev.bc>:dev_write:%112
</harden/bcfiles/linux_bcfiles/rev_chardev.bc>:dev_write:151	</harden/bcfiles/linux_bcfiles/rev_chardev.bc>:dev_write:%110
</harden/bcfiles/linux_bcfiles/rev_chardev.bc>:dev_write:150	</harden/bcfiles/linux_bcfiles/rev_chardev.bc>:dev_write:%109
</harden/bcfiles/linux_bcfiles/rev_chardev.bc>:dev_write:144	</harden/bcfiles/linux_bcfiles/rev_chardev.bc>:dev_write:%105
</harden/bcfiles/linux_bcfiles/rev_chardev.bc>:dev_write:139	</harden/bcfiles/linux_bcfiles/rev_chardev.bc>:dev_write:%100
</harden/bcfiles/linux_bcfiles/rev_chardev.bc>:dev_write:134	</harden/bcfiles/linux_bcfiles/rev_chardev.bc>:dev_write:%97
</harden/bcfiles/linux_bcfiles/rev_chardev.bc>:dev_write:128	</harden/bcfiles/linux_bcfiles/rev_chardev.bc>:dev_write:%92
</harden/bcfiles/linux_bcfiles/rev_chardev.bc>:dev_write:127	</harden/bcfiles/linux_bcfiles/rev_chardev.bc>:dev_write:%91
</harden/bcfiles/linux_bcfiles/rev_chardev.bc>:dev_write:123	</harden/bcfiles/linux_bcfiles/rev_chardev.bc>:dev_write:%88
</harden/bcfiles/linux_bcfiles/rev_chardev.bc>:dev_write:121	</harden/bcfiles/linux_bcfiles/rev_chardev.bc>:dev_write:%86
</harden/bcfiles/linux_bcfiles/rev_chardev.bc>:dev_write:112	</harden/bcfiles/linux_bcfiles/rev_chardev.bc>:dev_write:%80
</harden/bcfiles/linux_bcfiles/rev_chardev.bc>:dev_write:108	</harden/bcfiles/linux_bcfiles/rev_chardev.bc>:dev_write:%77
</harden/bcfiles/linux_bcfiles/rev_chardev.bc>:dev_write:107	</harden/bcfiles/linux_bcfiles/rev_chardev.bc>:dev_write:%76
</harden/bcfiles/linux_bcfiles/rev_chardev.bc>:dev_write:106	</harden/bcfiles/linux_bcfiles/rev_chardev.bc>:dev_write:%75
</harden/bcfiles/linux_bcfiles/rev_chardev.bc>:dev_write:147	</harden/bcfiles/linux_bcfiles/rev_chardev.bc>:dev_write:%107
</harden/bcfiles/linux_bcfiles/rev_chardev.bc>:dev_write:105	</harden/bcfiles/linux_bcfiles/rev_chardev.bc>:dev_write:%74
</harden/bcfiles/linux_bcfiles/rev_chardev.bc>:dev_write:94	</harden/bcfiles/linux_bcfiles/rev_chardev.bc>:dev_write:%67
</harden/bcfiles/linux_bcfiles/rev_chardev.bc>:dev_write:85	</harden/bcfiles/linux_bcfiles/rev_chardev.bc>:dev_write:%59
</harden/bcfiles/linux_bcfiles/rev_chardev.bc>:dev_write:84	</harden/bcfiles/linux_bcfiles/rev_chardev.bc>:dev_write:%58
</harden/bcfiles/linux_bcfiles/rev_chardev.bc>:dev_write:83	</harden/bcfiles/linux_bcfiles/rev_chardev.bc>:dev_write:%57
</harden/bcfiles/linux_bcfiles/rev_chardev.bc>:dev_write:82	</harden/bcfiles/linux_bcfiles/rev_chardev.bc>:dev_write:%56
</harden/bcfiles/linux_bcfiles/rev_chardev.bc>:dev_write:80	</harden/bcfiles/linux_bcfiles/rev_chardev.bc>:dev_write:%54
</harden/bcfiles/linux_bcfiles/rev_chardev.bc>:dev_write:79	</harden/bcfiles/linux_bcfiles/rev_chardev.bc>:dev_write:%53
</harden/bcfiles/linux_bcfiles/rev_chardev.bc>:dev_write:78	</harden/bcfiles/linux_bcfiles/rev_chardev.bc>:dev_write:%52
</harden/bcfiles/linux_bcfiles/rev_chardev.bc>:dev_write:77	</harden/bcfiles/linux_bcfiles/rev_chardev.bc>:dev_write:%51
</harden/bcfiles/linux_bcfiles/rev_chardev.bc>:dev_write:75	</harden/bcfiles/linux_bcfiles/rev_chardev.bc>:dev_write:%49
</harden/bcfiles/linux_bcfiles/rev_chardev.bc>:dev_write:74	</harden/bcfiles/linux_bcfiles/rev_chardev.bc>:dev_write:%48
</harden/bcfiles/linux_bcfiles/rev_chardev.bc>:dev_write:72	</harden/bcfiles/linux_bcfiles/rev_chardev.bc>:dev_write:%47
</harden/bcfiles/linux_bcfiles/rev_chardev.bc>:dev_write:71	</harden/bcfiles/linux_bcfiles/rev_chardev.bc>:dev_write:%46
</harden/bcfiles/linux_bcfiles/rev_chardev.bc>:dev_write:62	</harden/bcfiles/linux_bcfiles/rev_chardev.bc>:dev_write:%44
</harden/bcfiles/linux_bcfiles/rev_chardev.bc>:dev_write:61	</harden/bcfiles/linux_bcfiles/rev_chardev.bc>:dev_write:%43
</harden/bcfiles/linux_bcfiles/rev_chardev.bc>:dev_write:171	</harden/bcfiles/linux_bcfiles/rev_chardev.bc>:dev_write:%125
</harden/bcfiles/linux_bcfiles/rev_chardev.bc>:dev_write:54	</harden/bcfiles/linux_bcfiles/rev_chardev.bc>:dev_write:%42
</harden/bcfiles/linux_bcfiles/rev_chardev.bc>:dev_write:53	</harden/bcfiles/linux_bcfiles/rev_chardev.bc>:dev_write:%41
</harden/bcfiles/linux_bcfiles/rev_chardev.bc>:dev_write:50	</harden/bcfiles/linux_bcfiles/rev_chardev.bc>:dev_write:%39
</harden/bcfiles/linux_bcfiles/rev_chardev.bc>:dev_write:47	</harden/bcfiles/linux_bcfiles/rev_chardev.bc>:dev_write:%37
</harden/bcfiles/linux_bcfiles/rev_chardev.bc>:dev_write:45	</harden/bcfiles/linux_bcfiles/rev_chardev.bc>:dev_write:%35
</harden/bcfiles/linux_bcfiles/rev_chardev.bc>:dev_write:113	</harden/bcfiles/linux_bcfiles/rev_chardev.bc>:dev_write:%81
</harden/bcfiles/linux_bcfiles/rev_chardev.bc>:dev_write:95	</harden/bcfiles/linux_bcfiles/rev_chardev.bc>:dev_write:%68
</harden/bcfiles/linux_bcfiles/rev_chardev.bc>:dev_write:43	</harden/bcfiles/linux_bcfiles/rev_chardev.bc>:dev_write:%33
</harden/bcfiles/linux_bcfiles/rev_chardev.bc>:dev_write:110	</harden/bcfiles/linux_bcfiles/rev_chardev.bc>:dev_write:%78
</harden/bcfiles/linux_bcfiles/rev_chardev.bc>:dev_write:41	</harden/bcfiles/linux_bcfiles/rev_chardev.bc>:dev_write:%31
</harden/bcfiles/linux_bcfiles/rev_chardev.bc>:dev_write:40	</harden/bcfiles/linux_bcfiles/rev_chardev.bc>:dev_write:%30
</harden/bcfiles/linux_bcfiles/rev_chardev.bc>:dev_write:39	</harden/bcfiles/linux_bcfiles/rev_chardev.bc>:dev_write:%29
</harden/bcfiles/linux_bcfiles/rev_chardev.bc>:dev_write:35	</harden/bcfiles/linux_bcfiles/rev_chardev.bc>:dev_write:%28
</harden/bcfiles/linux_bcfiles/rev_chardev.bc>:dev_write:124	</harden/bcfiles/linux_bcfiles/rev_chardev.bc>:dev_write:%89
</harden/bcfiles/linux_bcfiles/rev_chardev.bc>:dev_write:49	</harden/bcfiles/linux_bcfiles/rev_chardev.bc>:dev_write:%38
</harden/bcfiles/linux_bcfiles/rev_chardev.bc>:dev_write:114	</harden/bcfiles/linux_bcfiles/rev_chardev.bc>:dev_write:%82
</harden/bcfiles/linux_bcfiles/rev_chardev.bc>:dev_write:125	</harden/bcfiles/linux_bcfiles/rev_chardev.bc>:dev_write:%90
</harden/bcfiles/linux_bcfiles/rev_chardev.bc>:dev_write:111	</harden/bcfiles/linux_bcfiles/rev_chardev.bc>:dev_write:%79
</harden/bcfiles/linux_bcfiles/rev_chardev.bc>:dev_write:88	</harden/bcfiles/linux_bcfiles/rev_chardev.bc>:dev_write:%62
</harden/bcfiles/linux_bcfiles/rev_chardev.bc>:dev_write:22	</harden/bcfiles/linux_bcfiles/rev_chardev.bc>:dev_write:%27
</harden/bcfiles/linux_bcfiles/rev_chardev.bc>:dev_write:148	</harden/bcfiles/linux_bcfiles/rev_chardev.bc>:dev_write:%108
</harden/bcfiles/linux_bcfiles/rev_chardev.bc>:dev_write:21	</harden/bcfiles/linux_bcfiles/rev_chardev.bc>:dev_write:%26
</harden/bcfiles/linux_bcfiles/rev_chardev.bc>:dev_write:19	</harden/bcfiles/linux_bcfiles/rev_chardev.bc>:dev_write:%24
</harden/bcfiles/linux_bcfiles/rev_chardev.bc>:dev_write:18	</harden/bcfiles/linux_bcfiles/rev_chardev.bc>:dev_write:%23
</harden/bcfiles/linux_bcfiles/rev_chardev.bc>:dev_write:179	</harden/bcfiles/linux_bcfiles/rev_chardev.bc>:dev_write:%131
</harden/bcfiles/linux_bcfiles/rev_chardev.bc>:dev_write:17	</harden/bcfiles/linux_bcfiles/rev_chardev.bc>:dev_write:%22
</harden/bcfiles/linux_bcfiles/rev_chardev.bc>:dev_write:16	</harden/bcfiles/linux_bcfiles/rev_chardev.bc>:dev_write:%21
</harden/bcfiles/linux_bcfiles/rev_chardev.bc>:dev_write:15	</harden/bcfiles/linux_bcfiles/rev_chardev.bc>:dev_write:%20
</harden/bcfiles/linux_bcfiles/rev_chardev.bc>:dev_write:14	</harden/bcfiles/linux_bcfiles/rev_chardev.bc>:dev_write:%19
</harden/bcfiles/linux_bcfiles/rev_chardev.bc>:dev_write:13	</harden/bcfiles/linux_bcfiles/rev_chardev.bc>:dev_write:%18
</harden/bcfiles/linux_bcfiles/rev_chardev.bc>:dev_write:177	</harden/bcfiles/linux_bcfiles/rev_chardev.bc>:dev_write:%130
</harden/bcfiles/linux_bcfiles/rev_chardev.bc>:dev_write:12	</harden/bcfiles/linux_bcfiles/rev_chardev.bc>:dev_write:%17
</harden/bcfiles/linux_bcfiles/rev_chardev.bc>:dev_write:122	</harden/bcfiles/linux_bcfiles/rev_chardev.bc>:dev_write:%87
</harden/bcfiles/linux_bcfiles/rev_chardev.bc>:dev_write:11	</harden/bcfiles/linux_bcfiles/rev_chardev.bc>:dev_write:%16
</harden/bcfiles/linux_bcfiles/rev_chardev.bc>:dev_write:10	</harden/bcfiles/linux_bcfiles/rev_chardev.bc>:dev_write:%15
</harden/bcfiles/linux_bcfiles/rev_chardev.bc>:dev_write:20	</harden/bcfiles/linux_bcfiles/rev_chardev.bc>:dev_write:%25
</harden/bcfiles/linux_bcfiles/rev_chardev.bc>:dev_write:9	</harden/bcfiles/linux_bcfiles/rev_chardev.bc>:dev_write:%14
</harden/bcfiles/linux_bcfiles/rev_chardev.bc>:dev_write:8	</harden/bcfiles/linux_bcfiles/rev_chardev.bc>:dev_write:%13
</harden/bcfiles/linux_bcfiles/rev_chardev.bc>:dev_write:7	</harden/bcfiles/linux_bcfiles/rev_chardev.bc>:dev_write:%12
</harden/bcfiles/linux_bcfiles/rev_chardev.bc>:dev_write:6	</harden/bcfiles/linux_bcfiles/rev_chardev.bc>:dev_write:%11
</harden/bcfiles/linux_bcfiles/rev_chardev.bc>:dev_write:5	</harden/bcfiles/linux_bcfiles/rev_chardev.bc>:dev_write:%10
</harden/bcfiles/linux_bcfiles/rev_chardev.bc>:dev_write:4	</harden/bcfiles/linux_bcfiles/rev_chardev.bc>:dev_write:%9
</harden/bcfiles/linux_bcfiles/rev_chardev.bc>:dev_write:160	</harden/bcfiles/linux_bcfiles/rev_chardev.bc>:dev_write:%117
</harden/bcfiles/linux_bcfiles/rev_chardev.bc>:dev_write:3	</harden/bcfiles/linux_bcfiles/rev_chardev.bc>:dev_write:%8
</harden/bcfiles/linux_bcfiles/rev_chardev.bc>:dev_write:2	</harden/bcfiles/linux_bcfiles/rev_chardev.bc>:dev_write:%7
</harden/bcfiles/linux_bcfiles/rev_chardev.bc>:dev_write:1	</harden/bcfiles/linux_bcfiles/rev_chardev.bc>:dev_write:%6
</harden/bcfiles/linux_bcfiles/rev_chardev.bc>:dev_write:52	</harden/bcfiles/linux_bcfiles/rev_chardev.bc>:dev_write:%40
</harden/bcfiles/linux_bcfiles/rev_chardev.bc>:dev_write:0	</harden/bcfiles/linux_bcfiles/rev_chardev.bc>:dev_write:%5
</harden/bcfiles/linux_bcfiles/rev_chardev.bc>:dev_open:11	</harden/bcfiles/linux_bcfiles/rev_chardev.bc>:dev_open:%9
</harden/bcfiles/linux_bcfiles/rev_chardev.bc>:dev_open:9	</harden/bcfiles/linux_bcfiles/rev_chardev.bc>:dev_open:%8
</harden/bcfiles/linux_bcfiles/rev_chardev.bc>:dev_open:2	</harden/bcfiles/linux_bcfiles/rev_chardev.bc>:dev_open:%5
</harden/bcfiles/linux_bcfiles/rev_chardev.bc>:dev_open:1	</harden/bcfiles/linux_bcfiles/rev_chardev.bc>:dev_open:%4
</harden/bcfiles/linux_bcfiles/rev_chardev.bc>:dev_open:0	</harden/bcfiles/linux_bcfiles/rev_chardev.bc>:dev_open:%3
</harden/bcfiles/linux_bcfiles/rev_chardev.bc>:dev_release:11	</harden/bcfiles/linux_bcfiles/rev_chardev.bc>:dev_release:%9
</harden/bcfiles/linux_bcfiles/rev_chardev.bc>:dev_release:9	</harden/bcfiles/linux_bcfiles/rev_chardev.bc>:dev_release:%8
</harden/bcfiles/linux_bcfiles/rev_chardev.bc>:dev_release:2	</harden/bcfiles/linux_bcfiles/rev_chardev.bc>:dev_release:%5
</harden/bcfiles/linux_bcfiles/rev_chardev.bc>:dev_release:1	</harden/bcfiles/linux_bcfiles/rev_chardev.bc>:dev_release:%4
</harden/bcfiles/linux_bcfiles/rev_chardev.bc>:dev_release:0	</harden/bcfiles/linux_bcfiles/rev_chardev.bc>:dev_release:%3
</harden/bcfiles/linux_bcfiles/rev_chardev.bc>:copy_overflow:1	</harden/bcfiles/linux_bcfiles/rev_chardev.bc>:copy_overflow:%4
</harden/bcfiles/linux_bcfiles/rev_chardev.bc>:copy_overflow:0	</harden/bcfiles/linux_bcfiles/rev_chardev.bc>:copy_overflow:%3
</harden/bcfiles/linux_bcfiles/rev_chardev.bc>:check_object_size:7	</harden/bcfiles/linux_bcfiles/rev_chardev.bc>:check_object_size:%7
</harden/bcfiles/linux_bcfiles/rev_chardev.bc>:check_object_size:2	</harden/bcfiles/linux_bcfiles/rev_chardev.bc>:check_object_size:%6
</harden/bcfiles/linux_bcfiles/rev_chardev.bc>:check_object_size:1	</harden/bcfiles/linux_bcfiles/rev_chardev.bc>:check_object_size:%5
</harden/bcfiles/linux_bcfiles/rev_chardev.bc>:check_object_size:0	</harden/bcfiles/linux_bcfiles/rev_chardev.bc>:check_object_size:%4
</harden/bcfiles/linux_bcfiles/rev_chardev.bc>:reverse_string:43	</harden/bcfiles/linux_bcfiles/rev_chardev.bc>:reverse_string:%36
</harden/bcfiles/linux_bcfiles/rev_chardev.bc>:reverse_string:42	</harden/bcfiles/linux_bcfiles/rev_chardev.bc>:reverse_string:%35
</harden/bcfiles/linux_bcfiles/rev_chardev.bc>:reverse_string:39	</harden/bcfiles/linux_bcfiles/rev_chardev.bc>:reverse_string:%33
</harden/bcfiles/linux_bcfiles/rev_chardev.bc>:reverse_string:38	</harden/bcfiles/linux_bcfiles/rev_chardev.bc>:reverse_string:%32
</harden/bcfiles/linux_bcfiles/rev_chardev.bc>:reverse_string:36	</harden/bcfiles/linux_bcfiles/rev_chardev.bc>:reverse_string:%30
</harden/bcfiles/linux_bcfiles/rev_chardev.bc>:reverse_string:35	</harden/bcfiles/linux_bcfiles/rev_chardev.bc>:reverse_string:%29
</harden/bcfiles/linux_bcfiles/rev_chardev.bc>:reverse_string:34	</harden/bcfiles/linux_bcfiles/rev_chardev.bc>:reverse_string:%28
</harden/bcfiles/linux_bcfiles/rev_chardev.bc>:reverse_string:33	</harden/bcfiles/linux_bcfiles/rev_chardev.bc>:reverse_string:%27
</harden/bcfiles/linux_bcfiles/rev_chardev.bc>:reverse_string:31	</harden/bcfiles/linux_bcfiles/rev_chardev.bc>:reverse_string:%26
</harden/bcfiles/linux_bcfiles/rev_chardev.bc>:reverse_string:30	</harden/bcfiles/linux_bcfiles/rev_chardev.bc>:reverse_string:%25
</harden/bcfiles/linux_bcfiles/rev_chardev.bc>:reverse_string:29	</harden/bcfiles/linux_bcfiles/rev_chardev.bc>:reverse_string:%24
</harden/bcfiles/linux_bcfiles/rev_chardev.bc>:reverse_string:28	</harden/bcfiles/linux_bcfiles/rev_chardev.bc>:reverse_string:%23
</harden/bcfiles/linux_bcfiles/rev_chardev.bc>:reverse_string:27	</harden/bcfiles/linux_bcfiles/rev_chardev.bc>:reverse_string:%22
</harden/bcfiles/linux_bcfiles/rev_chardev.bc>:reverse_string:26	</harden/bcfiles/linux_bcfiles/rev_chardev.bc>:reverse_string:%21
</harden/bcfiles/linux_bcfiles/rev_chardev.bc>:reverse_string:25	</harden/bcfiles/linux_bcfiles/rev_chardev.bc>:reverse_string:%20
</harden/bcfiles/linux_bcfiles/rev_chardev.bc>:reverse_string:24	</harden/bcfiles/linux_bcfiles/rev_chardev.bc>:reverse_string:%19
</harden/bcfiles/linux_bcfiles/rev_chardev.bc>:reverse_string:23	</harden/bcfiles/linux_bcfiles/rev_chardev.bc>:reverse_string:%18
</harden/bcfiles/linux_bcfiles/rev_chardev.bc>:reverse_string:22	</harden/bcfiles/linux_bcfiles/rev_chardev.bc>:reverse_string:%17
</harden/bcfiles/linux_bcfiles/rev_chardev.bc>:reverse_string:20	</harden/bcfiles/linux_bcfiles/rev_chardev.bc>:reverse_string:%16
</harden/bcfiles/linux_bcfiles/rev_chardev.bc>:reverse_string:19	</harden/bcfiles/linux_bcfiles/rev_chardev.bc>:reverse_string:%15
</harden/bcfiles/linux_bcfiles/rev_chardev.bc>:reverse_string:17	</harden/bcfiles/linux_bcfiles/rev_chardev.bc>:reverse_string:%13
</harden/bcfiles/linux_bcfiles/rev_chardev.bc>:reverse_string:37	</harden/bcfiles/linux_bcfiles/rev_chardev.bc>:reverse_string:%31
</harden/bcfiles/linux_bcfiles/rev_chardev.bc>:reverse_string:15	</harden/bcfiles/linux_bcfiles/rev_chardev.bc>:reverse_string:%11
</harden/bcfiles/linux_bcfiles/rev_chardev.bc>:reverse_string:14	</harden/bcfiles/linux_bcfiles/rev_chardev.bc>:reverse_string:%10
</harden/bcfiles/linux_bcfiles/rev_chardev.bc>:reverse_string:13	</harden/bcfiles/linux_bcfiles/rev_chardev.bc>:reverse_string:%9
</harden/bcfiles/linux_bcfiles/rev_chardev.bc>:reverse_string:12	</harden/bcfiles/linux_bcfiles/rev_chardev.bc>:reverse_string:%8
</harden/bcfiles/linux_bcfiles/rev_chardev.bc>:reverse_string:18	</harden/bcfiles/linux_bcfiles/rev_chardev.bc>:reverse_string:%14
</harden/bcfiles/linux_bcfiles/rev_chardev.bc>:reverse_string:3	</harden/bcfiles/linux_bcfiles/rev_chardev.bc>:reverse_string:%6
</harden/bcfiles/linux_bcfiles/rev_chardev.bc>:reverse_string:2	</harden/bcfiles/linux_bcfiles/rev_chardev.bc>:reverse_string:%5
</harden/bcfiles/linux_bcfiles/rev_chardev.bc>:reverse_string:1	</harden/bcfiles/linux_bcfiles/rev_chardev.bc>:reverse_string:%4
</harden/bcfiles/linux_bcfiles/rev_chardev.bc>:reverse_string:0	</harden/bcfiles/linux_bcfiles/rev_chardev.bc>:reverse_string:%3
