</harden/bcfiles/linux_bcfiles/rev_chardev.bc>:reverse_string:%20	</harden/bcfiles/linux_bcfiles/rev_chardev.bc>:reverse_string:26:0:1	</harden/bcfiles/linux_bcfiles/rev_chardev.bc>:reverse_string:26
</harden/bcfiles/linux_bcfiles/rev_chardev.bc>:reverse_string:%31	</harden/bcfiles/linux_bcfiles/rev_chardev.bc>:reverse_string:38:0:1	</harden/bcfiles/linux_bcfiles/rev_chardev.bc>:reverse_string:38
</harden/bcfiles/linux_bcfiles/rev_chardev.bc>:dev_read:%31	</harden/bcfiles/linux_bcfiles/rev_chardev.bc>:dev_read:%33	</harden/bcfiles/linux_bcfiles/rev_chardev.bc>:dev_read:43
</harden/bcfiles/linux_bcfiles/rev_chardev.bc>:reverse_string:%29	</harden/bcfiles/linux_bcfiles/rev_chardev.bc>:reverse_string:%30	</harden/bcfiles/linux_bcfiles/rev_chardev.bc>:reverse_string:37
</harden/bcfiles/linux_bcfiles/rev_chardev.bc>:reverse_string:%18	</harden/bcfiles/linux_bcfiles/rev_chardev.bc>:reverse_string:%19	</harden/bcfiles/linux_bcfiles/rev_chardev.bc>:reverse_string:25
