</harden/bcfiles/linux_bcfiles/rev_chardev.bc>:reverse_string	</harden/bcfiles/linux_bcfiles/rev_chardev.bc>:reverse_string:%29	</harden/bcfiles/linux_bcfiles/rev_chardev.bc>:reverse_string:%30	</harden/bcfiles/linux_bcfiles/rev_chardev.bc>:reverse_string:%30	</harden/bcfiles/linux_bcfiles/rev_chardev.bc>:reverse_string:37	[</harden/bcfiles/linux_bcfiles/rev_chardev.bc>:reverse_string:%30, </harden/bcfiles/linux_bcfiles/rev_chardev.bc>:reverse_string:%30]	69
</harden/bcfiles/linux_bcfiles/rev_chardev.bc>:reverse_string	</harden/bcfiles/linux_bcfiles/rev_chardev.bc>:reverse_string:%29	</harden/bcfiles/linux_bcfiles/rev_chardev.bc>:reverse_string:%30	</harden/bcfiles/linux_bcfiles/rev_chardev.bc>:reverse_string:%29	</harden/bcfiles/linux_bcfiles/rev_chardev.bc>:reverse_string:37	[</harden/bcfiles/linux_bcfiles/rev_chardev.bc>:reverse_string:%29, </harden/bcfiles/linux_bcfiles/rev_chardev.bc>:reverse_string:%29]	69
</harden/bcfiles/linux_bcfiles/rev_chardev.bc>:reverse_string	</harden/bcfiles/linux_bcfiles/rev_chardev.bc>:reverse_string:%20	</harden/bcfiles/linux_bcfiles/rev_chardev.bc>:reverse_string:26:0:1	</harden/bcfiles/linux_bcfiles/rev_chardev.bc>:reverse_string:%20	</harden/bcfiles/linux_bcfiles/rev_chardev.bc>:reverse_string:26	[</harden/bcfiles/linux_bcfiles/rev_chardev.bc>:reverse_string:%20, </harden/bcfiles/linux_bcfiles/rev_chardev.bc>:reverse_string:%20]	68
</harden/bcfiles/linux_bcfiles/rev_chardev.bc>:reverse_string	</harden/bcfiles/linux_bcfiles/rev_chardev.bc>:reverse_string:%18	</harden/bcfiles/linux_bcfiles/rev_chardev.bc>:reverse_string:%19	</harden/bcfiles/linux_bcfiles/rev_chardev.bc>:reverse_string:%19	</harden/bcfiles/linux_bcfiles/rev_chardev.bc>:reverse_string:25	[</harden/bcfiles/linux_bcfiles/rev_chardev.bc>:reverse_string:%19, </harden/bcfiles/linux_bcfiles/rev_chardev.bc>:reverse_string:%19]	68
</harden/bcfiles/linux_bcfiles/rev_chardev.bc>:reverse_string	</harden/bcfiles/linux_bcfiles/rev_chardev.bc>:reverse_string:%18	</harden/bcfiles/linux_bcfiles/rev_chardev.bc>:reverse_string:%19	</harden/bcfiles/linux_bcfiles/rev_chardev.bc>:reverse_string:%18	</harden/bcfiles/linux_bcfiles/rev_chardev.bc>:reverse_string:25	[</harden/bcfiles/linux_bcfiles/rev_chardev.bc>:reverse_string:%18, </harden/bcfiles/linux_bcfiles/rev_chardev.bc>:reverse_string:%18]	68
</harden/bcfiles/linux_bcfiles/rev_chardev.bc>:reverse_string	</harden/bcfiles/linux_bcfiles/rev_chardev.bc>:reverse_string:%31	</harden/bcfiles/linux_bcfiles/rev_chardev.bc>:reverse_string:38:0:1	</harden/bcfiles/linux_bcfiles/rev_chardev.bc>:reverse_string:%31	</harden/bcfiles/linux_bcfiles/rev_chardev.bc>:reverse_string:38	[</harden/bcfiles/linux_bcfiles/rev_chardev.bc>:reverse_string:%31, </harden/bcfiles/linux_bcfiles/rev_chardev.bc>:reverse_string:%31]	69
