</harden/bcfiles/linux_bcfiles/rev_chardev.bc>:dev_write:55	</harden/bcfiles/linux_bcfiles/rev_chardev.bc>:dev_write:55:0:getelementptr inbounds ([1024 x i8], [1024 x i8]* @message, i64 0, i64 0)
</harden/bcfiles/linux_bcfiles/rev_chardev.bc>:reverse_init:67	</harden/bcfiles/linux_bcfiles/rev_chardev.bc>:reverse_init:67:0:@rev_devnode
</harden/bcfiles/linux_bcfiles/rev_chardev.bc>:reverse_init:11	</harden/bcfiles/linux_bcfiles/rev_chardev.bc>:reverse_init:11:0:252706816
</harden/bcfiles/linux_bcfiles/rev_chardev.bc>:reverse_init:97	</harden/bcfiles/linux_bcfiles/rev_chardev.bc>:reverse_init:97:0:0
</harden/bcfiles/linux_bcfiles/rev_chardev.bc>:reverse_exit:3	</harden/bcfiles/linux_bcfiles/rev_chardev.bc>:reverse_exit:3:0:252706816
</harden/bcfiles/linux_bcfiles/rev_chardev.bc>:rev_devnode:10	</harden/bcfiles/linux_bcfiles/rev_chardev.bc>:rev_devnode:10:0:438
</harden/bcfiles/linux_bcfiles/rev_chardev.bc>:dev_read:67	</harden/bcfiles/linux_bcfiles/rev_chardev.bc>:dev_read:67:0:0
</harden/bcfiles/linux_bcfiles/rev_chardev.bc>:dev_read:87	</harden/bcfiles/linux_bcfiles/rev_chardev.bc>:dev_read:87:0:1
</harden/bcfiles/linux_bcfiles/rev_chardev.bc>:dev_read:122	</harden/bcfiles/linux_bcfiles/rev_chardev.bc>:dev_read:122:0:false
</harden/bcfiles/linux_bcfiles/rev_chardev.bc>:dev_read:137	</harden/bcfiles/linux_bcfiles/rev_chardev.bc>:dev_read:137:0:2307
</harden/bcfiles/linux_bcfiles/rev_chardev.bc>:dev_read:150	</harden/bcfiles/linux_bcfiles/rev_chardev.bc>:dev_read:150:0:false
</harden/bcfiles/linux_bcfiles/rev_chardev.bc>:dev_read:157	</harden/bcfiles/linux_bcfiles/rev_chardev.bc>:dev_read:157:0:true
</harden/bcfiles/linux_bcfiles/rev_chardev.bc>:dev_read:197	</harden/bcfiles/linux_bcfiles/rev_chardev.bc>:dev_read:197:0:-14
</harden/bcfiles/linux_bcfiles/rev_chardev.bc>:dev_write:38	</harden/bcfiles/linux_bcfiles/rev_chardev.bc>:dev_write:38:0:1023
</harden/bcfiles/linux_bcfiles/rev_chardev.bc>:dev_write:67	</harden/bcfiles/linux_bcfiles/rev_chardev.bc>:dev_write:67:0:0
</harden/bcfiles/linux_bcfiles/rev_chardev.bc>:dev_write:102	</harden/bcfiles/linux_bcfiles/rev_chardev.bc>:dev_write:102:0:false
</harden/bcfiles/linux_bcfiles/rev_chardev.bc>:dev_write:117	</harden/bcfiles/linux_bcfiles/rev_chardev.bc>:dev_write:117:0:2307
</harden/bcfiles/linux_bcfiles/rev_chardev.bc>:dev_write:130	</harden/bcfiles/linux_bcfiles/rev_chardev.bc>:dev_write:130:0:false
</harden/bcfiles/linux_bcfiles/rev_chardev.bc>:dev_write:137	</harden/bcfiles/linux_bcfiles/rev_chardev.bc>:dev_write:137:0:true
</harden/bcfiles/linux_bcfiles/rev_chardev.bc>:dev_write:159	</harden/bcfiles/linux_bcfiles/rev_chardev.bc>:dev_write:159:0:0
</harden/bcfiles/linux_bcfiles/rev_chardev.bc>:dev_write:181	</harden/bcfiles/linux_bcfiles/rev_chardev.bc>:dev_write:181:0:-14
</harden/bcfiles/linux_bcfiles/rev_chardev.bc>:reverse_string:10	</harden/bcfiles/linux_bcfiles/rev_chardev.bc>:reverse_string:10:0:0
</harden/bcfiles/linux_bcfiles/rev_chardev.bc>:reverse_init:13	</harden/bcfiles/linux_bcfiles/rev_chardev.bc>:reverse_init:13:0:null
</harden/bcfiles/linux_bcfiles/rev_chardev.bc>:reverse_init:95	</harden/bcfiles/linux_bcfiles/rev_chardev.bc>:reverse_init:%70
</harden/bcfiles/linux_bcfiles/rev_chardev.bc>:reverse_init:90	</harden/bcfiles/linux_bcfiles/rev_chardev.bc>:reverse_init:%66
</harden/bcfiles/linux_bcfiles/rev_chardev.bc>:reverse_init:71	</harden/bcfiles/linux_bcfiles/rev_chardev.bc>:reverse_init:%52
</harden/bcfiles/linux_bcfiles/rev_chardev.bc>:reverse_init:57	</harden/bcfiles/linux_bcfiles/rev_chardev.bc>:reverse_init:%41
</harden/bcfiles/linux_bcfiles/rev_chardev.bc>:reverse_init:46	</harden/bcfiles/linux_bcfiles/rev_chardev.bc>:reverse_init:%33
</harden/bcfiles/linux_bcfiles/rev_chardev.bc>:reverse_init:43	</harden/bcfiles/linux_bcfiles/rev_chardev.bc>:reverse_init:%31
</harden/bcfiles/linux_bcfiles/rev_chardev.bc>:reverse_init:40	</harden/bcfiles/linux_bcfiles/rev_chardev.bc>:reverse_init:%29
</harden/bcfiles/linux_bcfiles/rev_chardev.bc>:reverse_init:84	</harden/bcfiles/linux_bcfiles/rev_chardev.bc>:reverse_init:%61
</harden/bcfiles/linux_bcfiles/rev_chardev.bc>:reverse_init:26	</harden/bcfiles/linux_bcfiles/rev_chardev.bc>:reverse_init:%19
</harden/bcfiles/linux_bcfiles/rev_chardev.bc>:reverse_init:23	</harden/bcfiles/linux_bcfiles/rev_chardev.bc>:reverse_init:%17
</harden/bcfiles/linux_bcfiles/rev_chardev.bc>:reverse_init:63	</harden/bcfiles/linux_bcfiles/rev_chardev.bc>:reverse_init:%46
</harden/bcfiles/linux_bcfiles/rev_chardev.bc>:reverse_init:16	</harden/bcfiles/linux_bcfiles/rev_chardev.bc>:reverse_init:%11
</harden/bcfiles/linux_bcfiles/rev_chardev.bc>:reverse_init:31	</harden/bcfiles/linux_bcfiles/rev_chardev.bc>:reverse_init:%22
</harden/bcfiles/linux_bcfiles/rev_chardev.bc>:reverse_exit:17	</harden/bcfiles/linux_bcfiles/rev_chardev.bc>:reverse_exit:%10
</harden/bcfiles/linux_bcfiles/rev_chardev.bc>:IS_ERR:1	</harden/bcfiles/linux_bcfiles/rev_chardev.bc>:IS_ERR:%0
</harden/bcfiles/linux_bcfiles/rev_chardev.bc>:PTR_ERR:1	</harden/bcfiles/linux_bcfiles/rev_chardev.bc>:PTR_ERR:%0
</harden/bcfiles/linux_bcfiles/rev_chardev.bc>:rev_devnode:4	</harden/bcfiles/linux_bcfiles/rev_chardev.bc>:rev_devnode:%1
</harden/bcfiles/linux_bcfiles/rev_chardev.bc>:rev_devnode:2	</harden/bcfiles/linux_bcfiles/rev_chardev.bc>:rev_devnode:%0
</harden/bcfiles/linux_bcfiles/rev_chardev.bc>:dev_read:194	</harden/bcfiles/linux_bcfiles/rev_chardev.bc>:dev_read:%145
</harden/bcfiles/linux_bcfiles/rev_chardev.bc>:dev_read:188	</harden/bcfiles/linux_bcfiles/rev_chardev.bc>:dev_read:%140
</harden/bcfiles/linux_bcfiles/rev_chardev.bc>:dev_read:183	</harden/bcfiles/linux_bcfiles/rev_chardev.bc>:dev_read:%137
</harden/bcfiles/linux_bcfiles/rev_chardev.bc>:dev_read:169	</harden/bcfiles/linux_bcfiles/rev_chardev.bc>:dev_read:%125
</harden/bcfiles/linux_bcfiles/rev_chardev.bc>:dev_read:178	</harden/bcfiles/linux_bcfiles/rev_chardev.bc>:dev_read:%133
</harden/bcfiles/linux_bcfiles/rev_chardev.bc>:dev_read:146	</harden/bcfiles/linux_bcfiles/rev_chardev.bc>:dev_read:%107
</harden/bcfiles/linux_bcfiles/rev_chardev.bc>:dev_read:129	</harden/bcfiles/linux_bcfiles/rev_chardev.bc>:dev_read:%94
</harden/bcfiles/linux_bcfiles/rev_chardev.bc>:dev_read:93	</harden/bcfiles/linux_bcfiles/rev_chardev.bc>:dev_read:%64
</harden/bcfiles/linux_bcfiles/rev_chardev.bc>:dev_read:64	</harden/bcfiles/linux_bcfiles/rev_chardev.bc>:dev_read:%51
</harden/bcfiles/linux_bcfiles/rev_chardev.bc>:dev_read:83	</harden/bcfiles/linux_bcfiles/rev_chardev.bc>:dev_read:%60
</harden/bcfiles/linux_bcfiles/rev_chardev.bc>:dev_read:57	</harden/bcfiles/linux_bcfiles/rev_chardev.bc>:dev_read:%45
</harden/bcfiles/linux_bcfiles/rev_chardev.bc>:dev_read:44	</harden/bcfiles/linux_bcfiles/rev_chardev.bc>:dev_read:%34
</harden/bcfiles/linux_bcfiles/rev_chardev.bc>:dev_read:37	</harden/bcfiles/linux_bcfiles/rev_chardev.bc>:dev_read:%29
</harden/bcfiles/linux_bcfiles/rev_chardev.bc>:dev_read:85	</harden/bcfiles/linux_bcfiles/rev_chardev.bc>:dev_read:%61
</harden/bcfiles/linux_bcfiles/rev_chardev.bc>:dev_read:77	</harden/bcfiles/linux_bcfiles/rev_chardev.bc>:dev_read:%57
</harden/bcfiles/linux_bcfiles/rev_chardev.bc>:dev_read:75	</harden/bcfiles/linux_bcfiles/rev_chardev.bc>:dev_read:%54
</harden/bcfiles/linux_bcfiles/rev_chardev.bc>:dev_read:165	</harden/bcfiles/linux_bcfiles/rev_chardev.bc>:dev_read:%122
</harden/bcfiles/linux_bcfiles/rev_chardev.bc>:dev_read:30	</harden/bcfiles/linux_bcfiles/rev_chardev.bc>:dev_read:%3
</harden/bcfiles/linux_bcfiles/rev_chardev.bc>:dev_read:28	</harden/bcfiles/linux_bcfiles/rev_chardev.bc>:dev_read:%2
</harden/bcfiles/linux_bcfiles/rev_chardev.bc>:dev_read:54	</harden/bcfiles/linux_bcfiles/rev_chardev.bc>:dev_read:%43
</harden/bcfiles/linux_bcfiles/rev_chardev.bc>:dev_read:26	</harden/bcfiles/linux_bcfiles/rev_chardev.bc>:dev_read:%1
</harden/bcfiles/linux_bcfiles/rev_chardev.bc>:dev_read:24	</harden/bcfiles/linux_bcfiles/rev_chardev.bc>:dev_read:%0
</harden/bcfiles/linux_bcfiles/rev_chardev.bc>:dev_read:79	</harden/bcfiles/linux_bcfiles/rev_chardev.bc>:dev_read:%59
</harden/bcfiles/linux_bcfiles/rev_chardev.bc>:dev_write:167	</harden/bcfiles/linux_bcfiles/rev_chardev.bc>:dev_write:%122
</harden/bcfiles/linux_bcfiles/rev_chardev.bc>:dev_write:155	</harden/bcfiles/linux_bcfiles/rev_chardev.bc>:dev_write:%113
</harden/bcfiles/linux_bcfiles/rev_chardev.bc>:dev_write:145	</harden/bcfiles/linux_bcfiles/rev_chardev.bc>:dev_write:%105
</harden/bcfiles/linux_bcfiles/rev_chardev.bc>:dev_write:109	</harden/bcfiles/linux_bcfiles/rev_chardev.bc>:dev_write:%77
</harden/bcfiles/linux_bcfiles/rev_chardev.bc>:dev_write:73	</harden/bcfiles/linux_bcfiles/rev_chardev.bc>:dev_write:%47
</harden/bcfiles/linux_bcfiles/rev_chardev.bc>:dev_write:65	</harden/bcfiles/linux_bcfiles/rev_chardev.bc>:dev_write:%44
</harden/bcfiles/linux_bcfiles/rev_chardev.bc>:dev_write:63	</harden/bcfiles/linux_bcfiles/rev_chardev.bc>:dev_write:%43
</harden/bcfiles/linux_bcfiles/rev_chardev.bc>:dev_write:172	</harden/bcfiles/linux_bcfiles/rev_chardev.bc>:dev_write:%125
</harden/bcfiles/linux_bcfiles/rev_chardev.bc>:dev_write:59	</harden/bcfiles/linux_bcfiles/rev_chardev.bc>:dev_write:%42
</harden/bcfiles/linux_bcfiles/rev_chardev.bc>:dev_write:51	</harden/bcfiles/linux_bcfiles/rev_chardev.bc>:dev_write:%39
</harden/bcfiles/linux_bcfiles/rev_chardev.bc>:dev_write:48	</harden/bcfiles/linux_bcfiles/rev_chardev.bc>:dev_write:%37
</harden/bcfiles/linux_bcfiles/rev_chardev.bc>:dev_write:36	</harden/bcfiles/linux_bcfiles/rev_chardev.bc>:dev_write:%28
</harden/bcfiles/linux_bcfiles/rev_chardev.bc>:dev_write:126	</harden/bcfiles/linux_bcfiles/rev_chardev.bc>:dev_write:%90
</harden/bcfiles/linux_bcfiles/rev_chardev.bc>:dev_write:149	</harden/bcfiles/linux_bcfiles/rev_chardev.bc>:dev_write:%108
</harden/bcfiles/linux_bcfiles/rev_chardev.bc>:dev_write:178	</harden/bcfiles/linux_bcfiles/rev_chardev.bc>:dev_write:%130
</harden/bcfiles/linux_bcfiles/rev_chardev.bc>:dev_write:57	</harden/bcfiles/linux_bcfiles/rev_chardev.bc>:dev_write:%40
</harden/bcfiles/linux_bcfiles/rev_chardev.bc>:dev_write:29	</harden/bcfiles/linux_bcfiles/rev_chardev.bc>:dev_write:%3
</harden/bcfiles/linux_bcfiles/rev_chardev.bc>:dev_write:27	</harden/bcfiles/linux_bcfiles/rev_chardev.bc>:dev_write:%2
</harden/bcfiles/linux_bcfiles/rev_chardev.bc>:dev_write:25	</harden/bcfiles/linux_bcfiles/rev_chardev.bc>:dev_write:%1
</harden/bcfiles/linux_bcfiles/rev_chardev.bc>:dev_write:23	</harden/bcfiles/linux_bcfiles/rev_chardev.bc>:dev_write:%0
</harden/bcfiles/linux_bcfiles/rev_chardev.bc>:dev_open:10	</harden/bcfiles/linux_bcfiles/rev_chardev.bc>:dev_open:%8
</harden/bcfiles/linux_bcfiles/rev_chardev.bc>:dev_open:5	</harden/bcfiles/linux_bcfiles/rev_chardev.bc>:dev_open:%1
</harden/bcfiles/linux_bcfiles/rev_chardev.bc>:dev_open:3	</harden/bcfiles/linux_bcfiles/rev_chardev.bc>:dev_open:%0
</harden/bcfiles/linux_bcfiles/rev_chardev.bc>:dev_release:10	</harden/bcfiles/linux_bcfiles/rev_chardev.bc>:dev_release:%8
</harden/bcfiles/linux_bcfiles/rev_chardev.bc>:dev_release:5	</harden/bcfiles/linux_bcfiles/rev_chardev.bc>:dev_release:%1
</harden/bcfiles/linux_bcfiles/rev_chardev.bc>:dev_release:3	</harden/bcfiles/linux_bcfiles/rev_chardev.bc>:dev_release:%0
</harden/bcfiles/linux_bcfiles/rev_chardev.bc>:copy_overflow:4	</harden/bcfiles/linux_bcfiles/rev_chardev.bc>:copy_overflow:%1
</harden/bcfiles/linux_bcfiles/rev_chardev.bc>:copy_overflow:2	</harden/bcfiles/linux_bcfiles/rev_chardev.bc>:copy_overflow:%0
</harden/bcfiles/linux_bcfiles/rev_chardev.bc>:check_object_size:8	</harden/bcfiles/linux_bcfiles/rev_chardev.bc>:check_object_size:%7
</harden/bcfiles/linux_bcfiles/rev_chardev.bc>:check_object_size:5	</harden/bcfiles/linux_bcfiles/rev_chardev.bc>:check_object_size:%1
</harden/bcfiles/linux_bcfiles/rev_chardev.bc>:check_object_size:3	</harden/bcfiles/linux_bcfiles/rev_chardev.bc>:check_object_size:%0
</harden/bcfiles/linux_bcfiles/rev_chardev.bc>:reverse_string:44	</harden/bcfiles/linux_bcfiles/rev_chardev.bc>:reverse_string:%36
</harden/bcfiles/linux_bcfiles/rev_chardev.bc>:reverse_string:40	</harden/bcfiles/linux_bcfiles/rev_chardev.bc>:reverse_string:%27
</harden/bcfiles/linux_bcfiles/rev_chardev.bc>:reverse_string:32	</harden/bcfiles/linux_bcfiles/rev_chardev.bc>:reverse_string:%23
</harden/bcfiles/linux_bcfiles/rev_chardev.bc>:reverse_string:21	</harden/bcfiles/linux_bcfiles/rev_chardev.bc>:reverse_string:%16
</harden/bcfiles/linux_bcfiles/rev_chardev.bc>:reverse_string:6	</harden/bcfiles/linux_bcfiles/rev_chardev.bc>:reverse_string:%1
</harden/bcfiles/linux_bcfiles/rev_chardev.bc>:reverse_string:4	</harden/bcfiles/linux_bcfiles/rev_chardev.bc>:reverse_string:%0
