</harden/bcfiles/linux_bcfiles/rev_chardev.bc>:reverse_init:%8	</harden/bcfiles/linux_bcfiles/rev_chardev.bc>:reverse_init:%61	0
</harden/bcfiles/linux_bcfiles/rev_chardev.bc>:reverse_init:%7	</harden/bcfiles/linux_bcfiles/rev_chardev.bc>:reverse_init:%41	0
</harden/bcfiles/linux_bcfiles/rev_chardev.bc>:reverse_init:%6	</harden/bcfiles/linux_bcfiles/rev_chardev.bc>:reverse_init:%29	0
</harden/bcfiles/linux_bcfiles/rev_chardev.bc>:reverse_init:%5	</harden/bcfiles/linux_bcfiles/rev_chardev.bc>:reverse_init:%17	0
</harden/bcfiles/linux_bcfiles/rev_chardev.bc>:reverse_init:%4	</harden/bcfiles/linux_bcfiles/rev_chardev.bc>:reverse_init:%52	0
</harden/bcfiles/linux_bcfiles/rev_chardev.bc>:reverse_init:%9	</harden/bcfiles/linux_bcfiles/rev_chardev.bc>:reverse_init:%70	0
</harden/bcfiles/linux_bcfiles/rev_chardev.bc>:reverse_init:%2	</harden/bcfiles/linux_bcfiles/rev_chardev.bc>:reverse_init:%11	0
</harden/bcfiles/linux_bcfiles/rev_chardev.bc>:reverse_init:%2	</harden/bcfiles/linux_bcfiles/rev_chardev.bc>:reverse_init:%22	0
</harden/bcfiles/linux_bcfiles/rev_chardev.bc>:reverse_init:%1	</harden/bcfiles/linux_bcfiles/rev_chardev.bc>:reverse_init:%66	0
</harden/bcfiles/linux_bcfiles/rev_chardev.bc>:reverse_init:%1	</harden/bcfiles/linux_bcfiles/rev_chardev.bc>:reverse_init:%31	0
</harden/bcfiles/linux_bcfiles/rev_chardev.bc>:reverse_init:%1	</harden/bcfiles/linux_bcfiles/rev_chardev.bc>:reverse_init:%19	0
</harden/bcfiles/linux_bcfiles/rev_chardev.bc>:reverse_init:%1	</harden/bcfiles/linux_bcfiles/rev_chardev.bc>:reverse_init:%46	0
</harden/bcfiles/linux_bcfiles/rev_chardev.bc>:reverse_exit:%2	</harden/bcfiles/linux_bcfiles/rev_chardev.bc>:reverse_exit:%10	0
</harden/bcfiles/linux_bcfiles/rev_chardev.bc>:IS_ERR:%2	</harden/bcfiles/linux_bcfiles/rev_chardev.bc>:IS_ERR:%0	0
</harden/bcfiles/linux_bcfiles/rev_chardev.bc>:PTR_ERR:%2	</harden/bcfiles/linux_bcfiles/rev_chardev.bc>:PTR_ERR:%0	0
</harden/bcfiles/linux_bcfiles/rev_chardev.bc>:rev_devnode:%4	</harden/bcfiles/linux_bcfiles/rev_chardev.bc>:rev_devnode:%1	0
</harden/bcfiles/linux_bcfiles/rev_chardev.bc>:rev_devnode:%3	</harden/bcfiles/linux_bcfiles/rev_chardev.bc>:rev_devnode:%0	0
</harden/bcfiles/linux_bcfiles/rev_chardev.bc>:dev_read:%131	</harden/bcfiles/linux_bcfiles/rev_chardev.bc>:dev_read:%133	0
</harden/bcfiles/linux_bcfiles/rev_chardev.bc>:dev_read:%27	</harden/bcfiles/linux_bcfiles/rev_chardev.bc>:dev_read:%137	0
</harden/bcfiles/linux_bcfiles/rev_chardev.bc>:dev_read:%26	</harden/bcfiles/linux_bcfiles/rev_chardev.bc>:dev_read:%51	0
</harden/bcfiles/linux_bcfiles/rev_chardev.bc>:dev_read:%25	</harden/bcfiles/linux_bcfiles/rev_chardev.bc>:dev_read:%43	0
</harden/bcfiles/linux_bcfiles/rev_chardev.bc>:dev_read:%24	</harden/bcfiles/linux_bcfiles/rev_chardev.bc>:dev_read:%34	0
</harden/bcfiles/linux_bcfiles/rev_chardev.bc>:dev_read:%22	</harden/bcfiles/linux_bcfiles/rev_chardev.bc>:dev_read:%45	0
</harden/bcfiles/linux_bcfiles/rev_chardev.bc>:dev_read:%21	</harden/bcfiles/linux_bcfiles/rev_chardev.bc>:dev_read:%125	0
</harden/bcfiles/linux_bcfiles/rev_chardev.bc>:dev_read:%20	</harden/bcfiles/linux_bcfiles/rev_chardev.bc>:dev_read:%3	0
</harden/bcfiles/linux_bcfiles/rev_chardev.bc>:dev_read:%19	</harden/bcfiles/linux_bcfiles/rev_chardev.bc>:dev_read:%2	0
</harden/bcfiles/linux_bcfiles/rev_chardev.bc>:dev_read:%28	</harden/bcfiles/linux_bcfiles/rev_chardev.bc>:dev_read:%145	0
</harden/bcfiles/linux_bcfiles/rev_chardev.bc>:dev_read:%18	</harden/bcfiles/linux_bcfiles/rev_chardev.bc>:dev_read:%1	0
</harden/bcfiles/linux_bcfiles/rev_chardev.bc>:dev_read:%17	</harden/bcfiles/linux_bcfiles/rev_chardev.bc>:dev_read:%0	0
</harden/bcfiles/linux_bcfiles/rev_chardev.bc>:dev_read:%16	</harden/bcfiles/linux_bcfiles/rev_chardev.bc>:dev_read:%140	0
</harden/bcfiles/linux_bcfiles/rev_chardev.bc>:dev_read:%14	</harden/bcfiles/linux_bcfiles/rev_chardev.bc>:dev_read:%57	0
</harden/bcfiles/linux_bcfiles/rev_chardev.bc>:dev_read:%13	</harden/bcfiles/linux_bcfiles/rev_chardev.bc>:dev_read:%54	0
</harden/bcfiles/linux_bcfiles/rev_chardev.bc>:dev_read:%12	</harden/bcfiles/linux_bcfiles/rev_chardev.bc>:dev_read:%107	0
</harden/bcfiles/linux_bcfiles/rev_chardev.bc>:dev_read:%10	</harden/bcfiles/linux_bcfiles/rev_chardev.bc>:dev_read:%94	0
</harden/bcfiles/linux_bcfiles/rev_chardev.bc>:dev_read:%9	</harden/bcfiles/linux_bcfiles/rev_chardev.bc>:dev_read:%64	0
</harden/bcfiles/linux_bcfiles/rev_chardev.bc>:dev_read:%7	</harden/bcfiles/linux_bcfiles/rev_chardev.bc>:dev_read:%61	0
</harden/bcfiles/linux_bcfiles/rev_chardev.bc>:dev_read:%6	</harden/bcfiles/linux_bcfiles/rev_chardev.bc>:dev_read:%60	0
</harden/bcfiles/linux_bcfiles/rev_chardev.bc>:dev_read:%23	</harden/bcfiles/linux_bcfiles/rev_chardev.bc>:dev_read:%29	0
</harden/bcfiles/linux_bcfiles/rev_chardev.bc>:dev_read:%15	</harden/bcfiles/linux_bcfiles/rev_chardev.bc>:dev_read:%122	0
</harden/bcfiles/linux_bcfiles/rev_chardev.bc>:dev_read:%15	</harden/bcfiles/linux_bcfiles/rev_chardev.bc>:dev_read:%59	0
</harden/bcfiles/linux_bcfiles/rev_chardev.bc>:dev_write:%27	</harden/bcfiles/linux_bcfiles/rev_chardev.bc>:dev_write:%130	0
</harden/bcfiles/linux_bcfiles/rev_chardev.bc>:dev_write:%26	</harden/bcfiles/linux_bcfiles/rev_chardev.bc>:dev_write:%122	0
</harden/bcfiles/linux_bcfiles/rev_chardev.bc>:dev_write:%23	</harden/bcfiles/linux_bcfiles/rev_chardev.bc>:dev_write:%28	0
</harden/bcfiles/linux_bcfiles/rev_chardev.bc>:dev_write:%22	</harden/bcfiles/linux_bcfiles/rev_chardev.bc>:dev_write:%39	0
</harden/bcfiles/linux_bcfiles/rev_chardev.bc>:dev_write:%21	</harden/bcfiles/linux_bcfiles/rev_chardev.bc>:dev_write:%108	0
</harden/bcfiles/linux_bcfiles/rev_chardev.bc>:dev_write:%20	</harden/bcfiles/linux_bcfiles/rev_chardev.bc>:dev_write:%3	0
</harden/bcfiles/linux_bcfiles/rev_chardev.bc>:dev_write:%19	</harden/bcfiles/linux_bcfiles/rev_chardev.bc>:dev_write:%2	0
</harden/bcfiles/linux_bcfiles/rev_chardev.bc>:dev_write:%18	</harden/bcfiles/linux_bcfiles/rev_chardev.bc>:dev_write:%1	0
</harden/bcfiles/linux_bcfiles/rev_chardev.bc>:dev_write:%17	</harden/bcfiles/linux_bcfiles/rev_chardev.bc>:dev_write:%0	0
</harden/bcfiles/linux_bcfiles/rev_chardev.bc>:dev_write:%16	</harden/bcfiles/linux_bcfiles/rev_chardev.bc>:dev_write:%125	0
</harden/bcfiles/linux_bcfiles/rev_chardev.bc>:dev_write:%15	</harden/bcfiles/linux_bcfiles/rev_chardev.bc>:dev_write:%105	0
</harden/bcfiles/linux_bcfiles/rev_chardev.bc>:dev_write:%15	</harden/bcfiles/linux_bcfiles/rev_chardev.bc>:dev_write:%42	0
</harden/bcfiles/linux_bcfiles/rev_chardev.bc>:dev_write:%25	</harden/bcfiles/linux_bcfiles/rev_chardev.bc>:dev_write:%37	0
</harden/bcfiles/linux_bcfiles/rev_chardev.bc>:dev_write:%14	</harden/bcfiles/linux_bcfiles/rev_chardev.bc>:dev_write:%40	0
</harden/bcfiles/linux_bcfiles/rev_chardev.bc>:dev_write:%12	</harden/bcfiles/linux_bcfiles/rev_chardev.bc>:dev_write:%90	0
</harden/bcfiles/linux_bcfiles/rev_chardev.bc>:dev_write:%10	</harden/bcfiles/linux_bcfiles/rev_chardev.bc>:dev_write:%77	0
</harden/bcfiles/linux_bcfiles/rev_chardev.bc>:dev_write:%9	</harden/bcfiles/linux_bcfiles/rev_chardev.bc>:dev_write:%47	0
</harden/bcfiles/linux_bcfiles/rev_chardev.bc>:dev_write:%7	</harden/bcfiles/linux_bcfiles/rev_chardev.bc>:dev_write:%44	0
</harden/bcfiles/linux_bcfiles/rev_chardev.bc>:dev_write:%6	</harden/bcfiles/linux_bcfiles/rev_chardev.bc>:dev_write:%43	0
</harden/bcfiles/linux_bcfiles/rev_chardev.bc>:dev_open:%5	</harden/bcfiles/linux_bcfiles/rev_chardev.bc>:dev_open:%8	0
</harden/bcfiles/linux_bcfiles/rev_chardev.bc>:dev_open:%4	</harden/bcfiles/linux_bcfiles/rev_chardev.bc>:dev_open:%1	0
</harden/bcfiles/linux_bcfiles/rev_chardev.bc>:dev_open:%3	</harden/bcfiles/linux_bcfiles/rev_chardev.bc>:dev_open:%0	0
</harden/bcfiles/linux_bcfiles/rev_chardev.bc>:dev_release:%5	</harden/bcfiles/linux_bcfiles/rev_chardev.bc>:dev_release:%8	0
</harden/bcfiles/linux_bcfiles/rev_chardev.bc>:dev_release:%4	</harden/bcfiles/linux_bcfiles/rev_chardev.bc>:dev_release:%1	0
</harden/bcfiles/linux_bcfiles/rev_chardev.bc>:dev_release:%3	</harden/bcfiles/linux_bcfiles/rev_chardev.bc>:dev_release:%0	0
</harden/bcfiles/linux_bcfiles/rev_chardev.bc>:copy_overflow:%4	</harden/bcfiles/linux_bcfiles/rev_chardev.bc>:copy_overflow:%1	0
</harden/bcfiles/linux_bcfiles/rev_chardev.bc>:copy_overflow:%3	</harden/bcfiles/linux_bcfiles/rev_chardev.bc>:copy_overflow:%0	0
</harden/bcfiles/linux_bcfiles/rev_chardev.bc>:check_object_size:%6	</harden/bcfiles/linux_bcfiles/rev_chardev.bc>:check_object_size:%7	0
</harden/bcfiles/linux_bcfiles/rev_chardev.bc>:check_object_size:%5	</harden/bcfiles/linux_bcfiles/rev_chardev.bc>:check_object_size:%1	0
</harden/bcfiles/linux_bcfiles/rev_chardev.bc>:check_object_size:%4	</harden/bcfiles/linux_bcfiles/rev_chardev.bc>:check_object_size:%0	0
</harden/bcfiles/linux_bcfiles/rev_chardev.bc>:reverse_string:%33	</harden/bcfiles/linux_bcfiles/rev_chardev.bc>:reverse_string:%28	</harden/bcfiles/linux_bcfiles/rev_chardev.bc>:reverse_string:%32
</harden/bcfiles/linux_bcfiles/rev_chardev.bc>:reverse_string:%33	</harden/bcfiles/linux_bcfiles/rev_chardev.bc>:reverse_string:%27	0
</harden/bcfiles/linux_bcfiles/rev_chardev.bc>:reverse_string:%26	</harden/bcfiles/linux_bcfiles/rev_chardev.bc>:reverse_string:%24	</harden/bcfiles/linux_bcfiles/rev_chardev.bc>:reverse_string:%25
</harden/bcfiles/linux_bcfiles/rev_chardev.bc>:reverse_string:%26	</harden/bcfiles/linux_bcfiles/rev_chardev.bc>:reverse_string:%23	0
</harden/bcfiles/linux_bcfiles/rev_chardev.bc>:reverse_string:%22	</harden/bcfiles/linux_bcfiles/rev_chardev.bc>:reverse_string:%17	</harden/bcfiles/linux_bcfiles/rev_chardev.bc>:reverse_string:%21
</harden/bcfiles/linux_bcfiles/rev_chardev.bc>:reverse_string:%15	</harden/bcfiles/linux_bcfiles/rev_chardev.bc>:reverse_string:%13	</harden/bcfiles/linux_bcfiles/rev_chardev.bc>:reverse_string:%14
</harden/bcfiles/linux_bcfiles/rev_chardev.bc>:reverse_string:%6	</harden/bcfiles/linux_bcfiles/rev_chardev.bc>:reverse_string:%16	0
</harden/bcfiles/linux_bcfiles/rev_chardev.bc>:reverse_string:%5	</harden/bcfiles/linux_bcfiles/rev_chardev.bc>:reverse_string:%36	0
</harden/bcfiles/linux_bcfiles/rev_chardev.bc>:reverse_string:%4	</harden/bcfiles/linux_bcfiles/rev_chardev.bc>:reverse_string:%1	0
</harden/bcfiles/linux_bcfiles/rev_chardev.bc>:reverse_string:%3	</harden/bcfiles/linux_bcfiles/rev_chardev.bc>:reverse_string:%0	0
