</harden/bcfiles/linux_bcfiles/rev_chardev.bc>:IS_ERR	</harden/bcfiles/linux_bcfiles/rev_chardev.bc>:reverse_init:%55
</harden/bcfiles/linux_bcfiles/rev_chardev.bc>:IS_ERR	</harden/bcfiles/linux_bcfiles/rev_chardev.bc>:reverse_init:%36
</harden/bcfiles/linux_bcfiles/rev_chardev.bc>:PTR_ERR	</harden/bcfiles/linux_bcfiles/rev_chardev.bc>:reverse_init:%65
</harden/bcfiles/linux_bcfiles/rev_chardev.bc>:PTR_ERR	</harden/bcfiles/linux_bcfiles/rev_chardev.bc>:reverse_init:%45
</harden/bcfiles/linux_bcfiles/rev_chardev.bc>:register_chrdev_region	</harden/bcfiles/linux_bcfiles/rev_chardev.bc>:reverse_init:%11
</harden/bcfiles/linux_bcfiles/rev_chardev.bc>:_printk	</harden/bcfiles/linux_bcfiles/rev_chardev.bc>:reverse_init:%70
</harden/bcfiles/linux_bcfiles/rev_chardev.bc>:_printk	</harden/bcfiles/linux_bcfiles/rev_chardev.bc>:reverse_init:%41
</harden/bcfiles/linux_bcfiles/rev_chardev.bc>:_printk	</harden/bcfiles/linux_bcfiles/rev_chardev.bc>:reverse_init:%29
</harden/bcfiles/linux_bcfiles/rev_chardev.bc>:_printk	</harden/bcfiles/linux_bcfiles/rev_chardev.bc>:reverse_init:%61
</harden/bcfiles/linux_bcfiles/rev_chardev.bc>:_printk	</harden/bcfiles/linux_bcfiles/rev_chardev.bc>:reverse_init:%17
</harden/bcfiles/linux_bcfiles/rev_chardev.bc>:_printk	</harden/bcfiles/linux_bcfiles/rev_chardev.bc>:reverse_exit:%10
</harden/bcfiles/linux_bcfiles/rev_chardev.bc>:_printk	</harden/bcfiles/linux_bcfiles/rev_chardev.bc>:dev_read:%145
</harden/bcfiles/linux_bcfiles/rev_chardev.bc>:_printk	</harden/bcfiles/linux_bcfiles/rev_chardev.bc>:dev_read:%137
</harden/bcfiles/linux_bcfiles/rev_chardev.bc>:_printk	</harden/bcfiles/linux_bcfiles/rev_chardev.bc>:dev_read:%51
</harden/bcfiles/linux_bcfiles/rev_chardev.bc>:_printk	</harden/bcfiles/linux_bcfiles/rev_chardev.bc>:dev_write:%122
</harden/bcfiles/linux_bcfiles/rev_chardev.bc>:_printk	</harden/bcfiles/linux_bcfiles/rev_chardev.bc>:dev_write:%130
</harden/bcfiles/linux_bcfiles/rev_chardev.bc>:_printk	</harden/bcfiles/linux_bcfiles/rev_chardev.bc>:dev_open:%8
</harden/bcfiles/linux_bcfiles/rev_chardev.bc>:_printk	</harden/bcfiles/linux_bcfiles/rev_chardev.bc>:dev_release:%8
</harden/bcfiles/linux_bcfiles/rev_chardev.bc>:cdev_add	</harden/bcfiles/linux_bcfiles/rev_chardev.bc>:reverse_init:%22
</harden/bcfiles/linux_bcfiles/rev_chardev.bc>:class_create	</harden/bcfiles/linux_bcfiles/rev_chardev.bc>:reverse_init:%33
</harden/bcfiles/linux_bcfiles/rev_chardev.bc>:device_create	</harden/bcfiles/linux_bcfiles/rev_chardev.bc>:reverse_init:%52
</harden/bcfiles/linux_bcfiles/rev_chardev.bc>:_copy_to_user	</harden/bcfiles/linux_bcfiles/rev_chardev.bc>:dev_read:%122
</harden/bcfiles/linux_bcfiles/rev_chardev.bc>:llvm.objectsize.i64.p0i8	</harden/bcfiles/linux_bcfiles/rev_chardev.bc>:dev_read:%63
</harden/bcfiles/linux_bcfiles/rev_chardev.bc>:llvm.objectsize.i64.p0i8	</harden/bcfiles/linux_bcfiles/rev_chardev.bc>:dev_write:%46
</harden/bcfiles/linux_bcfiles/rev_chardev.bc>:llvm.is.constant.i64	</harden/bcfiles/linux_bcfiles/rev_chardev.bc>:dev_read:%79
</harden/bcfiles/linux_bcfiles/rev_chardev.bc>:llvm.is.constant.i64	</harden/bcfiles/linux_bcfiles/rev_chardev.bc>:dev_write:%62
</harden/bcfiles/linux_bcfiles/rev_chardev.bc>:_copy_from_user	</harden/bcfiles/linux_bcfiles/rev_chardev.bc>:dev_write:%105
