</harden/bcfiles/linux_bcfiles/rev_chardev.bc>:IS_ERR	</harden/bcfiles/linux_bcfiles/rev_chardev.bc>:IS_ERR:%0	0
</harden/bcfiles/linux_bcfiles/rev_chardev.bc>:PTR_ERR	</harden/bcfiles/linux_bcfiles/rev_chardev.bc>:PTR_ERR:%0	0
</harden/bcfiles/linux_bcfiles/rev_chardev.bc>:rev_devnode	</harden/bcfiles/linux_bcfiles/rev_chardev.bc>:rev_devnode:%0	0
</harden/bcfiles/linux_bcfiles/rev_chardev.bc>:rev_devnode	</harden/bcfiles/linux_bcfiles/rev_chardev.bc>:rev_devnode:%1	1
</harden/bcfiles/linux_bcfiles/rev_chardev.bc>:dev_read	</harden/bcfiles/linux_bcfiles/rev_chardev.bc>:dev_read:%0	0
</harden/bcfiles/linux_bcfiles/rev_chardev.bc>:dev_read	</harden/bcfiles/linux_bcfiles/rev_chardev.bc>:dev_read:%1	1
</harden/bcfiles/linux_bcfiles/rev_chardev.bc>:dev_read	</harden/bcfiles/linux_bcfiles/rev_chardev.bc>:dev_read:%2	2
</harden/bcfiles/linux_bcfiles/rev_chardev.bc>:dev_read	</harden/bcfiles/linux_bcfiles/rev_chardev.bc>:dev_read:%3	3
</harden/bcfiles/linux_bcfiles/rev_chardev.bc>:dev_write	</harden/bcfiles/linux_bcfiles/rev_chardev.bc>:dev_write:%0	0
</harden/bcfiles/linux_bcfiles/rev_chardev.bc>:dev_write	</harden/bcfiles/linux_bcfiles/rev_chardev.bc>:dev_write:%1	1
</harden/bcfiles/linux_bcfiles/rev_chardev.bc>:dev_write	</harden/bcfiles/linux_bcfiles/rev_chardev.bc>:dev_write:%2	2
</harden/bcfiles/linux_bcfiles/rev_chardev.bc>:dev_write	</harden/bcfiles/linux_bcfiles/rev_chardev.bc>:dev_write:%3	3
</harden/bcfiles/linux_bcfiles/rev_chardev.bc>:dev_open	</harden/bcfiles/linux_bcfiles/rev_chardev.bc>:dev_open:%0	0
</harden/bcfiles/linux_bcfiles/rev_chardev.bc>:dev_open	</harden/bcfiles/linux_bcfiles/rev_chardev.bc>:dev_open:%1	1
</harden/bcfiles/linux_bcfiles/rev_chardev.bc>:dev_release	</harden/bcfiles/linux_bcfiles/rev_chardev.bc>:dev_release:%0	0
</harden/bcfiles/linux_bcfiles/rev_chardev.bc>:dev_release	</harden/bcfiles/linux_bcfiles/rev_chardev.bc>:dev_release:%1	1
</harden/bcfiles/linux_bcfiles/rev_chardev.bc>:copy_overflow	</harden/bcfiles/linux_bcfiles/rev_chardev.bc>:copy_overflow:%0	0
</harden/bcfiles/linux_bcfiles/rev_chardev.bc>:copy_overflow	</harden/bcfiles/linux_bcfiles/rev_chardev.bc>:copy_overflow:%1	1
</harden/bcfiles/linux_bcfiles/rev_chardev.bc>:check_object_size	</harden/bcfiles/linux_bcfiles/rev_chardev.bc>:check_object_size:%0	0
</harden/bcfiles/linux_bcfiles/rev_chardev.bc>:check_object_size	</harden/bcfiles/linux_bcfiles/rev_chardev.bc>:check_object_size:%1	1
</harden/bcfiles/linux_bcfiles/rev_chardev.bc>:check_object_size	</harden/bcfiles/linux_bcfiles/rev_chardev.bc>:check_object_size:%2	2
</harden/bcfiles/linux_bcfiles/rev_chardev.bc>:reverse_string	</harden/bcfiles/linux_bcfiles/rev_chardev.bc>:reverse_string:%0	0
</harden/bcfiles/linux_bcfiles/rev_chardev.bc>:reverse_string	</harden/bcfiles/linux_bcfiles/rev_chardev.bc>:reverse_string:%1	1
