</harden/bcfiles/linux_bcfiles/rev_chardev.bc>:reverse_init:15:1:1
</harden/bcfiles/linux_bcfiles/rev_chardev.bc>:reverse_init:15:2:getelementptr inbounds ([8 x i8], [8 x i8]* @.str, i64 0, i64 0)
</harden/bcfiles/linux_bcfiles/rev_chardev.bc>:reverse_init:22:1:getelementptr inbounds ([41 x i8], [41 x i8]* @.str.1, i64 0, i64 0)
</harden/bcfiles/linux_bcfiles/rev_chardev.bc>:reverse_init:22:5:getelementptr inbounds ([8 x i8], [8 x i8]* @.str, i64 0, i64 0)
</harden/bcfiles/linux_bcfiles/rev_chardev.bc>:reverse_init:28:1:@rev_cdev
</harden/bcfiles/linux_bcfiles/rev_chardev.bc>:reverse_init:28:2:@fops
</harden/bcfiles/linux_bcfiles/rev_chardev.bc>:reverse_init:30:1:@rev_cdev
</harden/bcfiles/linux_bcfiles/rev_chardev.bc>:reverse_init:30:2:1
</harden/bcfiles/linux_bcfiles/rev_chardev.bc>:reverse_init:36:1:1
</harden/bcfiles/linux_bcfiles/rev_chardev.bc>:reverse_init:39:1:getelementptr inbounds ([26 x i8], [26 x i8]* @.str.2, i64 0, i64 0)
</harden/bcfiles/linux_bcfiles/rev_chardev.bc>:reverse_init:39:5:getelementptr inbounds ([8 x i8], [8 x i8]* @.str, i64 0, i64 0)
</harden/bcfiles/linux_bcfiles/rev_chardev.bc>:reverse_init:45:1:getelementptr inbounds ([10 x i8], [10 x i8]* @.str.3, i64 0, i64 0)
</harden/bcfiles/linux_bcfiles/rev_chardev.bc>:reverse_init:51:1:@rev_cdev
</harden/bcfiles/linux_bcfiles/rev_chardev.bc>:reverse_init:53:1:1
</harden/bcfiles/linux_bcfiles/rev_chardev.bc>:reverse_init:56:1:getelementptr inbounds ([39 x i8], [39 x i8]* @.str.4, i64 0, i64 0)
</harden/bcfiles/linux_bcfiles/rev_chardev.bc>:reverse_init:56:5:getelementptr inbounds ([8 x i8], [8 x i8]* @.str, i64 0, i64 0)
</harden/bcfiles/linux_bcfiles/rev_chardev.bc>:reverse_init:70:1:null
</harden/bcfiles/linux_bcfiles/rev_chardev.bc>:reverse_init:70:2:null
</harden/bcfiles/linux_bcfiles/rev_chardev.bc>:reverse_init:70:3:getelementptr inbounds ([8 x i8], [8 x i8]* @.str, i64 0, i64 0)
</harden/bcfiles/linux_bcfiles/rev_chardev.bc>:reverse_init:78:1:@rev_cdev
</harden/bcfiles/linux_bcfiles/rev_chardev.bc>:reverse_init:80:1:1
</harden/bcfiles/linux_bcfiles/rev_chardev.bc>:reverse_init:83:1:getelementptr inbounds ([35 x i8], [35 x i8]* @.str.5, i64 0, i64 0)
</harden/bcfiles/linux_bcfiles/rev_chardev.bc>:reverse_init:83:5:getelementptr inbounds ([8 x i8], [8 x i8]* @.str, i64 0, i64 0)
</harden/bcfiles/linux_bcfiles/rev_chardev.bc>:reverse_init:94:1:getelementptr inbounds ([38 x i8], [38 x i8]* @.str.6, i64 0, i64 0)
</harden/bcfiles/linux_bcfiles/rev_chardev.bc>:reverse_init:94:5:getelementptr inbounds ([8 x i8], [8 x i8]* @.str, i64 0, i64 0)
</harden/bcfiles/linux_bcfiles/rev_chardev.bc>:reverse_exit:11:1:@rev_cdev
</harden/bcfiles/linux_bcfiles/rev_chardev.bc>:reverse_exit:13:1:1
</harden/bcfiles/linux_bcfiles/rev_chardev.bc>:reverse_exit:16:1:getelementptr inbounds ([13 x i8], [13 x i8]* @.str.15, i64 0, i64 0)
</harden/bcfiles/linux_bcfiles/rev_chardev.bc>:reverse_exit:16:5:getelementptr inbounds ([8 x i8], [8 x i8]* @.str, i64 0, i64 0)
</harden/bcfiles/linux_bcfiles/rev_chardev.bc>:dev_read:34:1:@rev_mutex
</harden/bcfiles/linux_bcfiles/rev_chardev.bc>:dev_read:63:1:getelementptr inbounds ([22 x i8], [22 x i8]* @.str.7, i64 0, i64 0)
</harden/bcfiles/linux_bcfiles/rev_chardev.bc>:dev_read:63:5:getelementptr inbounds ([8 x i8], [8 x i8]* @.str, i64 0, i64 0)
</harden/bcfiles/linux_bcfiles/rev_chardev.bc>:dev_read:66:1:@rev_mutex
</harden/bcfiles/linux_bcfiles/rev_chardev.bc>:dev_read:91:1:false
</harden/bcfiles/linux_bcfiles/rev_chardev.bc>:dev_read:91:2:true
</harden/bcfiles/linux_bcfiles/rev_chardev.bc>:dev_read:91:3:false
</harden/bcfiles/linux_bcfiles/rev_chardev.bc>:dev_read:139:0:getelementptr inbounds ([30 x i8], [30 x i8]* @.str.10, i64 0, i64 0)
</harden/bcfiles/linux_bcfiles/rev_chardev.bc>:dev_read:139:4:249
</harden/bcfiles/linux_bcfiles/rev_chardev.bc>:dev_read:139:5:12
</harden/bcfiles/linux_bcfiles/rev_chardev.bc>:dev_read:182:1:getelementptr inbounds ([38 x i8], [38 x i8]* @.str.8, i64 0, i64 0)
</harden/bcfiles/linux_bcfiles/rev_chardev.bc>:dev_read:182:5:getelementptr inbounds ([8 x i8], [8 x i8]* @.str, i64 0, i64 0)
</harden/bcfiles/linux_bcfiles/rev_chardev.bc>:dev_read:185:1:@rev_mutex
</harden/bcfiles/linux_bcfiles/rev_chardev.bc>:dev_read:193:1:getelementptr inbounds ([48 x i8], [48 x i8]* @.str.9, i64 0, i64 0)
</harden/bcfiles/linux_bcfiles/rev_chardev.bc>:dev_read:193:5:getelementptr inbounds ([8 x i8], [8 x i8]* @.str, i64 0, i64 0)
</harden/bcfiles/linux_bcfiles/rev_chardev.bc>:dev_read:196:1:@rev_mutex
</harden/bcfiles/linux_bcfiles/rev_chardev.bc>:dev_write:33:1:@rev_mutex
</harden/bcfiles/linux_bcfiles/rev_chardev.bc>:dev_write:71:1:false
</harden/bcfiles/linux_bcfiles/rev_chardev.bc>:dev_write:71:2:true
</harden/bcfiles/linux_bcfiles/rev_chardev.bc>:dev_write:71:3:false
</harden/bcfiles/linux_bcfiles/rev_chardev.bc>:dev_write:119:0:getelementptr inbounds ([30 x i8], [30 x i8]* @.str.10, i64 0, i64 0)
</harden/bcfiles/linux_bcfiles/rev_chardev.bc>:dev_write:119:4:249
</harden/bcfiles/linux_bcfiles/rev_chardev.bc>:dev_write:119:5:12
</harden/bcfiles/linux_bcfiles/rev_chardev.bc>:dev_write:162:1:getelementptr inbounds ([1024 x i8], [1024 x i8]* @message, i64 0, i64 0)
</harden/bcfiles/linux_bcfiles/rev_chardev.bc>:dev_write:166:1:getelementptr inbounds ([44 x i8], [44 x i8]* @.str.11, i64 0, i64 0)
</harden/bcfiles/linux_bcfiles/rev_chardev.bc>:dev_write:166:5:getelementptr inbounds ([8 x i8], [8 x i8]* @.str, i64 0, i64 0)
</harden/bcfiles/linux_bcfiles/rev_chardev.bc>:dev_write:169:1:@rev_mutex
</harden/bcfiles/linux_bcfiles/rev_chardev.bc>:dev_write:177:1:getelementptr inbounds ([53 x i8], [53 x i8]* @.str.12, i64 0, i64 0)
</harden/bcfiles/linux_bcfiles/rev_chardev.bc>:dev_write:177:5:getelementptr inbounds ([8 x i8], [8 x i8]* @.str, i64 0, i64 0)
</harden/bcfiles/linux_bcfiles/rev_chardev.bc>:dev_write:180:1:@rev_mutex
</harden/bcfiles/linux_bcfiles/rev_chardev.bc>:dev_open:9:1:getelementptr inbounds ([30 x i8], [30 x i8]* @.str.13, i64 0, i64 0)
</harden/bcfiles/linux_bcfiles/rev_chardev.bc>:dev_open:9:5:getelementptr inbounds ([8 x i8], [8 x i8]* @.str, i64 0, i64 0)
</harden/bcfiles/linux_bcfiles/rev_chardev.bc>:dev_release:9:1:getelementptr inbounds ([34 x i8], [34 x i8]* @.str.14, i64 0, i64 0)
</harden/bcfiles/linux_bcfiles/rev_chardev.bc>:dev_release:9:5:getelementptr inbounds ([8 x i8], [8 x i8]* @.str, i64 0, i64 0)
</harden/bcfiles/linux_bcfiles/rev_chardev.bc>:reverse_init:9:0:@llvm.dbg.declare
</harden/bcfiles/linux_bcfiles/rev_chardev.bc>:reverse_init:10:0:@llvm.dbg.declare
</harden/bcfiles/linux_bcfiles/rev_chardev.bc>:reverse_init:12:0:@llvm.dbg.declare
</harden/bcfiles/linux_bcfiles/rev_chardev.bc>:reverse_init:15:0:@register_chrdev_region
</harden/bcfiles/linux_bcfiles/rev_chardev.bc>:reverse_init:22:0:@_printk
</harden/bcfiles/linux_bcfiles/rev_chardev.bc>:reverse_init:28:0:@cdev_init
</harden/bcfiles/linux_bcfiles/rev_chardev.bc>:reverse_init:30:0:@cdev_add
</harden/bcfiles/linux_bcfiles/rev_chardev.bc>:reverse_init:36:0:@unregister_chrdev_region
</harden/bcfiles/linux_bcfiles/rev_chardev.bc>:reverse_init:39:0:@_printk
</harden/bcfiles/linux_bcfiles/rev_chardev.bc>:reverse_init:45:0:@class_create
</harden/bcfiles/linux_bcfiles/rev_chardev.bc>:reverse_init:49:0:@IS_ERR
</harden/bcfiles/linux_bcfiles/rev_chardev.bc>:reverse_init:51:0:@cdev_del
</harden/bcfiles/linux_bcfiles/rev_chardev.bc>:reverse_init:53:0:@unregister_chrdev_region
</harden/bcfiles/linux_bcfiles/rev_chardev.bc>:reverse_init:56:0:@_printk
</harden/bcfiles/linux_bcfiles/rev_chardev.bc>:reverse_init:61:0:@PTR_ERR
</harden/bcfiles/linux_bcfiles/rev_chardev.bc>:reverse_init:70:0:@device_create
</harden/bcfiles/linux_bcfiles/rev_chardev.bc>:reverse_init:74:0:@IS_ERR
</harden/bcfiles/linux_bcfiles/rev_chardev.bc>:reverse_init:77:0:@class_destroy
</harden/bcfiles/linux_bcfiles/rev_chardev.bc>:reverse_init:78:0:@cdev_del
</harden/bcfiles/linux_bcfiles/rev_chardev.bc>:reverse_init:80:0:@unregister_chrdev_region
</harden/bcfiles/linux_bcfiles/rev_chardev.bc>:reverse_init:83:0:@_printk
</harden/bcfiles/linux_bcfiles/rev_chardev.bc>:reverse_init:88:0:@PTR_ERR
</harden/bcfiles/linux_bcfiles/rev_chardev.bc>:reverse_init:94:0:@_printk
</harden/bcfiles/linux_bcfiles/rev_chardev.bc>:reverse_exit:2:0:@llvm.dbg.declare
</harden/bcfiles/linux_bcfiles/rev_chardev.bc>:reverse_exit:6:0:@device_destroy
</harden/bcfiles/linux_bcfiles/rev_chardev.bc>:reverse_exit:8:0:@class_unregister
</harden/bcfiles/linux_bcfiles/rev_chardev.bc>:reverse_exit:10:0:@class_destroy
</harden/bcfiles/linux_bcfiles/rev_chardev.bc>:reverse_exit:11:0:@cdev_del
</harden/bcfiles/linux_bcfiles/rev_chardev.bc>:reverse_exit:13:0:@unregister_chrdev_region
</harden/bcfiles/linux_bcfiles/rev_chardev.bc>:reverse_exit:16:0:@_printk
</harden/bcfiles/linux_bcfiles/rev_chardev.bc>:IS_ERR:2:0:@llvm.dbg.declare
</harden/bcfiles/linux_bcfiles/rev_chardev.bc>:PTR_ERR:2:0:@llvm.dbg.declare
</harden/bcfiles/linux_bcfiles/rev_chardev.bc>:rev_devnode:3:0:@llvm.dbg.declare
</harden/bcfiles/linux_bcfiles/rev_chardev.bc>:rev_devnode:5:0:@llvm.dbg.declare
</harden/bcfiles/linux_bcfiles/rev_chardev.bc>:dev_read:25:0:@llvm.dbg.declare
</harden/bcfiles/linux_bcfiles/rev_chardev.bc>:dev_read:27:0:@llvm.dbg.declare
</harden/bcfiles/linux_bcfiles/rev_chardev.bc>:dev_read:29:0:@llvm.dbg.declare
</harden/bcfiles/linux_bcfiles/rev_chardev.bc>:dev_read:31:0:@llvm.dbg.declare
</harden/bcfiles/linux_bcfiles/rev_chardev.bc>:dev_read:32:0:@llvm.dbg.declare
</harden/bcfiles/linux_bcfiles/rev_chardev.bc>:dev_read:33:0:@llvm.dbg.declare
</harden/bcfiles/linux_bcfiles/rev_chardev.bc>:dev_read:34:0:@mutex_lock
</harden/bcfiles/linux_bcfiles/rev_chardev.bc>:dev_read:35:0:@llvm.dbg.declare
</harden/bcfiles/linux_bcfiles/rev_chardev.bc>:dev_read:38:0:@llvm.dbg.declare
</harden/bcfiles/linux_bcfiles/rev_chardev.bc>:dev_read:63:0:@_printk
</harden/bcfiles/linux_bcfiles/rev_chardev.bc>:dev_read:66:0:@mutex_unlock
</harden/bcfiles/linux_bcfiles/rev_chardev.bc>:dev_read:76:0:@llvm.dbg.declare
</harden/bcfiles/linux_bcfiles/rev_chardev.bc>:dev_read:78:0:@llvm.dbg.declare
</harden/bcfiles/linux_bcfiles/rev_chardev.bc>:dev_read:80:0:@llvm.dbg.declare
</harden/bcfiles/linux_bcfiles/rev_chardev.bc>:dev_read:84:0:@llvm.dbg.declare
</harden/bcfiles/linux_bcfiles/rev_chardev.bc>:dev_read:86:0:@llvm.dbg.declare
</harden/bcfiles/linux_bcfiles/rev_chardev.bc>:dev_read:88:0:@llvm.dbg.declare
</harden/bcfiles/linux_bcfiles/rev_chardev.bc>:dev_read:89:0:@llvm.dbg.declare
</harden/bcfiles/linux_bcfiles/rev_chardev.bc>:dev_read:91:0:@llvm.objectsize.i64.p0i8
</harden/bcfiles/linux_bcfiles/rev_chardev.bc>:dev_read:108:0:@llvm.is.constant.i64
</harden/bcfiles/linux_bcfiles/rev_chardev.bc>:dev_read:112:0:@copy_overflow
</harden/bcfiles/linux_bcfiles/rev_chardev.bc>:dev_read:117:0:@__bad_copy_from
</harden/bcfiles/linux_bcfiles/rev_chardev.bc>:dev_read:119:0:@__bad_copy_to
</harden/bcfiles/linux_bcfiles/rev_chardev.bc>:dev_read:124:0:@llvm.dbg.declare
</harden/bcfiles/linux_bcfiles/rev_chardev.bc>:dev_read:136:0:@llvm.dbg.declare
</harden/bcfiles/linux_bcfiles/rev_chardev.bc>:dev_read:139::<asm>
</harden/bcfiles/linux_bcfiles/rev_chardev.bc>:dev_read:156:0:@check_object_size
</harden/bcfiles/linux_bcfiles/rev_chardev.bc>:dev_read:164:0:@_copy_to_user
</harden/bcfiles/linux_bcfiles/rev_chardev.bc>:dev_read:182:0:@_printk
</harden/bcfiles/linux_bcfiles/rev_chardev.bc>:dev_read:185:0:@mutex_unlock
</harden/bcfiles/linux_bcfiles/rev_chardev.bc>:dev_read:193:0:@_printk
</harden/bcfiles/linux_bcfiles/rev_chardev.bc>:dev_read:196:0:@mutex_unlock
</harden/bcfiles/linux_bcfiles/rev_chardev.bc>:dev_write:24:0:@llvm.dbg.declare
</harden/bcfiles/linux_bcfiles/rev_chardev.bc>:dev_write:26:0:@llvm.dbg.declare
</harden/bcfiles/linux_bcfiles/rev_chardev.bc>:dev_write:28:0:@llvm.dbg.declare
</harden/bcfiles/linux_bcfiles/rev_chardev.bc>:dev_write:30:0:@llvm.dbg.declare
</harden/bcfiles/linux_bcfiles/rev_chardev.bc>:dev_write:31:0:@llvm.dbg.declare
</harden/bcfiles/linux_bcfiles/rev_chardev.bc>:dev_write:32:0:@llvm.dbg.declare
</harden/bcfiles/linux_bcfiles/rev_chardev.bc>:dev_write:33:0:@mutex_lock
</harden/bcfiles/linux_bcfiles/rev_chardev.bc>:dev_write:34:0:@llvm.dbg.declare
</harden/bcfiles/linux_bcfiles/rev_chardev.bc>:dev_write:37:0:@llvm.dbg.declare
</harden/bcfiles/linux_bcfiles/rev_chardev.bc>:dev_write:56:0:@llvm.dbg.declare
</harden/bcfiles/linux_bcfiles/rev_chardev.bc>:dev_write:58:0:@llvm.dbg.declare
</harden/bcfiles/linux_bcfiles/rev_chardev.bc>:dev_write:60:0:@llvm.dbg.declare
</harden/bcfiles/linux_bcfiles/rev_chardev.bc>:dev_write:64:0:@llvm.dbg.declare
</harden/bcfiles/linux_bcfiles/rev_chardev.bc>:dev_write:66:0:@llvm.dbg.declare
</harden/bcfiles/linux_bcfiles/rev_chardev.bc>:dev_write:68:0:@llvm.dbg.declare
</harden/bcfiles/linux_bcfiles/rev_chardev.bc>:dev_write:69:0:@llvm.dbg.declare
</harden/bcfiles/linux_bcfiles/rev_chardev.bc>:dev_write:71:0:@llvm.objectsize.i64.p0i8
</harden/bcfiles/linux_bcfiles/rev_chardev.bc>:dev_write:88:0:@llvm.is.constant.i64
</harden/bcfiles/linux_bcfiles/rev_chardev.bc>:dev_write:92:0:@copy_overflow
</harden/bcfiles/linux_bcfiles/rev_chardev.bc>:dev_write:97:0:@__bad_copy_from
</harden/bcfiles/linux_bcfiles/rev_chardev.bc>:dev_write:99:0:@__bad_copy_to
</harden/bcfiles/linux_bcfiles/rev_chardev.bc>:dev_write:104:0:@llvm.dbg.declare
</harden/bcfiles/linux_bcfiles/rev_chardev.bc>:dev_write:116:0:@llvm.dbg.declare
</harden/bcfiles/linux_bcfiles/rev_chardev.bc>:dev_write:119::<asm>
</harden/bcfiles/linux_bcfiles/rev_chardev.bc>:dev_write:136:0:@check_object_size
</harden/bcfiles/linux_bcfiles/rev_chardev.bc>:dev_write:144:0:@_copy_from_user
</harden/bcfiles/linux_bcfiles/rev_chardev.bc>:dev_write:162:0:@reverse_string
</harden/bcfiles/linux_bcfiles/rev_chardev.bc>:dev_write:166:0:@_printk
</harden/bcfiles/linux_bcfiles/rev_chardev.bc>:dev_write:169:0:@mutex_unlock
</harden/bcfiles/linux_bcfiles/rev_chardev.bc>:dev_write:177:0:@_printk
</harden/bcfiles/linux_bcfiles/rev_chardev.bc>:dev_write:180:0:@mutex_unlock
</harden/bcfiles/linux_bcfiles/rev_chardev.bc>:dev_open:4:0:@llvm.dbg.declare
</harden/bcfiles/linux_bcfiles/rev_chardev.bc>:dev_open:6:0:@llvm.dbg.declare
</harden/bcfiles/linux_bcfiles/rev_chardev.bc>:dev_open:9:0:@_printk
</harden/bcfiles/linux_bcfiles/rev_chardev.bc>:dev_release:4:0:@llvm.dbg.declare
</harden/bcfiles/linux_bcfiles/rev_chardev.bc>:dev_release:6:0:@llvm.dbg.declare
</harden/bcfiles/linux_bcfiles/rev_chardev.bc>:dev_release:9:0:@_printk
</harden/bcfiles/linux_bcfiles/rev_chardev.bc>:copy_overflow:3:0:@llvm.dbg.declare
</harden/bcfiles/linux_bcfiles/rev_chardev.bc>:copy_overflow:5:0:@llvm.dbg.declare
</harden/bcfiles/linux_bcfiles/rev_chardev.bc>:copy_overflow:8:0:@__copy_overflow
</harden/bcfiles/linux_bcfiles/rev_chardev.bc>:check_object_size:4:0:@llvm.dbg.declare
</harden/bcfiles/linux_bcfiles/rev_chardev.bc>:check_object_size:6:0:@llvm.dbg.declare
</harden/bcfiles/linux_bcfiles/rev_chardev.bc>:check_object_size:9:0:@llvm.dbg.declare
</harden/bcfiles/linux_bcfiles/rev_chardev.bc>:reverse_string:5:0:@llvm.dbg.declare
</harden/bcfiles/linux_bcfiles/rev_chardev.bc>:reverse_string:7:0:@llvm.dbg.declare
</harden/bcfiles/linux_bcfiles/rev_chardev.bc>:reverse_string:8:0:@llvm.dbg.declare
</harden/bcfiles/linux_bcfiles/rev_chardev.bc>:reverse_string:9:0:@llvm.dbg.declare
</harden/bcfiles/linux_bcfiles/rev_chardev.bc>:78:[i8* getelementptr inbounds ([12 x i8], [12 x i8]* @__UNIQUE_ID_license237, i32 0, i32 0), i8* getelementptr inbounds ([20 x i8], [20 x i8]* @__UNIQUE_ID_author238, i32 0, i32 0), i8* getelementptr inbounds ([45 x i8], [45 x i8]* @__UNIQUE_ID_description239, i32 0, i32 0), i8* getelementptr inbounds ([12 x i8], [12 x i8]* @__UNIQUE_ID_version240, i32 0, i32 0), i8* getelementptr inbounds ([21 x i8], [21 x i8]* @__UNIQUE_ID_alias241, i32 0, i32 0), i8* bitcast (i8** @__UNIQUE_ID___addressable_init_module242 to i8*), i8* bitcast (i8** @__UNIQUE_ID___addressable_cleanup_module243 to i8*)]
</harden/bcfiles/linux_bcfiles/rev_chardev.bc>:5:bitcast (i32 ()* @init_module to i8*)
</harden/bcfiles/linux_bcfiles/rev_chardev.bc>:7:bitcast (void ()* @cleanup_module to i8*)
</harden/bcfiles/linux_bcfiles/rev_chardev.bc>:59:bitcast (%struct.mutex* @rev_mutex to i8*)
</harden/bcfiles/linux_bcfiles/rev_chardev.bc>:57:bitcast (i8* getelementptr (i8, i8* bitcast (%struct.mutex* @rev_mutex to i8*), i64 16) to %struct.list_head*)
</harden/bcfiles/linux_bcfiles/rev_chardev.bc>:64:bitcast (%struct.mutex* @rev_mutex to i8*)
</harden/bcfiles/linux_bcfiles/rev_chardev.bc>:62:bitcast (i8* getelementptr (i8, i8* bitcast (%struct.mutex* @rev_mutex to i8*), i64 16) to %struct.list_head*)
</harden/bcfiles/linux_bcfiles/rev_chardev.bc>:99:bitcast (i8** @__UNIQUE_ID___addressable_init_module242 to i8*)
</harden/bcfiles/linux_bcfiles/rev_chardev.bc>:101:bitcast (i8** @__UNIQUE_ID___addressable_cleanup_module243 to i8*)
</harden/bcfiles/linux_bcfiles/rev_chardev.bc>:58:getelementptr (i8, i8* bitcast (%struct.mutex* @rev_mutex to i8*), i64 16)
</harden/bcfiles/linux_bcfiles/rev_chardev.bc>:63:getelementptr (i8, i8* bitcast (%struct.mutex* @rev_mutex to i8*), i64 16)
</harden/bcfiles/linux_bcfiles/rev_chardev.bc>:79:getelementptr inbounds ([12 x i8], [12 x i8]* @__UNIQUE_ID_license237, i32 0, i32 0)
</harden/bcfiles/linux_bcfiles/rev_chardev.bc>:83:getelementptr inbounds ([20 x i8], [20 x i8]* @__UNIQUE_ID_author238, i32 0, i32 0)
</harden/bcfiles/linux_bcfiles/rev_chardev.bc>:87:getelementptr inbounds ([45 x i8], [45 x i8]* @__UNIQUE_ID_description239, i32 0, i32 0)
</harden/bcfiles/linux_bcfiles/rev_chardev.bc>:91:getelementptr inbounds ([12 x i8], [12 x i8]* @__UNIQUE_ID_version240, i32 0, i32 0)
</harden/bcfiles/linux_bcfiles/rev_chardev.bc>:95:getelementptr inbounds ([21 x i8], [21 x i8]* @__UNIQUE_ID_alias241, i32 0, i32 0)
</harden/bcfiles/linux_bcfiles/rev_chardev.bc>:dev_read:72:0:getelementptr inbounds ([1024 x i8], [1024 x i8]* @message, i64 0, i64 0)
</harden/bcfiles/linux_bcfiles/rev_chardev.bc>:dev_write:55:0:getelementptr inbounds ([1024 x i8], [1024 x i8]* @message, i64 0, i64 0)
</harden/bcfiles/linux_bcfiles/rev_chardev.bc>:12:{ %struct.module* @__this_module, i64 (%struct.file*, i64, i32)* null, i64 (%struct.file*, i8*, i64, i64*)* @dev_read, i64 (%struct.file*, i8*, i64, i64*)* @dev_write, i64 (%struct.kiocb*, %struct.iov_iter*)* null, i64 (%struct.kiocb*, %struct.iov_iter*)* null, i32 (%struct.kiocb*, %struct.io_comp_batch*, i32)* null, i32 (%struct.file*, %struct.dir_context*)* null, i32 (%struct.file*, %struct.poll_table_struct*)* null, i64 (%struct.file*, i32, i64)* null, i64 (%struct.file*, i32, i64)* null, i32 (%struct.file*, %struct.vm_area_struct*)* null, i64 0, i32 (%struct.inode*, %struct.file*)* @dev_open, i32 (%struct.file*, i8*)* null, i32 (%struct.inode*, %struct.file*)* @dev_release, i32 (%struct.file*, i64, i64, i32)* null, i32 (i32, %struct.file*, i32)* null, i32 (%struct.file*, i32, %struct.file_lock*)* null, i64 (%struct.file*, i64, i64, i64, i64)* null, i32 (i32)* null, i32 (%struct.file*, i32, %struct.file_lock*)* null, i64 (%struct.pipe_inode_info*, %struct.file*, i64*, i64, i32)* null, i64 (%struct.file*, i64*, %struct.pipe_inode_info*, i64, i32)* null, void (%struct.file*)* null, i32 (%struct.file*, i32, %struct.file_lock**, i8**)* null, i64 (%struct.file*, i32, i64, i64)* null, void (%struct.seq_file*, %struct.file*)* null, i64 (%struct.file*, i64, %struct.file*, i64, i64, i32)* null, i64 (%struct.file*, i64, %struct.file*, i64, i64, i32)* null, i32 (%struct.file*, i64, i64, i32)* null, i32 (%struct.io_uring_cmd*, i32)* null, i32 (%struct.io_uring_cmd*, %struct.io_comp_batch*, i32)* null }
</harden/bcfiles/linux_bcfiles/rev_chardev.bc>:56:{ %struct.list_head* bitcast (i8* getelementptr (i8, i8* bitcast (%struct.mutex* @rev_mutex to i8*), i64 16) to %struct.list_head*), %struct.list_head* bitcast (i8* getelementptr (i8, i8* bitcast (%struct.mutex* @rev_mutex to i8*), i64 16) to %struct.list_head*) }
</harden/bcfiles/linux_bcfiles/rev_chardev.bc>:52:{ %struct.atomic64_t zeroinitializer, %struct.raw_spinlock zeroinitializer, %struct.optimistic_spin_queue zeroinitializer, %struct.list_head { %struct.list_head* bitcast (i8* getelementptr (i8, i8* bitcast (%struct.mutex* @rev_mutex to i8*), i64 16) to %struct.list_head*), %struct.list_head* bitcast (i8* getelementptr (i8, i8* bitcast (%struct.mutex* @rev_mutex to i8*), i64 16) to %struct.list_head*) } }
</harden/bcfiles/linux_bcfiles/rev_chardev.bc>:15:@dev_read
</harden/bcfiles/linux_bcfiles/rev_chardev.bc>:16:@dev_write
</harden/bcfiles/linux_bcfiles/rev_chardev.bc>:26:@dev_open
</harden/bcfiles/linux_bcfiles/rev_chardev.bc>:28:@dev_release
</harden/bcfiles/linux_bcfiles/rev_chardev.bc>:103:@reverse_init
</harden/bcfiles/linux_bcfiles/rev_chardev.bc>:104:@reverse_exit
</harden/bcfiles/linux_bcfiles/rev_chardev.bc>:reverse_init:67:0:@rev_devnode
</harden/bcfiles/linux_bcfiles/rev_chardev.bc>:13:@__this_module
</harden/bcfiles/linux_bcfiles/rev_chardev.bc>:60:@rev_mutex
</harden/bcfiles/linux_bcfiles/rev_chardev.bc>:65:@rev_mutex
</harden/bcfiles/linux_bcfiles/rev_chardev.bc>:80:@__UNIQUE_ID_license237
</harden/bcfiles/linux_bcfiles/rev_chardev.bc>:84:@__UNIQUE_ID_author238
</harden/bcfiles/linux_bcfiles/rev_chardev.bc>:88:@__UNIQUE_ID_description239
</harden/bcfiles/linux_bcfiles/rev_chardev.bc>:92:@__UNIQUE_ID_version240
</harden/bcfiles/linux_bcfiles/rev_chardev.bc>:96:@__UNIQUE_ID_alias241
</harden/bcfiles/linux_bcfiles/rev_chardev.bc>:100:@__UNIQUE_ID___addressable_init_module242
</harden/bcfiles/linux_bcfiles/rev_chardev.bc>:102:@__UNIQUE_ID___addressable_cleanup_module243
</harden/bcfiles/linux_bcfiles/rev_chardev.bc>:reverse_init:15:3:@.str
</harden/bcfiles/linux_bcfiles/rev_chardev.bc>:reverse_init:22:2:@.str.1
</harden/bcfiles/linux_bcfiles/rev_chardev.bc>:reverse_init:22:6:@.str
</harden/bcfiles/linux_bcfiles/rev_chardev.bc>:reverse_init:39:2:@.str.2
</harden/bcfiles/linux_bcfiles/rev_chardev.bc>:reverse_init:39:6:@.str
</harden/bcfiles/linux_bcfiles/rev_chardev.bc>:reverse_init:45:2:@.str.3
</harden/bcfiles/linux_bcfiles/rev_chardev.bc>:reverse_init:46:0:@reverseClass
</harden/bcfiles/linux_bcfiles/rev_chardev.bc>:reverse_init:47:0:@reverseClass
</harden/bcfiles/linux_bcfiles/rev_chardev.bc>:reverse_init:56:2:@.str.4
</harden/bcfiles/linux_bcfiles/rev_chardev.bc>:reverse_init:56:6:@.str
</harden/bcfiles/linux_bcfiles/rev_chardev.bc>:reverse_init:59:0:@reverseClass
</harden/bcfiles/linux_bcfiles/rev_chardev.bc>:reverse_init:65:0:@reverseClass
</harden/bcfiles/linux_bcfiles/rev_chardev.bc>:reverse_init:68:0:@reverseClass
</harden/bcfiles/linux_bcfiles/rev_chardev.bc>:reverse_init:70:4:@.str
</harden/bcfiles/linux_bcfiles/rev_chardev.bc>:reverse_init:76:0:@reverseClass
</harden/bcfiles/linux_bcfiles/rev_chardev.bc>:reverse_init:83:2:@.str.5
</harden/bcfiles/linux_bcfiles/rev_chardev.bc>:reverse_init:83:6:@.str
</harden/bcfiles/linux_bcfiles/rev_chardev.bc>:reverse_init:94:2:@.str.6
</harden/bcfiles/linux_bcfiles/rev_chardev.bc>:reverse_init:94:6:@.str
</harden/bcfiles/linux_bcfiles/rev_chardev.bc>:reverse_exit:4:0:@reverseClass
</harden/bcfiles/linux_bcfiles/rev_chardev.bc>:reverse_exit:7:0:@reverseClass
</harden/bcfiles/linux_bcfiles/rev_chardev.bc>:reverse_exit:9:0:@reverseClass
</harden/bcfiles/linux_bcfiles/rev_chardev.bc>:reverse_exit:16:2:@.str.15
</harden/bcfiles/linux_bcfiles/rev_chardev.bc>:reverse_exit:16:6:@.str
</harden/bcfiles/linux_bcfiles/rev_chardev.bc>:dev_read:39:0:@message_size
</harden/bcfiles/linux_bcfiles/rev_chardev.bc>:dev_read:63:2:@.str.7
</harden/bcfiles/linux_bcfiles/rev_chardev.bc>:dev_read:63:6:@.str
</harden/bcfiles/linux_bcfiles/rev_chardev.bc>:dev_read:72:1:@message
</harden/bcfiles/linux_bcfiles/rev_chardev.bc>:dev_read:139:1:@.str.10
</harden/bcfiles/linux_bcfiles/rev_chardev.bc>:dev_read:182:2:@.str.8
</harden/bcfiles/linux_bcfiles/rev_chardev.bc>:dev_read:182:6:@.str
</harden/bcfiles/linux_bcfiles/rev_chardev.bc>:dev_read:193:2:@.str.9
</harden/bcfiles/linux_bcfiles/rev_chardev.bc>:dev_read:193:6:@.str
</harden/bcfiles/linux_bcfiles/rev_chardev.bc>:dev_write:55:1:@message
</harden/bcfiles/linux_bcfiles/rev_chardev.bc>:dev_write:119:1:@.str.10
</harden/bcfiles/linux_bcfiles/rev_chardev.bc>:dev_write:155:0:@message_size
</harden/bcfiles/linux_bcfiles/rev_chardev.bc>:dev_write:156:0:@message_size
</harden/bcfiles/linux_bcfiles/rev_chardev.bc>:dev_write:158:0:@message
</harden/bcfiles/linux_bcfiles/rev_chardev.bc>:dev_write:160:0:@message_size
</harden/bcfiles/linux_bcfiles/rev_chardev.bc>:dev_write:162:2:@message
</harden/bcfiles/linux_bcfiles/rev_chardev.bc>:dev_write:166:2:@.str.11
</harden/bcfiles/linux_bcfiles/rev_chardev.bc>:dev_write:166:6:@.str
</harden/bcfiles/linux_bcfiles/rev_chardev.bc>:dev_write:177:2:@.str.12
</harden/bcfiles/linux_bcfiles/rev_chardev.bc>:dev_write:177:6:@.str
</harden/bcfiles/linux_bcfiles/rev_chardev.bc>:dev_open:9:2:@.str.13
</harden/bcfiles/linux_bcfiles/rev_chardev.bc>:dev_open:9:6:@.str
</harden/bcfiles/linux_bcfiles/rev_chardev.bc>:dev_release:9:2:@.str.14
</harden/bcfiles/linux_bcfiles/rev_chardev.bc>:dev_release:9:6:@.str
</harden/bcfiles/linux_bcfiles/rev_chardev.bc>:25:0
</harden/bcfiles/linux_bcfiles/rev_chardev.bc>:61:16
</harden/bcfiles/linux_bcfiles/rev_chardev.bc>:66:16
</harden/bcfiles/linux_bcfiles/rev_chardev.bc>:67:0
</harden/bcfiles/linux_bcfiles/rev_chardev.bc>:81:0
</harden/bcfiles/linux_bcfiles/rev_chardev.bc>:82:0
</harden/bcfiles/linux_bcfiles/rev_chardev.bc>:85:0
</harden/bcfiles/linux_bcfiles/rev_chardev.bc>:86:0
</harden/bcfiles/linux_bcfiles/rev_chardev.bc>:89:0
</harden/bcfiles/linux_bcfiles/rev_chardev.bc>:90:0
</harden/bcfiles/linux_bcfiles/rev_chardev.bc>:93:0
</harden/bcfiles/linux_bcfiles/rev_chardev.bc>:94:0
</harden/bcfiles/linux_bcfiles/rev_chardev.bc>:97:0
</harden/bcfiles/linux_bcfiles/rev_chardev.bc>:98:0
</harden/bcfiles/linux_bcfiles/rev_chardev.bc>:reverse_init:11:0:252706816
</harden/bcfiles/linux_bcfiles/rev_chardev.bc>:reverse_init:15:4:0
</harden/bcfiles/linux_bcfiles/rev_chardev.bc>:reverse_init:15:5:0
</harden/bcfiles/linux_bcfiles/rev_chardev.bc>:reverse_init:18:0:0
</harden/bcfiles/linux_bcfiles/rev_chardev.bc>:reverse_init:22:3:0
</harden/bcfiles/linux_bcfiles/rev_chardev.bc>:reverse_init:22:4:0
</harden/bcfiles/linux_bcfiles/rev_chardev.bc>:reverse_init:22:7:0
</harden/bcfiles/linux_bcfiles/rev_chardev.bc>:reverse_init:22:8:0
</harden/bcfiles/linux_bcfiles/rev_chardev.bc>:reverse_init:33:0:0
</harden/bcfiles/linux_bcfiles/rev_chardev.bc>:reverse_init:39:3:0
</harden/bcfiles/linux_bcfiles/rev_chardev.bc>:reverse_init:39:4:0
</harden/bcfiles/linux_bcfiles/rev_chardev.bc>:reverse_init:39:7:0
</harden/bcfiles/linux_bcfiles/rev_chardev.bc>:reverse_init:39:8:0
</harden/bcfiles/linux_bcfiles/rev_chardev.bc>:reverse_init:45:3:0
</harden/bcfiles/linux_bcfiles/rev_chardev.bc>:reverse_init:45:4:0
</harden/bcfiles/linux_bcfiles/rev_chardev.bc>:reverse_init:56:3:0
</harden/bcfiles/linux_bcfiles/rev_chardev.bc>:reverse_init:56:4:0
</harden/bcfiles/linux_bcfiles/rev_chardev.bc>:reverse_init:56:7:0
</harden/bcfiles/linux_bcfiles/rev_chardev.bc>:reverse_init:56:8:0
</harden/bcfiles/linux_bcfiles/rev_chardev.bc>:reverse_init:66:0:0
</harden/bcfiles/linux_bcfiles/rev_chardev.bc>:reverse_init:66:1:4
</harden/bcfiles/linux_bcfiles/rev_chardev.bc>:reverse_init:70:5:0
</harden/bcfiles/linux_bcfiles/rev_chardev.bc>:reverse_init:70:6:0
</harden/bcfiles/linux_bcfiles/rev_chardev.bc>:reverse_init:83:3:0
</harden/bcfiles/linux_bcfiles/rev_chardev.bc>:reverse_init:83:4:0
</harden/bcfiles/linux_bcfiles/rev_chardev.bc>:reverse_init:83:7:0
</harden/bcfiles/linux_bcfiles/rev_chardev.bc>:reverse_init:83:8:0
</harden/bcfiles/linux_bcfiles/rev_chardev.bc>:reverse_init:94:3:0
</harden/bcfiles/linux_bcfiles/rev_chardev.bc>:reverse_init:94:4:0
</harden/bcfiles/linux_bcfiles/rev_chardev.bc>:reverse_init:94:7:0
</harden/bcfiles/linux_bcfiles/rev_chardev.bc>:reverse_init:94:8:0
</harden/bcfiles/linux_bcfiles/rev_chardev.bc>:reverse_init:97:0:0
</harden/bcfiles/linux_bcfiles/rev_chardev.bc>:reverse_exit:3:0:252706816
</harden/bcfiles/linux_bcfiles/rev_chardev.bc>:reverse_exit:16:3:0
</harden/bcfiles/linux_bcfiles/rev_chardev.bc>:reverse_exit:16:4:0
</harden/bcfiles/linux_bcfiles/rev_chardev.bc>:reverse_exit:16:7:0
</harden/bcfiles/linux_bcfiles/rev_chardev.bc>:reverse_exit:16:8:0
</harden/bcfiles/linux_bcfiles/rev_chardev.bc>:IS_ERR:7:0:-4095
</harden/bcfiles/linux_bcfiles/rev_chardev.bc>:IS_ERR:8:0:true
</harden/bcfiles/linux_bcfiles/rev_chardev.bc>:IS_ERR:9:0:true
</harden/bcfiles/linux_bcfiles/rev_chardev.bc>:IS_ERR:12:0:0
</harden/bcfiles/linux_bcfiles/rev_chardev.bc>:rev_devnode:10:0:438
</harden/bcfiles/linux_bcfiles/rev_chardev.bc>:dev_read:59:0:0
</harden/bcfiles/linux_bcfiles/rev_chardev.bc>:dev_read:63:3:0
</harden/bcfiles/linux_bcfiles/rev_chardev.bc>:dev_read:63:4:0
</harden/bcfiles/linux_bcfiles/rev_chardev.bc>:dev_read:63:7:0
</harden/bcfiles/linux_bcfiles/rev_chardev.bc>:dev_read:63:8:0
</harden/bcfiles/linux_bcfiles/rev_chardev.bc>:dev_read:67:0:0
</harden/bcfiles/linux_bcfiles/rev_chardev.bc>:dev_read:72:2:0
</harden/bcfiles/linux_bcfiles/rev_chardev.bc>:dev_read:72:3:0
</harden/bcfiles/linux_bcfiles/rev_chardev.bc>:dev_read:87:0:1
</harden/bcfiles/linux_bcfiles/rev_chardev.bc>:dev_read:95:0:0
</harden/bcfiles/linux_bcfiles/rev_chardev.bc>:dev_read:102:0:false
</harden/bcfiles/linux_bcfiles/rev_chardev.bc>:dev_read:103:0:true
</harden/bcfiles/linux_bcfiles/rev_chardev.bc>:dev_read:122:0:false
</harden/bcfiles/linux_bcfiles/rev_chardev.bc>:dev_read:126:0:2147483647
</harden/bcfiles/linux_bcfiles/rev_chardev.bc>:dev_read:127:0:true
</harden/bcfiles/linux_bcfiles/rev_chardev.bc>:dev_read:131:0:0
</harden/bcfiles/linux_bcfiles/rev_chardev.bc>:dev_read:132:0:true
</harden/bcfiles/linux_bcfiles/rev_chardev.bc>:dev_read:137:0:2307
</harden/bcfiles/linux_bcfiles/rev_chardev.bc>:dev_read:139:2:0
</harden/bcfiles/linux_bcfiles/rev_chardev.bc>:dev_read:139:3:0
</harden/bcfiles/linux_bcfiles/rev_chardev.bc>:dev_read:142:0:0
</harden/bcfiles/linux_bcfiles/rev_chardev.bc>:dev_read:143:0:true
</harden/bcfiles/linux_bcfiles/rev_chardev.bc>:dev_read:148:0:0
</harden/bcfiles/linux_bcfiles/rev_chardev.bc>:dev_read:150:0:false
</harden/bcfiles/linux_bcfiles/rev_chardev.bc>:dev_read:157:0:true
</harden/bcfiles/linux_bcfiles/rev_chardev.bc>:dev_read:171:0:0
</harden/bcfiles/linux_bcfiles/rev_chardev.bc>:dev_read:182:3:0
</harden/bcfiles/linux_bcfiles/rev_chardev.bc>:dev_read:182:4:0
</harden/bcfiles/linux_bcfiles/rev_chardev.bc>:dev_read:182:7:0
</harden/bcfiles/linux_bcfiles/rev_chardev.bc>:dev_read:182:8:0
</harden/bcfiles/linux_bcfiles/rev_chardev.bc>:dev_read:193:3:0
</harden/bcfiles/linux_bcfiles/rev_chardev.bc>:dev_read:193:4:0
</harden/bcfiles/linux_bcfiles/rev_chardev.bc>:dev_read:193:7:0
</harden/bcfiles/linux_bcfiles/rev_chardev.bc>:dev_read:193:8:0
</harden/bcfiles/linux_bcfiles/rev_chardev.bc>:dev_read:197:0:-14
</harden/bcfiles/linux_bcfiles/rev_chardev.bc>:dev_write:38:0:1023
</harden/bcfiles/linux_bcfiles/rev_chardev.bc>:dev_write:55:2:0
</harden/bcfiles/linux_bcfiles/rev_chardev.bc>:dev_write:55:3:0
</harden/bcfiles/linux_bcfiles/rev_chardev.bc>:dev_write:67:0:0
</harden/bcfiles/linux_bcfiles/rev_chardev.bc>:dev_write:75:0:0
</harden/bcfiles/linux_bcfiles/rev_chardev.bc>:dev_write:82:0:false
</harden/bcfiles/linux_bcfiles/rev_chardev.bc>:dev_write:83:0:true
</harden/bcfiles/linux_bcfiles/rev_chardev.bc>:dev_write:102:0:false
</harden/bcfiles/linux_bcfiles/rev_chardev.bc>:dev_write:106:0:2147483647
</harden/bcfiles/linux_bcfiles/rev_chardev.bc>:dev_write:107:0:true
</harden/bcfiles/linux_bcfiles/rev_chardev.bc>:dev_write:111:0:0
</harden/bcfiles/linux_bcfiles/rev_chardev.bc>:dev_write:112:0:true
</harden/bcfiles/linux_bcfiles/rev_chardev.bc>:dev_write:117:0:2307
</harden/bcfiles/linux_bcfiles/rev_chardev.bc>:dev_write:119:2:0
</harden/bcfiles/linux_bcfiles/rev_chardev.bc>:dev_write:119:3:0
</harden/bcfiles/linux_bcfiles/rev_chardev.bc>:dev_write:122:0:0
</harden/bcfiles/linux_bcfiles/rev_chardev.bc>:dev_write:123:0:true
</harden/bcfiles/linux_bcfiles/rev_chardev.bc>:dev_write:128:0:0
</harden/bcfiles/linux_bcfiles/rev_chardev.bc>:dev_write:130:0:false
</harden/bcfiles/linux_bcfiles/rev_chardev.bc>:dev_write:137:0:true
</harden/bcfiles/linux_bcfiles/rev_chardev.bc>:dev_write:151:0:0
</harden/bcfiles/linux_bcfiles/rev_chardev.bc>:dev_write:158:1:0
</harden/bcfiles/linux_bcfiles/rev_chardev.bc>:dev_write:159:0:0
</harden/bcfiles/linux_bcfiles/rev_chardev.bc>:dev_write:162:3:0
</harden/bcfiles/linux_bcfiles/rev_chardev.bc>:dev_write:162:4:0
</harden/bcfiles/linux_bcfiles/rev_chardev.bc>:dev_write:166:3:0
</harden/bcfiles/linux_bcfiles/rev_chardev.bc>:dev_write:166:4:0
</harden/bcfiles/linux_bcfiles/rev_chardev.bc>:dev_write:166:7:0
</harden/bcfiles/linux_bcfiles/rev_chardev.bc>:dev_write:166:8:0
</harden/bcfiles/linux_bcfiles/rev_chardev.bc>:dev_write:177:3:0
</harden/bcfiles/linux_bcfiles/rev_chardev.bc>:dev_write:177:4:0
</harden/bcfiles/linux_bcfiles/rev_chardev.bc>:dev_write:177:7:0
</harden/bcfiles/linux_bcfiles/rev_chardev.bc>:dev_write:177:8:0
</harden/bcfiles/linux_bcfiles/rev_chardev.bc>:dev_write:181:0:-14
</harden/bcfiles/linux_bcfiles/rev_chardev.bc>:dev_open:9:3:0
</harden/bcfiles/linux_bcfiles/rev_chardev.bc>:dev_open:9:4:0
</harden/bcfiles/linux_bcfiles/rev_chardev.bc>:dev_open:9:7:0
</harden/bcfiles/linux_bcfiles/rev_chardev.bc>:dev_open:9:8:0
</harden/bcfiles/linux_bcfiles/rev_chardev.bc>:dev_open:12:0:0
</harden/bcfiles/linux_bcfiles/rev_chardev.bc>:dev_release:9:3:0
</harden/bcfiles/linux_bcfiles/rev_chardev.bc>:dev_release:9:4:0
</harden/bcfiles/linux_bcfiles/rev_chardev.bc>:dev_release:9:7:0
</harden/bcfiles/linux_bcfiles/rev_chardev.bc>:dev_release:9:8:0
</harden/bcfiles/linux_bcfiles/rev_chardev.bc>:dev_release:12:0:0
</harden/bcfiles/linux_bcfiles/rev_chardev.bc>:reverse_string:10:0:0
</harden/bcfiles/linux_bcfiles/rev_chardev.bc>:reverse_string:14:0:2
</harden/bcfiles/linux_bcfiles/rev_chardev.bc>:reverse_string:26:0:1
</harden/bcfiles/linux_bcfiles/rev_chardev.bc>:reverse_string:38:0:1
</harden/bcfiles/linux_bcfiles/rev_chardev.bc>:reverse_string:43:0:1
</harden/bcfiles/linux_bcfiles/rev_chardev.bc>:14:null
</harden/bcfiles/linux_bcfiles/rev_chardev.bc>:17:null
</harden/bcfiles/linux_bcfiles/rev_chardev.bc>:18:null
</harden/bcfiles/linux_bcfiles/rev_chardev.bc>:19:null
</harden/bcfiles/linux_bcfiles/rev_chardev.bc>:20:null
</harden/bcfiles/linux_bcfiles/rev_chardev.bc>:21:null
</harden/bcfiles/linux_bcfiles/rev_chardev.bc>:22:null
</harden/bcfiles/linux_bcfiles/rev_chardev.bc>:23:null
</harden/bcfiles/linux_bcfiles/rev_chardev.bc>:24:null
</harden/bcfiles/linux_bcfiles/rev_chardev.bc>:27:null
</harden/bcfiles/linux_bcfiles/rev_chardev.bc>:29:null
</harden/bcfiles/linux_bcfiles/rev_chardev.bc>:30:null
</harden/bcfiles/linux_bcfiles/rev_chardev.bc>:31:null
</harden/bcfiles/linux_bcfiles/rev_chardev.bc>:32:null
</harden/bcfiles/linux_bcfiles/rev_chardev.bc>:33:null
</harden/bcfiles/linux_bcfiles/rev_chardev.bc>:34:null
</harden/bcfiles/linux_bcfiles/rev_chardev.bc>:35:null
</harden/bcfiles/linux_bcfiles/rev_chardev.bc>:36:null
</harden/bcfiles/linux_bcfiles/rev_chardev.bc>:37:null
</harden/bcfiles/linux_bcfiles/rev_chardev.bc>:38:null
</harden/bcfiles/linux_bcfiles/rev_chardev.bc>:39:null
</harden/bcfiles/linux_bcfiles/rev_chardev.bc>:40:null
</harden/bcfiles/linux_bcfiles/rev_chardev.bc>:41:null
</harden/bcfiles/linux_bcfiles/rev_chardev.bc>:42:null
</harden/bcfiles/linux_bcfiles/rev_chardev.bc>:43:null
</harden/bcfiles/linux_bcfiles/rev_chardev.bc>:44:null
</harden/bcfiles/linux_bcfiles/rev_chardev.bc>:45:null
</harden/bcfiles/linux_bcfiles/rev_chardev.bc>:48:null
</harden/bcfiles/linux_bcfiles/rev_chardev.bc>:reverse_init:13:0:null
</harden/bcfiles/linux_bcfiles/rev_chardev.bc>:rev_devnode:7:0:null
</harden/bcfiles/linux_bcfiles/rev_chardev.bc>:rev_devnode:12:0:null
</harden/bcfiles/linux_bcfiles/rev_chardev.bc>:0:c"license=GPL\00"
</harden/bcfiles/linux_bcfiles/rev_chardev.bc>:1:c"author=Ellen Ripley\00"
</harden/bcfiles/linux_bcfiles/rev_chardev.bc>:2:c"description=A char driver that reverses data\00"
</harden/bcfiles/linux_bcfiles/rev_chardev.bc>:3:c"version=1.0\00"
</harden/bcfiles/linux_bcfiles/rev_chardev.bc>:4:c"alias=char-major-241\00"
</harden/bcfiles/linux_bcfiles/rev_chardev.bc>:6:@init_module
</harden/bcfiles/linux_bcfiles/rev_chardev.bc>:8:@cleanup_module
</harden/bcfiles/linux_bcfiles/rev_chardev.bc>:9:c"rev_dev\00"
</harden/bcfiles/linux_bcfiles/rev_chardev.bc>:10:c"\011%s: Failed to register a major number\0A\00"
</harden/bcfiles/linux_bcfiles/rev_chardev.bc>:11:zeroinitializer
</harden/bcfiles/linux_bcfiles/rev_chardev.bc>:46:c"\011%s: Failed to add cdev\0A\00"
</harden/bcfiles/linux_bcfiles/rev_chardev.bc>:47:c"rev_class\00"
</harden/bcfiles/linux_bcfiles/rev_chardev.bc>:49:c"\011%s: Failed to register device class\0A\00"
</harden/bcfiles/linux_bcfiles/rev_chardev.bc>:50:c"\011%s: Failed to create the device\0A\00"
</harden/bcfiles/linux_bcfiles/rev_chardev.bc>:51:c"\016%s: Device class created correctly\0A\00"
</harden/bcfiles/linux_bcfiles/rev_chardev.bc>:53:zeroinitializer
</harden/bcfiles/linux_bcfiles/rev_chardev.bc>:54:zeroinitializer
</harden/bcfiles/linux_bcfiles/rev_chardev.bc>:55:zeroinitializer
</harden/bcfiles/linux_bcfiles/rev_chardev.bc>:68:c"\016%s: End of message\0A\00"
</harden/bcfiles/linux_bcfiles/rev_chardev.bc>:69:zeroinitializer
</harden/bcfiles/linux_bcfiles/rev_chardev.bc>:70:c"\016%s: Sent %d characters to the user\0A\00"
</harden/bcfiles/linux_bcfiles/rev_chardev.bc>:71:c"\011%s: Failed to send %d characters to the user\0A\00"
</harden/bcfiles/linux_bcfiles/rev_chardev.bc>:72:c"./include/linux/thread_info.h\00"
</harden/bcfiles/linux_bcfiles/rev_chardev.bc>:73:c"\016%s: Received %d characters from the user\0A\00"
</harden/bcfiles/linux_bcfiles/rev_chardev.bc>:74:c"\011%s: Failed to receive %d characters from the user\0A\00"
</harden/bcfiles/linux_bcfiles/rev_chardev.bc>:75:c"\016%s: Device has been opened\0A\00"
</harden/bcfiles/linux_bcfiles/rev_chardev.bc>:76:c"\016%s: Device successfully closed\0A\00"
</harden/bcfiles/linux_bcfiles/rev_chardev.bc>:77:c"\016%s: Exit!\0A\00"
