</harden/bcfiles/linux_bcfiles/rev_chardev.bc>:reverse_init:70:1:null	*null*
</harden/bcfiles/linux_bcfiles/rev_chardev.bc>:reverse_init:70:2:null	*null*
</harden/bcfiles/linux_bcfiles/rev_chardev.bc>:14:null	*null*
</harden/bcfiles/linux_bcfiles/rev_chardev.bc>:17:null	*null*
</harden/bcfiles/linux_bcfiles/rev_chardev.bc>:18:null	*null*
</harden/bcfiles/linux_bcfiles/rev_chardev.bc>:19:null	*null*
</harden/bcfiles/linux_bcfiles/rev_chardev.bc>:20:null	*null*
</harden/bcfiles/linux_bcfiles/rev_chardev.bc>:21:null	*null*
</harden/bcfiles/linux_bcfiles/rev_chardev.bc>:22:null	*null*
</harden/bcfiles/linux_bcfiles/rev_chardev.bc>:23:null	*null*
</harden/bcfiles/linux_bcfiles/rev_chardev.bc>:24:null	*null*
</harden/bcfiles/linux_bcfiles/rev_chardev.bc>:27:null	*null*
</harden/bcfiles/linux_bcfiles/rev_chardev.bc>:29:null	*null*
</harden/bcfiles/linux_bcfiles/rev_chardev.bc>:30:null	*null*
</harden/bcfiles/linux_bcfiles/rev_chardev.bc>:31:null	*null*
</harden/bcfiles/linux_bcfiles/rev_chardev.bc>:32:null	*null*
</harden/bcfiles/linux_bcfiles/rev_chardev.bc>:33:null	*null*
</harden/bcfiles/linux_bcfiles/rev_chardev.bc>:34:null	*null*
</harden/bcfiles/linux_bcfiles/rev_chardev.bc>:35:null	*null*
</harden/bcfiles/linux_bcfiles/rev_chardev.bc>:36:null	*null*
</harden/bcfiles/linux_bcfiles/rev_chardev.bc>:37:null	*null*
</harden/bcfiles/linux_bcfiles/rev_chardev.bc>:38:null	*null*
</harden/bcfiles/linux_bcfiles/rev_chardev.bc>:39:null	*null*
</harden/bcfiles/linux_bcfiles/rev_chardev.bc>:40:null	*null*
</harden/bcfiles/linux_bcfiles/rev_chardev.bc>:41:null	*null*
</harden/bcfiles/linux_bcfiles/rev_chardev.bc>:42:null	*null*
</harden/bcfiles/linux_bcfiles/rev_chardev.bc>:43:null	*null*
</harden/bcfiles/linux_bcfiles/rev_chardev.bc>:44:null	*null*
</harden/bcfiles/linux_bcfiles/rev_chardev.bc>:45:null	*null*
</harden/bcfiles/linux_bcfiles/rev_chardev.bc>:48:null	*null*
</harden/bcfiles/linux_bcfiles/rev_chardev.bc>:reverse_init:13:0:null	*null*
</harden/bcfiles/linux_bcfiles/rev_chardev.bc>:rev_devnode:7:0:null	*null*
</harden/bcfiles/linux_bcfiles/rev_chardev.bc>:rev_devnode:12:0:null	*null*
</harden/bcfiles/linux_bcfiles/rev_chardev.bc>:5:bitcast (i32 ()* @init_module to i8*)	*global_alloc@reverse_init
</harden/bcfiles/linux_bcfiles/rev_chardev.bc>:103:@reverse_init	*global_alloc@reverse_init
</harden/bcfiles/linux_bcfiles/rev_chardev.bc>:6:@init_module	*global_alloc@reverse_init
</harden/bcfiles/linux_bcfiles/rev_chardev.bc>:7:bitcast (void ()* @cleanup_module to i8*)	*global_alloc@reverse_exit
</harden/bcfiles/linux_bcfiles/rev_chardev.bc>:104:@reverse_exit	*global_alloc@reverse_exit
</harden/bcfiles/linux_bcfiles/rev_chardev.bc>:8:@cleanup_module	*global_alloc@reverse_exit
</harden/bcfiles/linux_bcfiles/rev_chardev.bc>:reverse_init:49:0:@IS_ERR	*global_alloc@IS_ERR
</harden/bcfiles/linux_bcfiles/rev_chardev.bc>:reverse_init:74:0:@IS_ERR	*global_alloc@IS_ERR
</harden/bcfiles/linux_bcfiles/rev_chardev.bc>:reverse_init:61:0:@PTR_ERR	*global_alloc@PTR_ERR
</harden/bcfiles/linux_bcfiles/rev_chardev.bc>:reverse_init:88:0:@PTR_ERR	*global_alloc@PTR_ERR
</harden/bcfiles/linux_bcfiles/rev_chardev.bc>:reverse_init:67:0:@rev_devnode	*global_alloc@rev_devnode
</harden/bcfiles/linux_bcfiles/rev_chardev.bc>:15:@dev_read	*global_alloc@dev_read
</harden/bcfiles/linux_bcfiles/rev_chardev.bc>:16:@dev_write	*global_alloc@dev_write
</harden/bcfiles/linux_bcfiles/rev_chardev.bc>:26:@dev_open	*global_alloc@dev_open
</harden/bcfiles/linux_bcfiles/rev_chardev.bc>:28:@dev_release	*global_alloc@dev_release
</harden/bcfiles/linux_bcfiles/rev_chardev.bc>:dev_read:112:0:@copy_overflow	*global_alloc@copy_overflow
</harden/bcfiles/linux_bcfiles/rev_chardev.bc>:dev_write:92:0:@copy_overflow	*global_alloc@copy_overflow
</harden/bcfiles/linux_bcfiles/rev_chardev.bc>:dev_read:156:0:@check_object_size	*global_alloc@check_object_size
</harden/bcfiles/linux_bcfiles/rev_chardev.bc>:dev_write:136:0:@check_object_size	*global_alloc@check_object_size
</harden/bcfiles/linux_bcfiles/rev_chardev.bc>:dev_write:162:0:@reverse_string	*global_alloc@reverse_string
</harden/bcfiles/linux_bcfiles/rev_chardev.bc>:reverse_init:9:0:@llvm.dbg.declare	*global_alloc@llvm.dbg.declare
</harden/bcfiles/linux_bcfiles/rev_chardev.bc>:reverse_init:10:0:@llvm.dbg.declare	*global_alloc@llvm.dbg.declare
</harden/bcfiles/linux_bcfiles/rev_chardev.bc>:reverse_init:12:0:@llvm.dbg.declare	*global_alloc@llvm.dbg.declare
</harden/bcfiles/linux_bcfiles/rev_chardev.bc>:reverse_exit:2:0:@llvm.dbg.declare	*global_alloc@llvm.dbg.declare
</harden/bcfiles/linux_bcfiles/rev_chardev.bc>:IS_ERR:2:0:@llvm.dbg.declare	*global_alloc@llvm.dbg.declare
</harden/bcfiles/linux_bcfiles/rev_chardev.bc>:PTR_ERR:2:0:@llvm.dbg.declare	*global_alloc@llvm.dbg.declare
</harden/bcfiles/linux_bcfiles/rev_chardev.bc>:rev_devnode:3:0:@llvm.dbg.declare	*global_alloc@llvm.dbg.declare
</harden/bcfiles/linux_bcfiles/rev_chardev.bc>:rev_devnode:5:0:@llvm.dbg.declare	*global_alloc@llvm.dbg.declare
</harden/bcfiles/linux_bcfiles/rev_chardev.bc>:dev_read:25:0:@llvm.dbg.declare	*global_alloc@llvm.dbg.declare
</harden/bcfiles/linux_bcfiles/rev_chardev.bc>:dev_read:27:0:@llvm.dbg.declare	*global_alloc@llvm.dbg.declare
</harden/bcfiles/linux_bcfiles/rev_chardev.bc>:dev_read:29:0:@llvm.dbg.declare	*global_alloc@llvm.dbg.declare
</harden/bcfiles/linux_bcfiles/rev_chardev.bc>:dev_read:31:0:@llvm.dbg.declare	*global_alloc@llvm.dbg.declare
</harden/bcfiles/linux_bcfiles/rev_chardev.bc>:dev_read:32:0:@llvm.dbg.declare	*global_alloc@llvm.dbg.declare
</harden/bcfiles/linux_bcfiles/rev_chardev.bc>:dev_read:33:0:@llvm.dbg.declare	*global_alloc@llvm.dbg.declare
</harden/bcfiles/linux_bcfiles/rev_chardev.bc>:dev_read:35:0:@llvm.dbg.declare	*global_alloc@llvm.dbg.declare
</harden/bcfiles/linux_bcfiles/rev_chardev.bc>:dev_read:38:0:@llvm.dbg.declare	*global_alloc@llvm.dbg.declare
</harden/bcfiles/linux_bcfiles/rev_chardev.bc>:dev_read:76:0:@llvm.dbg.declare	*global_alloc@llvm.dbg.declare
</harden/bcfiles/linux_bcfiles/rev_chardev.bc>:dev_read:78:0:@llvm.dbg.declare	*global_alloc@llvm.dbg.declare
</harden/bcfiles/linux_bcfiles/rev_chardev.bc>:dev_read:80:0:@llvm.dbg.declare	*global_alloc@llvm.dbg.declare
</harden/bcfiles/linux_bcfiles/rev_chardev.bc>:dev_read:84:0:@llvm.dbg.declare	*global_alloc@llvm.dbg.declare
</harden/bcfiles/linux_bcfiles/rev_chardev.bc>:dev_read:86:0:@llvm.dbg.declare	*global_alloc@llvm.dbg.declare
</harden/bcfiles/linux_bcfiles/rev_chardev.bc>:dev_read:88:0:@llvm.dbg.declare	*global_alloc@llvm.dbg.declare
</harden/bcfiles/linux_bcfiles/rev_chardev.bc>:dev_read:89:0:@llvm.dbg.declare	*global_alloc@llvm.dbg.declare
</harden/bcfiles/linux_bcfiles/rev_chardev.bc>:dev_read:124:0:@llvm.dbg.declare	*global_alloc@llvm.dbg.declare
</harden/bcfiles/linux_bcfiles/rev_chardev.bc>:dev_read:136:0:@llvm.dbg.declare	*global_alloc@llvm.dbg.declare
</harden/bcfiles/linux_bcfiles/rev_chardev.bc>:dev_write:24:0:@llvm.dbg.declare	*global_alloc@llvm.dbg.declare
</harden/bcfiles/linux_bcfiles/rev_chardev.bc>:dev_write:26:0:@llvm.dbg.declare	*global_alloc@llvm.dbg.declare
</harden/bcfiles/linux_bcfiles/rev_chardev.bc>:dev_write:28:0:@llvm.dbg.declare	*global_alloc@llvm.dbg.declare
</harden/bcfiles/linux_bcfiles/rev_chardev.bc>:dev_write:30:0:@llvm.dbg.declare	*global_alloc@llvm.dbg.declare
</harden/bcfiles/linux_bcfiles/rev_chardev.bc>:dev_write:31:0:@llvm.dbg.declare	*global_alloc@llvm.dbg.declare
</harden/bcfiles/linux_bcfiles/rev_chardev.bc>:dev_write:32:0:@llvm.dbg.declare	*global_alloc@llvm.dbg.declare
</harden/bcfiles/linux_bcfiles/rev_chardev.bc>:dev_write:34:0:@llvm.dbg.declare	*global_alloc@llvm.dbg.declare
</harden/bcfiles/linux_bcfiles/rev_chardev.bc>:dev_write:37:0:@llvm.dbg.declare	*global_alloc@llvm.dbg.declare
</harden/bcfiles/linux_bcfiles/rev_chardev.bc>:dev_write:56:0:@llvm.dbg.declare	*global_alloc@llvm.dbg.declare
</harden/bcfiles/linux_bcfiles/rev_chardev.bc>:dev_write:58:0:@llvm.dbg.declare	*global_alloc@llvm.dbg.declare
</harden/bcfiles/linux_bcfiles/rev_chardev.bc>:dev_write:60:0:@llvm.dbg.declare	*global_alloc@llvm.dbg.declare
</harden/bcfiles/linux_bcfiles/rev_chardev.bc>:dev_write:64:0:@llvm.dbg.declare	*global_alloc@llvm.dbg.declare
</harden/bcfiles/linux_bcfiles/rev_chardev.bc>:dev_write:66:0:@llvm.dbg.declare	*global_alloc@llvm.dbg.declare
</harden/bcfiles/linux_bcfiles/rev_chardev.bc>:dev_write:68:0:@llvm.dbg.declare	*global_alloc@llvm.dbg.declare
</harden/bcfiles/linux_bcfiles/rev_chardev.bc>:dev_write:69:0:@llvm.dbg.declare	*global_alloc@llvm.dbg.declare
</harden/bcfiles/linux_bcfiles/rev_chardev.bc>:dev_write:104:0:@llvm.dbg.declare	*global_alloc@llvm.dbg.declare
</harden/bcfiles/linux_bcfiles/rev_chardev.bc>:dev_write:116:0:@llvm.dbg.declare	*global_alloc@llvm.dbg.declare
</harden/bcfiles/linux_bcfiles/rev_chardev.bc>:dev_open:4:0:@llvm.dbg.declare	*global_alloc@llvm.dbg.declare
</harden/bcfiles/linux_bcfiles/rev_chardev.bc>:dev_open:6:0:@llvm.dbg.declare	*global_alloc@llvm.dbg.declare
</harden/bcfiles/linux_bcfiles/rev_chardev.bc>:dev_release:4:0:@llvm.dbg.declare	*global_alloc@llvm.dbg.declare
</harden/bcfiles/linux_bcfiles/rev_chardev.bc>:dev_release:6:0:@llvm.dbg.declare	*global_alloc@llvm.dbg.declare
</harden/bcfiles/linux_bcfiles/rev_chardev.bc>:copy_overflow:3:0:@llvm.dbg.declare	*global_alloc@llvm.dbg.declare
</harden/bcfiles/linux_bcfiles/rev_chardev.bc>:copy_overflow:5:0:@llvm.dbg.declare	*global_alloc@llvm.dbg.declare
</harden/bcfiles/linux_bcfiles/rev_chardev.bc>:check_object_size:4:0:@llvm.dbg.declare	*global_alloc@llvm.dbg.declare
</harden/bcfiles/linux_bcfiles/rev_chardev.bc>:check_object_size:6:0:@llvm.dbg.declare	*global_alloc@llvm.dbg.declare
</harden/bcfiles/linux_bcfiles/rev_chardev.bc>:check_object_size:9:0:@llvm.dbg.declare	*global_alloc@llvm.dbg.declare
</harden/bcfiles/linux_bcfiles/rev_chardev.bc>:reverse_string:5:0:@llvm.dbg.declare	*global_alloc@llvm.dbg.declare
</harden/bcfiles/linux_bcfiles/rev_chardev.bc>:reverse_string:7:0:@llvm.dbg.declare	*global_alloc@llvm.dbg.declare
</harden/bcfiles/linux_bcfiles/rev_chardev.bc>:reverse_string:8:0:@llvm.dbg.declare	*global_alloc@llvm.dbg.declare
</harden/bcfiles/linux_bcfiles/rev_chardev.bc>:reverse_string:9:0:@llvm.dbg.declare	*global_alloc@llvm.dbg.declare
</harden/bcfiles/linux_bcfiles/rev_chardev.bc>:reverse_init:15:0:@register_chrdev_region	*global_alloc@register_chrdev_region
</harden/bcfiles/linux_bcfiles/rev_chardev.bc>:reverse_init:22:0:@_printk	*global_alloc@_printk
</harden/bcfiles/linux_bcfiles/rev_chardev.bc>:reverse_init:39:0:@_printk	*global_alloc@_printk
</harden/bcfiles/linux_bcfiles/rev_chardev.bc>:reverse_init:56:0:@_printk	*global_alloc@_printk
</harden/bcfiles/linux_bcfiles/rev_chardev.bc>:reverse_init:83:0:@_printk	*global_alloc@_printk
</harden/bcfiles/linux_bcfiles/rev_chardev.bc>:reverse_init:94:0:@_printk	*global_alloc@_printk
</harden/bcfiles/linux_bcfiles/rev_chardev.bc>:reverse_exit:16:0:@_printk	*global_alloc@_printk
</harden/bcfiles/linux_bcfiles/rev_chardev.bc>:dev_read:63:0:@_printk	*global_alloc@_printk
</harden/bcfiles/linux_bcfiles/rev_chardev.bc>:dev_read:182:0:@_printk	*global_alloc@_printk
</harden/bcfiles/linux_bcfiles/rev_chardev.bc>:dev_read:193:0:@_printk	*global_alloc@_printk
</harden/bcfiles/linux_bcfiles/rev_chardev.bc>:dev_write:166:0:@_printk	*global_alloc@_printk
</harden/bcfiles/linux_bcfiles/rev_chardev.bc>:dev_write:177:0:@_printk	*global_alloc@_printk
</harden/bcfiles/linux_bcfiles/rev_chardev.bc>:dev_open:9:0:@_printk	*global_alloc@_printk
</harden/bcfiles/linux_bcfiles/rev_chardev.bc>:dev_release:9:0:@_printk	*global_alloc@_printk
</harden/bcfiles/linux_bcfiles/rev_chardev.bc>:reverse_init:28:0:@cdev_init	*global_alloc@cdev_init
</harden/bcfiles/linux_bcfiles/rev_chardev.bc>:reverse_init:30:0:@cdev_add	*global_alloc@cdev_add
</harden/bcfiles/linux_bcfiles/rev_chardev.bc>:reverse_init:36:0:@unregister_chrdev_region	*global_alloc@unregister_chrdev_region
</harden/bcfiles/linux_bcfiles/rev_chardev.bc>:reverse_init:53:0:@unregister_chrdev_region	*global_alloc@unregister_chrdev_region
</harden/bcfiles/linux_bcfiles/rev_chardev.bc>:reverse_init:80:0:@unregister_chrdev_region	*global_alloc@unregister_chrdev_region
</harden/bcfiles/linux_bcfiles/rev_chardev.bc>:reverse_exit:13:0:@unregister_chrdev_region	*global_alloc@unregister_chrdev_region
</harden/bcfiles/linux_bcfiles/rev_chardev.bc>:reverse_init:45:0:@class_create	*global_alloc@class_create
</harden/bcfiles/linux_bcfiles/rev_chardev.bc>:reverse_init:51:0:@cdev_del	*global_alloc@cdev_del
</harden/bcfiles/linux_bcfiles/rev_chardev.bc>:reverse_init:78:0:@cdev_del	*global_alloc@cdev_del
</harden/bcfiles/linux_bcfiles/rev_chardev.bc>:reverse_exit:11:0:@cdev_del	*global_alloc@cdev_del
</harden/bcfiles/linux_bcfiles/rev_chardev.bc>:reverse_init:70:0:@device_create	*global_alloc@device_create
</harden/bcfiles/linux_bcfiles/rev_chardev.bc>:reverse_init:77:0:@class_destroy	*global_alloc@class_destroy
</harden/bcfiles/linux_bcfiles/rev_chardev.bc>:reverse_exit:10:0:@class_destroy	*global_alloc@class_destroy
</harden/bcfiles/linux_bcfiles/rev_chardev.bc>:dev_read:34:0:@mutex_lock	*global_alloc@mutex_lock
</harden/bcfiles/linux_bcfiles/rev_chardev.bc>:dev_write:33:0:@mutex_lock	*global_alloc@mutex_lock
</harden/bcfiles/linux_bcfiles/rev_chardev.bc>:dev_read:66:0:@mutex_unlock	*global_alloc@mutex_unlock
</harden/bcfiles/linux_bcfiles/rev_chardev.bc>:dev_read:185:0:@mutex_unlock	*global_alloc@mutex_unlock
</harden/bcfiles/linux_bcfiles/rev_chardev.bc>:dev_read:196:0:@mutex_unlock	*global_alloc@mutex_unlock
</harden/bcfiles/linux_bcfiles/rev_chardev.bc>:dev_write:169:0:@mutex_unlock	*global_alloc@mutex_unlock
</harden/bcfiles/linux_bcfiles/rev_chardev.bc>:dev_write:180:0:@mutex_unlock	*global_alloc@mutex_unlock
</harden/bcfiles/linux_bcfiles/rev_chardev.bc>:dev_read:164:0:@_copy_to_user	*global_alloc@_copy_to_user
</harden/bcfiles/linux_bcfiles/rev_chardev.bc>:dev_read:91:0:@llvm.objectsize.i64.p0i8	*global_alloc@llvm.objectsize.i64.p0i8
</harden/bcfiles/linux_bcfiles/rev_chardev.bc>:dev_write:71:0:@llvm.objectsize.i64.p0i8	*global_alloc@llvm.objectsize.i64.p0i8
</harden/bcfiles/linux_bcfiles/rev_chardev.bc>:dev_read:108:0:@llvm.is.constant.i64	*global_alloc@llvm.is.constant.i64
</harden/bcfiles/linux_bcfiles/rev_chardev.bc>:dev_write:88:0:@llvm.is.constant.i64	*global_alloc@llvm.is.constant.i64
</harden/bcfiles/linux_bcfiles/rev_chardev.bc>:dev_read:117:0:@__bad_copy_from	*global_alloc@__bad_copy_from
</harden/bcfiles/linux_bcfiles/rev_chardev.bc>:dev_write:97:0:@__bad_copy_from	*global_alloc@__bad_copy_from
</harden/bcfiles/linux_bcfiles/rev_chardev.bc>:dev_read:119:0:@__bad_copy_to	*global_alloc@__bad_copy_to
</harden/bcfiles/linux_bcfiles/rev_chardev.bc>:dev_write:99:0:@__bad_copy_to	*global_alloc@__bad_copy_to
</harden/bcfiles/linux_bcfiles/rev_chardev.bc>:copy_overflow:8:0:@__copy_overflow	*global_alloc@__copy_overflow
</harden/bcfiles/linux_bcfiles/rev_chardev.bc>:dev_write:144:0:@_copy_from_user	*global_alloc@_copy_from_user
</harden/bcfiles/linux_bcfiles/rev_chardev.bc>:reverse_exit:6:0:@device_destroy	*global_alloc@device_destroy
</harden/bcfiles/linux_bcfiles/rev_chardev.bc>:reverse_exit:8:0:@class_unregister	*global_alloc@class_unregister
</harden/bcfiles/linux_bcfiles/rev_chardev.bc>:80:@__UNIQUE_ID_license237	*global_alloc@__UNIQUE_ID_license237
</harden/bcfiles/linux_bcfiles/rev_chardev.bc>:84:@__UNIQUE_ID_author238	*global_alloc@__UNIQUE_ID_author238
</harden/bcfiles/linux_bcfiles/rev_chardev.bc>:88:@__UNIQUE_ID_description239	*global_alloc@__UNIQUE_ID_description239
</harden/bcfiles/linux_bcfiles/rev_chardev.bc>:92:@__UNIQUE_ID_version240	*global_alloc@__UNIQUE_ID_version240
</harden/bcfiles/linux_bcfiles/rev_chardev.bc>:96:@__UNIQUE_ID_alias241	*global_alloc@__UNIQUE_ID_alias241
</harden/bcfiles/linux_bcfiles/rev_chardev.bc>:99:bitcast (i8** @__UNIQUE_ID___addressable_init_module242 to i8*)	*global_alloc@__UNIQUE_ID___addressable_init_module242
</harden/bcfiles/linux_bcfiles/rev_chardev.bc>:100:@__UNIQUE_ID___addressable_init_module242	*global_alloc@__UNIQUE_ID___addressable_init_module242
</harden/bcfiles/linux_bcfiles/rev_chardev.bc>:101:bitcast (i8** @__UNIQUE_ID___addressable_cleanup_module243 to i8*)	*global_alloc@__UNIQUE_ID___addressable_cleanup_module243
</harden/bcfiles/linux_bcfiles/rev_chardev.bc>:102:@__UNIQUE_ID___addressable_cleanup_module243	*global_alloc@__UNIQUE_ID___addressable_cleanup_module243
</harden/bcfiles/linux_bcfiles/rev_chardev.bc>:reverse_init:15:3:@.str	*global_alloc@.str
</harden/bcfiles/linux_bcfiles/rev_chardev.bc>:reverse_init:22:6:@.str	*global_alloc@.str
</harden/bcfiles/linux_bcfiles/rev_chardev.bc>:reverse_init:39:6:@.str	*global_alloc@.str
</harden/bcfiles/linux_bcfiles/rev_chardev.bc>:reverse_init:56:6:@.str	*global_alloc@.str
</harden/bcfiles/linux_bcfiles/rev_chardev.bc>:reverse_init:70:4:@.str	*global_alloc@.str
</harden/bcfiles/linux_bcfiles/rev_chardev.bc>:reverse_init:83:6:@.str	*global_alloc@.str
</harden/bcfiles/linux_bcfiles/rev_chardev.bc>:reverse_init:94:6:@.str	*global_alloc@.str
</harden/bcfiles/linux_bcfiles/rev_chardev.bc>:reverse_exit:16:6:@.str	*global_alloc@.str
</harden/bcfiles/linux_bcfiles/rev_chardev.bc>:dev_read:63:6:@.str	*global_alloc@.str
</harden/bcfiles/linux_bcfiles/rev_chardev.bc>:dev_read:182:6:@.str	*global_alloc@.str
</harden/bcfiles/linux_bcfiles/rev_chardev.bc>:dev_read:193:6:@.str	*global_alloc@.str
</harden/bcfiles/linux_bcfiles/rev_chardev.bc>:dev_write:166:6:@.str	*global_alloc@.str
</harden/bcfiles/linux_bcfiles/rev_chardev.bc>:dev_write:177:6:@.str	*global_alloc@.str
</harden/bcfiles/linux_bcfiles/rev_chardev.bc>:dev_open:9:6:@.str	*global_alloc@.str
</harden/bcfiles/linux_bcfiles/rev_chardev.bc>:dev_release:9:6:@.str	*global_alloc@.str
</harden/bcfiles/linux_bcfiles/rev_chardev.bc>:reverse_init:22:2:@.str.1	*global_alloc@.str.1
</harden/bcfiles/linux_bcfiles/rev_chardev.bc>:reverse_init:28:1:@rev_cdev	*global_alloc@rev_cdev
</harden/bcfiles/linux_bcfiles/rev_chardev.bc>:reverse_init:30:1:@rev_cdev	*global_alloc@rev_cdev
</harden/bcfiles/linux_bcfiles/rev_chardev.bc>:reverse_init:51:1:@rev_cdev	*global_alloc@rev_cdev
</harden/bcfiles/linux_bcfiles/rev_chardev.bc>:reverse_init:78:1:@rev_cdev	*global_alloc@rev_cdev
</harden/bcfiles/linux_bcfiles/rev_chardev.bc>:reverse_exit:11:1:@rev_cdev	*global_alloc@rev_cdev
</harden/bcfiles/linux_bcfiles/rev_chardev.bc>:reverse_init:28:2:@fops	*global_alloc@fops
</harden/bcfiles/linux_bcfiles/rev_chardev.bc>:reverse_init:39:2:@.str.2	*global_alloc@.str.2
</harden/bcfiles/linux_bcfiles/rev_chardev.bc>:reverse_init:45:2:@.str.3	*global_alloc@.str.3
</harden/bcfiles/linux_bcfiles/rev_chardev.bc>:reverse_init:46:0:@reverseClass	*global_alloc@reverseClass
</harden/bcfiles/linux_bcfiles/rev_chardev.bc>:reverse_init:47:0:@reverseClass	*global_alloc@reverseClass
</harden/bcfiles/linux_bcfiles/rev_chardev.bc>:reverse_init:59:0:@reverseClass	*global_alloc@reverseClass
</harden/bcfiles/linux_bcfiles/rev_chardev.bc>:reverse_init:65:0:@reverseClass	*global_alloc@reverseClass
</harden/bcfiles/linux_bcfiles/rev_chardev.bc>:reverse_init:68:0:@reverseClass	*global_alloc@reverseClass
</harden/bcfiles/linux_bcfiles/rev_chardev.bc>:reverse_init:76:0:@reverseClass	*global_alloc@reverseClass
</harden/bcfiles/linux_bcfiles/rev_chardev.bc>:reverse_exit:4:0:@reverseClass	*global_alloc@reverseClass
</harden/bcfiles/linux_bcfiles/rev_chardev.bc>:reverse_exit:7:0:@reverseClass	*global_alloc@reverseClass
</harden/bcfiles/linux_bcfiles/rev_chardev.bc>:reverse_exit:9:0:@reverseClass	*global_alloc@reverseClass
</harden/bcfiles/linux_bcfiles/rev_chardev.bc>:reverse_init:56:2:@.str.4	*global_alloc@.str.4
</harden/bcfiles/linux_bcfiles/rev_chardev.bc>:reverse_init:83:2:@.str.5	*global_alloc@.str.5
</harden/bcfiles/linux_bcfiles/rev_chardev.bc>:reverse_init:94:2:@.str.6	*global_alloc@.str.6
</harden/bcfiles/linux_bcfiles/rev_chardev.bc>:13:@__this_module	*global_alloc@__this_module
</harden/bcfiles/linux_bcfiles/rev_chardev.bc>:dev_read:34:1:@rev_mutex	*global_alloc@rev_mutex
</harden/bcfiles/linux_bcfiles/rev_chardev.bc>:dev_read:66:1:@rev_mutex	*global_alloc@rev_mutex
</harden/bcfiles/linux_bcfiles/rev_chardev.bc>:dev_read:185:1:@rev_mutex	*global_alloc@rev_mutex
</harden/bcfiles/linux_bcfiles/rev_chardev.bc>:dev_read:196:1:@rev_mutex	*global_alloc@rev_mutex
</harden/bcfiles/linux_bcfiles/rev_chardev.bc>:dev_write:33:1:@rev_mutex	*global_alloc@rev_mutex
</harden/bcfiles/linux_bcfiles/rev_chardev.bc>:dev_write:169:1:@rev_mutex	*global_alloc@rev_mutex
</harden/bcfiles/linux_bcfiles/rev_chardev.bc>:dev_write:180:1:@rev_mutex	*global_alloc@rev_mutex
</harden/bcfiles/linux_bcfiles/rev_chardev.bc>:59:bitcast (%struct.mutex* @rev_mutex to i8*)	*global_alloc@rev_mutex
</harden/bcfiles/linux_bcfiles/rev_chardev.bc>:64:bitcast (%struct.mutex* @rev_mutex to i8*)	*global_alloc@rev_mutex
</harden/bcfiles/linux_bcfiles/rev_chardev.bc>:60:@rev_mutex	*global_alloc@rev_mutex
</harden/bcfiles/linux_bcfiles/rev_chardev.bc>:65:@rev_mutex	*global_alloc@rev_mutex
</harden/bcfiles/linux_bcfiles/rev_chardev.bc>:dev_read:39:0:@message_size	*global_alloc@message_size
</harden/bcfiles/linux_bcfiles/rev_chardev.bc>:dev_write:155:0:@message_size	*global_alloc@message_size
</harden/bcfiles/linux_bcfiles/rev_chardev.bc>:dev_write:156:0:@message_size	*global_alloc@message_size
</harden/bcfiles/linux_bcfiles/rev_chardev.bc>:dev_write:160:0:@message_size	*global_alloc@message_size
</harden/bcfiles/linux_bcfiles/rev_chardev.bc>:dev_read:63:2:@.str.7	*global_alloc@.str.7
</harden/bcfiles/linux_bcfiles/rev_chardev.bc>:dev_read:72:1:@message	*global_alloc@message
</harden/bcfiles/linux_bcfiles/rev_chardev.bc>:dev_write:55:1:@message	*global_alloc@message
</harden/bcfiles/linux_bcfiles/rev_chardev.bc>:dev_write:158:0:@message	*global_alloc@message
</harden/bcfiles/linux_bcfiles/rev_chardev.bc>:dev_write:162:2:@message	*global_alloc@message
</harden/bcfiles/linux_bcfiles/rev_chardev.bc>:dev_read:182:2:@.str.8	*global_alloc@.str.8
</harden/bcfiles/linux_bcfiles/rev_chardev.bc>:dev_read:193:2:@.str.9	*global_alloc@.str.9
</harden/bcfiles/linux_bcfiles/rev_chardev.bc>:dev_read:139:1:@.str.10	*global_alloc@.str.10
</harden/bcfiles/linux_bcfiles/rev_chardev.bc>:dev_write:119:1:@.str.10	*global_alloc@.str.10
</harden/bcfiles/linux_bcfiles/rev_chardev.bc>:dev_write:166:2:@.str.11	*global_alloc@.str.11
</harden/bcfiles/linux_bcfiles/rev_chardev.bc>:dev_write:177:2:@.str.12	*global_alloc@.str.12
</harden/bcfiles/linux_bcfiles/rev_chardev.bc>:dev_open:9:2:@.str.13	*global_alloc@.str.13
</harden/bcfiles/linux_bcfiles/rev_chardev.bc>:dev_release:9:2:@.str.14	*global_alloc@.str.14
</harden/bcfiles/linux_bcfiles/rev_chardev.bc>:reverse_exit:16:2:@.str.15	*global_alloc@.str.15
</harden/bcfiles/linux_bcfiles/rev_chardev.bc>:79:getelementptr inbounds ([12 x i8], [12 x i8]* @__UNIQUE_ID_license237, i32 0, i32 0)	*global_alloc@__UNIQUE_ID_license237[0]
</harden/bcfiles/linux_bcfiles/rev_chardev.bc>:83:getelementptr inbounds ([20 x i8], [20 x i8]* @__UNIQUE_ID_author238, i32 0, i32 0)	*global_alloc@__UNIQUE_ID_author238[0]
</harden/bcfiles/linux_bcfiles/rev_chardev.bc>:87:getelementptr inbounds ([45 x i8], [45 x i8]* @__UNIQUE_ID_description239, i32 0, i32 0)	*global_alloc@__UNIQUE_ID_description239[0]
</harden/bcfiles/linux_bcfiles/rev_chardev.bc>:91:getelementptr inbounds ([12 x i8], [12 x i8]* @__UNIQUE_ID_version240, i32 0, i32 0)	*global_alloc@__UNIQUE_ID_version240[0]
</harden/bcfiles/linux_bcfiles/rev_chardev.bc>:95:getelementptr inbounds ([21 x i8], [21 x i8]* @__UNIQUE_ID_alias241, i32 0, i32 0)	*global_alloc@__UNIQUE_ID_alias241[0]
</harden/bcfiles/linux_bcfiles/rev_chardev.bc>:reverse_init:15:2:getelementptr inbounds ([8 x i8], [8 x i8]* @.str, i64 0, i64 0)	*global_alloc@.str[0]
</harden/bcfiles/linux_bcfiles/rev_chardev.bc>:reverse_init:22:5:getelementptr inbounds ([8 x i8], [8 x i8]* @.str, i64 0, i64 0)	*global_alloc@.str[0]
</harden/bcfiles/linux_bcfiles/rev_chardev.bc>:reverse_init:39:5:getelementptr inbounds ([8 x i8], [8 x i8]* @.str, i64 0, i64 0)	*global_alloc@.str[0]
</harden/bcfiles/linux_bcfiles/rev_chardev.bc>:reverse_init:56:5:getelementptr inbounds ([8 x i8], [8 x i8]* @.str, i64 0, i64 0)	*global_alloc@.str[0]
</harden/bcfiles/linux_bcfiles/rev_chardev.bc>:reverse_init:70:3:getelementptr inbounds ([8 x i8], [8 x i8]* @.str, i64 0, i64 0)	*global_alloc@.str[0]
</harden/bcfiles/linux_bcfiles/rev_chardev.bc>:reverse_init:83:5:getelementptr inbounds ([8 x i8], [8 x i8]* @.str, i64 0, i64 0)	*global_alloc@.str[0]
</harden/bcfiles/linux_bcfiles/rev_chardev.bc>:reverse_init:94:5:getelementptr inbounds ([8 x i8], [8 x i8]* @.str, i64 0, i64 0)	*global_alloc@.str[0]
</harden/bcfiles/linux_bcfiles/rev_chardev.bc>:reverse_exit:16:5:getelementptr inbounds ([8 x i8], [8 x i8]* @.str, i64 0, i64 0)	*global_alloc@.str[0]
</harden/bcfiles/linux_bcfiles/rev_chardev.bc>:dev_read:63:5:getelementptr inbounds ([8 x i8], [8 x i8]* @.str, i64 0, i64 0)	*global_alloc@.str[0]
</harden/bcfiles/linux_bcfiles/rev_chardev.bc>:dev_read:182:5:getelementptr inbounds ([8 x i8], [8 x i8]* @.str, i64 0, i64 0)	*global_alloc@.str[0]
</harden/bcfiles/linux_bcfiles/rev_chardev.bc>:dev_read:193:5:getelementptr inbounds ([8 x i8], [8 x i8]* @.str, i64 0, i64 0)	*global_alloc@.str[0]
</harden/bcfiles/linux_bcfiles/rev_chardev.bc>:dev_write:166:5:getelementptr inbounds ([8 x i8], [8 x i8]* @.str, i64 0, i64 0)	*global_alloc@.str[0]
</harden/bcfiles/linux_bcfiles/rev_chardev.bc>:dev_write:177:5:getelementptr inbounds ([8 x i8], [8 x i8]* @.str, i64 0, i64 0)	*global_alloc@.str[0]
</harden/bcfiles/linux_bcfiles/rev_chardev.bc>:dev_open:9:5:getelementptr inbounds ([8 x i8], [8 x i8]* @.str, i64 0, i64 0)	*global_alloc@.str[0]
</harden/bcfiles/linux_bcfiles/rev_chardev.bc>:dev_release:9:5:getelementptr inbounds ([8 x i8], [8 x i8]* @.str, i64 0, i64 0)	*global_alloc@.str[0]
</harden/bcfiles/linux_bcfiles/rev_chardev.bc>:reverse_init:22:1:getelementptr inbounds ([41 x i8], [41 x i8]* @.str.1, i64 0, i64 0)	*global_alloc@.str.1[0]
</harden/bcfiles/linux_bcfiles/rev_chardev.bc>:reverse_init:39:1:getelementptr inbounds ([26 x i8], [26 x i8]* @.str.2, i64 0, i64 0)	*global_alloc@.str.2[0]
</harden/bcfiles/linux_bcfiles/rev_chardev.bc>:reverse_init:45:1:getelementptr inbounds ([10 x i8], [10 x i8]* @.str.3, i64 0, i64 0)	*global_alloc@.str.3[0]
</harden/bcfiles/linux_bcfiles/rev_chardev.bc>:reverse_init:56:1:getelementptr inbounds ([39 x i8], [39 x i8]* @.str.4, i64 0, i64 0)	*global_alloc@.str.4[0]
</harden/bcfiles/linux_bcfiles/rev_chardev.bc>:reverse_init:83:1:getelementptr inbounds ([35 x i8], [35 x i8]* @.str.5, i64 0, i64 0)	*global_alloc@.str.5[0]
</harden/bcfiles/linux_bcfiles/rev_chardev.bc>:reverse_init:94:1:getelementptr inbounds ([38 x i8], [38 x i8]* @.str.6, i64 0, i64 0)	*global_alloc@.str.6[0]
</harden/bcfiles/linux_bcfiles/rev_chardev.bc>:dev_read:63:1:getelementptr inbounds ([22 x i8], [22 x i8]* @.str.7, i64 0, i64 0)	*global_alloc@.str.7[0]
</harden/bcfiles/linux_bcfiles/rev_chardev.bc>:dev_write:162:1:getelementptr inbounds ([1024 x i8], [1024 x i8]* @message, i64 0, i64 0)	*global_alloc@message[0]
</harden/bcfiles/linux_bcfiles/rev_chardev.bc>:dev_read:72:0:getelementptr inbounds ([1024 x i8], [1024 x i8]* @message, i64 0, i64 0)	*global_alloc@message[0]
</harden/bcfiles/linux_bcfiles/rev_chardev.bc>:dev_write:55:0:getelementptr inbounds ([1024 x i8], [1024 x i8]* @message, i64 0, i64 0)	*global_alloc@message[0]
</harden/bcfiles/linux_bcfiles/rev_chardev.bc>:dev_read:182:1:getelementptr inbounds ([38 x i8], [38 x i8]* @.str.8, i64 0, i64 0)	*global_alloc@.str.8[0]
</harden/bcfiles/linux_bcfiles/rev_chardev.bc>:dev_read:193:1:getelementptr inbounds ([48 x i8], [48 x i8]* @.str.9, i64 0, i64 0)	*global_alloc@.str.9[0]
</harden/bcfiles/linux_bcfiles/rev_chardev.bc>:dev_read:139:0:getelementptr inbounds ([30 x i8], [30 x i8]* @.str.10, i64 0, i64 0)	*global_alloc@.str.10[0]
</harden/bcfiles/linux_bcfiles/rev_chardev.bc>:dev_write:119:0:getelementptr inbounds ([30 x i8], [30 x i8]* @.str.10, i64 0, i64 0)	*global_alloc@.str.10[0]
</harden/bcfiles/linux_bcfiles/rev_chardev.bc>:dev_write:166:1:getelementptr inbounds ([44 x i8], [44 x i8]* @.str.11, i64 0, i64 0)	*global_alloc@.str.11[0]
</harden/bcfiles/linux_bcfiles/rev_chardev.bc>:dev_write:177:1:getelementptr inbounds ([53 x i8], [53 x i8]* @.str.12, i64 0, i64 0)	*global_alloc@.str.12[0]
</harden/bcfiles/linux_bcfiles/rev_chardev.bc>:dev_open:9:1:getelementptr inbounds ([30 x i8], [30 x i8]* @.str.13, i64 0, i64 0)	*global_alloc@.str.13[0]
</harden/bcfiles/linux_bcfiles/rev_chardev.bc>:dev_release:9:1:getelementptr inbounds ([34 x i8], [34 x i8]* @.str.14, i64 0, i64 0)	*global_alloc@.str.14[0]
</harden/bcfiles/linux_bcfiles/rev_chardev.bc>:reverse_exit:16:1:getelementptr inbounds ([13 x i8], [13 x i8]* @.str.15, i64 0, i64 0)	*global_alloc@.str.15[0]
</harden/bcfiles/linux_bcfiles/rev_chardev.bc>:79:getelementptr inbounds ([12 x i8], [12 x i8]* @__UNIQUE_ID_license237, i32 0, i32 0)	*global_alloc@__UNIQUE_ID_license237[0][*]
</harden/bcfiles/linux_bcfiles/rev_chardev.bc>:83:getelementptr inbounds ([20 x i8], [20 x i8]* @__UNIQUE_ID_author238, i32 0, i32 0)	*global_alloc@__UNIQUE_ID_author238[0][*]
</harden/bcfiles/linux_bcfiles/rev_chardev.bc>:87:getelementptr inbounds ([45 x i8], [45 x i8]* @__UNIQUE_ID_description239, i32 0, i32 0)	*global_alloc@__UNIQUE_ID_description239[0][*]
</harden/bcfiles/linux_bcfiles/rev_chardev.bc>:91:getelementptr inbounds ([12 x i8], [12 x i8]* @__UNIQUE_ID_version240, i32 0, i32 0)	*global_alloc@__UNIQUE_ID_version240[0][*]
</harden/bcfiles/linux_bcfiles/rev_chardev.bc>:95:getelementptr inbounds ([21 x i8], [21 x i8]* @__UNIQUE_ID_alias241, i32 0, i32 0)	*global_alloc@__UNIQUE_ID_alias241[0][*]
</harden/bcfiles/linux_bcfiles/rev_chardev.bc>:reverse_init:15:2:getelementptr inbounds ([8 x i8], [8 x i8]* @.str, i64 0, i64 0)	*global_alloc@.str[0][*]
</harden/bcfiles/linux_bcfiles/rev_chardev.bc>:reverse_init:22:5:getelementptr inbounds ([8 x i8], [8 x i8]* @.str, i64 0, i64 0)	*global_alloc@.str[0][*]
</harden/bcfiles/linux_bcfiles/rev_chardev.bc>:reverse_init:39:5:getelementptr inbounds ([8 x i8], [8 x i8]* @.str, i64 0, i64 0)	*global_alloc@.str[0][*]
</harden/bcfiles/linux_bcfiles/rev_chardev.bc>:reverse_init:56:5:getelementptr inbounds ([8 x i8], [8 x i8]* @.str, i64 0, i64 0)	*global_alloc@.str[0][*]
</harden/bcfiles/linux_bcfiles/rev_chardev.bc>:reverse_init:70:3:getelementptr inbounds ([8 x i8], [8 x i8]* @.str, i64 0, i64 0)	*global_alloc@.str[0][*]
</harden/bcfiles/linux_bcfiles/rev_chardev.bc>:reverse_init:83:5:getelementptr inbounds ([8 x i8], [8 x i8]* @.str, i64 0, i64 0)	*global_alloc@.str[0][*]
</harden/bcfiles/linux_bcfiles/rev_chardev.bc>:reverse_init:94:5:getelementptr inbounds ([8 x i8], [8 x i8]* @.str, i64 0, i64 0)	*global_alloc@.str[0][*]
</harden/bcfiles/linux_bcfiles/rev_chardev.bc>:reverse_exit:16:5:getelementptr inbounds ([8 x i8], [8 x i8]* @.str, i64 0, i64 0)	*global_alloc@.str[0][*]
</harden/bcfiles/linux_bcfiles/rev_chardev.bc>:dev_read:63:5:getelementptr inbounds ([8 x i8], [8 x i8]* @.str, i64 0, i64 0)	*global_alloc@.str[0][*]
</harden/bcfiles/linux_bcfiles/rev_chardev.bc>:dev_read:182:5:getelementptr inbounds ([8 x i8], [8 x i8]* @.str, i64 0, i64 0)	*global_alloc@.str[0][*]
</harden/bcfiles/linux_bcfiles/rev_chardev.bc>:dev_read:193:5:getelementptr inbounds ([8 x i8], [8 x i8]* @.str, i64 0, i64 0)	*global_alloc@.str[0][*]
</harden/bcfiles/linux_bcfiles/rev_chardev.bc>:dev_write:166:5:getelementptr inbounds ([8 x i8], [8 x i8]* @.str, i64 0, i64 0)	*global_alloc@.str[0][*]
</harden/bcfiles/linux_bcfiles/rev_chardev.bc>:dev_write:177:5:getelementptr inbounds ([8 x i8], [8 x i8]* @.str, i64 0, i64 0)	*global_alloc@.str[0][*]
</harden/bcfiles/linux_bcfiles/rev_chardev.bc>:dev_open:9:5:getelementptr inbounds ([8 x i8], [8 x i8]* @.str, i64 0, i64 0)	*global_alloc@.str[0][*]
</harden/bcfiles/linux_bcfiles/rev_chardev.bc>:dev_release:9:5:getelementptr inbounds ([8 x i8], [8 x i8]* @.str, i64 0, i64 0)	*global_alloc@.str[0][*]
</harden/bcfiles/linux_bcfiles/rev_chardev.bc>:reverse_init:22:1:getelementptr inbounds ([41 x i8], [41 x i8]* @.str.1, i64 0, i64 0)	*global_alloc@.str.1[0][*]
</harden/bcfiles/linux_bcfiles/rev_chardev.bc>:reverse_init:39:1:getelementptr inbounds ([26 x i8], [26 x i8]* @.str.2, i64 0, i64 0)	*global_alloc@.str.2[0][*]
</harden/bcfiles/linux_bcfiles/rev_chardev.bc>:reverse_init:45:1:getelementptr inbounds ([10 x i8], [10 x i8]* @.str.3, i64 0, i64 0)	*global_alloc@.str.3[0][*]
</harden/bcfiles/linux_bcfiles/rev_chardev.bc>:reverse_init:56:1:getelementptr inbounds ([39 x i8], [39 x i8]* @.str.4, i64 0, i64 0)	*global_alloc@.str.4[0][*]
</harden/bcfiles/linux_bcfiles/rev_chardev.bc>:reverse_init:83:1:getelementptr inbounds ([35 x i8], [35 x i8]* @.str.5, i64 0, i64 0)	*global_alloc@.str.5[0][*]
</harden/bcfiles/linux_bcfiles/rev_chardev.bc>:reverse_init:94:1:getelementptr inbounds ([38 x i8], [38 x i8]* @.str.6, i64 0, i64 0)	*global_alloc@.str.6[0][*]
</harden/bcfiles/linux_bcfiles/rev_chardev.bc>:dev_read:63:1:getelementptr inbounds ([22 x i8], [22 x i8]* @.str.7, i64 0, i64 0)	*global_alloc@.str.7[0][*]
</harden/bcfiles/linux_bcfiles/rev_chardev.bc>:dev_write:162:1:getelementptr inbounds ([1024 x i8], [1024 x i8]* @message, i64 0, i64 0)	*global_alloc@message[0][*]
</harden/bcfiles/linux_bcfiles/rev_chardev.bc>:dev_read:72:0:getelementptr inbounds ([1024 x i8], [1024 x i8]* @message, i64 0, i64 0)	*global_alloc@message[0][*]
</harden/bcfiles/linux_bcfiles/rev_chardev.bc>:dev_write:55:0:getelementptr inbounds ([1024 x i8], [1024 x i8]* @message, i64 0, i64 0)	*global_alloc@message[0][*]
</harden/bcfiles/linux_bcfiles/rev_chardev.bc>:dev_read:182:1:getelementptr inbounds ([38 x i8], [38 x i8]* @.str.8, i64 0, i64 0)	*global_alloc@.str.8[0][*]
</harden/bcfiles/linux_bcfiles/rev_chardev.bc>:dev_read:193:1:getelementptr inbounds ([48 x i8], [48 x i8]* @.str.9, i64 0, i64 0)	*global_alloc@.str.9[0][*]
</harden/bcfiles/linux_bcfiles/rev_chardev.bc>:dev_read:139:0:getelementptr inbounds ([30 x i8], [30 x i8]* @.str.10, i64 0, i64 0)	*global_alloc@.str.10[0][*]
</harden/bcfiles/linux_bcfiles/rev_chardev.bc>:dev_write:119:0:getelementptr inbounds ([30 x i8], [30 x i8]* @.str.10, i64 0, i64 0)	*global_alloc@.str.10[0][*]
</harden/bcfiles/linux_bcfiles/rev_chardev.bc>:dev_write:166:1:getelementptr inbounds ([44 x i8], [44 x i8]* @.str.11, i64 0, i64 0)	*global_alloc@.str.11[0][*]
</harden/bcfiles/linux_bcfiles/rev_chardev.bc>:dev_write:177:1:getelementptr inbounds ([53 x i8], [53 x i8]* @.str.12, i64 0, i64 0)	*global_alloc@.str.12[0][*]
</harden/bcfiles/linux_bcfiles/rev_chardev.bc>:dev_open:9:1:getelementptr inbounds ([30 x i8], [30 x i8]* @.str.13, i64 0, i64 0)	*global_alloc@.str.13[0][*]
</harden/bcfiles/linux_bcfiles/rev_chardev.bc>:dev_release:9:1:getelementptr inbounds ([34 x i8], [34 x i8]* @.str.14, i64 0, i64 0)	*global_alloc@.str.14[0][*]
</harden/bcfiles/linux_bcfiles/rev_chardev.bc>:reverse_exit:16:1:getelementptr inbounds ([13 x i8], [13 x i8]* @.str.15, i64 0, i64 0)	*global_alloc@.str.15[0][*]
