</harden/bcfiles/linux_bcfiles/rev_chardev.bc>:reverse_init:9	</harden/bcfiles/linux_bcfiles/rev_chardev.bc>:llvm.dbg.declare	</harden/bcfiles/linux_bcfiles/rev_chardev.bc>:reverse_init:i32* %2	0
</harden/bcfiles/linux_bcfiles/rev_chardev.bc>:reverse_init:9	</harden/bcfiles/linux_bcfiles/rev_chardev.bc>:llvm.dbg.declare	</harden/bcfiles/linux_bcfiles/rev_chardev.bc>:reverse_init:!4224	1
</harden/bcfiles/linux_bcfiles/rev_chardev.bc>:reverse_init:9	</harden/bcfiles/linux_bcfiles/rev_chardev.bc>:llvm.dbg.declare	</harden/bcfiles/linux_bcfiles/rev_chardev.bc>:reverse_init:!DIExpression()	2
</harden/bcfiles/linux_bcfiles/rev_chardev.bc>:reverse_init:10	</harden/bcfiles/linux_bcfiles/rev_chardev.bc>:llvm.dbg.declare	</harden/bcfiles/linux_bcfiles/rev_chardev.bc>:reverse_init:!DIExpression()	2
</harden/bcfiles/linux_bcfiles/rev_chardev.bc>:reverse_init:10	</harden/bcfiles/linux_bcfiles/rev_chardev.bc>:llvm.dbg.declare	</harden/bcfiles/linux_bcfiles/rev_chardev.bc>:reverse_init:i32* %3	0
</harden/bcfiles/linux_bcfiles/rev_chardev.bc>:reverse_init:10	</harden/bcfiles/linux_bcfiles/rev_chardev.bc>:llvm.dbg.declare	</harden/bcfiles/linux_bcfiles/rev_chardev.bc>:reverse_init:!4226	1
</harden/bcfiles/linux_bcfiles/rev_chardev.bc>:reverse_init:12	</harden/bcfiles/linux_bcfiles/rev_chardev.bc>:llvm.dbg.declare	</harden/bcfiles/linux_bcfiles/rev_chardev.bc>:reverse_init:!DIExpression()	2
</harden/bcfiles/linux_bcfiles/rev_chardev.bc>:reverse_init:12	</harden/bcfiles/linux_bcfiles/rev_chardev.bc>:llvm.dbg.declare	</harden/bcfiles/linux_bcfiles/rev_chardev.bc>:reverse_init:%struct.device** %4	0
</harden/bcfiles/linux_bcfiles/rev_chardev.bc>:reverse_init:12	</harden/bcfiles/linux_bcfiles/rev_chardev.bc>:llvm.dbg.declare	</harden/bcfiles/linux_bcfiles/rev_chardev.bc>:reverse_init:!4228	1
</harden/bcfiles/linux_bcfiles/rev_chardev.bc>:reverse_init:15	</harden/bcfiles/linux_bcfiles/rev_chardev.bc>:register_chrdev_region	</harden/bcfiles/linux_bcfiles/rev_chardev.bc>:reverse_init:%10	0
</harden/bcfiles/linux_bcfiles/rev_chardev.bc>:reverse_init:15	</harden/bcfiles/linux_bcfiles/rev_chardev.bc>:register_chrdev_region	</harden/bcfiles/linux_bcfiles/rev_chardev.bc>:reverse_init:15:1:1	1
</harden/bcfiles/linux_bcfiles/rev_chardev.bc>:reverse_init:15	</harden/bcfiles/linux_bcfiles/rev_chardev.bc>:register_chrdev_region	</harden/bcfiles/linux_bcfiles/rev_chardev.bc>:reverse_init:15:2:getelementptr inbounds ([8 x i8], [8 x i8]* @.str, i64 0, i64 0)	2
</harden/bcfiles/linux_bcfiles/rev_chardev.bc>:reverse_init:22	</harden/bcfiles/linux_bcfiles/rev_chardev.bc>:_printk	</harden/bcfiles/linux_bcfiles/rev_chardev.bc>:reverse_init:22:1:getelementptr inbounds ([41 x i8], [41 x i8]* @.str.1, i64 0, i64 0)	0
</harden/bcfiles/linux_bcfiles/rev_chardev.bc>:reverse_init:22	</harden/bcfiles/linux_bcfiles/rev_chardev.bc>:_printk	</harden/bcfiles/linux_bcfiles/rev_chardev.bc>:reverse_init:22:5:getelementptr inbounds ([8 x i8], [8 x i8]* @.str, i64 0, i64 0)	1
</harden/bcfiles/linux_bcfiles/rev_chardev.bc>:reverse_init:28	</harden/bcfiles/linux_bcfiles/rev_chardev.bc>:cdev_init	</harden/bcfiles/linux_bcfiles/rev_chardev.bc>:reverse_init:28:1:@rev_cdev	0
</harden/bcfiles/linux_bcfiles/rev_chardev.bc>:reverse_init:28	</harden/bcfiles/linux_bcfiles/rev_chardev.bc>:cdev_init	</harden/bcfiles/linux_bcfiles/rev_chardev.bc>:reverse_init:28:2:@fops	1
</harden/bcfiles/linux_bcfiles/rev_chardev.bc>:reverse_init:30	</harden/bcfiles/linux_bcfiles/rev_chardev.bc>:cdev_add	</harden/bcfiles/linux_bcfiles/rev_chardev.bc>:reverse_init:30:1:@rev_cdev	0
</harden/bcfiles/linux_bcfiles/rev_chardev.bc>:reverse_init:30	</harden/bcfiles/linux_bcfiles/rev_chardev.bc>:cdev_add	</harden/bcfiles/linux_bcfiles/rev_chardev.bc>:reverse_init:%21	1
</harden/bcfiles/linux_bcfiles/rev_chardev.bc>:reverse_init:30	</harden/bcfiles/linux_bcfiles/rev_chardev.bc>:cdev_add	</harden/bcfiles/linux_bcfiles/rev_chardev.bc>:reverse_init:30:2:1	2
</harden/bcfiles/linux_bcfiles/rev_chardev.bc>:reverse_init:36	</harden/bcfiles/linux_bcfiles/rev_chardev.bc>:unregister_chrdev_region	</harden/bcfiles/linux_bcfiles/rev_chardev.bc>:reverse_init:%26	0
</harden/bcfiles/linux_bcfiles/rev_chardev.bc>:reverse_init:36	</harden/bcfiles/linux_bcfiles/rev_chardev.bc>:unregister_chrdev_region	</harden/bcfiles/linux_bcfiles/rev_chardev.bc>:reverse_init:36:1:1	1
</harden/bcfiles/linux_bcfiles/rev_chardev.bc>:reverse_init:39	</harden/bcfiles/linux_bcfiles/rev_chardev.bc>:_printk	</harden/bcfiles/linux_bcfiles/rev_chardev.bc>:reverse_init:39:1:getelementptr inbounds ([26 x i8], [26 x i8]* @.str.2, i64 0, i64 0)	0
</harden/bcfiles/linux_bcfiles/rev_chardev.bc>:reverse_init:39	</harden/bcfiles/linux_bcfiles/rev_chardev.bc>:_printk	</harden/bcfiles/linux_bcfiles/rev_chardev.bc>:reverse_init:39:5:getelementptr inbounds ([8 x i8], [8 x i8]* @.str, i64 0, i64 0)	1
</harden/bcfiles/linux_bcfiles/rev_chardev.bc>:reverse_init:45	</harden/bcfiles/linux_bcfiles/rev_chardev.bc>:class_create	</harden/bcfiles/linux_bcfiles/rev_chardev.bc>:reverse_init:45:1:getelementptr inbounds ([10 x i8], [10 x i8]* @.str.3, i64 0, i64 0)	0
</harden/bcfiles/linux_bcfiles/rev_chardev.bc>:reverse_init:49	</harden/bcfiles/linux_bcfiles/rev_chardev.bc>:IS_ERR	</harden/bcfiles/linux_bcfiles/rev_chardev.bc>:reverse_init:%35	0
</harden/bcfiles/linux_bcfiles/rev_chardev.bc>:reverse_init:51	</harden/bcfiles/linux_bcfiles/rev_chardev.bc>:cdev_del	</harden/bcfiles/linux_bcfiles/rev_chardev.bc>:reverse_init:51:1:@rev_cdev	0
</harden/bcfiles/linux_bcfiles/rev_chardev.bc>:reverse_init:53	</harden/bcfiles/linux_bcfiles/rev_chardev.bc>:unregister_chrdev_region	</harden/bcfiles/linux_bcfiles/rev_chardev.bc>:reverse_init:%38	0
</harden/bcfiles/linux_bcfiles/rev_chardev.bc>:reverse_init:53	</harden/bcfiles/linux_bcfiles/rev_chardev.bc>:unregister_chrdev_region	</harden/bcfiles/linux_bcfiles/rev_chardev.bc>:reverse_init:53:1:1	1
</harden/bcfiles/linux_bcfiles/rev_chardev.bc>:reverse_init:56	</harden/bcfiles/linux_bcfiles/rev_chardev.bc>:_printk	</harden/bcfiles/linux_bcfiles/rev_chardev.bc>:reverse_init:56:1:getelementptr inbounds ([39 x i8], [39 x i8]* @.str.4, i64 0, i64 0)	0
</harden/bcfiles/linux_bcfiles/rev_chardev.bc>:reverse_init:56	</harden/bcfiles/linux_bcfiles/rev_chardev.bc>:_printk	</harden/bcfiles/linux_bcfiles/rev_chardev.bc>:reverse_init:56:5:getelementptr inbounds ([8 x i8], [8 x i8]* @.str, i64 0, i64 0)	1
</harden/bcfiles/linux_bcfiles/rev_chardev.bc>:reverse_init:61	</harden/bcfiles/linux_bcfiles/rev_chardev.bc>:PTR_ERR	</harden/bcfiles/linux_bcfiles/rev_chardev.bc>:reverse_init:%44	0
</harden/bcfiles/linux_bcfiles/rev_chardev.bc>:reverse_init:70	</harden/bcfiles/linux_bcfiles/rev_chardev.bc>:device_create	</harden/bcfiles/linux_bcfiles/rev_chardev.bc>:reverse_init:%50	0
</harden/bcfiles/linux_bcfiles/rev_chardev.bc>:reverse_init:70	</harden/bcfiles/linux_bcfiles/rev_chardev.bc>:device_create	</harden/bcfiles/linux_bcfiles/rev_chardev.bc>:reverse_init:70:1:null	1
</harden/bcfiles/linux_bcfiles/rev_chardev.bc>:reverse_init:70	</harden/bcfiles/linux_bcfiles/rev_chardev.bc>:device_create	</harden/bcfiles/linux_bcfiles/rev_chardev.bc>:reverse_init:%51	2
</harden/bcfiles/linux_bcfiles/rev_chardev.bc>:reverse_init:70	</harden/bcfiles/linux_bcfiles/rev_chardev.bc>:device_create	</harden/bcfiles/linux_bcfiles/rev_chardev.bc>:reverse_init:70:2:null	3
</harden/bcfiles/linux_bcfiles/rev_chardev.bc>:reverse_init:70	</harden/bcfiles/linux_bcfiles/rev_chardev.bc>:device_create	</harden/bcfiles/linux_bcfiles/rev_chardev.bc>:reverse_init:70:3:getelementptr inbounds ([8 x i8], [8 x i8]* @.str, i64 0, i64 0)	4
</harden/bcfiles/linux_bcfiles/rev_chardev.bc>:reverse_init:74	</harden/bcfiles/linux_bcfiles/rev_chardev.bc>:IS_ERR	</harden/bcfiles/linux_bcfiles/rev_chardev.bc>:reverse_init:%54	0
</harden/bcfiles/linux_bcfiles/rev_chardev.bc>:reverse_init:77	</harden/bcfiles/linux_bcfiles/rev_chardev.bc>:class_destroy	</harden/bcfiles/linux_bcfiles/rev_chardev.bc>:reverse_init:%57	0
</harden/bcfiles/linux_bcfiles/rev_chardev.bc>:reverse_init:78	</harden/bcfiles/linux_bcfiles/rev_chardev.bc>:cdev_del	</harden/bcfiles/linux_bcfiles/rev_chardev.bc>:reverse_init:78:1:@rev_cdev	0
</harden/bcfiles/linux_bcfiles/rev_chardev.bc>:reverse_init:80	</harden/bcfiles/linux_bcfiles/rev_chardev.bc>:unregister_chrdev_region	</harden/bcfiles/linux_bcfiles/rev_chardev.bc>:reverse_init:%58	0
</harden/bcfiles/linux_bcfiles/rev_chardev.bc>:reverse_init:80	</harden/bcfiles/linux_bcfiles/rev_chardev.bc>:unregister_chrdev_region	</harden/bcfiles/linux_bcfiles/rev_chardev.bc>:reverse_init:80:1:1	1
</harden/bcfiles/linux_bcfiles/rev_chardev.bc>:reverse_init:83	</harden/bcfiles/linux_bcfiles/rev_chardev.bc>:_printk	</harden/bcfiles/linux_bcfiles/rev_chardev.bc>:reverse_init:83:1:getelementptr inbounds ([35 x i8], [35 x i8]* @.str.5, i64 0, i64 0)	0
</harden/bcfiles/linux_bcfiles/rev_chardev.bc>:reverse_init:83	</harden/bcfiles/linux_bcfiles/rev_chardev.bc>:_printk	</harden/bcfiles/linux_bcfiles/rev_chardev.bc>:reverse_init:83:5:getelementptr inbounds ([8 x i8], [8 x i8]* @.str, i64 0, i64 0)	1
</harden/bcfiles/linux_bcfiles/rev_chardev.bc>:reverse_init:88	</harden/bcfiles/linux_bcfiles/rev_chardev.bc>:PTR_ERR	</harden/bcfiles/linux_bcfiles/rev_chardev.bc>:reverse_init:%64	0
</harden/bcfiles/linux_bcfiles/rev_chardev.bc>:reverse_init:94	</harden/bcfiles/linux_bcfiles/rev_chardev.bc>:_printk	</harden/bcfiles/linux_bcfiles/rev_chardev.bc>:reverse_init:94:1:getelementptr inbounds ([38 x i8], [38 x i8]* @.str.6, i64 0, i64 0)	0
</harden/bcfiles/linux_bcfiles/rev_chardev.bc>:reverse_init:94	</harden/bcfiles/linux_bcfiles/rev_chardev.bc>:_printk	</harden/bcfiles/linux_bcfiles/rev_chardev.bc>:reverse_init:94:5:getelementptr inbounds ([8 x i8], [8 x i8]* @.str, i64 0, i64 0)	1
</harden/bcfiles/linux_bcfiles/rev_chardev.bc>:reverse_exit:2	</harden/bcfiles/linux_bcfiles/rev_chardev.bc>:llvm.dbg.declare	</harden/bcfiles/linux_bcfiles/rev_chardev.bc>:reverse_exit:i32* %1	0
</harden/bcfiles/linux_bcfiles/rev_chardev.bc>:reverse_exit:2	</harden/bcfiles/linux_bcfiles/rev_chardev.bc>:llvm.dbg.declare	</harden/bcfiles/linux_bcfiles/rev_chardev.bc>:reverse_exit:!4309	1
</harden/bcfiles/linux_bcfiles/rev_chardev.bc>:reverse_exit:2	</harden/bcfiles/linux_bcfiles/rev_chardev.bc>:llvm.dbg.declare	</harden/bcfiles/linux_bcfiles/rev_chardev.bc>:reverse_exit:!DIExpression()	2
</harden/bcfiles/linux_bcfiles/rev_chardev.bc>:reverse_exit:6	</harden/bcfiles/linux_bcfiles/rev_chardev.bc>:device_destroy	</harden/bcfiles/linux_bcfiles/rev_chardev.bc>:reverse_exit:%3	0
</harden/bcfiles/linux_bcfiles/rev_chardev.bc>:reverse_exit:6	</harden/bcfiles/linux_bcfiles/rev_chardev.bc>:device_destroy	</harden/bcfiles/linux_bcfiles/rev_chardev.bc>:reverse_exit:%4	1
</harden/bcfiles/linux_bcfiles/rev_chardev.bc>:reverse_exit:8	</harden/bcfiles/linux_bcfiles/rev_chardev.bc>:class_unregister	</harden/bcfiles/linux_bcfiles/rev_chardev.bc>:reverse_exit:%5	0
</harden/bcfiles/linux_bcfiles/rev_chardev.bc>:reverse_exit:10	</harden/bcfiles/linux_bcfiles/rev_chardev.bc>:class_destroy	</harden/bcfiles/linux_bcfiles/rev_chardev.bc>:reverse_exit:%6	0
</harden/bcfiles/linux_bcfiles/rev_chardev.bc>:reverse_exit:11	</harden/bcfiles/linux_bcfiles/rev_chardev.bc>:cdev_del	</harden/bcfiles/linux_bcfiles/rev_chardev.bc>:reverse_exit:11:1:@rev_cdev	0
</harden/bcfiles/linux_bcfiles/rev_chardev.bc>:reverse_exit:13	</harden/bcfiles/linux_bcfiles/rev_chardev.bc>:unregister_chrdev_region	</harden/bcfiles/linux_bcfiles/rev_chardev.bc>:reverse_exit:%7	0
</harden/bcfiles/linux_bcfiles/rev_chardev.bc>:reverse_exit:13	</harden/bcfiles/linux_bcfiles/rev_chardev.bc>:unregister_chrdev_region	</harden/bcfiles/linux_bcfiles/rev_chardev.bc>:reverse_exit:13:1:1	1
</harden/bcfiles/linux_bcfiles/rev_chardev.bc>:reverse_exit:16	</harden/bcfiles/linux_bcfiles/rev_chardev.bc>:_printk	</harden/bcfiles/linux_bcfiles/rev_chardev.bc>:reverse_exit:16:1:getelementptr inbounds ([13 x i8], [13 x i8]* @.str.15, i64 0, i64 0)	0
</harden/bcfiles/linux_bcfiles/rev_chardev.bc>:reverse_exit:16	</harden/bcfiles/linux_bcfiles/rev_chardev.bc>:_printk	</harden/bcfiles/linux_bcfiles/rev_chardev.bc>:reverse_exit:16:5:getelementptr inbounds ([8 x i8], [8 x i8]* @.str, i64 0, i64 0)	1
</harden/bcfiles/linux_bcfiles/rev_chardev.bc>:IS_ERR:2	</harden/bcfiles/linux_bcfiles/rev_chardev.bc>:llvm.dbg.declare	</harden/bcfiles/linux_bcfiles/rev_chardev.bc>:IS_ERR:i8** %2	0
</harden/bcfiles/linux_bcfiles/rev_chardev.bc>:IS_ERR:2	</harden/bcfiles/linux_bcfiles/rev_chardev.bc>:llvm.dbg.declare	</harden/bcfiles/linux_bcfiles/rev_chardev.bc>:IS_ERR:!4330	1
</harden/bcfiles/linux_bcfiles/rev_chardev.bc>:IS_ERR:2	</harden/bcfiles/linux_bcfiles/rev_chardev.bc>:llvm.dbg.declare	</harden/bcfiles/linux_bcfiles/rev_chardev.bc>:IS_ERR:!DIExpression()	2
</harden/bcfiles/linux_bcfiles/rev_chardev.bc>:PTR_ERR:2	</harden/bcfiles/linux_bcfiles/rev_chardev.bc>:llvm.dbg.declare	</harden/bcfiles/linux_bcfiles/rev_chardev.bc>:PTR_ERR:i8** %2	0
</harden/bcfiles/linux_bcfiles/rev_chardev.bc>:PTR_ERR:2	</harden/bcfiles/linux_bcfiles/rev_chardev.bc>:llvm.dbg.declare	</harden/bcfiles/linux_bcfiles/rev_chardev.bc>:PTR_ERR:!4337	1
</harden/bcfiles/linux_bcfiles/rev_chardev.bc>:PTR_ERR:2	</harden/bcfiles/linux_bcfiles/rev_chardev.bc>:llvm.dbg.declare	</harden/bcfiles/linux_bcfiles/rev_chardev.bc>:PTR_ERR:!DIExpression()	2
</harden/bcfiles/linux_bcfiles/rev_chardev.bc>:rev_devnode:3	</harden/bcfiles/linux_bcfiles/rev_chardev.bc>:llvm.dbg.declare	</harden/bcfiles/linux_bcfiles/rev_chardev.bc>:rev_devnode:%struct.device** %3	0
</harden/bcfiles/linux_bcfiles/rev_chardev.bc>:rev_devnode:3	</harden/bcfiles/linux_bcfiles/rev_chardev.bc>:llvm.dbg.declare	</harden/bcfiles/linux_bcfiles/rev_chardev.bc>:rev_devnode:!4343	1
</harden/bcfiles/linux_bcfiles/rev_chardev.bc>:rev_devnode:3	</harden/bcfiles/linux_bcfiles/rev_chardev.bc>:llvm.dbg.declare	</harden/bcfiles/linux_bcfiles/rev_chardev.bc>:rev_devnode:!DIExpression()	2
</harden/bcfiles/linux_bcfiles/rev_chardev.bc>:rev_devnode:5	</harden/bcfiles/linux_bcfiles/rev_chardev.bc>:llvm.dbg.declare	</harden/bcfiles/linux_bcfiles/rev_chardev.bc>:rev_devnode:!DIExpression()	2
</harden/bcfiles/linux_bcfiles/rev_chardev.bc>:rev_devnode:5	</harden/bcfiles/linux_bcfiles/rev_chardev.bc>:llvm.dbg.declare	</harden/bcfiles/linux_bcfiles/rev_chardev.bc>:rev_devnode:i16** %4	0
</harden/bcfiles/linux_bcfiles/rev_chardev.bc>:rev_devnode:5	</harden/bcfiles/linux_bcfiles/rev_chardev.bc>:llvm.dbg.declare	</harden/bcfiles/linux_bcfiles/rev_chardev.bc>:rev_devnode:!4345	1
</harden/bcfiles/linux_bcfiles/rev_chardev.bc>:dev_read:25	</harden/bcfiles/linux_bcfiles/rev_chardev.bc>:llvm.dbg.declare	</harden/bcfiles/linux_bcfiles/rev_chardev.bc>:dev_read:%struct.file** %17	0
</harden/bcfiles/linux_bcfiles/rev_chardev.bc>:dev_read:25	</harden/bcfiles/linux_bcfiles/rev_chardev.bc>:llvm.dbg.declare	</harden/bcfiles/linux_bcfiles/rev_chardev.bc>:dev_read:!4355	1
</harden/bcfiles/linux_bcfiles/rev_chardev.bc>:dev_read:25	</harden/bcfiles/linux_bcfiles/rev_chardev.bc>:llvm.dbg.declare	</harden/bcfiles/linux_bcfiles/rev_chardev.bc>:dev_read:!DIExpression()	2
</harden/bcfiles/linux_bcfiles/rev_chardev.bc>:dev_read:27	</harden/bcfiles/linux_bcfiles/rev_chardev.bc>:llvm.dbg.declare	</harden/bcfiles/linux_bcfiles/rev_chardev.bc>:dev_read:!DIExpression()	2
</harden/bcfiles/linux_bcfiles/rev_chardev.bc>:dev_read:27	</harden/bcfiles/linux_bcfiles/rev_chardev.bc>:llvm.dbg.declare	</harden/bcfiles/linux_bcfiles/rev_chardev.bc>:dev_read:i8** %18	0
</harden/bcfiles/linux_bcfiles/rev_chardev.bc>:dev_read:27	</harden/bcfiles/linux_bcfiles/rev_chardev.bc>:llvm.dbg.declare	</harden/bcfiles/linux_bcfiles/rev_chardev.bc>:dev_read:!4357	1
</harden/bcfiles/linux_bcfiles/rev_chardev.bc>:dev_read:29	</harden/bcfiles/linux_bcfiles/rev_chardev.bc>:llvm.dbg.declare	</harden/bcfiles/linux_bcfiles/rev_chardev.bc>:dev_read:!DIExpression()	2
</harden/bcfiles/linux_bcfiles/rev_chardev.bc>:dev_read:29	</harden/bcfiles/linux_bcfiles/rev_chardev.bc>:llvm.dbg.declare	</harden/bcfiles/linux_bcfiles/rev_chardev.bc>:dev_read:i64* %19	0
</harden/bcfiles/linux_bcfiles/rev_chardev.bc>:dev_read:29	</harden/bcfiles/linux_bcfiles/rev_chardev.bc>:llvm.dbg.declare	</harden/bcfiles/linux_bcfiles/rev_chardev.bc>:dev_read:!4359	1
</harden/bcfiles/linux_bcfiles/rev_chardev.bc>:dev_read:31	</harden/bcfiles/linux_bcfiles/rev_chardev.bc>:llvm.dbg.declare	</harden/bcfiles/linux_bcfiles/rev_chardev.bc>:dev_read:!DIExpression()	2
</harden/bcfiles/linux_bcfiles/rev_chardev.bc>:dev_read:31	</harden/bcfiles/linux_bcfiles/rev_chardev.bc>:llvm.dbg.declare	</harden/bcfiles/linux_bcfiles/rev_chardev.bc>:dev_read:i64** %20	0
</harden/bcfiles/linux_bcfiles/rev_chardev.bc>:dev_read:31	</harden/bcfiles/linux_bcfiles/rev_chardev.bc>:llvm.dbg.declare	</harden/bcfiles/linux_bcfiles/rev_chardev.bc>:dev_read:!4361	1
</harden/bcfiles/linux_bcfiles/rev_chardev.bc>:dev_read:32	</harden/bcfiles/linux_bcfiles/rev_chardev.bc>:llvm.dbg.declare	</harden/bcfiles/linux_bcfiles/rev_chardev.bc>:dev_read:!DIExpression()	2
</harden/bcfiles/linux_bcfiles/rev_chardev.bc>:dev_read:32	</harden/bcfiles/linux_bcfiles/rev_chardev.bc>:llvm.dbg.declare	</harden/bcfiles/linux_bcfiles/rev_chardev.bc>:dev_read:i32* %21	0
</harden/bcfiles/linux_bcfiles/rev_chardev.bc>:dev_read:32	</harden/bcfiles/linux_bcfiles/rev_chardev.bc>:llvm.dbg.declare	</harden/bcfiles/linux_bcfiles/rev_chardev.bc>:dev_read:!4363	1
</harden/bcfiles/linux_bcfiles/rev_chardev.bc>:dev_read:33	</harden/bcfiles/linux_bcfiles/rev_chardev.bc>:llvm.dbg.declare	</harden/bcfiles/linux_bcfiles/rev_chardev.bc>:dev_read:!DIExpression()	2
</harden/bcfiles/linux_bcfiles/rev_chardev.bc>:dev_read:33	</harden/bcfiles/linux_bcfiles/rev_chardev.bc>:llvm.dbg.declare	</harden/bcfiles/linux_bcfiles/rev_chardev.bc>:dev_read:i32* %22	0
</harden/bcfiles/linux_bcfiles/rev_chardev.bc>:dev_read:33	</harden/bcfiles/linux_bcfiles/rev_chardev.bc>:llvm.dbg.declare	</harden/bcfiles/linux_bcfiles/rev_chardev.bc>:dev_read:!4365	1
</harden/bcfiles/linux_bcfiles/rev_chardev.bc>:dev_read:34	</harden/bcfiles/linux_bcfiles/rev_chardev.bc>:mutex_lock	</harden/bcfiles/linux_bcfiles/rev_chardev.bc>:dev_read:34:1:@rev_mutex	0
</harden/bcfiles/linux_bcfiles/rev_chardev.bc>:dev_read:35	</harden/bcfiles/linux_bcfiles/rev_chardev.bc>:llvm.dbg.declare	</harden/bcfiles/linux_bcfiles/rev_chardev.bc>:dev_read:!DIExpression()	2
</harden/bcfiles/linux_bcfiles/rev_chardev.bc>:dev_read:35	</harden/bcfiles/linux_bcfiles/rev_chardev.bc>:llvm.dbg.declare	</harden/bcfiles/linux_bcfiles/rev_chardev.bc>:dev_read:i64* %23	0
</harden/bcfiles/linux_bcfiles/rev_chardev.bc>:dev_read:35	</harden/bcfiles/linux_bcfiles/rev_chardev.bc>:llvm.dbg.declare	</harden/bcfiles/linux_bcfiles/rev_chardev.bc>:dev_read:!4368	1
</harden/bcfiles/linux_bcfiles/rev_chardev.bc>:dev_read:38	</harden/bcfiles/linux_bcfiles/rev_chardev.bc>:llvm.dbg.declare	</harden/bcfiles/linux_bcfiles/rev_chardev.bc>:dev_read:!DIExpression()	2
</harden/bcfiles/linux_bcfiles/rev_chardev.bc>:dev_read:38	</harden/bcfiles/linux_bcfiles/rev_chardev.bc>:llvm.dbg.declare	</harden/bcfiles/linux_bcfiles/rev_chardev.bc>:dev_read:i64* %24	0
</harden/bcfiles/linux_bcfiles/rev_chardev.bc>:dev_read:38	</harden/bcfiles/linux_bcfiles/rev_chardev.bc>:llvm.dbg.declare	</harden/bcfiles/linux_bcfiles/rev_chardev.bc>:dev_read:!4371	1
</harden/bcfiles/linux_bcfiles/rev_chardev.bc>:dev_read:63	</harden/bcfiles/linux_bcfiles/rev_chardev.bc>:_printk	</harden/bcfiles/linux_bcfiles/rev_chardev.bc>:dev_read:63:1:getelementptr inbounds ([22 x i8], [22 x i8]* @.str.7, i64 0, i64 0)	0
</harden/bcfiles/linux_bcfiles/rev_chardev.bc>:dev_read:63	</harden/bcfiles/linux_bcfiles/rev_chardev.bc>:_printk	</harden/bcfiles/linux_bcfiles/rev_chardev.bc>:dev_read:63:5:getelementptr inbounds ([8 x i8], [8 x i8]* @.str, i64 0, i64 0)	1
</harden/bcfiles/linux_bcfiles/rev_chardev.bc>:dev_read:66	</harden/bcfiles/linux_bcfiles/rev_chardev.bc>:mutex_unlock	</harden/bcfiles/linux_bcfiles/rev_chardev.bc>:dev_read:66:1:@rev_mutex	0
</harden/bcfiles/linux_bcfiles/rev_chardev.bc>:dev_read:76	</harden/bcfiles/linux_bcfiles/rev_chardev.bc>:llvm.dbg.declare	</harden/bcfiles/linux_bcfiles/rev_chardev.bc>:dev_read:!DIExpression()	2
</harden/bcfiles/linux_bcfiles/rev_chardev.bc>:dev_read:76	</harden/bcfiles/linux_bcfiles/rev_chardev.bc>:llvm.dbg.declare	</harden/bcfiles/linux_bcfiles/rev_chardev.bc>:dev_read:i8** %13	0
</harden/bcfiles/linux_bcfiles/rev_chardev.bc>:dev_read:76	</harden/bcfiles/linux_bcfiles/rev_chardev.bc>:llvm.dbg.declare	</harden/bcfiles/linux_bcfiles/rev_chardev.bc>:dev_read:!4390	1
</harden/bcfiles/linux_bcfiles/rev_chardev.bc>:dev_read:78	</harden/bcfiles/linux_bcfiles/rev_chardev.bc>:llvm.dbg.declare	</harden/bcfiles/linux_bcfiles/rev_chardev.bc>:dev_read:!DIExpression()	2
</harden/bcfiles/linux_bcfiles/rev_chardev.bc>:dev_read:78	</harden/bcfiles/linux_bcfiles/rev_chardev.bc>:llvm.dbg.declare	</harden/bcfiles/linux_bcfiles/rev_chardev.bc>:dev_read:i8** %14	0
</harden/bcfiles/linux_bcfiles/rev_chardev.bc>:dev_read:78	</harden/bcfiles/linux_bcfiles/rev_chardev.bc>:llvm.dbg.declare	</harden/bcfiles/linux_bcfiles/rev_chardev.bc>:dev_read:!4397	1
</harden/bcfiles/linux_bcfiles/rev_chardev.bc>:dev_read:80	</harden/bcfiles/linux_bcfiles/rev_chardev.bc>:llvm.dbg.declare	</harden/bcfiles/linux_bcfiles/rev_chardev.bc>:dev_read:!DIExpression()	2
</harden/bcfiles/linux_bcfiles/rev_chardev.bc>:dev_read:80	</harden/bcfiles/linux_bcfiles/rev_chardev.bc>:llvm.dbg.declare	</harden/bcfiles/linux_bcfiles/rev_chardev.bc>:dev_read:i64* %15	0
</harden/bcfiles/linux_bcfiles/rev_chardev.bc>:dev_read:80	</harden/bcfiles/linux_bcfiles/rev_chardev.bc>:llvm.dbg.declare	</harden/bcfiles/linux_bcfiles/rev_chardev.bc>:dev_read:!4399	1
</harden/bcfiles/linux_bcfiles/rev_chardev.bc>:dev_read:84	</harden/bcfiles/linux_bcfiles/rev_chardev.bc>:llvm.dbg.declare	</harden/bcfiles/linux_bcfiles/rev_chardev.bc>:dev_read:!DIExpression()	2
</harden/bcfiles/linux_bcfiles/rev_chardev.bc>:dev_read:84	</harden/bcfiles/linux_bcfiles/rev_chardev.bc>:llvm.dbg.declare	</harden/bcfiles/linux_bcfiles/rev_chardev.bc>:dev_read:i8** %6	0
</harden/bcfiles/linux_bcfiles/rev_chardev.bc>:dev_read:84	</harden/bcfiles/linux_bcfiles/rev_chardev.bc>:llvm.dbg.declare	</harden/bcfiles/linux_bcfiles/rev_chardev.bc>:dev_read:!4404	1
</harden/bcfiles/linux_bcfiles/rev_chardev.bc>:dev_read:86	</harden/bcfiles/linux_bcfiles/rev_chardev.bc>:llvm.dbg.declare	</harden/bcfiles/linux_bcfiles/rev_chardev.bc>:dev_read:!DIExpression()	2
</harden/bcfiles/linux_bcfiles/rev_chardev.bc>:dev_read:86	</harden/bcfiles/linux_bcfiles/rev_chardev.bc>:llvm.dbg.declare	</harden/bcfiles/linux_bcfiles/rev_chardev.bc>:dev_read:i64* %7	0
</harden/bcfiles/linux_bcfiles/rev_chardev.bc>:dev_read:86	</harden/bcfiles/linux_bcfiles/rev_chardev.bc>:llvm.dbg.declare	</harden/bcfiles/linux_bcfiles/rev_chardev.bc>:dev_read:!4411	1
</harden/bcfiles/linux_bcfiles/rev_chardev.bc>:dev_read:88	</harden/bcfiles/linux_bcfiles/rev_chardev.bc>:llvm.dbg.declare	</harden/bcfiles/linux_bcfiles/rev_chardev.bc>:dev_read:!DIExpression()	2
</harden/bcfiles/linux_bcfiles/rev_chardev.bc>:dev_read:88	</harden/bcfiles/linux_bcfiles/rev_chardev.bc>:llvm.dbg.declare	</harden/bcfiles/linux_bcfiles/rev_chardev.bc>:dev_read:i8* %8	0
</harden/bcfiles/linux_bcfiles/rev_chardev.bc>:dev_read:88	</harden/bcfiles/linux_bcfiles/rev_chardev.bc>:llvm.dbg.declare	</harden/bcfiles/linux_bcfiles/rev_chardev.bc>:dev_read:!4413	1
</harden/bcfiles/linux_bcfiles/rev_chardev.bc>:dev_read:89	</harden/bcfiles/linux_bcfiles/rev_chardev.bc>:llvm.dbg.declare	</harden/bcfiles/linux_bcfiles/rev_chardev.bc>:dev_read:!DIExpression()	2
</harden/bcfiles/linux_bcfiles/rev_chardev.bc>:dev_read:89	</harden/bcfiles/linux_bcfiles/rev_chardev.bc>:llvm.dbg.declare	</harden/bcfiles/linux_bcfiles/rev_chardev.bc>:dev_read:i32* %9	0
</harden/bcfiles/linux_bcfiles/rev_chardev.bc>:dev_read:89	</harden/bcfiles/linux_bcfiles/rev_chardev.bc>:llvm.dbg.declare	</harden/bcfiles/linux_bcfiles/rev_chardev.bc>:dev_read:!4415	1
</harden/bcfiles/linux_bcfiles/rev_chardev.bc>:dev_read:91	</harden/bcfiles/linux_bcfiles/rev_chardev.bc>:llvm.objectsize.i64.p0i8	</harden/bcfiles/linux_bcfiles/rev_chardev.bc>:dev_read:%62	0
</harden/bcfiles/linux_bcfiles/rev_chardev.bc>:dev_read:91	</harden/bcfiles/linux_bcfiles/rev_chardev.bc>:llvm.objectsize.i64.p0i8	</harden/bcfiles/linux_bcfiles/rev_chardev.bc>:dev_read:91:1:false	1
</harden/bcfiles/linux_bcfiles/rev_chardev.bc>:dev_read:91	</harden/bcfiles/linux_bcfiles/rev_chardev.bc>:llvm.objectsize.i64.p0i8	</harden/bcfiles/linux_bcfiles/rev_chardev.bc>:dev_read:91:2:true	2
</harden/bcfiles/linux_bcfiles/rev_chardev.bc>:dev_read:91	</harden/bcfiles/linux_bcfiles/rev_chardev.bc>:llvm.objectsize.i64.p0i8	</harden/bcfiles/linux_bcfiles/rev_chardev.bc>:dev_read:91:3:false	3
</harden/bcfiles/linux_bcfiles/rev_chardev.bc>:dev_read:108	</harden/bcfiles/linux_bcfiles/rev_chardev.bc>:llvm.is.constant.i64	</harden/bcfiles/linux_bcfiles/rev_chardev.bc>:dev_read:%78	0
</harden/bcfiles/linux_bcfiles/rev_chardev.bc>:dev_read:112	</harden/bcfiles/linux_bcfiles/rev_chardev.bc>:copy_overflow	</harden/bcfiles/linux_bcfiles/rev_chardev.bc>:dev_read:%81	0
</harden/bcfiles/linux_bcfiles/rev_chardev.bc>:dev_read:112	</harden/bcfiles/linux_bcfiles/rev_chardev.bc>:copy_overflow	</harden/bcfiles/linux_bcfiles/rev_chardev.bc>:dev_read:%82	1
</harden/bcfiles/linux_bcfiles/rev_chardev.bc>:dev_read:124	</harden/bcfiles/linux_bcfiles/rev_chardev.bc>:llvm.dbg.declare	</harden/bcfiles/linux_bcfiles/rev_chardev.bc>:dev_read:!DIExpression()	2
</harden/bcfiles/linux_bcfiles/rev_chardev.bc>:dev_read:124	</harden/bcfiles/linux_bcfiles/rev_chardev.bc>:llvm.dbg.declare	</harden/bcfiles/linux_bcfiles/rev_chardev.bc>:dev_read:i32* %10	0
</harden/bcfiles/linux_bcfiles/rev_chardev.bc>:dev_read:124	</harden/bcfiles/linux_bcfiles/rev_chardev.bc>:llvm.dbg.declare	</harden/bcfiles/linux_bcfiles/rev_chardev.bc>:dev_read:!4439	1
</harden/bcfiles/linux_bcfiles/rev_chardev.bc>:dev_read:136	</harden/bcfiles/linux_bcfiles/rev_chardev.bc>:llvm.dbg.declare	</harden/bcfiles/linux_bcfiles/rev_chardev.bc>:dev_read:!DIExpression()	2
</harden/bcfiles/linux_bcfiles/rev_chardev.bc>:dev_read:136	</harden/bcfiles/linux_bcfiles/rev_chardev.bc>:llvm.dbg.declare	</harden/bcfiles/linux_bcfiles/rev_chardev.bc>:dev_read:i32* %11	0
</harden/bcfiles/linux_bcfiles/rev_chardev.bc>:dev_read:136	</harden/bcfiles/linux_bcfiles/rev_chardev.bc>:llvm.dbg.declare	</harden/bcfiles/linux_bcfiles/rev_chardev.bc>:dev_read:!4445	1
</harden/bcfiles/linux_bcfiles/rev_chardev.bc>:dev_read:156	</harden/bcfiles/linux_bcfiles/rev_chardev.bc>:check_object_size	</harden/bcfiles/linux_bcfiles/rev_chardev.bc>:dev_read:%112	0
</harden/bcfiles/linux_bcfiles/rev_chardev.bc>:dev_read:156	</harden/bcfiles/linux_bcfiles/rev_chardev.bc>:check_object_size	</harden/bcfiles/linux_bcfiles/rev_chardev.bc>:dev_read:%113	1
</harden/bcfiles/linux_bcfiles/rev_chardev.bc>:dev_read:156	</harden/bcfiles/linux_bcfiles/rev_chardev.bc>:check_object_size	</harden/bcfiles/linux_bcfiles/rev_chardev.bc>:dev_read:%115	2
</harden/bcfiles/linux_bcfiles/rev_chardev.bc>:dev_read:164	</harden/bcfiles/linux_bcfiles/rev_chardev.bc>:_copy_to_user	</harden/bcfiles/linux_bcfiles/rev_chardev.bc>:dev_read:%119	0
</harden/bcfiles/linux_bcfiles/rev_chardev.bc>:dev_read:164	</harden/bcfiles/linux_bcfiles/rev_chardev.bc>:_copy_to_user	</harden/bcfiles/linux_bcfiles/rev_chardev.bc>:dev_read:%120	1
</harden/bcfiles/linux_bcfiles/rev_chardev.bc>:dev_read:164	</harden/bcfiles/linux_bcfiles/rev_chardev.bc>:_copy_to_user	</harden/bcfiles/linux_bcfiles/rev_chardev.bc>:dev_read:%121	2
</harden/bcfiles/linux_bcfiles/rev_chardev.bc>:dev_read:182	</harden/bcfiles/linux_bcfiles/rev_chardev.bc>:_printk	</harden/bcfiles/linux_bcfiles/rev_chardev.bc>:dev_read:182:1:getelementptr inbounds ([38 x i8], [38 x i8]* @.str.8, i64 0, i64 0)	0
</harden/bcfiles/linux_bcfiles/rev_chardev.bc>:dev_read:182	</harden/bcfiles/linux_bcfiles/rev_chardev.bc>:_printk	</harden/bcfiles/linux_bcfiles/rev_chardev.bc>:dev_read:182:5:getelementptr inbounds ([8 x i8], [8 x i8]* @.str, i64 0, i64 0)	1
</harden/bcfiles/linux_bcfiles/rev_chardev.bc>:dev_read:182	</harden/bcfiles/linux_bcfiles/rev_chardev.bc>:_printk	</harden/bcfiles/linux_bcfiles/rev_chardev.bc>:dev_read:%136	2
</harden/bcfiles/linux_bcfiles/rev_chardev.bc>:dev_read:185	</harden/bcfiles/linux_bcfiles/rev_chardev.bc>:mutex_unlock	</harden/bcfiles/linux_bcfiles/rev_chardev.bc>:dev_read:185:1:@rev_mutex	0
</harden/bcfiles/linux_bcfiles/rev_chardev.bc>:dev_read:193	</harden/bcfiles/linux_bcfiles/rev_chardev.bc>:_printk	</harden/bcfiles/linux_bcfiles/rev_chardev.bc>:dev_read:193:1:getelementptr inbounds ([48 x i8], [48 x i8]* @.str.9, i64 0, i64 0)	0
</harden/bcfiles/linux_bcfiles/rev_chardev.bc>:dev_read:193	</harden/bcfiles/linux_bcfiles/rev_chardev.bc>:_printk	</harden/bcfiles/linux_bcfiles/rev_chardev.bc>:dev_read:193:5:getelementptr inbounds ([8 x i8], [8 x i8]* @.str, i64 0, i64 0)	1
</harden/bcfiles/linux_bcfiles/rev_chardev.bc>:dev_read:193	</harden/bcfiles/linux_bcfiles/rev_chardev.bc>:_printk	</harden/bcfiles/linux_bcfiles/rev_chardev.bc>:dev_read:%144	2
</harden/bcfiles/linux_bcfiles/rev_chardev.bc>:dev_read:196	</harden/bcfiles/linux_bcfiles/rev_chardev.bc>:mutex_unlock	</harden/bcfiles/linux_bcfiles/rev_chardev.bc>:dev_read:196:1:@rev_mutex	0
</harden/bcfiles/linux_bcfiles/rev_chardev.bc>:dev_write:24	</harden/bcfiles/linux_bcfiles/rev_chardev.bc>:llvm.dbg.declare	</harden/bcfiles/linux_bcfiles/rev_chardev.bc>:dev_write:%struct.file** %17	0
</harden/bcfiles/linux_bcfiles/rev_chardev.bc>:dev_write:24	</harden/bcfiles/linux_bcfiles/rev_chardev.bc>:llvm.dbg.declare	</harden/bcfiles/linux_bcfiles/rev_chardev.bc>:dev_write:!4494	1
</harden/bcfiles/linux_bcfiles/rev_chardev.bc>:dev_write:24	</harden/bcfiles/linux_bcfiles/rev_chardev.bc>:llvm.dbg.declare	</harden/bcfiles/linux_bcfiles/rev_chardev.bc>:dev_write:!DIExpression()	2
</harden/bcfiles/linux_bcfiles/rev_chardev.bc>:dev_write:26	</harden/bcfiles/linux_bcfiles/rev_chardev.bc>:llvm.dbg.declare	</harden/bcfiles/linux_bcfiles/rev_chardev.bc>:dev_write:!DIExpression()	2
</harden/bcfiles/linux_bcfiles/rev_chardev.bc>:dev_write:26	</harden/bcfiles/linux_bcfiles/rev_chardev.bc>:llvm.dbg.declare	</harden/bcfiles/linux_bcfiles/rev_chardev.bc>:dev_write:i8** %18	0
</harden/bcfiles/linux_bcfiles/rev_chardev.bc>:dev_write:26	</harden/bcfiles/linux_bcfiles/rev_chardev.bc>:llvm.dbg.declare	</harden/bcfiles/linux_bcfiles/rev_chardev.bc>:dev_write:!4496	1
</harden/bcfiles/linux_bcfiles/rev_chardev.bc>:dev_write:28	</harden/bcfiles/linux_bcfiles/rev_chardev.bc>:llvm.dbg.declare	</harden/bcfiles/linux_bcfiles/rev_chardev.bc>:dev_write:!DIExpression()	2
</harden/bcfiles/linux_bcfiles/rev_chardev.bc>:dev_write:28	</harden/bcfiles/linux_bcfiles/rev_chardev.bc>:llvm.dbg.declare	</harden/bcfiles/linux_bcfiles/rev_chardev.bc>:dev_write:i64* %19	0
</harden/bcfiles/linux_bcfiles/rev_chardev.bc>:dev_write:28	</harden/bcfiles/linux_bcfiles/rev_chardev.bc>:llvm.dbg.declare	</harden/bcfiles/linux_bcfiles/rev_chardev.bc>:dev_write:!4498	1
</harden/bcfiles/linux_bcfiles/rev_chardev.bc>:dev_write:30	</harden/bcfiles/linux_bcfiles/rev_chardev.bc>:llvm.dbg.declare	</harden/bcfiles/linux_bcfiles/rev_chardev.bc>:dev_write:!DIExpression()	2
</harden/bcfiles/linux_bcfiles/rev_chardev.bc>:dev_write:30	</harden/bcfiles/linux_bcfiles/rev_chardev.bc>:llvm.dbg.declare	</harden/bcfiles/linux_bcfiles/rev_chardev.bc>:dev_write:i64** %20	0
</harden/bcfiles/linux_bcfiles/rev_chardev.bc>:dev_write:30	</harden/bcfiles/linux_bcfiles/rev_chardev.bc>:llvm.dbg.declare	</harden/bcfiles/linux_bcfiles/rev_chardev.bc>:dev_write:!4500	1
</harden/bcfiles/linux_bcfiles/rev_chardev.bc>:dev_write:31	</harden/bcfiles/linux_bcfiles/rev_chardev.bc>:llvm.dbg.declare	</harden/bcfiles/linux_bcfiles/rev_chardev.bc>:dev_write:!DIExpression()	2
</harden/bcfiles/linux_bcfiles/rev_chardev.bc>:dev_write:31	</harden/bcfiles/linux_bcfiles/rev_chardev.bc>:llvm.dbg.declare	</harden/bcfiles/linux_bcfiles/rev_chardev.bc>:dev_write:i32* %21	0
</harden/bcfiles/linux_bcfiles/rev_chardev.bc>:dev_write:31	</harden/bcfiles/linux_bcfiles/rev_chardev.bc>:llvm.dbg.declare	</harden/bcfiles/linux_bcfiles/rev_chardev.bc>:dev_write:!4502	1
</harden/bcfiles/linux_bcfiles/rev_chardev.bc>:dev_write:32	</harden/bcfiles/linux_bcfiles/rev_chardev.bc>:llvm.dbg.declare	</harden/bcfiles/linux_bcfiles/rev_chardev.bc>:dev_write:!DIExpression()	2
</harden/bcfiles/linux_bcfiles/rev_chardev.bc>:dev_write:32	</harden/bcfiles/linux_bcfiles/rev_chardev.bc>:llvm.dbg.declare	</harden/bcfiles/linux_bcfiles/rev_chardev.bc>:dev_write:i32* %22	0
</harden/bcfiles/linux_bcfiles/rev_chardev.bc>:dev_write:32	</harden/bcfiles/linux_bcfiles/rev_chardev.bc>:llvm.dbg.declare	</harden/bcfiles/linux_bcfiles/rev_chardev.bc>:dev_write:!4504	1
</harden/bcfiles/linux_bcfiles/rev_chardev.bc>:dev_write:33	</harden/bcfiles/linux_bcfiles/rev_chardev.bc>:mutex_lock	</harden/bcfiles/linux_bcfiles/rev_chardev.bc>:dev_write:33:1:@rev_mutex	0
</harden/bcfiles/linux_bcfiles/rev_chardev.bc>:dev_write:34	</harden/bcfiles/linux_bcfiles/rev_chardev.bc>:llvm.dbg.declare	</harden/bcfiles/linux_bcfiles/rev_chardev.bc>:dev_write:!DIExpression()	2
</harden/bcfiles/linux_bcfiles/rev_chardev.bc>:dev_write:34	</harden/bcfiles/linux_bcfiles/rev_chardev.bc>:llvm.dbg.declare	</harden/bcfiles/linux_bcfiles/rev_chardev.bc>:dev_write:i64* %23	0
</harden/bcfiles/linux_bcfiles/rev_chardev.bc>:dev_write:34	</harden/bcfiles/linux_bcfiles/rev_chardev.bc>:llvm.dbg.declare	</harden/bcfiles/linux_bcfiles/rev_chardev.bc>:dev_write:!4507	1
</harden/bcfiles/linux_bcfiles/rev_chardev.bc>:dev_write:37	</harden/bcfiles/linux_bcfiles/rev_chardev.bc>:llvm.dbg.declare	</harden/bcfiles/linux_bcfiles/rev_chardev.bc>:dev_write:!DIExpression()	2
</harden/bcfiles/linux_bcfiles/rev_chardev.bc>:dev_write:37	</harden/bcfiles/linux_bcfiles/rev_chardev.bc>:llvm.dbg.declare	</harden/bcfiles/linux_bcfiles/rev_chardev.bc>:dev_write:i64* %24	0
</harden/bcfiles/linux_bcfiles/rev_chardev.bc>:dev_write:37	</harden/bcfiles/linux_bcfiles/rev_chardev.bc>:llvm.dbg.declare	</harden/bcfiles/linux_bcfiles/rev_chardev.bc>:dev_write:!4510	1
</harden/bcfiles/linux_bcfiles/rev_chardev.bc>:dev_write:56	</harden/bcfiles/linux_bcfiles/rev_chardev.bc>:llvm.dbg.declare	</harden/bcfiles/linux_bcfiles/rev_chardev.bc>:dev_write:!DIExpression()	2
</harden/bcfiles/linux_bcfiles/rev_chardev.bc>:dev_write:56	</harden/bcfiles/linux_bcfiles/rev_chardev.bc>:llvm.dbg.declare	</harden/bcfiles/linux_bcfiles/rev_chardev.bc>:dev_write:i8** %13	0
</harden/bcfiles/linux_bcfiles/rev_chardev.bc>:dev_write:56	</harden/bcfiles/linux_bcfiles/rev_chardev.bc>:llvm.dbg.declare	</harden/bcfiles/linux_bcfiles/rev_chardev.bc>:dev_write:!4515	1
</harden/bcfiles/linux_bcfiles/rev_chardev.bc>:dev_write:58	</harden/bcfiles/linux_bcfiles/rev_chardev.bc>:llvm.dbg.declare	</harden/bcfiles/linux_bcfiles/rev_chardev.bc>:dev_write:!DIExpression()	2
</harden/bcfiles/linux_bcfiles/rev_chardev.bc>:dev_write:58	</harden/bcfiles/linux_bcfiles/rev_chardev.bc>:llvm.dbg.declare	</harden/bcfiles/linux_bcfiles/rev_chardev.bc>:dev_write:i8** %14	0
</harden/bcfiles/linux_bcfiles/rev_chardev.bc>:dev_write:58	</harden/bcfiles/linux_bcfiles/rev_chardev.bc>:llvm.dbg.declare	</harden/bcfiles/linux_bcfiles/rev_chardev.bc>:dev_write:!4519	1
</harden/bcfiles/linux_bcfiles/rev_chardev.bc>:dev_write:60	</harden/bcfiles/linux_bcfiles/rev_chardev.bc>:llvm.dbg.declare	</harden/bcfiles/linux_bcfiles/rev_chardev.bc>:dev_write:!DIExpression()	2
</harden/bcfiles/linux_bcfiles/rev_chardev.bc>:dev_write:60	</harden/bcfiles/linux_bcfiles/rev_chardev.bc>:llvm.dbg.declare	</harden/bcfiles/linux_bcfiles/rev_chardev.bc>:dev_write:i64* %15	0
</harden/bcfiles/linux_bcfiles/rev_chardev.bc>:dev_write:60	</harden/bcfiles/linux_bcfiles/rev_chardev.bc>:llvm.dbg.declare	</harden/bcfiles/linux_bcfiles/rev_chardev.bc>:dev_write:!4521	1
</harden/bcfiles/linux_bcfiles/rev_chardev.bc>:dev_write:64	</harden/bcfiles/linux_bcfiles/rev_chardev.bc>:llvm.dbg.declare	</harden/bcfiles/linux_bcfiles/rev_chardev.bc>:dev_write:!DIExpression()	2
</harden/bcfiles/linux_bcfiles/rev_chardev.bc>:dev_write:64	</harden/bcfiles/linux_bcfiles/rev_chardev.bc>:llvm.dbg.declare	</harden/bcfiles/linux_bcfiles/rev_chardev.bc>:dev_write:i8** %6	0
</harden/bcfiles/linux_bcfiles/rev_chardev.bc>:dev_write:64	</harden/bcfiles/linux_bcfiles/rev_chardev.bc>:llvm.dbg.declare	</harden/bcfiles/linux_bcfiles/rev_chardev.bc>:dev_write:!4404	1
</harden/bcfiles/linux_bcfiles/rev_chardev.bc>:dev_write:66	</harden/bcfiles/linux_bcfiles/rev_chardev.bc>:llvm.dbg.declare	</harden/bcfiles/linux_bcfiles/rev_chardev.bc>:dev_write:!DIExpression()	2
</harden/bcfiles/linux_bcfiles/rev_chardev.bc>:dev_write:66	</harden/bcfiles/linux_bcfiles/rev_chardev.bc>:llvm.dbg.declare	</harden/bcfiles/linux_bcfiles/rev_chardev.bc>:dev_write:i64* %7	0
</harden/bcfiles/linux_bcfiles/rev_chardev.bc>:dev_write:66	</harden/bcfiles/linux_bcfiles/rev_chardev.bc>:llvm.dbg.declare	</harden/bcfiles/linux_bcfiles/rev_chardev.bc>:dev_write:!4411	1
</harden/bcfiles/linux_bcfiles/rev_chardev.bc>:dev_write:68	</harden/bcfiles/linux_bcfiles/rev_chardev.bc>:llvm.dbg.declare	</harden/bcfiles/linux_bcfiles/rev_chardev.bc>:dev_write:!DIExpression()	2
</harden/bcfiles/linux_bcfiles/rev_chardev.bc>:dev_write:68	</harden/bcfiles/linux_bcfiles/rev_chardev.bc>:llvm.dbg.declare	</harden/bcfiles/linux_bcfiles/rev_chardev.bc>:dev_write:i8* %8	0
</harden/bcfiles/linux_bcfiles/rev_chardev.bc>:dev_write:68	</harden/bcfiles/linux_bcfiles/rev_chardev.bc>:llvm.dbg.declare	</harden/bcfiles/linux_bcfiles/rev_chardev.bc>:dev_write:!4413	1
</harden/bcfiles/linux_bcfiles/rev_chardev.bc>:dev_write:69	</harden/bcfiles/linux_bcfiles/rev_chardev.bc>:llvm.dbg.declare	</harden/bcfiles/linux_bcfiles/rev_chardev.bc>:dev_write:!DIExpression()	2
</harden/bcfiles/linux_bcfiles/rev_chardev.bc>:dev_write:69	</harden/bcfiles/linux_bcfiles/rev_chardev.bc>:llvm.dbg.declare	</harden/bcfiles/linux_bcfiles/rev_chardev.bc>:dev_write:i32* %9	0
</harden/bcfiles/linux_bcfiles/rev_chardev.bc>:dev_write:69	</harden/bcfiles/linux_bcfiles/rev_chardev.bc>:llvm.dbg.declare	</harden/bcfiles/linux_bcfiles/rev_chardev.bc>:dev_write:!4415	1
</harden/bcfiles/linux_bcfiles/rev_chardev.bc>:dev_write:71	</harden/bcfiles/linux_bcfiles/rev_chardev.bc>:llvm.objectsize.i64.p0i8	</harden/bcfiles/linux_bcfiles/rev_chardev.bc>:dev_write:%45	0
</harden/bcfiles/linux_bcfiles/rev_chardev.bc>:dev_write:71	</harden/bcfiles/linux_bcfiles/rev_chardev.bc>:llvm.objectsize.i64.p0i8	</harden/bcfiles/linux_bcfiles/rev_chardev.bc>:dev_write:71:1:false	1
</harden/bcfiles/linux_bcfiles/rev_chardev.bc>:dev_write:71	</harden/bcfiles/linux_bcfiles/rev_chardev.bc>:llvm.objectsize.i64.p0i8	</harden/bcfiles/linux_bcfiles/rev_chardev.bc>:dev_write:71:2:true	2
</harden/bcfiles/linux_bcfiles/rev_chardev.bc>:dev_write:71	</harden/bcfiles/linux_bcfiles/rev_chardev.bc>:llvm.objectsize.i64.p0i8	</harden/bcfiles/linux_bcfiles/rev_chardev.bc>:dev_write:71:3:false	3
</harden/bcfiles/linux_bcfiles/rev_chardev.bc>:dev_write:88	</harden/bcfiles/linux_bcfiles/rev_chardev.bc>:llvm.is.constant.i64	</harden/bcfiles/linux_bcfiles/rev_chardev.bc>:dev_write:%61	0
</harden/bcfiles/linux_bcfiles/rev_chardev.bc>:dev_write:92	</harden/bcfiles/linux_bcfiles/rev_chardev.bc>:copy_overflow	</harden/bcfiles/linux_bcfiles/rev_chardev.bc>:dev_write:%64	0
</harden/bcfiles/linux_bcfiles/rev_chardev.bc>:dev_write:92	</harden/bcfiles/linux_bcfiles/rev_chardev.bc>:copy_overflow	</harden/bcfiles/linux_bcfiles/rev_chardev.bc>:dev_write:%65	1
</harden/bcfiles/linux_bcfiles/rev_chardev.bc>:dev_write:104	</harden/bcfiles/linux_bcfiles/rev_chardev.bc>:llvm.dbg.declare	</harden/bcfiles/linux_bcfiles/rev_chardev.bc>:dev_write:!DIExpression()	2
</harden/bcfiles/linux_bcfiles/rev_chardev.bc>:dev_write:104	</harden/bcfiles/linux_bcfiles/rev_chardev.bc>:llvm.dbg.declare	</harden/bcfiles/linux_bcfiles/rev_chardev.bc>:dev_write:i32* %10	0
</harden/bcfiles/linux_bcfiles/rev_chardev.bc>:dev_write:104	</harden/bcfiles/linux_bcfiles/rev_chardev.bc>:llvm.dbg.declare	</harden/bcfiles/linux_bcfiles/rev_chardev.bc>:dev_write:!4439	1
</harden/bcfiles/linux_bcfiles/rev_chardev.bc>:dev_write:116	</harden/bcfiles/linux_bcfiles/rev_chardev.bc>:llvm.dbg.declare	</harden/bcfiles/linux_bcfiles/rev_chardev.bc>:dev_write:!DIExpression()	2
</harden/bcfiles/linux_bcfiles/rev_chardev.bc>:dev_write:116	</harden/bcfiles/linux_bcfiles/rev_chardev.bc>:llvm.dbg.declare	</harden/bcfiles/linux_bcfiles/rev_chardev.bc>:dev_write:i32* %11	0
</harden/bcfiles/linux_bcfiles/rev_chardev.bc>:dev_write:116	</harden/bcfiles/linux_bcfiles/rev_chardev.bc>:llvm.dbg.declare	</harden/bcfiles/linux_bcfiles/rev_chardev.bc>:dev_write:!4445	1
</harden/bcfiles/linux_bcfiles/rev_chardev.bc>:dev_write:136	</harden/bcfiles/linux_bcfiles/rev_chardev.bc>:check_object_size	</harden/bcfiles/linux_bcfiles/rev_chardev.bc>:dev_write:%95	0
</harden/bcfiles/linux_bcfiles/rev_chardev.bc>:dev_write:136	</harden/bcfiles/linux_bcfiles/rev_chardev.bc>:check_object_size	</harden/bcfiles/linux_bcfiles/rev_chardev.bc>:dev_write:%96	1
</harden/bcfiles/linux_bcfiles/rev_chardev.bc>:dev_write:136	</harden/bcfiles/linux_bcfiles/rev_chardev.bc>:check_object_size	</harden/bcfiles/linux_bcfiles/rev_chardev.bc>:dev_write:%98	2
</harden/bcfiles/linux_bcfiles/rev_chardev.bc>:dev_write:144	</harden/bcfiles/linux_bcfiles/rev_chardev.bc>:_copy_from_user	</harden/bcfiles/linux_bcfiles/rev_chardev.bc>:dev_write:%102	0
</harden/bcfiles/linux_bcfiles/rev_chardev.bc>:dev_write:144	</harden/bcfiles/linux_bcfiles/rev_chardev.bc>:_copy_from_user	</harden/bcfiles/linux_bcfiles/rev_chardev.bc>:dev_write:%103	1
</harden/bcfiles/linux_bcfiles/rev_chardev.bc>:dev_write:144	</harden/bcfiles/linux_bcfiles/rev_chardev.bc>:_copy_from_user	</harden/bcfiles/linux_bcfiles/rev_chardev.bc>:dev_write:%104	2
</harden/bcfiles/linux_bcfiles/rev_chardev.bc>:dev_write:162	</harden/bcfiles/linux_bcfiles/rev_chardev.bc>:reverse_string	</harden/bcfiles/linux_bcfiles/rev_chardev.bc>:dev_write:162:1:getelementptr inbounds ([1024 x i8], [1024 x i8]* @message, i64 0, i64 0)	0
</harden/bcfiles/linux_bcfiles/rev_chardev.bc>:dev_write:162	</harden/bcfiles/linux_bcfiles/rev_chardev.bc>:reverse_string	</harden/bcfiles/linux_bcfiles/rev_chardev.bc>:dev_write:%118	1
</harden/bcfiles/linux_bcfiles/rev_chardev.bc>:dev_write:166	</harden/bcfiles/linux_bcfiles/rev_chardev.bc>:_printk	</harden/bcfiles/linux_bcfiles/rev_chardev.bc>:dev_write:166:1:getelementptr inbounds ([44 x i8], [44 x i8]* @.str.11, i64 0, i64 0)	0
</harden/bcfiles/linux_bcfiles/rev_chardev.bc>:dev_write:166	</harden/bcfiles/linux_bcfiles/rev_chardev.bc>:_printk	</harden/bcfiles/linux_bcfiles/rev_chardev.bc>:dev_write:166:5:getelementptr inbounds ([8 x i8], [8 x i8]* @.str, i64 0, i64 0)	1
</harden/bcfiles/linux_bcfiles/rev_chardev.bc>:dev_write:166	</harden/bcfiles/linux_bcfiles/rev_chardev.bc>:_printk	</harden/bcfiles/linux_bcfiles/rev_chardev.bc>:dev_write:%121	2
</harden/bcfiles/linux_bcfiles/rev_chardev.bc>:dev_write:169	</harden/bcfiles/linux_bcfiles/rev_chardev.bc>:mutex_unlock	</harden/bcfiles/linux_bcfiles/rev_chardev.bc>:dev_write:169:1:@rev_mutex	0
</harden/bcfiles/linux_bcfiles/rev_chardev.bc>:dev_write:177	</harden/bcfiles/linux_bcfiles/rev_chardev.bc>:_printk	</harden/bcfiles/linux_bcfiles/rev_chardev.bc>:dev_write:177:1:getelementptr inbounds ([53 x i8], [53 x i8]* @.str.12, i64 0, i64 0)	0
</harden/bcfiles/linux_bcfiles/rev_chardev.bc>:dev_write:177	</harden/bcfiles/linux_bcfiles/rev_chardev.bc>:_printk	</harden/bcfiles/linux_bcfiles/rev_chardev.bc>:dev_write:177:5:getelementptr inbounds ([8 x i8], [8 x i8]* @.str, i64 0, i64 0)	1
</harden/bcfiles/linux_bcfiles/rev_chardev.bc>:dev_write:177	</harden/bcfiles/linux_bcfiles/rev_chardev.bc>:_printk	</harden/bcfiles/linux_bcfiles/rev_chardev.bc>:dev_write:%129	2
</harden/bcfiles/linux_bcfiles/rev_chardev.bc>:dev_write:180	</harden/bcfiles/linux_bcfiles/rev_chardev.bc>:mutex_unlock	</harden/bcfiles/linux_bcfiles/rev_chardev.bc>:dev_write:180:1:@rev_mutex	0
</harden/bcfiles/linux_bcfiles/rev_chardev.bc>:dev_open:4	</harden/bcfiles/linux_bcfiles/rev_chardev.bc>:llvm.dbg.declare	</harden/bcfiles/linux_bcfiles/rev_chardev.bc>:dev_open:%struct.inode** %3	0
</harden/bcfiles/linux_bcfiles/rev_chardev.bc>:dev_open:4	</harden/bcfiles/linux_bcfiles/rev_chardev.bc>:llvm.dbg.declare	</harden/bcfiles/linux_bcfiles/rev_chardev.bc>:dev_open:!4598	1
</harden/bcfiles/linux_bcfiles/rev_chardev.bc>:dev_open:4	</harden/bcfiles/linux_bcfiles/rev_chardev.bc>:llvm.dbg.declare	</harden/bcfiles/linux_bcfiles/rev_chardev.bc>:dev_open:!DIExpression()	2
</harden/bcfiles/linux_bcfiles/rev_chardev.bc>:dev_open:6	</harden/bcfiles/linux_bcfiles/rev_chardev.bc>:llvm.dbg.declare	</harden/bcfiles/linux_bcfiles/rev_chardev.bc>:dev_open:!DIExpression()	2
</harden/bcfiles/linux_bcfiles/rev_chardev.bc>:dev_open:6	</harden/bcfiles/linux_bcfiles/rev_chardev.bc>:llvm.dbg.declare	</harden/bcfiles/linux_bcfiles/rev_chardev.bc>:dev_open:%struct.file** %4	0
</harden/bcfiles/linux_bcfiles/rev_chardev.bc>:dev_open:6	</harden/bcfiles/linux_bcfiles/rev_chardev.bc>:llvm.dbg.declare	</harden/bcfiles/linux_bcfiles/rev_chardev.bc>:dev_open:!4600	1
</harden/bcfiles/linux_bcfiles/rev_chardev.bc>:dev_open:9	</harden/bcfiles/linux_bcfiles/rev_chardev.bc>:_printk	</harden/bcfiles/linux_bcfiles/rev_chardev.bc>:dev_open:9:1:getelementptr inbounds ([30 x i8], [30 x i8]* @.str.13, i64 0, i64 0)	0
</harden/bcfiles/linux_bcfiles/rev_chardev.bc>:dev_open:9	</harden/bcfiles/linux_bcfiles/rev_chardev.bc>:_printk	</harden/bcfiles/linux_bcfiles/rev_chardev.bc>:dev_open:9:5:getelementptr inbounds ([8 x i8], [8 x i8]* @.str, i64 0, i64 0)	1
</harden/bcfiles/linux_bcfiles/rev_chardev.bc>:dev_release:4	</harden/bcfiles/linux_bcfiles/rev_chardev.bc>:llvm.dbg.declare	</harden/bcfiles/linux_bcfiles/rev_chardev.bc>:dev_release:%struct.inode** %3	0
</harden/bcfiles/linux_bcfiles/rev_chardev.bc>:dev_release:4	</harden/bcfiles/linux_bcfiles/rev_chardev.bc>:llvm.dbg.declare	</harden/bcfiles/linux_bcfiles/rev_chardev.bc>:dev_release:!4608	1
</harden/bcfiles/linux_bcfiles/rev_chardev.bc>:dev_release:4	</harden/bcfiles/linux_bcfiles/rev_chardev.bc>:llvm.dbg.declare	</harden/bcfiles/linux_bcfiles/rev_chardev.bc>:dev_release:!DIExpression()	2
</harden/bcfiles/linux_bcfiles/rev_chardev.bc>:dev_release:6	</harden/bcfiles/linux_bcfiles/rev_chardev.bc>:llvm.dbg.declare	</harden/bcfiles/linux_bcfiles/rev_chardev.bc>:dev_release:!DIExpression()	2
</harden/bcfiles/linux_bcfiles/rev_chardev.bc>:dev_release:6	</harden/bcfiles/linux_bcfiles/rev_chardev.bc>:llvm.dbg.declare	</harden/bcfiles/linux_bcfiles/rev_chardev.bc>:dev_release:%struct.file** %4	0
</harden/bcfiles/linux_bcfiles/rev_chardev.bc>:dev_release:6	</harden/bcfiles/linux_bcfiles/rev_chardev.bc>:llvm.dbg.declare	</harden/bcfiles/linux_bcfiles/rev_chardev.bc>:dev_release:!4610	1
</harden/bcfiles/linux_bcfiles/rev_chardev.bc>:dev_release:9	</harden/bcfiles/linux_bcfiles/rev_chardev.bc>:_printk	</harden/bcfiles/linux_bcfiles/rev_chardev.bc>:dev_release:9:1:getelementptr inbounds ([34 x i8], [34 x i8]* @.str.14, i64 0, i64 0)	0
</harden/bcfiles/linux_bcfiles/rev_chardev.bc>:dev_release:9	</harden/bcfiles/linux_bcfiles/rev_chardev.bc>:_printk	</harden/bcfiles/linux_bcfiles/rev_chardev.bc>:dev_release:9:5:getelementptr inbounds ([8 x i8], [8 x i8]* @.str, i64 0, i64 0)	1
</harden/bcfiles/linux_bcfiles/rev_chardev.bc>:copy_overflow:3	</harden/bcfiles/linux_bcfiles/rev_chardev.bc>:llvm.dbg.declare	</harden/bcfiles/linux_bcfiles/rev_chardev.bc>:copy_overflow:i32* %3	0
</harden/bcfiles/linux_bcfiles/rev_chardev.bc>:copy_overflow:3	</harden/bcfiles/linux_bcfiles/rev_chardev.bc>:llvm.dbg.declare	</harden/bcfiles/linux_bcfiles/rev_chardev.bc>:copy_overflow:!4620	1
</harden/bcfiles/linux_bcfiles/rev_chardev.bc>:copy_overflow:3	</harden/bcfiles/linux_bcfiles/rev_chardev.bc>:llvm.dbg.declare	</harden/bcfiles/linux_bcfiles/rev_chardev.bc>:copy_overflow:!DIExpression()	2
</harden/bcfiles/linux_bcfiles/rev_chardev.bc>:copy_overflow:5	</harden/bcfiles/linux_bcfiles/rev_chardev.bc>:llvm.dbg.declare	</harden/bcfiles/linux_bcfiles/rev_chardev.bc>:copy_overflow:!DIExpression()	2
</harden/bcfiles/linux_bcfiles/rev_chardev.bc>:copy_overflow:5	</harden/bcfiles/linux_bcfiles/rev_chardev.bc>:llvm.dbg.declare	</harden/bcfiles/linux_bcfiles/rev_chardev.bc>:copy_overflow:i64* %4	0
</harden/bcfiles/linux_bcfiles/rev_chardev.bc>:copy_overflow:5	</harden/bcfiles/linux_bcfiles/rev_chardev.bc>:llvm.dbg.declare	</harden/bcfiles/linux_bcfiles/rev_chardev.bc>:copy_overflow:!4622	1
</harden/bcfiles/linux_bcfiles/rev_chardev.bc>:copy_overflow:8	</harden/bcfiles/linux_bcfiles/rev_chardev.bc>:__copy_overflow	</harden/bcfiles/linux_bcfiles/rev_chardev.bc>:copy_overflow:%5	0
</harden/bcfiles/linux_bcfiles/rev_chardev.bc>:copy_overflow:8	</harden/bcfiles/linux_bcfiles/rev_chardev.bc>:__copy_overflow	</harden/bcfiles/linux_bcfiles/rev_chardev.bc>:copy_overflow:%6	1
</harden/bcfiles/linux_bcfiles/rev_chardev.bc>:check_object_size:4	</harden/bcfiles/linux_bcfiles/rev_chardev.bc>:llvm.dbg.declare	</harden/bcfiles/linux_bcfiles/rev_chardev.bc>:check_object_size:i8** %4	0
</harden/bcfiles/linux_bcfiles/rev_chardev.bc>:check_object_size:4	</harden/bcfiles/linux_bcfiles/rev_chardev.bc>:llvm.dbg.declare	</harden/bcfiles/linux_bcfiles/rev_chardev.bc>:check_object_size:!4632	1
</harden/bcfiles/linux_bcfiles/rev_chardev.bc>:check_object_size:4	</harden/bcfiles/linux_bcfiles/rev_chardev.bc>:llvm.dbg.declare	</harden/bcfiles/linux_bcfiles/rev_chardev.bc>:check_object_size:!DIExpression()	2
</harden/bcfiles/linux_bcfiles/rev_chardev.bc>:check_object_size:6	</harden/bcfiles/linux_bcfiles/rev_chardev.bc>:llvm.dbg.declare	</harden/bcfiles/linux_bcfiles/rev_chardev.bc>:check_object_size:!DIExpression()	2
</harden/bcfiles/linux_bcfiles/rev_chardev.bc>:check_object_size:6	</harden/bcfiles/linux_bcfiles/rev_chardev.bc>:llvm.dbg.declare	</harden/bcfiles/linux_bcfiles/rev_chardev.bc>:check_object_size:i64* %5	0
</harden/bcfiles/linux_bcfiles/rev_chardev.bc>:check_object_size:6	</harden/bcfiles/linux_bcfiles/rev_chardev.bc>:llvm.dbg.declare	</harden/bcfiles/linux_bcfiles/rev_chardev.bc>:check_object_size:!4634	1
</harden/bcfiles/linux_bcfiles/rev_chardev.bc>:check_object_size:9	</harden/bcfiles/linux_bcfiles/rev_chardev.bc>:llvm.dbg.declare	</harden/bcfiles/linux_bcfiles/rev_chardev.bc>:check_object_size:!DIExpression()	2
</harden/bcfiles/linux_bcfiles/rev_chardev.bc>:check_object_size:9	</harden/bcfiles/linux_bcfiles/rev_chardev.bc>:llvm.dbg.declare	</harden/bcfiles/linux_bcfiles/rev_chardev.bc>:check_object_size:i8* %6	0
</harden/bcfiles/linux_bcfiles/rev_chardev.bc>:check_object_size:9	</harden/bcfiles/linux_bcfiles/rev_chardev.bc>:llvm.dbg.declare	</harden/bcfiles/linux_bcfiles/rev_chardev.bc>:check_object_size:!4636	1
</harden/bcfiles/linux_bcfiles/rev_chardev.bc>:reverse_string:5	</harden/bcfiles/linux_bcfiles/rev_chardev.bc>:llvm.dbg.declare	</harden/bcfiles/linux_bcfiles/rev_chardev.bc>:reverse_string:i8** %3	0
</harden/bcfiles/linux_bcfiles/rev_chardev.bc>:reverse_string:5	</harden/bcfiles/linux_bcfiles/rev_chardev.bc>:llvm.dbg.declare	</harden/bcfiles/linux_bcfiles/rev_chardev.bc>:reverse_string:!4642	1
</harden/bcfiles/linux_bcfiles/rev_chardev.bc>:reverse_string:5	</harden/bcfiles/linux_bcfiles/rev_chardev.bc>:llvm.dbg.declare	</harden/bcfiles/linux_bcfiles/rev_chardev.bc>:reverse_string:!DIExpression()	2
</harden/bcfiles/linux_bcfiles/rev_chardev.bc>:reverse_string:7	</harden/bcfiles/linux_bcfiles/rev_chardev.bc>:llvm.dbg.declare	</harden/bcfiles/linux_bcfiles/rev_chardev.bc>:reverse_string:!DIExpression()	2
</harden/bcfiles/linux_bcfiles/rev_chardev.bc>:reverse_string:7	</harden/bcfiles/linux_bcfiles/rev_chardev.bc>:llvm.dbg.declare	</harden/bcfiles/linux_bcfiles/rev_chardev.bc>:reverse_string:i64* %4	0
</harden/bcfiles/linux_bcfiles/rev_chardev.bc>:reverse_string:7	</harden/bcfiles/linux_bcfiles/rev_chardev.bc>:llvm.dbg.declare	</harden/bcfiles/linux_bcfiles/rev_chardev.bc>:reverse_string:!4644	1
</harden/bcfiles/linux_bcfiles/rev_chardev.bc>:reverse_string:8	</harden/bcfiles/linux_bcfiles/rev_chardev.bc>:llvm.dbg.declare	</harden/bcfiles/linux_bcfiles/rev_chardev.bc>:reverse_string:!DIExpression()	2
</harden/bcfiles/linux_bcfiles/rev_chardev.bc>:reverse_string:8	</harden/bcfiles/linux_bcfiles/rev_chardev.bc>:llvm.dbg.declare	</harden/bcfiles/linux_bcfiles/rev_chardev.bc>:reverse_string:i64* %5	0
</harden/bcfiles/linux_bcfiles/rev_chardev.bc>:reverse_string:8	</harden/bcfiles/linux_bcfiles/rev_chardev.bc>:llvm.dbg.declare	</harden/bcfiles/linux_bcfiles/rev_chardev.bc>:reverse_string:!4646	1
</harden/bcfiles/linux_bcfiles/rev_chardev.bc>:reverse_string:9	</harden/bcfiles/linux_bcfiles/rev_chardev.bc>:llvm.dbg.declare	</harden/bcfiles/linux_bcfiles/rev_chardev.bc>:reverse_string:!DIExpression()	2
</harden/bcfiles/linux_bcfiles/rev_chardev.bc>:reverse_string:9	</harden/bcfiles/linux_bcfiles/rev_chardev.bc>:llvm.dbg.declare	</harden/bcfiles/linux_bcfiles/rev_chardev.bc>:reverse_string:i8* %6	0
</harden/bcfiles/linux_bcfiles/rev_chardev.bc>:reverse_string:9	</harden/bcfiles/linux_bcfiles/rev_chardev.bc>:llvm.dbg.declare	</harden/bcfiles/linux_bcfiles/rev_chardev.bc>:reverse_string:!4648	1
