*global_alloc@__UNIQUE_ID_license237	c"license=GPL\00"
*global_alloc@__UNIQUE_ID_author238	c"author=Ellen Ripley\00"
*global_alloc@__UNIQUE_ID_description239	c"description=A char driver that reverses data\00"
*global_alloc@__UNIQUE_ID_version240	c"version=1.0\00"
*global_alloc@__UNIQUE_ID_alias241	c"alias=char-major-241\00"
*global_alloc@__UNIQUE_ID___addressable_init_module242	bitcast (i32 ()* @init_module to i8*)
*global_alloc@__UNIQUE_ID___addressable_cleanup_module243	bitcast (void ()* @cleanup_module to i8*)
*global_alloc@.str	c"rev_dev\00"
*global_alloc@.str.1	c"\011%s: Failed to register a major number\0A\00"
*global_alloc@rev_cdev	zeroinitializer
*global_alloc@fops	{ %struct.module* @__this_module, i64 (%struct.file*, i64, i32)* null, i64 (%struct.file*, i8*, i64, i64*)* @dev_read, i64 (%struct.file*, i8*, i64, i64*)* @dev_write, i64 (%struct.kiocb*, %struct.iov_iter*)* null, i64 (%struct.kiocb*, %struct.iov_iter*)* null, i32 (%struct.kiocb*, %struct.io_comp_batch*, i32)* null, i32 (%struct.file*, %struct.dir_context*)* null, i32 (%struct.file*, %struct.poll_table_struct*)* null, i64 (%struct.file*, i32, i64)* null, i64 (%struct.file*, i32, i64)* null, i32 (%struct.file*, %struct.vm_area_struct*)* null, i64 0, i32 (%struct.inode*, %struct.file*)* @dev_open, i32 (%struct.file*, i8*)* null, i32 (%struct.inode*, %struct.file*)* @dev_release, i32 (%struct.file*, i64, i64, i32)* null, i32 (i32, %struct.file*, i32)* null, i32 (%struct.file*, i32, %struct.file_lock*)* null, i64 (%struct.file*, i64, i64, i64, i64)* null, i32 (i32)* null, i32 (%struct.file*, i32, %struct.file_lock*)* null, i64 (%struct.pipe_inode_info*, %struct.file*, i64*, i64, i32)* null, i64 (%struct.file*, i64*, %struct.pipe_inode_info*, i64, i32)* null, void (%struct.file*)* null, i32 (%struct.file*, i32, %struct.file_lock**, i8**)* null, i64 (%struct.file*, i32, i64, i64)* null, void (%struct.seq_file*, %struct.file*)* null, i64 (%struct.file*, i64, %struct.file*, i64, i64, i32)* null, i64 (%struct.file*, i64, %struct.file*, i64, i64, i32)* null, i32 (%struct.file*, i64, i64, i32)* null, i32 (%struct.io_uring_cmd*, i32)* null, i32 (%struct.io_uring_cmd*, %struct.io_comp_batch*, i32)* null }
*global_alloc@.str.2	c"\011%s: Failed to add cdev\0A\00"
*global_alloc@.str.3	c"rev_class\00"
*global_alloc@reverseClass	null
*global_alloc@.str.4	c"\011%s: Failed to register device class\0A\00"
*global_alloc@.str.5	c"\011%s: Failed to create the device\0A\00"
*global_alloc@.str.6	c"\016%s: Device class created correctly\0A\00"
*global_alloc@rev_mutex	{ %struct.atomic64_t zeroinitializer, %struct.raw_spinlock zeroinitializer, %struct.optimistic_spin_queue zeroinitializer, %struct.list_head { %struct.list_head* bitcast (i8* getelementptr (i8, i8* bitcast (%struct.mutex* @rev_mutex to i8*), i64 16) to %struct.list_head*), %struct.list_head* bitcast (i8* getelementptr (i8, i8* bitcast (%struct.mutex* @rev_mutex to i8*), i64 16) to %struct.list_head*) } }
*global_alloc@message_size	0
*global_alloc@.str.7	c"\016%s: End of message\0A\00"
*global_alloc@message	zeroinitializer
*global_alloc@.str.8	c"\016%s: Sent %d characters to the user\0A\00"
*global_alloc@.str.9	c"\011%s: Failed to send %d characters to the user\0A\00"
*global_alloc@.str.10	c"./include/linux/thread_info.h\00"
*global_alloc@.str.11	c"\016%s: Received %d characters from the user\0A\00"
*global_alloc@.str.12	c"\011%s: Failed to receive %d characters from the user\0A\00"
*global_alloc@.str.13	c"\016%s: Device has been opened\0A\00"
*global_alloc@.str.14	c"\016%s: Device successfully closed\0A\00"
*global_alloc@.str.15	c"\016%s: Exit!\0A\00"
*global_alloc@llvm.compiler.used	[i8* getelementptr inbounds ([12 x i8], [12 x i8]* @__UNIQUE_ID_license237, i32 0, i32 0), i8* getelementptr inbounds ([20 x i8], [20 x i8]* @__UNIQUE_ID_author238, i32 0, i32 0), i8* getelementptr inbounds ([45 x i8], [45 x i8]* @__UNIQUE_ID_description239, i32 0, i32 0), i8* getelementptr inbounds ([12 x i8], [12 x i8]* @__UNIQUE_ID_version240, i32 0, i32 0), i8* getelementptr inbounds ([21 x i8], [21 x i8]* @__UNIQUE_ID_alias241, i32 0, i32 0), i8* bitcast (i8** @__UNIQUE_ID___addressable_init_module242 to i8*), i8* bitcast (i8** @__UNIQUE_ID___addressable_cleanup_module243 to i8*)]
*global_alloc@__UNIQUE_ID_license237[0]	c"license=GPL\00"
*global_alloc@__UNIQUE_ID_author238[0]	c"author=Ellen Ripley\00"
*global_alloc@__UNIQUE_ID_description239[0]	c"description=A char driver that reverses data\00"
*global_alloc@__UNIQUE_ID_version240[0]	c"version=1.0\00"
*global_alloc@__UNIQUE_ID_alias241[0]	c"alias=char-major-241\00"
*global_alloc@__UNIQUE_ID___addressable_init_module242[0]	bitcast (i32 ()* @init_module to i8*)
*global_alloc@__UNIQUE_ID___addressable_cleanup_module243[0]	bitcast (void ()* @cleanup_module to i8*)
*global_alloc@.str[0]	c"rev_dev\00"
*global_alloc@.str.1[0]	c"\011%s: Failed to register a major number\0A\00"
*global_alloc@rev_cdev[0]	zeroinitializer
*global_alloc@fops[0]	{ %struct.module* @__this_module, i64 (%struct.file*, i64, i32)* null, i64 (%struct.file*, i8*, i64, i64*)* @dev_read, i64 (%struct.file*, i8*, i64, i64*)* @dev_write, i64 (%struct.kiocb*, %struct.iov_iter*)* null, i64 (%struct.kiocb*, %struct.iov_iter*)* null, i32 (%struct.kiocb*, %struct.io_comp_batch*, i32)* null, i32 (%struct.file*, %struct.dir_context*)* null, i32 (%struct.file*, %struct.poll_table_struct*)* null, i64 (%struct.file*, i32, i64)* null, i64 (%struct.file*, i32, i64)* null, i32 (%struct.file*, %struct.vm_area_struct*)* null, i64 0, i32 (%struct.inode*, %struct.file*)* @dev_open, i32 (%struct.file*, i8*)* null, i32 (%struct.inode*, %struct.file*)* @dev_release, i32 (%struct.file*, i64, i64, i32)* null, i32 (i32, %struct.file*, i32)* null, i32 (%struct.file*, i32, %struct.file_lock*)* null, i64 (%struct.file*, i64, i64, i64, i64)* null, i32 (i32)* null, i32 (%struct.file*, i32, %struct.file_lock*)* null, i64 (%struct.pipe_inode_info*, %struct.file*, i64*, i64, i32)* null, i64 (%struct.file*, i64*, %struct.pipe_inode_info*, i64, i32)* null, void (%struct.file*)* null, i32 (%struct.file*, i32, %struct.file_lock**, i8**)* null, i64 (%struct.file*, i32, i64, i64)* null, void (%struct.seq_file*, %struct.file*)* null, i64 (%struct.file*, i64, %struct.file*, i64, i64, i32)* null, i64 (%struct.file*, i64, %struct.file*, i64, i64, i32)* null, i32 (%struct.file*, i64, i64, i32)* null, i32 (%struct.io_uring_cmd*, i32)* null, i32 (%struct.io_uring_cmd*, %struct.io_comp_batch*, i32)* null }
*global_alloc@.str.2[0]	c"\011%s: Failed to add cdev\0A\00"
*global_alloc@.str.3[0]	c"rev_class\00"
*global_alloc@reverseClass[0]	null
*global_alloc@.str.4[0]	c"\011%s: Failed to register device class\0A\00"
*global_alloc@.str.5[0]	c"\011%s: Failed to create the device\0A\00"
*global_alloc@.str.6[0]	c"\016%s: Device class created correctly\0A\00"
*global_alloc@rev_mutex[0]	{ %struct.atomic64_t zeroinitializer, %struct.raw_spinlock zeroinitializer, %struct.optimistic_spin_queue zeroinitializer, %struct.list_head { %struct.list_head* bitcast (i8* getelementptr (i8, i8* bitcast (%struct.mutex* @rev_mutex to i8*), i64 16) to %struct.list_head*), %struct.list_head* bitcast (i8* getelementptr (i8, i8* bitcast (%struct.mutex* @rev_mutex to i8*), i64 16) to %struct.list_head*) } }
*global_alloc@message_size[0]	0
*global_alloc@.str.7[0]	c"\016%s: End of message\0A\00"
*global_alloc@message[0]	zeroinitializer
*global_alloc@.str.8[0]	c"\016%s: Sent %d characters to the user\0A\00"
*global_alloc@.str.9[0]	c"\011%s: Failed to send %d characters to the user\0A\00"
*global_alloc@.str.10[0]	c"./include/linux/thread_info.h\00"
*global_alloc@.str.11[0]	c"\016%s: Received %d characters from the user\0A\00"
*global_alloc@.str.12[0]	c"\011%s: Failed to receive %d characters from the user\0A\00"
*global_alloc@.str.13[0]	c"\016%s: Device has been opened\0A\00"
*global_alloc@.str.14[0]	c"\016%s: Device successfully closed\0A\00"
*global_alloc@.str.15[0]	c"\016%s: Exit!\0A\00"
*global_alloc@llvm.compiler.used[0]	[i8* getelementptr inbounds ([12 x i8], [12 x i8]* @__UNIQUE_ID_license237, i32 0, i32 0), i8* getelementptr inbounds ([20 x i8], [20 x i8]* @__UNIQUE_ID_author238, i32 0, i32 0), i8* getelementptr inbounds ([45 x i8], [45 x i8]* @__UNIQUE_ID_description239, i32 0, i32 0), i8* getelementptr inbounds ([12 x i8], [12 x i8]* @__UNIQUE_ID_version240, i32 0, i32 0), i8* getelementptr inbounds ([21 x i8], [21 x i8]* @__UNIQUE_ID_alias241, i32 0, i32 0), i8* bitcast (i8** @__UNIQUE_ID___addressable_init_module242 to i8*), i8* bitcast (i8** @__UNIQUE_ID___addressable_cleanup_module243 to i8*)]
*global_alloc@llvm.compiler.used[0]	getelementptr inbounds ([12 x i8], [12 x i8]* @__UNIQUE_ID_license237, i32 0, i32 0)
*global_alloc@fops[0].?/0	@__this_module
*global_alloc@fops[0].?/1	null
*global_alloc@fops[0].?/2	@dev_read
*global_alloc@fops[0].?/3	@dev_write
*global_alloc@fops[0].?/4	null
*global_alloc@fops[0].?/5	null
*global_alloc@fops[0].?/6	null
*global_alloc@fops[0].?/7	null
*global_alloc@fops[0].?/8	null
*global_alloc@fops[0].?/9	null
*global_alloc@fops[0].?/10	null
*global_alloc@fops[0].?/11	null
*global_alloc@fops[0].?/12	0
*global_alloc@fops[0].?/13	@dev_open
*global_alloc@fops[0].?/14	null
*global_alloc@fops[0].?/15	@dev_release
*global_alloc@fops[0].?/16	null
*global_alloc@fops[0].?/17	null
*global_alloc@fops[0].?/18	null
*global_alloc@fops[0].?/19	null
*global_alloc@fops[0].?/20	null
*global_alloc@fops[0].?/21	null
*global_alloc@fops[0].?/22	null
*global_alloc@fops[0].?/23	null
*global_alloc@fops[0].?/24	null
*global_alloc@fops[0].?/25	null
*global_alloc@fops[0].?/26	null
*global_alloc@fops[0].?/27	null
*global_alloc@fops[0].?/28	null
*global_alloc@fops[0].?/29	null
*global_alloc@fops[0].?/30	null
*global_alloc@fops[0].?/31	null
*global_alloc@fops[0].?/32	null
*global_alloc@rev_mutex[0].?/0	zeroinitializer
*global_alloc@rev_mutex[0].?/1	zeroinitializer
*global_alloc@rev_mutex[0].?/2	zeroinitializer
*global_alloc@rev_mutex[0].?/3	{ %struct.list_head* bitcast (i8* getelementptr (i8, i8* bitcast (%struct.mutex* @rev_mutex to i8*), i64 16) to %struct.list_head*), %struct.list_head* bitcast (i8* getelementptr (i8, i8* bitcast (%struct.mutex* @rev_mutex to i8*), i64 16) to %struct.list_head*) }
*global_alloc@rev_mutex[0].?/3.?/0	bitcast (i8* getelementptr (i8, i8* bitcast (%struct.mutex* @rev_mutex to i8*), i64 16) to %struct.list_head*)
*global_alloc@rev_mutex[0].?/3.?/1	bitcast (i8* getelementptr (i8, i8* bitcast (%struct.mutex* @rev_mutex to i8*), i64 16) to %struct.list_head*)
*global_alloc@llvm.compiler.used[0][0]	getelementptr inbounds ([12 x i8], [12 x i8]* @__UNIQUE_ID_license237, i32 0, i32 0)
*global_alloc@llvm.compiler.used[0][1]	getelementptr inbounds ([20 x i8], [20 x i8]* @__UNIQUE_ID_author238, i32 0, i32 0)
*global_alloc@llvm.compiler.used[0][2]	getelementptr inbounds ([45 x i8], [45 x i8]* @__UNIQUE_ID_description239, i32 0, i32 0)
*global_alloc@llvm.compiler.used[0][3]	getelementptr inbounds ([12 x i8], [12 x i8]* @__UNIQUE_ID_version240, i32 0, i32 0)
*global_alloc@llvm.compiler.used[0][4]	getelementptr inbounds ([21 x i8], [21 x i8]* @__UNIQUE_ID_alias241, i32 0, i32 0)
*global_alloc@llvm.compiler.used[0][5]	bitcast (i8** @__UNIQUE_ID___addressable_init_module242 to i8*)
*global_alloc@llvm.compiler.used[0][6]	bitcast (i8** @__UNIQUE_ID___addressable_cleanup_module243 to i8*)
