</harden/bcfiles/edk_bcfiles/SmmLegacy.bc>:ClearStackNx:%24	</harden/bcfiles/edk_bcfiles/SmmLegacy.bc>:ClearStackNx:37:0:0	</harden/bcfiles/edk_bcfiles/SmmLegacy.bc>:ClearStackNx:37
</harden/bcfiles/edk_bcfiles/SmmLegacy.bc>:ClearStackNx:%9	</harden/bcfiles/edk_bcfiles/SmmLegacy.bc>:ClearStackNx:20:0:0	</harden/bcfiles/edk_bcfiles/SmmLegacy.bc>:ClearStackNx:20
</harden/bcfiles/edk_bcfiles/SmmLegacy.bc>:SetStackNx:%7	</harden/bcfiles/edk_bcfiles/SmmLegacy.bc>:SetStackNx:15:0:0	</harden/bcfiles/edk_bcfiles/SmmLegacy.bc>:SetStackNx:15
</harden/bcfiles/edk_bcfiles/SmmLegacy.bc>:FindContextBySwSmiInputValue:%48	</harden/bcfiles/edk_bcfiles/SmmLegacy.bc>:FindContextBySwSmiInputValue:60:0:0	</harden/bcfiles/edk_bcfiles/SmmLegacy.bc>:FindContextBySwSmiInputValue:60
</harden/bcfiles/edk_bcfiles/SmmLegacy.bc>:FindContextBySwSmiInputValue:%35	</harden/bcfiles/edk_bcfiles/SmmLegacy.bc>:FindContextBySwSmiInputValue:44:0:-8	</harden/bcfiles/edk_bcfiles/SmmLegacy.bc>:FindContextBySwSmiInputValue:44
</harden/bcfiles/edk_bcfiles/SmmLegacy.bc>:FindContextBySwSmiInputValue:%23	</harden/bcfiles/edk_bcfiles/SmmLegacy.bc>:FindContextBySwSmiInputValue:29:0:0	</harden/bcfiles/edk_bcfiles/SmmLegacy.bc>:FindContextBySwSmiInputValue:29
</harden/bcfiles/edk_bcfiles/SmmLegacy.bc>:FindContextBySwSmiInputValue:%19	</harden/bcfiles/edk_bcfiles/SmmLegacy.bc>:FindContextBySwSmiInputValue:25:0:0	</harden/bcfiles/edk_bcfiles/SmmLegacy.bc>:FindContextBySwSmiInputValue:25
</harden/bcfiles/edk_bcfiles/SmmLegacy.bc>:FindContextBySwSmiInputValue:%15	</harden/bcfiles/edk_bcfiles/SmmLegacy.bc>:FindContextBySwSmiInputValue:20:0:0	</harden/bcfiles/edk_bcfiles/SmmLegacy.bc>:FindContextBySwSmiInputValue:20
</harden/bcfiles/edk_bcfiles/SmmLegacy.bc>:FindContextBySwSmiInputValue:%38	</harden/bcfiles/edk_bcfiles/SmmLegacy.bc>:FindContextBySwSmiInputValue:48:0:0	</harden/bcfiles/edk_bcfiles/SmmLegacy.bc>:FindContextBySwSmiInputValue:48
</harden/bcfiles/edk_bcfiles/SmmLegacy.bc>:SmmLegacyDispatcher:%69	</harden/bcfiles/edk_bcfiles/SmmLegacy.bc>:SmmLegacyDispatcher:89:0:0	</harden/bcfiles/edk_bcfiles/SmmLegacy.bc>:SmmLegacyDispatcher:89
</harden/bcfiles/edk_bcfiles/SmmLegacy.bc>:SmmLegacyDispatcher:%12	</harden/bcfiles/edk_bcfiles/SmmLegacy.bc>:SmmLegacyDispatcher:55:0:0	</harden/bcfiles/edk_bcfiles/SmmLegacy.bc>:SmmLegacyDispatcher:55
</harden/bcfiles/edk_bcfiles/SmmLegacy.bc>:SmmLegacyDispatcher:%10	</harden/bcfiles/edk_bcfiles/SmmLegacy.bc>:SmmLegacyDispatcher:26:0:0	</harden/bcfiles/edk_bcfiles/SmmLegacy.bc>:SmmLegacyDispatcher:26
</harden/bcfiles/edk_bcfiles/SmmLegacy.bc>:SmmLegacyDispatcher:%10	</harden/bcfiles/edk_bcfiles/SmmLegacy.bc>:SmmLegacyDispatcher:52:0:0	</harden/bcfiles/edk_bcfiles/SmmLegacy.bc>:SmmLegacyDispatcher:52
</harden/bcfiles/edk_bcfiles/SmmLegacy.bc>:SmmLegacyDispatcher:%10	</harden/bcfiles/edk_bcfiles/SmmLegacy.bc>:SmmLegacyDispatcher:58:0:0	</harden/bcfiles/edk_bcfiles/SmmLegacy.bc>:SmmLegacyDispatcher:58
</harden/bcfiles/edk_bcfiles/SmmLegacy.bc>:SmmLegacyDispatcher:%10	</harden/bcfiles/edk_bcfiles/SmmLegacy.bc>:SmmLegacyDispatcher:73:0:0	</harden/bcfiles/edk_bcfiles/SmmLegacy.bc>:SmmLegacyDispatcher:73
</harden/bcfiles/edk_bcfiles/SmmLegacy.bc>:SmmLegacyDispatcher:%10	</harden/bcfiles/edk_bcfiles/SmmLegacy.bc>:SmmLegacyDispatcher:105:0:0	</harden/bcfiles/edk_bcfiles/SmmLegacy.bc>:SmmLegacyDispatcher:105
</harden/bcfiles/edk_bcfiles/SmmLegacy.bc>:GetNvConfiguration:%5	</harden/bcfiles/edk_bcfiles/SmmLegacy.bc>:GetNvConfiguration:12:0:0	</harden/bcfiles/edk_bcfiles/SmmLegacy.bc>:GetNvConfiguration:12
</harden/bcfiles/edk_bcfiles/SmmLegacy.bc>:GetNvConfiguration:%26	</harden/bcfiles/edk_bcfiles/SmmLegacy.bc>:GetNvConfiguration:36:0:0	</harden/bcfiles/edk_bcfiles/SmmLegacy.bc>:GetNvConfiguration:36
</harden/bcfiles/edk_bcfiles/SmmLegacy.bc>:SmmLegacyRegister:%60	</harden/bcfiles/edk_bcfiles/SmmLegacy.bc>:SmmLegacyRegister:75:0:0	</harden/bcfiles/edk_bcfiles/SmmLegacy.bc>:SmmLegacyRegister:75
</harden/bcfiles/edk_bcfiles/SmmLegacy.bc>:SmmLegacyRegister:%56	</harden/bcfiles/edk_bcfiles/SmmLegacy.bc>:SmmLegacyRegister:70:0:0	</harden/bcfiles/edk_bcfiles/SmmLegacy.bc>:SmmLegacyRegister:70
</harden/bcfiles/edk_bcfiles/SmmLegacy.bc>:SmmLegacyRegister:%49	</harden/bcfiles/edk_bcfiles/SmmLegacy.bc>:SmmLegacyRegister:62:0:0	</harden/bcfiles/edk_bcfiles/SmmLegacy.bc>:SmmLegacyRegister:62
</harden/bcfiles/edk_bcfiles/SmmLegacy.bc>:SmmLegacyRegister:%47	</harden/bcfiles/edk_bcfiles/SmmLegacy.bc>:SmmLegacyRegister:59:0:0	</harden/bcfiles/edk_bcfiles/SmmLegacy.bc>:SmmLegacyRegister:59
</harden/bcfiles/edk_bcfiles/SmmLegacy.bc>:SmmLegacyRegister:%52	</harden/bcfiles/edk_bcfiles/SmmLegacy.bc>:SmmLegacyRegister:65:0:0	</harden/bcfiles/edk_bcfiles/SmmLegacy.bc>:SmmLegacyRegister:65
</harden/bcfiles/edk_bcfiles/SmmLegacy.bc>:SmmLegacyRegister:%12	</harden/bcfiles/edk_bcfiles/SmmLegacy.bc>:SmmLegacyRegister:19:0:0	</harden/bcfiles/edk_bcfiles/SmmLegacy.bc>:SmmLegacyRegister:19
</harden/bcfiles/edk_bcfiles/SmmLegacy.bc>:SmmLegacyRegister:%62	</harden/bcfiles/edk_bcfiles/SmmLegacy.bc>:SmmLegacyRegister:78:0:0	</harden/bcfiles/edk_bcfiles/SmmLegacy.bc>:SmmLegacyRegister:78
</harden/bcfiles/edk_bcfiles/SmmLegacy.bc>:SmmLegacyExitPoint:%12	</harden/bcfiles/edk_bcfiles/SmmLegacy.bc>:SmmLegacyExitPoint:12:0:0	</harden/bcfiles/edk_bcfiles/SmmLegacy.bc>:SmmLegacyExitPoint:12
</harden/bcfiles/edk_bcfiles/SmmLegacy.bc>:SmmLegacyExitPoint:%4	</harden/bcfiles/edk_bcfiles/SmmLegacy.bc>:SmmLegacyExitPoint:4:0:0	</harden/bcfiles/edk_bcfiles/SmmLegacy.bc>:SmmLegacyExitPoint:4
</harden/bcfiles/edk_bcfiles/SmmLegacy.bc>:LoadSmmVariableProtocolCallback:%8	</harden/bcfiles/edk_bcfiles/SmmLegacy.bc>:LoadSmmVariableProtocolCallback:12:0:0	</harden/bcfiles/edk_bcfiles/SmmLegacy.bc>:LoadSmmVariableProtocolCallback:12
</harden/bcfiles/edk_bcfiles/SmmLegacy.bc>:SmmLegacyEntryPoint:%62	</harden/bcfiles/edk_bcfiles/SmmLegacy.bc>:SmmLegacyEntryPoint:73:0:0	</harden/bcfiles/edk_bcfiles/SmmLegacy.bc>:SmmLegacyEntryPoint:73
</harden/bcfiles/edk_bcfiles/SmmLegacy.bc>:SmmLegacyEntryPoint:%35	</harden/bcfiles/edk_bcfiles/SmmLegacy.bc>:SmmLegacyEntryPoint:43:0:0	</harden/bcfiles/edk_bcfiles/SmmLegacy.bc>:SmmLegacyEntryPoint:43
</harden/bcfiles/edk_bcfiles/SmmLegacy.bc>:SmmLegacyEntryPoint:%8	</harden/bcfiles/edk_bcfiles/SmmLegacy.bc>:SmmLegacyEntryPoint:13:0:0	</harden/bcfiles/edk_bcfiles/SmmLegacy.bc>:SmmLegacyEntryPoint:13
</harden/bcfiles/edk_bcfiles/SmmLegacy.bc>:SmmLegacyEntryPoint:%89	</harden/bcfiles/edk_bcfiles/SmmLegacy.bc>:SmmLegacyEntryPoint:105:0:0	</harden/bcfiles/edk_bcfiles/SmmLegacy.bc>:SmmLegacyEntryPoint:105
