</harden/bcfiles/edk_bcfiles/SmmLegacy.bc>:ClearStackNx:20	0	</harden/bcfiles/edk_bcfiles/SmmLegacy.bc>:ClearStackNx:20:0:0
</harden/bcfiles/edk_bcfiles/SmmLegacy.bc>:ClearStackNx:37	0	</harden/bcfiles/edk_bcfiles/SmmLegacy.bc>:ClearStackNx:37:0:0
</harden/bcfiles/edk_bcfiles/SmmLegacy.bc>:SetStackNx:15	0	</harden/bcfiles/edk_bcfiles/SmmLegacy.bc>:SetStackNx:15:0:0
</harden/bcfiles/edk_bcfiles/SmmLegacy.bc>:FindContextBySwSmiInputValue:20	0	</harden/bcfiles/edk_bcfiles/SmmLegacy.bc>:FindContextBySwSmiInputValue:20:0:0
</harden/bcfiles/edk_bcfiles/SmmLegacy.bc>:FindContextBySwSmiInputValue:25	0	</harden/bcfiles/edk_bcfiles/SmmLegacy.bc>:FindContextBySwSmiInputValue:25:0:0
</harden/bcfiles/edk_bcfiles/SmmLegacy.bc>:FindContextBySwSmiInputValue:29	0	</harden/bcfiles/edk_bcfiles/SmmLegacy.bc>:FindContextBySwSmiInputValue:29:0:0
</harden/bcfiles/edk_bcfiles/SmmLegacy.bc>:FindContextBySwSmiInputValue:44	0	</harden/bcfiles/edk_bcfiles/SmmLegacy.bc>:FindContextBySwSmiInputValue:44:0:-8
</harden/bcfiles/edk_bcfiles/SmmLegacy.bc>:FindContextBySwSmiInputValue:48	0	</harden/bcfiles/edk_bcfiles/SmmLegacy.bc>:FindContextBySwSmiInputValue:48:0:0
</harden/bcfiles/edk_bcfiles/SmmLegacy.bc>:FindContextBySwSmiInputValue:60	0	</harden/bcfiles/edk_bcfiles/SmmLegacy.bc>:FindContextBySwSmiInputValue:60:0:0
</harden/bcfiles/edk_bcfiles/SmmLegacy.bc>:SmmLegacyDispatcher:26	0	</harden/bcfiles/edk_bcfiles/SmmLegacy.bc>:SmmLegacyDispatcher:26:0:0
</harden/bcfiles/edk_bcfiles/SmmLegacy.bc>:SmmLegacyDispatcher:52	0	</harden/bcfiles/edk_bcfiles/SmmLegacy.bc>:SmmLegacyDispatcher:52:0:0
</harden/bcfiles/edk_bcfiles/SmmLegacy.bc>:SmmLegacyDispatcher:55	0	</harden/bcfiles/edk_bcfiles/SmmLegacy.bc>:SmmLegacyDispatcher:55:0:0
</harden/bcfiles/edk_bcfiles/SmmLegacy.bc>:SmmLegacyDispatcher:58	0	</harden/bcfiles/edk_bcfiles/SmmLegacy.bc>:SmmLegacyDispatcher:58:0:0
</harden/bcfiles/edk_bcfiles/SmmLegacy.bc>:SmmLegacyDispatcher:73	0	</harden/bcfiles/edk_bcfiles/SmmLegacy.bc>:SmmLegacyDispatcher:73:0:0
</harden/bcfiles/edk_bcfiles/SmmLegacy.bc>:SmmLegacyDispatcher:89	0	</harden/bcfiles/edk_bcfiles/SmmLegacy.bc>:SmmLegacyDispatcher:89:0:0
</harden/bcfiles/edk_bcfiles/SmmLegacy.bc>:SmmLegacyDispatcher:105	0	</harden/bcfiles/edk_bcfiles/SmmLegacy.bc>:SmmLegacyDispatcher:105:0:0
</harden/bcfiles/edk_bcfiles/SmmLegacy.bc>:GetNvConfiguration:12	0	</harden/bcfiles/edk_bcfiles/SmmLegacy.bc>:GetNvConfiguration:12:0:0
</harden/bcfiles/edk_bcfiles/SmmLegacy.bc>:GetNvConfiguration:36	0	</harden/bcfiles/edk_bcfiles/SmmLegacy.bc>:GetNvConfiguration:36:0:0
</harden/bcfiles/edk_bcfiles/SmmLegacy.bc>:SmmLegacyRegister:19	0	</harden/bcfiles/edk_bcfiles/SmmLegacy.bc>:SmmLegacyRegister:19:0:0
</harden/bcfiles/edk_bcfiles/SmmLegacy.bc>:SmmLegacyRegister:59	0	</harden/bcfiles/edk_bcfiles/SmmLegacy.bc>:SmmLegacyRegister:59:0:0
</harden/bcfiles/edk_bcfiles/SmmLegacy.bc>:SmmLegacyRegister:62	0	</harden/bcfiles/edk_bcfiles/SmmLegacy.bc>:SmmLegacyRegister:62:0:0
</harden/bcfiles/edk_bcfiles/SmmLegacy.bc>:SmmLegacyRegister:65	0	</harden/bcfiles/edk_bcfiles/SmmLegacy.bc>:SmmLegacyRegister:65:0:0
</harden/bcfiles/edk_bcfiles/SmmLegacy.bc>:SmmLegacyRegister:70	0	</harden/bcfiles/edk_bcfiles/SmmLegacy.bc>:SmmLegacyRegister:70:0:0
</harden/bcfiles/edk_bcfiles/SmmLegacy.bc>:SmmLegacyRegister:75	0	</harden/bcfiles/edk_bcfiles/SmmLegacy.bc>:SmmLegacyRegister:75:0:0
</harden/bcfiles/edk_bcfiles/SmmLegacy.bc>:SmmLegacyRegister:78	0	</harden/bcfiles/edk_bcfiles/SmmLegacy.bc>:SmmLegacyRegister:78:0:0
</harden/bcfiles/edk_bcfiles/SmmLegacy.bc>:SmmLegacyExitPoint:4	0	</harden/bcfiles/edk_bcfiles/SmmLegacy.bc>:SmmLegacyExitPoint:4:0:0
</harden/bcfiles/edk_bcfiles/SmmLegacy.bc>:SmmLegacyExitPoint:12	0	</harden/bcfiles/edk_bcfiles/SmmLegacy.bc>:SmmLegacyExitPoint:12:0:0
</harden/bcfiles/edk_bcfiles/SmmLegacy.bc>:LoadSmmVariableProtocolCallback:12	0	</harden/bcfiles/edk_bcfiles/SmmLegacy.bc>:LoadSmmVariableProtocolCallback:12:0:0
</harden/bcfiles/edk_bcfiles/SmmLegacy.bc>:SmmLegacyEntryPoint:13	0	</harden/bcfiles/edk_bcfiles/SmmLegacy.bc>:SmmLegacyEntryPoint:13:0:0
</harden/bcfiles/edk_bcfiles/SmmLegacy.bc>:SmmLegacyEntryPoint:43	0	</harden/bcfiles/edk_bcfiles/SmmLegacy.bc>:SmmLegacyEntryPoint:43:0:0
</harden/bcfiles/edk_bcfiles/SmmLegacy.bc>:SmmLegacyEntryPoint:73	0	</harden/bcfiles/edk_bcfiles/SmmLegacy.bc>:SmmLegacyEntryPoint:73:0:0
</harden/bcfiles/edk_bcfiles/SmmLegacy.bc>:SmmLegacyEntryPoint:105	0	</harden/bcfiles/edk_bcfiles/SmmLegacy.bc>:SmmLegacyEntryPoint:105:0:0
</harden/bcfiles/edk_bcfiles/SmmLegacy.bc>:ClearStackNx:20	1	</harden/bcfiles/edk_bcfiles/SmmLegacy.bc>:ClearStackNx:20:1:0
</harden/bcfiles/edk_bcfiles/SmmLegacy.bc>:ClearStackNx:37	1	</harden/bcfiles/edk_bcfiles/SmmLegacy.bc>:ClearStackNx:37:1:2
</harden/bcfiles/edk_bcfiles/SmmLegacy.bc>:SetStackNx:15	1	</harden/bcfiles/edk_bcfiles/SmmLegacy.bc>:SetStackNx:15:1:1
</harden/bcfiles/edk_bcfiles/SmmLegacy.bc>:FindContextBySwSmiInputValue:20	1	</harden/bcfiles/edk_bcfiles/SmmLegacy.bc>:FindContextBySwSmiInputValue:20:1:1
</harden/bcfiles/edk_bcfiles/SmmLegacy.bc>:FindContextBySwSmiInputValue:25	1	</harden/bcfiles/edk_bcfiles/SmmLegacy.bc>:FindContextBySwSmiInputValue:25:1:0
</harden/bcfiles/edk_bcfiles/SmmLegacy.bc>:FindContextBySwSmiInputValue:29	1	</harden/bcfiles/edk_bcfiles/SmmLegacy.bc>:FindContextBySwSmiInputValue:29:1:1
</harden/bcfiles/edk_bcfiles/SmmLegacy.bc>:FindContextBySwSmiInputValue:48	1	</harden/bcfiles/edk_bcfiles/SmmLegacy.bc>:FindContextBySwSmiInputValue:48:1:3
</harden/bcfiles/edk_bcfiles/SmmLegacy.bc>:FindContextBySwSmiInputValue:60	1	</harden/bcfiles/edk_bcfiles/SmmLegacy.bc>:FindContextBySwSmiInputValue:60:1:0
</harden/bcfiles/edk_bcfiles/SmmLegacy.bc>:SmmLegacyDispatcher:26	1	</harden/bcfiles/edk_bcfiles/SmmLegacy.bc>:SmmLegacyDispatcher:26:1:0
</harden/bcfiles/edk_bcfiles/SmmLegacy.bc>:SmmLegacyDispatcher:52	1	</harden/bcfiles/edk_bcfiles/SmmLegacy.bc>:SmmLegacyDispatcher:52:1:0
</harden/bcfiles/edk_bcfiles/SmmLegacy.bc>:SmmLegacyDispatcher:55	1	</harden/bcfiles/edk_bcfiles/SmmLegacy.bc>:SmmLegacyDispatcher:55:1:0
</harden/bcfiles/edk_bcfiles/SmmLegacy.bc>:SmmLegacyDispatcher:58	1	</harden/bcfiles/edk_bcfiles/SmmLegacy.bc>:SmmLegacyDispatcher:58:1:0
</harden/bcfiles/edk_bcfiles/SmmLegacy.bc>:SmmLegacyDispatcher:73	1	</harden/bcfiles/edk_bcfiles/SmmLegacy.bc>:SmmLegacyDispatcher:73:1:0
</harden/bcfiles/edk_bcfiles/SmmLegacy.bc>:SmmLegacyDispatcher:89	1	</harden/bcfiles/edk_bcfiles/SmmLegacy.bc>:SmmLegacyDispatcher:89:1:4
</harden/bcfiles/edk_bcfiles/SmmLegacy.bc>:SmmLegacyDispatcher:105	1	</harden/bcfiles/edk_bcfiles/SmmLegacy.bc>:SmmLegacyDispatcher:105:1:0
</harden/bcfiles/edk_bcfiles/SmmLegacy.bc>:GetNvConfiguration:12	1	</harden/bcfiles/edk_bcfiles/SmmLegacy.bc>:GetNvConfiguration:12:1:0
</harden/bcfiles/edk_bcfiles/SmmLegacy.bc>:GetNvConfiguration:36	1	</harden/bcfiles/edk_bcfiles/SmmLegacy.bc>:GetNvConfiguration:36:1:2
</harden/bcfiles/edk_bcfiles/SmmLegacy.bc>:SmmLegacyRegister:19	1	</harden/bcfiles/edk_bcfiles/SmmLegacy.bc>:SmmLegacyRegister:19:1:5
</harden/bcfiles/edk_bcfiles/SmmLegacy.bc>:SmmLegacyRegister:59	1	</harden/bcfiles/edk_bcfiles/SmmLegacy.bc>:SmmLegacyRegister:59:1:0
</harden/bcfiles/edk_bcfiles/SmmLegacy.bc>:SmmLegacyRegister:62	1	</harden/bcfiles/edk_bcfiles/SmmLegacy.bc>:SmmLegacyRegister:62:1:0
</harden/bcfiles/edk_bcfiles/SmmLegacy.bc>:SmmLegacyRegister:65	1	</harden/bcfiles/edk_bcfiles/SmmLegacy.bc>:SmmLegacyRegister:65:1:3
</harden/bcfiles/edk_bcfiles/SmmLegacy.bc>:SmmLegacyRegister:70	1	</harden/bcfiles/edk_bcfiles/SmmLegacy.bc>:SmmLegacyRegister:70:1:4
</harden/bcfiles/edk_bcfiles/SmmLegacy.bc>:SmmLegacyRegister:75	1	</harden/bcfiles/edk_bcfiles/SmmLegacy.bc>:SmmLegacyRegister:75:1:2
</harden/bcfiles/edk_bcfiles/SmmLegacy.bc>:SmmLegacyRegister:78	1	</harden/bcfiles/edk_bcfiles/SmmLegacy.bc>:SmmLegacyRegister:78:1:1
</harden/bcfiles/edk_bcfiles/SmmLegacy.bc>:SmmLegacyExitPoint:4	1	</harden/bcfiles/edk_bcfiles/SmmLegacy.bc>:SmmLegacyExitPoint:4:1:24
</harden/bcfiles/edk_bcfiles/SmmLegacy.bc>:SmmLegacyExitPoint:12	1	</harden/bcfiles/edk_bcfiles/SmmLegacy.bc>:SmmLegacyExitPoint:12:1:17
</harden/bcfiles/edk_bcfiles/SmmLegacy.bc>:LoadSmmVariableProtocolCallback:12	1	</harden/bcfiles/edk_bcfiles/SmmLegacy.bc>:LoadSmmVariableProtocolCallback:12:1:21
</harden/bcfiles/edk_bcfiles/SmmLegacy.bc>:SmmLegacyEntryPoint:13	1	</harden/bcfiles/edk_bcfiles/SmmLegacy.bc>:SmmLegacyEntryPoint:13:1:19
</harden/bcfiles/edk_bcfiles/SmmLegacy.bc>:SmmLegacyEntryPoint:43	1	</harden/bcfiles/edk_bcfiles/SmmLegacy.bc>:SmmLegacyEntryPoint:43:1:21
</harden/bcfiles/edk_bcfiles/SmmLegacy.bc>:SmmLegacyEntryPoint:73	1	</harden/bcfiles/edk_bcfiles/SmmLegacy.bc>:SmmLegacyEntryPoint:73:1:23
</harden/bcfiles/edk_bcfiles/SmmLegacy.bc>:SmmLegacyEntryPoint:105	1	</harden/bcfiles/edk_bcfiles/SmmLegacy.bc>:SmmLegacyEntryPoint:105:1:16
