</harden/bcfiles/edk_bcfiles/SmmLegacy.bc>:ClearStackNx:21	</harden/bcfiles/edk_bcfiles/SmmLegacy.bc>:ClearStackNx:%11
</harden/bcfiles/edk_bcfiles/SmmLegacy.bc>:ClearStackNx:38	</harden/bcfiles/edk_bcfiles/SmmLegacy.bc>:ClearStackNx:%26
</harden/bcfiles/edk_bcfiles/SmmLegacy.bc>:SetStackNx:16	</harden/bcfiles/edk_bcfiles/SmmLegacy.bc>:SetStackNx:%9
</harden/bcfiles/edk_bcfiles/SmmLegacy.bc>:SmmLegacyDispatcher:93	</harden/bcfiles/edk_bcfiles/SmmLegacy.bc>:SmmLegacyDispatcher:%73
</harden/bcfiles/edk_bcfiles/SmmLegacy.bc>:GetNvConfiguration:13	</harden/bcfiles/edk_bcfiles/SmmLegacy.bc>:GetNvConfiguration:%7
</harden/bcfiles/edk_bcfiles/SmmLegacy.bc>:GetNvConfiguration:37	</harden/bcfiles/edk_bcfiles/SmmLegacy.bc>:GetNvConfiguration:%28
</harden/bcfiles/edk_bcfiles/SmmLegacy.bc>:SmmLegacyRegister:20	</harden/bcfiles/edk_bcfiles/SmmLegacy.bc>:SmmLegacyRegister:%14
</harden/bcfiles/edk_bcfiles/SmmLegacy.bc>:SmmLegacyExitPoint:5	</harden/bcfiles/edk_bcfiles/SmmLegacy.bc>:SmmLegacyExitPoint:%6
</harden/bcfiles/edk_bcfiles/SmmLegacy.bc>:SmmLegacyExitPoint:13	</harden/bcfiles/edk_bcfiles/SmmLegacy.bc>:SmmLegacyExitPoint:%14
</harden/bcfiles/edk_bcfiles/SmmLegacy.bc>:LoadSmmVariableProtocolCallback:13	</harden/bcfiles/edk_bcfiles/SmmLegacy.bc>:LoadSmmVariableProtocolCallback:%10
</harden/bcfiles/edk_bcfiles/SmmLegacy.bc>:SmmLegacyEntryPoint:14	</harden/bcfiles/edk_bcfiles/SmmLegacy.bc>:SmmLegacyEntryPoint:%10
</harden/bcfiles/edk_bcfiles/SmmLegacy.bc>:SmmLegacyEntryPoint:44	</harden/bcfiles/edk_bcfiles/SmmLegacy.bc>:SmmLegacyEntryPoint:%37
</harden/bcfiles/edk_bcfiles/SmmLegacy.bc>:SmmLegacyEntryPoint:74	</harden/bcfiles/edk_bcfiles/SmmLegacy.bc>:SmmLegacyEntryPoint:%64
</harden/bcfiles/edk_bcfiles/SmmLegacy.bc>:SmmLegacyEntryPoint:106	</harden/bcfiles/edk_bcfiles/SmmLegacy.bc>:SmmLegacyEntryPoint:%91
</harden/bcfiles/edk_bcfiles/SmmLegacy.bc>:ClearStackNx:51	</harden/bcfiles/edk_bcfiles/SmmLegacy.bc>:ClearStackNx:%36
</harden/bcfiles/edk_bcfiles/SmmLegacy.bc>:ClearStackNx:48	</harden/bcfiles/edk_bcfiles/SmmLegacy.bc>:ClearStackNx:%34
</harden/bcfiles/edk_bcfiles/SmmLegacy.bc>:ClearStackNx:42	</harden/bcfiles/edk_bcfiles/SmmLegacy.bc>:ClearStackNx:%30
</harden/bcfiles/edk_bcfiles/SmmLegacy.bc>:ClearStackNx:41	</harden/bcfiles/edk_bcfiles/SmmLegacy.bc>:ClearStackNx:%29
</harden/bcfiles/edk_bcfiles/SmmLegacy.bc>:ClearStackNx:37	</harden/bcfiles/edk_bcfiles/SmmLegacy.bc>:ClearStackNx:%25
</harden/bcfiles/edk_bcfiles/SmmLegacy.bc>:ClearStackNx:36	</harden/bcfiles/edk_bcfiles/SmmLegacy.bc>:ClearStackNx:%24
</harden/bcfiles/edk_bcfiles/SmmLegacy.bc>:ClearStackNx:31	</harden/bcfiles/edk_bcfiles/SmmLegacy.bc>:ClearStackNx:%20
</harden/bcfiles/edk_bcfiles/SmmLegacy.bc>:ClearStackNx:24	</harden/bcfiles/edk_bcfiles/SmmLegacy.bc>:ClearStackNx:%14
</harden/bcfiles/edk_bcfiles/SmmLegacy.bc>:ClearStackNx:23	</harden/bcfiles/edk_bcfiles/SmmLegacy.bc>:ClearStackNx:%13
</harden/bcfiles/edk_bcfiles/SmmLegacy.bc>:ClearStackNx:39	</harden/bcfiles/edk_bcfiles/SmmLegacy.bc>:ClearStackNx:%27
</harden/bcfiles/edk_bcfiles/SmmLegacy.bc>:ClearStackNx:22	</harden/bcfiles/edk_bcfiles/SmmLegacy.bc>:ClearStackNx:%12
</harden/bcfiles/edk_bcfiles/SmmLegacy.bc>:ClearStackNx:19	</harden/bcfiles/edk_bcfiles/SmmLegacy.bc>:ClearStackNx:%9
</harden/bcfiles/edk_bcfiles/SmmLegacy.bc>:ClearStackNx:27	</harden/bcfiles/edk_bcfiles/SmmLegacy.bc>:ClearStackNx:%16
</harden/bcfiles/edk_bcfiles/SmmLegacy.bc>:ClearStackNx:12	</harden/bcfiles/edk_bcfiles/SmmLegacy.bc>:ClearStackNx:%8
</harden/bcfiles/edk_bcfiles/SmmLegacy.bc>:ClearStackNx:40	</harden/bcfiles/edk_bcfiles/SmmLegacy.bc>:ClearStackNx:%28
</harden/bcfiles/edk_bcfiles/SmmLegacy.bc>:ClearStackNx:45	</harden/bcfiles/edk_bcfiles/SmmLegacy.bc>:ClearStackNx:%32
</harden/bcfiles/edk_bcfiles/SmmLegacy.bc>:ClearStackNx:28	</harden/bcfiles/edk_bcfiles/SmmLegacy.bc>:ClearStackNx:%17
</harden/bcfiles/edk_bcfiles/SmmLegacy.bc>:ClearStackNx:46	</harden/bcfiles/edk_bcfiles/SmmLegacy.bc>:ClearStackNx:%33
</harden/bcfiles/edk_bcfiles/SmmLegacy.bc>:ClearStackNx:30	</harden/bcfiles/edk_bcfiles/SmmLegacy.bc>:ClearStackNx:%19
</harden/bcfiles/edk_bcfiles/SmmLegacy.bc>:ClearStackNx:6	</harden/bcfiles/edk_bcfiles/SmmLegacy.bc>:ClearStackNx:%7
</harden/bcfiles/edk_bcfiles/SmmLegacy.bc>:ClearStackNx:5	</harden/bcfiles/edk_bcfiles/SmmLegacy.bc>:ClearStackNx:%6
</harden/bcfiles/edk_bcfiles/SmmLegacy.bc>:ClearStackNx:4	</harden/bcfiles/edk_bcfiles/SmmLegacy.bc>:ClearStackNx:%5
</harden/bcfiles/edk_bcfiles/SmmLegacy.bc>:ClearStackNx:43	</harden/bcfiles/edk_bcfiles/SmmLegacy.bc>:ClearStackNx:%31
</harden/bcfiles/edk_bcfiles/SmmLegacy.bc>:ClearStackNx:2	</harden/bcfiles/edk_bcfiles/SmmLegacy.bc>:ClearStackNx:%3
</harden/bcfiles/edk_bcfiles/SmmLegacy.bc>:ClearStackNx:1	</harden/bcfiles/edk_bcfiles/SmmLegacy.bc>:ClearStackNx:%2
</harden/bcfiles/edk_bcfiles/SmmLegacy.bc>:ClearStackNx:25	</harden/bcfiles/edk_bcfiles/SmmLegacy.bc>:ClearStackNx:%15
</harden/bcfiles/edk_bcfiles/SmmLegacy.bc>:ClearStackNx:33	</harden/bcfiles/edk_bcfiles/SmmLegacy.bc>:ClearStackNx:%22
</harden/bcfiles/edk_bcfiles/SmmLegacy.bc>:ClearStackNx:3	</harden/bcfiles/edk_bcfiles/SmmLegacy.bc>:ClearStackNx:%4
</harden/bcfiles/edk_bcfiles/SmmLegacy.bc>:ClearStackNx:0	</harden/bcfiles/edk_bcfiles/SmmLegacy.bc>:ClearStackNx:%1
</harden/bcfiles/edk_bcfiles/SmmLegacy.bc>:ClearStackNx:20	</harden/bcfiles/edk_bcfiles/SmmLegacy.bc>:ClearStackNx:%10
</harden/bcfiles/edk_bcfiles/SmmLegacy.bc>:SetStackNx:25	</harden/bcfiles/edk_bcfiles/SmmLegacy.bc>:SetStackNx:%16
</harden/bcfiles/edk_bcfiles/SmmLegacy.bc>:SetStackNx:23	</harden/bcfiles/edk_bcfiles/SmmLegacy.bc>:SetStackNx:%15
</harden/bcfiles/edk_bcfiles/SmmLegacy.bc>:SetStackNx:20	</harden/bcfiles/edk_bcfiles/SmmLegacy.bc>:SetStackNx:%13
</harden/bcfiles/edk_bcfiles/SmmLegacy.bc>:SetStackNx:19	</harden/bcfiles/edk_bcfiles/SmmLegacy.bc>:SetStackNx:%12
</harden/bcfiles/edk_bcfiles/SmmLegacy.bc>:SetStackNx:18	</harden/bcfiles/edk_bcfiles/SmmLegacy.bc>:SetStackNx:%11
</harden/bcfiles/edk_bcfiles/SmmLegacy.bc>:SetStackNx:17	</harden/bcfiles/edk_bcfiles/SmmLegacy.bc>:SetStackNx:%10
</harden/bcfiles/edk_bcfiles/SmmLegacy.bc>:SetStackNx:22	</harden/bcfiles/edk_bcfiles/SmmLegacy.bc>:SetStackNx:%14
</harden/bcfiles/edk_bcfiles/SmmLegacy.bc>:SetStackNx:9	</harden/bcfiles/edk_bcfiles/SmmLegacy.bc>:SetStackNx:%6
</harden/bcfiles/edk_bcfiles/SmmLegacy.bc>:SetStackNx:4	</harden/bcfiles/edk_bcfiles/SmmLegacy.bc>:SetStackNx:%5
</harden/bcfiles/edk_bcfiles/SmmLegacy.bc>:SetStackNx:3	</harden/bcfiles/edk_bcfiles/SmmLegacy.bc>:SetStackNx:%4
</harden/bcfiles/edk_bcfiles/SmmLegacy.bc>:SetStackNx:15	</harden/bcfiles/edk_bcfiles/SmmLegacy.bc>:SetStackNx:%8
</harden/bcfiles/edk_bcfiles/SmmLegacy.bc>:SetStackNx:14	</harden/bcfiles/edk_bcfiles/SmmLegacy.bc>:SetStackNx:%7
</harden/bcfiles/edk_bcfiles/SmmLegacy.bc>:SetStackNx:2	</harden/bcfiles/edk_bcfiles/SmmLegacy.bc>:SetStackNx:%3
</harden/bcfiles/edk_bcfiles/SmmLegacy.bc>:SetStackNx:1	</harden/bcfiles/edk_bcfiles/SmmLegacy.bc>:SetStackNx:%2
</harden/bcfiles/edk_bcfiles/SmmLegacy.bc>:SetStackNx:0	</harden/bcfiles/edk_bcfiles/SmmLegacy.bc>:SetStackNx:%1
</harden/bcfiles/edk_bcfiles/SmmLegacy.bc>:FindContextBySwSmiInputValue:61	</harden/bcfiles/edk_bcfiles/SmmLegacy.bc>:FindContextBySwSmiInputValue:%50
</harden/bcfiles/edk_bcfiles/SmmLegacy.bc>:FindContextBySwSmiInputValue:54	</harden/bcfiles/edk_bcfiles/SmmLegacy.bc>:FindContextBySwSmiInputValue:%45
</harden/bcfiles/edk_bcfiles/SmmLegacy.bc>:FindContextBySwSmiInputValue:53	</harden/bcfiles/edk_bcfiles/SmmLegacy.bc>:FindContextBySwSmiInputValue:%44
</harden/bcfiles/edk_bcfiles/SmmLegacy.bc>:FindContextBySwSmiInputValue:68	</harden/bcfiles/edk_bcfiles/SmmLegacy.bc>:FindContextBySwSmiInputValue:%54
</harden/bcfiles/edk_bcfiles/SmmLegacy.bc>:FindContextBySwSmiInputValue:44	</harden/bcfiles/edk_bcfiles/SmmLegacy.bc>:FindContextBySwSmiInputValue:%36
</harden/bcfiles/edk_bcfiles/SmmLegacy.bc>:FindContextBySwSmiInputValue:59	</harden/bcfiles/edk_bcfiles/SmmLegacy.bc>:FindContextBySwSmiInputValue:%48
</harden/bcfiles/edk_bcfiles/SmmLegacy.bc>:FindContextBySwSmiInputValue:42	</harden/bcfiles/edk_bcfiles/SmmLegacy.bc>:FindContextBySwSmiInputValue:%34
</harden/bcfiles/edk_bcfiles/SmmLegacy.bc>:FindContextBySwSmiInputValue:43	</harden/bcfiles/edk_bcfiles/SmmLegacy.bc>:FindContextBySwSmiInputValue:%35
</harden/bcfiles/edk_bcfiles/SmmLegacy.bc>:FindContextBySwSmiInputValue:36	</harden/bcfiles/edk_bcfiles/SmmLegacy.bc>:FindContextBySwSmiInputValue:%29
</harden/bcfiles/edk_bcfiles/SmmLegacy.bc>:FindContextBySwSmiInputValue:48	</harden/bcfiles/edk_bcfiles/SmmLegacy.bc>:FindContextBySwSmiInputValue:%39
</harden/bcfiles/edk_bcfiles/SmmLegacy.bc>:FindContextBySwSmiInputValue:32	</harden/bcfiles/edk_bcfiles/SmmLegacy.bc>:FindContextBySwSmiInputValue:%27
</harden/bcfiles/edk_bcfiles/SmmLegacy.bc>:FindContextBySwSmiInputValue:30	</harden/bcfiles/edk_bcfiles/SmmLegacy.bc>:FindContextBySwSmiInputValue:%25
</harden/bcfiles/edk_bcfiles/SmmLegacy.bc>:FindContextBySwSmiInputValue:29	</harden/bcfiles/edk_bcfiles/SmmLegacy.bc>:FindContextBySwSmiInputValue:%24
</harden/bcfiles/edk_bcfiles/SmmLegacy.bc>:FindContextBySwSmiInputValue:28	</harden/bcfiles/edk_bcfiles/SmmLegacy.bc>:FindContextBySwSmiInputValue:%23
</harden/bcfiles/edk_bcfiles/SmmLegacy.bc>:FindContextBySwSmiInputValue:27	</harden/bcfiles/edk_bcfiles/SmmLegacy.bc>:FindContextBySwSmiInputValue:%22
</harden/bcfiles/edk_bcfiles/SmmLegacy.bc>:FindContextBySwSmiInputValue:60	</harden/bcfiles/edk_bcfiles/SmmLegacy.bc>:FindContextBySwSmiInputValue:%49
</harden/bcfiles/edk_bcfiles/SmmLegacy.bc>:FindContextBySwSmiInputValue:26	</harden/bcfiles/edk_bcfiles/SmmLegacy.bc>:FindContextBySwSmiInputValue:%21
</harden/bcfiles/edk_bcfiles/SmmLegacy.bc>:FindContextBySwSmiInputValue:25	</harden/bcfiles/edk_bcfiles/SmmLegacy.bc>:FindContextBySwSmiInputValue:%20
</harden/bcfiles/edk_bcfiles/SmmLegacy.bc>:FindContextBySwSmiInputValue:20	</harden/bcfiles/edk_bcfiles/SmmLegacy.bc>:FindContextBySwSmiInputValue:%16
</harden/bcfiles/edk_bcfiles/SmmLegacy.bc>:FindContextBySwSmiInputValue:24	</harden/bcfiles/edk_bcfiles/SmmLegacy.bc>:FindContextBySwSmiInputValue:%19
</harden/bcfiles/edk_bcfiles/SmmLegacy.bc>:FindContextBySwSmiInputValue:19	</harden/bcfiles/edk_bcfiles/SmmLegacy.bc>:FindContextBySwSmiInputValue:%15
</harden/bcfiles/edk_bcfiles/SmmLegacy.bc>:FindContextBySwSmiInputValue:51	</harden/bcfiles/edk_bcfiles/SmmLegacy.bc>:FindContextBySwSmiInputValue:%42
</harden/bcfiles/edk_bcfiles/SmmLegacy.bc>:FindContextBySwSmiInputValue:40	</harden/bcfiles/edk_bcfiles/SmmLegacy.bc>:FindContextBySwSmiInputValue:%32
</harden/bcfiles/edk_bcfiles/SmmLegacy.bc>:FindContextBySwSmiInputValue:47	</harden/bcfiles/edk_bcfiles/SmmLegacy.bc>:FindContextBySwSmiInputValue:%38
</harden/bcfiles/edk_bcfiles/SmmLegacy.bc>:FindContextBySwSmiInputValue:45	</harden/bcfiles/edk_bcfiles/SmmLegacy.bc>:FindContextBySwSmiInputValue:%37
</harden/bcfiles/edk_bcfiles/SmmLegacy.bc>:FindContextBySwSmiInputValue:39	</harden/bcfiles/edk_bcfiles/SmmLegacy.bc>:FindContextBySwSmiInputValue:%31
</harden/bcfiles/edk_bcfiles/SmmLegacy.bc>:FindContextBySwSmiInputValue:13	</harden/bcfiles/edk_bcfiles/SmmLegacy.bc>:FindContextBySwSmiInputValue:%10
</harden/bcfiles/edk_bcfiles/SmmLegacy.bc>:FindContextBySwSmiInputValue:11	</harden/bcfiles/edk_bcfiles/SmmLegacy.bc>:FindContextBySwSmiInputValue:%8
</harden/bcfiles/edk_bcfiles/SmmLegacy.bc>:FindContextBySwSmiInputValue:21	</harden/bcfiles/edk_bcfiles/SmmLegacy.bc>:FindContextBySwSmiInputValue:%17
</harden/bcfiles/edk_bcfiles/SmmLegacy.bc>:FindContextBySwSmiInputValue:12	</harden/bcfiles/edk_bcfiles/SmmLegacy.bc>:FindContextBySwSmiInputValue:%9
</harden/bcfiles/edk_bcfiles/SmmLegacy.bc>:FindContextBySwSmiInputValue:49	</harden/bcfiles/edk_bcfiles/SmmLegacy.bc>:FindContextBySwSmiInputValue:%40
</harden/bcfiles/edk_bcfiles/SmmLegacy.bc>:FindContextBySwSmiInputValue:4	</harden/bcfiles/edk_bcfiles/SmmLegacy.bc>:FindContextBySwSmiInputValue:%7
</harden/bcfiles/edk_bcfiles/SmmLegacy.bc>:FindContextBySwSmiInputValue:3	</harden/bcfiles/edk_bcfiles/SmmLegacy.bc>:FindContextBySwSmiInputValue:%6
</harden/bcfiles/edk_bcfiles/SmmLegacy.bc>:FindContextBySwSmiInputValue:64	</harden/bcfiles/edk_bcfiles/SmmLegacy.bc>:FindContextBySwSmiInputValue:%52
</harden/bcfiles/edk_bcfiles/SmmLegacy.bc>:FindContextBySwSmiInputValue:18	</harden/bcfiles/edk_bcfiles/SmmLegacy.bc>:FindContextBySwSmiInputValue:%14
</harden/bcfiles/edk_bcfiles/SmmLegacy.bc>:FindContextBySwSmiInputValue:2	</harden/bcfiles/edk_bcfiles/SmmLegacy.bc>:FindContextBySwSmiInputValue:%5
</harden/bcfiles/edk_bcfiles/SmmLegacy.bc>:FindContextBySwSmiInputValue:15	</harden/bcfiles/edk_bcfiles/SmmLegacy.bc>:FindContextBySwSmiInputValue:%12
</harden/bcfiles/edk_bcfiles/SmmLegacy.bc>:FindContextBySwSmiInputValue:1	</harden/bcfiles/edk_bcfiles/SmmLegacy.bc>:FindContextBySwSmiInputValue:%4
</harden/bcfiles/edk_bcfiles/SmmLegacy.bc>:FindContextBySwSmiInputValue:0	</harden/bcfiles/edk_bcfiles/SmmLegacy.bc>:FindContextBySwSmiInputValue:%3
</harden/bcfiles/edk_bcfiles/SmmLegacy.bc>:FindContextBySwSmiInputValue:50	</harden/bcfiles/edk_bcfiles/SmmLegacy.bc>:FindContextBySwSmiInputValue:%41
</harden/bcfiles/edk_bcfiles/SmmLegacy.bc>:SmmLegacyDispatcher:112	</harden/bcfiles/edk_bcfiles/SmmLegacy.bc>:SmmLegacyDispatcher:%90
</harden/bcfiles/edk_bcfiles/SmmLegacy.bc>:SmmLegacyDispatcher:108	</harden/bcfiles/edk_bcfiles/SmmLegacy.bc>:SmmLegacyDispatcher:%87
</harden/bcfiles/edk_bcfiles/SmmLegacy.bc>:SmmLegacyDispatcher:107	</harden/bcfiles/edk_bcfiles/SmmLegacy.bc>:SmmLegacyDispatcher:%86
</harden/bcfiles/edk_bcfiles/SmmLegacy.bc>:SmmLegacyDispatcher:106	</harden/bcfiles/edk_bcfiles/SmmLegacy.bc>:SmmLegacyDispatcher:%85
</harden/bcfiles/edk_bcfiles/SmmLegacy.bc>:SmmLegacyDispatcher:104	</harden/bcfiles/edk_bcfiles/SmmLegacy.bc>:SmmLegacyDispatcher:%83
</harden/bcfiles/edk_bcfiles/SmmLegacy.bc>:SmmLegacyDispatcher:100	</harden/bcfiles/edk_bcfiles/SmmLegacy.bc>:SmmLegacyDispatcher:%79
</harden/bcfiles/edk_bcfiles/SmmLegacy.bc>:SmmLegacyDispatcher:87	</harden/bcfiles/edk_bcfiles/SmmLegacy.bc>:SmmLegacyDispatcher:%68
</harden/bcfiles/edk_bcfiles/SmmLegacy.bc>:SmmLegacyDispatcher:85	</harden/bcfiles/edk_bcfiles/SmmLegacy.bc>:SmmLegacyDispatcher:%66
</harden/bcfiles/edk_bcfiles/SmmLegacy.bc>:SmmLegacyDispatcher:84	</harden/bcfiles/edk_bcfiles/SmmLegacy.bc>:SmmLegacyDispatcher:%65
</harden/bcfiles/edk_bcfiles/SmmLegacy.bc>:SmmLegacyDispatcher:75	</harden/bcfiles/edk_bcfiles/SmmLegacy.bc>:SmmLegacyDispatcher:%58
</harden/bcfiles/edk_bcfiles/SmmLegacy.bc>:SmmLegacyDispatcher:73	</harden/bcfiles/edk_bcfiles/SmmLegacy.bc>:SmmLegacyDispatcher:%56
</harden/bcfiles/edk_bcfiles/SmmLegacy.bc>:SmmLegacyDispatcher:67	</harden/bcfiles/edk_bcfiles/SmmLegacy.bc>:SmmLegacyDispatcher:%50
</harden/bcfiles/edk_bcfiles/SmmLegacy.bc>:SmmLegacyDispatcher:94	</harden/bcfiles/edk_bcfiles/SmmLegacy.bc>:SmmLegacyDispatcher:%74
</harden/bcfiles/edk_bcfiles/SmmLegacy.bc>:SmmLegacyDispatcher:62	</harden/bcfiles/edk_bcfiles/SmmLegacy.bc>:SmmLegacyDispatcher:%45
</harden/bcfiles/edk_bcfiles/SmmLegacy.bc>:SmmLegacyDispatcher:61	</harden/bcfiles/edk_bcfiles/SmmLegacy.bc>:SmmLegacyDispatcher:%44
</harden/bcfiles/edk_bcfiles/SmmLegacy.bc>:SmmLegacyDispatcher:59	</harden/bcfiles/edk_bcfiles/SmmLegacy.bc>:SmmLegacyDispatcher:%42
</harden/bcfiles/edk_bcfiles/SmmLegacy.bc>:SmmLegacyDispatcher:101	</harden/bcfiles/edk_bcfiles/SmmLegacy.bc>:SmmLegacyDispatcher:%80
</harden/bcfiles/edk_bcfiles/SmmLegacy.bc>:SmmLegacyDispatcher:54	</harden/bcfiles/edk_bcfiles/SmmLegacy.bc>:SmmLegacyDispatcher:%39
</harden/bcfiles/edk_bcfiles/SmmLegacy.bc>:SmmLegacyDispatcher:66	</harden/bcfiles/edk_bcfiles/SmmLegacy.bc>:SmmLegacyDispatcher:%49
</harden/bcfiles/edk_bcfiles/SmmLegacy.bc>:SmmLegacyDispatcher:60	</harden/bcfiles/edk_bcfiles/SmmLegacy.bc>:SmmLegacyDispatcher:%43
</harden/bcfiles/edk_bcfiles/SmmLegacy.bc>:SmmLegacyDispatcher:95	</harden/bcfiles/edk_bcfiles/SmmLegacy.bc>:SmmLegacyDispatcher:%75
</harden/bcfiles/edk_bcfiles/SmmLegacy.bc>:SmmLegacyDispatcher:49	</harden/bcfiles/edk_bcfiles/SmmLegacy.bc>:SmmLegacyDispatcher:%35
</harden/bcfiles/edk_bcfiles/SmmLegacy.bc>:SmmLegacyDispatcher:39	</harden/bcfiles/edk_bcfiles/SmmLegacy.bc>:SmmLegacyDispatcher:%26
</harden/bcfiles/edk_bcfiles/SmmLegacy.bc>:SmmLegacyDispatcher:40	</harden/bcfiles/edk_bcfiles/SmmLegacy.bc>:SmmLegacyDispatcher:%27
</harden/bcfiles/edk_bcfiles/SmmLegacy.bc>:SmmLegacyDispatcher:36	</harden/bcfiles/edk_bcfiles/SmmLegacy.bc>:SmmLegacyDispatcher:%23
</harden/bcfiles/edk_bcfiles/SmmLegacy.bc>:SmmLegacyDispatcher:26	</harden/bcfiles/edk_bcfiles/SmmLegacy.bc>:SmmLegacyDispatcher:%16
</harden/bcfiles/edk_bcfiles/SmmLegacy.bc>:SmmLegacyDispatcher:91	</harden/bcfiles/edk_bcfiles/SmmLegacy.bc>:SmmLegacyDispatcher:%72
</harden/bcfiles/edk_bcfiles/SmmLegacy.bc>:SmmLegacyDispatcher:90	</harden/bcfiles/edk_bcfiles/SmmLegacy.bc>:SmmLegacyDispatcher:%71
</harden/bcfiles/edk_bcfiles/SmmLegacy.bc>:SmmLegacyDispatcher:25	</harden/bcfiles/edk_bcfiles/SmmLegacy.bc>:SmmLegacyDispatcher:%15
</harden/bcfiles/edk_bcfiles/SmmLegacy.bc>:SmmLegacyDispatcher:30	</harden/bcfiles/edk_bcfiles/SmmLegacy.bc>:SmmLegacyDispatcher:%18
</harden/bcfiles/edk_bcfiles/SmmLegacy.bc>:SmmLegacyDispatcher:88	</harden/bcfiles/edk_bcfiles/SmmLegacy.bc>:SmmLegacyDispatcher:%69
</harden/bcfiles/edk_bcfiles/SmmLegacy.bc>:SmmLegacyDispatcher:52	</harden/bcfiles/edk_bcfiles/SmmLegacy.bc>:SmmLegacyDispatcher:%37
</harden/bcfiles/edk_bcfiles/SmmLegacy.bc>:SmmLegacyDispatcher:105	</harden/bcfiles/edk_bcfiles/SmmLegacy.bc>:SmmLegacyDispatcher:%84
</harden/bcfiles/edk_bcfiles/SmmLegacy.bc>:SmmLegacyDispatcher:50	</harden/bcfiles/edk_bcfiles/SmmLegacy.bc>:SmmLegacyDispatcher:%36
</harden/bcfiles/edk_bcfiles/SmmLegacy.bc>:SmmLegacyDispatcher:97	</harden/bcfiles/edk_bcfiles/SmmLegacy.bc>:SmmLegacyDispatcher:%77
</harden/bcfiles/edk_bcfiles/SmmLegacy.bc>:SmmLegacyDispatcher:31	</harden/bcfiles/edk_bcfiles/SmmLegacy.bc>:SmmLegacyDispatcher:%19
</harden/bcfiles/edk_bcfiles/SmmLegacy.bc>:SmmLegacyDispatcher:35	</harden/bcfiles/edk_bcfiles/SmmLegacy.bc>:SmmLegacyDispatcher:%22
</harden/bcfiles/edk_bcfiles/SmmLegacy.bc>:SmmLegacyDispatcher:74	</harden/bcfiles/edk_bcfiles/SmmLegacy.bc>:SmmLegacyDispatcher:%57
</harden/bcfiles/edk_bcfiles/SmmLegacy.bc>:SmmLegacyDispatcher:71	</harden/bcfiles/edk_bcfiles/SmmLegacy.bc>:SmmLegacyDispatcher:%54
</harden/bcfiles/edk_bcfiles/SmmLegacy.bc>:SmmLegacyDispatcher:63	</harden/bcfiles/edk_bcfiles/SmmLegacy.bc>:SmmLegacyDispatcher:%46
</harden/bcfiles/edk_bcfiles/SmmLegacy.bc>:SmmLegacyDispatcher:9	</harden/bcfiles/edk_bcfiles/SmmLegacy.bc>:SmmLegacyDispatcher:%14
</harden/bcfiles/edk_bcfiles/SmmLegacy.bc>:SmmLegacyDispatcher:8	</harden/bcfiles/edk_bcfiles/SmmLegacy.bc>:SmmLegacyDispatcher:%13
</harden/bcfiles/edk_bcfiles/SmmLegacy.bc>:SmmLegacyDispatcher:7	</harden/bcfiles/edk_bcfiles/SmmLegacy.bc>:SmmLegacyDispatcher:%12
</harden/bcfiles/edk_bcfiles/SmmLegacy.bc>:SmmLegacyDispatcher:58	</harden/bcfiles/edk_bcfiles/SmmLegacy.bc>:SmmLegacyDispatcher:%41
</harden/bcfiles/edk_bcfiles/SmmLegacy.bc>:SmmLegacyDispatcher:5	</harden/bcfiles/edk_bcfiles/SmmLegacy.bc>:SmmLegacyDispatcher:%10
</harden/bcfiles/edk_bcfiles/SmmLegacy.bc>:SmmLegacyDispatcher:28	</harden/bcfiles/edk_bcfiles/SmmLegacy.bc>:SmmLegacyDispatcher:%17
</harden/bcfiles/edk_bcfiles/SmmLegacy.bc>:SmmLegacyDispatcher:70	</harden/bcfiles/edk_bcfiles/SmmLegacy.bc>:SmmLegacyDispatcher:%53
</harden/bcfiles/edk_bcfiles/SmmLegacy.bc>:SmmLegacyDispatcher:4	</harden/bcfiles/edk_bcfiles/SmmLegacy.bc>:SmmLegacyDispatcher:%9
</harden/bcfiles/edk_bcfiles/SmmLegacy.bc>:SmmLegacyDispatcher:3	</harden/bcfiles/edk_bcfiles/SmmLegacy.bc>:SmmLegacyDispatcher:%8
</harden/bcfiles/edk_bcfiles/SmmLegacy.bc>:SmmLegacyDispatcher:2	</harden/bcfiles/edk_bcfiles/SmmLegacy.bc>:SmmLegacyDispatcher:%7
</harden/bcfiles/edk_bcfiles/SmmLegacy.bc>:SmmLegacyDispatcher:1	</harden/bcfiles/edk_bcfiles/SmmLegacy.bc>:SmmLegacyDispatcher:%6
</harden/bcfiles/edk_bcfiles/SmmLegacy.bc>:SmmLegacyDispatcher:53	</harden/bcfiles/edk_bcfiles/SmmLegacy.bc>:SmmLegacyDispatcher:%38
</harden/bcfiles/edk_bcfiles/SmmLegacy.bc>:SmmLegacyDispatcher:99	</harden/bcfiles/edk_bcfiles/SmmLegacy.bc>:SmmLegacyDispatcher:%78
</harden/bcfiles/edk_bcfiles/SmmLegacy.bc>:SmmLegacyDispatcher:96	</harden/bcfiles/edk_bcfiles/SmmLegacy.bc>:SmmLegacyDispatcher:%76
</harden/bcfiles/edk_bcfiles/SmmLegacy.bc>:SmmLegacyDispatcher:0	</harden/bcfiles/edk_bcfiles/SmmLegacy.bc>:SmmLegacyDispatcher:%5
</harden/bcfiles/edk_bcfiles/SmmLegacy.bc>:SmmLegacyDispatcher:6	</harden/bcfiles/edk_bcfiles/SmmLegacy.bc>:SmmLegacyDispatcher:%11
</harden/bcfiles/edk_bcfiles/SmmLegacy.bc>:SmmLegacyDispatcher:89	</harden/bcfiles/edk_bcfiles/SmmLegacy.bc>:SmmLegacyDispatcher:%70
</harden/bcfiles/edk_bcfiles/SmmLegacy.bc>:SmmLegacyDispatcher:55	</harden/bcfiles/edk_bcfiles/SmmLegacy.bc>:SmmLegacyDispatcher:%40
</harden/bcfiles/edk_bcfiles/SmmLegacy.bc>:SmmLegacyDispatcher:42	</harden/bcfiles/edk_bcfiles/SmmLegacy.bc>:SmmLegacyDispatcher:%29
</harden/bcfiles/edk_bcfiles/SmmLegacy.bc>:GetNvConfiguration:62	</harden/bcfiles/edk_bcfiles/SmmLegacy.bc>:GetNvConfiguration:%49
</harden/bcfiles/edk_bcfiles/SmmLegacy.bc>:GetNvConfiguration:50	</harden/bcfiles/edk_bcfiles/SmmLegacy.bc>:GetNvConfiguration:%40
</harden/bcfiles/edk_bcfiles/SmmLegacy.bc>:GetNvConfiguration:51	</harden/bcfiles/edk_bcfiles/SmmLegacy.bc>:GetNvConfiguration:%41
</harden/bcfiles/edk_bcfiles/SmmLegacy.bc>:GetNvConfiguration:47	</harden/bcfiles/edk_bcfiles/SmmLegacy.bc>:GetNvConfiguration:%37
</harden/bcfiles/edk_bcfiles/SmmLegacy.bc>:GetNvConfiguration:42	</harden/bcfiles/edk_bcfiles/SmmLegacy.bc>:GetNvConfiguration:%32
</harden/bcfiles/edk_bcfiles/SmmLegacy.bc>:GetNvConfiguration:40	</harden/bcfiles/edk_bcfiles/SmmLegacy.bc>:GetNvConfiguration:%31
</harden/bcfiles/edk_bcfiles/SmmLegacy.bc>:GetNvConfiguration:39	</harden/bcfiles/edk_bcfiles/SmmLegacy.bc>:GetNvConfiguration:%30
</harden/bcfiles/edk_bcfiles/SmmLegacy.bc>:GetNvConfiguration:46	</harden/bcfiles/edk_bcfiles/SmmLegacy.bc>:GetNvConfiguration:%36
</harden/bcfiles/edk_bcfiles/SmmLegacy.bc>:GetNvConfiguration:38	</harden/bcfiles/edk_bcfiles/SmmLegacy.bc>:GetNvConfiguration:%29
</harden/bcfiles/edk_bcfiles/SmmLegacy.bc>:GetNvConfiguration:43	</harden/bcfiles/edk_bcfiles/SmmLegacy.bc>:GetNvConfiguration:%33
</harden/bcfiles/edk_bcfiles/SmmLegacy.bc>:GetNvConfiguration:36	</harden/bcfiles/edk_bcfiles/SmmLegacy.bc>:GetNvConfiguration:%27
</harden/bcfiles/edk_bcfiles/SmmLegacy.bc>:GetNvConfiguration:27	</harden/bcfiles/edk_bcfiles/SmmLegacy.bc>:GetNvConfiguration:%20
</harden/bcfiles/edk_bcfiles/SmmLegacy.bc>:GetNvConfiguration:26	</harden/bcfiles/edk_bcfiles/SmmLegacy.bc>:GetNvConfiguration:%19
</harden/bcfiles/edk_bcfiles/SmmLegacy.bc>:GetNvConfiguration:23	</harden/bcfiles/edk_bcfiles/SmmLegacy.bc>:GetNvConfiguration:%16
</harden/bcfiles/edk_bcfiles/SmmLegacy.bc>:GetNvConfiguration:22	</harden/bcfiles/edk_bcfiles/SmmLegacy.bc>:GetNvConfiguration:%15
</harden/bcfiles/edk_bcfiles/SmmLegacy.bc>:GetNvConfiguration:18	</harden/bcfiles/edk_bcfiles/SmmLegacy.bc>:GetNvConfiguration:%11
</harden/bcfiles/edk_bcfiles/SmmLegacy.bc>:GetNvConfiguration:17	</harden/bcfiles/edk_bcfiles/SmmLegacy.bc>:GetNvConfiguration:%10
</harden/bcfiles/edk_bcfiles/SmmLegacy.bc>:GetNvConfiguration:15	</harden/bcfiles/edk_bcfiles/SmmLegacy.bc>:GetNvConfiguration:%9
</harden/bcfiles/edk_bcfiles/SmmLegacy.bc>:GetNvConfiguration:12	</harden/bcfiles/edk_bcfiles/SmmLegacy.bc>:GetNvConfiguration:%6
</harden/bcfiles/edk_bcfiles/SmmLegacy.bc>:GetNvConfiguration:11	</harden/bcfiles/edk_bcfiles/SmmLegacy.bc>:GetNvConfiguration:%5
</harden/bcfiles/edk_bcfiles/SmmLegacy.bc>:GetNvConfiguration:14	</harden/bcfiles/edk_bcfiles/SmmLegacy.bc>:GetNvConfiguration:%8
</harden/bcfiles/edk_bcfiles/SmmLegacy.bc>:GetNvConfiguration:3	</harden/bcfiles/edk_bcfiles/SmmLegacy.bc>:GetNvConfiguration:%4
</harden/bcfiles/edk_bcfiles/SmmLegacy.bc>:GetNvConfiguration:35	</harden/bcfiles/edk_bcfiles/SmmLegacy.bc>:GetNvConfiguration:%26
</harden/bcfiles/edk_bcfiles/SmmLegacy.bc>:GetNvConfiguration:2	</harden/bcfiles/edk_bcfiles/SmmLegacy.bc>:GetNvConfiguration:%3
</harden/bcfiles/edk_bcfiles/SmmLegacy.bc>:GetNvConfiguration:1	</harden/bcfiles/edk_bcfiles/SmmLegacy.bc>:GetNvConfiguration:%2
</harden/bcfiles/edk_bcfiles/SmmLegacy.bc>:GetNvConfiguration:0	</harden/bcfiles/edk_bcfiles/SmmLegacy.bc>:GetNvConfiguration:%1
</harden/bcfiles/edk_bcfiles/SmmLegacy.bc>:SmmLegacyRegister:80	</harden/bcfiles/edk_bcfiles/SmmLegacy.bc>:SmmLegacyRegister:%65
</harden/bcfiles/edk_bcfiles/SmmLegacy.bc>:SmmLegacyRegister:79	</harden/bcfiles/edk_bcfiles/SmmLegacy.bc>:SmmLegacyRegister:%64
</harden/bcfiles/edk_bcfiles/SmmLegacy.bc>:SmmLegacyRegister:74	</harden/bcfiles/edk_bcfiles/SmmLegacy.bc>:SmmLegacyRegister:%60
</harden/bcfiles/edk_bcfiles/SmmLegacy.bc>:SmmLegacyRegister:73	</harden/bcfiles/edk_bcfiles/SmmLegacy.bc>:SmmLegacyRegister:%59
</harden/bcfiles/edk_bcfiles/SmmLegacy.bc>:SmmLegacyRegister:72	</harden/bcfiles/edk_bcfiles/SmmLegacy.bc>:SmmLegacyRegister:%58
</harden/bcfiles/edk_bcfiles/SmmLegacy.bc>:SmmLegacyRegister:70	</harden/bcfiles/edk_bcfiles/SmmLegacy.bc>:SmmLegacyRegister:%57
</harden/bcfiles/edk_bcfiles/SmmLegacy.bc>:SmmLegacyRegister:69	</harden/bcfiles/edk_bcfiles/SmmLegacy.bc>:SmmLegacyRegister:%56
</harden/bcfiles/edk_bcfiles/SmmLegacy.bc>:SmmLegacyRegister:68	</harden/bcfiles/edk_bcfiles/SmmLegacy.bc>:SmmLegacyRegister:%55
</harden/bcfiles/edk_bcfiles/SmmLegacy.bc>:SmmLegacyRegister:63	</harden/bcfiles/edk_bcfiles/SmmLegacy.bc>:SmmLegacyRegister:%51
</harden/bcfiles/edk_bcfiles/SmmLegacy.bc>:SmmLegacyRegister:61	</harden/bcfiles/edk_bcfiles/SmmLegacy.bc>:SmmLegacyRegister:%49
</harden/bcfiles/edk_bcfiles/SmmLegacy.bc>:SmmLegacyRegister:62	</harden/bcfiles/edk_bcfiles/SmmLegacy.bc>:SmmLegacyRegister:%50
</harden/bcfiles/edk_bcfiles/SmmLegacy.bc>:SmmLegacyRegister:59	</harden/bcfiles/edk_bcfiles/SmmLegacy.bc>:SmmLegacyRegister:%48
</harden/bcfiles/edk_bcfiles/SmmLegacy.bc>:SmmLegacyRegister:58	</harden/bcfiles/edk_bcfiles/SmmLegacy.bc>:SmmLegacyRegister:%47
</harden/bcfiles/edk_bcfiles/SmmLegacy.bc>:SmmLegacyRegister:56	</harden/bcfiles/edk_bcfiles/SmmLegacy.bc>:SmmLegacyRegister:%46
</harden/bcfiles/edk_bcfiles/SmmLegacy.bc>:SmmLegacyRegister:55	</harden/bcfiles/edk_bcfiles/SmmLegacy.bc>:SmmLegacyRegister:%45
</harden/bcfiles/edk_bcfiles/SmmLegacy.bc>:SmmLegacyRegister:54	</harden/bcfiles/edk_bcfiles/SmmLegacy.bc>:SmmLegacyRegister:%44
</harden/bcfiles/edk_bcfiles/SmmLegacy.bc>:SmmLegacyRegister:83	</harden/bcfiles/edk_bcfiles/SmmLegacy.bc>:SmmLegacyRegister:%67
</harden/bcfiles/edk_bcfiles/SmmLegacy.bc>:SmmLegacyRegister:67	</harden/bcfiles/edk_bcfiles/SmmLegacy.bc>:SmmLegacyRegister:%54
</harden/bcfiles/edk_bcfiles/SmmLegacy.bc>:SmmLegacyRegister:49	</harden/bcfiles/edk_bcfiles/SmmLegacy.bc>:SmmLegacyRegister:%40
</harden/bcfiles/edk_bcfiles/SmmLegacy.bc>:SmmLegacyRegister:36	</harden/bcfiles/edk_bcfiles/SmmLegacy.bc>:SmmLegacyRegister:%29
</harden/bcfiles/edk_bcfiles/SmmLegacy.bc>:SmmLegacyRegister:33	</harden/bcfiles/edk_bcfiles/SmmLegacy.bc>:SmmLegacyRegister:%26
</harden/bcfiles/edk_bcfiles/SmmLegacy.bc>:SmmLegacyRegister:32	</harden/bcfiles/edk_bcfiles/SmmLegacy.bc>:SmmLegacyRegister:%25
</harden/bcfiles/edk_bcfiles/SmmLegacy.bc>:SmmLegacyRegister:64	</harden/bcfiles/edk_bcfiles/SmmLegacy.bc>:SmmLegacyRegister:%52
</harden/bcfiles/edk_bcfiles/SmmLegacy.bc>:SmmLegacyRegister:29	</harden/bcfiles/edk_bcfiles/SmmLegacy.bc>:SmmLegacyRegister:%22
</harden/bcfiles/edk_bcfiles/SmmLegacy.bc>:SmmLegacyRegister:28	</harden/bcfiles/edk_bcfiles/SmmLegacy.bc>:SmmLegacyRegister:%21
</harden/bcfiles/edk_bcfiles/SmmLegacy.bc>:SmmLegacyRegister:25	</harden/bcfiles/edk_bcfiles/SmmLegacy.bc>:SmmLegacyRegister:%18
</harden/bcfiles/edk_bcfiles/SmmLegacy.bc>:SmmLegacyRegister:21	</harden/bcfiles/edk_bcfiles/SmmLegacy.bc>:SmmLegacyRegister:%15
</harden/bcfiles/edk_bcfiles/SmmLegacy.bc>:SmmLegacyRegister:22	</harden/bcfiles/edk_bcfiles/SmmLegacy.bc>:SmmLegacyRegister:%16
</harden/bcfiles/edk_bcfiles/SmmLegacy.bc>:SmmLegacyRegister:19	</harden/bcfiles/edk_bcfiles/SmmLegacy.bc>:SmmLegacyRegister:%13
</harden/bcfiles/edk_bcfiles/SmmLegacy.bc>:SmmLegacyRegister:26	</harden/bcfiles/edk_bcfiles/SmmLegacy.bc>:SmmLegacyRegister:%19
</harden/bcfiles/edk_bcfiles/SmmLegacy.bc>:SmmLegacyRegister:18	</harden/bcfiles/edk_bcfiles/SmmLegacy.bc>:SmmLegacyRegister:%12
</harden/bcfiles/edk_bcfiles/SmmLegacy.bc>:SmmLegacyRegister:65	</harden/bcfiles/edk_bcfiles/SmmLegacy.bc>:SmmLegacyRegister:%53
</harden/bcfiles/edk_bcfiles/SmmLegacy.bc>:SmmLegacyRegister:77	</harden/bcfiles/edk_bcfiles/SmmLegacy.bc>:SmmLegacyRegister:%62
</harden/bcfiles/edk_bcfiles/SmmLegacy.bc>:SmmLegacyRegister:37	</harden/bcfiles/edk_bcfiles/SmmLegacy.bc>:SmmLegacyRegister:%30
</harden/bcfiles/edk_bcfiles/SmmLegacy.bc>:SmmLegacyRegister:50	</harden/bcfiles/edk_bcfiles/SmmLegacy.bc>:SmmLegacyRegister:%41
</harden/bcfiles/edk_bcfiles/SmmLegacy.bc>:SmmLegacyRegister:6	</harden/bcfiles/edk_bcfiles/SmmLegacy.bc>:SmmLegacyRegister:%11
</harden/bcfiles/edk_bcfiles/SmmLegacy.bc>:SmmLegacyRegister:5	</harden/bcfiles/edk_bcfiles/SmmLegacy.bc>:SmmLegacyRegister:%10
</harden/bcfiles/edk_bcfiles/SmmLegacy.bc>:SmmLegacyRegister:78	</harden/bcfiles/edk_bcfiles/SmmLegacy.bc>:SmmLegacyRegister:%63
</harden/bcfiles/edk_bcfiles/SmmLegacy.bc>:SmmLegacyRegister:4	</harden/bcfiles/edk_bcfiles/SmmLegacy.bc>:SmmLegacyRegister:%9
</harden/bcfiles/edk_bcfiles/SmmLegacy.bc>:SmmLegacyRegister:75	</harden/bcfiles/edk_bcfiles/SmmLegacy.bc>:SmmLegacyRegister:%61
</harden/bcfiles/edk_bcfiles/SmmLegacy.bc>:SmmLegacyRegister:2	</harden/bcfiles/edk_bcfiles/SmmLegacy.bc>:SmmLegacyRegister:%7
</harden/bcfiles/edk_bcfiles/SmmLegacy.bc>:SmmLegacyRegister:3	</harden/bcfiles/edk_bcfiles/SmmLegacy.bc>:SmmLegacyRegister:%8
</harden/bcfiles/edk_bcfiles/SmmLegacy.bc>:SmmLegacyRegister:1	</harden/bcfiles/edk_bcfiles/SmmLegacy.bc>:SmmLegacyRegister:%6
</harden/bcfiles/edk_bcfiles/SmmLegacy.bc>:SmmLegacyRegister:0	</harden/bcfiles/edk_bcfiles/SmmLegacy.bc>:SmmLegacyRegister:%5
</harden/bcfiles/edk_bcfiles/SmmLegacy.bc>:SmmLegacyRegister:39	</harden/bcfiles/edk_bcfiles/SmmLegacy.bc>:SmmLegacyRegister:%32
</harden/bcfiles/edk_bcfiles/SmmLegacy.bc>:SmmLegacyUnRegister:1	</harden/bcfiles/edk_bcfiles/SmmLegacy.bc>:SmmLegacyUnRegister:%4
</harden/bcfiles/edk_bcfiles/SmmLegacy.bc>:SmmLegacyUnRegister:0	</harden/bcfiles/edk_bcfiles/SmmLegacy.bc>:SmmLegacyUnRegister:%3
</harden/bcfiles/edk_bcfiles/SmmLegacy.bc>:SmmLegacyExitPoint:14	</harden/bcfiles/edk_bcfiles/SmmLegacy.bc>:SmmLegacyExitPoint:%15
</harden/bcfiles/edk_bcfiles/SmmLegacy.bc>:SmmLegacyExitPoint:12	</harden/bcfiles/edk_bcfiles/SmmLegacy.bc>:SmmLegacyExitPoint:%13
</harden/bcfiles/edk_bcfiles/SmmLegacy.bc>:SmmLegacyExitPoint:11	</harden/bcfiles/edk_bcfiles/SmmLegacy.bc>:SmmLegacyExitPoint:%12
</harden/bcfiles/edk_bcfiles/SmmLegacy.bc>:SmmLegacyExitPoint:9	</harden/bcfiles/edk_bcfiles/SmmLegacy.bc>:SmmLegacyExitPoint:%10
</harden/bcfiles/edk_bcfiles/SmmLegacy.bc>:SmmLegacyExitPoint:8	</harden/bcfiles/edk_bcfiles/SmmLegacy.bc>:SmmLegacyExitPoint:%9
</harden/bcfiles/edk_bcfiles/SmmLegacy.bc>:SmmLegacyExitPoint:6	</harden/bcfiles/edk_bcfiles/SmmLegacy.bc>:SmmLegacyExitPoint:%7
</harden/bcfiles/edk_bcfiles/SmmLegacy.bc>:SmmLegacyExitPoint:4	</harden/bcfiles/edk_bcfiles/SmmLegacy.bc>:SmmLegacyExitPoint:%5
</harden/bcfiles/edk_bcfiles/SmmLegacy.bc>:SmmLegacyExitPoint:3	</harden/bcfiles/edk_bcfiles/SmmLegacy.bc>:SmmLegacyExitPoint:%4
</harden/bcfiles/edk_bcfiles/SmmLegacy.bc>:SmmLegacyExitPoint:1	</harden/bcfiles/edk_bcfiles/SmmLegacy.bc>:SmmLegacyExitPoint:%2
</harden/bcfiles/edk_bcfiles/SmmLegacy.bc>:SmmLegacyExitPoint:0	</harden/bcfiles/edk_bcfiles/SmmLegacy.bc>:SmmLegacyExitPoint:%1
</harden/bcfiles/edk_bcfiles/SmmLegacy.bc>:LoadSmmVariableProtocolCallback:29	</harden/bcfiles/edk_bcfiles/SmmLegacy.bc>:LoadSmmVariableProtocolCallback:%25
</harden/bcfiles/edk_bcfiles/SmmLegacy.bc>:LoadSmmVariableProtocolCallback:25	</harden/bcfiles/edk_bcfiles/SmmLegacy.bc>:LoadSmmVariableProtocolCallback:%21
</harden/bcfiles/edk_bcfiles/SmmLegacy.bc>:LoadSmmVariableProtocolCallback:21	</harden/bcfiles/edk_bcfiles/SmmLegacy.bc>:LoadSmmVariableProtocolCallback:%17
</harden/bcfiles/edk_bcfiles/SmmLegacy.bc>:LoadSmmVariableProtocolCallback:20	</harden/bcfiles/edk_bcfiles/SmmLegacy.bc>:LoadSmmVariableProtocolCallback:%16
</harden/bcfiles/edk_bcfiles/SmmLegacy.bc>:LoadSmmVariableProtocolCallback:18	</harden/bcfiles/edk_bcfiles/SmmLegacy.bc>:LoadSmmVariableProtocolCallback:%14
</harden/bcfiles/edk_bcfiles/SmmLegacy.bc>:LoadSmmVariableProtocolCallback:17	</harden/bcfiles/edk_bcfiles/SmmLegacy.bc>:LoadSmmVariableProtocolCallback:%13
</harden/bcfiles/edk_bcfiles/SmmLegacy.bc>:LoadSmmVariableProtocolCallback:12	</harden/bcfiles/edk_bcfiles/SmmLegacy.bc>:LoadSmmVariableProtocolCallback:%9
</harden/bcfiles/edk_bcfiles/SmmLegacy.bc>:LoadSmmVariableProtocolCallback:11	</harden/bcfiles/edk_bcfiles/SmmLegacy.bc>:LoadSmmVariableProtocolCallback:%8
</harden/bcfiles/edk_bcfiles/SmmLegacy.bc>:LoadSmmVariableProtocolCallback:31	</harden/bcfiles/edk_bcfiles/SmmLegacy.bc>:LoadSmmVariableProtocolCallback:%27
</harden/bcfiles/edk_bcfiles/SmmLegacy.bc>:LoadSmmVariableProtocolCallback:24	</harden/bcfiles/edk_bcfiles/SmmLegacy.bc>:LoadSmmVariableProtocolCallback:%20
</harden/bcfiles/edk_bcfiles/SmmLegacy.bc>:LoadSmmVariableProtocolCallback:3	</harden/bcfiles/edk_bcfiles/SmmLegacy.bc>:LoadSmmVariableProtocolCallback:%7
</harden/bcfiles/edk_bcfiles/SmmLegacy.bc>:LoadSmmVariableProtocolCallback:14	</harden/bcfiles/edk_bcfiles/SmmLegacy.bc>:LoadSmmVariableProtocolCallback:%11
</harden/bcfiles/edk_bcfiles/SmmLegacy.bc>:LoadSmmVariableProtocolCallback:1	</harden/bcfiles/edk_bcfiles/SmmLegacy.bc>:LoadSmmVariableProtocolCallback:%5
</harden/bcfiles/edk_bcfiles/SmmLegacy.bc>:LoadSmmVariableProtocolCallback:28	</harden/bcfiles/edk_bcfiles/SmmLegacy.bc>:LoadSmmVariableProtocolCallback:%24
</harden/bcfiles/edk_bcfiles/SmmLegacy.bc>:LoadSmmVariableProtocolCallback:0	</harden/bcfiles/edk_bcfiles/SmmLegacy.bc>:LoadSmmVariableProtocolCallback:%4
</harden/bcfiles/edk_bcfiles/SmmLegacy.bc>:LoadSmmVariableProtocolCallback:2	</harden/bcfiles/edk_bcfiles/SmmLegacy.bc>:LoadSmmVariableProtocolCallback:%6
</harden/bcfiles/edk_bcfiles/SmmLegacy.bc>:SmmLegacyEntryPoint:148	</harden/bcfiles/edk_bcfiles/SmmLegacy.bc>:SmmLegacyEntryPoint:%129
</harden/bcfiles/edk_bcfiles/SmmLegacy.bc>:SmmLegacyEntryPoint:141	</harden/bcfiles/edk_bcfiles/SmmLegacy.bc>:SmmLegacyEntryPoint:%123
</harden/bcfiles/edk_bcfiles/SmmLegacy.bc>:SmmLegacyEntryPoint:137	</harden/bcfiles/edk_bcfiles/SmmLegacy.bc>:SmmLegacyEntryPoint:%119
</harden/bcfiles/edk_bcfiles/SmmLegacy.bc>:SmmLegacyEntryPoint:136	</harden/bcfiles/edk_bcfiles/SmmLegacy.bc>:SmmLegacyEntryPoint:%118
</harden/bcfiles/edk_bcfiles/SmmLegacy.bc>:SmmLegacyEntryPoint:124	</harden/bcfiles/edk_bcfiles/SmmLegacy.bc>:SmmLegacyEntryPoint:%108
</harden/bcfiles/edk_bcfiles/SmmLegacy.bc>:SmmLegacyEntryPoint:122	</harden/bcfiles/edk_bcfiles/SmmLegacy.bc>:SmmLegacyEntryPoint:%106
</harden/bcfiles/edk_bcfiles/SmmLegacy.bc>:SmmLegacyEntryPoint:121	</harden/bcfiles/edk_bcfiles/SmmLegacy.bc>:SmmLegacyEntryPoint:%105
</harden/bcfiles/edk_bcfiles/SmmLegacy.bc>:SmmLegacyEntryPoint:114	</harden/bcfiles/edk_bcfiles/SmmLegacy.bc>:SmmLegacyEntryPoint:%98
</harden/bcfiles/edk_bcfiles/SmmLegacy.bc>:SmmLegacyEntryPoint:111	</harden/bcfiles/edk_bcfiles/SmmLegacy.bc>:SmmLegacyEntryPoint:%95
</harden/bcfiles/edk_bcfiles/SmmLegacy.bc>:SmmLegacyEntryPoint:107	</harden/bcfiles/edk_bcfiles/SmmLegacy.bc>:SmmLegacyEntryPoint:%92
</harden/bcfiles/edk_bcfiles/SmmLegacy.bc>:SmmLegacyEntryPoint:105	</harden/bcfiles/edk_bcfiles/SmmLegacy.bc>:SmmLegacyEntryPoint:%90
</harden/bcfiles/edk_bcfiles/SmmLegacy.bc>:SmmLegacyEntryPoint:110	</harden/bcfiles/edk_bcfiles/SmmLegacy.bc>:SmmLegacyEntryPoint:%94
</harden/bcfiles/edk_bcfiles/SmmLegacy.bc>:SmmLegacyEntryPoint:90	</harden/bcfiles/edk_bcfiles/SmmLegacy.bc>:SmmLegacyEntryPoint:%79
</harden/bcfiles/edk_bcfiles/SmmLegacy.bc>:SmmLegacyEntryPoint:82	</harden/bcfiles/edk_bcfiles/SmmLegacy.bc>:SmmLegacyEntryPoint:%71
</harden/bcfiles/edk_bcfiles/SmmLegacy.bc>:SmmLegacyEntryPoint:81	</harden/bcfiles/edk_bcfiles/SmmLegacy.bc>:SmmLegacyEntryPoint:%70
</harden/bcfiles/edk_bcfiles/SmmLegacy.bc>:SmmLegacyEntryPoint:118	</harden/bcfiles/edk_bcfiles/SmmLegacy.bc>:SmmLegacyEntryPoint:%102
</harden/bcfiles/edk_bcfiles/SmmLegacy.bc>:SmmLegacyEntryPoint:75	</harden/bcfiles/edk_bcfiles/SmmLegacy.bc>:SmmLegacyEntryPoint:%65
</harden/bcfiles/edk_bcfiles/SmmLegacy.bc>:SmmLegacyEntryPoint:72	</harden/bcfiles/edk_bcfiles/SmmLegacy.bc>:SmmLegacyEntryPoint:%62
</harden/bcfiles/edk_bcfiles/SmmLegacy.bc>:SmmLegacyEntryPoint:140	</harden/bcfiles/edk_bcfiles/SmmLegacy.bc>:SmmLegacyEntryPoint:%122
</harden/bcfiles/edk_bcfiles/SmmLegacy.bc>:SmmLegacyEntryPoint:62	</harden/bcfiles/edk_bcfiles/SmmLegacy.bc>:SmmLegacyEntryPoint:%54
</harden/bcfiles/edk_bcfiles/SmmLegacy.bc>:SmmLegacyEntryPoint:60	</harden/bcfiles/edk_bcfiles/SmmLegacy.bc>:SmmLegacyEntryPoint:%52
</harden/bcfiles/edk_bcfiles/SmmLegacy.bc>:SmmLegacyEntryPoint:86	</harden/bcfiles/edk_bcfiles/SmmLegacy.bc>:SmmLegacyEntryPoint:%75
</harden/bcfiles/edk_bcfiles/SmmLegacy.bc>:SmmLegacyEntryPoint:59	</harden/bcfiles/edk_bcfiles/SmmLegacy.bc>:SmmLegacyEntryPoint:%51
</harden/bcfiles/edk_bcfiles/SmmLegacy.bc>:SmmLegacyEntryPoint:117	</harden/bcfiles/edk_bcfiles/SmmLegacy.bc>:SmmLegacyEntryPoint:%101
</harden/bcfiles/edk_bcfiles/SmmLegacy.bc>:SmmLegacyEntryPoint:55	</harden/bcfiles/edk_bcfiles/SmmLegacy.bc>:SmmLegacyEntryPoint:%47
</harden/bcfiles/edk_bcfiles/SmmLegacy.bc>:SmmLegacyEntryPoint:51	</harden/bcfiles/edk_bcfiles/SmmLegacy.bc>:SmmLegacyEntryPoint:%43
</harden/bcfiles/edk_bcfiles/SmmLegacy.bc>:SmmLegacyEntryPoint:49	</harden/bcfiles/edk_bcfiles/SmmLegacy.bc>:SmmLegacyEntryPoint:%41
</harden/bcfiles/edk_bcfiles/SmmLegacy.bc>:SmmLegacyEntryPoint:48	</harden/bcfiles/edk_bcfiles/SmmLegacy.bc>:SmmLegacyEntryPoint:%40
</harden/bcfiles/edk_bcfiles/SmmLegacy.bc>:SmmLegacyEntryPoint:52	</harden/bcfiles/edk_bcfiles/SmmLegacy.bc>:SmmLegacyEntryPoint:%44
</harden/bcfiles/edk_bcfiles/SmmLegacy.bc>:SmmLegacyEntryPoint:42	</harden/bcfiles/edk_bcfiles/SmmLegacy.bc>:SmmLegacyEntryPoint:%35
</harden/bcfiles/edk_bcfiles/SmmLegacy.bc>:SmmLegacyEntryPoint:43	</harden/bcfiles/edk_bcfiles/SmmLegacy.bc>:SmmLegacyEntryPoint:%36
</harden/bcfiles/edk_bcfiles/SmmLegacy.bc>:SmmLegacyEntryPoint:79	</harden/bcfiles/edk_bcfiles/SmmLegacy.bc>:SmmLegacyEntryPoint:%68
</harden/bcfiles/edk_bcfiles/SmmLegacy.bc>:SmmLegacyEntryPoint:30	</harden/bcfiles/edk_bcfiles/SmmLegacy.bc>:SmmLegacyEntryPoint:%25
</harden/bcfiles/edk_bcfiles/SmmLegacy.bc>:SmmLegacyEntryPoint:29	</harden/bcfiles/edk_bcfiles/SmmLegacy.bc>:SmmLegacyEntryPoint:%24
</harden/bcfiles/edk_bcfiles/SmmLegacy.bc>:SmmLegacyEntryPoint:78	</harden/bcfiles/edk_bcfiles/SmmLegacy.bc>:SmmLegacyEntryPoint:%67
</harden/bcfiles/edk_bcfiles/SmmLegacy.bc>:SmmLegacyEntryPoint:113	</harden/bcfiles/edk_bcfiles/SmmLegacy.bc>:SmmLegacyEntryPoint:%97
</harden/bcfiles/edk_bcfiles/SmmLegacy.bc>:SmmLegacyEntryPoint:26	</harden/bcfiles/edk_bcfiles/SmmLegacy.bc>:SmmLegacyEntryPoint:%21
</harden/bcfiles/edk_bcfiles/SmmLegacy.bc>:SmmLegacyEntryPoint:25	</harden/bcfiles/edk_bcfiles/SmmLegacy.bc>:SmmLegacyEntryPoint:%20
</harden/bcfiles/edk_bcfiles/SmmLegacy.bc>:SmmLegacyEntryPoint:92	</harden/bcfiles/edk_bcfiles/SmmLegacy.bc>:SmmLegacyEntryPoint:%81
</harden/bcfiles/edk_bcfiles/SmmLegacy.bc>:SmmLegacyEntryPoint:22	</harden/bcfiles/edk_bcfiles/SmmLegacy.bc>:SmmLegacyEntryPoint:%17
</harden/bcfiles/edk_bcfiles/SmmLegacy.bc>:SmmLegacyEntryPoint:21	</harden/bcfiles/edk_bcfiles/SmmLegacy.bc>:SmmLegacyEntryPoint:%16
</harden/bcfiles/edk_bcfiles/SmmLegacy.bc>:SmmLegacyEntryPoint:19	</harden/bcfiles/edk_bcfiles/SmmLegacy.bc>:SmmLegacyEntryPoint:%14
</harden/bcfiles/edk_bcfiles/SmmLegacy.bc>:SmmLegacyEntryPoint:18	</harden/bcfiles/edk_bcfiles/SmmLegacy.bc>:SmmLegacyEntryPoint:%13
</harden/bcfiles/edk_bcfiles/SmmLegacy.bc>:SmmLegacyEntryPoint:15	</harden/bcfiles/edk_bcfiles/SmmLegacy.bc>:SmmLegacyEntryPoint:%11
</harden/bcfiles/edk_bcfiles/SmmLegacy.bc>:SmmLegacyEntryPoint:13	</harden/bcfiles/edk_bcfiles/SmmLegacy.bc>:SmmLegacyEntryPoint:%9
</harden/bcfiles/edk_bcfiles/SmmLegacy.bc>:SmmLegacyEntryPoint:45	</harden/bcfiles/edk_bcfiles/SmmLegacy.bc>:SmmLegacyEntryPoint:%38
</harden/bcfiles/edk_bcfiles/SmmLegacy.bc>:SmmLegacyEntryPoint:12	</harden/bcfiles/edk_bcfiles/SmmLegacy.bc>:SmmLegacyEntryPoint:%8
</harden/bcfiles/edk_bcfiles/SmmLegacy.bc>:SmmLegacyEntryPoint:85	</harden/bcfiles/edk_bcfiles/SmmLegacy.bc>:SmmLegacyEntryPoint:%74
</harden/bcfiles/edk_bcfiles/SmmLegacy.bc>:SmmLegacyEntryPoint:10	</harden/bcfiles/edk_bcfiles/SmmLegacy.bc>:SmmLegacyEntryPoint:%6
</harden/bcfiles/edk_bcfiles/SmmLegacy.bc>:SmmLegacyEntryPoint:73	</harden/bcfiles/edk_bcfiles/SmmLegacy.bc>:SmmLegacyEntryPoint:%63
</harden/bcfiles/edk_bcfiles/SmmLegacy.bc>:SmmLegacyEntryPoint:104	</harden/bcfiles/edk_bcfiles/SmmLegacy.bc>:SmmLegacyEntryPoint:%89
</harden/bcfiles/edk_bcfiles/SmmLegacy.bc>:SmmLegacyEntryPoint:9	</harden/bcfiles/edk_bcfiles/SmmLegacy.bc>:SmmLegacyEntryPoint:%5
</harden/bcfiles/edk_bcfiles/SmmLegacy.bc>:SmmLegacyEntryPoint:56	</harden/bcfiles/edk_bcfiles/SmmLegacy.bc>:SmmLegacyEntryPoint:%48
</harden/bcfiles/edk_bcfiles/SmmLegacy.bc>:SmmLegacyEntryPoint:8	</harden/bcfiles/edk_bcfiles/SmmLegacy.bc>:SmmLegacyEntryPoint:%4
</harden/bcfiles/edk_bcfiles/SmmLegacy.bc>:SmmLegacyEntryPoint:6	</harden/bcfiles/edk_bcfiles/SmmLegacy.bc>:SmmLegacyEntryPoint:%3
</harden/bcfiles/edk_bcfiles/SmmLegacy.bc>:SmmLegacyEntryPoint:32	</harden/bcfiles/edk_bcfiles/SmmLegacy.bc>:SmmLegacyEntryPoint:%27
</harden/bcfiles/edk_bcfiles/SmmLegacy.bc>:SmmLegacyEntryPoint:89	</harden/bcfiles/edk_bcfiles/SmmLegacy.bc>:SmmLegacyEntryPoint:%78
</harden/bcfiles/edk_bcfiles/SmmLegacy.bc>:SmmLegacyEntryPoint:1	</harden/bcfiles/edk_bcfiles/SmmLegacy.bc>:SmmLegacyEntryPoint:%2
</harden/bcfiles/edk_bcfiles/SmmLegacy.bc>:SmmLegacyEntryPoint:0	</harden/bcfiles/edk_bcfiles/SmmLegacy.bc>:SmmLegacyEntryPoint:%1
