</harden/bcfiles/edk_bcfiles/SmmLegacy.bc>:ClearStackNx:42	</harden/bcfiles/edk_bcfiles/SmmLegacy.bc>:ClearStackNx:%29
</harden/bcfiles/edk_bcfiles/SmmLegacy.bc>:ClearStackNx:38	</harden/bcfiles/edk_bcfiles/SmmLegacy.bc>:ClearStackNx:%25
</harden/bcfiles/edk_bcfiles/SmmLegacy.bc>:ClearStackNx:45	</harden/bcfiles/edk_bcfiles/SmmLegacy.bc>:ClearStackNx:%7
</harden/bcfiles/edk_bcfiles/SmmLegacy.bc>:ClearStackNx:46	</harden/bcfiles/edk_bcfiles/SmmLegacy.bc>:ClearStackNx:%6
</harden/bcfiles/edk_bcfiles/SmmLegacy.bc>:ClearStackNx:24	</harden/bcfiles/edk_bcfiles/SmmLegacy.bc>:ClearStackNx:%5
</harden/bcfiles/edk_bcfiles/SmmLegacy.bc>:ClearStackNx:41	</harden/bcfiles/edk_bcfiles/SmmLegacy.bc>:ClearStackNx:%5
</harden/bcfiles/edk_bcfiles/SmmLegacy.bc>:ClearStackNx:30	</harden/bcfiles/edk_bcfiles/SmmLegacy.bc>:ClearStackNx:%3
</harden/bcfiles/edk_bcfiles/SmmLegacy.bc>:ClearStackNx:33	</harden/bcfiles/edk_bcfiles/SmmLegacy.bc>:ClearStackNx:%3
</harden/bcfiles/edk_bcfiles/SmmLegacy.bc>:ClearStackNx:48	</harden/bcfiles/edk_bcfiles/SmmLegacy.bc>:ClearStackNx:%3
</harden/bcfiles/edk_bcfiles/SmmLegacy.bc>:ClearStackNx:27	</harden/bcfiles/edk_bcfiles/SmmLegacy.bc>:ClearStackNx:%2
</harden/bcfiles/edk_bcfiles/SmmLegacy.bc>:ClearStackNx:23	</harden/bcfiles/edk_bcfiles/SmmLegacy.bc>:ClearStackNx:%4
</harden/bcfiles/edk_bcfiles/SmmLegacy.bc>:ClearStackNx:40	</harden/bcfiles/edk_bcfiles/SmmLegacy.bc>:ClearStackNx:%4
</harden/bcfiles/edk_bcfiles/SmmLegacy.bc>:ClearStackNx:51	</harden/bcfiles/edk_bcfiles/SmmLegacy.bc>:ClearStackNx:%1
</harden/bcfiles/edk_bcfiles/SmmLegacy.bc>:ClearStackNx:21	</harden/bcfiles/edk_bcfiles/SmmLegacy.bc>:ClearStackNx:%10
</harden/bcfiles/edk_bcfiles/SmmLegacy.bc>:SetStackNx:22	</harden/bcfiles/edk_bcfiles/SmmLegacy.bc>:SetStackNx:%5
</harden/bcfiles/edk_bcfiles/SmmLegacy.bc>:SetStackNx:23	</harden/bcfiles/edk_bcfiles/SmmLegacy.bc>:SetStackNx:%4
</harden/bcfiles/edk_bcfiles/SmmLegacy.bc>:SetStackNx:16	</harden/bcfiles/edk_bcfiles/SmmLegacy.bc>:SetStackNx:%8
</harden/bcfiles/edk_bcfiles/SmmLegacy.bc>:SetStackNx:18	</harden/bcfiles/edk_bcfiles/SmmLegacy.bc>:SetStackNx:%3
</harden/bcfiles/edk_bcfiles/SmmLegacy.bc>:SetStackNx:19	</harden/bcfiles/edk_bcfiles/SmmLegacy.bc>:SetStackNx:%2
</harden/bcfiles/edk_bcfiles/SmmLegacy.bc>:SetStackNx:25	</harden/bcfiles/edk_bcfiles/SmmLegacy.bc>:SetStackNx:%1
</harden/bcfiles/edk_bcfiles/SmmLegacy.bc>:FindContextBySwSmiInputValue:49	</harden/bcfiles/edk_bcfiles/SmmLegacy.bc>:FindContextBySwSmiInputValue:%39
</harden/bcfiles/edk_bcfiles/SmmLegacy.bc>:FindContextBySwSmiInputValue:28	</harden/bcfiles/edk_bcfiles/SmmLegacy.bc>:FindContextBySwSmiInputValue:%22
</harden/bcfiles/edk_bcfiles/SmmLegacy.bc>:FindContextBySwSmiInputValue:61	</harden/bcfiles/edk_bcfiles/SmmLegacy.bc>:FindContextBySwSmiInputValue:%49
</harden/bcfiles/edk_bcfiles/SmmLegacy.bc>:FindContextBySwSmiInputValue:26	</harden/bcfiles/edk_bcfiles/SmmLegacy.bc>:FindContextBySwSmiInputValue:%20
</harden/bcfiles/edk_bcfiles/SmmLegacy.bc>:FindContextBySwSmiInputValue:12	</harden/bcfiles/edk_bcfiles/SmmLegacy.bc>:FindContextBySwSmiInputValue:%8
</harden/bcfiles/edk_bcfiles/SmmLegacy.bc>:FindContextBySwSmiInputValue:47	</harden/bcfiles/edk_bcfiles/SmmLegacy.bc>:FindContextBySwSmiInputValue:%7
</harden/bcfiles/edk_bcfiles/SmmLegacy.bc>:FindContextBySwSmiInputValue:53	</harden/bcfiles/edk_bcfiles/SmmLegacy.bc>:FindContextBySwSmiInputValue:%7
</harden/bcfiles/edk_bcfiles/SmmLegacy.bc>:FindContextBySwSmiInputValue:24	</harden/bcfiles/edk_bcfiles/SmmLegacy.bc>:FindContextBySwSmiInputValue:%6
</harden/bcfiles/edk_bcfiles/SmmLegacy.bc>:FindContextBySwSmiInputValue:39	</harden/bcfiles/edk_bcfiles/SmmLegacy.bc>:FindContextBySwSmiInputValue:%6
</harden/bcfiles/edk_bcfiles/SmmLegacy.bc>:FindContextBySwSmiInputValue:42	</harden/bcfiles/edk_bcfiles/SmmLegacy.bc>:FindContextBySwSmiInputValue:%6
</harden/bcfiles/edk_bcfiles/SmmLegacy.bc>:FindContextBySwSmiInputValue:59	</harden/bcfiles/edk_bcfiles/SmmLegacy.bc>:FindContextBySwSmiInputValue:%6
</harden/bcfiles/edk_bcfiles/SmmLegacy.bc>:FindContextBySwSmiInputValue:19	</harden/bcfiles/edk_bcfiles/SmmLegacy.bc>:FindContextBySwSmiInputValue:%14
</harden/bcfiles/edk_bcfiles/SmmLegacy.bc>:FindContextBySwSmiInputValue:11	</harden/bcfiles/edk_bcfiles/SmmLegacy.bc>:FindContextBySwSmiInputValue:%5
</harden/bcfiles/edk_bcfiles/SmmLegacy.bc>:FindContextBySwSmiInputValue:18	</harden/bcfiles/edk_bcfiles/SmmLegacy.bc>:FindContextBySwSmiInputValue:%5
</harden/bcfiles/edk_bcfiles/SmmLegacy.bc>:FindContextBySwSmiInputValue:27	</harden/bcfiles/edk_bcfiles/SmmLegacy.bc>:FindContextBySwSmiInputValue:%5
</harden/bcfiles/edk_bcfiles/SmmLegacy.bc>:FindContextBySwSmiInputValue:32	</harden/bcfiles/edk_bcfiles/SmmLegacy.bc>:FindContextBySwSmiInputValue:%5
</harden/bcfiles/edk_bcfiles/SmmLegacy.bc>:FindContextBySwSmiInputValue:54	</harden/bcfiles/edk_bcfiles/SmmLegacy.bc>:FindContextBySwSmiInputValue:%5
</harden/bcfiles/edk_bcfiles/SmmLegacy.bc>:FindContextBySwSmiInputValue:64	</harden/bcfiles/edk_bcfiles/SmmLegacy.bc>:FindContextBySwSmiInputValue:%5
</harden/bcfiles/edk_bcfiles/SmmLegacy.bc>:FindContextBySwSmiInputValue:50	</harden/bcfiles/edk_bcfiles/SmmLegacy.bc>:FindContextBySwSmiInputValue:%4
</harden/bcfiles/edk_bcfiles/SmmLegacy.bc>:FindContextBySwSmiInputValue:68	</harden/bcfiles/edk_bcfiles/SmmLegacy.bc>:FindContextBySwSmiInputValue:%3
</harden/bcfiles/edk_bcfiles/SmmLegacy.bc>:SmmLegacyDispatcher:74	</harden/bcfiles/edk_bcfiles/SmmLegacy.bc>:SmmLegacyDispatcher:%56
</harden/bcfiles/edk_bcfiles/SmmLegacy.bc>:SmmLegacyDispatcher:50	</harden/bcfiles/edk_bcfiles/SmmLegacy.bc>:SmmLegacyDispatcher:%35
</harden/bcfiles/edk_bcfiles/SmmLegacy.bc>:SmmLegacyDispatcher:53	</harden/bcfiles/edk_bcfiles/SmmLegacy.bc>:SmmLegacyDispatcher:%37
</harden/bcfiles/edk_bcfiles/SmmLegacy.bc>:SmmLegacyDispatcher:106	</harden/bcfiles/edk_bcfiles/SmmLegacy.bc>:SmmLegacyDispatcher:%84
</harden/bcfiles/edk_bcfiles/SmmLegacy.bc>:SmmLegacyDispatcher:93	</harden/bcfiles/edk_bcfiles/SmmLegacy.bc>:SmmLegacyDispatcher:%13
</harden/bcfiles/edk_bcfiles/SmmLegacy.bc>:SmmLegacyDispatcher:59	</harden/bcfiles/edk_bcfiles/SmmLegacy.bc>:SmmLegacyDispatcher:%41
</harden/bcfiles/edk_bcfiles/SmmLegacy.bc>:SmmLegacyDispatcher:30	</harden/bcfiles/edk_bcfiles/SmmLegacy.bc>:SmmLegacyDispatcher:%9
</harden/bcfiles/edk_bcfiles/SmmLegacy.bc>:SmmLegacyDispatcher:112	</harden/bcfiles/edk_bcfiles/SmmLegacy.bc>:SmmLegacyDispatcher:%9
</harden/bcfiles/edk_bcfiles/SmmLegacy.bc>:SmmLegacyDispatcher:49	</harden/bcfiles/edk_bcfiles/SmmLegacy.bc>:SmmLegacyDispatcher:%8
</harden/bcfiles/edk_bcfiles/SmmLegacy.bc>:SmmLegacyDispatcher:96	</harden/bcfiles/edk_bcfiles/SmmLegacy.bc>:SmmLegacyDispatcher:%7
</harden/bcfiles/edk_bcfiles/SmmLegacy.bc>:SmmLegacyDispatcher:94	</harden/bcfiles/edk_bcfiles/SmmLegacy.bc>:SmmLegacyDispatcher:%5
</harden/bcfiles/edk_bcfiles/SmmLegacy.bc>:SmmLegacyDispatcher:62	</harden/bcfiles/edk_bcfiles/SmmLegacy.bc>:SmmLegacyDispatcher:%11
</harden/bcfiles/edk_bcfiles/SmmLegacy.bc>:SmmLegacyDispatcher:84	</harden/bcfiles/edk_bcfiles/SmmLegacy.bc>:SmmLegacyDispatcher:%11
</harden/bcfiles/edk_bcfiles/SmmLegacy.bc>:SmmLegacyDispatcher:88	</harden/bcfiles/edk_bcfiles/SmmLegacy.bc>:SmmLegacyDispatcher:%11
</harden/bcfiles/edk_bcfiles/SmmLegacy.bc>:SmmLegacyDispatcher:90	</harden/bcfiles/edk_bcfiles/SmmLegacy.bc>:SmmLegacyDispatcher:%70
</harden/bcfiles/edk_bcfiles/SmmLegacy.bc>:GetNvConfiguration:37	</harden/bcfiles/edk_bcfiles/SmmLegacy.bc>:GetNvConfiguration:%27
</harden/bcfiles/edk_bcfiles/SmmLegacy.bc>:GetNvConfiguration:13	</harden/bcfiles/edk_bcfiles/SmmLegacy.bc>:GetNvConfiguration:%6
</harden/bcfiles/edk_bcfiles/SmmLegacy.bc>:GetNvConfiguration:62	</harden/bcfiles/edk_bcfiles/SmmLegacy.bc>:GetNvConfiguration:%4
</harden/bcfiles/edk_bcfiles/SmmLegacy.bc>:GetNvConfiguration:17	</harden/bcfiles/edk_bcfiles/SmmLegacy.bc>:GetNvConfiguration:%2
</harden/bcfiles/edk_bcfiles/SmmLegacy.bc>:GetNvConfiguration:42	</harden/bcfiles/edk_bcfiles/SmmLegacy.bc>:GetNvConfiguration:%2
</harden/bcfiles/edk_bcfiles/SmmLegacy.bc>:SmmLegacyRegister:73	</harden/bcfiles/edk_bcfiles/SmmLegacy.bc>:SmmLegacyRegister:%58
</harden/bcfiles/edk_bcfiles/SmmLegacy.bc>:SmmLegacyRegister:63	</harden/bcfiles/edk_bcfiles/SmmLegacy.bc>:SmmLegacyRegister:%50
</harden/bcfiles/edk_bcfiles/SmmLegacy.bc>:SmmLegacyRegister:20	</harden/bcfiles/edk_bcfiles/SmmLegacy.bc>:SmmLegacyRegister:%13
</harden/bcfiles/edk_bcfiles/SmmLegacy.bc>:SmmLegacyRegister:54	</harden/bcfiles/edk_bcfiles/SmmLegacy.bc>:SmmLegacyRegister:%11
</harden/bcfiles/edk_bcfiles/SmmLegacy.bc>:SmmLegacyRegister:58	</harden/bcfiles/edk_bcfiles/SmmLegacy.bc>:SmmLegacyRegister:%11
</harden/bcfiles/edk_bcfiles/SmmLegacy.bc>:SmmLegacyRegister:64	</harden/bcfiles/edk_bcfiles/SmmLegacy.bc>:SmmLegacyRegister:%11
</harden/bcfiles/edk_bcfiles/SmmLegacy.bc>:SmmLegacyRegister:69	</harden/bcfiles/edk_bcfiles/SmmLegacy.bc>:SmmLegacyRegister:%11
</harden/bcfiles/edk_bcfiles/SmmLegacy.bc>:SmmLegacyRegister:74	</harden/bcfiles/edk_bcfiles/SmmLegacy.bc>:SmmLegacyRegister:%11
</harden/bcfiles/edk_bcfiles/SmmLegacy.bc>:SmmLegacyRegister:77	</harden/bcfiles/edk_bcfiles/SmmLegacy.bc>:SmmLegacyRegister:%11
</harden/bcfiles/edk_bcfiles/SmmLegacy.bc>:SmmLegacyRegister:28	</harden/bcfiles/edk_bcfiles/SmmLegacy.bc>:SmmLegacyRegister:%10
</harden/bcfiles/edk_bcfiles/SmmLegacy.bc>:SmmLegacyRegister:39	</harden/bcfiles/edk_bcfiles/SmmLegacy.bc>:SmmLegacyRegister:%10
</harden/bcfiles/edk_bcfiles/SmmLegacy.bc>:SmmLegacyRegister:49	</harden/bcfiles/edk_bcfiles/SmmLegacy.bc>:SmmLegacyRegister:%10
</harden/bcfiles/edk_bcfiles/SmmLegacy.bc>:SmmLegacyRegister:80	</harden/bcfiles/edk_bcfiles/SmmLegacy.bc>:SmmLegacyRegister:%10
</harden/bcfiles/edk_bcfiles/SmmLegacy.bc>:SmmLegacyRegister:56	</harden/bcfiles/edk_bcfiles/SmmLegacy.bc>:SmmLegacyRegister:%9
</harden/bcfiles/edk_bcfiles/SmmLegacy.bc>:SmmLegacyRegister:72	</harden/bcfiles/edk_bcfiles/SmmLegacy.bc>:SmmLegacyRegister:%9
</harden/bcfiles/edk_bcfiles/SmmLegacy.bc>:SmmLegacyRegister:67	</harden/bcfiles/edk_bcfiles/SmmLegacy.bc>:SmmLegacyRegister:%7
</harden/bcfiles/edk_bcfiles/SmmLegacy.bc>:SmmLegacyRegister:61	</harden/bcfiles/edk_bcfiles/SmmLegacy.bc>:SmmLegacyRegister:%8
</harden/bcfiles/edk_bcfiles/SmmLegacy.bc>:SmmLegacyRegister:83	</harden/bcfiles/edk_bcfiles/SmmLegacy.bc>:SmmLegacyRegister:%5
</harden/bcfiles/edk_bcfiles/SmmLegacy.bc>:SmmLegacyExitPoint:13	</harden/bcfiles/edk_bcfiles/SmmLegacy.bc>:SmmLegacyExitPoint:%13
</harden/bcfiles/edk_bcfiles/SmmLegacy.bc>:SmmLegacyExitPoint:5	</harden/bcfiles/edk_bcfiles/SmmLegacy.bc>:SmmLegacyExitPoint:%5
</harden/bcfiles/edk_bcfiles/SmmLegacy.bc>:LoadSmmVariableProtocolCallback:13	</harden/bcfiles/edk_bcfiles/SmmLegacy.bc>:LoadSmmVariableProtocolCallback:%9
</harden/bcfiles/edk_bcfiles/SmmLegacy.bc>:LoadSmmVariableProtocolCallback:20	</harden/bcfiles/edk_bcfiles/SmmLegacy.bc>:LoadSmmVariableProtocolCallback:%7
</harden/bcfiles/edk_bcfiles/SmmLegacy.bc>:LoadSmmVariableProtocolCallback:31	</harden/bcfiles/edk_bcfiles/SmmLegacy.bc>:LoadSmmVariableProtocolCallback:%7
</harden/bcfiles/edk_bcfiles/SmmLegacy.bc>:SmmLegacyEntryPoint:106	</harden/bcfiles/edk_bcfiles/SmmLegacy.bc>:SmmLegacyEntryPoint:%90
</harden/bcfiles/edk_bcfiles/SmmLegacy.bc>:SmmLegacyEntryPoint:44	</harden/bcfiles/edk_bcfiles/SmmLegacy.bc>:SmmLegacyEntryPoint:%36
</harden/bcfiles/edk_bcfiles/SmmLegacy.bc>:SmmLegacyEntryPoint:14	</harden/bcfiles/edk_bcfiles/SmmLegacy.bc>:SmmLegacyEntryPoint:%9
</harden/bcfiles/edk_bcfiles/SmmLegacy.bc>:SmmLegacyEntryPoint:74	</harden/bcfiles/edk_bcfiles/SmmLegacy.bc>:SmmLegacyEntryPoint:%63
</harden/bcfiles/edk_bcfiles/SmmLegacy.bc>:SmmLegacyEntryPoint:8	</harden/bcfiles/edk_bcfiles/SmmLegacy.bc>:SmmLegacyEntryPoint:%2
</harden/bcfiles/edk_bcfiles/SmmLegacy.bc>:SmmLegacyEntryPoint:21	</harden/bcfiles/edk_bcfiles/SmmLegacy.bc>:SmmLegacyEntryPoint:%1
</harden/bcfiles/edk_bcfiles/SmmLegacy.bc>:SmmLegacyEntryPoint:32	</harden/bcfiles/edk_bcfiles/SmmLegacy.bc>:SmmLegacyEntryPoint:%1
</harden/bcfiles/edk_bcfiles/SmmLegacy.bc>:SmmLegacyEntryPoint:51	</harden/bcfiles/edk_bcfiles/SmmLegacy.bc>:SmmLegacyEntryPoint:%1
</harden/bcfiles/edk_bcfiles/SmmLegacy.bc>:SmmLegacyEntryPoint:62	</harden/bcfiles/edk_bcfiles/SmmLegacy.bc>:SmmLegacyEntryPoint:%1
</harden/bcfiles/edk_bcfiles/SmmLegacy.bc>:SmmLegacyEntryPoint:81	</harden/bcfiles/edk_bcfiles/SmmLegacy.bc>:SmmLegacyEntryPoint:%1
</harden/bcfiles/edk_bcfiles/SmmLegacy.bc>:SmmLegacyEntryPoint:92	</harden/bcfiles/edk_bcfiles/SmmLegacy.bc>:SmmLegacyEntryPoint:%1
</harden/bcfiles/edk_bcfiles/SmmLegacy.bc>:SmmLegacyEntryPoint:113	</harden/bcfiles/edk_bcfiles/SmmLegacy.bc>:SmmLegacyEntryPoint:%1
</harden/bcfiles/edk_bcfiles/SmmLegacy.bc>:SmmLegacyEntryPoint:124	</harden/bcfiles/edk_bcfiles/SmmLegacy.bc>:SmmLegacyEntryPoint:%1
</harden/bcfiles/edk_bcfiles/SmmLegacy.bc>:SmmLegacyEntryPoint:148	</harden/bcfiles/edk_bcfiles/SmmLegacy.bc>:SmmLegacyEntryPoint:%1
</harden/bcfiles/edk_bcfiles/SmmLegacy.bc>:ClearStackNx:12	</harden/bcfiles/edk_bcfiles/SmmLegacy.bc>:ClearStackNx:12:0:@mSmmStackArrayBase
</harden/bcfiles/edk_bcfiles/SmmLegacy.bc>:ClearStackNx:19	</harden/bcfiles/edk_bcfiles/SmmLegacy.bc>:ClearStackNx:19:0:@mSmmMemoryAttribute1
</harden/bcfiles/edk_bcfiles/SmmLegacy.bc>:ClearStackNx:22	</harden/bcfiles/edk_bcfiles/SmmLegacy.bc>:ClearStackNx:22:0:@mSmmMemoryAttribute1
</harden/bcfiles/edk_bcfiles/SmmLegacy.bc>:ClearStackNx:36	</harden/bcfiles/edk_bcfiles/SmmLegacy.bc>:ClearStackNx:36:0:@mSmmMemoryAttribute1
</harden/bcfiles/edk_bcfiles/SmmLegacy.bc>:ClearStackNx:39	</harden/bcfiles/edk_bcfiles/SmmLegacy.bc>:ClearStackNx:39:0:@mSmmMemoryAttribute1
</harden/bcfiles/edk_bcfiles/SmmLegacy.bc>:SetStackNx:9	</harden/bcfiles/edk_bcfiles/SmmLegacy.bc>:SetStackNx:9:0:@mSmmStackArrayBase
</harden/bcfiles/edk_bcfiles/SmmLegacy.bc>:SetStackNx:14	</harden/bcfiles/edk_bcfiles/SmmLegacy.bc>:SetStackNx:14:0:@mSmmMemoryAttribute1
</harden/bcfiles/edk_bcfiles/SmmLegacy.bc>:SetStackNx:17	</harden/bcfiles/edk_bcfiles/SmmLegacy.bc>:SetStackNx:17:0:@mSmmMemoryAttribute1
</harden/bcfiles/edk_bcfiles/SmmLegacy.bc>:FindContextBySwSmiInputValue:15	</harden/bcfiles/edk_bcfiles/SmmLegacy.bc>:FindContextBySwSmiInputValue:15:0:getelementptr inbounds (%struct._LIST_ENTRY, %struct._LIST_ENTRY* @mSmmLegacyDispatchQueue, i32 0, i32 0)
</harden/bcfiles/edk_bcfiles/SmmLegacy.bc>:FindContextBySwSmiInputValue:36	</harden/bcfiles/edk_bcfiles/SmmLegacy.bc>:FindContextBySwSmiInputValue:36:0:getelementptr inbounds (%struct._LIST_ENTRY, %struct._LIST_ENTRY* @mSmmLegacyDispatchQueue, i32 0, i32 0)
</harden/bcfiles/edk_bcfiles/SmmLegacy.bc>:SmmLegacyDispatcher:42	</harden/bcfiles/edk_bcfiles/SmmLegacy.bc>:SmmLegacyDispatcher:42:0:@ConfigurationFlags
</harden/bcfiles/edk_bcfiles/SmmLegacy.bc>:SmmLegacyDispatcher:99	</harden/bcfiles/edk_bcfiles/SmmLegacy.bc>:SmmLegacyDispatcher:99:0:@ConfigurationFlags
</harden/bcfiles/edk_bcfiles/SmmLegacy.bc>:GetNvConfiguration:11	</harden/bcfiles/edk_bcfiles/SmmLegacy.bc>:GetNvConfiguration:11:0:@SmmVariable
</harden/bcfiles/edk_bcfiles/SmmLegacy.bc>:GetNvConfiguration:35	</harden/bcfiles/edk_bcfiles/SmmLegacy.bc>:GetNvConfiguration:35:0:@SmmVariable
</harden/bcfiles/edk_bcfiles/SmmLegacy.bc>:SmmLegacyRegister:18	</harden/bcfiles/edk_bcfiles/SmmLegacy.bc>:SmmLegacyRegister:18:0:@gSmst
</harden/bcfiles/edk_bcfiles/SmmLegacy.bc>:SmmLegacyExitPoint:0	</harden/bcfiles/edk_bcfiles/SmmLegacy.bc>:SmmLegacyExitPoint:0:0:@SmiHandle
</harden/bcfiles/edk_bcfiles/SmmLegacy.bc>:SmmLegacyExitPoint:3	</harden/bcfiles/edk_bcfiles/SmmLegacy.bc>:SmmLegacyExitPoint:3:0:@gSmst
</harden/bcfiles/edk_bcfiles/SmmLegacy.bc>:SmmLegacyExitPoint:8	</harden/bcfiles/edk_bcfiles/SmmLegacy.bc>:SmmLegacyExitPoint:8:0:@ProtocolHandle
</harden/bcfiles/edk_bcfiles/SmmLegacy.bc>:SmmLegacyExitPoint:11	</harden/bcfiles/edk_bcfiles/SmmLegacy.bc>:SmmLegacyExitPoint:11:0:@gSmst
</harden/bcfiles/edk_bcfiles/SmmLegacy.bc>:LoadSmmVariableProtocolCallback:11	</harden/bcfiles/edk_bcfiles/SmmLegacy.bc>:LoadSmmVariableProtocolCallback:11:0:@gSmst
</harden/bcfiles/edk_bcfiles/SmmLegacy.bc>:SmmLegacyEntryPoint:6	</harden/bcfiles/edk_bcfiles/SmmLegacy.bc>:SmmLegacyEntryPoint:6:0:@_gPcd_FixedAtBuild_PcdSmmLegacyPropertyMask
</harden/bcfiles/edk_bcfiles/SmmLegacy.bc>:SmmLegacyEntryPoint:12	</harden/bcfiles/edk_bcfiles/SmmLegacy.bc>:SmmLegacyEntryPoint:12:0:@gMmst
</harden/bcfiles/edk_bcfiles/SmmLegacy.bc>:SmmLegacyEntryPoint:42	</harden/bcfiles/edk_bcfiles/SmmLegacy.bc>:SmmLegacyEntryPoint:42:0:@gSmst
</harden/bcfiles/edk_bcfiles/SmmLegacy.bc>:SmmLegacyEntryPoint:72	</harden/bcfiles/edk_bcfiles/SmmLegacy.bc>:SmmLegacyEntryPoint:72:0:@gMmst
</harden/bcfiles/edk_bcfiles/SmmLegacy.bc>:SmmLegacyEntryPoint:104	</harden/bcfiles/edk_bcfiles/SmmLegacy.bc>:SmmLegacyEntryPoint:104:0:@gSmst
