</harden/bcfiles/edk_bcfiles/SmmLegacy.bc>:ClearStackNx:12	i64*
</harden/bcfiles/edk_bcfiles/SmmLegacy.bc>:ClearStackNx:19	%struct._EDKII_SMM_MEMORY_ATTRIBUTE_PROTOCOL**
</harden/bcfiles/edk_bcfiles/SmmLegacy.bc>:ClearStackNx:21	i64 (%struct._EDKII_SMM_MEMORY_ATTRIBUTE_PROTOCOL*, i64, i64, i64*)**
</harden/bcfiles/edk_bcfiles/SmmLegacy.bc>:ClearStackNx:22	%struct._EDKII_SMM_MEMORY_ATTRIBUTE_PROTOCOL**
</harden/bcfiles/edk_bcfiles/SmmLegacy.bc>:ClearStackNx:23	i64*
</harden/bcfiles/edk_bcfiles/SmmLegacy.bc>:ClearStackNx:24	i64**
</harden/bcfiles/edk_bcfiles/SmmLegacy.bc>:ClearStackNx:27	i64*
</harden/bcfiles/edk_bcfiles/SmmLegacy.bc>:ClearStackNx:30	i64*
</harden/bcfiles/edk_bcfiles/SmmLegacy.bc>:ClearStackNx:33	i64*
</harden/bcfiles/edk_bcfiles/SmmLegacy.bc>:ClearStackNx:36	%struct._EDKII_SMM_MEMORY_ATTRIBUTE_PROTOCOL**
</harden/bcfiles/edk_bcfiles/SmmLegacy.bc>:ClearStackNx:38	i64 (%struct._EDKII_SMM_MEMORY_ATTRIBUTE_PROTOCOL*, i64, i64, i64)**
</harden/bcfiles/edk_bcfiles/SmmLegacy.bc>:ClearStackNx:39	%struct._EDKII_SMM_MEMORY_ATTRIBUTE_PROTOCOL**
</harden/bcfiles/edk_bcfiles/SmmLegacy.bc>:ClearStackNx:40	i64*
</harden/bcfiles/edk_bcfiles/SmmLegacy.bc>:ClearStackNx:41	i64**
</harden/bcfiles/edk_bcfiles/SmmLegacy.bc>:ClearStackNx:42	i64*
</harden/bcfiles/edk_bcfiles/SmmLegacy.bc>:ClearStackNx:45	i8*
</harden/bcfiles/edk_bcfiles/SmmLegacy.bc>:ClearStackNx:46	i8*
</harden/bcfiles/edk_bcfiles/SmmLegacy.bc>:ClearStackNx:48	i64*
</harden/bcfiles/edk_bcfiles/SmmLegacy.bc>:ClearStackNx:51	i64*
</harden/bcfiles/edk_bcfiles/SmmLegacy.bc>:SetStackNx:9	i64*
</harden/bcfiles/edk_bcfiles/SmmLegacy.bc>:SetStackNx:14	%struct._EDKII_SMM_MEMORY_ATTRIBUTE_PROTOCOL**
</harden/bcfiles/edk_bcfiles/SmmLegacy.bc>:SetStackNx:16	i64 (%struct._EDKII_SMM_MEMORY_ATTRIBUTE_PROTOCOL*, i64, i64, i64)**
</harden/bcfiles/edk_bcfiles/SmmLegacy.bc>:SetStackNx:17	%struct._EDKII_SMM_MEMORY_ATTRIBUTE_PROTOCOL**
</harden/bcfiles/edk_bcfiles/SmmLegacy.bc>:SetStackNx:18	i64*
</harden/bcfiles/edk_bcfiles/SmmLegacy.bc>:SetStackNx:19	i64*
</harden/bcfiles/edk_bcfiles/SmmLegacy.bc>:SetStackNx:22	i8*
</harden/bcfiles/edk_bcfiles/SmmLegacy.bc>:SetStackNx:23	i8*
</harden/bcfiles/edk_bcfiles/SmmLegacy.bc>:SetStackNx:25	i64*
</harden/bcfiles/edk_bcfiles/SmmLegacy.bc>:FindContextBySwSmiInputValue:11	%struct.EFI_SMM_LEGACY_DISPATCH_CONTEXT***
</harden/bcfiles/edk_bcfiles/SmmLegacy.bc>:FindContextBySwSmiInputValue:12	%struct.EFI_SMM_LEGACY_DISPATCH_CONTEXT**
</harden/bcfiles/edk_bcfiles/SmmLegacy.bc>:FindContextBySwSmiInputValue:15	%struct._LIST_ENTRY**
</harden/bcfiles/edk_bcfiles/SmmLegacy.bc>:FindContextBySwSmiInputValue:18	%struct.EFI_SMM_LEGACY_DISPATCH_CONTEXT***
</harden/bcfiles/edk_bcfiles/SmmLegacy.bc>:FindContextBySwSmiInputValue:19	%struct.EFI_SMM_LEGACY_DISPATCH_CONTEXT**
</harden/bcfiles/edk_bcfiles/SmmLegacy.bc>:FindContextBySwSmiInputValue:24	%struct._LIST_ENTRY**
</harden/bcfiles/edk_bcfiles/SmmLegacy.bc>:FindContextBySwSmiInputValue:26	%struct._LIST_ENTRY**
</harden/bcfiles/edk_bcfiles/SmmLegacy.bc>:FindContextBySwSmiInputValue:27	%struct.EFI_SMM_LEGACY_DISPATCH_CONTEXT***
</harden/bcfiles/edk_bcfiles/SmmLegacy.bc>:FindContextBySwSmiInputValue:28	%struct.EFI_SMM_LEGACY_DISPATCH_CONTEXT**
</harden/bcfiles/edk_bcfiles/SmmLegacy.bc>:FindContextBySwSmiInputValue:32	%struct.EFI_SMM_LEGACY_DISPATCH_CONTEXT***
</harden/bcfiles/edk_bcfiles/SmmLegacy.bc>:FindContextBySwSmiInputValue:36	%struct._LIST_ENTRY**
</harden/bcfiles/edk_bcfiles/SmmLegacy.bc>:FindContextBySwSmiInputValue:39	%struct._LIST_ENTRY**
</harden/bcfiles/edk_bcfiles/SmmLegacy.bc>:FindContextBySwSmiInputValue:42	%struct._LIST_ENTRY**
</harden/bcfiles/edk_bcfiles/SmmLegacy.bc>:FindContextBySwSmiInputValue:47	%struct.EFI_SMM_LEGACY_DISPATCH_CONTEXT**
</harden/bcfiles/edk_bcfiles/SmmLegacy.bc>:FindContextBySwSmiInputValue:49	i64*
</harden/bcfiles/edk_bcfiles/SmmLegacy.bc>:FindContextBySwSmiInputValue:50	i64*
</harden/bcfiles/edk_bcfiles/SmmLegacy.bc>:FindContextBySwSmiInputValue:53	%struct.EFI_SMM_LEGACY_DISPATCH_CONTEXT**
</harden/bcfiles/edk_bcfiles/SmmLegacy.bc>:FindContextBySwSmiInputValue:54	%struct.EFI_SMM_LEGACY_DISPATCH_CONTEXT***
</harden/bcfiles/edk_bcfiles/SmmLegacy.bc>:FindContextBySwSmiInputValue:59	%struct._LIST_ENTRY**
</harden/bcfiles/edk_bcfiles/SmmLegacy.bc>:FindContextBySwSmiInputValue:61	%struct._LIST_ENTRY**
</harden/bcfiles/edk_bcfiles/SmmLegacy.bc>:FindContextBySwSmiInputValue:64	%struct.EFI_SMM_LEGACY_DISPATCH_CONTEXT***
</harden/bcfiles/edk_bcfiles/SmmLegacy.bc>:FindContextBySwSmiInputValue:68	i64*
</harden/bcfiles/edk_bcfiles/SmmLegacy.bc>:SmmLegacyDispatcher:30	i64*
</harden/bcfiles/edk_bcfiles/SmmLegacy.bc>:SmmLegacyDispatcher:42	i32*
</harden/bcfiles/edk_bcfiles/SmmLegacy.bc>:SmmLegacyDispatcher:49	i64**
</harden/bcfiles/edk_bcfiles/SmmLegacy.bc>:SmmLegacyDispatcher:50	i64*
</harden/bcfiles/edk_bcfiles/SmmLegacy.bc>:SmmLegacyDispatcher:53	i8*
</harden/bcfiles/edk_bcfiles/SmmLegacy.bc>:SmmLegacyDispatcher:59	i8*
</harden/bcfiles/edk_bcfiles/SmmLegacy.bc>:SmmLegacyDispatcher:62	%struct.EFI_SMM_LEGACY_DISPATCH_CONTEXT**
</harden/bcfiles/edk_bcfiles/SmmLegacy.bc>:SmmLegacyDispatcher:74	i8*
</harden/bcfiles/edk_bcfiles/SmmLegacy.bc>:SmmLegacyDispatcher:84	%struct.EFI_SMM_LEGACY_DISPATCH_CONTEXT**
</harden/bcfiles/edk_bcfiles/SmmLegacy.bc>:SmmLegacyDispatcher:88	%struct.EFI_SMM_LEGACY_DISPATCH_CONTEXT**
</harden/bcfiles/edk_bcfiles/SmmLegacy.bc>:SmmLegacyDispatcher:90	i64*
</harden/bcfiles/edk_bcfiles/SmmLegacy.bc>:SmmLegacyDispatcher:93	i64 (i8*, i8*, i8*, i64*)**
</harden/bcfiles/edk_bcfiles/SmmLegacy.bc>:SmmLegacyDispatcher:94	i8**
</harden/bcfiles/edk_bcfiles/SmmLegacy.bc>:SmmLegacyDispatcher:96	i8**
</harden/bcfiles/edk_bcfiles/SmmLegacy.bc>:SmmLegacyDispatcher:99	i32*
</harden/bcfiles/edk_bcfiles/SmmLegacy.bc>:SmmLegacyDispatcher:106	i8*
</harden/bcfiles/edk_bcfiles/SmmLegacy.bc>:SmmLegacyDispatcher:112	i64*
</harden/bcfiles/edk_bcfiles/SmmLegacy.bc>:GetNvConfiguration:11	%struct._EFI_SMM_VARIABLE_PROTOCOL**
</harden/bcfiles/edk_bcfiles/SmmLegacy.bc>:GetNvConfiguration:13	i64 (i16*, %struct.GUID*, i32*, i64*, i8*)**
</harden/bcfiles/edk_bcfiles/SmmLegacy.bc>:GetNvConfiguration:17	i64*
</harden/bcfiles/edk_bcfiles/SmmLegacy.bc>:GetNvConfiguration:35	%struct._EFI_SMM_VARIABLE_PROTOCOL**
</harden/bcfiles/edk_bcfiles/SmmLegacy.bc>:GetNvConfiguration:37	i64 (i16*, %struct.GUID*, i32, i64, i8*)**
</harden/bcfiles/edk_bcfiles/SmmLegacy.bc>:GetNvConfiguration:42	i64*
</harden/bcfiles/edk_bcfiles/SmmLegacy.bc>:GetNvConfiguration:62	i32*
</harden/bcfiles/edk_bcfiles/SmmLegacy.bc>:SmmLegacyRegister:18	%struct._EFI_SMM_SYSTEM_TABLE2**
</harden/bcfiles/edk_bcfiles/SmmLegacy.bc>:SmmLegacyRegister:20	i64 (i32, i64, i8**)**
</harden/bcfiles/edk_bcfiles/SmmLegacy.bc>:SmmLegacyRegister:28	i64*
</harden/bcfiles/edk_bcfiles/SmmLegacy.bc>:SmmLegacyRegister:39	i64*
</harden/bcfiles/edk_bcfiles/SmmLegacy.bc>:SmmLegacyRegister:49	i64*
</harden/bcfiles/edk_bcfiles/SmmLegacy.bc>:SmmLegacyRegister:54	%struct.EFI_SMM_LEGACY_DISPATCH_CONTEXT**
</harden/bcfiles/edk_bcfiles/SmmLegacy.bc>:SmmLegacyRegister:56	i8***
</harden/bcfiles/edk_bcfiles/SmmLegacy.bc>:SmmLegacyRegister:58	%struct.EFI_SMM_LEGACY_DISPATCH_CONTEXT**
</harden/bcfiles/edk_bcfiles/SmmLegacy.bc>:SmmLegacyRegister:61	%struct.EDKII_SMM_LEGACY_REGISTER_CONTEXT**
</harden/bcfiles/edk_bcfiles/SmmLegacy.bc>:SmmLegacyRegister:63	i64*
</harden/bcfiles/edk_bcfiles/SmmLegacy.bc>:SmmLegacyRegister:64	%struct.EFI_SMM_LEGACY_DISPATCH_CONTEXT**
</harden/bcfiles/edk_bcfiles/SmmLegacy.bc>:SmmLegacyRegister:67	i64 (i8*, i8*, i8*, i64*)**
</harden/bcfiles/edk_bcfiles/SmmLegacy.bc>:SmmLegacyRegister:69	%struct.EFI_SMM_LEGACY_DISPATCH_CONTEXT**
</harden/bcfiles/edk_bcfiles/SmmLegacy.bc>:SmmLegacyRegister:72	i8***
</harden/bcfiles/edk_bcfiles/SmmLegacy.bc>:SmmLegacyRegister:73	i8**
</harden/bcfiles/edk_bcfiles/SmmLegacy.bc>:SmmLegacyRegister:74	%struct.EFI_SMM_LEGACY_DISPATCH_CONTEXT**
</harden/bcfiles/edk_bcfiles/SmmLegacy.bc>:SmmLegacyRegister:77	%struct.EFI_SMM_LEGACY_DISPATCH_CONTEXT**
</harden/bcfiles/edk_bcfiles/SmmLegacy.bc>:SmmLegacyRegister:80	i64*
</harden/bcfiles/edk_bcfiles/SmmLegacy.bc>:SmmLegacyRegister:83	i64*
</harden/bcfiles/edk_bcfiles/SmmLegacy.bc>:SmmLegacyExitPoint:0	i8**
</harden/bcfiles/edk_bcfiles/SmmLegacy.bc>:SmmLegacyExitPoint:3	%struct._EFI_SMM_SYSTEM_TABLE2**
</harden/bcfiles/edk_bcfiles/SmmLegacy.bc>:SmmLegacyExitPoint:5	i64 (i8*)**
</harden/bcfiles/edk_bcfiles/SmmLegacy.bc>:SmmLegacyExitPoint:8	i8**
</harden/bcfiles/edk_bcfiles/SmmLegacy.bc>:SmmLegacyExitPoint:11	%struct._EFI_SMM_SYSTEM_TABLE2**
</harden/bcfiles/edk_bcfiles/SmmLegacy.bc>:SmmLegacyExitPoint:13	i64 (i8*, %struct.GUID*, i8*)**
</harden/bcfiles/edk_bcfiles/SmmLegacy.bc>:LoadSmmVariableProtocolCallback:11	%struct._EFI_SMM_SYSTEM_TABLE2**
</harden/bcfiles/edk_bcfiles/SmmLegacy.bc>:LoadSmmVariableProtocolCallback:13	i64 (%struct.GUID*, i8*, i8**)**
</harden/bcfiles/edk_bcfiles/SmmLegacy.bc>:LoadSmmVariableProtocolCallback:20	i64*
</harden/bcfiles/edk_bcfiles/SmmLegacy.bc>:LoadSmmVariableProtocolCallback:31	i64*
</harden/bcfiles/edk_bcfiles/SmmLegacy.bc>:SmmLegacyEntryPoint:6	i32*
</harden/bcfiles/edk_bcfiles/SmmLegacy.bc>:SmmLegacyEntryPoint:8	i32*
</harden/bcfiles/edk_bcfiles/SmmLegacy.bc>:SmmLegacyEntryPoint:12	%struct._EFI_MM_SYSTEM_TABLE**
</harden/bcfiles/edk_bcfiles/SmmLegacy.bc>:SmmLegacyEntryPoint:14	i64 (%struct.GUID*, i64 (%struct.GUID*, i8*, i8*)*, i8**)**
</harden/bcfiles/edk_bcfiles/SmmLegacy.bc>:SmmLegacyEntryPoint:21	i64*
</harden/bcfiles/edk_bcfiles/SmmLegacy.bc>:SmmLegacyEntryPoint:32	i64*
</harden/bcfiles/edk_bcfiles/SmmLegacy.bc>:SmmLegacyEntryPoint:42	%struct._EFI_SMM_SYSTEM_TABLE2**
</harden/bcfiles/edk_bcfiles/SmmLegacy.bc>:SmmLegacyEntryPoint:44	i64 (%struct.GUID*, i8*, i8**)**
</harden/bcfiles/edk_bcfiles/SmmLegacy.bc>:SmmLegacyEntryPoint:51	i64*
</harden/bcfiles/edk_bcfiles/SmmLegacy.bc>:SmmLegacyEntryPoint:62	i64*
</harden/bcfiles/edk_bcfiles/SmmLegacy.bc>:SmmLegacyEntryPoint:72	%struct._EFI_MM_SYSTEM_TABLE**
</harden/bcfiles/edk_bcfiles/SmmLegacy.bc>:SmmLegacyEntryPoint:74	i64 (i64 (i8*, i8*, i8*, i64*)*, %struct.GUID*, i8**)**
</harden/bcfiles/edk_bcfiles/SmmLegacy.bc>:SmmLegacyEntryPoint:81	i64*
</harden/bcfiles/edk_bcfiles/SmmLegacy.bc>:SmmLegacyEntryPoint:92	i64*
</harden/bcfiles/edk_bcfiles/SmmLegacy.bc>:SmmLegacyEntryPoint:104	%struct._EFI_SMM_SYSTEM_TABLE2**
</harden/bcfiles/edk_bcfiles/SmmLegacy.bc>:SmmLegacyEntryPoint:106	i64 (i8**, %struct.GUID*, i32, i8*)**
</harden/bcfiles/edk_bcfiles/SmmLegacy.bc>:SmmLegacyEntryPoint:113	i64*
</harden/bcfiles/edk_bcfiles/SmmLegacy.bc>:SmmLegacyEntryPoint:124	i64*
</harden/bcfiles/edk_bcfiles/SmmLegacy.bc>:SmmLegacyEntryPoint:148	i64*
