</harden/bcfiles/edk_bcfiles/SmmLegacy.bc>:SmmLegacyDispatcher	</harden/bcfiles/edk_bcfiles/SmmLegacy.bc>:SmmLegacyDispatcher:%14	</harden/bcfiles/edk_bcfiles/SmmLegacy.bc>:SmmLegacyDispatcher:%36	</harden/bcfiles/edk_bcfiles/SmmLegacy.bc>:SmmLegacyDispatcher:%8	</harden/bcfiles/edk_bcfiles/SmmLegacy.bc>:SmmLegacyDispatcher:51	[</harden/bcfiles/edk_bcfiles/SmmLegacy.bc>:SmmLegacyDispatcher:%36, </harden/bcfiles/edk_bcfiles/SmmLegacy.bc>:SmmLegacyDispatcher:%14]	162
</harden/bcfiles/edk_bcfiles/SmmLegacy.bc>:SmmLegacyDispatcher	</harden/bcfiles/edk_bcfiles/SmmLegacy.bc>:SmmLegacyDispatcher:%9	</harden/bcfiles/edk_bcfiles/SmmLegacy.bc>:SmmLegacyDispatcher:%77	</harden/bcfiles/edk_bcfiles/SmmLegacy.bc>:SmmLegacyDispatcher:%7	</harden/bcfiles/edk_bcfiles/SmmLegacy.bc>:SmmLegacyDispatcher:98	[</harden/bcfiles/edk_bcfiles/SmmLegacy.bc>:SmmLegacyDispatcher:%77, </harden/bcfiles/edk_bcfiles/SmmLegacy.bc>:SmmLegacyDispatcher:%9]	177
</harden/bcfiles/edk_bcfiles/SmmLegacy.bc>:SmmLegacyDispatcher	</harden/bcfiles/edk_bcfiles/SmmLegacy.bc>:SmmLegacyDispatcher:%9	</harden/bcfiles/edk_bcfiles/SmmLegacy.bc>:SmmLegacyDispatcher:%17	</harden/bcfiles/edk_bcfiles/SmmLegacy.bc>:SmmLegacyDispatcher:%7	</harden/bcfiles/edk_bcfiles/SmmLegacy.bc>:SmmLegacyDispatcher:29	[</harden/bcfiles/edk_bcfiles/SmmLegacy.bc>:SmmLegacyDispatcher:%77, </harden/bcfiles/edk_bcfiles/SmmLegacy.bc>:SmmLegacyDispatcher:%9]	152
</harden/bcfiles/edk_bcfiles/SmmLegacy.bc>:SmmLegacyDispatcher	</harden/bcfiles/edk_bcfiles/SmmLegacy.bc>:SmmLegacyDispatcher:%9	</harden/bcfiles/edk_bcfiles/SmmLegacy.bc>:SmmLegacyDispatcher:24:0:0	</harden/bcfiles/edk_bcfiles/SmmLegacy.bc>:SmmLegacyDispatcher:%7	</harden/bcfiles/edk_bcfiles/SmmLegacy.bc>:SmmLegacyDispatcher:24	[</harden/bcfiles/edk_bcfiles/SmmLegacy.bc>:SmmLegacyDispatcher:%77, </harden/bcfiles/edk_bcfiles/SmmLegacy.bc>:SmmLegacyDispatcher:%9]	146
</harden/bcfiles/edk_bcfiles/SmmLegacy.bc>:SmmLegacyDispatcher	</harden/bcfiles/edk_bcfiles/SmmLegacy.bc>:SmmLegacyDispatcher:%9	</harden/bcfiles/edk_bcfiles/SmmLegacy.bc>:SmmLegacyDispatcher:81:0:-9223372036854775794	</harden/bcfiles/edk_bcfiles/SmmLegacy.bc>:SmmLegacyDispatcher:%7	</harden/bcfiles/edk_bcfiles/SmmLegacy.bc>:SmmLegacyDispatcher:81	[</harden/bcfiles/edk_bcfiles/SmmLegacy.bc>:SmmLegacyDispatcher:%77, </harden/bcfiles/edk_bcfiles/SmmLegacy.bc>:SmmLegacyDispatcher:%9]	169
