</harden/bcfiles/edk_bcfiles/SmmLegacy.bc>:SmmLegacyDispatcher:0	*stack_alloc@SmmLegacyDispatcher[i8** %5]
</harden/bcfiles/edk_bcfiles/SmmLegacy.bc>:SmmLegacyDispatcher:1	*stack_alloc@SmmLegacyDispatcher[i8** %6]
</harden/bcfiles/edk_bcfiles/SmmLegacy.bc>:SmmLegacyDispatcher:2	*stack_alloc@SmmLegacyDispatcher[i8** %7]
</harden/bcfiles/edk_bcfiles/SmmLegacy.bc>:SmmLegacyDispatcher:3	*stack_alloc@SmmLegacyDispatcher[i64** %8]
</harden/bcfiles/edk_bcfiles/SmmLegacy.bc>:SmmLegacyDispatcher:4	*stack_alloc@SmmLegacyDispatcher[i64* %9]
</harden/bcfiles/edk_bcfiles/SmmLegacy.bc>:SmmLegacyDispatcher:5	*stack_alloc@SmmLegacyDispatcher[%struct.EFI_SMM_LEGACY_CONTEXT* %10]
</harden/bcfiles/edk_bcfiles/SmmLegacy.bc>:SmmLegacyDispatcher:6	*stack_alloc@SmmLegacyDispatcher[%struct.EFI_SMM_LEGACY_DISPATCH_CONTEXT** %11]
</harden/bcfiles/edk_bcfiles/SmmLegacy.bc>:SmmLegacyDispatcher:7	*stack_alloc@SmmLegacyDispatcher[%struct.EDKII_SMM_LEGACY_REGISTER_CONTEXT* %12]
</harden/bcfiles/edk_bcfiles/SmmLegacy.bc>:SmmLegacyDispatcher:8	*stack_alloc@SmmLegacyDispatcher[i64 (i8*, i8*, i8*, i64*)** %13]
</harden/bcfiles/edk_bcfiles/SmmLegacy.bc>:SmmLegacyDispatcher:9	*stack_alloc@SmmLegacyDispatcher[i64* %14]
</harden/bcfiles/edk_bcfiles/SmmLegacy.bc>:ClearStackNx:0	*stack_alloc@ClearStackNx[i64* %1]
</harden/bcfiles/edk_bcfiles/SmmLegacy.bc>:ClearStackNx:1	*stack_alloc@ClearStackNx[i64* %2]
</harden/bcfiles/edk_bcfiles/SmmLegacy.bc>:ClearStackNx:2	*stack_alloc@ClearStackNx[i64* %3]
</harden/bcfiles/edk_bcfiles/SmmLegacy.bc>:ClearStackNx:3	*stack_alloc@ClearStackNx[i64* %4]
</harden/bcfiles/edk_bcfiles/SmmLegacy.bc>:ClearStackNx:4	*stack_alloc@ClearStackNx[i64** %5]
</harden/bcfiles/edk_bcfiles/SmmLegacy.bc>:ClearStackNx:5	*stack_alloc@ClearStackNx[i8* %6]
</harden/bcfiles/edk_bcfiles/SmmLegacy.bc>:ClearStackNx:6	*stack_alloc@ClearStackNx[i8* %7]
</harden/bcfiles/edk_bcfiles/SmmLegacy.bc>:SetStackNx:0	*stack_alloc@SetStackNx[i64* %1]
</harden/bcfiles/edk_bcfiles/SmmLegacy.bc>:SetStackNx:1	*stack_alloc@SetStackNx[i64* %2]
</harden/bcfiles/edk_bcfiles/SmmLegacy.bc>:SetStackNx:2	*stack_alloc@SetStackNx[i64* %3]
</harden/bcfiles/edk_bcfiles/SmmLegacy.bc>:SetStackNx:3	*stack_alloc@SetStackNx[i8* %4]
</harden/bcfiles/edk_bcfiles/SmmLegacy.bc>:SetStackNx:4	*stack_alloc@SetStackNx[i8* %5]
</harden/bcfiles/edk_bcfiles/SmmLegacy.bc>:FindContextBySwSmiInputValue:0	*stack_alloc@FindContextBySwSmiInputValue[i64* %3]
</harden/bcfiles/edk_bcfiles/SmmLegacy.bc>:FindContextBySwSmiInputValue:1	*stack_alloc@FindContextBySwSmiInputValue[i64* %4]
</harden/bcfiles/edk_bcfiles/SmmLegacy.bc>:FindContextBySwSmiInputValue:2	*stack_alloc@FindContextBySwSmiInputValue[%struct.EFI_SMM_LEGACY_DISPATCH_CONTEXT*** %5]
</harden/bcfiles/edk_bcfiles/SmmLegacy.bc>:FindContextBySwSmiInputValue:3	*stack_alloc@FindContextBySwSmiInputValue[%struct._LIST_ENTRY** %6]
</harden/bcfiles/edk_bcfiles/SmmLegacy.bc>:FindContextBySwSmiInputValue:4	*stack_alloc@FindContextBySwSmiInputValue[%struct.EFI_SMM_LEGACY_DISPATCH_CONTEXT** %7]
</harden/bcfiles/edk_bcfiles/SmmLegacy.bc>:GetNvConfiguration:0	*stack_alloc@GetNvConfiguration[i64* %1]
</harden/bcfiles/edk_bcfiles/SmmLegacy.bc>:GetNvConfiguration:1	*stack_alloc@GetNvConfiguration[i64* %2]
</harden/bcfiles/edk_bcfiles/SmmLegacy.bc>:GetNvConfiguration:2	*stack_alloc@GetNvConfiguration[i32* %3]
</harden/bcfiles/edk_bcfiles/SmmLegacy.bc>:GetNvConfiguration:3	*stack_alloc@GetNvConfiguration[i32* %4]
