{ i64 (%struct._EDKII_SMM_LEGACY_PROTOCOL*, i64 (i8*, i8*, i8*, i64*)*, %struct.EDKII_SMM_LEGACY_REGISTER_CONTEXT*, i8**)*, i64 (%struct._EDKII_SMM_LEGACY_PROTOCOL*, i8*)* }	0	i64 (%struct._EDKII_SMM_LEGACY_PROTOCOL*, i64 (i8*, i8*, i8*, i64*)*, %struct.EDKII_SMM_LEGACY_REGISTER_CONTEXT*, i8**)*
%struct._EFI_SMM_VARIABLE_PROTOCOL	0	i64 (i16*, %struct.GUID*, i32*, i64*, i8*)*
%struct.EFI_SMM_LEGACY_CONTEXT	0	i8
%struct.EFI_CONFIGURATION_TABLE	0	%struct.GUID
%struct._EFI_MM_CPU_IO_PROTOCOL	0	%struct.EFI_MM_IO_ACCESS
%struct._EFI_MM_SYSTEM_TABLE	0	%struct.EFI_TABLE_HEADER
%struct._EFI_SMM_SYSTEM_TABLE2	0	%struct.EFI_TABLE_HEADER
%struct._LIST_ENTRY	0	%struct._LIST_ENTRY*
%struct.EFI_SMM_LEGACY_DISPATCH_CONTEXT	0	i64
%struct._EDKII_SMM_LEGACY_PROTOCOL	0	{}*
%struct.EDKII_SMM_LEGACY_REGISTER_CONTEXT	0	i64
%struct._EDKII_SMM_MEMORY_ATTRIBUTE_PROTOCOL	0	i64 (%struct._EDKII_SMM_MEMORY_ATTRIBUTE_PROTOCOL*, i64, i64, i64*)*
%struct.GUID	0	i32
%struct.EFI_TABLE_HEADER	0	i64
%struct.EFI_MM_IO_ACCESS	0	i64 (%struct._EFI_MM_CPU_IO_PROTOCOL*, i32, i64, i64, i8*)*
{ i64 (%struct._EDKII_SMM_LEGACY_PROTOCOL*, i64 (i8*, i8*, i8*, i64*)*, %struct.EDKII_SMM_LEGACY_REGISTER_CONTEXT*, i8**)*, i64 (%struct._EDKII_SMM_LEGACY_PROTOCOL*, i8*)* }	1	i64 (%struct._EDKII_SMM_LEGACY_PROTOCOL*, i8*)*
%struct._EFI_SMM_VARIABLE_PROTOCOL	1	i64 (i64*, i16*, %struct.GUID*)*
%struct.EFI_CONFIGURATION_TABLE	1	i8*
%struct._EFI_MM_CPU_IO_PROTOCOL	1	%struct.EFI_MM_IO_ACCESS
%struct._EFI_MM_SYSTEM_TABLE	1	i16*
%struct._EFI_SMM_SYSTEM_TABLE2	1	i16*
%struct._LIST_ENTRY	1	%struct._LIST_ENTRY*
%struct.EFI_SMM_LEGACY_DISPATCH_CONTEXT	1	%struct._LIST_ENTRY
%struct._EDKII_SMM_LEGACY_PROTOCOL	1	i64 (%struct._EDKII_SMM_LEGACY_PROTOCOL*, i8*)*
%struct._EDKII_SMM_MEMORY_ATTRIBUTE_PROTOCOL	1	i64 (%struct._EDKII_SMM_MEMORY_ATTRIBUTE_PROTOCOL*, i64, i64, i64)*
%struct.GUID	1	i16
%struct.EFI_TABLE_HEADER	1	i32
%struct.EFI_MM_IO_ACCESS	1	i64 (%struct._EFI_MM_CPU_IO_PROTOCOL*, i32, i64, i64, i8*)*
%struct._EFI_SMM_VARIABLE_PROTOCOL	2	i64 (i16*, %struct.GUID*, i32, i64, i8*)*
%struct._EFI_MM_SYSTEM_TABLE	2	i32
%struct._EFI_SMM_SYSTEM_TABLE2	2	i32
%struct.EFI_SMM_LEGACY_DISPATCH_CONTEXT	2	i8*
%struct._EDKII_SMM_MEMORY_ATTRIBUTE_PROTOCOL	2	i64 (%struct._EDKII_SMM_MEMORY_ATTRIBUTE_PROTOCOL*, i64, i64, i64)*
%struct.GUID	2	i16
%struct.EFI_TABLE_HEADER	2	i32
%struct._EFI_SMM_VARIABLE_PROTOCOL	3	i64 (i32, i64*, i64*, i64*)*
%struct._EFI_MM_SYSTEM_TABLE	3	i64 (%struct._EFI_MM_SYSTEM_TABLE*, %struct.GUID*, i8*, i64)*
%struct._EFI_SMM_SYSTEM_TABLE2	3	i64 (%struct._EFI_SMM_SYSTEM_TABLE2*, %struct.GUID*, i8*, i64)*
%struct.EFI_SMM_LEGACY_DISPATCH_CONTEXT	3	i64
%struct.GUID	3	[8 x i8]
%struct.EFI_TABLE_HEADER	3	i32
%struct._EFI_MM_SYSTEM_TABLE	4	%struct._EFI_MM_CPU_IO_PROTOCOL
%struct._EFI_SMM_SYSTEM_TABLE2	4	%struct._EFI_MM_CPU_IO_PROTOCOL
%struct.EFI_SMM_LEGACY_DISPATCH_CONTEXT	4	i64
%struct.EFI_TABLE_HEADER	4	i32
%struct._EFI_MM_SYSTEM_TABLE	5	i64 (i32, i64, i8**)*
%struct._EFI_SMM_SYSTEM_TABLE2	5	i64 (i32, i64, i8**)*
%struct._EFI_MM_SYSTEM_TABLE	6	i64 (i8*)*
%struct._EFI_SMM_SYSTEM_TABLE2	6	i64 (i8*)*
%struct._EFI_MM_SYSTEM_TABLE	7	i64 (i32, i32, i64, i64*)*
%struct._EFI_SMM_SYSTEM_TABLE2	7	i64 (i32, i32, i64, i64*)*
%struct._EFI_MM_SYSTEM_TABLE	8	i64 (i64, i64)*
%struct._EFI_SMM_SYSTEM_TABLE2	8	i64 (i64, i64)*
%struct._EFI_MM_SYSTEM_TABLE	9	i64 (void (i8*)*, i64, i8*)*
%struct._EFI_SMM_SYSTEM_TABLE2	9	i64 (void (i8*)*, i64, i8*)*
%struct._EFI_MM_SYSTEM_TABLE	10	i64
%struct._EFI_SMM_SYSTEM_TABLE2	10	i64
%struct._EFI_MM_SYSTEM_TABLE	11	i64
%struct._EFI_SMM_SYSTEM_TABLE2	11	i64
%struct._EFI_MM_SYSTEM_TABLE	12	i64*
%struct._EFI_SMM_SYSTEM_TABLE2	12	i64*
%struct._EFI_MM_SYSTEM_TABLE	13	i8**
%struct._EFI_SMM_SYSTEM_TABLE2	13	i8**
%struct._EFI_MM_SYSTEM_TABLE	14	i64
%struct._EFI_SMM_SYSTEM_TABLE2	14	i64
%struct._EFI_MM_SYSTEM_TABLE	15	%struct.EFI_CONFIGURATION_TABLE*
%struct._EFI_SMM_SYSTEM_TABLE2	15	%struct.EFI_CONFIGURATION_TABLE*
%struct._EFI_MM_SYSTEM_TABLE	16	i64 (i8**, %struct.GUID*, i32, i8*)*
%struct._EFI_SMM_SYSTEM_TABLE2	16	i64 (i8**, %struct.GUID*, i32, i8*)*
%struct._EFI_MM_SYSTEM_TABLE	17	i64 (i8*, %struct.GUID*, i8*)*
%struct._EFI_SMM_SYSTEM_TABLE2	17	i64 (i8*, %struct.GUID*, i8*)*
%struct._EFI_MM_SYSTEM_TABLE	18	i64 (i8*, %struct.GUID*, i8**)*
%struct._EFI_SMM_SYSTEM_TABLE2	18	i64 (i8*, %struct.GUID*, i8**)*
%struct._EFI_MM_SYSTEM_TABLE	19	i64 (%struct.GUID*, i64 (%struct.GUID*, i8*, i8*)*, i8**)*
%struct._EFI_SMM_SYSTEM_TABLE2	19	i64 (%struct.GUID*, i64 (%struct.GUID*, i8*, i8*)*, i8**)*
%struct._EFI_MM_SYSTEM_TABLE	20	i64 (i32, %struct.GUID*, i8*, i64*, i8**)*
%struct._EFI_SMM_SYSTEM_TABLE2	20	i64 (i32, %struct.GUID*, i8*, i64*, i8**)*
%struct._EFI_MM_SYSTEM_TABLE	21	i64 (%struct.GUID*, i8*, i8**)*
%struct._EFI_SMM_SYSTEM_TABLE2	21	i64 (%struct.GUID*, i8*, i8**)*
%struct._EFI_MM_SYSTEM_TABLE	22	i64 (%struct.GUID*, i8*, i8*, i64*)*
%struct._EFI_SMM_SYSTEM_TABLE2	22	i64 (%struct.GUID*, i8*, i8*, i64*)*
%struct._EFI_MM_SYSTEM_TABLE	23	i64 (i64 (i8*, i8*, i8*, i64*)*, %struct.GUID*, i8**)*
%struct._EFI_SMM_SYSTEM_TABLE2	23	i64 (i64 (i8*, i8*, i8*, i64*)*, %struct.GUID*, i8**)*
%struct._EFI_MM_SYSTEM_TABLE	24	i64 (i8*)*
%struct._EFI_SMM_SYSTEM_TABLE2	24	i64 (i8*)*
