</harden/bcfiles/edk_bcfiles/SmmLegacy.bc>:SmmLegacyDispatcher	</harden/bcfiles/edk_bcfiles/SmmLegacy.bc>:ClearStackNx
</harden/bcfiles/edk_bcfiles/SmmLegacy.bc>:SmmLegacyDispatcher	</harden/bcfiles/edk_bcfiles/SmmLegacy.bc>:SetStackNx
</harden/bcfiles/edk_bcfiles/SmmLegacy.bc>:SmmLegacyDispatcher	</harden/bcfiles/edk_bcfiles/SmmLegacy.bc>:FindContextBySwSmiInputValue
</harden/bcfiles/edk_bcfiles/SmmLegacy.bc>:SmmLegacyDispatcher	</harden/bcfiles/edk_bcfiles/SmmLegacy.bc>:SmmLegacyDispatcher
</harden/bcfiles/edk_bcfiles/SmmLegacy.bc>:SmmLegacyDispatcher	</harden/bcfiles/edk_bcfiles/SmmLegacy.bc>:GetNvConfiguration
</harden/bcfiles/edk_bcfiles/SmmLegacy.bc>:SmmLegacyDispatcher	</harden/bcfiles/edk_bcfiles/SmmLegacy.bc>:llvm.dbg.declare
</harden/bcfiles/edk_bcfiles/SmmLegacy.bc>:SmmLegacyDispatcher	</harden/bcfiles/edk_bcfiles/SmmLegacy.bc>:DisableReadOnlyPageWriteProtect
</harden/bcfiles/edk_bcfiles/SmmLegacy.bc>:SmmLegacyDispatcher	</harden/bcfiles/edk_bcfiles/SmmLegacy.bc>:EnableReadOnlyPageWriteProtect
</harden/bcfiles/edk_bcfiles/SmmLegacy.bc>:SmmLegacyDispatcher	</harden/bcfiles/edk_bcfiles/SmmLegacy.bc>:GetNextNode
</harden/bcfiles/edk_bcfiles/SmmLegacy.bc>:SmmLegacyDispatcher	</harden/bcfiles/edk_bcfiles/SmmLegacy.bc>:IoRead8
</harden/bcfiles/edk_bcfiles/SmmLegacy.bc>:SmmLegacyDispatcher	</harden/bcfiles/edk_bcfiles/SmmLegacy.bc>:DebugPrintEnabled
</harden/bcfiles/edk_bcfiles/SmmLegacy.bc>:SmmLegacyDispatcher	</harden/bcfiles/edk_bcfiles/SmmLegacy.bc>:DebugPrintLevelEnabled
</harden/bcfiles/edk_bcfiles/SmmLegacy.bc>:SmmLegacyDispatcher	</harden/bcfiles/edk_bcfiles/SmmLegacy.bc>:DebugPrint
</harden/bcfiles/edk_bcfiles/SmmLegacy.bc>:SmmLegacyDispatcher	</harden/bcfiles/edk_bcfiles/SmmLegacy.bc>:llvm.dbg.label
