</harden/bcfiles/edk_bcfiles/SmmLegacy.bc>:ClearStackNx:7	</harden/bcfiles/edk_bcfiles/SmmLegacy.bc>:llvm.dbg.declare	</harden/bcfiles/edk_bcfiles/SmmLegacy.bc>:ClearStackNx:!DIExpression()	2
</harden/bcfiles/edk_bcfiles/SmmLegacy.bc>:ClearStackNx:7	</harden/bcfiles/edk_bcfiles/SmmLegacy.bc>:llvm.dbg.declare	</harden/bcfiles/edk_bcfiles/SmmLegacy.bc>:ClearStackNx:!177	1
</harden/bcfiles/edk_bcfiles/SmmLegacy.bc>:ClearStackNx:7	</harden/bcfiles/edk_bcfiles/SmmLegacy.bc>:llvm.dbg.declare	</harden/bcfiles/edk_bcfiles/SmmLegacy.bc>:ClearStackNx:i64* %2	0
</harden/bcfiles/edk_bcfiles/SmmLegacy.bc>:ClearStackNx:9	</harden/bcfiles/edk_bcfiles/SmmLegacy.bc>:llvm.dbg.declare	</harden/bcfiles/edk_bcfiles/SmmLegacy.bc>:ClearStackNx:i64* %3	0
</harden/bcfiles/edk_bcfiles/SmmLegacy.bc>:ClearStackNx:9	</harden/bcfiles/edk_bcfiles/SmmLegacy.bc>:llvm.dbg.declare	</harden/bcfiles/edk_bcfiles/SmmLegacy.bc>:ClearStackNx:!179	1
</harden/bcfiles/edk_bcfiles/SmmLegacy.bc>:ClearStackNx:9	</harden/bcfiles/edk_bcfiles/SmmLegacy.bc>:llvm.dbg.declare	</harden/bcfiles/edk_bcfiles/SmmLegacy.bc>:ClearStackNx:!DIExpression()	2
</harden/bcfiles/edk_bcfiles/SmmLegacy.bc>:ClearStackNx:11	</harden/bcfiles/edk_bcfiles/SmmLegacy.bc>:llvm.dbg.declare	</harden/bcfiles/edk_bcfiles/SmmLegacy.bc>:ClearStackNx:!181	1
</harden/bcfiles/edk_bcfiles/SmmLegacy.bc>:ClearStackNx:11	</harden/bcfiles/edk_bcfiles/SmmLegacy.bc>:llvm.dbg.declare	</harden/bcfiles/edk_bcfiles/SmmLegacy.bc>:ClearStackNx:i64* %4	0
</harden/bcfiles/edk_bcfiles/SmmLegacy.bc>:ClearStackNx:11	</harden/bcfiles/edk_bcfiles/SmmLegacy.bc>:llvm.dbg.declare	</harden/bcfiles/edk_bcfiles/SmmLegacy.bc>:ClearStackNx:!DIExpression()	2
</harden/bcfiles/edk_bcfiles/SmmLegacy.bc>:ClearStackNx:14	</harden/bcfiles/edk_bcfiles/SmmLegacy.bc>:llvm.dbg.declare	</harden/bcfiles/edk_bcfiles/SmmLegacy.bc>:ClearStackNx:!183	1
</harden/bcfiles/edk_bcfiles/SmmLegacy.bc>:ClearStackNx:14	</harden/bcfiles/edk_bcfiles/SmmLegacy.bc>:llvm.dbg.declare	</harden/bcfiles/edk_bcfiles/SmmLegacy.bc>:ClearStackNx:i64** %5	0
</harden/bcfiles/edk_bcfiles/SmmLegacy.bc>:ClearStackNx:14	</harden/bcfiles/edk_bcfiles/SmmLegacy.bc>:llvm.dbg.declare	</harden/bcfiles/edk_bcfiles/SmmLegacy.bc>:ClearStackNx:!DIExpression()	2
</harden/bcfiles/edk_bcfiles/SmmLegacy.bc>:ClearStackNx:16	</harden/bcfiles/edk_bcfiles/SmmLegacy.bc>:llvm.dbg.declare	</harden/bcfiles/edk_bcfiles/SmmLegacy.bc>:ClearStackNx:i8* %6	0
</harden/bcfiles/edk_bcfiles/SmmLegacy.bc>:ClearStackNx:16	</harden/bcfiles/edk_bcfiles/SmmLegacy.bc>:llvm.dbg.declare	</harden/bcfiles/edk_bcfiles/SmmLegacy.bc>:ClearStackNx:!DIExpression()	2
</harden/bcfiles/edk_bcfiles/SmmLegacy.bc>:ClearStackNx:16	</harden/bcfiles/edk_bcfiles/SmmLegacy.bc>:llvm.dbg.declare	</harden/bcfiles/edk_bcfiles/SmmLegacy.bc>:ClearStackNx:!185	1
</harden/bcfiles/edk_bcfiles/SmmLegacy.bc>:ClearStackNx:17	</harden/bcfiles/edk_bcfiles/SmmLegacy.bc>:llvm.dbg.declare	</harden/bcfiles/edk_bcfiles/SmmLegacy.bc>:ClearStackNx:i8* %7	0
</harden/bcfiles/edk_bcfiles/SmmLegacy.bc>:ClearStackNx:17	</harden/bcfiles/edk_bcfiles/SmmLegacy.bc>:llvm.dbg.declare	</harden/bcfiles/edk_bcfiles/SmmLegacy.bc>:ClearStackNx:!DIExpression()	2
</harden/bcfiles/edk_bcfiles/SmmLegacy.bc>:ClearStackNx:17	</harden/bcfiles/edk_bcfiles/SmmLegacy.bc>:llvm.dbg.declare	</harden/bcfiles/edk_bcfiles/SmmLegacy.bc>:ClearStackNx:!187	1
</harden/bcfiles/edk_bcfiles/SmmLegacy.bc>:ClearStackNx:18	</harden/bcfiles/edk_bcfiles/SmmLegacy.bc>:DisableReadOnlyPageWriteProtect	</harden/bcfiles/edk_bcfiles/SmmLegacy.bc>:ClearStackNx:%7	0
</harden/bcfiles/edk_bcfiles/SmmLegacy.bc>:ClearStackNx:18	</harden/bcfiles/edk_bcfiles/SmmLegacy.bc>:DisableReadOnlyPageWriteProtect	</harden/bcfiles/edk_bcfiles/SmmLegacy.bc>:ClearStackNx:%6	1
</harden/bcfiles/edk_bcfiles/SmmLegacy.bc>:ClearStackNx:47	</harden/bcfiles/edk_bcfiles/SmmLegacy.bc>:EnableReadOnlyPageWriteProtect	</harden/bcfiles/edk_bcfiles/SmmLegacy.bc>:ClearStackNx:%32	0
</harden/bcfiles/edk_bcfiles/SmmLegacy.bc>:ClearStackNx:47	</harden/bcfiles/edk_bcfiles/SmmLegacy.bc>:EnableReadOnlyPageWriteProtect	</harden/bcfiles/edk_bcfiles/SmmLegacy.bc>:ClearStackNx:%33	1
</harden/bcfiles/edk_bcfiles/SmmLegacy.bc>:SetStackNx:5	</harden/bcfiles/edk_bcfiles/SmmLegacy.bc>:llvm.dbg.declare	</harden/bcfiles/edk_bcfiles/SmmLegacy.bc>:SetStackNx:!DIExpression()	2
</harden/bcfiles/edk_bcfiles/SmmLegacy.bc>:SetStackNx:5	</harden/bcfiles/edk_bcfiles/SmmLegacy.bc>:llvm.dbg.declare	</harden/bcfiles/edk_bcfiles/SmmLegacy.bc>:SetStackNx:!200	1
</harden/bcfiles/edk_bcfiles/SmmLegacy.bc>:SetStackNx:5	</harden/bcfiles/edk_bcfiles/SmmLegacy.bc>:llvm.dbg.declare	</harden/bcfiles/edk_bcfiles/SmmLegacy.bc>:SetStackNx:i64* %1	0
</harden/bcfiles/edk_bcfiles/SmmLegacy.bc>:SetStackNx:6	</harden/bcfiles/edk_bcfiles/SmmLegacy.bc>:llvm.dbg.declare	</harden/bcfiles/edk_bcfiles/SmmLegacy.bc>:SetStackNx:!202	1
</harden/bcfiles/edk_bcfiles/SmmLegacy.bc>:SetStackNx:6	</harden/bcfiles/edk_bcfiles/SmmLegacy.bc>:llvm.dbg.declare	</harden/bcfiles/edk_bcfiles/SmmLegacy.bc>:SetStackNx:i64* %2	0
</harden/bcfiles/edk_bcfiles/SmmLegacy.bc>:SetStackNx:6	</harden/bcfiles/edk_bcfiles/SmmLegacy.bc>:llvm.dbg.declare	</harden/bcfiles/edk_bcfiles/SmmLegacy.bc>:SetStackNx:!DIExpression()	2
</harden/bcfiles/edk_bcfiles/SmmLegacy.bc>:SetStackNx:8	</harden/bcfiles/edk_bcfiles/SmmLegacy.bc>:llvm.dbg.declare	</harden/bcfiles/edk_bcfiles/SmmLegacy.bc>:SetStackNx:!204	1
</harden/bcfiles/edk_bcfiles/SmmLegacy.bc>:SetStackNx:8	</harden/bcfiles/edk_bcfiles/SmmLegacy.bc>:llvm.dbg.declare	</harden/bcfiles/edk_bcfiles/SmmLegacy.bc>:SetStackNx:!DIExpression()	2
</harden/bcfiles/edk_bcfiles/SmmLegacy.bc>:SetStackNx:8	</harden/bcfiles/edk_bcfiles/SmmLegacy.bc>:llvm.dbg.declare	</harden/bcfiles/edk_bcfiles/SmmLegacy.bc>:SetStackNx:i64* %3	0
</harden/bcfiles/edk_bcfiles/SmmLegacy.bc>:SetStackNx:11	</harden/bcfiles/edk_bcfiles/SmmLegacy.bc>:llvm.dbg.declare	</harden/bcfiles/edk_bcfiles/SmmLegacy.bc>:SetStackNx:!206	1
</harden/bcfiles/edk_bcfiles/SmmLegacy.bc>:SetStackNx:11	</harden/bcfiles/edk_bcfiles/SmmLegacy.bc>:llvm.dbg.declare	</harden/bcfiles/edk_bcfiles/SmmLegacy.bc>:SetStackNx:i8* %4	0
</harden/bcfiles/edk_bcfiles/SmmLegacy.bc>:SetStackNx:11	</harden/bcfiles/edk_bcfiles/SmmLegacy.bc>:llvm.dbg.declare	</harden/bcfiles/edk_bcfiles/SmmLegacy.bc>:SetStackNx:!DIExpression()	2
</harden/bcfiles/edk_bcfiles/SmmLegacy.bc>:SetStackNx:12	</harden/bcfiles/edk_bcfiles/SmmLegacy.bc>:llvm.dbg.declare	</harden/bcfiles/edk_bcfiles/SmmLegacy.bc>:SetStackNx:!208	1
</harden/bcfiles/edk_bcfiles/SmmLegacy.bc>:SetStackNx:12	</harden/bcfiles/edk_bcfiles/SmmLegacy.bc>:llvm.dbg.declare	</harden/bcfiles/edk_bcfiles/SmmLegacy.bc>:SetStackNx:i8* %5	0
</harden/bcfiles/edk_bcfiles/SmmLegacy.bc>:SetStackNx:12	</harden/bcfiles/edk_bcfiles/SmmLegacy.bc>:llvm.dbg.declare	</harden/bcfiles/edk_bcfiles/SmmLegacy.bc>:SetStackNx:!DIExpression()	2
</harden/bcfiles/edk_bcfiles/SmmLegacy.bc>:SetStackNx:13	</harden/bcfiles/edk_bcfiles/SmmLegacy.bc>:DisableReadOnlyPageWriteProtect	</harden/bcfiles/edk_bcfiles/SmmLegacy.bc>:SetStackNx:%5	0
</harden/bcfiles/edk_bcfiles/SmmLegacy.bc>:SetStackNx:13	</harden/bcfiles/edk_bcfiles/SmmLegacy.bc>:DisableReadOnlyPageWriteProtect	</harden/bcfiles/edk_bcfiles/SmmLegacy.bc>:SetStackNx:%4	1
</harden/bcfiles/edk_bcfiles/SmmLegacy.bc>:SetStackNx:24	</harden/bcfiles/edk_bcfiles/SmmLegacy.bc>:EnableReadOnlyPageWriteProtect	</harden/bcfiles/edk_bcfiles/SmmLegacy.bc>:SetStackNx:%15	1
</harden/bcfiles/edk_bcfiles/SmmLegacy.bc>:SetStackNx:24	</harden/bcfiles/edk_bcfiles/SmmLegacy.bc>:EnableReadOnlyPageWriteProtect	</harden/bcfiles/edk_bcfiles/SmmLegacy.bc>:SetStackNx:%14	0
</harden/bcfiles/edk_bcfiles/SmmLegacy.bc>:FindContextBySwSmiInputValue:6	</harden/bcfiles/edk_bcfiles/SmmLegacy.bc>:llvm.dbg.declare	</harden/bcfiles/edk_bcfiles/SmmLegacy.bc>:FindContextBySwSmiInputValue:!DIExpression()	2
</harden/bcfiles/edk_bcfiles/SmmLegacy.bc>:FindContextBySwSmiInputValue:6	</harden/bcfiles/edk_bcfiles/SmmLegacy.bc>:llvm.dbg.declare	</harden/bcfiles/edk_bcfiles/SmmLegacy.bc>:FindContextBySwSmiInputValue:!218	1
</harden/bcfiles/edk_bcfiles/SmmLegacy.bc>:FindContextBySwSmiInputValue:6	</harden/bcfiles/edk_bcfiles/SmmLegacy.bc>:llvm.dbg.declare	</harden/bcfiles/edk_bcfiles/SmmLegacy.bc>:FindContextBySwSmiInputValue:i64* %4	0
</harden/bcfiles/edk_bcfiles/SmmLegacy.bc>:FindContextBySwSmiInputValue:8	</harden/bcfiles/edk_bcfiles/SmmLegacy.bc>:llvm.dbg.declare	</harden/bcfiles/edk_bcfiles/SmmLegacy.bc>:FindContextBySwSmiInputValue:!220	1
</harden/bcfiles/edk_bcfiles/SmmLegacy.bc>:FindContextBySwSmiInputValue:8	</harden/bcfiles/edk_bcfiles/SmmLegacy.bc>:llvm.dbg.declare	</harden/bcfiles/edk_bcfiles/SmmLegacy.bc>:FindContextBySwSmiInputValue:%struct.EFI_SMM_LEGACY_DISPATCH_CONTEXT*** %5	0
</harden/bcfiles/edk_bcfiles/SmmLegacy.bc>:FindContextBySwSmiInputValue:8	</harden/bcfiles/edk_bcfiles/SmmLegacy.bc>:llvm.dbg.declare	</harden/bcfiles/edk_bcfiles/SmmLegacy.bc>:FindContextBySwSmiInputValue:!DIExpression()	2
</harden/bcfiles/edk_bcfiles/SmmLegacy.bc>:FindContextBySwSmiInputValue:9	</harden/bcfiles/edk_bcfiles/SmmLegacy.bc>:llvm.dbg.declare	</harden/bcfiles/edk_bcfiles/SmmLegacy.bc>:FindContextBySwSmiInputValue:%struct._LIST_ENTRY** %6	0
</harden/bcfiles/edk_bcfiles/SmmLegacy.bc>:FindContextBySwSmiInputValue:9	</harden/bcfiles/edk_bcfiles/SmmLegacy.bc>:llvm.dbg.declare	</harden/bcfiles/edk_bcfiles/SmmLegacy.bc>:FindContextBySwSmiInputValue:!DIExpression()	2
</harden/bcfiles/edk_bcfiles/SmmLegacy.bc>:FindContextBySwSmiInputValue:9	</harden/bcfiles/edk_bcfiles/SmmLegacy.bc>:llvm.dbg.declare	</harden/bcfiles/edk_bcfiles/SmmLegacy.bc>:FindContextBySwSmiInputValue:!222	1
</harden/bcfiles/edk_bcfiles/SmmLegacy.bc>:FindContextBySwSmiInputValue:10	</harden/bcfiles/edk_bcfiles/SmmLegacy.bc>:llvm.dbg.declare	</harden/bcfiles/edk_bcfiles/SmmLegacy.bc>:FindContextBySwSmiInputValue:!224	1
</harden/bcfiles/edk_bcfiles/SmmLegacy.bc>:FindContextBySwSmiInputValue:10	</harden/bcfiles/edk_bcfiles/SmmLegacy.bc>:llvm.dbg.declare	</harden/bcfiles/edk_bcfiles/SmmLegacy.bc>:FindContextBySwSmiInputValue:%struct.EFI_SMM_LEGACY_DISPATCH_CONTEXT** %7	0
</harden/bcfiles/edk_bcfiles/SmmLegacy.bc>:FindContextBySwSmiInputValue:10	</harden/bcfiles/edk_bcfiles/SmmLegacy.bc>:llvm.dbg.declare	</harden/bcfiles/edk_bcfiles/SmmLegacy.bc>:FindContextBySwSmiInputValue:!DIExpression()	2
</harden/bcfiles/edk_bcfiles/SmmLegacy.bc>:FindContextBySwSmiInputValue:21	</harden/bcfiles/edk_bcfiles/SmmLegacy.bc>:GetNextNode	</harden/bcfiles/edk_bcfiles/SmmLegacy.bc>:FindContextBySwSmiInputValue:%16	1
</harden/bcfiles/edk_bcfiles/SmmLegacy.bc>:FindContextBySwSmiInputValue:21	</harden/bcfiles/edk_bcfiles/SmmLegacy.bc>:GetNextNode	</harden/bcfiles/edk_bcfiles/SmmLegacy.bc>:FindContextBySwSmiInputValue:21:1:@mSmmLegacyDispatchQueue	0
</harden/bcfiles/edk_bcfiles/SmmLegacy.bc>:SmmLegacyDispatcher:11	</harden/bcfiles/edk_bcfiles/SmmLegacy.bc>:llvm.dbg.declare	</harden/bcfiles/edk_bcfiles/SmmLegacy.bc>:SmmLegacyDispatcher:!DIExpression()	2
</harden/bcfiles/edk_bcfiles/SmmLegacy.bc>:SmmLegacyDispatcher:11	</harden/bcfiles/edk_bcfiles/SmmLegacy.bc>:llvm.dbg.declare	</harden/bcfiles/edk_bcfiles/SmmLegacy.bc>:SmmLegacyDispatcher:!260	1
</harden/bcfiles/edk_bcfiles/SmmLegacy.bc>:SmmLegacyDispatcher:11	</harden/bcfiles/edk_bcfiles/SmmLegacy.bc>:llvm.dbg.declare	</harden/bcfiles/edk_bcfiles/SmmLegacy.bc>:SmmLegacyDispatcher:i8** %5	0
</harden/bcfiles/edk_bcfiles/SmmLegacy.bc>:SmmLegacyDispatcher:13	</harden/bcfiles/edk_bcfiles/SmmLegacy.bc>:llvm.dbg.declare	</harden/bcfiles/edk_bcfiles/SmmLegacy.bc>:SmmLegacyDispatcher:!DIExpression()	2
</harden/bcfiles/edk_bcfiles/SmmLegacy.bc>:SmmLegacyDispatcher:13	</harden/bcfiles/edk_bcfiles/SmmLegacy.bc>:llvm.dbg.declare	</harden/bcfiles/edk_bcfiles/SmmLegacy.bc>:SmmLegacyDispatcher:i8** %6	0
</harden/bcfiles/edk_bcfiles/SmmLegacy.bc>:SmmLegacyDispatcher:13	</harden/bcfiles/edk_bcfiles/SmmLegacy.bc>:llvm.dbg.declare	</harden/bcfiles/edk_bcfiles/SmmLegacy.bc>:SmmLegacyDispatcher:!262	1
</harden/bcfiles/edk_bcfiles/SmmLegacy.bc>:SmmLegacyDispatcher:15	</harden/bcfiles/edk_bcfiles/SmmLegacy.bc>:llvm.dbg.declare	</harden/bcfiles/edk_bcfiles/SmmLegacy.bc>:SmmLegacyDispatcher:!264	1
</harden/bcfiles/edk_bcfiles/SmmLegacy.bc>:SmmLegacyDispatcher:15	</harden/bcfiles/edk_bcfiles/SmmLegacy.bc>:llvm.dbg.declare	</harden/bcfiles/edk_bcfiles/SmmLegacy.bc>:SmmLegacyDispatcher:i8** %7	0
</harden/bcfiles/edk_bcfiles/SmmLegacy.bc>:SmmLegacyDispatcher:15	</harden/bcfiles/edk_bcfiles/SmmLegacy.bc>:llvm.dbg.declare	</harden/bcfiles/edk_bcfiles/SmmLegacy.bc>:SmmLegacyDispatcher:!DIExpression()	2
</harden/bcfiles/edk_bcfiles/SmmLegacy.bc>:SmmLegacyDispatcher:17	</harden/bcfiles/edk_bcfiles/SmmLegacy.bc>:llvm.dbg.declare	</harden/bcfiles/edk_bcfiles/SmmLegacy.bc>:SmmLegacyDispatcher:!DIExpression()	2
</harden/bcfiles/edk_bcfiles/SmmLegacy.bc>:SmmLegacyDispatcher:17	</harden/bcfiles/edk_bcfiles/SmmLegacy.bc>:llvm.dbg.declare	</harden/bcfiles/edk_bcfiles/SmmLegacy.bc>:SmmLegacyDispatcher:!266	1
</harden/bcfiles/edk_bcfiles/SmmLegacy.bc>:SmmLegacyDispatcher:17	</harden/bcfiles/edk_bcfiles/SmmLegacy.bc>:llvm.dbg.declare	</harden/bcfiles/edk_bcfiles/SmmLegacy.bc>:SmmLegacyDispatcher:i64** %8	0
</harden/bcfiles/edk_bcfiles/SmmLegacy.bc>:SmmLegacyDispatcher:18	</harden/bcfiles/edk_bcfiles/SmmLegacy.bc>:llvm.dbg.declare	</harden/bcfiles/edk_bcfiles/SmmLegacy.bc>:SmmLegacyDispatcher:i64* %9	0
</harden/bcfiles/edk_bcfiles/SmmLegacy.bc>:SmmLegacyDispatcher:18	</harden/bcfiles/edk_bcfiles/SmmLegacy.bc>:llvm.dbg.declare	</harden/bcfiles/edk_bcfiles/SmmLegacy.bc>:SmmLegacyDispatcher:!DIExpression()	2
</harden/bcfiles/edk_bcfiles/SmmLegacy.bc>:SmmLegacyDispatcher:18	</harden/bcfiles/edk_bcfiles/SmmLegacy.bc>:llvm.dbg.declare	</harden/bcfiles/edk_bcfiles/SmmLegacy.bc>:SmmLegacyDispatcher:!268	1
</harden/bcfiles/edk_bcfiles/SmmLegacy.bc>:SmmLegacyDispatcher:19	</harden/bcfiles/edk_bcfiles/SmmLegacy.bc>:llvm.dbg.declare	</harden/bcfiles/edk_bcfiles/SmmLegacy.bc>:SmmLegacyDispatcher:!270	1
</harden/bcfiles/edk_bcfiles/SmmLegacy.bc>:SmmLegacyDispatcher:19	</harden/bcfiles/edk_bcfiles/SmmLegacy.bc>:llvm.dbg.declare	</harden/bcfiles/edk_bcfiles/SmmLegacy.bc>:SmmLegacyDispatcher:%struct.EFI_SMM_LEGACY_CONTEXT* %10	0
</harden/bcfiles/edk_bcfiles/SmmLegacy.bc>:SmmLegacyDispatcher:19	</harden/bcfiles/edk_bcfiles/SmmLegacy.bc>:llvm.dbg.declare	</harden/bcfiles/edk_bcfiles/SmmLegacy.bc>:SmmLegacyDispatcher:!DIExpression()	2
</harden/bcfiles/edk_bcfiles/SmmLegacy.bc>:SmmLegacyDispatcher:20	</harden/bcfiles/edk_bcfiles/SmmLegacy.bc>:llvm.dbg.declare	</harden/bcfiles/edk_bcfiles/SmmLegacy.bc>:SmmLegacyDispatcher:!276	1
</harden/bcfiles/edk_bcfiles/SmmLegacy.bc>:SmmLegacyDispatcher:20	</harden/bcfiles/edk_bcfiles/SmmLegacy.bc>:llvm.dbg.declare	</harden/bcfiles/edk_bcfiles/SmmLegacy.bc>:SmmLegacyDispatcher:!DIExpression()	2
</harden/bcfiles/edk_bcfiles/SmmLegacy.bc>:SmmLegacyDispatcher:20	</harden/bcfiles/edk_bcfiles/SmmLegacy.bc>:llvm.dbg.declare	</harden/bcfiles/edk_bcfiles/SmmLegacy.bc>:SmmLegacyDispatcher:%struct.EFI_SMM_LEGACY_DISPATCH_CONTEXT** %11	0
</harden/bcfiles/edk_bcfiles/SmmLegacy.bc>:SmmLegacyDispatcher:21	</harden/bcfiles/edk_bcfiles/SmmLegacy.bc>:llvm.dbg.declare	</harden/bcfiles/edk_bcfiles/SmmLegacy.bc>:SmmLegacyDispatcher:!278	1
</harden/bcfiles/edk_bcfiles/SmmLegacy.bc>:SmmLegacyDispatcher:21	</harden/bcfiles/edk_bcfiles/SmmLegacy.bc>:llvm.dbg.declare	</harden/bcfiles/edk_bcfiles/SmmLegacy.bc>:SmmLegacyDispatcher:%struct.EDKII_SMM_LEGACY_REGISTER_CONTEXT* %12	0
</harden/bcfiles/edk_bcfiles/SmmLegacy.bc>:SmmLegacyDispatcher:21	</harden/bcfiles/edk_bcfiles/SmmLegacy.bc>:llvm.dbg.declare	</harden/bcfiles/edk_bcfiles/SmmLegacy.bc>:SmmLegacyDispatcher:!DIExpression()	2
</harden/bcfiles/edk_bcfiles/SmmLegacy.bc>:SmmLegacyDispatcher:22	</harden/bcfiles/edk_bcfiles/SmmLegacy.bc>:llvm.dbg.declare	</harden/bcfiles/edk_bcfiles/SmmLegacy.bc>:SmmLegacyDispatcher:!280	1
</harden/bcfiles/edk_bcfiles/SmmLegacy.bc>:SmmLegacyDispatcher:22	</harden/bcfiles/edk_bcfiles/SmmLegacy.bc>:llvm.dbg.declare	</harden/bcfiles/edk_bcfiles/SmmLegacy.bc>:SmmLegacyDispatcher:i64 (i8*, i8*, i8*, i64*)** %13	0
</harden/bcfiles/edk_bcfiles/SmmLegacy.bc>:SmmLegacyDispatcher:22	</harden/bcfiles/edk_bcfiles/SmmLegacy.bc>:llvm.dbg.declare	</harden/bcfiles/edk_bcfiles/SmmLegacy.bc>:SmmLegacyDispatcher:!DIExpression()	2
</harden/bcfiles/edk_bcfiles/SmmLegacy.bc>:SmmLegacyDispatcher:23	</harden/bcfiles/edk_bcfiles/SmmLegacy.bc>:llvm.dbg.declare	</harden/bcfiles/edk_bcfiles/SmmLegacy.bc>:SmmLegacyDispatcher:!DIExpression()	2
</harden/bcfiles/edk_bcfiles/SmmLegacy.bc>:SmmLegacyDispatcher:23	</harden/bcfiles/edk_bcfiles/SmmLegacy.bc>:llvm.dbg.declare	</harden/bcfiles/edk_bcfiles/SmmLegacy.bc>:SmmLegacyDispatcher:i64* %14	0
</harden/bcfiles/edk_bcfiles/SmmLegacy.bc>:SmmLegacyDispatcher:23	</harden/bcfiles/edk_bcfiles/SmmLegacy.bc>:llvm.dbg.declare	</harden/bcfiles/edk_bcfiles/SmmLegacy.bc>:SmmLegacyDispatcher:!282	1
</harden/bcfiles/edk_bcfiles/SmmLegacy.bc>:SmmLegacyDispatcher:25	</harden/bcfiles/edk_bcfiles/SmmLegacy.bc>:IoRead8	</harden/bcfiles/edk_bcfiles/SmmLegacy.bc>:SmmLegacyDispatcher:25:1:179	0
</harden/bcfiles/edk_bcfiles/SmmLegacy.bc>:SmmLegacyDispatcher:39	</harden/bcfiles/edk_bcfiles/SmmLegacy.bc>:DebugPrintLevelEnabled	</harden/bcfiles/edk_bcfiles/SmmLegacy.bc>:SmmLegacyDispatcher:39:1:64	0
</harden/bcfiles/edk_bcfiles/SmmLegacy.bc>:SmmLegacyDispatcher:43	</harden/bcfiles/edk_bcfiles/SmmLegacy.bc>:DebugPrint	</harden/bcfiles/edk_bcfiles/SmmLegacy.bc>:SmmLegacyDispatcher:%29	3
</harden/bcfiles/edk_bcfiles/SmmLegacy.bc>:SmmLegacyDispatcher:43	</harden/bcfiles/edk_bcfiles/SmmLegacy.bc>:DebugPrint	</harden/bcfiles/edk_bcfiles/SmmLegacy.bc>:SmmLegacyDispatcher:43:1:64	0
</harden/bcfiles/edk_bcfiles/SmmLegacy.bc>:SmmLegacyDispatcher:43	</harden/bcfiles/edk_bcfiles/SmmLegacy.bc>:DebugPrint	</harden/bcfiles/edk_bcfiles/SmmLegacy.bc>:SmmLegacyDispatcher:43:2:getelementptr inbounds ([57 x i8], [57 x i8]* @.str, i64 0, i64 0)	1
</harden/bcfiles/edk_bcfiles/SmmLegacy.bc>:SmmLegacyDispatcher:43	</harden/bcfiles/edk_bcfiles/SmmLegacy.bc>:DebugPrint	</harden/bcfiles/edk_bcfiles/SmmLegacy.bc>:SmmLegacyDispatcher:43:6:getelementptr inbounds ([20 x i8], [20 x i8]* @__func__.SmmLegacyDispatcher, i64 0, i64 0)	2
</harden/bcfiles/edk_bcfiles/SmmLegacy.bc>:SmmLegacyDispatcher:61	</harden/bcfiles/edk_bcfiles/SmmLegacy.bc>:FindContextBySwSmiInputValue	</harden/bcfiles/edk_bcfiles/SmmLegacy.bc>:SmmLegacyDispatcher:%43	0
</harden/bcfiles/edk_bcfiles/SmmLegacy.bc>:SmmLegacyDispatcher:61	</harden/bcfiles/edk_bcfiles/SmmLegacy.bc>:FindContextBySwSmiInputValue	</harden/bcfiles/edk_bcfiles/SmmLegacy.bc>:SmmLegacyDispatcher:%11	1
</harden/bcfiles/edk_bcfiles/SmmLegacy.bc>:SmmLegacyDispatcher:70	</harden/bcfiles/edk_bcfiles/SmmLegacy.bc>:DebugPrintLevelEnabled	</harden/bcfiles/edk_bcfiles/SmmLegacy.bc>:SmmLegacyDispatcher:70:1:2147483648	0
</harden/bcfiles/edk_bcfiles/SmmLegacy.bc>:SmmLegacyDispatcher:76	</harden/bcfiles/edk_bcfiles/SmmLegacy.bc>:DebugPrint	</harden/bcfiles/edk_bcfiles/SmmLegacy.bc>:SmmLegacyDispatcher:%58	2
</harden/bcfiles/edk_bcfiles/SmmLegacy.bc>:SmmLegacyDispatcher:76	</harden/bcfiles/edk_bcfiles/SmmLegacy.bc>:DebugPrint	</harden/bcfiles/edk_bcfiles/SmmLegacy.bc>:SmmLegacyDispatcher:76:1:2147483648	0
</harden/bcfiles/edk_bcfiles/SmmLegacy.bc>:SmmLegacyDispatcher:76	</harden/bcfiles/edk_bcfiles/SmmLegacy.bc>:DebugPrint	</harden/bcfiles/edk_bcfiles/SmmLegacy.bc>:SmmLegacyDispatcher:76:2:getelementptr inbounds ([32 x i8], [32 x i8]* @.str.1, i64 0, i64 0)	1
</harden/bcfiles/edk_bcfiles/SmmLegacy.bc>:SmmLegacyDispatcher:108	</harden/bcfiles/edk_bcfiles/SmmLegacy.bc>:FindContextBySwSmiInputValue	</harden/bcfiles/edk_bcfiles/SmmLegacy.bc>:SmmLegacyDispatcher:%86	0
</harden/bcfiles/edk_bcfiles/SmmLegacy.bc>:SmmLegacyDispatcher:108	</harden/bcfiles/edk_bcfiles/SmmLegacy.bc>:FindContextBySwSmiInputValue	</harden/bcfiles/edk_bcfiles/SmmLegacy.bc>:SmmLegacyDispatcher:%11	1
</harden/bcfiles/edk_bcfiles/SmmLegacy.bc>:SmmLegacyDispatcher:111	</harden/bcfiles/edk_bcfiles/SmmLegacy.bc>:llvm.dbg.label	</harden/bcfiles/edk_bcfiles/SmmLegacy.bc>:SmmLegacyDispatcher:!336	0
</harden/bcfiles/edk_bcfiles/SmmLegacy.bc>:GetNvConfiguration:4	</harden/bcfiles/edk_bcfiles/SmmLegacy.bc>:llvm.dbg.declare	</harden/bcfiles/edk_bcfiles/SmmLegacy.bc>:GetNvConfiguration:!DIExpression()	2
</harden/bcfiles/edk_bcfiles/SmmLegacy.bc>:GetNvConfiguration:4	</harden/bcfiles/edk_bcfiles/SmmLegacy.bc>:llvm.dbg.declare	</harden/bcfiles/edk_bcfiles/SmmLegacy.bc>:GetNvConfiguration:!340	1
</harden/bcfiles/edk_bcfiles/SmmLegacy.bc>:GetNvConfiguration:4	</harden/bcfiles/edk_bcfiles/SmmLegacy.bc>:llvm.dbg.declare	</harden/bcfiles/edk_bcfiles/SmmLegacy.bc>:GetNvConfiguration:i64* %1	0
</harden/bcfiles/edk_bcfiles/SmmLegacy.bc>:GetNvConfiguration:5	</harden/bcfiles/edk_bcfiles/SmmLegacy.bc>:llvm.dbg.declare	</harden/bcfiles/edk_bcfiles/SmmLegacy.bc>:GetNvConfiguration:!342	1
</harden/bcfiles/edk_bcfiles/SmmLegacy.bc>:GetNvConfiguration:5	</harden/bcfiles/edk_bcfiles/SmmLegacy.bc>:llvm.dbg.declare	</harden/bcfiles/edk_bcfiles/SmmLegacy.bc>:GetNvConfiguration:i64* %2	0
</harden/bcfiles/edk_bcfiles/SmmLegacy.bc>:GetNvConfiguration:5	</harden/bcfiles/edk_bcfiles/SmmLegacy.bc>:llvm.dbg.declare	</harden/bcfiles/edk_bcfiles/SmmLegacy.bc>:GetNvConfiguration:!DIExpression()	2
</harden/bcfiles/edk_bcfiles/SmmLegacy.bc>:GetNvConfiguration:6	</harden/bcfiles/edk_bcfiles/SmmLegacy.bc>:llvm.dbg.declare	</harden/bcfiles/edk_bcfiles/SmmLegacy.bc>:GetNvConfiguration:!344	1
</harden/bcfiles/edk_bcfiles/SmmLegacy.bc>:GetNvConfiguration:6	</harden/bcfiles/edk_bcfiles/SmmLegacy.bc>:llvm.dbg.declare	</harden/bcfiles/edk_bcfiles/SmmLegacy.bc>:GetNvConfiguration:i32* %3	0
</harden/bcfiles/edk_bcfiles/SmmLegacy.bc>:GetNvConfiguration:6	</harden/bcfiles/edk_bcfiles/SmmLegacy.bc>:llvm.dbg.declare	</harden/bcfiles/edk_bcfiles/SmmLegacy.bc>:GetNvConfiguration:!DIExpression()	2
</harden/bcfiles/edk_bcfiles/SmmLegacy.bc>:GetNvConfiguration:7	</harden/bcfiles/edk_bcfiles/SmmLegacy.bc>:llvm.dbg.declare	</harden/bcfiles/edk_bcfiles/SmmLegacy.bc>:GetNvConfiguration:!346	1
</harden/bcfiles/edk_bcfiles/SmmLegacy.bc>:GetNvConfiguration:7	</harden/bcfiles/edk_bcfiles/SmmLegacy.bc>:llvm.dbg.declare	</harden/bcfiles/edk_bcfiles/SmmLegacy.bc>:GetNvConfiguration:i32* %4	0
</harden/bcfiles/edk_bcfiles/SmmLegacy.bc>:GetNvConfiguration:7	</harden/bcfiles/edk_bcfiles/SmmLegacy.bc>:llvm.dbg.declare	</harden/bcfiles/edk_bcfiles/SmmLegacy.bc>:GetNvConfiguration:!DIExpression()	2
</harden/bcfiles/edk_bcfiles/SmmLegacy.bc>:GetNvConfiguration:26	</harden/bcfiles/edk_bcfiles/SmmLegacy.bc>:DebugPrintLevelEnabled	</harden/bcfiles/edk_bcfiles/SmmLegacy.bc>:GetNvConfiguration:26:1:64	0
</harden/bcfiles/edk_bcfiles/SmmLegacy.bc>:GetNvConfiguration:29	</harden/bcfiles/edk_bcfiles/SmmLegacy.bc>:DebugPrint	</harden/bcfiles/edk_bcfiles/SmmLegacy.bc>:GetNvConfiguration:29:1:64	0
</harden/bcfiles/edk_bcfiles/SmmLegacy.bc>:GetNvConfiguration:29	</harden/bcfiles/edk_bcfiles/SmmLegacy.bc>:DebugPrint	</harden/bcfiles/edk_bcfiles/SmmLegacy.bc>:GetNvConfiguration:29:2:getelementptr inbounds ([47 x i8], [47 x i8]* @.str.5, i64 0, i64 0)	1
</harden/bcfiles/edk_bcfiles/SmmLegacy.bc>:GetNvConfiguration:50	</harden/bcfiles/edk_bcfiles/SmmLegacy.bc>:DebugPrintLevelEnabled	</harden/bcfiles/edk_bcfiles/SmmLegacy.bc>:GetNvConfiguration:50:1:64	0
</harden/bcfiles/edk_bcfiles/SmmLegacy.bc>:GetNvConfiguration:53	</harden/bcfiles/edk_bcfiles/SmmLegacy.bc>:DebugPrint	</harden/bcfiles/edk_bcfiles/SmmLegacy.bc>:GetNvConfiguration:53:1:64	0
</harden/bcfiles/edk_bcfiles/SmmLegacy.bc>:GetNvConfiguration:53	</harden/bcfiles/edk_bcfiles/SmmLegacy.bc>:DebugPrint	</harden/bcfiles/edk_bcfiles/SmmLegacy.bc>:GetNvConfiguration:53:2:getelementptr inbounds ([52 x i8], [52 x i8]* @.str.6, i64 0, i64 0)	1
</harden/bcfiles/edk_bcfiles/SmmLegacy.bc>:GetNvConfiguration:61	</harden/bcfiles/edk_bcfiles/SmmLegacy.bc>:llvm.dbg.label	</harden/bcfiles/edk_bcfiles/SmmLegacy.bc>:GetNvConfiguration:!386	0
</harden/bcfiles/edk_bcfiles/SmmLegacy.bc>:SmmLegacyRegister:8	</harden/bcfiles/edk_bcfiles/SmmLegacy.bc>:llvm.dbg.declare	</harden/bcfiles/edk_bcfiles/SmmLegacy.bc>:SmmLegacyRegister:!DIExpression()	2
</harden/bcfiles/edk_bcfiles/SmmLegacy.bc>:SmmLegacyRegister:8	</harden/bcfiles/edk_bcfiles/SmmLegacy.bc>:llvm.dbg.declare	</harden/bcfiles/edk_bcfiles/SmmLegacy.bc>:SmmLegacyRegister:!391	1
</harden/bcfiles/edk_bcfiles/SmmLegacy.bc>:SmmLegacyRegister:8	</harden/bcfiles/edk_bcfiles/SmmLegacy.bc>:llvm.dbg.declare	</harden/bcfiles/edk_bcfiles/SmmLegacy.bc>:SmmLegacyRegister:%struct._EDKII_SMM_LEGACY_PROTOCOL** %6	0
</harden/bcfiles/edk_bcfiles/SmmLegacy.bc>:SmmLegacyRegister:10	</harden/bcfiles/edk_bcfiles/SmmLegacy.bc>:llvm.dbg.declare	</harden/bcfiles/edk_bcfiles/SmmLegacy.bc>:SmmLegacyRegister:!393	1
</harden/bcfiles/edk_bcfiles/SmmLegacy.bc>:SmmLegacyRegister:10	</harden/bcfiles/edk_bcfiles/SmmLegacy.bc>:llvm.dbg.declare	</harden/bcfiles/edk_bcfiles/SmmLegacy.bc>:SmmLegacyRegister:i64 (i8*, i8*, i8*, i64*)** %7	0
</harden/bcfiles/edk_bcfiles/SmmLegacy.bc>:SmmLegacyRegister:10	</harden/bcfiles/edk_bcfiles/SmmLegacy.bc>:llvm.dbg.declare	</harden/bcfiles/edk_bcfiles/SmmLegacy.bc>:SmmLegacyRegister:!DIExpression()	2
</harden/bcfiles/edk_bcfiles/SmmLegacy.bc>:SmmLegacyRegister:12	</harden/bcfiles/edk_bcfiles/SmmLegacy.bc>:llvm.dbg.declare	</harden/bcfiles/edk_bcfiles/SmmLegacy.bc>:SmmLegacyRegister:!395	1
</harden/bcfiles/edk_bcfiles/SmmLegacy.bc>:SmmLegacyRegister:12	</harden/bcfiles/edk_bcfiles/SmmLegacy.bc>:llvm.dbg.declare	</harden/bcfiles/edk_bcfiles/SmmLegacy.bc>:SmmLegacyRegister:%struct.EDKII_SMM_LEGACY_REGISTER_CONTEXT** %8	0
</harden/bcfiles/edk_bcfiles/SmmLegacy.bc>:SmmLegacyRegister:12	</harden/bcfiles/edk_bcfiles/SmmLegacy.bc>:llvm.dbg.declare	</harden/bcfiles/edk_bcfiles/SmmLegacy.bc>:SmmLegacyRegister:!DIExpression()	2
</harden/bcfiles/edk_bcfiles/SmmLegacy.bc>:SmmLegacyRegister:14	</harden/bcfiles/edk_bcfiles/SmmLegacy.bc>:llvm.dbg.declare	</harden/bcfiles/edk_bcfiles/SmmLegacy.bc>:SmmLegacyRegister:!397	1
</harden/bcfiles/edk_bcfiles/SmmLegacy.bc>:SmmLegacyRegister:14	</harden/bcfiles/edk_bcfiles/SmmLegacy.bc>:llvm.dbg.declare	</harden/bcfiles/edk_bcfiles/SmmLegacy.bc>:SmmLegacyRegister:i8*** %9	0
</harden/bcfiles/edk_bcfiles/SmmLegacy.bc>:SmmLegacyRegister:14	</harden/bcfiles/edk_bcfiles/SmmLegacy.bc>:llvm.dbg.declare	</harden/bcfiles/edk_bcfiles/SmmLegacy.bc>:SmmLegacyRegister:!DIExpression()	2
</harden/bcfiles/edk_bcfiles/SmmLegacy.bc>:SmmLegacyRegister:15	</harden/bcfiles/edk_bcfiles/SmmLegacy.bc>:llvm.dbg.declare	</harden/bcfiles/edk_bcfiles/SmmLegacy.bc>:SmmLegacyRegister:i64* %10	0
</harden/bcfiles/edk_bcfiles/SmmLegacy.bc>:SmmLegacyRegister:15	</harden/bcfiles/edk_bcfiles/SmmLegacy.bc>:llvm.dbg.declare	</harden/bcfiles/edk_bcfiles/SmmLegacy.bc>:SmmLegacyRegister:!DIExpression()	2
</harden/bcfiles/edk_bcfiles/SmmLegacy.bc>:SmmLegacyRegister:15	</harden/bcfiles/edk_bcfiles/SmmLegacy.bc>:llvm.dbg.declare	</harden/bcfiles/edk_bcfiles/SmmLegacy.bc>:SmmLegacyRegister:!399	1
</harden/bcfiles/edk_bcfiles/SmmLegacy.bc>:SmmLegacyRegister:17	</harden/bcfiles/edk_bcfiles/SmmLegacy.bc>:llvm.dbg.declare	</harden/bcfiles/edk_bcfiles/SmmLegacy.bc>:SmmLegacyRegister:!401	1
</harden/bcfiles/edk_bcfiles/SmmLegacy.bc>:SmmLegacyRegister:17	</harden/bcfiles/edk_bcfiles/SmmLegacy.bc>:llvm.dbg.declare	</harden/bcfiles/edk_bcfiles/SmmLegacy.bc>:SmmLegacyRegister:%struct.EFI_SMM_LEGACY_DISPATCH_CONTEXT** %11	0
</harden/bcfiles/edk_bcfiles/SmmLegacy.bc>:SmmLegacyRegister:17	</harden/bcfiles/edk_bcfiles/SmmLegacy.bc>:llvm.dbg.declare	</harden/bcfiles/edk_bcfiles/SmmLegacy.bc>:SmmLegacyRegister:!DIExpression()	2
</harden/bcfiles/edk_bcfiles/SmmLegacy.bc>:SmmLegacyRegister:36	</harden/bcfiles/edk_bcfiles/SmmLegacy.bc>:DebugPrintLevelEnabled	</harden/bcfiles/edk_bcfiles/SmmLegacy.bc>:SmmLegacyRegister:36:1:2147483648	0
</harden/bcfiles/edk_bcfiles/SmmLegacy.bc>:SmmLegacyRegister:40	</harden/bcfiles/edk_bcfiles/SmmLegacy.bc>:DebugPrint	</harden/bcfiles/edk_bcfiles/SmmLegacy.bc>:SmmLegacyRegister:%32	2
</harden/bcfiles/edk_bcfiles/SmmLegacy.bc>:SmmLegacyRegister:40	</harden/bcfiles/edk_bcfiles/SmmLegacy.bc>:DebugPrint	</harden/bcfiles/edk_bcfiles/SmmLegacy.bc>:SmmLegacyRegister:40:1:2147483648	0
</harden/bcfiles/edk_bcfiles/SmmLegacy.bc>:SmmLegacyRegister:40	</harden/bcfiles/edk_bcfiles/SmmLegacy.bc>:DebugPrint	</harden/bcfiles/edk_bcfiles/SmmLegacy.bc>:SmmLegacyRegister:40:2:getelementptr inbounds ([33 x i8], [33 x i8]* @.str.2, i64 0, i64 0)	1
</harden/bcfiles/edk_bcfiles/SmmLegacy.bc>:SmmLegacyRegister:45	</harden/bcfiles/edk_bcfiles/SmmLegacy.bc>:DebugAssert	</harden/bcfiles/edk_bcfiles/SmmLegacy.bc>:SmmLegacyRegister:45:1:getelementptr inbounds ([12 x i8], [12 x i8]* @.str.3, i64 0, i64 0)	0
</harden/bcfiles/edk_bcfiles/SmmLegacy.bc>:SmmLegacyRegister:45	</harden/bcfiles/edk_bcfiles/SmmLegacy.bc>:DebugAssert	</harden/bcfiles/edk_bcfiles/SmmLegacy.bc>:SmmLegacyRegister:45:5:236	1
</harden/bcfiles/edk_bcfiles/SmmLegacy.bc>:SmmLegacyRegister:45	</harden/bcfiles/edk_bcfiles/SmmLegacy.bc>:DebugAssert	</harden/bcfiles/edk_bcfiles/SmmLegacy.bc>:SmmLegacyRegister:45:6:getelementptr inbounds ([39 x i8], [39 x i8]* @.str.4, i64 0, i64 0)	2
</harden/bcfiles/edk_bcfiles/SmmLegacy.bc>:SmmLegacyRegister:79	</harden/bcfiles/edk_bcfiles/SmmLegacy.bc>:InsertTailList	</harden/bcfiles/edk_bcfiles/SmmLegacy.bc>:SmmLegacyRegister:%63	1
</harden/bcfiles/edk_bcfiles/SmmLegacy.bc>:SmmLegacyRegister:79	</harden/bcfiles/edk_bcfiles/SmmLegacy.bc>:InsertTailList	</harden/bcfiles/edk_bcfiles/SmmLegacy.bc>:SmmLegacyRegister:79:1:@mSmmLegacyDispatchQueue	0
</harden/bcfiles/edk_bcfiles/SmmLegacy.bc>:SmmLegacyUnRegister:3	</harden/bcfiles/edk_bcfiles/SmmLegacy.bc>:llvm.dbg.declare	</harden/bcfiles/edk_bcfiles/SmmLegacy.bc>:SmmLegacyUnRegister:!DIExpression()	2
</harden/bcfiles/edk_bcfiles/SmmLegacy.bc>:SmmLegacyUnRegister:3	</harden/bcfiles/edk_bcfiles/SmmLegacy.bc>:llvm.dbg.declare	</harden/bcfiles/edk_bcfiles/SmmLegacy.bc>:SmmLegacyUnRegister:!436	1
</harden/bcfiles/edk_bcfiles/SmmLegacy.bc>:SmmLegacyUnRegister:3	</harden/bcfiles/edk_bcfiles/SmmLegacy.bc>:llvm.dbg.declare	</harden/bcfiles/edk_bcfiles/SmmLegacy.bc>:SmmLegacyUnRegister:%struct._EDKII_SMM_LEGACY_PROTOCOL** %3	0
</harden/bcfiles/edk_bcfiles/SmmLegacy.bc>:SmmLegacyUnRegister:5	</harden/bcfiles/edk_bcfiles/SmmLegacy.bc>:llvm.dbg.declare	</harden/bcfiles/edk_bcfiles/SmmLegacy.bc>:SmmLegacyUnRegister:!438	1
</harden/bcfiles/edk_bcfiles/SmmLegacy.bc>:SmmLegacyUnRegister:5	</harden/bcfiles/edk_bcfiles/SmmLegacy.bc>:llvm.dbg.declare	</harden/bcfiles/edk_bcfiles/SmmLegacy.bc>:SmmLegacyUnRegister:i8** %4	0
</harden/bcfiles/edk_bcfiles/SmmLegacy.bc>:SmmLegacyUnRegister:5	</harden/bcfiles/edk_bcfiles/SmmLegacy.bc>:llvm.dbg.declare	</harden/bcfiles/edk_bcfiles/SmmLegacy.bc>:SmmLegacyUnRegister:!DIExpression()	2
</harden/bcfiles/edk_bcfiles/SmmLegacy.bc>:LoadSmmVariableProtocolCallback:5	</harden/bcfiles/edk_bcfiles/SmmLegacy.bc>:llvm.dbg.declare	</harden/bcfiles/edk_bcfiles/SmmLegacy.bc>:LoadSmmVariableProtocolCallback:!DIExpression()	2
</harden/bcfiles/edk_bcfiles/SmmLegacy.bc>:LoadSmmVariableProtocolCallback:5	</harden/bcfiles/edk_bcfiles/SmmLegacy.bc>:llvm.dbg.declare	</harden/bcfiles/edk_bcfiles/SmmLegacy.bc>:LoadSmmVariableProtocolCallback:%struct.GUID** %4	0
</harden/bcfiles/edk_bcfiles/SmmLegacy.bc>:LoadSmmVariableProtocolCallback:5	</harden/bcfiles/edk_bcfiles/SmmLegacy.bc>:llvm.dbg.declare	</harden/bcfiles/edk_bcfiles/SmmLegacy.bc>:LoadSmmVariableProtocolCallback:!460	1
</harden/bcfiles/edk_bcfiles/SmmLegacy.bc>:LoadSmmVariableProtocolCallback:7	</harden/bcfiles/edk_bcfiles/SmmLegacy.bc>:llvm.dbg.declare	</harden/bcfiles/edk_bcfiles/SmmLegacy.bc>:LoadSmmVariableProtocolCallback:!462	1
</harden/bcfiles/edk_bcfiles/SmmLegacy.bc>:LoadSmmVariableProtocolCallback:7	</harden/bcfiles/edk_bcfiles/SmmLegacy.bc>:llvm.dbg.declare	</harden/bcfiles/edk_bcfiles/SmmLegacy.bc>:LoadSmmVariableProtocolCallback:i8** %5	0
</harden/bcfiles/edk_bcfiles/SmmLegacy.bc>:LoadSmmVariableProtocolCallback:7	</harden/bcfiles/edk_bcfiles/SmmLegacy.bc>:llvm.dbg.declare	</harden/bcfiles/edk_bcfiles/SmmLegacy.bc>:LoadSmmVariableProtocolCallback:!DIExpression()	2
</harden/bcfiles/edk_bcfiles/SmmLegacy.bc>:LoadSmmVariableProtocolCallback:9	</harden/bcfiles/edk_bcfiles/SmmLegacy.bc>:llvm.dbg.declare	</harden/bcfiles/edk_bcfiles/SmmLegacy.bc>:LoadSmmVariableProtocolCallback:!464	1
</harden/bcfiles/edk_bcfiles/SmmLegacy.bc>:LoadSmmVariableProtocolCallback:9	</harden/bcfiles/edk_bcfiles/SmmLegacy.bc>:llvm.dbg.declare	</harden/bcfiles/edk_bcfiles/SmmLegacy.bc>:LoadSmmVariableProtocolCallback:i8** %6	0
</harden/bcfiles/edk_bcfiles/SmmLegacy.bc>:LoadSmmVariableProtocolCallback:9	</harden/bcfiles/edk_bcfiles/SmmLegacy.bc>:llvm.dbg.declare	</harden/bcfiles/edk_bcfiles/SmmLegacy.bc>:LoadSmmVariableProtocolCallback:!DIExpression()	2
</harden/bcfiles/edk_bcfiles/SmmLegacy.bc>:LoadSmmVariableProtocolCallback:10	</harden/bcfiles/edk_bcfiles/SmmLegacy.bc>:llvm.dbg.declare	</harden/bcfiles/edk_bcfiles/SmmLegacy.bc>:LoadSmmVariableProtocolCallback:!466	1
</harden/bcfiles/edk_bcfiles/SmmLegacy.bc>:LoadSmmVariableProtocolCallback:10	</harden/bcfiles/edk_bcfiles/SmmLegacy.bc>:llvm.dbg.declare	</harden/bcfiles/edk_bcfiles/SmmLegacy.bc>:LoadSmmVariableProtocolCallback:i64* %7	0
</harden/bcfiles/edk_bcfiles/SmmLegacy.bc>:LoadSmmVariableProtocolCallback:10	</harden/bcfiles/edk_bcfiles/SmmLegacy.bc>:llvm.dbg.declare	</harden/bcfiles/edk_bcfiles/SmmLegacy.bc>:LoadSmmVariableProtocolCallback:!DIExpression()	2
</harden/bcfiles/edk_bcfiles/SmmLegacy.bc>:LoadSmmVariableProtocolCallback:28	</harden/bcfiles/edk_bcfiles/SmmLegacy.bc>:DebugPrintLevelEnabled	</harden/bcfiles/edk_bcfiles/SmmLegacy.bc>:LoadSmmVariableProtocolCallback:28:1:2147483648	0
</harden/bcfiles/edk_bcfiles/SmmLegacy.bc>:LoadSmmVariableProtocolCallback:32	</harden/bcfiles/edk_bcfiles/SmmLegacy.bc>:DebugPrint	</harden/bcfiles/edk_bcfiles/SmmLegacy.bc>:LoadSmmVariableProtocolCallback:%27	2
</harden/bcfiles/edk_bcfiles/SmmLegacy.bc>:LoadSmmVariableProtocolCallback:32	</harden/bcfiles/edk_bcfiles/SmmLegacy.bc>:DebugPrint	</harden/bcfiles/edk_bcfiles/SmmLegacy.bc>:LoadSmmVariableProtocolCallback:32:1:2147483648	0
</harden/bcfiles/edk_bcfiles/SmmLegacy.bc>:LoadSmmVariableProtocolCallback:32	</harden/bcfiles/edk_bcfiles/SmmLegacy.bc>:DebugPrint	</harden/bcfiles/edk_bcfiles/SmmLegacy.bc>:LoadSmmVariableProtocolCallback:32:2:getelementptr inbounds ([33 x i8], [33 x i8]* @.str.2, i64 0, i64 0)	1
</harden/bcfiles/edk_bcfiles/SmmLegacy.bc>:LoadSmmVariableProtocolCallback:37	</harden/bcfiles/edk_bcfiles/SmmLegacy.bc>:DebugAssert	</harden/bcfiles/edk_bcfiles/SmmLegacy.bc>:LoadSmmVariableProtocolCallback:37:1:getelementptr inbounds ([12 x i8], [12 x i8]* @.str.3, i64 0, i64 0)	0
</harden/bcfiles/edk_bcfiles/SmmLegacy.bc>:LoadSmmVariableProtocolCallback:37	</harden/bcfiles/edk_bcfiles/SmmLegacy.bc>:DebugAssert	</harden/bcfiles/edk_bcfiles/SmmLegacy.bc>:LoadSmmVariableProtocolCallback:37:5:354	1
</harden/bcfiles/edk_bcfiles/SmmLegacy.bc>:LoadSmmVariableProtocolCallback:37	</harden/bcfiles/edk_bcfiles/SmmLegacy.bc>:DebugAssert	</harden/bcfiles/edk_bcfiles/SmmLegacy.bc>:LoadSmmVariableProtocolCallback:37:6:getelementptr inbounds ([39 x i8], [39 x i8]* @.str.4, i64 0, i64 0)	2
</harden/bcfiles/edk_bcfiles/SmmLegacy.bc>:SmmLegacyEntryPoint:2	</harden/bcfiles/edk_bcfiles/SmmLegacy.bc>:llvm.dbg.declare	</harden/bcfiles/edk_bcfiles/SmmLegacy.bc>:SmmLegacyEntryPoint:!DIExpression()	2
</harden/bcfiles/edk_bcfiles/SmmLegacy.bc>:SmmLegacyEntryPoint:2	</harden/bcfiles/edk_bcfiles/SmmLegacy.bc>:llvm.dbg.declare	</harden/bcfiles/edk_bcfiles/SmmLegacy.bc>:SmmLegacyEntryPoint:!490	1
</harden/bcfiles/edk_bcfiles/SmmLegacy.bc>:SmmLegacyEntryPoint:2	</harden/bcfiles/edk_bcfiles/SmmLegacy.bc>:llvm.dbg.declare	</harden/bcfiles/edk_bcfiles/SmmLegacy.bc>:SmmLegacyEntryPoint:i64* %1	0
</harden/bcfiles/edk_bcfiles/SmmLegacy.bc>:SmmLegacyEntryPoint:4	</harden/bcfiles/edk_bcfiles/SmmLegacy.bc>:llvm.dbg.declare	</harden/bcfiles/edk_bcfiles/SmmLegacy.bc>:SmmLegacyEntryPoint:!492	1
</harden/bcfiles/edk_bcfiles/SmmLegacy.bc>:SmmLegacyEntryPoint:4	</harden/bcfiles/edk_bcfiles/SmmLegacy.bc>:llvm.dbg.declare	</harden/bcfiles/edk_bcfiles/SmmLegacy.bc>:SmmLegacyEntryPoint:i32* %2	0
</harden/bcfiles/edk_bcfiles/SmmLegacy.bc>:SmmLegacyEntryPoint:4	</harden/bcfiles/edk_bcfiles/SmmLegacy.bc>:llvm.dbg.declare	</harden/bcfiles/edk_bcfiles/SmmLegacy.bc>:SmmLegacyEntryPoint:!DIExpression()	2
</harden/bcfiles/edk_bcfiles/SmmLegacy.bc>:SmmLegacyEntryPoint:29	</harden/bcfiles/edk_bcfiles/SmmLegacy.bc>:DebugPrintLevelEnabled	</harden/bcfiles/edk_bcfiles/SmmLegacy.bc>:SmmLegacyEntryPoint:29:1:2147483648	0
</harden/bcfiles/edk_bcfiles/SmmLegacy.bc>:SmmLegacyEntryPoint:33	</harden/bcfiles/edk_bcfiles/SmmLegacy.bc>:DebugPrint	</harden/bcfiles/edk_bcfiles/SmmLegacy.bc>:SmmLegacyEntryPoint:%27	2
</harden/bcfiles/edk_bcfiles/SmmLegacy.bc>:SmmLegacyEntryPoint:33	</harden/bcfiles/edk_bcfiles/SmmLegacy.bc>:DebugPrint	</harden/bcfiles/edk_bcfiles/SmmLegacy.bc>:SmmLegacyEntryPoint:33:1:2147483648	0
</harden/bcfiles/edk_bcfiles/SmmLegacy.bc>:SmmLegacyEntryPoint:33	</harden/bcfiles/edk_bcfiles/SmmLegacy.bc>:DebugPrint	</harden/bcfiles/edk_bcfiles/SmmLegacy.bc>:SmmLegacyEntryPoint:33:2:getelementptr inbounds ([33 x i8], [33 x i8]* @.str.2, i64 0, i64 0)	1
</harden/bcfiles/edk_bcfiles/SmmLegacy.bc>:SmmLegacyEntryPoint:38	</harden/bcfiles/edk_bcfiles/SmmLegacy.bc>:DebugAssert	</harden/bcfiles/edk_bcfiles/SmmLegacy.bc>:SmmLegacyEntryPoint:38:1:getelementptr inbounds ([12 x i8], [12 x i8]* @.str.3, i64 0, i64 0)	0
</harden/bcfiles/edk_bcfiles/SmmLegacy.bc>:SmmLegacyEntryPoint:38	</harden/bcfiles/edk_bcfiles/SmmLegacy.bc>:DebugAssert	</harden/bcfiles/edk_bcfiles/SmmLegacy.bc>:SmmLegacyEntryPoint:38:5:387	1
</harden/bcfiles/edk_bcfiles/SmmLegacy.bc>:SmmLegacyEntryPoint:38	</harden/bcfiles/edk_bcfiles/SmmLegacy.bc>:DebugAssert	</harden/bcfiles/edk_bcfiles/SmmLegacy.bc>:SmmLegacyEntryPoint:38:6:getelementptr inbounds ([39 x i8], [39 x i8]* @.str.4, i64 0, i64 0)	2
</harden/bcfiles/edk_bcfiles/SmmLegacy.bc>:SmmLegacyEntryPoint:59	</harden/bcfiles/edk_bcfiles/SmmLegacy.bc>:DebugPrintLevelEnabled	</harden/bcfiles/edk_bcfiles/SmmLegacy.bc>:SmmLegacyEntryPoint:59:1:2147483648	0
</harden/bcfiles/edk_bcfiles/SmmLegacy.bc>:SmmLegacyEntryPoint:63	</harden/bcfiles/edk_bcfiles/SmmLegacy.bc>:DebugPrint	</harden/bcfiles/edk_bcfiles/SmmLegacy.bc>:SmmLegacyEntryPoint:%54	2
</harden/bcfiles/edk_bcfiles/SmmLegacy.bc>:SmmLegacyEntryPoint:63	</harden/bcfiles/edk_bcfiles/SmmLegacy.bc>:DebugPrint	</harden/bcfiles/edk_bcfiles/SmmLegacy.bc>:SmmLegacyEntryPoint:63:1:2147483648	0
</harden/bcfiles/edk_bcfiles/SmmLegacy.bc>:SmmLegacyEntryPoint:63	</harden/bcfiles/edk_bcfiles/SmmLegacy.bc>:DebugPrint	</harden/bcfiles/edk_bcfiles/SmmLegacy.bc>:SmmLegacyEntryPoint:63:2:getelementptr inbounds ([33 x i8], [33 x i8]* @.str.2, i64 0, i64 0)	1
</harden/bcfiles/edk_bcfiles/SmmLegacy.bc>:SmmLegacyEntryPoint:68	</harden/bcfiles/edk_bcfiles/SmmLegacy.bc>:DebugAssert	</harden/bcfiles/edk_bcfiles/SmmLegacy.bc>:SmmLegacyEntryPoint:68:1:getelementptr inbounds ([12 x i8], [12 x i8]* @.str.3, i64 0, i64 0)	0
</harden/bcfiles/edk_bcfiles/SmmLegacy.bc>:SmmLegacyEntryPoint:68	</harden/bcfiles/edk_bcfiles/SmmLegacy.bc>:DebugAssert	</harden/bcfiles/edk_bcfiles/SmmLegacy.bc>:SmmLegacyEntryPoint:68:5:396	1
</harden/bcfiles/edk_bcfiles/SmmLegacy.bc>:SmmLegacyEntryPoint:68	</harden/bcfiles/edk_bcfiles/SmmLegacy.bc>:DebugAssert	</harden/bcfiles/edk_bcfiles/SmmLegacy.bc>:SmmLegacyEntryPoint:68:6:getelementptr inbounds ([39 x i8], [39 x i8]* @.str.4, i64 0, i64 0)	2
</harden/bcfiles/edk_bcfiles/SmmLegacy.bc>:SmmLegacyEntryPoint:89	</harden/bcfiles/edk_bcfiles/SmmLegacy.bc>:DebugPrintLevelEnabled	</harden/bcfiles/edk_bcfiles/SmmLegacy.bc>:SmmLegacyEntryPoint:89:1:2147483648	0
</harden/bcfiles/edk_bcfiles/SmmLegacy.bc>:SmmLegacyEntryPoint:93	</harden/bcfiles/edk_bcfiles/SmmLegacy.bc>:DebugPrint	</harden/bcfiles/edk_bcfiles/SmmLegacy.bc>:SmmLegacyEntryPoint:%81	2
</harden/bcfiles/edk_bcfiles/SmmLegacy.bc>:SmmLegacyEntryPoint:93	</harden/bcfiles/edk_bcfiles/SmmLegacy.bc>:DebugPrint	</harden/bcfiles/edk_bcfiles/SmmLegacy.bc>:SmmLegacyEntryPoint:93:1:2147483648	0
</harden/bcfiles/edk_bcfiles/SmmLegacy.bc>:SmmLegacyEntryPoint:93	</harden/bcfiles/edk_bcfiles/SmmLegacy.bc>:DebugPrint	</harden/bcfiles/edk_bcfiles/SmmLegacy.bc>:SmmLegacyEntryPoint:93:2:getelementptr inbounds ([33 x i8], [33 x i8]* @.str.2, i64 0, i64 0)	1
</harden/bcfiles/edk_bcfiles/SmmLegacy.bc>:SmmLegacyEntryPoint:98	</harden/bcfiles/edk_bcfiles/SmmLegacy.bc>:DebugAssert	</harden/bcfiles/edk_bcfiles/SmmLegacy.bc>:SmmLegacyEntryPoint:98:1:getelementptr inbounds ([12 x i8], [12 x i8]* @.str.3, i64 0, i64 0)	0
</harden/bcfiles/edk_bcfiles/SmmLegacy.bc>:SmmLegacyEntryPoint:98	</harden/bcfiles/edk_bcfiles/SmmLegacy.bc>:DebugAssert	</harden/bcfiles/edk_bcfiles/SmmLegacy.bc>:SmmLegacyEntryPoint:98:5:406	1
</harden/bcfiles/edk_bcfiles/SmmLegacy.bc>:SmmLegacyEntryPoint:98	</harden/bcfiles/edk_bcfiles/SmmLegacy.bc>:DebugAssert	</harden/bcfiles/edk_bcfiles/SmmLegacy.bc>:SmmLegacyEntryPoint:98:6:getelementptr inbounds ([39 x i8], [39 x i8]* @.str.4, i64 0, i64 0)	2
</harden/bcfiles/edk_bcfiles/SmmLegacy.bc>:SmmLegacyEntryPoint:121	</harden/bcfiles/edk_bcfiles/SmmLegacy.bc>:DebugPrintLevelEnabled	</harden/bcfiles/edk_bcfiles/SmmLegacy.bc>:SmmLegacyEntryPoint:121:1:2147483648	0
</harden/bcfiles/edk_bcfiles/SmmLegacy.bc>:SmmLegacyEntryPoint:125	</harden/bcfiles/edk_bcfiles/SmmLegacy.bc>:DebugPrint	</harden/bcfiles/edk_bcfiles/SmmLegacy.bc>:SmmLegacyEntryPoint:%108	2
</harden/bcfiles/edk_bcfiles/SmmLegacy.bc>:SmmLegacyEntryPoint:125	</harden/bcfiles/edk_bcfiles/SmmLegacy.bc>:DebugPrint	</harden/bcfiles/edk_bcfiles/SmmLegacy.bc>:SmmLegacyEntryPoint:125:1:2147483648	0
</harden/bcfiles/edk_bcfiles/SmmLegacy.bc>:SmmLegacyEntryPoint:125	</harden/bcfiles/edk_bcfiles/SmmLegacy.bc>:DebugPrint	</harden/bcfiles/edk_bcfiles/SmmLegacy.bc>:SmmLegacyEntryPoint:125:2:getelementptr inbounds ([33 x i8], [33 x i8]* @.str.2, i64 0, i64 0)	1
</harden/bcfiles/edk_bcfiles/SmmLegacy.bc>:SmmLegacyEntryPoint:130	</harden/bcfiles/edk_bcfiles/SmmLegacy.bc>:DebugAssert	</harden/bcfiles/edk_bcfiles/SmmLegacy.bc>:SmmLegacyEntryPoint:130:1:getelementptr inbounds ([12 x i8], [12 x i8]* @.str.3, i64 0, i64 0)	0
</harden/bcfiles/edk_bcfiles/SmmLegacy.bc>:SmmLegacyEntryPoint:130	</harden/bcfiles/edk_bcfiles/SmmLegacy.bc>:DebugAssert	</harden/bcfiles/edk_bcfiles/SmmLegacy.bc>:SmmLegacyEntryPoint:130:5:420	1
</harden/bcfiles/edk_bcfiles/SmmLegacy.bc>:SmmLegacyEntryPoint:130	</harden/bcfiles/edk_bcfiles/SmmLegacy.bc>:DebugAssert	</harden/bcfiles/edk_bcfiles/SmmLegacy.bc>:SmmLegacyEntryPoint:130:6:getelementptr inbounds ([39 x i8], [39 x i8]* @.str.4, i64 0, i64 0)	2
</harden/bcfiles/edk_bcfiles/SmmLegacy.bc>:SmmLegacyEntryPoint:140	</harden/bcfiles/edk_bcfiles/SmmLegacy.bc>:DebugPrintLevelEnabled	</harden/bcfiles/edk_bcfiles/SmmLegacy.bc>:SmmLegacyEntryPoint:140:1:64	0
</harden/bcfiles/edk_bcfiles/SmmLegacy.bc>:SmmLegacyEntryPoint:143	</harden/bcfiles/edk_bcfiles/SmmLegacy.bc>:DebugPrint	</harden/bcfiles/edk_bcfiles/SmmLegacy.bc>:SmmLegacyEntryPoint:143:1:64	0
</harden/bcfiles/edk_bcfiles/SmmLegacy.bc>:SmmLegacyEntryPoint:143	</harden/bcfiles/edk_bcfiles/SmmLegacy.bc>:DebugPrint	</harden/bcfiles/edk_bcfiles/SmmLegacy.bc>:SmmLegacyEntryPoint:143:2:getelementptr inbounds ([8 x i8], [8 x i8]* @.str.7, i64 0, i64 0)	1
</harden/bcfiles/edk_bcfiles/SmmLegacy.bc>:SmmLegacyEntryPoint:143	</harden/bcfiles/edk_bcfiles/SmmLegacy.bc>:DebugPrint	</harden/bcfiles/edk_bcfiles/SmmLegacy.bc>:SmmLegacyEntryPoint:143:6:getelementptr inbounds ([20 x i8], [20 x i8]* @__func__.SmmLegacyEntryPoint, i64 0, i64 0)	2
</harden/bcfiles/edk_bcfiles/SmmLegacy.bc>:SmmLegacyEntryPoint:143	</harden/bcfiles/edk_bcfiles/SmmLegacy.bc>:DebugPrint	</harden/bcfiles/edk_bcfiles/SmmLegacy.bc>:SmmLegacyEntryPoint:143:10:@SmmLegacyDispatcher	3
