</harden/bcfiles/edk_bcfiles/SmmLegacy.bc>:FindContextBySwSmiInputValue	</harden/bcfiles/edk_bcfiles/SmmLegacy.bc>:FindContextBySwSmiInputValue:%0	0
</harden/bcfiles/edk_bcfiles/SmmLegacy.bc>:FindContextBySwSmiInputValue	</harden/bcfiles/edk_bcfiles/SmmLegacy.bc>:FindContextBySwSmiInputValue:%1	1
</harden/bcfiles/edk_bcfiles/SmmLegacy.bc>:SmmLegacyDispatcher	</harden/bcfiles/edk_bcfiles/SmmLegacy.bc>:SmmLegacyDispatcher:%0	0
</harden/bcfiles/edk_bcfiles/SmmLegacy.bc>:SmmLegacyDispatcher	</harden/bcfiles/edk_bcfiles/SmmLegacy.bc>:SmmLegacyDispatcher:%1	1
</harden/bcfiles/edk_bcfiles/SmmLegacy.bc>:SmmLegacyDispatcher	</harden/bcfiles/edk_bcfiles/SmmLegacy.bc>:SmmLegacyDispatcher:%2	2
</harden/bcfiles/edk_bcfiles/SmmLegacy.bc>:SmmLegacyDispatcher	</harden/bcfiles/edk_bcfiles/SmmLegacy.bc>:SmmLegacyDispatcher:%3	3
</harden/bcfiles/edk_bcfiles/SmmLegacy.bc>:SmmLegacyRegister	</harden/bcfiles/edk_bcfiles/SmmLegacy.bc>:SmmLegacyRegister:%0	0
</harden/bcfiles/edk_bcfiles/SmmLegacy.bc>:SmmLegacyRegister	</harden/bcfiles/edk_bcfiles/SmmLegacy.bc>:SmmLegacyRegister:%1	1
</harden/bcfiles/edk_bcfiles/SmmLegacy.bc>:SmmLegacyRegister	</harden/bcfiles/edk_bcfiles/SmmLegacy.bc>:SmmLegacyRegister:%2	2
</harden/bcfiles/edk_bcfiles/SmmLegacy.bc>:SmmLegacyRegister	</harden/bcfiles/edk_bcfiles/SmmLegacy.bc>:SmmLegacyRegister:%3	3
</harden/bcfiles/edk_bcfiles/SmmLegacy.bc>:SmmLegacyUnRegister	</harden/bcfiles/edk_bcfiles/SmmLegacy.bc>:SmmLegacyUnRegister:%0	0
</harden/bcfiles/edk_bcfiles/SmmLegacy.bc>:SmmLegacyUnRegister	</harden/bcfiles/edk_bcfiles/SmmLegacy.bc>:SmmLegacyUnRegister:%1	1
</harden/bcfiles/edk_bcfiles/SmmLegacy.bc>:LoadSmmVariableProtocolCallback	</harden/bcfiles/edk_bcfiles/SmmLegacy.bc>:LoadSmmVariableProtocolCallback:%0	0
</harden/bcfiles/edk_bcfiles/SmmLegacy.bc>:LoadSmmVariableProtocolCallback	</harden/bcfiles/edk_bcfiles/SmmLegacy.bc>:LoadSmmVariableProtocolCallback:%1	1
</harden/bcfiles/edk_bcfiles/SmmLegacy.bc>:LoadSmmVariableProtocolCallback	</harden/bcfiles/edk_bcfiles/SmmLegacy.bc>:LoadSmmVariableProtocolCallback:%2	2
