</harden/bcfiles/edk_bcfiles/SmmLegacy.bc>:ClearStackNx:%29	</harden/bcfiles/edk_bcfiles/SmmLegacy.bc>:ClearStackNx:%14	*stack_alloc@ClearStackNx[i64* %2]
</harden/bcfiles/edk_bcfiles/SmmLegacy.bc>:ClearStackNx:%29	</harden/bcfiles/edk_bcfiles/SmmLegacy.bc>:ClearStackNx:%14	*stack_alloc@ClearStackNx[i64* %2][0]
</harden/bcfiles/edk_bcfiles/SmmLegacy.bc>:ClearStackNx:%29	</harden/bcfiles/edk_bcfiles/SmmLegacy.bc>:ClearStackNx:%2	*stack_alloc@ClearStackNx[i64* %2]
</harden/bcfiles/edk_bcfiles/SmmLegacy.bc>:ClearStackNx:%14	</harden/bcfiles/edk_bcfiles/SmmLegacy.bc>:ClearStackNx:%29	*stack_alloc@ClearStackNx[i64* %2]
</harden/bcfiles/edk_bcfiles/SmmLegacy.bc>:ClearStackNx:%14	</harden/bcfiles/edk_bcfiles/SmmLegacy.bc>:ClearStackNx:%29	*stack_alloc@ClearStackNx[i64* %2][0]
</harden/bcfiles/edk_bcfiles/SmmLegacy.bc>:ClearStackNx:%14	</harden/bcfiles/edk_bcfiles/SmmLegacy.bc>:ClearStackNx:%2	*stack_alloc@ClearStackNx[i64* %2]
</harden/bcfiles/edk_bcfiles/SmmLegacy.bc>:ClearStackNx:%2	</harden/bcfiles/edk_bcfiles/SmmLegacy.bc>:ClearStackNx:%29	*stack_alloc@ClearStackNx[i64* %2]
</harden/bcfiles/edk_bcfiles/SmmLegacy.bc>:ClearStackNx:%2	</harden/bcfiles/edk_bcfiles/SmmLegacy.bc>:ClearStackNx:%14	*stack_alloc@ClearStackNx[i64* %2]
</harden/bcfiles/edk_bcfiles/SmmLegacy.bc>:FindContextBySwSmiInputValue:%45	</harden/bcfiles/edk_bcfiles/SmmLegacy.bc>:FindContextBySwSmiInputValue:%27	*stack_alloc@SmmLegacyDispatcher[%struct.EFI_SMM_LEGACY_DISPATCH_CONTEXT** %11]
</harden/bcfiles/edk_bcfiles/SmmLegacy.bc>:FindContextBySwSmiInputValue:%45	</harden/bcfiles/edk_bcfiles/SmmLegacy.bc>:FindContextBySwSmiInputValue:%27	*stack_alloc@SmmLegacyDispatcher[%struct.EFI_SMM_LEGACY_DISPATCH_CONTEXT** %11][0]
</harden/bcfiles/edk_bcfiles/SmmLegacy.bc>:FindContextBySwSmiInputValue:%45	</harden/bcfiles/edk_bcfiles/SmmLegacy.bc>:FindContextBySwSmiInputValue:%22	*stack_alloc@SmmLegacyDispatcher[%struct.EFI_SMM_LEGACY_DISPATCH_CONTEXT** %11]
</harden/bcfiles/edk_bcfiles/SmmLegacy.bc>:FindContextBySwSmiInputValue:%45	</harden/bcfiles/edk_bcfiles/SmmLegacy.bc>:FindContextBySwSmiInputValue:%22	*stack_alloc@SmmLegacyDispatcher[%struct.EFI_SMM_LEGACY_DISPATCH_CONTEXT** %11][0]
</harden/bcfiles/edk_bcfiles/SmmLegacy.bc>:FindContextBySwSmiInputValue:%45	</harden/bcfiles/edk_bcfiles/SmmLegacy.bc>:FindContextBySwSmiInputValue:%8	*stack_alloc@SmmLegacyDispatcher[%struct.EFI_SMM_LEGACY_DISPATCH_CONTEXT** %11]
</harden/bcfiles/edk_bcfiles/SmmLegacy.bc>:FindContextBySwSmiInputValue:%45	</harden/bcfiles/edk_bcfiles/SmmLegacy.bc>:FindContextBySwSmiInputValue:%8	*stack_alloc@SmmLegacyDispatcher[%struct.EFI_SMM_LEGACY_DISPATCH_CONTEXT** %11][0]
</harden/bcfiles/edk_bcfiles/SmmLegacy.bc>:FindContextBySwSmiInputValue:%45	</harden/bcfiles/edk_bcfiles/SmmLegacy.bc>:FindContextBySwSmiInputValue:%52	*stack_alloc@SmmLegacyDispatcher[%struct.EFI_SMM_LEGACY_DISPATCH_CONTEXT** %11]
</harden/bcfiles/edk_bcfiles/SmmLegacy.bc>:FindContextBySwSmiInputValue:%45	</harden/bcfiles/edk_bcfiles/SmmLegacy.bc>:FindContextBySwSmiInputValue:%52	*stack_alloc@SmmLegacyDispatcher[%struct.EFI_SMM_LEGACY_DISPATCH_CONTEXT** %11][0]
</harden/bcfiles/edk_bcfiles/SmmLegacy.bc>:FindContextBySwSmiInputValue:%45	</harden/bcfiles/edk_bcfiles/SmmLegacy.bc>:FindContextBySwSmiInputValue:%14	*stack_alloc@SmmLegacyDispatcher[%struct.EFI_SMM_LEGACY_DISPATCH_CONTEXT** %11]
</harden/bcfiles/edk_bcfiles/SmmLegacy.bc>:FindContextBySwSmiInputValue:%45	</harden/bcfiles/edk_bcfiles/SmmLegacy.bc>:FindContextBySwSmiInputValue:%14	*stack_alloc@SmmLegacyDispatcher[%struct.EFI_SMM_LEGACY_DISPATCH_CONTEXT** %11][0]
</harden/bcfiles/edk_bcfiles/SmmLegacy.bc>:FindContextBySwSmiInputValue:%45	</harden/bcfiles/edk_bcfiles/SmmLegacy.bc>:FindContextBySwSmiInputValue:%1	*stack_alloc@SmmLegacyDispatcher[%struct.EFI_SMM_LEGACY_DISPATCH_CONTEXT** %11]
</harden/bcfiles/edk_bcfiles/SmmLegacy.bc>:FindContextBySwSmiInputValue:%45	</harden/bcfiles/edk_bcfiles/SmmLegacy.bc>:SmmLegacyDispatcher:%11	*stack_alloc@SmmLegacyDispatcher[%struct.EFI_SMM_LEGACY_DISPATCH_CONTEXT** %11]
</harden/bcfiles/edk_bcfiles/SmmLegacy.bc>:FindContextBySwSmiInputValue:%27	</harden/bcfiles/edk_bcfiles/SmmLegacy.bc>:FindContextBySwSmiInputValue:%45	*stack_alloc@SmmLegacyDispatcher[%struct.EFI_SMM_LEGACY_DISPATCH_CONTEXT** %11]
</harden/bcfiles/edk_bcfiles/SmmLegacy.bc>:FindContextBySwSmiInputValue:%27	</harden/bcfiles/edk_bcfiles/SmmLegacy.bc>:FindContextBySwSmiInputValue:%45	*stack_alloc@SmmLegacyDispatcher[%struct.EFI_SMM_LEGACY_DISPATCH_CONTEXT** %11][0]
</harden/bcfiles/edk_bcfiles/SmmLegacy.bc>:FindContextBySwSmiInputValue:%27	</harden/bcfiles/edk_bcfiles/SmmLegacy.bc>:FindContextBySwSmiInputValue:%22	*stack_alloc@SmmLegacyDispatcher[%struct.EFI_SMM_LEGACY_DISPATCH_CONTEXT** %11]
</harden/bcfiles/edk_bcfiles/SmmLegacy.bc>:FindContextBySwSmiInputValue:%27	</harden/bcfiles/edk_bcfiles/SmmLegacy.bc>:FindContextBySwSmiInputValue:%22	*stack_alloc@SmmLegacyDispatcher[%struct.EFI_SMM_LEGACY_DISPATCH_CONTEXT** %11][0]
</harden/bcfiles/edk_bcfiles/SmmLegacy.bc>:FindContextBySwSmiInputValue:%27	</harden/bcfiles/edk_bcfiles/SmmLegacy.bc>:FindContextBySwSmiInputValue:%8	*stack_alloc@SmmLegacyDispatcher[%struct.EFI_SMM_LEGACY_DISPATCH_CONTEXT** %11]
</harden/bcfiles/edk_bcfiles/SmmLegacy.bc>:FindContextBySwSmiInputValue:%27	</harden/bcfiles/edk_bcfiles/SmmLegacy.bc>:FindContextBySwSmiInputValue:%8	*stack_alloc@SmmLegacyDispatcher[%struct.EFI_SMM_LEGACY_DISPATCH_CONTEXT** %11][0]
</harden/bcfiles/edk_bcfiles/SmmLegacy.bc>:FindContextBySwSmiInputValue:%27	</harden/bcfiles/edk_bcfiles/SmmLegacy.bc>:FindContextBySwSmiInputValue:%52	*stack_alloc@SmmLegacyDispatcher[%struct.EFI_SMM_LEGACY_DISPATCH_CONTEXT** %11]
</harden/bcfiles/edk_bcfiles/SmmLegacy.bc>:FindContextBySwSmiInputValue:%27	</harden/bcfiles/edk_bcfiles/SmmLegacy.bc>:FindContextBySwSmiInputValue:%52	*stack_alloc@SmmLegacyDispatcher[%struct.EFI_SMM_LEGACY_DISPATCH_CONTEXT** %11][0]
</harden/bcfiles/edk_bcfiles/SmmLegacy.bc>:FindContextBySwSmiInputValue:%27	</harden/bcfiles/edk_bcfiles/SmmLegacy.bc>:FindContextBySwSmiInputValue:%14	*stack_alloc@SmmLegacyDispatcher[%struct.EFI_SMM_LEGACY_DISPATCH_CONTEXT** %11]
</harden/bcfiles/edk_bcfiles/SmmLegacy.bc>:FindContextBySwSmiInputValue:%27	</harden/bcfiles/edk_bcfiles/SmmLegacy.bc>:FindContextBySwSmiInputValue:%14	*stack_alloc@SmmLegacyDispatcher[%struct.EFI_SMM_LEGACY_DISPATCH_CONTEXT** %11][0]
</harden/bcfiles/edk_bcfiles/SmmLegacy.bc>:FindContextBySwSmiInputValue:%27	</harden/bcfiles/edk_bcfiles/SmmLegacy.bc>:FindContextBySwSmiInputValue:%1	*stack_alloc@SmmLegacyDispatcher[%struct.EFI_SMM_LEGACY_DISPATCH_CONTEXT** %11]
</harden/bcfiles/edk_bcfiles/SmmLegacy.bc>:FindContextBySwSmiInputValue:%27	</harden/bcfiles/edk_bcfiles/SmmLegacy.bc>:SmmLegacyDispatcher:%11	*stack_alloc@SmmLegacyDispatcher[%struct.EFI_SMM_LEGACY_DISPATCH_CONTEXT** %11]
</harden/bcfiles/edk_bcfiles/SmmLegacy.bc>:FindContextBySwSmiInputValue:%22	</harden/bcfiles/edk_bcfiles/SmmLegacy.bc>:FindContextBySwSmiInputValue:%45	*stack_alloc@SmmLegacyDispatcher[%struct.EFI_SMM_LEGACY_DISPATCH_CONTEXT** %11]
</harden/bcfiles/edk_bcfiles/SmmLegacy.bc>:FindContextBySwSmiInputValue:%22	</harden/bcfiles/edk_bcfiles/SmmLegacy.bc>:FindContextBySwSmiInputValue:%45	*stack_alloc@SmmLegacyDispatcher[%struct.EFI_SMM_LEGACY_DISPATCH_CONTEXT** %11][0]
</harden/bcfiles/edk_bcfiles/SmmLegacy.bc>:FindContextBySwSmiInputValue:%22	</harden/bcfiles/edk_bcfiles/SmmLegacy.bc>:FindContextBySwSmiInputValue:%27	*stack_alloc@SmmLegacyDispatcher[%struct.EFI_SMM_LEGACY_DISPATCH_CONTEXT** %11]
</harden/bcfiles/edk_bcfiles/SmmLegacy.bc>:FindContextBySwSmiInputValue:%22	</harden/bcfiles/edk_bcfiles/SmmLegacy.bc>:FindContextBySwSmiInputValue:%27	*stack_alloc@SmmLegacyDispatcher[%struct.EFI_SMM_LEGACY_DISPATCH_CONTEXT** %11][0]
</harden/bcfiles/edk_bcfiles/SmmLegacy.bc>:FindContextBySwSmiInputValue:%22	</harden/bcfiles/edk_bcfiles/SmmLegacy.bc>:FindContextBySwSmiInputValue:%8	*stack_alloc@SmmLegacyDispatcher[%struct.EFI_SMM_LEGACY_DISPATCH_CONTEXT** %11]
</harden/bcfiles/edk_bcfiles/SmmLegacy.bc>:FindContextBySwSmiInputValue:%22	</harden/bcfiles/edk_bcfiles/SmmLegacy.bc>:FindContextBySwSmiInputValue:%8	*stack_alloc@SmmLegacyDispatcher[%struct.EFI_SMM_LEGACY_DISPATCH_CONTEXT** %11][0]
</harden/bcfiles/edk_bcfiles/SmmLegacy.bc>:FindContextBySwSmiInputValue:%22	</harden/bcfiles/edk_bcfiles/SmmLegacy.bc>:FindContextBySwSmiInputValue:%52	*stack_alloc@SmmLegacyDispatcher[%struct.EFI_SMM_LEGACY_DISPATCH_CONTEXT** %11]
</harden/bcfiles/edk_bcfiles/SmmLegacy.bc>:FindContextBySwSmiInputValue:%22	</harden/bcfiles/edk_bcfiles/SmmLegacy.bc>:FindContextBySwSmiInputValue:%52	*stack_alloc@SmmLegacyDispatcher[%struct.EFI_SMM_LEGACY_DISPATCH_CONTEXT** %11][0]
</harden/bcfiles/edk_bcfiles/SmmLegacy.bc>:FindContextBySwSmiInputValue:%22	</harden/bcfiles/edk_bcfiles/SmmLegacy.bc>:FindContextBySwSmiInputValue:%14	*stack_alloc@SmmLegacyDispatcher[%struct.EFI_SMM_LEGACY_DISPATCH_CONTEXT** %11]
</harden/bcfiles/edk_bcfiles/SmmLegacy.bc>:FindContextBySwSmiInputValue:%22	</harden/bcfiles/edk_bcfiles/SmmLegacy.bc>:FindContextBySwSmiInputValue:%14	*stack_alloc@SmmLegacyDispatcher[%struct.EFI_SMM_LEGACY_DISPATCH_CONTEXT** %11][0]
</harden/bcfiles/edk_bcfiles/SmmLegacy.bc>:FindContextBySwSmiInputValue:%22	</harden/bcfiles/edk_bcfiles/SmmLegacy.bc>:FindContextBySwSmiInputValue:%1	*stack_alloc@SmmLegacyDispatcher[%struct.EFI_SMM_LEGACY_DISPATCH_CONTEXT** %11]
</harden/bcfiles/edk_bcfiles/SmmLegacy.bc>:FindContextBySwSmiInputValue:%22	</harden/bcfiles/edk_bcfiles/SmmLegacy.bc>:SmmLegacyDispatcher:%11	*stack_alloc@SmmLegacyDispatcher[%struct.EFI_SMM_LEGACY_DISPATCH_CONTEXT** %11]
</harden/bcfiles/edk_bcfiles/SmmLegacy.bc>:FindContextBySwSmiInputValue:%8	</harden/bcfiles/edk_bcfiles/SmmLegacy.bc>:FindContextBySwSmiInputValue:%45	*stack_alloc@SmmLegacyDispatcher[%struct.EFI_SMM_LEGACY_DISPATCH_CONTEXT** %11]
</harden/bcfiles/edk_bcfiles/SmmLegacy.bc>:FindContextBySwSmiInputValue:%8	</harden/bcfiles/edk_bcfiles/SmmLegacy.bc>:FindContextBySwSmiInputValue:%45	*stack_alloc@SmmLegacyDispatcher[%struct.EFI_SMM_LEGACY_DISPATCH_CONTEXT** %11][0]
</harden/bcfiles/edk_bcfiles/SmmLegacy.bc>:FindContextBySwSmiInputValue:%8	</harden/bcfiles/edk_bcfiles/SmmLegacy.bc>:FindContextBySwSmiInputValue:%27	*stack_alloc@SmmLegacyDispatcher[%struct.EFI_SMM_LEGACY_DISPATCH_CONTEXT** %11]
</harden/bcfiles/edk_bcfiles/SmmLegacy.bc>:FindContextBySwSmiInputValue:%8	</harden/bcfiles/edk_bcfiles/SmmLegacy.bc>:FindContextBySwSmiInputValue:%27	*stack_alloc@SmmLegacyDispatcher[%struct.EFI_SMM_LEGACY_DISPATCH_CONTEXT** %11][0]
</harden/bcfiles/edk_bcfiles/SmmLegacy.bc>:FindContextBySwSmiInputValue:%8	</harden/bcfiles/edk_bcfiles/SmmLegacy.bc>:FindContextBySwSmiInputValue:%22	*stack_alloc@SmmLegacyDispatcher[%struct.EFI_SMM_LEGACY_DISPATCH_CONTEXT** %11]
</harden/bcfiles/edk_bcfiles/SmmLegacy.bc>:FindContextBySwSmiInputValue:%8	</harden/bcfiles/edk_bcfiles/SmmLegacy.bc>:FindContextBySwSmiInputValue:%22	*stack_alloc@SmmLegacyDispatcher[%struct.EFI_SMM_LEGACY_DISPATCH_CONTEXT** %11][0]
</harden/bcfiles/edk_bcfiles/SmmLegacy.bc>:FindContextBySwSmiInputValue:%8	</harden/bcfiles/edk_bcfiles/SmmLegacy.bc>:FindContextBySwSmiInputValue:%52	*stack_alloc@SmmLegacyDispatcher[%struct.EFI_SMM_LEGACY_DISPATCH_CONTEXT** %11]
</harden/bcfiles/edk_bcfiles/SmmLegacy.bc>:FindContextBySwSmiInputValue:%8	</harden/bcfiles/edk_bcfiles/SmmLegacy.bc>:FindContextBySwSmiInputValue:%52	*stack_alloc@SmmLegacyDispatcher[%struct.EFI_SMM_LEGACY_DISPATCH_CONTEXT** %11][0]
</harden/bcfiles/edk_bcfiles/SmmLegacy.bc>:FindContextBySwSmiInputValue:%8	</harden/bcfiles/edk_bcfiles/SmmLegacy.bc>:FindContextBySwSmiInputValue:%14	*stack_alloc@SmmLegacyDispatcher[%struct.EFI_SMM_LEGACY_DISPATCH_CONTEXT** %11]
</harden/bcfiles/edk_bcfiles/SmmLegacy.bc>:FindContextBySwSmiInputValue:%8	</harden/bcfiles/edk_bcfiles/SmmLegacy.bc>:FindContextBySwSmiInputValue:%14	*stack_alloc@SmmLegacyDispatcher[%struct.EFI_SMM_LEGACY_DISPATCH_CONTEXT** %11][0]
</harden/bcfiles/edk_bcfiles/SmmLegacy.bc>:FindContextBySwSmiInputValue:%8	</harden/bcfiles/edk_bcfiles/SmmLegacy.bc>:FindContextBySwSmiInputValue:%1	*stack_alloc@SmmLegacyDispatcher[%struct.EFI_SMM_LEGACY_DISPATCH_CONTEXT** %11]
</harden/bcfiles/edk_bcfiles/SmmLegacy.bc>:FindContextBySwSmiInputValue:%8	</harden/bcfiles/edk_bcfiles/SmmLegacy.bc>:SmmLegacyDispatcher:%11	*stack_alloc@SmmLegacyDispatcher[%struct.EFI_SMM_LEGACY_DISPATCH_CONTEXT** %11]
</harden/bcfiles/edk_bcfiles/SmmLegacy.bc>:FindContextBySwSmiInputValue:%52	</harden/bcfiles/edk_bcfiles/SmmLegacy.bc>:FindContextBySwSmiInputValue:%45	*stack_alloc@SmmLegacyDispatcher[%struct.EFI_SMM_LEGACY_DISPATCH_CONTEXT** %11]
</harden/bcfiles/edk_bcfiles/SmmLegacy.bc>:FindContextBySwSmiInputValue:%52	</harden/bcfiles/edk_bcfiles/SmmLegacy.bc>:FindContextBySwSmiInputValue:%45	*stack_alloc@SmmLegacyDispatcher[%struct.EFI_SMM_LEGACY_DISPATCH_CONTEXT** %11][0]
</harden/bcfiles/edk_bcfiles/SmmLegacy.bc>:FindContextBySwSmiInputValue:%52	</harden/bcfiles/edk_bcfiles/SmmLegacy.bc>:FindContextBySwSmiInputValue:%27	*stack_alloc@SmmLegacyDispatcher[%struct.EFI_SMM_LEGACY_DISPATCH_CONTEXT** %11]
</harden/bcfiles/edk_bcfiles/SmmLegacy.bc>:FindContextBySwSmiInputValue:%52	</harden/bcfiles/edk_bcfiles/SmmLegacy.bc>:FindContextBySwSmiInputValue:%27	*stack_alloc@SmmLegacyDispatcher[%struct.EFI_SMM_LEGACY_DISPATCH_CONTEXT** %11][0]
</harden/bcfiles/edk_bcfiles/SmmLegacy.bc>:FindContextBySwSmiInputValue:%52	</harden/bcfiles/edk_bcfiles/SmmLegacy.bc>:FindContextBySwSmiInputValue:%22	*stack_alloc@SmmLegacyDispatcher[%struct.EFI_SMM_LEGACY_DISPATCH_CONTEXT** %11]
</harden/bcfiles/edk_bcfiles/SmmLegacy.bc>:FindContextBySwSmiInputValue:%52	</harden/bcfiles/edk_bcfiles/SmmLegacy.bc>:FindContextBySwSmiInputValue:%22	*stack_alloc@SmmLegacyDispatcher[%struct.EFI_SMM_LEGACY_DISPATCH_CONTEXT** %11][0]
</harden/bcfiles/edk_bcfiles/SmmLegacy.bc>:FindContextBySwSmiInputValue:%52	</harden/bcfiles/edk_bcfiles/SmmLegacy.bc>:FindContextBySwSmiInputValue:%8	*stack_alloc@SmmLegacyDispatcher[%struct.EFI_SMM_LEGACY_DISPATCH_CONTEXT** %11]
</harden/bcfiles/edk_bcfiles/SmmLegacy.bc>:FindContextBySwSmiInputValue:%52	</harden/bcfiles/edk_bcfiles/SmmLegacy.bc>:FindContextBySwSmiInputValue:%8	*stack_alloc@SmmLegacyDispatcher[%struct.EFI_SMM_LEGACY_DISPATCH_CONTEXT** %11][0]
</harden/bcfiles/edk_bcfiles/SmmLegacy.bc>:FindContextBySwSmiInputValue:%52	</harden/bcfiles/edk_bcfiles/SmmLegacy.bc>:FindContextBySwSmiInputValue:%14	*stack_alloc@SmmLegacyDispatcher[%struct.EFI_SMM_LEGACY_DISPATCH_CONTEXT** %11]
</harden/bcfiles/edk_bcfiles/SmmLegacy.bc>:FindContextBySwSmiInputValue:%52	</harden/bcfiles/edk_bcfiles/SmmLegacy.bc>:FindContextBySwSmiInputValue:%14	*stack_alloc@SmmLegacyDispatcher[%struct.EFI_SMM_LEGACY_DISPATCH_CONTEXT** %11][0]
</harden/bcfiles/edk_bcfiles/SmmLegacy.bc>:FindContextBySwSmiInputValue:%52	</harden/bcfiles/edk_bcfiles/SmmLegacy.bc>:FindContextBySwSmiInputValue:%1	*stack_alloc@SmmLegacyDispatcher[%struct.EFI_SMM_LEGACY_DISPATCH_CONTEXT** %11]
</harden/bcfiles/edk_bcfiles/SmmLegacy.bc>:FindContextBySwSmiInputValue:%52	</harden/bcfiles/edk_bcfiles/SmmLegacy.bc>:SmmLegacyDispatcher:%11	*stack_alloc@SmmLegacyDispatcher[%struct.EFI_SMM_LEGACY_DISPATCH_CONTEXT** %11]
</harden/bcfiles/edk_bcfiles/SmmLegacy.bc>:FindContextBySwSmiInputValue:%14	</harden/bcfiles/edk_bcfiles/SmmLegacy.bc>:FindContextBySwSmiInputValue:%45	*stack_alloc@SmmLegacyDispatcher[%struct.EFI_SMM_LEGACY_DISPATCH_CONTEXT** %11]
</harden/bcfiles/edk_bcfiles/SmmLegacy.bc>:FindContextBySwSmiInputValue:%14	</harden/bcfiles/edk_bcfiles/SmmLegacy.bc>:FindContextBySwSmiInputValue:%45	*stack_alloc@SmmLegacyDispatcher[%struct.EFI_SMM_LEGACY_DISPATCH_CONTEXT** %11][0]
</harden/bcfiles/edk_bcfiles/SmmLegacy.bc>:FindContextBySwSmiInputValue:%14	</harden/bcfiles/edk_bcfiles/SmmLegacy.bc>:FindContextBySwSmiInputValue:%27	*stack_alloc@SmmLegacyDispatcher[%struct.EFI_SMM_LEGACY_DISPATCH_CONTEXT** %11]
</harden/bcfiles/edk_bcfiles/SmmLegacy.bc>:FindContextBySwSmiInputValue:%14	</harden/bcfiles/edk_bcfiles/SmmLegacy.bc>:FindContextBySwSmiInputValue:%27	*stack_alloc@SmmLegacyDispatcher[%struct.EFI_SMM_LEGACY_DISPATCH_CONTEXT** %11][0]
</harden/bcfiles/edk_bcfiles/SmmLegacy.bc>:FindContextBySwSmiInputValue:%14	</harden/bcfiles/edk_bcfiles/SmmLegacy.bc>:FindContextBySwSmiInputValue:%22	*stack_alloc@SmmLegacyDispatcher[%struct.EFI_SMM_LEGACY_DISPATCH_CONTEXT** %11]
</harden/bcfiles/edk_bcfiles/SmmLegacy.bc>:FindContextBySwSmiInputValue:%14	</harden/bcfiles/edk_bcfiles/SmmLegacy.bc>:FindContextBySwSmiInputValue:%22	*stack_alloc@SmmLegacyDispatcher[%struct.EFI_SMM_LEGACY_DISPATCH_CONTEXT** %11][0]
</harden/bcfiles/edk_bcfiles/SmmLegacy.bc>:FindContextBySwSmiInputValue:%14	</harden/bcfiles/edk_bcfiles/SmmLegacy.bc>:FindContextBySwSmiInputValue:%8	*stack_alloc@SmmLegacyDispatcher[%struct.EFI_SMM_LEGACY_DISPATCH_CONTEXT** %11]
</harden/bcfiles/edk_bcfiles/SmmLegacy.bc>:FindContextBySwSmiInputValue:%14	</harden/bcfiles/edk_bcfiles/SmmLegacy.bc>:FindContextBySwSmiInputValue:%8	*stack_alloc@SmmLegacyDispatcher[%struct.EFI_SMM_LEGACY_DISPATCH_CONTEXT** %11][0]
</harden/bcfiles/edk_bcfiles/SmmLegacy.bc>:FindContextBySwSmiInputValue:%14	</harden/bcfiles/edk_bcfiles/SmmLegacy.bc>:FindContextBySwSmiInputValue:%52	*stack_alloc@SmmLegacyDispatcher[%struct.EFI_SMM_LEGACY_DISPATCH_CONTEXT** %11]
</harden/bcfiles/edk_bcfiles/SmmLegacy.bc>:FindContextBySwSmiInputValue:%14	</harden/bcfiles/edk_bcfiles/SmmLegacy.bc>:FindContextBySwSmiInputValue:%52	*stack_alloc@SmmLegacyDispatcher[%struct.EFI_SMM_LEGACY_DISPATCH_CONTEXT** %11][0]
</harden/bcfiles/edk_bcfiles/SmmLegacy.bc>:FindContextBySwSmiInputValue:%14	</harden/bcfiles/edk_bcfiles/SmmLegacy.bc>:FindContextBySwSmiInputValue:%1	*stack_alloc@SmmLegacyDispatcher[%struct.EFI_SMM_LEGACY_DISPATCH_CONTEXT** %11]
</harden/bcfiles/edk_bcfiles/SmmLegacy.bc>:FindContextBySwSmiInputValue:%14	</harden/bcfiles/edk_bcfiles/SmmLegacy.bc>:SmmLegacyDispatcher:%11	*stack_alloc@SmmLegacyDispatcher[%struct.EFI_SMM_LEGACY_DISPATCH_CONTEXT** %11]
</harden/bcfiles/edk_bcfiles/SmmLegacy.bc>:FindContextBySwSmiInputValue:%1	</harden/bcfiles/edk_bcfiles/SmmLegacy.bc>:FindContextBySwSmiInputValue:%45	*stack_alloc@SmmLegacyDispatcher[%struct.EFI_SMM_LEGACY_DISPATCH_CONTEXT** %11]
</harden/bcfiles/edk_bcfiles/SmmLegacy.bc>:FindContextBySwSmiInputValue:%1	</harden/bcfiles/edk_bcfiles/SmmLegacy.bc>:FindContextBySwSmiInputValue:%27	*stack_alloc@SmmLegacyDispatcher[%struct.EFI_SMM_LEGACY_DISPATCH_CONTEXT** %11]
</harden/bcfiles/edk_bcfiles/SmmLegacy.bc>:FindContextBySwSmiInputValue:%1	</harden/bcfiles/edk_bcfiles/SmmLegacy.bc>:FindContextBySwSmiInputValue:%22	*stack_alloc@SmmLegacyDispatcher[%struct.EFI_SMM_LEGACY_DISPATCH_CONTEXT** %11]
</harden/bcfiles/edk_bcfiles/SmmLegacy.bc>:FindContextBySwSmiInputValue:%1	</harden/bcfiles/edk_bcfiles/SmmLegacy.bc>:FindContextBySwSmiInputValue:%8	*stack_alloc@SmmLegacyDispatcher[%struct.EFI_SMM_LEGACY_DISPATCH_CONTEXT** %11]
</harden/bcfiles/edk_bcfiles/SmmLegacy.bc>:FindContextBySwSmiInputValue:%1	</harden/bcfiles/edk_bcfiles/SmmLegacy.bc>:FindContextBySwSmiInputValue:%52	*stack_alloc@SmmLegacyDispatcher[%struct.EFI_SMM_LEGACY_DISPATCH_CONTEXT** %11]
</harden/bcfiles/edk_bcfiles/SmmLegacy.bc>:FindContextBySwSmiInputValue:%1	</harden/bcfiles/edk_bcfiles/SmmLegacy.bc>:FindContextBySwSmiInputValue:%14	*stack_alloc@SmmLegacyDispatcher[%struct.EFI_SMM_LEGACY_DISPATCH_CONTEXT** %11]
</harden/bcfiles/edk_bcfiles/SmmLegacy.bc>:FindContextBySwSmiInputValue:%1	</harden/bcfiles/edk_bcfiles/SmmLegacy.bc>:SmmLegacyDispatcher:%11	*stack_alloc@SmmLegacyDispatcher[%struct.EFI_SMM_LEGACY_DISPATCH_CONTEXT** %11]
</harden/bcfiles/edk_bcfiles/SmmLegacy.bc>:SmmLegacyDispatcher:%56	</harden/bcfiles/edk_bcfiles/SmmLegacy.bc>:SmmLegacyDispatcher:%16	*stack_alloc@SmmLegacyDispatcher[%struct.EFI_SMM_LEGACY_CONTEXT* %10]
</harden/bcfiles/edk_bcfiles/SmmLegacy.bc>:SmmLegacyDispatcher:%56	</harden/bcfiles/edk_bcfiles/SmmLegacy.bc>:SmmLegacyDispatcher:%16	*stack_alloc@SmmLegacyDispatcher[%struct.EFI_SMM_LEGACY_CONTEXT* %10][0]
</harden/bcfiles/edk_bcfiles/SmmLegacy.bc>:SmmLegacyDispatcher:%56	</harden/bcfiles/edk_bcfiles/SmmLegacy.bc>:SmmLegacyDispatcher:%16	*stack_alloc@SmmLegacyDispatcher[%struct.EFI_SMM_LEGACY_CONTEXT* %10][0].?/0
</harden/bcfiles/edk_bcfiles/SmmLegacy.bc>:SmmLegacyDispatcher:%56	</harden/bcfiles/edk_bcfiles/SmmLegacy.bc>:SmmLegacyDispatcher:%37	*stack_alloc@SmmLegacyDispatcher[%struct.EFI_SMM_LEGACY_CONTEXT* %10]
</harden/bcfiles/edk_bcfiles/SmmLegacy.bc>:SmmLegacyDispatcher:%56	</harden/bcfiles/edk_bcfiles/SmmLegacy.bc>:SmmLegacyDispatcher:%37	*stack_alloc@SmmLegacyDispatcher[%struct.EFI_SMM_LEGACY_CONTEXT* %10][0]
</harden/bcfiles/edk_bcfiles/SmmLegacy.bc>:SmmLegacyDispatcher:%56	</harden/bcfiles/edk_bcfiles/SmmLegacy.bc>:SmmLegacyDispatcher:%37	*stack_alloc@SmmLegacyDispatcher[%struct.EFI_SMM_LEGACY_CONTEXT* %10][0].?/0
</harden/bcfiles/edk_bcfiles/SmmLegacy.bc>:SmmLegacyDispatcher:%56	</harden/bcfiles/edk_bcfiles/SmmLegacy.bc>:SmmLegacyDispatcher:%84	*stack_alloc@SmmLegacyDispatcher[%struct.EFI_SMM_LEGACY_CONTEXT* %10]
</harden/bcfiles/edk_bcfiles/SmmLegacy.bc>:SmmLegacyDispatcher:%56	</harden/bcfiles/edk_bcfiles/SmmLegacy.bc>:SmmLegacyDispatcher:%84	*stack_alloc@SmmLegacyDispatcher[%struct.EFI_SMM_LEGACY_CONTEXT* %10][0]
</harden/bcfiles/edk_bcfiles/SmmLegacy.bc>:SmmLegacyDispatcher:%56	</harden/bcfiles/edk_bcfiles/SmmLegacy.bc>:SmmLegacyDispatcher:%84	*stack_alloc@SmmLegacyDispatcher[%struct.EFI_SMM_LEGACY_CONTEXT* %10][0].?/0
</harden/bcfiles/edk_bcfiles/SmmLegacy.bc>:SmmLegacyDispatcher:%56	</harden/bcfiles/edk_bcfiles/SmmLegacy.bc>:SmmLegacyDispatcher:%41	*stack_alloc@SmmLegacyDispatcher[%struct.EFI_SMM_LEGACY_CONTEXT* %10]
</harden/bcfiles/edk_bcfiles/SmmLegacy.bc>:SmmLegacyDispatcher:%56	</harden/bcfiles/edk_bcfiles/SmmLegacy.bc>:SmmLegacyDispatcher:%41	*stack_alloc@SmmLegacyDispatcher[%struct.EFI_SMM_LEGACY_CONTEXT* %10][0]
</harden/bcfiles/edk_bcfiles/SmmLegacy.bc>:SmmLegacyDispatcher:%56	</harden/bcfiles/edk_bcfiles/SmmLegacy.bc>:SmmLegacyDispatcher:%41	*stack_alloc@SmmLegacyDispatcher[%struct.EFI_SMM_LEGACY_CONTEXT* %10][0].?/0
</harden/bcfiles/edk_bcfiles/SmmLegacy.bc>:SmmLegacyDispatcher:%56	</harden/bcfiles/edk_bcfiles/SmmLegacy.bc>:SmmLegacyDispatcher:%10	*stack_alloc@SmmLegacyDispatcher[%struct.EFI_SMM_LEGACY_CONTEXT* %10]
</harden/bcfiles/edk_bcfiles/SmmLegacy.bc>:SmmLegacyDispatcher:%75	</harden/bcfiles/edk_bcfiles/SmmLegacy.bc>:SmmLegacyDispatcher:%12	*stack_alloc@SmmLegacyDispatcher[%struct.EDKII_SMM_LEGACY_REGISTER_CONTEXT* %12]
</harden/bcfiles/edk_bcfiles/SmmLegacy.bc>:SmmLegacyDispatcher:%75	</harden/bcfiles/edk_bcfiles/SmmLegacy.bc>:SmmLegacyDispatcher:%40	*stack_alloc@SmmLegacyDispatcher[%struct.EDKII_SMM_LEGACY_REGISTER_CONTEXT* %12]
</harden/bcfiles/edk_bcfiles/SmmLegacy.bc>:SmmLegacyDispatcher:%16	</harden/bcfiles/edk_bcfiles/SmmLegacy.bc>:SmmLegacyDispatcher:%56	*stack_alloc@SmmLegacyDispatcher[%struct.EFI_SMM_LEGACY_CONTEXT* %10]
</harden/bcfiles/edk_bcfiles/SmmLegacy.bc>:SmmLegacyDispatcher:%16	</harden/bcfiles/edk_bcfiles/SmmLegacy.bc>:SmmLegacyDispatcher:%56	*stack_alloc@SmmLegacyDispatcher[%struct.EFI_SMM_LEGACY_CONTEXT* %10][0]
</harden/bcfiles/edk_bcfiles/SmmLegacy.bc>:SmmLegacyDispatcher:%16	</harden/bcfiles/edk_bcfiles/SmmLegacy.bc>:SmmLegacyDispatcher:%56	*stack_alloc@SmmLegacyDispatcher[%struct.EFI_SMM_LEGACY_CONTEXT* %10][0].?/0
</harden/bcfiles/edk_bcfiles/SmmLegacy.bc>:SmmLegacyDispatcher:%16	</harden/bcfiles/edk_bcfiles/SmmLegacy.bc>:SmmLegacyDispatcher:%37	*stack_alloc@SmmLegacyDispatcher[%struct.EFI_SMM_LEGACY_CONTEXT* %10]
</harden/bcfiles/edk_bcfiles/SmmLegacy.bc>:SmmLegacyDispatcher:%16	</harden/bcfiles/edk_bcfiles/SmmLegacy.bc>:SmmLegacyDispatcher:%37	*stack_alloc@SmmLegacyDispatcher[%struct.EFI_SMM_LEGACY_CONTEXT* %10][0]
</harden/bcfiles/edk_bcfiles/SmmLegacy.bc>:SmmLegacyDispatcher:%16	</harden/bcfiles/edk_bcfiles/SmmLegacy.bc>:SmmLegacyDispatcher:%37	*stack_alloc@SmmLegacyDispatcher[%struct.EFI_SMM_LEGACY_CONTEXT* %10][0].?/0
</harden/bcfiles/edk_bcfiles/SmmLegacy.bc>:SmmLegacyDispatcher:%16	</harden/bcfiles/edk_bcfiles/SmmLegacy.bc>:SmmLegacyDispatcher:%84	*stack_alloc@SmmLegacyDispatcher[%struct.EFI_SMM_LEGACY_CONTEXT* %10]
</harden/bcfiles/edk_bcfiles/SmmLegacy.bc>:SmmLegacyDispatcher:%16	</harden/bcfiles/edk_bcfiles/SmmLegacy.bc>:SmmLegacyDispatcher:%84	*stack_alloc@SmmLegacyDispatcher[%struct.EFI_SMM_LEGACY_CONTEXT* %10][0]
</harden/bcfiles/edk_bcfiles/SmmLegacy.bc>:SmmLegacyDispatcher:%16	</harden/bcfiles/edk_bcfiles/SmmLegacy.bc>:SmmLegacyDispatcher:%84	*stack_alloc@SmmLegacyDispatcher[%struct.EFI_SMM_LEGACY_CONTEXT* %10][0].?/0
</harden/bcfiles/edk_bcfiles/SmmLegacy.bc>:SmmLegacyDispatcher:%16	</harden/bcfiles/edk_bcfiles/SmmLegacy.bc>:SmmLegacyDispatcher:%41	*stack_alloc@SmmLegacyDispatcher[%struct.EFI_SMM_LEGACY_CONTEXT* %10]
</harden/bcfiles/edk_bcfiles/SmmLegacy.bc>:SmmLegacyDispatcher:%16	</harden/bcfiles/edk_bcfiles/SmmLegacy.bc>:SmmLegacyDispatcher:%41	*stack_alloc@SmmLegacyDispatcher[%struct.EFI_SMM_LEGACY_CONTEXT* %10][0]
</harden/bcfiles/edk_bcfiles/SmmLegacy.bc>:SmmLegacyDispatcher:%16	</harden/bcfiles/edk_bcfiles/SmmLegacy.bc>:SmmLegacyDispatcher:%41	*stack_alloc@SmmLegacyDispatcher[%struct.EFI_SMM_LEGACY_CONTEXT* %10][0].?/0
</harden/bcfiles/edk_bcfiles/SmmLegacy.bc>:SmmLegacyDispatcher:%16	</harden/bcfiles/edk_bcfiles/SmmLegacy.bc>:SmmLegacyDispatcher:%10	*stack_alloc@SmmLegacyDispatcher[%struct.EFI_SMM_LEGACY_CONTEXT* %10]
</harden/bcfiles/edk_bcfiles/SmmLegacy.bc>:SmmLegacyDispatcher:%37	</harden/bcfiles/edk_bcfiles/SmmLegacy.bc>:SmmLegacyDispatcher:%56	*stack_alloc@SmmLegacyDispatcher[%struct.EFI_SMM_LEGACY_CONTEXT* %10]
</harden/bcfiles/edk_bcfiles/SmmLegacy.bc>:SmmLegacyDispatcher:%37	</harden/bcfiles/edk_bcfiles/SmmLegacy.bc>:SmmLegacyDispatcher:%56	*stack_alloc@SmmLegacyDispatcher[%struct.EFI_SMM_LEGACY_CONTEXT* %10][0]
</harden/bcfiles/edk_bcfiles/SmmLegacy.bc>:SmmLegacyDispatcher:%37	</harden/bcfiles/edk_bcfiles/SmmLegacy.bc>:SmmLegacyDispatcher:%56	*stack_alloc@SmmLegacyDispatcher[%struct.EFI_SMM_LEGACY_CONTEXT* %10][0].?/0
</harden/bcfiles/edk_bcfiles/SmmLegacy.bc>:SmmLegacyDispatcher:%37	</harden/bcfiles/edk_bcfiles/SmmLegacy.bc>:SmmLegacyDispatcher:%16	*stack_alloc@SmmLegacyDispatcher[%struct.EFI_SMM_LEGACY_CONTEXT* %10]
</harden/bcfiles/edk_bcfiles/SmmLegacy.bc>:SmmLegacyDispatcher:%37	</harden/bcfiles/edk_bcfiles/SmmLegacy.bc>:SmmLegacyDispatcher:%16	*stack_alloc@SmmLegacyDispatcher[%struct.EFI_SMM_LEGACY_CONTEXT* %10][0]
</harden/bcfiles/edk_bcfiles/SmmLegacy.bc>:SmmLegacyDispatcher:%37	</harden/bcfiles/edk_bcfiles/SmmLegacy.bc>:SmmLegacyDispatcher:%16	*stack_alloc@SmmLegacyDispatcher[%struct.EFI_SMM_LEGACY_CONTEXT* %10][0].?/0
</harden/bcfiles/edk_bcfiles/SmmLegacy.bc>:SmmLegacyDispatcher:%37	</harden/bcfiles/edk_bcfiles/SmmLegacy.bc>:SmmLegacyDispatcher:%84	*stack_alloc@SmmLegacyDispatcher[%struct.EFI_SMM_LEGACY_CONTEXT* %10]
</harden/bcfiles/edk_bcfiles/SmmLegacy.bc>:SmmLegacyDispatcher:%37	</harden/bcfiles/edk_bcfiles/SmmLegacy.bc>:SmmLegacyDispatcher:%84	*stack_alloc@SmmLegacyDispatcher[%struct.EFI_SMM_LEGACY_CONTEXT* %10][0]
</harden/bcfiles/edk_bcfiles/SmmLegacy.bc>:SmmLegacyDispatcher:%37	</harden/bcfiles/edk_bcfiles/SmmLegacy.bc>:SmmLegacyDispatcher:%84	*stack_alloc@SmmLegacyDispatcher[%struct.EFI_SMM_LEGACY_CONTEXT* %10][0].?/0
</harden/bcfiles/edk_bcfiles/SmmLegacy.bc>:SmmLegacyDispatcher:%37	</harden/bcfiles/edk_bcfiles/SmmLegacy.bc>:SmmLegacyDispatcher:%41	*stack_alloc@SmmLegacyDispatcher[%struct.EFI_SMM_LEGACY_CONTEXT* %10]
</harden/bcfiles/edk_bcfiles/SmmLegacy.bc>:SmmLegacyDispatcher:%37	</harden/bcfiles/edk_bcfiles/SmmLegacy.bc>:SmmLegacyDispatcher:%41	*stack_alloc@SmmLegacyDispatcher[%struct.EFI_SMM_LEGACY_CONTEXT* %10][0]
</harden/bcfiles/edk_bcfiles/SmmLegacy.bc>:SmmLegacyDispatcher:%37	</harden/bcfiles/edk_bcfiles/SmmLegacy.bc>:SmmLegacyDispatcher:%41	*stack_alloc@SmmLegacyDispatcher[%struct.EFI_SMM_LEGACY_CONTEXT* %10][0].?/0
</harden/bcfiles/edk_bcfiles/SmmLegacy.bc>:SmmLegacyDispatcher:%37	</harden/bcfiles/edk_bcfiles/SmmLegacy.bc>:SmmLegacyDispatcher:%10	*stack_alloc@SmmLegacyDispatcher[%struct.EFI_SMM_LEGACY_CONTEXT* %10]
</harden/bcfiles/edk_bcfiles/SmmLegacy.bc>:SmmLegacyDispatcher:%84	</harden/bcfiles/edk_bcfiles/SmmLegacy.bc>:SmmLegacyDispatcher:%56	*stack_alloc@SmmLegacyDispatcher[%struct.EFI_SMM_LEGACY_CONTEXT* %10]
</harden/bcfiles/edk_bcfiles/SmmLegacy.bc>:SmmLegacyDispatcher:%84	</harden/bcfiles/edk_bcfiles/SmmLegacy.bc>:SmmLegacyDispatcher:%56	*stack_alloc@SmmLegacyDispatcher[%struct.EFI_SMM_LEGACY_CONTEXT* %10][0]
</harden/bcfiles/edk_bcfiles/SmmLegacy.bc>:SmmLegacyDispatcher:%84	</harden/bcfiles/edk_bcfiles/SmmLegacy.bc>:SmmLegacyDispatcher:%56	*stack_alloc@SmmLegacyDispatcher[%struct.EFI_SMM_LEGACY_CONTEXT* %10][0].?/0
</harden/bcfiles/edk_bcfiles/SmmLegacy.bc>:SmmLegacyDispatcher:%84	</harden/bcfiles/edk_bcfiles/SmmLegacy.bc>:SmmLegacyDispatcher:%16	*stack_alloc@SmmLegacyDispatcher[%struct.EFI_SMM_LEGACY_CONTEXT* %10]
</harden/bcfiles/edk_bcfiles/SmmLegacy.bc>:SmmLegacyDispatcher:%84	</harden/bcfiles/edk_bcfiles/SmmLegacy.bc>:SmmLegacyDispatcher:%16	*stack_alloc@SmmLegacyDispatcher[%struct.EFI_SMM_LEGACY_CONTEXT* %10][0]
</harden/bcfiles/edk_bcfiles/SmmLegacy.bc>:SmmLegacyDispatcher:%84	</harden/bcfiles/edk_bcfiles/SmmLegacy.bc>:SmmLegacyDispatcher:%16	*stack_alloc@SmmLegacyDispatcher[%struct.EFI_SMM_LEGACY_CONTEXT* %10][0].?/0
</harden/bcfiles/edk_bcfiles/SmmLegacy.bc>:SmmLegacyDispatcher:%84	</harden/bcfiles/edk_bcfiles/SmmLegacy.bc>:SmmLegacyDispatcher:%37	*stack_alloc@SmmLegacyDispatcher[%struct.EFI_SMM_LEGACY_CONTEXT* %10]
</harden/bcfiles/edk_bcfiles/SmmLegacy.bc>:SmmLegacyDispatcher:%84	</harden/bcfiles/edk_bcfiles/SmmLegacy.bc>:SmmLegacyDispatcher:%37	*stack_alloc@SmmLegacyDispatcher[%struct.EFI_SMM_LEGACY_CONTEXT* %10][0]
</harden/bcfiles/edk_bcfiles/SmmLegacy.bc>:SmmLegacyDispatcher:%84	</harden/bcfiles/edk_bcfiles/SmmLegacy.bc>:SmmLegacyDispatcher:%37	*stack_alloc@SmmLegacyDispatcher[%struct.EFI_SMM_LEGACY_CONTEXT* %10][0].?/0
</harden/bcfiles/edk_bcfiles/SmmLegacy.bc>:SmmLegacyDispatcher:%84	</harden/bcfiles/edk_bcfiles/SmmLegacy.bc>:SmmLegacyDispatcher:%41	*stack_alloc@SmmLegacyDispatcher[%struct.EFI_SMM_LEGACY_CONTEXT* %10]
</harden/bcfiles/edk_bcfiles/SmmLegacy.bc>:SmmLegacyDispatcher:%84	</harden/bcfiles/edk_bcfiles/SmmLegacy.bc>:SmmLegacyDispatcher:%41	*stack_alloc@SmmLegacyDispatcher[%struct.EFI_SMM_LEGACY_CONTEXT* %10][0]
</harden/bcfiles/edk_bcfiles/SmmLegacy.bc>:SmmLegacyDispatcher:%84	</harden/bcfiles/edk_bcfiles/SmmLegacy.bc>:SmmLegacyDispatcher:%41	*stack_alloc@SmmLegacyDispatcher[%struct.EFI_SMM_LEGACY_CONTEXT* %10][0].?/0
</harden/bcfiles/edk_bcfiles/SmmLegacy.bc>:SmmLegacyDispatcher:%84	</harden/bcfiles/edk_bcfiles/SmmLegacy.bc>:SmmLegacyDispatcher:%10	*stack_alloc@SmmLegacyDispatcher[%struct.EFI_SMM_LEGACY_CONTEXT* %10]
</harden/bcfiles/edk_bcfiles/SmmLegacy.bc>:SmmLegacyDispatcher:%12	</harden/bcfiles/edk_bcfiles/SmmLegacy.bc>:SmmLegacyDispatcher:%75	*stack_alloc@SmmLegacyDispatcher[%struct.EDKII_SMM_LEGACY_REGISTER_CONTEXT* %12]
</harden/bcfiles/edk_bcfiles/SmmLegacy.bc>:SmmLegacyDispatcher:%12	</harden/bcfiles/edk_bcfiles/SmmLegacy.bc>:SmmLegacyDispatcher:%40	*stack_alloc@SmmLegacyDispatcher[%struct.EDKII_SMM_LEGACY_REGISTER_CONTEXT* %12]
</harden/bcfiles/edk_bcfiles/SmmLegacy.bc>:SmmLegacyDispatcher:%41	</harden/bcfiles/edk_bcfiles/SmmLegacy.bc>:SmmLegacyDispatcher:%56	*stack_alloc@SmmLegacyDispatcher[%struct.EFI_SMM_LEGACY_CONTEXT* %10]
</harden/bcfiles/edk_bcfiles/SmmLegacy.bc>:SmmLegacyDispatcher:%41	</harden/bcfiles/edk_bcfiles/SmmLegacy.bc>:SmmLegacyDispatcher:%56	*stack_alloc@SmmLegacyDispatcher[%struct.EFI_SMM_LEGACY_CONTEXT* %10][0]
</harden/bcfiles/edk_bcfiles/SmmLegacy.bc>:SmmLegacyDispatcher:%41	</harden/bcfiles/edk_bcfiles/SmmLegacy.bc>:SmmLegacyDispatcher:%56	*stack_alloc@SmmLegacyDispatcher[%struct.EFI_SMM_LEGACY_CONTEXT* %10][0].?/0
</harden/bcfiles/edk_bcfiles/SmmLegacy.bc>:SmmLegacyDispatcher:%41	</harden/bcfiles/edk_bcfiles/SmmLegacy.bc>:SmmLegacyDispatcher:%16	*stack_alloc@SmmLegacyDispatcher[%struct.EFI_SMM_LEGACY_CONTEXT* %10]
</harden/bcfiles/edk_bcfiles/SmmLegacy.bc>:SmmLegacyDispatcher:%41	</harden/bcfiles/edk_bcfiles/SmmLegacy.bc>:SmmLegacyDispatcher:%16	*stack_alloc@SmmLegacyDispatcher[%struct.EFI_SMM_LEGACY_CONTEXT* %10][0]
</harden/bcfiles/edk_bcfiles/SmmLegacy.bc>:SmmLegacyDispatcher:%41	</harden/bcfiles/edk_bcfiles/SmmLegacy.bc>:SmmLegacyDispatcher:%16	*stack_alloc@SmmLegacyDispatcher[%struct.EFI_SMM_LEGACY_CONTEXT* %10][0].?/0
</harden/bcfiles/edk_bcfiles/SmmLegacy.bc>:SmmLegacyDispatcher:%41	</harden/bcfiles/edk_bcfiles/SmmLegacy.bc>:SmmLegacyDispatcher:%37	*stack_alloc@SmmLegacyDispatcher[%struct.EFI_SMM_LEGACY_CONTEXT* %10]
</harden/bcfiles/edk_bcfiles/SmmLegacy.bc>:SmmLegacyDispatcher:%41	</harden/bcfiles/edk_bcfiles/SmmLegacy.bc>:SmmLegacyDispatcher:%37	*stack_alloc@SmmLegacyDispatcher[%struct.EFI_SMM_LEGACY_CONTEXT* %10][0]
</harden/bcfiles/edk_bcfiles/SmmLegacy.bc>:SmmLegacyDispatcher:%41	</harden/bcfiles/edk_bcfiles/SmmLegacy.bc>:SmmLegacyDispatcher:%37	*stack_alloc@SmmLegacyDispatcher[%struct.EFI_SMM_LEGACY_CONTEXT* %10][0].?/0
</harden/bcfiles/edk_bcfiles/SmmLegacy.bc>:SmmLegacyDispatcher:%41	</harden/bcfiles/edk_bcfiles/SmmLegacy.bc>:SmmLegacyDispatcher:%84	*stack_alloc@SmmLegacyDispatcher[%struct.EFI_SMM_LEGACY_CONTEXT* %10]
</harden/bcfiles/edk_bcfiles/SmmLegacy.bc>:SmmLegacyDispatcher:%41	</harden/bcfiles/edk_bcfiles/SmmLegacy.bc>:SmmLegacyDispatcher:%84	*stack_alloc@SmmLegacyDispatcher[%struct.EFI_SMM_LEGACY_CONTEXT* %10][0]
</harden/bcfiles/edk_bcfiles/SmmLegacy.bc>:SmmLegacyDispatcher:%41	</harden/bcfiles/edk_bcfiles/SmmLegacy.bc>:SmmLegacyDispatcher:%84	*stack_alloc@SmmLegacyDispatcher[%struct.EFI_SMM_LEGACY_CONTEXT* %10][0].?/0
</harden/bcfiles/edk_bcfiles/SmmLegacy.bc>:SmmLegacyDispatcher:%41	</harden/bcfiles/edk_bcfiles/SmmLegacy.bc>:SmmLegacyDispatcher:%10	*stack_alloc@SmmLegacyDispatcher[%struct.EFI_SMM_LEGACY_CONTEXT* %10]
</harden/bcfiles/edk_bcfiles/SmmLegacy.bc>:SmmLegacyDispatcher:%10	</harden/bcfiles/edk_bcfiles/SmmLegacy.bc>:SmmLegacyDispatcher:%56	*stack_alloc@SmmLegacyDispatcher[%struct.EFI_SMM_LEGACY_CONTEXT* %10]
</harden/bcfiles/edk_bcfiles/SmmLegacy.bc>:SmmLegacyDispatcher:%10	</harden/bcfiles/edk_bcfiles/SmmLegacy.bc>:SmmLegacyDispatcher:%16	*stack_alloc@SmmLegacyDispatcher[%struct.EFI_SMM_LEGACY_CONTEXT* %10]
</harden/bcfiles/edk_bcfiles/SmmLegacy.bc>:SmmLegacyDispatcher:%10	</harden/bcfiles/edk_bcfiles/SmmLegacy.bc>:SmmLegacyDispatcher:%37	*stack_alloc@SmmLegacyDispatcher[%struct.EFI_SMM_LEGACY_CONTEXT* %10]
</harden/bcfiles/edk_bcfiles/SmmLegacy.bc>:SmmLegacyDispatcher:%10	</harden/bcfiles/edk_bcfiles/SmmLegacy.bc>:SmmLegacyDispatcher:%84	*stack_alloc@SmmLegacyDispatcher[%struct.EFI_SMM_LEGACY_CONTEXT* %10]
</harden/bcfiles/edk_bcfiles/SmmLegacy.bc>:SmmLegacyDispatcher:%10	</harden/bcfiles/edk_bcfiles/SmmLegacy.bc>:SmmLegacyDispatcher:%41	*stack_alloc@SmmLegacyDispatcher[%struct.EFI_SMM_LEGACY_CONTEXT* %10]
</harden/bcfiles/edk_bcfiles/SmmLegacy.bc>:SmmLegacyDispatcher:%11	</harden/bcfiles/edk_bcfiles/SmmLegacy.bc>:FindContextBySwSmiInputValue:%45	*stack_alloc@SmmLegacyDispatcher[%struct.EFI_SMM_LEGACY_DISPATCH_CONTEXT** %11]
</harden/bcfiles/edk_bcfiles/SmmLegacy.bc>:SmmLegacyDispatcher:%11	</harden/bcfiles/edk_bcfiles/SmmLegacy.bc>:FindContextBySwSmiInputValue:%27	*stack_alloc@SmmLegacyDispatcher[%struct.EFI_SMM_LEGACY_DISPATCH_CONTEXT** %11]
</harden/bcfiles/edk_bcfiles/SmmLegacy.bc>:SmmLegacyDispatcher:%11	</harden/bcfiles/edk_bcfiles/SmmLegacy.bc>:FindContextBySwSmiInputValue:%22	*stack_alloc@SmmLegacyDispatcher[%struct.EFI_SMM_LEGACY_DISPATCH_CONTEXT** %11]
</harden/bcfiles/edk_bcfiles/SmmLegacy.bc>:SmmLegacyDispatcher:%11	</harden/bcfiles/edk_bcfiles/SmmLegacy.bc>:FindContextBySwSmiInputValue:%8	*stack_alloc@SmmLegacyDispatcher[%struct.EFI_SMM_LEGACY_DISPATCH_CONTEXT** %11]
</harden/bcfiles/edk_bcfiles/SmmLegacy.bc>:SmmLegacyDispatcher:%11	</harden/bcfiles/edk_bcfiles/SmmLegacy.bc>:FindContextBySwSmiInputValue:%52	*stack_alloc@SmmLegacyDispatcher[%struct.EFI_SMM_LEGACY_DISPATCH_CONTEXT** %11]
</harden/bcfiles/edk_bcfiles/SmmLegacy.bc>:SmmLegacyDispatcher:%11	</harden/bcfiles/edk_bcfiles/SmmLegacy.bc>:FindContextBySwSmiInputValue:%14	*stack_alloc@SmmLegacyDispatcher[%struct.EFI_SMM_LEGACY_DISPATCH_CONTEXT** %11]
</harden/bcfiles/edk_bcfiles/SmmLegacy.bc>:SmmLegacyDispatcher:%11	</harden/bcfiles/edk_bcfiles/SmmLegacy.bc>:FindContextBySwSmiInputValue:%1	*stack_alloc@SmmLegacyDispatcher[%struct.EFI_SMM_LEGACY_DISPATCH_CONTEXT** %11]
</harden/bcfiles/edk_bcfiles/SmmLegacy.bc>:SmmLegacyDispatcher:%40	</harden/bcfiles/edk_bcfiles/SmmLegacy.bc>:SmmLegacyDispatcher:%75	*stack_alloc@SmmLegacyDispatcher[%struct.EDKII_SMM_LEGACY_REGISTER_CONTEXT* %12]
</harden/bcfiles/edk_bcfiles/SmmLegacy.bc>:SmmLegacyDispatcher:%40	</harden/bcfiles/edk_bcfiles/SmmLegacy.bc>:SmmLegacyDispatcher:%12	*stack_alloc@SmmLegacyDispatcher[%struct.EDKII_SMM_LEGACY_REGISTER_CONTEXT* %12]
</harden/bcfiles/edk_bcfiles/SmmLegacy.bc>:GetNvConfiguration:%30	</harden/bcfiles/edk_bcfiles/SmmLegacy.bc>:GetNvConfiguration:%29	*stack_alloc@GetNvConfiguration[i32* %4]
</harden/bcfiles/edk_bcfiles/SmmLegacy.bc>:GetNvConfiguration:%30	</harden/bcfiles/edk_bcfiles/SmmLegacy.bc>:GetNvConfiguration:%29	*typed_stack_alloc@GetNvConfiguration[i8* %4]
</harden/bcfiles/edk_bcfiles/SmmLegacy.bc>:GetNvConfiguration:%30	</harden/bcfiles/edk_bcfiles/SmmLegacy.bc>:GetNvConfiguration:%29	*typed_stack_alloc@GetNvConfiguration[i8** %4]
</harden/bcfiles/edk_bcfiles/SmmLegacy.bc>:GetNvConfiguration:%30	</harden/bcfiles/edk_bcfiles/SmmLegacy.bc>:GetNvConfiguration:%8	*stack_alloc@GetNvConfiguration[i32* %4]
</harden/bcfiles/edk_bcfiles/SmmLegacy.bc>:GetNvConfiguration:%30	</harden/bcfiles/edk_bcfiles/SmmLegacy.bc>:GetNvConfiguration:%8	*typed_stack_alloc@GetNvConfiguration[i8* %4]
</harden/bcfiles/edk_bcfiles/SmmLegacy.bc>:GetNvConfiguration:%30	</harden/bcfiles/edk_bcfiles/SmmLegacy.bc>:GetNvConfiguration:%8	*typed_stack_alloc@GetNvConfiguration[i8** %4]
</harden/bcfiles/edk_bcfiles/SmmLegacy.bc>:GetNvConfiguration:%30	</harden/bcfiles/edk_bcfiles/SmmLegacy.bc>:GetNvConfiguration:%4	*stack_alloc@GetNvConfiguration[i32* %4]
</harden/bcfiles/edk_bcfiles/SmmLegacy.bc>:GetNvConfiguration:%30	</harden/bcfiles/edk_bcfiles/SmmLegacy.bc>:GetNvConfiguration:%4	*typed_stack_alloc@GetNvConfiguration[i8* %4]
</harden/bcfiles/edk_bcfiles/SmmLegacy.bc>:GetNvConfiguration:%30	</harden/bcfiles/edk_bcfiles/SmmLegacy.bc>:GetNvConfiguration:%4	*typed_stack_alloc@GetNvConfiguration[i8** %4]
</harden/bcfiles/edk_bcfiles/SmmLegacy.bc>:GetNvConfiguration:%29	</harden/bcfiles/edk_bcfiles/SmmLegacy.bc>:GetNvConfiguration:%30	*stack_alloc@GetNvConfiguration[i32* %4]
</harden/bcfiles/edk_bcfiles/SmmLegacy.bc>:GetNvConfiguration:%29	</harden/bcfiles/edk_bcfiles/SmmLegacy.bc>:GetNvConfiguration:%30	*typed_stack_alloc@GetNvConfiguration[i8* %4]
</harden/bcfiles/edk_bcfiles/SmmLegacy.bc>:GetNvConfiguration:%29	</harden/bcfiles/edk_bcfiles/SmmLegacy.bc>:GetNvConfiguration:%30	*typed_stack_alloc@GetNvConfiguration[i8** %4]
</harden/bcfiles/edk_bcfiles/SmmLegacy.bc>:GetNvConfiguration:%29	</harden/bcfiles/edk_bcfiles/SmmLegacy.bc>:GetNvConfiguration:%8	*stack_alloc@GetNvConfiguration[i32* %4]
</harden/bcfiles/edk_bcfiles/SmmLegacy.bc>:GetNvConfiguration:%29	</harden/bcfiles/edk_bcfiles/SmmLegacy.bc>:GetNvConfiguration:%8	*typed_stack_alloc@GetNvConfiguration[i8* %4]
</harden/bcfiles/edk_bcfiles/SmmLegacy.bc>:GetNvConfiguration:%29	</harden/bcfiles/edk_bcfiles/SmmLegacy.bc>:GetNvConfiguration:%8	*typed_stack_alloc@GetNvConfiguration[i8** %4]
</harden/bcfiles/edk_bcfiles/SmmLegacy.bc>:GetNvConfiguration:%29	</harden/bcfiles/edk_bcfiles/SmmLegacy.bc>:GetNvConfiguration:%4	*stack_alloc@GetNvConfiguration[i32* %4]
</harden/bcfiles/edk_bcfiles/SmmLegacy.bc>:GetNvConfiguration:%29	</harden/bcfiles/edk_bcfiles/SmmLegacy.bc>:GetNvConfiguration:%4	*typed_stack_alloc@GetNvConfiguration[i8* %4]
</harden/bcfiles/edk_bcfiles/SmmLegacy.bc>:GetNvConfiguration:%29	</harden/bcfiles/edk_bcfiles/SmmLegacy.bc>:GetNvConfiguration:%4	*typed_stack_alloc@GetNvConfiguration[i8** %4]
</harden/bcfiles/edk_bcfiles/SmmLegacy.bc>:GetNvConfiguration:%8	</harden/bcfiles/edk_bcfiles/SmmLegacy.bc>:GetNvConfiguration:%30	*stack_alloc@GetNvConfiguration[i32* %4]
</harden/bcfiles/edk_bcfiles/SmmLegacy.bc>:GetNvConfiguration:%8	</harden/bcfiles/edk_bcfiles/SmmLegacy.bc>:GetNvConfiguration:%30	*typed_stack_alloc@GetNvConfiguration[i8* %4]
</harden/bcfiles/edk_bcfiles/SmmLegacy.bc>:GetNvConfiguration:%8	</harden/bcfiles/edk_bcfiles/SmmLegacy.bc>:GetNvConfiguration:%30	*typed_stack_alloc@GetNvConfiguration[i8** %4]
</harden/bcfiles/edk_bcfiles/SmmLegacy.bc>:GetNvConfiguration:%8	</harden/bcfiles/edk_bcfiles/SmmLegacy.bc>:GetNvConfiguration:%29	*stack_alloc@GetNvConfiguration[i32* %4]
</harden/bcfiles/edk_bcfiles/SmmLegacy.bc>:GetNvConfiguration:%8	</harden/bcfiles/edk_bcfiles/SmmLegacy.bc>:GetNvConfiguration:%29	*typed_stack_alloc@GetNvConfiguration[i8* %4]
</harden/bcfiles/edk_bcfiles/SmmLegacy.bc>:GetNvConfiguration:%8	</harden/bcfiles/edk_bcfiles/SmmLegacy.bc>:GetNvConfiguration:%29	*typed_stack_alloc@GetNvConfiguration[i8** %4]
</harden/bcfiles/edk_bcfiles/SmmLegacy.bc>:GetNvConfiguration:%8	</harden/bcfiles/edk_bcfiles/SmmLegacy.bc>:GetNvConfiguration:%4	*stack_alloc@GetNvConfiguration[i32* %4]
</harden/bcfiles/edk_bcfiles/SmmLegacy.bc>:GetNvConfiguration:%8	</harden/bcfiles/edk_bcfiles/SmmLegacy.bc>:GetNvConfiguration:%4	*typed_stack_alloc@GetNvConfiguration[i8* %4]
</harden/bcfiles/edk_bcfiles/SmmLegacy.bc>:GetNvConfiguration:%8	</harden/bcfiles/edk_bcfiles/SmmLegacy.bc>:GetNvConfiguration:%4	*typed_stack_alloc@GetNvConfiguration[i8** %4]
</harden/bcfiles/edk_bcfiles/SmmLegacy.bc>:GetNvConfiguration:%4	</harden/bcfiles/edk_bcfiles/SmmLegacy.bc>:GetNvConfiguration:%30	*stack_alloc@GetNvConfiguration[i32* %4]
</harden/bcfiles/edk_bcfiles/SmmLegacy.bc>:GetNvConfiguration:%4	</harden/bcfiles/edk_bcfiles/SmmLegacy.bc>:GetNvConfiguration:%30	*typed_stack_alloc@GetNvConfiguration[i8* %4]
</harden/bcfiles/edk_bcfiles/SmmLegacy.bc>:GetNvConfiguration:%4	</harden/bcfiles/edk_bcfiles/SmmLegacy.bc>:GetNvConfiguration:%30	*typed_stack_alloc@GetNvConfiguration[i8** %4]
</harden/bcfiles/edk_bcfiles/SmmLegacy.bc>:GetNvConfiguration:%4	</harden/bcfiles/edk_bcfiles/SmmLegacy.bc>:GetNvConfiguration:%29	*stack_alloc@GetNvConfiguration[i32* %4]
</harden/bcfiles/edk_bcfiles/SmmLegacy.bc>:GetNvConfiguration:%4	</harden/bcfiles/edk_bcfiles/SmmLegacy.bc>:GetNvConfiguration:%29	*typed_stack_alloc@GetNvConfiguration[i8* %4]
</harden/bcfiles/edk_bcfiles/SmmLegacy.bc>:GetNvConfiguration:%4	</harden/bcfiles/edk_bcfiles/SmmLegacy.bc>:GetNvConfiguration:%29	*typed_stack_alloc@GetNvConfiguration[i8** %4]
</harden/bcfiles/edk_bcfiles/SmmLegacy.bc>:GetNvConfiguration:%4	</harden/bcfiles/edk_bcfiles/SmmLegacy.bc>:GetNvConfiguration:%8	*stack_alloc@GetNvConfiguration[i32* %4]
</harden/bcfiles/edk_bcfiles/SmmLegacy.bc>:GetNvConfiguration:%4	</harden/bcfiles/edk_bcfiles/SmmLegacy.bc>:GetNvConfiguration:%8	*typed_stack_alloc@GetNvConfiguration[i8* %4]
</harden/bcfiles/edk_bcfiles/SmmLegacy.bc>:GetNvConfiguration:%4	</harden/bcfiles/edk_bcfiles/SmmLegacy.bc>:GetNvConfiguration:%8	*typed_stack_alloc@GetNvConfiguration[i8** %4]
