</harden/bcfiles/edk_bcfiles/SmmLegacy.bc>:SmmLegacyDispatcher:%86	</harden/bcfiles/edk_bcfiles/SmmLegacy.bc>:FindContextBySwSmiInputValue:%0
</harden/bcfiles/edk_bcfiles/SmmLegacy.bc>:SmmLegacyDispatcher:%43	</harden/bcfiles/edk_bcfiles/SmmLegacy.bc>:FindContextBySwSmiInputValue:%0
</harden/bcfiles/edk_bcfiles/SmmLegacy.bc>:SmmLegacyDispatcher:%71	</harden/bcfiles/edk_bcfiles/SmmLegacy.bc>:SmmLegacyDispatcher:%72
</harden/bcfiles/edk_bcfiles/SmmLegacy.bc>:SmmLegacyDispatcher:%78	</harden/bcfiles/edk_bcfiles/SmmLegacy.bc>:SmmLegacyDispatcher:%79
</harden/bcfiles/edk_bcfiles/SmmLegacy.bc>:SmmLegacyDispatcher:%11	</harden/bcfiles/edk_bcfiles/SmmLegacy.bc>:FindContextBySwSmiInputValue:%1
</harden/bcfiles/edk_bcfiles/SmmLegacy.bc>:SmmLegacyRegister:%54	</harden/bcfiles/edk_bcfiles/SmmLegacy.bc>:SmmLegacyRegister:%55
</harden/bcfiles/edk_bcfiles/SmmLegacy.bc>:SmmLegacyEntryPoint:%4	</harden/bcfiles/edk_bcfiles/SmmLegacy.bc>:SmmLegacyEntryPoint:%5
</harden/bcfiles/edk_bcfiles/SmmLegacy.bc>:SmmLegacyDispatcher:100:0:2	</harden/bcfiles/edk_bcfiles/SmmLegacy.bc>:SmmLegacyDispatcher:%79
</harden/bcfiles/edk_bcfiles/SmmLegacy.bc>:SmmLegacyEntryPoint:9:0:1	</harden/bcfiles/edk_bcfiles/SmmLegacy.bc>:SmmLegacyEntryPoint:%5
