</harden/bcfiles/edk_bcfiles/SmmLegacy.bc>:ClearStackNx:7	</harden/bcfiles/edk_bcfiles/SmmLegacy.bc>:llvm.dbg.declare	llvm.dbg.declare
</harden/bcfiles/edk_bcfiles/SmmLegacy.bc>:ClearStackNx:9	</harden/bcfiles/edk_bcfiles/SmmLegacy.bc>:llvm.dbg.declare	llvm.dbg.declare
</harden/bcfiles/edk_bcfiles/SmmLegacy.bc>:ClearStackNx:11	</harden/bcfiles/edk_bcfiles/SmmLegacy.bc>:llvm.dbg.declare	llvm.dbg.declare
</harden/bcfiles/edk_bcfiles/SmmLegacy.bc>:ClearStackNx:14	</harden/bcfiles/edk_bcfiles/SmmLegacy.bc>:llvm.dbg.declare	llvm.dbg.declare
</harden/bcfiles/edk_bcfiles/SmmLegacy.bc>:ClearStackNx:16	</harden/bcfiles/edk_bcfiles/SmmLegacy.bc>:llvm.dbg.declare	llvm.dbg.declare
</harden/bcfiles/edk_bcfiles/SmmLegacy.bc>:ClearStackNx:17	</harden/bcfiles/edk_bcfiles/SmmLegacy.bc>:llvm.dbg.declare	llvm.dbg.declare
</harden/bcfiles/edk_bcfiles/SmmLegacy.bc>:ClearStackNx:18	</harden/bcfiles/edk_bcfiles/SmmLegacy.bc>:DisableReadOnlyPageWriteProtect	DisableReadOnlyPageWriteProtect
</harden/bcfiles/edk_bcfiles/SmmLegacy.bc>:ClearStackNx:47	</harden/bcfiles/edk_bcfiles/SmmLegacy.bc>:EnableReadOnlyPageWriteProtect	EnableReadOnlyPageWriteProtect
</harden/bcfiles/edk_bcfiles/SmmLegacy.bc>:SetStackNx:5	</harden/bcfiles/edk_bcfiles/SmmLegacy.bc>:llvm.dbg.declare	llvm.dbg.declare
</harden/bcfiles/edk_bcfiles/SmmLegacy.bc>:SetStackNx:6	</harden/bcfiles/edk_bcfiles/SmmLegacy.bc>:llvm.dbg.declare	llvm.dbg.declare
</harden/bcfiles/edk_bcfiles/SmmLegacy.bc>:SetStackNx:8	</harden/bcfiles/edk_bcfiles/SmmLegacy.bc>:llvm.dbg.declare	llvm.dbg.declare
</harden/bcfiles/edk_bcfiles/SmmLegacy.bc>:SetStackNx:11	</harden/bcfiles/edk_bcfiles/SmmLegacy.bc>:llvm.dbg.declare	llvm.dbg.declare
</harden/bcfiles/edk_bcfiles/SmmLegacy.bc>:SetStackNx:12	</harden/bcfiles/edk_bcfiles/SmmLegacy.bc>:llvm.dbg.declare	llvm.dbg.declare
</harden/bcfiles/edk_bcfiles/SmmLegacy.bc>:SetStackNx:13	</harden/bcfiles/edk_bcfiles/SmmLegacy.bc>:DisableReadOnlyPageWriteProtect	DisableReadOnlyPageWriteProtect
</harden/bcfiles/edk_bcfiles/SmmLegacy.bc>:SetStackNx:24	</harden/bcfiles/edk_bcfiles/SmmLegacy.bc>:EnableReadOnlyPageWriteProtect	EnableReadOnlyPageWriteProtect
</harden/bcfiles/edk_bcfiles/SmmLegacy.bc>:FindContextBySwSmiInputValue:6	</harden/bcfiles/edk_bcfiles/SmmLegacy.bc>:llvm.dbg.declare	llvm.dbg.declare
</harden/bcfiles/edk_bcfiles/SmmLegacy.bc>:FindContextBySwSmiInputValue:8	</harden/bcfiles/edk_bcfiles/SmmLegacy.bc>:llvm.dbg.declare	llvm.dbg.declare
</harden/bcfiles/edk_bcfiles/SmmLegacy.bc>:FindContextBySwSmiInputValue:9	</harden/bcfiles/edk_bcfiles/SmmLegacy.bc>:llvm.dbg.declare	llvm.dbg.declare
</harden/bcfiles/edk_bcfiles/SmmLegacy.bc>:FindContextBySwSmiInputValue:10	</harden/bcfiles/edk_bcfiles/SmmLegacy.bc>:llvm.dbg.declare	llvm.dbg.declare
</harden/bcfiles/edk_bcfiles/SmmLegacy.bc>:FindContextBySwSmiInputValue:21	</harden/bcfiles/edk_bcfiles/SmmLegacy.bc>:GetNextNode	GetNextNode
</harden/bcfiles/edk_bcfiles/SmmLegacy.bc>:SmmLegacyDispatcher:11	</harden/bcfiles/edk_bcfiles/SmmLegacy.bc>:llvm.dbg.declare	llvm.dbg.declare
</harden/bcfiles/edk_bcfiles/SmmLegacy.bc>:SmmLegacyDispatcher:13	</harden/bcfiles/edk_bcfiles/SmmLegacy.bc>:llvm.dbg.declare	llvm.dbg.declare
</harden/bcfiles/edk_bcfiles/SmmLegacy.bc>:SmmLegacyDispatcher:15	</harden/bcfiles/edk_bcfiles/SmmLegacy.bc>:llvm.dbg.declare	llvm.dbg.declare
</harden/bcfiles/edk_bcfiles/SmmLegacy.bc>:SmmLegacyDispatcher:17	</harden/bcfiles/edk_bcfiles/SmmLegacy.bc>:llvm.dbg.declare	llvm.dbg.declare
</harden/bcfiles/edk_bcfiles/SmmLegacy.bc>:SmmLegacyDispatcher:18	</harden/bcfiles/edk_bcfiles/SmmLegacy.bc>:llvm.dbg.declare	llvm.dbg.declare
</harden/bcfiles/edk_bcfiles/SmmLegacy.bc>:SmmLegacyDispatcher:19	</harden/bcfiles/edk_bcfiles/SmmLegacy.bc>:llvm.dbg.declare	llvm.dbg.declare
</harden/bcfiles/edk_bcfiles/SmmLegacy.bc>:SmmLegacyDispatcher:20	</harden/bcfiles/edk_bcfiles/SmmLegacy.bc>:llvm.dbg.declare	llvm.dbg.declare
</harden/bcfiles/edk_bcfiles/SmmLegacy.bc>:SmmLegacyDispatcher:21	</harden/bcfiles/edk_bcfiles/SmmLegacy.bc>:llvm.dbg.declare	llvm.dbg.declare
</harden/bcfiles/edk_bcfiles/SmmLegacy.bc>:SmmLegacyDispatcher:22	</harden/bcfiles/edk_bcfiles/SmmLegacy.bc>:llvm.dbg.declare	llvm.dbg.declare
</harden/bcfiles/edk_bcfiles/SmmLegacy.bc>:SmmLegacyDispatcher:23	</harden/bcfiles/edk_bcfiles/SmmLegacy.bc>:llvm.dbg.declare	llvm.dbg.declare
</harden/bcfiles/edk_bcfiles/SmmLegacy.bc>:SmmLegacyDispatcher:25	</harden/bcfiles/edk_bcfiles/SmmLegacy.bc>:IoRead8	IoRead8
</harden/bcfiles/edk_bcfiles/SmmLegacy.bc>:SmmLegacyDispatcher:28	</harden/bcfiles/edk_bcfiles/SmmLegacy.bc>:GetNvConfiguration	GetNvConfiguration
</harden/bcfiles/edk_bcfiles/SmmLegacy.bc>:SmmLegacyDispatcher:35	</harden/bcfiles/edk_bcfiles/SmmLegacy.bc>:DebugPrintEnabled	DebugPrintEnabled
</harden/bcfiles/edk_bcfiles/SmmLegacy.bc>:SmmLegacyDispatcher:39	</harden/bcfiles/edk_bcfiles/SmmLegacy.bc>:DebugPrintLevelEnabled	DebugPrintLevelEnabled
</harden/bcfiles/edk_bcfiles/SmmLegacy.bc>:SmmLegacyDispatcher:43	</harden/bcfiles/edk_bcfiles/SmmLegacy.bc>:DebugPrint	DebugPrint
</harden/bcfiles/edk_bcfiles/SmmLegacy.bc>:SmmLegacyDispatcher:61	</harden/bcfiles/edk_bcfiles/SmmLegacy.bc>:FindContextBySwSmiInputValue	FindContextBySwSmiInputValue
</harden/bcfiles/edk_bcfiles/SmmLegacy.bc>:SmmLegacyDispatcher:66	</harden/bcfiles/edk_bcfiles/SmmLegacy.bc>:DebugPrintEnabled	DebugPrintEnabled
</harden/bcfiles/edk_bcfiles/SmmLegacy.bc>:SmmLegacyDispatcher:70	</harden/bcfiles/edk_bcfiles/SmmLegacy.bc>:DebugPrintLevelEnabled	DebugPrintLevelEnabled
</harden/bcfiles/edk_bcfiles/SmmLegacy.bc>:SmmLegacyDispatcher:76	</harden/bcfiles/edk_bcfiles/SmmLegacy.bc>:DebugPrint	DebugPrint
</harden/bcfiles/edk_bcfiles/SmmLegacy.bc>:SmmLegacyDispatcher:87	</harden/bcfiles/edk_bcfiles/SmmLegacy.bc>:ClearStackNx	ClearStackNx
</harden/bcfiles/edk_bcfiles/SmmLegacy.bc>:SmmLegacyDispatcher:104	</harden/bcfiles/edk_bcfiles/SmmLegacy.bc>:SetStackNx	SetStackNx
</harden/bcfiles/edk_bcfiles/SmmLegacy.bc>:SmmLegacyDispatcher:108	</harden/bcfiles/edk_bcfiles/SmmLegacy.bc>:FindContextBySwSmiInputValue	FindContextBySwSmiInputValue
</harden/bcfiles/edk_bcfiles/SmmLegacy.bc>:SmmLegacyDispatcher:111	</harden/bcfiles/edk_bcfiles/SmmLegacy.bc>:llvm.dbg.label	llvm.dbg.label
</harden/bcfiles/edk_bcfiles/SmmLegacy.bc>:GetNvConfiguration:4	</harden/bcfiles/edk_bcfiles/SmmLegacy.bc>:llvm.dbg.declare	llvm.dbg.declare
</harden/bcfiles/edk_bcfiles/SmmLegacy.bc>:GetNvConfiguration:5	</harden/bcfiles/edk_bcfiles/SmmLegacy.bc>:llvm.dbg.declare	llvm.dbg.declare
</harden/bcfiles/edk_bcfiles/SmmLegacy.bc>:GetNvConfiguration:6	</harden/bcfiles/edk_bcfiles/SmmLegacy.bc>:llvm.dbg.declare	llvm.dbg.declare
</harden/bcfiles/edk_bcfiles/SmmLegacy.bc>:GetNvConfiguration:7	</harden/bcfiles/edk_bcfiles/SmmLegacy.bc>:llvm.dbg.declare	llvm.dbg.declare
</harden/bcfiles/edk_bcfiles/SmmLegacy.bc>:GetNvConfiguration:22	</harden/bcfiles/edk_bcfiles/SmmLegacy.bc>:DebugPrintEnabled	DebugPrintEnabled
</harden/bcfiles/edk_bcfiles/SmmLegacy.bc>:GetNvConfiguration:26	</harden/bcfiles/edk_bcfiles/SmmLegacy.bc>:DebugPrintLevelEnabled	DebugPrintLevelEnabled
</harden/bcfiles/edk_bcfiles/SmmLegacy.bc>:GetNvConfiguration:29	</harden/bcfiles/edk_bcfiles/SmmLegacy.bc>:DebugPrint	DebugPrint
</harden/bcfiles/edk_bcfiles/SmmLegacy.bc>:GetNvConfiguration:46	</harden/bcfiles/edk_bcfiles/SmmLegacy.bc>:DebugPrintEnabled	DebugPrintEnabled
</harden/bcfiles/edk_bcfiles/SmmLegacy.bc>:GetNvConfiguration:50	</harden/bcfiles/edk_bcfiles/SmmLegacy.bc>:DebugPrintLevelEnabled	DebugPrintLevelEnabled
</harden/bcfiles/edk_bcfiles/SmmLegacy.bc>:GetNvConfiguration:53	</harden/bcfiles/edk_bcfiles/SmmLegacy.bc>:DebugPrint	DebugPrint
</harden/bcfiles/edk_bcfiles/SmmLegacy.bc>:GetNvConfiguration:61	</harden/bcfiles/edk_bcfiles/SmmLegacy.bc>:llvm.dbg.label	llvm.dbg.label
</harden/bcfiles/edk_bcfiles/SmmLegacy.bc>:SmmLegacyRegister:8	</harden/bcfiles/edk_bcfiles/SmmLegacy.bc>:llvm.dbg.declare	llvm.dbg.declare
</harden/bcfiles/edk_bcfiles/SmmLegacy.bc>:SmmLegacyRegister:10	</harden/bcfiles/edk_bcfiles/SmmLegacy.bc>:llvm.dbg.declare	llvm.dbg.declare
</harden/bcfiles/edk_bcfiles/SmmLegacy.bc>:SmmLegacyRegister:12	</harden/bcfiles/edk_bcfiles/SmmLegacy.bc>:llvm.dbg.declare	llvm.dbg.declare
</harden/bcfiles/edk_bcfiles/SmmLegacy.bc>:SmmLegacyRegister:14	</harden/bcfiles/edk_bcfiles/SmmLegacy.bc>:llvm.dbg.declare	llvm.dbg.declare
</harden/bcfiles/edk_bcfiles/SmmLegacy.bc>:SmmLegacyRegister:15	</harden/bcfiles/edk_bcfiles/SmmLegacy.bc>:llvm.dbg.declare	llvm.dbg.declare
</harden/bcfiles/edk_bcfiles/SmmLegacy.bc>:SmmLegacyRegister:17	</harden/bcfiles/edk_bcfiles/SmmLegacy.bc>:llvm.dbg.declare	llvm.dbg.declare
</harden/bcfiles/edk_bcfiles/SmmLegacy.bc>:SmmLegacyRegister:25	</harden/bcfiles/edk_bcfiles/SmmLegacy.bc>:DebugAssertEnabled	DebugAssertEnabled
</harden/bcfiles/edk_bcfiles/SmmLegacy.bc>:SmmLegacyRegister:32	</harden/bcfiles/edk_bcfiles/SmmLegacy.bc>:DebugPrintEnabled	DebugPrintEnabled
</harden/bcfiles/edk_bcfiles/SmmLegacy.bc>:SmmLegacyRegister:36	</harden/bcfiles/edk_bcfiles/SmmLegacy.bc>:DebugPrintLevelEnabled	DebugPrintLevelEnabled
</harden/bcfiles/edk_bcfiles/SmmLegacy.bc>:SmmLegacyRegister:40	</harden/bcfiles/edk_bcfiles/SmmLegacy.bc>:DebugPrint	DebugPrint
</harden/bcfiles/edk_bcfiles/SmmLegacy.bc>:SmmLegacyRegister:45	</harden/bcfiles/edk_bcfiles/SmmLegacy.bc>:DebugAssert	DebugAssert
</harden/bcfiles/edk_bcfiles/SmmLegacy.bc>:SmmLegacyRegister:79	</harden/bcfiles/edk_bcfiles/SmmLegacy.bc>:InsertTailList	InsertTailList
</harden/bcfiles/edk_bcfiles/SmmLegacy.bc>:SmmLegacyUnRegister:3	</harden/bcfiles/edk_bcfiles/SmmLegacy.bc>:llvm.dbg.declare	llvm.dbg.declare
</harden/bcfiles/edk_bcfiles/SmmLegacy.bc>:SmmLegacyUnRegister:5	</harden/bcfiles/edk_bcfiles/SmmLegacy.bc>:llvm.dbg.declare	llvm.dbg.declare
</harden/bcfiles/edk_bcfiles/SmmLegacy.bc>:LoadSmmVariableProtocolCallback:5	</harden/bcfiles/edk_bcfiles/SmmLegacy.bc>:llvm.dbg.declare	llvm.dbg.declare
</harden/bcfiles/edk_bcfiles/SmmLegacy.bc>:LoadSmmVariableProtocolCallback:7	</harden/bcfiles/edk_bcfiles/SmmLegacy.bc>:llvm.dbg.declare	llvm.dbg.declare
</harden/bcfiles/edk_bcfiles/SmmLegacy.bc>:LoadSmmVariableProtocolCallback:9	</harden/bcfiles/edk_bcfiles/SmmLegacy.bc>:llvm.dbg.declare	llvm.dbg.declare
</harden/bcfiles/edk_bcfiles/SmmLegacy.bc>:LoadSmmVariableProtocolCallback:10	</harden/bcfiles/edk_bcfiles/SmmLegacy.bc>:llvm.dbg.declare	llvm.dbg.declare
</harden/bcfiles/edk_bcfiles/SmmLegacy.bc>:LoadSmmVariableProtocolCallback:17	</harden/bcfiles/edk_bcfiles/SmmLegacy.bc>:DebugAssertEnabled	DebugAssertEnabled
</harden/bcfiles/edk_bcfiles/SmmLegacy.bc>:LoadSmmVariableProtocolCallback:24	</harden/bcfiles/edk_bcfiles/SmmLegacy.bc>:DebugPrintEnabled	DebugPrintEnabled
</harden/bcfiles/edk_bcfiles/SmmLegacy.bc>:LoadSmmVariableProtocolCallback:28	</harden/bcfiles/edk_bcfiles/SmmLegacy.bc>:DebugPrintLevelEnabled	DebugPrintLevelEnabled
</harden/bcfiles/edk_bcfiles/SmmLegacy.bc>:LoadSmmVariableProtocolCallback:32	</harden/bcfiles/edk_bcfiles/SmmLegacy.bc>:DebugPrint	DebugPrint
</harden/bcfiles/edk_bcfiles/SmmLegacy.bc>:LoadSmmVariableProtocolCallback:37	</harden/bcfiles/edk_bcfiles/SmmLegacy.bc>:DebugAssert	DebugAssert
</harden/bcfiles/edk_bcfiles/SmmLegacy.bc>:SmmLegacyEntryPoint:2	</harden/bcfiles/edk_bcfiles/SmmLegacy.bc>:llvm.dbg.declare	llvm.dbg.declare
</harden/bcfiles/edk_bcfiles/SmmLegacy.bc>:SmmLegacyEntryPoint:4	</harden/bcfiles/edk_bcfiles/SmmLegacy.bc>:llvm.dbg.declare	llvm.dbg.declare
</harden/bcfiles/edk_bcfiles/SmmLegacy.bc>:SmmLegacyEntryPoint:18	</harden/bcfiles/edk_bcfiles/SmmLegacy.bc>:DebugAssertEnabled	DebugAssertEnabled
</harden/bcfiles/edk_bcfiles/SmmLegacy.bc>:SmmLegacyEntryPoint:25	</harden/bcfiles/edk_bcfiles/SmmLegacy.bc>:DebugPrintEnabled	DebugPrintEnabled
</harden/bcfiles/edk_bcfiles/SmmLegacy.bc>:SmmLegacyEntryPoint:29	</harden/bcfiles/edk_bcfiles/SmmLegacy.bc>:DebugPrintLevelEnabled	DebugPrintLevelEnabled
</harden/bcfiles/edk_bcfiles/SmmLegacy.bc>:SmmLegacyEntryPoint:33	</harden/bcfiles/edk_bcfiles/SmmLegacy.bc>:DebugPrint	DebugPrint
</harden/bcfiles/edk_bcfiles/SmmLegacy.bc>:SmmLegacyEntryPoint:38	</harden/bcfiles/edk_bcfiles/SmmLegacy.bc>:DebugAssert	DebugAssert
</harden/bcfiles/edk_bcfiles/SmmLegacy.bc>:SmmLegacyEntryPoint:48	</harden/bcfiles/edk_bcfiles/SmmLegacy.bc>:DebugAssertEnabled	DebugAssertEnabled
</harden/bcfiles/edk_bcfiles/SmmLegacy.bc>:SmmLegacyEntryPoint:55	</harden/bcfiles/edk_bcfiles/SmmLegacy.bc>:DebugPrintEnabled	DebugPrintEnabled
</harden/bcfiles/edk_bcfiles/SmmLegacy.bc>:SmmLegacyEntryPoint:59	</harden/bcfiles/edk_bcfiles/SmmLegacy.bc>:DebugPrintLevelEnabled	DebugPrintLevelEnabled
</harden/bcfiles/edk_bcfiles/SmmLegacy.bc>:SmmLegacyEntryPoint:63	</harden/bcfiles/edk_bcfiles/SmmLegacy.bc>:DebugPrint	DebugPrint
</harden/bcfiles/edk_bcfiles/SmmLegacy.bc>:SmmLegacyEntryPoint:68	</harden/bcfiles/edk_bcfiles/SmmLegacy.bc>:DebugAssert	DebugAssert
</harden/bcfiles/edk_bcfiles/SmmLegacy.bc>:SmmLegacyEntryPoint:78	</harden/bcfiles/edk_bcfiles/SmmLegacy.bc>:DebugAssertEnabled	DebugAssertEnabled
</harden/bcfiles/edk_bcfiles/SmmLegacy.bc>:SmmLegacyEntryPoint:85	</harden/bcfiles/edk_bcfiles/SmmLegacy.bc>:DebugPrintEnabled	DebugPrintEnabled
</harden/bcfiles/edk_bcfiles/SmmLegacy.bc>:SmmLegacyEntryPoint:89	</harden/bcfiles/edk_bcfiles/SmmLegacy.bc>:DebugPrintLevelEnabled	DebugPrintLevelEnabled
</harden/bcfiles/edk_bcfiles/SmmLegacy.bc>:SmmLegacyEntryPoint:93	</harden/bcfiles/edk_bcfiles/SmmLegacy.bc>:DebugPrint	DebugPrint
</harden/bcfiles/edk_bcfiles/SmmLegacy.bc>:SmmLegacyEntryPoint:98	</harden/bcfiles/edk_bcfiles/SmmLegacy.bc>:DebugAssert	DebugAssert
</harden/bcfiles/edk_bcfiles/SmmLegacy.bc>:SmmLegacyEntryPoint:110	</harden/bcfiles/edk_bcfiles/SmmLegacy.bc>:DebugAssertEnabled	DebugAssertEnabled
</harden/bcfiles/edk_bcfiles/SmmLegacy.bc>:SmmLegacyEntryPoint:117	</harden/bcfiles/edk_bcfiles/SmmLegacy.bc>:DebugPrintEnabled	DebugPrintEnabled
</harden/bcfiles/edk_bcfiles/SmmLegacy.bc>:SmmLegacyEntryPoint:121	</harden/bcfiles/edk_bcfiles/SmmLegacy.bc>:DebugPrintLevelEnabled	DebugPrintLevelEnabled
</harden/bcfiles/edk_bcfiles/SmmLegacy.bc>:SmmLegacyEntryPoint:125	</harden/bcfiles/edk_bcfiles/SmmLegacy.bc>:DebugPrint	DebugPrint
</harden/bcfiles/edk_bcfiles/SmmLegacy.bc>:SmmLegacyEntryPoint:130	</harden/bcfiles/edk_bcfiles/SmmLegacy.bc>:DebugAssert	DebugAssert
</harden/bcfiles/edk_bcfiles/SmmLegacy.bc>:SmmLegacyEntryPoint:136	</harden/bcfiles/edk_bcfiles/SmmLegacy.bc>:DebugPrintEnabled	DebugPrintEnabled
</harden/bcfiles/edk_bcfiles/SmmLegacy.bc>:SmmLegacyEntryPoint:140	</harden/bcfiles/edk_bcfiles/SmmLegacy.bc>:DebugPrintLevelEnabled	DebugPrintLevelEnabled
</harden/bcfiles/edk_bcfiles/SmmLegacy.bc>:SmmLegacyEntryPoint:143	</harden/bcfiles/edk_bcfiles/SmmLegacy.bc>:DebugPrint	DebugPrint
