*global_alloc@ConfigurationFlags	0
*global_alloc@SmmLegacyVariableName	[i16 83, i16 109, i16 109, i16 76, i16 101, i16 103, i16 97, i16 99, i16 121, i16 67, i16 111, i16 110, i16 102, i16 105, i16 103, i16 117, i16 114, i16 97, i16 116, i16 105, i16 111, i16 110, i16 0]
*global_alloc@mSmmLegacyDispatchQueue	{ %struct._LIST_ENTRY* @mSmmLegacyDispatchQueue, %struct._LIST_ENTRY* @mSmmLegacyDispatchQueue }
*global_alloc@gSmmLegacy	zeroinitializer
*global_alloc@SmmVariable	null
*global_alloc@ProtocolHandle	null
*global_alloc@SmiHandle	null
*global_alloc@LoadSmmVariableRegistration	null
*global_alloc@mSmmMemoryAttribute1	null
*global_alloc@.str	c"%a: Smm Legacy configuration fail. Using default 0x%08x\0A\00"
*global_alloc@__func__.SmmLegacyDispatcher	c"SmmLegacyDispatcher\00"
*global_alloc@.str.1	c"No handlers for SMI value 0x%x\0A\00"
*global_alloc@.str.2	c"\0AASSERT_EFI_ERROR (Status = %r)\0A\00"
*global_alloc@.str.3	c"SmmLegacy.c\00"
*global_alloc@.str.4	c"!(((INTN)(RETURN_STATUS)(Status)) < 0)\00"
*global_alloc@.str.5	c"No SmmLegacyConfiguration variable. Creating.\0A\00"
*global_alloc@.str.6	c"Smm Legacy failed to create configuration variable\0A\00"
*global_alloc@.str.7	c"%a: %p\0A\00"
*global_alloc@__func__.SmmLegacyEntryPoint	c"SmmLegacyEntryPoint\00"
*global_alloc@ConfigurationFlags[0]	0
*global_alloc@SmmLegacyVariableName[0]	[i16 83, i16 109, i16 109, i16 76, i16 101, i16 103, i16 97, i16 99, i16 121, i16 67, i16 111, i16 110, i16 102, i16 105, i16 103, i16 117, i16 114, i16 97, i16 116, i16 105, i16 111, i16 110, i16 0]
*global_alloc@mSmmLegacyDispatchQueue[0]	{ %struct._LIST_ENTRY* @mSmmLegacyDispatchQueue, %struct._LIST_ENTRY* @mSmmLegacyDispatchQueue }
*global_alloc@gSmmLegacy[0]	zeroinitializer
*global_alloc@SmmVariable[0]	null
*global_alloc@ProtocolHandle[0]	null
*global_alloc@SmiHandle[0]	null
*global_alloc@LoadSmmVariableRegistration[0]	null
*global_alloc@mSmmMemoryAttribute1[0]	null
*global_alloc@.str[0]	c"%a: Smm Legacy configuration fail. Using default 0x%08x\0A\00"
*global_alloc@__func__.SmmLegacyDispatcher[0]	c"SmmLegacyDispatcher\00"
*global_alloc@.str.1[0]	c"No handlers for SMI value 0x%x\0A\00"
*global_alloc@.str.2[0]	c"\0AASSERT_EFI_ERROR (Status = %r)\0A\00"
*global_alloc@.str.3[0]	c"SmmLegacy.c\00"
*global_alloc@.str.4[0]	c"!(((INTN)(RETURN_STATUS)(Status)) < 0)\00"
*global_alloc@.str.5[0]	c"No SmmLegacyConfiguration variable. Creating.\0A\00"
*global_alloc@.str.6[0]	c"Smm Legacy failed to create configuration variable\0A\00"
*global_alloc@.str.7[0]	c"%a: %p\0A\00"
*global_alloc@__func__.SmmLegacyEntryPoint[0]	c"SmmLegacyEntryPoint\00"
*global_alloc@mSmmLegacyDispatchQueue[0].?/0	@mSmmLegacyDispatchQueue
*global_alloc@mSmmLegacyDispatchQueue[0].?/1	@mSmmLegacyDispatchQueue
