</harden/bcfiles/edk_bcfiles/SmmLegacy.bc>:ClearStackNx	</harden/bcfiles/edk_bcfiles/SmmLegacy.bc>:SmmLegacyDispatcher:%68
</harden/bcfiles/edk_bcfiles/SmmLegacy.bc>:SetStackNx	</harden/bcfiles/edk_bcfiles/SmmLegacy.bc>:SmmLegacyDispatcher:%83
</harden/bcfiles/edk_bcfiles/SmmLegacy.bc>:FindContextBySwSmiInputValue	</harden/bcfiles/edk_bcfiles/SmmLegacy.bc>:SmmLegacyDispatcher:%87
</harden/bcfiles/edk_bcfiles/SmmLegacy.bc>:FindContextBySwSmiInputValue	</harden/bcfiles/edk_bcfiles/SmmLegacy.bc>:SmmLegacyDispatcher:%44
</harden/bcfiles/edk_bcfiles/SmmLegacy.bc>:GetNvConfiguration	</harden/bcfiles/edk_bcfiles/SmmLegacy.bc>:SmmLegacyDispatcher:%17
</harden/bcfiles/edk_bcfiles/SmmLegacy.bc>:GetNextNode	</harden/bcfiles/edk_bcfiles/SmmLegacy.bc>:FindContextBySwSmiInputValue:%17
</harden/bcfiles/edk_bcfiles/SmmLegacy.bc>:IoRead8	</harden/bcfiles/edk_bcfiles/SmmLegacy.bc>:SmmLegacyDispatcher:%15
</harden/bcfiles/edk_bcfiles/SmmLegacy.bc>:DebugPrintEnabled	</harden/bcfiles/edk_bcfiles/SmmLegacy.bc>:SmmLegacyDispatcher:%49
</harden/bcfiles/edk_bcfiles/SmmLegacy.bc>:DebugPrintEnabled	</harden/bcfiles/edk_bcfiles/SmmLegacy.bc>:SmmLegacyDispatcher:%22
</harden/bcfiles/edk_bcfiles/SmmLegacy.bc>:DebugPrintEnabled	</harden/bcfiles/edk_bcfiles/SmmLegacy.bc>:GetNvConfiguration:%36
</harden/bcfiles/edk_bcfiles/SmmLegacy.bc>:DebugPrintEnabled	</harden/bcfiles/edk_bcfiles/SmmLegacy.bc>:GetNvConfiguration:%15
</harden/bcfiles/edk_bcfiles/SmmLegacy.bc>:DebugPrintEnabled	</harden/bcfiles/edk_bcfiles/SmmLegacy.bc>:SmmLegacyRegister:%25
</harden/bcfiles/edk_bcfiles/SmmLegacy.bc>:DebugPrintEnabled	</harden/bcfiles/edk_bcfiles/SmmLegacy.bc>:LoadSmmVariableProtocolCallback:%20
</harden/bcfiles/edk_bcfiles/SmmLegacy.bc>:DebugPrintEnabled	</harden/bcfiles/edk_bcfiles/SmmLegacy.bc>:SmmLegacyEntryPoint:%118
</harden/bcfiles/edk_bcfiles/SmmLegacy.bc>:DebugPrintEnabled	</harden/bcfiles/edk_bcfiles/SmmLegacy.bc>:SmmLegacyEntryPoint:%101
</harden/bcfiles/edk_bcfiles/SmmLegacy.bc>:DebugPrintEnabled	</harden/bcfiles/edk_bcfiles/SmmLegacy.bc>:SmmLegacyEntryPoint:%47
</harden/bcfiles/edk_bcfiles/SmmLegacy.bc>:DebugPrintEnabled	</harden/bcfiles/edk_bcfiles/SmmLegacy.bc>:SmmLegacyEntryPoint:%20
</harden/bcfiles/edk_bcfiles/SmmLegacy.bc>:DebugPrintEnabled	</harden/bcfiles/edk_bcfiles/SmmLegacy.bc>:SmmLegacyEntryPoint:%74
</harden/bcfiles/edk_bcfiles/SmmLegacy.bc>:DebugPrintLevelEnabled	</harden/bcfiles/edk_bcfiles/SmmLegacy.bc>:SmmLegacyDispatcher:%26
</harden/bcfiles/edk_bcfiles/SmmLegacy.bc>:DebugPrintLevelEnabled	</harden/bcfiles/edk_bcfiles/SmmLegacy.bc>:SmmLegacyDispatcher:%53
</harden/bcfiles/edk_bcfiles/SmmLegacy.bc>:DebugPrintLevelEnabled	</harden/bcfiles/edk_bcfiles/SmmLegacy.bc>:GetNvConfiguration:%40
</harden/bcfiles/edk_bcfiles/SmmLegacy.bc>:DebugPrintLevelEnabled	</harden/bcfiles/edk_bcfiles/SmmLegacy.bc>:GetNvConfiguration:%19
</harden/bcfiles/edk_bcfiles/SmmLegacy.bc>:DebugPrintLevelEnabled	</harden/bcfiles/edk_bcfiles/SmmLegacy.bc>:SmmLegacyRegister:%29
</harden/bcfiles/edk_bcfiles/SmmLegacy.bc>:DebugPrintLevelEnabled	</harden/bcfiles/edk_bcfiles/SmmLegacy.bc>:LoadSmmVariableProtocolCallback:%24
</harden/bcfiles/edk_bcfiles/SmmLegacy.bc>:DebugPrintLevelEnabled	</harden/bcfiles/edk_bcfiles/SmmLegacy.bc>:SmmLegacyEntryPoint:%105
</harden/bcfiles/edk_bcfiles/SmmLegacy.bc>:DebugPrintLevelEnabled	</harden/bcfiles/edk_bcfiles/SmmLegacy.bc>:SmmLegacyEntryPoint:%122
</harden/bcfiles/edk_bcfiles/SmmLegacy.bc>:DebugPrintLevelEnabled	</harden/bcfiles/edk_bcfiles/SmmLegacy.bc>:SmmLegacyEntryPoint:%51
</harden/bcfiles/edk_bcfiles/SmmLegacy.bc>:DebugPrintLevelEnabled	</harden/bcfiles/edk_bcfiles/SmmLegacy.bc>:SmmLegacyEntryPoint:%24
</harden/bcfiles/edk_bcfiles/SmmLegacy.bc>:DebugPrintLevelEnabled	</harden/bcfiles/edk_bcfiles/SmmLegacy.bc>:SmmLegacyEntryPoint:%78
</harden/bcfiles/edk_bcfiles/SmmLegacy.bc>:DebugAssertEnabled	</harden/bcfiles/edk_bcfiles/SmmLegacy.bc>:SmmLegacyRegister:%18
</harden/bcfiles/edk_bcfiles/SmmLegacy.bc>:DebugAssertEnabled	</harden/bcfiles/edk_bcfiles/SmmLegacy.bc>:LoadSmmVariableProtocolCallback:%13
</harden/bcfiles/edk_bcfiles/SmmLegacy.bc>:DebugAssertEnabled	</harden/bcfiles/edk_bcfiles/SmmLegacy.bc>:SmmLegacyEntryPoint:%94
</harden/bcfiles/edk_bcfiles/SmmLegacy.bc>:DebugAssertEnabled	</harden/bcfiles/edk_bcfiles/SmmLegacy.bc>:SmmLegacyEntryPoint:%40
</harden/bcfiles/edk_bcfiles/SmmLegacy.bc>:DebugAssertEnabled	</harden/bcfiles/edk_bcfiles/SmmLegacy.bc>:SmmLegacyEntryPoint:%67
</harden/bcfiles/edk_bcfiles/SmmLegacy.bc>:DebugAssertEnabled	</harden/bcfiles/edk_bcfiles/SmmLegacy.bc>:SmmLegacyEntryPoint:%13
</harden/bcfiles/edk_bcfiles/SmmLegacy.bc>:InsertTailList	</harden/bcfiles/edk_bcfiles/SmmLegacy.bc>:SmmLegacyRegister:%64
