</harden/bcfiles/edk_bcfiles/SmmLegacy.bc>:ClearStackNx:%29	*stack_alloc@ClearStackNx[i64* %2]	i64
</harden/bcfiles/edk_bcfiles/SmmLegacy.bc>:ClearStackNx:%29	*stack_alloc@ClearStackNx[i64* %2][0]	i64
</harden/bcfiles/edk_bcfiles/SmmLegacy.bc>:ClearStackNx:%14	*stack_alloc@ClearStackNx[i64* %2]	i64
</harden/bcfiles/edk_bcfiles/SmmLegacy.bc>:ClearStackNx:%14	*stack_alloc@ClearStackNx[i64* %2][0]	i64
</harden/bcfiles/edk_bcfiles/SmmLegacy.bc>:ClearStackNx:%7	*stack_alloc@ClearStackNx[i8* %7]	i8
</harden/bcfiles/edk_bcfiles/SmmLegacy.bc>:ClearStackNx:%6	*stack_alloc@ClearStackNx[i8* %6]	i8
</harden/bcfiles/edk_bcfiles/SmmLegacy.bc>:ClearStackNx:%5	*stack_alloc@ClearStackNx[i64** %5]	i64*
</harden/bcfiles/edk_bcfiles/SmmLegacy.bc>:ClearStackNx:%3	*stack_alloc@ClearStackNx[i64* %3]	i64
</harden/bcfiles/edk_bcfiles/SmmLegacy.bc>:ClearStackNx:%2	*stack_alloc@ClearStackNx[i64* %2]	i64
</harden/bcfiles/edk_bcfiles/SmmLegacy.bc>:ClearStackNx:%4	*stack_alloc@ClearStackNx[i64* %4]	i64
</harden/bcfiles/edk_bcfiles/SmmLegacy.bc>:ClearStackNx:%1	*stack_alloc@ClearStackNx[i64* %1]	i64
</harden/bcfiles/edk_bcfiles/SmmLegacy.bc>:SetStackNx:%5	*stack_alloc@SetStackNx[i8* %5]	i8
</harden/bcfiles/edk_bcfiles/SmmLegacy.bc>:SetStackNx:%4	*stack_alloc@SetStackNx[i8* %4]	i8
</harden/bcfiles/edk_bcfiles/SmmLegacy.bc>:SetStackNx:%3	*stack_alloc@SetStackNx[i64* %3]	i64
</harden/bcfiles/edk_bcfiles/SmmLegacy.bc>:SetStackNx:%2	*stack_alloc@SetStackNx[i64* %2]	i64
</harden/bcfiles/edk_bcfiles/SmmLegacy.bc>:SetStackNx:%1	*stack_alloc@SetStackNx[i64* %1]	i64
</harden/bcfiles/edk_bcfiles/SmmLegacy.bc>:FindContextBySwSmiInputValue:%50	*global_alloc@mSmmLegacyDispatchQueue	%struct._LIST_ENTRY
</harden/bcfiles/edk_bcfiles/SmmLegacy.bc>:FindContextBySwSmiInputValue:%50	*global_alloc@mSmmLegacyDispatchQueue[0]	%struct._LIST_ENTRY
</harden/bcfiles/edk_bcfiles/SmmLegacy.bc>:FindContextBySwSmiInputValue:%50	*global_alloc@mSmmLegacyDispatchQueue[0].?/0	%struct._LIST_ENTRY*
</harden/bcfiles/edk_bcfiles/SmmLegacy.bc>:FindContextBySwSmiInputValue:%45	*stack_alloc@SmmLegacyDispatcher[%struct.EFI_SMM_LEGACY_DISPATCH_CONTEXT** %11]	%struct.EFI_SMM_LEGACY_DISPATCH_CONTEXT*
</harden/bcfiles/edk_bcfiles/SmmLegacy.bc>:FindContextBySwSmiInputValue:%45	*stack_alloc@SmmLegacyDispatcher[%struct.EFI_SMM_LEGACY_DISPATCH_CONTEXT** %11][0]	%struct.EFI_SMM_LEGACY_DISPATCH_CONTEXT*
</harden/bcfiles/edk_bcfiles/SmmLegacy.bc>:FindContextBySwSmiInputValue:%44	*global_alloc@mSmmLegacyDispatchQueue	%struct._LIST_ENTRY
</harden/bcfiles/edk_bcfiles/SmmLegacy.bc>:FindContextBySwSmiInputValue:%44	*global_alloc@mSmmLegacyDispatchQueue[*]	%struct._LIST_ENTRY
</harden/bcfiles/edk_bcfiles/SmmLegacy.bc>:FindContextBySwSmiInputValue:%44	*global_alloc@mSmmLegacyDispatchQueue[0]	%struct._LIST_ENTRY
</harden/bcfiles/edk_bcfiles/SmmLegacy.bc>:FindContextBySwSmiInputValue:%44	*global_alloc@mSmmLegacyDispatchQueue[*].?/0	%struct._LIST_ENTRY*
</harden/bcfiles/edk_bcfiles/SmmLegacy.bc>:FindContextBySwSmiInputValue:%44	*global_alloc@mSmmLegacyDispatchQueue[0].?/0	%struct._LIST_ENTRY*
</harden/bcfiles/edk_bcfiles/SmmLegacy.bc>:FindContextBySwSmiInputValue:%44	*global_alloc@mSmmLegacyDispatchQueue[0].?/1	%struct._LIST_ENTRY*
</harden/bcfiles/edk_bcfiles/SmmLegacy.bc>:FindContextBySwSmiInputValue:%36	*global_alloc@mSmmLegacyDispatchQueue[*]	%struct._LIST_ENTRY
</harden/bcfiles/edk_bcfiles/SmmLegacy.bc>:FindContextBySwSmiInputValue:%36	*global_alloc@mSmmLegacyDispatchQueue[0].?/0	%struct._LIST_ENTRY*
</harden/bcfiles/edk_bcfiles/SmmLegacy.bc>:FindContextBySwSmiInputValue:%36	*global_alloc@mSmmLegacyDispatchQueue[0].?/1	%struct._LIST_ENTRY*
</harden/bcfiles/edk_bcfiles/SmmLegacy.bc>:FindContextBySwSmiInputValue:%48	*global_alloc@mSmmLegacyDispatchQueue	%struct._LIST_ENTRY
</harden/bcfiles/edk_bcfiles/SmmLegacy.bc>:FindContextBySwSmiInputValue:%48	*global_alloc@mSmmLegacyDispatchQueue[0]	%struct._LIST_ENTRY
</harden/bcfiles/edk_bcfiles/SmmLegacy.bc>:FindContextBySwSmiInputValue:%48	*global_alloc@mSmmLegacyDispatchQueue[0].?/0	%struct._LIST_ENTRY*
</harden/bcfiles/edk_bcfiles/SmmLegacy.bc>:FindContextBySwSmiInputValue:%34	*global_alloc@mSmmLegacyDispatchQueue	%struct._LIST_ENTRY
</harden/bcfiles/edk_bcfiles/SmmLegacy.bc>:FindContextBySwSmiInputValue:%34	*global_alloc@mSmmLegacyDispatchQueue[0]	%struct._LIST_ENTRY
</harden/bcfiles/edk_bcfiles/SmmLegacy.bc>:FindContextBySwSmiInputValue:%34	*global_alloc@mSmmLegacyDispatchQueue[0].?/0	%struct._LIST_ENTRY*
</harden/bcfiles/edk_bcfiles/SmmLegacy.bc>:FindContextBySwSmiInputValue:%35	*global_alloc@mSmmLegacyDispatchQueue	%struct._LIST_ENTRY
</harden/bcfiles/edk_bcfiles/SmmLegacy.bc>:FindContextBySwSmiInputValue:%35	*global_alloc@mSmmLegacyDispatchQueue[0]	%struct._LIST_ENTRY
</harden/bcfiles/edk_bcfiles/SmmLegacy.bc>:FindContextBySwSmiInputValue:%35	*global_alloc@mSmmLegacyDispatchQueue[0].?/0	%struct._LIST_ENTRY*
</harden/bcfiles/edk_bcfiles/SmmLegacy.bc>:FindContextBySwSmiInputValue:%29	*global_alloc@mSmmLegacyDispatchQueue	%struct._LIST_ENTRY
</harden/bcfiles/edk_bcfiles/SmmLegacy.bc>:FindContextBySwSmiInputValue:%29	*global_alloc@mSmmLegacyDispatchQueue[0]	%struct._LIST_ENTRY
</harden/bcfiles/edk_bcfiles/SmmLegacy.bc>:FindContextBySwSmiInputValue:%29	*global_alloc@mSmmLegacyDispatchQueue[0].?/0	%struct._LIST_ENTRY*
</harden/bcfiles/edk_bcfiles/SmmLegacy.bc>:FindContextBySwSmiInputValue:%27	*stack_alloc@SmmLegacyDispatcher[%struct.EFI_SMM_LEGACY_DISPATCH_CONTEXT** %11]	%struct.EFI_SMM_LEGACY_DISPATCH_CONTEXT*
</harden/bcfiles/edk_bcfiles/SmmLegacy.bc>:FindContextBySwSmiInputValue:%27	*stack_alloc@SmmLegacyDispatcher[%struct.EFI_SMM_LEGACY_DISPATCH_CONTEXT** %11][0]	%struct.EFI_SMM_LEGACY_DISPATCH_CONTEXT*
</harden/bcfiles/edk_bcfiles/SmmLegacy.bc>:FindContextBySwSmiInputValue:%23	*global_alloc@mSmmLegacyDispatchQueue	%struct._LIST_ENTRY
</harden/bcfiles/edk_bcfiles/SmmLegacy.bc>:FindContextBySwSmiInputValue:%23	*global_alloc@mSmmLegacyDispatchQueue[*]	%struct._LIST_ENTRY
</harden/bcfiles/edk_bcfiles/SmmLegacy.bc>:FindContextBySwSmiInputValue:%23	*global_alloc@mSmmLegacyDispatchQueue[0]	%struct._LIST_ENTRY
</harden/bcfiles/edk_bcfiles/SmmLegacy.bc>:FindContextBySwSmiInputValue:%23	*global_alloc@mSmmLegacyDispatchQueue[*].?/0	%struct._LIST_ENTRY*
</harden/bcfiles/edk_bcfiles/SmmLegacy.bc>:FindContextBySwSmiInputValue:%23	*global_alloc@mSmmLegacyDispatchQueue[0].?/0	%struct._LIST_ENTRY*
</harden/bcfiles/edk_bcfiles/SmmLegacy.bc>:FindContextBySwSmiInputValue:%23	*global_alloc@mSmmLegacyDispatchQueue[0].?/1	%struct._LIST_ENTRY*
</harden/bcfiles/edk_bcfiles/SmmLegacy.bc>:FindContextBySwSmiInputValue:%22	*stack_alloc@SmmLegacyDispatcher[%struct.EFI_SMM_LEGACY_DISPATCH_CONTEXT** %11]	%struct.EFI_SMM_LEGACY_DISPATCH_CONTEXT*
</harden/bcfiles/edk_bcfiles/SmmLegacy.bc>:FindContextBySwSmiInputValue:%22	*stack_alloc@SmmLegacyDispatcher[%struct.EFI_SMM_LEGACY_DISPATCH_CONTEXT** %11][0]	%struct.EFI_SMM_LEGACY_DISPATCH_CONTEXT*
</harden/bcfiles/edk_bcfiles/SmmLegacy.bc>:FindContextBySwSmiInputValue:%49	*global_alloc@mSmmLegacyDispatchQueue	%struct._LIST_ENTRY
</harden/bcfiles/edk_bcfiles/SmmLegacy.bc>:FindContextBySwSmiInputValue:%49	*global_alloc@mSmmLegacyDispatchQueue[0]	%struct._LIST_ENTRY
</harden/bcfiles/edk_bcfiles/SmmLegacy.bc>:FindContextBySwSmiInputValue:%49	*global_alloc@mSmmLegacyDispatchQueue[0].?/0	%struct._LIST_ENTRY*
</harden/bcfiles/edk_bcfiles/SmmLegacy.bc>:FindContextBySwSmiInputValue:%21	*global_alloc@mSmmLegacyDispatchQueue	%struct._LIST_ENTRY
</harden/bcfiles/edk_bcfiles/SmmLegacy.bc>:FindContextBySwSmiInputValue:%21	*global_alloc@mSmmLegacyDispatchQueue[0]	%struct._LIST_ENTRY
</harden/bcfiles/edk_bcfiles/SmmLegacy.bc>:FindContextBySwSmiInputValue:%21	*global_alloc@mSmmLegacyDispatchQueue[0].?/0	%struct._LIST_ENTRY*
</harden/bcfiles/edk_bcfiles/SmmLegacy.bc>:FindContextBySwSmiInputValue:%20	*global_alloc@mSmmLegacyDispatchQueue	%struct._LIST_ENTRY
</harden/bcfiles/edk_bcfiles/SmmLegacy.bc>:FindContextBySwSmiInputValue:%20	*global_alloc@mSmmLegacyDispatchQueue[0]	%struct._LIST_ENTRY
</harden/bcfiles/edk_bcfiles/SmmLegacy.bc>:FindContextBySwSmiInputValue:%20	*global_alloc@mSmmLegacyDispatchQueue[0].?/0	%struct._LIST_ENTRY*
</harden/bcfiles/edk_bcfiles/SmmLegacy.bc>:FindContextBySwSmiInputValue:%19	*global_alloc@mSmmLegacyDispatchQueue	%struct._LIST_ENTRY
</harden/bcfiles/edk_bcfiles/SmmLegacy.bc>:FindContextBySwSmiInputValue:%19	*global_alloc@mSmmLegacyDispatchQueue[0]	%struct._LIST_ENTRY
</harden/bcfiles/edk_bcfiles/SmmLegacy.bc>:FindContextBySwSmiInputValue:%19	*global_alloc@mSmmLegacyDispatchQueue[0].?/0	%struct._LIST_ENTRY*
</harden/bcfiles/edk_bcfiles/SmmLegacy.bc>:FindContextBySwSmiInputValue:%15	*global_alloc@mSmmLegacyDispatchQueue	%struct._LIST_ENTRY
</harden/bcfiles/edk_bcfiles/SmmLegacy.bc>:FindContextBySwSmiInputValue:%15	*global_alloc@mSmmLegacyDispatchQueue[*]	%struct._LIST_ENTRY
</harden/bcfiles/edk_bcfiles/SmmLegacy.bc>:FindContextBySwSmiInputValue:%15	*global_alloc@mSmmLegacyDispatchQueue[0]	%struct._LIST_ENTRY
</harden/bcfiles/edk_bcfiles/SmmLegacy.bc>:FindContextBySwSmiInputValue:%15	*global_alloc@mSmmLegacyDispatchQueue[*].?/0	%struct._LIST_ENTRY*
</harden/bcfiles/edk_bcfiles/SmmLegacy.bc>:FindContextBySwSmiInputValue:%15	*global_alloc@mSmmLegacyDispatchQueue[0].?/0	%struct._LIST_ENTRY*
</harden/bcfiles/edk_bcfiles/SmmLegacy.bc>:FindContextBySwSmiInputValue:%15	*global_alloc@mSmmLegacyDispatchQueue[0].?/1	%struct._LIST_ENTRY*
</harden/bcfiles/edk_bcfiles/SmmLegacy.bc>:FindContextBySwSmiInputValue:%38	*global_alloc@mSmmLegacyDispatchQueue	%struct._LIST_ENTRY
</harden/bcfiles/edk_bcfiles/SmmLegacy.bc>:FindContextBySwSmiInputValue:%38	*global_alloc@mSmmLegacyDispatchQueue[*]	%struct._LIST_ENTRY
</harden/bcfiles/edk_bcfiles/SmmLegacy.bc>:FindContextBySwSmiInputValue:%38	*global_alloc@mSmmLegacyDispatchQueue[0]	%struct._LIST_ENTRY
</harden/bcfiles/edk_bcfiles/SmmLegacy.bc>:FindContextBySwSmiInputValue:%38	*global_alloc@mSmmLegacyDispatchQueue[*].?/0	%struct._LIST_ENTRY*
</harden/bcfiles/edk_bcfiles/SmmLegacy.bc>:FindContextBySwSmiInputValue:%38	*global_alloc@mSmmLegacyDispatchQueue[0].?/0	%struct._LIST_ENTRY*
</harden/bcfiles/edk_bcfiles/SmmLegacy.bc>:FindContextBySwSmiInputValue:%38	*global_alloc@mSmmLegacyDispatchQueue[0].?/1	%struct._LIST_ENTRY*
</harden/bcfiles/edk_bcfiles/SmmLegacy.bc>:FindContextBySwSmiInputValue:%37	*global_alloc@mSmmLegacyDispatchQueue[*]	%struct._LIST_ENTRY
</harden/bcfiles/edk_bcfiles/SmmLegacy.bc>:FindContextBySwSmiInputValue:%37	*global_alloc@mSmmLegacyDispatchQueue[0].?/0	%struct._LIST_ENTRY*
</harden/bcfiles/edk_bcfiles/SmmLegacy.bc>:FindContextBySwSmiInputValue:%37	*global_alloc@mSmmLegacyDispatchQueue[0].?/1	%struct._LIST_ENTRY*
</harden/bcfiles/edk_bcfiles/SmmLegacy.bc>:FindContextBySwSmiInputValue:%31	*global_alloc@mSmmLegacyDispatchQueue	%struct._LIST_ENTRY
</harden/bcfiles/edk_bcfiles/SmmLegacy.bc>:FindContextBySwSmiInputValue:%31	*global_alloc@mSmmLegacyDispatchQueue[0]	%struct._LIST_ENTRY
</harden/bcfiles/edk_bcfiles/SmmLegacy.bc>:FindContextBySwSmiInputValue:%31	*global_alloc@mSmmLegacyDispatchQueue[0].?/0	%struct._LIST_ENTRY*
</harden/bcfiles/edk_bcfiles/SmmLegacy.bc>:FindContextBySwSmiInputValue:%8	*stack_alloc@SmmLegacyDispatcher[%struct.EFI_SMM_LEGACY_DISPATCH_CONTEXT** %11]	%struct.EFI_SMM_LEGACY_DISPATCH_CONTEXT*
</harden/bcfiles/edk_bcfiles/SmmLegacy.bc>:FindContextBySwSmiInputValue:%8	*stack_alloc@SmmLegacyDispatcher[%struct.EFI_SMM_LEGACY_DISPATCH_CONTEXT** %11][0]	%struct.EFI_SMM_LEGACY_DISPATCH_CONTEXT*
</harden/bcfiles/edk_bcfiles/SmmLegacy.bc>:FindContextBySwSmiInputValue:%9	*global_alloc@mSmmLegacyDispatchQueue	%struct._LIST_ENTRY
</harden/bcfiles/edk_bcfiles/SmmLegacy.bc>:FindContextBySwSmiInputValue:%9	*global_alloc@mSmmLegacyDispatchQueue[*]	%struct._LIST_ENTRY
</harden/bcfiles/edk_bcfiles/SmmLegacy.bc>:FindContextBySwSmiInputValue:%9	*global_alloc@mSmmLegacyDispatchQueue[0]	%struct._LIST_ENTRY
</harden/bcfiles/edk_bcfiles/SmmLegacy.bc>:FindContextBySwSmiInputValue:%9	*global_alloc@mSmmLegacyDispatchQueue[*].?/0	%struct._LIST_ENTRY*
</harden/bcfiles/edk_bcfiles/SmmLegacy.bc>:FindContextBySwSmiInputValue:%9	*global_alloc@mSmmLegacyDispatchQueue[0].?/0	%struct._LIST_ENTRY*
</harden/bcfiles/edk_bcfiles/SmmLegacy.bc>:FindContextBySwSmiInputValue:%9	*global_alloc@mSmmLegacyDispatchQueue[0].?/1	%struct._LIST_ENTRY*
</harden/bcfiles/edk_bcfiles/SmmLegacy.bc>:FindContextBySwSmiInputValue:%7	*stack_alloc@FindContextBySwSmiInputValue[%struct.EFI_SMM_LEGACY_DISPATCH_CONTEXT** %7]	%struct.EFI_SMM_LEGACY_DISPATCH_CONTEXT*
</harden/bcfiles/edk_bcfiles/SmmLegacy.bc>:FindContextBySwSmiInputValue:%6	*stack_alloc@FindContextBySwSmiInputValue[%struct._LIST_ENTRY** %6]	%struct._LIST_ENTRY*
</harden/bcfiles/edk_bcfiles/SmmLegacy.bc>:FindContextBySwSmiInputValue:%52	*stack_alloc@SmmLegacyDispatcher[%struct.EFI_SMM_LEGACY_DISPATCH_CONTEXT** %11]	%struct.EFI_SMM_LEGACY_DISPATCH_CONTEXT*
</harden/bcfiles/edk_bcfiles/SmmLegacy.bc>:FindContextBySwSmiInputValue:%52	*stack_alloc@SmmLegacyDispatcher[%struct.EFI_SMM_LEGACY_DISPATCH_CONTEXT** %11][0]	%struct.EFI_SMM_LEGACY_DISPATCH_CONTEXT*
</harden/bcfiles/edk_bcfiles/SmmLegacy.bc>:FindContextBySwSmiInputValue:%14	*stack_alloc@SmmLegacyDispatcher[%struct.EFI_SMM_LEGACY_DISPATCH_CONTEXT** %11]	%struct.EFI_SMM_LEGACY_DISPATCH_CONTEXT*
</harden/bcfiles/edk_bcfiles/SmmLegacy.bc>:FindContextBySwSmiInputValue:%14	*stack_alloc@SmmLegacyDispatcher[%struct.EFI_SMM_LEGACY_DISPATCH_CONTEXT** %11][0]	%struct.EFI_SMM_LEGACY_DISPATCH_CONTEXT*
</harden/bcfiles/edk_bcfiles/SmmLegacy.bc>:FindContextBySwSmiInputValue:%5	*stack_alloc@FindContextBySwSmiInputValue[%struct.EFI_SMM_LEGACY_DISPATCH_CONTEXT*** %5]	%struct.EFI_SMM_LEGACY_DISPATCH_CONTEXT**
</harden/bcfiles/edk_bcfiles/SmmLegacy.bc>:FindContextBySwSmiInputValue:%12	*global_alloc@mSmmLegacyDispatchQueue	%struct._LIST_ENTRY
</harden/bcfiles/edk_bcfiles/SmmLegacy.bc>:FindContextBySwSmiInputValue:%12	*global_alloc@mSmmLegacyDispatchQueue[0]	%struct._LIST_ENTRY
</harden/bcfiles/edk_bcfiles/SmmLegacy.bc>:FindContextBySwSmiInputValue:%12	*global_alloc@mSmmLegacyDispatchQueue[0].?/0	%struct._LIST_ENTRY*
</harden/bcfiles/edk_bcfiles/SmmLegacy.bc>:FindContextBySwSmiInputValue:%4	*stack_alloc@FindContextBySwSmiInputValue[i64* %4]	i64
</harden/bcfiles/edk_bcfiles/SmmLegacy.bc>:FindContextBySwSmiInputValue:%3	*stack_alloc@FindContextBySwSmiInputValue[i64* %3]	i64
</harden/bcfiles/edk_bcfiles/SmmLegacy.bc>:FindContextBySwSmiInputValue:%1	*stack_alloc@SmmLegacyDispatcher[%struct.EFI_SMM_LEGACY_DISPATCH_CONTEXT** %11]	%struct.EFI_SMM_LEGACY_DISPATCH_CONTEXT*
</harden/bcfiles/edk_bcfiles/SmmLegacy.bc>:SmmLegacyDispatcher:%65	*global_alloc@mSmmLegacyDispatchQueue	%struct._LIST_ENTRY
</harden/bcfiles/edk_bcfiles/SmmLegacy.bc>:SmmLegacyDispatcher:%65	*global_alloc@mSmmLegacyDispatchQueue[*]	%struct._LIST_ENTRY
</harden/bcfiles/edk_bcfiles/SmmLegacy.bc>:SmmLegacyDispatcher:%65	*global_alloc@mSmmLegacyDispatchQueue[0]	%struct._LIST_ENTRY
</harden/bcfiles/edk_bcfiles/SmmLegacy.bc>:SmmLegacyDispatcher:%65	*global_alloc@mSmmLegacyDispatchQueue[*].?/0	%struct._LIST_ENTRY*
</harden/bcfiles/edk_bcfiles/SmmLegacy.bc>:SmmLegacyDispatcher:%65	*global_alloc@mSmmLegacyDispatchQueue[0].?/0	%struct._LIST_ENTRY*
</harden/bcfiles/edk_bcfiles/SmmLegacy.bc>:SmmLegacyDispatcher:%65	*global_alloc@mSmmLegacyDispatchQueue[0].?/1	%struct._LIST_ENTRY*
</harden/bcfiles/edk_bcfiles/SmmLegacy.bc>:SmmLegacyDispatcher:%56	*stack_alloc@SmmLegacyDispatcher[%struct.EFI_SMM_LEGACY_CONTEXT* %10]	%struct.EFI_SMM_LEGACY_CONTEXT
</harden/bcfiles/edk_bcfiles/SmmLegacy.bc>:SmmLegacyDispatcher:%56	*stack_alloc@SmmLegacyDispatcher[%struct.EFI_SMM_LEGACY_CONTEXT* %10][0]	%struct.EFI_SMM_LEGACY_CONTEXT
</harden/bcfiles/edk_bcfiles/SmmLegacy.bc>:SmmLegacyDispatcher:%56	*stack_alloc@SmmLegacyDispatcher[%struct.EFI_SMM_LEGACY_CONTEXT* %10][0].?/0	i8
</harden/bcfiles/edk_bcfiles/SmmLegacy.bc>:SmmLegacyDispatcher:%45	*global_alloc@mSmmLegacyDispatchQueue	%struct._LIST_ENTRY
</harden/bcfiles/edk_bcfiles/SmmLegacy.bc>:SmmLegacyDispatcher:%45	*global_alloc@mSmmLegacyDispatchQueue[*]	%struct._LIST_ENTRY
</harden/bcfiles/edk_bcfiles/SmmLegacy.bc>:SmmLegacyDispatcher:%45	*global_alloc@mSmmLegacyDispatchQueue[0]	%struct._LIST_ENTRY
</harden/bcfiles/edk_bcfiles/SmmLegacy.bc>:SmmLegacyDispatcher:%45	*global_alloc@mSmmLegacyDispatchQueue[*].?/0	%struct._LIST_ENTRY*
</harden/bcfiles/edk_bcfiles/SmmLegacy.bc>:SmmLegacyDispatcher:%45	*global_alloc@mSmmLegacyDispatchQueue[0].?/0	%struct._LIST_ENTRY*
</harden/bcfiles/edk_bcfiles/SmmLegacy.bc>:SmmLegacyDispatcher:%45	*global_alloc@mSmmLegacyDispatchQueue[0].?/1	%struct._LIST_ENTRY*
</harden/bcfiles/edk_bcfiles/SmmLegacy.bc>:SmmLegacyDispatcher:%75	*stack_alloc@SmmLegacyDispatcher[%struct.EDKII_SMM_LEGACY_REGISTER_CONTEXT* %12]	%struct.EDKII_SMM_LEGACY_REGISTER_CONTEXT
</harden/bcfiles/edk_bcfiles/SmmLegacy.bc>:SmmLegacyDispatcher:%16	*stack_alloc@SmmLegacyDispatcher[%struct.EFI_SMM_LEGACY_CONTEXT* %10]	%struct.EFI_SMM_LEGACY_CONTEXT
</harden/bcfiles/edk_bcfiles/SmmLegacy.bc>:SmmLegacyDispatcher:%16	*stack_alloc@SmmLegacyDispatcher[%struct.EFI_SMM_LEGACY_CONTEXT* %10][0]	%struct.EFI_SMM_LEGACY_CONTEXT
</harden/bcfiles/edk_bcfiles/SmmLegacy.bc>:SmmLegacyDispatcher:%16	*stack_alloc@SmmLegacyDispatcher[%struct.EFI_SMM_LEGACY_CONTEXT* %10][0].?/0	i8
</harden/bcfiles/edk_bcfiles/SmmLegacy.bc>:SmmLegacyDispatcher:%69	*global_alloc@mSmmLegacyDispatchQueue	%struct._LIST_ENTRY
</harden/bcfiles/edk_bcfiles/SmmLegacy.bc>:SmmLegacyDispatcher:%69	*global_alloc@mSmmLegacyDispatchQueue[*]	%struct._LIST_ENTRY
</harden/bcfiles/edk_bcfiles/SmmLegacy.bc>:SmmLegacyDispatcher:%69	*global_alloc@mSmmLegacyDispatchQueue[0]	%struct._LIST_ENTRY
</harden/bcfiles/edk_bcfiles/SmmLegacy.bc>:SmmLegacyDispatcher:%69	*global_alloc@mSmmLegacyDispatchQueue[*].?/0	%struct._LIST_ENTRY*
</harden/bcfiles/edk_bcfiles/SmmLegacy.bc>:SmmLegacyDispatcher:%69	*global_alloc@mSmmLegacyDispatchQueue[0].?/0	%struct._LIST_ENTRY*
</harden/bcfiles/edk_bcfiles/SmmLegacy.bc>:SmmLegacyDispatcher:%69	*global_alloc@mSmmLegacyDispatchQueue[0].?/1	%struct._LIST_ENTRY*
</harden/bcfiles/edk_bcfiles/SmmLegacy.bc>:SmmLegacyDispatcher:%37	*stack_alloc@SmmLegacyDispatcher[%struct.EFI_SMM_LEGACY_CONTEXT* %10]	%struct.EFI_SMM_LEGACY_CONTEXT
</harden/bcfiles/edk_bcfiles/SmmLegacy.bc>:SmmLegacyDispatcher:%37	*stack_alloc@SmmLegacyDispatcher[%struct.EFI_SMM_LEGACY_CONTEXT* %10][0]	%struct.EFI_SMM_LEGACY_CONTEXT
</harden/bcfiles/edk_bcfiles/SmmLegacy.bc>:SmmLegacyDispatcher:%37	*stack_alloc@SmmLegacyDispatcher[%struct.EFI_SMM_LEGACY_CONTEXT* %10][0].?/0	i8
</harden/bcfiles/edk_bcfiles/SmmLegacy.bc>:SmmLegacyDispatcher:%84	*stack_alloc@SmmLegacyDispatcher[%struct.EFI_SMM_LEGACY_CONTEXT* %10]	%struct.EFI_SMM_LEGACY_CONTEXT
</harden/bcfiles/edk_bcfiles/SmmLegacy.bc>:SmmLegacyDispatcher:%84	*stack_alloc@SmmLegacyDispatcher[%struct.EFI_SMM_LEGACY_CONTEXT* %10][0]	%struct.EFI_SMM_LEGACY_CONTEXT
</harden/bcfiles/edk_bcfiles/SmmLegacy.bc>:SmmLegacyDispatcher:%84	*stack_alloc@SmmLegacyDispatcher[%struct.EFI_SMM_LEGACY_CONTEXT* %10][0].?/0	i8
</harden/bcfiles/edk_bcfiles/SmmLegacy.bc>:SmmLegacyDispatcher:%14	*stack_alloc@SmmLegacyDispatcher[i64* %14]	i64
</harden/bcfiles/edk_bcfiles/SmmLegacy.bc>:SmmLegacyDispatcher:%13	*stack_alloc@SmmLegacyDispatcher[i64 (i8*, i8*, i8*, i64*)** %13]	i64 (i8*, i8*, i8*, i64*)*
</harden/bcfiles/edk_bcfiles/SmmLegacy.bc>:SmmLegacyDispatcher:%12	*stack_alloc@SmmLegacyDispatcher[%struct.EDKII_SMM_LEGACY_REGISTER_CONTEXT* %12]	%struct.EDKII_SMM_LEGACY_REGISTER_CONTEXT
</harden/bcfiles/edk_bcfiles/SmmLegacy.bc>:SmmLegacyDispatcher:%41	*stack_alloc@SmmLegacyDispatcher[%struct.EFI_SMM_LEGACY_CONTEXT* %10]	%struct.EFI_SMM_LEGACY_CONTEXT
</harden/bcfiles/edk_bcfiles/SmmLegacy.bc>:SmmLegacyDispatcher:%41	*stack_alloc@SmmLegacyDispatcher[%struct.EFI_SMM_LEGACY_CONTEXT* %10][0]	%struct.EFI_SMM_LEGACY_CONTEXT
</harden/bcfiles/edk_bcfiles/SmmLegacy.bc>:SmmLegacyDispatcher:%41	*stack_alloc@SmmLegacyDispatcher[%struct.EFI_SMM_LEGACY_CONTEXT* %10][0].?/0	i8
</harden/bcfiles/edk_bcfiles/SmmLegacy.bc>:SmmLegacyDispatcher:%10	*stack_alloc@SmmLegacyDispatcher[%struct.EFI_SMM_LEGACY_CONTEXT* %10]	%struct.EFI_SMM_LEGACY_CONTEXT
</harden/bcfiles/edk_bcfiles/SmmLegacy.bc>:SmmLegacyDispatcher:%9	*stack_alloc@SmmLegacyDispatcher[i64* %9]	i64
</harden/bcfiles/edk_bcfiles/SmmLegacy.bc>:SmmLegacyDispatcher:%8	*stack_alloc@SmmLegacyDispatcher[i64** %8]	i64*
</harden/bcfiles/edk_bcfiles/SmmLegacy.bc>:SmmLegacyDispatcher:%7	*stack_alloc@SmmLegacyDispatcher[i8** %7]	i8*
</harden/bcfiles/edk_bcfiles/SmmLegacy.bc>:SmmLegacyDispatcher:%6	*stack_alloc@SmmLegacyDispatcher[i8** %6]	i8*
</harden/bcfiles/edk_bcfiles/SmmLegacy.bc>:SmmLegacyDispatcher:%5	*stack_alloc@SmmLegacyDispatcher[i8** %5]	i8*
</harden/bcfiles/edk_bcfiles/SmmLegacy.bc>:SmmLegacyDispatcher:%11	*stack_alloc@SmmLegacyDispatcher[%struct.EFI_SMM_LEGACY_DISPATCH_CONTEXT** %11]	%struct.EFI_SMM_LEGACY_DISPATCH_CONTEXT*
</harden/bcfiles/edk_bcfiles/SmmLegacy.bc>:SmmLegacyDispatcher:%1	*argv-alloc	i8**
</harden/bcfiles/edk_bcfiles/SmmLegacy.bc>:SmmLegacyDispatcher:%40	*stack_alloc@SmmLegacyDispatcher[%struct.EDKII_SMM_LEGACY_REGISTER_CONTEXT* %12]	%struct.EDKII_SMM_LEGACY_REGISTER_CONTEXT
</harden/bcfiles/edk_bcfiles/SmmLegacy.bc>:SmmLegacyDispatcher:%40	*stack_alloc@SmmLegacyDispatcher[%struct.EDKII_SMM_LEGACY_REGISTER_CONTEXT* %12][0]	%struct.EDKII_SMM_LEGACY_REGISTER_CONTEXT
</harden/bcfiles/edk_bcfiles/SmmLegacy.bc>:SmmLegacyDispatcher:%40	*stack_alloc@SmmLegacyDispatcher[%struct.EDKII_SMM_LEGACY_REGISTER_CONTEXT* %12][0].?/0	i64
</harden/bcfiles/edk_bcfiles/SmmLegacy.bc>:GetNvConfiguration:%30	*stack_alloc@GetNvConfiguration[i32* %4]	i32
</harden/bcfiles/edk_bcfiles/SmmLegacy.bc>:GetNvConfiguration:%29	*stack_alloc@GetNvConfiguration[i32* %4]	i32
</harden/bcfiles/edk_bcfiles/SmmLegacy.bc>:GetNvConfiguration:%8	*stack_alloc@GetNvConfiguration[i32* %4]	i32
</harden/bcfiles/edk_bcfiles/SmmLegacy.bc>:GetNvConfiguration:%4	*stack_alloc@GetNvConfiguration[i32* %4]	i32
</harden/bcfiles/edk_bcfiles/SmmLegacy.bc>:GetNvConfiguration:%3	*stack_alloc@GetNvConfiguration[i32* %3]	i32
</harden/bcfiles/edk_bcfiles/SmmLegacy.bc>:GetNvConfiguration:%2	*stack_alloc@GetNvConfiguration[i64* %2]	i64
</harden/bcfiles/edk_bcfiles/SmmLegacy.bc>:GetNvConfiguration:%1	*stack_alloc@GetNvConfiguration[i64* %1]	i64
