*argv-alloc	i8**
*global_alloc@ClearStackNx	i64 ()
*global_alloc@SetStackNx	i64 ()
*global_alloc@FindContextBySwSmiInputValue	i64 (i64, %struct.EFI_SMM_LEGACY_DISPATCH_CONTEXT**)
*global_alloc@SmmLegacyDispatcher	i64 (i8*, i8*, i8*, i64*)
*global_alloc@GetNvConfiguration	i64 ()
*global_alloc@SmmLegacyRegister	i64 (%struct._EDKII_SMM_LEGACY_PROTOCOL*, i64 (i8*, i8*, i8*, i64*)*, %struct.EDKII_SMM_LEGACY_REGISTER_CONTEXT*, i8**)
*global_alloc@SmmLegacyUnRegister	i64 (%struct._EDKII_SMM_LEGACY_PROTOCOL*, i8*)
*global_alloc@SmmLegacyExitPoint	void ()
*global_alloc@LoadSmmVariableProtocolCallback	i64 (%struct.GUID*, i8*, i8*)
*global_alloc@SmmLegacyEntryPoint	i64 ()
*global_alloc@llvm.dbg.declare	void (metadata, metadata, metadata)
*global_alloc@DisableReadOnlyPageWriteProtect	void (i8*, i8*)
*global_alloc@EnableReadOnlyPageWriteProtect	void (i8, i8)
*global_alloc@GetNextNode	%struct._LIST_ENTRY* (%struct._LIST_ENTRY*, %struct._LIST_ENTRY*)
*global_alloc@IoRead8	i8 (i64)
*global_alloc@DebugPrintEnabled	i8 ()
*global_alloc@DebugPrintLevelEnabled	i8 (i64)
*global_alloc@DebugPrint	void (i64, i8*, ...)
*global_alloc@llvm.dbg.label	void (metadata)
*global_alloc@DebugAssertEnabled	i8 ()
*global_alloc@DebugAssert	void (i8*, i64, i8*)
*global_alloc@InsertTailList	%struct._LIST_ENTRY* (%struct._LIST_ENTRY*, %struct._LIST_ENTRY*)
*global_alloc@ConfigurationFlags	i32
*global_alloc@SmmLegacyVariableName	[23 x i16]
*global_alloc@mSmmLegacyDispatchQueue	%struct._LIST_ENTRY
*global_alloc@gSmmLegacy	{ i64 (%struct._EDKII_SMM_LEGACY_PROTOCOL*, i64 (i8*, i8*, i8*, i64*)*, %struct.EDKII_SMM_LEGACY_REGISTER_CONTEXT*, i8**)*, i64 (%struct._EDKII_SMM_LEGACY_PROTOCOL*, i8*)* }
*global_alloc@SmmVariable	%struct._EFI_SMM_VARIABLE_PROTOCOL*
*global_alloc@ProtocolHandle	i8*
*global_alloc@SmiHandle	i8*
*global_alloc@LoadSmmVariableRegistration	i8*
*global_alloc@mSmmMemoryAttribute1	%struct._EDKII_SMM_MEMORY_ATTRIBUTE_PROTOCOL*
*global_alloc@mSmmStackArrayBase	i64
*global_alloc@.str	[57 x i8]
*global_alloc@__func__.SmmLegacyDispatcher	[20 x i8]
*global_alloc@.str.1	[32 x i8]
*global_alloc@gSmst	%struct._EFI_SMM_SYSTEM_TABLE2*
*global_alloc@.str.2	[33 x i8]
*global_alloc@.str.3	[12 x i8]
*global_alloc@.str.4	[39 x i8]
*global_alloc@gEfiSmmLegacyVariableGuid	%struct.GUID
*global_alloc@.str.5	[47 x i8]
*global_alloc@.str.6	[52 x i8]
*global_alloc@gEfiSmmLegacyProtocolGuid	%struct.GUID
*global_alloc@gEfiSmmVariableProtocolGuid	%struct.GUID
*global_alloc@_gPcd_FixedAtBuild_PcdSmmLegacyPropertyMask	i32
*global_alloc@gMmst	%struct._EFI_MM_SYSTEM_TABLE*
*global_alloc@gEdkiiSmmMemoryAttributeProtocolGuid	%struct.GUID
*global_alloc@gEfiSmmLegacyCommGuid	%struct.GUID
*global_alloc@.str.7	[8 x i8]
*global_alloc@__func__.SmmLegacyEntryPoint	[20 x i8]
*argv-alloc[*]	i8**
*global_alloc@ConfigurationFlags[*]	i32
*global_alloc@SmmLegacyVariableName[*]	[23 x i16]
*global_alloc@mSmmLegacyDispatchQueue[*]	%struct._LIST_ENTRY
*global_alloc@gSmmLegacy[*]	{ i64 (%struct._EDKII_SMM_LEGACY_PROTOCOL*, i64 (i8*, i8*, i8*, i64*)*, %struct.EDKII_SMM_LEGACY_REGISTER_CONTEXT*, i8**)*, i64 (%struct._EDKII_SMM_LEGACY_PROTOCOL*, i8*)* }
*global_alloc@SmmVariable[*]	%struct._EFI_SMM_VARIABLE_PROTOCOL*
*global_alloc@ProtocolHandle[*]	i8*
*global_alloc@SmiHandle[*]	i8*
*global_alloc@LoadSmmVariableRegistration[*]	i8*
*global_alloc@mSmmMemoryAttribute1[*]	%struct._EDKII_SMM_MEMORY_ATTRIBUTE_PROTOCOL*
*global_alloc@mSmmStackArrayBase[*]	i64
*global_alloc@.str[*]	[57 x i8]
*global_alloc@__func__.SmmLegacyDispatcher[*]	[20 x i8]
*global_alloc@.str.1[*]	[32 x i8]
*global_alloc@gSmst[*]	%struct._EFI_SMM_SYSTEM_TABLE2*
*global_alloc@.str.2[*]	[33 x i8]
*global_alloc@.str.3[*]	[12 x i8]
*global_alloc@.str.4[*]	[39 x i8]
*global_alloc@gEfiSmmLegacyVariableGuid[*]	%struct.GUID
*global_alloc@.str.5[*]	[47 x i8]
*global_alloc@.str.6[*]	[52 x i8]
*global_alloc@gEfiSmmLegacyProtocolGuid[*]	%struct.GUID
*global_alloc@gEfiSmmVariableProtocolGuid[*]	%struct.GUID
*global_alloc@_gPcd_FixedAtBuild_PcdSmmLegacyPropertyMask[*]	i32
*global_alloc@gMmst[*]	%struct._EFI_MM_SYSTEM_TABLE*
*global_alloc@gEdkiiSmmMemoryAttributeProtocolGuid[*]	%struct.GUID
*global_alloc@gEfiSmmLegacyCommGuid[*]	%struct.GUID
*global_alloc@.str.7[*]	[8 x i8]
*global_alloc@__func__.SmmLegacyEntryPoint[*]	[20 x i8]
*stack_alloc@SmmLegacyDispatcher[i8** %5]	i8*
*stack_alloc@SmmLegacyDispatcher[i8** %6]	i8*
*stack_alloc@SmmLegacyDispatcher[i8** %7]	i8*
*stack_alloc@SmmLegacyDispatcher[i64** %8]	i64*
*stack_alloc@SmmLegacyDispatcher[i64* %9]	i64
*stack_alloc@SmmLegacyDispatcher[%struct.EFI_SMM_LEGACY_CONTEXT* %10]	%struct.EFI_SMM_LEGACY_CONTEXT
*stack_alloc@SmmLegacyDispatcher[%struct.EFI_SMM_LEGACY_DISPATCH_CONTEXT** %11]	%struct.EFI_SMM_LEGACY_DISPATCH_CONTEXT*
*stack_alloc@SmmLegacyDispatcher[%struct.EDKII_SMM_LEGACY_REGISTER_CONTEXT* %12]	%struct.EDKII_SMM_LEGACY_REGISTER_CONTEXT
*stack_alloc@SmmLegacyDispatcher[i64 (i8*, i8*, i8*, i64*)** %13]	i64 (i8*, i8*, i8*, i64*)*
*stack_alloc@SmmLegacyDispatcher[i64* %14]	i64
*argv-alloc[0]	i8**
*global_alloc@ConfigurationFlags[0]	i32
*global_alloc@SmmLegacyVariableName[0]	[23 x i16]
*global_alloc@mSmmLegacyDispatchQueue[0]	%struct._LIST_ENTRY
*global_alloc@gSmmLegacy[0]	{ i64 (%struct._EDKII_SMM_LEGACY_PROTOCOL*, i64 (i8*, i8*, i8*, i64*)*, %struct.EDKII_SMM_LEGACY_REGISTER_CONTEXT*, i8**)*, i64 (%struct._EDKII_SMM_LEGACY_PROTOCOL*, i8*)* }
*global_alloc@SmmVariable[0]	%struct._EFI_SMM_VARIABLE_PROTOCOL*
*global_alloc@ProtocolHandle[0]	i8*
*global_alloc@SmiHandle[0]	i8*
*global_alloc@LoadSmmVariableRegistration[0]	i8*
*global_alloc@mSmmMemoryAttribute1[0]	%struct._EDKII_SMM_MEMORY_ATTRIBUTE_PROTOCOL*
*global_alloc@mSmmStackArrayBase[0]	i64
*global_alloc@.str[0]	[57 x i8]
*global_alloc@__func__.SmmLegacyDispatcher[0]	[20 x i8]
*global_alloc@.str.1[0]	[32 x i8]
*global_alloc@gSmst[0]	%struct._EFI_SMM_SYSTEM_TABLE2*
*global_alloc@.str.2[0]	[33 x i8]
*global_alloc@.str.3[0]	[12 x i8]
*global_alloc@.str.4[0]	[39 x i8]
*global_alloc@gEfiSmmLegacyVariableGuid[0]	%struct.GUID
*global_alloc@.str.5[0]	[47 x i8]
*global_alloc@.str.6[0]	[52 x i8]
*global_alloc@gEfiSmmLegacyProtocolGuid[0]	%struct.GUID
*global_alloc@gEfiSmmVariableProtocolGuid[0]	%struct.GUID
*global_alloc@_gPcd_FixedAtBuild_PcdSmmLegacyPropertyMask[0]	i32
*global_alloc@gMmst[0]	%struct._EFI_MM_SYSTEM_TABLE*
*global_alloc@gEdkiiSmmMemoryAttributeProtocolGuid[0]	%struct.GUID
*global_alloc@gEfiSmmLegacyCommGuid[0]	%struct.GUID
*global_alloc@.str.7[0]	[8 x i8]
*global_alloc@__func__.SmmLegacyEntryPoint[0]	[20 x i8]
*global_alloc@mSmmLegacyDispatchQueue[*].?/0	%struct._LIST_ENTRY*
*global_alloc@mSmmLegacyDispatchQueue[*].?/1	%struct._LIST_ENTRY*
*global_alloc@gSmmLegacy[*].?/0	i64 (%struct._EDKII_SMM_LEGACY_PROTOCOL*, i64 (i8*, i8*, i8*, i64*)*, %struct.EDKII_SMM_LEGACY_REGISTER_CONTEXT*, i8**)*
*global_alloc@gSmmLegacy[*].?/1	i64 (%struct._EDKII_SMM_LEGACY_PROTOCOL*, i8*)*
*global_alloc@gEfiSmmLegacyVariableGuid[*].?/0	i32
*global_alloc@gEfiSmmLegacyVariableGuid[*].?/1	i16
*global_alloc@gEfiSmmLegacyVariableGuid[*].?/2	i16
*global_alloc@gEfiSmmLegacyVariableGuid[*].?/3	[8 x i8]
*global_alloc@gEfiSmmLegacyProtocolGuid[*].?/0	i32
*global_alloc@gEfiSmmLegacyProtocolGuid[*].?/1	i16
*global_alloc@gEfiSmmLegacyProtocolGuid[*].?/2	i16
*global_alloc@gEfiSmmLegacyProtocolGuid[*].?/3	[8 x i8]
*global_alloc@gEfiSmmVariableProtocolGuid[*].?/0	i32
*global_alloc@gEfiSmmVariableProtocolGuid[*].?/1	i16
*global_alloc@gEfiSmmVariableProtocolGuid[*].?/2	i16
*global_alloc@gEfiSmmVariableProtocolGuid[*].?/3	[8 x i8]
*global_alloc@gEdkiiSmmMemoryAttributeProtocolGuid[*].?/0	i32
*global_alloc@gEdkiiSmmMemoryAttributeProtocolGuid[*].?/1	i16
*global_alloc@gEdkiiSmmMemoryAttributeProtocolGuid[*].?/2	i16
*global_alloc@gEdkiiSmmMemoryAttributeProtocolGuid[*].?/3	[8 x i8]
*global_alloc@gEfiSmmLegacyCommGuid[*].?/0	i32
*global_alloc@gEfiSmmLegacyCommGuid[*].?/1	i16
*global_alloc@gEfiSmmLegacyCommGuid[*].?/2	i16
*global_alloc@gEfiSmmLegacyCommGuid[*].?/3	[8 x i8]
*global_alloc@SmmLegacyVariableName[*][*]	i16
*global_alloc@.str[*][*]	i8
*global_alloc@__func__.SmmLegacyDispatcher[*][*]	i8
*global_alloc@.str.1[*][*]	i8
*global_alloc@.str.2[*][*]	i8
*global_alloc@.str.3[*][*]	i8
*global_alloc@.str.4[*][*]	i8
*global_alloc@.str.5[*][*]	i8
*global_alloc@.str.6[*][*]	i8
*global_alloc@.str.7[*][*]	i8
*global_alloc@__func__.SmmLegacyEntryPoint[*][*]	i8
*argv[0]-alloc	i8*
*global_alloc@mSmmLegacyDispatchQueue[0].?/0	%struct._LIST_ENTRY*
*global_alloc@mSmmLegacyDispatchQueue[0].?/1	%struct._LIST_ENTRY*
*global_alloc@gSmmLegacy[0].?/0	i64 (%struct._EDKII_SMM_LEGACY_PROTOCOL*, i64 (i8*, i8*, i8*, i64*)*, %struct.EDKII_SMM_LEGACY_REGISTER_CONTEXT*, i8**)*
*global_alloc@gSmmLegacy[0].?/1	i64 (%struct._EDKII_SMM_LEGACY_PROTOCOL*, i8*)*
*global_alloc@gEfiSmmLegacyVariableGuid[0].?/0	i32
*global_alloc@gEfiSmmLegacyVariableGuid[0].?/1	i16
*global_alloc@gEfiSmmLegacyVariableGuid[0].?/2	i16
*global_alloc@gEfiSmmLegacyVariableGuid[0].?/3	[8 x i8]
*global_alloc@gEfiSmmLegacyProtocolGuid[0].?/0	i32
*global_alloc@gEfiSmmLegacyProtocolGuid[0].?/1	i16
*global_alloc@gEfiSmmLegacyProtocolGuid[0].?/2	i16
*global_alloc@gEfiSmmLegacyProtocolGuid[0].?/3	[8 x i8]
*global_alloc@gEfiSmmVariableProtocolGuid[0].?/0	i32
*global_alloc@gEfiSmmVariableProtocolGuid[0].?/1	i16
*global_alloc@gEfiSmmVariableProtocolGuid[0].?/2	i16
*global_alloc@gEfiSmmVariableProtocolGuid[0].?/3	[8 x i8]
*global_alloc@gEdkiiSmmMemoryAttributeProtocolGuid[0].?/0	i32
*global_alloc@gEdkiiSmmMemoryAttributeProtocolGuid[0].?/1	i16
*global_alloc@gEdkiiSmmMemoryAttributeProtocolGuid[0].?/2	i16
*global_alloc@gEdkiiSmmMemoryAttributeProtocolGuid[0].?/3	[8 x i8]
*global_alloc@gEfiSmmLegacyCommGuid[0].?/0	i32
*global_alloc@gEfiSmmLegacyCommGuid[0].?/1	i16
*global_alloc@gEfiSmmLegacyCommGuid[0].?/2	i16
*global_alloc@gEfiSmmLegacyCommGuid[0].?/3	[8 x i8]
*stack_alloc@SmmLegacyDispatcher[i8** %5][*]	i8*
*stack_alloc@SmmLegacyDispatcher[i8** %6][*]	i8*
*stack_alloc@SmmLegacyDispatcher[i8** %7][*]	i8*
*stack_alloc@SmmLegacyDispatcher[i64** %8][*]	i64*
*stack_alloc@SmmLegacyDispatcher[i64* %9][*]	i64
*stack_alloc@SmmLegacyDispatcher[%struct.EFI_SMM_LEGACY_CONTEXT* %10][*]	%struct.EFI_SMM_LEGACY_CONTEXT
*stack_alloc@SmmLegacyDispatcher[%struct.EFI_SMM_LEGACY_DISPATCH_CONTEXT** %11][*]	%struct.EFI_SMM_LEGACY_DISPATCH_CONTEXT*
*stack_alloc@SmmLegacyDispatcher[%struct.EDKII_SMM_LEGACY_REGISTER_CONTEXT* %12][*]	%struct.EDKII_SMM_LEGACY_REGISTER_CONTEXT
*stack_alloc@SmmLegacyDispatcher[i64 (i8*, i8*, i8*, i64*)** %13][*]	i64 (i8*, i8*, i8*, i64*)*
*stack_alloc@SmmLegacyDispatcher[i64* %14][*]	i64
*global_alloc@SmmLegacyVariableName[0][*]	i16
*global_alloc@.str[0][*]	i8
*global_alloc@__func__.SmmLegacyDispatcher[0][*]	i8
*global_alloc@.str.1[0][*]	i8
*global_alloc@.str.2[0][*]	i8
*global_alloc@.str.3[0][*]	i8
*global_alloc@.str.4[0][*]	i8
*global_alloc@.str.5[0][*]	i8
*global_alloc@.str.6[0][*]	i8
*global_alloc@.str.7[0][*]	i8
*global_alloc@__func__.SmmLegacyEntryPoint[0][*]	i8
*argv[0]-alloc[*]	i8*
*global_alloc@gEfiSmmLegacyVariableGuid[*].?/3[*]	i8
*global_alloc@gEfiSmmLegacyProtocolGuid[*].?/3[*]	i8
*global_alloc@gEfiSmmVariableProtocolGuid[*].?/3[*]	i8
*global_alloc@gEdkiiSmmMemoryAttributeProtocolGuid[*].?/3[*]	i8
*global_alloc@gEfiSmmLegacyCommGuid[*].?/3[*]	i8
*stack_alloc@SmmLegacyDispatcher[i8** %5][0]	i8*
*stack_alloc@SmmLegacyDispatcher[i8** %6][0]	i8*
*stack_alloc@SmmLegacyDispatcher[i8** %7][0]	i8*
*stack_alloc@SmmLegacyDispatcher[i64** %8][0]	i64*
*stack_alloc@SmmLegacyDispatcher[i64* %9][0]	i64
*stack_alloc@SmmLegacyDispatcher[%struct.EFI_SMM_LEGACY_CONTEXT* %10][0]	%struct.EFI_SMM_LEGACY_CONTEXT
*stack_alloc@SmmLegacyDispatcher[%struct.EFI_SMM_LEGACY_DISPATCH_CONTEXT** %11][0]	%struct.EFI_SMM_LEGACY_DISPATCH_CONTEXT*
*stack_alloc@SmmLegacyDispatcher[%struct.EDKII_SMM_LEGACY_REGISTER_CONTEXT* %12][0]	%struct.EDKII_SMM_LEGACY_REGISTER_CONTEXT
*stack_alloc@SmmLegacyDispatcher[i64 (i8*, i8*, i8*, i64*)** %13][0]	i64 (i8*, i8*, i8*, i64*)*
*stack_alloc@SmmLegacyDispatcher[i64* %14][0]	i64
*stack_alloc@ClearStackNx[i64* %1]	i64
*stack_alloc@ClearStackNx[i64* %2]	i64
*stack_alloc@ClearStackNx[i64* %3]	i64
*stack_alloc@ClearStackNx[i64* %4]	i64
*stack_alloc@ClearStackNx[i64** %5]	i64*
*stack_alloc@ClearStackNx[i8* %6]	i8
*stack_alloc@ClearStackNx[i8* %7]	i8
*stack_alloc@SetStackNx[i64* %1]	i64
*stack_alloc@SetStackNx[i64* %2]	i64
*stack_alloc@SetStackNx[i64* %3]	i64
*stack_alloc@SetStackNx[i8* %4]	i8
*stack_alloc@SetStackNx[i8* %5]	i8
*stack_alloc@FindContextBySwSmiInputValue[i64* %3]	i64
*stack_alloc@FindContextBySwSmiInputValue[i64* %4]	i64
*stack_alloc@FindContextBySwSmiInputValue[%struct.EFI_SMM_LEGACY_DISPATCH_CONTEXT*** %5]	%struct.EFI_SMM_LEGACY_DISPATCH_CONTEXT**
*stack_alloc@FindContextBySwSmiInputValue[%struct._LIST_ENTRY** %6]	%struct._LIST_ENTRY*
*stack_alloc@FindContextBySwSmiInputValue[%struct.EFI_SMM_LEGACY_DISPATCH_CONTEXT** %7]	%struct.EFI_SMM_LEGACY_DISPATCH_CONTEXT*
*stack_alloc@GetNvConfiguration[i64* %1]	i64
*stack_alloc@GetNvConfiguration[i64* %2]	i64
*stack_alloc@GetNvConfiguration[i32* %3]	i32
*stack_alloc@GetNvConfiguration[i32* %4]	i32
*stack_alloc@SmmLegacyDispatcher[%struct.EFI_SMM_LEGACY_CONTEXT* %10][*].?/0	i8
*stack_alloc@SmmLegacyDispatcher[%struct.EDKII_SMM_LEGACY_REGISTER_CONTEXT* %12][*].?/0	i64
*global_alloc@gEfiSmmLegacyVariableGuid[0].?/3[*]	i8
*global_alloc@gEfiSmmLegacyProtocolGuid[0].?/3[*]	i8
*global_alloc@gEfiSmmVariableProtocolGuid[0].?/3[*]	i8
*global_alloc@gEdkiiSmmMemoryAttributeProtocolGuid[0].?/3[*]	i8
*global_alloc@gEfiSmmLegacyCommGuid[0].?/3[*]	i8
*argv[0]-alloc[0]	i8*
*stack_alloc@SmmLegacyDispatcher[%struct.EFI_SMM_LEGACY_CONTEXT* %10][0].?/0	i8
*stack_alloc@SmmLegacyDispatcher[%struct.EDKII_SMM_LEGACY_REGISTER_CONTEXT* %12][0].?/0	i64
*stack_alloc@ClearStackNx[i64* %1][*]	i64
*stack_alloc@ClearStackNx[i64* %2][*]	i64
*stack_alloc@ClearStackNx[i64* %3][*]	i64
*stack_alloc@ClearStackNx[i64* %4][*]	i64
*stack_alloc@ClearStackNx[i64** %5][*]	i64*
*stack_alloc@ClearStackNx[i8* %6][*]	i8
*stack_alloc@ClearStackNx[i8* %7][*]	i8
*stack_alloc@SetStackNx[i64* %1][*]	i64
*stack_alloc@SetStackNx[i64* %2][*]	i64
*stack_alloc@SetStackNx[i64* %3][*]	i64
*stack_alloc@SetStackNx[i8* %4][*]	i8
*stack_alloc@SetStackNx[i8* %5][*]	i8
*stack_alloc@FindContextBySwSmiInputValue[i64* %3][*]	i64
*stack_alloc@FindContextBySwSmiInputValue[i64* %4][*]	i64
*stack_alloc@FindContextBySwSmiInputValue[%struct.EFI_SMM_LEGACY_DISPATCH_CONTEXT*** %5][*]	%struct.EFI_SMM_LEGACY_DISPATCH_CONTEXT**
*stack_alloc@FindContextBySwSmiInputValue[%struct._LIST_ENTRY** %6][*]	%struct._LIST_ENTRY*
*stack_alloc@FindContextBySwSmiInputValue[%struct.EFI_SMM_LEGACY_DISPATCH_CONTEXT** %7][*]	%struct.EFI_SMM_LEGACY_DISPATCH_CONTEXT*
*stack_alloc@GetNvConfiguration[i64* %1][*]	i64
*stack_alloc@GetNvConfiguration[i64* %2][*]	i64
*stack_alloc@GetNvConfiguration[i32* %3][*]	i32
*stack_alloc@GetNvConfiguration[i32* %4][*]	i32
*stack_alloc@ClearStackNx[i64* %1][0]	i64
*stack_alloc@ClearStackNx[i64* %2][0]	i64
*stack_alloc@ClearStackNx[i64* %3][0]	i64
*stack_alloc@ClearStackNx[i64* %4][0]	i64
*stack_alloc@ClearStackNx[i64** %5][0]	i64*
*stack_alloc@ClearStackNx[i8* %6][0]	i8
*stack_alloc@ClearStackNx[i8* %7][0]	i8
*stack_alloc@SetStackNx[i64* %1][0]	i64
*stack_alloc@SetStackNx[i64* %2][0]	i64
*stack_alloc@SetStackNx[i64* %3][0]	i64
*stack_alloc@SetStackNx[i8* %4][0]	i8
*stack_alloc@SetStackNx[i8* %5][0]	i8
*stack_alloc@FindContextBySwSmiInputValue[i64* %3][0]	i64
*stack_alloc@FindContextBySwSmiInputValue[i64* %4][0]	i64
*stack_alloc@FindContextBySwSmiInputValue[%struct.EFI_SMM_LEGACY_DISPATCH_CONTEXT*** %5][0]	%struct.EFI_SMM_LEGACY_DISPATCH_CONTEXT**
*stack_alloc@FindContextBySwSmiInputValue[%struct._LIST_ENTRY** %6][0]	%struct._LIST_ENTRY*
*stack_alloc@FindContextBySwSmiInputValue[%struct.EFI_SMM_LEGACY_DISPATCH_CONTEXT** %7][0]	%struct.EFI_SMM_LEGACY_DISPATCH_CONTEXT*
*stack_alloc@GetNvConfiguration[i64* %1][0]	i64
*stack_alloc@GetNvConfiguration[i64* %2][0]	i64
*stack_alloc@GetNvConfiguration[i32* %3][0]	i32
*stack_alloc@GetNvConfiguration[i32* %4][0]	i32
