</harden/bcfiles/edk_bcfiles/SmmLegacy.bc>:ClearStackNx:%7	WpEnabled
</harden/bcfiles/edk_bcfiles/SmmLegacy.bc>:ClearStackNx:%6	CetEnabled
</harden/bcfiles/edk_bcfiles/SmmLegacy.bc>:ClearStackNx:%5	AttrPoint
</harden/bcfiles/edk_bcfiles/SmmLegacy.bc>:ClearStackNx:%3	Status
</harden/bcfiles/edk_bcfiles/SmmLegacy.bc>:ClearStackNx:%2	Attribute
</harden/bcfiles/edk_bcfiles/SmmLegacy.bc>:ClearStackNx:%4	Address
</harden/bcfiles/edk_bcfiles/SmmLegacy.bc>:SetStackNx:%5	WpEnabled
</harden/bcfiles/edk_bcfiles/SmmLegacy.bc>:SetStackNx:%4	CetEnabled
</harden/bcfiles/edk_bcfiles/SmmLegacy.bc>:SetStackNx:%3	Address
</harden/bcfiles/edk_bcfiles/SmmLegacy.bc>:SetStackNx:%2	Attribute
</harden/bcfiles/edk_bcfiles/SmmLegacy.bc>:SetStackNx:%1	Status
</harden/bcfiles/edk_bcfiles/SmmLegacy.bc>:FindContextBySwSmiInputValue:%7	Dispatch2Context
</harden/bcfiles/edk_bcfiles/SmmLegacy.bc>:FindContextBySwSmiInputValue:%6	Node
</harden/bcfiles/edk_bcfiles/SmmLegacy.bc>:FindContextBySwSmiInputValue:%5	StartDispatch
</harden/bcfiles/edk_bcfiles/SmmLegacy.bc>:FindContextBySwSmiInputValue:%4	InputValue
</harden/bcfiles/edk_bcfiles/SmmLegacy.bc>:SmmLegacyDispatcher:%14	Size
</harden/bcfiles/edk_bcfiles/SmmLegacy.bc>:SmmLegacyDispatcher:%13	DispatchFunction
</harden/bcfiles/edk_bcfiles/SmmLegacy.bc>:SmmLegacyDispatcher:%12	RegContext
</harden/bcfiles/edk_bcfiles/SmmLegacy.bc>:SmmLegacyDispatcher:%10	CpuContext
</harden/bcfiles/edk_bcfiles/SmmLegacy.bc>:SmmLegacyDispatcher:%9	Status
</harden/bcfiles/edk_bcfiles/SmmLegacy.bc>:SmmLegacyDispatcher:%8	CommBufferSize
</harden/bcfiles/edk_bcfiles/SmmLegacy.bc>:SmmLegacyDispatcher:%7	CommBuffer
</harden/bcfiles/edk_bcfiles/SmmLegacy.bc>:SmmLegacyDispatcher:%6	RegisterContext
</harden/bcfiles/edk_bcfiles/SmmLegacy.bc>:SmmLegacyDispatcher:%5	DispatchHandle
</harden/bcfiles/edk_bcfiles/SmmLegacy.bc>:SmmLegacyDispatcher:%11	DispatchContext
</harden/bcfiles/edk_bcfiles/SmmLegacy.bc>:GetNvConfiguration:%4	Data
</harden/bcfiles/edk_bcfiles/SmmLegacy.bc>:GetNvConfiguration:%3	Attributes
</harden/bcfiles/edk_bcfiles/SmmLegacy.bc>:GetNvConfiguration:%2	Status
</harden/bcfiles/edk_bcfiles/SmmLegacy.bc>:GetNvConfiguration:%1	DataSize
</harden/bcfiles/edk_bcfiles/SmmLegacy.bc>:SmmLegacyRegister:%11	Context
</harden/bcfiles/edk_bcfiles/SmmLegacy.bc>:SmmLegacyRegister:%10	Status
</harden/bcfiles/edk_bcfiles/SmmLegacy.bc>:SmmLegacyRegister:%9	DispatchHandle
</harden/bcfiles/edk_bcfiles/SmmLegacy.bc>:SmmLegacyRegister:%7	DispatchFunction
</harden/bcfiles/edk_bcfiles/SmmLegacy.bc>:SmmLegacyRegister:%8	RegContext
</harden/bcfiles/edk_bcfiles/SmmLegacy.bc>:SmmLegacyRegister:%6	This
</harden/bcfiles/edk_bcfiles/SmmLegacy.bc>:SmmLegacyUnRegister:%4	DispatchHandle
</harden/bcfiles/edk_bcfiles/SmmLegacy.bc>:SmmLegacyUnRegister:%3	This
</harden/bcfiles/edk_bcfiles/SmmLegacy.bc>:LoadSmmVariableProtocolCallback:%7	Status
</harden/bcfiles/edk_bcfiles/SmmLegacy.bc>:LoadSmmVariableProtocolCallback:%5	Interface
</harden/bcfiles/edk_bcfiles/SmmLegacy.bc>:LoadSmmVariableProtocolCallback:%4	Protocol
</harden/bcfiles/edk_bcfiles/SmmLegacy.bc>:LoadSmmVariableProtocolCallback:%6	Handle
</harden/bcfiles/edk_bcfiles/SmmLegacy.bc>:SmmLegacyEntryPoint:%2	PcdFlags
</harden/bcfiles/edk_bcfiles/SmmLegacy.bc>:SmmLegacyEntryPoint:%1	Status
