</harden/bcfiles/linux_bcfiles/evt_notifier.bc>:evt_notifier_init:%3	</harden/bcfiles/linux_bcfiles/evt_notifier.bc>:evt_notifier_init:%8
</harden/bcfiles/linux_bcfiles/evt_notifier.bc>:evt_notifier_init:%3	</harden/bcfiles/linux_bcfiles/evt_notifier.bc>:evt_notifier_init:%19
</harden/bcfiles/linux_bcfiles/evt_notifier.bc>:evt_notifier_init:%3	</harden/bcfiles/linux_bcfiles/evt_notifier.bc>:evt_notifier_init:%24
</harden/bcfiles/linux_bcfiles/evt_notifier.bc>:evt_notifier_init:%32	</harden/bcfiles/linux_bcfiles/evt_notifier.bc>:evt_notifier_init:%33
</harden/bcfiles/linux_bcfiles/evt_notifier.bc>:evt_notifier_init:%3	</harden/bcfiles/linux_bcfiles/evt_notifier.bc>:evt_notifier_init:%36
</harden/bcfiles/linux_bcfiles/evt_notifier.bc>:evt_notifier_init:%41	</harden/bcfiles/linux_bcfiles/evt_notifier.bc>:evt_notifier_init:%42
</harden/bcfiles/linux_bcfiles/evt_notifier.bc>:evt_notifier_init:65:0:@dr_wClass	</harden/bcfiles/linux_bcfiles/evt_notifier.bc>:evt_notifier_init:%48
</harden/bcfiles/linux_bcfiles/evt_notifier.bc>:evt_notifier_init:%3	</harden/bcfiles/linux_bcfiles/evt_notifier.bc>:evt_notifier_init:%49
</harden/bcfiles/linux_bcfiles/evt_notifier.bc>:evt_notifier_init:%51	</harden/bcfiles/linux_bcfiles/evt_notifier.bc>:evt_notifier_init:%52
</harden/bcfiles/linux_bcfiles/evt_notifier.bc>:evt_notifier_init:73:0:@dr_wClass	</harden/bcfiles/linux_bcfiles/evt_notifier.bc>:evt_notifier_init:%55
</harden/bcfiles/linux_bcfiles/evt_notifier.bc>:evt_notifier_init:%3	</harden/bcfiles/linux_bcfiles/evt_notifier.bc>:evt_notifier_init:%56
</harden/bcfiles/linux_bcfiles/evt_notifier.bc>:evt_notifier_init:%61	</harden/bcfiles/linux_bcfiles/evt_notifier.bc>:evt_notifier_init:%62
</harden/bcfiles/linux_bcfiles/evt_notifier.bc>:evt_notifier_exit:1:0:@dr_wClass	</harden/bcfiles/linux_bcfiles/evt_notifier.bc>:evt_notifier_exit:%2
</harden/bcfiles/linux_bcfiles/evt_notifier.bc>:evt_notifier_exit:3:0:@dr_wClass	</harden/bcfiles/linux_bcfiles/evt_notifier.bc>:evt_notifier_exit:%3
</harden/bcfiles/linux_bcfiles/evt_notifier.bc>:evt_notifier_exit:5:0:@dr_wClass	</harden/bcfiles/linux_bcfiles/evt_notifier.bc>:evt_notifier_exit:%4
</harden/bcfiles/linux_bcfiles/evt_notifier.bc>:proc_write:48:0:@offset	</harden/bcfiles/linux_bcfiles/evt_notifier.bc>:proc_write:%42
</harden/bcfiles/linux_bcfiles/evt_notifier.bc>:proc_write:%54	</harden/bcfiles/linux_bcfiles/evt_notifier.bc>:proc_write:%55
</harden/bcfiles/linux_bcfiles/evt_notifier.bc>:proc_write:%11	</harden/bcfiles/linux_bcfiles/evt_notifier.bc>:proc_write:%58
</harden/bcfiles/linux_bcfiles/evt_notifier.bc>:proc_write:%11	</harden/bcfiles/linux_bcfiles/evt_notifier.bc>:proc_write:%67
</harden/bcfiles/linux_bcfiles/evt_notifier.bc>:proc_write:%12	</harden/bcfiles/linux_bcfiles/evt_notifier.bc>:proc_write:%68
</harden/bcfiles/linux_bcfiles/evt_notifier.bc>:proc_write:%198	</harden/bcfiles/linux_bcfiles/evt_notifier.bc>:proc_write:%199
</harden/bcfiles/linux_bcfiles/evt_notifier.bc>:proc_write:%12	</harden/bcfiles/linux_bcfiles/evt_notifier.bc>:proc_write:%200
</harden/bcfiles/linux_bcfiles/evt_notifier.bc>:proc_write:%11	</harden/bcfiles/linux_bcfiles/evt_notifier.bc>:proc_write:%201
</harden/bcfiles/linux_bcfiles/evt_notifier.bc>:proc_write:%11	</harden/bcfiles/linux_bcfiles/evt_notifier.bc>:proc_write:%204
</harden/bcfiles/linux_bcfiles/evt_notifier.bc>:proc_write:%12	</harden/bcfiles/linux_bcfiles/evt_notifier.bc>:proc_write:%205
</harden/bcfiles/linux_bcfiles/evt_notifier.bc>:proc_write:%19	</harden/bcfiles/linux_bcfiles/evt_notifier.bc>:proc_write:%212
</harden/bcfiles/linux_bcfiles/evt_notifier.bc>:proc_write:%19	</harden/bcfiles/linux_bcfiles/evt_notifier.bc>:proc_write:%214
</harden/bcfiles/linux_bcfiles/evt_notifier.bc>:proc_write:%217	</harden/bcfiles/linux_bcfiles/evt_notifier.bc>:proc_write:%218
</harden/bcfiles/linux_bcfiles/evt_notifier.bc>:proc_write:%19	</harden/bcfiles/linux_bcfiles/evt_notifier.bc>:proc_write:%222
</harden/bcfiles/linux_bcfiles/evt_notifier.bc>:proc_write:%19	</harden/bcfiles/linux_bcfiles/evt_notifier.bc>:proc_write:%247
</harden/bcfiles/linux_bcfiles/evt_notifier.bc>:proc_write:%259	</harden/bcfiles/linux_bcfiles/evt_notifier.bc>:proc_write:%260
</harden/bcfiles/linux_bcfiles/evt_notifier.bc>:proc_write:%268	</harden/bcfiles/linux_bcfiles/evt_notifier.bc>:proc_write:%269
</harden/bcfiles/linux_bcfiles/evt_notifier.bc>:proc_write:%277	</harden/bcfiles/linux_bcfiles/evt_notifier.bc>:proc_write:%278
</harden/bcfiles/linux_bcfiles/evt_notifier.bc>:proc_write:%29	</harden/bcfiles/linux_bcfiles/evt_notifier.bc>:proc_write:%303
</harden/bcfiles/linux_bcfiles/evt_notifier.bc>:dr_w_dev_read:%6	</harden/bcfiles/linux_bcfiles/evt_notifier.bc>:dr_w_dev_read:%60
</harden/bcfiles/linux_bcfiles/evt_notifier.bc>:dr_w_dev_read:%7	</harden/bcfiles/linux_bcfiles/evt_notifier.bc>:dr_w_dev_read:%76
</harden/bcfiles/linux_bcfiles/evt_notifier.bc>:dr_w_dev_read:%9	</harden/bcfiles/linux_bcfiles/evt_notifier.bc>:dr_w_dev_read:%79
</harden/bcfiles/linux_bcfiles/evt_notifier.bc>:dr_w_dev_read:%7	</harden/bcfiles/linux_bcfiles/evt_notifier.bc>:dr_w_dev_read:%80
</harden/bcfiles/linux_bcfiles/evt_notifier.bc>:dr_w_dev_read:%11	</harden/bcfiles/linux_bcfiles/evt_notifier.bc>:dr_w_dev_read:%99
</harden/bcfiles/linux_bcfiles/evt_notifier.bc>:dr_w_dev_read:%6	</harden/bcfiles/linux_bcfiles/evt_notifier.bc>:dr_w_dev_read:%110
</harden/bcfiles/linux_bcfiles/evt_notifier.bc>:dr_w_dev_read:%7	</harden/bcfiles/linux_bcfiles/evt_notifier.bc>:dr_w_dev_read:%111
</harden/bcfiles/linux_bcfiles/evt_notifier.bc>:dr_w_dev_read:%13	</harden/bcfiles/linux_bcfiles/evt_notifier.bc>:dr_w_dev_read:%117
</harden/bcfiles/linux_bcfiles/evt_notifier.bc>:dr_w_dev_read:%14	</harden/bcfiles/linux_bcfiles/evt_notifier.bc>:dr_w_dev_read:%118
</harden/bcfiles/linux_bcfiles/evt_notifier.bc>:dr_w_dev_read:%15	</harden/bcfiles/linux_bcfiles/evt_notifier.bc>:dr_w_dev_read:%119
</harden/bcfiles/linux_bcfiles/evt_notifier.bc>:dr_w_dev_write:%21	</harden/bcfiles/linux_bcfiles/evt_notifier.bc>:dr_w_dev_write:%24
</harden/bcfiles/linux_bcfiles/evt_notifier.bc>:dr_w_dev_write:%6	</harden/bcfiles/linux_bcfiles/evt_notifier.bc>:dr_w_dev_write:%34
</harden/bcfiles/linux_bcfiles/evt_notifier.bc>:dr_w_dev_write:%7	</harden/bcfiles/linux_bcfiles/evt_notifier.bc>:dr_w_dev_write:%50
</harden/bcfiles/linux_bcfiles/evt_notifier.bc>:dr_w_dev_write:%9	</harden/bcfiles/linux_bcfiles/evt_notifier.bc>:dr_w_dev_write:%53
</harden/bcfiles/linux_bcfiles/evt_notifier.bc>:dr_w_dev_write:%7	</harden/bcfiles/linux_bcfiles/evt_notifier.bc>:dr_w_dev_write:%54
</harden/bcfiles/linux_bcfiles/evt_notifier.bc>:dr_w_dev_write:%11	</harden/bcfiles/linux_bcfiles/evt_notifier.bc>:dr_w_dev_write:%73
</harden/bcfiles/linux_bcfiles/evt_notifier.bc>:dr_w_dev_write:%6	</harden/bcfiles/linux_bcfiles/evt_notifier.bc>:dr_w_dev_write:%84
</harden/bcfiles/linux_bcfiles/evt_notifier.bc>:dr_w_dev_write:%7	</harden/bcfiles/linux_bcfiles/evt_notifier.bc>:dr_w_dev_write:%85
</harden/bcfiles/linux_bcfiles/evt_notifier.bc>:dr_w_dev_write:%13	</harden/bcfiles/linux_bcfiles/evt_notifier.bc>:dr_w_dev_write:%91
</harden/bcfiles/linux_bcfiles/evt_notifier.bc>:dr_w_dev_write:%14	</harden/bcfiles/linux_bcfiles/evt_notifier.bc>:dr_w_dev_write:%92
</harden/bcfiles/linux_bcfiles/evt_notifier.bc>:dr_w_dev_write:%15	</harden/bcfiles/linux_bcfiles/evt_notifier.bc>:dr_w_dev_write:%93
</harden/bcfiles/linux_bcfiles/evt_notifier.bc>:copy_overflow:%3	</harden/bcfiles/linux_bcfiles/evt_notifier.bc>:copy_overflow:%5
</harden/bcfiles/linux_bcfiles/evt_notifier.bc>:copy_overflow:%4	</harden/bcfiles/linux_bcfiles/evt_notifier.bc>:copy_overflow:%6
</harden/bcfiles/linux_bcfiles/evt_notifier.bc>:kstrtol:%4	</harden/bcfiles/linux_bcfiles/evt_notifier.bc>:kstrtol:%7
</harden/bcfiles/linux_bcfiles/evt_notifier.bc>:kstrtol:%5	</harden/bcfiles/linux_bcfiles/evt_notifier.bc>:kstrtol:%8
</harden/bcfiles/linux_bcfiles/evt_notifier.bc>:kstrtol:%6	</harden/bcfiles/linux_bcfiles/evt_notifier.bc>:kstrtol:%9
</harden/bcfiles/linux_bcfiles/evt_notifier.bc>:evt_notifier_init:%1	</harden/bcfiles/linux_bcfiles/evt_notifier.bc>:evt_notifier_init:%67
</harden/bcfiles/linux_bcfiles/evt_notifier.bc>:evt_notifier_init:%7	</harden/bcfiles/linux_bcfiles/evt_notifier.bc>:evt_notifier_init:%60
</harden/bcfiles/linux_bcfiles/evt_notifier.bc>:evt_notifier_init:83:0:@evt_notifier_init.dr_wDevice	</harden/bcfiles/linux_bcfiles/evt_notifier.bc>:evt_notifier_init:%61
</harden/bcfiles/linux_bcfiles/evt_notifier.bc>:evt_notifier_init:69:0:@evt_notifier_init.dr_wDevice	</harden/bcfiles/linux_bcfiles/evt_notifier.bc>:evt_notifier_init:%51
</harden/bcfiles/linux_bcfiles/evt_notifier.bc>:evt_notifier_init:62:0:@dr_wClass	</harden/bcfiles/linux_bcfiles/evt_notifier.bc>:evt_notifier_init:%46
</harden/bcfiles/linux_bcfiles/evt_notifier.bc>:evt_notifier_init:%6	</harden/bcfiles/linux_bcfiles/evt_notifier.bc>:evt_notifier_init:%40
</harden/bcfiles/linux_bcfiles/evt_notifier.bc>:evt_notifier_init:56:0:@dr_wClass	</harden/bcfiles/linux_bcfiles/evt_notifier.bc>:evt_notifier_init:%41
</harden/bcfiles/linux_bcfiles/evt_notifier.bc>:evt_notifier_init:%2	</harden/bcfiles/linux_bcfiles/evt_notifier.bc>:evt_notifier_init:%29
</harden/bcfiles/linux_bcfiles/evt_notifier.bc>:evt_notifier_init:%5	</harden/bcfiles/linux_bcfiles/evt_notifier.bc>:evt_notifier_init:%28
</harden/bcfiles/linux_bcfiles/evt_notifier.bc>:evt_notifier_init:%2	</harden/bcfiles/linux_bcfiles/evt_notifier.bc>:evt_notifier_init:%17
</harden/bcfiles/linux_bcfiles/evt_notifier.bc>:evt_notifier_init:44:0:@dr_wClass	</harden/bcfiles/linux_bcfiles/evt_notifier.bc>:evt_notifier_init:%32
</harden/bcfiles/linux_bcfiles/evt_notifier.bc>:evt_notifier_init:%2	</harden/bcfiles/linux_bcfiles/evt_notifier.bc>:evt_notifier_init:%10
</harden/bcfiles/linux_bcfiles/evt_notifier.bc>:evt_notifier_init:%4	</harden/bcfiles/linux_bcfiles/evt_notifier.bc>:evt_notifier_init:%16
</harden/bcfiles/linux_bcfiles/evt_notifier.bc>:evt_notifier_init:%2	</harden/bcfiles/linux_bcfiles/evt_notifier.bc>:evt_notifier_init:%21
</harden/bcfiles/linux_bcfiles/evt_notifier.bc>:evt_notifier_exit:%1	</harden/bcfiles/linux_bcfiles/evt_notifier.bc>:evt_notifier_exit:%8
</harden/bcfiles/linux_bcfiles/evt_notifier.bc>:proc_write:%14	</harden/bcfiles/linux_bcfiles/evt_notifier.bc>:proc_write:%307
</harden/bcfiles/linux_bcfiles/evt_notifier.bc>:proc_write:363:0:@offset	</harden/bcfiles/linux_bcfiles/evt_notifier.bc>:proc_write:%292
</harden/bcfiles/linux_bcfiles/evt_notifier.bc>:proc_write:%30	</harden/bcfiles/linux_bcfiles/evt_notifier.bc>:proc_write:%291
</harden/bcfiles/linux_bcfiles/evt_notifier.bc>:proc_write:%30	</harden/bcfiles/linux_bcfiles/evt_notifier.bc>:proc_write:%288
</harden/bcfiles/linux_bcfiles/evt_notifier.bc>:proc_write:%28	</harden/bcfiles/linux_bcfiles/evt_notifier.bc>:proc_write:%285
</harden/bcfiles/linux_bcfiles/evt_notifier.bc>:proc_write:%18	</harden/bcfiles/linux_bcfiles/evt_notifier.bc>:proc_write:%275
</harden/bcfiles/linux_bcfiles/evt_notifier.bc>:proc_write:%26	</harden/bcfiles/linux_bcfiles/evt_notifier.bc>:proc_write:%271
</harden/bcfiles/linux_bcfiles/evt_notifier.bc>:proc_write:%25	</harden/bcfiles/linux_bcfiles/evt_notifier.bc>:proc_write:%262
</harden/bcfiles/linux_bcfiles/evt_notifier.bc>:proc_write:%23	</harden/bcfiles/linux_bcfiles/evt_notifier.bc>:proc_write:%244
</harden/bcfiles/linux_bcfiles/evt_notifier.bc>:proc_write:%232	</harden/bcfiles/linux_bcfiles/evt_notifier.bc>:proc_write:%233
</harden/bcfiles/linux_bcfiles/evt_notifier.bc>:proc_write:%23	</harden/bcfiles/linux_bcfiles/evt_notifier.bc>:proc_write:%230
</harden/bcfiles/linux_bcfiles/evt_notifier.bc>:proc_write:%22	</harden/bcfiles/linux_bcfiles/evt_notifier.bc>:proc_write:%224
</harden/bcfiles/linux_bcfiles/evt_notifier.bc>:proc_write:%5	</harden/bcfiles/linux_bcfiles/evt_notifier.bc>:proc_write:%187
</harden/bcfiles/linux_bcfiles/evt_notifier.bc>:proc_write:%12	</harden/bcfiles/linux_bcfiles/evt_notifier.bc>:proc_write:%176
</harden/bcfiles/linux_bcfiles/evt_notifier.bc>:proc_write:%10	</harden/bcfiles/linux_bcfiles/evt_notifier.bc>:proc_write:%208
</harden/bcfiles/linux_bcfiles/evt_notifier.bc>:proc_write:%8	</harden/bcfiles/linux_bcfiles/evt_notifier.bc>:proc_write:%162
</harden/bcfiles/linux_bcfiles/evt_notifier.bc>:proc_write:%8	</harden/bcfiles/linux_bcfiles/evt_notifier.bc>:proc_write:%154
</harden/bcfiles/linux_bcfiles/evt_notifier.bc>:proc_write:%29	</harden/bcfiles/linux_bcfiles/evt_notifier.bc>:proc_write:%295
</harden/bcfiles/linux_bcfiles/evt_notifier.bc>:proc_write:%8	</harden/bcfiles/linux_bcfiles/evt_notifier.bc>:proc_write:%150
</harden/bcfiles/linux_bcfiles/evt_notifier.bc>:proc_write:%31	</harden/bcfiles/linux_bcfiles/evt_notifier.bc>:proc_write:%305
</harden/bcfiles/linux_bcfiles/evt_notifier.bc>:proc_write:%30	</harden/bcfiles/linux_bcfiles/evt_notifier.bc>:proc_write:%298
</harden/bcfiles/linux_bcfiles/evt_notifier.bc>:proc_write:%8	</harden/bcfiles/linux_bcfiles/evt_notifier.bc>:proc_write:%138
</harden/bcfiles/linux_bcfiles/evt_notifier.bc>:proc_write:%8	</harden/bcfiles/linux_bcfiles/evt_notifier.bc>:proc_write:%130
</harden/bcfiles/linux_bcfiles/evt_notifier.bc>:proc_write:%8	</harden/bcfiles/linux_bcfiles/evt_notifier.bc>:proc_write:%166
</harden/bcfiles/linux_bcfiles/evt_notifier.bc>:proc_write:%23	</harden/bcfiles/linux_bcfiles/evt_notifier.bc>:proc_write:%226
</harden/bcfiles/linux_bcfiles/evt_notifier.bc>:proc_write:%8	</harden/bcfiles/linux_bcfiles/evt_notifier.bc>:proc_write:%114
</harden/bcfiles/linux_bcfiles/evt_notifier.bc>:proc_write:%8	</harden/bcfiles/linux_bcfiles/evt_notifier.bc>:proc_write:%106
</harden/bcfiles/linux_bcfiles/evt_notifier.bc>:proc_write:%27	</harden/bcfiles/linux_bcfiles/evt_notifier.bc>:proc_write:%280
</harden/bcfiles/linux_bcfiles/evt_notifier.bc>:proc_write:%8	</harden/bcfiles/linux_bcfiles/evt_notifier.bc>:proc_write:%146
</harden/bcfiles/linux_bcfiles/evt_notifier.bc>:proc_write:%8	</harden/bcfiles/linux_bcfiles/evt_notifier.bc>:proc_write:%98
</harden/bcfiles/linux_bcfiles/evt_notifier.bc>:proc_write:%8	</harden/bcfiles/linux_bcfiles/evt_notifier.bc>:proc_write:%87
</harden/bcfiles/linux_bcfiles/evt_notifier.bc>:proc_write:%8	</harden/bcfiles/linux_bcfiles/evt_notifier.bc>:proc_write:%134
</harden/bcfiles/linux_bcfiles/evt_notifier.bc>:proc_write:%4	</harden/bcfiles/linux_bcfiles/evt_notifier.bc>:proc_write:%193
</harden/bcfiles/linux_bcfiles/evt_notifier.bc>:proc_write:%8	</harden/bcfiles/linux_bcfiles/evt_notifier.bc>:proc_write:%83
</harden/bcfiles/linux_bcfiles/evt_notifier.bc>:proc_write:%8	</harden/bcfiles/linux_bcfiles/evt_notifier.bc>:proc_write:%80
</harden/bcfiles/linux_bcfiles/evt_notifier.bc>:proc_write:%8	</harden/bcfiles/linux_bcfiles/evt_notifier.bc>:proc_write:%76
</harden/bcfiles/linux_bcfiles/evt_notifier.bc>:proc_write:%11	</harden/bcfiles/linux_bcfiles/evt_notifier.bc>:proc_write:%71
</harden/bcfiles/linux_bcfiles/evt_notifier.bc>:proc_write:%19	</harden/bcfiles/linux_bcfiles/evt_notifier.bc>:proc_write:%239
</harden/bcfiles/linux_bcfiles/evt_notifier.bc>:proc_write:%8	</harden/bcfiles/linux_bcfiles/evt_notifier.bc>:proc_write:%122
</harden/bcfiles/linux_bcfiles/evt_notifier.bc>:proc_write:%18	</harden/bcfiles/linux_bcfiles/evt_notifier.bc>:proc_write:%266
</harden/bcfiles/linux_bcfiles/evt_notifier.bc>:proc_write:%21	</harden/bcfiles/linux_bcfiles/evt_notifier.bc>:proc_write:%57
</harden/bcfiles/linux_bcfiles/evt_notifier.bc>:proc_write:%18	</harden/bcfiles/linux_bcfiles/evt_notifier.bc>:proc_write:%215
</harden/bcfiles/linux_bcfiles/evt_notifier.bc>:proc_write:%8	</harden/bcfiles/linux_bcfiles/evt_notifier.bc>:proc_write:%142
</harden/bcfiles/linux_bcfiles/evt_notifier.bc>:proc_write:%18	</harden/bcfiles/linux_bcfiles/evt_notifier.bc>:proc_write:%52
</harden/bcfiles/linux_bcfiles/evt_notifier.bc>:proc_write:%11	</harden/bcfiles/linux_bcfiles/evt_notifier.bc>:proc_write:%64
</harden/bcfiles/linux_bcfiles/evt_notifier.bc>:proc_write:%19	</harden/bcfiles/linux_bcfiles/evt_notifier.bc>:proc_write:%229
</harden/bcfiles/linux_bcfiles/evt_notifier.bc>:proc_write:%8	</harden/bcfiles/linux_bcfiles/evt_notifier.bc>:proc_write:%72
</harden/bcfiles/linux_bcfiles/evt_notifier.bc>:proc_write:54:0:@offset	</harden/bcfiles/linux_bcfiles/evt_notifier.bc>:proc_write:%46
</harden/bcfiles/linux_bcfiles/evt_notifier.bc>:proc_write:%20	</harden/bcfiles/linux_bcfiles/evt_notifier.bc>:proc_write:%44
</harden/bcfiles/linux_bcfiles/evt_notifier.bc>:proc_write:%7	</harden/bcfiles/linux_bcfiles/evt_notifier.bc>:proc_write:%175
</harden/bcfiles/linux_bcfiles/evt_notifier.bc>:proc_write:43:0:@offset	</harden/bcfiles/linux_bcfiles/evt_notifier.bc>:proc_write:%37
</harden/bcfiles/linux_bcfiles/evt_notifier.bc>:proc_write:%8	</harden/bcfiles/linux_bcfiles/evt_notifier.bc>:proc_write:%94
</harden/bcfiles/linux_bcfiles/evt_notifier.bc>:proc_write:%18	</harden/bcfiles/linux_bcfiles/evt_notifier.bc>:proc_write:%257
</harden/bcfiles/linux_bcfiles/evt_notifier.bc>:proc_write:%19	</harden/bcfiles/linux_bcfiles/evt_notifier.bc>:proc_write:%209
</harden/bcfiles/linux_bcfiles/evt_notifier.bc>:proc_write:%8	</harden/bcfiles/linux_bcfiles/evt_notifier.bc>:proc_write:%102
</harden/bcfiles/linux_bcfiles/evt_notifier.bc>:proc_write:%23	</harden/bcfiles/linux_bcfiles/evt_notifier.bc>:proc_write:%240
</harden/bcfiles/linux_bcfiles/evt_notifier.bc>:proc_write:40:0:@offset	</harden/bcfiles/linux_bcfiles/evt_notifier.bc>:proc_write:%34
</harden/bcfiles/linux_bcfiles/evt_notifier.bc>:proc_write:%23	</harden/bcfiles/linux_bcfiles/evt_notifier.bc>:proc_write:%235
</harden/bcfiles/linux_bcfiles/evt_notifier.bc>:proc_write:%32	</harden/bcfiles/linux_bcfiles/evt_notifier.bc>:proc_write:%33
</harden/bcfiles/linux_bcfiles/evt_notifier.bc>:proc_write:%17	</harden/bcfiles/linux_bcfiles/evt_notifier.bc>:proc_write:%32
</harden/bcfiles/linux_bcfiles/evt_notifier.bc>:proc_write:%8	</harden/bcfiles/linux_bcfiles/evt_notifier.bc>:proc_write:%126
</harden/bcfiles/linux_bcfiles/evt_notifier.bc>:proc_write:%8	</harden/bcfiles/linux_bcfiles/evt_notifier.bc>:proc_write:%158
</harden/bcfiles/linux_bcfiles/evt_notifier.bc>:proc_write:%24	</harden/bcfiles/linux_bcfiles/evt_notifier.bc>:proc_write:%252
</harden/bcfiles/linux_bcfiles/evt_notifier.bc>:proc_write:%8	</harden/bcfiles/linux_bcfiles/evt_notifier.bc>:proc_write:%118
</harden/bcfiles/linux_bcfiles/evt_notifier.bc>:proc_write:%11	</harden/bcfiles/linux_bcfiles/evt_notifier.bc>:proc_write:%61
</harden/bcfiles/linux_bcfiles/evt_notifier.bc>:proc_write:%5	</harden/bcfiles/linux_bcfiles/evt_notifier.bc>:proc_write:%179
</harden/bcfiles/linux_bcfiles/evt_notifier.bc>:proc_write:%8	</harden/bcfiles/linux_bcfiles/evt_notifier.bc>:proc_write:%110
</harden/bcfiles/linux_bcfiles/evt_notifier.bc>:proc_write:%9	</harden/bcfiles/linux_bcfiles/evt_notifier.bc>:proc_write:%170
</harden/bcfiles/linux_bcfiles/evt_notifier.bc>:proc_write:%8	</harden/bcfiles/linux_bcfiles/evt_notifier.bc>:proc_write:%90
</harden/bcfiles/linux_bcfiles/evt_notifier.bc>:proc_write:%16	</harden/bcfiles/linux_bcfiles/evt_notifier.bc>:proc_write:%48
</harden/bcfiles/linux_bcfiles/evt_notifier.bc>:proc_write:%13	</harden/bcfiles/linux_bcfiles/evt_notifier.bc>:proc_write:%196
</harden/bcfiles/linux_bcfiles/evt_notifier.bc>:IS_ERR:%2	</harden/bcfiles/linux_bcfiles/evt_notifier.bc>:IS_ERR:%3
</harden/bcfiles/linux_bcfiles/evt_notifier.bc>:PTR_ERR:%2	</harden/bcfiles/linux_bcfiles/evt_notifier.bc>:PTR_ERR:%3
</harden/bcfiles/linux_bcfiles/evt_notifier.bc>:my_devnode:%4	</harden/bcfiles/linux_bcfiles/evt_notifier.bc>:my_devnode:%8
</harden/bcfiles/linux_bcfiles/evt_notifier.bc>:my_devnode:%4	</harden/bcfiles/linux_bcfiles/evt_notifier.bc>:my_devnode:%5
</harden/bcfiles/linux_bcfiles/evt_notifier.bc>:dr_w_dev_read:%22	</harden/bcfiles/linux_bcfiles/evt_notifier.bc>:dr_w_dev_read:%132
</harden/bcfiles/linux_bcfiles/evt_notifier.bc>:dr_w_dev_read:%22	</harden/bcfiles/linux_bcfiles/evt_notifier.bc>:dr_w_dev_read:%127
</harden/bcfiles/linux_bcfiles/evt_notifier.bc>:dr_w_dev_read:%15	</harden/bcfiles/linux_bcfiles/evt_notifier.bc>:dr_w_dev_read:%122
</harden/bcfiles/linux_bcfiles/evt_notifier.bc>:dr_w_dev_read:%5	</harden/bcfiles/linux_bcfiles/evt_notifier.bc>:dr_w_dev_read:%115
</harden/bcfiles/linux_bcfiles/evt_notifier.bc>:dr_w_dev_read:%8	</harden/bcfiles/linux_bcfiles/evt_notifier.bc>:dr_w_dev_read:%112
</harden/bcfiles/linux_bcfiles/evt_notifier.bc>:dr_w_dev_read:%12	</harden/bcfiles/linux_bcfiles/evt_notifier.bc>:dr_w_dev_read:%106
</harden/bcfiles/linux_bcfiles/evt_notifier.bc>:dr_w_dev_read:%10	</harden/bcfiles/linux_bcfiles/evt_notifier.bc>:dr_w_dev_read:%101
</harden/bcfiles/linux_bcfiles/evt_notifier.bc>:dr_w_dev_read:%10	</harden/bcfiles/linux_bcfiles/evt_notifier.bc>:dr_w_dev_read:%93
</harden/bcfiles/linux_bcfiles/evt_notifier.bc>:dr_w_dev_read:%7	</harden/bcfiles/linux_bcfiles/evt_notifier.bc>:dr_w_dev_read:%89
</harden/bcfiles/linux_bcfiles/evt_notifier.bc>:dr_w_dev_read:%8	</harden/bcfiles/linux_bcfiles/evt_notifier.bc>:dr_w_dev_read:%82
</harden/bcfiles/linux_bcfiles/evt_notifier.bc>:dr_w_dev_read:%21	</harden/bcfiles/linux_bcfiles/evt_notifier.bc>:dr_w_dev_read:%124
</harden/bcfiles/linux_bcfiles/evt_notifier.bc>:dr_w_dev_read:%9	</harden/bcfiles/linux_bcfiles/evt_notifier.bc>:dr_w_dev_read:%66
</harden/bcfiles/linux_bcfiles/evt_notifier.bc>:dr_w_dev_read:%7	</harden/bcfiles/linux_bcfiles/evt_notifier.bc>:dr_w_dev_read:%68
</harden/bcfiles/linux_bcfiles/evt_notifier.bc>:dr_w_dev_read:%20	</harden/bcfiles/linux_bcfiles/evt_notifier.bc>:dr_w_dev_read:%129
</harden/bcfiles/linux_bcfiles/evt_notifier.bc>:dr_w_dev_read:%15	</harden/bcfiles/linux_bcfiles/evt_notifier.bc>:dr_w_dev_read:%59
</harden/bcfiles/linux_bcfiles/evt_notifier.bc>:dr_w_dev_read:%14	</harden/bcfiles/linux_bcfiles/evt_notifier.bc>:dr_w_dev_read:%58
</harden/bcfiles/linux_bcfiles/evt_notifier.bc>:dr_w_dev_read:%22	</harden/bcfiles/linux_bcfiles/evt_notifier.bc>:dr_w_dev_read:%56
</harden/bcfiles/linux_bcfiles/evt_notifier.bc>:dr_w_dev_read:%129	</harden/bcfiles/linux_bcfiles/evt_notifier.bc>:dr_w_dev_read:%130
</harden/bcfiles/linux_bcfiles/evt_notifier.bc>:dr_w_dev_read:%53	</harden/bcfiles/linux_bcfiles/evt_notifier.bc>:dr_w_dev_read:%54
</harden/bcfiles/linux_bcfiles/evt_notifier.bc>:dr_w_dev_read:%20	</harden/bcfiles/linux_bcfiles/evt_notifier.bc>:dr_w_dev_read:%53
</harden/bcfiles/linux_bcfiles/evt_notifier.bc>:dr_w_dev_read:%18	</harden/bcfiles/linux_bcfiles/evt_notifier.bc>:dr_w_dev_read:%52
</harden/bcfiles/linux_bcfiles/evt_notifier.bc>:dr_w_dev_read:%26	</harden/bcfiles/linux_bcfiles/evt_notifier.bc>:dr_w_dev_read:%50
</harden/bcfiles/linux_bcfiles/evt_notifier.bc>:dr_w_dev_read:%9	</harden/bcfiles/linux_bcfiles/evt_notifier.bc>:dr_w_dev_read:%63
</harden/bcfiles/linux_bcfiles/evt_notifier.bc>:dr_w_dev_read:%22	</harden/bcfiles/linux_bcfiles/evt_notifier.bc>:dr_w_dev_read:%44
</harden/bcfiles/linux_bcfiles/evt_notifier.bc>:dr_w_dev_read:%25	</harden/bcfiles/linux_bcfiles/evt_notifier.bc>:dr_w_dev_read:%42
</harden/bcfiles/linux_bcfiles/evt_notifier.bc>:dr_w_dev_read:%24	</harden/bcfiles/linux_bcfiles/evt_notifier.bc>:dr_w_dev_read:%39
</harden/bcfiles/linux_bcfiles/evt_notifier.bc>:dr_w_dev_read:%23	</harden/bcfiles/linux_bcfiles/evt_notifier.bc>:dr_w_dev_read:%37
</harden/bcfiles/linux_bcfiles/evt_notifier.bc>:dr_w_dev_read:%24	</harden/bcfiles/linux_bcfiles/evt_notifier.bc>:dr_w_dev_read:%34
</harden/bcfiles/linux_bcfiles/evt_notifier.bc>:dr_w_dev_read:%16	</harden/bcfiles/linux_bcfiles/evt_notifier.bc>:dr_w_dev_read:%136
</harden/bcfiles/linux_bcfiles/evt_notifier.bc>:dr_w_dev_read:%23	</harden/bcfiles/linux_bcfiles/evt_notifier.bc>:dr_w_dev_read:%33
</harden/bcfiles/linux_bcfiles/evt_notifier.bc>:dr_w_dev_read:%30	</harden/bcfiles/linux_bcfiles/evt_notifier.bc>:dr_w_dev_read:%31
</harden/bcfiles/linux_bcfiles/evt_notifier.bc>:dr_w_dev_read:36:0:@message_size	</harden/bcfiles/linux_bcfiles/evt_notifier.bc>:dr_w_dev_read:%28
</harden/bcfiles/linux_bcfiles/evt_notifier.bc>:dr_w_dev_read:%19	</harden/bcfiles/linux_bcfiles/evt_notifier.bc>:dr_w_dev_read:%27
</harden/bcfiles/linux_bcfiles/evt_notifier.bc>:dr_w_dev_read:%20	</harden/bcfiles/linux_bcfiles/evt_notifier.bc>:dr_w_dev_read:%30
</harden/bcfiles/linux_bcfiles/evt_notifier.bc>:dr_w_dev_write:%16	</harden/bcfiles/linux_bcfiles/evt_notifier.bc>:dr_w_dev_write:%121
</harden/bcfiles/linux_bcfiles/evt_notifier.bc>:dr_w_dev_write:%19	</harden/bcfiles/linux_bcfiles/evt_notifier.bc>:dr_w_dev_write:%119
</harden/bcfiles/linux_bcfiles/evt_notifier.bc>:dr_w_dev_write:%22	</harden/bcfiles/linux_bcfiles/evt_notifier.bc>:dr_w_dev_write:%113
</harden/bcfiles/linux_bcfiles/evt_notifier.bc>:dr_w_dev_write:%23	</harden/bcfiles/linux_bcfiles/evt_notifier.bc>:dr_w_dev_write:%107
</harden/bcfiles/linux_bcfiles/evt_notifier.bc>:dr_w_dev_write:%23	</harden/bcfiles/linux_bcfiles/evt_notifier.bc>:dr_w_dev_write:%104
</harden/bcfiles/linux_bcfiles/evt_notifier.bc>:dr_w_dev_write:%19	</harden/bcfiles/linux_bcfiles/evt_notifier.bc>:dr_w_dev_write:%100
</harden/bcfiles/linux_bcfiles/evt_notifier.bc>:dr_w_dev_write:%15	</harden/bcfiles/linux_bcfiles/evt_notifier.bc>:dr_w_dev_write:%96
</harden/bcfiles/linux_bcfiles/evt_notifier.bc>:dr_w_dev_write:%5	</harden/bcfiles/linux_bcfiles/evt_notifier.bc>:dr_w_dev_write:%89
</harden/bcfiles/linux_bcfiles/evt_notifier.bc>:dr_w_dev_write:%8	</harden/bcfiles/linux_bcfiles/evt_notifier.bc>:dr_w_dev_write:%86
</harden/bcfiles/linux_bcfiles/evt_notifier.bc>:dr_w_dev_write:%10	</harden/bcfiles/linux_bcfiles/evt_notifier.bc>:dr_w_dev_write:%75
</harden/bcfiles/linux_bcfiles/evt_notifier.bc>:dr_w_dev_write:%10	</harden/bcfiles/linux_bcfiles/evt_notifier.bc>:dr_w_dev_write:%67
</harden/bcfiles/linux_bcfiles/evt_notifier.bc>:dr_w_dev_write:%7	</harden/bcfiles/linux_bcfiles/evt_notifier.bc>:dr_w_dev_write:%63
</harden/bcfiles/linux_bcfiles/evt_notifier.bc>:dr_w_dev_write:%8	</harden/bcfiles/linux_bcfiles/evt_notifier.bc>:dr_w_dev_write:%56
</harden/bcfiles/linux_bcfiles/evt_notifier.bc>:dr_w_dev_write:%7	</harden/bcfiles/linux_bcfiles/evt_notifier.bc>:dr_w_dev_write:%42
</harden/bcfiles/linux_bcfiles/evt_notifier.bc>:dr_w_dev_write:%9	</harden/bcfiles/linux_bcfiles/evt_notifier.bc>:dr_w_dev_write:%40
</harden/bcfiles/linux_bcfiles/evt_notifier.bc>:dr_w_dev_write:%9	</harden/bcfiles/linux_bcfiles/evt_notifier.bc>:dr_w_dev_write:%37
</harden/bcfiles/linux_bcfiles/evt_notifier.bc>:dr_w_dev_write:%22	</harden/bcfiles/linux_bcfiles/evt_notifier.bc>:dr_w_dev_write:%117
</harden/bcfiles/linux_bcfiles/evt_notifier.bc>:dr_w_dev_write:%15	</harden/bcfiles/linux_bcfiles/evt_notifier.bc>:dr_w_dev_write:%33
</harden/bcfiles/linux_bcfiles/evt_notifier.bc>:dr_w_dev_write:%13	</harden/bcfiles/linux_bcfiles/evt_notifier.bc>:dr_w_dev_write:%32
</harden/bcfiles/linux_bcfiles/evt_notifier.bc>:dr_w_dev_write:%19	</harden/bcfiles/linux_bcfiles/evt_notifier.bc>:dr_w_dev_write:%31
</harden/bcfiles/linux_bcfiles/evt_notifier.bc>:dr_w_dev_write:%22	</harden/bcfiles/linux_bcfiles/evt_notifier.bc>:dr_w_dev_write:%110
</harden/bcfiles/linux_bcfiles/evt_notifier.bc>:dr_w_dev_write:%18	</harden/bcfiles/linux_bcfiles/evt_notifier.bc>:dr_w_dev_write:%30
</harden/bcfiles/linux_bcfiles/evt_notifier.bc>:dr_w_dev_write:%19	</harden/bcfiles/linux_bcfiles/evt_notifier.bc>:dr_w_dev_write:%25
</harden/bcfiles/linux_bcfiles/evt_notifier.bc>:dr_w_dev_write:%12	</harden/bcfiles/linux_bcfiles/evt_notifier.bc>:dr_w_dev_write:%80
