</harden/bcfiles/linux_bcfiles/evt_notifier.bc>:evt_notifier_init:12	</harden/bcfiles/linux_bcfiles/evt_notifier.bc>:evt_notifier_init:%9
</harden/bcfiles/linux_bcfiles/evt_notifier.bc>:evt_notifier_init:19	</harden/bcfiles/linux_bcfiles/evt_notifier.bc>:evt_notifier_init:%15
</harden/bcfiles/linux_bcfiles/evt_notifier.bc>:evt_notifier_init:27	</harden/bcfiles/linux_bcfiles/evt_notifier.bc>:evt_notifier_init:%20
</harden/bcfiles/linux_bcfiles/evt_notifier.bc>:evt_notifier_init:36	</harden/bcfiles/linux_bcfiles/evt_notifier.bc>:evt_notifier_init:%27
</harden/bcfiles/linux_bcfiles/evt_notifier.bc>:evt_notifier_init:42	</harden/bcfiles/linux_bcfiles/evt_notifier.bc>:evt_notifier_init:%31
</harden/bcfiles/linux_bcfiles/evt_notifier.bc>:evt_notifier_init:46	</harden/bcfiles/linux_bcfiles/evt_notifier.bc>:evt_notifier_init:%33
</harden/bcfiles/linux_bcfiles/evt_notifier.bc>:evt_notifier_init:46	</harden/bcfiles/linux_bcfiles/evt_notifier.bc>:evt_notifier_init:%34
</harden/bcfiles/linux_bcfiles/evt_notifier.bc>:evt_notifier_init:53	</harden/bcfiles/linux_bcfiles/evt_notifier.bc>:evt_notifier_init:%39
</harden/bcfiles/linux_bcfiles/evt_notifier.bc>:evt_notifier_init:58	</harden/bcfiles/linux_bcfiles/evt_notifier.bc>:evt_notifier_init:%42
</harden/bcfiles/linux_bcfiles/evt_notifier.bc>:evt_notifier_init:58	</harden/bcfiles/linux_bcfiles/evt_notifier.bc>:evt_notifier_init:%43
</harden/bcfiles/linux_bcfiles/evt_notifier.bc>:evt_notifier_init:67	</harden/bcfiles/linux_bcfiles/evt_notifier.bc>:evt_notifier_init:%50
</harden/bcfiles/linux_bcfiles/evt_notifier.bc>:evt_notifier_init:71	</harden/bcfiles/linux_bcfiles/evt_notifier.bc>:evt_notifier_init:%52
</harden/bcfiles/linux_bcfiles/evt_notifier.bc>:evt_notifier_init:71	</harden/bcfiles/linux_bcfiles/evt_notifier.bc>:evt_notifier_init:%53
</harden/bcfiles/linux_bcfiles/evt_notifier.bc>:evt_notifier_init:80	</harden/bcfiles/linux_bcfiles/evt_notifier.bc>:evt_notifier_init:%59
</harden/bcfiles/linux_bcfiles/evt_notifier.bc>:evt_notifier_init:85	</harden/bcfiles/linux_bcfiles/evt_notifier.bc>:evt_notifier_init:%62
</harden/bcfiles/linux_bcfiles/evt_notifier.bc>:evt_notifier_init:85	</harden/bcfiles/linux_bcfiles/evt_notifier.bc>:evt_notifier_init:%63
</harden/bcfiles/linux_bcfiles/evt_notifier.bc>:evt_notifier_exit:11	</harden/bcfiles/linux_bcfiles/evt_notifier.bc>:evt_notifier_exit:%7
</harden/bcfiles/linux_bcfiles/evt_notifier.bc>:proc_write:49	</harden/bcfiles/linux_bcfiles/evt_notifier.bc>:proc_write:%43
</harden/bcfiles/linux_bcfiles/evt_notifier.bc>:proc_write:65	</harden/bcfiles/linux_bcfiles/evt_notifier.bc>:proc_write:%56
</harden/bcfiles/linux_bcfiles/evt_notifier.bc>:proc_write:73	</harden/bcfiles/linux_bcfiles/evt_notifier.bc>:proc_write:%59
</harden/bcfiles/linux_bcfiles/evt_notifier.bc>:proc_write:84	</harden/bcfiles/linux_bcfiles/evt_notifier.bc>:proc_write:%69
</harden/bcfiles/linux_bcfiles/evt_notifier.bc>:proc_write:223	</harden/bcfiles/linux_bcfiles/evt_notifier.bc>:proc_write:%177
</harden/bcfiles/linux_bcfiles/evt_notifier.bc>:proc_write:255	</harden/bcfiles/linux_bcfiles/evt_notifier.bc>:proc_write:%202
</harden/bcfiles/linux_bcfiles/evt_notifier.bc>:proc_write:260	</harden/bcfiles/linux_bcfiles/evt_notifier.bc>:proc_write:%206
</harden/bcfiles/linux_bcfiles/evt_notifier.bc>:proc_write:269	</harden/bcfiles/linux_bcfiles/evt_notifier.bc>:proc_write:%213
</harden/bcfiles/linux_bcfiles/evt_notifier.bc>:proc_write:275	</harden/bcfiles/linux_bcfiles/evt_notifier.bc>:proc_write:%219
</harden/bcfiles/linux_bcfiles/evt_notifier.bc>:proc_write:279	</harden/bcfiles/linux_bcfiles/evt_notifier.bc>:proc_write:%223
</harden/bcfiles/linux_bcfiles/evt_notifier.bc>:proc_write:313	</harden/bcfiles/linux_bcfiles/evt_notifier.bc>:proc_write:%251
</harden/bcfiles/linux_bcfiles/evt_notifier.bc>:proc_write:324	</harden/bcfiles/linux_bcfiles/evt_notifier.bc>:proc_write:%261
</harden/bcfiles/linux_bcfiles/evt_notifier.bc>:proc_write:334	</harden/bcfiles/linux_bcfiles/evt_notifier.bc>:proc_write:%270
</harden/bcfiles/linux_bcfiles/evt_notifier.bc>:proc_write:344	</harden/bcfiles/linux_bcfiles/evt_notifier.bc>:proc_write:%279
</harden/bcfiles/linux_bcfiles/evt_notifier.bc>:proc_write:350	</harden/bcfiles/linux_bcfiles/evt_notifier.bc>:proc_write:%284
</harden/bcfiles/linux_bcfiles/evt_notifier.bc>:proc_write:377	</harden/bcfiles/linux_bcfiles/evt_notifier.bc>:proc_write:%304
</harden/bcfiles/linux_bcfiles/evt_notifier.bc>:dr_w_dev_read:60	</harden/bcfiles/linux_bcfiles/evt_notifier.bc>:dr_w_dev_read:%49
</harden/bcfiles/linux_bcfiles/evt_notifier.bc>:dr_w_dev_read:87	</harden/bcfiles/linux_bcfiles/evt_notifier.bc>:dr_w_dev_read:%61
</harden/bcfiles/linux_bcfiles/evt_notifier.bc>:dr_w_dev_read:104	</harden/bcfiles/linux_bcfiles/evt_notifier.bc>:dr_w_dev_read:%77
</harden/bcfiles/linux_bcfiles/evt_notifier.bc>:dr_w_dev_read:108	</harden/bcfiles/linux_bcfiles/evt_notifier.bc>:dr_w_dev_read:%79
</harden/bcfiles/linux_bcfiles/evt_notifier.bc>:dr_w_dev_read:108	</harden/bcfiles/linux_bcfiles/evt_notifier.bc>:dr_w_dev_read:%80
</harden/bcfiles/linux_bcfiles/evt_notifier.bc>:dr_w_dev_read:152	</harden/bcfiles/linux_bcfiles/evt_notifier.bc>:dr_w_dev_read:%110
</harden/bcfiles/linux_bcfiles/evt_notifier.bc>:dr_w_dev_read:152	</harden/bcfiles/linux_bcfiles/evt_notifier.bc>:dr_w_dev_read:%111
</harden/bcfiles/linux_bcfiles/evt_notifier.bc>:dr_w_dev_read:152	</harden/bcfiles/linux_bcfiles/evt_notifier.bc>:dr_w_dev_read:%113
</harden/bcfiles/linux_bcfiles/evt_notifier.bc>:dr_w_dev_read:160	</harden/bcfiles/linux_bcfiles/evt_notifier.bc>:dr_w_dev_read:%120
</harden/bcfiles/linux_bcfiles/evt_notifier.bc>:dr_w_dev_write:56	</harden/bcfiles/linux_bcfiles/evt_notifier.bc>:dr_w_dev_write:%35
</harden/bcfiles/linux_bcfiles/evt_notifier.bc>:dr_w_dev_write:73	</harden/bcfiles/linux_bcfiles/evt_notifier.bc>:dr_w_dev_write:%51
</harden/bcfiles/linux_bcfiles/evt_notifier.bc>:dr_w_dev_write:77	</harden/bcfiles/linux_bcfiles/evt_notifier.bc>:dr_w_dev_write:%53
</harden/bcfiles/linux_bcfiles/evt_notifier.bc>:dr_w_dev_write:77	</harden/bcfiles/linux_bcfiles/evt_notifier.bc>:dr_w_dev_write:%54
</harden/bcfiles/linux_bcfiles/evt_notifier.bc>:dr_w_dev_write:121	</harden/bcfiles/linux_bcfiles/evt_notifier.bc>:dr_w_dev_write:%84
</harden/bcfiles/linux_bcfiles/evt_notifier.bc>:dr_w_dev_write:121	</harden/bcfiles/linux_bcfiles/evt_notifier.bc>:dr_w_dev_write:%85
</harden/bcfiles/linux_bcfiles/evt_notifier.bc>:dr_w_dev_write:121	</harden/bcfiles/linux_bcfiles/evt_notifier.bc>:dr_w_dev_write:%87
</harden/bcfiles/linux_bcfiles/evt_notifier.bc>:dr_w_dev_write:129	</harden/bcfiles/linux_bcfiles/evt_notifier.bc>:dr_w_dev_write:%94
</harden/bcfiles/linux_bcfiles/evt_notifier.bc>:dr_w_dev_write:141	</harden/bcfiles/linux_bcfiles/evt_notifier.bc>:dr_w_dev_write:%102
</harden/bcfiles/linux_bcfiles/evt_notifier.bc>:dr_w_dev_write:141	</harden/bcfiles/linux_bcfiles/evt_notifier.bc>:dr_w_dev_write:%22
</harden/bcfiles/linux_bcfiles/evt_notifier.bc>:dr_w_dev_write:141	</harden/bcfiles/linux_bcfiles/evt_notifier.bc>:dr_w_dev_write:%103
</harden/bcfiles/linux_bcfiles/evt_notifier.bc>:kstrtol:12	</harden/bcfiles/linux_bcfiles/evt_notifier.bc>:kstrtol:%10
