</harden/bcfiles/linux_bcfiles/evt_notifier.bc>:evt_notifier_init:7	</harden/bcfiles/linux_bcfiles/evt_notifier.bc>:evt_notifier_init:7:0:@llvm.dbg.declare
</harden/bcfiles/linux_bcfiles/evt_notifier.bc>:evt_notifier_init:8	</harden/bcfiles/linux_bcfiles/evt_notifier.bc>:evt_notifier_init:8:0:@llvm.dbg.declare
</harden/bcfiles/linux_bcfiles/evt_notifier.bc>:evt_notifier_init:12	</harden/bcfiles/linux_bcfiles/evt_notifier.bc>:evt_notifier_init:12:0:@register_chrdev_region
</harden/bcfiles/linux_bcfiles/evt_notifier.bc>:evt_notifier_init:19	</harden/bcfiles/linux_bcfiles/evt_notifier.bc>:evt_notifier_init:19:0:@_printk
</harden/bcfiles/linux_bcfiles/evt_notifier.bc>:evt_notifier_init:25	</harden/bcfiles/linux_bcfiles/evt_notifier.bc>:evt_notifier_init:25:0:@cdev_init
</harden/bcfiles/linux_bcfiles/evt_notifier.bc>:evt_notifier_init:27	</harden/bcfiles/linux_bcfiles/evt_notifier.bc>:evt_notifier_init:27:0:@cdev_add
</harden/bcfiles/linux_bcfiles/evt_notifier.bc>:evt_notifier_init:33	</harden/bcfiles/linux_bcfiles/evt_notifier.bc>:evt_notifier_init:33:0:@unregister_chrdev_region
</harden/bcfiles/linux_bcfiles/evt_notifier.bc>:evt_notifier_init:36	</harden/bcfiles/linux_bcfiles/evt_notifier.bc>:evt_notifier_init:36:0:@_printk
</harden/bcfiles/linux_bcfiles/evt_notifier.bc>:evt_notifier_init:42	</harden/bcfiles/linux_bcfiles/evt_notifier.bc>:evt_notifier_init:42:0:@class_create
</harden/bcfiles/linux_bcfiles/evt_notifier.bc>:evt_notifier_init:46	</harden/bcfiles/linux_bcfiles/evt_notifier.bc>:evt_notifier_init:46:0:@IS_ERR
</harden/bcfiles/linux_bcfiles/evt_notifier.bc>:evt_notifier_init:48	</harden/bcfiles/linux_bcfiles/evt_notifier.bc>:evt_notifier_init:48:0:@cdev_del
</harden/bcfiles/linux_bcfiles/evt_notifier.bc>:evt_notifier_init:50	</harden/bcfiles/linux_bcfiles/evt_notifier.bc>:evt_notifier_init:50:0:@unregister_chrdev_region
</harden/bcfiles/linux_bcfiles/evt_notifier.bc>:evt_notifier_init:53	</harden/bcfiles/linux_bcfiles/evt_notifier.bc>:evt_notifier_init:53:0:@_printk
</harden/bcfiles/linux_bcfiles/evt_notifier.bc>:evt_notifier_init:58	</harden/bcfiles/linux_bcfiles/evt_notifier.bc>:evt_notifier_init:58:0:@PTR_ERR
</harden/bcfiles/linux_bcfiles/evt_notifier.bc>:evt_notifier_init:67	</harden/bcfiles/linux_bcfiles/evt_notifier.bc>:evt_notifier_init:67:0:@device_create
</harden/bcfiles/linux_bcfiles/evt_notifier.bc>:evt_notifier_init:71	</harden/bcfiles/linux_bcfiles/evt_notifier.bc>:evt_notifier_init:71:0:@IS_ERR
</harden/bcfiles/linux_bcfiles/evt_notifier.bc>:evt_notifier_init:74	</harden/bcfiles/linux_bcfiles/evt_notifier.bc>:evt_notifier_init:74:0:@class_destroy
</harden/bcfiles/linux_bcfiles/evt_notifier.bc>:evt_notifier_init:75	</harden/bcfiles/linux_bcfiles/evt_notifier.bc>:evt_notifier_init:75:0:@cdev_del
</harden/bcfiles/linux_bcfiles/evt_notifier.bc>:evt_notifier_init:77	</harden/bcfiles/linux_bcfiles/evt_notifier.bc>:evt_notifier_init:77:0:@unregister_chrdev_region
</harden/bcfiles/linux_bcfiles/evt_notifier.bc>:evt_notifier_init:80	</harden/bcfiles/linux_bcfiles/evt_notifier.bc>:evt_notifier_init:80:0:@_printk
</harden/bcfiles/linux_bcfiles/evt_notifier.bc>:evt_notifier_init:85	</harden/bcfiles/linux_bcfiles/evt_notifier.bc>:evt_notifier_init:85:0:@PTR_ERR
</harden/bcfiles/linux_bcfiles/evt_notifier.bc>:evt_notifier_exit:2	</harden/bcfiles/linux_bcfiles/evt_notifier.bc>:evt_notifier_exit:2:0:@device_destroy
</harden/bcfiles/linux_bcfiles/evt_notifier.bc>:evt_notifier_exit:4	</harden/bcfiles/linux_bcfiles/evt_notifier.bc>:evt_notifier_exit:4:0:@class_unregister
</harden/bcfiles/linux_bcfiles/evt_notifier.bc>:evt_notifier_exit:6	</harden/bcfiles/linux_bcfiles/evt_notifier.bc>:evt_notifier_exit:6:0:@class_destroy
</harden/bcfiles/linux_bcfiles/evt_notifier.bc>:evt_notifier_exit:7	</harden/bcfiles/linux_bcfiles/evt_notifier.bc>:evt_notifier_exit:7:0:@cdev_del
</harden/bcfiles/linux_bcfiles/evt_notifier.bc>:evt_notifier_exit:8	</harden/bcfiles/linux_bcfiles/evt_notifier.bc>:evt_notifier_exit:8:0:@unregister_chrdev_region
</harden/bcfiles/linux_bcfiles/evt_notifier.bc>:evt_notifier_exit:11	</harden/bcfiles/linux_bcfiles/evt_notifier.bc>:evt_notifier_exit:11:0:@_printk
</harden/bcfiles/linux_bcfiles/evt_notifier.bc>:proc_write:29	</harden/bcfiles/linux_bcfiles/evt_notifier.bc>:proc_write:29:0:@llvm.dbg.declare
</harden/bcfiles/linux_bcfiles/evt_notifier.bc>:proc_write:31	</harden/bcfiles/linux_bcfiles/evt_notifier.bc>:proc_write:31:0:@llvm.dbg.declare
</harden/bcfiles/linux_bcfiles/evt_notifier.bc>:proc_write:33	</harden/bcfiles/linux_bcfiles/evt_notifier.bc>:proc_write:33:0:@llvm.dbg.declare
</harden/bcfiles/linux_bcfiles/evt_notifier.bc>:proc_write:34	</harden/bcfiles/linux_bcfiles/evt_notifier.bc>:proc_write:34:0:@llvm.dbg.declare
</harden/bcfiles/linux_bcfiles/evt_notifier.bc>:proc_write:38	</harden/bcfiles/linux_bcfiles/evt_notifier.bc>:proc_write:38:0:@llvm.dbg.declare
</harden/bcfiles/linux_bcfiles/evt_notifier.bc>:proc_write:49	</harden/bcfiles/linux_bcfiles/evt_notifier.bc>:proc_write:49:0:@_printk
</harden/bcfiles/linux_bcfiles/evt_notifier.bc>:proc_write:56	</harden/bcfiles/linux_bcfiles/evt_notifier.bc>:proc_write:56::<asm>
</harden/bcfiles/linux_bcfiles/evt_notifier.bc>:proc_write:65	</harden/bcfiles/linux_bcfiles/evt_notifier.bc>:proc_write:65:0:@_printk
</harden/bcfiles/linux_bcfiles/evt_notifier.bc>:proc_write:69	</harden/bcfiles/linux_bcfiles/evt_notifier.bc>:proc_write:69:0:@llvm.dbg.declare
</harden/bcfiles/linux_bcfiles/evt_notifier.bc>:proc_write:71	</harden/bcfiles/linux_bcfiles/evt_notifier.bc>:proc_write:71:0:@llvm.dbg.declare
</harden/bcfiles/linux_bcfiles/evt_notifier.bc>:proc_write:73	</harden/bcfiles/linux_bcfiles/evt_notifier.bc>:proc_write:73:0:@llvm.is.constant.i64
</harden/bcfiles/linux_bcfiles/evt_notifier.bc>:proc_write:78	</harden/bcfiles/linux_bcfiles/evt_notifier.bc>:proc_write:78:0:@llvm.dbg.declare
</harden/bcfiles/linux_bcfiles/evt_notifier.bc>:proc_write:84	</harden/bcfiles/linux_bcfiles/evt_notifier.bc>:proc_write:84:0:@kmalloc_large
</harden/bcfiles/linux_bcfiles/evt_notifier.bc>:proc_write:89	</harden/bcfiles/linux_bcfiles/evt_notifier.bc>:proc_write:89:0:@llvm.dbg.declare
</harden/bcfiles/linux_bcfiles/evt_notifier.bc>:proc_write:91	</harden/bcfiles/linux_bcfiles/evt_notifier.bc>:proc_write:91:0:@llvm.dbg.declare
</harden/bcfiles/linux_bcfiles/evt_notifier.bc>:proc_write:218	</harden/bcfiles/linux_bcfiles/evt_notifier.bc>:proc_write:218::<asm>
</harden/bcfiles/linux_bcfiles/evt_notifier.bc>:proc_write:223	</harden/bcfiles/linux_bcfiles/evt_notifier.bc>:proc_write:223:0:@llvm.returnaddress
</harden/bcfiles/linux_bcfiles/evt_notifier.bc>:proc_write:226	</harden/bcfiles/linux_bcfiles/evt_notifier.bc>:proc_write:226:0:@llvm.dbg.declare
</harden/bcfiles/linux_bcfiles/evt_notifier.bc>:proc_write:228	</harden/bcfiles/linux_bcfiles/evt_notifier.bc>:proc_write:228:0:@llvm.dbg.declare
</harden/bcfiles/linux_bcfiles/evt_notifier.bc>:proc_write:255	</harden/bcfiles/linux_bcfiles/evt_notifier.bc>:proc_write:255:0:@kmalloc_trace
</harden/bcfiles/linux_bcfiles/evt_notifier.bc>:proc_write:260	</harden/bcfiles/linux_bcfiles/evt_notifier.bc>:proc_write:260:0:@__kmalloc
</harden/bcfiles/linux_bcfiles/evt_notifier.bc>:proc_write:269	</harden/bcfiles/linux_bcfiles/evt_notifier.bc>:proc_write:269:0:@memset
</harden/bcfiles/linux_bcfiles/evt_notifier.bc>:proc_write:275	</harden/bcfiles/linux_bcfiles/evt_notifier.bc>:proc_write:275:0:@snprintf
</harden/bcfiles/linux_bcfiles/evt_notifier.bc>:proc_write:279	</harden/bcfiles/linux_bcfiles/evt_notifier.bc>:proc_write:279:0:@_printk
</harden/bcfiles/linux_bcfiles/evt_notifier.bc>:proc_write:282	</harden/bcfiles/linux_bcfiles/evt_notifier.bc>:proc_write:282:0:@llvm.dbg.declare
</harden/bcfiles/linux_bcfiles/evt_notifier.bc>:proc_write:309	</harden/bcfiles/linux_bcfiles/evt_notifier.bc>:proc_write:309:0:@kfree
</harden/bcfiles/linux_bcfiles/evt_notifier.bc>:proc_write:313	</harden/bcfiles/linux_bcfiles/evt_notifier.bc>:proc_write:313:0:@_printk
</harden/bcfiles/linux_bcfiles/evt_notifier.bc>:proc_write:324	</harden/bcfiles/linux_bcfiles/evt_notifier.bc>:proc_write:324:0:@_printk
</harden/bcfiles/linux_bcfiles/evt_notifier.bc>:proc_write:334	</harden/bcfiles/linux_bcfiles/evt_notifier.bc>:proc_write:334:0:@_printk
</harden/bcfiles/linux_bcfiles/evt_notifier.bc>:proc_write:344	</harden/bcfiles/linux_bcfiles/evt_notifier.bc>:proc_write:344:0:@_printk
</harden/bcfiles/linux_bcfiles/evt_notifier.bc>:proc_write:350	</harden/bcfiles/linux_bcfiles/evt_notifier.bc>:proc_write:350:0:@_printk
</harden/bcfiles/linux_bcfiles/evt_notifier.bc>:proc_write:354	</harden/bcfiles/linux_bcfiles/evt_notifier.bc>:proc_write:354:0:@llvm.dbg.declare
</harden/bcfiles/linux_bcfiles/evt_notifier.bc>:proc_write:356	</harden/bcfiles/linux_bcfiles/evt_notifier.bc>:proc_write:356:0:@llvm.dbg.declare
</harden/bcfiles/linux_bcfiles/evt_notifier.bc>:proc_write:377	</harden/bcfiles/linux_bcfiles/evt_notifier.bc>:proc_write:377:0:@_printk
</harden/bcfiles/linux_bcfiles/evt_notifier.bc>:IS_ERR:2	</harden/bcfiles/linux_bcfiles/evt_notifier.bc>:IS_ERR:2:0:@llvm.dbg.declare
</harden/bcfiles/linux_bcfiles/evt_notifier.bc>:PTR_ERR:2	</harden/bcfiles/linux_bcfiles/evt_notifier.bc>:PTR_ERR:2:0:@llvm.dbg.declare
</harden/bcfiles/linux_bcfiles/evt_notifier.bc>:my_devnode:3	</harden/bcfiles/linux_bcfiles/evt_notifier.bc>:my_devnode:3:0:@llvm.dbg.declare
</harden/bcfiles/linux_bcfiles/evt_notifier.bc>:my_devnode:5	</harden/bcfiles/linux_bcfiles/evt_notifier.bc>:my_devnode:5:0:@llvm.dbg.declare
</harden/bcfiles/linux_bcfiles/evt_notifier.bc>:dr_w_dev_read:23	</harden/bcfiles/linux_bcfiles/evt_notifier.bc>:dr_w_dev_read:23:0:@llvm.dbg.declare
</harden/bcfiles/linux_bcfiles/evt_notifier.bc>:dr_w_dev_read:25	</harden/bcfiles/linux_bcfiles/evt_notifier.bc>:dr_w_dev_read:25:0:@llvm.dbg.declare
</harden/bcfiles/linux_bcfiles/evt_notifier.bc>:dr_w_dev_read:27	</harden/bcfiles/linux_bcfiles/evt_notifier.bc>:dr_w_dev_read:27:0:@llvm.dbg.declare
</harden/bcfiles/linux_bcfiles/evt_notifier.bc>:dr_w_dev_read:29	</harden/bcfiles/linux_bcfiles/evt_notifier.bc>:dr_w_dev_read:29:0:@llvm.dbg.declare
</harden/bcfiles/linux_bcfiles/evt_notifier.bc>:dr_w_dev_read:30	</harden/bcfiles/linux_bcfiles/evt_notifier.bc>:dr_w_dev_read:30:0:@llvm.dbg.declare
</harden/bcfiles/linux_bcfiles/evt_notifier.bc>:dr_w_dev_read:31	</harden/bcfiles/linux_bcfiles/evt_notifier.bc>:dr_w_dev_read:31:0:@llvm.dbg.declare
</harden/bcfiles/linux_bcfiles/evt_notifier.bc>:dr_w_dev_read:32	</harden/bcfiles/linux_bcfiles/evt_notifier.bc>:dr_w_dev_read:32:0:@llvm.dbg.declare
</harden/bcfiles/linux_bcfiles/evt_notifier.bc>:dr_w_dev_read:35	</harden/bcfiles/linux_bcfiles/evt_notifier.bc>:dr_w_dev_read:35:0:@llvm.dbg.declare
</harden/bcfiles/linux_bcfiles/evt_notifier.bc>:dr_w_dev_read:60	</harden/bcfiles/linux_bcfiles/evt_notifier.bc>:dr_w_dev_read:60:0:@_printk
</harden/bcfiles/linux_bcfiles/evt_notifier.bc>:dr_w_dev_read:72	</harden/bcfiles/linux_bcfiles/evt_notifier.bc>:dr_w_dev_read:72:0:@llvm.dbg.declare
</harden/bcfiles/linux_bcfiles/evt_notifier.bc>:dr_w_dev_read:74	</harden/bcfiles/linux_bcfiles/evt_notifier.bc>:dr_w_dev_read:74:0:@llvm.dbg.declare
</harden/bcfiles/linux_bcfiles/evt_notifier.bc>:dr_w_dev_read:76	</harden/bcfiles/linux_bcfiles/evt_notifier.bc>:dr_w_dev_read:76:0:@llvm.dbg.declare
</harden/bcfiles/linux_bcfiles/evt_notifier.bc>:dr_w_dev_read:80	</harden/bcfiles/linux_bcfiles/evt_notifier.bc>:dr_w_dev_read:80:0:@llvm.dbg.declare
</harden/bcfiles/linux_bcfiles/evt_notifier.bc>:dr_w_dev_read:82	</harden/bcfiles/linux_bcfiles/evt_notifier.bc>:dr_w_dev_read:82:0:@llvm.dbg.declare
</harden/bcfiles/linux_bcfiles/evt_notifier.bc>:dr_w_dev_read:84	</harden/bcfiles/linux_bcfiles/evt_notifier.bc>:dr_w_dev_read:84:0:@llvm.dbg.declare
</harden/bcfiles/linux_bcfiles/evt_notifier.bc>:dr_w_dev_read:85	</harden/bcfiles/linux_bcfiles/evt_notifier.bc>:dr_w_dev_read:85:0:@llvm.dbg.declare
</harden/bcfiles/linux_bcfiles/evt_notifier.bc>:dr_w_dev_read:87	</harden/bcfiles/linux_bcfiles/evt_notifier.bc>:dr_w_dev_read:87:0:@llvm.objectsize.i64.p0i8
</harden/bcfiles/linux_bcfiles/evt_notifier.bc>:dr_w_dev_read:104	</harden/bcfiles/linux_bcfiles/evt_notifier.bc>:dr_w_dev_read:104:0:@llvm.is.constant.i64
</harden/bcfiles/linux_bcfiles/evt_notifier.bc>:dr_w_dev_read:108	</harden/bcfiles/linux_bcfiles/evt_notifier.bc>:dr_w_dev_read:108:0:@copy_overflow
</harden/bcfiles/linux_bcfiles/evt_notifier.bc>:dr_w_dev_read:113	</harden/bcfiles/linux_bcfiles/evt_notifier.bc>:dr_w_dev_read:113:0:@__bad_copy_from
</harden/bcfiles/linux_bcfiles/evt_notifier.bc>:dr_w_dev_read:115	</harden/bcfiles/linux_bcfiles/evt_notifier.bc>:dr_w_dev_read:115:0:@__bad_copy_to
</harden/bcfiles/linux_bcfiles/evt_notifier.bc>:dr_w_dev_read:120	</harden/bcfiles/linux_bcfiles/evt_notifier.bc>:dr_w_dev_read:120:0:@llvm.dbg.declare
</harden/bcfiles/linux_bcfiles/evt_notifier.bc>:dr_w_dev_read:132	</harden/bcfiles/linux_bcfiles/evt_notifier.bc>:dr_w_dev_read:132:0:@llvm.dbg.declare
</harden/bcfiles/linux_bcfiles/evt_notifier.bc>:dr_w_dev_read:135	</harden/bcfiles/linux_bcfiles/evt_notifier.bc>:dr_w_dev_read:135::<asm>
</harden/bcfiles/linux_bcfiles/evt_notifier.bc>:dr_w_dev_read:152	</harden/bcfiles/linux_bcfiles/evt_notifier.bc>:dr_w_dev_read:152:0:@check_object_size
</harden/bcfiles/linux_bcfiles/evt_notifier.bc>:dr_w_dev_read:160	</harden/bcfiles/linux_bcfiles/evt_notifier.bc>:dr_w_dev_read:160:0:@_copy_to_user
</harden/bcfiles/linux_bcfiles/evt_notifier.bc>:dr_w_dev_write:20	</harden/bcfiles/linux_bcfiles/evt_notifier.bc>:dr_w_dev_write:20:0:@llvm.dbg.declare
</harden/bcfiles/linux_bcfiles/evt_notifier.bc>:dr_w_dev_write:22	</harden/bcfiles/linux_bcfiles/evt_notifier.bc>:dr_w_dev_write:22:0:@llvm.dbg.declare
</harden/bcfiles/linux_bcfiles/evt_notifier.bc>:dr_w_dev_write:24	</harden/bcfiles/linux_bcfiles/evt_notifier.bc>:dr_w_dev_write:24:0:@llvm.dbg.declare
</harden/bcfiles/linux_bcfiles/evt_notifier.bc>:dr_w_dev_write:26	</harden/bcfiles/linux_bcfiles/evt_notifier.bc>:dr_w_dev_write:26:0:@llvm.dbg.declare
</harden/bcfiles/linux_bcfiles/evt_notifier.bc>:dr_w_dev_write:27	</harden/bcfiles/linux_bcfiles/evt_notifier.bc>:dr_w_dev_write:27:0:@llvm.dbg.declare
</harden/bcfiles/linux_bcfiles/evt_notifier.bc>:dr_w_dev_write:29	</harden/bcfiles/linux_bcfiles/evt_notifier.bc>:dr_w_dev_write:29:0:@llvm.memset.p0i8.i64
</harden/bcfiles/linux_bcfiles/evt_notifier.bc>:dr_w_dev_write:30	</harden/bcfiles/linux_bcfiles/evt_notifier.bc>:dr_w_dev_write:30:0:@llvm.dbg.declare
</harden/bcfiles/linux_bcfiles/evt_notifier.bc>:dr_w_dev_write:31	</harden/bcfiles/linux_bcfiles/evt_notifier.bc>:dr_w_dev_write:31:0:@llvm.dbg.declare
</harden/bcfiles/linux_bcfiles/evt_notifier.bc>:dr_w_dev_write:41	</harden/bcfiles/linux_bcfiles/evt_notifier.bc>:dr_w_dev_write:41:0:@llvm.dbg.declare
</harden/bcfiles/linux_bcfiles/evt_notifier.bc>:dr_w_dev_write:43	</harden/bcfiles/linux_bcfiles/evt_notifier.bc>:dr_w_dev_write:43:0:@llvm.dbg.declare
</harden/bcfiles/linux_bcfiles/evt_notifier.bc>:dr_w_dev_write:45	</harden/bcfiles/linux_bcfiles/evt_notifier.bc>:dr_w_dev_write:45:0:@llvm.dbg.declare
</harden/bcfiles/linux_bcfiles/evt_notifier.bc>:dr_w_dev_write:49	</harden/bcfiles/linux_bcfiles/evt_notifier.bc>:dr_w_dev_write:49:0:@llvm.dbg.declare
</harden/bcfiles/linux_bcfiles/evt_notifier.bc>:dr_w_dev_write:51	</harden/bcfiles/linux_bcfiles/evt_notifier.bc>:dr_w_dev_write:51:0:@llvm.dbg.declare
</harden/bcfiles/linux_bcfiles/evt_notifier.bc>:dr_w_dev_write:53	</harden/bcfiles/linux_bcfiles/evt_notifier.bc>:dr_w_dev_write:53:0:@llvm.dbg.declare
</harden/bcfiles/linux_bcfiles/evt_notifier.bc>:dr_w_dev_write:54	</harden/bcfiles/linux_bcfiles/evt_notifier.bc>:dr_w_dev_write:54:0:@llvm.dbg.declare
</harden/bcfiles/linux_bcfiles/evt_notifier.bc>:dr_w_dev_write:56	</harden/bcfiles/linux_bcfiles/evt_notifier.bc>:dr_w_dev_write:56:0:@llvm.objectsize.i64.p0i8
</harden/bcfiles/linux_bcfiles/evt_notifier.bc>:dr_w_dev_write:73	</harden/bcfiles/linux_bcfiles/evt_notifier.bc>:dr_w_dev_write:73:0:@llvm.is.constant.i64
</harden/bcfiles/linux_bcfiles/evt_notifier.bc>:dr_w_dev_write:77	</harden/bcfiles/linux_bcfiles/evt_notifier.bc>:dr_w_dev_write:77:0:@copy_overflow
</harden/bcfiles/linux_bcfiles/evt_notifier.bc>:dr_w_dev_write:82	</harden/bcfiles/linux_bcfiles/evt_notifier.bc>:dr_w_dev_write:82:0:@__bad_copy_from
</harden/bcfiles/linux_bcfiles/evt_notifier.bc>:dr_w_dev_write:84	</harden/bcfiles/linux_bcfiles/evt_notifier.bc>:dr_w_dev_write:84:0:@__bad_copy_to
</harden/bcfiles/linux_bcfiles/evt_notifier.bc>:dr_w_dev_write:89	</harden/bcfiles/linux_bcfiles/evt_notifier.bc>:dr_w_dev_write:89:0:@llvm.dbg.declare
</harden/bcfiles/linux_bcfiles/evt_notifier.bc>:dr_w_dev_write:101	</harden/bcfiles/linux_bcfiles/evt_notifier.bc>:dr_w_dev_write:101:0:@llvm.dbg.declare
</harden/bcfiles/linux_bcfiles/evt_notifier.bc>:dr_w_dev_write:104	</harden/bcfiles/linux_bcfiles/evt_notifier.bc>:dr_w_dev_write:104::<asm>
</harden/bcfiles/linux_bcfiles/evt_notifier.bc>:dr_w_dev_write:121	</harden/bcfiles/linux_bcfiles/evt_notifier.bc>:dr_w_dev_write:121:0:@check_object_size
</harden/bcfiles/linux_bcfiles/evt_notifier.bc>:dr_w_dev_write:129	</harden/bcfiles/linux_bcfiles/evt_notifier.bc>:dr_w_dev_write:129:0:@_copy_from_user
</harden/bcfiles/linux_bcfiles/evt_notifier.bc>:dr_w_dev_write:141	</harden/bcfiles/linux_bcfiles/evt_notifier.bc>:dr_w_dev_write:141:0:@kstrtol
</harden/bcfiles/linux_bcfiles/evt_notifier.bc>:copy_overflow:3	</harden/bcfiles/linux_bcfiles/evt_notifier.bc>:copy_overflow:3:0:@llvm.dbg.declare
</harden/bcfiles/linux_bcfiles/evt_notifier.bc>:copy_overflow:5	</harden/bcfiles/linux_bcfiles/evt_notifier.bc>:copy_overflow:5:0:@llvm.dbg.declare
</harden/bcfiles/linux_bcfiles/evt_notifier.bc>:copy_overflow:8	</harden/bcfiles/linux_bcfiles/evt_notifier.bc>:copy_overflow:8:0:@__copy_overflow
</harden/bcfiles/linux_bcfiles/evt_notifier.bc>:check_object_size:4	</harden/bcfiles/linux_bcfiles/evt_notifier.bc>:check_object_size:4:0:@llvm.dbg.declare
</harden/bcfiles/linux_bcfiles/evt_notifier.bc>:check_object_size:6	</harden/bcfiles/linux_bcfiles/evt_notifier.bc>:check_object_size:6:0:@llvm.dbg.declare
</harden/bcfiles/linux_bcfiles/evt_notifier.bc>:check_object_size:9	</harden/bcfiles/linux_bcfiles/evt_notifier.bc>:check_object_size:9:0:@llvm.dbg.declare
</harden/bcfiles/linux_bcfiles/evt_notifier.bc>:kstrtol:4	</harden/bcfiles/linux_bcfiles/evt_notifier.bc>:kstrtol:4:0:@llvm.dbg.declare
</harden/bcfiles/linux_bcfiles/evt_notifier.bc>:kstrtol:6	</harden/bcfiles/linux_bcfiles/evt_notifier.bc>:kstrtol:6:0:@llvm.dbg.declare
</harden/bcfiles/linux_bcfiles/evt_notifier.bc>:kstrtol:8	</harden/bcfiles/linux_bcfiles/evt_notifier.bc>:kstrtol:8:0:@llvm.dbg.declare
</harden/bcfiles/linux_bcfiles/evt_notifier.bc>:kstrtol:12	</harden/bcfiles/linux_bcfiles/evt_notifier.bc>:kstrtol:12:0:@kstrtoll
