</harden/bcfiles/linux_bcfiles/evt_notifier.bc>:evt_notifier_init:0	</harden/bcfiles/linux_bcfiles/evt_notifier.bc>:evt_notifier_init:%67
</harden/bcfiles/linux_bcfiles/evt_notifier.bc>:proc_write:0	</harden/bcfiles/linux_bcfiles/evt_notifier.bc>:proc_write:%307
</harden/bcfiles/linux_bcfiles/evt_notifier.bc>:proc_write:0	</harden/bcfiles/linux_bcfiles/evt_notifier.bc>:proc_write:%2
</harden/bcfiles/linux_bcfiles/evt_notifier.bc>:proc_write:0	</harden/bcfiles/linux_bcfiles/evt_notifier.bc>:proc_write:%1
</harden/bcfiles/linux_bcfiles/evt_notifier.bc>:proc_write:0	</harden/bcfiles/linux_bcfiles/evt_notifier.bc>:proc_write:%0
</harden/bcfiles/linux_bcfiles/evt_notifier.bc>:IS_ERR:0	</harden/bcfiles/linux_bcfiles/evt_notifier.bc>:IS_ERR:%12
</harden/bcfiles/linux_bcfiles/evt_notifier.bc>:IS_ERR:0	</harden/bcfiles/linux_bcfiles/evt_notifier.bc>:IS_ERR:%0
</harden/bcfiles/linux_bcfiles/evt_notifier.bc>:PTR_ERR:0	</harden/bcfiles/linux_bcfiles/evt_notifier.bc>:PTR_ERR:%4
</harden/bcfiles/linux_bcfiles/evt_notifier.bc>:PTR_ERR:0	</harden/bcfiles/linux_bcfiles/evt_notifier.bc>:PTR_ERR:%0
</harden/bcfiles/linux_bcfiles/evt_notifier.bc>:my_devnode:0	</harden/bcfiles/linux_bcfiles/evt_notifier.bc>:my_devnode:%1
</harden/bcfiles/linux_bcfiles/evt_notifier.bc>:my_devnode:0	</harden/bcfiles/linux_bcfiles/evt_notifier.bc>:my_devnode:%0
</harden/bcfiles/linux_bcfiles/evt_notifier.bc>:dr_w_dev_read:0	</harden/bcfiles/linux_bcfiles/evt_notifier.bc>:dr_w_dev_read:%136
</harden/bcfiles/linux_bcfiles/evt_notifier.bc>:dr_w_dev_read:0	</harden/bcfiles/linux_bcfiles/evt_notifier.bc>:dr_w_dev_read:%3
</harden/bcfiles/linux_bcfiles/evt_notifier.bc>:dr_w_dev_read:0	</harden/bcfiles/linux_bcfiles/evt_notifier.bc>:dr_w_dev_read:%2
</harden/bcfiles/linux_bcfiles/evt_notifier.bc>:dr_w_dev_read:0	</harden/bcfiles/linux_bcfiles/evt_notifier.bc>:dr_w_dev_read:%1
</harden/bcfiles/linux_bcfiles/evt_notifier.bc>:dr_w_dev_read:0	</harden/bcfiles/linux_bcfiles/evt_notifier.bc>:dr_w_dev_read:%0
</harden/bcfiles/linux_bcfiles/evt_notifier.bc>:dr_w_dev_write:0	</harden/bcfiles/linux_bcfiles/evt_notifier.bc>:dr_w_dev_write:%121
</harden/bcfiles/linux_bcfiles/evt_notifier.bc>:dr_w_dev_write:0	</harden/bcfiles/linux_bcfiles/evt_notifier.bc>:dr_w_dev_write:%3
</harden/bcfiles/linux_bcfiles/evt_notifier.bc>:dr_w_dev_write:0	</harden/bcfiles/linux_bcfiles/evt_notifier.bc>:dr_w_dev_write:%2
</harden/bcfiles/linux_bcfiles/evt_notifier.bc>:dr_w_dev_write:0	</harden/bcfiles/linux_bcfiles/evt_notifier.bc>:dr_w_dev_write:%1
</harden/bcfiles/linux_bcfiles/evt_notifier.bc>:dr_w_dev_write:0	</harden/bcfiles/linux_bcfiles/evt_notifier.bc>:dr_w_dev_write:%0
</harden/bcfiles/linux_bcfiles/evt_notifier.bc>:copy_overflow:0	</harden/bcfiles/linux_bcfiles/evt_notifier.bc>:copy_overflow:%1
</harden/bcfiles/linux_bcfiles/evt_notifier.bc>:copy_overflow:0	</harden/bcfiles/linux_bcfiles/evt_notifier.bc>:copy_overflow:%0
</harden/bcfiles/linux_bcfiles/evt_notifier.bc>:check_object_size:0	</harden/bcfiles/linux_bcfiles/evt_notifier.bc>:check_object_size:%2
</harden/bcfiles/linux_bcfiles/evt_notifier.bc>:check_object_size:0	</harden/bcfiles/linux_bcfiles/evt_notifier.bc>:check_object_size:%1
</harden/bcfiles/linux_bcfiles/evt_notifier.bc>:check_object_size:0	</harden/bcfiles/linux_bcfiles/evt_notifier.bc>:check_object_size:%0
</harden/bcfiles/linux_bcfiles/evt_notifier.bc>:kstrtol:0	</harden/bcfiles/linux_bcfiles/evt_notifier.bc>:kstrtol:%10
</harden/bcfiles/linux_bcfiles/evt_notifier.bc>:kstrtol:0	</harden/bcfiles/linux_bcfiles/evt_notifier.bc>:kstrtol:%2
</harden/bcfiles/linux_bcfiles/evt_notifier.bc>:kstrtol:0	</harden/bcfiles/linux_bcfiles/evt_notifier.bc>:kstrtol:%1
</harden/bcfiles/linux_bcfiles/evt_notifier.bc>:kstrtol:0	</harden/bcfiles/linux_bcfiles/evt_notifier.bc>:kstrtol:%0
