</harden/bcfiles/linux_bcfiles/evt_notifier.bc>:13:@__this_module	@__this_module
</harden/bcfiles/linux_bcfiles/evt_notifier.bc>:74:@__UNIQUE_ID_license237	@__UNIQUE_ID_license237
</harden/bcfiles/linux_bcfiles/evt_notifier.bc>:78:@__UNIQUE_ID_author238	@__UNIQUE_ID_author238
</harden/bcfiles/linux_bcfiles/evt_notifier.bc>:82:@__UNIQUE_ID_description239	@__UNIQUE_ID_description239
</harden/bcfiles/linux_bcfiles/evt_notifier.bc>:86:@__UNIQUE_ID_alias240	@__UNIQUE_ID_alias240
</harden/bcfiles/linux_bcfiles/evt_notifier.bc>:90:@__UNIQUE_ID___addressable_init_module243	@__UNIQUE_ID___addressable_init_module243
</harden/bcfiles/linux_bcfiles/evt_notifier.bc>:92:@__UNIQUE_ID___addressable_cleanup_module244	@__UNIQUE_ID___addressable_cleanup_module244
</harden/bcfiles/linux_bcfiles/evt_notifier.bc>:evt_notifier_init:10:2:@event_handler	@event_handler
</harden/bcfiles/linux_bcfiles/evt_notifier.bc>:evt_notifier_init:12:3:@.str	@.str
</harden/bcfiles/linux_bcfiles/evt_notifier.bc>:evt_notifier_init:67:4:@.str	@.str
</harden/bcfiles/linux_bcfiles/evt_notifier.bc>:proc_write:49:6:@.str	@.str
</harden/bcfiles/linux_bcfiles/evt_notifier.bc>:proc_write:65:6:@.str	@.str
</harden/bcfiles/linux_bcfiles/evt_notifier.bc>:proc_write:313:6:@.str	@.str
</harden/bcfiles/linux_bcfiles/evt_notifier.bc>:proc_write:324:6:@.str	@.str
</harden/bcfiles/linux_bcfiles/evt_notifier.bc>:proc_write:334:6:@.str	@.str
</harden/bcfiles/linux_bcfiles/evt_notifier.bc>:proc_write:344:6:@.str	@.str
</harden/bcfiles/linux_bcfiles/evt_notifier.bc>:proc_write:350:6:@.str	@.str
</harden/bcfiles/linux_bcfiles/evt_notifier.bc>:proc_write:377:6:@.str	@.str
</harden/bcfiles/linux_bcfiles/evt_notifier.bc>:dr_w_dev_read:60:6:@.str	@.str
</harden/bcfiles/linux_bcfiles/evt_notifier.bc>:evt_notifier_init:19:2:@.str.1	@.str.1
</harden/bcfiles/linux_bcfiles/evt_notifier.bc>:evt_notifier_init:25:1:@dr_w_cdev	@dr_w_cdev
</harden/bcfiles/linux_bcfiles/evt_notifier.bc>:evt_notifier_init:27:1:@dr_w_cdev	@dr_w_cdev
</harden/bcfiles/linux_bcfiles/evt_notifier.bc>:evt_notifier_init:48:1:@dr_w_cdev	@dr_w_cdev
</harden/bcfiles/linux_bcfiles/evt_notifier.bc>:evt_notifier_init:75:1:@dr_w_cdev	@dr_w_cdev
</harden/bcfiles/linux_bcfiles/evt_notifier.bc>:evt_notifier_exit:7:1:@dr_w_cdev	@dr_w_cdev
</harden/bcfiles/linux_bcfiles/evt_notifier.bc>:evt_notifier_init:25:2:@fops_dr_w	@fops_dr_w
</harden/bcfiles/linux_bcfiles/evt_notifier.bc>:evt_notifier_init:36:2:@.str.2	@.str.2
</harden/bcfiles/linux_bcfiles/evt_notifier.bc>:evt_notifier_init:42:2:@.str.3	@.str.3
</harden/bcfiles/linux_bcfiles/evt_notifier.bc>:evt_notifier_init:43:0:@dr_wClass	@dr_wClass
</harden/bcfiles/linux_bcfiles/evt_notifier.bc>:evt_notifier_init:44:0:@dr_wClass	@dr_wClass
</harden/bcfiles/linux_bcfiles/evt_notifier.bc>:evt_notifier_init:56:0:@dr_wClass	@dr_wClass
</harden/bcfiles/linux_bcfiles/evt_notifier.bc>:evt_notifier_init:62:0:@dr_wClass	@dr_wClass
</harden/bcfiles/linux_bcfiles/evt_notifier.bc>:evt_notifier_init:65:0:@dr_wClass	@dr_wClass
</harden/bcfiles/linux_bcfiles/evt_notifier.bc>:evt_notifier_init:73:0:@dr_wClass	@dr_wClass
</harden/bcfiles/linux_bcfiles/evt_notifier.bc>:evt_notifier_exit:1:0:@dr_wClass	@dr_wClass
</harden/bcfiles/linux_bcfiles/evt_notifier.bc>:evt_notifier_exit:3:0:@dr_wClass	@dr_wClass
</harden/bcfiles/linux_bcfiles/evt_notifier.bc>:evt_notifier_exit:5:0:@dr_wClass	@dr_wClass
</harden/bcfiles/linux_bcfiles/evt_notifier.bc>:evt_notifier_init:53:2:@.str.4	@.str.4
</harden/bcfiles/linux_bcfiles/evt_notifier.bc>:evt_notifier_init:68:0:@evt_notifier_init.dr_wDevice	@evt_notifier_init.dr_wDevice
</harden/bcfiles/linux_bcfiles/evt_notifier.bc>:evt_notifier_init:69:0:@evt_notifier_init.dr_wDevice	@evt_notifier_init.dr_wDevice
</harden/bcfiles/linux_bcfiles/evt_notifier.bc>:evt_notifier_init:83:0:@evt_notifier_init.dr_wDevice	@evt_notifier_init.dr_wDevice
</harden/bcfiles/linux_bcfiles/evt_notifier.bc>:evt_notifier_init:80:2:@.str.5	@.str.5
</harden/bcfiles/linux_bcfiles/evt_notifier.bc>:evt_notifier_exit:11:2:@.str.20	@.str.20
</harden/bcfiles/linux_bcfiles/evt_notifier.bc>:proc_write:40:0:@offset	@offset
</harden/bcfiles/linux_bcfiles/evt_notifier.bc>:proc_write:43:0:@offset	@offset
</harden/bcfiles/linux_bcfiles/evt_notifier.bc>:proc_write:48:0:@offset	@offset
</harden/bcfiles/linux_bcfiles/evt_notifier.bc>:proc_write:54:0:@offset	@offset
</harden/bcfiles/linux_bcfiles/evt_notifier.bc>:proc_write:363:0:@offset	@offset
</harden/bcfiles/linux_bcfiles/evt_notifier.bc>:dr_w_dev_write:160:0:@offset	@offset
</harden/bcfiles/linux_bcfiles/evt_notifier.bc>:proc_write:49:2:@.str.6	@.str.6
</harden/bcfiles/linux_bcfiles/evt_notifier.bc>:proc_write:65:2:@.str.7	@.str.7
</harden/bcfiles/linux_bcfiles/evt_notifier.bc>:proc_write:218:1:@.str.16	@.str.16
</harden/bcfiles/linux_bcfiles/evt_notifier.bc>:proc_write:248:0:@kmalloc_caches	@kmalloc_caches
</harden/bcfiles/linux_bcfiles/evt_notifier.bc>:proc_write:275:3:@.str.8	@.str.8
</harden/bcfiles/linux_bcfiles/evt_notifier.bc>:proc_write:279:2:@.str.9	@.str.9
</harden/bcfiles/linux_bcfiles/evt_notifier.bc>:proc_write:313:2:@.str.10	@.str.10
</harden/bcfiles/linux_bcfiles/evt_notifier.bc>:proc_write:324:2:@.str.11	@.str.11
</harden/bcfiles/linux_bcfiles/evt_notifier.bc>:proc_write:334:2:@.str.12	@.str.12
</harden/bcfiles/linux_bcfiles/evt_notifier.bc>:proc_write:344:2:@.str.13	@.str.13
</harden/bcfiles/linux_bcfiles/evt_notifier.bc>:proc_write:350:2:@.str.14	@.str.14
</harden/bcfiles/linux_bcfiles/evt_notifier.bc>:proc_write:377:2:@.str.15	@.str.15
</harden/bcfiles/linux_bcfiles/evt_notifier.bc>:dr_w_dev_read:36:0:@message_size	@message_size
</harden/bcfiles/linux_bcfiles/evt_notifier.bc>:dr_w_dev_read:60:2:@.str.18	@.str.18
</harden/bcfiles/linux_bcfiles/evt_notifier.bc>:dr_w_dev_read:68:1:@message	@message
</harden/bcfiles/linux_bcfiles/evt_notifier.bc>:dr_w_dev_read:135:1:@.str.19	@.str.19
</harden/bcfiles/linux_bcfiles/evt_notifier.bc>:dr_w_dev_write:104:1:@.str.19	@.str.19
