</harden/bcfiles/linux_bcfiles/evt_notifier.bc>:@__this_module	@__this_module
</harden/bcfiles/linux_bcfiles/evt_notifier.bc>:@__UNIQUE_ID_license237	@__UNIQUE_ID_license237
</harden/bcfiles/linux_bcfiles/evt_notifier.bc>:@__UNIQUE_ID_author238	@__UNIQUE_ID_author238
</harden/bcfiles/linux_bcfiles/evt_notifier.bc>:@__UNIQUE_ID_description239	@__UNIQUE_ID_description239
</harden/bcfiles/linux_bcfiles/evt_notifier.bc>:@__UNIQUE_ID_alias240	@__UNIQUE_ID_alias240
</harden/bcfiles/linux_bcfiles/evt_notifier.bc>:@__UNIQUE_ID___addressable_init_module243	@__UNIQUE_ID___addressable_init_module243
</harden/bcfiles/linux_bcfiles/evt_notifier.bc>:@__UNIQUE_ID___addressable_cleanup_module244	@__UNIQUE_ID___addressable_cleanup_module244
</harden/bcfiles/linux_bcfiles/evt_notifier.bc>:@event_handler	@event_handler
</harden/bcfiles/linux_bcfiles/evt_notifier.bc>:@.str	@.str
</harden/bcfiles/linux_bcfiles/evt_notifier.bc>:@.str.1	@.str.1
</harden/bcfiles/linux_bcfiles/evt_notifier.bc>:@dr_w_cdev	@dr_w_cdev
</harden/bcfiles/linux_bcfiles/evt_notifier.bc>:@fops_dr_w	@fops_dr_w
</harden/bcfiles/linux_bcfiles/evt_notifier.bc>:@.str.2	@.str.2
</harden/bcfiles/linux_bcfiles/evt_notifier.bc>:@.str.3	@.str.3
</harden/bcfiles/linux_bcfiles/evt_notifier.bc>:@dr_wClass	@dr_wClass
</harden/bcfiles/linux_bcfiles/evt_notifier.bc>:@.str.4	@.str.4
</harden/bcfiles/linux_bcfiles/evt_notifier.bc>:@evt_notifier_init.dr_wDevice	@evt_notifier_init.dr_wDevice
</harden/bcfiles/linux_bcfiles/evt_notifier.bc>:@.str.5	@.str.5
</harden/bcfiles/linux_bcfiles/evt_notifier.bc>:@.str.20	@.str.20
</harden/bcfiles/linux_bcfiles/evt_notifier.bc>:@offset	@offset
</harden/bcfiles/linux_bcfiles/evt_notifier.bc>:@.str.6	@.str.6
</harden/bcfiles/linux_bcfiles/evt_notifier.bc>:@.str.7	@.str.7
</harden/bcfiles/linux_bcfiles/evt_notifier.bc>:@.str.16	@.str.16
</harden/bcfiles/linux_bcfiles/evt_notifier.bc>:@kmalloc_caches	@kmalloc_caches
</harden/bcfiles/linux_bcfiles/evt_notifier.bc>:@.str.8	@.str.8
</harden/bcfiles/linux_bcfiles/evt_notifier.bc>:@.str.9	@.str.9
</harden/bcfiles/linux_bcfiles/evt_notifier.bc>:@.str.10	@.str.10
</harden/bcfiles/linux_bcfiles/evt_notifier.bc>:@.str.11	@.str.11
</harden/bcfiles/linux_bcfiles/evt_notifier.bc>:@.str.12	@.str.12
</harden/bcfiles/linux_bcfiles/evt_notifier.bc>:@.str.13	@.str.13
</harden/bcfiles/linux_bcfiles/evt_notifier.bc>:@.str.14	@.str.14
</harden/bcfiles/linux_bcfiles/evt_notifier.bc>:@.str.15	@.str.15
</harden/bcfiles/linux_bcfiles/evt_notifier.bc>:@message_size	@message_size
</harden/bcfiles/linux_bcfiles/evt_notifier.bc>:@.str.18	@.str.18
</harden/bcfiles/linux_bcfiles/evt_notifier.bc>:@message	@message
</harden/bcfiles/linux_bcfiles/evt_notifier.bc>:@.str.19	@.str.19
</harden/bcfiles/linux_bcfiles/evt_notifier.bc>:@llvm.compiler.used	@llvm.compiler.used
