</harden/bcfiles/linux_bcfiles/evt_notifier.bc>:evt_notifier_init:11	</harden/bcfiles/linux_bcfiles/evt_notifier.bc>:evt_notifier_init:%8
</harden/bcfiles/linux_bcfiles/evt_notifier.bc>:evt_notifier_init:26	</harden/bcfiles/linux_bcfiles/evt_notifier.bc>:evt_notifier_init:%19
</harden/bcfiles/linux_bcfiles/evt_notifier.bc>:evt_notifier_init:32	</harden/bcfiles/linux_bcfiles/evt_notifier.bc>:evt_notifier_init:%24
</harden/bcfiles/linux_bcfiles/evt_notifier.bc>:evt_notifier_init:45	</harden/bcfiles/linux_bcfiles/evt_notifier.bc>:evt_notifier_init:%33
</harden/bcfiles/linux_bcfiles/evt_notifier.bc>:evt_notifier_init:49	</harden/bcfiles/linux_bcfiles/evt_notifier.bc>:evt_notifier_init:%36
</harden/bcfiles/linux_bcfiles/evt_notifier.bc>:evt_notifier_init:57	</harden/bcfiles/linux_bcfiles/evt_notifier.bc>:evt_notifier_init:%42
</harden/bcfiles/linux_bcfiles/evt_notifier.bc>:evt_notifier_init:65	</harden/bcfiles/linux_bcfiles/evt_notifier.bc>:evt_notifier_init:%48
</harden/bcfiles/linux_bcfiles/evt_notifier.bc>:evt_notifier_init:66	</harden/bcfiles/linux_bcfiles/evt_notifier.bc>:evt_notifier_init:%49
</harden/bcfiles/linux_bcfiles/evt_notifier.bc>:evt_notifier_init:70	</harden/bcfiles/linux_bcfiles/evt_notifier.bc>:evt_notifier_init:%52
</harden/bcfiles/linux_bcfiles/evt_notifier.bc>:evt_notifier_init:73	</harden/bcfiles/linux_bcfiles/evt_notifier.bc>:evt_notifier_init:%55
</harden/bcfiles/linux_bcfiles/evt_notifier.bc>:evt_notifier_init:76	</harden/bcfiles/linux_bcfiles/evt_notifier.bc>:evt_notifier_init:%56
</harden/bcfiles/linux_bcfiles/evt_notifier.bc>:evt_notifier_init:84	</harden/bcfiles/linux_bcfiles/evt_notifier.bc>:evt_notifier_init:%62
</harden/bcfiles/linux_bcfiles/evt_notifier.bc>:evt_notifier_exit:1	</harden/bcfiles/linux_bcfiles/evt_notifier.bc>:evt_notifier_exit:%2
</harden/bcfiles/linux_bcfiles/evt_notifier.bc>:evt_notifier_exit:3	</harden/bcfiles/linux_bcfiles/evt_notifier.bc>:evt_notifier_exit:%3
</harden/bcfiles/linux_bcfiles/evt_notifier.bc>:evt_notifier_exit:5	</harden/bcfiles/linux_bcfiles/evt_notifier.bc>:evt_notifier_exit:%4
</harden/bcfiles/linux_bcfiles/evt_notifier.bc>:proc_write:48	</harden/bcfiles/linux_bcfiles/evt_notifier.bc>:proc_write:%42
</harden/bcfiles/linux_bcfiles/evt_notifier.bc>:proc_write:55	</harden/bcfiles/linux_bcfiles/evt_notifier.bc>:proc_write:%47
</harden/bcfiles/linux_bcfiles/evt_notifier.bc>:proc_write:64	</harden/bcfiles/linux_bcfiles/evt_notifier.bc>:proc_write:%55
</harden/bcfiles/linux_bcfiles/evt_notifier.bc>:proc_write:72	</harden/bcfiles/linux_bcfiles/evt_notifier.bc>:proc_write:%58
</harden/bcfiles/linux_bcfiles/evt_notifier.bc>:proc_write:82	</harden/bcfiles/linux_bcfiles/evt_notifier.bc>:proc_write:%67
</harden/bcfiles/linux_bcfiles/evt_notifier.bc>:proc_write:83	</harden/bcfiles/linux_bcfiles/evt_notifier.bc>:proc_write:%68
</harden/bcfiles/linux_bcfiles/evt_notifier.bc>:proc_write:252	</harden/bcfiles/linux_bcfiles/evt_notifier.bc>:proc_write:%199
</harden/bcfiles/linux_bcfiles/evt_notifier.bc>:proc_write:253	</harden/bcfiles/linux_bcfiles/evt_notifier.bc>:proc_write:%200
</harden/bcfiles/linux_bcfiles/evt_notifier.bc>:proc_write:254	</harden/bcfiles/linux_bcfiles/evt_notifier.bc>:proc_write:%201
</harden/bcfiles/linux_bcfiles/evt_notifier.bc>:proc_write:258	</harden/bcfiles/linux_bcfiles/evt_notifier.bc>:proc_write:%204
</harden/bcfiles/linux_bcfiles/evt_notifier.bc>:proc_write:259	</harden/bcfiles/linux_bcfiles/evt_notifier.bc>:proc_write:%205
</harden/bcfiles/linux_bcfiles/evt_notifier.bc>:proc_write:268	</harden/bcfiles/linux_bcfiles/evt_notifier.bc>:proc_write:%212
</harden/bcfiles/linux_bcfiles/evt_notifier.bc>:proc_write:270	</harden/bcfiles/linux_bcfiles/evt_notifier.bc>:proc_write:%214
</harden/bcfiles/linux_bcfiles/evt_notifier.bc>:proc_write:274	</harden/bcfiles/linux_bcfiles/evt_notifier.bc>:proc_write:%218
</harden/bcfiles/linux_bcfiles/evt_notifier.bc>:proc_write:278	</harden/bcfiles/linux_bcfiles/evt_notifier.bc>:proc_write:%222
</harden/bcfiles/linux_bcfiles/evt_notifier.bc>:proc_write:308	</harden/bcfiles/linux_bcfiles/evt_notifier.bc>:proc_write:%247
</harden/bcfiles/linux_bcfiles/evt_notifier.bc>:proc_write:323	</harden/bcfiles/linux_bcfiles/evt_notifier.bc>:proc_write:%260
</harden/bcfiles/linux_bcfiles/evt_notifier.bc>:proc_write:333	</harden/bcfiles/linux_bcfiles/evt_notifier.bc>:proc_write:%269
</harden/bcfiles/linux_bcfiles/evt_notifier.bc>:proc_write:343	</harden/bcfiles/linux_bcfiles/evt_notifier.bc>:proc_write:%278
</harden/bcfiles/linux_bcfiles/evt_notifier.bc>:proc_write:376	</harden/bcfiles/linux_bcfiles/evt_notifier.bc>:proc_write:%303
</harden/bcfiles/linux_bcfiles/evt_notifier.bc>:dr_w_dev_read:86	</harden/bcfiles/linux_bcfiles/evt_notifier.bc>:dr_w_dev_read:%60
</harden/bcfiles/linux_bcfiles/evt_notifier.bc>:dr_w_dev_read:103	</harden/bcfiles/linux_bcfiles/evt_notifier.bc>:dr_w_dev_read:%76
</harden/bcfiles/linux_bcfiles/evt_notifier.bc>:dr_w_dev_read:106	</harden/bcfiles/linux_bcfiles/evt_notifier.bc>:dr_w_dev_read:%79
</harden/bcfiles/linux_bcfiles/evt_notifier.bc>:dr_w_dev_read:107	</harden/bcfiles/linux_bcfiles/evt_notifier.bc>:dr_w_dev_read:%80
</harden/bcfiles/linux_bcfiles/evt_notifier.bc>:dr_w_dev_read:134	</harden/bcfiles/linux_bcfiles/evt_notifier.bc>:dr_w_dev_read:%99
</harden/bcfiles/linux_bcfiles/evt_notifier.bc>:dr_w_dev_read:148	</harden/bcfiles/linux_bcfiles/evt_notifier.bc>:dr_w_dev_read:%110
</harden/bcfiles/linux_bcfiles/evt_notifier.bc>:dr_w_dev_read:149	</harden/bcfiles/linux_bcfiles/evt_notifier.bc>:dr_w_dev_read:%111
</harden/bcfiles/linux_bcfiles/evt_notifier.bc>:dr_w_dev_read:151	</harden/bcfiles/linux_bcfiles/evt_notifier.bc>:dr_w_dev_read:%113
</harden/bcfiles/linux_bcfiles/evt_notifier.bc>:dr_w_dev_read:157	</harden/bcfiles/linux_bcfiles/evt_notifier.bc>:dr_w_dev_read:%117
</harden/bcfiles/linux_bcfiles/evt_notifier.bc>:dr_w_dev_read:158	</harden/bcfiles/linux_bcfiles/evt_notifier.bc>:dr_w_dev_read:%118
</harden/bcfiles/linux_bcfiles/evt_notifier.bc>:dr_w_dev_read:159	</harden/bcfiles/linux_bcfiles/evt_notifier.bc>:dr_w_dev_read:%119
</harden/bcfiles/linux_bcfiles/evt_notifier.bc>:dr_w_dev_write:28	</harden/bcfiles/linux_bcfiles/evt_notifier.bc>:dr_w_dev_write:%24
</harden/bcfiles/linux_bcfiles/evt_notifier.bc>:dr_w_dev_write:55	</harden/bcfiles/linux_bcfiles/evt_notifier.bc>:dr_w_dev_write:%34
</harden/bcfiles/linux_bcfiles/evt_notifier.bc>:dr_w_dev_write:72	</harden/bcfiles/linux_bcfiles/evt_notifier.bc>:dr_w_dev_write:%50
</harden/bcfiles/linux_bcfiles/evt_notifier.bc>:dr_w_dev_write:75	</harden/bcfiles/linux_bcfiles/evt_notifier.bc>:dr_w_dev_write:%53
</harden/bcfiles/linux_bcfiles/evt_notifier.bc>:dr_w_dev_write:76	</harden/bcfiles/linux_bcfiles/evt_notifier.bc>:dr_w_dev_write:%54
</harden/bcfiles/linux_bcfiles/evt_notifier.bc>:dr_w_dev_write:103	</harden/bcfiles/linux_bcfiles/evt_notifier.bc>:dr_w_dev_write:%73
</harden/bcfiles/linux_bcfiles/evt_notifier.bc>:dr_w_dev_write:117	</harden/bcfiles/linux_bcfiles/evt_notifier.bc>:dr_w_dev_write:%84
</harden/bcfiles/linux_bcfiles/evt_notifier.bc>:dr_w_dev_write:118	</harden/bcfiles/linux_bcfiles/evt_notifier.bc>:dr_w_dev_write:%85
</harden/bcfiles/linux_bcfiles/evt_notifier.bc>:dr_w_dev_write:120	</harden/bcfiles/linux_bcfiles/evt_notifier.bc>:dr_w_dev_write:%87
</harden/bcfiles/linux_bcfiles/evt_notifier.bc>:dr_w_dev_write:126	</harden/bcfiles/linux_bcfiles/evt_notifier.bc>:dr_w_dev_write:%91
</harden/bcfiles/linux_bcfiles/evt_notifier.bc>:dr_w_dev_write:127	</harden/bcfiles/linux_bcfiles/evt_notifier.bc>:dr_w_dev_write:%92
</harden/bcfiles/linux_bcfiles/evt_notifier.bc>:dr_w_dev_write:128	</harden/bcfiles/linux_bcfiles/evt_notifier.bc>:dr_w_dev_write:%93
</harden/bcfiles/linux_bcfiles/evt_notifier.bc>:dr_w_dev_write:140	</harden/bcfiles/linux_bcfiles/evt_notifier.bc>:dr_w_dev_write:%102
</harden/bcfiles/linux_bcfiles/evt_notifier.bc>:dr_w_dev_write:17	</harden/bcfiles/linux_bcfiles/evt_notifier.bc>:dr_w_dev_write:%22
</harden/bcfiles/linux_bcfiles/evt_notifier.bc>:copy_overflow:6	</harden/bcfiles/linux_bcfiles/evt_notifier.bc>:copy_overflow:%5
</harden/bcfiles/linux_bcfiles/evt_notifier.bc>:copy_overflow:7	</harden/bcfiles/linux_bcfiles/evt_notifier.bc>:copy_overflow:%6
</harden/bcfiles/linux_bcfiles/evt_notifier.bc>:kstrtol:9	</harden/bcfiles/linux_bcfiles/evt_notifier.bc>:kstrtol:%7
</harden/bcfiles/linux_bcfiles/evt_notifier.bc>:kstrtol:10	</harden/bcfiles/linux_bcfiles/evt_notifier.bc>:kstrtol:%8
</harden/bcfiles/linux_bcfiles/evt_notifier.bc>:kstrtol:11	</harden/bcfiles/linux_bcfiles/evt_notifier.bc>:kstrtol:%9
</harden/bcfiles/linux_bcfiles/evt_notifier.bc>:evt_notifier_init:91	</harden/bcfiles/linux_bcfiles/evt_notifier.bc>:evt_notifier_init:%67
</harden/bcfiles/linux_bcfiles/evt_notifier.bc>:evt_notifier_init:86	</harden/bcfiles/linux_bcfiles/evt_notifier.bc>:evt_notifier_init:%64
</harden/bcfiles/linux_bcfiles/evt_notifier.bc>:evt_notifier_init:85	</harden/bcfiles/linux_bcfiles/evt_notifier.bc>:evt_notifier_init:%63
</harden/bcfiles/linux_bcfiles/evt_notifier.bc>:evt_notifier_init:82	</harden/bcfiles/linux_bcfiles/evt_notifier.bc>:evt_notifier_init:%60
</harden/bcfiles/linux_bcfiles/evt_notifier.bc>:evt_notifier_init:83	</harden/bcfiles/linux_bcfiles/evt_notifier.bc>:evt_notifier_init:%61
</harden/bcfiles/linux_bcfiles/evt_notifier.bc>:evt_notifier_init:80	</harden/bcfiles/linux_bcfiles/evt_notifier.bc>:evt_notifier_init:%59
</harden/bcfiles/linux_bcfiles/evt_notifier.bc>:evt_notifier_init:69	</harden/bcfiles/linux_bcfiles/evt_notifier.bc>:evt_notifier_init:%51
</harden/bcfiles/linux_bcfiles/evt_notifier.bc>:evt_notifier_init:62	</harden/bcfiles/linux_bcfiles/evt_notifier.bc>:evt_notifier_init:%46
</harden/bcfiles/linux_bcfiles/evt_notifier.bc>:evt_notifier_init:59	</harden/bcfiles/linux_bcfiles/evt_notifier.bc>:evt_notifier_init:%44
</harden/bcfiles/linux_bcfiles/evt_notifier.bc>:evt_notifier_init:58	</harden/bcfiles/linux_bcfiles/evt_notifier.bc>:evt_notifier_init:%43
</harden/bcfiles/linux_bcfiles/evt_notifier.bc>:evt_notifier_init:55	</harden/bcfiles/linux_bcfiles/evt_notifier.bc>:evt_notifier_init:%40
</harden/bcfiles/linux_bcfiles/evt_notifier.bc>:evt_notifier_init:53	</harden/bcfiles/linux_bcfiles/evt_notifier.bc>:evt_notifier_init:%39
</harden/bcfiles/linux_bcfiles/evt_notifier.bc>:evt_notifier_init:56	</harden/bcfiles/linux_bcfiles/evt_notifier.bc>:evt_notifier_init:%41
</harden/bcfiles/linux_bcfiles/evt_notifier.bc>:evt_notifier_init:42	</harden/bcfiles/linux_bcfiles/evt_notifier.bc>:evt_notifier_init:%31
</harden/bcfiles/linux_bcfiles/evt_notifier.bc>:evt_notifier_init:39	</harden/bcfiles/linux_bcfiles/evt_notifier.bc>:evt_notifier_init:%29
</harden/bcfiles/linux_bcfiles/evt_notifier.bc>:evt_notifier_init:67	</harden/bcfiles/linux_bcfiles/evt_notifier.bc>:evt_notifier_init:%50
</harden/bcfiles/linux_bcfiles/evt_notifier.bc>:evt_notifier_init:71	</harden/bcfiles/linux_bcfiles/evt_notifier.bc>:evt_notifier_init:%53
</harden/bcfiles/linux_bcfiles/evt_notifier.bc>:evt_notifier_init:38	</harden/bcfiles/linux_bcfiles/evt_notifier.bc>:evt_notifier_init:%28
</harden/bcfiles/linux_bcfiles/evt_notifier.bc>:evt_notifier_init:30	</harden/bcfiles/linux_bcfiles/evt_notifier.bc>:evt_notifier_init:%22
</harden/bcfiles/linux_bcfiles/evt_notifier.bc>:evt_notifier_init:27	</harden/bcfiles/linux_bcfiles/evt_notifier.bc>:evt_notifier_init:%20
</harden/bcfiles/linux_bcfiles/evt_notifier.bc>:evt_notifier_init:22	</harden/bcfiles/linux_bcfiles/evt_notifier.bc>:evt_notifier_init:%17
</harden/bcfiles/linux_bcfiles/evt_notifier.bc>:evt_notifier_init:36	</harden/bcfiles/linux_bcfiles/evt_notifier.bc>:evt_notifier_init:%27
</harden/bcfiles/linux_bcfiles/evt_notifier.bc>:evt_notifier_init:44	</harden/bcfiles/linux_bcfiles/evt_notifier.bc>:evt_notifier_init:%32
</harden/bcfiles/linux_bcfiles/evt_notifier.bc>:evt_notifier_init:19	</harden/bcfiles/linux_bcfiles/evt_notifier.bc>:evt_notifier_init:%15
</harden/bcfiles/linux_bcfiles/evt_notifier.bc>:evt_notifier_init:14	</harden/bcfiles/linux_bcfiles/evt_notifier.bc>:evt_notifier_init:%10
</harden/bcfiles/linux_bcfiles/evt_notifier.bc>:evt_notifier_init:12	</harden/bcfiles/linux_bcfiles/evt_notifier.bc>:evt_notifier_init:%9
</harden/bcfiles/linux_bcfiles/evt_notifier.bc>:evt_notifier_init:21	</harden/bcfiles/linux_bcfiles/evt_notifier.bc>:evt_notifier_init:%16
</harden/bcfiles/linux_bcfiles/evt_notifier.bc>:evt_notifier_init:15	</harden/bcfiles/linux_bcfiles/evt_notifier.bc>:evt_notifier_init:%11
</harden/bcfiles/linux_bcfiles/evt_notifier.bc>:evt_notifier_init:29	</harden/bcfiles/linux_bcfiles/evt_notifier.bc>:evt_notifier_init:%21
</harden/bcfiles/linux_bcfiles/evt_notifier.bc>:evt_notifier_init:6	</harden/bcfiles/linux_bcfiles/evt_notifier.bc>:evt_notifier_init:%7
</harden/bcfiles/linux_bcfiles/evt_notifier.bc>:evt_notifier_init:5	</harden/bcfiles/linux_bcfiles/evt_notifier.bc>:evt_notifier_init:%6
</harden/bcfiles/linux_bcfiles/evt_notifier.bc>:evt_notifier_init:63	</harden/bcfiles/linux_bcfiles/evt_notifier.bc>:evt_notifier_init:%47
</harden/bcfiles/linux_bcfiles/evt_notifier.bc>:evt_notifier_init:4	</harden/bcfiles/linux_bcfiles/evt_notifier.bc>:evt_notifier_init:%5
</harden/bcfiles/linux_bcfiles/evt_notifier.bc>:evt_notifier_init:3	</harden/bcfiles/linux_bcfiles/evt_notifier.bc>:evt_notifier_init:%4
</harden/bcfiles/linux_bcfiles/evt_notifier.bc>:evt_notifier_init:46	</harden/bcfiles/linux_bcfiles/evt_notifier.bc>:evt_notifier_init:%34
</harden/bcfiles/linux_bcfiles/evt_notifier.bc>:evt_notifier_init:2	</harden/bcfiles/linux_bcfiles/evt_notifier.bc>:evt_notifier_init:%3
</harden/bcfiles/linux_bcfiles/evt_notifier.bc>:evt_notifier_init:1	</harden/bcfiles/linux_bcfiles/evt_notifier.bc>:evt_notifier_init:%2
</harden/bcfiles/linux_bcfiles/evt_notifier.bc>:evt_notifier_init:0	</harden/bcfiles/linux_bcfiles/evt_notifier.bc>:evt_notifier_init:%1
</harden/bcfiles/linux_bcfiles/evt_notifier.bc>:evt_notifier_exit:11	</harden/bcfiles/linux_bcfiles/evt_notifier.bc>:evt_notifier_exit:%7
</harden/bcfiles/linux_bcfiles/evt_notifier.bc>:evt_notifier_exit:13	</harden/bcfiles/linux_bcfiles/evt_notifier.bc>:evt_notifier_exit:%8
</harden/bcfiles/linux_bcfiles/evt_notifier.bc>:evt_notifier_exit:0	</harden/bcfiles/linux_bcfiles/evt_notifier.bc>:evt_notifier_exit:%1
</harden/bcfiles/linux_bcfiles/evt_notifier.bc>:proc_write:382	</harden/bcfiles/linux_bcfiles/evt_notifier.bc>:proc_write:%307
</harden/bcfiles/linux_bcfiles/evt_notifier.bc>:proc_write:377	</harden/bcfiles/linux_bcfiles/evt_notifier.bc>:proc_write:%304
</harden/bcfiles/linux_bcfiles/evt_notifier.bc>:proc_write:367	</harden/bcfiles/linux_bcfiles/evt_notifier.bc>:proc_write:%296
</harden/bcfiles/linux_bcfiles/evt_notifier.bc>:proc_write:363	</harden/bcfiles/linux_bcfiles/evt_notifier.bc>:proc_write:%292
</harden/bcfiles/linux_bcfiles/evt_notifier.bc>:proc_write:362	</harden/bcfiles/linux_bcfiles/evt_notifier.bc>:proc_write:%291
</harden/bcfiles/linux_bcfiles/evt_notifier.bc>:proc_write:359	</harden/bcfiles/linux_bcfiles/evt_notifier.bc>:proc_write:%288
</harden/bcfiles/linux_bcfiles/evt_notifier.bc>:proc_write:352	</harden/bcfiles/linux_bcfiles/evt_notifier.bc>:proc_write:%285
</harden/bcfiles/linux_bcfiles/evt_notifier.bc>:proc_write:344	</harden/bcfiles/linux_bcfiles/evt_notifier.bc>:proc_write:%279
</harden/bcfiles/linux_bcfiles/evt_notifier.bc>:proc_write:341	</harden/bcfiles/linux_bcfiles/evt_notifier.bc>:proc_write:%276
</harden/bcfiles/linux_bcfiles/evt_notifier.bc>:proc_write:340	</harden/bcfiles/linux_bcfiles/evt_notifier.bc>:proc_write:%275
</harden/bcfiles/linux_bcfiles/evt_notifier.bc>:proc_write:336	</harden/bcfiles/linux_bcfiles/evt_notifier.bc>:proc_write:%271
</harden/bcfiles/linux_bcfiles/evt_notifier.bc>:proc_write:332	</harden/bcfiles/linux_bcfiles/evt_notifier.bc>:proc_write:%268
</harden/bcfiles/linux_bcfiles/evt_notifier.bc>:proc_write:326	</harden/bcfiles/linux_bcfiles/evt_notifier.bc>:proc_write:%262
</harden/bcfiles/linux_bcfiles/evt_notifier.bc>:proc_write:322	</harden/bcfiles/linux_bcfiles/evt_notifier.bc>:proc_write:%259
</harden/bcfiles/linux_bcfiles/evt_notifier.bc>:proc_write:305	</harden/bcfiles/linux_bcfiles/evt_notifier.bc>:proc_write:%245
</harden/bcfiles/linux_bcfiles/evt_notifier.bc>:proc_write:304	</harden/bcfiles/linux_bcfiles/evt_notifier.bc>:proc_write:%244
</harden/bcfiles/linux_bcfiles/evt_notifier.bc>:proc_write:297	</harden/bcfiles/linux_bcfiles/evt_notifier.bc>:proc_write:%238
</harden/bcfiles/linux_bcfiles/evt_notifier.bc>:proc_write:296	</harden/bcfiles/linux_bcfiles/evt_notifier.bc>:proc_write:%237
</harden/bcfiles/linux_bcfiles/evt_notifier.bc>:proc_write:364	</harden/bcfiles/linux_bcfiles/evt_notifier.bc>:proc_write:%293
</harden/bcfiles/linux_bcfiles/evt_notifier.bc>:proc_write:293	</harden/bcfiles/linux_bcfiles/evt_notifier.bc>:proc_write:%234
</harden/bcfiles/linux_bcfiles/evt_notifier.bc>:proc_write:292	</harden/bcfiles/linux_bcfiles/evt_notifier.bc>:proc_write:%233
</harden/bcfiles/linux_bcfiles/evt_notifier.bc>:proc_write:291	</harden/bcfiles/linux_bcfiles/evt_notifier.bc>:proc_write:%232
</harden/bcfiles/linux_bcfiles/evt_notifier.bc>:proc_write:290	</harden/bcfiles/linux_bcfiles/evt_notifier.bc>:proc_write:%231
</harden/bcfiles/linux_bcfiles/evt_notifier.bc>:proc_write:289	</harden/bcfiles/linux_bcfiles/evt_notifier.bc>:proc_write:%230
</harden/bcfiles/linux_bcfiles/evt_notifier.bc>:proc_write:281	</harden/bcfiles/linux_bcfiles/evt_notifier.bc>:proc_write:%224
</harden/bcfiles/linux_bcfiles/evt_notifier.bc>:proc_write:272	</harden/bcfiles/linux_bcfiles/evt_notifier.bc>:proc_write:%216
</harden/bcfiles/linux_bcfiles/evt_notifier.bc>:proc_write:269	</harden/bcfiles/linux_bcfiles/evt_notifier.bc>:proc_write:%213
</harden/bcfiles/linux_bcfiles/evt_notifier.bc>:proc_write:266	</harden/bcfiles/linux_bcfiles/evt_notifier.bc>:proc_write:%210
</harden/bcfiles/linux_bcfiles/evt_notifier.bc>:proc_write:260	</harden/bcfiles/linux_bcfiles/evt_notifier.bc>:proc_write:%206
</harden/bcfiles/linux_bcfiles/evt_notifier.bc>:proc_write:255	</harden/bcfiles/linux_bcfiles/evt_notifier.bc>:proc_write:%202
</harden/bcfiles/linux_bcfiles/evt_notifier.bc>:proc_write:247	</harden/bcfiles/linux_bcfiles/evt_notifier.bc>:proc_write:%194
</harden/bcfiles/linux_bcfiles/evt_notifier.bc>:proc_write:240	</harden/bcfiles/linux_bcfiles/evt_notifier.bc>:proc_write:%189
</harden/bcfiles/linux_bcfiles/evt_notifier.bc>:proc_write:230	</harden/bcfiles/linux_bcfiles/evt_notifier.bc>:proc_write:%180
</harden/bcfiles/linux_bcfiles/evt_notifier.bc>:proc_write:238	</harden/bcfiles/linux_bcfiles/evt_notifier.bc>:proc_write:%187
</harden/bcfiles/linux_bcfiles/evt_notifier.bc>:proc_write:224	</harden/bcfiles/linux_bcfiles/evt_notifier.bc>:proc_write:%178
</harden/bcfiles/linux_bcfiles/evt_notifier.bc>:proc_write:295	</harden/bcfiles/linux_bcfiles/evt_notifier.bc>:proc_write:%236
</harden/bcfiles/linux_bcfiles/evt_notifier.bc>:proc_write:223	</harden/bcfiles/linux_bcfiles/evt_notifier.bc>:proc_write:%177
</harden/bcfiles/linux_bcfiles/evt_notifier.bc>:proc_write:222	</harden/bcfiles/linux_bcfiles/evt_notifier.bc>:proc_write:%176
</harden/bcfiles/linux_bcfiles/evt_notifier.bc>:proc_write:263	</harden/bcfiles/linux_bcfiles/evt_notifier.bc>:proc_write:%208
</harden/bcfiles/linux_bcfiles/evt_notifier.bc>:proc_write:204	</harden/bcfiles/linux_bcfiles/evt_notifier.bc>:proc_write:%163
</harden/bcfiles/linux_bcfiles/evt_notifier.bc>:proc_write:203	</harden/bcfiles/linux_bcfiles/evt_notifier.bc>:proc_write:%162
</harden/bcfiles/linux_bcfiles/evt_notifier.bc>:proc_write:248	</harden/bcfiles/linux_bcfiles/evt_notifier.bc>:proc_write:%195
</harden/bcfiles/linux_bcfiles/evt_notifier.bc>:proc_write:193	</harden/bcfiles/linux_bcfiles/evt_notifier.bc>:proc_write:%154
</harden/bcfiles/linux_bcfiles/evt_notifier.bc>:proc_write:366	</harden/bcfiles/linux_bcfiles/evt_notifier.bc>:proc_write:%295
</harden/bcfiles/linux_bcfiles/evt_notifier.bc>:proc_write:189	</harden/bcfiles/linux_bcfiles/evt_notifier.bc>:proc_write:%151
</harden/bcfiles/linux_bcfiles/evt_notifier.bc>:proc_write:188	</harden/bcfiles/linux_bcfiles/evt_notifier.bc>:proc_write:%150
</harden/bcfiles/linux_bcfiles/evt_notifier.bc>:proc_write:379	</harden/bcfiles/linux_bcfiles/evt_notifier.bc>:proc_write:%305
</harden/bcfiles/linux_bcfiles/evt_notifier.bc>:proc_write:370	</harden/bcfiles/linux_bcfiles/evt_notifier.bc>:proc_write:%298
</harden/bcfiles/linux_bcfiles/evt_notifier.bc>:proc_write:173	</harden/bcfiles/linux_bcfiles/evt_notifier.bc>:proc_write:%138
</harden/bcfiles/linux_bcfiles/evt_notifier.bc>:proc_write:169	</harden/bcfiles/linux_bcfiles/evt_notifier.bc>:proc_write:%135
</harden/bcfiles/linux_bcfiles/evt_notifier.bc>:proc_write:199	</harden/bcfiles/linux_bcfiles/evt_notifier.bc>:proc_write:%159
</harden/bcfiles/linux_bcfiles/evt_notifier.bc>:proc_write:163	</harden/bcfiles/linux_bcfiles/evt_notifier.bc>:proc_write:%130
</harden/bcfiles/linux_bcfiles/evt_notifier.bc>:proc_write:250	</harden/bcfiles/linux_bcfiles/evt_notifier.bc>:proc_write:%197
</harden/bcfiles/linux_bcfiles/evt_notifier.bc>:proc_write:159	</harden/bcfiles/linux_bcfiles/evt_notifier.bc>:proc_write:%127
</harden/bcfiles/linux_bcfiles/evt_notifier.bc>:proc_write:164	</harden/bcfiles/linux_bcfiles/evt_notifier.bc>:proc_write:%131
</harden/bcfiles/linux_bcfiles/evt_notifier.bc>:proc_write:331	</harden/bcfiles/linux_bcfiles/evt_notifier.bc>:proc_write:%267
</harden/bcfiles/linux_bcfiles/evt_notifier.bc>:proc_write:208	</harden/bcfiles/linux_bcfiles/evt_notifier.bc>:proc_write:%166
</harden/bcfiles/linux_bcfiles/evt_notifier.bc>:proc_write:300	</harden/bcfiles/linux_bcfiles/evt_notifier.bc>:proc_write:%241
</harden/bcfiles/linux_bcfiles/evt_notifier.bc>:proc_write:285	</harden/bcfiles/linux_bcfiles/evt_notifier.bc>:proc_write:%226
</harden/bcfiles/linux_bcfiles/evt_notifier.bc>:proc_write:144	</harden/bcfiles/linux_bcfiles/evt_notifier.bc>:proc_write:%115
</harden/bcfiles/linux_bcfiles/evt_notifier.bc>:proc_write:184	</harden/bcfiles/linux_bcfiles/evt_notifier.bc>:proc_write:%147
</harden/bcfiles/linux_bcfiles/evt_notifier.bc>:proc_write:143	</harden/bcfiles/linux_bcfiles/evt_notifier.bc>:proc_write:%114
</harden/bcfiles/linux_bcfiles/evt_notifier.bc>:proc_write:251	</harden/bcfiles/linux_bcfiles/evt_notifier.bc>:proc_write:%198
</harden/bcfiles/linux_bcfiles/evt_notifier.bc>:proc_write:139	</harden/bcfiles/linux_bcfiles/evt_notifier.bc>:proc_write:%111
</harden/bcfiles/linux_bcfiles/evt_notifier.bc>:proc_write:133	</harden/bcfiles/linux_bcfiles/evt_notifier.bc>:proc_write:%106
</harden/bcfiles/linux_bcfiles/evt_notifier.bc>:proc_write:129	</harden/bcfiles/linux_bcfiles/evt_notifier.bc>:proc_write:%103
</harden/bcfiles/linux_bcfiles/evt_notifier.bc>:proc_write:273	</harden/bcfiles/linux_bcfiles/evt_notifier.bc>:proc_write:%217
</harden/bcfiles/linux_bcfiles/evt_notifier.bc>:proc_write:346	</harden/bcfiles/linux_bcfiles/evt_notifier.bc>:proc_write:%280
</harden/bcfiles/linux_bcfiles/evt_notifier.bc>:proc_write:183	</harden/bcfiles/linux_bcfiles/evt_notifier.bc>:proc_write:%146
</harden/bcfiles/linux_bcfiles/evt_notifier.bc>:proc_write:123	</harden/bcfiles/linux_bcfiles/evt_notifier.bc>:proc_write:%98
</harden/bcfiles/linux_bcfiles/evt_notifier.bc>:proc_write:119	</harden/bcfiles/linux_bcfiles/evt_notifier.bc>:proc_write:%95
</harden/bcfiles/linux_bcfiles/evt_notifier.bc>:proc_write:114	</harden/bcfiles/linux_bcfiles/evt_notifier.bc>:proc_write:%91
</harden/bcfiles/linux_bcfiles/evt_notifier.bc>:proc_write:110	</harden/bcfiles/linux_bcfiles/evt_notifier.bc>:proc_write:%87
</harden/bcfiles/linux_bcfiles/evt_notifier.bc>:proc_write:168	</harden/bcfiles/linux_bcfiles/evt_notifier.bc>:proc_write:%134
</harden/bcfiles/linux_bcfiles/evt_notifier.bc>:proc_write:106	</harden/bcfiles/linux_bcfiles/evt_notifier.bc>:proc_write:%84
</harden/bcfiles/linux_bcfiles/evt_notifier.bc>:proc_write:103	</harden/bcfiles/linux_bcfiles/evt_notifier.bc>:proc_write:%81
</harden/bcfiles/linux_bcfiles/evt_notifier.bc>:proc_write:246	</harden/bcfiles/linux_bcfiles/evt_notifier.bc>:proc_write:%193
</harden/bcfiles/linux_bcfiles/evt_notifier.bc>:proc_write:105	</harden/bcfiles/linux_bcfiles/evt_notifier.bc>:proc_write:%83
</harden/bcfiles/linux_bcfiles/evt_notifier.bc>:proc_write:102	</harden/bcfiles/linux_bcfiles/evt_notifier.bc>:proc_write:%80
</harden/bcfiles/linux_bcfiles/evt_notifier.bc>:proc_write:97	</harden/bcfiles/linux_bcfiles/evt_notifier.bc>:proc_write:%76
</harden/bcfiles/linux_bcfiles/evt_notifier.bc>:proc_write:87	</harden/bcfiles/linux_bcfiles/evt_notifier.bc>:proc_write:%71
</harden/bcfiles/linux_bcfiles/evt_notifier.bc>:proc_write:239	</harden/bcfiles/linux_bcfiles/evt_notifier.bc>:proc_write:%188
</harden/bcfiles/linux_bcfiles/evt_notifier.bc>:proc_write:76	</harden/bcfiles/linux_bcfiles/evt_notifier.bc>:proc_write:%62
</harden/bcfiles/linux_bcfiles/evt_notifier.bc>:proc_write:174	</harden/bcfiles/linux_bcfiles/evt_notifier.bc>:proc_write:%139
</harden/bcfiles/linux_bcfiles/evt_notifier.bc>:proc_write:214	</harden/bcfiles/linux_bcfiles/evt_notifier.bc>:proc_write:%171
</harden/bcfiles/linux_bcfiles/evt_notifier.bc>:proc_write:286	</harden/bcfiles/linux_bcfiles/evt_notifier.bc>:proc_write:%227
</harden/bcfiles/linux_bcfiles/evt_notifier.bc>:proc_write:73	</harden/bcfiles/linux_bcfiles/evt_notifier.bc>:proc_write:%59
</harden/bcfiles/linux_bcfiles/evt_notifier.bc>:proc_write:298	</harden/bcfiles/linux_bcfiles/evt_notifier.bc>:proc_write:%239
</harden/bcfiles/linux_bcfiles/evt_notifier.bc>:proc_write:149	</harden/bcfiles/linux_bcfiles/evt_notifier.bc>:proc_write:%119
</harden/bcfiles/linux_bcfiles/evt_notifier.bc>:proc_write:153	</harden/bcfiles/linux_bcfiles/evt_notifier.bc>:proc_write:%122
</harden/bcfiles/linux_bcfiles/evt_notifier.bc>:proc_write:330	</harden/bcfiles/linux_bcfiles/evt_notifier.bc>:proc_write:%266
</harden/bcfiles/linux_bcfiles/evt_notifier.bc>:proc_write:67	</harden/bcfiles/linux_bcfiles/evt_notifier.bc>:proc_write:%57
</harden/bcfiles/linux_bcfiles/evt_notifier.bc>:proc_write:271	</harden/bcfiles/linux_bcfiles/evt_notifier.bc>:proc_write:%215
</harden/bcfiles/linux_bcfiles/evt_notifier.bc>:proc_write:65	</harden/bcfiles/linux_bcfiles/evt_notifier.bc>:proc_write:%56
</harden/bcfiles/linux_bcfiles/evt_notifier.bc>:proc_write:63	</harden/bcfiles/linux_bcfiles/evt_notifier.bc>:proc_write:%54
</harden/bcfiles/linux_bcfiles/evt_notifier.bc>:proc_write:62	</harden/bcfiles/linux_bcfiles/evt_notifier.bc>:proc_write:%53
</harden/bcfiles/linux_bcfiles/evt_notifier.bc>:proc_write:178	</harden/bcfiles/linux_bcfiles/evt_notifier.bc>:proc_write:%142
</harden/bcfiles/linux_bcfiles/evt_notifier.bc>:proc_write:350	</harden/bcfiles/linux_bcfiles/evt_notifier.bc>:proc_write:%284
</harden/bcfiles/linux_bcfiles/evt_notifier.bc>:proc_write:61	</harden/bcfiles/linux_bcfiles/evt_notifier.bc>:proc_write:%52
</harden/bcfiles/linux_bcfiles/evt_notifier.bc>:proc_write:79	</harden/bcfiles/linux_bcfiles/evt_notifier.bc>:proc_write:%64
</harden/bcfiles/linux_bcfiles/evt_notifier.bc>:proc_write:288	</harden/bcfiles/linux_bcfiles/evt_notifier.bc>:proc_write:%229
</harden/bcfiles/linux_bcfiles/evt_notifier.bc>:proc_write:92	</harden/bcfiles/linux_bcfiles/evt_notifier.bc>:proc_write:%72
</harden/bcfiles/linux_bcfiles/evt_notifier.bc>:proc_write:54	</harden/bcfiles/linux_bcfiles/evt_notifier.bc>:proc_write:%46
</harden/bcfiles/linux_bcfiles/evt_notifier.bc>:proc_write:51	</harden/bcfiles/linux_bcfiles/evt_notifier.bc>:proc_write:%44
</harden/bcfiles/linux_bcfiles/evt_notifier.bc>:proc_write:220	</harden/bcfiles/linux_bcfiles/evt_notifier.bc>:proc_write:%175
</harden/bcfiles/linux_bcfiles/evt_notifier.bc>:proc_write:231	</harden/bcfiles/linux_bcfiles/evt_notifier.bc>:proc_write:%181
</harden/bcfiles/linux_bcfiles/evt_notifier.bc>:proc_write:44	</harden/bcfiles/linux_bcfiles/evt_notifier.bc>:proc_write:%38
</harden/bcfiles/linux_bcfiles/evt_notifier.bc>:proc_write:43	</harden/bcfiles/linux_bcfiles/evt_notifier.bc>:proc_write:%37
</harden/bcfiles/linux_bcfiles/evt_notifier.bc>:proc_write:118	</harden/bcfiles/linux_bcfiles/evt_notifier.bc>:proc_write:%94
</harden/bcfiles/linux_bcfiles/evt_notifier.bc>:proc_write:321	</harden/bcfiles/linux_bcfiles/evt_notifier.bc>:proc_write:%258
</harden/bcfiles/linux_bcfiles/evt_notifier.bc>:proc_write:320	</harden/bcfiles/linux_bcfiles/evt_notifier.bc>:proc_write:%257
</harden/bcfiles/linux_bcfiles/evt_notifier.bc>:proc_write:265	</harden/bcfiles/linux_bcfiles/evt_notifier.bc>:proc_write:%209
</harden/bcfiles/linux_bcfiles/evt_notifier.bc>:proc_write:93	</harden/bcfiles/linux_bcfiles/evt_notifier.bc>:proc_write:%73
</harden/bcfiles/linux_bcfiles/evt_notifier.bc>:proc_write:41	</harden/bcfiles/linux_bcfiles/evt_notifier.bc>:proc_write:%35
</harden/bcfiles/linux_bcfiles/evt_notifier.bc>:proc_write:128	</harden/bcfiles/linux_bcfiles/evt_notifier.bc>:proc_write:%102
</harden/bcfiles/linux_bcfiles/evt_notifier.bc>:proc_write:299	</harden/bcfiles/linux_bcfiles/evt_notifier.bc>:proc_write:%240
</harden/bcfiles/linux_bcfiles/evt_notifier.bc>:proc_write:40	</harden/bcfiles/linux_bcfiles/evt_notifier.bc>:proc_write:%34
</harden/bcfiles/linux_bcfiles/evt_notifier.bc>:proc_write:334	</harden/bcfiles/linux_bcfiles/evt_notifier.bc>:proc_write:%270
</harden/bcfiles/linux_bcfiles/evt_notifier.bc>:proc_write:194	</harden/bcfiles/linux_bcfiles/evt_notifier.bc>:proc_write:%155
</harden/bcfiles/linux_bcfiles/evt_notifier.bc>:proc_write:294	</harden/bcfiles/linux_bcfiles/evt_notifier.bc>:proc_write:%235
</harden/bcfiles/linux_bcfiles/evt_notifier.bc>:proc_write:36	</harden/bcfiles/linux_bcfiles/evt_notifier.bc>:proc_write:%33
</harden/bcfiles/linux_bcfiles/evt_notifier.bc>:proc_write:49	</harden/bcfiles/linux_bcfiles/evt_notifier.bc>:proc_write:%43
</harden/bcfiles/linux_bcfiles/evt_notifier.bc>:proc_write:35	</harden/bcfiles/linux_bcfiles/evt_notifier.bc>:proc_write:%32
</harden/bcfiles/linux_bcfiles/evt_notifier.bc>:proc_write:158	</harden/bcfiles/linux_bcfiles/evt_notifier.bc>:proc_write:%126
</harden/bcfiles/linux_bcfiles/evt_notifier.bc>:proc_write:371	</harden/bcfiles/linux_bcfiles/evt_notifier.bc>:proc_write:%299
</harden/bcfiles/linux_bcfiles/evt_notifier.bc>:proc_write:98	</harden/bcfiles/linux_bcfiles/evt_notifier.bc>:proc_write:%77
</harden/bcfiles/linux_bcfiles/evt_notifier.bc>:proc_write:275	</harden/bcfiles/linux_bcfiles/evt_notifier.bc>:proc_write:%219
</harden/bcfiles/linux_bcfiles/evt_notifier.bc>:proc_write:198	</harden/bcfiles/linux_bcfiles/evt_notifier.bc>:proc_write:%158
</harden/bcfiles/linux_bcfiles/evt_notifier.bc>:proc_write:315	</harden/bcfiles/linux_bcfiles/evt_notifier.bc>:proc_write:%252
</harden/bcfiles/linux_bcfiles/evt_notifier.bc>:proc_write:26	</harden/bcfiles/linux_bcfiles/evt_notifier.bc>:proc_write:%30
</harden/bcfiles/linux_bcfiles/evt_notifier.bc>:proc_write:25	</harden/bcfiles/linux_bcfiles/evt_notifier.bc>:proc_write:%29
</harden/bcfiles/linux_bcfiles/evt_notifier.bc>:proc_write:324	</harden/bcfiles/linux_bcfiles/evt_notifier.bc>:proc_write:%261
</harden/bcfiles/linux_bcfiles/evt_notifier.bc>:proc_write:24	</harden/bcfiles/linux_bcfiles/evt_notifier.bc>:proc_write:%28
</harden/bcfiles/linux_bcfiles/evt_notifier.bc>:proc_write:111	</harden/bcfiles/linux_bcfiles/evt_notifier.bc>:proc_write:%88
</harden/bcfiles/linux_bcfiles/evt_notifier.bc>:proc_write:23	</harden/bcfiles/linux_bcfiles/evt_notifier.bc>:proc_write:%27
</harden/bcfiles/linux_bcfiles/evt_notifier.bc>:proc_write:22	</harden/bcfiles/linux_bcfiles/evt_notifier.bc>:proc_write:%26
</harden/bcfiles/linux_bcfiles/evt_notifier.bc>:proc_write:21	</harden/bcfiles/linux_bcfiles/evt_notifier.bc>:proc_write:%25
</harden/bcfiles/linux_bcfiles/evt_notifier.bc>:proc_write:84	</harden/bcfiles/linux_bcfiles/evt_notifier.bc>:proc_write:%69
</harden/bcfiles/linux_bcfiles/evt_notifier.bc>:proc_write:148	</harden/bcfiles/linux_bcfiles/evt_notifier.bc>:proc_write:%118
</harden/bcfiles/linux_bcfiles/evt_notifier.bc>:proc_write:20	</harden/bcfiles/linux_bcfiles/evt_notifier.bc>:proc_write:%24
</harden/bcfiles/linux_bcfiles/evt_notifier.bc>:proc_write:360	</harden/bcfiles/linux_bcfiles/evt_notifier.bc>:proc_write:%289
</harden/bcfiles/linux_bcfiles/evt_notifier.bc>:proc_write:80	</harden/bcfiles/linux_bcfiles/evt_notifier.bc>:proc_write:%65
</harden/bcfiles/linux_bcfiles/evt_notifier.bc>:proc_write:124	</harden/bcfiles/linux_bcfiles/evt_notifier.bc>:proc_write:%99
</harden/bcfiles/linux_bcfiles/evt_notifier.bc>:proc_write:19	</harden/bcfiles/linux_bcfiles/evt_notifier.bc>:proc_write:%23
</harden/bcfiles/linux_bcfiles/evt_notifier.bc>:proc_write:18	</harden/bcfiles/linux_bcfiles/evt_notifier.bc>:proc_write:%22
</harden/bcfiles/linux_bcfiles/evt_notifier.bc>:proc_write:75	</harden/bcfiles/linux_bcfiles/evt_notifier.bc>:proc_write:%61
</harden/bcfiles/linux_bcfiles/evt_notifier.bc>:proc_write:17	</harden/bcfiles/linux_bcfiles/evt_notifier.bc>:proc_write:%21
</harden/bcfiles/linux_bcfiles/evt_notifier.bc>:proc_write:229	</harden/bcfiles/linux_bcfiles/evt_notifier.bc>:proc_write:%179
</harden/bcfiles/linux_bcfiles/evt_notifier.bc>:proc_write:16	</harden/bcfiles/linux_bcfiles/evt_notifier.bc>:proc_write:%20
</harden/bcfiles/linux_bcfiles/evt_notifier.bc>:proc_write:234	</harden/bcfiles/linux_bcfiles/evt_notifier.bc>:proc_write:%184
</harden/bcfiles/linux_bcfiles/evt_notifier.bc>:proc_write:15	</harden/bcfiles/linux_bcfiles/evt_notifier.bc>:proc_write:%19
</harden/bcfiles/linux_bcfiles/evt_notifier.bc>:proc_write:232	</harden/bcfiles/linux_bcfiles/evt_notifier.bc>:proc_write:%182
</harden/bcfiles/linux_bcfiles/evt_notifier.bc>:proc_write:14	</harden/bcfiles/linux_bcfiles/evt_notifier.bc>:proc_write:%18
</harden/bcfiles/linux_bcfiles/evt_notifier.bc>:proc_write:12	</harden/bcfiles/linux_bcfiles/evt_notifier.bc>:proc_write:%16
</harden/bcfiles/linux_bcfiles/evt_notifier.bc>:proc_write:233	</harden/bcfiles/linux_bcfiles/evt_notifier.bc>:proc_write:%183
</harden/bcfiles/linux_bcfiles/evt_notifier.bc>:proc_write:11	</harden/bcfiles/linux_bcfiles/evt_notifier.bc>:proc_write:%15
</harden/bcfiles/linux_bcfiles/evt_notifier.bc>:proc_write:279	</harden/bcfiles/linux_bcfiles/evt_notifier.bc>:proc_write:%223
</harden/bcfiles/linux_bcfiles/evt_notifier.bc>:proc_write:10	</harden/bcfiles/linux_bcfiles/evt_notifier.bc>:proc_write:%14
</harden/bcfiles/linux_bcfiles/evt_notifier.bc>:proc_write:13	</harden/bcfiles/linux_bcfiles/evt_notifier.bc>:proc_write:%17
</harden/bcfiles/linux_bcfiles/evt_notifier.bc>:proc_write:9	</harden/bcfiles/linux_bcfiles/evt_notifier.bc>:proc_write:%13
</harden/bcfiles/linux_bcfiles/evt_notifier.bc>:proc_write:313	</harden/bcfiles/linux_bcfiles/evt_notifier.bc>:proc_write:%251
</harden/bcfiles/linux_bcfiles/evt_notifier.bc>:proc_write:154	</harden/bcfiles/linux_bcfiles/evt_notifier.bc>:proc_write:%123
</harden/bcfiles/linux_bcfiles/evt_notifier.bc>:proc_write:8	</harden/bcfiles/linux_bcfiles/evt_notifier.bc>:proc_write:%12
</harden/bcfiles/linux_bcfiles/evt_notifier.bc>:proc_write:7	</harden/bcfiles/linux_bcfiles/evt_notifier.bc>:proc_write:%11
</harden/bcfiles/linux_bcfiles/evt_notifier.bc>:proc_write:6	</harden/bcfiles/linux_bcfiles/evt_notifier.bc>:proc_write:%10
</harden/bcfiles/linux_bcfiles/evt_notifier.bc>:proc_write:138	</harden/bcfiles/linux_bcfiles/evt_notifier.bc>:proc_write:%110
</harden/bcfiles/linux_bcfiles/evt_notifier.bc>:proc_write:5	</harden/bcfiles/linux_bcfiles/evt_notifier.bc>:proc_write:%9
</harden/bcfiles/linux_bcfiles/evt_notifier.bc>:proc_write:213	</harden/bcfiles/linux_bcfiles/evt_notifier.bc>:proc_write:%170
</harden/bcfiles/linux_bcfiles/evt_notifier.bc>:proc_write:4	</harden/bcfiles/linux_bcfiles/evt_notifier.bc>:proc_write:%8
</harden/bcfiles/linux_bcfiles/evt_notifier.bc>:proc_write:113	</harden/bcfiles/linux_bcfiles/evt_notifier.bc>:proc_write:%90
</harden/bcfiles/linux_bcfiles/evt_notifier.bc>:proc_write:301	</harden/bcfiles/linux_bcfiles/evt_notifier.bc>:proc_write:%242
</harden/bcfiles/linux_bcfiles/evt_notifier.bc>:proc_write:209	</harden/bcfiles/linux_bcfiles/evt_notifier.bc>:proc_write:%167
</harden/bcfiles/linux_bcfiles/evt_notifier.bc>:proc_write:3	</harden/bcfiles/linux_bcfiles/evt_notifier.bc>:proc_write:%7
</harden/bcfiles/linux_bcfiles/evt_notifier.bc>:proc_write:27	</harden/bcfiles/linux_bcfiles/evt_notifier.bc>:proc_write:%31
</harden/bcfiles/linux_bcfiles/evt_notifier.bc>:proc_write:2	</harden/bcfiles/linux_bcfiles/evt_notifier.bc>:proc_write:%6
</harden/bcfiles/linux_bcfiles/evt_notifier.bc>:proc_write:1	</harden/bcfiles/linux_bcfiles/evt_notifier.bc>:proc_write:%5
</harden/bcfiles/linux_bcfiles/evt_notifier.bc>:proc_write:179	</harden/bcfiles/linux_bcfiles/evt_notifier.bc>:proc_write:%143
</harden/bcfiles/linux_bcfiles/evt_notifier.bc>:proc_write:0	</harden/bcfiles/linux_bcfiles/evt_notifier.bc>:proc_write:%4
</harden/bcfiles/linux_bcfiles/evt_notifier.bc>:proc_write:134	</harden/bcfiles/linux_bcfiles/evt_notifier.bc>:proc_write:%107
</harden/bcfiles/linux_bcfiles/evt_notifier.bc>:proc_write:365	</harden/bcfiles/linux_bcfiles/evt_notifier.bc>:proc_write:%294
</harden/bcfiles/linux_bcfiles/evt_notifier.bc>:proc_write:57	</harden/bcfiles/linux_bcfiles/evt_notifier.bc>:proc_write:%48
</harden/bcfiles/linux_bcfiles/evt_notifier.bc>:proc_write:249	</harden/bcfiles/linux_bcfiles/evt_notifier.bc>:proc_write:%196
</harden/bcfiles/linux_bcfiles/evt_notifier.bc>:proc_write:342	</harden/bcfiles/linux_bcfiles/evt_notifier.bc>:proc_write:%277
</harden/bcfiles/linux_bcfiles/evt_notifier.bc>:IS_ERR:12	</harden/bcfiles/linux_bcfiles/evt_notifier.bc>:IS_ERR:%12
</harden/bcfiles/linux_bcfiles/evt_notifier.bc>:IS_ERR:11	</harden/bcfiles/linux_bcfiles/evt_notifier.bc>:IS_ERR:%11
</harden/bcfiles/linux_bcfiles/evt_notifier.bc>:IS_ERR:10	</harden/bcfiles/linux_bcfiles/evt_notifier.bc>:IS_ERR:%10
</harden/bcfiles/linux_bcfiles/evt_notifier.bc>:IS_ERR:9	</harden/bcfiles/linux_bcfiles/evt_notifier.bc>:IS_ERR:%9
</harden/bcfiles/linux_bcfiles/evt_notifier.bc>:IS_ERR:8	</harden/bcfiles/linux_bcfiles/evt_notifier.bc>:IS_ERR:%8
</harden/bcfiles/linux_bcfiles/evt_notifier.bc>:IS_ERR:7	</harden/bcfiles/linux_bcfiles/evt_notifier.bc>:IS_ERR:%7
</harden/bcfiles/linux_bcfiles/evt_notifier.bc>:IS_ERR:6	</harden/bcfiles/linux_bcfiles/evt_notifier.bc>:IS_ERR:%6
</harden/bcfiles/linux_bcfiles/evt_notifier.bc>:IS_ERR:5	</harden/bcfiles/linux_bcfiles/evt_notifier.bc>:IS_ERR:%5
</harden/bcfiles/linux_bcfiles/evt_notifier.bc>:IS_ERR:4	</harden/bcfiles/linux_bcfiles/evt_notifier.bc>:IS_ERR:%4
</harden/bcfiles/linux_bcfiles/evt_notifier.bc>:IS_ERR:3	</harden/bcfiles/linux_bcfiles/evt_notifier.bc>:IS_ERR:%3
</harden/bcfiles/linux_bcfiles/evt_notifier.bc>:IS_ERR:0	</harden/bcfiles/linux_bcfiles/evt_notifier.bc>:IS_ERR:%2
</harden/bcfiles/linux_bcfiles/evt_notifier.bc>:PTR_ERR:4	</harden/bcfiles/linux_bcfiles/evt_notifier.bc>:PTR_ERR:%4
</harden/bcfiles/linux_bcfiles/evt_notifier.bc>:PTR_ERR:3	</harden/bcfiles/linux_bcfiles/evt_notifier.bc>:PTR_ERR:%3
</harden/bcfiles/linux_bcfiles/evt_notifier.bc>:PTR_ERR:0	</harden/bcfiles/linux_bcfiles/evt_notifier.bc>:PTR_ERR:%2
</harden/bcfiles/linux_bcfiles/evt_notifier.bc>:my_devnode:9	</harden/bcfiles/linux_bcfiles/evt_notifier.bc>:my_devnode:%8
</harden/bcfiles/linux_bcfiles/evt_notifier.bc>:my_devnode:7	</harden/bcfiles/linux_bcfiles/evt_notifier.bc>:my_devnode:%6
</harden/bcfiles/linux_bcfiles/evt_notifier.bc>:my_devnode:6	</harden/bcfiles/linux_bcfiles/evt_notifier.bc>:my_devnode:%5
</harden/bcfiles/linux_bcfiles/evt_notifier.bc>:my_devnode:1	</harden/bcfiles/linux_bcfiles/evt_notifier.bc>:my_devnode:%4
</harden/bcfiles/linux_bcfiles/evt_notifier.bc>:my_devnode:0	</harden/bcfiles/linux_bcfiles/evt_notifier.bc>:my_devnode:%3
</harden/bcfiles/linux_bcfiles/evt_notifier.bc>:dr_w_dev_read:176	</harden/bcfiles/linux_bcfiles/evt_notifier.bc>:dr_w_dev_read:%133
</harden/bcfiles/linux_bcfiles/evt_notifier.bc>:dr_w_dev_read:175	</harden/bcfiles/linux_bcfiles/evt_notifier.bc>:dr_w_dev_read:%132
</harden/bcfiles/linux_bcfiles/evt_notifier.bc>:dr_w_dev_read:170	</harden/bcfiles/linux_bcfiles/evt_notifier.bc>:dr_w_dev_read:%128
</harden/bcfiles/linux_bcfiles/evt_notifier.bc>:dr_w_dev_read:169	</harden/bcfiles/linux_bcfiles/evt_notifier.bc>:dr_w_dev_read:%127
</harden/bcfiles/linux_bcfiles/evt_notifier.bc>:dr_w_dev_read:167	</harden/bcfiles/linux_bcfiles/evt_notifier.bc>:dr_w_dev_read:%125
</harden/bcfiles/linux_bcfiles/evt_notifier.bc>:dr_w_dev_read:164	</harden/bcfiles/linux_bcfiles/evt_notifier.bc>:dr_w_dev_read:%123
</harden/bcfiles/linux_bcfiles/evt_notifier.bc>:dr_w_dev_read:163	</harden/bcfiles/linux_bcfiles/evt_notifier.bc>:dr_w_dev_read:%122
</harden/bcfiles/linux_bcfiles/evt_notifier.bc>:dr_w_dev_read:160	</harden/bcfiles/linux_bcfiles/evt_notifier.bc>:dr_w_dev_read:%120
</harden/bcfiles/linux_bcfiles/evt_notifier.bc>:dr_w_dev_read:155	</harden/bcfiles/linux_bcfiles/evt_notifier.bc>:dr_w_dev_read:%115
</harden/bcfiles/linux_bcfiles/evt_notifier.bc>:dr_w_dev_read:150	</harden/bcfiles/linux_bcfiles/evt_notifier.bc>:dr_w_dev_read:%112
</harden/bcfiles/linux_bcfiles/evt_notifier.bc>:dr_w_dev_read:143	</harden/bcfiles/linux_bcfiles/evt_notifier.bc>:dr_w_dev_read:%106
</harden/bcfiles/linux_bcfiles/evt_notifier.bc>:dr_w_dev_read:140	</harden/bcfiles/linux_bcfiles/evt_notifier.bc>:dr_w_dev_read:%104
</harden/bcfiles/linux_bcfiles/evt_notifier.bc>:dr_w_dev_read:144	</harden/bcfiles/linux_bcfiles/evt_notifier.bc>:dr_w_dev_read:%107
</harden/bcfiles/linux_bcfiles/evt_notifier.bc>:dr_w_dev_read:139	</harden/bcfiles/linux_bcfiles/evt_notifier.bc>:dr_w_dev_read:%103
</harden/bcfiles/linux_bcfiles/evt_notifier.bc>:dr_w_dev_read:138	</harden/bcfiles/linux_bcfiles/evt_notifier.bc>:dr_w_dev_read:%102
</harden/bcfiles/linux_bcfiles/evt_notifier.bc>:dr_w_dev_read:137	</harden/bcfiles/linux_bcfiles/evt_notifier.bc>:dr_w_dev_read:%101
</harden/bcfiles/linux_bcfiles/evt_notifier.bc>:dr_w_dev_read:130	</harden/bcfiles/linux_bcfiles/evt_notifier.bc>:dr_w_dev_read:%97
</harden/bcfiles/linux_bcfiles/evt_notifier.bc>:dr_w_dev_read:129	</harden/bcfiles/linux_bcfiles/evt_notifier.bc>:dr_w_dev_read:%96
</harden/bcfiles/linux_bcfiles/evt_notifier.bc>:dr_w_dev_read:127	</harden/bcfiles/linux_bcfiles/evt_notifier.bc>:dr_w_dev_read:%94
</harden/bcfiles/linux_bcfiles/evt_notifier.bc>:dr_w_dev_read:126	</harden/bcfiles/linux_bcfiles/evt_notifier.bc>:dr_w_dev_read:%93
</harden/bcfiles/linux_bcfiles/evt_notifier.bc>:dr_w_dev_read:123	</harden/bcfiles/linux_bcfiles/evt_notifier.bc>:dr_w_dev_read:%91
</harden/bcfiles/linux_bcfiles/evt_notifier.bc>:dr_w_dev_read:122	</harden/bcfiles/linux_bcfiles/evt_notifier.bc>:dr_w_dev_read:%90
</harden/bcfiles/linux_bcfiles/evt_notifier.bc>:dr_w_dev_read:121	</harden/bcfiles/linux_bcfiles/evt_notifier.bc>:dr_w_dev_read:%89
</harden/bcfiles/linux_bcfiles/evt_notifier.bc>:dr_w_dev_read:111	</harden/bcfiles/linux_bcfiles/evt_notifier.bc>:dr_w_dev_read:%83
</harden/bcfiles/linux_bcfiles/evt_notifier.bc>:dr_w_dev_read:124	</harden/bcfiles/linux_bcfiles/evt_notifier.bc>:dr_w_dev_read:%92
</harden/bcfiles/linux_bcfiles/evt_notifier.bc>:dr_w_dev_read:110	</harden/bcfiles/linux_bcfiles/evt_notifier.bc>:dr_w_dev_read:%82
</harden/bcfiles/linux_bcfiles/evt_notifier.bc>:dr_w_dev_read:104	</harden/bcfiles/linux_bcfiles/evt_notifier.bc>:dr_w_dev_read:%77
</harden/bcfiles/linux_bcfiles/evt_notifier.bc>:dr_w_dev_read:166	</harden/bcfiles/linux_bcfiles/evt_notifier.bc>:dr_w_dev_read:%124
</harden/bcfiles/linux_bcfiles/evt_notifier.bc>:dr_w_dev_read:101	</harden/bcfiles/linux_bcfiles/evt_notifier.bc>:dr_w_dev_read:%74
</harden/bcfiles/linux_bcfiles/evt_notifier.bc>:dr_w_dev_read:99	</harden/bcfiles/linux_bcfiles/evt_notifier.bc>:dr_w_dev_read:%72
</harden/bcfiles/linux_bcfiles/evt_notifier.bc>:dr_w_dev_read:98	</harden/bcfiles/linux_bcfiles/evt_notifier.bc>:dr_w_dev_read:%71
</harden/bcfiles/linux_bcfiles/evt_notifier.bc>:dr_w_dev_read:96	</harden/bcfiles/linux_bcfiles/evt_notifier.bc>:dr_w_dev_read:%69
</harden/bcfiles/linux_bcfiles/evt_notifier.bc>:dr_w_dev_read:94	</harden/bcfiles/linux_bcfiles/evt_notifier.bc>:dr_w_dev_read:%67
</harden/bcfiles/linux_bcfiles/evt_notifier.bc>:dr_w_dev_read:93	</harden/bcfiles/linux_bcfiles/evt_notifier.bc>:dr_w_dev_read:%66
</harden/bcfiles/linux_bcfiles/evt_notifier.bc>:dr_w_dev_read:91	</harden/bcfiles/linux_bcfiles/evt_notifier.bc>:dr_w_dev_read:%64
</harden/bcfiles/linux_bcfiles/evt_notifier.bc>:dr_w_dev_read:88	</harden/bcfiles/linux_bcfiles/evt_notifier.bc>:dr_w_dev_read:%62
</harden/bcfiles/linux_bcfiles/evt_notifier.bc>:dr_w_dev_read:87	</harden/bcfiles/linux_bcfiles/evt_notifier.bc>:dr_w_dev_read:%61
</harden/bcfiles/linux_bcfiles/evt_notifier.bc>:dr_w_dev_read:95	</harden/bcfiles/linux_bcfiles/evt_notifier.bc>:dr_w_dev_read:%68
</harden/bcfiles/linux_bcfiles/evt_notifier.bc>:dr_w_dev_read:171	</harden/bcfiles/linux_bcfiles/evt_notifier.bc>:dr_w_dev_read:%129
</harden/bcfiles/linux_bcfiles/evt_notifier.bc>:dr_w_dev_read:78	</harden/bcfiles/linux_bcfiles/evt_notifier.bc>:dr_w_dev_read:%59
</harden/bcfiles/linux_bcfiles/evt_notifier.bc>:dr_w_dev_read:77	</harden/bcfiles/linux_bcfiles/evt_notifier.bc>:dr_w_dev_read:%58
</harden/bcfiles/linux_bcfiles/evt_notifier.bc>:dr_w_dev_read:70	</harden/bcfiles/linux_bcfiles/evt_notifier.bc>:dr_w_dev_read:%57
</harden/bcfiles/linux_bcfiles/evt_notifier.bc>:dr_w_dev_read:69	</harden/bcfiles/linux_bcfiles/evt_notifier.bc>:dr_w_dev_read:%56
</harden/bcfiles/linux_bcfiles/evt_notifier.bc>:dr_w_dev_read:172	</harden/bcfiles/linux_bcfiles/evt_notifier.bc>:dr_w_dev_read:%130
</harden/bcfiles/linux_bcfiles/evt_notifier.bc>:dr_w_dev_read:68	</harden/bcfiles/linux_bcfiles/evt_notifier.bc>:dr_w_dev_read:%55
</harden/bcfiles/linux_bcfiles/evt_notifier.bc>:dr_w_dev_read:67	</harden/bcfiles/linux_bcfiles/evt_notifier.bc>:dr_w_dev_read:%54
</harden/bcfiles/linux_bcfiles/evt_notifier.bc>:dr_w_dev_read:66	</harden/bcfiles/linux_bcfiles/evt_notifier.bc>:dr_w_dev_read:%53
</harden/bcfiles/linux_bcfiles/evt_notifier.bc>:dr_w_dev_read:65	</harden/bcfiles/linux_bcfiles/evt_notifier.bc>:dr_w_dev_read:%52
</harden/bcfiles/linux_bcfiles/evt_notifier.bc>:dr_w_dev_read:62	</harden/bcfiles/linux_bcfiles/evt_notifier.bc>:dr_w_dev_read:%50
</harden/bcfiles/linux_bcfiles/evt_notifier.bc>:dr_w_dev_read:60	</harden/bcfiles/linux_bcfiles/evt_notifier.bc>:dr_w_dev_read:%49
</harden/bcfiles/linux_bcfiles/evt_notifier.bc>:dr_w_dev_read:90	</harden/bcfiles/linux_bcfiles/evt_notifier.bc>:dr_w_dev_read:%63
</harden/bcfiles/linux_bcfiles/evt_notifier.bc>:dr_w_dev_read:56	</harden/bcfiles/linux_bcfiles/evt_notifier.bc>:dr_w_dev_read:%45
</harden/bcfiles/linux_bcfiles/evt_notifier.bc>:dr_w_dev_read:55	</harden/bcfiles/linux_bcfiles/evt_notifier.bc>:dr_w_dev_read:%44
</harden/bcfiles/linux_bcfiles/evt_notifier.bc>:dr_w_dev_read:53	</harden/bcfiles/linux_bcfiles/evt_notifier.bc>:dr_w_dev_read:%43
</harden/bcfiles/linux_bcfiles/evt_notifier.bc>:dr_w_dev_read:52	</harden/bcfiles/linux_bcfiles/evt_notifier.bc>:dr_w_dev_read:%42
</harden/bcfiles/linux_bcfiles/evt_notifier.bc>:dr_w_dev_read:50	</harden/bcfiles/linux_bcfiles/evt_notifier.bc>:dr_w_dev_read:%41
</harden/bcfiles/linux_bcfiles/evt_notifier.bc>:dr_w_dev_read:48	</harden/bcfiles/linux_bcfiles/evt_notifier.bc>:dr_w_dev_read:%39
</harden/bcfiles/linux_bcfiles/evt_notifier.bc>:dr_w_dev_read:46	</harden/bcfiles/linux_bcfiles/evt_notifier.bc>:dr_w_dev_read:%37
</harden/bcfiles/linux_bcfiles/evt_notifier.bc>:dr_w_dev_read:173	</harden/bcfiles/linux_bcfiles/evt_notifier.bc>:dr_w_dev_read:%131
</harden/bcfiles/linux_bcfiles/evt_notifier.bc>:dr_w_dev_read:44	</harden/bcfiles/linux_bcfiles/evt_notifier.bc>:dr_w_dev_read:%35
</harden/bcfiles/linux_bcfiles/evt_notifier.bc>:dr_w_dev_read:43	</harden/bcfiles/linux_bcfiles/evt_notifier.bc>:dr_w_dev_read:%34
</harden/bcfiles/linux_bcfiles/evt_notifier.bc>:dr_w_dev_read:181	</harden/bcfiles/linux_bcfiles/evt_notifier.bc>:dr_w_dev_read:%136
</harden/bcfiles/linux_bcfiles/evt_notifier.bc>:dr_w_dev_read:42	</harden/bcfiles/linux_bcfiles/evt_notifier.bc>:dr_w_dev_read:%33
</harden/bcfiles/linux_bcfiles/evt_notifier.bc>:dr_w_dev_read:40	</harden/bcfiles/linux_bcfiles/evt_notifier.bc>:dr_w_dev_read:%32
</harden/bcfiles/linux_bcfiles/evt_notifier.bc>:dr_w_dev_read:39	</harden/bcfiles/linux_bcfiles/evt_notifier.bc>:dr_w_dev_read:%31
</harden/bcfiles/linux_bcfiles/evt_notifier.bc>:dr_w_dev_read:37	</harden/bcfiles/linux_bcfiles/evt_notifier.bc>:dr_w_dev_read:%29
</harden/bcfiles/linux_bcfiles/evt_notifier.bc>:dr_w_dev_read:36	</harden/bcfiles/linux_bcfiles/evt_notifier.bc>:dr_w_dev_read:%28
</harden/bcfiles/linux_bcfiles/evt_notifier.bc>:dr_w_dev_read:33	</harden/bcfiles/linux_bcfiles/evt_notifier.bc>:dr_w_dev_read:%27
</harden/bcfiles/linux_bcfiles/evt_notifier.bc>:dr_w_dev_read:38	</harden/bcfiles/linux_bcfiles/evt_notifier.bc>:dr_w_dev_read:%30
</harden/bcfiles/linux_bcfiles/evt_notifier.bc>:dr_w_dev_read:100	</harden/bcfiles/linux_bcfiles/evt_notifier.bc>:dr_w_dev_read:%73
</harden/bcfiles/linux_bcfiles/evt_notifier.bc>:dr_w_dev_read:21	</harden/bcfiles/linux_bcfiles/evt_notifier.bc>:dr_w_dev_read:%26
</harden/bcfiles/linux_bcfiles/evt_notifier.bc>:dr_w_dev_read:20	</harden/bcfiles/linux_bcfiles/evt_notifier.bc>:dr_w_dev_read:%25
</harden/bcfiles/linux_bcfiles/evt_notifier.bc>:dr_w_dev_read:19	</harden/bcfiles/linux_bcfiles/evt_notifier.bc>:dr_w_dev_read:%24
</harden/bcfiles/linux_bcfiles/evt_notifier.bc>:dr_w_dev_read:18	</harden/bcfiles/linux_bcfiles/evt_notifier.bc>:dr_w_dev_read:%23
</harden/bcfiles/linux_bcfiles/evt_notifier.bc>:dr_w_dev_read:17	</harden/bcfiles/linux_bcfiles/evt_notifier.bc>:dr_w_dev_read:%22
</harden/bcfiles/linux_bcfiles/evt_notifier.bc>:dr_w_dev_read:16	</harden/bcfiles/linux_bcfiles/evt_notifier.bc>:dr_w_dev_read:%21
</harden/bcfiles/linux_bcfiles/evt_notifier.bc>:dr_w_dev_read:15	</harden/bcfiles/linux_bcfiles/evt_notifier.bc>:dr_w_dev_read:%20
</harden/bcfiles/linux_bcfiles/evt_notifier.bc>:dr_w_dev_read:14	</harden/bcfiles/linux_bcfiles/evt_notifier.bc>:dr_w_dev_read:%19
</harden/bcfiles/linux_bcfiles/evt_notifier.bc>:dr_w_dev_read:141	</harden/bcfiles/linux_bcfiles/evt_notifier.bc>:dr_w_dev_read:%105
</harden/bcfiles/linux_bcfiles/evt_notifier.bc>:dr_w_dev_read:13	</harden/bcfiles/linux_bcfiles/evt_notifier.bc>:dr_w_dev_read:%18
</harden/bcfiles/linux_bcfiles/evt_notifier.bc>:dr_w_dev_read:12	</harden/bcfiles/linux_bcfiles/evt_notifier.bc>:dr_w_dev_read:%17
</harden/bcfiles/linux_bcfiles/evt_notifier.bc>:dr_w_dev_read:11	</harden/bcfiles/linux_bcfiles/evt_notifier.bc>:dr_w_dev_read:%16
</harden/bcfiles/linux_bcfiles/evt_notifier.bc>:dr_w_dev_read:10	</harden/bcfiles/linux_bcfiles/evt_notifier.bc>:dr_w_dev_read:%15
</harden/bcfiles/linux_bcfiles/evt_notifier.bc>:dr_w_dev_read:9	</harden/bcfiles/linux_bcfiles/evt_notifier.bc>:dr_w_dev_read:%14
</harden/bcfiles/linux_bcfiles/evt_notifier.bc>:dr_w_dev_read:8	</harden/bcfiles/linux_bcfiles/evt_notifier.bc>:dr_w_dev_read:%13
</harden/bcfiles/linux_bcfiles/evt_notifier.bc>:dr_w_dev_read:7	</harden/bcfiles/linux_bcfiles/evt_notifier.bc>:dr_w_dev_read:%12
</harden/bcfiles/linux_bcfiles/evt_notifier.bc>:dr_w_dev_read:6	</harden/bcfiles/linux_bcfiles/evt_notifier.bc>:dr_w_dev_read:%11
</harden/bcfiles/linux_bcfiles/evt_notifier.bc>:dr_w_dev_read:128	</harden/bcfiles/linux_bcfiles/evt_notifier.bc>:dr_w_dev_read:%95
</harden/bcfiles/linux_bcfiles/evt_notifier.bc>:dr_w_dev_read:5	</harden/bcfiles/linux_bcfiles/evt_notifier.bc>:dr_w_dev_read:%10
</harden/bcfiles/linux_bcfiles/evt_notifier.bc>:dr_w_dev_read:4	</harden/bcfiles/linux_bcfiles/evt_notifier.bc>:dr_w_dev_read:%9
</harden/bcfiles/linux_bcfiles/evt_notifier.bc>:dr_w_dev_read:3	</harden/bcfiles/linux_bcfiles/evt_notifier.bc>:dr_w_dev_read:%8
</harden/bcfiles/linux_bcfiles/evt_notifier.bc>:dr_w_dev_read:2	</harden/bcfiles/linux_bcfiles/evt_notifier.bc>:dr_w_dev_read:%7
</harden/bcfiles/linux_bcfiles/evt_notifier.bc>:dr_w_dev_read:1	</harden/bcfiles/linux_bcfiles/evt_notifier.bc>:dr_w_dev_read:%6
</harden/bcfiles/linux_bcfiles/evt_notifier.bc>:dr_w_dev_read:0	</harden/bcfiles/linux_bcfiles/evt_notifier.bc>:dr_w_dev_read:%5
</harden/bcfiles/linux_bcfiles/evt_notifier.bc>:dr_w_dev_write:164	</harden/bcfiles/linux_bcfiles/evt_notifier.bc>:dr_w_dev_write:%121
</harden/bcfiles/linux_bcfiles/evt_notifier.bc>:dr_w_dev_write:161	</harden/bcfiles/linux_bcfiles/evt_notifier.bc>:dr_w_dev_write:%119
</harden/bcfiles/linux_bcfiles/evt_notifier.bc>:dr_w_dev_write:159	</harden/bcfiles/linux_bcfiles/evt_notifier.bc>:dr_w_dev_write:%118
</harden/bcfiles/linux_bcfiles/evt_notifier.bc>:dr_w_dev_write:154	</harden/bcfiles/linux_bcfiles/evt_notifier.bc>:dr_w_dev_write:%114
</harden/bcfiles/linux_bcfiles/evt_notifier.bc>:dr_w_dev_write:153	</harden/bcfiles/linux_bcfiles/evt_notifier.bc>:dr_w_dev_write:%113
</harden/bcfiles/linux_bcfiles/evt_notifier.bc>:dr_w_dev_write:151	</harden/bcfiles/linux_bcfiles/evt_notifier.bc>:dr_w_dev_write:%111
</harden/bcfiles/linux_bcfiles/evt_notifier.bc>:dr_w_dev_write:147	</harden/bcfiles/linux_bcfiles/evt_notifier.bc>:dr_w_dev_write:%108
</harden/bcfiles/linux_bcfiles/evt_notifier.bc>:dr_w_dev_write:146	</harden/bcfiles/linux_bcfiles/evt_notifier.bc>:dr_w_dev_write:%107
</harden/bcfiles/linux_bcfiles/evt_notifier.bc>:dr_w_dev_write:143	</harden/bcfiles/linux_bcfiles/evt_notifier.bc>:dr_w_dev_write:%104
</harden/bcfiles/linux_bcfiles/evt_notifier.bc>:dr_w_dev_write:141	</harden/bcfiles/linux_bcfiles/evt_notifier.bc>:dr_w_dev_write:%103
</harden/bcfiles/linux_bcfiles/evt_notifier.bc>:dr_w_dev_write:138	</harden/bcfiles/linux_bcfiles/evt_notifier.bc>:dr_w_dev_write:%101
</harden/bcfiles/linux_bcfiles/evt_notifier.bc>:dr_w_dev_write:137	</harden/bcfiles/linux_bcfiles/evt_notifier.bc>:dr_w_dev_write:%100
</harden/bcfiles/linux_bcfiles/evt_notifier.bc>:dr_w_dev_write:132	</harden/bcfiles/linux_bcfiles/evt_notifier.bc>:dr_w_dev_write:%96
</harden/bcfiles/linux_bcfiles/evt_notifier.bc>:dr_w_dev_write:129	</harden/bcfiles/linux_bcfiles/evt_notifier.bc>:dr_w_dev_write:%94
</harden/bcfiles/linux_bcfiles/evt_notifier.bc>:dr_w_dev_write:124	</harden/bcfiles/linux_bcfiles/evt_notifier.bc>:dr_w_dev_write:%89
</harden/bcfiles/linux_bcfiles/evt_notifier.bc>:dr_w_dev_write:119	</harden/bcfiles/linux_bcfiles/evt_notifier.bc>:dr_w_dev_write:%86
</harden/bcfiles/linux_bcfiles/evt_notifier.bc>:dr_w_dev_write:113	</harden/bcfiles/linux_bcfiles/evt_notifier.bc>:dr_w_dev_write:%81
</harden/bcfiles/linux_bcfiles/evt_notifier.bc>:dr_w_dev_write:110	</harden/bcfiles/linux_bcfiles/evt_notifier.bc>:dr_w_dev_write:%79
</harden/bcfiles/linux_bcfiles/evt_notifier.bc>:dr_w_dev_write:109	</harden/bcfiles/linux_bcfiles/evt_notifier.bc>:dr_w_dev_write:%78
</harden/bcfiles/linux_bcfiles/evt_notifier.bc>:dr_w_dev_write:108	</harden/bcfiles/linux_bcfiles/evt_notifier.bc>:dr_w_dev_write:%77
</harden/bcfiles/linux_bcfiles/evt_notifier.bc>:dr_w_dev_write:106	</harden/bcfiles/linux_bcfiles/evt_notifier.bc>:dr_w_dev_write:%75
</harden/bcfiles/linux_bcfiles/evt_notifier.bc>:dr_w_dev_write:99	</harden/bcfiles/linux_bcfiles/evt_notifier.bc>:dr_w_dev_write:%71
</harden/bcfiles/linux_bcfiles/evt_notifier.bc>:dr_w_dev_write:98	</harden/bcfiles/linux_bcfiles/evt_notifier.bc>:dr_w_dev_write:%70
</harden/bcfiles/linux_bcfiles/evt_notifier.bc>:dr_w_dev_write:97	</harden/bcfiles/linux_bcfiles/evt_notifier.bc>:dr_w_dev_write:%69
</harden/bcfiles/linux_bcfiles/evt_notifier.bc>:dr_w_dev_write:96	</harden/bcfiles/linux_bcfiles/evt_notifier.bc>:dr_w_dev_write:%68
</harden/bcfiles/linux_bcfiles/evt_notifier.bc>:dr_w_dev_write:95	</harden/bcfiles/linux_bcfiles/evt_notifier.bc>:dr_w_dev_write:%67
</harden/bcfiles/linux_bcfiles/evt_notifier.bc>:dr_w_dev_write:93	</harden/bcfiles/linux_bcfiles/evt_notifier.bc>:dr_w_dev_write:%66
</harden/bcfiles/linux_bcfiles/evt_notifier.bc>:dr_w_dev_write:92	</harden/bcfiles/linux_bcfiles/evt_notifier.bc>:dr_w_dev_write:%65
</harden/bcfiles/linux_bcfiles/evt_notifier.bc>:dr_w_dev_write:91	</harden/bcfiles/linux_bcfiles/evt_notifier.bc>:dr_w_dev_write:%64
</harden/bcfiles/linux_bcfiles/evt_notifier.bc>:dr_w_dev_write:90	</harden/bcfiles/linux_bcfiles/evt_notifier.bc>:dr_w_dev_write:%63
</harden/bcfiles/linux_bcfiles/evt_notifier.bc>:dr_w_dev_write:80	</harden/bcfiles/linux_bcfiles/evt_notifier.bc>:dr_w_dev_write:%57
</harden/bcfiles/linux_bcfiles/evt_notifier.bc>:dr_w_dev_write:79	</harden/bcfiles/linux_bcfiles/evt_notifier.bc>:dr_w_dev_write:%56
</harden/bcfiles/linux_bcfiles/evt_notifier.bc>:dr_w_dev_write:69	</harden/bcfiles/linux_bcfiles/evt_notifier.bc>:dr_w_dev_write:%47
</harden/bcfiles/linux_bcfiles/evt_notifier.bc>:dr_w_dev_write:68	</harden/bcfiles/linux_bcfiles/evt_notifier.bc>:dr_w_dev_write:%46
</harden/bcfiles/linux_bcfiles/evt_notifier.bc>:dr_w_dev_write:67	</harden/bcfiles/linux_bcfiles/evt_notifier.bc>:dr_w_dev_write:%45
</harden/bcfiles/linux_bcfiles/evt_notifier.bc>:dr_w_dev_write:65	</harden/bcfiles/linux_bcfiles/evt_notifier.bc>:dr_w_dev_write:%43
</harden/bcfiles/linux_bcfiles/evt_notifier.bc>:dr_w_dev_write:64	</harden/bcfiles/linux_bcfiles/evt_notifier.bc>:dr_w_dev_write:%42
</harden/bcfiles/linux_bcfiles/evt_notifier.bc>:dr_w_dev_write:63	</harden/bcfiles/linux_bcfiles/evt_notifier.bc>:dr_w_dev_write:%41
</harden/bcfiles/linux_bcfiles/evt_notifier.bc>:dr_w_dev_write:62	</harden/bcfiles/linux_bcfiles/evt_notifier.bc>:dr_w_dev_write:%40
</harden/bcfiles/linux_bcfiles/evt_notifier.bc>:dr_w_dev_write:60	</harden/bcfiles/linux_bcfiles/evt_notifier.bc>:dr_w_dev_write:%38
</harden/bcfiles/linux_bcfiles/evt_notifier.bc>:dr_w_dev_write:59	</harden/bcfiles/linux_bcfiles/evt_notifier.bc>:dr_w_dev_write:%37
</harden/bcfiles/linux_bcfiles/evt_notifier.bc>:dr_w_dev_write:57	</harden/bcfiles/linux_bcfiles/evt_notifier.bc>:dr_w_dev_write:%36
</harden/bcfiles/linux_bcfiles/evt_notifier.bc>:dr_w_dev_write:56	</harden/bcfiles/linux_bcfiles/evt_notifier.bc>:dr_w_dev_write:%35
</harden/bcfiles/linux_bcfiles/evt_notifier.bc>:dr_w_dev_write:158	</harden/bcfiles/linux_bcfiles/evt_notifier.bc>:dr_w_dev_write:%117
</harden/bcfiles/linux_bcfiles/evt_notifier.bc>:dr_w_dev_write:47	</harden/bcfiles/linux_bcfiles/evt_notifier.bc>:dr_w_dev_write:%33
</harden/bcfiles/linux_bcfiles/evt_notifier.bc>:dr_w_dev_write:46	</harden/bcfiles/linux_bcfiles/evt_notifier.bc>:dr_w_dev_write:%32
</harden/bcfiles/linux_bcfiles/evt_notifier.bc>:dr_w_dev_write:39	</harden/bcfiles/linux_bcfiles/evt_notifier.bc>:dr_w_dev_write:%31
</harden/bcfiles/linux_bcfiles/evt_notifier.bc>:dr_w_dev_write:150	</harden/bcfiles/linux_bcfiles/evt_notifier.bc>:dr_w_dev_write:%110
</harden/bcfiles/linux_bcfiles/evt_notifier.bc>:dr_w_dev_write:38	</harden/bcfiles/linux_bcfiles/evt_notifier.bc>:dr_w_dev_write:%30
</harden/bcfiles/linux_bcfiles/evt_notifier.bc>:dr_w_dev_write:33	</harden/bcfiles/linux_bcfiles/evt_notifier.bc>:dr_w_dev_write:%26
</harden/bcfiles/linux_bcfiles/evt_notifier.bc>:dr_w_dev_write:32	</harden/bcfiles/linux_bcfiles/evt_notifier.bc>:dr_w_dev_write:%25
</harden/bcfiles/linux_bcfiles/evt_notifier.bc>:dr_w_dev_write:133	</harden/bcfiles/linux_bcfiles/evt_notifier.bc>:dr_w_dev_write:%97
</harden/bcfiles/linux_bcfiles/evt_notifier.bc>:dr_w_dev_write:37	</harden/bcfiles/linux_bcfiles/evt_notifier.bc>:dr_w_dev_write:%29
</harden/bcfiles/linux_bcfiles/evt_notifier.bc>:dr_w_dev_write:112	</harden/bcfiles/linux_bcfiles/evt_notifier.bc>:dr_w_dev_write:%80
</harden/bcfiles/linux_bcfiles/evt_notifier.bc>:dr_w_dev_write:107	</harden/bcfiles/linux_bcfiles/evt_notifier.bc>:dr_w_dev_write:%76
</harden/bcfiles/linux_bcfiles/evt_notifier.bc>:dr_w_dev_write:18	</harden/bcfiles/linux_bcfiles/evt_notifier.bc>:dr_w_dev_write:%23
</harden/bcfiles/linux_bcfiles/evt_notifier.bc>:dr_w_dev_write:144	</harden/bcfiles/linux_bcfiles/evt_notifier.bc>:dr_w_dev_write:%105
</harden/bcfiles/linux_bcfiles/evt_notifier.bc>:dr_w_dev_write:16	</harden/bcfiles/linux_bcfiles/evt_notifier.bc>:dr_w_dev_write:%21
</harden/bcfiles/linux_bcfiles/evt_notifier.bc>:dr_w_dev_write:15	</harden/bcfiles/linux_bcfiles/evt_notifier.bc>:dr_w_dev_write:%20
</harden/bcfiles/linux_bcfiles/evt_notifier.bc>:dr_w_dev_write:70	</harden/bcfiles/linux_bcfiles/evt_notifier.bc>:dr_w_dev_write:%48
</harden/bcfiles/linux_bcfiles/evt_notifier.bc>:dr_w_dev_write:14	</harden/bcfiles/linux_bcfiles/evt_notifier.bc>:dr_w_dev_write:%19
</harden/bcfiles/linux_bcfiles/evt_notifier.bc>:dr_w_dev_write:13	</harden/bcfiles/linux_bcfiles/evt_notifier.bc>:dr_w_dev_write:%18
</harden/bcfiles/linux_bcfiles/evt_notifier.bc>:dr_w_dev_write:12	</harden/bcfiles/linux_bcfiles/evt_notifier.bc>:dr_w_dev_write:%17
</harden/bcfiles/linux_bcfiles/evt_notifier.bc>:dr_w_dev_write:11	</harden/bcfiles/linux_bcfiles/evt_notifier.bc>:dr_w_dev_write:%16
</harden/bcfiles/linux_bcfiles/evt_notifier.bc>:dr_w_dev_write:10	</harden/bcfiles/linux_bcfiles/evt_notifier.bc>:dr_w_dev_write:%15
</harden/bcfiles/linux_bcfiles/evt_notifier.bc>:dr_w_dev_write:9	</harden/bcfiles/linux_bcfiles/evt_notifier.bc>:dr_w_dev_write:%14
</harden/bcfiles/linux_bcfiles/evt_notifier.bc>:dr_w_dev_write:8	</harden/bcfiles/linux_bcfiles/evt_notifier.bc>:dr_w_dev_write:%13
</harden/bcfiles/linux_bcfiles/evt_notifier.bc>:dr_w_dev_write:7	</harden/bcfiles/linux_bcfiles/evt_notifier.bc>:dr_w_dev_write:%12
</harden/bcfiles/linux_bcfiles/evt_notifier.bc>:dr_w_dev_write:6	</harden/bcfiles/linux_bcfiles/evt_notifier.bc>:dr_w_dev_write:%11
</harden/bcfiles/linux_bcfiles/evt_notifier.bc>:dr_w_dev_write:5	</harden/bcfiles/linux_bcfiles/evt_notifier.bc>:dr_w_dev_write:%10
</harden/bcfiles/linux_bcfiles/evt_notifier.bc>:dr_w_dev_write:4	</harden/bcfiles/linux_bcfiles/evt_notifier.bc>:dr_w_dev_write:%9
</harden/bcfiles/linux_bcfiles/evt_notifier.bc>:dr_w_dev_write:3	</harden/bcfiles/linux_bcfiles/evt_notifier.bc>:dr_w_dev_write:%8
</harden/bcfiles/linux_bcfiles/evt_notifier.bc>:dr_w_dev_write:2	</harden/bcfiles/linux_bcfiles/evt_notifier.bc>:dr_w_dev_write:%7
</harden/bcfiles/linux_bcfiles/evt_notifier.bc>:dr_w_dev_write:1	</harden/bcfiles/linux_bcfiles/evt_notifier.bc>:dr_w_dev_write:%6
</harden/bcfiles/linux_bcfiles/evt_notifier.bc>:dr_w_dev_write:0	</harden/bcfiles/linux_bcfiles/evt_notifier.bc>:dr_w_dev_write:%5
</harden/bcfiles/linux_bcfiles/evt_notifier.bc>:dr_w_dev_write:73	</harden/bcfiles/linux_bcfiles/evt_notifier.bc>:dr_w_dev_write:%51
</harden/bcfiles/linux_bcfiles/evt_notifier.bc>:copy_overflow:1	</harden/bcfiles/linux_bcfiles/evt_notifier.bc>:copy_overflow:%4
</harden/bcfiles/linux_bcfiles/evt_notifier.bc>:copy_overflow:0	</harden/bcfiles/linux_bcfiles/evt_notifier.bc>:copy_overflow:%3
</harden/bcfiles/linux_bcfiles/evt_notifier.bc>:check_object_size:7	</harden/bcfiles/linux_bcfiles/evt_notifier.bc>:check_object_size:%7
</harden/bcfiles/linux_bcfiles/evt_notifier.bc>:check_object_size:2	</harden/bcfiles/linux_bcfiles/evt_notifier.bc>:check_object_size:%6
</harden/bcfiles/linux_bcfiles/evt_notifier.bc>:check_object_size:1	</harden/bcfiles/linux_bcfiles/evt_notifier.bc>:check_object_size:%5
</harden/bcfiles/linux_bcfiles/evt_notifier.bc>:check_object_size:0	</harden/bcfiles/linux_bcfiles/evt_notifier.bc>:check_object_size:%4
</harden/bcfiles/linux_bcfiles/evt_notifier.bc>:kstrtol:12	</harden/bcfiles/linux_bcfiles/evt_notifier.bc>:kstrtol:%10
</harden/bcfiles/linux_bcfiles/evt_notifier.bc>:kstrtol:2	</harden/bcfiles/linux_bcfiles/evt_notifier.bc>:kstrtol:%6
</harden/bcfiles/linux_bcfiles/evt_notifier.bc>:kstrtol:1	</harden/bcfiles/linux_bcfiles/evt_notifier.bc>:kstrtol:%5
</harden/bcfiles/linux_bcfiles/evt_notifier.bc>:kstrtol:0	</harden/bcfiles/linux_bcfiles/evt_notifier.bc>:kstrtol:%4
