</harden/bcfiles/linux_bcfiles/evt_notifier.bc>:evt_notifier_init:10	</harden/bcfiles/linux_bcfiles/evt_notifier.bc>:evt_notifier_init:10:1:getelementptr inbounds ({ i32 (%struct.notifier_block*, i64, i8*)*, %struct.notifier_block*, i32 }, { i32 (%struct.notifier_block*, i64, i8*)*, %struct.notifier_block*, i32 }* @event_handler, i32 0, i32 0)
</harden/bcfiles/linux_bcfiles/evt_notifier.bc>:evt_notifier_init:43	</harden/bcfiles/linux_bcfiles/evt_notifier.bc>:evt_notifier_init:43:0:@dr_wClass
</harden/bcfiles/linux_bcfiles/evt_notifier.bc>:evt_notifier_init:68	</harden/bcfiles/linux_bcfiles/evt_notifier.bc>:evt_notifier_init:68:0:@evt_notifier_init.dr_wDevice
</harden/bcfiles/linux_bcfiles/evt_notifier.bc>:dr_w_dev_write:160	</harden/bcfiles/linux_bcfiles/evt_notifier.bc>:dr_w_dev_write:160:0:@offset
</harden/bcfiles/linux_bcfiles/evt_notifier.bc>:evt_notifier_init:81	</harden/bcfiles/linux_bcfiles/evt_notifier.bc>:evt_notifier_init:%7
</harden/bcfiles/linux_bcfiles/evt_notifier.bc>:evt_notifier_init:54	</harden/bcfiles/linux_bcfiles/evt_notifier.bc>:evt_notifier_init:%6
</harden/bcfiles/linux_bcfiles/evt_notifier.bc>:evt_notifier_init:64	</harden/bcfiles/linux_bcfiles/evt_notifier.bc>:evt_notifier_init:%47
</harden/bcfiles/linux_bcfiles/evt_notifier.bc>:evt_notifier_init:37	</harden/bcfiles/linux_bcfiles/evt_notifier.bc>:evt_notifier_init:%5
</harden/bcfiles/linux_bcfiles/evt_notifier.bc>:evt_notifier_init:20	</harden/bcfiles/linux_bcfiles/evt_notifier.bc>:evt_notifier_init:%4
</harden/bcfiles/linux_bcfiles/evt_notifier.bc>:evt_notifier_init:9	</harden/bcfiles/linux_bcfiles/evt_notifier.bc>:evt_notifier_init:%3
</harden/bcfiles/linux_bcfiles/evt_notifier.bc>:evt_notifier_init:13	</harden/bcfiles/linux_bcfiles/evt_notifier.bc>:evt_notifier_init:%2
</harden/bcfiles/linux_bcfiles/evt_notifier.bc>:evt_notifier_init:28	</harden/bcfiles/linux_bcfiles/evt_notifier.bc>:evt_notifier_init:%2
</harden/bcfiles/linux_bcfiles/evt_notifier.bc>:evt_notifier_init:23	</harden/bcfiles/linux_bcfiles/evt_notifier.bc>:evt_notifier_init:%1
</harden/bcfiles/linux_bcfiles/evt_notifier.bc>:evt_notifier_init:40	</harden/bcfiles/linux_bcfiles/evt_notifier.bc>:evt_notifier_init:%1
</harden/bcfiles/linux_bcfiles/evt_notifier.bc>:evt_notifier_init:60	</harden/bcfiles/linux_bcfiles/evt_notifier.bc>:evt_notifier_init:%1
</harden/bcfiles/linux_bcfiles/evt_notifier.bc>:evt_notifier_init:87	</harden/bcfiles/linux_bcfiles/evt_notifier.bc>:evt_notifier_init:%1
</harden/bcfiles/linux_bcfiles/evt_notifier.bc>:evt_notifier_init:89	</harden/bcfiles/linux_bcfiles/evt_notifier.bc>:evt_notifier_init:%1
</harden/bcfiles/linux_bcfiles/evt_notifier.bc>:evt_notifier_exit:12	</harden/bcfiles/linux_bcfiles/evt_notifier.bc>:evt_notifier_exit:%1
</harden/bcfiles/linux_bcfiles/evt_notifier.bc>:proc_write:357	</harden/bcfiles/linux_bcfiles/evt_notifier.bc>:proc_write:%30
</harden/bcfiles/linux_bcfiles/evt_notifier.bc>:proc_write:372	</harden/bcfiles/linux_bcfiles/evt_notifier.bc>:proc_write:%30
</harden/bcfiles/linux_bcfiles/evt_notifier.bc>:proc_write:355	</harden/bcfiles/linux_bcfiles/evt_notifier.bc>:proc_write:%29
</harden/bcfiles/linux_bcfiles/evt_notifier.bc>:proc_write:368	</harden/bcfiles/linux_bcfiles/evt_notifier.bc>:proc_write:%29
</harden/bcfiles/linux_bcfiles/evt_notifier.bc>:proc_write:351	</harden/bcfiles/linux_bcfiles/evt_notifier.bc>:proc_write:%28
</harden/bcfiles/linux_bcfiles/evt_notifier.bc>:proc_write:345	</harden/bcfiles/linux_bcfiles/evt_notifier.bc>:proc_write:%27
</harden/bcfiles/linux_bcfiles/evt_notifier.bc>:proc_write:335	</harden/bcfiles/linux_bcfiles/evt_notifier.bc>:proc_write:%26
</harden/bcfiles/linux_bcfiles/evt_notifier.bc>:proc_write:325	</harden/bcfiles/linux_bcfiles/evt_notifier.bc>:proc_write:%25
</harden/bcfiles/linux_bcfiles/evt_notifier.bc>:proc_write:314	</harden/bcfiles/linux_bcfiles/evt_notifier.bc>:proc_write:%24
</harden/bcfiles/linux_bcfiles/evt_notifier.bc>:proc_write:283	</harden/bcfiles/linux_bcfiles/evt_notifier.bc>:proc_write:%23
</harden/bcfiles/linux_bcfiles/evt_notifier.bc>:proc_write:306	</harden/bcfiles/linux_bcfiles/evt_notifier.bc>:proc_write:%23
</harden/bcfiles/linux_bcfiles/evt_notifier.bc>:proc_write:280	</harden/bcfiles/linux_bcfiles/evt_notifier.bc>:proc_write:%22
</harden/bcfiles/linux_bcfiles/evt_notifier.bc>:proc_write:66	</harden/bcfiles/linux_bcfiles/evt_notifier.bc>:proc_write:%21
</harden/bcfiles/linux_bcfiles/evt_notifier.bc>:proc_write:50	</harden/bcfiles/linux_bcfiles/evt_notifier.bc>:proc_write:%20
</harden/bcfiles/linux_bcfiles/evt_notifier.bc>:proc_write:39	</harden/bcfiles/linux_bcfiles/evt_notifier.bc>:proc_write:%19
</harden/bcfiles/linux_bcfiles/evt_notifier.bc>:proc_write:264	</harden/bcfiles/linux_bcfiles/evt_notifier.bc>:proc_write:%19
</harden/bcfiles/linux_bcfiles/evt_notifier.bc>:proc_write:37	</harden/bcfiles/linux_bcfiles/evt_notifier.bc>:proc_write:%18
</harden/bcfiles/linux_bcfiles/evt_notifier.bc>:proc_write:30	</harden/bcfiles/linux_bcfiles/evt_notifier.bc>:proc_write:%16
</harden/bcfiles/linux_bcfiles/evt_notifier.bc>:proc_write:28	</harden/bcfiles/linux_bcfiles/evt_notifier.bc>:proc_write:%15
</harden/bcfiles/linux_bcfiles/evt_notifier.bc>:proc_write:52	</harden/bcfiles/linux_bcfiles/evt_notifier.bc>:proc_write:%14
</harden/bcfiles/linux_bcfiles/evt_notifier.bc>:proc_write:380	</harden/bcfiles/linux_bcfiles/evt_notifier.bc>:proc_write:%14
</harden/bcfiles/linux_bcfiles/evt_notifier.bc>:proc_write:32	</harden/bcfiles/linux_bcfiles/evt_notifier.bc>:proc_write:%17
</harden/bcfiles/linux_bcfiles/evt_notifier.bc>:proc_write:221	</harden/bcfiles/linux_bcfiles/evt_notifier.bc>:proc_write:%13
</harden/bcfiles/linux_bcfiles/evt_notifier.bc>:proc_write:70	</harden/bcfiles/linux_bcfiles/evt_notifier.bc>:proc_write:%12
</harden/bcfiles/linux_bcfiles/evt_notifier.bc>:proc_write:68	</harden/bcfiles/linux_bcfiles/evt_notifier.bc>:proc_write:%11
</harden/bcfiles/linux_bcfiles/evt_notifier.bc>:proc_write:85	</harden/bcfiles/linux_bcfiles/evt_notifier.bc>:proc_write:%10
</harden/bcfiles/linux_bcfiles/evt_notifier.bc>:proc_write:256	</harden/bcfiles/linux_bcfiles/evt_notifier.bc>:proc_write:%10
</harden/bcfiles/linux_bcfiles/evt_notifier.bc>:proc_write:261	</harden/bcfiles/linux_bcfiles/evt_notifier.bc>:proc_write:%10
</harden/bcfiles/linux_bcfiles/evt_notifier.bc>:proc_write:90	</harden/bcfiles/linux_bcfiles/evt_notifier.bc>:proc_write:%9
</harden/bcfiles/linux_bcfiles/evt_notifier.bc>:proc_write:88	</harden/bcfiles/linux_bcfiles/evt_notifier.bc>:proc_write:%8
</harden/bcfiles/linux_bcfiles/evt_notifier.bc>:proc_write:302	</harden/bcfiles/linux_bcfiles/evt_notifier.bc>:proc_write:%242
</harden/bcfiles/linux_bcfiles/evt_notifier.bc>:proc_write:95	</harden/bcfiles/linux_bcfiles/evt_notifier.bc>:proc_write:%7
</harden/bcfiles/linux_bcfiles/evt_notifier.bc>:proc_write:100	</harden/bcfiles/linux_bcfiles/evt_notifier.bc>:proc_write:%7
</harden/bcfiles/linux_bcfiles/evt_notifier.bc>:proc_write:108	</harden/bcfiles/linux_bcfiles/evt_notifier.bc>:proc_write:%7
</harden/bcfiles/linux_bcfiles/evt_notifier.bc>:proc_write:116	</harden/bcfiles/linux_bcfiles/evt_notifier.bc>:proc_write:%7
</harden/bcfiles/linux_bcfiles/evt_notifier.bc>:proc_write:121	</harden/bcfiles/linux_bcfiles/evt_notifier.bc>:proc_write:%7
</harden/bcfiles/linux_bcfiles/evt_notifier.bc>:proc_write:126	</harden/bcfiles/linux_bcfiles/evt_notifier.bc>:proc_write:%7
</harden/bcfiles/linux_bcfiles/evt_notifier.bc>:proc_write:131	</harden/bcfiles/linux_bcfiles/evt_notifier.bc>:proc_write:%7
</harden/bcfiles/linux_bcfiles/evt_notifier.bc>:proc_write:136	</harden/bcfiles/linux_bcfiles/evt_notifier.bc>:proc_write:%7
</harden/bcfiles/linux_bcfiles/evt_notifier.bc>:proc_write:141	</harden/bcfiles/linux_bcfiles/evt_notifier.bc>:proc_write:%7
</harden/bcfiles/linux_bcfiles/evt_notifier.bc>:proc_write:146	</harden/bcfiles/linux_bcfiles/evt_notifier.bc>:proc_write:%7
</harden/bcfiles/linux_bcfiles/evt_notifier.bc>:proc_write:151	</harden/bcfiles/linux_bcfiles/evt_notifier.bc>:proc_write:%7
</harden/bcfiles/linux_bcfiles/evt_notifier.bc>:proc_write:156	</harden/bcfiles/linux_bcfiles/evt_notifier.bc>:proc_write:%7
</harden/bcfiles/linux_bcfiles/evt_notifier.bc>:proc_write:161	</harden/bcfiles/linux_bcfiles/evt_notifier.bc>:proc_write:%7
</harden/bcfiles/linux_bcfiles/evt_notifier.bc>:proc_write:166	</harden/bcfiles/linux_bcfiles/evt_notifier.bc>:proc_write:%7
</harden/bcfiles/linux_bcfiles/evt_notifier.bc>:proc_write:171	</harden/bcfiles/linux_bcfiles/evt_notifier.bc>:proc_write:%7
</harden/bcfiles/linux_bcfiles/evt_notifier.bc>:proc_write:176	</harden/bcfiles/linux_bcfiles/evt_notifier.bc>:proc_write:%7
</harden/bcfiles/linux_bcfiles/evt_notifier.bc>:proc_write:181	</harden/bcfiles/linux_bcfiles/evt_notifier.bc>:proc_write:%7
</harden/bcfiles/linux_bcfiles/evt_notifier.bc>:proc_write:186	</harden/bcfiles/linux_bcfiles/evt_notifier.bc>:proc_write:%7
</harden/bcfiles/linux_bcfiles/evt_notifier.bc>:proc_write:191	</harden/bcfiles/linux_bcfiles/evt_notifier.bc>:proc_write:%7
</harden/bcfiles/linux_bcfiles/evt_notifier.bc>:proc_write:196	</harden/bcfiles/linux_bcfiles/evt_notifier.bc>:proc_write:%7
</harden/bcfiles/linux_bcfiles/evt_notifier.bc>:proc_write:201	</harden/bcfiles/linux_bcfiles/evt_notifier.bc>:proc_write:%7
</harden/bcfiles/linux_bcfiles/evt_notifier.bc>:proc_write:206	</harden/bcfiles/linux_bcfiles/evt_notifier.bc>:proc_write:%7
</harden/bcfiles/linux_bcfiles/evt_notifier.bc>:proc_write:211	</harden/bcfiles/linux_bcfiles/evt_notifier.bc>:proc_write:%7
</harden/bcfiles/linux_bcfiles/evt_notifier.bc>:proc_write:216	</harden/bcfiles/linux_bcfiles/evt_notifier.bc>:proc_write:%7
</harden/bcfiles/linux_bcfiles/evt_notifier.bc>:proc_write:378	</harden/bcfiles/linux_bcfiles/evt_notifier.bc>:proc_write:%31
</harden/bcfiles/linux_bcfiles/evt_notifier.bc>:proc_write:227	</harden/bcfiles/linux_bcfiles/evt_notifier.bc>:proc_write:%6
</harden/bcfiles/linux_bcfiles/evt_notifier.bc>:proc_write:225	</harden/bcfiles/linux_bcfiles/evt_notifier.bc>:proc_write:%5
</harden/bcfiles/linux_bcfiles/evt_notifier.bc>:proc_write:236	</harden/bcfiles/linux_bcfiles/evt_notifier.bc>:proc_write:%4
</harden/bcfiles/linux_bcfiles/evt_notifier.bc>:proc_write:242	</harden/bcfiles/linux_bcfiles/evt_notifier.bc>:proc_write:%4
</harden/bcfiles/linux_bcfiles/evt_notifier.bc>:proc_write:244	</harden/bcfiles/linux_bcfiles/evt_notifier.bc>:proc_write:%4
</harden/bcfiles/linux_bcfiles/evt_notifier.bc>:IS_ERR:1	</harden/bcfiles/linux_bcfiles/evt_notifier.bc>:IS_ERR:%2
</harden/bcfiles/linux_bcfiles/evt_notifier.bc>:PTR_ERR:1	</harden/bcfiles/linux_bcfiles/evt_notifier.bc>:PTR_ERR:%2
</harden/bcfiles/linux_bcfiles/evt_notifier.bc>:my_devnode:10	</harden/bcfiles/linux_bcfiles/evt_notifier.bc>:my_devnode:%8
</harden/bcfiles/linux_bcfiles/evt_notifier.bc>:my_devnode:4	</harden/bcfiles/linux_bcfiles/evt_notifier.bc>:my_devnode:%4
</harden/bcfiles/linux_bcfiles/evt_notifier.bc>:my_devnode:2	</harden/bcfiles/linux_bcfiles/evt_notifier.bc>:my_devnode:%3
</harden/bcfiles/linux_bcfiles/evt_notifier.bc>:dr_w_dev_read:174	</harden/bcfiles/linux_bcfiles/evt_notifier.bc>:dr_w_dev_read:%129
</harden/bcfiles/linux_bcfiles/evt_notifier.bc>:dr_w_dev_read:61	</harden/bcfiles/linux_bcfiles/evt_notifier.bc>:dr_w_dev_read:%26
</harden/bcfiles/linux_bcfiles/evt_notifier.bc>:dr_w_dev_read:51	</harden/bcfiles/linux_bcfiles/evt_notifier.bc>:dr_w_dev_read:%25
</harden/bcfiles/linux_bcfiles/evt_notifier.bc>:dr_w_dev_read:41	</harden/bcfiles/linux_bcfiles/evt_notifier.bc>:dr_w_dev_read:%24
</harden/bcfiles/linux_bcfiles/evt_notifier.bc>:dr_w_dev_read:34	</harden/bcfiles/linux_bcfiles/evt_notifier.bc>:dr_w_dev_read:%23
</harden/bcfiles/linux_bcfiles/evt_notifier.bc>:dr_w_dev_read:54	</harden/bcfiles/linux_bcfiles/evt_notifier.bc>:dr_w_dev_read:%22
</harden/bcfiles/linux_bcfiles/evt_notifier.bc>:dr_w_dev_read:165	</harden/bcfiles/linux_bcfiles/evt_notifier.bc>:dr_w_dev_read:%21
</harden/bcfiles/linux_bcfiles/evt_notifier.bc>:dr_w_dev_read:28	</harden/bcfiles/linux_bcfiles/evt_notifier.bc>:dr_w_dev_read:%20
</harden/bcfiles/linux_bcfiles/evt_notifier.bc>:dr_w_dev_read:26	</harden/bcfiles/linux_bcfiles/evt_notifier.bc>:dr_w_dev_read:%19
</harden/bcfiles/linux_bcfiles/evt_notifier.bc>:dr_w_dev_read:24	</harden/bcfiles/linux_bcfiles/evt_notifier.bc>:dr_w_dev_read:%18
</harden/bcfiles/linux_bcfiles/evt_notifier.bc>:dr_w_dev_read:22	</harden/bcfiles/linux_bcfiles/evt_notifier.bc>:dr_w_dev_read:%17
</harden/bcfiles/linux_bcfiles/evt_notifier.bc>:dr_w_dev_read:63	</harden/bcfiles/linux_bcfiles/evt_notifier.bc>:dr_w_dev_read:%16
</harden/bcfiles/linux_bcfiles/evt_notifier.bc>:dr_w_dev_read:177	</harden/bcfiles/linux_bcfiles/evt_notifier.bc>:dr_w_dev_read:%16
</harden/bcfiles/linux_bcfiles/evt_notifier.bc>:dr_w_dev_read:179	</harden/bcfiles/linux_bcfiles/evt_notifier.bc>:dr_w_dev_read:%16
</harden/bcfiles/linux_bcfiles/evt_notifier.bc>:dr_w_dev_read:75	</harden/bcfiles/linux_bcfiles/evt_notifier.bc>:dr_w_dev_read:%15
</harden/bcfiles/linux_bcfiles/evt_notifier.bc>:dr_w_dev_read:161	</harden/bcfiles/linux_bcfiles/evt_notifier.bc>:dr_w_dev_read:%15
</harden/bcfiles/linux_bcfiles/evt_notifier.bc>:dr_w_dev_read:73	</harden/bcfiles/linux_bcfiles/evt_notifier.bc>:dr_w_dev_read:%14
</harden/bcfiles/linux_bcfiles/evt_notifier.bc>:dr_w_dev_read:71	</harden/bcfiles/linux_bcfiles/evt_notifier.bc>:dr_w_dev_read:%13
</harden/bcfiles/linux_bcfiles/evt_notifier.bc>:dr_w_dev_read:142	</harden/bcfiles/linux_bcfiles/evt_notifier.bc>:dr_w_dev_read:%12
</harden/bcfiles/linux_bcfiles/evt_notifier.bc>:dr_w_dev_read:133	</harden/bcfiles/linux_bcfiles/evt_notifier.bc>:dr_w_dev_read:%11
</harden/bcfiles/linux_bcfiles/evt_notifier.bc>:dr_w_dev_read:125	</harden/bcfiles/linux_bcfiles/evt_notifier.bc>:dr_w_dev_read:%10
</harden/bcfiles/linux_bcfiles/evt_notifier.bc>:dr_w_dev_read:89	</harden/bcfiles/linux_bcfiles/evt_notifier.bc>:dr_w_dev_read:%9
</harden/bcfiles/linux_bcfiles/evt_notifier.bc>:dr_w_dev_read:83	</harden/bcfiles/linux_bcfiles/evt_notifier.bc>:dr_w_dev_read:%8
</harden/bcfiles/linux_bcfiles/evt_notifier.bc>:dr_w_dev_read:81	</harden/bcfiles/linux_bcfiles/evt_notifier.bc>:dr_w_dev_read:%7
</harden/bcfiles/linux_bcfiles/evt_notifier.bc>:dr_w_dev_read:79	</harden/bcfiles/linux_bcfiles/evt_notifier.bc>:dr_w_dev_read:%6
</harden/bcfiles/linux_bcfiles/evt_notifier.bc>:dr_w_dev_read:118	</harden/bcfiles/linux_bcfiles/evt_notifier.bc>:dr_w_dev_read:%5
</harden/bcfiles/linux_bcfiles/evt_notifier.bc>:dr_w_dev_read:146	</harden/bcfiles/linux_bcfiles/evt_notifier.bc>:dr_w_dev_read:%5
</harden/bcfiles/linux_bcfiles/evt_notifier.bc>:dr_w_dev_read:153	</harden/bcfiles/linux_bcfiles/evt_notifier.bc>:dr_w_dev_read:%5
</harden/bcfiles/linux_bcfiles/evt_notifier.bc>:dr_w_dev_write:139	</harden/bcfiles/linux_bcfiles/evt_notifier.bc>:dr_w_dev_write:%101
</harden/bcfiles/linux_bcfiles/evt_notifier.bc>:dr_w_dev_write:142	</harden/bcfiles/linux_bcfiles/evt_notifier.bc>:dr_w_dev_write:%23
</harden/bcfiles/linux_bcfiles/evt_notifier.bc>:dr_w_dev_write:25	</harden/bcfiles/linux_bcfiles/evt_notifier.bc>:dr_w_dev_write:%20
</harden/bcfiles/linux_bcfiles/evt_notifier.bc>:dr_w_dev_write:23	</harden/bcfiles/linux_bcfiles/evt_notifier.bc>:dr_w_dev_write:%19
</harden/bcfiles/linux_bcfiles/evt_notifier.bc>:dr_w_dev_write:21	</harden/bcfiles/linux_bcfiles/evt_notifier.bc>:dr_w_dev_write:%18
</harden/bcfiles/linux_bcfiles/evt_notifier.bc>:dr_w_dev_write:19	</harden/bcfiles/linux_bcfiles/evt_notifier.bc>:dr_w_dev_write:%17
</harden/bcfiles/linux_bcfiles/evt_notifier.bc>:dr_w_dev_write:35	</harden/bcfiles/linux_bcfiles/evt_notifier.bc>:dr_w_dev_write:%16
</harden/bcfiles/linux_bcfiles/evt_notifier.bc>:dr_w_dev_write:135	</harden/bcfiles/linux_bcfiles/evt_notifier.bc>:dr_w_dev_write:%16
</harden/bcfiles/linux_bcfiles/evt_notifier.bc>:dr_w_dev_write:148	</harden/bcfiles/linux_bcfiles/evt_notifier.bc>:dr_w_dev_write:%16
</harden/bcfiles/linux_bcfiles/evt_notifier.bc>:dr_w_dev_write:156	</harden/bcfiles/linux_bcfiles/evt_notifier.bc>:dr_w_dev_write:%16
</harden/bcfiles/linux_bcfiles/evt_notifier.bc>:dr_w_dev_write:162	</harden/bcfiles/linux_bcfiles/evt_notifier.bc>:dr_w_dev_write:%16
</harden/bcfiles/linux_bcfiles/evt_notifier.bc>:dr_w_dev_write:44	</harden/bcfiles/linux_bcfiles/evt_notifier.bc>:dr_w_dev_write:%15
</harden/bcfiles/linux_bcfiles/evt_notifier.bc>:dr_w_dev_write:130	</harden/bcfiles/linux_bcfiles/evt_notifier.bc>:dr_w_dev_write:%15
</harden/bcfiles/linux_bcfiles/evt_notifier.bc>:dr_w_dev_write:42	</harden/bcfiles/linux_bcfiles/evt_notifier.bc>:dr_w_dev_write:%14
</harden/bcfiles/linux_bcfiles/evt_notifier.bc>:dr_w_dev_write:40	</harden/bcfiles/linux_bcfiles/evt_notifier.bc>:dr_w_dev_write:%13
</harden/bcfiles/linux_bcfiles/evt_notifier.bc>:dr_w_dev_write:111	</harden/bcfiles/linux_bcfiles/evt_notifier.bc>:dr_w_dev_write:%12
</harden/bcfiles/linux_bcfiles/evt_notifier.bc>:dr_w_dev_write:102	</harden/bcfiles/linux_bcfiles/evt_notifier.bc>:dr_w_dev_write:%11
</harden/bcfiles/linux_bcfiles/evt_notifier.bc>:dr_w_dev_write:94	</harden/bcfiles/linux_bcfiles/evt_notifier.bc>:dr_w_dev_write:%10
</harden/bcfiles/linux_bcfiles/evt_notifier.bc>:dr_w_dev_write:58	</harden/bcfiles/linux_bcfiles/evt_notifier.bc>:dr_w_dev_write:%9
</harden/bcfiles/linux_bcfiles/evt_notifier.bc>:dr_w_dev_write:52	</harden/bcfiles/linux_bcfiles/evt_notifier.bc>:dr_w_dev_write:%8
</harden/bcfiles/linux_bcfiles/evt_notifier.bc>:dr_w_dev_write:50	</harden/bcfiles/linux_bcfiles/evt_notifier.bc>:dr_w_dev_write:%7
</harden/bcfiles/linux_bcfiles/evt_notifier.bc>:dr_w_dev_write:48	</harden/bcfiles/linux_bcfiles/evt_notifier.bc>:dr_w_dev_write:%6
</harden/bcfiles/linux_bcfiles/evt_notifier.bc>:dr_w_dev_write:87	</harden/bcfiles/linux_bcfiles/evt_notifier.bc>:dr_w_dev_write:%5
</harden/bcfiles/linux_bcfiles/evt_notifier.bc>:dr_w_dev_write:115	</harden/bcfiles/linux_bcfiles/evt_notifier.bc>:dr_w_dev_write:%5
</harden/bcfiles/linux_bcfiles/evt_notifier.bc>:dr_w_dev_write:122	</harden/bcfiles/linux_bcfiles/evt_notifier.bc>:dr_w_dev_write:%5
</harden/bcfiles/linux_bcfiles/evt_notifier.bc>:copy_overflow:4	</harden/bcfiles/linux_bcfiles/evt_notifier.bc>:copy_overflow:%4
</harden/bcfiles/linux_bcfiles/evt_notifier.bc>:copy_overflow:2	</harden/bcfiles/linux_bcfiles/evt_notifier.bc>:copy_overflow:%3
</harden/bcfiles/linux_bcfiles/evt_notifier.bc>:check_object_size:8	</harden/bcfiles/linux_bcfiles/evt_notifier.bc>:check_object_size:%6
</harden/bcfiles/linux_bcfiles/evt_notifier.bc>:check_object_size:5	</harden/bcfiles/linux_bcfiles/evt_notifier.bc>:check_object_size:%5
</harden/bcfiles/linux_bcfiles/evt_notifier.bc>:check_object_size:3	</harden/bcfiles/linux_bcfiles/evt_notifier.bc>:check_object_size:%4
</harden/bcfiles/linux_bcfiles/evt_notifier.bc>:kstrtol:7	</harden/bcfiles/linux_bcfiles/evt_notifier.bc>:kstrtol:%6
</harden/bcfiles/linux_bcfiles/evt_notifier.bc>:kstrtol:5	</harden/bcfiles/linux_bcfiles/evt_notifier.bc>:kstrtol:%5
</harden/bcfiles/linux_bcfiles/evt_notifier.bc>:kstrtol:3	</harden/bcfiles/linux_bcfiles/evt_notifier.bc>:kstrtol:%4
