*global_alloc@__UNIQUE_ID_license237	[12 x i8]
*global_alloc@__UNIQUE_ID_author238	[23 x i8]
*global_alloc@__UNIQUE_ID_description239	[63 x i8]
*global_alloc@__UNIQUE_ID_alias240	[21 x i8]
*global_alloc@__UNIQUE_ID___addressable_init_module243	i8*
*global_alloc@__UNIQUE_ID___addressable_cleanup_module244	i8*
*global_alloc@evt_notifier_init.dr_wDevice	%struct.device*
*global_alloc@.str	[12 x i8]
*global_alloc@.str.1	[38 x i8]
*global_alloc@dr_w_cdev	%struct.cdev
*global_alloc@fops_dr_w	%struct.file_operations
*global_alloc@.str.2	[38 x i8]
*global_alloc@.str.3	[11 x i8]
*global_alloc@dr_wClass	%struct.class*
*global_alloc@.str.4	[49 x i8]
*global_alloc@.str.5	[32 x i8]
*global_alloc@offset	i32
*global_alloc@.str.6	[32 x i8]
*global_alloc@.str.7	[24 x i8]
*global_alloc@.str.8	[23 x i8]
*global_alloc@.str.9	[6 x i8]
*global_alloc@.str.10	[32 x i8]
*global_alloc@.str.11	[26 x i8]
*global_alloc@.str.12	[34 x i8]
*global_alloc@.str.13	[38 x i8]
*global_alloc@.str.14	[25 x i8]
*global_alloc@.str.15	[31 x i8]
*global_alloc@kmalloc_caches	[3 x [14 x %struct.kmem_cache*]]
*global_alloc@.str.16	[23 x i8]
*global_alloc@event_handler	{ i32 (%struct.notifier_block*, i64, i8*)*, %struct.notifier_block*, i32 }
*global_alloc@__this_module	%struct.module
*global_alloc@message_size	i16
*global_alloc@.str.18	[22 x i8]
*global_alloc@message	[256 x i8]
*global_alloc@.str.19	[30 x i8]
*global_alloc@.str.20	[35 x i8]
*global_alloc@llvm.compiler.used	[6 x i8*]
