</harden/bcfiles/linux_bcfiles/evt_notifier.bc>:evt_notifier_init:7	</harden/bcfiles/linux_bcfiles/evt_notifier.bc>:llvm.dbg.declare	</harden/bcfiles/linux_bcfiles/evt_notifier.bc>:evt_notifier_init:i32* %2	0
</harden/bcfiles/linux_bcfiles/evt_notifier.bc>:evt_notifier_init:7	</harden/bcfiles/linux_bcfiles/evt_notifier.bc>:llvm.dbg.declare	</harden/bcfiles/linux_bcfiles/evt_notifier.bc>:evt_notifier_init:!4265	1
</harden/bcfiles/linux_bcfiles/evt_notifier.bc>:evt_notifier_init:7	</harden/bcfiles/linux_bcfiles/evt_notifier.bc>:llvm.dbg.declare	</harden/bcfiles/linux_bcfiles/evt_notifier.bc>:evt_notifier_init:!DIExpression()	2
</harden/bcfiles/linux_bcfiles/evt_notifier.bc>:evt_notifier_init:8	</harden/bcfiles/linux_bcfiles/evt_notifier.bc>:llvm.dbg.declare	</harden/bcfiles/linux_bcfiles/evt_notifier.bc>:evt_notifier_init:!DIExpression()	2
</harden/bcfiles/linux_bcfiles/evt_notifier.bc>:evt_notifier_init:8	</harden/bcfiles/linux_bcfiles/evt_notifier.bc>:llvm.dbg.declare	</harden/bcfiles/linux_bcfiles/evt_notifier.bc>:evt_notifier_init:i32* %3	0
</harden/bcfiles/linux_bcfiles/evt_notifier.bc>:evt_notifier_init:8	</harden/bcfiles/linux_bcfiles/evt_notifier.bc>:llvm.dbg.declare	</harden/bcfiles/linux_bcfiles/evt_notifier.bc>:evt_notifier_init:!4267	1
</harden/bcfiles/linux_bcfiles/evt_notifier.bc>:evt_notifier_init:12	</harden/bcfiles/linux_bcfiles/evt_notifier.bc>:register_chrdev_region	</harden/bcfiles/linux_bcfiles/evt_notifier.bc>:evt_notifier_init:%8	0
</harden/bcfiles/linux_bcfiles/evt_notifier.bc>:evt_notifier_init:12	</harden/bcfiles/linux_bcfiles/evt_notifier.bc>:register_chrdev_region	</harden/bcfiles/linux_bcfiles/evt_notifier.bc>:evt_notifier_init:12:1:1	1
</harden/bcfiles/linux_bcfiles/evt_notifier.bc>:evt_notifier_init:12	</harden/bcfiles/linux_bcfiles/evt_notifier.bc>:register_chrdev_region	</harden/bcfiles/linux_bcfiles/evt_notifier.bc>:evt_notifier_init:12:2:getelementptr inbounds ([12 x i8], [12 x i8]* @.str, i64 0, i64 0)	2
</harden/bcfiles/linux_bcfiles/evt_notifier.bc>:evt_notifier_init:19	</harden/bcfiles/linux_bcfiles/evt_notifier.bc>:_printk	</harden/bcfiles/linux_bcfiles/evt_notifier.bc>:evt_notifier_init:19:1:getelementptr inbounds ([38 x i8], [38 x i8]* @.str.1, i64 0, i64 0)	0
</harden/bcfiles/linux_bcfiles/evt_notifier.bc>:evt_notifier_init:19	</harden/bcfiles/linux_bcfiles/evt_notifier.bc>:_printk	</harden/bcfiles/linux_bcfiles/evt_notifier.bc>:evt_notifier_init:19:5:242	1
</harden/bcfiles/linux_bcfiles/evt_notifier.bc>:evt_notifier_init:25	</harden/bcfiles/linux_bcfiles/evt_notifier.bc>:cdev_init	</harden/bcfiles/linux_bcfiles/evt_notifier.bc>:evt_notifier_init:25:1:@dr_w_cdev	0
</harden/bcfiles/linux_bcfiles/evt_notifier.bc>:evt_notifier_init:25	</harden/bcfiles/linux_bcfiles/evt_notifier.bc>:cdev_init	</harden/bcfiles/linux_bcfiles/evt_notifier.bc>:evt_notifier_init:25:2:@fops_dr_w	1
</harden/bcfiles/linux_bcfiles/evt_notifier.bc>:evt_notifier_init:27	</harden/bcfiles/linux_bcfiles/evt_notifier.bc>:cdev_add	</harden/bcfiles/linux_bcfiles/evt_notifier.bc>:evt_notifier_init:27:1:@dr_w_cdev	0
</harden/bcfiles/linux_bcfiles/evt_notifier.bc>:evt_notifier_init:27	</harden/bcfiles/linux_bcfiles/evt_notifier.bc>:cdev_add	</harden/bcfiles/linux_bcfiles/evt_notifier.bc>:evt_notifier_init:%19	1
</harden/bcfiles/linux_bcfiles/evt_notifier.bc>:evt_notifier_init:27	</harden/bcfiles/linux_bcfiles/evt_notifier.bc>:cdev_add	</harden/bcfiles/linux_bcfiles/evt_notifier.bc>:evt_notifier_init:27:2:1	2
</harden/bcfiles/linux_bcfiles/evt_notifier.bc>:evt_notifier_init:33	</harden/bcfiles/linux_bcfiles/evt_notifier.bc>:unregister_chrdev_region	</harden/bcfiles/linux_bcfiles/evt_notifier.bc>:evt_notifier_init:%24	0
</harden/bcfiles/linux_bcfiles/evt_notifier.bc>:evt_notifier_init:33	</harden/bcfiles/linux_bcfiles/evt_notifier.bc>:unregister_chrdev_region	</harden/bcfiles/linux_bcfiles/evt_notifier.bc>:evt_notifier_init:33:1:1	1
</harden/bcfiles/linux_bcfiles/evt_notifier.bc>:evt_notifier_init:36	</harden/bcfiles/linux_bcfiles/evt_notifier.bc>:_printk	</harden/bcfiles/linux_bcfiles/evt_notifier.bc>:evt_notifier_init:36:1:getelementptr inbounds ([38 x i8], [38 x i8]* @.str.2, i64 0, i64 0)	0
</harden/bcfiles/linux_bcfiles/evt_notifier.bc>:evt_notifier_init:42	</harden/bcfiles/linux_bcfiles/evt_notifier.bc>:class_create	</harden/bcfiles/linux_bcfiles/evt_notifier.bc>:evt_notifier_init:42:1:getelementptr inbounds ([11 x i8], [11 x i8]* @.str.3, i64 0, i64 0)	0
</harden/bcfiles/linux_bcfiles/evt_notifier.bc>:evt_notifier_init:46	</harden/bcfiles/linux_bcfiles/evt_notifier.bc>:IS_ERR	</harden/bcfiles/linux_bcfiles/evt_notifier.bc>:evt_notifier_init:%33	0
</harden/bcfiles/linux_bcfiles/evt_notifier.bc>:evt_notifier_init:48	</harden/bcfiles/linux_bcfiles/evt_notifier.bc>:cdev_del	</harden/bcfiles/linux_bcfiles/evt_notifier.bc>:evt_notifier_init:48:1:@dr_w_cdev	0
</harden/bcfiles/linux_bcfiles/evt_notifier.bc>:evt_notifier_init:50	</harden/bcfiles/linux_bcfiles/evt_notifier.bc>:unregister_chrdev_region	</harden/bcfiles/linux_bcfiles/evt_notifier.bc>:evt_notifier_init:%36	0
</harden/bcfiles/linux_bcfiles/evt_notifier.bc>:evt_notifier_init:50	</harden/bcfiles/linux_bcfiles/evt_notifier.bc>:unregister_chrdev_region	</harden/bcfiles/linux_bcfiles/evt_notifier.bc>:evt_notifier_init:50:1:1	1
</harden/bcfiles/linux_bcfiles/evt_notifier.bc>:evt_notifier_init:53	</harden/bcfiles/linux_bcfiles/evt_notifier.bc>:_printk	</harden/bcfiles/linux_bcfiles/evt_notifier.bc>:evt_notifier_init:53:1:getelementptr inbounds ([49 x i8], [49 x i8]* @.str.4, i64 0, i64 0)	0
</harden/bcfiles/linux_bcfiles/evt_notifier.bc>:evt_notifier_init:58	</harden/bcfiles/linux_bcfiles/evt_notifier.bc>:PTR_ERR	</harden/bcfiles/linux_bcfiles/evt_notifier.bc>:evt_notifier_init:%42	0
</harden/bcfiles/linux_bcfiles/evt_notifier.bc>:evt_notifier_init:67	</harden/bcfiles/linux_bcfiles/evt_notifier.bc>:device_create	</harden/bcfiles/linux_bcfiles/evt_notifier.bc>:evt_notifier_init:%48	0
</harden/bcfiles/linux_bcfiles/evt_notifier.bc>:evt_notifier_init:67	</harden/bcfiles/linux_bcfiles/evt_notifier.bc>:device_create	</harden/bcfiles/linux_bcfiles/evt_notifier.bc>:evt_notifier_init:67:1:null	1
</harden/bcfiles/linux_bcfiles/evt_notifier.bc>:evt_notifier_init:67	</harden/bcfiles/linux_bcfiles/evt_notifier.bc>:device_create	</harden/bcfiles/linux_bcfiles/evt_notifier.bc>:evt_notifier_init:%49	2
</harden/bcfiles/linux_bcfiles/evt_notifier.bc>:evt_notifier_init:67	</harden/bcfiles/linux_bcfiles/evt_notifier.bc>:device_create	</harden/bcfiles/linux_bcfiles/evt_notifier.bc>:evt_notifier_init:67:2:null	3
</harden/bcfiles/linux_bcfiles/evt_notifier.bc>:evt_notifier_init:67	</harden/bcfiles/linux_bcfiles/evt_notifier.bc>:device_create	</harden/bcfiles/linux_bcfiles/evt_notifier.bc>:evt_notifier_init:67:3:getelementptr inbounds ([12 x i8], [12 x i8]* @.str, i64 0, i64 0)	4
</harden/bcfiles/linux_bcfiles/evt_notifier.bc>:evt_notifier_init:71	</harden/bcfiles/linux_bcfiles/evt_notifier.bc>:IS_ERR	</harden/bcfiles/linux_bcfiles/evt_notifier.bc>:evt_notifier_init:%52	0
</harden/bcfiles/linux_bcfiles/evt_notifier.bc>:evt_notifier_init:74	</harden/bcfiles/linux_bcfiles/evt_notifier.bc>:class_destroy	</harden/bcfiles/linux_bcfiles/evt_notifier.bc>:evt_notifier_init:%55	0
</harden/bcfiles/linux_bcfiles/evt_notifier.bc>:evt_notifier_init:75	</harden/bcfiles/linux_bcfiles/evt_notifier.bc>:cdev_del	</harden/bcfiles/linux_bcfiles/evt_notifier.bc>:evt_notifier_init:75:1:@dr_w_cdev	0
</harden/bcfiles/linux_bcfiles/evt_notifier.bc>:evt_notifier_init:77	</harden/bcfiles/linux_bcfiles/evt_notifier.bc>:unregister_chrdev_region	</harden/bcfiles/linux_bcfiles/evt_notifier.bc>:evt_notifier_init:%56	0
</harden/bcfiles/linux_bcfiles/evt_notifier.bc>:evt_notifier_init:77	</harden/bcfiles/linux_bcfiles/evt_notifier.bc>:unregister_chrdev_region	</harden/bcfiles/linux_bcfiles/evt_notifier.bc>:evt_notifier_init:77:1:1	1
</harden/bcfiles/linux_bcfiles/evt_notifier.bc>:evt_notifier_init:80	</harden/bcfiles/linux_bcfiles/evt_notifier.bc>:_printk	</harden/bcfiles/linux_bcfiles/evt_notifier.bc>:evt_notifier_init:80:1:getelementptr inbounds ([32 x i8], [32 x i8]* @.str.5, i64 0, i64 0)	0
</harden/bcfiles/linux_bcfiles/evt_notifier.bc>:evt_notifier_init:85	</harden/bcfiles/linux_bcfiles/evt_notifier.bc>:PTR_ERR	</harden/bcfiles/linux_bcfiles/evt_notifier.bc>:evt_notifier_init:%62	0
</harden/bcfiles/linux_bcfiles/evt_notifier.bc>:evt_notifier_exit:2	</harden/bcfiles/linux_bcfiles/evt_notifier.bc>:device_destroy	</harden/bcfiles/linux_bcfiles/evt_notifier.bc>:evt_notifier_exit:%2	0
</harden/bcfiles/linux_bcfiles/evt_notifier.bc>:evt_notifier_exit:2	</harden/bcfiles/linux_bcfiles/evt_notifier.bc>:device_destroy	</harden/bcfiles/linux_bcfiles/evt_notifier.bc>:evt_notifier_exit:2:1:253755392	1
</harden/bcfiles/linux_bcfiles/evt_notifier.bc>:evt_notifier_exit:4	</harden/bcfiles/linux_bcfiles/evt_notifier.bc>:class_unregister	</harden/bcfiles/linux_bcfiles/evt_notifier.bc>:evt_notifier_exit:%3	0
</harden/bcfiles/linux_bcfiles/evt_notifier.bc>:evt_notifier_exit:6	</harden/bcfiles/linux_bcfiles/evt_notifier.bc>:class_destroy	</harden/bcfiles/linux_bcfiles/evt_notifier.bc>:evt_notifier_exit:%4	0
</harden/bcfiles/linux_bcfiles/evt_notifier.bc>:evt_notifier_exit:7	</harden/bcfiles/linux_bcfiles/evt_notifier.bc>:cdev_del	</harden/bcfiles/linux_bcfiles/evt_notifier.bc>:evt_notifier_exit:7:1:@dr_w_cdev	0
</harden/bcfiles/linux_bcfiles/evt_notifier.bc>:evt_notifier_exit:8	</harden/bcfiles/linux_bcfiles/evt_notifier.bc>:unregister_chrdev_region	</harden/bcfiles/linux_bcfiles/evt_notifier.bc>:evt_notifier_exit:8:1:253755392	0
</harden/bcfiles/linux_bcfiles/evt_notifier.bc>:evt_notifier_exit:8	</harden/bcfiles/linux_bcfiles/evt_notifier.bc>:unregister_chrdev_region	</harden/bcfiles/linux_bcfiles/evt_notifier.bc>:evt_notifier_exit:8:2:1	1
</harden/bcfiles/linux_bcfiles/evt_notifier.bc>:evt_notifier_exit:11	</harden/bcfiles/linux_bcfiles/evt_notifier.bc>:_printk	</harden/bcfiles/linux_bcfiles/evt_notifier.bc>:evt_notifier_exit:11:1:getelementptr inbounds ([35 x i8], [35 x i8]* @.str.20, i64 0, i64 0)	0
</harden/bcfiles/linux_bcfiles/evt_notifier.bc>:proc_write:29	</harden/bcfiles/linux_bcfiles/evt_notifier.bc>:llvm.dbg.declare	</harden/bcfiles/linux_bcfiles/evt_notifier.bc>:proc_write:%struct.notifier_block** %15	0
</harden/bcfiles/linux_bcfiles/evt_notifier.bc>:proc_write:29	</harden/bcfiles/linux_bcfiles/evt_notifier.bc>:llvm.dbg.declare	</harden/bcfiles/linux_bcfiles/evt_notifier.bc>:proc_write:!4359	1
</harden/bcfiles/linux_bcfiles/evt_notifier.bc>:proc_write:29	</harden/bcfiles/linux_bcfiles/evt_notifier.bc>:llvm.dbg.declare	</harden/bcfiles/linux_bcfiles/evt_notifier.bc>:proc_write:!DIExpression()	2
</harden/bcfiles/linux_bcfiles/evt_notifier.bc>:proc_write:31	</harden/bcfiles/linux_bcfiles/evt_notifier.bc>:llvm.dbg.declare	</harden/bcfiles/linux_bcfiles/evt_notifier.bc>:proc_write:!DIExpression()	2
</harden/bcfiles/linux_bcfiles/evt_notifier.bc>:proc_write:31	</harden/bcfiles/linux_bcfiles/evt_notifier.bc>:llvm.dbg.declare	</harden/bcfiles/linux_bcfiles/evt_notifier.bc>:proc_write:i64* %16	0
</harden/bcfiles/linux_bcfiles/evt_notifier.bc>:proc_write:31	</harden/bcfiles/linux_bcfiles/evt_notifier.bc>:llvm.dbg.declare	</harden/bcfiles/linux_bcfiles/evt_notifier.bc>:proc_write:!4361	1
</harden/bcfiles/linux_bcfiles/evt_notifier.bc>:proc_write:33	</harden/bcfiles/linux_bcfiles/evt_notifier.bc>:llvm.dbg.declare	</harden/bcfiles/linux_bcfiles/evt_notifier.bc>:proc_write:!DIExpression()	2
</harden/bcfiles/linux_bcfiles/evt_notifier.bc>:proc_write:33	</harden/bcfiles/linux_bcfiles/evt_notifier.bc>:llvm.dbg.declare	</harden/bcfiles/linux_bcfiles/evt_notifier.bc>:proc_write:i8** %17	0
</harden/bcfiles/linux_bcfiles/evt_notifier.bc>:proc_write:33	</harden/bcfiles/linux_bcfiles/evt_notifier.bc>:llvm.dbg.declare	</harden/bcfiles/linux_bcfiles/evt_notifier.bc>:proc_write:!4363	1
</harden/bcfiles/linux_bcfiles/evt_notifier.bc>:proc_write:34	</harden/bcfiles/linux_bcfiles/evt_notifier.bc>:llvm.dbg.declare	</harden/bcfiles/linux_bcfiles/evt_notifier.bc>:proc_write:!DIExpression()	2
</harden/bcfiles/linux_bcfiles/evt_notifier.bc>:proc_write:34	</harden/bcfiles/linux_bcfiles/evt_notifier.bc>:llvm.dbg.declare	</harden/bcfiles/linux_bcfiles/evt_notifier.bc>:proc_write:%struct.device** %18	0
</harden/bcfiles/linux_bcfiles/evt_notifier.bc>:proc_write:34	</harden/bcfiles/linux_bcfiles/evt_notifier.bc>:llvm.dbg.declare	</harden/bcfiles/linux_bcfiles/evt_notifier.bc>:proc_write:!4365	1
</harden/bcfiles/linux_bcfiles/evt_notifier.bc>:proc_write:38	</harden/bcfiles/linux_bcfiles/evt_notifier.bc>:llvm.dbg.declare	</harden/bcfiles/linux_bcfiles/evt_notifier.bc>:proc_write:!DIExpression()	2
</harden/bcfiles/linux_bcfiles/evt_notifier.bc>:proc_write:38	</harden/bcfiles/linux_bcfiles/evt_notifier.bc>:llvm.dbg.declare	</harden/bcfiles/linux_bcfiles/evt_notifier.bc>:proc_write:i8** %19	0
</harden/bcfiles/linux_bcfiles/evt_notifier.bc>:proc_write:38	</harden/bcfiles/linux_bcfiles/evt_notifier.bc>:llvm.dbg.declare	</harden/bcfiles/linux_bcfiles/evt_notifier.bc>:proc_write:!4368	1
</harden/bcfiles/linux_bcfiles/evt_notifier.bc>:proc_write:49	</harden/bcfiles/linux_bcfiles/evt_notifier.bc>:_printk	</harden/bcfiles/linux_bcfiles/evt_notifier.bc>:proc_write:49:1:getelementptr inbounds ([32 x i8], [32 x i8]* @.str.6, i64 0, i64 0)	0
</harden/bcfiles/linux_bcfiles/evt_notifier.bc>:proc_write:49	</harden/bcfiles/linux_bcfiles/evt_notifier.bc>:_printk	</harden/bcfiles/linux_bcfiles/evt_notifier.bc>:proc_write:49:5:getelementptr inbounds ([12 x i8], [12 x i8]* @.str, i64 0, i64 0)	1
</harden/bcfiles/linux_bcfiles/evt_notifier.bc>:proc_write:49	</harden/bcfiles/linux_bcfiles/evt_notifier.bc>:_printk	</harden/bcfiles/linux_bcfiles/evt_notifier.bc>:proc_write:%42	2
</harden/bcfiles/linux_bcfiles/evt_notifier.bc>:proc_write:65	</harden/bcfiles/linux_bcfiles/evt_notifier.bc>:_printk	</harden/bcfiles/linux_bcfiles/evt_notifier.bc>:proc_write:65:1:getelementptr inbounds ([24 x i8], [24 x i8]* @.str.7, i64 0, i64 0)	0
</harden/bcfiles/linux_bcfiles/evt_notifier.bc>:proc_write:65	</harden/bcfiles/linux_bcfiles/evt_notifier.bc>:_printk	</harden/bcfiles/linux_bcfiles/evt_notifier.bc>:proc_write:65:5:getelementptr inbounds ([12 x i8], [12 x i8]* @.str, i64 0, i64 0)	1
</harden/bcfiles/linux_bcfiles/evt_notifier.bc>:proc_write:65	</harden/bcfiles/linux_bcfiles/evt_notifier.bc>:_printk	</harden/bcfiles/linux_bcfiles/evt_notifier.bc>:proc_write:%55	2
</harden/bcfiles/linux_bcfiles/evt_notifier.bc>:proc_write:69	</harden/bcfiles/linux_bcfiles/evt_notifier.bc>:llvm.dbg.declare	</harden/bcfiles/linux_bcfiles/evt_notifier.bc>:proc_write:!DIExpression()	2
</harden/bcfiles/linux_bcfiles/evt_notifier.bc>:proc_write:69	</harden/bcfiles/linux_bcfiles/evt_notifier.bc>:llvm.dbg.declare	</harden/bcfiles/linux_bcfiles/evt_notifier.bc>:proc_write:i64* %11	0
</harden/bcfiles/linux_bcfiles/evt_notifier.bc>:proc_write:69	</harden/bcfiles/linux_bcfiles/evt_notifier.bc>:llvm.dbg.declare	</harden/bcfiles/linux_bcfiles/evt_notifier.bc>:proc_write:!4392	1
</harden/bcfiles/linux_bcfiles/evt_notifier.bc>:proc_write:71	</harden/bcfiles/linux_bcfiles/evt_notifier.bc>:llvm.dbg.declare	</harden/bcfiles/linux_bcfiles/evt_notifier.bc>:proc_write:!DIExpression()	2
</harden/bcfiles/linux_bcfiles/evt_notifier.bc>:proc_write:71	</harden/bcfiles/linux_bcfiles/evt_notifier.bc>:llvm.dbg.declare	</harden/bcfiles/linux_bcfiles/evt_notifier.bc>:proc_write:i32* %12	0
</harden/bcfiles/linux_bcfiles/evt_notifier.bc>:proc_write:71	</harden/bcfiles/linux_bcfiles/evt_notifier.bc>:llvm.dbg.declare	</harden/bcfiles/linux_bcfiles/evt_notifier.bc>:proc_write:!4398	1
</harden/bcfiles/linux_bcfiles/evt_notifier.bc>:proc_write:73	</harden/bcfiles/linux_bcfiles/evt_notifier.bc>:llvm.is.constant.i64	</harden/bcfiles/linux_bcfiles/evt_notifier.bc>:proc_write:%58	0
</harden/bcfiles/linux_bcfiles/evt_notifier.bc>:proc_write:78	</harden/bcfiles/linux_bcfiles/evt_notifier.bc>:llvm.dbg.declare	</harden/bcfiles/linux_bcfiles/evt_notifier.bc>:proc_write:!DIExpression()	2
</harden/bcfiles/linux_bcfiles/evt_notifier.bc>:proc_write:78	</harden/bcfiles/linux_bcfiles/evt_notifier.bc>:llvm.dbg.declare	</harden/bcfiles/linux_bcfiles/evt_notifier.bc>:proc_write:i32* %13	0
</harden/bcfiles/linux_bcfiles/evt_notifier.bc>:proc_write:78	</harden/bcfiles/linux_bcfiles/evt_notifier.bc>:llvm.dbg.declare	</harden/bcfiles/linux_bcfiles/evt_notifier.bc>:proc_write:!4406	1
</harden/bcfiles/linux_bcfiles/evt_notifier.bc>:proc_write:84	</harden/bcfiles/linux_bcfiles/evt_notifier.bc>:kmalloc_large	</harden/bcfiles/linux_bcfiles/evt_notifier.bc>:proc_write:%67	0
</harden/bcfiles/linux_bcfiles/evt_notifier.bc>:proc_write:84	</harden/bcfiles/linux_bcfiles/evt_notifier.bc>:kmalloc_large	</harden/bcfiles/linux_bcfiles/evt_notifier.bc>:proc_write:%68	1
</harden/bcfiles/linux_bcfiles/evt_notifier.bc>:proc_write:89	</harden/bcfiles/linux_bcfiles/evt_notifier.bc>:llvm.dbg.declare	</harden/bcfiles/linux_bcfiles/evt_notifier.bc>:proc_write:!DIExpression()	2
</harden/bcfiles/linux_bcfiles/evt_notifier.bc>:proc_write:89	</harden/bcfiles/linux_bcfiles/evt_notifier.bc>:llvm.dbg.declare	</harden/bcfiles/linux_bcfiles/evt_notifier.bc>:proc_write:i64* %8	0
</harden/bcfiles/linux_bcfiles/evt_notifier.bc>:proc_write:89	</harden/bcfiles/linux_bcfiles/evt_notifier.bc>:llvm.dbg.declare	</harden/bcfiles/linux_bcfiles/evt_notifier.bc>:proc_write:!4418	1
</harden/bcfiles/linux_bcfiles/evt_notifier.bc>:proc_write:91	</harden/bcfiles/linux_bcfiles/evt_notifier.bc>:llvm.dbg.declare	</harden/bcfiles/linux_bcfiles/evt_notifier.bc>:proc_write:!DIExpression()	2
</harden/bcfiles/linux_bcfiles/evt_notifier.bc>:proc_write:91	</harden/bcfiles/linux_bcfiles/evt_notifier.bc>:llvm.dbg.declare	</harden/bcfiles/linux_bcfiles/evt_notifier.bc>:proc_write:i8* %9	0
</harden/bcfiles/linux_bcfiles/evt_notifier.bc>:proc_write:91	</harden/bcfiles/linux_bcfiles/evt_notifier.bc>:llvm.dbg.declare	</harden/bcfiles/linux_bcfiles/evt_notifier.bc>:proc_write:!4424	1
</harden/bcfiles/linux_bcfiles/evt_notifier.bc>:proc_write:223	</harden/bcfiles/linux_bcfiles/evt_notifier.bc>:llvm.returnaddress	</harden/bcfiles/linux_bcfiles/evt_notifier.bc>:proc_write:223:1:0	0
</harden/bcfiles/linux_bcfiles/evt_notifier.bc>:proc_write:226	</harden/bcfiles/linux_bcfiles/evt_notifier.bc>:llvm.dbg.declare	</harden/bcfiles/linux_bcfiles/evt_notifier.bc>:proc_write:!DIExpression()	2
</harden/bcfiles/linux_bcfiles/evt_notifier.bc>:proc_write:226	</harden/bcfiles/linux_bcfiles/evt_notifier.bc>:llvm.dbg.declare	</harden/bcfiles/linux_bcfiles/evt_notifier.bc>:proc_write:i32* %5	0
</harden/bcfiles/linux_bcfiles/evt_notifier.bc>:proc_write:226	</harden/bcfiles/linux_bcfiles/evt_notifier.bc>:llvm.dbg.declare	</harden/bcfiles/linux_bcfiles/evt_notifier.bc>:proc_write:!4559	1
</harden/bcfiles/linux_bcfiles/evt_notifier.bc>:proc_write:228	</harden/bcfiles/linux_bcfiles/evt_notifier.bc>:llvm.dbg.declare	</harden/bcfiles/linux_bcfiles/evt_notifier.bc>:proc_write:!DIExpression()	2
</harden/bcfiles/linux_bcfiles/evt_notifier.bc>:proc_write:228	</harden/bcfiles/linux_bcfiles/evt_notifier.bc>:llvm.dbg.declare	</harden/bcfiles/linux_bcfiles/evt_notifier.bc>:proc_write:i64* %6	0
</harden/bcfiles/linux_bcfiles/evt_notifier.bc>:proc_write:228	</harden/bcfiles/linux_bcfiles/evt_notifier.bc>:llvm.dbg.declare	</harden/bcfiles/linux_bcfiles/evt_notifier.bc>:proc_write:!4565	1
</harden/bcfiles/linux_bcfiles/evt_notifier.bc>:proc_write:255	</harden/bcfiles/linux_bcfiles/evt_notifier.bc>:kmalloc_trace	</harden/bcfiles/linux_bcfiles/evt_notifier.bc>:proc_write:%199	0
</harden/bcfiles/linux_bcfiles/evt_notifier.bc>:proc_write:255	</harden/bcfiles/linux_bcfiles/evt_notifier.bc>:kmalloc_trace	</harden/bcfiles/linux_bcfiles/evt_notifier.bc>:proc_write:%200	1
</harden/bcfiles/linux_bcfiles/evt_notifier.bc>:proc_write:255	</harden/bcfiles/linux_bcfiles/evt_notifier.bc>:kmalloc_trace	</harden/bcfiles/linux_bcfiles/evt_notifier.bc>:proc_write:%201	2
</harden/bcfiles/linux_bcfiles/evt_notifier.bc>:proc_write:260	</harden/bcfiles/linux_bcfiles/evt_notifier.bc>:__kmalloc	</harden/bcfiles/linux_bcfiles/evt_notifier.bc>:proc_write:%204	0
</harden/bcfiles/linux_bcfiles/evt_notifier.bc>:proc_write:260	</harden/bcfiles/linux_bcfiles/evt_notifier.bc>:__kmalloc	</harden/bcfiles/linux_bcfiles/evt_notifier.bc>:proc_write:%205	1
</harden/bcfiles/linux_bcfiles/evt_notifier.bc>:proc_write:269	</harden/bcfiles/linux_bcfiles/evt_notifier.bc>:memset	</harden/bcfiles/linux_bcfiles/evt_notifier.bc>:proc_write:%212	0
</harden/bcfiles/linux_bcfiles/evt_notifier.bc>:proc_write:269	</harden/bcfiles/linux_bcfiles/evt_notifier.bc>:memset	</harden/bcfiles/linux_bcfiles/evt_notifier.bc>:proc_write:269:1:0	1
</harden/bcfiles/linux_bcfiles/evt_notifier.bc>:proc_write:269	</harden/bcfiles/linux_bcfiles/evt_notifier.bc>:memset	</harden/bcfiles/linux_bcfiles/evt_notifier.bc>:proc_write:269:2:1024	2
</harden/bcfiles/linux_bcfiles/evt_notifier.bc>:proc_write:275	</harden/bcfiles/linux_bcfiles/evt_notifier.bc>:snprintf	</harden/bcfiles/linux_bcfiles/evt_notifier.bc>:proc_write:%214	0
</harden/bcfiles/linux_bcfiles/evt_notifier.bc>:proc_write:275	</harden/bcfiles/linux_bcfiles/evt_notifier.bc>:snprintf	</harden/bcfiles/linux_bcfiles/evt_notifier.bc>:proc_write:275:1:1024	1
</harden/bcfiles/linux_bcfiles/evt_notifier.bc>:proc_write:275	</harden/bcfiles/linux_bcfiles/evt_notifier.bc>:snprintf	</harden/bcfiles/linux_bcfiles/evt_notifier.bc>:proc_write:275:2:getelementptr inbounds ([23 x i8], [23 x i8]* @.str.8, i64 0, i64 0)	2
</harden/bcfiles/linux_bcfiles/evt_notifier.bc>:proc_write:275	</harden/bcfiles/linux_bcfiles/evt_notifier.bc>:snprintf	</harden/bcfiles/linux_bcfiles/evt_notifier.bc>:proc_write:%218	3
</harden/bcfiles/linux_bcfiles/evt_notifier.bc>:proc_write:279	</harden/bcfiles/linux_bcfiles/evt_notifier.bc>:_printk	</harden/bcfiles/linux_bcfiles/evt_notifier.bc>:proc_write:279:1:getelementptr inbounds ([6 x i8], [6 x i8]* @.str.9, i64 0, i64 0)	0
</harden/bcfiles/linux_bcfiles/evt_notifier.bc>:proc_write:279	</harden/bcfiles/linux_bcfiles/evt_notifier.bc>:_printk	</harden/bcfiles/linux_bcfiles/evt_notifier.bc>:proc_write:%222	1
</harden/bcfiles/linux_bcfiles/evt_notifier.bc>:proc_write:282	</harden/bcfiles/linux_bcfiles/evt_notifier.bc>:llvm.dbg.declare	</harden/bcfiles/linux_bcfiles/evt_notifier.bc>:proc_write:!DIExpression()	2
</harden/bcfiles/linux_bcfiles/evt_notifier.bc>:proc_write:282	</harden/bcfiles/linux_bcfiles/evt_notifier.bc>:llvm.dbg.declare	</harden/bcfiles/linux_bcfiles/evt_notifier.bc>:proc_write:i32* %23	0
</harden/bcfiles/linux_bcfiles/evt_notifier.bc>:proc_write:282	</harden/bcfiles/linux_bcfiles/evt_notifier.bc>:llvm.dbg.declare	</harden/bcfiles/linux_bcfiles/evt_notifier.bc>:proc_write:!4606	1
</harden/bcfiles/linux_bcfiles/evt_notifier.bc>:proc_write:309	</harden/bcfiles/linux_bcfiles/evt_notifier.bc>:kfree	</harden/bcfiles/linux_bcfiles/evt_notifier.bc>:proc_write:%247	0
</harden/bcfiles/linux_bcfiles/evt_notifier.bc>:proc_write:313	</harden/bcfiles/linux_bcfiles/evt_notifier.bc>:_printk	</harden/bcfiles/linux_bcfiles/evt_notifier.bc>:proc_write:313:1:getelementptr inbounds ([32 x i8], [32 x i8]* @.str.10, i64 0, i64 0)	0
</harden/bcfiles/linux_bcfiles/evt_notifier.bc>:proc_write:313	</harden/bcfiles/linux_bcfiles/evt_notifier.bc>:_printk	</harden/bcfiles/linux_bcfiles/evt_notifier.bc>:proc_write:313:5:getelementptr inbounds ([12 x i8], [12 x i8]* @.str, i64 0, i64 0)	1
</harden/bcfiles/linux_bcfiles/evt_notifier.bc>:proc_write:324	</harden/bcfiles/linux_bcfiles/evt_notifier.bc>:_printk	</harden/bcfiles/linux_bcfiles/evt_notifier.bc>:proc_write:324:1:getelementptr inbounds ([26 x i8], [26 x i8]* @.str.11, i64 0, i64 0)	0
</harden/bcfiles/linux_bcfiles/evt_notifier.bc>:proc_write:324	</harden/bcfiles/linux_bcfiles/evt_notifier.bc>:_printk	</harden/bcfiles/linux_bcfiles/evt_notifier.bc>:proc_write:324:5:getelementptr inbounds ([12 x i8], [12 x i8]* @.str, i64 0, i64 0)	1
</harden/bcfiles/linux_bcfiles/evt_notifier.bc>:proc_write:324	</harden/bcfiles/linux_bcfiles/evt_notifier.bc>:_printk	</harden/bcfiles/linux_bcfiles/evt_notifier.bc>:proc_write:%260	2
</harden/bcfiles/linux_bcfiles/evt_notifier.bc>:proc_write:334	</harden/bcfiles/linux_bcfiles/evt_notifier.bc>:_printk	</harden/bcfiles/linux_bcfiles/evt_notifier.bc>:proc_write:334:1:getelementptr inbounds ([34 x i8], [34 x i8]* @.str.12, i64 0, i64 0)	0
</harden/bcfiles/linux_bcfiles/evt_notifier.bc>:proc_write:334	</harden/bcfiles/linux_bcfiles/evt_notifier.bc>:_printk	</harden/bcfiles/linux_bcfiles/evt_notifier.bc>:proc_write:334:5:getelementptr inbounds ([12 x i8], [12 x i8]* @.str, i64 0, i64 0)	1
</harden/bcfiles/linux_bcfiles/evt_notifier.bc>:proc_write:334	</harden/bcfiles/linux_bcfiles/evt_notifier.bc>:_printk	</harden/bcfiles/linux_bcfiles/evt_notifier.bc>:proc_write:%269	2
</harden/bcfiles/linux_bcfiles/evt_notifier.bc>:proc_write:344	</harden/bcfiles/linux_bcfiles/evt_notifier.bc>:_printk	</harden/bcfiles/linux_bcfiles/evt_notifier.bc>:proc_write:344:1:getelementptr inbounds ([38 x i8], [38 x i8]* @.str.13, i64 0, i64 0)	0
</harden/bcfiles/linux_bcfiles/evt_notifier.bc>:proc_write:344	</harden/bcfiles/linux_bcfiles/evt_notifier.bc>:_printk	</harden/bcfiles/linux_bcfiles/evt_notifier.bc>:proc_write:344:5:getelementptr inbounds ([12 x i8], [12 x i8]* @.str, i64 0, i64 0)	1
</harden/bcfiles/linux_bcfiles/evt_notifier.bc>:proc_write:344	</harden/bcfiles/linux_bcfiles/evt_notifier.bc>:_printk	</harden/bcfiles/linux_bcfiles/evt_notifier.bc>:proc_write:%278	2
</harden/bcfiles/linux_bcfiles/evt_notifier.bc>:proc_write:350	</harden/bcfiles/linux_bcfiles/evt_notifier.bc>:_printk	</harden/bcfiles/linux_bcfiles/evt_notifier.bc>:proc_write:350:1:getelementptr inbounds ([25 x i8], [25 x i8]* @.str.14, i64 0, i64 0)	0
</harden/bcfiles/linux_bcfiles/evt_notifier.bc>:proc_write:350	</harden/bcfiles/linux_bcfiles/evt_notifier.bc>:_printk	</harden/bcfiles/linux_bcfiles/evt_notifier.bc>:proc_write:350:5:getelementptr inbounds ([12 x i8], [12 x i8]* @.str, i64 0, i64 0)	1
</harden/bcfiles/linux_bcfiles/evt_notifier.bc>:proc_write:354	</harden/bcfiles/linux_bcfiles/evt_notifier.bc>:llvm.dbg.declare	</harden/bcfiles/linux_bcfiles/evt_notifier.bc>:proc_write:!DIExpression()	2
</harden/bcfiles/linux_bcfiles/evt_notifier.bc>:proc_write:354	</harden/bcfiles/linux_bcfiles/evt_notifier.bc>:llvm.dbg.declare	</harden/bcfiles/linux_bcfiles/evt_notifier.bc>:proc_write:i64* %29	0
</harden/bcfiles/linux_bcfiles/evt_notifier.bc>:proc_write:354	</harden/bcfiles/linux_bcfiles/evt_notifier.bc>:llvm.dbg.declare	</harden/bcfiles/linux_bcfiles/evt_notifier.bc>:proc_write:!4658	1
</harden/bcfiles/linux_bcfiles/evt_notifier.bc>:proc_write:356	</harden/bcfiles/linux_bcfiles/evt_notifier.bc>:llvm.dbg.declare	</harden/bcfiles/linux_bcfiles/evt_notifier.bc>:proc_write:!DIExpression()	2
</harden/bcfiles/linux_bcfiles/evt_notifier.bc>:proc_write:356	</harden/bcfiles/linux_bcfiles/evt_notifier.bc>:llvm.dbg.declare	</harden/bcfiles/linux_bcfiles/evt_notifier.bc>:proc_write:i32* %30	0
</harden/bcfiles/linux_bcfiles/evt_notifier.bc>:proc_write:356	</harden/bcfiles/linux_bcfiles/evt_notifier.bc>:llvm.dbg.declare	</harden/bcfiles/linux_bcfiles/evt_notifier.bc>:proc_write:!4660	1
</harden/bcfiles/linux_bcfiles/evt_notifier.bc>:proc_write:377	</harden/bcfiles/linux_bcfiles/evt_notifier.bc>:_printk	</harden/bcfiles/linux_bcfiles/evt_notifier.bc>:proc_write:377:1:getelementptr inbounds ([31 x i8], [31 x i8]* @.str.15, i64 0, i64 0)	0
</harden/bcfiles/linux_bcfiles/evt_notifier.bc>:proc_write:377	</harden/bcfiles/linux_bcfiles/evt_notifier.bc>:_printk	</harden/bcfiles/linux_bcfiles/evt_notifier.bc>:proc_write:377:5:getelementptr inbounds ([12 x i8], [12 x i8]* @.str, i64 0, i64 0)	1
</harden/bcfiles/linux_bcfiles/evt_notifier.bc>:proc_write:377	</harden/bcfiles/linux_bcfiles/evt_notifier.bc>:_printk	</harden/bcfiles/linux_bcfiles/evt_notifier.bc>:proc_write:%303	2
</harden/bcfiles/linux_bcfiles/evt_notifier.bc>:IS_ERR:2	</harden/bcfiles/linux_bcfiles/evt_notifier.bc>:llvm.dbg.declare	</harden/bcfiles/linux_bcfiles/evt_notifier.bc>:IS_ERR:i8** %2	0
</harden/bcfiles/linux_bcfiles/evt_notifier.bc>:IS_ERR:2	</harden/bcfiles/linux_bcfiles/evt_notifier.bc>:llvm.dbg.declare	</harden/bcfiles/linux_bcfiles/evt_notifier.bc>:IS_ERR:!4688	1
</harden/bcfiles/linux_bcfiles/evt_notifier.bc>:IS_ERR:2	</harden/bcfiles/linux_bcfiles/evt_notifier.bc>:llvm.dbg.declare	</harden/bcfiles/linux_bcfiles/evt_notifier.bc>:IS_ERR:!DIExpression()	2
</harden/bcfiles/linux_bcfiles/evt_notifier.bc>:PTR_ERR:2	</harden/bcfiles/linux_bcfiles/evt_notifier.bc>:llvm.dbg.declare	</harden/bcfiles/linux_bcfiles/evt_notifier.bc>:PTR_ERR:i8** %2	0
</harden/bcfiles/linux_bcfiles/evt_notifier.bc>:PTR_ERR:2	</harden/bcfiles/linux_bcfiles/evt_notifier.bc>:llvm.dbg.declare	</harden/bcfiles/linux_bcfiles/evt_notifier.bc>:PTR_ERR:!4695	1
</harden/bcfiles/linux_bcfiles/evt_notifier.bc>:PTR_ERR:2	</harden/bcfiles/linux_bcfiles/evt_notifier.bc>:llvm.dbg.declare	</harden/bcfiles/linux_bcfiles/evt_notifier.bc>:PTR_ERR:!DIExpression()	2
</harden/bcfiles/linux_bcfiles/evt_notifier.bc>:my_devnode:3	</harden/bcfiles/linux_bcfiles/evt_notifier.bc>:llvm.dbg.declare	</harden/bcfiles/linux_bcfiles/evt_notifier.bc>:my_devnode:%struct.device** %3	0
</harden/bcfiles/linux_bcfiles/evt_notifier.bc>:my_devnode:3	</harden/bcfiles/linux_bcfiles/evt_notifier.bc>:llvm.dbg.declare	</harden/bcfiles/linux_bcfiles/evt_notifier.bc>:my_devnode:!4701	1
</harden/bcfiles/linux_bcfiles/evt_notifier.bc>:my_devnode:3	</harden/bcfiles/linux_bcfiles/evt_notifier.bc>:llvm.dbg.declare	</harden/bcfiles/linux_bcfiles/evt_notifier.bc>:my_devnode:!DIExpression()	2
</harden/bcfiles/linux_bcfiles/evt_notifier.bc>:my_devnode:5	</harden/bcfiles/linux_bcfiles/evt_notifier.bc>:llvm.dbg.declare	</harden/bcfiles/linux_bcfiles/evt_notifier.bc>:my_devnode:!DIExpression()	2
</harden/bcfiles/linux_bcfiles/evt_notifier.bc>:my_devnode:5	</harden/bcfiles/linux_bcfiles/evt_notifier.bc>:llvm.dbg.declare	</harden/bcfiles/linux_bcfiles/evt_notifier.bc>:my_devnode:i16** %4	0
</harden/bcfiles/linux_bcfiles/evt_notifier.bc>:my_devnode:5	</harden/bcfiles/linux_bcfiles/evt_notifier.bc>:llvm.dbg.declare	</harden/bcfiles/linux_bcfiles/evt_notifier.bc>:my_devnode:!4703	1
</harden/bcfiles/linux_bcfiles/evt_notifier.bc>:dr_w_dev_read:23	</harden/bcfiles/linux_bcfiles/evt_notifier.bc>:llvm.dbg.declare	</harden/bcfiles/linux_bcfiles/evt_notifier.bc>:dr_w_dev_read:%struct.file** %17	0
</harden/bcfiles/linux_bcfiles/evt_notifier.bc>:dr_w_dev_read:23	</harden/bcfiles/linux_bcfiles/evt_notifier.bc>:llvm.dbg.declare	</harden/bcfiles/linux_bcfiles/evt_notifier.bc>:dr_w_dev_read:!4713	1
</harden/bcfiles/linux_bcfiles/evt_notifier.bc>:dr_w_dev_read:23	</harden/bcfiles/linux_bcfiles/evt_notifier.bc>:llvm.dbg.declare	</harden/bcfiles/linux_bcfiles/evt_notifier.bc>:dr_w_dev_read:!DIExpression()	2
</harden/bcfiles/linux_bcfiles/evt_notifier.bc>:dr_w_dev_read:25	</harden/bcfiles/linux_bcfiles/evt_notifier.bc>:llvm.dbg.declare	</harden/bcfiles/linux_bcfiles/evt_notifier.bc>:dr_w_dev_read:!DIExpression()	2
</harden/bcfiles/linux_bcfiles/evt_notifier.bc>:dr_w_dev_read:25	</harden/bcfiles/linux_bcfiles/evt_notifier.bc>:llvm.dbg.declare	</harden/bcfiles/linux_bcfiles/evt_notifier.bc>:dr_w_dev_read:i8** %18	0
</harden/bcfiles/linux_bcfiles/evt_notifier.bc>:dr_w_dev_read:25	</harden/bcfiles/linux_bcfiles/evt_notifier.bc>:llvm.dbg.declare	</harden/bcfiles/linux_bcfiles/evt_notifier.bc>:dr_w_dev_read:!4715	1
</harden/bcfiles/linux_bcfiles/evt_notifier.bc>:dr_w_dev_read:27	</harden/bcfiles/linux_bcfiles/evt_notifier.bc>:llvm.dbg.declare	</harden/bcfiles/linux_bcfiles/evt_notifier.bc>:dr_w_dev_read:!DIExpression()	2
</harden/bcfiles/linux_bcfiles/evt_notifier.bc>:dr_w_dev_read:27	</harden/bcfiles/linux_bcfiles/evt_notifier.bc>:llvm.dbg.declare	</harden/bcfiles/linux_bcfiles/evt_notifier.bc>:dr_w_dev_read:i64* %19	0
</harden/bcfiles/linux_bcfiles/evt_notifier.bc>:dr_w_dev_read:27	</harden/bcfiles/linux_bcfiles/evt_notifier.bc>:llvm.dbg.declare	</harden/bcfiles/linux_bcfiles/evt_notifier.bc>:dr_w_dev_read:!4717	1
</harden/bcfiles/linux_bcfiles/evt_notifier.bc>:dr_w_dev_read:29	</harden/bcfiles/linux_bcfiles/evt_notifier.bc>:llvm.dbg.declare	</harden/bcfiles/linux_bcfiles/evt_notifier.bc>:dr_w_dev_read:!DIExpression()	2
</harden/bcfiles/linux_bcfiles/evt_notifier.bc>:dr_w_dev_read:29	</harden/bcfiles/linux_bcfiles/evt_notifier.bc>:llvm.dbg.declare	</harden/bcfiles/linux_bcfiles/evt_notifier.bc>:dr_w_dev_read:i64** %20	0
</harden/bcfiles/linux_bcfiles/evt_notifier.bc>:dr_w_dev_read:29	</harden/bcfiles/linux_bcfiles/evt_notifier.bc>:llvm.dbg.declare	</harden/bcfiles/linux_bcfiles/evt_notifier.bc>:dr_w_dev_read:!4719	1
</harden/bcfiles/linux_bcfiles/evt_notifier.bc>:dr_w_dev_read:30	</harden/bcfiles/linux_bcfiles/evt_notifier.bc>:llvm.dbg.declare	</harden/bcfiles/linux_bcfiles/evt_notifier.bc>:dr_w_dev_read:!DIExpression()	2
</harden/bcfiles/linux_bcfiles/evt_notifier.bc>:dr_w_dev_read:30	</harden/bcfiles/linux_bcfiles/evt_notifier.bc>:llvm.dbg.declare	</harden/bcfiles/linux_bcfiles/evt_notifier.bc>:dr_w_dev_read:i32* %21	0
</harden/bcfiles/linux_bcfiles/evt_notifier.bc>:dr_w_dev_read:30	</harden/bcfiles/linux_bcfiles/evt_notifier.bc>:llvm.dbg.declare	</harden/bcfiles/linux_bcfiles/evt_notifier.bc>:dr_w_dev_read:!4721	1
</harden/bcfiles/linux_bcfiles/evt_notifier.bc>:dr_w_dev_read:31	</harden/bcfiles/linux_bcfiles/evt_notifier.bc>:llvm.dbg.declare	</harden/bcfiles/linux_bcfiles/evt_notifier.bc>:dr_w_dev_read:!DIExpression()	2
</harden/bcfiles/linux_bcfiles/evt_notifier.bc>:dr_w_dev_read:31	</harden/bcfiles/linux_bcfiles/evt_notifier.bc>:llvm.dbg.declare	</harden/bcfiles/linux_bcfiles/evt_notifier.bc>:dr_w_dev_read:i32* %22	0
</harden/bcfiles/linux_bcfiles/evt_notifier.bc>:dr_w_dev_read:31	</harden/bcfiles/linux_bcfiles/evt_notifier.bc>:llvm.dbg.declare	</harden/bcfiles/linux_bcfiles/evt_notifier.bc>:dr_w_dev_read:!4723	1
</harden/bcfiles/linux_bcfiles/evt_notifier.bc>:dr_w_dev_read:32	</harden/bcfiles/linux_bcfiles/evt_notifier.bc>:llvm.dbg.declare	</harden/bcfiles/linux_bcfiles/evt_notifier.bc>:dr_w_dev_read:!DIExpression()	2
</harden/bcfiles/linux_bcfiles/evt_notifier.bc>:dr_w_dev_read:32	</harden/bcfiles/linux_bcfiles/evt_notifier.bc>:llvm.dbg.declare	</harden/bcfiles/linux_bcfiles/evt_notifier.bc>:dr_w_dev_read:i64* %23	0
</harden/bcfiles/linux_bcfiles/evt_notifier.bc>:dr_w_dev_read:32	</harden/bcfiles/linux_bcfiles/evt_notifier.bc>:llvm.dbg.declare	</harden/bcfiles/linux_bcfiles/evt_notifier.bc>:dr_w_dev_read:!4725	1
</harden/bcfiles/linux_bcfiles/evt_notifier.bc>:dr_w_dev_read:35	</harden/bcfiles/linux_bcfiles/evt_notifier.bc>:llvm.dbg.declare	</harden/bcfiles/linux_bcfiles/evt_notifier.bc>:dr_w_dev_read:!DIExpression()	2
</harden/bcfiles/linux_bcfiles/evt_notifier.bc>:dr_w_dev_read:35	</harden/bcfiles/linux_bcfiles/evt_notifier.bc>:llvm.dbg.declare	</harden/bcfiles/linux_bcfiles/evt_notifier.bc>:dr_w_dev_read:i64* %24	0
</harden/bcfiles/linux_bcfiles/evt_notifier.bc>:dr_w_dev_read:35	</harden/bcfiles/linux_bcfiles/evt_notifier.bc>:llvm.dbg.declare	</harden/bcfiles/linux_bcfiles/evt_notifier.bc>:dr_w_dev_read:!4728	1
</harden/bcfiles/linux_bcfiles/evt_notifier.bc>:dr_w_dev_read:60	</harden/bcfiles/linux_bcfiles/evt_notifier.bc>:_printk	</harden/bcfiles/linux_bcfiles/evt_notifier.bc>:dr_w_dev_read:60:1:getelementptr inbounds ([22 x i8], [22 x i8]* @.str.18, i64 0, i64 0)	0
</harden/bcfiles/linux_bcfiles/evt_notifier.bc>:dr_w_dev_read:60	</harden/bcfiles/linux_bcfiles/evt_notifier.bc>:_printk	</harden/bcfiles/linux_bcfiles/evt_notifier.bc>:dr_w_dev_read:60:5:getelementptr inbounds ([12 x i8], [12 x i8]* @.str, i64 0, i64 0)	1
</harden/bcfiles/linux_bcfiles/evt_notifier.bc>:dr_w_dev_read:72	</harden/bcfiles/linux_bcfiles/evt_notifier.bc>:llvm.dbg.declare	</harden/bcfiles/linux_bcfiles/evt_notifier.bc>:dr_w_dev_read:!DIExpression()	2
</harden/bcfiles/linux_bcfiles/evt_notifier.bc>:dr_w_dev_read:72	</harden/bcfiles/linux_bcfiles/evt_notifier.bc>:llvm.dbg.declare	</harden/bcfiles/linux_bcfiles/evt_notifier.bc>:dr_w_dev_read:i8** %13	0
</harden/bcfiles/linux_bcfiles/evt_notifier.bc>:dr_w_dev_read:72	</harden/bcfiles/linux_bcfiles/evt_notifier.bc>:llvm.dbg.declare	</harden/bcfiles/linux_bcfiles/evt_notifier.bc>:dr_w_dev_read:!4745	1
</harden/bcfiles/linux_bcfiles/evt_notifier.bc>:dr_w_dev_read:74	</harden/bcfiles/linux_bcfiles/evt_notifier.bc>:llvm.dbg.declare	</harden/bcfiles/linux_bcfiles/evt_notifier.bc>:dr_w_dev_read:!DIExpression()	2
</harden/bcfiles/linux_bcfiles/evt_notifier.bc>:dr_w_dev_read:74	</harden/bcfiles/linux_bcfiles/evt_notifier.bc>:llvm.dbg.declare	</harden/bcfiles/linux_bcfiles/evt_notifier.bc>:dr_w_dev_read:i8** %14	0
</harden/bcfiles/linux_bcfiles/evt_notifier.bc>:dr_w_dev_read:74	</harden/bcfiles/linux_bcfiles/evt_notifier.bc>:llvm.dbg.declare	</harden/bcfiles/linux_bcfiles/evt_notifier.bc>:dr_w_dev_read:!4752	1
</harden/bcfiles/linux_bcfiles/evt_notifier.bc>:dr_w_dev_read:76	</harden/bcfiles/linux_bcfiles/evt_notifier.bc>:llvm.dbg.declare	</harden/bcfiles/linux_bcfiles/evt_notifier.bc>:dr_w_dev_read:!DIExpression()	2
</harden/bcfiles/linux_bcfiles/evt_notifier.bc>:dr_w_dev_read:76	</harden/bcfiles/linux_bcfiles/evt_notifier.bc>:llvm.dbg.declare	</harden/bcfiles/linux_bcfiles/evt_notifier.bc>:dr_w_dev_read:i64* %15	0
</harden/bcfiles/linux_bcfiles/evt_notifier.bc>:dr_w_dev_read:76	</harden/bcfiles/linux_bcfiles/evt_notifier.bc>:llvm.dbg.declare	</harden/bcfiles/linux_bcfiles/evt_notifier.bc>:dr_w_dev_read:!4754	1
</harden/bcfiles/linux_bcfiles/evt_notifier.bc>:dr_w_dev_read:80	</harden/bcfiles/linux_bcfiles/evt_notifier.bc>:llvm.dbg.declare	</harden/bcfiles/linux_bcfiles/evt_notifier.bc>:dr_w_dev_read:!DIExpression()	2
</harden/bcfiles/linux_bcfiles/evt_notifier.bc>:dr_w_dev_read:80	</harden/bcfiles/linux_bcfiles/evt_notifier.bc>:llvm.dbg.declare	</harden/bcfiles/linux_bcfiles/evt_notifier.bc>:dr_w_dev_read:i8** %6	0
</harden/bcfiles/linux_bcfiles/evt_notifier.bc>:dr_w_dev_read:80	</harden/bcfiles/linux_bcfiles/evt_notifier.bc>:llvm.dbg.declare	</harden/bcfiles/linux_bcfiles/evt_notifier.bc>:dr_w_dev_read:!4759	1
</harden/bcfiles/linux_bcfiles/evt_notifier.bc>:dr_w_dev_read:82	</harden/bcfiles/linux_bcfiles/evt_notifier.bc>:llvm.dbg.declare	</harden/bcfiles/linux_bcfiles/evt_notifier.bc>:dr_w_dev_read:!DIExpression()	2
</harden/bcfiles/linux_bcfiles/evt_notifier.bc>:dr_w_dev_read:82	</harden/bcfiles/linux_bcfiles/evt_notifier.bc>:llvm.dbg.declare	</harden/bcfiles/linux_bcfiles/evt_notifier.bc>:dr_w_dev_read:i64* %7	0
</harden/bcfiles/linux_bcfiles/evt_notifier.bc>:dr_w_dev_read:82	</harden/bcfiles/linux_bcfiles/evt_notifier.bc>:llvm.dbg.declare	</harden/bcfiles/linux_bcfiles/evt_notifier.bc>:dr_w_dev_read:!4766	1
</harden/bcfiles/linux_bcfiles/evt_notifier.bc>:dr_w_dev_read:84	</harden/bcfiles/linux_bcfiles/evt_notifier.bc>:llvm.dbg.declare	</harden/bcfiles/linux_bcfiles/evt_notifier.bc>:dr_w_dev_read:!DIExpression()	2
</harden/bcfiles/linux_bcfiles/evt_notifier.bc>:dr_w_dev_read:84	</harden/bcfiles/linux_bcfiles/evt_notifier.bc>:llvm.dbg.declare	</harden/bcfiles/linux_bcfiles/evt_notifier.bc>:dr_w_dev_read:i8* %8	0
</harden/bcfiles/linux_bcfiles/evt_notifier.bc>:dr_w_dev_read:84	</harden/bcfiles/linux_bcfiles/evt_notifier.bc>:llvm.dbg.declare	</harden/bcfiles/linux_bcfiles/evt_notifier.bc>:dr_w_dev_read:!4768	1
</harden/bcfiles/linux_bcfiles/evt_notifier.bc>:dr_w_dev_read:85	</harden/bcfiles/linux_bcfiles/evt_notifier.bc>:llvm.dbg.declare	</harden/bcfiles/linux_bcfiles/evt_notifier.bc>:dr_w_dev_read:!DIExpression()	2
</harden/bcfiles/linux_bcfiles/evt_notifier.bc>:dr_w_dev_read:85	</harden/bcfiles/linux_bcfiles/evt_notifier.bc>:llvm.dbg.declare	</harden/bcfiles/linux_bcfiles/evt_notifier.bc>:dr_w_dev_read:i32* %9	0
</harden/bcfiles/linux_bcfiles/evt_notifier.bc>:dr_w_dev_read:85	</harden/bcfiles/linux_bcfiles/evt_notifier.bc>:llvm.dbg.declare	</harden/bcfiles/linux_bcfiles/evt_notifier.bc>:dr_w_dev_read:!4770	1
</harden/bcfiles/linux_bcfiles/evt_notifier.bc>:dr_w_dev_read:87	</harden/bcfiles/linux_bcfiles/evt_notifier.bc>:llvm.objectsize.i64.p0i8	</harden/bcfiles/linux_bcfiles/evt_notifier.bc>:dr_w_dev_read:%60	0
</harden/bcfiles/linux_bcfiles/evt_notifier.bc>:dr_w_dev_read:87	</harden/bcfiles/linux_bcfiles/evt_notifier.bc>:llvm.objectsize.i64.p0i8	</harden/bcfiles/linux_bcfiles/evt_notifier.bc>:dr_w_dev_read:87:1:false	1
</harden/bcfiles/linux_bcfiles/evt_notifier.bc>:dr_w_dev_read:87	</harden/bcfiles/linux_bcfiles/evt_notifier.bc>:llvm.objectsize.i64.p0i8	</harden/bcfiles/linux_bcfiles/evt_notifier.bc>:dr_w_dev_read:87:2:true	2
</harden/bcfiles/linux_bcfiles/evt_notifier.bc>:dr_w_dev_read:87	</harden/bcfiles/linux_bcfiles/evt_notifier.bc>:llvm.objectsize.i64.p0i8	</harden/bcfiles/linux_bcfiles/evt_notifier.bc>:dr_w_dev_read:87:3:false	3
</harden/bcfiles/linux_bcfiles/evt_notifier.bc>:dr_w_dev_read:104	</harden/bcfiles/linux_bcfiles/evt_notifier.bc>:llvm.is.constant.i64	</harden/bcfiles/linux_bcfiles/evt_notifier.bc>:dr_w_dev_read:%76	0
</harden/bcfiles/linux_bcfiles/evt_notifier.bc>:dr_w_dev_read:108	</harden/bcfiles/linux_bcfiles/evt_notifier.bc>:copy_overflow	</harden/bcfiles/linux_bcfiles/evt_notifier.bc>:dr_w_dev_read:%79	0
</harden/bcfiles/linux_bcfiles/evt_notifier.bc>:dr_w_dev_read:108	</harden/bcfiles/linux_bcfiles/evt_notifier.bc>:copy_overflow	</harden/bcfiles/linux_bcfiles/evt_notifier.bc>:dr_w_dev_read:%80	1
</harden/bcfiles/linux_bcfiles/evt_notifier.bc>:dr_w_dev_read:120	</harden/bcfiles/linux_bcfiles/evt_notifier.bc>:llvm.dbg.declare	</harden/bcfiles/linux_bcfiles/evt_notifier.bc>:dr_w_dev_read:!DIExpression()	2
</harden/bcfiles/linux_bcfiles/evt_notifier.bc>:dr_w_dev_read:120	</harden/bcfiles/linux_bcfiles/evt_notifier.bc>:llvm.dbg.declare	</harden/bcfiles/linux_bcfiles/evt_notifier.bc>:dr_w_dev_read:i32* %10	0
</harden/bcfiles/linux_bcfiles/evt_notifier.bc>:dr_w_dev_read:120	</harden/bcfiles/linux_bcfiles/evt_notifier.bc>:llvm.dbg.declare	</harden/bcfiles/linux_bcfiles/evt_notifier.bc>:dr_w_dev_read:!4794	1
</harden/bcfiles/linux_bcfiles/evt_notifier.bc>:dr_w_dev_read:132	</harden/bcfiles/linux_bcfiles/evt_notifier.bc>:llvm.dbg.declare	</harden/bcfiles/linux_bcfiles/evt_notifier.bc>:dr_w_dev_read:!DIExpression()	2
</harden/bcfiles/linux_bcfiles/evt_notifier.bc>:dr_w_dev_read:132	</harden/bcfiles/linux_bcfiles/evt_notifier.bc>:llvm.dbg.declare	</harden/bcfiles/linux_bcfiles/evt_notifier.bc>:dr_w_dev_read:i32* %11	0
</harden/bcfiles/linux_bcfiles/evt_notifier.bc>:dr_w_dev_read:132	</harden/bcfiles/linux_bcfiles/evt_notifier.bc>:llvm.dbg.declare	</harden/bcfiles/linux_bcfiles/evt_notifier.bc>:dr_w_dev_read:!4800	1
</harden/bcfiles/linux_bcfiles/evt_notifier.bc>:dr_w_dev_read:152	</harden/bcfiles/linux_bcfiles/evt_notifier.bc>:check_object_size	</harden/bcfiles/linux_bcfiles/evt_notifier.bc>:dr_w_dev_read:%110	0
</harden/bcfiles/linux_bcfiles/evt_notifier.bc>:dr_w_dev_read:152	</harden/bcfiles/linux_bcfiles/evt_notifier.bc>:check_object_size	</harden/bcfiles/linux_bcfiles/evt_notifier.bc>:dr_w_dev_read:%111	1
</harden/bcfiles/linux_bcfiles/evt_notifier.bc>:dr_w_dev_read:152	</harden/bcfiles/linux_bcfiles/evt_notifier.bc>:check_object_size	</harden/bcfiles/linux_bcfiles/evt_notifier.bc>:dr_w_dev_read:%113	2
</harden/bcfiles/linux_bcfiles/evt_notifier.bc>:dr_w_dev_read:160	</harden/bcfiles/linux_bcfiles/evt_notifier.bc>:_copy_to_user	</harden/bcfiles/linux_bcfiles/evt_notifier.bc>:dr_w_dev_read:%117	0
</harden/bcfiles/linux_bcfiles/evt_notifier.bc>:dr_w_dev_read:160	</harden/bcfiles/linux_bcfiles/evt_notifier.bc>:_copy_to_user	</harden/bcfiles/linux_bcfiles/evt_notifier.bc>:dr_w_dev_read:%118	1
</harden/bcfiles/linux_bcfiles/evt_notifier.bc>:dr_w_dev_read:160	</harden/bcfiles/linux_bcfiles/evt_notifier.bc>:_copy_to_user	</harden/bcfiles/linux_bcfiles/evt_notifier.bc>:dr_w_dev_read:%119	2
</harden/bcfiles/linux_bcfiles/evt_notifier.bc>:dr_w_dev_write:20	</harden/bcfiles/linux_bcfiles/evt_notifier.bc>:llvm.dbg.declare	</harden/bcfiles/linux_bcfiles/evt_notifier.bc>:dr_w_dev_write:%struct.file** %17	0
</harden/bcfiles/linux_bcfiles/evt_notifier.bc>:dr_w_dev_write:20	</harden/bcfiles/linux_bcfiles/evt_notifier.bc>:llvm.dbg.declare	</harden/bcfiles/linux_bcfiles/evt_notifier.bc>:dr_w_dev_write:!4839	1
</harden/bcfiles/linux_bcfiles/evt_notifier.bc>:dr_w_dev_write:20	</harden/bcfiles/linux_bcfiles/evt_notifier.bc>:llvm.dbg.declare	</harden/bcfiles/linux_bcfiles/evt_notifier.bc>:dr_w_dev_write:!DIExpression()	2
</harden/bcfiles/linux_bcfiles/evt_notifier.bc>:dr_w_dev_write:22	</harden/bcfiles/linux_bcfiles/evt_notifier.bc>:llvm.dbg.declare	</harden/bcfiles/linux_bcfiles/evt_notifier.bc>:dr_w_dev_write:!DIExpression()	2
</harden/bcfiles/linux_bcfiles/evt_notifier.bc>:dr_w_dev_write:22	</harden/bcfiles/linux_bcfiles/evt_notifier.bc>:llvm.dbg.declare	</harden/bcfiles/linux_bcfiles/evt_notifier.bc>:dr_w_dev_write:i8** %18	0
</harden/bcfiles/linux_bcfiles/evt_notifier.bc>:dr_w_dev_write:22	</harden/bcfiles/linux_bcfiles/evt_notifier.bc>:llvm.dbg.declare	</harden/bcfiles/linux_bcfiles/evt_notifier.bc>:dr_w_dev_write:!4841	1
</harden/bcfiles/linux_bcfiles/evt_notifier.bc>:dr_w_dev_write:24	</harden/bcfiles/linux_bcfiles/evt_notifier.bc>:llvm.dbg.declare	</harden/bcfiles/linux_bcfiles/evt_notifier.bc>:dr_w_dev_write:!DIExpression()	2
</harden/bcfiles/linux_bcfiles/evt_notifier.bc>:dr_w_dev_write:24	</harden/bcfiles/linux_bcfiles/evt_notifier.bc>:llvm.dbg.declare	</harden/bcfiles/linux_bcfiles/evt_notifier.bc>:dr_w_dev_write:i64* %19	0
</harden/bcfiles/linux_bcfiles/evt_notifier.bc>:dr_w_dev_write:24	</harden/bcfiles/linux_bcfiles/evt_notifier.bc>:llvm.dbg.declare	</harden/bcfiles/linux_bcfiles/evt_notifier.bc>:dr_w_dev_write:!4843	1
</harden/bcfiles/linux_bcfiles/evt_notifier.bc>:dr_w_dev_write:26	</harden/bcfiles/linux_bcfiles/evt_notifier.bc>:llvm.dbg.declare	</harden/bcfiles/linux_bcfiles/evt_notifier.bc>:dr_w_dev_write:!DIExpression()	2
</harden/bcfiles/linux_bcfiles/evt_notifier.bc>:dr_w_dev_write:26	</harden/bcfiles/linux_bcfiles/evt_notifier.bc>:llvm.dbg.declare	</harden/bcfiles/linux_bcfiles/evt_notifier.bc>:dr_w_dev_write:i64** %20	0
</harden/bcfiles/linux_bcfiles/evt_notifier.bc>:dr_w_dev_write:26	</harden/bcfiles/linux_bcfiles/evt_notifier.bc>:llvm.dbg.declare	</harden/bcfiles/linux_bcfiles/evt_notifier.bc>:dr_w_dev_write:!4845	1
</harden/bcfiles/linux_bcfiles/evt_notifier.bc>:dr_w_dev_write:27	</harden/bcfiles/linux_bcfiles/evt_notifier.bc>:llvm.dbg.declare	</harden/bcfiles/linux_bcfiles/evt_notifier.bc>:dr_w_dev_write:!DIExpression()	2
</harden/bcfiles/linux_bcfiles/evt_notifier.bc>:dr_w_dev_write:27	</harden/bcfiles/linux_bcfiles/evt_notifier.bc>:llvm.dbg.declare	</harden/bcfiles/linux_bcfiles/evt_notifier.bc>:dr_w_dev_write:[256 x i8]* %21	0
</harden/bcfiles/linux_bcfiles/evt_notifier.bc>:dr_w_dev_write:27	</harden/bcfiles/linux_bcfiles/evt_notifier.bc>:llvm.dbg.declare	</harden/bcfiles/linux_bcfiles/evt_notifier.bc>:dr_w_dev_write:!4847	1
</harden/bcfiles/linux_bcfiles/evt_notifier.bc>:dr_w_dev_write:29	</harden/bcfiles/linux_bcfiles/evt_notifier.bc>:llvm.memset.p0i8.i64	</harden/bcfiles/linux_bcfiles/evt_notifier.bc>:dr_w_dev_write:%24	0
</harden/bcfiles/linux_bcfiles/evt_notifier.bc>:dr_w_dev_write:29	</harden/bcfiles/linux_bcfiles/evt_notifier.bc>:llvm.memset.p0i8.i64	</harden/bcfiles/linux_bcfiles/evt_notifier.bc>:dr_w_dev_write:29:1:0	1
</harden/bcfiles/linux_bcfiles/evt_notifier.bc>:dr_w_dev_write:29	</harden/bcfiles/linux_bcfiles/evt_notifier.bc>:llvm.memset.p0i8.i64	</harden/bcfiles/linux_bcfiles/evt_notifier.bc>:dr_w_dev_write:29:2:256	2
</harden/bcfiles/linux_bcfiles/evt_notifier.bc>:dr_w_dev_write:29	</harden/bcfiles/linux_bcfiles/evt_notifier.bc>:llvm.memset.p0i8.i64	</harden/bcfiles/linux_bcfiles/evt_notifier.bc>:dr_w_dev_write:29:3:false	3
</harden/bcfiles/linux_bcfiles/evt_notifier.bc>:dr_w_dev_write:30	</harden/bcfiles/linux_bcfiles/evt_notifier.bc>:llvm.dbg.declare	</harden/bcfiles/linux_bcfiles/evt_notifier.bc>:dr_w_dev_write:!DIExpression()	2
</harden/bcfiles/linux_bcfiles/evt_notifier.bc>:dr_w_dev_write:30	</harden/bcfiles/linux_bcfiles/evt_notifier.bc>:llvm.dbg.declare	</harden/bcfiles/linux_bcfiles/evt_notifier.bc>:dr_w_dev_write:i64* %22	0
</harden/bcfiles/linux_bcfiles/evt_notifier.bc>:dr_w_dev_write:30	</harden/bcfiles/linux_bcfiles/evt_notifier.bc>:llvm.dbg.declare	</harden/bcfiles/linux_bcfiles/evt_notifier.bc>:dr_w_dev_write:!4849	1
</harden/bcfiles/linux_bcfiles/evt_notifier.bc>:dr_w_dev_write:31	</harden/bcfiles/linux_bcfiles/evt_notifier.bc>:llvm.dbg.declare	</harden/bcfiles/linux_bcfiles/evt_notifier.bc>:dr_w_dev_write:!DIExpression()	2
</harden/bcfiles/linux_bcfiles/evt_notifier.bc>:dr_w_dev_write:31	</harden/bcfiles/linux_bcfiles/evt_notifier.bc>:llvm.dbg.declare	</harden/bcfiles/linux_bcfiles/evt_notifier.bc>:dr_w_dev_write:i32* %23	0
</harden/bcfiles/linux_bcfiles/evt_notifier.bc>:dr_w_dev_write:31	</harden/bcfiles/linux_bcfiles/evt_notifier.bc>:llvm.dbg.declare	</harden/bcfiles/linux_bcfiles/evt_notifier.bc>:dr_w_dev_write:!4851	1
</harden/bcfiles/linux_bcfiles/evt_notifier.bc>:dr_w_dev_write:41	</harden/bcfiles/linux_bcfiles/evt_notifier.bc>:llvm.dbg.declare	</harden/bcfiles/linux_bcfiles/evt_notifier.bc>:dr_w_dev_write:!DIExpression()	2
</harden/bcfiles/linux_bcfiles/evt_notifier.bc>:dr_w_dev_write:41	</harden/bcfiles/linux_bcfiles/evt_notifier.bc>:llvm.dbg.declare	</harden/bcfiles/linux_bcfiles/evt_notifier.bc>:dr_w_dev_write:i8** %13	0
</harden/bcfiles/linux_bcfiles/evt_notifier.bc>:dr_w_dev_write:41	</harden/bcfiles/linux_bcfiles/evt_notifier.bc>:llvm.dbg.declare	</harden/bcfiles/linux_bcfiles/evt_notifier.bc>:dr_w_dev_write:!4863	1
</harden/bcfiles/linux_bcfiles/evt_notifier.bc>:dr_w_dev_write:43	</harden/bcfiles/linux_bcfiles/evt_notifier.bc>:llvm.dbg.declare	</harden/bcfiles/linux_bcfiles/evt_notifier.bc>:dr_w_dev_write:!DIExpression()	2
</harden/bcfiles/linux_bcfiles/evt_notifier.bc>:dr_w_dev_write:43	</harden/bcfiles/linux_bcfiles/evt_notifier.bc>:llvm.dbg.declare	</harden/bcfiles/linux_bcfiles/evt_notifier.bc>:dr_w_dev_write:i8** %14	0
</harden/bcfiles/linux_bcfiles/evt_notifier.bc>:dr_w_dev_write:43	</harden/bcfiles/linux_bcfiles/evt_notifier.bc>:llvm.dbg.declare	</harden/bcfiles/linux_bcfiles/evt_notifier.bc>:dr_w_dev_write:!4867	1
</harden/bcfiles/linux_bcfiles/evt_notifier.bc>:dr_w_dev_write:45	</harden/bcfiles/linux_bcfiles/evt_notifier.bc>:llvm.dbg.declare	</harden/bcfiles/linux_bcfiles/evt_notifier.bc>:dr_w_dev_write:!DIExpression()	2
</harden/bcfiles/linux_bcfiles/evt_notifier.bc>:dr_w_dev_write:45	</harden/bcfiles/linux_bcfiles/evt_notifier.bc>:llvm.dbg.declare	</harden/bcfiles/linux_bcfiles/evt_notifier.bc>:dr_w_dev_write:i64* %15	0
</harden/bcfiles/linux_bcfiles/evt_notifier.bc>:dr_w_dev_write:45	</harden/bcfiles/linux_bcfiles/evt_notifier.bc>:llvm.dbg.declare	</harden/bcfiles/linux_bcfiles/evt_notifier.bc>:dr_w_dev_write:!4869	1
</harden/bcfiles/linux_bcfiles/evt_notifier.bc>:dr_w_dev_write:49	</harden/bcfiles/linux_bcfiles/evt_notifier.bc>:llvm.dbg.declare	</harden/bcfiles/linux_bcfiles/evt_notifier.bc>:dr_w_dev_write:!DIExpression()	2
</harden/bcfiles/linux_bcfiles/evt_notifier.bc>:dr_w_dev_write:49	</harden/bcfiles/linux_bcfiles/evt_notifier.bc>:llvm.dbg.declare	</harden/bcfiles/linux_bcfiles/evt_notifier.bc>:dr_w_dev_write:i8** %6	0
</harden/bcfiles/linux_bcfiles/evt_notifier.bc>:dr_w_dev_write:49	</harden/bcfiles/linux_bcfiles/evt_notifier.bc>:llvm.dbg.declare	</harden/bcfiles/linux_bcfiles/evt_notifier.bc>:dr_w_dev_write:!4759	1
</harden/bcfiles/linux_bcfiles/evt_notifier.bc>:dr_w_dev_write:51	</harden/bcfiles/linux_bcfiles/evt_notifier.bc>:llvm.dbg.declare	</harden/bcfiles/linux_bcfiles/evt_notifier.bc>:dr_w_dev_write:!DIExpression()	2
</harden/bcfiles/linux_bcfiles/evt_notifier.bc>:dr_w_dev_write:51	</harden/bcfiles/linux_bcfiles/evt_notifier.bc>:llvm.dbg.declare	</harden/bcfiles/linux_bcfiles/evt_notifier.bc>:dr_w_dev_write:i64* %7	0
</harden/bcfiles/linux_bcfiles/evt_notifier.bc>:dr_w_dev_write:51	</harden/bcfiles/linux_bcfiles/evt_notifier.bc>:llvm.dbg.declare	</harden/bcfiles/linux_bcfiles/evt_notifier.bc>:dr_w_dev_write:!4766	1
</harden/bcfiles/linux_bcfiles/evt_notifier.bc>:dr_w_dev_write:53	</harden/bcfiles/linux_bcfiles/evt_notifier.bc>:llvm.dbg.declare	</harden/bcfiles/linux_bcfiles/evt_notifier.bc>:dr_w_dev_write:!DIExpression()	2
</harden/bcfiles/linux_bcfiles/evt_notifier.bc>:dr_w_dev_write:53	</harden/bcfiles/linux_bcfiles/evt_notifier.bc>:llvm.dbg.declare	</harden/bcfiles/linux_bcfiles/evt_notifier.bc>:dr_w_dev_write:i8* %8	0
</harden/bcfiles/linux_bcfiles/evt_notifier.bc>:dr_w_dev_write:53	</harden/bcfiles/linux_bcfiles/evt_notifier.bc>:llvm.dbg.declare	</harden/bcfiles/linux_bcfiles/evt_notifier.bc>:dr_w_dev_write:!4768	1
</harden/bcfiles/linux_bcfiles/evt_notifier.bc>:dr_w_dev_write:54	</harden/bcfiles/linux_bcfiles/evt_notifier.bc>:llvm.dbg.declare	</harden/bcfiles/linux_bcfiles/evt_notifier.bc>:dr_w_dev_write:!DIExpression()	2
</harden/bcfiles/linux_bcfiles/evt_notifier.bc>:dr_w_dev_write:54	</harden/bcfiles/linux_bcfiles/evt_notifier.bc>:llvm.dbg.declare	</harden/bcfiles/linux_bcfiles/evt_notifier.bc>:dr_w_dev_write:i32* %9	0
</harden/bcfiles/linux_bcfiles/evt_notifier.bc>:dr_w_dev_write:54	</harden/bcfiles/linux_bcfiles/evt_notifier.bc>:llvm.dbg.declare	</harden/bcfiles/linux_bcfiles/evt_notifier.bc>:dr_w_dev_write:!4770	1
</harden/bcfiles/linux_bcfiles/evt_notifier.bc>:dr_w_dev_write:56	</harden/bcfiles/linux_bcfiles/evt_notifier.bc>:llvm.objectsize.i64.p0i8	</harden/bcfiles/linux_bcfiles/evt_notifier.bc>:dr_w_dev_write:%34	0
</harden/bcfiles/linux_bcfiles/evt_notifier.bc>:dr_w_dev_write:56	</harden/bcfiles/linux_bcfiles/evt_notifier.bc>:llvm.objectsize.i64.p0i8	</harden/bcfiles/linux_bcfiles/evt_notifier.bc>:dr_w_dev_write:56:1:false	1
</harden/bcfiles/linux_bcfiles/evt_notifier.bc>:dr_w_dev_write:56	</harden/bcfiles/linux_bcfiles/evt_notifier.bc>:llvm.objectsize.i64.p0i8	</harden/bcfiles/linux_bcfiles/evt_notifier.bc>:dr_w_dev_write:56:2:true	2
</harden/bcfiles/linux_bcfiles/evt_notifier.bc>:dr_w_dev_write:56	</harden/bcfiles/linux_bcfiles/evt_notifier.bc>:llvm.objectsize.i64.p0i8	</harden/bcfiles/linux_bcfiles/evt_notifier.bc>:dr_w_dev_write:56:3:false	3
</harden/bcfiles/linux_bcfiles/evt_notifier.bc>:dr_w_dev_write:73	</harden/bcfiles/linux_bcfiles/evt_notifier.bc>:llvm.is.constant.i64	</harden/bcfiles/linux_bcfiles/evt_notifier.bc>:dr_w_dev_write:%50	0
</harden/bcfiles/linux_bcfiles/evt_notifier.bc>:dr_w_dev_write:77	</harden/bcfiles/linux_bcfiles/evt_notifier.bc>:copy_overflow	</harden/bcfiles/linux_bcfiles/evt_notifier.bc>:dr_w_dev_write:%53	0
</harden/bcfiles/linux_bcfiles/evt_notifier.bc>:dr_w_dev_write:77	</harden/bcfiles/linux_bcfiles/evt_notifier.bc>:copy_overflow	</harden/bcfiles/linux_bcfiles/evt_notifier.bc>:dr_w_dev_write:%54	1
</harden/bcfiles/linux_bcfiles/evt_notifier.bc>:dr_w_dev_write:89	</harden/bcfiles/linux_bcfiles/evt_notifier.bc>:llvm.dbg.declare	</harden/bcfiles/linux_bcfiles/evt_notifier.bc>:dr_w_dev_write:!DIExpression()	2
</harden/bcfiles/linux_bcfiles/evt_notifier.bc>:dr_w_dev_write:89	</harden/bcfiles/linux_bcfiles/evt_notifier.bc>:llvm.dbg.declare	</harden/bcfiles/linux_bcfiles/evt_notifier.bc>:dr_w_dev_write:i32* %10	0
</harden/bcfiles/linux_bcfiles/evt_notifier.bc>:dr_w_dev_write:89	</harden/bcfiles/linux_bcfiles/evt_notifier.bc>:llvm.dbg.declare	</harden/bcfiles/linux_bcfiles/evt_notifier.bc>:dr_w_dev_write:!4794	1
</harden/bcfiles/linux_bcfiles/evt_notifier.bc>:dr_w_dev_write:101	</harden/bcfiles/linux_bcfiles/evt_notifier.bc>:llvm.dbg.declare	</harden/bcfiles/linux_bcfiles/evt_notifier.bc>:dr_w_dev_write:!DIExpression()	2
</harden/bcfiles/linux_bcfiles/evt_notifier.bc>:dr_w_dev_write:101	</harden/bcfiles/linux_bcfiles/evt_notifier.bc>:llvm.dbg.declare	</harden/bcfiles/linux_bcfiles/evt_notifier.bc>:dr_w_dev_write:i32* %11	0
</harden/bcfiles/linux_bcfiles/evt_notifier.bc>:dr_w_dev_write:101	</harden/bcfiles/linux_bcfiles/evt_notifier.bc>:llvm.dbg.declare	</harden/bcfiles/linux_bcfiles/evt_notifier.bc>:dr_w_dev_write:!4800	1
</harden/bcfiles/linux_bcfiles/evt_notifier.bc>:dr_w_dev_write:121	</harden/bcfiles/linux_bcfiles/evt_notifier.bc>:check_object_size	</harden/bcfiles/linux_bcfiles/evt_notifier.bc>:dr_w_dev_write:%84	0
</harden/bcfiles/linux_bcfiles/evt_notifier.bc>:dr_w_dev_write:121	</harden/bcfiles/linux_bcfiles/evt_notifier.bc>:check_object_size	</harden/bcfiles/linux_bcfiles/evt_notifier.bc>:dr_w_dev_write:%85	1
</harden/bcfiles/linux_bcfiles/evt_notifier.bc>:dr_w_dev_write:121	</harden/bcfiles/linux_bcfiles/evt_notifier.bc>:check_object_size	</harden/bcfiles/linux_bcfiles/evt_notifier.bc>:dr_w_dev_write:%87	2
</harden/bcfiles/linux_bcfiles/evt_notifier.bc>:dr_w_dev_write:129	</harden/bcfiles/linux_bcfiles/evt_notifier.bc>:_copy_from_user	</harden/bcfiles/linux_bcfiles/evt_notifier.bc>:dr_w_dev_write:%91	0
</harden/bcfiles/linux_bcfiles/evt_notifier.bc>:dr_w_dev_write:129	</harden/bcfiles/linux_bcfiles/evt_notifier.bc>:_copy_from_user	</harden/bcfiles/linux_bcfiles/evt_notifier.bc>:dr_w_dev_write:%92	1
</harden/bcfiles/linux_bcfiles/evt_notifier.bc>:dr_w_dev_write:129	</harden/bcfiles/linux_bcfiles/evt_notifier.bc>:_copy_from_user	</harden/bcfiles/linux_bcfiles/evt_notifier.bc>:dr_w_dev_write:%93	2
</harden/bcfiles/linux_bcfiles/evt_notifier.bc>:dr_w_dev_write:141	</harden/bcfiles/linux_bcfiles/evt_notifier.bc>:kstrtol	</harden/bcfiles/linux_bcfiles/evt_notifier.bc>:dr_w_dev_write:%102	0
</harden/bcfiles/linux_bcfiles/evt_notifier.bc>:dr_w_dev_write:141	</harden/bcfiles/linux_bcfiles/evt_notifier.bc>:kstrtol	</harden/bcfiles/linux_bcfiles/evt_notifier.bc>:dr_w_dev_write:141:1:10	1
</harden/bcfiles/linux_bcfiles/evt_notifier.bc>:dr_w_dev_write:141	</harden/bcfiles/linux_bcfiles/evt_notifier.bc>:kstrtol	</harden/bcfiles/linux_bcfiles/evt_notifier.bc>:dr_w_dev_write:%22	2
</harden/bcfiles/linux_bcfiles/evt_notifier.bc>:copy_overflow:3	</harden/bcfiles/linux_bcfiles/evt_notifier.bc>:llvm.dbg.declare	</harden/bcfiles/linux_bcfiles/evt_notifier.bc>:copy_overflow:i32* %3	0
</harden/bcfiles/linux_bcfiles/evt_notifier.bc>:copy_overflow:3	</harden/bcfiles/linux_bcfiles/evt_notifier.bc>:llvm.dbg.declare	</harden/bcfiles/linux_bcfiles/evt_notifier.bc>:copy_overflow:!4951	1
</harden/bcfiles/linux_bcfiles/evt_notifier.bc>:copy_overflow:3	</harden/bcfiles/linux_bcfiles/evt_notifier.bc>:llvm.dbg.declare	</harden/bcfiles/linux_bcfiles/evt_notifier.bc>:copy_overflow:!DIExpression()	2
</harden/bcfiles/linux_bcfiles/evt_notifier.bc>:copy_overflow:5	</harden/bcfiles/linux_bcfiles/evt_notifier.bc>:llvm.dbg.declare	</harden/bcfiles/linux_bcfiles/evt_notifier.bc>:copy_overflow:!DIExpression()	2
</harden/bcfiles/linux_bcfiles/evt_notifier.bc>:copy_overflow:5	</harden/bcfiles/linux_bcfiles/evt_notifier.bc>:llvm.dbg.declare	</harden/bcfiles/linux_bcfiles/evt_notifier.bc>:copy_overflow:i64* %4	0
</harden/bcfiles/linux_bcfiles/evt_notifier.bc>:copy_overflow:5	</harden/bcfiles/linux_bcfiles/evt_notifier.bc>:llvm.dbg.declare	</harden/bcfiles/linux_bcfiles/evt_notifier.bc>:copy_overflow:!4953	1
</harden/bcfiles/linux_bcfiles/evt_notifier.bc>:copy_overflow:8	</harden/bcfiles/linux_bcfiles/evt_notifier.bc>:__copy_overflow	</harden/bcfiles/linux_bcfiles/evt_notifier.bc>:copy_overflow:%5	0
</harden/bcfiles/linux_bcfiles/evt_notifier.bc>:copy_overflow:8	</harden/bcfiles/linux_bcfiles/evt_notifier.bc>:__copy_overflow	</harden/bcfiles/linux_bcfiles/evt_notifier.bc>:copy_overflow:%6	1
</harden/bcfiles/linux_bcfiles/evt_notifier.bc>:check_object_size:4	</harden/bcfiles/linux_bcfiles/evt_notifier.bc>:llvm.dbg.declare	</harden/bcfiles/linux_bcfiles/evt_notifier.bc>:check_object_size:i8** %4	0
</harden/bcfiles/linux_bcfiles/evt_notifier.bc>:check_object_size:4	</harden/bcfiles/linux_bcfiles/evt_notifier.bc>:llvm.dbg.declare	</harden/bcfiles/linux_bcfiles/evt_notifier.bc>:check_object_size:!4963	1
</harden/bcfiles/linux_bcfiles/evt_notifier.bc>:check_object_size:4	</harden/bcfiles/linux_bcfiles/evt_notifier.bc>:llvm.dbg.declare	</harden/bcfiles/linux_bcfiles/evt_notifier.bc>:check_object_size:!DIExpression()	2
</harden/bcfiles/linux_bcfiles/evt_notifier.bc>:check_object_size:6	</harden/bcfiles/linux_bcfiles/evt_notifier.bc>:llvm.dbg.declare	</harden/bcfiles/linux_bcfiles/evt_notifier.bc>:check_object_size:!DIExpression()	2
</harden/bcfiles/linux_bcfiles/evt_notifier.bc>:check_object_size:6	</harden/bcfiles/linux_bcfiles/evt_notifier.bc>:llvm.dbg.declare	</harden/bcfiles/linux_bcfiles/evt_notifier.bc>:check_object_size:i64* %5	0
</harden/bcfiles/linux_bcfiles/evt_notifier.bc>:check_object_size:6	</harden/bcfiles/linux_bcfiles/evt_notifier.bc>:llvm.dbg.declare	</harden/bcfiles/linux_bcfiles/evt_notifier.bc>:check_object_size:!4965	1
</harden/bcfiles/linux_bcfiles/evt_notifier.bc>:check_object_size:9	</harden/bcfiles/linux_bcfiles/evt_notifier.bc>:llvm.dbg.declare	</harden/bcfiles/linux_bcfiles/evt_notifier.bc>:check_object_size:!DIExpression()	2
</harden/bcfiles/linux_bcfiles/evt_notifier.bc>:check_object_size:9	</harden/bcfiles/linux_bcfiles/evt_notifier.bc>:llvm.dbg.declare	</harden/bcfiles/linux_bcfiles/evt_notifier.bc>:check_object_size:i8* %6	0
</harden/bcfiles/linux_bcfiles/evt_notifier.bc>:check_object_size:9	</harden/bcfiles/linux_bcfiles/evt_notifier.bc>:llvm.dbg.declare	</harden/bcfiles/linux_bcfiles/evt_notifier.bc>:check_object_size:!4967	1
</harden/bcfiles/linux_bcfiles/evt_notifier.bc>:kstrtol:4	</harden/bcfiles/linux_bcfiles/evt_notifier.bc>:llvm.dbg.declare	</harden/bcfiles/linux_bcfiles/evt_notifier.bc>:kstrtol:i8** %4	0
</harden/bcfiles/linux_bcfiles/evt_notifier.bc>:kstrtol:4	</harden/bcfiles/linux_bcfiles/evt_notifier.bc>:llvm.dbg.declare	</harden/bcfiles/linux_bcfiles/evt_notifier.bc>:kstrtol:!4975	1
</harden/bcfiles/linux_bcfiles/evt_notifier.bc>:kstrtol:4	</harden/bcfiles/linux_bcfiles/evt_notifier.bc>:llvm.dbg.declare	</harden/bcfiles/linux_bcfiles/evt_notifier.bc>:kstrtol:!DIExpression()	2
</harden/bcfiles/linux_bcfiles/evt_notifier.bc>:kstrtol:6	</harden/bcfiles/linux_bcfiles/evt_notifier.bc>:llvm.dbg.declare	</harden/bcfiles/linux_bcfiles/evt_notifier.bc>:kstrtol:!DIExpression()	2
</harden/bcfiles/linux_bcfiles/evt_notifier.bc>:kstrtol:6	</harden/bcfiles/linux_bcfiles/evt_notifier.bc>:llvm.dbg.declare	</harden/bcfiles/linux_bcfiles/evt_notifier.bc>:kstrtol:i32* %5	0
</harden/bcfiles/linux_bcfiles/evt_notifier.bc>:kstrtol:6	</harden/bcfiles/linux_bcfiles/evt_notifier.bc>:llvm.dbg.declare	</harden/bcfiles/linux_bcfiles/evt_notifier.bc>:kstrtol:!4977	1
</harden/bcfiles/linux_bcfiles/evt_notifier.bc>:kstrtol:8	</harden/bcfiles/linux_bcfiles/evt_notifier.bc>:llvm.dbg.declare	</harden/bcfiles/linux_bcfiles/evt_notifier.bc>:kstrtol:!DIExpression()	2
</harden/bcfiles/linux_bcfiles/evt_notifier.bc>:kstrtol:8	</harden/bcfiles/linux_bcfiles/evt_notifier.bc>:llvm.dbg.declare	</harden/bcfiles/linux_bcfiles/evt_notifier.bc>:kstrtol:i64** %6	0
</harden/bcfiles/linux_bcfiles/evt_notifier.bc>:kstrtol:8	</harden/bcfiles/linux_bcfiles/evt_notifier.bc>:llvm.dbg.declare	</harden/bcfiles/linux_bcfiles/evt_notifier.bc>:kstrtol:!4979	1
</harden/bcfiles/linux_bcfiles/evt_notifier.bc>:kstrtol:12	</harden/bcfiles/linux_bcfiles/evt_notifier.bc>:kstrtoll	</harden/bcfiles/linux_bcfiles/evt_notifier.bc>:kstrtol:%7	0
</harden/bcfiles/linux_bcfiles/evt_notifier.bc>:kstrtol:12	</harden/bcfiles/linux_bcfiles/evt_notifier.bc>:kstrtoll	</harden/bcfiles/linux_bcfiles/evt_notifier.bc>:kstrtol:%8	1
</harden/bcfiles/linux_bcfiles/evt_notifier.bc>:kstrtol:12	</harden/bcfiles/linux_bcfiles/evt_notifier.bc>:kstrtoll	</harden/bcfiles/linux_bcfiles/evt_notifier.bc>:kstrtol:%9	2
