</harden/bcfiles/linux_bcfiles/evt_notifier.bc>:evt_notifier_init:%33	</harden/bcfiles/linux_bcfiles/evt_notifier.bc>:IS_ERR:%0
</harden/bcfiles/linux_bcfiles/evt_notifier.bc>:evt_notifier_init:%42	</harden/bcfiles/linux_bcfiles/evt_notifier.bc>:PTR_ERR:%0
</harden/bcfiles/linux_bcfiles/evt_notifier.bc>:evt_notifier_init:%52	</harden/bcfiles/linux_bcfiles/evt_notifier.bc>:IS_ERR:%0
</harden/bcfiles/linux_bcfiles/evt_notifier.bc>:evt_notifier_init:%62	</harden/bcfiles/linux_bcfiles/evt_notifier.bc>:PTR_ERR:%0
</harden/bcfiles/linux_bcfiles/evt_notifier.bc>:dr_w_dev_read:%79	</harden/bcfiles/linux_bcfiles/evt_notifier.bc>:copy_overflow:%0
</harden/bcfiles/linux_bcfiles/evt_notifier.bc>:dr_w_dev_read:%80	</harden/bcfiles/linux_bcfiles/evt_notifier.bc>:copy_overflow:%1
</harden/bcfiles/linux_bcfiles/evt_notifier.bc>:dr_w_dev_read:%110	</harden/bcfiles/linux_bcfiles/evt_notifier.bc>:check_object_size:%0
</harden/bcfiles/linux_bcfiles/evt_notifier.bc>:dr_w_dev_read:%111	</harden/bcfiles/linux_bcfiles/evt_notifier.bc>:check_object_size:%1
</harden/bcfiles/linux_bcfiles/evt_notifier.bc>:dr_w_dev_read:%113	</harden/bcfiles/linux_bcfiles/evt_notifier.bc>:check_object_size:%2
</harden/bcfiles/linux_bcfiles/evt_notifier.bc>:dr_w_dev_write:%53	</harden/bcfiles/linux_bcfiles/evt_notifier.bc>:copy_overflow:%0
</harden/bcfiles/linux_bcfiles/evt_notifier.bc>:dr_w_dev_write:%54	</harden/bcfiles/linux_bcfiles/evt_notifier.bc>:copy_overflow:%1
</harden/bcfiles/linux_bcfiles/evt_notifier.bc>:dr_w_dev_write:%84	</harden/bcfiles/linux_bcfiles/evt_notifier.bc>:check_object_size:%0
</harden/bcfiles/linux_bcfiles/evt_notifier.bc>:dr_w_dev_write:%85	</harden/bcfiles/linux_bcfiles/evt_notifier.bc>:check_object_size:%1
</harden/bcfiles/linux_bcfiles/evt_notifier.bc>:dr_w_dev_write:%87	</harden/bcfiles/linux_bcfiles/evt_notifier.bc>:check_object_size:%2
</harden/bcfiles/linux_bcfiles/evt_notifier.bc>:dr_w_dev_write:%102	</harden/bcfiles/linux_bcfiles/evt_notifier.bc>:kstrtol:%0
</harden/bcfiles/linux_bcfiles/evt_notifier.bc>:dr_w_dev_write:141:1:10	</harden/bcfiles/linux_bcfiles/evt_notifier.bc>:kstrtol:%1
</harden/bcfiles/linux_bcfiles/evt_notifier.bc>:dr_w_dev_write:%22	</harden/bcfiles/linux_bcfiles/evt_notifier.bc>:kstrtol:%2
</harden/bcfiles/linux_bcfiles/evt_notifier.bc>:proc_write:230:0:17	</harden/bcfiles/linux_bcfiles/evt_notifier.bc>:proc_write:%180
</harden/bcfiles/linux_bcfiles/evt_notifier.bc>:proc_write:232:0:true	</harden/bcfiles/linux_bcfiles/evt_notifier.bc>:proc_write:%182
</harden/bcfiles/linux_bcfiles/evt_notifier.bc>:proc_write:239:0:1	</harden/bcfiles/linux_bcfiles/evt_notifier.bc>:proc_write:%188
</harden/bcfiles/linux_bcfiles/evt_notifier.bc>:proc_write:305:0:1	</harden/bcfiles/linux_bcfiles/evt_notifier.bc>:proc_write:%245
</harden/bcfiles/linux_bcfiles/evt_notifier.bc>:proc_write:371:0:1	</harden/bcfiles/linux_bcfiles/evt_notifier.bc>:proc_write:%299
</harden/bcfiles/linux_bcfiles/evt_notifier.bc>:IS_ERR:8:0:true	</harden/bcfiles/linux_bcfiles/evt_notifier.bc>:IS_ERR:%8
</harden/bcfiles/linux_bcfiles/evt_notifier.bc>:IS_ERR:9:0:true	</harden/bcfiles/linux_bcfiles/evt_notifier.bc>:IS_ERR:%9
</harden/bcfiles/linux_bcfiles/evt_notifier.bc>:dr_w_dev_read:99:0:true	</harden/bcfiles/linux_bcfiles/evt_notifier.bc>:dr_w_dev_read:%72
</harden/bcfiles/linux_bcfiles/evt_notifier.bc>:dr_w_dev_read:123:0:true	</harden/bcfiles/linux_bcfiles/evt_notifier.bc>:dr_w_dev_read:%91
</harden/bcfiles/linux_bcfiles/evt_notifier.bc>:dr_w_dev_read:128:0:true	</harden/bcfiles/linux_bcfiles/evt_notifier.bc>:dr_w_dev_read:%95
</harden/bcfiles/linux_bcfiles/evt_notifier.bc>:dr_w_dev_read:139:0:true	</harden/bcfiles/linux_bcfiles/evt_notifier.bc>:dr_w_dev_read:%103
</harden/bcfiles/linux_bcfiles/evt_notifier.bc>:dr_w_dev_write:68:0:true	</harden/bcfiles/linux_bcfiles/evt_notifier.bc>:dr_w_dev_write:%46
</harden/bcfiles/linux_bcfiles/evt_notifier.bc>:dr_w_dev_write:92:0:true	</harden/bcfiles/linux_bcfiles/evt_notifier.bc>:dr_w_dev_write:%65
</harden/bcfiles/linux_bcfiles/evt_notifier.bc>:dr_w_dev_write:97:0:true	</harden/bcfiles/linux_bcfiles/evt_notifier.bc>:dr_w_dev_write:%69
</harden/bcfiles/linux_bcfiles/evt_notifier.bc>:dr_w_dev_write:108:0:true	</harden/bcfiles/linux_bcfiles/evt_notifier.bc>:dr_w_dev_write:%77
</harden/bcfiles/linux_bcfiles/evt_notifier.bc>:proc_write:%244	</harden/bcfiles/linux_bcfiles/evt_notifier.bc>:proc_write:%245
</harden/bcfiles/linux_bcfiles/evt_notifier.bc>:proc_write:%234	</harden/bcfiles/linux_bcfiles/evt_notifier.bc>:proc_write:%236
</harden/bcfiles/linux_bcfiles/evt_notifier.bc>:proc_write:%187	</harden/bcfiles/linux_bcfiles/evt_notifier.bc>:proc_write:%188
</harden/bcfiles/linux_bcfiles/evt_notifier.bc>:proc_write:%177	</harden/bcfiles/linux_bcfiles/evt_notifier.bc>:proc_write:%178
</harden/bcfiles/linux_bcfiles/evt_notifier.bc>:proc_write:%295	</harden/bcfiles/linux_bcfiles/evt_notifier.bc>:proc_write:%296
</harden/bcfiles/linux_bcfiles/evt_notifier.bc>:proc_write:%298	</harden/bcfiles/linux_bcfiles/evt_notifier.bc>:proc_write:%299
</harden/bcfiles/linux_bcfiles/evt_notifier.bc>:proc_write:%181	</harden/bcfiles/linux_bcfiles/evt_notifier.bc>:proc_write:%182
</harden/bcfiles/linux_bcfiles/evt_notifier.bc>:proc_write:%235	</harden/bcfiles/linux_bcfiles/evt_notifier.bc>:proc_write:%236
</harden/bcfiles/linux_bcfiles/evt_notifier.bc>:proc_write:%179	</harden/bcfiles/linux_bcfiles/evt_notifier.bc>:proc_write:%180
</harden/bcfiles/linux_bcfiles/evt_notifier.bc>:proc_write:%294	</harden/bcfiles/linux_bcfiles/evt_notifier.bc>:proc_write:%296
</harden/bcfiles/linux_bcfiles/evt_notifier.bc>:IS_ERR:%8	</harden/bcfiles/linux_bcfiles/evt_notifier.bc>:IS_ERR:%9
</harden/bcfiles/linux_bcfiles/evt_notifier.bc>:IS_ERR:%7	</harden/bcfiles/linux_bcfiles/evt_notifier.bc>:IS_ERR:%8
</harden/bcfiles/linux_bcfiles/evt_notifier.bc>:IS_ERR:%5	</harden/bcfiles/linux_bcfiles/evt_notifier.bc>:IS_ERR:%6
</harden/bcfiles/linux_bcfiles/evt_notifier.bc>:IS_ERR:%4	</harden/bcfiles/linux_bcfiles/evt_notifier.bc>:IS_ERR:%5
</harden/bcfiles/linux_bcfiles/evt_notifier.bc>:IS_ERR:%3	</harden/bcfiles/linux_bcfiles/evt_notifier.bc>:IS_ERR:%4
</harden/bcfiles/linux_bcfiles/evt_notifier.bc>:PTR_ERR:%3	</harden/bcfiles/linux_bcfiles/evt_notifier.bc>:evt_notifier_init:%63
</harden/bcfiles/linux_bcfiles/evt_notifier.bc>:PTR_ERR:%3	</harden/bcfiles/linux_bcfiles/evt_notifier.bc>:evt_notifier_init:%59
</harden/bcfiles/linux_bcfiles/evt_notifier.bc>:PTR_ERR:%3	</harden/bcfiles/linux_bcfiles/evt_notifier.bc>:evt_notifier_init:%43
</harden/bcfiles/linux_bcfiles/evt_notifier.bc>:PTR_ERR:%3	</harden/bcfiles/linux_bcfiles/evt_notifier.bc>:evt_notifier_init:%39
</harden/bcfiles/linux_bcfiles/evt_notifier.bc>:PTR_ERR:%3	</harden/bcfiles/linux_bcfiles/evt_notifier.bc>:evt_notifier_init:%31
</harden/bcfiles/linux_bcfiles/evt_notifier.bc>:PTR_ERR:%3	</harden/bcfiles/linux_bcfiles/evt_notifier.bc>:evt_notifier_init:%50
</harden/bcfiles/linux_bcfiles/evt_notifier.bc>:PTR_ERR:%3	</harden/bcfiles/linux_bcfiles/evt_notifier.bc>:evt_notifier_init:%53
</harden/bcfiles/linux_bcfiles/evt_notifier.bc>:PTR_ERR:%3	</harden/bcfiles/linux_bcfiles/evt_notifier.bc>:evt_notifier_init:%20
</harden/bcfiles/linux_bcfiles/evt_notifier.bc>:PTR_ERR:%3	</harden/bcfiles/linux_bcfiles/evt_notifier.bc>:evt_notifier_init:%27
</harden/bcfiles/linux_bcfiles/evt_notifier.bc>:PTR_ERR:%3	</harden/bcfiles/linux_bcfiles/evt_notifier.bc>:evt_notifier_init:%15
</harden/bcfiles/linux_bcfiles/evt_notifier.bc>:PTR_ERR:%3	</harden/bcfiles/linux_bcfiles/evt_notifier.bc>:evt_notifier_init:%9
</harden/bcfiles/linux_bcfiles/evt_notifier.bc>:PTR_ERR:%3	</harden/bcfiles/linux_bcfiles/evt_notifier.bc>:evt_notifier_init:%34
</harden/bcfiles/linux_bcfiles/evt_notifier.bc>:PTR_ERR:%3	</harden/bcfiles/linux_bcfiles/evt_notifier.bc>:evt_notifier_exit:%7
</harden/bcfiles/linux_bcfiles/evt_notifier.bc>:PTR_ERR:%3	</harden/bcfiles/linux_bcfiles/evt_notifier.bc>:proc_write:%304
</harden/bcfiles/linux_bcfiles/evt_notifier.bc>:PTR_ERR:%3	</harden/bcfiles/linux_bcfiles/evt_notifier.bc>:proc_write:%279
</harden/bcfiles/linux_bcfiles/evt_notifier.bc>:PTR_ERR:%3	</harden/bcfiles/linux_bcfiles/evt_notifier.bc>:proc_write:%213
</harden/bcfiles/linux_bcfiles/evt_notifier.bc>:PTR_ERR:%3	</harden/bcfiles/linux_bcfiles/evt_notifier.bc>:proc_write:%206
</harden/bcfiles/linux_bcfiles/evt_notifier.bc>:PTR_ERR:%3	</harden/bcfiles/linux_bcfiles/evt_notifier.bc>:proc_write:%202
</harden/bcfiles/linux_bcfiles/evt_notifier.bc>:PTR_ERR:%3	</harden/bcfiles/linux_bcfiles/evt_notifier.bc>:proc_write:%177
</harden/bcfiles/linux_bcfiles/evt_notifier.bc>:PTR_ERR:%3	</harden/bcfiles/linux_bcfiles/evt_notifier.bc>:proc_write:%59
</harden/bcfiles/linux_bcfiles/evt_notifier.bc>:PTR_ERR:%3	</harden/bcfiles/linux_bcfiles/evt_notifier.bc>:proc_write:%56
</harden/bcfiles/linux_bcfiles/evt_notifier.bc>:PTR_ERR:%3	</harden/bcfiles/linux_bcfiles/evt_notifier.bc>:proc_write:%284
</harden/bcfiles/linux_bcfiles/evt_notifier.bc>:PTR_ERR:%3	</harden/bcfiles/linux_bcfiles/evt_notifier.bc>:proc_write:%270
</harden/bcfiles/linux_bcfiles/evt_notifier.bc>:PTR_ERR:%3	</harden/bcfiles/linux_bcfiles/evt_notifier.bc>:proc_write:%43
</harden/bcfiles/linux_bcfiles/evt_notifier.bc>:PTR_ERR:%3	</harden/bcfiles/linux_bcfiles/evt_notifier.bc>:proc_write:%219
</harden/bcfiles/linux_bcfiles/evt_notifier.bc>:PTR_ERR:%3	</harden/bcfiles/linux_bcfiles/evt_notifier.bc>:proc_write:%261
</harden/bcfiles/linux_bcfiles/evt_notifier.bc>:PTR_ERR:%3	</harden/bcfiles/linux_bcfiles/evt_notifier.bc>:proc_write:%69
</harden/bcfiles/linux_bcfiles/evt_notifier.bc>:PTR_ERR:%3	</harden/bcfiles/linux_bcfiles/evt_notifier.bc>:proc_write:%223
</harden/bcfiles/linux_bcfiles/evt_notifier.bc>:PTR_ERR:%3	</harden/bcfiles/linux_bcfiles/evt_notifier.bc>:proc_write:%251
</harden/bcfiles/linux_bcfiles/evt_notifier.bc>:PTR_ERR:%3	</harden/bcfiles/linux_bcfiles/evt_notifier.bc>:PTR_ERR:%4
</harden/bcfiles/linux_bcfiles/evt_notifier.bc>:PTR_ERR:%3	</harden/bcfiles/linux_bcfiles/evt_notifier.bc>:dr_w_dev_read:%120
</harden/bcfiles/linux_bcfiles/evt_notifier.bc>:PTR_ERR:%3	</harden/bcfiles/linux_bcfiles/evt_notifier.bc>:dr_w_dev_read:%77
</harden/bcfiles/linux_bcfiles/evt_notifier.bc>:PTR_ERR:%3	</harden/bcfiles/linux_bcfiles/evt_notifier.bc>:dr_w_dev_read:%61
</harden/bcfiles/linux_bcfiles/evt_notifier.bc>:PTR_ERR:%3	</harden/bcfiles/linux_bcfiles/evt_notifier.bc>:dr_w_dev_read:%49
</harden/bcfiles/linux_bcfiles/evt_notifier.bc>:PTR_ERR:%3	</harden/bcfiles/linux_bcfiles/evt_notifier.bc>:dr_w_dev_write:%103
</harden/bcfiles/linux_bcfiles/evt_notifier.bc>:PTR_ERR:%3	</harden/bcfiles/linux_bcfiles/evt_notifier.bc>:dr_w_dev_write:%94
</harden/bcfiles/linux_bcfiles/evt_notifier.bc>:PTR_ERR:%3	</harden/bcfiles/linux_bcfiles/evt_notifier.bc>:dr_w_dev_write:%35
</harden/bcfiles/linux_bcfiles/evt_notifier.bc>:PTR_ERR:%3	</harden/bcfiles/linux_bcfiles/evt_notifier.bc>:dr_w_dev_write:%51
</harden/bcfiles/linux_bcfiles/evt_notifier.bc>:PTR_ERR:%3	</harden/bcfiles/linux_bcfiles/evt_notifier.bc>:kstrtol:%10
</harden/bcfiles/linux_bcfiles/evt_notifier.bc>:dr_w_dev_read:%128	</harden/bcfiles/linux_bcfiles/evt_notifier.bc>:dr_w_dev_read:%131
</harden/bcfiles/linux_bcfiles/evt_notifier.bc>:dr_w_dev_read:%102	</harden/bcfiles/linux_bcfiles/evt_notifier.bc>:dr_w_dev_read:%103
</harden/bcfiles/linux_bcfiles/evt_notifier.bc>:dr_w_dev_read:%94	</harden/bcfiles/linux_bcfiles/evt_notifier.bc>:dr_w_dev_read:%95
</harden/bcfiles/linux_bcfiles/evt_notifier.bc>:dr_w_dev_read:%90	</harden/bcfiles/linux_bcfiles/evt_notifier.bc>:dr_w_dev_read:%91
</harden/bcfiles/linux_bcfiles/evt_notifier.bc>:dr_w_dev_read:%71	</harden/bcfiles/linux_bcfiles/evt_notifier.bc>:dr_w_dev_read:%72
</harden/bcfiles/linux_bcfiles/evt_notifier.bc>:dr_w_dev_read:%130	</harden/bcfiles/linux_bcfiles/evt_notifier.bc>:dr_w_dev_read:%131
</harden/bcfiles/linux_bcfiles/evt_notifier.bc>:dr_w_dev_read:%31	</harden/bcfiles/linux_bcfiles/evt_notifier.bc>:dr_w_dev_read:%32
</harden/bcfiles/linux_bcfiles/evt_notifier.bc>:dr_w_dev_read:%29	</harden/bcfiles/linux_bcfiles/evt_notifier.bc>:dr_w_dev_read:%32
</harden/bcfiles/linux_bcfiles/evt_notifier.bc>:dr_w_dev_write:%68	</harden/bcfiles/linux_bcfiles/evt_notifier.bc>:dr_w_dev_write:%69
</harden/bcfiles/linux_bcfiles/evt_notifier.bc>:dr_w_dev_write:%64	</harden/bcfiles/linux_bcfiles/evt_notifier.bc>:dr_w_dev_write:%65
</harden/bcfiles/linux_bcfiles/evt_notifier.bc>:dr_w_dev_write:%45	</harden/bcfiles/linux_bcfiles/evt_notifier.bc>:dr_w_dev_write:%46
</harden/bcfiles/linux_bcfiles/evt_notifier.bc>:dr_w_dev_write:%76	</harden/bcfiles/linux_bcfiles/evt_notifier.bc>:dr_w_dev_write:%77
