</harden/bcfiles/linux_bcfiles/evt_notifier.bc>:proc_write	</harden/bcfiles/linux_bcfiles/evt_notifier.bc>:proc_write:%0	0
</harden/bcfiles/linux_bcfiles/evt_notifier.bc>:proc_write	</harden/bcfiles/linux_bcfiles/evt_notifier.bc>:proc_write:%1	1
</harden/bcfiles/linux_bcfiles/evt_notifier.bc>:proc_write	</harden/bcfiles/linux_bcfiles/evt_notifier.bc>:proc_write:%2	2
</harden/bcfiles/linux_bcfiles/evt_notifier.bc>:IS_ERR	</harden/bcfiles/linux_bcfiles/evt_notifier.bc>:IS_ERR:%0	0
</harden/bcfiles/linux_bcfiles/evt_notifier.bc>:PTR_ERR	</harden/bcfiles/linux_bcfiles/evt_notifier.bc>:PTR_ERR:%0	0
</harden/bcfiles/linux_bcfiles/evt_notifier.bc>:my_devnode	</harden/bcfiles/linux_bcfiles/evt_notifier.bc>:my_devnode:%0	0
</harden/bcfiles/linux_bcfiles/evt_notifier.bc>:my_devnode	</harden/bcfiles/linux_bcfiles/evt_notifier.bc>:my_devnode:%1	1
</harden/bcfiles/linux_bcfiles/evt_notifier.bc>:dr_w_dev_read	</harden/bcfiles/linux_bcfiles/evt_notifier.bc>:dr_w_dev_read:%0	0
</harden/bcfiles/linux_bcfiles/evt_notifier.bc>:dr_w_dev_read	</harden/bcfiles/linux_bcfiles/evt_notifier.bc>:dr_w_dev_read:%1	1
</harden/bcfiles/linux_bcfiles/evt_notifier.bc>:dr_w_dev_read	</harden/bcfiles/linux_bcfiles/evt_notifier.bc>:dr_w_dev_read:%2	2
</harden/bcfiles/linux_bcfiles/evt_notifier.bc>:dr_w_dev_read	</harden/bcfiles/linux_bcfiles/evt_notifier.bc>:dr_w_dev_read:%3	3
</harden/bcfiles/linux_bcfiles/evt_notifier.bc>:dr_w_dev_write	</harden/bcfiles/linux_bcfiles/evt_notifier.bc>:dr_w_dev_write:%0	0
</harden/bcfiles/linux_bcfiles/evt_notifier.bc>:dr_w_dev_write	</harden/bcfiles/linux_bcfiles/evt_notifier.bc>:dr_w_dev_write:%1	1
</harden/bcfiles/linux_bcfiles/evt_notifier.bc>:dr_w_dev_write	</harden/bcfiles/linux_bcfiles/evt_notifier.bc>:dr_w_dev_write:%2	2
</harden/bcfiles/linux_bcfiles/evt_notifier.bc>:dr_w_dev_write	</harden/bcfiles/linux_bcfiles/evt_notifier.bc>:dr_w_dev_write:%3	3
</harden/bcfiles/linux_bcfiles/evt_notifier.bc>:copy_overflow	</harden/bcfiles/linux_bcfiles/evt_notifier.bc>:copy_overflow:%0	0
</harden/bcfiles/linux_bcfiles/evt_notifier.bc>:copy_overflow	</harden/bcfiles/linux_bcfiles/evt_notifier.bc>:copy_overflow:%1	1
</harden/bcfiles/linux_bcfiles/evt_notifier.bc>:check_object_size	</harden/bcfiles/linux_bcfiles/evt_notifier.bc>:check_object_size:%0	0
</harden/bcfiles/linux_bcfiles/evt_notifier.bc>:check_object_size	</harden/bcfiles/linux_bcfiles/evt_notifier.bc>:check_object_size:%1	1
</harden/bcfiles/linux_bcfiles/evt_notifier.bc>:check_object_size	</harden/bcfiles/linux_bcfiles/evt_notifier.bc>:check_object_size:%2	2
</harden/bcfiles/linux_bcfiles/evt_notifier.bc>:kstrtol	</harden/bcfiles/linux_bcfiles/evt_notifier.bc>:kstrtol:%0	0
</harden/bcfiles/linux_bcfiles/evt_notifier.bc>:kstrtol	</harden/bcfiles/linux_bcfiles/evt_notifier.bc>:kstrtol:%1	1
</harden/bcfiles/linux_bcfiles/evt_notifier.bc>:kstrtol	</harden/bcfiles/linux_bcfiles/evt_notifier.bc>:kstrtol:%2	2
