</harden/bcfiles/linux_bcfiles/kbmp_kbmi_net_final.bc>:kbmp_exit:3:0:@proc_entry	</harden/bcfiles/linux_bcfiles/kbmp_kbmi_net_final.bc>:kbmp_exit:%3
</harden/bcfiles/linux_bcfiles/kbmp_kbmi_net_final.bc>:kbmp_exit:5:0:@disp_entry	</harden/bcfiles/linux_bcfiles/kbmp_kbmi_net_final.bc>:kbmp_exit:%4
</harden/bcfiles/linux_bcfiles/kbmp_kbmi_net_final.bc>:display:%31	</harden/bcfiles/linux_bcfiles/kbmp_kbmi_net_final.bc>:display:%32
</harden/bcfiles/linux_bcfiles/kbmp_kbmi_net_final.bc>:display:%22	</harden/bcfiles/linux_bcfiles/kbmp_kbmi_net_final.bc>:display:%61
</harden/bcfiles/linux_bcfiles/kbmp_kbmi_net_final.bc>:display:73:0:@display.message_index	</harden/bcfiles/linux_bcfiles/kbmp_kbmi_net_final.bc>:display:%62
</harden/bcfiles/linux_bcfiles/kbmp_kbmi_net_final.bc>:display:%22	</harden/bcfiles/linux_bcfiles/kbmp_kbmi_net_final.bc>:display:%69
</harden/bcfiles/linux_bcfiles/kbmp_kbmi_net_final.bc>:display:%23	</harden/bcfiles/linux_bcfiles/kbmp_kbmi_net_final.bc>:display:%70
</harden/bcfiles/linux_bcfiles/kbmp_kbmi_net_final.bc>:display:%6	</harden/bcfiles/linux_bcfiles/kbmp_kbmi_net_final.bc>:display:%77
</harden/bcfiles/linux_bcfiles/kbmp_kbmi_net_final.bc>:display:%7	</harden/bcfiles/linux_bcfiles/kbmp_kbmi_net_final.bc>:display:%93
</harden/bcfiles/linux_bcfiles/kbmp_kbmi_net_final.bc>:display:%9	</harden/bcfiles/linux_bcfiles/kbmp_kbmi_net_final.bc>:display:%96
</harden/bcfiles/linux_bcfiles/kbmp_kbmi_net_final.bc>:display:%7	</harden/bcfiles/linux_bcfiles/kbmp_kbmi_net_final.bc>:display:%97
</harden/bcfiles/linux_bcfiles/kbmp_kbmi_net_final.bc>:display:%11	</harden/bcfiles/linux_bcfiles/kbmp_kbmi_net_final.bc>:display:%116
</harden/bcfiles/linux_bcfiles/kbmp_kbmi_net_final.bc>:display:%6	</harden/bcfiles/linux_bcfiles/kbmp_kbmi_net_final.bc>:display:%127
</harden/bcfiles/linux_bcfiles/kbmp_kbmi_net_final.bc>:display:%7	</harden/bcfiles/linux_bcfiles/kbmp_kbmi_net_final.bc>:display:%128
</harden/bcfiles/linux_bcfiles/kbmp_kbmi_net_final.bc>:display:%13	</harden/bcfiles/linux_bcfiles/kbmp_kbmi_net_final.bc>:display:%134
</harden/bcfiles/linux_bcfiles/kbmp_kbmi_net_final.bc>:display:%14	</harden/bcfiles/linux_bcfiles/kbmp_kbmi_net_final.bc>:display:%135
</harden/bcfiles/linux_bcfiles/kbmp_kbmi_net_final.bc>:display:%15	</harden/bcfiles/linux_bcfiles/kbmp_kbmi_net_final.bc>:display:%136
</harden/bcfiles/linux_bcfiles/kbmp_kbmi_net_final.bc>:display:%23	</harden/bcfiles/linux_bcfiles/kbmp_kbmi_net_final.bc>:display:%140
</harden/bcfiles/linux_bcfiles/kbmp_kbmi_net_final.bc>:display:%19	</harden/bcfiles/linux_bcfiles/kbmp_kbmi_net_final.bc>:display:%146
</harden/bcfiles/linux_bcfiles/kbmp_kbmi_net_final.bc>:display:%24	</harden/bcfiles/linux_bcfiles/kbmp_kbmi_net_final.bc>:display:%147
</harden/bcfiles/linux_bcfiles/kbmp_kbmi_net_final.bc>:get_message_from_buffer:%8	</harden/bcfiles/linux_bcfiles/kbmp_kbmi_net_final.bc>:get_message_from_buffer:%17
</harden/bcfiles/linux_bcfiles/kbmp_kbmi_net_final.bc>:get_message_from_buffer:%8	</harden/bcfiles/linux_bcfiles/kbmp_kbmi_net_final.bc>:get_message_from_buffer:%26
</harden/bcfiles/linux_bcfiles/kbmp_kbmi_net_final.bc>:get_message_from_buffer:%9	</harden/bcfiles/linux_bcfiles/kbmp_kbmi_net_final.bc>:get_message_from_buffer:%27
</harden/bcfiles/linux_bcfiles/kbmp_kbmi_net_final.bc>:get_message_from_buffer:%157	</harden/bcfiles/linux_bcfiles/kbmp_kbmi_net_final.bc>:get_message_from_buffer:%158
</harden/bcfiles/linux_bcfiles/kbmp_kbmi_net_final.bc>:get_message_from_buffer:%9	</harden/bcfiles/linux_bcfiles/kbmp_kbmi_net_final.bc>:get_message_from_buffer:%159
</harden/bcfiles/linux_bcfiles/kbmp_kbmi_net_final.bc>:get_message_from_buffer:%8	</harden/bcfiles/linux_bcfiles/kbmp_kbmi_net_final.bc>:get_message_from_buffer:%160
</harden/bcfiles/linux_bcfiles/kbmp_kbmi_net_final.bc>:get_message_from_buffer:%8	</harden/bcfiles/linux_bcfiles/kbmp_kbmi_net_final.bc>:get_message_from_buffer:%163
</harden/bcfiles/linux_bcfiles/kbmp_kbmi_net_final.bc>:get_message_from_buffer:%9	</harden/bcfiles/linux_bcfiles/kbmp_kbmi_net_final.bc>:get_message_from_buffer:%164
</harden/bcfiles/linux_bcfiles/kbmp_kbmi_net_final.bc>:get_message_from_buffer:%13	</harden/bcfiles/linux_bcfiles/kbmp_kbmi_net_final.bc>:get_message_from_buffer:%172
</harden/bcfiles/linux_bcfiles/kbmp_kbmi_net_final.bc>:get_message_from_buffer:%12	</harden/bcfiles/linux_bcfiles/kbmp_kbmi_net_final.bc>:get_message_from_buffer:%173
</harden/bcfiles/linux_bcfiles/kbmp_kbmi_net_final.bc>:rotate:%14	</harden/bcfiles/linux_bcfiles/kbmp_kbmi_net_final.bc>:rotate:%20
</harden/bcfiles/linux_bcfiles/kbmp_kbmi_net_final.bc>:rotate:%10	</harden/bcfiles/linux_bcfiles/kbmp_kbmi_net_final.bc>:rotate:%24
</harden/bcfiles/linux_bcfiles/kbmp_kbmi_net_final.bc>:rotate:%10	</harden/bcfiles/linux_bcfiles/kbmp_kbmi_net_final.bc>:rotate:%33
</harden/bcfiles/linux_bcfiles/kbmp_kbmi_net_final.bc>:rotate:%11	</harden/bcfiles/linux_bcfiles/kbmp_kbmi_net_final.bc>:rotate:%34
</harden/bcfiles/linux_bcfiles/kbmp_kbmi_net_final.bc>:rotate:%164	</harden/bcfiles/linux_bcfiles/kbmp_kbmi_net_final.bc>:rotate:%165
</harden/bcfiles/linux_bcfiles/kbmp_kbmi_net_final.bc>:rotate:%11	</harden/bcfiles/linux_bcfiles/kbmp_kbmi_net_final.bc>:rotate:%166
</harden/bcfiles/linux_bcfiles/kbmp_kbmi_net_final.bc>:rotate:%10	</harden/bcfiles/linux_bcfiles/kbmp_kbmi_net_final.bc>:rotate:%167
</harden/bcfiles/linux_bcfiles/kbmp_kbmi_net_final.bc>:rotate:%10	</harden/bcfiles/linux_bcfiles/kbmp_kbmi_net_final.bc>:rotate:%170
</harden/bcfiles/linux_bcfiles/kbmp_kbmi_net_final.bc>:rotate:%11	</harden/bcfiles/linux_bcfiles/kbmp_kbmi_net_final.bc>:rotate:%171
</harden/bcfiles/linux_bcfiles/kbmp_kbmi_net_final.bc>:rotate:%17	</harden/bcfiles/linux_bcfiles/kbmp_kbmi_net_final.bc>:rotate:%185
</harden/bcfiles/linux_bcfiles/kbmp_kbmi_net_final.bc>:rotate:%19	</harden/bcfiles/linux_bcfiles/kbmp_kbmi_net_final.bc>:rotate:%189
</harden/bcfiles/linux_bcfiles/kbmp_kbmi_net_final.bc>:rotate:%14	</harden/bcfiles/linux_bcfiles/kbmp_kbmi_net_final.bc>:rotate:%194
</harden/bcfiles/linux_bcfiles/kbmp_kbmi_net_final.bc>:rotate:%18	</harden/bcfiles/linux_bcfiles/kbmp_kbmi_net_final.bc>:rotate:%195
</harden/bcfiles/linux_bcfiles/kbmp_kbmi_net_final.bc>:copy_overflow:%3	</harden/bcfiles/linux_bcfiles/kbmp_kbmi_net_final.bc>:copy_overflow:%5
</harden/bcfiles/linux_bcfiles/kbmp_kbmi_net_final.bc>:copy_overflow:%4	</harden/bcfiles/linux_bcfiles/kbmp_kbmi_net_final.bc>:copy_overflow:%6
</harden/bcfiles/linux_bcfiles/kbmp_kbmi_net_final.bc>:message_read:%30	</harden/bcfiles/linux_bcfiles/kbmp_kbmi_net_final.bc>:message_read:%31
</harden/bcfiles/linux_bcfiles/kbmp_kbmi_net_final.bc>:message_read:%6	</harden/bcfiles/linux_bcfiles/kbmp_kbmi_net_final.bc>:message_read:%66
</harden/bcfiles/linux_bcfiles/kbmp_kbmi_net_final.bc>:message_read:%7	</harden/bcfiles/linux_bcfiles/kbmp_kbmi_net_final.bc>:message_read:%82
</harden/bcfiles/linux_bcfiles/kbmp_kbmi_net_final.bc>:message_read:%9	</harden/bcfiles/linux_bcfiles/kbmp_kbmi_net_final.bc>:message_read:%85
</harden/bcfiles/linux_bcfiles/kbmp_kbmi_net_final.bc>:message_read:%7	</harden/bcfiles/linux_bcfiles/kbmp_kbmi_net_final.bc>:message_read:%86
</harden/bcfiles/linux_bcfiles/kbmp_kbmi_net_final.bc>:message_read:%11	</harden/bcfiles/linux_bcfiles/kbmp_kbmi_net_final.bc>:message_read:%105
</harden/bcfiles/linux_bcfiles/kbmp_kbmi_net_final.bc>:message_read:%6	</harden/bcfiles/linux_bcfiles/kbmp_kbmi_net_final.bc>:message_read:%116
</harden/bcfiles/linux_bcfiles/kbmp_kbmi_net_final.bc>:message_read:%7	</harden/bcfiles/linux_bcfiles/kbmp_kbmi_net_final.bc>:message_read:%117
</harden/bcfiles/linux_bcfiles/kbmp_kbmi_net_final.bc>:message_read:%13	</harden/bcfiles/linux_bcfiles/kbmp_kbmi_net_final.bc>:message_read:%123
</harden/bcfiles/linux_bcfiles/kbmp_kbmi_net_final.bc>:message_read:%14	</harden/bcfiles/linux_bcfiles/kbmp_kbmi_net_final.bc>:message_read:%124
</harden/bcfiles/linux_bcfiles/kbmp_kbmi_net_final.bc>:message_read:%15	</harden/bcfiles/linux_bcfiles/kbmp_kbmi_net_final.bc>:message_read:%125
</harden/bcfiles/linux_bcfiles/kbmp_kbmi_net_final.bc>:message_read:%19	</harden/bcfiles/linux_bcfiles/kbmp_kbmi_net_final.bc>:message_read:%134
</harden/bcfiles/linux_bcfiles/kbmp_kbmi_net_final.bc>:message_read:%23	</harden/bcfiles/linux_bcfiles/kbmp_kbmi_net_final.bc>:message_read:%135
</harden/bcfiles/linux_bcfiles/kbmp_kbmi_net_final.bc>:message_write:%39	</harden/bcfiles/linux_bcfiles/kbmp_kbmi_net_final.bc>:message_write:%40
</harden/bcfiles/linux_bcfiles/kbmp_kbmi_net_final.bc>:message_write:%28	</harden/bcfiles/linux_bcfiles/kbmp_kbmi_net_final.bc>:message_write:%74
</harden/bcfiles/linux_bcfiles/kbmp_kbmi_net_final.bc>:message_write:%6	</harden/bcfiles/linux_bcfiles/kbmp_kbmi_net_final.bc>:message_write:%108
</harden/bcfiles/linux_bcfiles/kbmp_kbmi_net_final.bc>:message_write:%7	</harden/bcfiles/linux_bcfiles/kbmp_kbmi_net_final.bc>:message_write:%124
</harden/bcfiles/linux_bcfiles/kbmp_kbmi_net_final.bc>:message_write:%9	</harden/bcfiles/linux_bcfiles/kbmp_kbmi_net_final.bc>:message_write:%127
</harden/bcfiles/linux_bcfiles/kbmp_kbmi_net_final.bc>:message_write:%7	</harden/bcfiles/linux_bcfiles/kbmp_kbmi_net_final.bc>:message_write:%128
</harden/bcfiles/linux_bcfiles/kbmp_kbmi_net_final.bc>:message_write:%11	</harden/bcfiles/linux_bcfiles/kbmp_kbmi_net_final.bc>:message_write:%147
</harden/bcfiles/linux_bcfiles/kbmp_kbmi_net_final.bc>:message_write:%6	</harden/bcfiles/linux_bcfiles/kbmp_kbmi_net_final.bc>:message_write:%158
</harden/bcfiles/linux_bcfiles/kbmp_kbmi_net_final.bc>:message_write:%7	</harden/bcfiles/linux_bcfiles/kbmp_kbmi_net_final.bc>:message_write:%159
</harden/bcfiles/linux_bcfiles/kbmp_kbmi_net_final.bc>:message_write:%13	</harden/bcfiles/linux_bcfiles/kbmp_kbmi_net_final.bc>:message_write:%165
</harden/bcfiles/linux_bcfiles/kbmp_kbmi_net_final.bc>:message_write:%14	</harden/bcfiles/linux_bcfiles/kbmp_kbmi_net_final.bc>:message_write:%166
</harden/bcfiles/linux_bcfiles/kbmp_kbmi_net_final.bc>:message_write:%15	</harden/bcfiles/linux_bcfiles/kbmp_kbmi_net_final.bc>:message_write:%167
</harden/bcfiles/linux_bcfiles/kbmp_kbmi_net_final.bc>:message_write:%19	</harden/bcfiles/linux_bcfiles/kbmp_kbmi_net_final.bc>:message_write:%176
</harden/bcfiles/linux_bcfiles/kbmp_kbmi_net_final.bc>:message_write:%31	</harden/bcfiles/linux_bcfiles/kbmp_kbmi_net_final.bc>:message_write:%177
</harden/bcfiles/linux_bcfiles/kbmp_kbmi_net_final.bc>:make_dynamic_area:%14	</harden/bcfiles/linux_bcfiles/kbmp_kbmi_net_final.bc>:make_dynamic_area:%31
</harden/bcfiles/linux_bcfiles/kbmp_kbmi_net_final.bc>:make_dynamic_area:%38	</harden/bcfiles/linux_bcfiles/kbmp_kbmi_net_final.bc>:make_dynamic_area:%39
</harden/bcfiles/linux_bcfiles/kbmp_kbmi_net_final.bc>:make_dynamic_area:%55	</harden/bcfiles/linux_bcfiles/kbmp_kbmi_net_final.bc>:make_dynamic_area:%56
</harden/bcfiles/linux_bcfiles/kbmp_kbmi_net_final.bc>:make_dynamic_area:%50	</harden/bcfiles/linux_bcfiles/kbmp_kbmi_net_final.bc>:make_dynamic_area:%51
</harden/bcfiles/linux_bcfiles/kbmp_kbmi_net_final.bc>:make_dynamic_area:%14	</harden/bcfiles/linux_bcfiles/kbmp_kbmi_net_final.bc>:make_dynamic_area:%52
</harden/bcfiles/linux_bcfiles/kbmp_kbmi_net_final.bc>:make_dynamic_area:%15	</harden/bcfiles/linux_bcfiles/kbmp_kbmi_net_final.bc>:make_dynamic_area:%53
</harden/bcfiles/linux_bcfiles/kbmp_kbmi_net_final.bc>:make_dynamic_area:%59	</harden/bcfiles/linux_bcfiles/kbmp_kbmi_net_final.bc>:make_dynamic_area:%60
</harden/bcfiles/linux_bcfiles/kbmp_kbmi_net_final.bc>:virt_to_kpte:%2	</harden/bcfiles/linux_bcfiles/kbmp_kbmi_net_final.bc>:virt_to_kpte:%4
</harden/bcfiles/linux_bcfiles/kbmp_kbmi_net_final.bc>:virt_to_kpte:%7	</harden/bcfiles/linux_bcfiles/kbmp_kbmi_net_final.bc>:virt_to_kpte:%8
</harden/bcfiles/linux_bcfiles/kbmp_kbmi_net_final.bc>:virt_to_kpte:%3	</harden/bcfiles/linux_bcfiles/kbmp_kbmi_net_final.bc>:virt_to_kpte:%13
</harden/bcfiles/linux_bcfiles/kbmp_kbmi_net_final.bc>:virt_to_kpte:%2	</harden/bcfiles/linux_bcfiles/kbmp_kbmi_net_final.bc>:virt_to_kpte:%14
</harden/bcfiles/linux_bcfiles/kbmp_kbmi_net_final.bc>:pte_exec:%4	</harden/bcfiles/linux_bcfiles/kbmp_kbmi_net_final.bc>:pte_exec:%5
</harden/bcfiles/linux_bcfiles/kbmp_kbmi_net_final.bc>:pte_mkexec:%5	</harden/bcfiles/linux_bcfiles/kbmp_kbmi_net_final.bc>:pte_mkexec:%6
</harden/bcfiles/linux_bcfiles/kbmp_kbmi_net_final.bc>:set_ptes:%7	</harden/bcfiles/linux_bcfiles/kbmp_kbmi_net_final.bc>:set_ptes:%13
</harden/bcfiles/linux_bcfiles/kbmp_kbmi_net_final.bc>:set_ptes:%9	</harden/bcfiles/linux_bcfiles/kbmp_kbmi_net_final.bc>:set_ptes:%14
</harden/bcfiles/linux_bcfiles/kbmp_kbmi_net_final.bc>:set_ptes:%16	</harden/bcfiles/linux_bcfiles/kbmp_kbmi_net_final.bc>:set_ptes:%17
</harden/bcfiles/linux_bcfiles/kbmp_kbmi_net_final.bc>:set_ptes:%10	</harden/bcfiles/linux_bcfiles/kbmp_kbmi_net_final.bc>:set_ptes:%15
</harden/bcfiles/linux_bcfiles/kbmp_kbmi_net_final.bc>:set_ptes:%9	</harden/bcfiles/linux_bcfiles/kbmp_kbmi_net_final.bc>:set_ptes:%21
</harden/bcfiles/linux_bcfiles/kbmp_kbmi_net_final.bc>:set_ptes:%22	</harden/bcfiles/linux_bcfiles/kbmp_kbmi_net_final.bc>:set_ptes:%23
</harden/bcfiles/linux_bcfiles/kbmp_kbmi_net_final.bc>:set_ptes:%31	</harden/bcfiles/linux_bcfiles/kbmp_kbmi_net_final.bc>:set_ptes:%32
</harden/bcfiles/linux_bcfiles/kbmp_kbmi_net_final.bc>:set_ptes:%6	</harden/bcfiles/linux_bcfiles/kbmp_kbmi_net_final.bc>:set_ptes:%35
</harden/bcfiles/linux_bcfiles/kbmp_kbmi_net_final.bc>:set_ptes:%11	</harden/bcfiles/linux_bcfiles/kbmp_kbmi_net_final.bc>:set_ptes:%36
</harden/bcfiles/linux_bcfiles/kbmp_kbmi_net_final.bc>:native_set_pte:%10	</harden/bcfiles/linux_bcfiles/kbmp_kbmi_net_final.bc>:native_set_pte:%11
</harden/bcfiles/linux_bcfiles/kbmp_kbmi_net_final.bc>:native_set_pte:%3	</harden/bcfiles/linux_bcfiles/kbmp_kbmi_net_final.bc>:native_set_pte:%12
</harden/bcfiles/linux_bcfiles/kbmp_kbmi_net_final.bc>:pte_next_pfn:%5	</harden/bcfiles/linux_bcfiles/kbmp_kbmi_net_final.bc>:pte_next_pfn:%6
</harden/bcfiles/linux_bcfiles/kbmp_kbmi_net_final.bc>:pte_next_pfn:%10	</harden/bcfiles/linux_bcfiles/kbmp_kbmi_net_final.bc>:pte_next_pfn:%11
</harden/bcfiles/linux_bcfiles/kbmp_kbmi_net_final.bc>:pte_next_pfn:%17	</harden/bcfiles/linux_bcfiles/kbmp_kbmi_net_final.bc>:pte_next_pfn:%18
</harden/bcfiles/linux_bcfiles/kbmp_kbmi_net_final.bc>:pte_clear_flags:%8	</harden/bcfiles/linux_bcfiles/kbmp_kbmi_net_final.bc>:pte_clear_flags:%9
</harden/bcfiles/linux_bcfiles/kbmp_kbmi_net_final.bc>:pte_flags:%4	</harden/bcfiles/linux_bcfiles/kbmp_kbmi_net_final.bc>:pte_flags:%5
</harden/bcfiles/linux_bcfiles/kbmp_kbmi_net_final.bc>:pmd_off_k:3:0:getelementptr inbounds (%struct.mm_struct.74, %struct.mm_struct.74* @init_mm, i32 0, i32 0, i32 8)	</harden/bcfiles/linux_bcfiles/kbmp_kbmi_net_final.bc>:pmd_off_k:%3
</harden/bcfiles/linux_bcfiles/kbmp_kbmi_net_final.bc>:pmd_off_k:%2	</harden/bcfiles/linux_bcfiles/kbmp_kbmi_net_final.bc>:pmd_off_k:%4
</harden/bcfiles/linux_bcfiles/kbmp_kbmi_net_final.bc>:pmd_off_k:%2	</harden/bcfiles/linux_bcfiles/kbmp_kbmi_net_final.bc>:pmd_off_k:%6
</harden/bcfiles/linux_bcfiles/kbmp_kbmi_net_final.bc>:pmd_off_k:%2	</harden/bcfiles/linux_bcfiles/kbmp_kbmi_net_final.bc>:pmd_off_k:%8
</harden/bcfiles/linux_bcfiles/kbmp_kbmi_net_final.bc>:pmd_off_k:%2	</harden/bcfiles/linux_bcfiles/kbmp_kbmi_net_final.bc>:pmd_off_k:%10
</harden/bcfiles/linux_bcfiles/kbmp_kbmi_net_final.bc>:pmd_none:%5	</harden/bcfiles/linux_bcfiles/kbmp_kbmi_net_final.bc>:pmd_none:%6
</harden/bcfiles/linux_bcfiles/kbmp_kbmi_net_final.bc>:pte_offset_kernel:%6	</harden/bcfiles/linux_bcfiles/kbmp_kbmi_net_final.bc>:pte_offset_kernel:%7
</harden/bcfiles/linux_bcfiles/kbmp_kbmi_net_final.bc>:pte_offset_kernel:%4	</harden/bcfiles/linux_bcfiles/kbmp_kbmi_net_final.bc>:pte_offset_kernel:%10
</harden/bcfiles/linux_bcfiles/kbmp_kbmi_net_final.bc>:pmd_page_vaddr:%4	</harden/bcfiles/linux_bcfiles/kbmp_kbmi_net_final.bc>:pmd_page_vaddr:%5
</harden/bcfiles/linux_bcfiles/kbmp_kbmi_net_final.bc>:pmd_page_vaddr:%7	</harden/bcfiles/linux_bcfiles/kbmp_kbmi_net_final.bc>:pmd_page_vaddr:%8
</harden/bcfiles/linux_bcfiles/kbmp_kbmi_net_final.bc>:pmd_pfn_mask:%5	</harden/bcfiles/linux_bcfiles/kbmp_kbmi_net_final.bc>:pmd_pfn_mask:%6
</harden/bcfiles/linux_bcfiles/kbmp_kbmi_net_final.bc>:p4d_offset:%10	</harden/bcfiles/linux_bcfiles/kbmp_kbmi_net_final.bc>:p4d_offset:%20
</harden/bcfiles/linux_bcfiles/kbmp_kbmi_net_final.bc>:p4d_offset:%4	</harden/bcfiles/linux_bcfiles/kbmp_kbmi_net_final.bc>:p4d_offset:%39
</harden/bcfiles/linux_bcfiles/kbmp_kbmi_net_final.bc>:p4d_offset:%3	</harden/bcfiles/linux_bcfiles/kbmp_kbmi_net_final.bc>:p4d_offset:%40
</harden/bcfiles/linux_bcfiles/kbmp_kbmi_net_final.bc>:p4d_offset:%69	</harden/bcfiles/linux_bcfiles/kbmp_kbmi_net_final.bc>:p4d_offset:%70
</harden/bcfiles/linux_bcfiles/kbmp_kbmi_net_final.bc>:p4d_offset:%14	</harden/bcfiles/linux_bcfiles/kbmp_kbmi_net_final.bc>:p4d_offset:%73
</harden/bcfiles/linux_bcfiles/kbmp_kbmi_net_final.bc>:pud_offset:%6	</harden/bcfiles/linux_bcfiles/kbmp_kbmi_net_final.bc>:pud_offset:%7
</harden/bcfiles/linux_bcfiles/kbmp_kbmi_net_final.bc>:pud_offset:%4	</harden/bcfiles/linux_bcfiles/kbmp_kbmi_net_final.bc>:pud_offset:%9
</harden/bcfiles/linux_bcfiles/kbmp_kbmi_net_final.bc>:pmd_offset:%6	</harden/bcfiles/linux_bcfiles/kbmp_kbmi_net_final.bc>:pmd_offset:%7
</harden/bcfiles/linux_bcfiles/kbmp_kbmi_net_final.bc>:pmd_offset:%4	</harden/bcfiles/linux_bcfiles/kbmp_kbmi_net_final.bc>:pmd_offset:%9
</harden/bcfiles/linux_bcfiles/kbmp_kbmi_net_final.bc>:pud_pgtable:%4	</harden/bcfiles/linux_bcfiles/kbmp_kbmi_net_final.bc>:pud_pgtable:%5
</harden/bcfiles/linux_bcfiles/kbmp_kbmi_net_final.bc>:pud_pgtable:%7	</harden/bcfiles/linux_bcfiles/kbmp_kbmi_net_final.bc>:pud_pgtable:%8
</harden/bcfiles/linux_bcfiles/kbmp_kbmi_net_final.bc>:pud_pfn_mask:%5	</harden/bcfiles/linux_bcfiles/kbmp_kbmi_net_final.bc>:pud_pfn_mask:%6
</harden/bcfiles/linux_bcfiles/kbmp_kbmi_net_final.bc>:p4d_pgtable:%4	</harden/bcfiles/linux_bcfiles/kbmp_kbmi_net_final.bc>:p4d_pgtable:%5
</harden/bcfiles/linux_bcfiles/kbmp_kbmi_net_final.bc>:p4d_pgtable:%7	</harden/bcfiles/linux_bcfiles/kbmp_kbmi_net_final.bc>:p4d_pgtable:%8
</harden/bcfiles/linux_bcfiles/kbmp_kbmi_net_final.bc>:pgd_page_vaddr:%4	</harden/bcfiles/linux_bcfiles/kbmp_kbmi_net_final.bc>:pgd_page_vaddr:%5
</harden/bcfiles/linux_bcfiles/kbmp_kbmi_net_final.bc>:kbmi_packet_filter_hook:%7	</harden/bcfiles/linux_bcfiles/kbmp_kbmi_net_final.bc>:kbmi_packet_filter_hook:%16
</harden/bcfiles/linux_bcfiles/kbmp_kbmi_net_final.bc>:kbmi_packet_filter_hook:%12	</harden/bcfiles/linux_bcfiles/kbmp_kbmi_net_final.bc>:kbmi_packet_filter_hook:%51
</harden/bcfiles/linux_bcfiles/kbmp_kbmi_net_final.bc>:kbmi_packet_filter_hook:%14	</harden/bcfiles/linux_bcfiles/kbmp_kbmi_net_final.bc>:kbmi_packet_filter_hook:%52
</harden/bcfiles/linux_bcfiles/kbmp_kbmi_net_final.bc>:kbmp_exit:%1	</harden/bcfiles/linux_bcfiles/kbmp_kbmi_net_final.bc>:kbmp_exit:%2
</harden/bcfiles/linux_bcfiles/kbmp_kbmi_net_final.bc>:kbmp_init:%1	</harden/bcfiles/linux_bcfiles/kbmp_kbmi_net_final.bc>:kbmp_init:%30
</harden/bcfiles/linux_bcfiles/kbmp_kbmi_net_final.bc>:kbmp_init:%6	</harden/bcfiles/linux_bcfiles/kbmp_kbmi_net_final.bc>:kbmp_init:%28
</harden/bcfiles/linux_bcfiles/kbmp_kbmi_net_final.bc>:kbmp_init:%5	</harden/bcfiles/linux_bcfiles/kbmp_kbmi_net_final.bc>:kbmp_init:%26
</harden/bcfiles/linux_bcfiles/kbmp_kbmi_net_final.bc>:kbmp_init:25:0:@disp_entry	</harden/bcfiles/linux_bcfiles/kbmp_kbmi_net_final.bc>:kbmp_init:%20
</harden/bcfiles/linux_bcfiles/kbmp_kbmi_net_final.bc>:kbmp_init:%3	</harden/bcfiles/linux_bcfiles/kbmp_kbmi_net_final.bc>:kbmp_init:%16
</harden/bcfiles/linux_bcfiles/kbmp_kbmi_net_final.bc>:kbmp_init:%4	</harden/bcfiles/linux_bcfiles/kbmp_kbmi_net_final.bc>:kbmp_init:%18
</harden/bcfiles/linux_bcfiles/kbmp_kbmi_net_final.bc>:kbmp_init:11:0:@proc_entry	</harden/bcfiles/linux_bcfiles/kbmp_kbmi_net_final.bc>:kbmp_init:%10
</harden/bcfiles/linux_bcfiles/kbmp_kbmi_net_final.bc>:kbmp_init:%2	</harden/bcfiles/linux_bcfiles/kbmp_kbmi_net_final.bc>:kbmp_init:%7
</harden/bcfiles/linux_bcfiles/kbmp_kbmi_net_final.bc>:display:%152	</harden/bcfiles/linux_bcfiles/kbmp_kbmi_net_final.bc>:display:%153
</harden/bcfiles/linux_bcfiles/kbmp_kbmi_net_final.bc>:display:%24	</harden/bcfiles/linux_bcfiles/kbmp_kbmi_net_final.bc>:display:%141
</harden/bcfiles/linux_bcfiles/kbmp_kbmi_net_final.bc>:display:%8	</harden/bcfiles/linux_bcfiles/kbmp_kbmi_net_final.bc>:display:%129
</harden/bcfiles/linux_bcfiles/kbmp_kbmi_net_final.bc>:display:%12	</harden/bcfiles/linux_bcfiles/kbmp_kbmi_net_final.bc>:display:%123
</harden/bcfiles/linux_bcfiles/kbmp_kbmi_net_final.bc>:display:%15	</harden/bcfiles/linux_bcfiles/kbmp_kbmi_net_final.bc>:display:%139
</harden/bcfiles/linux_bcfiles/kbmp_kbmi_net_final.bc>:display:%10	</harden/bcfiles/linux_bcfiles/kbmp_kbmi_net_final.bc>:display:%118
</harden/bcfiles/linux_bcfiles/kbmp_kbmi_net_final.bc>:display:%10	</harden/bcfiles/linux_bcfiles/kbmp_kbmi_net_final.bc>:display:%110
</harden/bcfiles/linux_bcfiles/kbmp_kbmi_net_final.bc>:display:%25	</harden/bcfiles/linux_bcfiles/kbmp_kbmi_net_final.bc>:display:%149
</harden/bcfiles/linux_bcfiles/kbmp_kbmi_net_final.bc>:display:%16	</harden/bcfiles/linux_bcfiles/kbmp_kbmi_net_final.bc>:display:%157
</harden/bcfiles/linux_bcfiles/kbmp_kbmi_net_final.bc>:display:%19	</harden/bcfiles/linux_bcfiles/kbmp_kbmi_net_final.bc>:display:%155
</harden/bcfiles/linux_bcfiles/kbmp_kbmi_net_final.bc>:display:%9	</harden/bcfiles/linux_bcfiles/kbmp_kbmi_net_final.bc>:display:%80
</harden/bcfiles/linux_bcfiles/kbmp_kbmi_net_final.bc>:display:%8	</harden/bcfiles/linux_bcfiles/kbmp_kbmi_net_final.bc>:display:%99
</harden/bcfiles/linux_bcfiles/kbmp_kbmi_net_final.bc>:display:%14	</harden/bcfiles/linux_bcfiles/kbmp_kbmi_net_final.bc>:display:%75
</harden/bcfiles/linux_bcfiles/kbmp_kbmi_net_final.bc>:display:%19	</harden/bcfiles/linux_bcfiles/kbmp_kbmi_net_final.bc>:display:%74
</harden/bcfiles/linux_bcfiles/kbmp_kbmi_net_final.bc>:display:%23	</harden/bcfiles/linux_bcfiles/kbmp_kbmi_net_final.bc>:display:%73
</harden/bcfiles/linux_bcfiles/kbmp_kbmi_net_final.bc>:display:%18	</harden/bcfiles/linux_bcfiles/kbmp_kbmi_net_final.bc>:display:%72
</harden/bcfiles/linux_bcfiles/kbmp_kbmi_net_final.bc>:display:%5	</harden/bcfiles/linux_bcfiles/kbmp_kbmi_net_final.bc>:display:%132
</harden/bcfiles/linux_bcfiles/kbmp_kbmi_net_final.bc>:display:%7	</harden/bcfiles/linux_bcfiles/kbmp_kbmi_net_final.bc>:display:%106
</harden/bcfiles/linux_bcfiles/kbmp_kbmi_net_final.bc>:display:%23	</harden/bcfiles/linux_bcfiles/kbmp_kbmi_net_final.bc>:display:%64
</harden/bcfiles/linux_bcfiles/kbmp_kbmi_net_final.bc>:display:%15	</harden/bcfiles/linux_bcfiles/kbmp_kbmi_net_final.bc>:display:%76
</harden/bcfiles/linux_bcfiles/kbmp_kbmi_net_final.bc>:display:67:0:@display.message_index	</harden/bcfiles/linux_bcfiles/kbmp_kbmi_net_final.bc>:display:%58
</harden/bcfiles/linux_bcfiles/kbmp_kbmi_net_final.bc>:display:%19	</harden/bcfiles/linux_bcfiles/kbmp_kbmi_net_final.bc>:display:%67
</harden/bcfiles/linux_bcfiles/kbmp_kbmi_net_final.bc>:display:%22	</harden/bcfiles/linux_bcfiles/kbmp_kbmi_net_final.bc>:display:%53
</harden/bcfiles/linux_bcfiles/kbmp_kbmi_net_final.bc>:display:%19	</harden/bcfiles/linux_bcfiles/kbmp_kbmi_net_final.bc>:display:%48
</harden/bcfiles/linux_bcfiles/kbmp_kbmi_net_final.bc>:display:%44	</harden/bcfiles/linux_bcfiles/kbmp_kbmi_net_final.bc>:display:%45
</harden/bcfiles/linux_bcfiles/kbmp_kbmi_net_final.bc>:display:%7	</harden/bcfiles/linux_bcfiles/kbmp_kbmi_net_final.bc>:display:%85
</harden/bcfiles/linux_bcfiles/kbmp_kbmi_net_final.bc>:display:%17	</harden/bcfiles/linux_bcfiles/kbmp_kbmi_net_final.bc>:display:%26
</harden/bcfiles/linux_bcfiles/kbmp_kbmi_net_final.bc>:display:%19	</harden/bcfiles/linux_bcfiles/kbmp_kbmi_net_final.bc>:display:%56
</harden/bcfiles/linux_bcfiles/kbmp_kbmi_net_final.bc>:display:%21	</harden/bcfiles/linux_bcfiles/kbmp_kbmi_net_final.bc>:display:%39
</harden/bcfiles/linux_bcfiles/kbmp_kbmi_net_final.bc>:display:%9	</harden/bcfiles/linux_bcfiles/kbmp_kbmi_net_final.bc>:display:%83
</harden/bcfiles/linux_bcfiles/kbmp_kbmi_net_final.bc>:display:%20	</harden/bcfiles/linux_bcfiles/kbmp_kbmi_net_final.bc>:display:%41
</harden/bcfiles/linux_bcfiles/kbmp_kbmi_net_final.bc>:display:%20	</harden/bcfiles/linux_bcfiles/kbmp_kbmi_net_final.bc>:display:%152
</harden/bcfiles/linux_bcfiles/kbmp_kbmi_net_final.bc>:display:%19	</harden/bcfiles/linux_bcfiles/kbmp_kbmi_net_final.bc>:display:%151
</harden/bcfiles/linux_bcfiles/kbmp_kbmi_net_final.bc>:display:%28	</harden/bcfiles/linux_bcfiles/kbmp_kbmi_net_final.bc>:display:%29
</harden/bcfiles/linux_bcfiles/kbmp_kbmi_net_final.bc>:display:%20	</harden/bcfiles/linux_bcfiles/kbmp_kbmi_net_final.bc>:display:%44
</harden/bcfiles/linux_bcfiles/kbmp_kbmi_net_final.bc>:get_message_from_buffer:%7	</harden/bcfiles/linux_bcfiles/kbmp_kbmi_net_final.bc>:get_message_from_buffer:%167
</harden/bcfiles/linux_bcfiles/kbmp_kbmi_net_final.bc>:get_message_from_buffer:%11	</harden/bcfiles/linux_bcfiles/kbmp_kbmi_net_final.bc>:get_message_from_buffer:%180
</harden/bcfiles/linux_bcfiles/kbmp_kbmi_net_final.bc>:get_message_from_buffer:%10	</harden/bcfiles/linux_bcfiles/kbmp_kbmi_net_final.bc>:get_message_from_buffer:%155
</harden/bcfiles/linux_bcfiles/kbmp_kbmi_net_final.bc>:get_message_from_buffer:%13	</harden/bcfiles/linux_bcfiles/kbmp_kbmi_net_final.bc>:get_message_from_buffer:%168
</harden/bcfiles/linux_bcfiles/kbmp_kbmi_net_final.bc>:get_message_from_buffer:%2	</harden/bcfiles/linux_bcfiles/kbmp_kbmi_net_final.bc>:get_message_from_buffer:%146
</harden/bcfiles/linux_bcfiles/kbmp_kbmi_net_final.bc>:get_message_from_buffer:%4	</harden/bcfiles/linux_bcfiles/kbmp_kbmi_net_final.bc>:get_message_from_buffer:%134
</harden/bcfiles/linux_bcfiles/kbmp_kbmi_net_final.bc>:get_message_from_buffer:%6	</harden/bcfiles/linux_bcfiles/kbmp_kbmi_net_final.bc>:get_message_from_buffer:%129
</harden/bcfiles/linux_bcfiles/kbmp_kbmi_net_final.bc>:get_message_from_buffer:%12	</harden/bcfiles/linux_bcfiles/kbmp_kbmi_net_final.bc>:get_message_from_buffer:%176
</harden/bcfiles/linux_bcfiles/kbmp_kbmi_net_final.bc>:get_message_from_buffer:%5	</harden/bcfiles/linux_bcfiles/kbmp_kbmi_net_final.bc>:get_message_from_buffer:%117
</harden/bcfiles/linux_bcfiles/kbmp_kbmi_net_final.bc>:get_message_from_buffer:%5	</harden/bcfiles/linux_bcfiles/kbmp_kbmi_net_final.bc>:get_message_from_buffer:%113
</harden/bcfiles/linux_bcfiles/kbmp_kbmi_net_final.bc>:get_message_from_buffer:%5	</harden/bcfiles/linux_bcfiles/kbmp_kbmi_net_final.bc>:get_message_from_buffer:%109
</harden/bcfiles/linux_bcfiles/kbmp_kbmi_net_final.bc>:get_message_from_buffer:%5	</harden/bcfiles/linux_bcfiles/kbmp_kbmi_net_final.bc>:get_message_from_buffer:%121
</harden/bcfiles/linux_bcfiles/kbmp_kbmi_net_final.bc>:get_message_from_buffer:%5	</harden/bcfiles/linux_bcfiles/kbmp_kbmi_net_final.bc>:get_message_from_buffer:%105
</harden/bcfiles/linux_bcfiles/kbmp_kbmi_net_final.bc>:get_message_from_buffer:%5	</harden/bcfiles/linux_bcfiles/kbmp_kbmi_net_final.bc>:get_message_from_buffer:%97
</harden/bcfiles/linux_bcfiles/kbmp_kbmi_net_final.bc>:get_message_from_buffer:%13	</harden/bcfiles/linux_bcfiles/kbmp_kbmi_net_final.bc>:get_message_from_buffer:%178
</harden/bcfiles/linux_bcfiles/kbmp_kbmi_net_final.bc>:get_message_from_buffer:%13	</harden/bcfiles/linux_bcfiles/kbmp_kbmi_net_final.bc>:get_message_from_buffer:%175
</harden/bcfiles/linux_bcfiles/kbmp_kbmi_net_final.bc>:get_message_from_buffer:%5	</harden/bcfiles/linux_bcfiles/kbmp_kbmi_net_final.bc>:get_message_from_buffer:%93
</harden/bcfiles/linux_bcfiles/kbmp_kbmi_net_final.bc>:get_message_from_buffer:%5	</harden/bcfiles/linux_bcfiles/kbmp_kbmi_net_final.bc>:get_message_from_buffer:%89
</harden/bcfiles/linux_bcfiles/kbmp_kbmi_net_final.bc>:get_message_from_buffer:%5	</harden/bcfiles/linux_bcfiles/kbmp_kbmi_net_final.bc>:get_message_from_buffer:%81
</harden/bcfiles/linux_bcfiles/kbmp_kbmi_net_final.bc>:get_message_from_buffer:%5	</harden/bcfiles/linux_bcfiles/kbmp_kbmi_net_final.bc>:get_message_from_buffer:%101
</harden/bcfiles/linux_bcfiles/kbmp_kbmi_net_final.bc>:get_message_from_buffer:%5	</harden/bcfiles/linux_bcfiles/kbmp_kbmi_net_final.bc>:get_message_from_buffer:%73
</harden/bcfiles/linux_bcfiles/kbmp_kbmi_net_final.bc>:get_message_from_buffer:%1	</harden/bcfiles/linux_bcfiles/kbmp_kbmi_net_final.bc>:get_message_from_buffer:%152
</harden/bcfiles/linux_bcfiles/kbmp_kbmi_net_final.bc>:get_message_from_buffer:%5	</harden/bcfiles/linux_bcfiles/kbmp_kbmi_net_final.bc>:get_message_from_buffer:%65
</harden/bcfiles/linux_bcfiles/kbmp_kbmi_net_final.bc>:get_message_from_buffer:%5	</harden/bcfiles/linux_bcfiles/kbmp_kbmi_net_final.bc>:get_message_from_buffer:%61
</harden/bcfiles/linux_bcfiles/kbmp_kbmi_net_final.bc>:get_message_from_buffer:%5	</harden/bcfiles/linux_bcfiles/kbmp_kbmi_net_final.bc>:get_message_from_buffer:%57
</harden/bcfiles/linux_bcfiles/kbmp_kbmi_net_final.bc>:get_message_from_buffer:%5	</harden/bcfiles/linux_bcfiles/kbmp_kbmi_net_final.bc>:get_message_from_buffer:%53
</harden/bcfiles/linux_bcfiles/kbmp_kbmi_net_final.bc>:get_message_from_buffer:%5	</harden/bcfiles/linux_bcfiles/kbmp_kbmi_net_final.bc>:get_message_from_buffer:%46
</harden/bcfiles/linux_bcfiles/kbmp_kbmi_net_final.bc>:get_message_from_buffer:%5	</harden/bcfiles/linux_bcfiles/kbmp_kbmi_net_final.bc>:get_message_from_buffer:%42
</harden/bcfiles/linux_bcfiles/kbmp_kbmi_net_final.bc>:get_message_from_buffer:%5	</harden/bcfiles/linux_bcfiles/kbmp_kbmi_net_final.bc>:get_message_from_buffer:%39
</harden/bcfiles/linux_bcfiles/kbmp_kbmi_net_final.bc>:get_message_from_buffer:%5	</harden/bcfiles/linux_bcfiles/kbmp_kbmi_net_final.bc>:get_message_from_buffer:%49
</harden/bcfiles/linux_bcfiles/kbmp_kbmi_net_final.bc>:get_message_from_buffer:%5	</harden/bcfiles/linux_bcfiles/kbmp_kbmi_net_final.bc>:get_message_from_buffer:%85
</harden/bcfiles/linux_bcfiles/kbmp_kbmi_net_final.bc>:get_message_from_buffer:%5	</harden/bcfiles/linux_bcfiles/kbmp_kbmi_net_final.bc>:get_message_from_buffer:%35
</harden/bcfiles/linux_bcfiles/kbmp_kbmi_net_final.bc>:get_message_from_buffer:%8	</harden/bcfiles/linux_bcfiles/kbmp_kbmi_net_final.bc>:get_message_from_buffer:%30
</harden/bcfiles/linux_bcfiles/kbmp_kbmi_net_final.bc>:get_message_from_buffer:%5	</harden/bcfiles/linux_bcfiles/kbmp_kbmi_net_final.bc>:get_message_from_buffer:%77
</harden/bcfiles/linux_bcfiles/kbmp_kbmi_net_final.bc>:get_message_from_buffer:%8	</harden/bcfiles/linux_bcfiles/kbmp_kbmi_net_final.bc>:get_message_from_buffer:%23
</harden/bcfiles/linux_bcfiles/kbmp_kbmi_net_final.bc>:get_message_from_buffer:%2	</harden/bcfiles/linux_bcfiles/kbmp_kbmi_net_final.bc>:get_message_from_buffer:%138
</harden/bcfiles/linux_bcfiles/kbmp_kbmi_net_final.bc>:get_message_from_buffer:%8	</harden/bcfiles/linux_bcfiles/kbmp_kbmi_net_final.bc>:get_message_from_buffer:%20
</harden/bcfiles/linux_bcfiles/kbmp_kbmi_net_final.bc>:get_message_from_buffer:%5	</harden/bcfiles/linux_bcfiles/kbmp_kbmi_net_final.bc>:get_message_from_buffer:%125
</harden/bcfiles/linux_bcfiles/kbmp_kbmi_net_final.bc>:get_message_from_buffer:%12	</harden/bcfiles/linux_bcfiles/kbmp_kbmi_net_final.bc>:get_message_from_buffer:%15
</harden/bcfiles/linux_bcfiles/kbmp_kbmi_net_final.bc>:get_message_from_buffer:%5	</harden/bcfiles/linux_bcfiles/kbmp_kbmi_net_final.bc>:get_message_from_buffer:%69
</harden/bcfiles/linux_bcfiles/kbmp_kbmi_net_final.bc>:get_message_from_buffer:%9	</harden/bcfiles/linux_bcfiles/kbmp_kbmi_net_final.bc>:get_message_from_buffer:%135
</harden/bcfiles/linux_bcfiles/kbmp_kbmi_net_final.bc>:get_message_from_buffer:%5	</harden/bcfiles/linux_bcfiles/kbmp_kbmi_net_final.bc>:get_message_from_buffer:%31
</harden/bcfiles/linux_bcfiles/kbmp_kbmi_net_final.bc>:rotate:%13	</harden/bcfiles/linux_bcfiles/kbmp_kbmi_net_final.bc>:rotate:%202
</harden/bcfiles/linux_bcfiles/kbmp_kbmi_net_final.bc>:rotate:%17	</harden/bcfiles/linux_bcfiles/kbmp_kbmi_net_final.bc>:rotate:%200
</harden/bcfiles/linux_bcfiles/kbmp_kbmi_net_final.bc>:rotate:%17	</harden/bcfiles/linux_bcfiles/kbmp_kbmi_net_final.bc>:rotate:%197
</harden/bcfiles/linux_bcfiles/kbmp_kbmi_net_final.bc>:rotate:%17	</harden/bcfiles/linux_bcfiles/kbmp_kbmi_net_final.bc>:rotate:%191
</harden/bcfiles/linux_bcfiles/kbmp_kbmi_net_final.bc>:rotate:%15	</harden/bcfiles/linux_bcfiles/kbmp_kbmi_net_final.bc>:rotate:%179
</harden/bcfiles/linux_bcfiles/kbmp_kbmi_net_final.bc>:rotate:%17	</harden/bcfiles/linux_bcfiles/kbmp_kbmi_net_final.bc>:rotate:%175
</harden/bcfiles/linux_bcfiles/kbmp_kbmi_net_final.bc>:rotate:%18	</harden/bcfiles/linux_bcfiles/kbmp_kbmi_net_final.bc>:rotate:%187
</harden/bcfiles/linux_bcfiles/kbmp_kbmi_net_final.bc>:rotate:%9	</harden/bcfiles/linux_bcfiles/kbmp_kbmi_net_final.bc>:rotate:%174
</harden/bcfiles/linux_bcfiles/kbmp_kbmi_net_final.bc>:rotate:%12	</harden/bcfiles/linux_bcfiles/kbmp_kbmi_net_final.bc>:rotate:%162
</harden/bcfiles/linux_bcfiles/kbmp_kbmi_net_final.bc>:rotate:%18	</harden/bcfiles/linux_bcfiles/kbmp_kbmi_net_final.bc>:rotate:%183
</harden/bcfiles/linux_bcfiles/kbmp_kbmi_net_final.bc>:rotate:%4	</harden/bcfiles/linux_bcfiles/kbmp_kbmi_net_final.bc>:rotate:%145
</harden/bcfiles/linux_bcfiles/kbmp_kbmi_net_final.bc>:rotate:%8	</harden/bcfiles/linux_bcfiles/kbmp_kbmi_net_final.bc>:rotate:%136
</harden/bcfiles/linux_bcfiles/kbmp_kbmi_net_final.bc>:rotate:%14	</harden/bcfiles/linux_bcfiles/kbmp_kbmi_net_final.bc>:rotate:%186
</harden/bcfiles/linux_bcfiles/kbmp_kbmi_net_final.bc>:rotate:%7	</harden/bcfiles/linux_bcfiles/kbmp_kbmi_net_final.bc>:rotate:%132
</harden/bcfiles/linux_bcfiles/kbmp_kbmi_net_final.bc>:rotate:%7	</harden/bcfiles/linux_bcfiles/kbmp_kbmi_net_final.bc>:rotate:%124
</harden/bcfiles/linux_bcfiles/kbmp_kbmi_net_final.bc>:rotate:%7	</harden/bcfiles/linux_bcfiles/kbmp_kbmi_net_final.bc>:rotate:%120
</harden/bcfiles/linux_bcfiles/kbmp_kbmi_net_final.bc>:rotate:%7	</harden/bcfiles/linux_bcfiles/kbmp_kbmi_net_final.bc>:rotate:%116
</harden/bcfiles/linux_bcfiles/kbmp_kbmi_net_final.bc>:rotate:%7	</harden/bcfiles/linux_bcfiles/kbmp_kbmi_net_final.bc>:rotate:%112
</harden/bcfiles/linux_bcfiles/kbmp_kbmi_net_final.bc>:rotate:%16	</harden/bcfiles/linux_bcfiles/kbmp_kbmi_net_final.bc>:rotate:%198
</harden/bcfiles/linux_bcfiles/kbmp_kbmi_net_final.bc>:rotate:%7	</harden/bcfiles/linux_bcfiles/kbmp_kbmi_net_final.bc>:rotate:%108
</harden/bcfiles/linux_bcfiles/kbmp_kbmi_net_final.bc>:rotate:%7	</harden/bcfiles/linux_bcfiles/kbmp_kbmi_net_final.bc>:rotate:%100
</harden/bcfiles/linux_bcfiles/kbmp_kbmi_net_final.bc>:rotate:%7	</harden/bcfiles/linux_bcfiles/kbmp_kbmi_net_final.bc>:rotate:%96
</harden/bcfiles/linux_bcfiles/kbmp_kbmi_net_final.bc>:rotate:%7	</harden/bcfiles/linux_bcfiles/kbmp_kbmi_net_final.bc>:rotate:%88
</harden/bcfiles/linux_bcfiles/kbmp_kbmi_net_final.bc>:rotate:%7	</harden/bcfiles/linux_bcfiles/kbmp_kbmi_net_final.bc>:rotate:%84
</harden/bcfiles/linux_bcfiles/kbmp_kbmi_net_final.bc>:rotate:%7	</harden/bcfiles/linux_bcfiles/kbmp_kbmi_net_final.bc>:rotate:%80
</harden/bcfiles/linux_bcfiles/kbmp_kbmi_net_final.bc>:rotate:%7	</harden/bcfiles/linux_bcfiles/kbmp_kbmi_net_final.bc>:rotate:%68
</harden/bcfiles/linux_bcfiles/kbmp_kbmi_net_final.bc>:rotate:%7	</harden/bcfiles/linux_bcfiles/kbmp_kbmi_net_final.bc>:rotate:%64
</harden/bcfiles/linux_bcfiles/kbmp_kbmi_net_final.bc>:rotate:%7	</harden/bcfiles/linux_bcfiles/kbmp_kbmi_net_final.bc>:rotate:%60
</harden/bcfiles/linux_bcfiles/kbmp_kbmi_net_final.bc>:rotate:%7	</harden/bcfiles/linux_bcfiles/kbmp_kbmi_net_final.bc>:rotate:%53
</harden/bcfiles/linux_bcfiles/kbmp_kbmi_net_final.bc>:rotate:%4	</harden/bcfiles/linux_bcfiles/kbmp_kbmi_net_final.bc>:rotate:%153
</harden/bcfiles/linux_bcfiles/kbmp_kbmi_net_final.bc>:rotate:%7	</harden/bcfiles/linux_bcfiles/kbmp_kbmi_net_final.bc>:rotate:%46
</harden/bcfiles/linux_bcfiles/kbmp_kbmi_net_final.bc>:rotate:%19	</harden/bcfiles/linux_bcfiles/kbmp_kbmi_net_final.bc>:rotate:%192
</harden/bcfiles/linux_bcfiles/kbmp_kbmi_net_final.bc>:rotate:%7	</harden/bcfiles/linux_bcfiles/kbmp_kbmi_net_final.bc>:rotate:%38
</harden/bcfiles/linux_bcfiles/kbmp_kbmi_net_final.bc>:rotate:%7	</harden/bcfiles/linux_bcfiles/kbmp_kbmi_net_final.bc>:rotate:%42
</harden/bcfiles/linux_bcfiles/kbmp_kbmi_net_final.bc>:rotate:%10	</harden/bcfiles/linux_bcfiles/kbmp_kbmi_net_final.bc>:rotate:%37
</harden/bcfiles/linux_bcfiles/kbmp_kbmi_net_final.bc>:rotate:%10	</harden/bcfiles/linux_bcfiles/kbmp_kbmi_net_final.bc>:rotate:%30
</harden/bcfiles/linux_bcfiles/kbmp_kbmi_net_final.bc>:rotate:%16	</harden/bcfiles/linux_bcfiles/kbmp_kbmi_net_final.bc>:rotate:%180
</harden/bcfiles/linux_bcfiles/kbmp_kbmi_net_final.bc>:rotate:%7	</harden/bcfiles/linux_bcfiles/kbmp_kbmi_net_final.bc>:rotate:%56
</harden/bcfiles/linux_bcfiles/kbmp_kbmi_net_final.bc>:rotate:%16	</harden/bcfiles/linux_bcfiles/kbmp_kbmi_net_final.bc>:rotate:%182
</harden/bcfiles/linux_bcfiles/kbmp_kbmi_net_final.bc>:rotate:%10	</harden/bcfiles/linux_bcfiles/kbmp_kbmi_net_final.bc>:rotate:%27
</harden/bcfiles/linux_bcfiles/kbmp_kbmi_net_final.bc>:rotate:%7	</harden/bcfiles/linux_bcfiles/kbmp_kbmi_net_final.bc>:rotate:%128
</harden/bcfiles/linux_bcfiles/kbmp_kbmi_net_final.bc>:rotate:%7	</harden/bcfiles/linux_bcfiles/kbmp_kbmi_net_final.bc>:rotate:%104
</harden/bcfiles/linux_bcfiles/kbmp_kbmi_net_final.bc>:rotate:%16	</harden/bcfiles/linux_bcfiles/kbmp_kbmi_net_final.bc>:rotate:%22
</harden/bcfiles/linux_bcfiles/kbmp_kbmi_net_final.bc>:rotate:%7	</harden/bcfiles/linux_bcfiles/kbmp_kbmi_net_final.bc>:rotate:%72
</harden/bcfiles/linux_bcfiles/kbmp_kbmi_net_final.bc>:rotate:%11	</harden/bcfiles/linux_bcfiles/kbmp_kbmi_net_final.bc>:rotate:%142
</harden/bcfiles/linux_bcfiles/kbmp_kbmi_net_final.bc>:rotate:%7	</harden/bcfiles/linux_bcfiles/kbmp_kbmi_net_final.bc>:rotate:%49
</harden/bcfiles/linux_bcfiles/kbmp_kbmi_net_final.bc>:rotate:%3	</harden/bcfiles/linux_bcfiles/kbmp_kbmi_net_final.bc>:rotate:%159
</harden/bcfiles/linux_bcfiles/kbmp_kbmi_net_final.bc>:rotate:%7	</harden/bcfiles/linux_bcfiles/kbmp_kbmi_net_final.bc>:rotate:%76
</harden/bcfiles/linux_bcfiles/kbmp_kbmi_net_final.bc>:rotate:%6	</harden/bcfiles/linux_bcfiles/kbmp_kbmi_net_final.bc>:rotate:%141
</harden/bcfiles/linux_bcfiles/kbmp_kbmi_net_final.bc>:rotate:%7	</harden/bcfiles/linux_bcfiles/kbmp_kbmi_net_final.bc>:rotate:%92
</harden/bcfiles/linux_bcfiles/kbmp_kbmi_net_final.bc>:message_read:%20	</harden/bcfiles/linux_bcfiles/kbmp_kbmi_net_final.bc>:message_read:%140
</harden/bcfiles/linux_bcfiles/kbmp_kbmi_net_final.bc>:message_read:%24	</harden/bcfiles/linux_bcfiles/kbmp_kbmi_net_final.bc>:message_read:%137
</harden/bcfiles/linux_bcfiles/kbmp_kbmi_net_final.bc>:message_read:%15	</harden/bcfiles/linux_bcfiles/kbmp_kbmi_net_final.bc>:message_read:%128
</harden/bcfiles/linux_bcfiles/kbmp_kbmi_net_final.bc>:message_read:%5	</harden/bcfiles/linux_bcfiles/kbmp_kbmi_net_final.bc>:message_read:%121
</harden/bcfiles/linux_bcfiles/kbmp_kbmi_net_final.bc>:message_read:%8	</harden/bcfiles/linux_bcfiles/kbmp_kbmi_net_final.bc>:message_read:%118
</harden/bcfiles/linux_bcfiles/kbmp_kbmi_net_final.bc>:message_read:%10	</harden/bcfiles/linux_bcfiles/kbmp_kbmi_net_final.bc>:message_read:%107
</harden/bcfiles/linux_bcfiles/kbmp_kbmi_net_final.bc>:message_read:%140	</harden/bcfiles/linux_bcfiles/kbmp_kbmi_net_final.bc>:message_read:%141
</harden/bcfiles/linux_bcfiles/kbmp_kbmi_net_final.bc>:message_read:%10	</harden/bcfiles/linux_bcfiles/kbmp_kbmi_net_final.bc>:message_read:%99
</harden/bcfiles/linux_bcfiles/kbmp_kbmi_net_final.bc>:message_read:%16	</harden/bcfiles/linux_bcfiles/kbmp_kbmi_net_final.bc>:message_read:%145
</harden/bcfiles/linux_bcfiles/kbmp_kbmi_net_final.bc>:message_read:%8	</harden/bcfiles/linux_bcfiles/kbmp_kbmi_net_final.bc>:message_read:%88
</harden/bcfiles/linux_bcfiles/kbmp_kbmi_net_final.bc>:message_read:%9	</harden/bcfiles/linux_bcfiles/kbmp_kbmi_net_final.bc>:message_read:%72
</harden/bcfiles/linux_bcfiles/kbmp_kbmi_net_final.bc>:message_read:%9	</harden/bcfiles/linux_bcfiles/kbmp_kbmi_net_final.bc>:message_read:%69
</harden/bcfiles/linux_bcfiles/kbmp_kbmi_net_final.bc>:message_read:%12	</harden/bcfiles/linux_bcfiles/kbmp_kbmi_net_final.bc>:message_read:%112
</harden/bcfiles/linux_bcfiles/kbmp_kbmi_net_final.bc>:message_read:%15	</harden/bcfiles/linux_bcfiles/kbmp_kbmi_net_final.bc>:message_read:%65
</harden/bcfiles/linux_bcfiles/kbmp_kbmi_net_final.bc>:message_read:%14	</harden/bcfiles/linux_bcfiles/kbmp_kbmi_net_final.bc>:message_read:%64
</harden/bcfiles/linux_bcfiles/kbmp_kbmi_net_final.bc>:message_read:%18	</harden/bcfiles/linux_bcfiles/kbmp_kbmi_net_final.bc>:message_read:%62
</harden/bcfiles/linux_bcfiles/kbmp_kbmi_net_final.bc>:message_read:%22	</harden/bcfiles/linux_bcfiles/kbmp_kbmi_net_final.bc>:message_read:%60
</harden/bcfiles/linux_bcfiles/kbmp_kbmi_net_final.bc>:message_read:%7	</harden/bcfiles/linux_bcfiles/kbmp_kbmi_net_final.bc>:message_read:%74
</harden/bcfiles/linux_bcfiles/kbmp_kbmi_net_final.bc>:message_read:%22	</harden/bcfiles/linux_bcfiles/kbmp_kbmi_net_final.bc>:message_read:%57
</harden/bcfiles/linux_bcfiles/kbmp_kbmi_net_final.bc>:message_read:%19	</harden/bcfiles/linux_bcfiles/kbmp_kbmi_net_final.bc>:message_read:%56
</harden/bcfiles/linux_bcfiles/kbmp_kbmi_net_final.bc>:message_read:%7	</harden/bcfiles/linux_bcfiles/kbmp_kbmi_net_final.bc>:message_read:%95
</harden/bcfiles/linux_bcfiles/kbmp_kbmi_net_final.bc>:message_read:%19	</harden/bcfiles/linux_bcfiles/kbmp_kbmi_net_final.bc>:message_read:%51
</harden/bcfiles/linux_bcfiles/kbmp_kbmi_net_final.bc>:message_read:%43	</harden/bcfiles/linux_bcfiles/kbmp_kbmi_net_final.bc>:message_read:%44
</harden/bcfiles/linux_bcfiles/kbmp_kbmi_net_final.bc>:message_read:%20	</harden/bcfiles/linux_bcfiles/kbmp_kbmi_net_final.bc>:message_read:%43
</harden/bcfiles/linux_bcfiles/kbmp_kbmi_net_final.bc>:message_read:%20	</harden/bcfiles/linux_bcfiles/kbmp_kbmi_net_final.bc>:message_read:%40
</harden/bcfiles/linux_bcfiles/kbmp_kbmi_net_final.bc>:message_read:%21	</harden/bcfiles/linux_bcfiles/kbmp_kbmi_net_final.bc>:message_read:%38
</harden/bcfiles/linux_bcfiles/kbmp_kbmi_net_final.bc>:message_read:%19	</harden/bcfiles/linux_bcfiles/kbmp_kbmi_net_final.bc>:message_read:%47
</harden/bcfiles/linux_bcfiles/kbmp_kbmi_net_final.bc>:message_read:%19	</harden/bcfiles/linux_bcfiles/kbmp_kbmi_net_final.bc>:message_read:%143
</harden/bcfiles/linux_bcfiles/kbmp_kbmi_net_final.bc>:message_read:%23	</harden/bcfiles/linux_bcfiles/kbmp_kbmi_net_final.bc>:message_read:%129
</harden/bcfiles/linux_bcfiles/kbmp_kbmi_net_final.bc>:message_read:%27	</harden/bcfiles/linux_bcfiles/kbmp_kbmi_net_final.bc>:message_read:%28
</harden/bcfiles/linux_bcfiles/kbmp_kbmi_net_final.bc>:message_read:%17	</harden/bcfiles/linux_bcfiles/kbmp_kbmi_net_final.bc>:message_read:%25
</harden/bcfiles/linux_bcfiles/kbmp_kbmi_net_final.bc>:message_read:%19	</harden/bcfiles/linux_bcfiles/kbmp_kbmi_net_final.bc>:message_read:%139
</harden/bcfiles/linux_bcfiles/kbmp_kbmi_net_final.bc>:message_read:%19	</harden/bcfiles/linux_bcfiles/kbmp_kbmi_net_final.bc>:message_read:%63
</harden/bcfiles/linux_bcfiles/kbmp_kbmi_net_final.bc>:message_write:%19	</harden/bcfiles/linux_bcfiles/kbmp_kbmi_net_final.bc>:message_write:%190
</harden/bcfiles/linux_bcfiles/kbmp_kbmi_net_final.bc>:message_write:%19	</harden/bcfiles/linux_bcfiles/kbmp_kbmi_net_final.bc>:message_write:%185
</harden/bcfiles/linux_bcfiles/kbmp_kbmi_net_final.bc>:message_write:%19	</harden/bcfiles/linux_bcfiles/kbmp_kbmi_net_final.bc>:message_write:%182
</harden/bcfiles/linux_bcfiles/kbmp_kbmi_net_final.bc>:message_write:%32	</harden/bcfiles/linux_bcfiles/kbmp_kbmi_net_final.bc>:message_write:%179
</harden/bcfiles/linux_bcfiles/kbmp_kbmi_net_final.bc>:message_write:%31	</harden/bcfiles/linux_bcfiles/kbmp_kbmi_net_final.bc>:message_write:%171
</harden/bcfiles/linux_bcfiles/kbmp_kbmi_net_final.bc>:message_write:%15	</harden/bcfiles/linux_bcfiles/kbmp_kbmi_net_final.bc>:message_write:%170
</harden/bcfiles/linux_bcfiles/kbmp_kbmi_net_final.bc>:message_write:%5	</harden/bcfiles/linux_bcfiles/kbmp_kbmi_net_final.bc>:message_write:%163
</harden/bcfiles/linux_bcfiles/kbmp_kbmi_net_final.bc>:message_write:%10	</harden/bcfiles/linux_bcfiles/kbmp_kbmi_net_final.bc>:message_write:%141
</harden/bcfiles/linux_bcfiles/kbmp_kbmi_net_final.bc>:message_write:%7	</harden/bcfiles/linux_bcfiles/kbmp_kbmi_net_final.bc>:message_write:%137
</harden/bcfiles/linux_bcfiles/kbmp_kbmi_net_final.bc>:message_write:%10	</harden/bcfiles/linux_bcfiles/kbmp_kbmi_net_final.bc>:message_write:%149
</harden/bcfiles/linux_bcfiles/kbmp_kbmi_net_final.bc>:message_write:%9	</harden/bcfiles/linux_bcfiles/kbmp_kbmi_net_final.bc>:message_write:%111
</harden/bcfiles/linux_bcfiles/kbmp_kbmi_net_final.bc>:message_write:%19	</harden/bcfiles/linux_bcfiles/kbmp_kbmi_net_final.bc>:message_write:%105
</harden/bcfiles/linux_bcfiles/kbmp_kbmi_net_final.bc>:message_write:%18	</harden/bcfiles/linux_bcfiles/kbmp_kbmi_net_final.bc>:message_write:%104
</harden/bcfiles/linux_bcfiles/kbmp_kbmi_net_final.bc>:message_write:%24	</harden/bcfiles/linux_bcfiles/kbmp_kbmi_net_final.bc>:message_write:%95
</harden/bcfiles/linux_bcfiles/kbmp_kbmi_net_final.bc>:message_write:%8	</harden/bcfiles/linux_bcfiles/kbmp_kbmi_net_final.bc>:message_write:%160
</harden/bcfiles/linux_bcfiles/kbmp_kbmi_net_final.bc>:message_write:%24	</harden/bcfiles/linux_bcfiles/kbmp_kbmi_net_final.bc>:message_write:%91
</harden/bcfiles/linux_bcfiles/kbmp_kbmi_net_final.bc>:message_write:%25	</harden/bcfiles/linux_bcfiles/kbmp_kbmi_net_final.bc>:message_write:%82
</harden/bcfiles/linux_bcfiles/kbmp_kbmi_net_final.bc>:message_write:%26	</harden/bcfiles/linux_bcfiles/kbmp_kbmi_net_final.bc>:message_write:%79
</harden/bcfiles/linux_bcfiles/kbmp_kbmi_net_final.bc>:message_write:%33	</harden/bcfiles/linux_bcfiles/kbmp_kbmi_net_final.bc>:message_write:%189
</harden/bcfiles/linux_bcfiles/kbmp_kbmi_net_final.bc>:message_write:%27	</harden/bcfiles/linux_bcfiles/kbmp_kbmi_net_final.bc>:message_write:%78
</harden/bcfiles/linux_bcfiles/kbmp_kbmi_net_final.bc>:message_write:%29	</harden/bcfiles/linux_bcfiles/kbmp_kbmi_net_final.bc>:message_write:%77
</harden/bcfiles/linux_bcfiles/kbmp_kbmi_net_final.bc>:message_write:%28	</harden/bcfiles/linux_bcfiles/kbmp_kbmi_net_final.bc>:message_write:%75
</harden/bcfiles/linux_bcfiles/kbmp_kbmi_net_final.bc>:message_write:%27	</harden/bcfiles/linux_bcfiles/kbmp_kbmi_net_final.bc>:message_write:%72
</harden/bcfiles/linux_bcfiles/kbmp_kbmi_net_final.bc>:message_write:%7	</harden/bcfiles/linux_bcfiles/kbmp_kbmi_net_final.bc>:message_write:%116
</harden/bcfiles/linux_bcfiles/kbmp_kbmi_net_final.bc>:message_write:%23	</harden/bcfiles/linux_bcfiles/kbmp_kbmi_net_final.bc>:message_write:%101
</harden/bcfiles/linux_bcfiles/kbmp_kbmi_net_final.bc>:message_write:%23	</harden/bcfiles/linux_bcfiles/kbmp_kbmi_net_final.bc>:message_write:%64
</harden/bcfiles/linux_bcfiles/kbmp_kbmi_net_final.bc>:message_write:%9	</harden/bcfiles/linux_bcfiles/kbmp_kbmi_net_final.bc>:message_write:%114
</harden/bcfiles/linux_bcfiles/kbmp_kbmi_net_final.bc>:message_write:%19	</harden/bcfiles/linux_bcfiles/kbmp_kbmi_net_final.bc>:message_write:%59
</harden/bcfiles/linux_bcfiles/kbmp_kbmi_net_final.bc>:message_write:%23	</harden/bcfiles/linux_bcfiles/kbmp_kbmi_net_final.bc>:message_write:%58
</harden/bcfiles/linux_bcfiles/kbmp_kbmi_net_final.bc>:message_write:%22	</harden/bcfiles/linux_bcfiles/kbmp_kbmi_net_final.bc>:message_write:%55
</harden/bcfiles/linux_bcfiles/kbmp_kbmi_net_final.bc>:message_write:%13	</harden/bcfiles/linux_bcfiles/kbmp_kbmi_net_final.bc>:message_write:%106
</harden/bcfiles/linux_bcfiles/kbmp_kbmi_net_final.bc>:message_write:%18	</harden/bcfiles/linux_bcfiles/kbmp_kbmi_net_final.bc>:message_write:%63
</harden/bcfiles/linux_bcfiles/kbmp_kbmi_net_final.bc>:message_write:%21	</harden/bcfiles/linux_bcfiles/kbmp_kbmi_net_final.bc>:message_write:%47
</harden/bcfiles/linux_bcfiles/kbmp_kbmi_net_final.bc>:message_write:%36	</harden/bcfiles/linux_bcfiles/kbmp_kbmi_net_final.bc>:message_write:%37
</harden/bcfiles/linux_bcfiles/kbmp_kbmi_net_final.bc>:message_write:%16	</harden/bcfiles/linux_bcfiles/kbmp_kbmi_net_final.bc>:message_write:%192
</harden/bcfiles/linux_bcfiles/kbmp_kbmi_net_final.bc>:message_write:%17	</harden/bcfiles/linux_bcfiles/kbmp_kbmi_net_final.bc>:message_write:%34
</harden/bcfiles/linux_bcfiles/kbmp_kbmi_net_final.bc>:message_write:%8	</harden/bcfiles/linux_bcfiles/kbmp_kbmi_net_final.bc>:message_write:%130
</harden/bcfiles/linux_bcfiles/kbmp_kbmi_net_final.bc>:message_write:%24	</harden/bcfiles/linux_bcfiles/kbmp_kbmi_net_final.bc>:message_write:%86
</harden/bcfiles/linux_bcfiles/kbmp_kbmi_net_final.bc>:message_write:%30	</harden/bcfiles/linux_bcfiles/kbmp_kbmi_net_final.bc>:message_write:%81
</harden/bcfiles/linux_bcfiles/kbmp_kbmi_net_final.bc>:message_write:%19	</harden/bcfiles/linux_bcfiles/kbmp_kbmi_net_final.bc>:message_write:%49
</harden/bcfiles/linux_bcfiles/kbmp_kbmi_net_final.bc>:message_write:%15	</harden/bcfiles/linux_bcfiles/kbmp_kbmi_net_final.bc>:message_write:%107
</harden/bcfiles/linux_bcfiles/kbmp_kbmi_net_final.bc>:message_write:%12	</harden/bcfiles/linux_bcfiles/kbmp_kbmi_net_final.bc>:message_write:%154
</harden/bcfiles/linux_bcfiles/kbmp_kbmi_net_final.bc>:make_dynamic_area:%15	</harden/bcfiles/linux_bcfiles/kbmp_kbmi_net_final.bc>:make_dynamic_area:%54
</harden/bcfiles/linux_bcfiles/kbmp_kbmi_net_final.bc>:make_dynamic_area:%11	</harden/bcfiles/linux_bcfiles/kbmp_kbmi_net_final.bc>:make_dynamic_area:%49
</harden/bcfiles/linux_bcfiles/kbmp_kbmi_net_final.bc>:make_dynamic_area:%7	</harden/bcfiles/linux_bcfiles/kbmp_kbmi_net_final.bc>:make_dynamic_area:%48
</harden/bcfiles/linux_bcfiles/kbmp_kbmi_net_final.bc>:make_dynamic_area:%10	</harden/bcfiles/linux_bcfiles/kbmp_kbmi_net_final.bc>:make_dynamic_area:%47
</harden/bcfiles/linux_bcfiles/kbmp_kbmi_net_final.bc>:make_dynamic_area:%8	</harden/bcfiles/linux_bcfiles/kbmp_kbmi_net_final.bc>:make_dynamic_area:%43
</harden/bcfiles/linux_bcfiles/kbmp_kbmi_net_final.bc>:make_dynamic_area:%15	</harden/bcfiles/linux_bcfiles/kbmp_kbmi_net_final.bc>:make_dynamic_area:%37
</harden/bcfiles/linux_bcfiles/kbmp_kbmi_net_final.bc>:make_dynamic_area:%13	</harden/bcfiles/linux_bcfiles/kbmp_kbmi_net_final.bc>:make_dynamic_area:%29
</harden/bcfiles/linux_bcfiles/kbmp_kbmi_net_final.bc>:make_dynamic_area:%9	</harden/bcfiles/linux_bcfiles/kbmp_kbmi_net_final.bc>:make_dynamic_area:%45
</harden/bcfiles/linux_bcfiles/kbmp_kbmi_net_final.bc>:make_dynamic_area:%26	</harden/bcfiles/linux_bcfiles/kbmp_kbmi_net_final.bc>:make_dynamic_area:%27
</harden/bcfiles/linux_bcfiles/kbmp_kbmi_net_final.bc>:make_dynamic_area:%1	</harden/bcfiles/linux_bcfiles/kbmp_kbmi_net_final.bc>:make_dynamic_area:%25
</harden/bcfiles/linux_bcfiles/kbmp_kbmi_net_final.bc>:make_dynamic_area:%12	</harden/bcfiles/linux_bcfiles/kbmp_kbmi_net_final.bc>:make_dynamic_area:%24
</harden/bcfiles/linux_bcfiles/kbmp_kbmi_net_final.bc>:make_dynamic_area:%6	</harden/bcfiles/linux_bcfiles/kbmp_kbmi_net_final.bc>:make_dynamic_area:%23
</harden/bcfiles/linux_bcfiles/kbmp_kbmi_net_final.bc>:make_dynamic_area:%2	</harden/bcfiles/linux_bcfiles/kbmp_kbmi_net_final.bc>:make_dynamic_area:%22
</harden/bcfiles/linux_bcfiles/kbmp_kbmi_net_final.bc>:make_dynamic_area:%5	</harden/bcfiles/linux_bcfiles/kbmp_kbmi_net_final.bc>:make_dynamic_area:%21
</harden/bcfiles/linux_bcfiles/kbmp_kbmi_net_final.bc>:make_dynamic_area:%4	</harden/bcfiles/linux_bcfiles/kbmp_kbmi_net_final.bc>:make_dynamic_area:%19
</harden/bcfiles/linux_bcfiles/kbmp_kbmi_net_final.bc>:make_dynamic_area:%15	</harden/bcfiles/linux_bcfiles/kbmp_kbmi_net_final.bc>:make_dynamic_area:%33
</harden/bcfiles/linux_bcfiles/kbmp_kbmi_net_final.bc>:make_dynamic_area:%3	</harden/bcfiles/linux_bcfiles/kbmp_kbmi_net_final.bc>:make_dynamic_area:%17
</harden/bcfiles/linux_bcfiles/kbmp_kbmi_net_final.bc>:virt_to_kpte:%3	</harden/bcfiles/linux_bcfiles/kbmp_kbmi_net_final.bc>:virt_to_kpte:%6
</harden/bcfiles/linux_bcfiles/kbmp_kbmi_net_final.bc>:pte_mkexec:%9	</harden/bcfiles/linux_bcfiles/kbmp_kbmi_net_final.bc>:pte_mkexec:%10
</harden/bcfiles/linux_bcfiles/kbmp_kbmi_net_final.bc>:set_ptes:%9	</harden/bcfiles/linux_bcfiles/kbmp_kbmi_net_final.bc>:set_ptes:%29
</harden/bcfiles/linux_bcfiles/kbmp_kbmi_net_final.bc>:set_ptes:%10	</harden/bcfiles/linux_bcfiles/kbmp_kbmi_net_final.bc>:set_ptes:%24
</harden/bcfiles/linux_bcfiles/kbmp_kbmi_net_final.bc>:native_set_pte:%4	</harden/bcfiles/linux_bcfiles/kbmp_kbmi_net_final.bc>:native_set_pte:%10
</harden/bcfiles/linux_bcfiles/kbmp_kbmi_net_final.bc>:pte_next_pfn:%24	</harden/bcfiles/linux_bcfiles/kbmp_kbmi_net_final.bc>:pte_next_pfn:%25
</harden/bcfiles/linux_bcfiles/kbmp_kbmi_net_final.bc>:native_pte_val:%4	</harden/bcfiles/linux_bcfiles/kbmp_kbmi_net_final.bc>:native_pte_val:%5
</harden/bcfiles/linux_bcfiles/kbmp_kbmi_net_final.bc>:__pte_needs_invert:%2	</harden/bcfiles/linux_bcfiles/kbmp_kbmi_net_final.bc>:__pte_needs_invert:%6
</harden/bcfiles/linux_bcfiles/kbmp_kbmi_net_final.bc>:__pte_needs_invert:%2	</harden/bcfiles/linux_bcfiles/kbmp_kbmi_net_final.bc>:__pte_needs_invert:%3
</harden/bcfiles/linux_bcfiles/kbmp_kbmi_net_final.bc>:native_make_pte:%6	</harden/bcfiles/linux_bcfiles/kbmp_kbmi_net_final.bc>:native_make_pte:%7
</harden/bcfiles/linux_bcfiles/kbmp_kbmi_net_final.bc>:native_make_pte:%3	</harden/bcfiles/linux_bcfiles/kbmp_kbmi_net_final.bc>:native_make_pte:%5
</harden/bcfiles/linux_bcfiles/kbmp_kbmi_net_final.bc>:pte_clear_flags:%17	</harden/bcfiles/linux_bcfiles/kbmp_kbmi_net_final.bc>:pte_clear_flags:%18
</harden/bcfiles/linux_bcfiles/kbmp_kbmi_net_final.bc>:pte_clear_flags:%5	</harden/bcfiles/linux_bcfiles/kbmp_kbmi_net_final.bc>:pte_clear_flags:%12
</harden/bcfiles/linux_bcfiles/kbmp_kbmi_net_final.bc>:pte_clear_flags:%6	</harden/bcfiles/linux_bcfiles/kbmp_kbmi_net_final.bc>:pte_clear_flags:%11
</harden/bcfiles/linux_bcfiles/kbmp_kbmi_net_final.bc>:pmd_none:%3	</harden/bcfiles/linux_bcfiles/kbmp_kbmi_net_final.bc>:pmd_none:%8
</harden/bcfiles/linux_bcfiles/kbmp_kbmi_net_final.bc>:pte_offset_kernel:%3	</harden/bcfiles/linux_bcfiles/kbmp_kbmi_net_final.bc>:pte_offset_kernel:%5
</harden/bcfiles/linux_bcfiles/kbmp_kbmi_net_final.bc>:pmd_page_vaddr:11:0:@page_offset_base	</harden/bcfiles/linux_bcfiles/kbmp_kbmi_net_final.bc>:pmd_page_vaddr:%11
</harden/bcfiles/linux_bcfiles/kbmp_kbmi_net_final.bc>:pte_index:%2	</harden/bcfiles/linux_bcfiles/kbmp_kbmi_net_final.bc>:pte_index:%3
</harden/bcfiles/linux_bcfiles/kbmp_kbmi_net_final.bc>:native_pmd_val:%4	</harden/bcfiles/linux_bcfiles/kbmp_kbmi_net_final.bc>:native_pmd_val:%5
</harden/bcfiles/linux_bcfiles/kbmp_kbmi_net_final.bc>:pmd_pfn_mask:%2	</harden/bcfiles/linux_bcfiles/kbmp_kbmi_net_final.bc>:pmd_pfn_mask:%13
</harden/bcfiles/linux_bcfiles/kbmp_kbmi_net_final.bc>:pgd_offset_pgd:8:0:@pgdir_shift	</harden/bcfiles/linux_bcfiles/kbmp_kbmi_net_final.bc>:pgd_offset_pgd:%7
</harden/bcfiles/linux_bcfiles/kbmp_kbmi_net_final.bc>:pgd_offset_pgd:%4	</harden/bcfiles/linux_bcfiles/kbmp_kbmi_net_final.bc>:pgd_offset_pgd:%6
</harden/bcfiles/linux_bcfiles/kbmp_kbmi_net_final.bc>:pgd_offset_pgd:%3	</harden/bcfiles/linux_bcfiles/kbmp_kbmi_net_final.bc>:pgd_offset_pgd:%5
</harden/bcfiles/linux_bcfiles/kbmp_kbmi_net_final.bc>:p4d_offset:%12	</harden/bcfiles/linux_bcfiles/kbmp_kbmi_net_final.bc>:p4d_offset:%77
</harden/bcfiles/linux_bcfiles/kbmp_kbmi_net_final.bc>:p4d_offset:%13	</harden/bcfiles/linux_bcfiles/kbmp_kbmi_net_final.bc>:p4d_offset:%68
</harden/bcfiles/linux_bcfiles/kbmp_kbmi_net_final.bc>:p4d_offset:%13	</harden/bcfiles/linux_bcfiles/kbmp_kbmi_net_final.bc>:p4d_offset:%65
</harden/bcfiles/linux_bcfiles/kbmp_kbmi_net_final.bc>:p4d_offset:%9	</harden/bcfiles/linux_bcfiles/kbmp_kbmi_net_final.bc>:p4d_offset:%50
</harden/bcfiles/linux_bcfiles/kbmp_kbmi_net_final.bc>:p4d_offset:%9	</harden/bcfiles/linux_bcfiles/kbmp_kbmi_net_final.bc>:p4d_offset:%49
</harden/bcfiles/linux_bcfiles/kbmp_kbmi_net_final.bc>:p4d_offset:%5	</harden/bcfiles/linux_bcfiles/kbmp_kbmi_net_final.bc>:p4d_offset:%42
</harden/bcfiles/linux_bcfiles/kbmp_kbmi_net_final.bc>:p4d_offset:%11	</harden/bcfiles/linux_bcfiles/kbmp_kbmi_net_final.bc>:p4d_offset:%38
</harden/bcfiles/linux_bcfiles/kbmp_kbmi_net_final.bc>:p4d_offset:%8	</harden/bcfiles/linux_bcfiles/kbmp_kbmi_net_final.bc>:p4d_offset:%63
</harden/bcfiles/linux_bcfiles/kbmp_kbmi_net_final.bc>:p4d_offset:%10	</harden/bcfiles/linux_bcfiles/kbmp_kbmi_net_final.bc>:p4d_offset:%37
</harden/bcfiles/linux_bcfiles/kbmp_kbmi_net_final.bc>:p4d_offset:%31	</harden/bcfiles/linux_bcfiles/kbmp_kbmi_net_final.bc>:p4d_offset:%32
</harden/bcfiles/linux_bcfiles/kbmp_kbmi_net_final.bc>:p4d_offset:%6	</harden/bcfiles/linux_bcfiles/kbmp_kbmi_net_final.bc>:p4d_offset:%29
</harden/bcfiles/linux_bcfiles/kbmp_kbmi_net_final.bc>:p4d_offset:%7	</harden/bcfiles/linux_bcfiles/kbmp_kbmi_net_final.bc>:p4d_offset:%28
</harden/bcfiles/linux_bcfiles/kbmp_kbmi_net_final.bc>:p4d_offset:%65	</harden/bcfiles/linux_bcfiles/kbmp_kbmi_net_final.bc>:p4d_offset:%66
</harden/bcfiles/linux_bcfiles/kbmp_kbmi_net_final.bc>:p4d_offset:%6	</harden/bcfiles/linux_bcfiles/kbmp_kbmi_net_final.bc>:p4d_offset:%25
</harden/bcfiles/linux_bcfiles/kbmp_kbmi_net_final.bc>:p4d_offset:%11	</harden/bcfiles/linux_bcfiles/kbmp_kbmi_net_final.bc>:p4d_offset:%24
</harden/bcfiles/linux_bcfiles/kbmp_kbmi_net_final.bc>:p4d_offset:%10	</harden/bcfiles/linux_bcfiles/kbmp_kbmi_net_final.bc>:p4d_offset:%23
</harden/bcfiles/linux_bcfiles/kbmp_kbmi_net_final.bc>:p4d_offset:%9	</harden/bcfiles/linux_bcfiles/kbmp_kbmi_net_final.bc>:p4d_offset:%54
</harden/bcfiles/linux_bcfiles/kbmp_kbmi_net_final.bc>:pud_offset:%3	</harden/bcfiles/linux_bcfiles/kbmp_kbmi_net_final.bc>:pud_offset:%5
</harden/bcfiles/linux_bcfiles/kbmp_kbmi_net_final.bc>:pmd_offset:%3	</harden/bcfiles/linux_bcfiles/kbmp_kbmi_net_final.bc>:pmd_offset:%5
</harden/bcfiles/linux_bcfiles/kbmp_kbmi_net_final.bc>:pud_pgtable:%13	</harden/bcfiles/linux_bcfiles/kbmp_kbmi_net_final.bc>:pud_pgtable:%14
</harden/bcfiles/linux_bcfiles/kbmp_kbmi_net_final.bc>:pud_pgtable:11:0:@page_offset_base	</harden/bcfiles/linux_bcfiles/kbmp_kbmi_net_final.bc>:pud_pgtable:%11
</harden/bcfiles/linux_bcfiles/kbmp_kbmi_net_final.bc>:pmd_index:%2	</harden/bcfiles/linux_bcfiles/kbmp_kbmi_net_final.bc>:pmd_index:%3
</harden/bcfiles/linux_bcfiles/kbmp_kbmi_net_final.bc>:native_pud_val:%4	</harden/bcfiles/linux_bcfiles/kbmp_kbmi_net_final.bc>:native_pud_val:%5
</harden/bcfiles/linux_bcfiles/kbmp_kbmi_net_final.bc>:pud_pfn_mask:%2	</harden/bcfiles/linux_bcfiles/kbmp_kbmi_net_final.bc>:pud_pfn_mask:%13
</harden/bcfiles/linux_bcfiles/kbmp_kbmi_net_final.bc>:p4d_pgtable:%13	</harden/bcfiles/linux_bcfiles/kbmp_kbmi_net_final.bc>:p4d_pgtable:%14
</harden/bcfiles/linux_bcfiles/kbmp_kbmi_net_final.bc>:p4d_pgtable:11:0:@page_offset_base	</harden/bcfiles/linux_bcfiles/kbmp_kbmi_net_final.bc>:p4d_pgtable:%11
</harden/bcfiles/linux_bcfiles/kbmp_kbmi_net_final.bc>:pud_index:%2	</harden/bcfiles/linux_bcfiles/kbmp_kbmi_net_final.bc>:pud_index:%3
</harden/bcfiles/linux_bcfiles/kbmp_kbmi_net_final.bc>:native_p4d_val:%4	</harden/bcfiles/linux_bcfiles/kbmp_kbmi_net_final.bc>:native_p4d_val:%5
</harden/bcfiles/linux_bcfiles/kbmp_kbmi_net_final.bc>:pgd_page_vaddr:8:0:@page_offset_base	</harden/bcfiles/linux_bcfiles/kbmp_kbmi_net_final.bc>:pgd_page_vaddr:%8
</harden/bcfiles/linux_bcfiles/kbmp_kbmi_net_final.bc>:p4d_index:5:0:@ptrs_per_p4d	</harden/bcfiles/linux_bcfiles/kbmp_kbmi_net_final.bc>:p4d_index:%5
</harden/bcfiles/linux_bcfiles/kbmp_kbmi_net_final.bc>:p4d_index:%2	</harden/bcfiles/linux_bcfiles/kbmp_kbmi_net_final.bc>:p4d_index:%3
</harden/bcfiles/linux_bcfiles/kbmp_kbmi_net_final.bc>:native_pgd_val:%4	</harden/bcfiles/linux_bcfiles/kbmp_kbmi_net_final.bc>:native_pgd_val:%5
</harden/bcfiles/linux_bcfiles/kbmp_kbmi_net_final.bc>:kbmi_net_exit:%1	</harden/bcfiles/linux_bcfiles/kbmp_kbmi_net_final.bc>:kbmi_net_exit:%2
</harden/bcfiles/linux_bcfiles/kbmp_kbmi_net_final.bc>:kbmi_net_init:%1	</harden/bcfiles/linux_bcfiles/kbmp_kbmi_net_final.bc>:kbmi_net_init:%17
</harden/bcfiles/linux_bcfiles/kbmp_kbmi_net_final.bc>:kbmi_net_init:%4	</harden/bcfiles/linux_bcfiles/kbmp_kbmi_net_final.bc>:kbmi_net_init:%15
</harden/bcfiles/linux_bcfiles/kbmp_kbmi_net_final.bc>:kbmi_net_init:%2	</harden/bcfiles/linux_bcfiles/kbmp_kbmi_net_final.bc>:kbmi_net_init:%13
</harden/bcfiles/linux_bcfiles/kbmp_kbmi_net_final.bc>:kbmi_net_init:%3	</harden/bcfiles/linux_bcfiles/kbmp_kbmi_net_final.bc>:kbmi_net_init:%12
</harden/bcfiles/linux_bcfiles/kbmp_kbmi_net_final.bc>:kbmi_net_init:%2	</harden/bcfiles/linux_bcfiles/kbmp_kbmi_net_final.bc>:kbmi_net_init:%6
</harden/bcfiles/linux_bcfiles/kbmp_kbmi_net_final.bc>:kbmi_packet_filter_hook:%8	</harden/bcfiles/linux_bcfiles/kbmp_kbmi_net_final.bc>:kbmi_packet_filter_hook:%55
</harden/bcfiles/linux_bcfiles/kbmp_kbmi_net_final.bc>:kbmi_packet_filter_hook:%14	</harden/bcfiles/linux_bcfiles/kbmp_kbmi_net_final.bc>:kbmi_packet_filter_hook:%42
</harden/bcfiles/linux_bcfiles/kbmp_kbmi_net_final.bc>:kbmi_packet_filter_hook:%12	</harden/bcfiles/linux_bcfiles/kbmp_kbmi_net_final.bc>:kbmi_packet_filter_hook:%38
</harden/bcfiles/linux_bcfiles/kbmp_kbmi_net_final.bc>:kbmi_packet_filter_hook:%13	</harden/bcfiles/linux_bcfiles/kbmp_kbmi_net_final.bc>:kbmi_packet_filter_hook:%37
</harden/bcfiles/linux_bcfiles/kbmp_kbmi_net_final.bc>:kbmi_packet_filter_hook:%11	</harden/bcfiles/linux_bcfiles/kbmp_kbmi_net_final.bc>:kbmi_packet_filter_hook:%33
</harden/bcfiles/linux_bcfiles/kbmp_kbmi_net_final.bc>:kbmi_packet_filter_hook:%9	</harden/bcfiles/linux_bcfiles/kbmp_kbmi_net_final.bc>:kbmi_packet_filter_hook:%28
</harden/bcfiles/linux_bcfiles/kbmp_kbmi_net_final.bc>:kbmi_packet_filter_hook:%10	</harden/bcfiles/linux_bcfiles/kbmp_kbmi_net_final.bc>:kbmi_packet_filter_hook:%26
</harden/bcfiles/linux_bcfiles/kbmp_kbmi_net_final.bc>:kbmi_packet_filter_hook:%9	</harden/bcfiles/linux_bcfiles/kbmp_kbmi_net_final.bc>:kbmi_packet_filter_hook:%20
</harden/bcfiles/linux_bcfiles/kbmp_kbmi_net_final.bc>:kbmi_packet_filter_hook:%15	</harden/bcfiles/linux_bcfiles/kbmp_kbmi_net_final.bc>:kbmi_packet_filter_hook:%48
</harden/bcfiles/linux_bcfiles/kbmp_kbmi_net_final.bc>:kbmi_packet_filter_hook:%9	</harden/bcfiles/linux_bcfiles/kbmp_kbmi_net_final.bc>:kbmi_packet_filter_hook:%35
