</harden/bcfiles/linux_bcfiles/kbmp_kbmi_net_final.bc>:display:59	</harden/bcfiles/linux_bcfiles/kbmp_kbmi_net_final.bc>:get_message_from_buffer:0
</harden/bcfiles/linux_bcfiles/kbmp_kbmi_net_final.bc>:display:74	</harden/bcfiles/linux_bcfiles/kbmp_kbmi_net_final.bc>:rotate:0
</harden/bcfiles/linux_bcfiles/kbmp_kbmi_net_final.bc>:display:128	</harden/bcfiles/linux_bcfiles/kbmp_kbmi_net_final.bc>:copy_overflow:0
</harden/bcfiles/linux_bcfiles/kbmp_kbmi_net_final.bc>:display:172	</harden/bcfiles/linux_bcfiles/kbmp_kbmi_net_final.bc>:check_object_size:0
</harden/bcfiles/linux_bcfiles/kbmp_kbmi_net_final.bc>:message_read:112	</harden/bcfiles/linux_bcfiles/kbmp_kbmi_net_final.bc>:copy_overflow:0
</harden/bcfiles/linux_bcfiles/kbmp_kbmi_net_final.bc>:message_read:156	</harden/bcfiles/linux_bcfiles/kbmp_kbmi_net_final.bc>:check_object_size:0
</harden/bcfiles/linux_bcfiles/kbmp_kbmi_net_final.bc>:message_write:72	</harden/bcfiles/linux_bcfiles/kbmp_kbmi_net_final.bc>:might_fault:0
</harden/bcfiles/linux_bcfiles/kbmp_kbmi_net_final.bc>:message_write:93	</harden/bcfiles/linux_bcfiles/kbmp_kbmi_net_final.bc>:kmsan_unpoison_memory:0
</harden/bcfiles/linux_bcfiles/kbmp_kbmi_net_final.bc>:message_write:171	</harden/bcfiles/linux_bcfiles/kbmp_kbmi_net_final.bc>:copy_overflow:0
</harden/bcfiles/linux_bcfiles/kbmp_kbmi_net_final.bc>:message_write:215	</harden/bcfiles/linux_bcfiles/kbmp_kbmi_net_final.bc>:check_object_size:0
</harden/bcfiles/linux_bcfiles/kbmp_kbmi_net_final.bc>:make_dynamic_area:48	</harden/bcfiles/linux_bcfiles/kbmp_kbmi_net_final.bc>:virt_to_kpte:0
</harden/bcfiles/linux_bcfiles/kbmp_kbmi_net_final.bc>:make_dynamic_area:57	</harden/bcfiles/linux_bcfiles/kbmp_kbmi_net_final.bc>:pte_exec:0
</harden/bcfiles/linux_bcfiles/kbmp_kbmi_net_final.bc>:make_dynamic_area:82	</harden/bcfiles/linux_bcfiles/kbmp_kbmi_net_final.bc>:pte_mkexec:0
</harden/bcfiles/linux_bcfiles/kbmp_kbmi_net_final.bc>:make_dynamic_area:87	</harden/bcfiles/linux_bcfiles/kbmp_kbmi_net_final.bc>:set_ptes:0
</harden/bcfiles/linux_bcfiles/kbmp_kbmi_net_final.bc>:virt_to_kpte:6	</harden/bcfiles/linux_bcfiles/kbmp_kbmi_net_final.bc>:pmd_off_k:0
</harden/bcfiles/linux_bcfiles/kbmp_kbmi_net_final.bc>:virt_to_kpte:11	</harden/bcfiles/linux_bcfiles/kbmp_kbmi_net_final.bc>:pmd_none:0
</harden/bcfiles/linux_bcfiles/kbmp_kbmi_net_final.bc>:virt_to_kpte:17	</harden/bcfiles/linux_bcfiles/kbmp_kbmi_net_final.bc>:pte_offset_kernel:0
</harden/bcfiles/linux_bcfiles/kbmp_kbmi_net_final.bc>:pte_exec:6	</harden/bcfiles/linux_bcfiles/kbmp_kbmi_net_final.bc>:pte_flags:0
</harden/bcfiles/linux_bcfiles/kbmp_kbmi_net_final.bc>:pte_mkexec:7	</harden/bcfiles/linux_bcfiles/kbmp_kbmi_net_final.bc>:pte_clear_flags:0
</harden/bcfiles/linux_bcfiles/kbmp_kbmi_net_final.bc>:set_ptes:22	</harden/bcfiles/linux_bcfiles/kbmp_kbmi_net_final.bc>:page_table_check_ptes_set:0
</harden/bcfiles/linux_bcfiles/kbmp_kbmi_net_final.bc>:set_ptes:29	</harden/bcfiles/linux_bcfiles/kbmp_kbmi_net_final.bc>:native_set_pte:0
</harden/bcfiles/linux_bcfiles/kbmp_kbmi_net_final.bc>:set_ptes:41	</harden/bcfiles/linux_bcfiles/kbmp_kbmi_net_final.bc>:pte_next_pfn:0
</harden/bcfiles/linux_bcfiles/kbmp_kbmi_net_final.bc>:pte_next_pfn:7	</harden/bcfiles/linux_bcfiles/kbmp_kbmi_net_final.bc>:native_pte_val:0
</harden/bcfiles/linux_bcfiles/kbmp_kbmi_net_final.bc>:pte_next_pfn:8	</harden/bcfiles/linux_bcfiles/kbmp_kbmi_net_final.bc>:__pte_needs_invert:0
</harden/bcfiles/linux_bcfiles/kbmp_kbmi_net_final.bc>:pte_next_pfn:12	</harden/bcfiles/linux_bcfiles/kbmp_kbmi_net_final.bc>:native_pte_val:0
</harden/bcfiles/linux_bcfiles/kbmp_kbmi_net_final.bc>:pte_next_pfn:14	</harden/bcfiles/linux_bcfiles/kbmp_kbmi_net_final.bc>:native_make_pte:0
</harden/bcfiles/linux_bcfiles/kbmp_kbmi_net_final.bc>:pte_next_pfn:20	</harden/bcfiles/linux_bcfiles/kbmp_kbmi_net_final.bc>:native_pte_val:0
</harden/bcfiles/linux_bcfiles/kbmp_kbmi_net_final.bc>:pte_next_pfn:22	</harden/bcfiles/linux_bcfiles/kbmp_kbmi_net_final.bc>:native_make_pte:0
</harden/bcfiles/linux_bcfiles/kbmp_kbmi_net_final.bc>:pte_clear_flags:12	</harden/bcfiles/linux_bcfiles/kbmp_kbmi_net_final.bc>:native_pte_val:0
</harden/bcfiles/linux_bcfiles/kbmp_kbmi_net_final.bc>:pte_clear_flags:18	</harden/bcfiles/linux_bcfiles/kbmp_kbmi_net_final.bc>:native_make_pte:0
</harden/bcfiles/linux_bcfiles/kbmp_kbmi_net_final.bc>:pte_flags:6	</harden/bcfiles/linux_bcfiles/kbmp_kbmi_net_final.bc>:native_pte_val:0
</harden/bcfiles/linux_bcfiles/kbmp_kbmi_net_final.bc>:pmd_off_k:5	</harden/bcfiles/linux_bcfiles/kbmp_kbmi_net_final.bc>:pgd_offset_pgd:0
</harden/bcfiles/linux_bcfiles/kbmp_kbmi_net_final.bc>:pmd_off_k:7	</harden/bcfiles/linux_bcfiles/kbmp_kbmi_net_final.bc>:p4d_offset:0
</harden/bcfiles/linux_bcfiles/kbmp_kbmi_net_final.bc>:pmd_off_k:9	</harden/bcfiles/linux_bcfiles/kbmp_kbmi_net_final.bc>:pud_offset:0
</harden/bcfiles/linux_bcfiles/kbmp_kbmi_net_final.bc>:pmd_off_k:11	</harden/bcfiles/linux_bcfiles/kbmp_kbmi_net_final.bc>:pmd_offset:0
</harden/bcfiles/linux_bcfiles/kbmp_kbmi_net_final.bc>:pmd_none:8	</harden/bcfiles/linux_bcfiles/kbmp_kbmi_net_final.bc>:native_pmd_val:0
</harden/bcfiles/linux_bcfiles/kbmp_kbmi_net_final.bc>:pte_offset_kernel:9	</harden/bcfiles/linux_bcfiles/kbmp_kbmi_net_final.bc>:pmd_page_vaddr:0
</harden/bcfiles/linux_bcfiles/kbmp_kbmi_net_final.bc>:pte_offset_kernel:12	</harden/bcfiles/linux_bcfiles/kbmp_kbmi_net_final.bc>:pte_index:0
</harden/bcfiles/linux_bcfiles/kbmp_kbmi_net_final.bc>:pmd_page_vaddr:6	</harden/bcfiles/linux_bcfiles/kbmp_kbmi_net_final.bc>:native_pmd_val:0
</harden/bcfiles/linux_bcfiles/kbmp_kbmi_net_final.bc>:pmd_page_vaddr:9	</harden/bcfiles/linux_bcfiles/kbmp_kbmi_net_final.bc>:pmd_pfn_mask:0
</harden/bcfiles/linux_bcfiles/kbmp_kbmi_net_final.bc>:pmd_pfn_mask:7	</harden/bcfiles/linux_bcfiles/kbmp_kbmi_net_final.bc>:native_pmd_val:0
</harden/bcfiles/linux_bcfiles/kbmp_kbmi_net_final.bc>:p4d_offset:93	</harden/bcfiles/linux_bcfiles/kbmp_kbmi_net_final.bc>:pgd_page_vaddr:0
</harden/bcfiles/linux_bcfiles/kbmp_kbmi_net_final.bc>:p4d_offset:96	</harden/bcfiles/linux_bcfiles/kbmp_kbmi_net_final.bc>:p4d_index:0
</harden/bcfiles/linux_bcfiles/kbmp_kbmi_net_final.bc>:pud_offset:9	</harden/bcfiles/linux_bcfiles/kbmp_kbmi_net_final.bc>:p4d_pgtable:0
</harden/bcfiles/linux_bcfiles/kbmp_kbmi_net_final.bc>:pud_offset:11	</harden/bcfiles/linux_bcfiles/kbmp_kbmi_net_final.bc>:pud_index:0
</harden/bcfiles/linux_bcfiles/kbmp_kbmi_net_final.bc>:pmd_offset:9	</harden/bcfiles/linux_bcfiles/kbmp_kbmi_net_final.bc>:pud_pgtable:0
</harden/bcfiles/linux_bcfiles/kbmp_kbmi_net_final.bc>:pmd_offset:11	</harden/bcfiles/linux_bcfiles/kbmp_kbmi_net_final.bc>:pmd_index:0
</harden/bcfiles/linux_bcfiles/kbmp_kbmi_net_final.bc>:pud_pgtable:6	</harden/bcfiles/linux_bcfiles/kbmp_kbmi_net_final.bc>:native_pud_val:0
</harden/bcfiles/linux_bcfiles/kbmp_kbmi_net_final.bc>:pud_pgtable:9	</harden/bcfiles/linux_bcfiles/kbmp_kbmi_net_final.bc>:pud_pfn_mask:0
</harden/bcfiles/linux_bcfiles/kbmp_kbmi_net_final.bc>:pud_pfn_mask:7	</harden/bcfiles/linux_bcfiles/kbmp_kbmi_net_final.bc>:native_pud_val:0
</harden/bcfiles/linux_bcfiles/kbmp_kbmi_net_final.bc>:p4d_pgtable:6	</harden/bcfiles/linux_bcfiles/kbmp_kbmi_net_final.bc>:native_p4d_val:0
</harden/bcfiles/linux_bcfiles/kbmp_kbmi_net_final.bc>:p4d_pgtable:9	</harden/bcfiles/linux_bcfiles/kbmp_kbmi_net_final.bc>:p4d_pfn_mask:0
</harden/bcfiles/linux_bcfiles/kbmp_kbmi_net_final.bc>:pgd_page_vaddr:6	</harden/bcfiles/linux_bcfiles/kbmp_kbmi_net_final.bc>:native_pgd_val:0
</harden/bcfiles/linux_bcfiles/kbmp_kbmi_net_final.bc>:kbmi_packet_filter_hook:71	</harden/bcfiles/linux_bcfiles/kbmp_kbmi_net_final.bc>:make_dynamic_area:0
