block:</harden/bcfiles/linux_bcfiles/kbmp_kbmi_net_final.bc>:kbmp_exit:[basicblock]%0	</harden/bcfiles/linux_bcfiles/kbmp_kbmi_net_final.bc>:kbmp_exit
block:</harden/bcfiles/linux_bcfiles/kbmp_kbmi_net_final.bc>:kbmp_init:[basicblock]%29	</harden/bcfiles/linux_bcfiles/kbmp_kbmi_net_final.bc>:kbmp_init
block:</harden/bcfiles/linux_bcfiles/kbmp_kbmi_net_final.bc>:display:[basicblock]%156	</harden/bcfiles/linux_bcfiles/kbmp_kbmi_net_final.bc>:display
block:</harden/bcfiles/linux_bcfiles/kbmp_kbmi_net_final.bc>:get_message_from_buffer:[basicblock]%179	</harden/bcfiles/linux_bcfiles/kbmp_kbmi_net_final.bc>:get_message_from_buffer
block:</harden/bcfiles/linux_bcfiles/kbmp_kbmi_net_final.bc>:rotate:[basicblock]%201	</harden/bcfiles/linux_bcfiles/kbmp_kbmi_net_final.bc>:rotate
block:</harden/bcfiles/linux_bcfiles/kbmp_kbmi_net_final.bc>:copy_overflow:[basicblock]%2	</harden/bcfiles/linux_bcfiles/kbmp_kbmi_net_final.bc>:copy_overflow
block:</harden/bcfiles/linux_bcfiles/kbmp_kbmi_net_final.bc>:check_object_size:[basicblock]%3	</harden/bcfiles/linux_bcfiles/kbmp_kbmi_net_final.bc>:check_object_size
block:</harden/bcfiles/linux_bcfiles/kbmp_kbmi_net_final.bc>:message_read:[basicblock]%144	</harden/bcfiles/linux_bcfiles/kbmp_kbmi_net_final.bc>:message_read
block:</harden/bcfiles/linux_bcfiles/kbmp_kbmi_net_final.bc>:message_write:[basicblock]%191	</harden/bcfiles/linux_bcfiles/kbmp_kbmi_net_final.bc>:message_write
block:</harden/bcfiles/linux_bcfiles/kbmp_kbmi_net_final.bc>:might_fault:[basicblock]%0	</harden/bcfiles/linux_bcfiles/kbmp_kbmi_net_final.bc>:might_fault
block:</harden/bcfiles/linux_bcfiles/kbmp_kbmi_net_final.bc>:kmsan_unpoison_memory:[basicblock]%2	</harden/bcfiles/linux_bcfiles/kbmp_kbmi_net_final.bc>:kmsan_unpoison_memory
block:</harden/bcfiles/linux_bcfiles/kbmp_kbmi_net_final.bc>:make_dynamic_area:[basicblock]%62	</harden/bcfiles/linux_bcfiles/kbmp_kbmi_net_final.bc>:make_dynamic_area
block:</harden/bcfiles/linux_bcfiles/kbmp_kbmi_net_final.bc>:virt_to_kpte:[basicblock]%16	</harden/bcfiles/linux_bcfiles/kbmp_kbmi_net_final.bc>:virt_to_kpte
block:</harden/bcfiles/linux_bcfiles/kbmp_kbmi_net_final.bc>:pte_exec:[basicblock]%1	</harden/bcfiles/linux_bcfiles/kbmp_kbmi_net_final.bc>:pte_exec
block:</harden/bcfiles/linux_bcfiles/kbmp_kbmi_net_final.bc>:pte_mkexec:[basicblock]%1	</harden/bcfiles/linux_bcfiles/kbmp_kbmi_net_final.bc>:pte_mkexec
block:</harden/bcfiles/linux_bcfiles/kbmp_kbmi_net_final.bc>:set_ptes:[basicblock]%39	</harden/bcfiles/linux_bcfiles/kbmp_kbmi_net_final.bc>:set_ptes
block:</harden/bcfiles/linux_bcfiles/kbmp_kbmi_net_final.bc>:page_table_check_ptes_set:[basicblock]%4	</harden/bcfiles/linux_bcfiles/kbmp_kbmi_net_final.bc>:page_table_check_ptes_set
block:</harden/bcfiles/linux_bcfiles/kbmp_kbmi_net_final.bc>:native_set_pte:[basicblock]%14	</harden/bcfiles/linux_bcfiles/kbmp_kbmi_net_final.bc>:native_set_pte
block:</harden/bcfiles/linux_bcfiles/kbmp_kbmi_net_final.bc>:pte_next_pfn:[basicblock]%23	</harden/bcfiles/linux_bcfiles/kbmp_kbmi_net_final.bc>:pte_next_pfn
block:</harden/bcfiles/linux_bcfiles/kbmp_kbmi_net_final.bc>:native_pte_val:[basicblock]%1	</harden/bcfiles/linux_bcfiles/kbmp_kbmi_net_final.bc>:native_pte_val
block:</harden/bcfiles/linux_bcfiles/kbmp_kbmi_net_final.bc>:__pte_needs_invert:[basicblock]%10	</harden/bcfiles/linux_bcfiles/kbmp_kbmi_net_final.bc>:__pte_needs_invert
block:</harden/bcfiles/linux_bcfiles/kbmp_kbmi_net_final.bc>:native_make_pte:[basicblock]%1	</harden/bcfiles/linux_bcfiles/kbmp_kbmi_net_final.bc>:native_make_pte
block:</harden/bcfiles/linux_bcfiles/kbmp_kbmi_net_final.bc>:pte_clear_flags:[basicblock]%2	</harden/bcfiles/linux_bcfiles/kbmp_kbmi_net_final.bc>:pte_clear_flags
block:</harden/bcfiles/linux_bcfiles/kbmp_kbmi_net_final.bc>:pte_flags:[basicblock]%1	</harden/bcfiles/linux_bcfiles/kbmp_kbmi_net_final.bc>:pte_flags
block:</harden/bcfiles/linux_bcfiles/kbmp_kbmi_net_final.bc>:pmd_off_k:[basicblock]%1	</harden/bcfiles/linux_bcfiles/kbmp_kbmi_net_final.bc>:pmd_off_k
block:</harden/bcfiles/linux_bcfiles/kbmp_kbmi_net_final.bc>:pmd_none:[basicblock]%1	</harden/bcfiles/linux_bcfiles/kbmp_kbmi_net_final.bc>:pmd_none
block:</harden/bcfiles/linux_bcfiles/kbmp_kbmi_net_final.bc>:pte_offset_kernel:[basicblock]%2	</harden/bcfiles/linux_bcfiles/kbmp_kbmi_net_final.bc>:pte_offset_kernel
block:</harden/bcfiles/linux_bcfiles/kbmp_kbmi_net_final.bc>:pmd_page_vaddr:[basicblock]%1	</harden/bcfiles/linux_bcfiles/kbmp_kbmi_net_final.bc>:pmd_page_vaddr
block:</harden/bcfiles/linux_bcfiles/kbmp_kbmi_net_final.bc>:pte_index:[basicblock]%1	</harden/bcfiles/linux_bcfiles/kbmp_kbmi_net_final.bc>:pte_index
block:</harden/bcfiles/linux_bcfiles/kbmp_kbmi_net_final.bc>:native_pmd_val:[basicblock]%1	</harden/bcfiles/linux_bcfiles/kbmp_kbmi_net_final.bc>:native_pmd_val
block:</harden/bcfiles/linux_bcfiles/kbmp_kbmi_net_final.bc>:pmd_pfn_mask:[basicblock]%12	</harden/bcfiles/linux_bcfiles/kbmp_kbmi_net_final.bc>:pmd_pfn_mask
block:</harden/bcfiles/linux_bcfiles/kbmp_kbmi_net_final.bc>:pgd_offset_pgd:[basicblock]%2	</harden/bcfiles/linux_bcfiles/kbmp_kbmi_net_final.bc>:pgd_offset_pgd
block:</harden/bcfiles/linux_bcfiles/kbmp_kbmi_net_final.bc>:p4d_offset:[basicblock]%76	</harden/bcfiles/linux_bcfiles/kbmp_kbmi_net_final.bc>:p4d_offset
block:</harden/bcfiles/linux_bcfiles/kbmp_kbmi_net_final.bc>:pud_offset:[basicblock]%2	</harden/bcfiles/linux_bcfiles/kbmp_kbmi_net_final.bc>:pud_offset
block:</harden/bcfiles/linux_bcfiles/kbmp_kbmi_net_final.bc>:pmd_offset:[basicblock]%2	</harden/bcfiles/linux_bcfiles/kbmp_kbmi_net_final.bc>:pmd_offset
block:</harden/bcfiles/linux_bcfiles/kbmp_kbmi_net_final.bc>:pud_pgtable:[basicblock]%1	</harden/bcfiles/linux_bcfiles/kbmp_kbmi_net_final.bc>:pud_pgtable
block:</harden/bcfiles/linux_bcfiles/kbmp_kbmi_net_final.bc>:pmd_index:[basicblock]%1	</harden/bcfiles/linux_bcfiles/kbmp_kbmi_net_final.bc>:pmd_index
block:</harden/bcfiles/linux_bcfiles/kbmp_kbmi_net_final.bc>:native_pud_val:[basicblock]%1	</harden/bcfiles/linux_bcfiles/kbmp_kbmi_net_final.bc>:native_pud_val
block:</harden/bcfiles/linux_bcfiles/kbmp_kbmi_net_final.bc>:pud_pfn_mask:[basicblock]%12	</harden/bcfiles/linux_bcfiles/kbmp_kbmi_net_final.bc>:pud_pfn_mask
block:</harden/bcfiles/linux_bcfiles/kbmp_kbmi_net_final.bc>:p4d_pgtable:[basicblock]%1	</harden/bcfiles/linux_bcfiles/kbmp_kbmi_net_final.bc>:p4d_pgtable
block:</harden/bcfiles/linux_bcfiles/kbmp_kbmi_net_final.bc>:pud_index:[basicblock]%1	</harden/bcfiles/linux_bcfiles/kbmp_kbmi_net_final.bc>:pud_index
block:</harden/bcfiles/linux_bcfiles/kbmp_kbmi_net_final.bc>:native_p4d_val:[basicblock]%1	</harden/bcfiles/linux_bcfiles/kbmp_kbmi_net_final.bc>:native_p4d_val
block:</harden/bcfiles/linux_bcfiles/kbmp_kbmi_net_final.bc>:p4d_pfn_mask:[basicblock]%1	</harden/bcfiles/linux_bcfiles/kbmp_kbmi_net_final.bc>:p4d_pfn_mask
block:</harden/bcfiles/linux_bcfiles/kbmp_kbmi_net_final.bc>:pgd_page_vaddr:[basicblock]%1	</harden/bcfiles/linux_bcfiles/kbmp_kbmi_net_final.bc>:pgd_page_vaddr
block:</harden/bcfiles/linux_bcfiles/kbmp_kbmi_net_final.bc>:p4d_index:[basicblock]%1	</harden/bcfiles/linux_bcfiles/kbmp_kbmi_net_final.bc>:p4d_index
block:</harden/bcfiles/linux_bcfiles/kbmp_kbmi_net_final.bc>:native_pgd_val:[basicblock]%1	</harden/bcfiles/linux_bcfiles/kbmp_kbmi_net_final.bc>:native_pgd_val
block:</harden/bcfiles/linux_bcfiles/kbmp_kbmi_net_final.bc>:kbmi_net_exit:[basicblock]%0	</harden/bcfiles/linux_bcfiles/kbmp_kbmi_net_final.bc>:kbmi_net_exit
block:</harden/bcfiles/linux_bcfiles/kbmp_kbmi_net_final.bc>:kbmi_net_init:[basicblock]%16	</harden/bcfiles/linux_bcfiles/kbmp_kbmi_net_final.bc>:kbmi_net_init
block:</harden/bcfiles/linux_bcfiles/kbmp_kbmi_net_final.bc>:kbmi_packet_filter_hook:[basicblock]%54	</harden/bcfiles/linux_bcfiles/kbmp_kbmi_net_final.bc>:kbmi_packet_filter_hook
