</harden/bcfiles/linux_bcfiles/kbmp_kbmi_net_final.bc>:display	</harden/bcfiles/linux_bcfiles/kbmp_kbmi_net_final.bc>:display:%3
</harden/bcfiles/linux_bcfiles/kbmp_kbmi_net_final.bc>:display	</harden/bcfiles/linux_bcfiles/kbmp_kbmi_net_final.bc>:display:%2
</harden/bcfiles/linux_bcfiles/kbmp_kbmi_net_final.bc>:display	</harden/bcfiles/linux_bcfiles/kbmp_kbmi_net_final.bc>:display:%1
</harden/bcfiles/linux_bcfiles/kbmp_kbmi_net_final.bc>:display	</harden/bcfiles/linux_bcfiles/kbmp_kbmi_net_final.bc>:display:%0
</harden/bcfiles/linux_bcfiles/kbmp_kbmi_net_final.bc>:rotate	</harden/bcfiles/linux_bcfiles/kbmp_kbmi_net_final.bc>:rotate:%1
</harden/bcfiles/linux_bcfiles/kbmp_kbmi_net_final.bc>:rotate	</harden/bcfiles/linux_bcfiles/kbmp_kbmi_net_final.bc>:rotate:%0
</harden/bcfiles/linux_bcfiles/kbmp_kbmi_net_final.bc>:copy_overflow	</harden/bcfiles/linux_bcfiles/kbmp_kbmi_net_final.bc>:copy_overflow:%1
</harden/bcfiles/linux_bcfiles/kbmp_kbmi_net_final.bc>:copy_overflow	</harden/bcfiles/linux_bcfiles/kbmp_kbmi_net_final.bc>:copy_overflow:%0
</harden/bcfiles/linux_bcfiles/kbmp_kbmi_net_final.bc>:check_object_size	</harden/bcfiles/linux_bcfiles/kbmp_kbmi_net_final.bc>:check_object_size:%2
</harden/bcfiles/linux_bcfiles/kbmp_kbmi_net_final.bc>:check_object_size	</harden/bcfiles/linux_bcfiles/kbmp_kbmi_net_final.bc>:check_object_size:%1
</harden/bcfiles/linux_bcfiles/kbmp_kbmi_net_final.bc>:check_object_size	</harden/bcfiles/linux_bcfiles/kbmp_kbmi_net_final.bc>:check_object_size:%0
</harden/bcfiles/linux_bcfiles/kbmp_kbmi_net_final.bc>:message_read	</harden/bcfiles/linux_bcfiles/kbmp_kbmi_net_final.bc>:message_read:%3
</harden/bcfiles/linux_bcfiles/kbmp_kbmi_net_final.bc>:message_read	</harden/bcfiles/linux_bcfiles/kbmp_kbmi_net_final.bc>:message_read:%2
</harden/bcfiles/linux_bcfiles/kbmp_kbmi_net_final.bc>:message_read	</harden/bcfiles/linux_bcfiles/kbmp_kbmi_net_final.bc>:message_read:%1
</harden/bcfiles/linux_bcfiles/kbmp_kbmi_net_final.bc>:message_read	</harden/bcfiles/linux_bcfiles/kbmp_kbmi_net_final.bc>:message_read:%0
</harden/bcfiles/linux_bcfiles/kbmp_kbmi_net_final.bc>:message_write	</harden/bcfiles/linux_bcfiles/kbmp_kbmi_net_final.bc>:message_write:%3
</harden/bcfiles/linux_bcfiles/kbmp_kbmi_net_final.bc>:message_write	</harden/bcfiles/linux_bcfiles/kbmp_kbmi_net_final.bc>:message_write:%2
</harden/bcfiles/linux_bcfiles/kbmp_kbmi_net_final.bc>:message_write	</harden/bcfiles/linux_bcfiles/kbmp_kbmi_net_final.bc>:message_write:%1
</harden/bcfiles/linux_bcfiles/kbmp_kbmi_net_final.bc>:message_write	</harden/bcfiles/linux_bcfiles/kbmp_kbmi_net_final.bc>:message_write:%0
</harden/bcfiles/linux_bcfiles/kbmp_kbmi_net_final.bc>:kmsan_unpoison_memory	</harden/bcfiles/linux_bcfiles/kbmp_kbmi_net_final.bc>:kmsan_unpoison_memory:%1
</harden/bcfiles/linux_bcfiles/kbmp_kbmi_net_final.bc>:kmsan_unpoison_memory	</harden/bcfiles/linux_bcfiles/kbmp_kbmi_net_final.bc>:kmsan_unpoison_memory:%0
</harden/bcfiles/linux_bcfiles/kbmp_kbmi_net_final.bc>:virt_to_kpte	</harden/bcfiles/linux_bcfiles/kbmp_kbmi_net_final.bc>:virt_to_kpte:%0
</harden/bcfiles/linux_bcfiles/kbmp_kbmi_net_final.bc>:pte_exec	</harden/bcfiles/linux_bcfiles/kbmp_kbmi_net_final.bc>:pte_exec:%0
</harden/bcfiles/linux_bcfiles/kbmp_kbmi_net_final.bc>:pte_mkexec	</harden/bcfiles/linux_bcfiles/kbmp_kbmi_net_final.bc>:pte_mkexec:%0
</harden/bcfiles/linux_bcfiles/kbmp_kbmi_net_final.bc>:set_ptes	</harden/bcfiles/linux_bcfiles/kbmp_kbmi_net_final.bc>:set_ptes:%4
</harden/bcfiles/linux_bcfiles/kbmp_kbmi_net_final.bc>:set_ptes	</harden/bcfiles/linux_bcfiles/kbmp_kbmi_net_final.bc>:set_ptes:%3
</harden/bcfiles/linux_bcfiles/kbmp_kbmi_net_final.bc>:set_ptes	</harden/bcfiles/linux_bcfiles/kbmp_kbmi_net_final.bc>:set_ptes:%2
</harden/bcfiles/linux_bcfiles/kbmp_kbmi_net_final.bc>:set_ptes	</harden/bcfiles/linux_bcfiles/kbmp_kbmi_net_final.bc>:set_ptes:%1
</harden/bcfiles/linux_bcfiles/kbmp_kbmi_net_final.bc>:set_ptes	</harden/bcfiles/linux_bcfiles/kbmp_kbmi_net_final.bc>:set_ptes:%0
</harden/bcfiles/linux_bcfiles/kbmp_kbmi_net_final.bc>:page_table_check_ptes_set	</harden/bcfiles/linux_bcfiles/kbmp_kbmi_net_final.bc>:page_table_check_ptes_set:%3
</harden/bcfiles/linux_bcfiles/kbmp_kbmi_net_final.bc>:page_table_check_ptes_set	</harden/bcfiles/linux_bcfiles/kbmp_kbmi_net_final.bc>:page_table_check_ptes_set:%2
</harden/bcfiles/linux_bcfiles/kbmp_kbmi_net_final.bc>:page_table_check_ptes_set	</harden/bcfiles/linux_bcfiles/kbmp_kbmi_net_final.bc>:page_table_check_ptes_set:%1
</harden/bcfiles/linux_bcfiles/kbmp_kbmi_net_final.bc>:page_table_check_ptes_set	</harden/bcfiles/linux_bcfiles/kbmp_kbmi_net_final.bc>:page_table_check_ptes_set:%0
</harden/bcfiles/linux_bcfiles/kbmp_kbmi_net_final.bc>:native_set_pte	</harden/bcfiles/linux_bcfiles/kbmp_kbmi_net_final.bc>:native_set_pte:%1
</harden/bcfiles/linux_bcfiles/kbmp_kbmi_net_final.bc>:native_set_pte	</harden/bcfiles/linux_bcfiles/kbmp_kbmi_net_final.bc>:native_set_pte:%0
</harden/bcfiles/linux_bcfiles/kbmp_kbmi_net_final.bc>:pte_next_pfn	</harden/bcfiles/linux_bcfiles/kbmp_kbmi_net_final.bc>:pte_next_pfn:%0
</harden/bcfiles/linux_bcfiles/kbmp_kbmi_net_final.bc>:native_pte_val	</harden/bcfiles/linux_bcfiles/kbmp_kbmi_net_final.bc>:native_pte_val:%0
</harden/bcfiles/linux_bcfiles/kbmp_kbmi_net_final.bc>:__pte_needs_invert	</harden/bcfiles/linux_bcfiles/kbmp_kbmi_net_final.bc>:__pte_needs_invert:%0
</harden/bcfiles/linux_bcfiles/kbmp_kbmi_net_final.bc>:native_make_pte	</harden/bcfiles/linux_bcfiles/kbmp_kbmi_net_final.bc>:native_make_pte:%0
</harden/bcfiles/linux_bcfiles/kbmp_kbmi_net_final.bc>:pte_clear_flags	</harden/bcfiles/linux_bcfiles/kbmp_kbmi_net_final.bc>:pte_clear_flags:%1
</harden/bcfiles/linux_bcfiles/kbmp_kbmi_net_final.bc>:pte_clear_flags	</harden/bcfiles/linux_bcfiles/kbmp_kbmi_net_final.bc>:pte_clear_flags:%0
</harden/bcfiles/linux_bcfiles/kbmp_kbmi_net_final.bc>:pte_flags	</harden/bcfiles/linux_bcfiles/kbmp_kbmi_net_final.bc>:pte_flags:%0
</harden/bcfiles/linux_bcfiles/kbmp_kbmi_net_final.bc>:pmd_off_k	</harden/bcfiles/linux_bcfiles/kbmp_kbmi_net_final.bc>:pmd_off_k:%0
</harden/bcfiles/linux_bcfiles/kbmp_kbmi_net_final.bc>:pmd_none	</harden/bcfiles/linux_bcfiles/kbmp_kbmi_net_final.bc>:pmd_none:%0
</harden/bcfiles/linux_bcfiles/kbmp_kbmi_net_final.bc>:pte_offset_kernel	</harden/bcfiles/linux_bcfiles/kbmp_kbmi_net_final.bc>:pte_offset_kernel:%1
</harden/bcfiles/linux_bcfiles/kbmp_kbmi_net_final.bc>:pte_offset_kernel	</harden/bcfiles/linux_bcfiles/kbmp_kbmi_net_final.bc>:pte_offset_kernel:%0
</harden/bcfiles/linux_bcfiles/kbmp_kbmi_net_final.bc>:pmd_page_vaddr	</harden/bcfiles/linux_bcfiles/kbmp_kbmi_net_final.bc>:pmd_page_vaddr:%0
</harden/bcfiles/linux_bcfiles/kbmp_kbmi_net_final.bc>:pte_index	</harden/bcfiles/linux_bcfiles/kbmp_kbmi_net_final.bc>:pte_index:%0
</harden/bcfiles/linux_bcfiles/kbmp_kbmi_net_final.bc>:native_pmd_val	</harden/bcfiles/linux_bcfiles/kbmp_kbmi_net_final.bc>:native_pmd_val:%0
</harden/bcfiles/linux_bcfiles/kbmp_kbmi_net_final.bc>:pmd_pfn_mask	</harden/bcfiles/linux_bcfiles/kbmp_kbmi_net_final.bc>:pmd_pfn_mask:%0
</harden/bcfiles/linux_bcfiles/kbmp_kbmi_net_final.bc>:pgd_offset_pgd	</harden/bcfiles/linux_bcfiles/kbmp_kbmi_net_final.bc>:pgd_offset_pgd:%1
</harden/bcfiles/linux_bcfiles/kbmp_kbmi_net_final.bc>:pgd_offset_pgd	</harden/bcfiles/linux_bcfiles/kbmp_kbmi_net_final.bc>:pgd_offset_pgd:%0
</harden/bcfiles/linux_bcfiles/kbmp_kbmi_net_final.bc>:p4d_offset	</harden/bcfiles/linux_bcfiles/kbmp_kbmi_net_final.bc>:p4d_offset:%1
</harden/bcfiles/linux_bcfiles/kbmp_kbmi_net_final.bc>:p4d_offset	</harden/bcfiles/linux_bcfiles/kbmp_kbmi_net_final.bc>:p4d_offset:%0
</harden/bcfiles/linux_bcfiles/kbmp_kbmi_net_final.bc>:pud_offset	</harden/bcfiles/linux_bcfiles/kbmp_kbmi_net_final.bc>:pud_offset:%1
</harden/bcfiles/linux_bcfiles/kbmp_kbmi_net_final.bc>:pud_offset	</harden/bcfiles/linux_bcfiles/kbmp_kbmi_net_final.bc>:pud_offset:%0
</harden/bcfiles/linux_bcfiles/kbmp_kbmi_net_final.bc>:pmd_offset	</harden/bcfiles/linux_bcfiles/kbmp_kbmi_net_final.bc>:pmd_offset:%1
</harden/bcfiles/linux_bcfiles/kbmp_kbmi_net_final.bc>:pmd_offset	</harden/bcfiles/linux_bcfiles/kbmp_kbmi_net_final.bc>:pmd_offset:%0
</harden/bcfiles/linux_bcfiles/kbmp_kbmi_net_final.bc>:pud_pgtable	</harden/bcfiles/linux_bcfiles/kbmp_kbmi_net_final.bc>:pud_pgtable:%0
</harden/bcfiles/linux_bcfiles/kbmp_kbmi_net_final.bc>:pmd_index	</harden/bcfiles/linux_bcfiles/kbmp_kbmi_net_final.bc>:pmd_index:%0
</harden/bcfiles/linux_bcfiles/kbmp_kbmi_net_final.bc>:native_pud_val	</harden/bcfiles/linux_bcfiles/kbmp_kbmi_net_final.bc>:native_pud_val:%0
</harden/bcfiles/linux_bcfiles/kbmp_kbmi_net_final.bc>:pud_pfn_mask	</harden/bcfiles/linux_bcfiles/kbmp_kbmi_net_final.bc>:pud_pfn_mask:%0
</harden/bcfiles/linux_bcfiles/kbmp_kbmi_net_final.bc>:p4d_pgtable	</harden/bcfiles/linux_bcfiles/kbmp_kbmi_net_final.bc>:p4d_pgtable:%0
</harden/bcfiles/linux_bcfiles/kbmp_kbmi_net_final.bc>:pud_index	</harden/bcfiles/linux_bcfiles/kbmp_kbmi_net_final.bc>:pud_index:%0
</harden/bcfiles/linux_bcfiles/kbmp_kbmi_net_final.bc>:native_p4d_val	</harden/bcfiles/linux_bcfiles/kbmp_kbmi_net_final.bc>:native_p4d_val:%0
</harden/bcfiles/linux_bcfiles/kbmp_kbmi_net_final.bc>:p4d_pfn_mask	</harden/bcfiles/linux_bcfiles/kbmp_kbmi_net_final.bc>:p4d_pfn_mask:%0
</harden/bcfiles/linux_bcfiles/kbmp_kbmi_net_final.bc>:pgd_page_vaddr	</harden/bcfiles/linux_bcfiles/kbmp_kbmi_net_final.bc>:pgd_page_vaddr:%0
</harden/bcfiles/linux_bcfiles/kbmp_kbmi_net_final.bc>:p4d_index	</harden/bcfiles/linux_bcfiles/kbmp_kbmi_net_final.bc>:p4d_index:%0
</harden/bcfiles/linux_bcfiles/kbmp_kbmi_net_final.bc>:native_pgd_val	</harden/bcfiles/linux_bcfiles/kbmp_kbmi_net_final.bc>:native_pgd_val:%0
</harden/bcfiles/linux_bcfiles/kbmp_kbmi_net_final.bc>:kbmi_packet_filter_hook	</harden/bcfiles/linux_bcfiles/kbmp_kbmi_net_final.bc>:kbmi_packet_filter_hook:%2
</harden/bcfiles/linux_bcfiles/kbmp_kbmi_net_final.bc>:kbmi_packet_filter_hook	</harden/bcfiles/linux_bcfiles/kbmp_kbmi_net_final.bc>:kbmi_packet_filter_hook:%1
</harden/bcfiles/linux_bcfiles/kbmp_kbmi_net_final.bc>:kbmi_packet_filter_hook	</harden/bcfiles/linux_bcfiles/kbmp_kbmi_net_final.bc>:kbmi_packet_filter_hook:%0
