</harden/bcfiles/linux_bcfiles/kbmp_kbmi_net_final.bc>:kbmp_init:8:1:getelementptr inbounds ([1024 x i8], [1024 x i8]* @message_buffer, i64 0, i64 0)	0	</harden/bcfiles/linux_bcfiles/kbmp_kbmi_net_final.bc>:kbmp_init:8:3:0
</harden/bcfiles/linux_bcfiles/kbmp_kbmi_net_final.bc>:kbmp_init:9:1:getelementptr inbounds ([11 x i8], [11 x i8]* @.str, i64 0, i64 0)	0	</harden/bcfiles/linux_bcfiles/kbmp_kbmi_net_final.bc>:kbmp_init:9:3:0
</harden/bcfiles/linux_bcfiles/kbmp_kbmi_net_final.bc>:kbmp_init:16:1:getelementptr inbounds ([37 x i8], [37 x i8]* @.str.8, i64 0, i64 0)	0	</harden/bcfiles/linux_bcfiles/kbmp_kbmi_net_final.bc>:kbmp_init:16:3:0
</harden/bcfiles/linux_bcfiles/kbmp_kbmi_net_final.bc>:kbmp_init:23:1:getelementptr inbounds ([8 x i8], [8 x i8]* @.str.5, i64 0, i64 0)	0	</harden/bcfiles/linux_bcfiles/kbmp_kbmi_net_final.bc>:kbmp_init:23:3:0
</harden/bcfiles/linux_bcfiles/kbmp_kbmi_net_final.bc>:kbmp_init:30:1:getelementptr inbounds ([45 x i8], [45 x i8]* @.str.9, i64 0, i64 0)	0	</harden/bcfiles/linux_bcfiles/kbmp_kbmi_net_final.bc>:kbmp_init:30:3:0
</harden/bcfiles/linux_bcfiles/kbmp_kbmi_net_final.bc>:display:36:1:getelementptr inbounds ([8 x i8], [8 x i8]* @.str.5, i64 0, i64 0)	0	</harden/bcfiles/linux_bcfiles/kbmp_kbmi_net_final.bc>:display:36:3:0
</harden/bcfiles/linux_bcfiles/kbmp_kbmi_net_final.bc>:display:41:1:getelementptr inbounds ([21 x i8], [21 x i8]* @.str.4, i64 0, i64 0)	0	</harden/bcfiles/linux_bcfiles/kbmp_kbmi_net_final.bc>:display:41:3:0
</harden/bcfiles/linux_bcfiles/kbmp_kbmi_net_final.bc>:display:155:0:getelementptr inbounds ([30 x i8], [30 x i8]* @.str.7, i64 0, i64 0)	0	</harden/bcfiles/linux_bcfiles/kbmp_kbmi_net_final.bc>:display:155:2:0
</harden/bcfiles/linux_bcfiles/kbmp_kbmi_net_final.bc>:display:194:1:getelementptr inbounds ([44 x i8], [44 x i8]* @.str.3, i64 0, i64 0)	0	</harden/bcfiles/linux_bcfiles/kbmp_kbmi_net_final.bc>:display:194:3:0
</harden/bcfiles/linux_bcfiles/kbmp_kbmi_net_final.bc>:get_message_from_buffer:14:1:getelementptr inbounds ([1024 x i8], [1024 x i8]* @message_buffer, i64 0, i64 0)	0	</harden/bcfiles/linux_bcfiles/kbmp_kbmi_net_final.bc>:get_message_from_buffer:14:3:0
</harden/bcfiles/linux_bcfiles/kbmp_kbmi_net_final.bc>:get_message_from_buffer:169:0:getelementptr inbounds ([23 x i8], [23 x i8]* @.str.6, i64 0, i64 0)	0	</harden/bcfiles/linux_bcfiles/kbmp_kbmi_net_final.bc>:get_message_from_buffer:169:2:0
</harden/bcfiles/linux_bcfiles/kbmp_kbmi_net_final.bc>:get_message_from_buffer:223:1:getelementptr inbounds ([1024 x i8], [1024 x i8]* @message_buffer, i64 0, i64 0)	0	</harden/bcfiles/linux_bcfiles/kbmp_kbmi_net_final.bc>:get_message_from_buffer:223:3:0
</harden/bcfiles/linux_bcfiles/kbmp_kbmi_net_final.bc>:rotate:178:0:getelementptr inbounds ([23 x i8], [23 x i8]* @.str.6, i64 0, i64 0)	0	</harden/bcfiles/linux_bcfiles/kbmp_kbmi_net_final.bc>:rotate:178:2:0
</harden/bcfiles/linux_bcfiles/kbmp_kbmi_net_final.bc>:message_read:35:1:getelementptr inbounds ([11 x i8], [11 x i8]* @.str, i64 0, i64 0)	0	</harden/bcfiles/linux_bcfiles/kbmp_kbmi_net_final.bc>:message_read:35:3:0
</harden/bcfiles/linux_bcfiles/kbmp_kbmi_net_final.bc>:message_read:40:1:getelementptr inbounds ([21 x i8], [21 x i8]* @.str.4, i64 0, i64 0)	0	</harden/bcfiles/linux_bcfiles/kbmp_kbmi_net_final.bc>:message_read:40:3:0
</harden/bcfiles/linux_bcfiles/kbmp_kbmi_net_final.bc>:message_read:63:1:getelementptr inbounds ([1024 x i8], [1024 x i8]* @message_buffer, i64 0, i64 0)	0	</harden/bcfiles/linux_bcfiles/kbmp_kbmi_net_final.bc>:message_read:63:3:0
</harden/bcfiles/linux_bcfiles/kbmp_kbmi_net_final.bc>:message_read:139:0:getelementptr inbounds ([30 x i8], [30 x i8]* @.str.7, i64 0, i64 0)	0	</harden/bcfiles/linux_bcfiles/kbmp_kbmi_net_final.bc>:message_read:139:2:0
</harden/bcfiles/linux_bcfiles/kbmp_kbmi_net_final.bc>:message_read:176:1:getelementptr inbounds ([44 x i8], [44 x i8]* @.str.3, i64 0, i64 0)	0	</harden/bcfiles/linux_bcfiles/kbmp_kbmi_net_final.bc>:message_read:176:3:0
</harden/bcfiles/linux_bcfiles/kbmp_kbmi_net_final.bc>:message_write:44:1:getelementptr inbounds ([11 x i8], [11 x i8]* @.str, i64 0, i64 0)	0	</harden/bcfiles/linux_bcfiles/kbmp_kbmi_net_final.bc>:message_write:44:3:0
</harden/bcfiles/linux_bcfiles/kbmp_kbmi_net_final.bc>:message_write:49:1:getelementptr inbounds ([22 x i8], [22 x i8]* @.str.1, i64 0, i64 0)	0	</harden/bcfiles/linux_bcfiles/kbmp_kbmi_net_final.bc>:message_write:49:3:0
</harden/bcfiles/linux_bcfiles/kbmp_kbmi_net_final.bc>:message_write:59:1:getelementptr inbounds ([35 x i8], [35 x i8]* @.str.2, i64 0, i64 0)	0	</harden/bcfiles/linux_bcfiles/kbmp_kbmi_net_final.bc>:message_write:59:3:0
</harden/bcfiles/linux_bcfiles/kbmp_kbmi_net_final.bc>:message_write:198:0:getelementptr inbounds ([30 x i8], [30 x i8]* @.str.7, i64 0, i64 0)	0	</harden/bcfiles/linux_bcfiles/kbmp_kbmi_net_final.bc>:message_write:198:2:0
</harden/bcfiles/linux_bcfiles/kbmp_kbmi_net_final.bc>:message_write:235:1:getelementptr inbounds ([44 x i8], [44 x i8]* @.str.3, i64 0, i64 0)	0	</harden/bcfiles/linux_bcfiles/kbmp_kbmi_net_final.bc>:message_write:235:3:0
</harden/bcfiles/linux_bcfiles/kbmp_kbmi_net_final.bc>:message_write:238:1:getelementptr inbounds ([1024 x i8], [1024 x i8]* @message_buffer, i64 0, i64 0)	0	</harden/bcfiles/linux_bcfiles/kbmp_kbmi_net_final.bc>:message_write:238:3:0
</harden/bcfiles/linux_bcfiles/kbmp_kbmi_net_final.bc>:make_dynamic_area:22:0:getelementptr inbounds (%struct.pcpu_hot, %struct.pcpu_hot* @pcpu_hot, i32 0, i32 0, i32 0, i32 0)	0	</harden/bcfiles/linux_bcfiles/kbmp_kbmi_net_final.bc>:make_dynamic_area:22:2:0
</harden/bcfiles/linux_bcfiles/kbmp_kbmi_net_final.bc>:make_dynamic_area:65:0:getelementptr inbounds (%struct.pcpu_hot, %struct.pcpu_hot* @pcpu_hot, i32 0, i32 0, i32 0, i32 0)	0	</harden/bcfiles/linux_bcfiles/kbmp_kbmi_net_final.bc>:make_dynamic_area:65:2:0
</harden/bcfiles/linux_bcfiles/kbmp_kbmi_net_final.bc>:kbmi_net_init:16:1:getelementptr inbounds ([41 x i8], [41 x i8]* @.str.10, i64 0, i64 0)	0	</harden/bcfiles/linux_bcfiles/kbmp_kbmi_net_final.bc>:kbmi_net_init:16:3:0
</harden/bcfiles/linux_bcfiles/kbmp_kbmi_net_final.bc>:kbmi_packet_filter_hook:26:1:getelementptr inbounds ([1024 x i8], [1024 x i8]* @message_buffer, i64 0, i64 0)	0	</harden/bcfiles/linux_bcfiles/kbmp_kbmi_net_final.bc>:kbmi_packet_filter_hook:26:3:0
</harden/bcfiles/linux_bcfiles/kbmp_kbmi_net_final.bc>:kbmi_packet_filter_hook:33:1:getelementptr inbounds ([41 x i8], [41 x i8]* @.str.1.11, i64 0, i64 0)	0	</harden/bcfiles/linux_bcfiles/kbmp_kbmi_net_final.bc>:kbmi_packet_filter_hook:33:3:0
</harden/bcfiles/linux_bcfiles/kbmp_kbmi_net_final.bc>:kbmi_packet_filter_hook:63:1:getelementptr inbounds ([37 x i8], [37 x i8]* @.str.2.12, i64 0, i64 0)	0	</harden/bcfiles/linux_bcfiles/kbmp_kbmi_net_final.bc>:kbmi_packet_filter_hook:63:3:0
</harden/bcfiles/linux_bcfiles/kbmp_kbmi_net_final.bc>:7:getelementptr inbounds ([12 x i8], [12 x i8]* @__UNIQUE_ID_license228, i32 0, i32 0)	0	</harden/bcfiles/linux_bcfiles/kbmp_kbmi_net_final.bc>:9:0
</harden/bcfiles/linux_bcfiles/kbmp_kbmi_net_final.bc>:11:getelementptr inbounds ([20 x i8], [20 x i8]* @__UNIQUE_ID_author229, i32 0, i32 0)	0	</harden/bcfiles/linux_bcfiles/kbmp_kbmi_net_final.bc>:13:0
</harden/bcfiles/linux_bcfiles/kbmp_kbmi_net_final.bc>:15:getelementptr inbounds ([34 x i8], [34 x i8]* @__UNIQUE_ID_description230, i32 0, i32 0)	0	</harden/bcfiles/linux_bcfiles/kbmp_kbmi_net_final.bc>:17:0
</harden/bcfiles/linux_bcfiles/kbmp_kbmi_net_final.bc>:23:getelementptr inbounds ([12 x i8], [12 x i8]* @__UNIQUE_ID_license366, i32 0, i32 0)	0	</harden/bcfiles/linux_bcfiles/kbmp_kbmi_net_final.bc>:25:0
</harden/bcfiles/linux_bcfiles/kbmp_kbmi_net_final.bc>:27:getelementptr inbounds ([18 x i8], [18 x i8]* @__UNIQUE_ID_author367, i32 0, i32 0)	0	</harden/bcfiles/linux_bcfiles/kbmp_kbmi_net_final.bc>:29:0
</harden/bcfiles/linux_bcfiles/kbmp_kbmi_net_final.bc>:31:getelementptr inbounds ([66 x i8], [66 x i8]* @__UNIQUE_ID_description368, i32 0, i32 0)	0	</harden/bcfiles/linux_bcfiles/kbmp_kbmi_net_final.bc>:33:0
</harden/bcfiles/linux_bcfiles/kbmp_kbmi_net_final.bc>:37:getelementptr inbounds ([1024 x i8], [1024 x i8]* @message_buffer, i32 0, i32 0)	0	</harden/bcfiles/linux_bcfiles/kbmp_kbmi_net_final.bc>:39:0
</harden/bcfiles/linux_bcfiles/kbmp_kbmi_net_final.bc>:message_read:77:0:getelementptr inbounds ([1024 x i8], [1024 x i8]* @message_buffer, i64 0, i64 0)	0	</harden/bcfiles/linux_bcfiles/kbmp_kbmi_net_final.bc>:message_read:77:2:0
</harden/bcfiles/linux_bcfiles/kbmp_kbmi_net_final.bc>:message_write:134:0:getelementptr inbounds ([1024 x i8], [1024 x i8]* @message_buffer, i64 0, i64 0)	0	</harden/bcfiles/linux_bcfiles/kbmp_kbmi_net_final.bc>:message_write:134:2:0
</harden/bcfiles/linux_bcfiles/kbmp_kbmi_net_final.bc>:message_write:248:1:getelementptr inbounds ([1024 x i8], [1024 x i8]* @message_buffer, i64 0, i64 1023)	0	</harden/bcfiles/linux_bcfiles/kbmp_kbmi_net_final.bc>:message_write:248:3:0
</harden/bcfiles/linux_bcfiles/kbmp_kbmi_net_final.bc>:pmd_off_k:3:0:getelementptr inbounds (%struct.mm_struct.74, %struct.mm_struct.74* @init_mm, i32 0, i32 0, i32 8)	0	</harden/bcfiles/linux_bcfiles/kbmp_kbmi_net_final.bc>:pmd_off_k:3:2:0
</harden/bcfiles/linux_bcfiles/kbmp_kbmi_net_final.bc>:p4d_offset:23:0:getelementptr inbounds (%struct.cpuinfo_x86, %struct.cpuinfo_x86* @boot_cpu_data, i32 0, i32 12, i32 0)	0	</harden/bcfiles/linux_bcfiles/kbmp_kbmi_net_final.bc>:p4d_offset:23:2:0
</harden/bcfiles/linux_bcfiles/kbmp_kbmi_net_final.bc>:p4d_offset:75:1:getelementptr inbounds (%struct.cpuinfo_x86, %struct.cpuinfo_x86* @boot_cpu_data, i32 0, i32 12)	0	</harden/bcfiles/linux_bcfiles/kbmp_kbmi_net_final.bc>:p4d_offset:75:3:0
</harden/bcfiles/linux_bcfiles/kbmp_kbmi_net_final.bc>:kbmi_net_init:5:1:getelementptr inbounds (%struct.nf_hook_ops, %struct.nf_hook_ops* @nfho, i32 0, i32 0)	0	</harden/bcfiles/linux_bcfiles/kbmp_kbmi_net_final.bc>:kbmi_net_init:5:3:0
</harden/bcfiles/linux_bcfiles/kbmp_kbmi_net_final.bc>:kbmi_net_init:6:1:getelementptr inbounds (%struct.nf_hook_ops, %struct.nf_hook_ops* @nfho, i32 0, i32 5)	0	</harden/bcfiles/linux_bcfiles/kbmp_kbmi_net_final.bc>:kbmi_net_init:6:3:0
</harden/bcfiles/linux_bcfiles/kbmp_kbmi_net_final.bc>:kbmi_net_init:7:1:getelementptr inbounds (%struct.nf_hook_ops, %struct.nf_hook_ops* @nfho, i32 0, i32 3)	0	</harden/bcfiles/linux_bcfiles/kbmp_kbmi_net_final.bc>:kbmi_net_init:7:3:0
</harden/bcfiles/linux_bcfiles/kbmp_kbmi_net_final.bc>:kbmi_net_init:8:1:getelementptr inbounds (%struct.nf_hook_ops, %struct.nf_hook_ops* @nfho, i32 0, i32 6)	0	</harden/bcfiles/linux_bcfiles/kbmp_kbmi_net_final.bc>:kbmi_net_init:8:3:0
</harden/bcfiles/linux_bcfiles/kbmp_kbmi_net_final.bc>:kbmi_packet_filter_hook:50:0:getelementptr inbounds ([1024 x i8], [1024 x i8]* @message_buffer, i64 1, i64 0)	0	</harden/bcfiles/linux_bcfiles/kbmp_kbmi_net_final.bc>:kbmi_packet_filter_hook:50:2:1
</harden/bcfiles/linux_bcfiles/kbmp_kbmi_net_final.bc>:kbmp_init:8:1:getelementptr inbounds ([1024 x i8], [1024 x i8]* @message_buffer, i64 0, i64 0)	1	</harden/bcfiles/linux_bcfiles/kbmp_kbmi_net_final.bc>:kbmp_init:8:4:0
</harden/bcfiles/linux_bcfiles/kbmp_kbmi_net_final.bc>:kbmp_init:9:1:getelementptr inbounds ([11 x i8], [11 x i8]* @.str, i64 0, i64 0)	1	</harden/bcfiles/linux_bcfiles/kbmp_kbmi_net_final.bc>:kbmp_init:9:4:0
</harden/bcfiles/linux_bcfiles/kbmp_kbmi_net_final.bc>:kbmp_init:16:1:getelementptr inbounds ([37 x i8], [37 x i8]* @.str.8, i64 0, i64 0)	1	</harden/bcfiles/linux_bcfiles/kbmp_kbmi_net_final.bc>:kbmp_init:16:4:0
</harden/bcfiles/linux_bcfiles/kbmp_kbmi_net_final.bc>:kbmp_init:23:1:getelementptr inbounds ([8 x i8], [8 x i8]* @.str.5, i64 0, i64 0)	1	</harden/bcfiles/linux_bcfiles/kbmp_kbmi_net_final.bc>:kbmp_init:23:4:0
</harden/bcfiles/linux_bcfiles/kbmp_kbmi_net_final.bc>:kbmp_init:30:1:getelementptr inbounds ([45 x i8], [45 x i8]* @.str.9, i64 0, i64 0)	1	</harden/bcfiles/linux_bcfiles/kbmp_kbmi_net_final.bc>:kbmp_init:30:4:0
</harden/bcfiles/linux_bcfiles/kbmp_kbmi_net_final.bc>:display:36:1:getelementptr inbounds ([8 x i8], [8 x i8]* @.str.5, i64 0, i64 0)	1	</harden/bcfiles/linux_bcfiles/kbmp_kbmi_net_final.bc>:display:36:4:0
</harden/bcfiles/linux_bcfiles/kbmp_kbmi_net_final.bc>:display:41:1:getelementptr inbounds ([21 x i8], [21 x i8]* @.str.4, i64 0, i64 0)	1	</harden/bcfiles/linux_bcfiles/kbmp_kbmi_net_final.bc>:display:41:4:0
</harden/bcfiles/linux_bcfiles/kbmp_kbmi_net_final.bc>:display:155:0:getelementptr inbounds ([30 x i8], [30 x i8]* @.str.7, i64 0, i64 0)	1	</harden/bcfiles/linux_bcfiles/kbmp_kbmi_net_final.bc>:display:155:3:0
</harden/bcfiles/linux_bcfiles/kbmp_kbmi_net_final.bc>:display:194:1:getelementptr inbounds ([44 x i8], [44 x i8]* @.str.3, i64 0, i64 0)	1	</harden/bcfiles/linux_bcfiles/kbmp_kbmi_net_final.bc>:display:194:4:0
</harden/bcfiles/linux_bcfiles/kbmp_kbmi_net_final.bc>:get_message_from_buffer:14:1:getelementptr inbounds ([1024 x i8], [1024 x i8]* @message_buffer, i64 0, i64 0)	1	</harden/bcfiles/linux_bcfiles/kbmp_kbmi_net_final.bc>:get_message_from_buffer:14:4:0
</harden/bcfiles/linux_bcfiles/kbmp_kbmi_net_final.bc>:get_message_from_buffer:169:0:getelementptr inbounds ([23 x i8], [23 x i8]* @.str.6, i64 0, i64 0)	1	</harden/bcfiles/linux_bcfiles/kbmp_kbmi_net_final.bc>:get_message_from_buffer:169:3:0
</harden/bcfiles/linux_bcfiles/kbmp_kbmi_net_final.bc>:get_message_from_buffer:223:1:getelementptr inbounds ([1024 x i8], [1024 x i8]* @message_buffer, i64 0, i64 0)	1	</harden/bcfiles/linux_bcfiles/kbmp_kbmi_net_final.bc>:get_message_from_buffer:223:4:0
</harden/bcfiles/linux_bcfiles/kbmp_kbmi_net_final.bc>:rotate:178:0:getelementptr inbounds ([23 x i8], [23 x i8]* @.str.6, i64 0, i64 0)	1	</harden/bcfiles/linux_bcfiles/kbmp_kbmi_net_final.bc>:rotate:178:3:0
</harden/bcfiles/linux_bcfiles/kbmp_kbmi_net_final.bc>:message_read:35:1:getelementptr inbounds ([11 x i8], [11 x i8]* @.str, i64 0, i64 0)	1	</harden/bcfiles/linux_bcfiles/kbmp_kbmi_net_final.bc>:message_read:35:4:0
</harden/bcfiles/linux_bcfiles/kbmp_kbmi_net_final.bc>:message_read:40:1:getelementptr inbounds ([21 x i8], [21 x i8]* @.str.4, i64 0, i64 0)	1	</harden/bcfiles/linux_bcfiles/kbmp_kbmi_net_final.bc>:message_read:40:4:0
</harden/bcfiles/linux_bcfiles/kbmp_kbmi_net_final.bc>:message_read:63:1:getelementptr inbounds ([1024 x i8], [1024 x i8]* @message_buffer, i64 0, i64 0)	1	</harden/bcfiles/linux_bcfiles/kbmp_kbmi_net_final.bc>:message_read:63:4:0
</harden/bcfiles/linux_bcfiles/kbmp_kbmi_net_final.bc>:message_read:139:0:getelementptr inbounds ([30 x i8], [30 x i8]* @.str.7, i64 0, i64 0)	1	</harden/bcfiles/linux_bcfiles/kbmp_kbmi_net_final.bc>:message_read:139:3:0
</harden/bcfiles/linux_bcfiles/kbmp_kbmi_net_final.bc>:message_read:176:1:getelementptr inbounds ([44 x i8], [44 x i8]* @.str.3, i64 0, i64 0)	1	</harden/bcfiles/linux_bcfiles/kbmp_kbmi_net_final.bc>:message_read:176:4:0
</harden/bcfiles/linux_bcfiles/kbmp_kbmi_net_final.bc>:message_write:44:1:getelementptr inbounds ([11 x i8], [11 x i8]* @.str, i64 0, i64 0)	1	</harden/bcfiles/linux_bcfiles/kbmp_kbmi_net_final.bc>:message_write:44:4:0
</harden/bcfiles/linux_bcfiles/kbmp_kbmi_net_final.bc>:message_write:49:1:getelementptr inbounds ([22 x i8], [22 x i8]* @.str.1, i64 0, i64 0)	1	</harden/bcfiles/linux_bcfiles/kbmp_kbmi_net_final.bc>:message_write:49:4:0
</harden/bcfiles/linux_bcfiles/kbmp_kbmi_net_final.bc>:message_write:59:1:getelementptr inbounds ([35 x i8], [35 x i8]* @.str.2, i64 0, i64 0)	1	</harden/bcfiles/linux_bcfiles/kbmp_kbmi_net_final.bc>:message_write:59:4:0
</harden/bcfiles/linux_bcfiles/kbmp_kbmi_net_final.bc>:message_write:198:0:getelementptr inbounds ([30 x i8], [30 x i8]* @.str.7, i64 0, i64 0)	1	</harden/bcfiles/linux_bcfiles/kbmp_kbmi_net_final.bc>:message_write:198:3:0
</harden/bcfiles/linux_bcfiles/kbmp_kbmi_net_final.bc>:message_write:235:1:getelementptr inbounds ([44 x i8], [44 x i8]* @.str.3, i64 0, i64 0)	1	</harden/bcfiles/linux_bcfiles/kbmp_kbmi_net_final.bc>:message_write:235:4:0
</harden/bcfiles/linux_bcfiles/kbmp_kbmi_net_final.bc>:message_write:238:1:getelementptr inbounds ([1024 x i8], [1024 x i8]* @message_buffer, i64 0, i64 0)	1	</harden/bcfiles/linux_bcfiles/kbmp_kbmi_net_final.bc>:message_write:238:4:0
</harden/bcfiles/linux_bcfiles/kbmp_kbmi_net_final.bc>:make_dynamic_area:22:0:getelementptr inbounds (%struct.pcpu_hot, %struct.pcpu_hot* @pcpu_hot, i32 0, i32 0, i32 0, i32 0)	1	</harden/bcfiles/linux_bcfiles/kbmp_kbmi_net_final.bc>:make_dynamic_area:22:3:0
</harden/bcfiles/linux_bcfiles/kbmp_kbmi_net_final.bc>:make_dynamic_area:65:0:getelementptr inbounds (%struct.pcpu_hot, %struct.pcpu_hot* @pcpu_hot, i32 0, i32 0, i32 0, i32 0)	1	</harden/bcfiles/linux_bcfiles/kbmp_kbmi_net_final.bc>:make_dynamic_area:65:3:0
</harden/bcfiles/linux_bcfiles/kbmp_kbmi_net_final.bc>:kbmi_net_init:16:1:getelementptr inbounds ([41 x i8], [41 x i8]* @.str.10, i64 0, i64 0)	1	</harden/bcfiles/linux_bcfiles/kbmp_kbmi_net_final.bc>:kbmi_net_init:16:4:0
</harden/bcfiles/linux_bcfiles/kbmp_kbmi_net_final.bc>:kbmi_packet_filter_hook:26:1:getelementptr inbounds ([1024 x i8], [1024 x i8]* @message_buffer, i64 0, i64 0)	1	</harden/bcfiles/linux_bcfiles/kbmp_kbmi_net_final.bc>:kbmi_packet_filter_hook:26:4:0
</harden/bcfiles/linux_bcfiles/kbmp_kbmi_net_final.bc>:kbmi_packet_filter_hook:33:1:getelementptr inbounds ([41 x i8], [41 x i8]* @.str.1.11, i64 0, i64 0)	1	</harden/bcfiles/linux_bcfiles/kbmp_kbmi_net_final.bc>:kbmi_packet_filter_hook:33:4:0
</harden/bcfiles/linux_bcfiles/kbmp_kbmi_net_final.bc>:kbmi_packet_filter_hook:63:1:getelementptr inbounds ([37 x i8], [37 x i8]* @.str.2.12, i64 0, i64 0)	1	</harden/bcfiles/linux_bcfiles/kbmp_kbmi_net_final.bc>:kbmi_packet_filter_hook:63:4:0
</harden/bcfiles/linux_bcfiles/kbmp_kbmi_net_final.bc>:7:getelementptr inbounds ([12 x i8], [12 x i8]* @__UNIQUE_ID_license228, i32 0, i32 0)	1	</harden/bcfiles/linux_bcfiles/kbmp_kbmi_net_final.bc>:10:0
</harden/bcfiles/linux_bcfiles/kbmp_kbmi_net_final.bc>:11:getelementptr inbounds ([20 x i8], [20 x i8]* @__UNIQUE_ID_author229, i32 0, i32 0)	1	</harden/bcfiles/linux_bcfiles/kbmp_kbmi_net_final.bc>:14:0
</harden/bcfiles/linux_bcfiles/kbmp_kbmi_net_final.bc>:15:getelementptr inbounds ([34 x i8], [34 x i8]* @__UNIQUE_ID_description230, i32 0, i32 0)	1	</harden/bcfiles/linux_bcfiles/kbmp_kbmi_net_final.bc>:18:0
</harden/bcfiles/linux_bcfiles/kbmp_kbmi_net_final.bc>:23:getelementptr inbounds ([12 x i8], [12 x i8]* @__UNIQUE_ID_license366, i32 0, i32 0)	1	</harden/bcfiles/linux_bcfiles/kbmp_kbmi_net_final.bc>:26:0
</harden/bcfiles/linux_bcfiles/kbmp_kbmi_net_final.bc>:27:getelementptr inbounds ([18 x i8], [18 x i8]* @__UNIQUE_ID_author367, i32 0, i32 0)	1	</harden/bcfiles/linux_bcfiles/kbmp_kbmi_net_final.bc>:30:0
</harden/bcfiles/linux_bcfiles/kbmp_kbmi_net_final.bc>:31:getelementptr inbounds ([66 x i8], [66 x i8]* @__UNIQUE_ID_description368, i32 0, i32 0)	1	</harden/bcfiles/linux_bcfiles/kbmp_kbmi_net_final.bc>:34:0
</harden/bcfiles/linux_bcfiles/kbmp_kbmi_net_final.bc>:37:getelementptr inbounds ([1024 x i8], [1024 x i8]* @message_buffer, i32 0, i32 0)	1	</harden/bcfiles/linux_bcfiles/kbmp_kbmi_net_final.bc>:40:0
</harden/bcfiles/linux_bcfiles/kbmp_kbmi_net_final.bc>:message_read:77:0:getelementptr inbounds ([1024 x i8], [1024 x i8]* @message_buffer, i64 0, i64 0)	1	</harden/bcfiles/linux_bcfiles/kbmp_kbmi_net_final.bc>:message_read:77:3:0
</harden/bcfiles/linux_bcfiles/kbmp_kbmi_net_final.bc>:message_write:134:0:getelementptr inbounds ([1024 x i8], [1024 x i8]* @message_buffer, i64 0, i64 0)	1	</harden/bcfiles/linux_bcfiles/kbmp_kbmi_net_final.bc>:message_write:134:3:0
</harden/bcfiles/linux_bcfiles/kbmp_kbmi_net_final.bc>:message_write:248:1:getelementptr inbounds ([1024 x i8], [1024 x i8]* @message_buffer, i64 0, i64 1023)	1	</harden/bcfiles/linux_bcfiles/kbmp_kbmi_net_final.bc>:message_write:248:4:1023
</harden/bcfiles/linux_bcfiles/kbmp_kbmi_net_final.bc>:pmd_off_k:3:0:getelementptr inbounds (%struct.mm_struct.74, %struct.mm_struct.74* @init_mm, i32 0, i32 0, i32 8)	1	</harden/bcfiles/linux_bcfiles/kbmp_kbmi_net_final.bc>:pmd_off_k:3:3:0
</harden/bcfiles/linux_bcfiles/kbmp_kbmi_net_final.bc>:p4d_offset:23:0:getelementptr inbounds (%struct.cpuinfo_x86, %struct.cpuinfo_x86* @boot_cpu_data, i32 0, i32 12, i32 0)	1	</harden/bcfiles/linux_bcfiles/kbmp_kbmi_net_final.bc>:p4d_offset:23:3:12
</harden/bcfiles/linux_bcfiles/kbmp_kbmi_net_final.bc>:p4d_offset:75:1:getelementptr inbounds (%struct.cpuinfo_x86, %struct.cpuinfo_x86* @boot_cpu_data, i32 0, i32 12)	1	</harden/bcfiles/linux_bcfiles/kbmp_kbmi_net_final.bc>:p4d_offset:75:4:12
</harden/bcfiles/linux_bcfiles/kbmp_kbmi_net_final.bc>:kbmi_net_init:5:1:getelementptr inbounds (%struct.nf_hook_ops, %struct.nf_hook_ops* @nfho, i32 0, i32 0)	1	</harden/bcfiles/linux_bcfiles/kbmp_kbmi_net_final.bc>:kbmi_net_init:5:4:0
</harden/bcfiles/linux_bcfiles/kbmp_kbmi_net_final.bc>:kbmi_net_init:6:1:getelementptr inbounds (%struct.nf_hook_ops, %struct.nf_hook_ops* @nfho, i32 0, i32 5)	1	</harden/bcfiles/linux_bcfiles/kbmp_kbmi_net_final.bc>:kbmi_net_init:6:4:5
</harden/bcfiles/linux_bcfiles/kbmp_kbmi_net_final.bc>:kbmi_net_init:7:1:getelementptr inbounds (%struct.nf_hook_ops, %struct.nf_hook_ops* @nfho, i32 0, i32 3)	1	</harden/bcfiles/linux_bcfiles/kbmp_kbmi_net_final.bc>:kbmi_net_init:7:4:3
</harden/bcfiles/linux_bcfiles/kbmp_kbmi_net_final.bc>:kbmi_net_init:8:1:getelementptr inbounds (%struct.nf_hook_ops, %struct.nf_hook_ops* @nfho, i32 0, i32 6)	1	</harden/bcfiles/linux_bcfiles/kbmp_kbmi_net_final.bc>:kbmi_net_init:8:4:6
</harden/bcfiles/linux_bcfiles/kbmp_kbmi_net_final.bc>:kbmi_packet_filter_hook:50:0:getelementptr inbounds ([1024 x i8], [1024 x i8]* @message_buffer, i64 1, i64 0)	1	</harden/bcfiles/linux_bcfiles/kbmp_kbmi_net_final.bc>:kbmi_packet_filter_hook:50:3:0
</harden/bcfiles/linux_bcfiles/kbmp_kbmi_net_final.bc>:make_dynamic_area:22:0:getelementptr inbounds (%struct.pcpu_hot, %struct.pcpu_hot* @pcpu_hot, i32 0, i32 0, i32 0, i32 0)	2	</harden/bcfiles/linux_bcfiles/kbmp_kbmi_net_final.bc>:make_dynamic_area:22:4:0
</harden/bcfiles/linux_bcfiles/kbmp_kbmi_net_final.bc>:make_dynamic_area:65:0:getelementptr inbounds (%struct.pcpu_hot, %struct.pcpu_hot* @pcpu_hot, i32 0, i32 0, i32 0, i32 0)	2	</harden/bcfiles/linux_bcfiles/kbmp_kbmi_net_final.bc>:make_dynamic_area:65:4:0
</harden/bcfiles/linux_bcfiles/kbmp_kbmi_net_final.bc>:pmd_off_k:3:0:getelementptr inbounds (%struct.mm_struct.74, %struct.mm_struct.74* @init_mm, i32 0, i32 0, i32 8)	2	</harden/bcfiles/linux_bcfiles/kbmp_kbmi_net_final.bc>:pmd_off_k:3:4:8
</harden/bcfiles/linux_bcfiles/kbmp_kbmi_net_final.bc>:p4d_offset:23:0:getelementptr inbounds (%struct.cpuinfo_x86, %struct.cpuinfo_x86* @boot_cpu_data, i32 0, i32 12, i32 0)	2	</harden/bcfiles/linux_bcfiles/kbmp_kbmi_net_final.bc>:p4d_offset:23:4:0
</harden/bcfiles/linux_bcfiles/kbmp_kbmi_net_final.bc>:make_dynamic_area:22:0:getelementptr inbounds (%struct.pcpu_hot, %struct.pcpu_hot* @pcpu_hot, i32 0, i32 0, i32 0, i32 0)	3	</harden/bcfiles/linux_bcfiles/kbmp_kbmi_net_final.bc>:make_dynamic_area:22:5:0
</harden/bcfiles/linux_bcfiles/kbmp_kbmi_net_final.bc>:make_dynamic_area:65:0:getelementptr inbounds (%struct.pcpu_hot, %struct.pcpu_hot* @pcpu_hot, i32 0, i32 0, i32 0, i32 0)	3	</harden/bcfiles/linux_bcfiles/kbmp_kbmi_net_final.bc>:make_dynamic_area:65:5:0
