</harden/bcfiles/linux_bcfiles/kbmp_kbmi_net_final.bc>:@__UNIQUE_ID___addressable_message_buffer225	@__UNIQUE_ID___addressable_message_buffer225
</harden/bcfiles/linux_bcfiles/kbmp_kbmi_net_final.bc>:@__UNIQUE_ID___addressable_init_module226	@__UNIQUE_ID___addressable_init_module226
</harden/bcfiles/linux_bcfiles/kbmp_kbmi_net_final.bc>:@__UNIQUE_ID___addressable_cleanup_module227	@__UNIQUE_ID___addressable_cleanup_module227
</harden/bcfiles/linux_bcfiles/kbmp_kbmi_net_final.bc>:@__UNIQUE_ID_license228	@__UNIQUE_ID_license228
</harden/bcfiles/linux_bcfiles/kbmp_kbmi_net_final.bc>:@__UNIQUE_ID_author229	@__UNIQUE_ID_author229
</harden/bcfiles/linux_bcfiles/kbmp_kbmi_net_final.bc>:@__UNIQUE_ID_description230	@__UNIQUE_ID_description230
</harden/bcfiles/linux_bcfiles/kbmp_kbmi_net_final.bc>:@__UNIQUE_ID___addressable_init_module364	@__UNIQUE_ID___addressable_init_module364
</harden/bcfiles/linux_bcfiles/kbmp_kbmi_net_final.bc>:@__UNIQUE_ID___addressable_cleanup_module365	@__UNIQUE_ID___addressable_cleanup_module365
</harden/bcfiles/linux_bcfiles/kbmp_kbmi_net_final.bc>:@__UNIQUE_ID_license366	@__UNIQUE_ID_license366
</harden/bcfiles/linux_bcfiles/kbmp_kbmi_net_final.bc>:@__UNIQUE_ID_author367	@__UNIQUE_ID_author367
</harden/bcfiles/linux_bcfiles/kbmp_kbmi_net_final.bc>:@__UNIQUE_ID_description368	@__UNIQUE_ID_description368
</harden/bcfiles/linux_bcfiles/kbmp_kbmi_net_final.bc>:@__UNIQUE_ID___addressable_make_dynamic_area250	@__UNIQUE_ID___addressable_make_dynamic_area250
</harden/bcfiles/linux_bcfiles/kbmp_kbmi_net_final.bc>:@message_buffer	@message_buffer
</harden/bcfiles/linux_bcfiles/kbmp_kbmi_net_final.bc>:@proc_entry	@proc_entry
</harden/bcfiles/linux_bcfiles/kbmp_kbmi_net_final.bc>:@disp_entry	@disp_entry
</harden/bcfiles/linux_bcfiles/kbmp_kbmi_net_final.bc>:@.str	@.str
</harden/bcfiles/linux_bcfiles/kbmp_kbmi_net_final.bc>:@proc_file_ops	@proc_file_ops
</harden/bcfiles/linux_bcfiles/kbmp_kbmi_net_final.bc>:@.str.8	@.str.8
</harden/bcfiles/linux_bcfiles/kbmp_kbmi_net_final.bc>:@.str.5	@.str.5
</harden/bcfiles/linux_bcfiles/kbmp_kbmi_net_final.bc>:@proc_disp_ops	@proc_disp_ops
</harden/bcfiles/linux_bcfiles/kbmp_kbmi_net_final.bc>:@.str.9	@.str.9
</harden/bcfiles/linux_bcfiles/kbmp_kbmi_net_final.bc>:@.str.4	@.str.4
</harden/bcfiles/linux_bcfiles/kbmp_kbmi_net_final.bc>:@display.message_index	@display.message_index
</harden/bcfiles/linux_bcfiles/kbmp_kbmi_net_final.bc>:@.str.7	@.str.7
</harden/bcfiles/linux_bcfiles/kbmp_kbmi_net_final.bc>:@.str.3	@.str.3
</harden/bcfiles/linux_bcfiles/kbmp_kbmi_net_final.bc>:@.str.6	@.str.6
</harden/bcfiles/linux_bcfiles/kbmp_kbmi_net_final.bc>:@kmalloc_caches	@kmalloc_caches
</harden/bcfiles/linux_bcfiles/kbmp_kbmi_net_final.bc>:@.str.1	@.str.1
</harden/bcfiles/linux_bcfiles/kbmp_kbmi_net_final.bc>:@.str.2	@.str.2
</harden/bcfiles/linux_bcfiles/kbmp_kbmi_net_final.bc>:@pcpu_hot	@pcpu_hot
</harden/bcfiles/linux_bcfiles/kbmp_kbmi_net_final.bc>:@init_mm	@init_mm
</harden/bcfiles/linux_bcfiles/kbmp_kbmi_net_final.bc>:@page_offset_base	@page_offset_base
</harden/bcfiles/linux_bcfiles/kbmp_kbmi_net_final.bc>:@pgdir_shift	@pgdir_shift
</harden/bcfiles/linux_bcfiles/kbmp_kbmi_net_final.bc>:@boot_cpu_data	@boot_cpu_data
</harden/bcfiles/linux_bcfiles/kbmp_kbmi_net_final.bc>:@ptrs_per_p4d	@ptrs_per_p4d
</harden/bcfiles/linux_bcfiles/kbmp_kbmi_net_final.bc>:@init_net	@init_net
</harden/bcfiles/linux_bcfiles/kbmp_kbmi_net_final.bc>:@nfho	@nfho
</harden/bcfiles/linux_bcfiles/kbmp_kbmi_net_final.bc>:@.str.10	@.str.10
</harden/bcfiles/linux_bcfiles/kbmp_kbmi_net_final.bc>:@.str.1.11	@.str.1.11
</harden/bcfiles/linux_bcfiles/kbmp_kbmi_net_final.bc>:@.str.2.12	@.str.2.12
</harden/bcfiles/linux_bcfiles/kbmp_kbmi_net_final.bc>:@llvm.compiler.used	@llvm.compiler.used
