</harden/bcfiles/linux_bcfiles/kbmp_kbmi_net_final.bc>:rotate	</harden/bcfiles/linux_bcfiles/kbmp_kbmi_net_final.bc>:rotate:%182	</harden/bcfiles/linux_bcfiles/kbmp_kbmi_net_final.bc>:rotate:%183	</harden/bcfiles/linux_bcfiles/kbmp_kbmi_net_final.bc>:rotate:%183	</harden/bcfiles/linux_bcfiles/kbmp_kbmi_net_final.bc>:rotate:238	[</harden/bcfiles/linux_bcfiles/kbmp_kbmi_net_final.bc>:rotate:%183, </harden/bcfiles/linux_bcfiles/kbmp_kbmi_net_final.bc>:rotate:%183]	166
</harden/bcfiles/linux_bcfiles/kbmp_kbmi_net_final.bc>:rotate	</harden/bcfiles/linux_bcfiles/kbmp_kbmi_net_final.bc>:rotate:%182	</harden/bcfiles/linux_bcfiles/kbmp_kbmi_net_final.bc>:rotate:%183	</harden/bcfiles/linux_bcfiles/kbmp_kbmi_net_final.bc>:rotate:%182	</harden/bcfiles/linux_bcfiles/kbmp_kbmi_net_final.bc>:rotate:238	[</harden/bcfiles/linux_bcfiles/kbmp_kbmi_net_final.bc>:rotate:%182, </harden/bcfiles/linux_bcfiles/kbmp_kbmi_net_final.bc>:rotate:%182]	166
</harden/bcfiles/linux_bcfiles/kbmp_kbmi_net_final.bc>:pte_next_pfn	</harden/bcfiles/linux_bcfiles/kbmp_kbmi_net_final.bc>:pte_next_pfn:%12	</harden/bcfiles/linux_bcfiles/kbmp_kbmi_net_final.bc>:pte_next_pfn:13:0:4096	</harden/bcfiles/linux_bcfiles/kbmp_kbmi_net_final.bc>:pte_next_pfn:%12	</harden/bcfiles/linux_bcfiles/kbmp_kbmi_net_final.bc>:pte_next_pfn:13	[</harden/bcfiles/linux_bcfiles/kbmp_kbmi_net_final.bc>:pte_next_pfn:%12, </harden/bcfiles/linux_bcfiles/kbmp_kbmi_net_final.bc>:pte_next_pfn:%12]	961
</harden/bcfiles/linux_bcfiles/kbmp_kbmi_net_final.bc>:kbmi_packet_filter_hook	</harden/bcfiles/linux_bcfiles/kbmp_kbmi_net_final.bc>:kbmi_packet_filter_hook:%39	</harden/bcfiles/linux_bcfiles/kbmp_kbmi_net_final.bc>:kbmi_packet_filter_hook:%40	</harden/bcfiles/linux_bcfiles/kbmp_kbmi_net_final.bc>:kbmi_packet_filter_hook:26:2:@message_buffer	</harden/bcfiles/linux_bcfiles/kbmp_kbmi_net_final.bc>:kbmi_packet_filter_hook:56	[</harden/bcfiles/linux_bcfiles/kbmp_kbmi_net_final.bc>:kbmi_packet_filter_hook:%38, </harden/bcfiles/linux_bcfiles/kbmp_kbmi_net_final.bc>:kbmi_packet_filter_hook:%40]	64
</harden/bcfiles/linux_bcfiles/kbmp_kbmi_net_final.bc>:kbmi_packet_filter_hook	</harden/bcfiles/linux_bcfiles/kbmp_kbmi_net_final.bc>:kbmi_packet_filter_hook:%39	</harden/bcfiles/linux_bcfiles/kbmp_kbmi_net_final.bc>:kbmi_packet_filter_hook:%40	</harden/bcfiles/linux_bcfiles/kbmp_kbmi_net_final.bc>:kbmi_packet_filter_hook:50:1:@message_buffer	</harden/bcfiles/linux_bcfiles/kbmp_kbmi_net_final.bc>:kbmi_packet_filter_hook:56	[</harden/bcfiles/linux_bcfiles/kbmp_kbmi_net_final.bc>:kbmi_packet_filter_hook:%37, </harden/bcfiles/linux_bcfiles/kbmp_kbmi_net_final.bc>:kbmi_packet_filter_hook:%39]	64
</harden/bcfiles/linux_bcfiles/kbmp_kbmi_net_final.bc>:kbmi_packet_filter_hook	</harden/bcfiles/linux_bcfiles/kbmp_kbmi_net_final.bc>:kbmi_packet_filter_hook:%29	</harden/bcfiles/linux_bcfiles/kbmp_kbmi_net_final.bc>:kbmi_packet_filter_hook:39:0:ptrtoint ([1024 x i8]* @message_buffer to i64)	</harden/bcfiles/linux_bcfiles/kbmp_kbmi_net_final.bc>:kbmi_packet_filter_hook:26:2:@message_buffer	</harden/bcfiles/linux_bcfiles/kbmp_kbmi_net_final.bc>:kbmi_packet_filter_hook:39	[</harden/bcfiles/linux_bcfiles/kbmp_kbmi_net_final.bc>:kbmi_packet_filter_hook:%28, </harden/bcfiles/linux_bcfiles/kbmp_kbmi_net_final.bc>:kbmi_packet_filter_hook:%29]	56
