</harden/bcfiles/linux_bcfiles/kbmp_kbmi_net_final.bc>:message_write:%62	</harden/bcfiles/linux_bcfiles/kbmp_kbmi_net_final.bc>:message_write:%62
</harden/bcfiles/linux_bcfiles/kbmp_kbmi_net_final.bc>:pte_next_pfn:%7	</harden/bcfiles/linux_bcfiles/kbmp_kbmi_net_final.bc>:pte_next_pfn:%7
</harden/bcfiles/linux_bcfiles/kbmp_kbmi_net_final.bc>:pmd_off_k:%5	</harden/bcfiles/linux_bcfiles/kbmp_kbmi_net_final.bc>:pmd_off_k:%5
</harden/bcfiles/linux_bcfiles/kbmp_kbmi_net_final.bc>:pmd_off_k:%7	</harden/bcfiles/linux_bcfiles/kbmp_kbmi_net_final.bc>:pmd_off_k:%7
</harden/bcfiles/linux_bcfiles/kbmp_kbmi_net_final.bc>:pmd_off_k:%9	</harden/bcfiles/linux_bcfiles/kbmp_kbmi_net_final.bc>:pmd_off_k:%9
</harden/bcfiles/linux_bcfiles/kbmp_kbmi_net_final.bc>:kbmp_init:%25	</harden/bcfiles/linux_bcfiles/kbmp_kbmi_net_final.bc>:kbmp_init:%25
</harden/bcfiles/linux_bcfiles/kbmp_kbmi_net_final.bc>:kbmp_init:%15	</harden/bcfiles/linux_bcfiles/kbmp_kbmi_net_final.bc>:kbmp_init:%15
</harden/bcfiles/linux_bcfiles/kbmp_kbmi_net_final.bc>:kbmp_init:%8	</harden/bcfiles/linux_bcfiles/kbmp_kbmi_net_final.bc>:kbmp_init:%8
</harden/bcfiles/linux_bcfiles/kbmp_kbmi_net_final.bc>:kbmp_init:%19	</harden/bcfiles/linux_bcfiles/kbmp_kbmi_net_final.bc>:kbmp_init:%19
</harden/bcfiles/linux_bcfiles/kbmp_kbmi_net_final.bc>:kbmp_init:%9	</harden/bcfiles/linux_bcfiles/kbmp_kbmi_net_final.bc>:kbmp_init:%9
</harden/bcfiles/linux_bcfiles/kbmp_kbmi_net_final.bc>:display:%137	</harden/bcfiles/linux_bcfiles/kbmp_kbmi_net_final.bc>:display:%137
</harden/bcfiles/linux_bcfiles/kbmp_kbmi_net_final.bc>:display:%78	</harden/bcfiles/linux_bcfiles/kbmp_kbmi_net_final.bc>:display:%78
</harden/bcfiles/linux_bcfiles/kbmp_kbmi_net_final.bc>:display:%71	</harden/bcfiles/linux_bcfiles/kbmp_kbmi_net_final.bc>:display:%71
</harden/bcfiles/linux_bcfiles/kbmp_kbmi_net_final.bc>:display:%63	</harden/bcfiles/linux_bcfiles/kbmp_kbmi_net_final.bc>:display:%63
</harden/bcfiles/linux_bcfiles/kbmp_kbmi_net_final.bc>:display:%52	</harden/bcfiles/linux_bcfiles/kbmp_kbmi_net_final.bc>:display:%52
</harden/bcfiles/linux_bcfiles/kbmp_kbmi_net_final.bc>:display:%33	</harden/bcfiles/linux_bcfiles/kbmp_kbmi_net_final.bc>:display:%33
</harden/bcfiles/linux_bcfiles/kbmp_kbmi_net_final.bc>:display:%38	</harden/bcfiles/linux_bcfiles/kbmp_kbmi_net_final.bc>:display:%38
</harden/bcfiles/linux_bcfiles/kbmp_kbmi_net_final.bc>:display:%148	</harden/bcfiles/linux_bcfiles/kbmp_kbmi_net_final.bc>:display:%148
</harden/bcfiles/linux_bcfiles/kbmp_kbmi_net_final.bc>:display:%94	</harden/bcfiles/linux_bcfiles/kbmp_kbmi_net_final.bc>:display:%94
</harden/bcfiles/linux_bcfiles/kbmp_kbmi_net_final.bc>:get_message_from_buffer:%165	</harden/bcfiles/linux_bcfiles/kbmp_kbmi_net_final.bc>:get_message_from_buffer:%165
</harden/bcfiles/linux_bcfiles/kbmp_kbmi_net_final.bc>:get_message_from_buffer:%161	</harden/bcfiles/linux_bcfiles/kbmp_kbmi_net_final.bc>:get_message_from_buffer:%161
</harden/bcfiles/linux_bcfiles/kbmp_kbmi_net_final.bc>:get_message_from_buffer:%174	</harden/bcfiles/linux_bcfiles/kbmp_kbmi_net_final.bc>:get_message_from_buffer:%174
</harden/bcfiles/linux_bcfiles/kbmp_kbmi_net_final.bc>:get_message_from_buffer:%136	</harden/bcfiles/linux_bcfiles/kbmp_kbmi_net_final.bc>:get_message_from_buffer:%136
</harden/bcfiles/linux_bcfiles/kbmp_kbmi_net_final.bc>:get_message_from_buffer:%28	</harden/bcfiles/linux_bcfiles/kbmp_kbmi_net_final.bc>:get_message_from_buffer:%28
</harden/bcfiles/linux_bcfiles/kbmp_kbmi_net_final.bc>:get_message_from_buffer:%18	</harden/bcfiles/linux_bcfiles/kbmp_kbmi_net_final.bc>:get_message_from_buffer:%18
</harden/bcfiles/linux_bcfiles/kbmp_kbmi_net_final.bc>:get_message_from_buffer:%14	</harden/bcfiles/linux_bcfiles/kbmp_kbmi_net_final.bc>:get_message_from_buffer:%14
</harden/bcfiles/linux_bcfiles/kbmp_kbmi_net_final.bc>:rotate:%172	</harden/bcfiles/linux_bcfiles/kbmp_kbmi_net_final.bc>:rotate:%172
</harden/bcfiles/linux_bcfiles/kbmp_kbmi_net_final.bc>:rotate:%168	</harden/bcfiles/linux_bcfiles/kbmp_kbmi_net_final.bc>:rotate:%168
</harden/bcfiles/linux_bcfiles/kbmp_kbmi_net_final.bc>:rotate:%190	</harden/bcfiles/linux_bcfiles/kbmp_kbmi_net_final.bc>:rotate:%190
</harden/bcfiles/linux_bcfiles/kbmp_kbmi_net_final.bc>:rotate:%143	</harden/bcfiles/linux_bcfiles/kbmp_kbmi_net_final.bc>:rotate:%143
</harden/bcfiles/linux_bcfiles/kbmp_kbmi_net_final.bc>:rotate:%35	</harden/bcfiles/linux_bcfiles/kbmp_kbmi_net_final.bc>:rotate:%35
</harden/bcfiles/linux_bcfiles/kbmp_kbmi_net_final.bc>:rotate:%25	</harden/bcfiles/linux_bcfiles/kbmp_kbmi_net_final.bc>:rotate:%25
</harden/bcfiles/linux_bcfiles/kbmp_kbmi_net_final.bc>:rotate:%21	</harden/bcfiles/linux_bcfiles/kbmp_kbmi_net_final.bc>:rotate:%21
</harden/bcfiles/linux_bcfiles/kbmp_kbmi_net_final.bc>:rotate:%196	</harden/bcfiles/linux_bcfiles/kbmp_kbmi_net_final.bc>:rotate:%196
</harden/bcfiles/linux_bcfiles/kbmp_kbmi_net_final.bc>:rotate:%1	</harden/bcfiles/linux_bcfiles/kbmp_kbmi_net_final.bc>:display:%62
</harden/bcfiles/linux_bcfiles/kbmp_kbmi_net_final.bc>:rotate:%0	</harden/bcfiles/linux_bcfiles/kbmp_kbmi_net_final.bc>:display:%61
</harden/bcfiles/linux_bcfiles/kbmp_kbmi_net_final.bc>:copy_overflow:%1	</harden/bcfiles/linux_bcfiles/kbmp_kbmi_net_final.bc>:display:%97
</harden/bcfiles/linux_bcfiles/kbmp_kbmi_net_final.bc>:copy_overflow:%1	</harden/bcfiles/linux_bcfiles/kbmp_kbmi_net_final.bc>:message_read:%86
</harden/bcfiles/linux_bcfiles/kbmp_kbmi_net_final.bc>:copy_overflow:%1	</harden/bcfiles/linux_bcfiles/kbmp_kbmi_net_final.bc>:message_write:%128
</harden/bcfiles/linux_bcfiles/kbmp_kbmi_net_final.bc>:copy_overflow:%0	</harden/bcfiles/linux_bcfiles/kbmp_kbmi_net_final.bc>:display:%96
</harden/bcfiles/linux_bcfiles/kbmp_kbmi_net_final.bc>:copy_overflow:%0	</harden/bcfiles/linux_bcfiles/kbmp_kbmi_net_final.bc>:message_read:%85
</harden/bcfiles/linux_bcfiles/kbmp_kbmi_net_final.bc>:copy_overflow:%0	</harden/bcfiles/linux_bcfiles/kbmp_kbmi_net_final.bc>:message_write:%127
</harden/bcfiles/linux_bcfiles/kbmp_kbmi_net_final.bc>:check_object_size:%2	</harden/bcfiles/linux_bcfiles/kbmp_kbmi_net_final.bc>:display:%130
</harden/bcfiles/linux_bcfiles/kbmp_kbmi_net_final.bc>:check_object_size:%2	</harden/bcfiles/linux_bcfiles/kbmp_kbmi_net_final.bc>:message_read:%119
</harden/bcfiles/linux_bcfiles/kbmp_kbmi_net_final.bc>:check_object_size:%2	</harden/bcfiles/linux_bcfiles/kbmp_kbmi_net_final.bc>:message_write:%161
</harden/bcfiles/linux_bcfiles/kbmp_kbmi_net_final.bc>:check_object_size:%1	</harden/bcfiles/linux_bcfiles/kbmp_kbmi_net_final.bc>:display:%128
</harden/bcfiles/linux_bcfiles/kbmp_kbmi_net_final.bc>:check_object_size:%1	</harden/bcfiles/linux_bcfiles/kbmp_kbmi_net_final.bc>:message_read:%117
</harden/bcfiles/linux_bcfiles/kbmp_kbmi_net_final.bc>:check_object_size:%1	</harden/bcfiles/linux_bcfiles/kbmp_kbmi_net_final.bc>:message_write:%159
</harden/bcfiles/linux_bcfiles/kbmp_kbmi_net_final.bc>:check_object_size:%0	</harden/bcfiles/linux_bcfiles/kbmp_kbmi_net_final.bc>:display:%127
</harden/bcfiles/linux_bcfiles/kbmp_kbmi_net_final.bc>:check_object_size:%0	</harden/bcfiles/linux_bcfiles/kbmp_kbmi_net_final.bc>:message_read:%116
</harden/bcfiles/linux_bcfiles/kbmp_kbmi_net_final.bc>:check_object_size:%0	</harden/bcfiles/linux_bcfiles/kbmp_kbmi_net_final.bc>:message_write:%158
</harden/bcfiles/linux_bcfiles/kbmp_kbmi_net_final.bc>:message_read:%136	</harden/bcfiles/linux_bcfiles/kbmp_kbmi_net_final.bc>:message_read:%136
</harden/bcfiles/linux_bcfiles/kbmp_kbmi_net_final.bc>:message_read:%126	</harden/bcfiles/linux_bcfiles/kbmp_kbmi_net_final.bc>:message_read:%126
</harden/bcfiles/linux_bcfiles/kbmp_kbmi_net_final.bc>:message_read:%67	</harden/bcfiles/linux_bcfiles/kbmp_kbmi_net_final.bc>:message_read:%67
</harden/bcfiles/linux_bcfiles/kbmp_kbmi_net_final.bc>:message_read:%55	</harden/bcfiles/linux_bcfiles/kbmp_kbmi_net_final.bc>:message_read:%55
</harden/bcfiles/linux_bcfiles/kbmp_kbmi_net_final.bc>:message_read:%37	</harden/bcfiles/linux_bcfiles/kbmp_kbmi_net_final.bc>:message_read:%37
</harden/bcfiles/linux_bcfiles/kbmp_kbmi_net_final.bc>:message_read:%32	</harden/bcfiles/linux_bcfiles/kbmp_kbmi_net_final.bc>:message_read:%32
</harden/bcfiles/linux_bcfiles/kbmp_kbmi_net_final.bc>:message_read:%83	</harden/bcfiles/linux_bcfiles/kbmp_kbmi_net_final.bc>:message_read:%83
</harden/bcfiles/linux_bcfiles/kbmp_kbmi_net_final.bc>:message_write:%178	</harden/bcfiles/linux_bcfiles/kbmp_kbmi_net_final.bc>:message_write:%178
</harden/bcfiles/linux_bcfiles/kbmp_kbmi_net_final.bc>:message_write:%125	</harden/bcfiles/linux_bcfiles/kbmp_kbmi_net_final.bc>:message_write:%125
</harden/bcfiles/linux_bcfiles/kbmp_kbmi_net_final.bc>:message_write:%180	</harden/bcfiles/linux_bcfiles/kbmp_kbmi_net_final.bc>:message_write:%180
</harden/bcfiles/linux_bcfiles/kbmp_kbmi_net_final.bc>:message_write:%168	</harden/bcfiles/linux_bcfiles/kbmp_kbmi_net_final.bc>:message_write:%168
</harden/bcfiles/linux_bcfiles/kbmp_kbmi_net_final.bc>:message_write:%41	</harden/bcfiles/linux_bcfiles/kbmp_kbmi_net_final.bc>:message_write:%41
</harden/bcfiles/linux_bcfiles/kbmp_kbmi_net_final.bc>:message_write:%46	</harden/bcfiles/linux_bcfiles/kbmp_kbmi_net_final.bc>:message_write:%46
</harden/bcfiles/linux_bcfiles/kbmp_kbmi_net_final.bc>:message_write:%109	</harden/bcfiles/linux_bcfiles/kbmp_kbmi_net_final.bc>:message_write:%109
</harden/bcfiles/linux_bcfiles/kbmp_kbmi_net_final.bc>:message_write:%54	</harden/bcfiles/linux_bcfiles/kbmp_kbmi_net_final.bc>:message_write:%54
</harden/bcfiles/linux_bcfiles/kbmp_kbmi_net_final.bc>:kmsan_unpoison_memory:%0	</harden/bcfiles/linux_bcfiles/kbmp_kbmi_net_final.bc>:message_write:%74
</harden/bcfiles/linux_bcfiles/kbmp_kbmi_net_final.bc>:make_dynamic_area:%57	</harden/bcfiles/linux_bcfiles/kbmp_kbmi_net_final.bc>:make_dynamic_area:%57
</harden/bcfiles/linux_bcfiles/kbmp_kbmi_net_final.bc>:make_dynamic_area:%40	</harden/bcfiles/linux_bcfiles/kbmp_kbmi_net_final.bc>:make_dynamic_area:%40
</harden/bcfiles/linux_bcfiles/kbmp_kbmi_net_final.bc>:make_dynamic_area:%32	</harden/bcfiles/linux_bcfiles/kbmp_kbmi_net_final.bc>:make_dynamic_area:%32
</harden/bcfiles/linux_bcfiles/kbmp_kbmi_net_final.bc>:virt_to_kpte:%15	</harden/bcfiles/linux_bcfiles/kbmp_kbmi_net_final.bc>:virt_to_kpte:%15
</harden/bcfiles/linux_bcfiles/kbmp_kbmi_net_final.bc>:virt_to_kpte:%9	</harden/bcfiles/linux_bcfiles/kbmp_kbmi_net_final.bc>:virt_to_kpte:%9
</harden/bcfiles/linux_bcfiles/kbmp_kbmi_net_final.bc>:virt_to_kpte:%5	</harden/bcfiles/linux_bcfiles/kbmp_kbmi_net_final.bc>:virt_to_kpte:%5
</harden/bcfiles/linux_bcfiles/kbmp_kbmi_net_final.bc>:virt_to_kpte:%0	</harden/bcfiles/linux_bcfiles/kbmp_kbmi_net_final.bc>:make_dynamic_area:%31
</harden/bcfiles/linux_bcfiles/kbmp_kbmi_net_final.bc>:pte_exec:%6	</harden/bcfiles/linux_bcfiles/kbmp_kbmi_net_final.bc>:pte_exec:%6
</harden/bcfiles/linux_bcfiles/kbmp_kbmi_net_final.bc>:pte_exec:%0	</harden/bcfiles/linux_bcfiles/kbmp_kbmi_net_final.bc>:make_dynamic_area:%39
</harden/bcfiles/linux_bcfiles/kbmp_kbmi_net_final.bc>:pte_mkexec:%7	</harden/bcfiles/linux_bcfiles/kbmp_kbmi_net_final.bc>:pte_mkexec:%7
</harden/bcfiles/linux_bcfiles/kbmp_kbmi_net_final.bc>:pte_mkexec:%0	</harden/bcfiles/linux_bcfiles/kbmp_kbmi_net_final.bc>:make_dynamic_area:%56
</harden/bcfiles/linux_bcfiles/kbmp_kbmi_net_final.bc>:set_ptes:%33	</harden/bcfiles/linux_bcfiles/kbmp_kbmi_net_final.bc>:set_ptes:%33
</harden/bcfiles/linux_bcfiles/kbmp_kbmi_net_final.bc>:set_ptes:%3	</harden/bcfiles/linux_bcfiles/kbmp_kbmi_net_final.bc>:make_dynamic_area:%60
</harden/bcfiles/linux_bcfiles/kbmp_kbmi_net_final.bc>:set_ptes:%2	</harden/bcfiles/linux_bcfiles/kbmp_kbmi_net_final.bc>:make_dynamic_area:%53
</harden/bcfiles/linux_bcfiles/kbmp_kbmi_net_final.bc>:set_ptes:%1	</harden/bcfiles/linux_bcfiles/kbmp_kbmi_net_final.bc>:make_dynamic_area:%52
</harden/bcfiles/linux_bcfiles/kbmp_kbmi_net_final.bc>:set_ptes:%0	</harden/bcfiles/linux_bcfiles/kbmp_kbmi_net_final.bc>:make_dynamic_area:%51
</harden/bcfiles/linux_bcfiles/kbmp_kbmi_net_final.bc>:page_table_check_ptes_set:%3	</harden/bcfiles/linux_bcfiles/kbmp_kbmi_net_final.bc>:set_ptes:%15
</harden/bcfiles/linux_bcfiles/kbmp_kbmi_net_final.bc>:page_table_check_ptes_set:%2	</harden/bcfiles/linux_bcfiles/kbmp_kbmi_net_final.bc>:set_ptes:%17
</harden/bcfiles/linux_bcfiles/kbmp_kbmi_net_final.bc>:page_table_check_ptes_set:%1	</harden/bcfiles/linux_bcfiles/kbmp_kbmi_net_final.bc>:set_ptes:%14
</harden/bcfiles/linux_bcfiles/kbmp_kbmi_net_final.bc>:page_table_check_ptes_set:%0	</harden/bcfiles/linux_bcfiles/kbmp_kbmi_net_final.bc>:set_ptes:%13
</harden/bcfiles/linux_bcfiles/kbmp_kbmi_net_final.bc>:native_set_pte:%1	</harden/bcfiles/linux_bcfiles/kbmp_kbmi_net_final.bc>:set_ptes:%23
</harden/bcfiles/linux_bcfiles/kbmp_kbmi_net_final.bc>:native_set_pte:%0	</harden/bcfiles/linux_bcfiles/kbmp_kbmi_net_final.bc>:set_ptes:%21
</harden/bcfiles/linux_bcfiles/kbmp_kbmi_net_final.bc>:pte_next_pfn:%21	</harden/bcfiles/linux_bcfiles/kbmp_kbmi_net_final.bc>:pte_next_pfn:%21
</harden/bcfiles/linux_bcfiles/kbmp_kbmi_net_final.bc>:pte_next_pfn:%19	</harden/bcfiles/linux_bcfiles/kbmp_kbmi_net_final.bc>:pte_next_pfn:%19
</harden/bcfiles/linux_bcfiles/kbmp_kbmi_net_final.bc>:pte_next_pfn:%14	</harden/bcfiles/linux_bcfiles/kbmp_kbmi_net_final.bc>:pte_next_pfn:%14
</harden/bcfiles/linux_bcfiles/kbmp_kbmi_net_final.bc>:pte_next_pfn:%12	</harden/bcfiles/linux_bcfiles/kbmp_kbmi_net_final.bc>:pte_next_pfn:%12
</harden/bcfiles/linux_bcfiles/kbmp_kbmi_net_final.bc>:pte_next_pfn:%8	</harden/bcfiles/linux_bcfiles/kbmp_kbmi_net_final.bc>:pte_next_pfn:%8
</harden/bcfiles/linux_bcfiles/kbmp_kbmi_net_final.bc>:pte_next_pfn:%0	</harden/bcfiles/linux_bcfiles/kbmp_kbmi_net_final.bc>:set_ptes:%32
</harden/bcfiles/linux_bcfiles/kbmp_kbmi_net_final.bc>:native_pte_val:%0	</harden/bcfiles/linux_bcfiles/kbmp_kbmi_net_final.bc>:pte_next_pfn:%6
</harden/bcfiles/linux_bcfiles/kbmp_kbmi_net_final.bc>:native_pte_val:%0	</harden/bcfiles/linux_bcfiles/kbmp_kbmi_net_final.bc>:pte_next_pfn:%11
</harden/bcfiles/linux_bcfiles/kbmp_kbmi_net_final.bc>:native_pte_val:%0	</harden/bcfiles/linux_bcfiles/kbmp_kbmi_net_final.bc>:pte_next_pfn:%18
</harden/bcfiles/linux_bcfiles/kbmp_kbmi_net_final.bc>:native_pte_val:%0	</harden/bcfiles/linux_bcfiles/kbmp_kbmi_net_final.bc>:pte_clear_flags:%9
</harden/bcfiles/linux_bcfiles/kbmp_kbmi_net_final.bc>:native_pte_val:%0	</harden/bcfiles/linux_bcfiles/kbmp_kbmi_net_final.bc>:pte_flags:%5
</harden/bcfiles/linux_bcfiles/kbmp_kbmi_net_final.bc>:__pte_needs_invert:%0	</harden/bcfiles/linux_bcfiles/kbmp_kbmi_net_final.bc>:pte_next_pfn:%7
</harden/bcfiles/linux_bcfiles/kbmp_kbmi_net_final.bc>:native_make_pte:%0	</harden/bcfiles/linux_bcfiles/kbmp_kbmi_net_final.bc>:pte_next_pfn:%13
</harden/bcfiles/linux_bcfiles/kbmp_kbmi_net_final.bc>:native_make_pte:%0	</harden/bcfiles/linux_bcfiles/kbmp_kbmi_net_final.bc>:pte_next_pfn:%20
</harden/bcfiles/linux_bcfiles/kbmp_kbmi_net_final.bc>:native_make_pte:%0	</harden/bcfiles/linux_bcfiles/kbmp_kbmi_net_final.bc>:pte_clear_flags:%14
</harden/bcfiles/linux_bcfiles/kbmp_kbmi_net_final.bc>:pte_clear_flags:%15	</harden/bcfiles/linux_bcfiles/kbmp_kbmi_net_final.bc>:pte_clear_flags:%15
</harden/bcfiles/linux_bcfiles/kbmp_kbmi_net_final.bc>:pte_clear_flags:%10	</harden/bcfiles/linux_bcfiles/kbmp_kbmi_net_final.bc>:pte_clear_flags:%10
</harden/bcfiles/linux_bcfiles/kbmp_kbmi_net_final.bc>:pte_clear_flags:%0	</harden/bcfiles/linux_bcfiles/kbmp_kbmi_net_final.bc>:pte_mkexec:%6
</harden/bcfiles/linux_bcfiles/kbmp_kbmi_net_final.bc>:pte_flags:%6	</harden/bcfiles/linux_bcfiles/kbmp_kbmi_net_final.bc>:pte_flags:%6
</harden/bcfiles/linux_bcfiles/kbmp_kbmi_net_final.bc>:pte_flags:%0	</harden/bcfiles/linux_bcfiles/kbmp_kbmi_net_final.bc>:pte_exec:%5
</harden/bcfiles/linux_bcfiles/kbmp_kbmi_net_final.bc>:pmd_off_k:%11	</harden/bcfiles/linux_bcfiles/kbmp_kbmi_net_final.bc>:pmd_off_k:%11
</harden/bcfiles/linux_bcfiles/kbmp_kbmi_net_final.bc>:pmd_off_k:%0	</harden/bcfiles/linux_bcfiles/kbmp_kbmi_net_final.bc>:virt_to_kpte:%4
</harden/bcfiles/linux_bcfiles/kbmp_kbmi_net_final.bc>:pmd_none:%7	</harden/bcfiles/linux_bcfiles/kbmp_kbmi_net_final.bc>:pmd_none:%7
</harden/bcfiles/linux_bcfiles/kbmp_kbmi_net_final.bc>:pmd_none:%0	</harden/bcfiles/linux_bcfiles/kbmp_kbmi_net_final.bc>:virt_to_kpte:%8
</harden/bcfiles/linux_bcfiles/kbmp_kbmi_net_final.bc>:pte_offset_kernel:%11	</harden/bcfiles/linux_bcfiles/kbmp_kbmi_net_final.bc>:pte_offset_kernel:%11
</harden/bcfiles/linux_bcfiles/kbmp_kbmi_net_final.bc>:pte_offset_kernel:%8	</harden/bcfiles/linux_bcfiles/kbmp_kbmi_net_final.bc>:pte_offset_kernel:%8
</harden/bcfiles/linux_bcfiles/kbmp_kbmi_net_final.bc>:pte_offset_kernel:%1	</harden/bcfiles/linux_bcfiles/kbmp_kbmi_net_final.bc>:virt_to_kpte:%14
</harden/bcfiles/linux_bcfiles/kbmp_kbmi_net_final.bc>:pte_offset_kernel:%0	</harden/bcfiles/linux_bcfiles/kbmp_kbmi_net_final.bc>:virt_to_kpte:%13
</harden/bcfiles/linux_bcfiles/kbmp_kbmi_net_final.bc>:pmd_page_vaddr:%9	</harden/bcfiles/linux_bcfiles/kbmp_kbmi_net_final.bc>:pmd_page_vaddr:%9
</harden/bcfiles/linux_bcfiles/kbmp_kbmi_net_final.bc>:pmd_page_vaddr:%6	</harden/bcfiles/linux_bcfiles/kbmp_kbmi_net_final.bc>:pmd_page_vaddr:%6
</harden/bcfiles/linux_bcfiles/kbmp_kbmi_net_final.bc>:pmd_page_vaddr:%0	</harden/bcfiles/linux_bcfiles/kbmp_kbmi_net_final.bc>:pte_offset_kernel:%7
</harden/bcfiles/linux_bcfiles/kbmp_kbmi_net_final.bc>:pte_index:%0	</harden/bcfiles/linux_bcfiles/kbmp_kbmi_net_final.bc>:pte_offset_kernel:%10
</harden/bcfiles/linux_bcfiles/kbmp_kbmi_net_final.bc>:native_pmd_val:%0	</harden/bcfiles/linux_bcfiles/kbmp_kbmi_net_final.bc>:pmd_none:%6
</harden/bcfiles/linux_bcfiles/kbmp_kbmi_net_final.bc>:native_pmd_val:%0	</harden/bcfiles/linux_bcfiles/kbmp_kbmi_net_final.bc>:pmd_page_vaddr:%5
</harden/bcfiles/linux_bcfiles/kbmp_kbmi_net_final.bc>:native_pmd_val:%0	</harden/bcfiles/linux_bcfiles/kbmp_kbmi_net_final.bc>:pmd_pfn_mask:%6
</harden/bcfiles/linux_bcfiles/kbmp_kbmi_net_final.bc>:pmd_pfn_mask:%7	</harden/bcfiles/linux_bcfiles/kbmp_kbmi_net_final.bc>:pmd_pfn_mask:%7
</harden/bcfiles/linux_bcfiles/kbmp_kbmi_net_final.bc>:pmd_pfn_mask:%0	</harden/bcfiles/linux_bcfiles/kbmp_kbmi_net_final.bc>:pmd_page_vaddr:%8
</harden/bcfiles/linux_bcfiles/kbmp_kbmi_net_final.bc>:pgd_offset_pgd:%1	</harden/bcfiles/linux_bcfiles/kbmp_kbmi_net_final.bc>:pmd_off_k:%4
</harden/bcfiles/linux_bcfiles/kbmp_kbmi_net_final.bc>:pgd_offset_pgd:%0	</harden/bcfiles/linux_bcfiles/kbmp_kbmi_net_final.bc>:pmd_off_k:%3
</harden/bcfiles/linux_bcfiles/kbmp_kbmi_net_final.bc>:p4d_offset:%74	</harden/bcfiles/linux_bcfiles/kbmp_kbmi_net_final.bc>:p4d_offset:%74
</harden/bcfiles/linux_bcfiles/kbmp_kbmi_net_final.bc>:p4d_offset:%71	</harden/bcfiles/linux_bcfiles/kbmp_kbmi_net_final.bc>:p4d_offset:%71
</harden/bcfiles/linux_bcfiles/kbmp_kbmi_net_final.bc>:p4d_offset:%21	</harden/bcfiles/linux_bcfiles/kbmp_kbmi_net_final.bc>:p4d_offset:%21
</harden/bcfiles/linux_bcfiles/kbmp_kbmi_net_final.bc>:p4d_offset:%1	</harden/bcfiles/linux_bcfiles/kbmp_kbmi_net_final.bc>:pmd_off_k:%6
</harden/bcfiles/linux_bcfiles/kbmp_kbmi_net_final.bc>:p4d_offset:%0	</harden/bcfiles/linux_bcfiles/kbmp_kbmi_net_final.bc>:pmd_off_k:%5
</harden/bcfiles/linux_bcfiles/kbmp_kbmi_net_final.bc>:pud_offset:%10	</harden/bcfiles/linux_bcfiles/kbmp_kbmi_net_final.bc>:pud_offset:%10
</harden/bcfiles/linux_bcfiles/kbmp_kbmi_net_final.bc>:pud_offset:%8	</harden/bcfiles/linux_bcfiles/kbmp_kbmi_net_final.bc>:pud_offset:%8
</harden/bcfiles/linux_bcfiles/kbmp_kbmi_net_final.bc>:pud_offset:%1	</harden/bcfiles/linux_bcfiles/kbmp_kbmi_net_final.bc>:pmd_off_k:%8
</harden/bcfiles/linux_bcfiles/kbmp_kbmi_net_final.bc>:pud_offset:%0	</harden/bcfiles/linux_bcfiles/kbmp_kbmi_net_final.bc>:pmd_off_k:%7
</harden/bcfiles/linux_bcfiles/kbmp_kbmi_net_final.bc>:pmd_offset:%10	</harden/bcfiles/linux_bcfiles/kbmp_kbmi_net_final.bc>:pmd_offset:%10
</harden/bcfiles/linux_bcfiles/kbmp_kbmi_net_final.bc>:pmd_offset:%8	</harden/bcfiles/linux_bcfiles/kbmp_kbmi_net_final.bc>:pmd_offset:%8
</harden/bcfiles/linux_bcfiles/kbmp_kbmi_net_final.bc>:pmd_offset:%1	</harden/bcfiles/linux_bcfiles/kbmp_kbmi_net_final.bc>:pmd_off_k:%10
</harden/bcfiles/linux_bcfiles/kbmp_kbmi_net_final.bc>:pmd_offset:%0	</harden/bcfiles/linux_bcfiles/kbmp_kbmi_net_final.bc>:pmd_off_k:%9
</harden/bcfiles/linux_bcfiles/kbmp_kbmi_net_final.bc>:pud_pgtable:%9	</harden/bcfiles/linux_bcfiles/kbmp_kbmi_net_final.bc>:pud_pgtable:%9
</harden/bcfiles/linux_bcfiles/kbmp_kbmi_net_final.bc>:pud_pgtable:%6	</harden/bcfiles/linux_bcfiles/kbmp_kbmi_net_final.bc>:pud_pgtable:%6
</harden/bcfiles/linux_bcfiles/kbmp_kbmi_net_final.bc>:pud_pgtable:%0	</harden/bcfiles/linux_bcfiles/kbmp_kbmi_net_final.bc>:pmd_offset:%7
</harden/bcfiles/linux_bcfiles/kbmp_kbmi_net_final.bc>:pmd_index:%0	</harden/bcfiles/linux_bcfiles/kbmp_kbmi_net_final.bc>:pmd_offset:%9
</harden/bcfiles/linux_bcfiles/kbmp_kbmi_net_final.bc>:native_pud_val:%0	</harden/bcfiles/linux_bcfiles/kbmp_kbmi_net_final.bc>:pud_pgtable:%5
</harden/bcfiles/linux_bcfiles/kbmp_kbmi_net_final.bc>:native_pud_val:%0	</harden/bcfiles/linux_bcfiles/kbmp_kbmi_net_final.bc>:pud_pfn_mask:%6
</harden/bcfiles/linux_bcfiles/kbmp_kbmi_net_final.bc>:pud_pfn_mask:%7	</harden/bcfiles/linux_bcfiles/kbmp_kbmi_net_final.bc>:pud_pfn_mask:%7
</harden/bcfiles/linux_bcfiles/kbmp_kbmi_net_final.bc>:pud_pfn_mask:%0	</harden/bcfiles/linux_bcfiles/kbmp_kbmi_net_final.bc>:pud_pgtable:%8
</harden/bcfiles/linux_bcfiles/kbmp_kbmi_net_final.bc>:p4d_pgtable:%9	</harden/bcfiles/linux_bcfiles/kbmp_kbmi_net_final.bc>:p4d_pgtable:%9
</harden/bcfiles/linux_bcfiles/kbmp_kbmi_net_final.bc>:p4d_pgtable:%6	</harden/bcfiles/linux_bcfiles/kbmp_kbmi_net_final.bc>:p4d_pgtable:%6
</harden/bcfiles/linux_bcfiles/kbmp_kbmi_net_final.bc>:p4d_pgtable:%0	</harden/bcfiles/linux_bcfiles/kbmp_kbmi_net_final.bc>:pud_offset:%7
</harden/bcfiles/linux_bcfiles/kbmp_kbmi_net_final.bc>:pud_index:%0	</harden/bcfiles/linux_bcfiles/kbmp_kbmi_net_final.bc>:pud_offset:%9
</harden/bcfiles/linux_bcfiles/kbmp_kbmi_net_final.bc>:native_p4d_val:%0	</harden/bcfiles/linux_bcfiles/kbmp_kbmi_net_final.bc>:p4d_pgtable:%5
</harden/bcfiles/linux_bcfiles/kbmp_kbmi_net_final.bc>:p4d_pfn_mask:%0	</harden/bcfiles/linux_bcfiles/kbmp_kbmi_net_final.bc>:p4d_pgtable:%8
</harden/bcfiles/linux_bcfiles/kbmp_kbmi_net_final.bc>:pgd_page_vaddr:%6	</harden/bcfiles/linux_bcfiles/kbmp_kbmi_net_final.bc>:pgd_page_vaddr:%6
</harden/bcfiles/linux_bcfiles/kbmp_kbmi_net_final.bc>:pgd_page_vaddr:%0	</harden/bcfiles/linux_bcfiles/kbmp_kbmi_net_final.bc>:p4d_offset:%70
</harden/bcfiles/linux_bcfiles/kbmp_kbmi_net_final.bc>:p4d_index:%0	</harden/bcfiles/linux_bcfiles/kbmp_kbmi_net_final.bc>:p4d_offset:%73
</harden/bcfiles/linux_bcfiles/kbmp_kbmi_net_final.bc>:native_pgd_val:%0	</harden/bcfiles/linux_bcfiles/kbmp_kbmi_net_final.bc>:pgd_page_vaddr:%5
</harden/bcfiles/linux_bcfiles/kbmp_kbmi_net_final.bc>:kbmi_net_init:%11	</harden/bcfiles/linux_bcfiles/kbmp_kbmi_net_final.bc>:kbmi_net_init:%11
</harden/bcfiles/linux_bcfiles/kbmp_kbmi_net_final.bc>:kbmi_net_init:%5	</harden/bcfiles/linux_bcfiles/kbmp_kbmi_net_final.bc>:kbmi_net_init:%5
</harden/bcfiles/linux_bcfiles/kbmp_kbmi_net_final.bc>:kbmi_packet_filter_hook:%47	</harden/bcfiles/linux_bcfiles/kbmp_kbmi_net_final.bc>:kbmi_packet_filter_hook:%47
</harden/bcfiles/linux_bcfiles/kbmp_kbmi_net_final.bc>:kbmi_packet_filter_hook:%25	</harden/bcfiles/linux_bcfiles/kbmp_kbmi_net_final.bc>:kbmi_packet_filter_hook:%25
</harden/bcfiles/linux_bcfiles/kbmp_kbmi_net_final.bc>:kbmi_packet_filter_hook:%19	</harden/bcfiles/linux_bcfiles/kbmp_kbmi_net_final.bc>:kbmi_packet_filter_hook:%19
</harden/bcfiles/linux_bcfiles/kbmp_kbmi_net_final.bc>:kbmi_packet_filter_hook:%53	</harden/bcfiles/linux_bcfiles/kbmp_kbmi_net_final.bc>:kbmi_packet_filter_hook:%53
