</harden/bcfiles/linux_bcfiles/kbmp_kbmi_net_final.bc>:message_write:248	</harden/bcfiles/linux_bcfiles/kbmp_kbmi_net_final.bc>:message_write:248:1:getelementptr inbounds ([1024 x i8], [1024 x i8]* @message_buffer, i64 0, i64 1023)
</harden/bcfiles/linux_bcfiles/kbmp_kbmi_net_final.bc>:kbmi_net_init:5	</harden/bcfiles/linux_bcfiles/kbmp_kbmi_net_final.bc>:kbmi_net_init:5:1:getelementptr inbounds (%struct.nf_hook_ops, %struct.nf_hook_ops* @nfho, i32 0, i32 0)
</harden/bcfiles/linux_bcfiles/kbmp_kbmi_net_final.bc>:kbmi_net_init:6	</harden/bcfiles/linux_bcfiles/kbmp_kbmi_net_final.bc>:kbmi_net_init:6:1:getelementptr inbounds (%struct.nf_hook_ops, %struct.nf_hook_ops* @nfho, i32 0, i32 5)
</harden/bcfiles/linux_bcfiles/kbmp_kbmi_net_final.bc>:kbmi_net_init:7	</harden/bcfiles/linux_bcfiles/kbmp_kbmi_net_final.bc>:kbmi_net_init:7:1:getelementptr inbounds (%struct.nf_hook_ops, %struct.nf_hook_ops* @nfho, i32 0, i32 3)
</harden/bcfiles/linux_bcfiles/kbmp_kbmi_net_final.bc>:kbmi_net_init:8	</harden/bcfiles/linux_bcfiles/kbmp_kbmi_net_final.bc>:kbmi_net_init:8:1:getelementptr inbounds (%struct.nf_hook_ops, %struct.nf_hook_ops* @nfho, i32 0, i32 6)
</harden/bcfiles/linux_bcfiles/kbmp_kbmi_net_final.bc>:kbmp_init:10	</harden/bcfiles/linux_bcfiles/kbmp_kbmi_net_final.bc>:kbmp_init:10:0:@proc_entry
</harden/bcfiles/linux_bcfiles/kbmp_kbmi_net_final.bc>:kbmp_init:24	</harden/bcfiles/linux_bcfiles/kbmp_kbmi_net_final.bc>:kbmp_init:24:0:@disp_entry
</harden/bcfiles/linux_bcfiles/kbmp_kbmi_net_final.bc>:display:70	</harden/bcfiles/linux_bcfiles/kbmp_kbmi_net_final.bc>:display:70:0:@display.message_index
</harden/bcfiles/linux_bcfiles/kbmp_kbmi_net_final.bc>:kbmp_exit:1	</harden/bcfiles/linux_bcfiles/kbmp_kbmi_net_final.bc>:kbmp_exit:%1
</harden/bcfiles/linux_bcfiles/kbmp_kbmi_net_final.bc>:kbmp_init:31	</harden/bcfiles/linux_bcfiles/kbmp_kbmi_net_final.bc>:kbmp_init:%5
</harden/bcfiles/linux_bcfiles/kbmp_kbmi_net_final.bc>:kbmp_init:21	</harden/bcfiles/linux_bcfiles/kbmp_kbmi_net_final.bc>:kbmp_init:%4
</harden/bcfiles/linux_bcfiles/kbmp_kbmi_net_final.bc>:kbmp_init:17	</harden/bcfiles/linux_bcfiles/kbmp_kbmi_net_final.bc>:kbmp_init:%3
</harden/bcfiles/linux_bcfiles/kbmp_kbmi_net_final.bc>:kbmp_init:6	</harden/bcfiles/linux_bcfiles/kbmp_kbmi_net_final.bc>:kbmp_init:%2
</harden/bcfiles/linux_bcfiles/kbmp_kbmi_net_final.bc>:kbmp_init:35	</harden/bcfiles/linux_bcfiles/kbmp_kbmi_net_final.bc>:kbmp_init:%6
</harden/bcfiles/linux_bcfiles/kbmp_kbmi_net_final.bc>:kbmp_init:19	</harden/bcfiles/linux_bcfiles/kbmp_kbmi_net_final.bc>:kbmp_init:%1
</harden/bcfiles/linux_bcfiles/kbmp_kbmi_net_final.bc>:kbmp_init:33	</harden/bcfiles/linux_bcfiles/kbmp_kbmi_net_final.bc>:kbmp_init:%1
</harden/bcfiles/linux_bcfiles/kbmp_kbmi_net_final.bc>:kbmp_init:37	</harden/bcfiles/linux_bcfiles/kbmp_kbmi_net_final.bc>:kbmp_init:%1
</harden/bcfiles/linux_bcfiles/kbmp_kbmi_net_final.bc>:display:60	</harden/bcfiles/linux_bcfiles/kbmp_kbmi_net_final.bc>:display:%22
</harden/bcfiles/linux_bcfiles/kbmp_kbmi_net_final.bc>:display:25	</harden/bcfiles/linux_bcfiles/kbmp_kbmi_net_final.bc>:display:%19
</harden/bcfiles/linux_bcfiles/kbmp_kbmi_net_final.bc>:display:86	</harden/bcfiles/linux_bcfiles/kbmp_kbmi_net_final.bc>:display:%19
</harden/bcfiles/linux_bcfiles/kbmp_kbmi_net_final.bc>:display:21	</harden/bcfiles/linux_bcfiles/kbmp_kbmi_net_final.bc>:display:%17
</harden/bcfiles/linux_bcfiles/kbmp_kbmi_net_final.bc>:display:95	</harden/bcfiles/linux_bcfiles/kbmp_kbmi_net_final.bc>:display:%15
</harden/bcfiles/linux_bcfiles/kbmp_kbmi_net_final.bc>:display:181	</harden/bcfiles/linux_bcfiles/kbmp_kbmi_net_final.bc>:display:%15
</harden/bcfiles/linux_bcfiles/kbmp_kbmi_net_final.bc>:display:93	</harden/bcfiles/linux_bcfiles/kbmp_kbmi_net_final.bc>:display:%14
</harden/bcfiles/linux_bcfiles/kbmp_kbmi_net_final.bc>:display:153	</harden/bcfiles/linux_bcfiles/kbmp_kbmi_net_final.bc>:display:%11
</harden/bcfiles/linux_bcfiles/kbmp_kbmi_net_final.bc>:display:195	</harden/bcfiles/linux_bcfiles/kbmp_kbmi_net_final.bc>:display:%25
</harden/bcfiles/linux_bcfiles/kbmp_kbmi_net_final.bc>:display:42	</harden/bcfiles/linux_bcfiles/kbmp_kbmi_net_final.bc>:display:%21
</harden/bcfiles/linux_bcfiles/kbmp_kbmi_net_final.bc>:display:203	</harden/bcfiles/linux_bcfiles/kbmp_kbmi_net_final.bc>:display:%152
</harden/bcfiles/linux_bcfiles/kbmp_kbmi_net_final.bc>:display:44	</harden/bcfiles/linux_bcfiles/kbmp_kbmi_net_final.bc>:display:%16
</harden/bcfiles/linux_bcfiles/kbmp_kbmi_net_final.bc>:display:56	</harden/bcfiles/linux_bcfiles/kbmp_kbmi_net_final.bc>:display:%16
</harden/bcfiles/linux_bcfiles/kbmp_kbmi_net_final.bc>:display:65	</harden/bcfiles/linux_bcfiles/kbmp_kbmi_net_final.bc>:display:%16
</harden/bcfiles/linux_bcfiles/kbmp_kbmi_net_final.bc>:display:80	</harden/bcfiles/linux_bcfiles/kbmp_kbmi_net_final.bc>:display:%16
</harden/bcfiles/linux_bcfiles/kbmp_kbmi_net_final.bc>:display:197	</harden/bcfiles/linux_bcfiles/kbmp_kbmi_net_final.bc>:display:%16
</harden/bcfiles/linux_bcfiles/kbmp_kbmi_net_final.bc>:display:205	</harden/bcfiles/linux_bcfiles/kbmp_kbmi_net_final.bc>:display:%16
</harden/bcfiles/linux_bcfiles/kbmp_kbmi_net_final.bc>:display:75	</harden/bcfiles/linux_bcfiles/kbmp_kbmi_net_final.bc>:display:%23
</harden/bcfiles/linux_bcfiles/kbmp_kbmi_net_final.bc>:display:27	</harden/bcfiles/linux_bcfiles/kbmp_kbmi_net_final.bc>:display:%20
</harden/bcfiles/linux_bcfiles/kbmp_kbmi_net_final.bc>:display:145	</harden/bcfiles/linux_bcfiles/kbmp_kbmi_net_final.bc>:display:%10
</harden/bcfiles/linux_bcfiles/kbmp_kbmi_net_final.bc>:display:109	</harden/bcfiles/linux_bcfiles/kbmp_kbmi_net_final.bc>:display:%9
</harden/bcfiles/linux_bcfiles/kbmp_kbmi_net_final.bc>:display:103	</harden/bcfiles/linux_bcfiles/kbmp_kbmi_net_final.bc>:display:%8
</harden/bcfiles/linux_bcfiles/kbmp_kbmi_net_final.bc>:display:101	</harden/bcfiles/linux_bcfiles/kbmp_kbmi_net_final.bc>:display:%7
</harden/bcfiles/linux_bcfiles/kbmp_kbmi_net_final.bc>:display:91	</harden/bcfiles/linux_bcfiles/kbmp_kbmi_net_final.bc>:display:%13
</harden/bcfiles/linux_bcfiles/kbmp_kbmi_net_final.bc>:display:99	</harden/bcfiles/linux_bcfiles/kbmp_kbmi_net_final.bc>:display:%6
</harden/bcfiles/linux_bcfiles/kbmp_kbmi_net_final.bc>:display:138	</harden/bcfiles/linux_bcfiles/kbmp_kbmi_net_final.bc>:display:%5
</harden/bcfiles/linux_bcfiles/kbmp_kbmi_net_final.bc>:display:166	</harden/bcfiles/linux_bcfiles/kbmp_kbmi_net_final.bc>:display:%5
</harden/bcfiles/linux_bcfiles/kbmp_kbmi_net_final.bc>:display:173	</harden/bcfiles/linux_bcfiles/kbmp_kbmi_net_final.bc>:display:%5
</harden/bcfiles/linux_bcfiles/kbmp_kbmi_net_final.bc>:display:23	</harden/bcfiles/linux_bcfiles/kbmp_kbmi_net_final.bc>:display:%18
</harden/bcfiles/linux_bcfiles/kbmp_kbmi_net_final.bc>:display:184	</harden/bcfiles/linux_bcfiles/kbmp_kbmi_net_final.bc>:display:%24
</harden/bcfiles/linux_bcfiles/kbmp_kbmi_net_final.bc>:display:162	</harden/bcfiles/linux_bcfiles/kbmp_kbmi_net_final.bc>:display:%12
</harden/bcfiles/linux_bcfiles/kbmp_kbmi_net_final.bc>:get_message_from_buffer:227	</harden/bcfiles/linux_bcfiles/kbmp_kbmi_net_final.bc>:get_message_from_buffer:%177
</harden/bcfiles/linux_bcfiles/kbmp_kbmi_net_final.bc>:get_message_from_buffer:215	</harden/bcfiles/linux_bcfiles/kbmp_kbmi_net_final.bc>:get_message_from_buffer:%13
</harden/bcfiles/linux_bcfiles/kbmp_kbmi_net_final.bc>:get_message_from_buffer:15	</harden/bcfiles/linux_bcfiles/kbmp_kbmi_net_final.bc>:get_message_from_buffer:%12
</harden/bcfiles/linux_bcfiles/kbmp_kbmi_net_final.bc>:get_message_from_buffer:219	</harden/bcfiles/linux_bcfiles/kbmp_kbmi_net_final.bc>:get_message_from_buffer:%11
</harden/bcfiles/linux_bcfiles/kbmp_kbmi_net_final.bc>:get_message_from_buffer:229	</harden/bcfiles/linux_bcfiles/kbmp_kbmi_net_final.bc>:get_message_from_buffer:%11
</harden/bcfiles/linux_bcfiles/kbmp_kbmi_net_final.bc>:get_message_from_buffer:172	</harden/bcfiles/linux_bcfiles/kbmp_kbmi_net_final.bc>:get_message_from_buffer:%10
</harden/bcfiles/linux_bcfiles/kbmp_kbmi_net_final.bc>:get_message_from_buffer:21	</harden/bcfiles/linux_bcfiles/kbmp_kbmi_net_final.bc>:get_message_from_buffer:%9
</harden/bcfiles/linux_bcfiles/kbmp_kbmi_net_final.bc>:get_message_from_buffer:19	</harden/bcfiles/linux_bcfiles/kbmp_kbmi_net_final.bc>:get_message_from_buffer:%8
</harden/bcfiles/linux_bcfiles/kbmp_kbmi_net_final.bc>:get_message_from_buffer:36	</harden/bcfiles/linux_bcfiles/kbmp_kbmi_net_final.bc>:get_message_from_buffer:%7
</harden/bcfiles/linux_bcfiles/kbmp_kbmi_net_final.bc>:get_message_from_buffer:207	</harden/bcfiles/linux_bcfiles/kbmp_kbmi_net_final.bc>:get_message_from_buffer:%7
</harden/bcfiles/linux_bcfiles/kbmp_kbmi_net_final.bc>:get_message_from_buffer:212	</harden/bcfiles/linux_bcfiles/kbmp_kbmi_net_final.bc>:get_message_from_buffer:%7
</harden/bcfiles/linux_bcfiles/kbmp_kbmi_net_final.bc>:get_message_from_buffer:41	</harden/bcfiles/linux_bcfiles/kbmp_kbmi_net_final.bc>:get_message_from_buffer:%6
</harden/bcfiles/linux_bcfiles/kbmp_kbmi_net_final.bc>:get_message_from_buffer:39	</harden/bcfiles/linux_bcfiles/kbmp_kbmi_net_final.bc>:get_message_from_buffer:%5
</harden/bcfiles/linux_bcfiles/kbmp_kbmi_net_final.bc>:get_message_from_buffer:46	</harden/bcfiles/linux_bcfiles/kbmp_kbmi_net_final.bc>:get_message_from_buffer:%4
</harden/bcfiles/linux_bcfiles/kbmp_kbmi_net_final.bc>:get_message_from_buffer:51	</harden/bcfiles/linux_bcfiles/kbmp_kbmi_net_final.bc>:get_message_from_buffer:%4
</harden/bcfiles/linux_bcfiles/kbmp_kbmi_net_final.bc>:get_message_from_buffer:59	</harden/bcfiles/linux_bcfiles/kbmp_kbmi_net_final.bc>:get_message_from_buffer:%4
</harden/bcfiles/linux_bcfiles/kbmp_kbmi_net_final.bc>:get_message_from_buffer:67	</harden/bcfiles/linux_bcfiles/kbmp_kbmi_net_final.bc>:get_message_from_buffer:%4
</harden/bcfiles/linux_bcfiles/kbmp_kbmi_net_final.bc>:get_message_from_buffer:72	</harden/bcfiles/linux_bcfiles/kbmp_kbmi_net_final.bc>:get_message_from_buffer:%4
</harden/bcfiles/linux_bcfiles/kbmp_kbmi_net_final.bc>:get_message_from_buffer:77	</harden/bcfiles/linux_bcfiles/kbmp_kbmi_net_final.bc>:get_message_from_buffer:%4
</harden/bcfiles/linux_bcfiles/kbmp_kbmi_net_final.bc>:get_message_from_buffer:82	</harden/bcfiles/linux_bcfiles/kbmp_kbmi_net_final.bc>:get_message_from_buffer:%4
</harden/bcfiles/linux_bcfiles/kbmp_kbmi_net_final.bc>:get_message_from_buffer:87	</harden/bcfiles/linux_bcfiles/kbmp_kbmi_net_final.bc>:get_message_from_buffer:%4
</harden/bcfiles/linux_bcfiles/kbmp_kbmi_net_final.bc>:get_message_from_buffer:92	</harden/bcfiles/linux_bcfiles/kbmp_kbmi_net_final.bc>:get_message_from_buffer:%4
</harden/bcfiles/linux_bcfiles/kbmp_kbmi_net_final.bc>:get_message_from_buffer:97	</harden/bcfiles/linux_bcfiles/kbmp_kbmi_net_final.bc>:get_message_from_buffer:%4
</harden/bcfiles/linux_bcfiles/kbmp_kbmi_net_final.bc>:get_message_from_buffer:102	</harden/bcfiles/linux_bcfiles/kbmp_kbmi_net_final.bc>:get_message_from_buffer:%4
</harden/bcfiles/linux_bcfiles/kbmp_kbmi_net_final.bc>:get_message_from_buffer:107	</harden/bcfiles/linux_bcfiles/kbmp_kbmi_net_final.bc>:get_message_from_buffer:%4
</harden/bcfiles/linux_bcfiles/kbmp_kbmi_net_final.bc>:get_message_from_buffer:112	</harden/bcfiles/linux_bcfiles/kbmp_kbmi_net_final.bc>:get_message_from_buffer:%4
</harden/bcfiles/linux_bcfiles/kbmp_kbmi_net_final.bc>:get_message_from_buffer:117	</harden/bcfiles/linux_bcfiles/kbmp_kbmi_net_final.bc>:get_message_from_buffer:%4
</harden/bcfiles/linux_bcfiles/kbmp_kbmi_net_final.bc>:get_message_from_buffer:122	</harden/bcfiles/linux_bcfiles/kbmp_kbmi_net_final.bc>:get_message_from_buffer:%4
</harden/bcfiles/linux_bcfiles/kbmp_kbmi_net_final.bc>:get_message_from_buffer:127	</harden/bcfiles/linux_bcfiles/kbmp_kbmi_net_final.bc>:get_message_from_buffer:%4
</harden/bcfiles/linux_bcfiles/kbmp_kbmi_net_final.bc>:get_message_from_buffer:132	</harden/bcfiles/linux_bcfiles/kbmp_kbmi_net_final.bc>:get_message_from_buffer:%4
</harden/bcfiles/linux_bcfiles/kbmp_kbmi_net_final.bc>:get_message_from_buffer:137	</harden/bcfiles/linux_bcfiles/kbmp_kbmi_net_final.bc>:get_message_from_buffer:%4
</harden/bcfiles/linux_bcfiles/kbmp_kbmi_net_final.bc>:get_message_from_buffer:142	</harden/bcfiles/linux_bcfiles/kbmp_kbmi_net_final.bc>:get_message_from_buffer:%4
</harden/bcfiles/linux_bcfiles/kbmp_kbmi_net_final.bc>:get_message_from_buffer:147	</harden/bcfiles/linux_bcfiles/kbmp_kbmi_net_final.bc>:get_message_from_buffer:%4
</harden/bcfiles/linux_bcfiles/kbmp_kbmi_net_final.bc>:get_message_from_buffer:152	</harden/bcfiles/linux_bcfiles/kbmp_kbmi_net_final.bc>:get_message_from_buffer:%4
</harden/bcfiles/linux_bcfiles/kbmp_kbmi_net_final.bc>:get_message_from_buffer:157	</harden/bcfiles/linux_bcfiles/kbmp_kbmi_net_final.bc>:get_message_from_buffer:%4
</harden/bcfiles/linux_bcfiles/kbmp_kbmi_net_final.bc>:get_message_from_buffer:162	</harden/bcfiles/linux_bcfiles/kbmp_kbmi_net_final.bc>:get_message_from_buffer:%4
</harden/bcfiles/linux_bcfiles/kbmp_kbmi_net_final.bc>:get_message_from_buffer:167	</harden/bcfiles/linux_bcfiles/kbmp_kbmi_net_final.bc>:get_message_from_buffer:%4
</harden/bcfiles/linux_bcfiles/kbmp_kbmi_net_final.bc>:get_message_from_buffer:178	</harden/bcfiles/linux_bcfiles/kbmp_kbmi_net_final.bc>:get_message_from_buffer:%3
</harden/bcfiles/linux_bcfiles/kbmp_kbmi_net_final.bc>:get_message_from_buffer:176	</harden/bcfiles/linux_bcfiles/kbmp_kbmi_net_final.bc>:get_message_from_buffer:%2
</harden/bcfiles/linux_bcfiles/kbmp_kbmi_net_final.bc>:get_message_from_buffer:187	</harden/bcfiles/linux_bcfiles/kbmp_kbmi_net_final.bc>:get_message_from_buffer:%1
</harden/bcfiles/linux_bcfiles/kbmp_kbmi_net_final.bc>:get_message_from_buffer:193	</harden/bcfiles/linux_bcfiles/kbmp_kbmi_net_final.bc>:get_message_from_buffer:%1
</harden/bcfiles/linux_bcfiles/kbmp_kbmi_net_final.bc>:get_message_from_buffer:195	</harden/bcfiles/linux_bcfiles/kbmp_kbmi_net_final.bc>:get_message_from_buffer:%1
</harden/bcfiles/linux_bcfiles/kbmp_kbmi_net_final.bc>:rotate:255	</harden/bcfiles/linux_bcfiles/kbmp_kbmi_net_final.bc>:rotate:%199
</harden/bcfiles/linux_bcfiles/kbmp_kbmi_net_final.bc>:rotate:239	</harden/bcfiles/linux_bcfiles/kbmp_kbmi_net_final.bc>:rotate:%19
</harden/bcfiles/linux_bcfiles/kbmp_kbmi_net_final.bc>:rotate:234	</harden/bcfiles/linux_bcfiles/kbmp_kbmi_net_final.bc>:rotate:%18
</harden/bcfiles/linux_bcfiles/kbmp_kbmi_net_final.bc>:rotate:224	</harden/bcfiles/linux_bcfiles/kbmp_kbmi_net_final.bc>:rotate:%17
</harden/bcfiles/linux_bcfiles/kbmp_kbmi_net_final.bc>:rotate:24	</harden/bcfiles/linux_bcfiles/kbmp_kbmi_net_final.bc>:rotate:%16
</harden/bcfiles/linux_bcfiles/kbmp_kbmi_net_final.bc>:rotate:19	</harden/bcfiles/linux_bcfiles/kbmp_kbmi_net_final.bc>:rotate:%15
</harden/bcfiles/linux_bcfiles/kbmp_kbmi_net_final.bc>:rotate:17	</harden/bcfiles/linux_bcfiles/kbmp_kbmi_net_final.bc>:rotate:%14
</harden/bcfiles/linux_bcfiles/kbmp_kbmi_net_final.bc>:rotate:228	</harden/bcfiles/linux_bcfiles/kbmp_kbmi_net_final.bc>:rotate:%13
</harden/bcfiles/linux_bcfiles/kbmp_kbmi_net_final.bc>:rotate:257	</harden/bcfiles/linux_bcfiles/kbmp_kbmi_net_final.bc>:rotate:%13
</harden/bcfiles/linux_bcfiles/kbmp_kbmi_net_final.bc>:rotate:181	</harden/bcfiles/linux_bcfiles/kbmp_kbmi_net_final.bc>:rotate:%12
</harden/bcfiles/linux_bcfiles/kbmp_kbmi_net_final.bc>:rotate:30	</harden/bcfiles/linux_bcfiles/kbmp_kbmi_net_final.bc>:rotate:%11
</harden/bcfiles/linux_bcfiles/kbmp_kbmi_net_final.bc>:rotate:28	</harden/bcfiles/linux_bcfiles/kbmp_kbmi_net_final.bc>:rotate:%10
</harden/bcfiles/linux_bcfiles/kbmp_kbmi_net_final.bc>:rotate:45	</harden/bcfiles/linux_bcfiles/kbmp_kbmi_net_final.bc>:rotate:%9
</harden/bcfiles/linux_bcfiles/kbmp_kbmi_net_final.bc>:rotate:216	</harden/bcfiles/linux_bcfiles/kbmp_kbmi_net_final.bc>:rotate:%9
</harden/bcfiles/linux_bcfiles/kbmp_kbmi_net_final.bc>:rotate:221	</harden/bcfiles/linux_bcfiles/kbmp_kbmi_net_final.bc>:rotate:%9
</harden/bcfiles/linux_bcfiles/kbmp_kbmi_net_final.bc>:rotate:50	</harden/bcfiles/linux_bcfiles/kbmp_kbmi_net_final.bc>:rotate:%8
</harden/bcfiles/linux_bcfiles/kbmp_kbmi_net_final.bc>:rotate:48	</harden/bcfiles/linux_bcfiles/kbmp_kbmi_net_final.bc>:rotate:%7
</harden/bcfiles/linux_bcfiles/kbmp_kbmi_net_final.bc>:rotate:55	</harden/bcfiles/linux_bcfiles/kbmp_kbmi_net_final.bc>:rotate:%6
</harden/bcfiles/linux_bcfiles/kbmp_kbmi_net_final.bc>:rotate:60	</harden/bcfiles/linux_bcfiles/kbmp_kbmi_net_final.bc>:rotate:%6
</harden/bcfiles/linux_bcfiles/kbmp_kbmi_net_final.bc>:rotate:68	</harden/bcfiles/linux_bcfiles/kbmp_kbmi_net_final.bc>:rotate:%6
</harden/bcfiles/linux_bcfiles/kbmp_kbmi_net_final.bc>:rotate:76	</harden/bcfiles/linux_bcfiles/kbmp_kbmi_net_final.bc>:rotate:%6
</harden/bcfiles/linux_bcfiles/kbmp_kbmi_net_final.bc>:rotate:81	</harden/bcfiles/linux_bcfiles/kbmp_kbmi_net_final.bc>:rotate:%6
</harden/bcfiles/linux_bcfiles/kbmp_kbmi_net_final.bc>:rotate:86	</harden/bcfiles/linux_bcfiles/kbmp_kbmi_net_final.bc>:rotate:%6
</harden/bcfiles/linux_bcfiles/kbmp_kbmi_net_final.bc>:rotate:91	</harden/bcfiles/linux_bcfiles/kbmp_kbmi_net_final.bc>:rotate:%6
</harden/bcfiles/linux_bcfiles/kbmp_kbmi_net_final.bc>:rotate:96	</harden/bcfiles/linux_bcfiles/kbmp_kbmi_net_final.bc>:rotate:%6
</harden/bcfiles/linux_bcfiles/kbmp_kbmi_net_final.bc>:rotate:101	</harden/bcfiles/linux_bcfiles/kbmp_kbmi_net_final.bc>:rotate:%6
</harden/bcfiles/linux_bcfiles/kbmp_kbmi_net_final.bc>:rotate:106	</harden/bcfiles/linux_bcfiles/kbmp_kbmi_net_final.bc>:rotate:%6
</harden/bcfiles/linux_bcfiles/kbmp_kbmi_net_final.bc>:rotate:111	</harden/bcfiles/linux_bcfiles/kbmp_kbmi_net_final.bc>:rotate:%6
</harden/bcfiles/linux_bcfiles/kbmp_kbmi_net_final.bc>:rotate:116	</harden/bcfiles/linux_bcfiles/kbmp_kbmi_net_final.bc>:rotate:%6
</harden/bcfiles/linux_bcfiles/kbmp_kbmi_net_final.bc>:rotate:121	</harden/bcfiles/linux_bcfiles/kbmp_kbmi_net_final.bc>:rotate:%6
</harden/bcfiles/linux_bcfiles/kbmp_kbmi_net_final.bc>:rotate:126	</harden/bcfiles/linux_bcfiles/kbmp_kbmi_net_final.bc>:rotate:%6
</harden/bcfiles/linux_bcfiles/kbmp_kbmi_net_final.bc>:rotate:131	</harden/bcfiles/linux_bcfiles/kbmp_kbmi_net_final.bc>:rotate:%6
</harden/bcfiles/linux_bcfiles/kbmp_kbmi_net_final.bc>:rotate:136	</harden/bcfiles/linux_bcfiles/kbmp_kbmi_net_final.bc>:rotate:%6
</harden/bcfiles/linux_bcfiles/kbmp_kbmi_net_final.bc>:rotate:141	</harden/bcfiles/linux_bcfiles/kbmp_kbmi_net_final.bc>:rotate:%6
</harden/bcfiles/linux_bcfiles/kbmp_kbmi_net_final.bc>:rotate:146	</harden/bcfiles/linux_bcfiles/kbmp_kbmi_net_final.bc>:rotate:%6
</harden/bcfiles/linux_bcfiles/kbmp_kbmi_net_final.bc>:rotate:151	</harden/bcfiles/linux_bcfiles/kbmp_kbmi_net_final.bc>:rotate:%6
</harden/bcfiles/linux_bcfiles/kbmp_kbmi_net_final.bc>:rotate:156	</harden/bcfiles/linux_bcfiles/kbmp_kbmi_net_final.bc>:rotate:%6
</harden/bcfiles/linux_bcfiles/kbmp_kbmi_net_final.bc>:rotate:161	</harden/bcfiles/linux_bcfiles/kbmp_kbmi_net_final.bc>:rotate:%6
</harden/bcfiles/linux_bcfiles/kbmp_kbmi_net_final.bc>:rotate:166	</harden/bcfiles/linux_bcfiles/kbmp_kbmi_net_final.bc>:rotate:%6
</harden/bcfiles/linux_bcfiles/kbmp_kbmi_net_final.bc>:rotate:171	</harden/bcfiles/linux_bcfiles/kbmp_kbmi_net_final.bc>:rotate:%6
</harden/bcfiles/linux_bcfiles/kbmp_kbmi_net_final.bc>:rotate:176	</harden/bcfiles/linux_bcfiles/kbmp_kbmi_net_final.bc>:rotate:%6
</harden/bcfiles/linux_bcfiles/kbmp_kbmi_net_final.bc>:rotate:187	</harden/bcfiles/linux_bcfiles/kbmp_kbmi_net_final.bc>:rotate:%5
</harden/bcfiles/linux_bcfiles/kbmp_kbmi_net_final.bc>:rotate:185	</harden/bcfiles/linux_bcfiles/kbmp_kbmi_net_final.bc>:rotate:%4
</harden/bcfiles/linux_bcfiles/kbmp_kbmi_net_final.bc>:rotate:196	</harden/bcfiles/linux_bcfiles/kbmp_kbmi_net_final.bc>:rotate:%3
</harden/bcfiles/linux_bcfiles/kbmp_kbmi_net_final.bc>:rotate:202	</harden/bcfiles/linux_bcfiles/kbmp_kbmi_net_final.bc>:rotate:%3
</harden/bcfiles/linux_bcfiles/kbmp_kbmi_net_final.bc>:rotate:204	</harden/bcfiles/linux_bcfiles/kbmp_kbmi_net_final.bc>:rotate:%3
</harden/bcfiles/linux_bcfiles/kbmp_kbmi_net_final.bc>:copy_overflow:4	</harden/bcfiles/linux_bcfiles/kbmp_kbmi_net_final.bc>:copy_overflow:%4
</harden/bcfiles/linux_bcfiles/kbmp_kbmi_net_final.bc>:copy_overflow:2	</harden/bcfiles/linux_bcfiles/kbmp_kbmi_net_final.bc>:copy_overflow:%3
</harden/bcfiles/linux_bcfiles/kbmp_kbmi_net_final.bc>:check_object_size:8	</harden/bcfiles/linux_bcfiles/kbmp_kbmi_net_final.bc>:check_object_size:%6
</harden/bcfiles/linux_bcfiles/kbmp_kbmi_net_final.bc>:check_object_size:5	</harden/bcfiles/linux_bcfiles/kbmp_kbmi_net_final.bc>:check_object_size:%5
</harden/bcfiles/linux_bcfiles/kbmp_kbmi_net_final.bc>:check_object_size:3	</harden/bcfiles/linux_bcfiles/kbmp_kbmi_net_final.bc>:check_object_size:%4
</harden/bcfiles/linux_bcfiles/kbmp_kbmi_net_final.bc>:message_read:185	</harden/bcfiles/linux_bcfiles/kbmp_kbmi_net_final.bc>:message_read:%140
</harden/bcfiles/linux_bcfiles/kbmp_kbmi_net_final.bc>:message_read:177	</harden/bcfiles/linux_bcfiles/kbmp_kbmi_net_final.bc>:message_read:%24
</harden/bcfiles/linux_bcfiles/kbmp_kbmi_net_final.bc>:message_read:168	</harden/bcfiles/linux_bcfiles/kbmp_kbmi_net_final.bc>:message_read:%23
</harden/bcfiles/linux_bcfiles/kbmp_kbmi_net_final.bc>:message_read:64	</harden/bcfiles/linux_bcfiles/kbmp_kbmi_net_final.bc>:message_read:%22
</harden/bcfiles/linux_bcfiles/kbmp_kbmi_net_final.bc>:message_read:41	</harden/bcfiles/linux_bcfiles/kbmp_kbmi_net_final.bc>:message_read:%21
</harden/bcfiles/linux_bcfiles/kbmp_kbmi_net_final.bc>:message_read:26	</harden/bcfiles/linux_bcfiles/kbmp_kbmi_net_final.bc>:message_read:%20
</harden/bcfiles/linux_bcfiles/kbmp_kbmi_net_final.bc>:message_read:24	</harden/bcfiles/linux_bcfiles/kbmp_kbmi_net_final.bc>:message_read:%19
</harden/bcfiles/linux_bcfiles/kbmp_kbmi_net_final.bc>:message_read:60	</harden/bcfiles/linux_bcfiles/kbmp_kbmi_net_final.bc>:message_read:%19
</harden/bcfiles/linux_bcfiles/kbmp_kbmi_net_final.bc>:message_read:70	</harden/bcfiles/linux_bcfiles/kbmp_kbmi_net_final.bc>:message_read:%19
</harden/bcfiles/linux_bcfiles/kbmp_kbmi_net_final.bc>:message_read:22	</harden/bcfiles/linux_bcfiles/kbmp_kbmi_net_final.bc>:message_read:%18
</harden/bcfiles/linux_bcfiles/kbmp_kbmi_net_final.bc>:message_read:20	</harden/bcfiles/linux_bcfiles/kbmp_kbmi_net_final.bc>:message_read:%17
</harden/bcfiles/linux_bcfiles/kbmp_kbmi_net_final.bc>:message_read:43	</harden/bcfiles/linux_bcfiles/kbmp_kbmi_net_final.bc>:message_read:%16
</harden/bcfiles/linux_bcfiles/kbmp_kbmi_net_final.bc>:message_read:55	</harden/bcfiles/linux_bcfiles/kbmp_kbmi_net_final.bc>:message_read:%16
</harden/bcfiles/linux_bcfiles/kbmp_kbmi_net_final.bc>:message_read:179	</harden/bcfiles/linux_bcfiles/kbmp_kbmi_net_final.bc>:message_read:%16
</harden/bcfiles/linux_bcfiles/kbmp_kbmi_net_final.bc>:message_read:187	</harden/bcfiles/linux_bcfiles/kbmp_kbmi_net_final.bc>:message_read:%16
</harden/bcfiles/linux_bcfiles/kbmp_kbmi_net_final.bc>:message_read:79	</harden/bcfiles/linux_bcfiles/kbmp_kbmi_net_final.bc>:message_read:%15
</harden/bcfiles/linux_bcfiles/kbmp_kbmi_net_final.bc>:message_read:165	</harden/bcfiles/linux_bcfiles/kbmp_kbmi_net_final.bc>:message_read:%15
</harden/bcfiles/linux_bcfiles/kbmp_kbmi_net_final.bc>:message_read:77	</harden/bcfiles/linux_bcfiles/kbmp_kbmi_net_final.bc>:message_read:%14
</harden/bcfiles/linux_bcfiles/kbmp_kbmi_net_final.bc>:message_read:75	</harden/bcfiles/linux_bcfiles/kbmp_kbmi_net_final.bc>:message_read:%13
</harden/bcfiles/linux_bcfiles/kbmp_kbmi_net_final.bc>:message_read:137	</harden/bcfiles/linux_bcfiles/kbmp_kbmi_net_final.bc>:message_read:%11
</harden/bcfiles/linux_bcfiles/kbmp_kbmi_net_final.bc>:message_read:129	</harden/bcfiles/linux_bcfiles/kbmp_kbmi_net_final.bc>:message_read:%10
</harden/bcfiles/linux_bcfiles/kbmp_kbmi_net_final.bc>:message_read:146	</harden/bcfiles/linux_bcfiles/kbmp_kbmi_net_final.bc>:message_read:%12
</harden/bcfiles/linux_bcfiles/kbmp_kbmi_net_final.bc>:message_read:87	</harden/bcfiles/linux_bcfiles/kbmp_kbmi_net_final.bc>:message_read:%8
</harden/bcfiles/linux_bcfiles/kbmp_kbmi_net_final.bc>:message_read:85	</harden/bcfiles/linux_bcfiles/kbmp_kbmi_net_final.bc>:message_read:%7
</harden/bcfiles/linux_bcfiles/kbmp_kbmi_net_final.bc>:message_read:83	</harden/bcfiles/linux_bcfiles/kbmp_kbmi_net_final.bc>:message_read:%6
</harden/bcfiles/linux_bcfiles/kbmp_kbmi_net_final.bc>:message_read:122	</harden/bcfiles/linux_bcfiles/kbmp_kbmi_net_final.bc>:message_read:%5
</harden/bcfiles/linux_bcfiles/kbmp_kbmi_net_final.bc>:message_read:150	</harden/bcfiles/linux_bcfiles/kbmp_kbmi_net_final.bc>:message_read:%5
</harden/bcfiles/linux_bcfiles/kbmp_kbmi_net_final.bc>:message_read:157	</harden/bcfiles/linux_bcfiles/kbmp_kbmi_net_final.bc>:message_read:%5
</harden/bcfiles/linux_bcfiles/kbmp_kbmi_net_final.bc>:message_read:93	</harden/bcfiles/linux_bcfiles/kbmp_kbmi_net_final.bc>:message_read:%9
</harden/bcfiles/linux_bcfiles/kbmp_kbmi_net_final.bc>:message_write:246	</harden/bcfiles/linux_bcfiles/kbmp_kbmi_net_final.bc>:message_write:%186
</harden/bcfiles/linux_bcfiles/kbmp_kbmi_net_final.bc>:message_write:250	</harden/bcfiles/linux_bcfiles/kbmp_kbmi_net_final.bc>:message_write:%33
</harden/bcfiles/linux_bcfiles/kbmp_kbmi_net_final.bc>:message_write:227	</harden/bcfiles/linux_bcfiles/kbmp_kbmi_net_final.bc>:message_write:%31
</harden/bcfiles/linux_bcfiles/kbmp_kbmi_net_final.bc>:message_write:103	</harden/bcfiles/linux_bcfiles/kbmp_kbmi_net_final.bc>:message_write:%30
</harden/bcfiles/linux_bcfiles/kbmp_kbmi_net_final.bc>:message_write:97	</harden/bcfiles/linux_bcfiles/kbmp_kbmi_net_final.bc>:message_write:%29
</harden/bcfiles/linux_bcfiles/kbmp_kbmi_net_final.bc>:message_write:91	</harden/bcfiles/linux_bcfiles/kbmp_kbmi_net_final.bc>:message_write:%28
</harden/bcfiles/linux_bcfiles/kbmp_kbmi_net_final.bc>:message_write:86	</harden/bcfiles/linux_bcfiles/kbmp_kbmi_net_final.bc>:message_write:%27
</harden/bcfiles/linux_bcfiles/kbmp_kbmi_net_final.bc>:message_write:96	</harden/bcfiles/linux_bcfiles/kbmp_kbmi_net_final.bc>:message_write:%27
</harden/bcfiles/linux_bcfiles/kbmp_kbmi_net_final.bc>:message_write:85	</harden/bcfiles/linux_bcfiles/kbmp_kbmi_net_final.bc>:message_write:%26
</harden/bcfiles/linux_bcfiles/kbmp_kbmi_net_final.bc>:message_write:105	</harden/bcfiles/linux_bcfiles/kbmp_kbmi_net_final.bc>:message_write:%25
</harden/bcfiles/linux_bcfiles/kbmp_kbmi_net_final.bc>:message_write:100	</harden/bcfiles/linux_bcfiles/kbmp_kbmi_net_final.bc>:message_write:%24
</harden/bcfiles/linux_bcfiles/kbmp_kbmi_net_final.bc>:message_write:65	</harden/bcfiles/linux_bcfiles/kbmp_kbmi_net_final.bc>:message_write:%23
</harden/bcfiles/linux_bcfiles/kbmp_kbmi_net_final.bc>:message_write:129	</harden/bcfiles/linux_bcfiles/kbmp_kbmi_net_final.bc>:message_write:%23
</harden/bcfiles/linux_bcfiles/kbmp_kbmi_net_final.bc>:message_write:60	</harden/bcfiles/linux_bcfiles/kbmp_kbmi_net_final.bc>:message_write:%22
</harden/bcfiles/linux_bcfiles/kbmp_kbmi_net_final.bc>:message_write:50	</harden/bcfiles/linux_bcfiles/kbmp_kbmi_net_final.bc>:message_write:%21
</harden/bcfiles/linux_bcfiles/kbmp_kbmi_net_final.bc>:message_write:35	</harden/bcfiles/linux_bcfiles/kbmp_kbmi_net_final.bc>:message_write:%20
</harden/bcfiles/linux_bcfiles/kbmp_kbmi_net_final.bc>:message_write:33	</harden/bcfiles/linux_bcfiles/kbmp_kbmi_net_final.bc>:message_write:%19
</harden/bcfiles/linux_bcfiles/kbmp_kbmi_net_final.bc>:message_write:31	</harden/bcfiles/linux_bcfiles/kbmp_kbmi_net_final.bc>:message_write:%18
</harden/bcfiles/linux_bcfiles/kbmp_kbmi_net_final.bc>:message_write:29	</harden/bcfiles/linux_bcfiles/kbmp_kbmi_net_final.bc>:message_write:%17
</harden/bcfiles/linux_bcfiles/kbmp_kbmi_net_final.bc>:message_write:52	</harden/bcfiles/linux_bcfiles/kbmp_kbmi_net_final.bc>:message_write:%16
</harden/bcfiles/linux_bcfiles/kbmp_kbmi_net_final.bc>:message_write:62	</harden/bcfiles/linux_bcfiles/kbmp_kbmi_net_final.bc>:message_write:%16
</harden/bcfiles/linux_bcfiles/kbmp_kbmi_net_final.bc>:message_write:109	</harden/bcfiles/linux_bcfiles/kbmp_kbmi_net_final.bc>:message_write:%16
</harden/bcfiles/linux_bcfiles/kbmp_kbmi_net_final.bc>:message_write:124	</harden/bcfiles/linux_bcfiles/kbmp_kbmi_net_final.bc>:message_write:%16
</harden/bcfiles/linux_bcfiles/kbmp_kbmi_net_final.bc>:message_write:239	</harden/bcfiles/linux_bcfiles/kbmp_kbmi_net_final.bc>:message_write:%16
</harden/bcfiles/linux_bcfiles/kbmp_kbmi_net_final.bc>:message_write:253	</harden/bcfiles/linux_bcfiles/kbmp_kbmi_net_final.bc>:message_write:%16
</harden/bcfiles/linux_bcfiles/kbmp_kbmi_net_final.bc>:message_write:136	</harden/bcfiles/linux_bcfiles/kbmp_kbmi_net_final.bc>:message_write:%14
</harden/bcfiles/linux_bcfiles/kbmp_kbmi_net_final.bc>:message_write:134	</harden/bcfiles/linux_bcfiles/kbmp_kbmi_net_final.bc>:message_write:%13
</harden/bcfiles/linux_bcfiles/kbmp_kbmi_net_final.bc>:message_write:205	</harden/bcfiles/linux_bcfiles/kbmp_kbmi_net_final.bc>:message_write:%12
</harden/bcfiles/linux_bcfiles/kbmp_kbmi_net_final.bc>:message_write:196	</harden/bcfiles/linux_bcfiles/kbmp_kbmi_net_final.bc>:message_write:%11
</harden/bcfiles/linux_bcfiles/kbmp_kbmi_net_final.bc>:message_write:188	</harden/bcfiles/linux_bcfiles/kbmp_kbmi_net_final.bc>:message_write:%10
</harden/bcfiles/linux_bcfiles/kbmp_kbmi_net_final.bc>:message_write:152	</harden/bcfiles/linux_bcfiles/kbmp_kbmi_net_final.bc>:message_write:%9
</harden/bcfiles/linux_bcfiles/kbmp_kbmi_net_final.bc>:message_write:146	</harden/bcfiles/linux_bcfiles/kbmp_kbmi_net_final.bc>:message_write:%8
</harden/bcfiles/linux_bcfiles/kbmp_kbmi_net_final.bc>:message_write:144	</harden/bcfiles/linux_bcfiles/kbmp_kbmi_net_final.bc>:message_write:%7
</harden/bcfiles/linux_bcfiles/kbmp_kbmi_net_final.bc>:message_write:142	</harden/bcfiles/linux_bcfiles/kbmp_kbmi_net_final.bc>:message_write:%6
</harden/bcfiles/linux_bcfiles/kbmp_kbmi_net_final.bc>:message_write:181	</harden/bcfiles/linux_bcfiles/kbmp_kbmi_net_final.bc>:message_write:%5
</harden/bcfiles/linux_bcfiles/kbmp_kbmi_net_final.bc>:message_write:209	</harden/bcfiles/linux_bcfiles/kbmp_kbmi_net_final.bc>:message_write:%5
</harden/bcfiles/linux_bcfiles/kbmp_kbmi_net_final.bc>:message_write:216	</harden/bcfiles/linux_bcfiles/kbmp_kbmi_net_final.bc>:message_write:%5
</harden/bcfiles/linux_bcfiles/kbmp_kbmi_net_final.bc>:message_write:138	</harden/bcfiles/linux_bcfiles/kbmp_kbmi_net_final.bc>:message_write:%15
</harden/bcfiles/linux_bcfiles/kbmp_kbmi_net_final.bc>:message_write:224	</harden/bcfiles/linux_bcfiles/kbmp_kbmi_net_final.bc>:message_write:%15
</harden/bcfiles/linux_bcfiles/kbmp_kbmi_net_final.bc>:message_write:236	</harden/bcfiles/linux_bcfiles/kbmp_kbmi_net_final.bc>:message_write:%32
</harden/bcfiles/linux_bcfiles/kbmp_kbmi_net_final.bc>:kmsan_unpoison_memory:4	</harden/bcfiles/linux_bcfiles/kbmp_kbmi_net_final.bc>:kmsan_unpoison_memory:%4
</harden/bcfiles/linux_bcfiles/kbmp_kbmi_net_final.bc>:kmsan_unpoison_memory:2	</harden/bcfiles/linux_bcfiles/kbmp_kbmi_net_final.bc>:kmsan_unpoison_memory:%3
</harden/bcfiles/linux_bcfiles/kbmp_kbmi_net_final.bc>:make_dynamic_area:49	</harden/bcfiles/linux_bcfiles/kbmp_kbmi_net_final.bc>:make_dynamic_area:%15
</harden/bcfiles/linux_bcfiles/kbmp_kbmi_net_final.bc>:make_dynamic_area:45	</harden/bcfiles/linux_bcfiles/kbmp_kbmi_net_final.bc>:make_dynamic_area:%14
</harden/bcfiles/linux_bcfiles/kbmp_kbmi_net_final.bc>:make_dynamic_area:41	</harden/bcfiles/linux_bcfiles/kbmp_kbmi_net_final.bc>:make_dynamic_area:%13
</harden/bcfiles/linux_bcfiles/kbmp_kbmi_net_final.bc>:make_dynamic_area:32	</harden/bcfiles/linux_bcfiles/kbmp_kbmi_net_final.bc>:make_dynamic_area:%12
</harden/bcfiles/linux_bcfiles/kbmp_kbmi_net_final.bc>:make_dynamic_area:73	</harden/bcfiles/linux_bcfiles/kbmp_kbmi_net_final.bc>:make_dynamic_area:%11
</harden/bcfiles/linux_bcfiles/kbmp_kbmi_net_final.bc>:make_dynamic_area:69	</harden/bcfiles/linux_bcfiles/kbmp_kbmi_net_final.bc>:make_dynamic_area:%10
</harden/bcfiles/linux_bcfiles/kbmp_kbmi_net_final.bc>:make_dynamic_area:66	</harden/bcfiles/linux_bcfiles/kbmp_kbmi_net_final.bc>:make_dynamic_area:%9
</harden/bcfiles/linux_bcfiles/kbmp_kbmi_net_final.bc>:make_dynamic_area:84	</harden/bcfiles/linux_bcfiles/kbmp_kbmi_net_final.bc>:make_dynamic_area:%58
</harden/bcfiles/linux_bcfiles/kbmp_kbmi_net_final.bc>:make_dynamic_area:62	</harden/bcfiles/linux_bcfiles/kbmp_kbmi_net_final.bc>:make_dynamic_area:%8
</harden/bcfiles/linux_bcfiles/kbmp_kbmi_net_final.bc>:make_dynamic_area:71	</harden/bcfiles/linux_bcfiles/kbmp_kbmi_net_final.bc>:make_dynamic_area:%7
</harden/bcfiles/linux_bcfiles/kbmp_kbmi_net_final.bc>:make_dynamic_area:30	</harden/bcfiles/linux_bcfiles/kbmp_kbmi_net_final.bc>:make_dynamic_area:%6
</harden/bcfiles/linux_bcfiles/kbmp_kbmi_net_final.bc>:make_dynamic_area:26	</harden/bcfiles/linux_bcfiles/kbmp_kbmi_net_final.bc>:make_dynamic_area:%5
</harden/bcfiles/linux_bcfiles/kbmp_kbmi_net_final.bc>:make_dynamic_area:23	</harden/bcfiles/linux_bcfiles/kbmp_kbmi_net_final.bc>:make_dynamic_area:%4
</harden/bcfiles/linux_bcfiles/kbmp_kbmi_net_final.bc>:make_dynamic_area:19	</harden/bcfiles/linux_bcfiles/kbmp_kbmi_net_final.bc>:make_dynamic_area:%3
</harden/bcfiles/linux_bcfiles/kbmp_kbmi_net_final.bc>:make_dynamic_area:28	</harden/bcfiles/linux_bcfiles/kbmp_kbmi_net_final.bc>:make_dynamic_area:%2
</harden/bcfiles/linux_bcfiles/kbmp_kbmi_net_final.bc>:make_dynamic_area:35	</harden/bcfiles/linux_bcfiles/kbmp_kbmi_net_final.bc>:make_dynamic_area:%1
</harden/bcfiles/linux_bcfiles/kbmp_kbmi_net_final.bc>:virt_to_kpte:7	</harden/bcfiles/linux_bcfiles/kbmp_kbmi_net_final.bc>:virt_to_kpte:%3
</harden/bcfiles/linux_bcfiles/kbmp_kbmi_net_final.bc>:virt_to_kpte:2	</harden/bcfiles/linux_bcfiles/kbmp_kbmi_net_final.bc>:virt_to_kpte:%2
</harden/bcfiles/linux_bcfiles/kbmp_kbmi_net_final.bc>:pte_exec:2	</harden/bcfiles/linux_bcfiles/kbmp_kbmi_net_final.bc>:pte_exec:%3
</harden/bcfiles/linux_bcfiles/kbmp_kbmi_net_final.bc>:pte_mkexec:9	</harden/bcfiles/linux_bcfiles/kbmp_kbmi_net_final.bc>:pte_mkexec:%8
</harden/bcfiles/linux_bcfiles/kbmp_kbmi_net_final.bc>:pte_mkexec:3	</harden/bcfiles/linux_bcfiles/kbmp_kbmi_net_final.bc>:pte_mkexec:%4
</harden/bcfiles/linux_bcfiles/kbmp_kbmi_net_final.bc>:set_ptes:43	</harden/bcfiles/linux_bcfiles/kbmp_kbmi_net_final.bc>:set_ptes:%34
</harden/bcfiles/linux_bcfiles/kbmp_kbmi_net_final.bc>:set_ptes:7	</harden/bcfiles/linux_bcfiles/kbmp_kbmi_net_final.bc>:set_ptes:%12
</harden/bcfiles/linux_bcfiles/kbmp_kbmi_net_final.bc>:set_ptes:15	</harden/bcfiles/linux_bcfiles/kbmp_kbmi_net_final.bc>:set_ptes:%10
</harden/bcfiles/linux_bcfiles/kbmp_kbmi_net_final.bc>:set_ptes:32	</harden/bcfiles/linux_bcfiles/kbmp_kbmi_net_final.bc>:set_ptes:%10
</harden/bcfiles/linux_bcfiles/kbmp_kbmi_net_final.bc>:set_ptes:12	</harden/bcfiles/linux_bcfiles/kbmp_kbmi_net_final.bc>:set_ptes:%9
</harden/bcfiles/linux_bcfiles/kbmp_kbmi_net_final.bc>:set_ptes:38	</harden/bcfiles/linux_bcfiles/kbmp_kbmi_net_final.bc>:set_ptes:%9
</harden/bcfiles/linux_bcfiles/kbmp_kbmi_net_final.bc>:set_ptes:10	</harden/bcfiles/linux_bcfiles/kbmp_kbmi_net_final.bc>:set_ptes:%8
</harden/bcfiles/linux_bcfiles/kbmp_kbmi_net_final.bc>:set_ptes:8	</harden/bcfiles/linux_bcfiles/kbmp_kbmi_net_final.bc>:set_ptes:%7
</harden/bcfiles/linux_bcfiles/kbmp_kbmi_net_final.bc>:page_table_check_ptes_set:5	</harden/bcfiles/linux_bcfiles/kbmp_kbmi_net_final.bc>:page_table_check_ptes_set:%9
</harden/bcfiles/linux_bcfiles/kbmp_kbmi_net_final.bc>:page_table_check_ptes_set:11	</harden/bcfiles/linux_bcfiles/kbmp_kbmi_net_final.bc>:page_table_check_ptes_set:%8
</harden/bcfiles/linux_bcfiles/kbmp_kbmi_net_final.bc>:page_table_check_ptes_set:8	</harden/bcfiles/linux_bcfiles/kbmp_kbmi_net_final.bc>:page_table_check_ptes_set:%7
</harden/bcfiles/linux_bcfiles/kbmp_kbmi_net_final.bc>:page_table_check_ptes_set:6	</harden/bcfiles/linux_bcfiles/kbmp_kbmi_net_final.bc>:page_table_check_ptes_set:%6
</harden/bcfiles/linux_bcfiles/kbmp_kbmi_net_final.bc>:native_set_pte:3	</harden/bcfiles/linux_bcfiles/kbmp_kbmi_net_final.bc>:native_set_pte:%5
</harden/bcfiles/linux_bcfiles/kbmp_kbmi_net_final.bc>:native_set_pte:4	</harden/bcfiles/linux_bcfiles/kbmp_kbmi_net_final.bc>:native_set_pte:%4
</harden/bcfiles/linux_bcfiles/kbmp_kbmi_net_final.bc>:pte_next_pfn:24	</harden/bcfiles/linux_bcfiles/kbmp_kbmi_net_final.bc>:pte_next_pfn:%22
</harden/bcfiles/linux_bcfiles/kbmp_kbmi_net_final.bc>:pte_next_pfn:16	</harden/bcfiles/linux_bcfiles/kbmp_kbmi_net_final.bc>:pte_next_pfn:%15
</harden/bcfiles/linux_bcfiles/kbmp_kbmi_net_final.bc>:pte_next_pfn:3	</harden/bcfiles/linux_bcfiles/kbmp_kbmi_net_final.bc>:pte_next_pfn:%4
</harden/bcfiles/linux_bcfiles/kbmp_kbmi_net_final.bc>:native_pte_val:2	</harden/bcfiles/linux_bcfiles/kbmp_kbmi_net_final.bc>:native_pte_val:%3
</harden/bcfiles/linux_bcfiles/kbmp_kbmi_net_final.bc>:__pte_needs_invert:1	</harden/bcfiles/linux_bcfiles/kbmp_kbmi_net_final.bc>:__pte_needs_invert:%2
</harden/bcfiles/linux_bcfiles/kbmp_kbmi_net_final.bc>:native_make_pte:6	</harden/bcfiles/linux_bcfiles/kbmp_kbmi_net_final.bc>:native_make_pte:%4
</harden/bcfiles/linux_bcfiles/kbmp_kbmi_net_final.bc>:native_make_pte:2	</harden/bcfiles/linux_bcfiles/kbmp_kbmi_net_final.bc>:native_make_pte:%3
</harden/bcfiles/linux_bcfiles/kbmp_kbmi_net_final.bc>:pte_clear_flags:20	</harden/bcfiles/linux_bcfiles/kbmp_kbmi_net_final.bc>:pte_clear_flags:%16
</harden/bcfiles/linux_bcfiles/kbmp_kbmi_net_final.bc>:pte_clear_flags:5	</harden/bcfiles/linux_bcfiles/kbmp_kbmi_net_final.bc>:pte_clear_flags:%7
</harden/bcfiles/linux_bcfiles/kbmp_kbmi_net_final.bc>:pte_clear_flags:13	</harden/bcfiles/linux_bcfiles/kbmp_kbmi_net_final.bc>:pte_clear_flags:%6
</harden/bcfiles/linux_bcfiles/kbmp_kbmi_net_final.bc>:pte_clear_flags:7	</harden/bcfiles/linux_bcfiles/kbmp_kbmi_net_final.bc>:pte_clear_flags:%5
</harden/bcfiles/linux_bcfiles/kbmp_kbmi_net_final.bc>:pte_flags:2	</harden/bcfiles/linux_bcfiles/kbmp_kbmi_net_final.bc>:pte_flags:%3
</harden/bcfiles/linux_bcfiles/kbmp_kbmi_net_final.bc>:pmd_off_k:1	</harden/bcfiles/linux_bcfiles/kbmp_kbmi_net_final.bc>:pmd_off_k:%2
</harden/bcfiles/linux_bcfiles/kbmp_kbmi_net_final.bc>:pmd_none:3	</harden/bcfiles/linux_bcfiles/kbmp_kbmi_net_final.bc>:pmd_none:%4
</harden/bcfiles/linux_bcfiles/kbmp_kbmi_net_final.bc>:pmd_none:9	</harden/bcfiles/linux_bcfiles/kbmp_kbmi_net_final.bc>:pmd_none:%3
</harden/bcfiles/linux_bcfiles/kbmp_kbmi_net_final.bc>:pte_offset_kernel:4	</harden/bcfiles/linux_bcfiles/kbmp_kbmi_net_final.bc>:pte_offset_kernel:%4
</harden/bcfiles/linux_bcfiles/kbmp_kbmi_net_final.bc>:pte_offset_kernel:2	</harden/bcfiles/linux_bcfiles/kbmp_kbmi_net_final.bc>:pte_offset_kernel:%3
</harden/bcfiles/linux_bcfiles/kbmp_kbmi_net_final.bc>:pmd_page_vaddr:2	</harden/bcfiles/linux_bcfiles/kbmp_kbmi_net_final.bc>:pmd_page_vaddr:%3
</harden/bcfiles/linux_bcfiles/kbmp_kbmi_net_final.bc>:pte_index:1	</harden/bcfiles/linux_bcfiles/kbmp_kbmi_net_final.bc>:pte_index:%2
</harden/bcfiles/linux_bcfiles/kbmp_kbmi_net_final.bc>:native_pmd_val:2	</harden/bcfiles/linux_bcfiles/kbmp_kbmi_net_final.bc>:native_pmd_val:%3
</harden/bcfiles/linux_bcfiles/kbmp_kbmi_net_final.bc>:pmd_pfn_mask:3	</harden/bcfiles/linux_bcfiles/kbmp_kbmi_net_final.bc>:pmd_pfn_mask:%4
</harden/bcfiles/linux_bcfiles/kbmp_kbmi_net_final.bc>:pmd_pfn_mask:11	</harden/bcfiles/linux_bcfiles/kbmp_kbmi_net_final.bc>:pmd_pfn_mask:%2
</harden/bcfiles/linux_bcfiles/kbmp_kbmi_net_final.bc>:pmd_pfn_mask:13	</harden/bcfiles/linux_bcfiles/kbmp_kbmi_net_final.bc>:pmd_pfn_mask:%2
</harden/bcfiles/linux_bcfiles/kbmp_kbmi_net_final.bc>:pgd_offset_pgd:4	</harden/bcfiles/linux_bcfiles/kbmp_kbmi_net_final.bc>:pgd_offset_pgd:%4
</harden/bcfiles/linux_bcfiles/kbmp_kbmi_net_final.bc>:pgd_offset_pgd:2	</harden/bcfiles/linux_bcfiles/kbmp_kbmi_net_final.bc>:pgd_offset_pgd:%3
</harden/bcfiles/linux_bcfiles/kbmp_kbmi_net_final.bc>:p4d_offset:14	</harden/bcfiles/linux_bcfiles/kbmp_kbmi_net_final.bc>:p4d_offset:%14
</harden/bcfiles/linux_bcfiles/kbmp_kbmi_net_final.bc>:p4d_offset:12	</harden/bcfiles/linux_bcfiles/kbmp_kbmi_net_final.bc>:p4d_offset:%13
</harden/bcfiles/linux_bcfiles/kbmp_kbmi_net_final.bc>:p4d_offset:88	</harden/bcfiles/linux_bcfiles/kbmp_kbmi_net_final.bc>:p4d_offset:%12
</harden/bcfiles/linux_bcfiles/kbmp_kbmi_net_final.bc>:p4d_offset:98	</harden/bcfiles/linux_bcfiles/kbmp_kbmi_net_final.bc>:p4d_offset:%12
</harden/bcfiles/linux_bcfiles/kbmp_kbmi_net_final.bc>:p4d_offset:23	</harden/bcfiles/linux_bcfiles/kbmp_kbmi_net_final.bc>:p4d_offset:%11
</harden/bcfiles/linux_bcfiles/kbmp_kbmi_net_final.bc>:p4d_offset:21	</harden/bcfiles/linux_bcfiles/kbmp_kbmi_net_final.bc>:p4d_offset:%10
</harden/bcfiles/linux_bcfiles/kbmp_kbmi_net_final.bc>:p4d_offset:64	</harden/bcfiles/linux_bcfiles/kbmp_kbmi_net_final.bc>:p4d_offset:%9
</harden/bcfiles/linux_bcfiles/kbmp_kbmi_net_final.bc>:p4d_offset:79	</harden/bcfiles/linux_bcfiles/kbmp_kbmi_net_final.bc>:p4d_offset:%8
</harden/bcfiles/linux_bcfiles/kbmp_kbmi_net_final.bc>:p4d_offset:82	</harden/bcfiles/linux_bcfiles/kbmp_kbmi_net_final.bc>:p4d_offset:%8
</harden/bcfiles/linux_bcfiles/kbmp_kbmi_net_final.bc>:p4d_offset:32	</harden/bcfiles/linux_bcfiles/kbmp_kbmi_net_final.bc>:p4d_offset:%7
</harden/bcfiles/linux_bcfiles/kbmp_kbmi_net_final.bc>:p4d_offset:30	</harden/bcfiles/linux_bcfiles/kbmp_kbmi_net_final.bc>:p4d_offset:%6
</harden/bcfiles/linux_bcfiles/kbmp_kbmi_net_final.bc>:p4d_offset:56	</harden/bcfiles/linux_bcfiles/kbmp_kbmi_net_final.bc>:p4d_offset:%5
</harden/bcfiles/linux_bcfiles/kbmp_kbmi_net_final.bc>:p4d_offset:50	</harden/bcfiles/linux_bcfiles/kbmp_kbmi_net_final.bc>:p4d_offset:%4
</harden/bcfiles/linux_bcfiles/kbmp_kbmi_net_final.bc>:p4d_offset:48	</harden/bcfiles/linux_bcfiles/kbmp_kbmi_net_final.bc>:p4d_offset:%3
</harden/bcfiles/linux_bcfiles/kbmp_kbmi_net_final.bc>:pud_offset:4	</harden/bcfiles/linux_bcfiles/kbmp_kbmi_net_final.bc>:pud_offset:%4
</harden/bcfiles/linux_bcfiles/kbmp_kbmi_net_final.bc>:pud_offset:2	</harden/bcfiles/linux_bcfiles/kbmp_kbmi_net_final.bc>:pud_offset:%3
</harden/bcfiles/linux_bcfiles/kbmp_kbmi_net_final.bc>:pmd_offset:4	</harden/bcfiles/linux_bcfiles/kbmp_kbmi_net_final.bc>:pmd_offset:%4
</harden/bcfiles/linux_bcfiles/kbmp_kbmi_net_final.bc>:pmd_offset:2	</harden/bcfiles/linux_bcfiles/kbmp_kbmi_net_final.bc>:pmd_offset:%3
</harden/bcfiles/linux_bcfiles/kbmp_kbmi_net_final.bc>:pud_pgtable:2	</harden/bcfiles/linux_bcfiles/kbmp_kbmi_net_final.bc>:pud_pgtable:%3
</harden/bcfiles/linux_bcfiles/kbmp_kbmi_net_final.bc>:pmd_index:1	</harden/bcfiles/linux_bcfiles/kbmp_kbmi_net_final.bc>:pmd_index:%2
</harden/bcfiles/linux_bcfiles/kbmp_kbmi_net_final.bc>:native_pud_val:2	</harden/bcfiles/linux_bcfiles/kbmp_kbmi_net_final.bc>:native_pud_val:%3
</harden/bcfiles/linux_bcfiles/kbmp_kbmi_net_final.bc>:pud_pfn_mask:3	</harden/bcfiles/linux_bcfiles/kbmp_kbmi_net_final.bc>:pud_pfn_mask:%4
</harden/bcfiles/linux_bcfiles/kbmp_kbmi_net_final.bc>:pud_pfn_mask:11	</harden/bcfiles/linux_bcfiles/kbmp_kbmi_net_final.bc>:pud_pfn_mask:%2
</harden/bcfiles/linux_bcfiles/kbmp_kbmi_net_final.bc>:pud_pfn_mask:13	</harden/bcfiles/linux_bcfiles/kbmp_kbmi_net_final.bc>:pud_pfn_mask:%2
</harden/bcfiles/linux_bcfiles/kbmp_kbmi_net_final.bc>:p4d_pgtable:2	</harden/bcfiles/linux_bcfiles/kbmp_kbmi_net_final.bc>:p4d_pgtable:%3
</harden/bcfiles/linux_bcfiles/kbmp_kbmi_net_final.bc>:pud_index:1	</harden/bcfiles/linux_bcfiles/kbmp_kbmi_net_final.bc>:pud_index:%2
</harden/bcfiles/linux_bcfiles/kbmp_kbmi_net_final.bc>:native_p4d_val:2	</harden/bcfiles/linux_bcfiles/kbmp_kbmi_net_final.bc>:native_p4d_val:%3
</harden/bcfiles/linux_bcfiles/kbmp_kbmi_net_final.bc>:p4d_pfn_mask:2	</harden/bcfiles/linux_bcfiles/kbmp_kbmi_net_final.bc>:p4d_pfn_mask:%3
</harden/bcfiles/linux_bcfiles/kbmp_kbmi_net_final.bc>:pgd_page_vaddr:2	</harden/bcfiles/linux_bcfiles/kbmp_kbmi_net_final.bc>:pgd_page_vaddr:%3
</harden/bcfiles/linux_bcfiles/kbmp_kbmi_net_final.bc>:p4d_index:1	</harden/bcfiles/linux_bcfiles/kbmp_kbmi_net_final.bc>:p4d_index:%2
</harden/bcfiles/linux_bcfiles/kbmp_kbmi_net_final.bc>:native_pgd_val:2	</harden/bcfiles/linux_bcfiles/kbmp_kbmi_net_final.bc>:native_pgd_val:%3
</harden/bcfiles/linux_bcfiles/kbmp_kbmi_net_final.bc>:kbmi_net_exit:2	</harden/bcfiles/linux_bcfiles/kbmp_kbmi_net_final.bc>:kbmi_net_exit:%1
</harden/bcfiles/linux_bcfiles/kbmp_kbmi_net_final.bc>:kbmi_net_init:22	</harden/bcfiles/linux_bcfiles/kbmp_kbmi_net_final.bc>:kbmi_net_init:%4
</harden/bcfiles/linux_bcfiles/kbmp_kbmi_net_final.bc>:kbmi_net_init:17	</harden/bcfiles/linux_bcfiles/kbmp_kbmi_net_final.bc>:kbmi_net_init:%3
</harden/bcfiles/linux_bcfiles/kbmp_kbmi_net_final.bc>:kbmi_net_init:10	</harden/bcfiles/linux_bcfiles/kbmp_kbmi_net_final.bc>:kbmi_net_init:%2
</harden/bcfiles/linux_bcfiles/kbmp_kbmi_net_final.bc>:kbmi_net_init:20	</harden/bcfiles/linux_bcfiles/kbmp_kbmi_net_final.bc>:kbmi_net_init:%1
</harden/bcfiles/linux_bcfiles/kbmp_kbmi_net_final.bc>:kbmi_net_init:24	</harden/bcfiles/linux_bcfiles/kbmp_kbmi_net_final.bc>:kbmi_net_init:%1
</harden/bcfiles/linux_bcfiles/kbmp_kbmi_net_final.bc>:kbmi_packet_filter_hook:64	</harden/bcfiles/linux_bcfiles/kbmp_kbmi_net_final.bc>:kbmi_packet_filter_hook:%15
</harden/bcfiles/linux_bcfiles/kbmp_kbmi_net_final.bc>:kbmi_packet_filter_hook:57	</harden/bcfiles/linux_bcfiles/kbmp_kbmi_net_final.bc>:kbmi_packet_filter_hook:%14
</harden/bcfiles/linux_bcfiles/kbmp_kbmi_net_final.bc>:kbmi_packet_filter_hook:50	</harden/bcfiles/linux_bcfiles/kbmp_kbmi_net_final.bc>:kbmi_packet_filter_hook:%13
</harden/bcfiles/linux_bcfiles/kbmp_kbmi_net_final.bc>:kbmi_packet_filter_hook:48	</harden/bcfiles/linux_bcfiles/kbmp_kbmi_net_final.bc>:kbmi_packet_filter_hook:%12
</harden/bcfiles/linux_bcfiles/kbmp_kbmi_net_final.bc>:kbmi_packet_filter_hook:42	</harden/bcfiles/linux_bcfiles/kbmp_kbmi_net_final.bc>:kbmi_packet_filter_hook:%11
</harden/bcfiles/linux_bcfiles/kbmp_kbmi_net_final.bc>:kbmi_packet_filter_hook:34	</harden/bcfiles/linux_bcfiles/kbmp_kbmi_net_final.bc>:kbmi_packet_filter_hook:%10
</harden/bcfiles/linux_bcfiles/kbmp_kbmi_net_final.bc>:kbmi_packet_filter_hook:27	</harden/bcfiles/linux_bcfiles/kbmp_kbmi_net_final.bc>:kbmi_packet_filter_hook:%9
</harden/bcfiles/linux_bcfiles/kbmp_kbmi_net_final.bc>:kbmi_packet_filter_hook:22	</harden/bcfiles/linux_bcfiles/kbmp_kbmi_net_final.bc>:kbmi_packet_filter_hook:%8
</harden/bcfiles/linux_bcfiles/kbmp_kbmi_net_final.bc>:kbmi_packet_filter_hook:16	</harden/bcfiles/linux_bcfiles/kbmp_kbmi_net_final.bc>:kbmi_packet_filter_hook:%6
</harden/bcfiles/linux_bcfiles/kbmp_kbmi_net_final.bc>:kbmi_packet_filter_hook:14	</harden/bcfiles/linux_bcfiles/kbmp_kbmi_net_final.bc>:kbmi_packet_filter_hook:%5
</harden/bcfiles/linux_bcfiles/kbmp_kbmi_net_final.bc>:kbmi_packet_filter_hook:12	</harden/bcfiles/linux_bcfiles/kbmp_kbmi_net_final.bc>:kbmi_packet_filter_hook:%4
