*global_alloc@llvm.compiler.used	[i8* bitcast (i8** @__UNIQUE_ID___addressable_message_buffer225 to i8*), i8* bitcast (i8** @__UNIQUE_ID___addressable_init_module226 to i8*), i8* bitcast (i8** @__UNIQUE_ID___addressable_cleanup_module227 to i8*), i8* getelementptr inbounds ([12 x i8], [12 x i8]* @__UNIQUE_ID_license228, i32 0, i32 0), i8* getelementptr inbounds ([20 x i8], [20 x i8]* @__UNIQUE_ID_author229, i32 0, i32 0), i8* getelementptr inbounds ([34 x i8], [34 x i8]* @__UNIQUE_ID_description230, i32 0, i32 0), i8* bitcast (i8** @__UNIQUE_ID___addressable_init_module364 to i8*), i8* bitcast (i8** @__UNIQUE_ID___addressable_cleanup_module365 to i8*), i8* getelementptr inbounds ([12 x i8], [12 x i8]* @__UNIQUE_ID_license366, i32 0, i32 0), i8* getelementptr inbounds ([18 x i8], [18 x i8]* @__UNIQUE_ID_author367, i32 0, i32 0), i8* getelementptr inbounds ([66 x i8], [66 x i8]* @__UNIQUE_ID_description368, i32 0, i32 0), i8* bitcast (i8** @__UNIQUE_ID___addressable_make_dynamic_area250 to i8*)]
*global_alloc@__UNIQUE_ID___addressable_message_buffer225	getelementptr inbounds ([1024 x i8], [1024 x i8]* @message_buffer, i32 0, i32 0)
*global_alloc@.str	c"kb_message\00"
*global_alloc@.str.1	c"\013incorrect filename\0A\00"
*global_alloc@.str.2	c"\013count greater than message size\0A\00"
*global_alloc@.str.3	c"\013tried to copy %lu but %lu failed to copy\0A\00"
*global_alloc@.str.4	c"\013incorrect filename\00"
*global_alloc@display.message_index	0
*global_alloc@.str.5	c"kb_disp\00"
*global_alloc@__UNIQUE_ID___addressable_init_module226	bitcast (i32 ()* @init_module to i8*)
*global_alloc@__UNIQUE_ID___addressable_cleanup_module227	bitcast (void ()* @cleanup_module to i8*)
*global_alloc@__UNIQUE_ID_license228	c"license=GPL\00"
*global_alloc@__UNIQUE_ID_author229	c"author=Bill Shelley\00"
*global_alloc@__UNIQUE_ID_description230	c"description=KB Message Programmer\00"
*global_alloc@.str.6	c"./include/linux/slab.h\00"
*global_alloc@.str.7	c"./include/linux/thread_info.h\00"
*global_alloc@proc_file_ops	{ i32 0, i32 (%struct.inode*, %struct.file*)* null, i64 (%struct.file*, i8*, i64, i64*)* @message_read, i64 (%struct.kiocb*, %struct.iov_iter*)* null, i64 (%struct.file*, i8*, i64, i64*)* @message_write, i64 (%struct.file*, i64, i32)* null, i32 (%struct.inode*, %struct.file*)* null, i32 (%struct.file*, %struct.poll_table_struct*)* null, i64 (%struct.file*, i32, i64)* null, i64 (%struct.file*, i32, i64)* null, i32 (%struct.file*, %struct.vm_area_struct*)* null, i64 (%struct.file*, i64, i64, i64, i64)* null }
*global_alloc@proc_entry	null
*global_alloc@.str.8	c"\013KBMP: Failed to create proc entry\0A\00"
*global_alloc@proc_disp_ops	{ i32 0, i32 (%struct.inode*, %struct.file*)* null, i64 (%struct.file*, i8*, i64, i64*)* @display, i64 (%struct.kiocb*, %struct.iov_iter*)* null, i64 (%struct.file*, i8*, i64, i64*)* null, i64 (%struct.file*, i64, i32)* null, i32 (%struct.inode*, %struct.file*)* null, i32 (%struct.file*, %struct.poll_table_struct*)* null, i64 (%struct.file*, i32, i64)* null, i64 (%struct.file*, i32, i64)* null, i32 (%struct.file*, %struct.vm_area_struct*)* null, i64 (%struct.file*, i64, i64, i64, i64)* null }
*global_alloc@disp_entry	null
*global_alloc@.str.9	c"\013KBMP: Failed to create display proc entry\0A\00"
*global_alloc@__UNIQUE_ID___addressable_init_module364	bitcast (i32 ()* @init_module to i8*)
*global_alloc@__UNIQUE_ID___addressable_cleanup_module365	bitcast (void ()* @cleanup_module to i8*)
*global_alloc@__UNIQUE_ID_license366	c"license=GPL\00"
*global_alloc@__UNIQUE_ID_author367	c"author=Arya Stark\00"
*global_alloc@__UNIQUE_ID_description368	c"description=KB Message Initializer with Netfilter Hook (KBMI_NET)\00"
*global_alloc@nfho	zeroinitializer
*global_alloc@.str.10	c"\013KBMI_NET: nf_register_net_hook failed\0A\00"
*global_alloc@message_buffer	zeroinitializer
*global_alloc@.str.1.11	c"\013Separator not found in message buffer\0A\00"
*global_alloc@.str.2.12	c"\013Code size exceeds buffer capacity\0A\00"
*global_alloc@__UNIQUE_ID___addressable_make_dynamic_area250	bitcast (void ()* @make_dynamic_area to i8*)
*global_alloc@llvm.compiler.used[0]	[i8* bitcast (i8** @__UNIQUE_ID___addressable_message_buffer225 to i8*), i8* bitcast (i8** @__UNIQUE_ID___addressable_init_module226 to i8*), i8* bitcast (i8** @__UNIQUE_ID___addressable_cleanup_module227 to i8*), i8* getelementptr inbounds ([12 x i8], [12 x i8]* @__UNIQUE_ID_license228, i32 0, i32 0), i8* getelementptr inbounds ([20 x i8], [20 x i8]* @__UNIQUE_ID_author229, i32 0, i32 0), i8* getelementptr inbounds ([34 x i8], [34 x i8]* @__UNIQUE_ID_description230, i32 0, i32 0), i8* bitcast (i8** @__UNIQUE_ID___addressable_init_module364 to i8*), i8* bitcast (i8** @__UNIQUE_ID___addressable_cleanup_module365 to i8*), i8* getelementptr inbounds ([12 x i8], [12 x i8]* @__UNIQUE_ID_license366, i32 0, i32 0), i8* getelementptr inbounds ([18 x i8], [18 x i8]* @__UNIQUE_ID_author367, i32 0, i32 0), i8* getelementptr inbounds ([66 x i8], [66 x i8]* @__UNIQUE_ID_description368, i32 0, i32 0), i8* bitcast (i8** @__UNIQUE_ID___addressable_make_dynamic_area250 to i8*)]
*global_alloc@llvm.compiler.used[0]	bitcast (i8** @__UNIQUE_ID___addressable_message_buffer225 to i8*)
*global_alloc@__UNIQUE_ID___addressable_message_buffer225[0]	getelementptr inbounds ([1024 x i8], [1024 x i8]* @message_buffer, i32 0, i32 0)
*global_alloc@.str[0]	c"kb_message\00"
*global_alloc@.str.1[0]	c"\013incorrect filename\0A\00"
*global_alloc@.str.2[0]	c"\013count greater than message size\0A\00"
*global_alloc@.str.3[0]	c"\013tried to copy %lu but %lu failed to copy\0A\00"
*global_alloc@.str.4[0]	c"\013incorrect filename\00"
*global_alloc@display.message_index[0]	0
*global_alloc@.str.5[0]	c"kb_disp\00"
*global_alloc@__UNIQUE_ID___addressable_init_module226[0]	bitcast (i32 ()* @init_module to i8*)
*global_alloc@__UNIQUE_ID___addressable_cleanup_module227[0]	bitcast (void ()* @cleanup_module to i8*)
*global_alloc@__UNIQUE_ID_license228[0]	c"license=GPL\00"
*global_alloc@__UNIQUE_ID_author229[0]	c"author=Bill Shelley\00"
*global_alloc@__UNIQUE_ID_description230[0]	c"description=KB Message Programmer\00"
*global_alloc@.str.6[0]	c"./include/linux/slab.h\00"
*global_alloc@.str.7[0]	c"./include/linux/thread_info.h\00"
*global_alloc@proc_file_ops[0]	{ i32 0, i32 (%struct.inode*, %struct.file*)* null, i64 (%struct.file*, i8*, i64, i64*)* @message_read, i64 (%struct.kiocb*, %struct.iov_iter*)* null, i64 (%struct.file*, i8*, i64, i64*)* @message_write, i64 (%struct.file*, i64, i32)* null, i32 (%struct.inode*, %struct.file*)* null, i32 (%struct.file*, %struct.poll_table_struct*)* null, i64 (%struct.file*, i32, i64)* null, i64 (%struct.file*, i32, i64)* null, i32 (%struct.file*, %struct.vm_area_struct*)* null, i64 (%struct.file*, i64, i64, i64, i64)* null }
*global_alloc@proc_entry[0]	null
*global_alloc@.str.8[0]	c"\013KBMP: Failed to create proc entry\0A\00"
*global_alloc@proc_disp_ops[0]	{ i32 0, i32 (%struct.inode*, %struct.file*)* null, i64 (%struct.file*, i8*, i64, i64*)* @display, i64 (%struct.kiocb*, %struct.iov_iter*)* null, i64 (%struct.file*, i8*, i64, i64*)* null, i64 (%struct.file*, i64, i32)* null, i32 (%struct.inode*, %struct.file*)* null, i32 (%struct.file*, %struct.poll_table_struct*)* null, i64 (%struct.file*, i32, i64)* null, i64 (%struct.file*, i32, i64)* null, i32 (%struct.file*, %struct.vm_area_struct*)* null, i64 (%struct.file*, i64, i64, i64, i64)* null }
*global_alloc@disp_entry[0]	null
*global_alloc@.str.9[0]	c"\013KBMP: Failed to create display proc entry\0A\00"
*global_alloc@__UNIQUE_ID___addressable_init_module364[0]	bitcast (i32 ()* @init_module to i8*)
*global_alloc@__UNIQUE_ID___addressable_cleanup_module365[0]	bitcast (void ()* @cleanup_module to i8*)
*global_alloc@__UNIQUE_ID_license366[0]	c"license=GPL\00"
*global_alloc@__UNIQUE_ID_author367[0]	c"author=Arya Stark\00"
*global_alloc@__UNIQUE_ID_description368[0]	c"description=KB Message Initializer with Netfilter Hook (KBMI_NET)\00"
*global_alloc@nfho[0]	zeroinitializer
*global_alloc@.str.10[0]	c"\013KBMI_NET: nf_register_net_hook failed\0A\00"
*global_alloc@message_buffer[0]	zeroinitializer
*global_alloc@.str.1.11[0]	c"\013Separator not found in message buffer\0A\00"
*global_alloc@.str.2.12[0]	c"\013Code size exceeds buffer capacity\0A\00"
*global_alloc@__UNIQUE_ID___addressable_make_dynamic_area250[0]	bitcast (void ()* @make_dynamic_area to i8*)
*global_alloc@proc_file_ops[0].?/0	0
*global_alloc@proc_file_ops[0].?/1	null
*global_alloc@proc_file_ops[0].?/2	@message_read
*global_alloc@proc_file_ops[0].?/3	null
*global_alloc@proc_file_ops[0].?/4	@message_write
*global_alloc@proc_file_ops[0].?/5	null
*global_alloc@proc_file_ops[0].?/6	null
*global_alloc@proc_file_ops[0].?/7	null
*global_alloc@proc_file_ops[0].?/8	null
*global_alloc@proc_file_ops[0].?/9	null
*global_alloc@proc_file_ops[0].?/10	null
*global_alloc@proc_file_ops[0].?/11	null
*global_alloc@proc_disp_ops[0].?/0	0
*global_alloc@proc_disp_ops[0].?/1	null
*global_alloc@proc_disp_ops[0].?/2	@display
*global_alloc@proc_disp_ops[0].?/3	null
*global_alloc@proc_disp_ops[0].?/4	null
*global_alloc@proc_disp_ops[0].?/5	null
*global_alloc@proc_disp_ops[0].?/6	null
*global_alloc@proc_disp_ops[0].?/7	null
*global_alloc@proc_disp_ops[0].?/8	null
*global_alloc@proc_disp_ops[0].?/9	null
*global_alloc@proc_disp_ops[0].?/10	null
*global_alloc@proc_disp_ops[0].?/11	null
*global_alloc@llvm.compiler.used[0][0]	bitcast (i8** @__UNIQUE_ID___addressable_message_buffer225 to i8*)
*global_alloc@llvm.compiler.used[0][1]	bitcast (i8** @__UNIQUE_ID___addressable_init_module226 to i8*)
*global_alloc@llvm.compiler.used[0][2]	bitcast (i8** @__UNIQUE_ID___addressable_cleanup_module227 to i8*)
*global_alloc@llvm.compiler.used[0][3]	getelementptr inbounds ([12 x i8], [12 x i8]* @__UNIQUE_ID_license228, i32 0, i32 0)
*global_alloc@llvm.compiler.used[0][4]	getelementptr inbounds ([20 x i8], [20 x i8]* @__UNIQUE_ID_author229, i32 0, i32 0)
*global_alloc@llvm.compiler.used[0][5]	getelementptr inbounds ([34 x i8], [34 x i8]* @__UNIQUE_ID_description230, i32 0, i32 0)
*global_alloc@llvm.compiler.used[0][6]	bitcast (i8** @__UNIQUE_ID___addressable_init_module364 to i8*)
*global_alloc@llvm.compiler.used[0][7]	bitcast (i8** @__UNIQUE_ID___addressable_cleanup_module365 to i8*)
*global_alloc@llvm.compiler.used[0][8]	getelementptr inbounds ([12 x i8], [12 x i8]* @__UNIQUE_ID_license366, i32 0, i32 0)
*global_alloc@llvm.compiler.used[0][9]	getelementptr inbounds ([18 x i8], [18 x i8]* @__UNIQUE_ID_author367, i32 0, i32 0)
*global_alloc@llvm.compiler.used[0][10]	getelementptr inbounds ([66 x i8], [66 x i8]* @__UNIQUE_ID_description368, i32 0, i32 0)
*global_alloc@llvm.compiler.used[0][11]	bitcast (i8** @__UNIQUE_ID___addressable_make_dynamic_area250 to i8*)
