</harden/bcfiles/linux_bcfiles/kbmp_kbmi_net_final.bc>:rotate:%188	</harden/bcfiles/linux_bcfiles/kbmp_kbmi_net_final.bc>:rotate:%186	</harden/bcfiles/linux_bcfiles/kbmp_kbmi_net_final.bc>:rotate:%187
</harden/bcfiles/linux_bcfiles/kbmp_kbmi_net_final.bc>:rotate:%193	</harden/bcfiles/linux_bcfiles/kbmp_kbmi_net_final.bc>:rotate:%191	</harden/bcfiles/linux_bcfiles/kbmp_kbmi_net_final.bc>:rotate:%192
</harden/bcfiles/linux_bcfiles/kbmp_kbmi_net_final.bc>:message_write:%65	</harden/bcfiles/linux_bcfiles/kbmp_kbmi_net_final.bc>:message_write:%63	</harden/bcfiles/linux_bcfiles/kbmp_kbmi_net_final.bc>:message_write:%64
</harden/bcfiles/linux_bcfiles/kbmp_kbmi_net_final.bc>:kbmi_packet_filter_hook:%50	</harden/bcfiles/linux_bcfiles/kbmp_kbmi_net_final.bc>:kbmi_packet_filter_hook:%7	</harden/bcfiles/linux_bcfiles/kbmp_kbmi_net_final.bc>:kbmi_packet_filter_hook:67:0:0
</harden/bcfiles/linux_bcfiles/kbmp_kbmi_net_final.bc>:kbmp_init:%5	</harden/bcfiles/linux_bcfiles/kbmp_kbmi_net_final.bc>:kbmp_init:%25	0
</harden/bcfiles/linux_bcfiles/kbmp_kbmi_net_final.bc>:kbmp_init:%3	</harden/bcfiles/linux_bcfiles/kbmp_kbmi_net_final.bc>:kbmp_init:%15	0
</harden/bcfiles/linux_bcfiles/kbmp_kbmi_net_final.bc>:display:%22	</harden/bcfiles/linux_bcfiles/kbmp_kbmi_net_final.bc>:display:%52	0
</harden/bcfiles/linux_bcfiles/kbmp_kbmi_net_final.bc>:display:%19	</harden/bcfiles/linux_bcfiles/kbmp_kbmi_net_final.bc>:display:%71	0
</harden/bcfiles/linux_bcfiles/kbmp_kbmi_net_final.bc>:display:%19	</harden/bcfiles/linux_bcfiles/kbmp_kbmi_net_final.bc>:display:%2	0
</harden/bcfiles/linux_bcfiles/kbmp_kbmi_net_final.bc>:display:%17	</harden/bcfiles/linux_bcfiles/kbmp_kbmi_net_final.bc>:display:%0	0
</harden/bcfiles/linux_bcfiles/kbmp_kbmi_net_final.bc>:display:%15	</harden/bcfiles/linux_bcfiles/kbmp_kbmi_net_final.bc>:display:%137	0
</harden/bcfiles/linux_bcfiles/kbmp_kbmi_net_final.bc>:display:%15	</harden/bcfiles/linux_bcfiles/kbmp_kbmi_net_final.bc>:display:%74	0
</harden/bcfiles/linux_bcfiles/kbmp_kbmi_net_final.bc>:display:%14	</harden/bcfiles/linux_bcfiles/kbmp_kbmi_net_final.bc>:display:%73	0
</harden/bcfiles/linux_bcfiles/kbmp_kbmi_net_final.bc>:display:%25	</harden/bcfiles/linux_bcfiles/kbmp_kbmi_net_final.bc>:display:%148	0
</harden/bcfiles/linux_bcfiles/kbmp_kbmi_net_final.bc>:display:%21	</harden/bcfiles/linux_bcfiles/kbmp_kbmi_net_final.bc>:display:%38	0
</harden/bcfiles/linux_bcfiles/kbmp_kbmi_net_final.bc>:display:%152	</harden/bcfiles/linux_bcfiles/kbmp_kbmi_net_final.bc>:display:%154	0
</harden/bcfiles/linux_bcfiles/kbmp_kbmi_net_final.bc>:display:%16	</harden/bcfiles/linux_bcfiles/kbmp_kbmi_net_final.bc>:display:%155	0
</harden/bcfiles/linux_bcfiles/kbmp_kbmi_net_final.bc>:display:%16	</harden/bcfiles/linux_bcfiles/kbmp_kbmi_net_final.bc>:display:%67	0
</harden/bcfiles/linux_bcfiles/kbmp_kbmi_net_final.bc>:display:%16	</harden/bcfiles/linux_bcfiles/kbmp_kbmi_net_final.bc>:display:%56	0
</harden/bcfiles/linux_bcfiles/kbmp_kbmi_net_final.bc>:display:%23	</harden/bcfiles/linux_bcfiles/kbmp_kbmi_net_final.bc>:display:%63	0
</harden/bcfiles/linux_bcfiles/kbmp_kbmi_net_final.bc>:display:%20	</harden/bcfiles/linux_bcfiles/kbmp_kbmi_net_final.bc>:display:%3	0
</harden/bcfiles/linux_bcfiles/kbmp_kbmi_net_final.bc>:display:%10	</harden/bcfiles/linux_bcfiles/kbmp_kbmi_net_final.bc>:display:%109	0
</harden/bcfiles/linux_bcfiles/kbmp_kbmi_net_final.bc>:display:%9	</harden/bcfiles/linux_bcfiles/kbmp_kbmi_net_final.bc>:display:%79	0
</harden/bcfiles/linux_bcfiles/kbmp_kbmi_net_final.bc>:display:%7	</harden/bcfiles/linux_bcfiles/kbmp_kbmi_net_final.bc>:display:%76	0
</harden/bcfiles/linux_bcfiles/kbmp_kbmi_net_final.bc>:display:%13	</harden/bcfiles/linux_bcfiles/kbmp_kbmi_net_final.bc>:display:%72	0
</harden/bcfiles/linux_bcfiles/kbmp_kbmi_net_final.bc>:display:%6	</harden/bcfiles/linux_bcfiles/kbmp_kbmi_net_final.bc>:display:%75	0
</harden/bcfiles/linux_bcfiles/kbmp_kbmi_net_final.bc>:display:%18	</harden/bcfiles/linux_bcfiles/kbmp_kbmi_net_final.bc>:display:%1	0
</harden/bcfiles/linux_bcfiles/kbmp_kbmi_net_final.bc>:display:%24	</harden/bcfiles/linux_bcfiles/kbmp_kbmi_net_final.bc>:display:%139	0
</harden/bcfiles/linux_bcfiles/kbmp_kbmi_net_final.bc>:display:%12	</harden/bcfiles/linux_bcfiles/kbmp_kbmi_net_final.bc>:display:%122	0
</harden/bcfiles/linux_bcfiles/kbmp_kbmi_net_final.bc>:get_message_from_buffer:%177	</harden/bcfiles/linux_bcfiles/kbmp_kbmi_net_final.bc>:get_message_from_buffer:%175	</harden/bcfiles/linux_bcfiles/kbmp_kbmi_net_final.bc>:get_message_from_buffer:%176
</harden/bcfiles/linux_bcfiles/kbmp_kbmi_net_final.bc>:get_message_from_buffer:%157	</harden/bcfiles/linux_bcfiles/kbmp_kbmi_net_final.bc>:get_message_from_buffer:%154	</harden/bcfiles/linux_bcfiles/kbmp_kbmi_net_final.bc>:get_message_from_buffer:202:0:0
</harden/bcfiles/linux_bcfiles/kbmp_kbmi_net_final.bc>:get_message_from_buffer:%13	</harden/bcfiles/linux_bcfiles/kbmp_kbmi_net_final.bc>:get_message_from_buffer:%167	0
</harden/bcfiles/linux_bcfiles/kbmp_kbmi_net_final.bc>:get_message_from_buffer:%12	</harden/bcfiles/linux_bcfiles/kbmp_kbmi_net_final.bc>:get_message_from_buffer:%14	0
</harden/bcfiles/linux_bcfiles/kbmp_kbmi_net_final.bc>:get_message_from_buffer:%11	</harden/bcfiles/linux_bcfiles/kbmp_kbmi_net_final.bc>:get_message_from_buffer:%178	0
</harden/bcfiles/linux_bcfiles/kbmp_kbmi_net_final.bc>:get_message_from_buffer:%10	</harden/bcfiles/linux_bcfiles/kbmp_kbmi_net_final.bc>:get_message_from_buffer:%134	0
</harden/bcfiles/linux_bcfiles/kbmp_kbmi_net_final.bc>:get_message_from_buffer:%8	</harden/bcfiles/linux_bcfiles/kbmp_kbmi_net_final.bc>:get_message_from_buffer:%16	0
</harden/bcfiles/linux_bcfiles/kbmp_kbmi_net_final.bc>:get_message_from_buffer:%7	</harden/bcfiles/linux_bcfiles/kbmp_kbmi_net_final.bc>:get_message_from_buffer:%165	0
</harden/bcfiles/linux_bcfiles/kbmp_kbmi_net_final.bc>:get_message_from_buffer:%7	</harden/bcfiles/linux_bcfiles/kbmp_kbmi_net_final.bc>:get_message_from_buffer:%161	0
</harden/bcfiles/linux_bcfiles/kbmp_kbmi_net_final.bc>:get_message_from_buffer:%7	</harden/bcfiles/linux_bcfiles/kbmp_kbmi_net_final.bc>:get_message_from_buffer:%28	0
</harden/bcfiles/linux_bcfiles/kbmp_kbmi_net_final.bc>:get_message_from_buffer:%5	</harden/bcfiles/linux_bcfiles/kbmp_kbmi_net_final.bc>:get_message_from_buffer:%30	0
</harden/bcfiles/linux_bcfiles/kbmp_kbmi_net_final.bc>:get_message_from_buffer:%3	</harden/bcfiles/linux_bcfiles/kbmp_kbmi_net_final.bc>:get_message_from_buffer:%137	0
</harden/bcfiles/linux_bcfiles/kbmp_kbmi_net_final.bc>:get_message_from_buffer:%2	</harden/bcfiles/linux_bcfiles/kbmp_kbmi_net_final.bc>:get_message_from_buffer:%135	0
</harden/bcfiles/linux_bcfiles/kbmp_kbmi_net_final.bc>:rotate:%164	</harden/bcfiles/linux_bcfiles/kbmp_kbmi_net_final.bc>:rotate:%161	</harden/bcfiles/linux_bcfiles/kbmp_kbmi_net_final.bc>:rotate:211:0:0
</harden/bcfiles/linux_bcfiles/kbmp_kbmi_net_final.bc>:rotate:%199	</harden/bcfiles/linux_bcfiles/kbmp_kbmi_net_final.bc>:rotate:%197	</harden/bcfiles/linux_bcfiles/kbmp_kbmi_net_final.bc>:rotate:%198
</harden/bcfiles/linux_bcfiles/kbmp_kbmi_net_final.bc>:rotate:%19	</harden/bcfiles/linux_bcfiles/kbmp_kbmi_net_final.bc>:rotate:%184	0
</harden/bcfiles/linux_bcfiles/kbmp_kbmi_net_final.bc>:rotate:%18	</harden/bcfiles/linux_bcfiles/kbmp_kbmi_net_final.bc>:rotate:%181	0
</harden/bcfiles/linux_bcfiles/kbmp_kbmi_net_final.bc>:rotate:%17	</harden/bcfiles/linux_bcfiles/kbmp_kbmi_net_final.bc>:rotate:%174	0
</harden/bcfiles/linux_bcfiles/kbmp_kbmi_net_final.bc>:rotate:%16	</harden/bcfiles/linux_bcfiles/kbmp_kbmi_net_final.bc>:rotate:%21	0
</harden/bcfiles/linux_bcfiles/kbmp_kbmi_net_final.bc>:rotate:%15	</harden/bcfiles/linux_bcfiles/kbmp_kbmi_net_final.bc>:rotate:%1	0
</harden/bcfiles/linux_bcfiles/kbmp_kbmi_net_final.bc>:rotate:%14	</harden/bcfiles/linux_bcfiles/kbmp_kbmi_net_final.bc>:rotate:%0	0
</harden/bcfiles/linux_bcfiles/kbmp_kbmi_net_final.bc>:rotate:%13	</harden/bcfiles/linux_bcfiles/kbmp_kbmi_net_final.bc>:rotate:%200	0
</harden/bcfiles/linux_bcfiles/kbmp_kbmi_net_final.bc>:rotate:%12	</harden/bcfiles/linux_bcfiles/kbmp_kbmi_net_final.bc>:rotate:%141	0
</harden/bcfiles/linux_bcfiles/kbmp_kbmi_net_final.bc>:rotate:%10	</harden/bcfiles/linux_bcfiles/kbmp_kbmi_net_final.bc>:rotate:%23	0
</harden/bcfiles/linux_bcfiles/kbmp_kbmi_net_final.bc>:rotate:%9	</harden/bcfiles/linux_bcfiles/kbmp_kbmi_net_final.bc>:rotate:%172	0
</harden/bcfiles/linux_bcfiles/kbmp_kbmi_net_final.bc>:rotate:%9	</harden/bcfiles/linux_bcfiles/kbmp_kbmi_net_final.bc>:rotate:%168	0
</harden/bcfiles/linux_bcfiles/kbmp_kbmi_net_final.bc>:rotate:%9	</harden/bcfiles/linux_bcfiles/kbmp_kbmi_net_final.bc>:rotate:%35	0
</harden/bcfiles/linux_bcfiles/kbmp_kbmi_net_final.bc>:rotate:%7	</harden/bcfiles/linux_bcfiles/kbmp_kbmi_net_final.bc>:rotate:%37	0
</harden/bcfiles/linux_bcfiles/kbmp_kbmi_net_final.bc>:rotate:%5	</harden/bcfiles/linux_bcfiles/kbmp_kbmi_net_final.bc>:rotate:%144	0
</harden/bcfiles/linux_bcfiles/kbmp_kbmi_net_final.bc>:rotate:%4	</harden/bcfiles/linux_bcfiles/kbmp_kbmi_net_final.bc>:rotate:%142	0
</harden/bcfiles/linux_bcfiles/kbmp_kbmi_net_final.bc>:copy_overflow:%4	</harden/bcfiles/linux_bcfiles/kbmp_kbmi_net_final.bc>:copy_overflow:%1	0
</harden/bcfiles/linux_bcfiles/kbmp_kbmi_net_final.bc>:copy_overflow:%3	</harden/bcfiles/linux_bcfiles/kbmp_kbmi_net_final.bc>:copy_overflow:%0	0
</harden/bcfiles/linux_bcfiles/kbmp_kbmi_net_final.bc>:check_object_size:%6	</harden/bcfiles/linux_bcfiles/kbmp_kbmi_net_final.bc>:check_object_size:%7	0
</harden/bcfiles/linux_bcfiles/kbmp_kbmi_net_final.bc>:check_object_size:%5	</harden/bcfiles/linux_bcfiles/kbmp_kbmi_net_final.bc>:check_object_size:%1	0
</harden/bcfiles/linux_bcfiles/kbmp_kbmi_net_final.bc>:check_object_size:%4	</harden/bcfiles/linux_bcfiles/kbmp_kbmi_net_final.bc>:check_object_size:%0	0
</harden/bcfiles/linux_bcfiles/kbmp_kbmi_net_final.bc>:message_read:%140	</harden/bcfiles/linux_bcfiles/kbmp_kbmi_net_final.bc>:message_read:%142	0
</harden/bcfiles/linux_bcfiles/kbmp_kbmi_net_final.bc>:message_read:%24	</harden/bcfiles/linux_bcfiles/kbmp_kbmi_net_final.bc>:message_read:%136	0
</harden/bcfiles/linux_bcfiles/kbmp_kbmi_net_final.bc>:message_read:%23	</harden/bcfiles/linux_bcfiles/kbmp_kbmi_net_final.bc>:message_read:%128	0
</harden/bcfiles/linux_bcfiles/kbmp_kbmi_net_final.bc>:message_read:%22	</harden/bcfiles/linux_bcfiles/kbmp_kbmi_net_final.bc>:message_read:%55	0
</harden/bcfiles/linux_bcfiles/kbmp_kbmi_net_final.bc>:message_read:%21	</harden/bcfiles/linux_bcfiles/kbmp_kbmi_net_final.bc>:message_read:%37	0
</harden/bcfiles/linux_bcfiles/kbmp_kbmi_net_final.bc>:message_read:%20	</harden/bcfiles/linux_bcfiles/kbmp_kbmi_net_final.bc>:message_read:%3	0
</harden/bcfiles/linux_bcfiles/kbmp_kbmi_net_final.bc>:message_read:%19	</harden/bcfiles/linux_bcfiles/kbmp_kbmi_net_final.bc>:message_read:%60	0
</harden/bcfiles/linux_bcfiles/kbmp_kbmi_net_final.bc>:message_read:%19	</harden/bcfiles/linux_bcfiles/kbmp_kbmi_net_final.bc>:message_read:%2	0
</harden/bcfiles/linux_bcfiles/kbmp_kbmi_net_final.bc>:message_read:%18	</harden/bcfiles/linux_bcfiles/kbmp_kbmi_net_final.bc>:message_read:%1	0
</harden/bcfiles/linux_bcfiles/kbmp_kbmi_net_final.bc>:message_read:%17	</harden/bcfiles/linux_bcfiles/kbmp_kbmi_net_final.bc>:message_read:%0	0
</harden/bcfiles/linux_bcfiles/kbmp_kbmi_net_final.bc>:message_read:%16	</harden/bcfiles/linux_bcfiles/kbmp_kbmi_net_final.bc>:message_read:%143	0
</harden/bcfiles/linux_bcfiles/kbmp_kbmi_net_final.bc>:message_read:%15	</harden/bcfiles/linux_bcfiles/kbmp_kbmi_net_final.bc>:message_read:%126	0
</harden/bcfiles/linux_bcfiles/kbmp_kbmi_net_final.bc>:message_read:%15	</harden/bcfiles/linux_bcfiles/kbmp_kbmi_net_final.bc>:message_read:%63	0
</harden/bcfiles/linux_bcfiles/kbmp_kbmi_net_final.bc>:message_read:%13	</harden/bcfiles/linux_bcfiles/kbmp_kbmi_net_final.bc>:message_read:%62	0
</harden/bcfiles/linux_bcfiles/kbmp_kbmi_net_final.bc>:message_read:%10	</harden/bcfiles/linux_bcfiles/kbmp_kbmi_net_final.bc>:message_read:%98	0
</harden/bcfiles/linux_bcfiles/kbmp_kbmi_net_final.bc>:message_read:%12	</harden/bcfiles/linux_bcfiles/kbmp_kbmi_net_final.bc>:message_read:%111	0
</harden/bcfiles/linux_bcfiles/kbmp_kbmi_net_final.bc>:message_read:%7	</harden/bcfiles/linux_bcfiles/kbmp_kbmi_net_final.bc>:message_read:%65	0
</harden/bcfiles/linux_bcfiles/kbmp_kbmi_net_final.bc>:message_read:%6	</harden/bcfiles/linux_bcfiles/kbmp_kbmi_net_final.bc>:message_read:%64	0
</harden/bcfiles/linux_bcfiles/kbmp_kbmi_net_final.bc>:message_read:%9	</harden/bcfiles/linux_bcfiles/kbmp_kbmi_net_final.bc>:message_read:%68	0
</harden/bcfiles/linux_bcfiles/kbmp_kbmi_net_final.bc>:message_write:%31	</harden/bcfiles/linux_bcfiles/kbmp_kbmi_net_final.bc>:message_write:%170	0
</harden/bcfiles/linux_bcfiles/kbmp_kbmi_net_final.bc>:message_write:%30	</harden/bcfiles/linux_bcfiles/kbmp_kbmi_net_final.bc>:message_write:%80	0
</harden/bcfiles/linux_bcfiles/kbmp_kbmi_net_final.bc>:message_write:%29	</harden/bcfiles/linux_bcfiles/kbmp_kbmi_net_final.bc>:message_write:%76	0
</harden/bcfiles/linux_bcfiles/kbmp_kbmi_net_final.bc>:message_write:%28	</harden/bcfiles/linux_bcfiles/kbmp_kbmi_net_final.bc>:message_write:%73	0
</harden/bcfiles/linux_bcfiles/kbmp_kbmi_net_final.bc>:message_write:%27	</harden/bcfiles/linux_bcfiles/kbmp_kbmi_net_final.bc>:message_write:%76	0
</harden/bcfiles/linux_bcfiles/kbmp_kbmi_net_final.bc>:message_write:%27	</harden/bcfiles/linux_bcfiles/kbmp_kbmi_net_final.bc>:message_write:%68	0
</harden/bcfiles/linux_bcfiles/kbmp_kbmi_net_final.bc>:message_write:%26	</harden/bcfiles/linux_bcfiles/kbmp_kbmi_net_final.bc>:message_write:%71	0
</harden/bcfiles/linux_bcfiles/kbmp_kbmi_net_final.bc>:message_write:%25	</harden/bcfiles/linux_bcfiles/kbmp_kbmi_net_final.bc>:message_write:%81	0
</harden/bcfiles/linux_bcfiles/kbmp_kbmi_net_final.bc>:message_write:%24	</harden/bcfiles/linux_bcfiles/kbmp_kbmi_net_final.bc>:message_write:%78	0
</harden/bcfiles/linux_bcfiles/kbmp_kbmi_net_final.bc>:message_write:%23	</harden/bcfiles/linux_bcfiles/kbmp_kbmi_net_final.bc>:message_write:%102	0
</harden/bcfiles/linux_bcfiles/kbmp_kbmi_net_final.bc>:message_write:%22	</harden/bcfiles/linux_bcfiles/kbmp_kbmi_net_final.bc>:message_write:%54	0
</harden/bcfiles/linux_bcfiles/kbmp_kbmi_net_final.bc>:message_write:%21	</harden/bcfiles/linux_bcfiles/kbmp_kbmi_net_final.bc>:message_write:%46	0
</harden/bcfiles/linux_bcfiles/kbmp_kbmi_net_final.bc>:message_write:%20	</harden/bcfiles/linux_bcfiles/kbmp_kbmi_net_final.bc>:message_write:%3	0
</harden/bcfiles/linux_bcfiles/kbmp_kbmi_net_final.bc>:message_write:%19	</harden/bcfiles/linux_bcfiles/kbmp_kbmi_net_final.bc>:message_write:%2	0
</harden/bcfiles/linux_bcfiles/kbmp_kbmi_net_final.bc>:message_write:%18	</harden/bcfiles/linux_bcfiles/kbmp_kbmi_net_final.bc>:message_write:%1	0
</harden/bcfiles/linux_bcfiles/kbmp_kbmi_net_final.bc>:message_write:%17	</harden/bcfiles/linux_bcfiles/kbmp_kbmi_net_final.bc>:message_write:%0	0
</harden/bcfiles/linux_bcfiles/kbmp_kbmi_net_final.bc>:message_write:%16	</harden/bcfiles/linux_bcfiles/kbmp_kbmi_net_final.bc>:message_write:%190	0
</harden/bcfiles/linux_bcfiles/kbmp_kbmi_net_final.bc>:message_write:%14	</harden/bcfiles/linux_bcfiles/kbmp_kbmi_net_final.bc>:message_write:%104	0
</harden/bcfiles/linux_bcfiles/kbmp_kbmi_net_final.bc>:message_write:%12	</harden/bcfiles/linux_bcfiles/kbmp_kbmi_net_final.bc>:message_write:%153	0
</harden/bcfiles/linux_bcfiles/kbmp_kbmi_net_final.bc>:message_write:%10	</harden/bcfiles/linux_bcfiles/kbmp_kbmi_net_final.bc>:message_write:%140	0
</harden/bcfiles/linux_bcfiles/kbmp_kbmi_net_final.bc>:message_write:%9	</harden/bcfiles/linux_bcfiles/kbmp_kbmi_net_final.bc>:message_write:%110	0
</harden/bcfiles/linux_bcfiles/kbmp_kbmi_net_final.bc>:message_write:%7	</harden/bcfiles/linux_bcfiles/kbmp_kbmi_net_final.bc>:message_write:%107	0
</harden/bcfiles/linux_bcfiles/kbmp_kbmi_net_final.bc>:message_write:%6	</harden/bcfiles/linux_bcfiles/kbmp_kbmi_net_final.bc>:message_write:%106	0
</harden/bcfiles/linux_bcfiles/kbmp_kbmi_net_final.bc>:message_write:%15	</harden/bcfiles/linux_bcfiles/kbmp_kbmi_net_final.bc>:message_write:%105	0
</harden/bcfiles/linux_bcfiles/kbmp_kbmi_net_final.bc>:message_write:%15	</harden/bcfiles/linux_bcfiles/kbmp_kbmi_net_final.bc>:message_write:%168	0
</harden/bcfiles/linux_bcfiles/kbmp_kbmi_net_final.bc>:message_write:%32	</harden/bcfiles/linux_bcfiles/kbmp_kbmi_net_final.bc>:message_write:%178	0
</harden/bcfiles/linux_bcfiles/kbmp_kbmi_net_final.bc>:kmsan_unpoison_memory:%4	</harden/bcfiles/linux_bcfiles/kbmp_kbmi_net_final.bc>:kmsan_unpoison_memory:%1	0
</harden/bcfiles/linux_bcfiles/kbmp_kbmi_net_final.bc>:kmsan_unpoison_memory:%3	</harden/bcfiles/linux_bcfiles/kbmp_kbmi_net_final.bc>:kmsan_unpoison_memory:%0	0
</harden/bcfiles/linux_bcfiles/kbmp_kbmi_net_final.bc>:make_dynamic_area:%15	</harden/bcfiles/linux_bcfiles/kbmp_kbmi_net_final.bc>:make_dynamic_area:%32	0
</harden/bcfiles/linux_bcfiles/kbmp_kbmi_net_final.bc>:make_dynamic_area:%14	</harden/bcfiles/linux_bcfiles/kbmp_kbmi_net_final.bc>:make_dynamic_area:%30	0
</harden/bcfiles/linux_bcfiles/kbmp_kbmi_net_final.bc>:make_dynamic_area:%13	</harden/bcfiles/linux_bcfiles/kbmp_kbmi_net_final.bc>:make_dynamic_area:%28	0
</harden/bcfiles/linux_bcfiles/kbmp_kbmi_net_final.bc>:make_dynamic_area:%12	</harden/bcfiles/linux_bcfiles/kbmp_kbmi_net_final.bc>:make_dynamic_area:%23	0
</harden/bcfiles/linux_bcfiles/kbmp_kbmi_net_final.bc>:make_dynamic_area:%11	</harden/bcfiles/linux_bcfiles/kbmp_kbmi_net_final.bc>:make_dynamic_area:%48	0
</harden/bcfiles/linux_bcfiles/kbmp_kbmi_net_final.bc>:make_dynamic_area:%10	</harden/bcfiles/linux_bcfiles/kbmp_kbmi_net_final.bc>:make_dynamic_area:%46	0
</harden/bcfiles/linux_bcfiles/kbmp_kbmi_net_final.bc>:make_dynamic_area:%9	</harden/bcfiles/linux_bcfiles/kbmp_kbmi_net_final.bc>:make_dynamic_area:%44	0
</harden/bcfiles/linux_bcfiles/kbmp_kbmi_net_final.bc>:make_dynamic_area:%58	</harden/bcfiles/linux_bcfiles/kbmp_kbmi_net_final.bc>:make_dynamic_area:%57	0
</harden/bcfiles/linux_bcfiles/kbmp_kbmi_net_final.bc>:make_dynamic_area:%7	</harden/bcfiles/linux_bcfiles/kbmp_kbmi_net_final.bc>:make_dynamic_area:%47	0
</harden/bcfiles/linux_bcfiles/kbmp_kbmi_net_final.bc>:make_dynamic_area:%6	</harden/bcfiles/linux_bcfiles/kbmp_kbmi_net_final.bc>:make_dynamic_area:%22	0
</harden/bcfiles/linux_bcfiles/kbmp_kbmi_net_final.bc>:make_dynamic_area:%5	</harden/bcfiles/linux_bcfiles/kbmp_kbmi_net_final.bc>:make_dynamic_area:%20	0
</harden/bcfiles/linux_bcfiles/kbmp_kbmi_net_final.bc>:make_dynamic_area:%4	</harden/bcfiles/linux_bcfiles/kbmp_kbmi_net_final.bc>:make_dynamic_area:%18	0
</harden/bcfiles/linux_bcfiles/kbmp_kbmi_net_final.bc>:make_dynamic_area:%2	</harden/bcfiles/linux_bcfiles/kbmp_kbmi_net_final.bc>:make_dynamic_area:%21	0
</harden/bcfiles/linux_bcfiles/kbmp_kbmi_net_final.bc>:make_dynamic_area:%1	</harden/bcfiles/linux_bcfiles/kbmp_kbmi_net_final.bc>:make_dynamic_area:%24	0
</harden/bcfiles/linux_bcfiles/kbmp_kbmi_net_final.bc>:virt_to_kpte:%3	</harden/bcfiles/linux_bcfiles/kbmp_kbmi_net_final.bc>:virt_to_kpte:%5	0
</harden/bcfiles/linux_bcfiles/kbmp_kbmi_net_final.bc>:virt_to_kpte:%2	</harden/bcfiles/linux_bcfiles/kbmp_kbmi_net_final.bc>:virt_to_kpte:%0	0
</harden/bcfiles/linux_bcfiles/kbmp_kbmi_net_final.bc>:pte_exec:%3	</harden/bcfiles/linux_bcfiles/kbmp_kbmi_net_final.bc>:pte_exec:%0	0
</harden/bcfiles/linux_bcfiles/kbmp_kbmi_net_final.bc>:pte_mkexec:%8	</harden/bcfiles/linux_bcfiles/kbmp_kbmi_net_final.bc>:pte_mkexec:%7	0
</harden/bcfiles/linux_bcfiles/kbmp_kbmi_net_final.bc>:pte_mkexec:%4	</harden/bcfiles/linux_bcfiles/kbmp_kbmi_net_final.bc>:pte_mkexec:%0	0
</harden/bcfiles/linux_bcfiles/kbmp_kbmi_net_final.bc>:set_ptes:%34	</harden/bcfiles/linux_bcfiles/kbmp_kbmi_net_final.bc>:set_ptes:%33	0
</harden/bcfiles/linux_bcfiles/kbmp_kbmi_net_final.bc>:set_ptes:%12	</harden/bcfiles/linux_bcfiles/kbmp_kbmi_net_final.bc>:set_ptes:%3	0
</harden/bcfiles/linux_bcfiles/kbmp_kbmi_net_final.bc>:set_ptes:%10	</harden/bcfiles/linux_bcfiles/kbmp_kbmi_net_final.bc>:set_ptes:%25	0
</harden/bcfiles/linux_bcfiles/kbmp_kbmi_net_final.bc>:set_ptes:%10	</harden/bcfiles/linux_bcfiles/kbmp_kbmi_net_final.bc>:set_ptes:%4	0
</harden/bcfiles/linux_bcfiles/kbmp_kbmi_net_final.bc>:set_ptes:%9	</harden/bcfiles/linux_bcfiles/kbmp_kbmi_net_final.bc>:set_ptes:%30	0
</harden/bcfiles/linux_bcfiles/kbmp_kbmi_net_final.bc>:set_ptes:%9	</harden/bcfiles/linux_bcfiles/kbmp_kbmi_net_final.bc>:set_ptes:%2	0
</harden/bcfiles/linux_bcfiles/kbmp_kbmi_net_final.bc>:set_ptes:%8	</harden/bcfiles/linux_bcfiles/kbmp_kbmi_net_final.bc>:set_ptes:%1	0
</harden/bcfiles/linux_bcfiles/kbmp_kbmi_net_final.bc>:set_ptes:%7	</harden/bcfiles/linux_bcfiles/kbmp_kbmi_net_final.bc>:set_ptes:%0	0
</harden/bcfiles/linux_bcfiles/kbmp_kbmi_net_final.bc>:page_table_check_ptes_set:%9	</harden/bcfiles/linux_bcfiles/kbmp_kbmi_net_final.bc>:page_table_check_ptes_set:%2	0
</harden/bcfiles/linux_bcfiles/kbmp_kbmi_net_final.bc>:page_table_check_ptes_set:%8	</harden/bcfiles/linux_bcfiles/kbmp_kbmi_net_final.bc>:page_table_check_ptes_set:%3	0
</harden/bcfiles/linux_bcfiles/kbmp_kbmi_net_final.bc>:page_table_check_ptes_set:%7	</harden/bcfiles/linux_bcfiles/kbmp_kbmi_net_final.bc>:page_table_check_ptes_set:%1	0
</harden/bcfiles/linux_bcfiles/kbmp_kbmi_net_final.bc>:page_table_check_ptes_set:%6	</harden/bcfiles/linux_bcfiles/kbmp_kbmi_net_final.bc>:page_table_check_ptes_set:%0	0
</harden/bcfiles/linux_bcfiles/kbmp_kbmi_net_final.bc>:native_set_pte:%5	</harden/bcfiles/linux_bcfiles/kbmp_kbmi_net_final.bc>:native_set_pte:%1	0
</harden/bcfiles/linux_bcfiles/kbmp_kbmi_net_final.bc>:native_set_pte:%4	</harden/bcfiles/linux_bcfiles/kbmp_kbmi_net_final.bc>:native_set_pte:%0	0
</harden/bcfiles/linux_bcfiles/kbmp_kbmi_net_final.bc>:pte_next_pfn:%22	</harden/bcfiles/linux_bcfiles/kbmp_kbmi_net_final.bc>:pte_next_pfn:%21	0
</harden/bcfiles/linux_bcfiles/kbmp_kbmi_net_final.bc>:pte_next_pfn:%15	</harden/bcfiles/linux_bcfiles/kbmp_kbmi_net_final.bc>:pte_next_pfn:%14	0
</harden/bcfiles/linux_bcfiles/kbmp_kbmi_net_final.bc>:pte_next_pfn:%4	</harden/bcfiles/linux_bcfiles/kbmp_kbmi_net_final.bc>:pte_next_pfn:%0	0
</harden/bcfiles/linux_bcfiles/kbmp_kbmi_net_final.bc>:native_pte_val:%3	</harden/bcfiles/linux_bcfiles/kbmp_kbmi_net_final.bc>:native_pte_val:%0	0
</harden/bcfiles/linux_bcfiles/kbmp_kbmi_net_final.bc>:__pte_needs_invert:%2	</harden/bcfiles/linux_bcfiles/kbmp_kbmi_net_final.bc>:__pte_needs_invert:%0	0
</harden/bcfiles/linux_bcfiles/kbmp_kbmi_net_final.bc>:native_make_pte:%4	</harden/bcfiles/linux_bcfiles/kbmp_kbmi_net_final.bc>:native_make_pte:%5	0
</harden/bcfiles/linux_bcfiles/kbmp_kbmi_net_final.bc>:native_make_pte:%3	</harden/bcfiles/linux_bcfiles/kbmp_kbmi_net_final.bc>:native_make_pte:%0	0
</harden/bcfiles/linux_bcfiles/kbmp_kbmi_net_final.bc>:pte_clear_flags:%16	</harden/bcfiles/linux_bcfiles/kbmp_kbmi_net_final.bc>:pte_clear_flags:%15	0
</harden/bcfiles/linux_bcfiles/kbmp_kbmi_net_final.bc>:pte_clear_flags:%7	</harden/bcfiles/linux_bcfiles/kbmp_kbmi_net_final.bc>:pte_clear_flags:%0	0
</harden/bcfiles/linux_bcfiles/kbmp_kbmi_net_final.bc>:pte_clear_flags:%6	</harden/bcfiles/linux_bcfiles/kbmp_kbmi_net_final.bc>:pte_clear_flags:%10	0
</harden/bcfiles/linux_bcfiles/kbmp_kbmi_net_final.bc>:pte_clear_flags:%5	</harden/bcfiles/linux_bcfiles/kbmp_kbmi_net_final.bc>:pte_clear_flags:%1	0
</harden/bcfiles/linux_bcfiles/kbmp_kbmi_net_final.bc>:pte_flags:%3	</harden/bcfiles/linux_bcfiles/kbmp_kbmi_net_final.bc>:pte_flags:%0	0
</harden/bcfiles/linux_bcfiles/kbmp_kbmi_net_final.bc>:pmd_off_k:%2	</harden/bcfiles/linux_bcfiles/kbmp_kbmi_net_final.bc>:pmd_off_k:%0	0
</harden/bcfiles/linux_bcfiles/kbmp_kbmi_net_final.bc>:pmd_none:%4	</harden/bcfiles/linux_bcfiles/kbmp_kbmi_net_final.bc>:pmd_none:%0	0
</harden/bcfiles/linux_bcfiles/kbmp_kbmi_net_final.bc>:pmd_none:%3	</harden/bcfiles/linux_bcfiles/kbmp_kbmi_net_final.bc>:pmd_none:%7	0
</harden/bcfiles/linux_bcfiles/kbmp_kbmi_net_final.bc>:pte_offset_kernel:%4	</harden/bcfiles/linux_bcfiles/kbmp_kbmi_net_final.bc>:pte_offset_kernel:%1	0
</harden/bcfiles/linux_bcfiles/kbmp_kbmi_net_final.bc>:pte_offset_kernel:%3	</harden/bcfiles/linux_bcfiles/kbmp_kbmi_net_final.bc>:pte_offset_kernel:%0	0
</harden/bcfiles/linux_bcfiles/kbmp_kbmi_net_final.bc>:pmd_page_vaddr:%3	</harden/bcfiles/linux_bcfiles/kbmp_kbmi_net_final.bc>:pmd_page_vaddr:%0	0
</harden/bcfiles/linux_bcfiles/kbmp_kbmi_net_final.bc>:pte_index:%2	</harden/bcfiles/linux_bcfiles/kbmp_kbmi_net_final.bc>:pte_index:%0	0
</harden/bcfiles/linux_bcfiles/kbmp_kbmi_net_final.bc>:native_pmd_val:%3	</harden/bcfiles/linux_bcfiles/kbmp_kbmi_net_final.bc>:native_pmd_val:%0	0
</harden/bcfiles/linux_bcfiles/kbmp_kbmi_net_final.bc>:pmd_pfn_mask:%4	</harden/bcfiles/linux_bcfiles/kbmp_kbmi_net_final.bc>:pmd_pfn_mask:%0	0
</harden/bcfiles/linux_bcfiles/kbmp_kbmi_net_final.bc>:pgd_offset_pgd:%4	</harden/bcfiles/linux_bcfiles/kbmp_kbmi_net_final.bc>:pgd_offset_pgd:%1	0
</harden/bcfiles/linux_bcfiles/kbmp_kbmi_net_final.bc>:pgd_offset_pgd:%3	</harden/bcfiles/linux_bcfiles/kbmp_kbmi_net_final.bc>:pgd_offset_pgd:%0	0
</harden/bcfiles/linux_bcfiles/kbmp_kbmi_net_final.bc>:p4d_offset:%31	</harden/bcfiles/linux_bcfiles/kbmp_kbmi_net_final.bc>:p4d_offset:%28	</harden/bcfiles/linux_bcfiles/kbmp_kbmi_net_final.bc>:p4d_offset:%30
</harden/bcfiles/linux_bcfiles/kbmp_kbmi_net_final.bc>:p4d_offset:%14	</harden/bcfiles/linux_bcfiles/kbmp_kbmi_net_final.bc>:p4d_offset:%1	0
</harden/bcfiles/linux_bcfiles/kbmp_kbmi_net_final.bc>:p4d_offset:%13	</harden/bcfiles/linux_bcfiles/kbmp_kbmi_net_final.bc>:p4d_offset:%0	0
</harden/bcfiles/linux_bcfiles/kbmp_kbmi_net_final.bc>:p4d_offset:%12	</harden/bcfiles/linux_bcfiles/kbmp_kbmi_net_final.bc>:p4d_offset:%75	0
</harden/bcfiles/linux_bcfiles/kbmp_kbmi_net_final.bc>:p4d_offset:%12	</harden/bcfiles/linux_bcfiles/kbmp_kbmi_net_final.bc>:p4d_offset:%66	0
</harden/bcfiles/linux_bcfiles/kbmp_kbmi_net_final.bc>:p4d_offset:%7	</harden/bcfiles/linux_bcfiles/kbmp_kbmi_net_final.bc>:p4d_offset:%24	0
</harden/bcfiles/linux_bcfiles/kbmp_kbmi_net_final.bc>:p4d_offset:%6	</harden/bcfiles/linux_bcfiles/kbmp_kbmi_net_final.bc>:p4d_offset:%23	0
</harden/bcfiles/linux_bcfiles/kbmp_kbmi_net_final.bc>:p4d_offset:%5	</harden/bcfiles/linux_bcfiles/kbmp_kbmi_net_final.bc>:p4d_offset:%41	0
</harden/bcfiles/linux_bcfiles/kbmp_kbmi_net_final.bc>:p4d_offset:%4	</harden/bcfiles/linux_bcfiles/kbmp_kbmi_net_final.bc>:p4d_offset:%38	0
</harden/bcfiles/linux_bcfiles/kbmp_kbmi_net_final.bc>:p4d_offset:%3	</harden/bcfiles/linux_bcfiles/kbmp_kbmi_net_final.bc>:p4d_offset:%37	0
</harden/bcfiles/linux_bcfiles/kbmp_kbmi_net_final.bc>:pud_offset:%4	</harden/bcfiles/linux_bcfiles/kbmp_kbmi_net_final.bc>:pud_offset:%1	0
</harden/bcfiles/linux_bcfiles/kbmp_kbmi_net_final.bc>:pud_offset:%3	</harden/bcfiles/linux_bcfiles/kbmp_kbmi_net_final.bc>:pud_offset:%0	0
</harden/bcfiles/linux_bcfiles/kbmp_kbmi_net_final.bc>:pmd_offset:%4	</harden/bcfiles/linux_bcfiles/kbmp_kbmi_net_final.bc>:pmd_offset:%1	0
</harden/bcfiles/linux_bcfiles/kbmp_kbmi_net_final.bc>:pmd_offset:%3	</harden/bcfiles/linux_bcfiles/kbmp_kbmi_net_final.bc>:pmd_offset:%0	0
</harden/bcfiles/linux_bcfiles/kbmp_kbmi_net_final.bc>:pud_pgtable:%3	</harden/bcfiles/linux_bcfiles/kbmp_kbmi_net_final.bc>:pud_pgtable:%0	0
</harden/bcfiles/linux_bcfiles/kbmp_kbmi_net_final.bc>:pmd_index:%2	</harden/bcfiles/linux_bcfiles/kbmp_kbmi_net_final.bc>:pmd_index:%0	0
</harden/bcfiles/linux_bcfiles/kbmp_kbmi_net_final.bc>:native_pud_val:%3	</harden/bcfiles/linux_bcfiles/kbmp_kbmi_net_final.bc>:native_pud_val:%0	0
</harden/bcfiles/linux_bcfiles/kbmp_kbmi_net_final.bc>:pud_pfn_mask:%4	</harden/bcfiles/linux_bcfiles/kbmp_kbmi_net_final.bc>:pud_pfn_mask:%0	0
</harden/bcfiles/linux_bcfiles/kbmp_kbmi_net_final.bc>:p4d_pgtable:%3	</harden/bcfiles/linux_bcfiles/kbmp_kbmi_net_final.bc>:p4d_pgtable:%0	0
</harden/bcfiles/linux_bcfiles/kbmp_kbmi_net_final.bc>:pud_index:%2	</harden/bcfiles/linux_bcfiles/kbmp_kbmi_net_final.bc>:pud_index:%0	0
</harden/bcfiles/linux_bcfiles/kbmp_kbmi_net_final.bc>:native_p4d_val:%3	</harden/bcfiles/linux_bcfiles/kbmp_kbmi_net_final.bc>:native_p4d_val:%0	0
</harden/bcfiles/linux_bcfiles/kbmp_kbmi_net_final.bc>:p4d_pfn_mask:%3	</harden/bcfiles/linux_bcfiles/kbmp_kbmi_net_final.bc>:p4d_pfn_mask:%0	0
</harden/bcfiles/linux_bcfiles/kbmp_kbmi_net_final.bc>:pgd_page_vaddr:%3	</harden/bcfiles/linux_bcfiles/kbmp_kbmi_net_final.bc>:pgd_page_vaddr:%0	0
</harden/bcfiles/linux_bcfiles/kbmp_kbmi_net_final.bc>:p4d_index:%2	</harden/bcfiles/linux_bcfiles/kbmp_kbmi_net_final.bc>:p4d_index:%0	0
</harden/bcfiles/linux_bcfiles/kbmp_kbmi_net_final.bc>:native_pgd_val:%3	</harden/bcfiles/linux_bcfiles/kbmp_kbmi_net_final.bc>:native_pgd_val:%0	0
</harden/bcfiles/linux_bcfiles/kbmp_kbmi_net_final.bc>:kbmi_net_init:%3	</harden/bcfiles/linux_bcfiles/kbmp_kbmi_net_final.bc>:kbmi_net_init:%11	0
</harden/bcfiles/linux_bcfiles/kbmp_kbmi_net_final.bc>:kbmi_net_init:%2	</harden/bcfiles/linux_bcfiles/kbmp_kbmi_net_final.bc>:kbmi_net_init:%5	0
</harden/bcfiles/linux_bcfiles/kbmp_kbmi_net_final.bc>:kbmi_net_init:%1	</harden/bcfiles/linux_bcfiles/kbmp_kbmi_net_final.bc>:kbmi_net_init:%13	0
</harden/bcfiles/linux_bcfiles/kbmp_kbmi_net_final.bc>:kbmi_packet_filter_hook:%36	</harden/bcfiles/linux_bcfiles/kbmp_kbmi_net_final.bc>:kbmi_packet_filter_hook:%35	</harden/bcfiles/linux_bcfiles/kbmp_kbmi_net_final.bc>:kbmi_packet_filter_hook:47:0:1
</harden/bcfiles/linux_bcfiles/kbmp_kbmi_net_final.bc>:kbmi_packet_filter_hook:%15	</harden/bcfiles/linux_bcfiles/kbmp_kbmi_net_final.bc>:kbmi_packet_filter_hook:%47	0
</harden/bcfiles/linux_bcfiles/kbmp_kbmi_net_final.bc>:kbmi_packet_filter_hook:%14	</harden/bcfiles/linux_bcfiles/kbmp_kbmi_net_final.bc>:kbmi_packet_filter_hook:%41	0
</harden/bcfiles/linux_bcfiles/kbmp_kbmi_net_final.bc>:kbmi_packet_filter_hook:%12	</harden/bcfiles/linux_bcfiles/kbmp_kbmi_net_final.bc>:kbmi_packet_filter_hook:%36	0
</harden/bcfiles/linux_bcfiles/kbmp_kbmi_net_final.bc>:kbmi_packet_filter_hook:%10	</harden/bcfiles/linux_bcfiles/kbmp_kbmi_net_final.bc>:kbmi_packet_filter_hook:%25	0
</harden/bcfiles/linux_bcfiles/kbmp_kbmi_net_final.bc>:kbmi_packet_filter_hook:%9	</harden/bcfiles/linux_bcfiles/kbmp_kbmi_net_final.bc>:kbmi_packet_filter_hook:%19	0
</harden/bcfiles/linux_bcfiles/kbmp_kbmi_net_final.bc>:kbmi_packet_filter_hook:%6	</harden/bcfiles/linux_bcfiles/kbmp_kbmi_net_final.bc>:kbmi_packet_filter_hook:%2	0
</harden/bcfiles/linux_bcfiles/kbmp_kbmi_net_final.bc>:kbmi_packet_filter_hook:%5	</harden/bcfiles/linux_bcfiles/kbmp_kbmi_net_final.bc>:kbmi_packet_filter_hook:%1	0
</harden/bcfiles/linux_bcfiles/kbmp_kbmi_net_final.bc>:kbmi_packet_filter_hook:%4	</harden/bcfiles/linux_bcfiles/kbmp_kbmi_net_final.bc>:kbmi_packet_filter_hook:%0	0
