</harden/bcfiles/linux_bcfiles/kbmp_kbmi_net_final.bc>:kbmp_exit:4	</harden/bcfiles/linux_bcfiles/kbmp_kbmi_net_final.bc>:proc_remove	proc_remove
</harden/bcfiles/linux_bcfiles/kbmp_kbmi_net_final.bc>:kbmp_exit:6	</harden/bcfiles/linux_bcfiles/kbmp_kbmi_net_final.bc>:proc_remove	proc_remove
</harden/bcfiles/linux_bcfiles/kbmp_kbmi_net_final.bc>:kbmp_init:8	</harden/bcfiles/linux_bcfiles/kbmp_kbmi_net_final.bc>:memset	memset
</harden/bcfiles/linux_bcfiles/kbmp_kbmi_net_final.bc>:kbmp_init:9	</harden/bcfiles/linux_bcfiles/kbmp_kbmi_net_final.bc>:proc_create	proc_create
</harden/bcfiles/linux_bcfiles/kbmp_kbmi_net_final.bc>:kbmp_init:16	</harden/bcfiles/linux_bcfiles/kbmp_kbmi_net_final.bc>:_printk	_printk
</harden/bcfiles/linux_bcfiles/kbmp_kbmi_net_final.bc>:kbmp_init:23	</harden/bcfiles/linux_bcfiles/kbmp_kbmi_net_final.bc>:proc_create	proc_create
</harden/bcfiles/linux_bcfiles/kbmp_kbmi_net_final.bc>:kbmp_init:30	</harden/bcfiles/linux_bcfiles/kbmp_kbmi_net_final.bc>:_printk	_printk
</harden/bcfiles/linux_bcfiles/kbmp_kbmi_net_final.bc>:display:22	</harden/bcfiles/linux_bcfiles/kbmp_kbmi_net_final.bc>:llvm.dbg.declare	llvm.dbg.declare
</harden/bcfiles/linux_bcfiles/kbmp_kbmi_net_final.bc>:display:24	</harden/bcfiles/linux_bcfiles/kbmp_kbmi_net_final.bc>:llvm.dbg.declare	llvm.dbg.declare
</harden/bcfiles/linux_bcfiles/kbmp_kbmi_net_final.bc>:display:26	</harden/bcfiles/linux_bcfiles/kbmp_kbmi_net_final.bc>:llvm.dbg.declare	llvm.dbg.declare
</harden/bcfiles/linux_bcfiles/kbmp_kbmi_net_final.bc>:display:28	</harden/bcfiles/linux_bcfiles/kbmp_kbmi_net_final.bc>:llvm.dbg.declare	llvm.dbg.declare
</harden/bcfiles/linux_bcfiles/kbmp_kbmi_net_final.bc>:display:36	</harden/bcfiles/linux_bcfiles/kbmp_kbmi_net_final.bc>:strcmp	strcmp
</harden/bcfiles/linux_bcfiles/kbmp_kbmi_net_final.bc>:display:41	</harden/bcfiles/linux_bcfiles/kbmp_kbmi_net_final.bc>:_printk	_printk
</harden/bcfiles/linux_bcfiles/kbmp_kbmi_net_final.bc>:display:58	</harden/bcfiles/linux_bcfiles/kbmp_kbmi_net_final.bc>:llvm.dbg.declare	llvm.dbg.declare
</harden/bcfiles/linux_bcfiles/kbmp_kbmi_net_final.bc>:display:59	</harden/bcfiles/linux_bcfiles/kbmp_kbmi_net_final.bc>:get_message_from_buffer	get_message_from_buffer
</harden/bcfiles/linux_bcfiles/kbmp_kbmi_net_final.bc>:display:71	</harden/bcfiles/linux_bcfiles/kbmp_kbmi_net_final.bc>:llvm.dbg.declare	llvm.dbg.declare
</harden/bcfiles/linux_bcfiles/kbmp_kbmi_net_final.bc>:display:74	</harden/bcfiles/linux_bcfiles/kbmp_kbmi_net_final.bc>:rotate	rotate
</harden/bcfiles/linux_bcfiles/kbmp_kbmi_net_final.bc>:display:83	</harden/bcfiles/linux_bcfiles/kbmp_kbmi_net_final.bc>:kfree	kfree
</harden/bcfiles/linux_bcfiles/kbmp_kbmi_net_final.bc>:display:85	</harden/bcfiles/linux_bcfiles/kbmp_kbmi_net_final.bc>:strlen	strlen
</harden/bcfiles/linux_bcfiles/kbmp_kbmi_net_final.bc>:display:87	</harden/bcfiles/linux_bcfiles/kbmp_kbmi_net_final.bc>:llvm.dbg.declare	llvm.dbg.declare
</harden/bcfiles/linux_bcfiles/kbmp_kbmi_net_final.bc>:display:92	</harden/bcfiles/linux_bcfiles/kbmp_kbmi_net_final.bc>:llvm.dbg.declare	llvm.dbg.declare
</harden/bcfiles/linux_bcfiles/kbmp_kbmi_net_final.bc>:display:94	</harden/bcfiles/linux_bcfiles/kbmp_kbmi_net_final.bc>:llvm.dbg.declare	llvm.dbg.declare
</harden/bcfiles/linux_bcfiles/kbmp_kbmi_net_final.bc>:display:96	</harden/bcfiles/linux_bcfiles/kbmp_kbmi_net_final.bc>:llvm.dbg.declare	llvm.dbg.declare
</harden/bcfiles/linux_bcfiles/kbmp_kbmi_net_final.bc>:display:100	</harden/bcfiles/linux_bcfiles/kbmp_kbmi_net_final.bc>:llvm.dbg.declare	llvm.dbg.declare
</harden/bcfiles/linux_bcfiles/kbmp_kbmi_net_final.bc>:display:102	</harden/bcfiles/linux_bcfiles/kbmp_kbmi_net_final.bc>:llvm.dbg.declare	llvm.dbg.declare
</harden/bcfiles/linux_bcfiles/kbmp_kbmi_net_final.bc>:display:104	</harden/bcfiles/linux_bcfiles/kbmp_kbmi_net_final.bc>:llvm.dbg.declare	llvm.dbg.declare
</harden/bcfiles/linux_bcfiles/kbmp_kbmi_net_final.bc>:display:105	</harden/bcfiles/linux_bcfiles/kbmp_kbmi_net_final.bc>:llvm.dbg.declare	llvm.dbg.declare
</harden/bcfiles/linux_bcfiles/kbmp_kbmi_net_final.bc>:display:107	</harden/bcfiles/linux_bcfiles/kbmp_kbmi_net_final.bc>:llvm.objectsize.i64.p0i8	llvm.objectsize.i64.p0i8
</harden/bcfiles/linux_bcfiles/kbmp_kbmi_net_final.bc>:display:124	</harden/bcfiles/linux_bcfiles/kbmp_kbmi_net_final.bc>:llvm.is.constant.i64	llvm.is.constant.i64
</harden/bcfiles/linux_bcfiles/kbmp_kbmi_net_final.bc>:display:128	</harden/bcfiles/linux_bcfiles/kbmp_kbmi_net_final.bc>:copy_overflow	copy_overflow
</harden/bcfiles/linux_bcfiles/kbmp_kbmi_net_final.bc>:display:133	</harden/bcfiles/linux_bcfiles/kbmp_kbmi_net_final.bc>:__bad_copy_from	__bad_copy_from
</harden/bcfiles/linux_bcfiles/kbmp_kbmi_net_final.bc>:display:135	</harden/bcfiles/linux_bcfiles/kbmp_kbmi_net_final.bc>:__bad_copy_to	__bad_copy_to
</harden/bcfiles/linux_bcfiles/kbmp_kbmi_net_final.bc>:display:140	</harden/bcfiles/linux_bcfiles/kbmp_kbmi_net_final.bc>:llvm.dbg.declare	llvm.dbg.declare
</harden/bcfiles/linux_bcfiles/kbmp_kbmi_net_final.bc>:display:152	</harden/bcfiles/linux_bcfiles/kbmp_kbmi_net_final.bc>:llvm.dbg.declare	llvm.dbg.declare
</harden/bcfiles/linux_bcfiles/kbmp_kbmi_net_final.bc>:display:172	</harden/bcfiles/linux_bcfiles/kbmp_kbmi_net_final.bc>:check_object_size	check_object_size
</harden/bcfiles/linux_bcfiles/kbmp_kbmi_net_final.bc>:display:180	</harden/bcfiles/linux_bcfiles/kbmp_kbmi_net_final.bc>:_copy_to_user	_copy_to_user
</harden/bcfiles/linux_bcfiles/kbmp_kbmi_net_final.bc>:display:186	</harden/bcfiles/linux_bcfiles/kbmp_kbmi_net_final.bc>:kfree	kfree
</harden/bcfiles/linux_bcfiles/kbmp_kbmi_net_final.bc>:display:194	</harden/bcfiles/linux_bcfiles/kbmp_kbmi_net_final.bc>:_printk	_printk
</harden/bcfiles/linux_bcfiles/kbmp_kbmi_net_final.bc>:get_message_from_buffer:13	</harden/bcfiles/linux_bcfiles/kbmp_kbmi_net_final.bc>:llvm.dbg.declare	llvm.dbg.declare
</harden/bcfiles/linux_bcfiles/kbmp_kbmi_net_final.bc>:get_message_from_buffer:14	</harden/bcfiles/linux_bcfiles/kbmp_kbmi_net_final.bc>:strlen	strlen
</harden/bcfiles/linux_bcfiles/kbmp_kbmi_net_final.bc>:get_message_from_buffer:16	</harden/bcfiles/linux_bcfiles/kbmp_kbmi_net_final.bc>:llvm.dbg.declare	llvm.dbg.declare
</harden/bcfiles/linux_bcfiles/kbmp_kbmi_net_final.bc>:get_message_from_buffer:20	</harden/bcfiles/linux_bcfiles/kbmp_kbmi_net_final.bc>:llvm.dbg.declare	llvm.dbg.declare
</harden/bcfiles/linux_bcfiles/kbmp_kbmi_net_final.bc>:get_message_from_buffer:22	</harden/bcfiles/linux_bcfiles/kbmp_kbmi_net_final.bc>:llvm.dbg.declare	llvm.dbg.declare
</harden/bcfiles/linux_bcfiles/kbmp_kbmi_net_final.bc>:get_message_from_buffer:24	</harden/bcfiles/linux_bcfiles/kbmp_kbmi_net_final.bc>:llvm.is.constant.i64	llvm.is.constant.i64
</harden/bcfiles/linux_bcfiles/kbmp_kbmi_net_final.bc>:get_message_from_buffer:29	</harden/bcfiles/linux_bcfiles/kbmp_kbmi_net_final.bc>:llvm.dbg.declare	llvm.dbg.declare
</harden/bcfiles/linux_bcfiles/kbmp_kbmi_net_final.bc>:get_message_from_buffer:35	</harden/bcfiles/linux_bcfiles/kbmp_kbmi_net_final.bc>:kmalloc_large	kmalloc_large
</harden/bcfiles/linux_bcfiles/kbmp_kbmi_net_final.bc>:get_message_from_buffer:40	</harden/bcfiles/linux_bcfiles/kbmp_kbmi_net_final.bc>:llvm.dbg.declare	llvm.dbg.declare
</harden/bcfiles/linux_bcfiles/kbmp_kbmi_net_final.bc>:get_message_from_buffer:42	</harden/bcfiles/linux_bcfiles/kbmp_kbmi_net_final.bc>:llvm.dbg.declare	llvm.dbg.declare
</harden/bcfiles/linux_bcfiles/kbmp_kbmi_net_final.bc>:get_message_from_buffer:174	</harden/bcfiles/linux_bcfiles/kbmp_kbmi_net_final.bc>:llvm.returnaddress	llvm.returnaddress
</harden/bcfiles/linux_bcfiles/kbmp_kbmi_net_final.bc>:get_message_from_buffer:177	</harden/bcfiles/linux_bcfiles/kbmp_kbmi_net_final.bc>:llvm.dbg.declare	llvm.dbg.declare
</harden/bcfiles/linux_bcfiles/kbmp_kbmi_net_final.bc>:get_message_from_buffer:179	</harden/bcfiles/linux_bcfiles/kbmp_kbmi_net_final.bc>:llvm.dbg.declare	llvm.dbg.declare
</harden/bcfiles/linux_bcfiles/kbmp_kbmi_net_final.bc>:get_message_from_buffer:206	</harden/bcfiles/linux_bcfiles/kbmp_kbmi_net_final.bc>:kmalloc_trace	kmalloc_trace
</harden/bcfiles/linux_bcfiles/kbmp_kbmi_net_final.bc>:get_message_from_buffer:211	</harden/bcfiles/linux_bcfiles/kbmp_kbmi_net_final.bc>:__kmalloc	__kmalloc
</harden/bcfiles/linux_bcfiles/kbmp_kbmi_net_final.bc>:get_message_from_buffer:223	</harden/bcfiles/linux_bcfiles/kbmp_kbmi_net_final.bc>:strncpy	strncpy
</harden/bcfiles/linux_bcfiles/kbmp_kbmi_net_final.bc>:rotate:18	</harden/bcfiles/linux_bcfiles/kbmp_kbmi_net_final.bc>:llvm.dbg.declare	llvm.dbg.declare
</harden/bcfiles/linux_bcfiles/kbmp_kbmi_net_final.bc>:rotate:20	</harden/bcfiles/linux_bcfiles/kbmp_kbmi_net_final.bc>:llvm.dbg.declare	llvm.dbg.declare
</harden/bcfiles/linux_bcfiles/kbmp_kbmi_net_final.bc>:rotate:21	</harden/bcfiles/linux_bcfiles/kbmp_kbmi_net_final.bc>:llvm.dbg.declare	llvm.dbg.declare
</harden/bcfiles/linux_bcfiles/kbmp_kbmi_net_final.bc>:rotate:23	</harden/bcfiles/linux_bcfiles/kbmp_kbmi_net_final.bc>:strlen	strlen
</harden/bcfiles/linux_bcfiles/kbmp_kbmi_net_final.bc>:rotate:25	</harden/bcfiles/linux_bcfiles/kbmp_kbmi_net_final.bc>:llvm.dbg.declare	llvm.dbg.declare
</harden/bcfiles/linux_bcfiles/kbmp_kbmi_net_final.bc>:rotate:29	</harden/bcfiles/linux_bcfiles/kbmp_kbmi_net_final.bc>:llvm.dbg.declare	llvm.dbg.declare
</harden/bcfiles/linux_bcfiles/kbmp_kbmi_net_final.bc>:rotate:31	</harden/bcfiles/linux_bcfiles/kbmp_kbmi_net_final.bc>:llvm.dbg.declare	llvm.dbg.declare
</harden/bcfiles/linux_bcfiles/kbmp_kbmi_net_final.bc>:rotate:33	</harden/bcfiles/linux_bcfiles/kbmp_kbmi_net_final.bc>:llvm.is.constant.i64	llvm.is.constant.i64
</harden/bcfiles/linux_bcfiles/kbmp_kbmi_net_final.bc>:rotate:38	</harden/bcfiles/linux_bcfiles/kbmp_kbmi_net_final.bc>:llvm.dbg.declare	llvm.dbg.declare
</harden/bcfiles/linux_bcfiles/kbmp_kbmi_net_final.bc>:rotate:44	</harden/bcfiles/linux_bcfiles/kbmp_kbmi_net_final.bc>:kmalloc_large	kmalloc_large
</harden/bcfiles/linux_bcfiles/kbmp_kbmi_net_final.bc>:rotate:49	</harden/bcfiles/linux_bcfiles/kbmp_kbmi_net_final.bc>:llvm.dbg.declare	llvm.dbg.declare
</harden/bcfiles/linux_bcfiles/kbmp_kbmi_net_final.bc>:rotate:51	</harden/bcfiles/linux_bcfiles/kbmp_kbmi_net_final.bc>:llvm.dbg.declare	llvm.dbg.declare
</harden/bcfiles/linux_bcfiles/kbmp_kbmi_net_final.bc>:rotate:183	</harden/bcfiles/linux_bcfiles/kbmp_kbmi_net_final.bc>:llvm.returnaddress	llvm.returnaddress
</harden/bcfiles/linux_bcfiles/kbmp_kbmi_net_final.bc>:rotate:186	</harden/bcfiles/linux_bcfiles/kbmp_kbmi_net_final.bc>:llvm.dbg.declare	llvm.dbg.declare
</harden/bcfiles/linux_bcfiles/kbmp_kbmi_net_final.bc>:rotate:188	</harden/bcfiles/linux_bcfiles/kbmp_kbmi_net_final.bc>:llvm.dbg.declare	llvm.dbg.declare
</harden/bcfiles/linux_bcfiles/kbmp_kbmi_net_final.bc>:rotate:215	</harden/bcfiles/linux_bcfiles/kbmp_kbmi_net_final.bc>:kmalloc_trace	kmalloc_trace
</harden/bcfiles/linux_bcfiles/kbmp_kbmi_net_final.bc>:rotate:220	</harden/bcfiles/linux_bcfiles/kbmp_kbmi_net_final.bc>:__kmalloc	__kmalloc
</harden/bcfiles/linux_bcfiles/kbmp_kbmi_net_final.bc>:rotate:230	</harden/bcfiles/linux_bcfiles/kbmp_kbmi_net_final.bc>:llvm.dbg.declare	llvm.dbg.declare
</harden/bcfiles/linux_bcfiles/kbmp_kbmi_net_final.bc>:rotate:235	</harden/bcfiles/linux_bcfiles/kbmp_kbmi_net_final.bc>:llvm.dbg.declare	llvm.dbg.declare
</harden/bcfiles/linux_bcfiles/kbmp_kbmi_net_final.bc>:rotate:245	</harden/bcfiles/linux_bcfiles/kbmp_kbmi_net_final.bc>:memcpy	memcpy
</harden/bcfiles/linux_bcfiles/kbmp_kbmi_net_final.bc>:rotate:251	</harden/bcfiles/linux_bcfiles/kbmp_kbmi_net_final.bc>:memcpy	memcpy
</harden/bcfiles/linux_bcfiles/kbmp_kbmi_net_final.bc>:copy_overflow:3	</harden/bcfiles/linux_bcfiles/kbmp_kbmi_net_final.bc>:llvm.dbg.declare	llvm.dbg.declare
</harden/bcfiles/linux_bcfiles/kbmp_kbmi_net_final.bc>:copy_overflow:5	</harden/bcfiles/linux_bcfiles/kbmp_kbmi_net_final.bc>:llvm.dbg.declare	llvm.dbg.declare
</harden/bcfiles/linux_bcfiles/kbmp_kbmi_net_final.bc>:copy_overflow:8	</harden/bcfiles/linux_bcfiles/kbmp_kbmi_net_final.bc>:__copy_overflow	__copy_overflow
</harden/bcfiles/linux_bcfiles/kbmp_kbmi_net_final.bc>:check_object_size:4	</harden/bcfiles/linux_bcfiles/kbmp_kbmi_net_final.bc>:llvm.dbg.declare	llvm.dbg.declare
</harden/bcfiles/linux_bcfiles/kbmp_kbmi_net_final.bc>:check_object_size:6	</harden/bcfiles/linux_bcfiles/kbmp_kbmi_net_final.bc>:llvm.dbg.declare	llvm.dbg.declare
</harden/bcfiles/linux_bcfiles/kbmp_kbmi_net_final.bc>:check_object_size:9	</harden/bcfiles/linux_bcfiles/kbmp_kbmi_net_final.bc>:llvm.dbg.declare	llvm.dbg.declare
</harden/bcfiles/linux_bcfiles/kbmp_kbmi_net_final.bc>:message_read:21	</harden/bcfiles/linux_bcfiles/kbmp_kbmi_net_final.bc>:llvm.dbg.declare	llvm.dbg.declare
</harden/bcfiles/linux_bcfiles/kbmp_kbmi_net_final.bc>:message_read:23	</harden/bcfiles/linux_bcfiles/kbmp_kbmi_net_final.bc>:llvm.dbg.declare	llvm.dbg.declare
</harden/bcfiles/linux_bcfiles/kbmp_kbmi_net_final.bc>:message_read:25	</harden/bcfiles/linux_bcfiles/kbmp_kbmi_net_final.bc>:llvm.dbg.declare	llvm.dbg.declare
</harden/bcfiles/linux_bcfiles/kbmp_kbmi_net_final.bc>:message_read:27	</harden/bcfiles/linux_bcfiles/kbmp_kbmi_net_final.bc>:llvm.dbg.declare	llvm.dbg.declare
</harden/bcfiles/linux_bcfiles/kbmp_kbmi_net_final.bc>:message_read:35	</harden/bcfiles/linux_bcfiles/kbmp_kbmi_net_final.bc>:strcmp	strcmp
</harden/bcfiles/linux_bcfiles/kbmp_kbmi_net_final.bc>:message_read:40	</harden/bcfiles/linux_bcfiles/kbmp_kbmi_net_final.bc>:_printk	_printk
</harden/bcfiles/linux_bcfiles/kbmp_kbmi_net_final.bc>:message_read:62	</harden/bcfiles/linux_bcfiles/kbmp_kbmi_net_final.bc>:llvm.dbg.declare	llvm.dbg.declare
</harden/bcfiles/linux_bcfiles/kbmp_kbmi_net_final.bc>:message_read:63	</harden/bcfiles/linux_bcfiles/kbmp_kbmi_net_final.bc>:strnlen	strnlen
</harden/bcfiles/linux_bcfiles/kbmp_kbmi_net_final.bc>:message_read:72	</harden/bcfiles/linux_bcfiles/kbmp_kbmi_net_final.bc>:llvm.dbg.declare	llvm.dbg.declare
</harden/bcfiles/linux_bcfiles/kbmp_kbmi_net_final.bc>:message_read:76	</harden/bcfiles/linux_bcfiles/kbmp_kbmi_net_final.bc>:llvm.dbg.declare	llvm.dbg.declare
</harden/bcfiles/linux_bcfiles/kbmp_kbmi_net_final.bc>:message_read:78	</harden/bcfiles/linux_bcfiles/kbmp_kbmi_net_final.bc>:llvm.dbg.declare	llvm.dbg.declare
</harden/bcfiles/linux_bcfiles/kbmp_kbmi_net_final.bc>:message_read:80	</harden/bcfiles/linux_bcfiles/kbmp_kbmi_net_final.bc>:llvm.dbg.declare	llvm.dbg.declare
</harden/bcfiles/linux_bcfiles/kbmp_kbmi_net_final.bc>:message_read:84	</harden/bcfiles/linux_bcfiles/kbmp_kbmi_net_final.bc>:llvm.dbg.declare	llvm.dbg.declare
</harden/bcfiles/linux_bcfiles/kbmp_kbmi_net_final.bc>:message_read:86	</harden/bcfiles/linux_bcfiles/kbmp_kbmi_net_final.bc>:llvm.dbg.declare	llvm.dbg.declare
</harden/bcfiles/linux_bcfiles/kbmp_kbmi_net_final.bc>:message_read:88	</harden/bcfiles/linux_bcfiles/kbmp_kbmi_net_final.bc>:llvm.dbg.declare	llvm.dbg.declare
</harden/bcfiles/linux_bcfiles/kbmp_kbmi_net_final.bc>:message_read:89	</harden/bcfiles/linux_bcfiles/kbmp_kbmi_net_final.bc>:llvm.dbg.declare	llvm.dbg.declare
</harden/bcfiles/linux_bcfiles/kbmp_kbmi_net_final.bc>:message_read:91	</harden/bcfiles/linux_bcfiles/kbmp_kbmi_net_final.bc>:llvm.objectsize.i64.p0i8	llvm.objectsize.i64.p0i8
</harden/bcfiles/linux_bcfiles/kbmp_kbmi_net_final.bc>:message_read:108	</harden/bcfiles/linux_bcfiles/kbmp_kbmi_net_final.bc>:llvm.is.constant.i64	llvm.is.constant.i64
</harden/bcfiles/linux_bcfiles/kbmp_kbmi_net_final.bc>:message_read:112	</harden/bcfiles/linux_bcfiles/kbmp_kbmi_net_final.bc>:copy_overflow	copy_overflow
</harden/bcfiles/linux_bcfiles/kbmp_kbmi_net_final.bc>:message_read:117	</harden/bcfiles/linux_bcfiles/kbmp_kbmi_net_final.bc>:__bad_copy_from	__bad_copy_from
</harden/bcfiles/linux_bcfiles/kbmp_kbmi_net_final.bc>:message_read:119	</harden/bcfiles/linux_bcfiles/kbmp_kbmi_net_final.bc>:__bad_copy_to	__bad_copy_to
</harden/bcfiles/linux_bcfiles/kbmp_kbmi_net_final.bc>:message_read:124	</harden/bcfiles/linux_bcfiles/kbmp_kbmi_net_final.bc>:llvm.dbg.declare	llvm.dbg.declare
</harden/bcfiles/linux_bcfiles/kbmp_kbmi_net_final.bc>:message_read:136	</harden/bcfiles/linux_bcfiles/kbmp_kbmi_net_final.bc>:llvm.dbg.declare	llvm.dbg.declare
</harden/bcfiles/linux_bcfiles/kbmp_kbmi_net_final.bc>:message_read:156	</harden/bcfiles/linux_bcfiles/kbmp_kbmi_net_final.bc>:check_object_size	check_object_size
</harden/bcfiles/linux_bcfiles/kbmp_kbmi_net_final.bc>:message_read:164	</harden/bcfiles/linux_bcfiles/kbmp_kbmi_net_final.bc>:_copy_to_user	_copy_to_user
</harden/bcfiles/linux_bcfiles/kbmp_kbmi_net_final.bc>:message_read:176	</harden/bcfiles/linux_bcfiles/kbmp_kbmi_net_final.bc>:_printk	_printk
</harden/bcfiles/linux_bcfiles/kbmp_kbmi_net_final.bc>:message_write:30	</harden/bcfiles/linux_bcfiles/kbmp_kbmi_net_final.bc>:llvm.dbg.declare	llvm.dbg.declare
</harden/bcfiles/linux_bcfiles/kbmp_kbmi_net_final.bc>:message_write:32	</harden/bcfiles/linux_bcfiles/kbmp_kbmi_net_final.bc>:llvm.dbg.declare	llvm.dbg.declare
</harden/bcfiles/linux_bcfiles/kbmp_kbmi_net_final.bc>:message_write:34	</harden/bcfiles/linux_bcfiles/kbmp_kbmi_net_final.bc>:llvm.dbg.declare	llvm.dbg.declare
</harden/bcfiles/linux_bcfiles/kbmp_kbmi_net_final.bc>:message_write:36	</harden/bcfiles/linux_bcfiles/kbmp_kbmi_net_final.bc>:llvm.dbg.declare	llvm.dbg.declare
</harden/bcfiles/linux_bcfiles/kbmp_kbmi_net_final.bc>:message_write:44	</harden/bcfiles/linux_bcfiles/kbmp_kbmi_net_final.bc>:strcmp	strcmp
</harden/bcfiles/linux_bcfiles/kbmp_kbmi_net_final.bc>:message_write:49	</harden/bcfiles/linux_bcfiles/kbmp_kbmi_net_final.bc>:_printk	_printk
</harden/bcfiles/linux_bcfiles/kbmp_kbmi_net_final.bc>:message_write:59	</harden/bcfiles/linux_bcfiles/kbmp_kbmi_net_final.bc>:_printk	_printk
</harden/bcfiles/linux_bcfiles/kbmp_kbmi_net_final.bc>:message_write:64	</harden/bcfiles/linux_bcfiles/kbmp_kbmi_net_final.bc>:llvm.dbg.declare	llvm.dbg.declare
</harden/bcfiles/linux_bcfiles/kbmp_kbmi_net_final.bc>:message_write:71	</harden/bcfiles/linux_bcfiles/kbmp_kbmi_net_final.bc>:llvm.dbg.declare	llvm.dbg.declare
</harden/bcfiles/linux_bcfiles/kbmp_kbmi_net_final.bc>:message_write:72	</harden/bcfiles/linux_bcfiles/kbmp_kbmi_net_final.bc>:might_fault	might_fault
</harden/bcfiles/linux_bcfiles/kbmp_kbmi_net_final.bc>:message_write:73	</harden/bcfiles/linux_bcfiles/kbmp_kbmi_net_final.bc>:llvm.dbg.declare	llvm.dbg.declare
</harden/bcfiles/linux_bcfiles/kbmp_kbmi_net_final.bc>:message_write:74	</harden/bcfiles/linux_bcfiles/kbmp_kbmi_net_final.bc>:llvm.dbg.declare	llvm.dbg.declare
</harden/bcfiles/linux_bcfiles/kbmp_kbmi_net_final.bc>:message_write:75	</harden/bcfiles/linux_bcfiles/kbmp_kbmi_net_final.bc>:llvm.read_register.i64	llvm.read_register.i64
</harden/bcfiles/linux_bcfiles/kbmp_kbmi_net_final.bc>:message_write:87	</harden/bcfiles/linux_bcfiles/kbmp_kbmi_net_final.bc>:llvm.write_register.i64	llvm.write_register.i64
</harden/bcfiles/linux_bcfiles/kbmp_kbmi_net_final.bc>:message_write:88	</harden/bcfiles/linux_bcfiles/kbmp_kbmi_net_final.bc>:llvm.dbg.declare	llvm.dbg.declare
</harden/bcfiles/linux_bcfiles/kbmp_kbmi_net_final.bc>:message_write:93	</harden/bcfiles/linux_bcfiles/kbmp_kbmi_net_final.bc>:kmsan_unpoison_memory	kmsan_unpoison_memory
</harden/bcfiles/linux_bcfiles/kbmp_kbmi_net_final.bc>:message_write:131	</harden/bcfiles/linux_bcfiles/kbmp_kbmi_net_final.bc>:llvm.dbg.declare	llvm.dbg.declare
</harden/bcfiles/linux_bcfiles/kbmp_kbmi_net_final.bc>:message_write:135	</harden/bcfiles/linux_bcfiles/kbmp_kbmi_net_final.bc>:llvm.dbg.declare	llvm.dbg.declare
</harden/bcfiles/linux_bcfiles/kbmp_kbmi_net_final.bc>:message_write:137	</harden/bcfiles/linux_bcfiles/kbmp_kbmi_net_final.bc>:llvm.dbg.declare	llvm.dbg.declare
</harden/bcfiles/linux_bcfiles/kbmp_kbmi_net_final.bc>:message_write:139	</harden/bcfiles/linux_bcfiles/kbmp_kbmi_net_final.bc>:llvm.dbg.declare	llvm.dbg.declare
</harden/bcfiles/linux_bcfiles/kbmp_kbmi_net_final.bc>:message_write:143	</harden/bcfiles/linux_bcfiles/kbmp_kbmi_net_final.bc>:llvm.dbg.declare	llvm.dbg.declare
</harden/bcfiles/linux_bcfiles/kbmp_kbmi_net_final.bc>:message_write:145	</harden/bcfiles/linux_bcfiles/kbmp_kbmi_net_final.bc>:llvm.dbg.declare	llvm.dbg.declare
</harden/bcfiles/linux_bcfiles/kbmp_kbmi_net_final.bc>:message_write:147	</harden/bcfiles/linux_bcfiles/kbmp_kbmi_net_final.bc>:llvm.dbg.declare	llvm.dbg.declare
</harden/bcfiles/linux_bcfiles/kbmp_kbmi_net_final.bc>:message_write:148	</harden/bcfiles/linux_bcfiles/kbmp_kbmi_net_final.bc>:llvm.dbg.declare	llvm.dbg.declare
</harden/bcfiles/linux_bcfiles/kbmp_kbmi_net_final.bc>:message_write:150	</harden/bcfiles/linux_bcfiles/kbmp_kbmi_net_final.bc>:llvm.objectsize.i64.p0i8	llvm.objectsize.i64.p0i8
</harden/bcfiles/linux_bcfiles/kbmp_kbmi_net_final.bc>:message_write:167	</harden/bcfiles/linux_bcfiles/kbmp_kbmi_net_final.bc>:llvm.is.constant.i64	llvm.is.constant.i64
</harden/bcfiles/linux_bcfiles/kbmp_kbmi_net_final.bc>:message_write:171	</harden/bcfiles/linux_bcfiles/kbmp_kbmi_net_final.bc>:copy_overflow	copy_overflow
</harden/bcfiles/linux_bcfiles/kbmp_kbmi_net_final.bc>:message_write:176	</harden/bcfiles/linux_bcfiles/kbmp_kbmi_net_final.bc>:__bad_copy_from	__bad_copy_from
</harden/bcfiles/linux_bcfiles/kbmp_kbmi_net_final.bc>:message_write:178	</harden/bcfiles/linux_bcfiles/kbmp_kbmi_net_final.bc>:__bad_copy_to	__bad_copy_to
</harden/bcfiles/linux_bcfiles/kbmp_kbmi_net_final.bc>:message_write:183	</harden/bcfiles/linux_bcfiles/kbmp_kbmi_net_final.bc>:llvm.dbg.declare	llvm.dbg.declare
</harden/bcfiles/linux_bcfiles/kbmp_kbmi_net_final.bc>:message_write:195	</harden/bcfiles/linux_bcfiles/kbmp_kbmi_net_final.bc>:llvm.dbg.declare	llvm.dbg.declare
</harden/bcfiles/linux_bcfiles/kbmp_kbmi_net_final.bc>:message_write:215	</harden/bcfiles/linux_bcfiles/kbmp_kbmi_net_final.bc>:check_object_size	check_object_size
</harden/bcfiles/linux_bcfiles/kbmp_kbmi_net_final.bc>:message_write:223	</harden/bcfiles/linux_bcfiles/kbmp_kbmi_net_final.bc>:_copy_from_user	_copy_from_user
</harden/bcfiles/linux_bcfiles/kbmp_kbmi_net_final.bc>:message_write:235	</harden/bcfiles/linux_bcfiles/kbmp_kbmi_net_final.bc>:_printk	_printk
</harden/bcfiles/linux_bcfiles/kbmp_kbmi_net_final.bc>:message_write:238	</harden/bcfiles/linux_bcfiles/kbmp_kbmi_net_final.bc>:memset	memset
</harden/bcfiles/linux_bcfiles/kbmp_kbmi_net_final.bc>:kmsan_unpoison_memory:3	</harden/bcfiles/linux_bcfiles/kbmp_kbmi_net_final.bc>:llvm.dbg.declare	llvm.dbg.declare
</harden/bcfiles/linux_bcfiles/kbmp_kbmi_net_final.bc>:kmsan_unpoison_memory:5	</harden/bcfiles/linux_bcfiles/kbmp_kbmi_net_final.bc>:llvm.dbg.declare	llvm.dbg.declare
</harden/bcfiles/linux_bcfiles/kbmp_kbmi_net_final.bc>:make_dynamic_area:16	</harden/bcfiles/linux_bcfiles/kbmp_kbmi_net_final.bc>:llvm.dbg.declare	llvm.dbg.declare
</harden/bcfiles/linux_bcfiles/kbmp_kbmi_net_final.bc>:make_dynamic_area:17	</harden/bcfiles/linux_bcfiles/kbmp_kbmi_net_final.bc>:llvm.dbg.declare	llvm.dbg.declare
</harden/bcfiles/linux_bcfiles/kbmp_kbmi_net_final.bc>:make_dynamic_area:18	</harden/bcfiles/linux_bcfiles/kbmp_kbmi_net_final.bc>:llvm.dbg.declare	llvm.dbg.declare
</harden/bcfiles/linux_bcfiles/kbmp_kbmi_net_final.bc>:make_dynamic_area:21	</harden/bcfiles/linux_bcfiles/kbmp_kbmi_net_final.bc>:llvm.dbg.declare	llvm.dbg.declare
</harden/bcfiles/linux_bcfiles/kbmp_kbmi_net_final.bc>:make_dynamic_area:33	</harden/bcfiles/linux_bcfiles/kbmp_kbmi_net_final.bc>:llvm.dbg.declare	llvm.dbg.declare
</harden/bcfiles/linux_bcfiles/kbmp_kbmi_net_final.bc>:make_dynamic_area:36	</harden/bcfiles/linux_bcfiles/kbmp_kbmi_net_final.bc>:llvm.dbg.declare	llvm.dbg.declare
</harden/bcfiles/linux_bcfiles/kbmp_kbmi_net_final.bc>:make_dynamic_area:42	</harden/bcfiles/linux_bcfiles/kbmp_kbmi_net_final.bc>:llvm.dbg.declare	llvm.dbg.declare
</harden/bcfiles/linux_bcfiles/kbmp_kbmi_net_final.bc>:make_dynamic_area:46	</harden/bcfiles/linux_bcfiles/kbmp_kbmi_net_final.bc>:llvm.dbg.declare	llvm.dbg.declare
</harden/bcfiles/linux_bcfiles/kbmp_kbmi_net_final.bc>:make_dynamic_area:48	</harden/bcfiles/linux_bcfiles/kbmp_kbmi_net_final.bc>:virt_to_kpte	virt_to_kpte
</harden/bcfiles/linux_bcfiles/kbmp_kbmi_net_final.bc>:make_dynamic_area:57	</harden/bcfiles/linux_bcfiles/kbmp_kbmi_net_final.bc>:pte_exec	pte_exec
</harden/bcfiles/linux_bcfiles/kbmp_kbmi_net_final.bc>:make_dynamic_area:60	</harden/bcfiles/linux_bcfiles/kbmp_kbmi_net_final.bc>:llvm.dbg.declare	llvm.dbg.declare
</harden/bcfiles/linux_bcfiles/kbmp_kbmi_net_final.bc>:make_dynamic_area:61	</harden/bcfiles/linux_bcfiles/kbmp_kbmi_net_final.bc>:llvm.dbg.declare	llvm.dbg.declare
</harden/bcfiles/linux_bcfiles/kbmp_kbmi_net_final.bc>:make_dynamic_area:64	</harden/bcfiles/linux_bcfiles/kbmp_kbmi_net_final.bc>:llvm.dbg.declare	llvm.dbg.declare
</harden/bcfiles/linux_bcfiles/kbmp_kbmi_net_final.bc>:make_dynamic_area:82	</harden/bcfiles/linux_bcfiles/kbmp_kbmi_net_final.bc>:pte_mkexec	pte_mkexec
</harden/bcfiles/linux_bcfiles/kbmp_kbmi_net_final.bc>:make_dynamic_area:87	</harden/bcfiles/linux_bcfiles/kbmp_kbmi_net_final.bc>:set_ptes	set_ptes
</harden/bcfiles/linux_bcfiles/kbmp_kbmi_net_final.bc>:make_dynamic_area:90	</harden/bcfiles/linux_bcfiles/kbmp_kbmi_net_final.bc>:llvm.dbg.label	llvm.dbg.label
</harden/bcfiles/linux_bcfiles/kbmp_kbmi_net_final.bc>:virt_to_kpte:3	</harden/bcfiles/linux_bcfiles/kbmp_kbmi_net_final.bc>:llvm.dbg.declare	llvm.dbg.declare
</harden/bcfiles/linux_bcfiles/kbmp_kbmi_net_final.bc>:virt_to_kpte:4	</harden/bcfiles/linux_bcfiles/kbmp_kbmi_net_final.bc>:llvm.dbg.declare	llvm.dbg.declare
</harden/bcfiles/linux_bcfiles/kbmp_kbmi_net_final.bc>:virt_to_kpte:6	</harden/bcfiles/linux_bcfiles/kbmp_kbmi_net_final.bc>:pmd_off_k	pmd_off_k
</harden/bcfiles/linux_bcfiles/kbmp_kbmi_net_final.bc>:virt_to_kpte:11	</harden/bcfiles/linux_bcfiles/kbmp_kbmi_net_final.bc>:pmd_none	pmd_none
</harden/bcfiles/linux_bcfiles/kbmp_kbmi_net_final.bc>:virt_to_kpte:17	</harden/bcfiles/linux_bcfiles/kbmp_kbmi_net_final.bc>:pte_offset_kernel	pte_offset_kernel
</harden/bcfiles/linux_bcfiles/kbmp_kbmi_net_final.bc>:pte_exec:3	</harden/bcfiles/linux_bcfiles/kbmp_kbmi_net_final.bc>:llvm.dbg.declare	llvm.dbg.declare
</harden/bcfiles/linux_bcfiles/kbmp_kbmi_net_final.bc>:pte_exec:6	</harden/bcfiles/linux_bcfiles/kbmp_kbmi_net_final.bc>:pte_flags	pte_flags
</harden/bcfiles/linux_bcfiles/kbmp_kbmi_net_final.bc>:pte_mkexec:4	</harden/bcfiles/linux_bcfiles/kbmp_kbmi_net_final.bc>:llvm.dbg.declare	llvm.dbg.declare
</harden/bcfiles/linux_bcfiles/kbmp_kbmi_net_final.bc>:pte_mkexec:7	</harden/bcfiles/linux_bcfiles/kbmp_kbmi_net_final.bc>:pte_clear_flags	pte_clear_flags
</harden/bcfiles/linux_bcfiles/kbmp_kbmi_net_final.bc>:set_ptes:9	</harden/bcfiles/linux_bcfiles/kbmp_kbmi_net_final.bc>:llvm.dbg.declare	llvm.dbg.declare
</harden/bcfiles/linux_bcfiles/kbmp_kbmi_net_final.bc>:set_ptes:11	</harden/bcfiles/linux_bcfiles/kbmp_kbmi_net_final.bc>:llvm.dbg.declare	llvm.dbg.declare
</harden/bcfiles/linux_bcfiles/kbmp_kbmi_net_final.bc>:set_ptes:13	</harden/bcfiles/linux_bcfiles/kbmp_kbmi_net_final.bc>:llvm.dbg.declare	llvm.dbg.declare
</harden/bcfiles/linux_bcfiles/kbmp_kbmi_net_final.bc>:set_ptes:14	</harden/bcfiles/linux_bcfiles/kbmp_kbmi_net_final.bc>:llvm.dbg.declare	llvm.dbg.declare
</harden/bcfiles/linux_bcfiles/kbmp_kbmi_net_final.bc>:set_ptes:16	</harden/bcfiles/linux_bcfiles/kbmp_kbmi_net_final.bc>:llvm.dbg.declare	llvm.dbg.declare
</harden/bcfiles/linux_bcfiles/kbmp_kbmi_net_final.bc>:set_ptes:22	</harden/bcfiles/linux_bcfiles/kbmp_kbmi_net_final.bc>:page_table_check_ptes_set	page_table_check_ptes_set
</harden/bcfiles/linux_bcfiles/kbmp_kbmi_net_final.bc>:set_ptes:29	</harden/bcfiles/linux_bcfiles/kbmp_kbmi_net_final.bc>:native_set_pte	native_set_pte
</harden/bcfiles/linux_bcfiles/kbmp_kbmi_net_final.bc>:set_ptes:41	</harden/bcfiles/linux_bcfiles/kbmp_kbmi_net_final.bc>:pte_next_pfn	pte_next_pfn
</harden/bcfiles/linux_bcfiles/kbmp_kbmi_net_final.bc>:set_ptes:46	</harden/bcfiles/linux_bcfiles/kbmp_kbmi_net_final.bc>:llvm.memcpy.p0i8.p0i8.i64	llvm.memcpy.p0i8.p0i8.i64
</harden/bcfiles/linux_bcfiles/kbmp_kbmi_net_final.bc>:page_table_check_ptes_set:7	</harden/bcfiles/linux_bcfiles/kbmp_kbmi_net_final.bc>:llvm.dbg.declare	llvm.dbg.declare
</harden/bcfiles/linux_bcfiles/kbmp_kbmi_net_final.bc>:page_table_check_ptes_set:9	</harden/bcfiles/linux_bcfiles/kbmp_kbmi_net_final.bc>:llvm.dbg.declare	llvm.dbg.declare
</harden/bcfiles/linux_bcfiles/kbmp_kbmi_net_final.bc>:page_table_check_ptes_set:10	</harden/bcfiles/linux_bcfiles/kbmp_kbmi_net_final.bc>:llvm.dbg.declare	llvm.dbg.declare
</harden/bcfiles/linux_bcfiles/kbmp_kbmi_net_final.bc>:page_table_check_ptes_set:12	</harden/bcfiles/linux_bcfiles/kbmp_kbmi_net_final.bc>:llvm.dbg.declare	llvm.dbg.declare
</harden/bcfiles/linux_bcfiles/kbmp_kbmi_net_final.bc>:native_set_pte:5	</harden/bcfiles/linux_bcfiles/kbmp_kbmi_net_final.bc>:llvm.dbg.declare	llvm.dbg.declare
</harden/bcfiles/linux_bcfiles/kbmp_kbmi_net_final.bc>:native_set_pte:6	</harden/bcfiles/linux_bcfiles/kbmp_kbmi_net_final.bc>:llvm.dbg.declare	llvm.dbg.declare
</harden/bcfiles/linux_bcfiles/kbmp_kbmi_net_final.bc>:native_set_pte:14	</harden/bcfiles/linux_bcfiles/kbmp_kbmi_net_final.bc>:llvm.memcpy.p0i8.p0i8.i64	llvm.memcpy.p0i8.p0i8.i64
</harden/bcfiles/linux_bcfiles/kbmp_kbmi_net_final.bc>:pte_next_pfn:4	</harden/bcfiles/linux_bcfiles/kbmp_kbmi_net_final.bc>:llvm.dbg.declare	llvm.dbg.declare
</harden/bcfiles/linux_bcfiles/kbmp_kbmi_net_final.bc>:pte_next_pfn:7	</harden/bcfiles/linux_bcfiles/kbmp_kbmi_net_final.bc>:native_pte_val	native_pte_val
</harden/bcfiles/linux_bcfiles/kbmp_kbmi_net_final.bc>:pte_next_pfn:8	</harden/bcfiles/linux_bcfiles/kbmp_kbmi_net_final.bc>:__pte_needs_invert	__pte_needs_invert
</harden/bcfiles/linux_bcfiles/kbmp_kbmi_net_final.bc>:pte_next_pfn:12	</harden/bcfiles/linux_bcfiles/kbmp_kbmi_net_final.bc>:native_pte_val	native_pte_val
</harden/bcfiles/linux_bcfiles/kbmp_kbmi_net_final.bc>:pte_next_pfn:14	</harden/bcfiles/linux_bcfiles/kbmp_kbmi_net_final.bc>:native_make_pte	native_make_pte
</harden/bcfiles/linux_bcfiles/kbmp_kbmi_net_final.bc>:pte_next_pfn:20	</harden/bcfiles/linux_bcfiles/kbmp_kbmi_net_final.bc>:native_pte_val	native_pte_val
</harden/bcfiles/linux_bcfiles/kbmp_kbmi_net_final.bc>:pte_next_pfn:22	</harden/bcfiles/linux_bcfiles/kbmp_kbmi_net_final.bc>:native_make_pte	native_make_pte
</harden/bcfiles/linux_bcfiles/kbmp_kbmi_net_final.bc>:native_pte_val:3	</harden/bcfiles/linux_bcfiles/kbmp_kbmi_net_final.bc>:llvm.dbg.declare	llvm.dbg.declare
</harden/bcfiles/linux_bcfiles/kbmp_kbmi_net_final.bc>:__pte_needs_invert:2	</harden/bcfiles/linux_bcfiles/kbmp_kbmi_net_final.bc>:llvm.dbg.declare	llvm.dbg.declare
</harden/bcfiles/linux_bcfiles/kbmp_kbmi_net_final.bc>:native_make_pte:3	</harden/bcfiles/linux_bcfiles/kbmp_kbmi_net_final.bc>:llvm.dbg.declare	llvm.dbg.declare
</harden/bcfiles/linux_bcfiles/kbmp_kbmi_net_final.bc>:pte_clear_flags:6	</harden/bcfiles/linux_bcfiles/kbmp_kbmi_net_final.bc>:llvm.dbg.declare	llvm.dbg.declare
</harden/bcfiles/linux_bcfiles/kbmp_kbmi_net_final.bc>:pte_clear_flags:8	</harden/bcfiles/linux_bcfiles/kbmp_kbmi_net_final.bc>:llvm.dbg.declare	llvm.dbg.declare
</harden/bcfiles/linux_bcfiles/kbmp_kbmi_net_final.bc>:pte_clear_flags:9	</harden/bcfiles/linux_bcfiles/kbmp_kbmi_net_final.bc>:llvm.dbg.declare	llvm.dbg.declare
</harden/bcfiles/linux_bcfiles/kbmp_kbmi_net_final.bc>:pte_clear_flags:12	</harden/bcfiles/linux_bcfiles/kbmp_kbmi_net_final.bc>:native_pte_val	native_pte_val
</harden/bcfiles/linux_bcfiles/kbmp_kbmi_net_final.bc>:pte_clear_flags:18	</harden/bcfiles/linux_bcfiles/kbmp_kbmi_net_final.bc>:native_make_pte	native_make_pte
</harden/bcfiles/linux_bcfiles/kbmp_kbmi_net_final.bc>:pte_flags:3	</harden/bcfiles/linux_bcfiles/kbmp_kbmi_net_final.bc>:llvm.dbg.declare	llvm.dbg.declare
</harden/bcfiles/linux_bcfiles/kbmp_kbmi_net_final.bc>:pte_flags:6	</harden/bcfiles/linux_bcfiles/kbmp_kbmi_net_final.bc>:native_pte_val	native_pte_val
</harden/bcfiles/linux_bcfiles/kbmp_kbmi_net_final.bc>:pmd_off_k:2	</harden/bcfiles/linux_bcfiles/kbmp_kbmi_net_final.bc>:llvm.dbg.declare	llvm.dbg.declare
</harden/bcfiles/linux_bcfiles/kbmp_kbmi_net_final.bc>:pmd_off_k:5	</harden/bcfiles/linux_bcfiles/kbmp_kbmi_net_final.bc>:pgd_offset_pgd	pgd_offset_pgd
</harden/bcfiles/linux_bcfiles/kbmp_kbmi_net_final.bc>:pmd_off_k:7	</harden/bcfiles/linux_bcfiles/kbmp_kbmi_net_final.bc>:p4d_offset	p4d_offset
</harden/bcfiles/linux_bcfiles/kbmp_kbmi_net_final.bc>:pmd_off_k:9	</harden/bcfiles/linux_bcfiles/kbmp_kbmi_net_final.bc>:pud_offset	pud_offset
</harden/bcfiles/linux_bcfiles/kbmp_kbmi_net_final.bc>:pmd_off_k:11	</harden/bcfiles/linux_bcfiles/kbmp_kbmi_net_final.bc>:pmd_offset	pmd_offset
</harden/bcfiles/linux_bcfiles/kbmp_kbmi_net_final.bc>:pmd_none:4	</harden/bcfiles/linux_bcfiles/kbmp_kbmi_net_final.bc>:llvm.dbg.declare	llvm.dbg.declare
</harden/bcfiles/linux_bcfiles/kbmp_kbmi_net_final.bc>:pmd_none:5	</harden/bcfiles/linux_bcfiles/kbmp_kbmi_net_final.bc>:llvm.dbg.declare	llvm.dbg.declare
</harden/bcfiles/linux_bcfiles/kbmp_kbmi_net_final.bc>:pmd_none:8	</harden/bcfiles/linux_bcfiles/kbmp_kbmi_net_final.bc>:native_pmd_val	native_pmd_val
</harden/bcfiles/linux_bcfiles/kbmp_kbmi_net_final.bc>:pte_offset_kernel:3	</harden/bcfiles/linux_bcfiles/kbmp_kbmi_net_final.bc>:llvm.dbg.declare	llvm.dbg.declare
</harden/bcfiles/linux_bcfiles/kbmp_kbmi_net_final.bc>:pte_offset_kernel:5	</harden/bcfiles/linux_bcfiles/kbmp_kbmi_net_final.bc>:llvm.dbg.declare	llvm.dbg.declare
</harden/bcfiles/linux_bcfiles/kbmp_kbmi_net_final.bc>:pte_offset_kernel:9	</harden/bcfiles/linux_bcfiles/kbmp_kbmi_net_final.bc>:pmd_page_vaddr	pmd_page_vaddr
</harden/bcfiles/linux_bcfiles/kbmp_kbmi_net_final.bc>:pte_offset_kernel:12	</harden/bcfiles/linux_bcfiles/kbmp_kbmi_net_final.bc>:pte_index	pte_index
</harden/bcfiles/linux_bcfiles/kbmp_kbmi_net_final.bc>:pmd_page_vaddr:3	</harden/bcfiles/linux_bcfiles/kbmp_kbmi_net_final.bc>:llvm.dbg.declare	llvm.dbg.declare
</harden/bcfiles/linux_bcfiles/kbmp_kbmi_net_final.bc>:pmd_page_vaddr:6	</harden/bcfiles/linux_bcfiles/kbmp_kbmi_net_final.bc>:native_pmd_val	native_pmd_val
</harden/bcfiles/linux_bcfiles/kbmp_kbmi_net_final.bc>:pmd_page_vaddr:9	</harden/bcfiles/linux_bcfiles/kbmp_kbmi_net_final.bc>:pmd_pfn_mask	pmd_pfn_mask
</harden/bcfiles/linux_bcfiles/kbmp_kbmi_net_final.bc>:pte_index:2	</harden/bcfiles/linux_bcfiles/kbmp_kbmi_net_final.bc>:llvm.dbg.declare	llvm.dbg.declare
</harden/bcfiles/linux_bcfiles/kbmp_kbmi_net_final.bc>:native_pmd_val:3	</harden/bcfiles/linux_bcfiles/kbmp_kbmi_net_final.bc>:llvm.dbg.declare	llvm.dbg.declare
</harden/bcfiles/linux_bcfiles/kbmp_kbmi_net_final.bc>:pmd_pfn_mask:4	</harden/bcfiles/linux_bcfiles/kbmp_kbmi_net_final.bc>:llvm.dbg.declare	llvm.dbg.declare
</harden/bcfiles/linux_bcfiles/kbmp_kbmi_net_final.bc>:pmd_pfn_mask:7	</harden/bcfiles/linux_bcfiles/kbmp_kbmi_net_final.bc>:native_pmd_val	native_pmd_val
</harden/bcfiles/linux_bcfiles/kbmp_kbmi_net_final.bc>:pgd_offset_pgd:3	</harden/bcfiles/linux_bcfiles/kbmp_kbmi_net_final.bc>:llvm.dbg.declare	llvm.dbg.declare
</harden/bcfiles/linux_bcfiles/kbmp_kbmi_net_final.bc>:pgd_offset_pgd:5	</harden/bcfiles/linux_bcfiles/kbmp_kbmi_net_final.bc>:llvm.dbg.declare	llvm.dbg.declare
</harden/bcfiles/linux_bcfiles/kbmp_kbmi_net_final.bc>:p4d_offset:13	</harden/bcfiles/linux_bcfiles/kbmp_kbmi_net_final.bc>:llvm.dbg.declare	llvm.dbg.declare
</harden/bcfiles/linux_bcfiles/kbmp_kbmi_net_final.bc>:p4d_offset:15	</harden/bcfiles/linux_bcfiles/kbmp_kbmi_net_final.bc>:llvm.dbg.declare	llvm.dbg.declare
</harden/bcfiles/linux_bcfiles/kbmp_kbmi_net_final.bc>:p4d_offset:22	</harden/bcfiles/linux_bcfiles/kbmp_kbmi_net_final.bc>:llvm.dbg.declare	llvm.dbg.declare
</harden/bcfiles/linux_bcfiles/kbmp_kbmi_net_final.bc>:p4d_offset:24	</harden/bcfiles/linux_bcfiles/kbmp_kbmi_net_final.bc>:llvm.dbg.declare	llvm.dbg.declare
</harden/bcfiles/linux_bcfiles/kbmp_kbmi_net_final.bc>:p4d_offset:26	</harden/bcfiles/linux_bcfiles/kbmp_kbmi_net_final.bc>:llvm.is.constant.i64	llvm.is.constant.i64
</harden/bcfiles/linux_bcfiles/kbmp_kbmi_net_final.bc>:p4d_offset:31	</harden/bcfiles/linux_bcfiles/kbmp_kbmi_net_final.bc>:llvm.dbg.declare	llvm.dbg.declare
</harden/bcfiles/linux_bcfiles/kbmp_kbmi_net_final.bc>:p4d_offset:33	</harden/bcfiles/linux_bcfiles/kbmp_kbmi_net_final.bc>:llvm.dbg.declare	llvm.dbg.declare
</harden/bcfiles/linux_bcfiles/kbmp_kbmi_net_final.bc>:p4d_offset:49	</harden/bcfiles/linux_bcfiles/kbmp_kbmi_net_final.bc>:llvm.dbg.declare	llvm.dbg.declare
</harden/bcfiles/linux_bcfiles/kbmp_kbmi_net_final.bc>:p4d_offset:51	</harden/bcfiles/linux_bcfiles/kbmp_kbmi_net_final.bc>:llvm.dbg.declare	llvm.dbg.declare
</harden/bcfiles/linux_bcfiles/kbmp_kbmi_net_final.bc>:p4d_offset:52	</harden/bcfiles/linux_bcfiles/kbmp_kbmi_net_final.bc>:llvm.dbg.declare	llvm.dbg.declare
</harden/bcfiles/linux_bcfiles/kbmp_kbmi_net_final.bc>:p4d_offset:65	</harden/bcfiles/linux_bcfiles/kbmp_kbmi_net_final.bc>:llvm.dbg.declare	llvm.dbg.declare
</harden/bcfiles/linux_bcfiles/kbmp_kbmi_net_final.bc>:p4d_offset:78	</harden/bcfiles/linux_bcfiles/kbmp_kbmi_net_final.bc>:llvm.dbg.label	llvm.dbg.label
</harden/bcfiles/linux_bcfiles/kbmp_kbmi_net_final.bc>:p4d_offset:81	</harden/bcfiles/linux_bcfiles/kbmp_kbmi_net_final.bc>:llvm.dbg.label	llvm.dbg.label
</harden/bcfiles/linux_bcfiles/kbmp_kbmi_net_final.bc>:p4d_offset:93	</harden/bcfiles/linux_bcfiles/kbmp_kbmi_net_final.bc>:pgd_page_vaddr	pgd_page_vaddr
</harden/bcfiles/linux_bcfiles/kbmp_kbmi_net_final.bc>:p4d_offset:96	</harden/bcfiles/linux_bcfiles/kbmp_kbmi_net_final.bc>:p4d_index	p4d_index
</harden/bcfiles/linux_bcfiles/kbmp_kbmi_net_final.bc>:pud_offset:3	</harden/bcfiles/linux_bcfiles/kbmp_kbmi_net_final.bc>:llvm.dbg.declare	llvm.dbg.declare
</harden/bcfiles/linux_bcfiles/kbmp_kbmi_net_final.bc>:pud_offset:5	</harden/bcfiles/linux_bcfiles/kbmp_kbmi_net_final.bc>:llvm.dbg.declare	llvm.dbg.declare
</harden/bcfiles/linux_bcfiles/kbmp_kbmi_net_final.bc>:pud_offset:9	</harden/bcfiles/linux_bcfiles/kbmp_kbmi_net_final.bc>:p4d_pgtable	p4d_pgtable
</harden/bcfiles/linux_bcfiles/kbmp_kbmi_net_final.bc>:pud_offset:11	</harden/bcfiles/linux_bcfiles/kbmp_kbmi_net_final.bc>:pud_index	pud_index
</harden/bcfiles/linux_bcfiles/kbmp_kbmi_net_final.bc>:pmd_offset:3	</harden/bcfiles/linux_bcfiles/kbmp_kbmi_net_final.bc>:llvm.dbg.declare	llvm.dbg.declare
</harden/bcfiles/linux_bcfiles/kbmp_kbmi_net_final.bc>:pmd_offset:5	</harden/bcfiles/linux_bcfiles/kbmp_kbmi_net_final.bc>:llvm.dbg.declare	llvm.dbg.declare
</harden/bcfiles/linux_bcfiles/kbmp_kbmi_net_final.bc>:pmd_offset:9	</harden/bcfiles/linux_bcfiles/kbmp_kbmi_net_final.bc>:pud_pgtable	pud_pgtable
</harden/bcfiles/linux_bcfiles/kbmp_kbmi_net_final.bc>:pmd_offset:11	</harden/bcfiles/linux_bcfiles/kbmp_kbmi_net_final.bc>:pmd_index	pmd_index
</harden/bcfiles/linux_bcfiles/kbmp_kbmi_net_final.bc>:pud_pgtable:3	</harden/bcfiles/linux_bcfiles/kbmp_kbmi_net_final.bc>:llvm.dbg.declare	llvm.dbg.declare
</harden/bcfiles/linux_bcfiles/kbmp_kbmi_net_final.bc>:pud_pgtable:6	</harden/bcfiles/linux_bcfiles/kbmp_kbmi_net_final.bc>:native_pud_val	native_pud_val
</harden/bcfiles/linux_bcfiles/kbmp_kbmi_net_final.bc>:pud_pgtable:9	</harden/bcfiles/linux_bcfiles/kbmp_kbmi_net_final.bc>:pud_pfn_mask	pud_pfn_mask
</harden/bcfiles/linux_bcfiles/kbmp_kbmi_net_final.bc>:pmd_index:2	</harden/bcfiles/linux_bcfiles/kbmp_kbmi_net_final.bc>:llvm.dbg.declare	llvm.dbg.declare
</harden/bcfiles/linux_bcfiles/kbmp_kbmi_net_final.bc>:native_pud_val:3	</harden/bcfiles/linux_bcfiles/kbmp_kbmi_net_final.bc>:llvm.dbg.declare	llvm.dbg.declare
</harden/bcfiles/linux_bcfiles/kbmp_kbmi_net_final.bc>:pud_pfn_mask:4	</harden/bcfiles/linux_bcfiles/kbmp_kbmi_net_final.bc>:llvm.dbg.declare	llvm.dbg.declare
</harden/bcfiles/linux_bcfiles/kbmp_kbmi_net_final.bc>:pud_pfn_mask:7	</harden/bcfiles/linux_bcfiles/kbmp_kbmi_net_final.bc>:native_pud_val	native_pud_val
</harden/bcfiles/linux_bcfiles/kbmp_kbmi_net_final.bc>:p4d_pgtable:3	</harden/bcfiles/linux_bcfiles/kbmp_kbmi_net_final.bc>:llvm.dbg.declare	llvm.dbg.declare
</harden/bcfiles/linux_bcfiles/kbmp_kbmi_net_final.bc>:p4d_pgtable:6	</harden/bcfiles/linux_bcfiles/kbmp_kbmi_net_final.bc>:native_p4d_val	native_p4d_val
</harden/bcfiles/linux_bcfiles/kbmp_kbmi_net_final.bc>:p4d_pgtable:9	</harden/bcfiles/linux_bcfiles/kbmp_kbmi_net_final.bc>:p4d_pfn_mask	p4d_pfn_mask
</harden/bcfiles/linux_bcfiles/kbmp_kbmi_net_final.bc>:pud_index:2	</harden/bcfiles/linux_bcfiles/kbmp_kbmi_net_final.bc>:llvm.dbg.declare	llvm.dbg.declare
</harden/bcfiles/linux_bcfiles/kbmp_kbmi_net_final.bc>:native_p4d_val:3	</harden/bcfiles/linux_bcfiles/kbmp_kbmi_net_final.bc>:llvm.dbg.declare	llvm.dbg.declare
</harden/bcfiles/linux_bcfiles/kbmp_kbmi_net_final.bc>:p4d_pfn_mask:3	</harden/bcfiles/linux_bcfiles/kbmp_kbmi_net_final.bc>:llvm.dbg.declare	llvm.dbg.declare
</harden/bcfiles/linux_bcfiles/kbmp_kbmi_net_final.bc>:pgd_page_vaddr:3	</harden/bcfiles/linux_bcfiles/kbmp_kbmi_net_final.bc>:llvm.dbg.declare	llvm.dbg.declare
</harden/bcfiles/linux_bcfiles/kbmp_kbmi_net_final.bc>:pgd_page_vaddr:6	</harden/bcfiles/linux_bcfiles/kbmp_kbmi_net_final.bc>:native_pgd_val	native_pgd_val
</harden/bcfiles/linux_bcfiles/kbmp_kbmi_net_final.bc>:p4d_index:2	</harden/bcfiles/linux_bcfiles/kbmp_kbmi_net_final.bc>:llvm.dbg.declare	llvm.dbg.declare
</harden/bcfiles/linux_bcfiles/kbmp_kbmi_net_final.bc>:native_pgd_val:3	</harden/bcfiles/linux_bcfiles/kbmp_kbmi_net_final.bc>:llvm.dbg.declare	llvm.dbg.declare
</harden/bcfiles/linux_bcfiles/kbmp_kbmi_net_final.bc>:kbmi_net_exit:1	</harden/bcfiles/linux_bcfiles/kbmp_kbmi_net_final.bc>:nf_unregister_net_hook	nf_unregister_net_hook
</harden/bcfiles/linux_bcfiles/kbmp_kbmi_net_final.bc>:kbmi_net_init:4	</harden/bcfiles/linux_bcfiles/kbmp_kbmi_net_final.bc>:llvm.dbg.declare	llvm.dbg.declare
</harden/bcfiles/linux_bcfiles/kbmp_kbmi_net_final.bc>:kbmi_net_init:9	</harden/bcfiles/linux_bcfiles/kbmp_kbmi_net_final.bc>:nf_register_net_hook	nf_register_net_hook
</harden/bcfiles/linux_bcfiles/kbmp_kbmi_net_final.bc>:kbmi_net_init:16	</harden/bcfiles/linux_bcfiles/kbmp_kbmi_net_final.bc>:_printk	_printk
</harden/bcfiles/linux_bcfiles/kbmp_kbmi_net_final.bc>:kbmi_packet_filter_hook:13	</harden/bcfiles/linux_bcfiles/kbmp_kbmi_net_final.bc>:llvm.dbg.declare	llvm.dbg.declare
</harden/bcfiles/linux_bcfiles/kbmp_kbmi_net_final.bc>:kbmi_packet_filter_hook:15	</harden/bcfiles/linux_bcfiles/kbmp_kbmi_net_final.bc>:llvm.dbg.declare	llvm.dbg.declare
</harden/bcfiles/linux_bcfiles/kbmp_kbmi_net_final.bc>:kbmi_packet_filter_hook:17	</harden/bcfiles/linux_bcfiles/kbmp_kbmi_net_final.bc>:llvm.dbg.declare	llvm.dbg.declare
</harden/bcfiles/linux_bcfiles/kbmp_kbmi_net_final.bc>:kbmi_packet_filter_hook:18	</harden/bcfiles/linux_bcfiles/kbmp_kbmi_net_final.bc>:llvm.dbg.declare	llvm.dbg.declare
</harden/bcfiles/linux_bcfiles/kbmp_kbmi_net_final.bc>:kbmi_packet_filter_hook:20	</harden/bcfiles/linux_bcfiles/kbmp_kbmi_net_final.bc>:llvm.memset.p0i8.i64	llvm.memset.p0i8.i64
</harden/bcfiles/linux_bcfiles/kbmp_kbmi_net_final.bc>:kbmi_packet_filter_hook:21	</harden/bcfiles/linux_bcfiles/kbmp_kbmi_net_final.bc>:llvm.dbg.declare	llvm.dbg.declare
</harden/bcfiles/linux_bcfiles/kbmp_kbmi_net_final.bc>:kbmi_packet_filter_hook:25	</harden/bcfiles/linux_bcfiles/kbmp_kbmi_net_final.bc>:llvm.dbg.declare	llvm.dbg.declare
</harden/bcfiles/linux_bcfiles/kbmp_kbmi_net_final.bc>:kbmi_packet_filter_hook:26	</harden/bcfiles/linux_bcfiles/kbmp_kbmi_net_final.bc>:memchr	memchr
</harden/bcfiles/linux_bcfiles/kbmp_kbmi_net_final.bc>:kbmi_packet_filter_hook:33	</harden/bcfiles/linux_bcfiles/kbmp_kbmi_net_final.bc>:_printk	_printk
</harden/bcfiles/linux_bcfiles/kbmp_kbmi_net_final.bc>:kbmi_packet_filter_hook:45	</harden/bcfiles/linux_bcfiles/kbmp_kbmi_net_final.bc>:llvm.dbg.declare	llvm.dbg.declare
</harden/bcfiles/linux_bcfiles/kbmp_kbmi_net_final.bc>:kbmi_packet_filter_hook:49	</harden/bcfiles/linux_bcfiles/kbmp_kbmi_net_final.bc>:llvm.dbg.declare	llvm.dbg.declare
</harden/bcfiles/linux_bcfiles/kbmp_kbmi_net_final.bc>:kbmi_packet_filter_hook:51	</harden/bcfiles/linux_bcfiles/kbmp_kbmi_net_final.bc>:llvm.dbg.declare	llvm.dbg.declare
</harden/bcfiles/linux_bcfiles/kbmp_kbmi_net_final.bc>:kbmi_packet_filter_hook:63	</harden/bcfiles/linux_bcfiles/kbmp_kbmi_net_final.bc>:_printk	_printk
</harden/bcfiles/linux_bcfiles/kbmp_kbmi_net_final.bc>:kbmi_packet_filter_hook:70	</harden/bcfiles/linux_bcfiles/kbmp_kbmi_net_final.bc>:memcpy	memcpy
</harden/bcfiles/linux_bcfiles/kbmp_kbmi_net_final.bc>:kbmi_packet_filter_hook:71	</harden/bcfiles/linux_bcfiles/kbmp_kbmi_net_final.bc>:make_dynamic_area	make_dynamic_area
</harden/bcfiles/linux_bcfiles/kbmp_kbmi_net_final.bc>:kbmi_packet_filter_hook:73	</harden/bcfiles/linux_bcfiles/kbmp_kbmi_net_final.bc>:llvm.dbg.label	llvm.dbg.label
