*global_alloc@llvm.compiler.used	[12 x i8*]
*global_alloc@__UNIQUE_ID___addressable_message_buffer225	i8*
*global_alloc@.str	[11 x i8]
*global_alloc@.str.1	[22 x i8]
*global_alloc@.str.2	[35 x i8]
*global_alloc@.str.3	[44 x i8]
*global_alloc@.str.4	[21 x i8]
*global_alloc@display.message_index	i64
*global_alloc@.str.5	[8 x i8]
*global_alloc@__UNIQUE_ID___addressable_init_module226	i8*
*global_alloc@__UNIQUE_ID___addressable_cleanup_module227	i8*
*global_alloc@__UNIQUE_ID_license228	[12 x i8]
*global_alloc@__UNIQUE_ID_author229	[20 x i8]
*global_alloc@__UNIQUE_ID_description230	[34 x i8]
*global_alloc@kmalloc_caches	[3 x [14 x %struct.kmem_cache*]]
*global_alloc@.str.6	[23 x i8]
*global_alloc@.str.7	[30 x i8]
*global_alloc@proc_file_ops	%struct.proc_ops
*global_alloc@proc_entry	%struct.proc_dir_entry*
*global_alloc@.str.8	[37 x i8]
*global_alloc@proc_disp_ops	%struct.proc_ops
*global_alloc@disp_entry	%struct.proc_dir_entry*
*global_alloc@.str.9	[45 x i8]
*global_alloc@__UNIQUE_ID___addressable_init_module364	i8*
*global_alloc@__UNIQUE_ID___addressable_cleanup_module365	i8*
*global_alloc@__UNIQUE_ID_license366	[12 x i8]
*global_alloc@__UNIQUE_ID_author367	[18 x i8]
*global_alloc@__UNIQUE_ID_description368	[66 x i8]
*global_alloc@nfho	%struct.nf_hook_ops
*global_alloc@init_net	%struct.net
*global_alloc@.str.10	[41 x i8]
*global_alloc@message_buffer	[1024 x i8]
*global_alloc@.str.1.11	[41 x i8]
*global_alloc@.str.2.12	[37 x i8]
*global_alloc@__UNIQUE_ID___addressable_make_dynamic_area250	i8*
*global_alloc@pcpu_hot	%struct.pcpu_hot
*global_alloc@init_mm	%struct.mm_struct.74
*global_alloc@page_offset_base	i64
*global_alloc@boot_cpu_data	%struct.cpuinfo_x86
*global_alloc@ptrs_per_p4d	i32
*global_alloc@pgdir_shift	i32
