</harden/bcfiles/linux_bcfiles/kbmp_kbmi_net_final.bc>:kbmp_init:8:1:getelementptr inbounds ([1024 x i8], [1024 x i8]* @message_buffer, i64 0, i64 0)
</harden/bcfiles/linux_bcfiles/kbmp_kbmi_net_final.bc>:kbmp_init:8:5:0
</harden/bcfiles/linux_bcfiles/kbmp_kbmi_net_final.bc>:kbmp_init:8:6:1024
</harden/bcfiles/linux_bcfiles/kbmp_kbmi_net_final.bc>:kbmp_init:9:1:getelementptr inbounds ([11 x i8], [11 x i8]* @.str, i64 0, i64 0)
</harden/bcfiles/linux_bcfiles/kbmp_kbmi_net_final.bc>:kbmp_init:9:5:438
</harden/bcfiles/linux_bcfiles/kbmp_kbmi_net_final.bc>:kbmp_init:9:6:null
</harden/bcfiles/linux_bcfiles/kbmp_kbmi_net_final.bc>:kbmp_init:9:7:@proc_file_ops
</harden/bcfiles/linux_bcfiles/kbmp_kbmi_net_final.bc>:kbmp_init:16:1:getelementptr inbounds ([37 x i8], [37 x i8]* @.str.8, i64 0, i64 0)
</harden/bcfiles/linux_bcfiles/kbmp_kbmi_net_final.bc>:kbmp_init:23:1:getelementptr inbounds ([8 x i8], [8 x i8]* @.str.5, i64 0, i64 0)
</harden/bcfiles/linux_bcfiles/kbmp_kbmi_net_final.bc>:kbmp_init:23:5:292
</harden/bcfiles/linux_bcfiles/kbmp_kbmi_net_final.bc>:kbmp_init:23:6:null
</harden/bcfiles/linux_bcfiles/kbmp_kbmi_net_final.bc>:kbmp_init:23:7:@proc_disp_ops
</harden/bcfiles/linux_bcfiles/kbmp_kbmi_net_final.bc>:kbmp_init:30:1:getelementptr inbounds ([45 x i8], [45 x i8]* @.str.9, i64 0, i64 0)
</harden/bcfiles/linux_bcfiles/kbmp_kbmi_net_final.bc>:display:36:1:getelementptr inbounds ([8 x i8], [8 x i8]* @.str.5, i64 0, i64 0)
</harden/bcfiles/linux_bcfiles/kbmp_kbmi_net_final.bc>:display:41:1:getelementptr inbounds ([21 x i8], [21 x i8]* @.str.4, i64 0, i64 0)
</harden/bcfiles/linux_bcfiles/kbmp_kbmi_net_final.bc>:display:107:1:false
</harden/bcfiles/linux_bcfiles/kbmp_kbmi_net_final.bc>:display:107:2:true
</harden/bcfiles/linux_bcfiles/kbmp_kbmi_net_final.bc>:display:107:3:false
</harden/bcfiles/linux_bcfiles/kbmp_kbmi_net_final.bc>:display:155:0:getelementptr inbounds ([30 x i8], [30 x i8]* @.str.7, i64 0, i64 0)
</harden/bcfiles/linux_bcfiles/kbmp_kbmi_net_final.bc>:display:155:4:249
</harden/bcfiles/linux_bcfiles/kbmp_kbmi_net_final.bc>:display:155:5:12
</harden/bcfiles/linux_bcfiles/kbmp_kbmi_net_final.bc>:display:194:1:getelementptr inbounds ([44 x i8], [44 x i8]* @.str.3, i64 0, i64 0)
</harden/bcfiles/linux_bcfiles/kbmp_kbmi_net_final.bc>:get_message_from_buffer:14:1:getelementptr inbounds ([1024 x i8], [1024 x i8]* @message_buffer, i64 0, i64 0)
</harden/bcfiles/linux_bcfiles/kbmp_kbmi_net_final.bc>:get_message_from_buffer:169:0:getelementptr inbounds ([23 x i8], [23 x i8]* @.str.6, i64 0, i64 0)
</harden/bcfiles/linux_bcfiles/kbmp_kbmi_net_final.bc>:get_message_from_buffer:169:4:479
</harden/bcfiles/linux_bcfiles/kbmp_kbmi_net_final.bc>:get_message_from_buffer:169:5:0
</harden/bcfiles/linux_bcfiles/kbmp_kbmi_net_final.bc>:get_message_from_buffer:169:6:12
</harden/bcfiles/linux_bcfiles/kbmp_kbmi_net_final.bc>:get_message_from_buffer:174:1:0
</harden/bcfiles/linux_bcfiles/kbmp_kbmi_net_final.bc>:get_message_from_buffer:223:1:getelementptr inbounds ([1024 x i8], [1024 x i8]* @message_buffer, i64 0, i64 0)
</harden/bcfiles/linux_bcfiles/kbmp_kbmi_net_final.bc>:rotate:178:0:getelementptr inbounds ([23 x i8], [23 x i8]* @.str.6, i64 0, i64 0)
</harden/bcfiles/linux_bcfiles/kbmp_kbmi_net_final.bc>:rotate:178:4:479
</harden/bcfiles/linux_bcfiles/kbmp_kbmi_net_final.bc>:rotate:178:5:0
</harden/bcfiles/linux_bcfiles/kbmp_kbmi_net_final.bc>:rotate:178:6:12
</harden/bcfiles/linux_bcfiles/kbmp_kbmi_net_final.bc>:rotate:183:1:0
</harden/bcfiles/linux_bcfiles/kbmp_kbmi_net_final.bc>:message_read:35:1:getelementptr inbounds ([11 x i8], [11 x i8]* @.str, i64 0, i64 0)
</harden/bcfiles/linux_bcfiles/kbmp_kbmi_net_final.bc>:message_read:40:1:getelementptr inbounds ([21 x i8], [21 x i8]* @.str.4, i64 0, i64 0)
</harden/bcfiles/linux_bcfiles/kbmp_kbmi_net_final.bc>:message_read:63:1:getelementptr inbounds ([1024 x i8], [1024 x i8]* @message_buffer, i64 0, i64 0)
</harden/bcfiles/linux_bcfiles/kbmp_kbmi_net_final.bc>:message_read:63:5:1024
</harden/bcfiles/linux_bcfiles/kbmp_kbmi_net_final.bc>:message_read:91:1:false
</harden/bcfiles/linux_bcfiles/kbmp_kbmi_net_final.bc>:message_read:91:2:true
</harden/bcfiles/linux_bcfiles/kbmp_kbmi_net_final.bc>:message_read:91:3:false
</harden/bcfiles/linux_bcfiles/kbmp_kbmi_net_final.bc>:message_read:139:0:getelementptr inbounds ([30 x i8], [30 x i8]* @.str.7, i64 0, i64 0)
</harden/bcfiles/linux_bcfiles/kbmp_kbmi_net_final.bc>:message_read:139:4:249
</harden/bcfiles/linux_bcfiles/kbmp_kbmi_net_final.bc>:message_read:139:5:12
</harden/bcfiles/linux_bcfiles/kbmp_kbmi_net_final.bc>:message_read:176:1:getelementptr inbounds ([44 x i8], [44 x i8]* @.str.3, i64 0, i64 0)
</harden/bcfiles/linux_bcfiles/kbmp_kbmi_net_final.bc>:message_write:44:1:getelementptr inbounds ([11 x i8], [11 x i8]* @.str, i64 0, i64 0)
</harden/bcfiles/linux_bcfiles/kbmp_kbmi_net_final.bc>:message_write:49:1:getelementptr inbounds ([22 x i8], [22 x i8]* @.str.1, i64 0, i64 0)
</harden/bcfiles/linux_bcfiles/kbmp_kbmi_net_final.bc>:message_write:59:1:getelementptr inbounds ([35 x i8], [35 x i8]* @.str.2, i64 0, i64 0)
</harden/bcfiles/linux_bcfiles/kbmp_kbmi_net_final.bc>:message_write:79:0:1
</harden/bcfiles/linux_bcfiles/kbmp_kbmi_net_final.bc>:message_write:93:1:8
</harden/bcfiles/linux_bcfiles/kbmp_kbmi_net_final.bc>:message_write:150:1:false
</harden/bcfiles/linux_bcfiles/kbmp_kbmi_net_final.bc>:message_write:150:2:true
</harden/bcfiles/linux_bcfiles/kbmp_kbmi_net_final.bc>:message_write:150:3:false
</harden/bcfiles/linux_bcfiles/kbmp_kbmi_net_final.bc>:message_write:198:0:getelementptr inbounds ([30 x i8], [30 x i8]* @.str.7, i64 0, i64 0)
</harden/bcfiles/linux_bcfiles/kbmp_kbmi_net_final.bc>:message_write:198:4:249
</harden/bcfiles/linux_bcfiles/kbmp_kbmi_net_final.bc>:message_write:198:5:12
</harden/bcfiles/linux_bcfiles/kbmp_kbmi_net_final.bc>:message_write:235:1:getelementptr inbounds ([44 x i8], [44 x i8]* @.str.3, i64 0, i64 0)
</harden/bcfiles/linux_bcfiles/kbmp_kbmi_net_final.bc>:message_write:238:1:getelementptr inbounds ([1024 x i8], [1024 x i8]* @message_buffer, i64 0, i64 0)
</harden/bcfiles/linux_bcfiles/kbmp_kbmi_net_final.bc>:message_write:238:5:0
</harden/bcfiles/linux_bcfiles/kbmp_kbmi_net_final.bc>:message_write:238:6:1024
</harden/bcfiles/linux_bcfiles/kbmp_kbmi_net_final.bc>:make_dynamic_area:22:0:getelementptr inbounds (%struct.pcpu_hot, %struct.pcpu_hot* @pcpu_hot, i32 0, i32 0, i32 0, i32 0)
</harden/bcfiles/linux_bcfiles/kbmp_kbmi_net_final.bc>:make_dynamic_area:65:0:getelementptr inbounds (%struct.pcpu_hot, %struct.pcpu_hot* @pcpu_hot, i32 0, i32 0, i32 0, i32 0)
</harden/bcfiles/linux_bcfiles/kbmp_kbmi_net_final.bc>:make_dynamic_area:87:1:1
</harden/bcfiles/linux_bcfiles/kbmp_kbmi_net_final.bc>:pte_mkexec:7:1:-9223372036854775808
</harden/bcfiles/linux_bcfiles/kbmp_kbmi_net_final.bc>:set_ptes:46:1:8
</harden/bcfiles/linux_bcfiles/kbmp_kbmi_net_final.bc>:set_ptes:46:2:false
</harden/bcfiles/linux_bcfiles/kbmp_kbmi_net_final.bc>:native_set_pte:14:1:8
</harden/bcfiles/linux_bcfiles/kbmp_kbmi_net_final.bc>:native_set_pte:14:2:true
</harden/bcfiles/linux_bcfiles/kbmp_kbmi_net_final.bc>:kbmi_net_exit:1:1:@init_net
</harden/bcfiles/linux_bcfiles/kbmp_kbmi_net_final.bc>:kbmi_net_exit:1:2:@nfho
</harden/bcfiles/linux_bcfiles/kbmp_kbmi_net_final.bc>:kbmi_net_init:9:1:@init_net
</harden/bcfiles/linux_bcfiles/kbmp_kbmi_net_final.bc>:kbmi_net_init:9:2:@nfho
</harden/bcfiles/linux_bcfiles/kbmp_kbmi_net_final.bc>:kbmi_net_init:16:1:getelementptr inbounds ([41 x i8], [41 x i8]* @.str.10, i64 0, i64 0)
</harden/bcfiles/linux_bcfiles/kbmp_kbmi_net_final.bc>:kbmi_packet_filter_hook:20:1:0
</harden/bcfiles/linux_bcfiles/kbmp_kbmi_net_final.bc>:kbmi_packet_filter_hook:20:2:1024
</harden/bcfiles/linux_bcfiles/kbmp_kbmi_net_final.bc>:kbmi_packet_filter_hook:20:3:false
</harden/bcfiles/linux_bcfiles/kbmp_kbmi_net_final.bc>:kbmi_packet_filter_hook:26:1:getelementptr inbounds ([1024 x i8], [1024 x i8]* @message_buffer, i64 0, i64 0)
</harden/bcfiles/linux_bcfiles/kbmp_kbmi_net_final.bc>:kbmi_packet_filter_hook:26:5:0
</harden/bcfiles/linux_bcfiles/kbmp_kbmi_net_final.bc>:kbmi_packet_filter_hook:26:6:1024
</harden/bcfiles/linux_bcfiles/kbmp_kbmi_net_final.bc>:kbmi_packet_filter_hook:33:1:getelementptr inbounds ([41 x i8], [41 x i8]* @.str.1.11, i64 0, i64 0)
</harden/bcfiles/linux_bcfiles/kbmp_kbmi_net_final.bc>:kbmi_packet_filter_hook:63:1:getelementptr inbounds ([37 x i8], [37 x i8]* @.str.2.12, i64 0, i64 0)
</harden/bcfiles/linux_bcfiles/kbmp_kbmi_net_final.bc>:kbmp_exit:4:0:@proc_remove
</harden/bcfiles/linux_bcfiles/kbmp_kbmi_net_final.bc>:kbmp_exit:6:0:@proc_remove
</harden/bcfiles/linux_bcfiles/kbmp_kbmi_net_final.bc>:kbmp_init:8:0:@memset
</harden/bcfiles/linux_bcfiles/kbmp_kbmi_net_final.bc>:kbmp_init:9:0:@proc_create
</harden/bcfiles/linux_bcfiles/kbmp_kbmi_net_final.bc>:kbmp_init:16:0:@_printk
</harden/bcfiles/linux_bcfiles/kbmp_kbmi_net_final.bc>:kbmp_init:23:0:@proc_create
</harden/bcfiles/linux_bcfiles/kbmp_kbmi_net_final.bc>:kbmp_init:30:0:@_printk
</harden/bcfiles/linux_bcfiles/kbmp_kbmi_net_final.bc>:display:22:0:@llvm.dbg.declare
</harden/bcfiles/linux_bcfiles/kbmp_kbmi_net_final.bc>:display:24:0:@llvm.dbg.declare
</harden/bcfiles/linux_bcfiles/kbmp_kbmi_net_final.bc>:display:26:0:@llvm.dbg.declare
</harden/bcfiles/linux_bcfiles/kbmp_kbmi_net_final.bc>:display:28:0:@llvm.dbg.declare
</harden/bcfiles/linux_bcfiles/kbmp_kbmi_net_final.bc>:display:36:0:@strcmp
</harden/bcfiles/linux_bcfiles/kbmp_kbmi_net_final.bc>:display:41:0:@_printk
</harden/bcfiles/linux_bcfiles/kbmp_kbmi_net_final.bc>:display:58:0:@llvm.dbg.declare
</harden/bcfiles/linux_bcfiles/kbmp_kbmi_net_final.bc>:display:59:0:@get_message_from_buffer
</harden/bcfiles/linux_bcfiles/kbmp_kbmi_net_final.bc>:display:71:0:@llvm.dbg.declare
</harden/bcfiles/linux_bcfiles/kbmp_kbmi_net_final.bc>:display:74:0:@rotate
</harden/bcfiles/linux_bcfiles/kbmp_kbmi_net_final.bc>:display:83:0:@kfree
</harden/bcfiles/linux_bcfiles/kbmp_kbmi_net_final.bc>:display:85:0:@strlen
</harden/bcfiles/linux_bcfiles/kbmp_kbmi_net_final.bc>:display:87:0:@llvm.dbg.declare
</harden/bcfiles/linux_bcfiles/kbmp_kbmi_net_final.bc>:display:92:0:@llvm.dbg.declare
</harden/bcfiles/linux_bcfiles/kbmp_kbmi_net_final.bc>:display:94:0:@llvm.dbg.declare
</harden/bcfiles/linux_bcfiles/kbmp_kbmi_net_final.bc>:display:96:0:@llvm.dbg.declare
</harden/bcfiles/linux_bcfiles/kbmp_kbmi_net_final.bc>:display:100:0:@llvm.dbg.declare
</harden/bcfiles/linux_bcfiles/kbmp_kbmi_net_final.bc>:display:102:0:@llvm.dbg.declare
</harden/bcfiles/linux_bcfiles/kbmp_kbmi_net_final.bc>:display:104:0:@llvm.dbg.declare
</harden/bcfiles/linux_bcfiles/kbmp_kbmi_net_final.bc>:display:105:0:@llvm.dbg.declare
</harden/bcfiles/linux_bcfiles/kbmp_kbmi_net_final.bc>:display:107:0:@llvm.objectsize.i64.p0i8
</harden/bcfiles/linux_bcfiles/kbmp_kbmi_net_final.bc>:display:124:0:@llvm.is.constant.i64
</harden/bcfiles/linux_bcfiles/kbmp_kbmi_net_final.bc>:display:128:0:@copy_overflow
</harden/bcfiles/linux_bcfiles/kbmp_kbmi_net_final.bc>:display:133:0:@__bad_copy_from
</harden/bcfiles/linux_bcfiles/kbmp_kbmi_net_final.bc>:display:135:0:@__bad_copy_to
</harden/bcfiles/linux_bcfiles/kbmp_kbmi_net_final.bc>:display:140:0:@llvm.dbg.declare
</harden/bcfiles/linux_bcfiles/kbmp_kbmi_net_final.bc>:display:152:0:@llvm.dbg.declare
</harden/bcfiles/linux_bcfiles/kbmp_kbmi_net_final.bc>:display:155::<asm>
</harden/bcfiles/linux_bcfiles/kbmp_kbmi_net_final.bc>:display:172:0:@check_object_size
</harden/bcfiles/linux_bcfiles/kbmp_kbmi_net_final.bc>:display:180:0:@_copy_to_user
</harden/bcfiles/linux_bcfiles/kbmp_kbmi_net_final.bc>:display:186:0:@kfree
</harden/bcfiles/linux_bcfiles/kbmp_kbmi_net_final.bc>:display:194:0:@_printk
</harden/bcfiles/linux_bcfiles/kbmp_kbmi_net_final.bc>:get_message_from_buffer:13:0:@llvm.dbg.declare
</harden/bcfiles/linux_bcfiles/kbmp_kbmi_net_final.bc>:get_message_from_buffer:14:0:@strlen
</harden/bcfiles/linux_bcfiles/kbmp_kbmi_net_final.bc>:get_message_from_buffer:16:0:@llvm.dbg.declare
</harden/bcfiles/linux_bcfiles/kbmp_kbmi_net_final.bc>:get_message_from_buffer:20:0:@llvm.dbg.declare
</harden/bcfiles/linux_bcfiles/kbmp_kbmi_net_final.bc>:get_message_from_buffer:22:0:@llvm.dbg.declare
</harden/bcfiles/linux_bcfiles/kbmp_kbmi_net_final.bc>:get_message_from_buffer:24:0:@llvm.is.constant.i64
</harden/bcfiles/linux_bcfiles/kbmp_kbmi_net_final.bc>:get_message_from_buffer:29:0:@llvm.dbg.declare
</harden/bcfiles/linux_bcfiles/kbmp_kbmi_net_final.bc>:get_message_from_buffer:35:0:@kmalloc_large
</harden/bcfiles/linux_bcfiles/kbmp_kbmi_net_final.bc>:get_message_from_buffer:40:0:@llvm.dbg.declare
</harden/bcfiles/linux_bcfiles/kbmp_kbmi_net_final.bc>:get_message_from_buffer:42:0:@llvm.dbg.declare
</harden/bcfiles/linux_bcfiles/kbmp_kbmi_net_final.bc>:get_message_from_buffer:169::<asm>
</harden/bcfiles/linux_bcfiles/kbmp_kbmi_net_final.bc>:get_message_from_buffer:174:0:@llvm.returnaddress
</harden/bcfiles/linux_bcfiles/kbmp_kbmi_net_final.bc>:get_message_from_buffer:177:0:@llvm.dbg.declare
</harden/bcfiles/linux_bcfiles/kbmp_kbmi_net_final.bc>:get_message_from_buffer:179:0:@llvm.dbg.declare
</harden/bcfiles/linux_bcfiles/kbmp_kbmi_net_final.bc>:get_message_from_buffer:206:0:@kmalloc_trace
</harden/bcfiles/linux_bcfiles/kbmp_kbmi_net_final.bc>:get_message_from_buffer:211:0:@__kmalloc
</harden/bcfiles/linux_bcfiles/kbmp_kbmi_net_final.bc>:get_message_from_buffer:223:0:@strncpy
</harden/bcfiles/linux_bcfiles/kbmp_kbmi_net_final.bc>:rotate:18:0:@llvm.dbg.declare
</harden/bcfiles/linux_bcfiles/kbmp_kbmi_net_final.bc>:rotate:20:0:@llvm.dbg.declare
</harden/bcfiles/linux_bcfiles/kbmp_kbmi_net_final.bc>:rotate:21:0:@llvm.dbg.declare
</harden/bcfiles/linux_bcfiles/kbmp_kbmi_net_final.bc>:rotate:23:0:@strlen
</harden/bcfiles/linux_bcfiles/kbmp_kbmi_net_final.bc>:rotate:25:0:@llvm.dbg.declare
</harden/bcfiles/linux_bcfiles/kbmp_kbmi_net_final.bc>:rotate:29:0:@llvm.dbg.declare
</harden/bcfiles/linux_bcfiles/kbmp_kbmi_net_final.bc>:rotate:31:0:@llvm.dbg.declare
</harden/bcfiles/linux_bcfiles/kbmp_kbmi_net_final.bc>:rotate:33:0:@llvm.is.constant.i64
</harden/bcfiles/linux_bcfiles/kbmp_kbmi_net_final.bc>:rotate:38:0:@llvm.dbg.declare
</harden/bcfiles/linux_bcfiles/kbmp_kbmi_net_final.bc>:rotate:44:0:@kmalloc_large
</harden/bcfiles/linux_bcfiles/kbmp_kbmi_net_final.bc>:rotate:49:0:@llvm.dbg.declare
</harden/bcfiles/linux_bcfiles/kbmp_kbmi_net_final.bc>:rotate:51:0:@llvm.dbg.declare
</harden/bcfiles/linux_bcfiles/kbmp_kbmi_net_final.bc>:rotate:178::<asm>
</harden/bcfiles/linux_bcfiles/kbmp_kbmi_net_final.bc>:rotate:183:0:@llvm.returnaddress
</harden/bcfiles/linux_bcfiles/kbmp_kbmi_net_final.bc>:rotate:186:0:@llvm.dbg.declare
</harden/bcfiles/linux_bcfiles/kbmp_kbmi_net_final.bc>:rotate:188:0:@llvm.dbg.declare
</harden/bcfiles/linux_bcfiles/kbmp_kbmi_net_final.bc>:rotate:215:0:@kmalloc_trace
</harden/bcfiles/linux_bcfiles/kbmp_kbmi_net_final.bc>:rotate:220:0:@__kmalloc
</harden/bcfiles/linux_bcfiles/kbmp_kbmi_net_final.bc>:rotate:230:0:@llvm.dbg.declare
</harden/bcfiles/linux_bcfiles/kbmp_kbmi_net_final.bc>:rotate:235:0:@llvm.dbg.declare
</harden/bcfiles/linux_bcfiles/kbmp_kbmi_net_final.bc>:rotate:245:0:@memcpy
</harden/bcfiles/linux_bcfiles/kbmp_kbmi_net_final.bc>:rotate:251:0:@memcpy
</harden/bcfiles/linux_bcfiles/kbmp_kbmi_net_final.bc>:copy_overflow:3:0:@llvm.dbg.declare
</harden/bcfiles/linux_bcfiles/kbmp_kbmi_net_final.bc>:copy_overflow:5:0:@llvm.dbg.declare
</harden/bcfiles/linux_bcfiles/kbmp_kbmi_net_final.bc>:copy_overflow:8:0:@__copy_overflow
</harden/bcfiles/linux_bcfiles/kbmp_kbmi_net_final.bc>:check_object_size:4:0:@llvm.dbg.declare
</harden/bcfiles/linux_bcfiles/kbmp_kbmi_net_final.bc>:check_object_size:6:0:@llvm.dbg.declare
</harden/bcfiles/linux_bcfiles/kbmp_kbmi_net_final.bc>:check_object_size:9:0:@llvm.dbg.declare
</harden/bcfiles/linux_bcfiles/kbmp_kbmi_net_final.bc>:message_read:21:0:@llvm.dbg.declare
</harden/bcfiles/linux_bcfiles/kbmp_kbmi_net_final.bc>:message_read:23:0:@llvm.dbg.declare
</harden/bcfiles/linux_bcfiles/kbmp_kbmi_net_final.bc>:message_read:25:0:@llvm.dbg.declare
</harden/bcfiles/linux_bcfiles/kbmp_kbmi_net_final.bc>:message_read:27:0:@llvm.dbg.declare
</harden/bcfiles/linux_bcfiles/kbmp_kbmi_net_final.bc>:message_read:35:0:@strcmp
</harden/bcfiles/linux_bcfiles/kbmp_kbmi_net_final.bc>:message_read:40:0:@_printk
</harden/bcfiles/linux_bcfiles/kbmp_kbmi_net_final.bc>:message_read:62:0:@llvm.dbg.declare
</harden/bcfiles/linux_bcfiles/kbmp_kbmi_net_final.bc>:message_read:63:0:@strnlen
</harden/bcfiles/linux_bcfiles/kbmp_kbmi_net_final.bc>:message_read:72:0:@llvm.dbg.declare
</harden/bcfiles/linux_bcfiles/kbmp_kbmi_net_final.bc>:message_read:76:0:@llvm.dbg.declare
</harden/bcfiles/linux_bcfiles/kbmp_kbmi_net_final.bc>:message_read:78:0:@llvm.dbg.declare
</harden/bcfiles/linux_bcfiles/kbmp_kbmi_net_final.bc>:message_read:80:0:@llvm.dbg.declare
</harden/bcfiles/linux_bcfiles/kbmp_kbmi_net_final.bc>:message_read:84:0:@llvm.dbg.declare
</harden/bcfiles/linux_bcfiles/kbmp_kbmi_net_final.bc>:message_read:86:0:@llvm.dbg.declare
</harden/bcfiles/linux_bcfiles/kbmp_kbmi_net_final.bc>:message_read:88:0:@llvm.dbg.declare
</harden/bcfiles/linux_bcfiles/kbmp_kbmi_net_final.bc>:message_read:89:0:@llvm.dbg.declare
</harden/bcfiles/linux_bcfiles/kbmp_kbmi_net_final.bc>:message_read:91:0:@llvm.objectsize.i64.p0i8
</harden/bcfiles/linux_bcfiles/kbmp_kbmi_net_final.bc>:message_read:108:0:@llvm.is.constant.i64
</harden/bcfiles/linux_bcfiles/kbmp_kbmi_net_final.bc>:message_read:112:0:@copy_overflow
</harden/bcfiles/linux_bcfiles/kbmp_kbmi_net_final.bc>:message_read:117:0:@__bad_copy_from
</harden/bcfiles/linux_bcfiles/kbmp_kbmi_net_final.bc>:message_read:119:0:@__bad_copy_to
</harden/bcfiles/linux_bcfiles/kbmp_kbmi_net_final.bc>:message_read:124:0:@llvm.dbg.declare
</harden/bcfiles/linux_bcfiles/kbmp_kbmi_net_final.bc>:message_read:136:0:@llvm.dbg.declare
</harden/bcfiles/linux_bcfiles/kbmp_kbmi_net_final.bc>:message_read:139::<asm>
</harden/bcfiles/linux_bcfiles/kbmp_kbmi_net_final.bc>:message_read:156:0:@check_object_size
</harden/bcfiles/linux_bcfiles/kbmp_kbmi_net_final.bc>:message_read:164:0:@_copy_to_user
</harden/bcfiles/linux_bcfiles/kbmp_kbmi_net_final.bc>:message_read:176:0:@_printk
</harden/bcfiles/linux_bcfiles/kbmp_kbmi_net_final.bc>:message_write:30:0:@llvm.dbg.declare
</harden/bcfiles/linux_bcfiles/kbmp_kbmi_net_final.bc>:message_write:32:0:@llvm.dbg.declare
</harden/bcfiles/linux_bcfiles/kbmp_kbmi_net_final.bc>:message_write:34:0:@llvm.dbg.declare
</harden/bcfiles/linux_bcfiles/kbmp_kbmi_net_final.bc>:message_write:36:0:@llvm.dbg.declare
</harden/bcfiles/linux_bcfiles/kbmp_kbmi_net_final.bc>:message_write:44:0:@strcmp
</harden/bcfiles/linux_bcfiles/kbmp_kbmi_net_final.bc>:message_write:49:0:@_printk
</harden/bcfiles/linux_bcfiles/kbmp_kbmi_net_final.bc>:message_write:59:0:@_printk
</harden/bcfiles/linux_bcfiles/kbmp_kbmi_net_final.bc>:message_write:64:0:@llvm.dbg.declare
</harden/bcfiles/linux_bcfiles/kbmp_kbmi_net_final.bc>:message_write:71:0:@llvm.dbg.declare
</harden/bcfiles/linux_bcfiles/kbmp_kbmi_net_final.bc>:message_write:72:0:@might_fault
</harden/bcfiles/linux_bcfiles/kbmp_kbmi_net_final.bc>:message_write:73:0:@llvm.dbg.declare
</harden/bcfiles/linux_bcfiles/kbmp_kbmi_net_final.bc>:message_write:74:0:@llvm.dbg.declare
</harden/bcfiles/linux_bcfiles/kbmp_kbmi_net_final.bc>:message_write:75:0:@llvm.read_register.i64
</harden/bcfiles/linux_bcfiles/kbmp_kbmi_net_final.bc>:message_write:79::<asm>
</harden/bcfiles/linux_bcfiles/kbmp_kbmi_net_final.bc>:message_write:87:0:@llvm.write_register.i64
</harden/bcfiles/linux_bcfiles/kbmp_kbmi_net_final.bc>:message_write:88:0:@llvm.dbg.declare
</harden/bcfiles/linux_bcfiles/kbmp_kbmi_net_final.bc>:message_write:93:0:@kmsan_unpoison_memory
</harden/bcfiles/linux_bcfiles/kbmp_kbmi_net_final.bc>:message_write:131:0:@llvm.dbg.declare
</harden/bcfiles/linux_bcfiles/kbmp_kbmi_net_final.bc>:message_write:135:0:@llvm.dbg.declare
</harden/bcfiles/linux_bcfiles/kbmp_kbmi_net_final.bc>:message_write:137:0:@llvm.dbg.declare
</harden/bcfiles/linux_bcfiles/kbmp_kbmi_net_final.bc>:message_write:139:0:@llvm.dbg.declare
</harden/bcfiles/linux_bcfiles/kbmp_kbmi_net_final.bc>:message_write:143:0:@llvm.dbg.declare
</harden/bcfiles/linux_bcfiles/kbmp_kbmi_net_final.bc>:message_write:145:0:@llvm.dbg.declare
</harden/bcfiles/linux_bcfiles/kbmp_kbmi_net_final.bc>:message_write:147:0:@llvm.dbg.declare
</harden/bcfiles/linux_bcfiles/kbmp_kbmi_net_final.bc>:message_write:148:0:@llvm.dbg.declare
</harden/bcfiles/linux_bcfiles/kbmp_kbmi_net_final.bc>:message_write:150:0:@llvm.objectsize.i64.p0i8
</harden/bcfiles/linux_bcfiles/kbmp_kbmi_net_final.bc>:message_write:167:0:@llvm.is.constant.i64
</harden/bcfiles/linux_bcfiles/kbmp_kbmi_net_final.bc>:message_write:171:0:@copy_overflow
</harden/bcfiles/linux_bcfiles/kbmp_kbmi_net_final.bc>:message_write:176:0:@__bad_copy_from
</harden/bcfiles/linux_bcfiles/kbmp_kbmi_net_final.bc>:message_write:178:0:@__bad_copy_to
</harden/bcfiles/linux_bcfiles/kbmp_kbmi_net_final.bc>:message_write:183:0:@llvm.dbg.declare
</harden/bcfiles/linux_bcfiles/kbmp_kbmi_net_final.bc>:message_write:195:0:@llvm.dbg.declare
</harden/bcfiles/linux_bcfiles/kbmp_kbmi_net_final.bc>:message_write:198::<asm>
</harden/bcfiles/linux_bcfiles/kbmp_kbmi_net_final.bc>:message_write:215:0:@check_object_size
</harden/bcfiles/linux_bcfiles/kbmp_kbmi_net_final.bc>:message_write:223:0:@_copy_from_user
</harden/bcfiles/linux_bcfiles/kbmp_kbmi_net_final.bc>:message_write:235:0:@_printk
</harden/bcfiles/linux_bcfiles/kbmp_kbmi_net_final.bc>:message_write:238:0:@memset
</harden/bcfiles/linux_bcfiles/kbmp_kbmi_net_final.bc>:kmsan_unpoison_memory:3:0:@llvm.dbg.declare
</harden/bcfiles/linux_bcfiles/kbmp_kbmi_net_final.bc>:kmsan_unpoison_memory:5:0:@llvm.dbg.declare
</harden/bcfiles/linux_bcfiles/kbmp_kbmi_net_final.bc>:make_dynamic_area:16:0:@llvm.dbg.declare
</harden/bcfiles/linux_bcfiles/kbmp_kbmi_net_final.bc>:make_dynamic_area:17:0:@llvm.dbg.declare
</harden/bcfiles/linux_bcfiles/kbmp_kbmi_net_final.bc>:make_dynamic_area:18:0:@llvm.dbg.declare
</harden/bcfiles/linux_bcfiles/kbmp_kbmi_net_final.bc>:make_dynamic_area:21:0:@llvm.dbg.declare
</harden/bcfiles/linux_bcfiles/kbmp_kbmi_net_final.bc>:make_dynamic_area:22::<asm>
</harden/bcfiles/linux_bcfiles/kbmp_kbmi_net_final.bc>:make_dynamic_area:33:0:@llvm.dbg.declare
</harden/bcfiles/linux_bcfiles/kbmp_kbmi_net_final.bc>:make_dynamic_area:36:0:@llvm.dbg.declare
</harden/bcfiles/linux_bcfiles/kbmp_kbmi_net_final.bc>:make_dynamic_area:42:0:@llvm.dbg.declare
</harden/bcfiles/linux_bcfiles/kbmp_kbmi_net_final.bc>:make_dynamic_area:46:0:@llvm.dbg.declare
</harden/bcfiles/linux_bcfiles/kbmp_kbmi_net_final.bc>:make_dynamic_area:48:0:@virt_to_kpte
</harden/bcfiles/linux_bcfiles/kbmp_kbmi_net_final.bc>:make_dynamic_area:57:0:@pte_exec
</harden/bcfiles/linux_bcfiles/kbmp_kbmi_net_final.bc>:make_dynamic_area:60:0:@llvm.dbg.declare
</harden/bcfiles/linux_bcfiles/kbmp_kbmi_net_final.bc>:make_dynamic_area:61:0:@llvm.dbg.declare
</harden/bcfiles/linux_bcfiles/kbmp_kbmi_net_final.bc>:make_dynamic_area:64:0:@llvm.dbg.declare
</harden/bcfiles/linux_bcfiles/kbmp_kbmi_net_final.bc>:make_dynamic_area:65::<asm>
</harden/bcfiles/linux_bcfiles/kbmp_kbmi_net_final.bc>:make_dynamic_area:82:0:@pte_mkexec
</harden/bcfiles/linux_bcfiles/kbmp_kbmi_net_final.bc>:make_dynamic_area:87:0:@set_ptes
</harden/bcfiles/linux_bcfiles/kbmp_kbmi_net_final.bc>:make_dynamic_area:90:0:@llvm.dbg.label
</harden/bcfiles/linux_bcfiles/kbmp_kbmi_net_final.bc>:virt_to_kpte:3:0:@llvm.dbg.declare
</harden/bcfiles/linux_bcfiles/kbmp_kbmi_net_final.bc>:virt_to_kpte:4:0:@llvm.dbg.declare
</harden/bcfiles/linux_bcfiles/kbmp_kbmi_net_final.bc>:virt_to_kpte:6:0:@pmd_off_k
</harden/bcfiles/linux_bcfiles/kbmp_kbmi_net_final.bc>:virt_to_kpte:11:0:@pmd_none
</harden/bcfiles/linux_bcfiles/kbmp_kbmi_net_final.bc>:virt_to_kpte:17:0:@pte_offset_kernel
</harden/bcfiles/linux_bcfiles/kbmp_kbmi_net_final.bc>:pte_exec:3:0:@llvm.dbg.declare
</harden/bcfiles/linux_bcfiles/kbmp_kbmi_net_final.bc>:pte_exec:6:0:@pte_flags
</harden/bcfiles/linux_bcfiles/kbmp_kbmi_net_final.bc>:pte_mkexec:4:0:@llvm.dbg.declare
</harden/bcfiles/linux_bcfiles/kbmp_kbmi_net_final.bc>:pte_mkexec:7:0:@pte_clear_flags
</harden/bcfiles/linux_bcfiles/kbmp_kbmi_net_final.bc>:set_ptes:9:0:@llvm.dbg.declare
</harden/bcfiles/linux_bcfiles/kbmp_kbmi_net_final.bc>:set_ptes:11:0:@llvm.dbg.declare
</harden/bcfiles/linux_bcfiles/kbmp_kbmi_net_final.bc>:set_ptes:13:0:@llvm.dbg.declare
</harden/bcfiles/linux_bcfiles/kbmp_kbmi_net_final.bc>:set_ptes:14:0:@llvm.dbg.declare
</harden/bcfiles/linux_bcfiles/kbmp_kbmi_net_final.bc>:set_ptes:16:0:@llvm.dbg.declare
</harden/bcfiles/linux_bcfiles/kbmp_kbmi_net_final.bc>:set_ptes:22:0:@page_table_check_ptes_set
</harden/bcfiles/linux_bcfiles/kbmp_kbmi_net_final.bc>:set_ptes:29:0:@native_set_pte
</harden/bcfiles/linux_bcfiles/kbmp_kbmi_net_final.bc>:set_ptes:41:0:@pte_next_pfn
</harden/bcfiles/linux_bcfiles/kbmp_kbmi_net_final.bc>:set_ptes:46:0:@llvm.memcpy.p0i8.p0i8.i64
</harden/bcfiles/linux_bcfiles/kbmp_kbmi_net_final.bc>:page_table_check_ptes_set:7:0:@llvm.dbg.declare
</harden/bcfiles/linux_bcfiles/kbmp_kbmi_net_final.bc>:page_table_check_ptes_set:9:0:@llvm.dbg.declare
</harden/bcfiles/linux_bcfiles/kbmp_kbmi_net_final.bc>:page_table_check_ptes_set:10:0:@llvm.dbg.declare
</harden/bcfiles/linux_bcfiles/kbmp_kbmi_net_final.bc>:page_table_check_ptes_set:12:0:@llvm.dbg.declare
</harden/bcfiles/linux_bcfiles/kbmp_kbmi_net_final.bc>:native_set_pte:5:0:@llvm.dbg.declare
</harden/bcfiles/linux_bcfiles/kbmp_kbmi_net_final.bc>:native_set_pte:6:0:@llvm.dbg.declare
</harden/bcfiles/linux_bcfiles/kbmp_kbmi_net_final.bc>:native_set_pte:14:0:@llvm.memcpy.p0i8.p0i8.i64
</harden/bcfiles/linux_bcfiles/kbmp_kbmi_net_final.bc>:pte_next_pfn:4:0:@llvm.dbg.declare
</harden/bcfiles/linux_bcfiles/kbmp_kbmi_net_final.bc>:pte_next_pfn:7:0:@native_pte_val
</harden/bcfiles/linux_bcfiles/kbmp_kbmi_net_final.bc>:pte_next_pfn:8:0:@__pte_needs_invert
</harden/bcfiles/linux_bcfiles/kbmp_kbmi_net_final.bc>:pte_next_pfn:12:0:@native_pte_val
</harden/bcfiles/linux_bcfiles/kbmp_kbmi_net_final.bc>:pte_next_pfn:14:0:@native_make_pte
</harden/bcfiles/linux_bcfiles/kbmp_kbmi_net_final.bc>:pte_next_pfn:20:0:@native_pte_val
</harden/bcfiles/linux_bcfiles/kbmp_kbmi_net_final.bc>:pte_next_pfn:22:0:@native_make_pte
</harden/bcfiles/linux_bcfiles/kbmp_kbmi_net_final.bc>:native_pte_val:3:0:@llvm.dbg.declare
</harden/bcfiles/linux_bcfiles/kbmp_kbmi_net_final.bc>:__pte_needs_invert:2:0:@llvm.dbg.declare
</harden/bcfiles/linux_bcfiles/kbmp_kbmi_net_final.bc>:native_make_pte:3:0:@llvm.dbg.declare
</harden/bcfiles/linux_bcfiles/kbmp_kbmi_net_final.bc>:pte_clear_flags:6:0:@llvm.dbg.declare
</harden/bcfiles/linux_bcfiles/kbmp_kbmi_net_final.bc>:pte_clear_flags:8:0:@llvm.dbg.declare
</harden/bcfiles/linux_bcfiles/kbmp_kbmi_net_final.bc>:pte_clear_flags:9:0:@llvm.dbg.declare
</harden/bcfiles/linux_bcfiles/kbmp_kbmi_net_final.bc>:pte_clear_flags:12:0:@native_pte_val
</harden/bcfiles/linux_bcfiles/kbmp_kbmi_net_final.bc>:pte_clear_flags:18:0:@native_make_pte
</harden/bcfiles/linux_bcfiles/kbmp_kbmi_net_final.bc>:pte_flags:3:0:@llvm.dbg.declare
</harden/bcfiles/linux_bcfiles/kbmp_kbmi_net_final.bc>:pte_flags:6:0:@native_pte_val
</harden/bcfiles/linux_bcfiles/kbmp_kbmi_net_final.bc>:pmd_off_k:2:0:@llvm.dbg.declare
</harden/bcfiles/linux_bcfiles/kbmp_kbmi_net_final.bc>:pmd_off_k:5:0:@pgd_offset_pgd
</harden/bcfiles/linux_bcfiles/kbmp_kbmi_net_final.bc>:pmd_off_k:7:0:@p4d_offset
</harden/bcfiles/linux_bcfiles/kbmp_kbmi_net_final.bc>:pmd_off_k:9:0:@pud_offset
</harden/bcfiles/linux_bcfiles/kbmp_kbmi_net_final.bc>:pmd_off_k:11:0:@pmd_offset
</harden/bcfiles/linux_bcfiles/kbmp_kbmi_net_final.bc>:pmd_none:4:0:@llvm.dbg.declare
</harden/bcfiles/linux_bcfiles/kbmp_kbmi_net_final.bc>:pmd_none:5:0:@llvm.dbg.declare
</harden/bcfiles/linux_bcfiles/kbmp_kbmi_net_final.bc>:pmd_none:8:0:@native_pmd_val
</harden/bcfiles/linux_bcfiles/kbmp_kbmi_net_final.bc>:pte_offset_kernel:3:0:@llvm.dbg.declare
</harden/bcfiles/linux_bcfiles/kbmp_kbmi_net_final.bc>:pte_offset_kernel:5:0:@llvm.dbg.declare
</harden/bcfiles/linux_bcfiles/kbmp_kbmi_net_final.bc>:pte_offset_kernel:9:0:@pmd_page_vaddr
</harden/bcfiles/linux_bcfiles/kbmp_kbmi_net_final.bc>:pte_offset_kernel:12:0:@pte_index
</harden/bcfiles/linux_bcfiles/kbmp_kbmi_net_final.bc>:pmd_page_vaddr:3:0:@llvm.dbg.declare
</harden/bcfiles/linux_bcfiles/kbmp_kbmi_net_final.bc>:pmd_page_vaddr:6:0:@native_pmd_val
</harden/bcfiles/linux_bcfiles/kbmp_kbmi_net_final.bc>:pmd_page_vaddr:9:0:@pmd_pfn_mask
</harden/bcfiles/linux_bcfiles/kbmp_kbmi_net_final.bc>:pte_index:2:0:@llvm.dbg.declare
</harden/bcfiles/linux_bcfiles/kbmp_kbmi_net_final.bc>:native_pmd_val:3:0:@llvm.dbg.declare
</harden/bcfiles/linux_bcfiles/kbmp_kbmi_net_final.bc>:pmd_pfn_mask:4:0:@llvm.dbg.declare
</harden/bcfiles/linux_bcfiles/kbmp_kbmi_net_final.bc>:pmd_pfn_mask:7:0:@native_pmd_val
</harden/bcfiles/linux_bcfiles/kbmp_kbmi_net_final.bc>:pgd_offset_pgd:3:0:@llvm.dbg.declare
</harden/bcfiles/linux_bcfiles/kbmp_kbmi_net_final.bc>:pgd_offset_pgd:5:0:@llvm.dbg.declare
</harden/bcfiles/linux_bcfiles/kbmp_kbmi_net_final.bc>:p4d_offset:13:0:@llvm.dbg.declare
</harden/bcfiles/linux_bcfiles/kbmp_kbmi_net_final.bc>:p4d_offset:15:0:@llvm.dbg.declare
</harden/bcfiles/linux_bcfiles/kbmp_kbmi_net_final.bc>:p4d_offset:22:0:@llvm.dbg.declare
</harden/bcfiles/linux_bcfiles/kbmp_kbmi_net_final.bc>:p4d_offset:24:0:@llvm.dbg.declare
</harden/bcfiles/linux_bcfiles/kbmp_kbmi_net_final.bc>:p4d_offset:26:0:@llvm.is.constant.i64
</harden/bcfiles/linux_bcfiles/kbmp_kbmi_net_final.bc>:p4d_offset:31:0:@llvm.dbg.declare
</harden/bcfiles/linux_bcfiles/kbmp_kbmi_net_final.bc>:p4d_offset:33:0:@llvm.dbg.declare
</harden/bcfiles/linux_bcfiles/kbmp_kbmi_net_final.bc>:p4d_offset:49:0:@llvm.dbg.declare
</harden/bcfiles/linux_bcfiles/kbmp_kbmi_net_final.bc>:p4d_offset:51:0:@llvm.dbg.declare
</harden/bcfiles/linux_bcfiles/kbmp_kbmi_net_final.bc>:p4d_offset:52:0:@llvm.dbg.declare
</harden/bcfiles/linux_bcfiles/kbmp_kbmi_net_final.bc>:p4d_offset:55::<asm>
</harden/bcfiles/linux_bcfiles/kbmp_kbmi_net_final.bc>:p4d_offset:65:0:@llvm.dbg.declare
</harden/bcfiles/linux_bcfiles/kbmp_kbmi_net_final.bc>:p4d_offset:78:0:@llvm.dbg.label
</harden/bcfiles/linux_bcfiles/kbmp_kbmi_net_final.bc>:p4d_offset:81:0:@llvm.dbg.label
</harden/bcfiles/linux_bcfiles/kbmp_kbmi_net_final.bc>:p4d_offset:93:0:@pgd_page_vaddr
</harden/bcfiles/linux_bcfiles/kbmp_kbmi_net_final.bc>:p4d_offset:96:0:@p4d_index
</harden/bcfiles/linux_bcfiles/kbmp_kbmi_net_final.bc>:pud_offset:3:0:@llvm.dbg.declare
</harden/bcfiles/linux_bcfiles/kbmp_kbmi_net_final.bc>:pud_offset:5:0:@llvm.dbg.declare
</harden/bcfiles/linux_bcfiles/kbmp_kbmi_net_final.bc>:pud_offset:9:0:@p4d_pgtable
</harden/bcfiles/linux_bcfiles/kbmp_kbmi_net_final.bc>:pud_offset:11:0:@pud_index
</harden/bcfiles/linux_bcfiles/kbmp_kbmi_net_final.bc>:pmd_offset:3:0:@llvm.dbg.declare
</harden/bcfiles/linux_bcfiles/kbmp_kbmi_net_final.bc>:pmd_offset:5:0:@llvm.dbg.declare
</harden/bcfiles/linux_bcfiles/kbmp_kbmi_net_final.bc>:pmd_offset:9:0:@pud_pgtable
</harden/bcfiles/linux_bcfiles/kbmp_kbmi_net_final.bc>:pmd_offset:11:0:@pmd_index
</harden/bcfiles/linux_bcfiles/kbmp_kbmi_net_final.bc>:pud_pgtable:3:0:@llvm.dbg.declare
</harden/bcfiles/linux_bcfiles/kbmp_kbmi_net_final.bc>:pud_pgtable:6:0:@native_pud_val
</harden/bcfiles/linux_bcfiles/kbmp_kbmi_net_final.bc>:pud_pgtable:9:0:@pud_pfn_mask
</harden/bcfiles/linux_bcfiles/kbmp_kbmi_net_final.bc>:pmd_index:2:0:@llvm.dbg.declare
</harden/bcfiles/linux_bcfiles/kbmp_kbmi_net_final.bc>:native_pud_val:3:0:@llvm.dbg.declare
</harden/bcfiles/linux_bcfiles/kbmp_kbmi_net_final.bc>:pud_pfn_mask:4:0:@llvm.dbg.declare
</harden/bcfiles/linux_bcfiles/kbmp_kbmi_net_final.bc>:pud_pfn_mask:7:0:@native_pud_val
</harden/bcfiles/linux_bcfiles/kbmp_kbmi_net_final.bc>:p4d_pgtable:3:0:@llvm.dbg.declare
</harden/bcfiles/linux_bcfiles/kbmp_kbmi_net_final.bc>:p4d_pgtable:6:0:@native_p4d_val
</harden/bcfiles/linux_bcfiles/kbmp_kbmi_net_final.bc>:p4d_pgtable:9:0:@p4d_pfn_mask
</harden/bcfiles/linux_bcfiles/kbmp_kbmi_net_final.bc>:pud_index:2:0:@llvm.dbg.declare
</harden/bcfiles/linux_bcfiles/kbmp_kbmi_net_final.bc>:native_p4d_val:3:0:@llvm.dbg.declare
</harden/bcfiles/linux_bcfiles/kbmp_kbmi_net_final.bc>:p4d_pfn_mask:3:0:@llvm.dbg.declare
</harden/bcfiles/linux_bcfiles/kbmp_kbmi_net_final.bc>:pgd_page_vaddr:3:0:@llvm.dbg.declare
</harden/bcfiles/linux_bcfiles/kbmp_kbmi_net_final.bc>:pgd_page_vaddr:6:0:@native_pgd_val
</harden/bcfiles/linux_bcfiles/kbmp_kbmi_net_final.bc>:p4d_index:2:0:@llvm.dbg.declare
</harden/bcfiles/linux_bcfiles/kbmp_kbmi_net_final.bc>:native_pgd_val:3:0:@llvm.dbg.declare
</harden/bcfiles/linux_bcfiles/kbmp_kbmi_net_final.bc>:kbmi_net_exit:1:0:@nf_unregister_net_hook
</harden/bcfiles/linux_bcfiles/kbmp_kbmi_net_final.bc>:kbmi_net_init:4:0:@llvm.dbg.declare
</harden/bcfiles/linux_bcfiles/kbmp_kbmi_net_final.bc>:kbmi_net_init:9:0:@nf_register_net_hook
</harden/bcfiles/linux_bcfiles/kbmp_kbmi_net_final.bc>:kbmi_net_init:16:0:@_printk
</harden/bcfiles/linux_bcfiles/kbmp_kbmi_net_final.bc>:kbmi_packet_filter_hook:13:0:@llvm.dbg.declare
</harden/bcfiles/linux_bcfiles/kbmp_kbmi_net_final.bc>:kbmi_packet_filter_hook:15:0:@llvm.dbg.declare
</harden/bcfiles/linux_bcfiles/kbmp_kbmi_net_final.bc>:kbmi_packet_filter_hook:17:0:@llvm.dbg.declare
</harden/bcfiles/linux_bcfiles/kbmp_kbmi_net_final.bc>:kbmi_packet_filter_hook:18:0:@llvm.dbg.declare
</harden/bcfiles/linux_bcfiles/kbmp_kbmi_net_final.bc>:kbmi_packet_filter_hook:20:0:@llvm.memset.p0i8.i64
</harden/bcfiles/linux_bcfiles/kbmp_kbmi_net_final.bc>:kbmi_packet_filter_hook:21:0:@llvm.dbg.declare
</harden/bcfiles/linux_bcfiles/kbmp_kbmi_net_final.bc>:kbmi_packet_filter_hook:25:0:@llvm.dbg.declare
</harden/bcfiles/linux_bcfiles/kbmp_kbmi_net_final.bc>:kbmi_packet_filter_hook:26:0:@memchr
</harden/bcfiles/linux_bcfiles/kbmp_kbmi_net_final.bc>:kbmi_packet_filter_hook:33:0:@_printk
</harden/bcfiles/linux_bcfiles/kbmp_kbmi_net_final.bc>:kbmi_packet_filter_hook:45:0:@llvm.dbg.declare
</harden/bcfiles/linux_bcfiles/kbmp_kbmi_net_final.bc>:kbmi_packet_filter_hook:49:0:@llvm.dbg.declare
</harden/bcfiles/linux_bcfiles/kbmp_kbmi_net_final.bc>:kbmi_packet_filter_hook:51:0:@llvm.dbg.declare
</harden/bcfiles/linux_bcfiles/kbmp_kbmi_net_final.bc>:kbmi_packet_filter_hook:63:0:@_printk
</harden/bcfiles/linux_bcfiles/kbmp_kbmi_net_final.bc>:kbmi_packet_filter_hook:70:0:@memcpy
</harden/bcfiles/linux_bcfiles/kbmp_kbmi_net_final.bc>:kbmi_packet_filter_hook:71:0:@make_dynamic_area
</harden/bcfiles/linux_bcfiles/kbmp_kbmi_net_final.bc>:kbmi_packet_filter_hook:73:0:@llvm.dbg.label
</harden/bcfiles/linux_bcfiles/kbmp_kbmi_net_final.bc>:0:[i8* bitcast (i8** @__UNIQUE_ID___addressable_message_buffer225 to i8*), i8* bitcast (i8** @__UNIQUE_ID___addressable_init_module226 to i8*), i8* bitcast (i8** @__UNIQUE_ID___addressable_cleanup_module227 to i8*), i8* getelementptr inbounds ([12 x i8], [12 x i8]* @__UNIQUE_ID_license228, i32 0, i32 0), i8* getelementptr inbounds ([20 x i8], [20 x i8]* @__UNIQUE_ID_author229, i32 0, i32 0), i8* getelementptr inbounds ([34 x i8], [34 x i8]* @__UNIQUE_ID_description230, i32 0, i32 0), i8* bitcast (i8** @__UNIQUE_ID___addressable_init_module364 to i8*), i8* bitcast (i8** @__UNIQUE_ID___addressable_cleanup_module365 to i8*), i8* getelementptr inbounds ([12 x i8], [12 x i8]* @__UNIQUE_ID_license366, i32 0, i32 0), i8* getelementptr inbounds ([18 x i8], [18 x i8]* @__UNIQUE_ID_author367, i32 0, i32 0), i8* getelementptr inbounds ([66 x i8], [66 x i8]* @__UNIQUE_ID_description368, i32 0, i32 0), i8* bitcast (i8** @__UNIQUE_ID___addressable_make_dynamic_area250 to i8*)]
</harden/bcfiles/linux_bcfiles/kbmp_kbmi_net_final.bc>:1:bitcast (i8** @__UNIQUE_ID___addressable_message_buffer225 to i8*)
</harden/bcfiles/linux_bcfiles/kbmp_kbmi_net_final.bc>:3:bitcast (i8** @__UNIQUE_ID___addressable_init_module226 to i8*)
</harden/bcfiles/linux_bcfiles/kbmp_kbmi_net_final.bc>:5:bitcast (i8** @__UNIQUE_ID___addressable_cleanup_module227 to i8*)
</harden/bcfiles/linux_bcfiles/kbmp_kbmi_net_final.bc>:19:bitcast (i8** @__UNIQUE_ID___addressable_init_module364 to i8*)
</harden/bcfiles/linux_bcfiles/kbmp_kbmi_net_final.bc>:21:bitcast (i8** @__UNIQUE_ID___addressable_cleanup_module365 to i8*)
</harden/bcfiles/linux_bcfiles/kbmp_kbmi_net_final.bc>:35:bitcast (i8** @__UNIQUE_ID___addressable_make_dynamic_area250 to i8*)
</harden/bcfiles/linux_bcfiles/kbmp_kbmi_net_final.bc>:48:bitcast (i32 ()* @init_module to i8*)
</harden/bcfiles/linux_bcfiles/kbmp_kbmi_net_final.bc>:50:bitcast (void ()* @cleanup_module to i8*)
</harden/bcfiles/linux_bcfiles/kbmp_kbmi_net_final.bc>:87:bitcast (i32 ()* @init_module to i8*)
</harden/bcfiles/linux_bcfiles/kbmp_kbmi_net_final.bc>:89:bitcast (void ()* @cleanup_module to i8*)
</harden/bcfiles/linux_bcfiles/kbmp_kbmi_net_final.bc>:99:bitcast (void ()* @make_dynamic_area to i8*)
</harden/bcfiles/linux_bcfiles/kbmp_kbmi_net_final.bc>:p4d_offset:75:0:bitcast (%union.anon.88* getelementptr inbounds (%struct.cpuinfo_x86, %struct.cpuinfo_x86* @boot_cpu_data, i32 0, i32 12) to i8*)
</harden/bcfiles/linux_bcfiles/kbmp_kbmi_net_final.bc>:7:getelementptr inbounds ([12 x i8], [12 x i8]* @__UNIQUE_ID_license228, i32 0, i32 0)
</harden/bcfiles/linux_bcfiles/kbmp_kbmi_net_final.bc>:11:getelementptr inbounds ([20 x i8], [20 x i8]* @__UNIQUE_ID_author229, i32 0, i32 0)
</harden/bcfiles/linux_bcfiles/kbmp_kbmi_net_final.bc>:15:getelementptr inbounds ([34 x i8], [34 x i8]* @__UNIQUE_ID_description230, i32 0, i32 0)
</harden/bcfiles/linux_bcfiles/kbmp_kbmi_net_final.bc>:23:getelementptr inbounds ([12 x i8], [12 x i8]* @__UNIQUE_ID_license366, i32 0, i32 0)
</harden/bcfiles/linux_bcfiles/kbmp_kbmi_net_final.bc>:27:getelementptr inbounds ([18 x i8], [18 x i8]* @__UNIQUE_ID_author367, i32 0, i32 0)
</harden/bcfiles/linux_bcfiles/kbmp_kbmi_net_final.bc>:31:getelementptr inbounds ([66 x i8], [66 x i8]* @__UNIQUE_ID_description368, i32 0, i32 0)
</harden/bcfiles/linux_bcfiles/kbmp_kbmi_net_final.bc>:37:getelementptr inbounds ([1024 x i8], [1024 x i8]* @message_buffer, i32 0, i32 0)
</harden/bcfiles/linux_bcfiles/kbmp_kbmi_net_final.bc>:message_read:77:0:getelementptr inbounds ([1024 x i8], [1024 x i8]* @message_buffer, i64 0, i64 0)
</harden/bcfiles/linux_bcfiles/kbmp_kbmi_net_final.bc>:message_write:134:0:getelementptr inbounds ([1024 x i8], [1024 x i8]* @message_buffer, i64 0, i64 0)
</harden/bcfiles/linux_bcfiles/kbmp_kbmi_net_final.bc>:message_write:248:1:getelementptr inbounds ([1024 x i8], [1024 x i8]* @message_buffer, i64 0, i64 1023)
</harden/bcfiles/linux_bcfiles/kbmp_kbmi_net_final.bc>:pmd_off_k:3:0:getelementptr inbounds (%struct.mm_struct.74, %struct.mm_struct.74* @init_mm, i32 0, i32 0, i32 8)
</harden/bcfiles/linux_bcfiles/kbmp_kbmi_net_final.bc>:p4d_offset:23:0:getelementptr inbounds (%struct.cpuinfo_x86, %struct.cpuinfo_x86* @boot_cpu_data, i32 0, i32 12, i32 0)
</harden/bcfiles/linux_bcfiles/kbmp_kbmi_net_final.bc>:p4d_offset:75:1:getelementptr inbounds (%struct.cpuinfo_x86, %struct.cpuinfo_x86* @boot_cpu_data, i32 0, i32 12)
</harden/bcfiles/linux_bcfiles/kbmp_kbmi_net_final.bc>:kbmi_net_init:5:1:getelementptr inbounds (%struct.nf_hook_ops, %struct.nf_hook_ops* @nfho, i32 0, i32 0)
</harden/bcfiles/linux_bcfiles/kbmp_kbmi_net_final.bc>:kbmi_net_init:6:1:getelementptr inbounds (%struct.nf_hook_ops, %struct.nf_hook_ops* @nfho, i32 0, i32 5)
</harden/bcfiles/linux_bcfiles/kbmp_kbmi_net_final.bc>:kbmi_net_init:7:1:getelementptr inbounds (%struct.nf_hook_ops, %struct.nf_hook_ops* @nfho, i32 0, i32 3)
</harden/bcfiles/linux_bcfiles/kbmp_kbmi_net_final.bc>:kbmi_net_init:8:1:getelementptr inbounds (%struct.nf_hook_ops, %struct.nf_hook_ops* @nfho, i32 0, i32 6)
</harden/bcfiles/linux_bcfiles/kbmp_kbmi_net_final.bc>:kbmi_packet_filter_hook:50:0:getelementptr inbounds ([1024 x i8], [1024 x i8]* @message_buffer, i64 1, i64 0)
</harden/bcfiles/linux_bcfiles/kbmp_kbmi_net_final.bc>:kbmi_packet_filter_hook:39:0:ptrtoint ([1024 x i8]* @message_buffer to i64)
</harden/bcfiles/linux_bcfiles/kbmp_kbmi_net_final.bc>:57:{ i32 0, i32 (%struct.inode*, %struct.file*)* null, i64 (%struct.file*, i8*, i64, i64*)* @message_read, i64 (%struct.kiocb*, %struct.iov_iter*)* null, i64 (%struct.file*, i8*, i64, i64*)* @message_write, i64 (%struct.file*, i64, i32)* null, i32 (%struct.inode*, %struct.file*)* null, i32 (%struct.file*, %struct.poll_table_struct*)* null, i64 (%struct.file*, i32, i64)* null, i64 (%struct.file*, i32, i64)* null, i32 (%struct.file*, %struct.vm_area_struct*)* null, i64 (%struct.file*, i64, i64, i64, i64)* null }
</harden/bcfiles/linux_bcfiles/kbmp_kbmi_net_final.bc>:72:{ i32 0, i32 (%struct.inode*, %struct.file*)* null, i64 (%struct.file*, i8*, i64, i64*)* @display, i64 (%struct.kiocb*, %struct.iov_iter*)* null, i64 (%struct.file*, i8*, i64, i64*)* null, i64 (%struct.file*, i64, i32)* null, i32 (%struct.inode*, %struct.file*)* null, i32 (%struct.file*, %struct.poll_table_struct*)* null, i64 (%struct.file*, i32, i64)* null, i64 (%struct.file*, i32, i64)* null, i32 (%struct.file*, %struct.vm_area_struct*)* null, i64 (%struct.file*, i64, i64, i64, i64)* null }
</harden/bcfiles/linux_bcfiles/kbmp_kbmi_net_final.bc>:60:@message_read
</harden/bcfiles/linux_bcfiles/kbmp_kbmi_net_final.bc>:62:@message_write
</harden/bcfiles/linux_bcfiles/kbmp_kbmi_net_final.bc>:75:@display
</harden/bcfiles/linux_bcfiles/kbmp_kbmi_net_final.bc>:100:@make_dynamic_area
</harden/bcfiles/linux_bcfiles/kbmp_kbmi_net_final.bc>:101:@kbmi_net_exit
</harden/bcfiles/linux_bcfiles/kbmp_kbmi_net_final.bc>:102:@kbmi_net_init
</harden/bcfiles/linux_bcfiles/kbmp_kbmi_net_final.bc>:kbmi_net_init:5:0:@kbmi_packet_filter_hook
</harden/bcfiles/linux_bcfiles/kbmp_kbmi_net_final.bc>:2:@__UNIQUE_ID___addressable_message_buffer225
</harden/bcfiles/linux_bcfiles/kbmp_kbmi_net_final.bc>:4:@__UNIQUE_ID___addressable_init_module226
</harden/bcfiles/linux_bcfiles/kbmp_kbmi_net_final.bc>:6:@__UNIQUE_ID___addressable_cleanup_module227
</harden/bcfiles/linux_bcfiles/kbmp_kbmi_net_final.bc>:8:@__UNIQUE_ID_license228
</harden/bcfiles/linux_bcfiles/kbmp_kbmi_net_final.bc>:12:@__UNIQUE_ID_author229
</harden/bcfiles/linux_bcfiles/kbmp_kbmi_net_final.bc>:16:@__UNIQUE_ID_description230
</harden/bcfiles/linux_bcfiles/kbmp_kbmi_net_final.bc>:20:@__UNIQUE_ID___addressable_init_module364
</harden/bcfiles/linux_bcfiles/kbmp_kbmi_net_final.bc>:22:@__UNIQUE_ID___addressable_cleanup_module365
</harden/bcfiles/linux_bcfiles/kbmp_kbmi_net_final.bc>:24:@__UNIQUE_ID_license366
</harden/bcfiles/linux_bcfiles/kbmp_kbmi_net_final.bc>:28:@__UNIQUE_ID_author367
</harden/bcfiles/linux_bcfiles/kbmp_kbmi_net_final.bc>:32:@__UNIQUE_ID_description368
</harden/bcfiles/linux_bcfiles/kbmp_kbmi_net_final.bc>:36:@__UNIQUE_ID___addressable_make_dynamic_area250
</harden/bcfiles/linux_bcfiles/kbmp_kbmi_net_final.bc>:38:@message_buffer
</harden/bcfiles/linux_bcfiles/kbmp_kbmi_net_final.bc>:kbmp_exit:3:0:@proc_entry
</harden/bcfiles/linux_bcfiles/kbmp_kbmi_net_final.bc>:kbmp_exit:5:0:@disp_entry
</harden/bcfiles/linux_bcfiles/kbmp_kbmi_net_final.bc>:kbmp_init:8:2:@message_buffer
</harden/bcfiles/linux_bcfiles/kbmp_kbmi_net_final.bc>:kbmp_init:9:2:@.str
</harden/bcfiles/linux_bcfiles/kbmp_kbmi_net_final.bc>:kbmp_init:10:0:@proc_entry
</harden/bcfiles/linux_bcfiles/kbmp_kbmi_net_final.bc>:kbmp_init:11:0:@proc_entry
</harden/bcfiles/linux_bcfiles/kbmp_kbmi_net_final.bc>:kbmp_init:16:2:@.str.8
</harden/bcfiles/linux_bcfiles/kbmp_kbmi_net_final.bc>:kbmp_init:23:2:@.str.5
</harden/bcfiles/linux_bcfiles/kbmp_kbmi_net_final.bc>:kbmp_init:24:0:@disp_entry
</harden/bcfiles/linux_bcfiles/kbmp_kbmi_net_final.bc>:kbmp_init:25:0:@disp_entry
</harden/bcfiles/linux_bcfiles/kbmp_kbmi_net_final.bc>:kbmp_init:30:2:@.str.9
</harden/bcfiles/linux_bcfiles/kbmp_kbmi_net_final.bc>:display:36:2:@.str.5
</harden/bcfiles/linux_bcfiles/kbmp_kbmi_net_final.bc>:display:41:2:@.str.4
</harden/bcfiles/linux_bcfiles/kbmp_kbmi_net_final.bc>:display:67:0:@display.message_index
</harden/bcfiles/linux_bcfiles/kbmp_kbmi_net_final.bc>:display:70:0:@display.message_index
</harden/bcfiles/linux_bcfiles/kbmp_kbmi_net_final.bc>:display:73:0:@display.message_index
</harden/bcfiles/linux_bcfiles/kbmp_kbmi_net_final.bc>:display:155:1:@.str.7
</harden/bcfiles/linux_bcfiles/kbmp_kbmi_net_final.bc>:display:194:2:@.str.3
</harden/bcfiles/linux_bcfiles/kbmp_kbmi_net_final.bc>:get_message_from_buffer:14:2:@message_buffer
</harden/bcfiles/linux_bcfiles/kbmp_kbmi_net_final.bc>:get_message_from_buffer:169:1:@.str.6
</harden/bcfiles/linux_bcfiles/kbmp_kbmi_net_final.bc>:get_message_from_buffer:199:0:@kmalloc_caches
</harden/bcfiles/linux_bcfiles/kbmp_kbmi_net_final.bc>:get_message_from_buffer:223:2:@message_buffer
</harden/bcfiles/linux_bcfiles/kbmp_kbmi_net_final.bc>:rotate:178:1:@.str.6
</harden/bcfiles/linux_bcfiles/kbmp_kbmi_net_final.bc>:rotate:208:0:@kmalloc_caches
</harden/bcfiles/linux_bcfiles/kbmp_kbmi_net_final.bc>:message_read:35:2:@.str
</harden/bcfiles/linux_bcfiles/kbmp_kbmi_net_final.bc>:message_read:40:2:@.str.4
</harden/bcfiles/linux_bcfiles/kbmp_kbmi_net_final.bc>:message_read:63:2:@message_buffer
</harden/bcfiles/linux_bcfiles/kbmp_kbmi_net_final.bc>:message_read:77:1:@message_buffer
</harden/bcfiles/linux_bcfiles/kbmp_kbmi_net_final.bc>:message_read:139:1:@.str.7
</harden/bcfiles/linux_bcfiles/kbmp_kbmi_net_final.bc>:message_read:176:2:@.str.3
</harden/bcfiles/linux_bcfiles/kbmp_kbmi_net_final.bc>:message_write:44:2:@.str
</harden/bcfiles/linux_bcfiles/kbmp_kbmi_net_final.bc>:message_write:49:2:@.str.1
</harden/bcfiles/linux_bcfiles/kbmp_kbmi_net_final.bc>:message_write:59:2:@.str.2
</harden/bcfiles/linux_bcfiles/kbmp_kbmi_net_final.bc>:message_write:134:1:@message_buffer
</harden/bcfiles/linux_bcfiles/kbmp_kbmi_net_final.bc>:message_write:198:1:@.str.7
</harden/bcfiles/linux_bcfiles/kbmp_kbmi_net_final.bc>:message_write:235:2:@.str.3
</harden/bcfiles/linux_bcfiles/kbmp_kbmi_net_final.bc>:message_write:238:2:@message_buffer
</harden/bcfiles/linux_bcfiles/kbmp_kbmi_net_final.bc>:message_write:245:0:@message_buffer
</harden/bcfiles/linux_bcfiles/kbmp_kbmi_net_final.bc>:message_write:248:2:@message_buffer
</harden/bcfiles/linux_bcfiles/kbmp_kbmi_net_final.bc>:make_dynamic_area:22:1:@pcpu_hot
</harden/bcfiles/linux_bcfiles/kbmp_kbmi_net_final.bc>:make_dynamic_area:65:1:@pcpu_hot
</harden/bcfiles/linux_bcfiles/kbmp_kbmi_net_final.bc>:pmd_off_k:3:1:@init_mm
</harden/bcfiles/linux_bcfiles/kbmp_kbmi_net_final.bc>:pmd_page_vaddr:11:0:@page_offset_base
</harden/bcfiles/linux_bcfiles/kbmp_kbmi_net_final.bc>:pgd_offset_pgd:8:0:@pgdir_shift
</harden/bcfiles/linux_bcfiles/kbmp_kbmi_net_final.bc>:p4d_offset:23:1:@boot_cpu_data
</harden/bcfiles/linux_bcfiles/kbmp_kbmi_net_final.bc>:p4d_offset:75:2:@boot_cpu_data
</harden/bcfiles/linux_bcfiles/kbmp_kbmi_net_final.bc>:pud_pgtable:11:0:@page_offset_base
</harden/bcfiles/linux_bcfiles/kbmp_kbmi_net_final.bc>:p4d_pgtable:11:0:@page_offset_base
</harden/bcfiles/linux_bcfiles/kbmp_kbmi_net_final.bc>:pgd_page_vaddr:8:0:@page_offset_base
</harden/bcfiles/linux_bcfiles/kbmp_kbmi_net_final.bc>:p4d_index:5:0:@ptrs_per_p4d
</harden/bcfiles/linux_bcfiles/kbmp_kbmi_net_final.bc>:kbmi_net_init:5:2:@nfho
</harden/bcfiles/linux_bcfiles/kbmp_kbmi_net_final.bc>:kbmi_net_init:6:2:@nfho
</harden/bcfiles/linux_bcfiles/kbmp_kbmi_net_final.bc>:kbmi_net_init:7:2:@nfho
</harden/bcfiles/linux_bcfiles/kbmp_kbmi_net_final.bc>:kbmi_net_init:8:2:@nfho
</harden/bcfiles/linux_bcfiles/kbmp_kbmi_net_final.bc>:kbmi_net_init:16:2:@.str.10
</harden/bcfiles/linux_bcfiles/kbmp_kbmi_net_final.bc>:kbmi_packet_filter_hook:26:2:@message_buffer
</harden/bcfiles/linux_bcfiles/kbmp_kbmi_net_final.bc>:kbmi_packet_filter_hook:33:2:@.str.1.11
</harden/bcfiles/linux_bcfiles/kbmp_kbmi_net_final.bc>:kbmi_packet_filter_hook:39:1:@message_buffer
</harden/bcfiles/linux_bcfiles/kbmp_kbmi_net_final.bc>:kbmi_packet_filter_hook:50:1:@message_buffer
</harden/bcfiles/linux_bcfiles/kbmp_kbmi_net_final.bc>:kbmi_packet_filter_hook:63:2:@.str.2.12
</harden/bcfiles/linux_bcfiles/kbmp_kbmi_net_final.bc>:9:0
</harden/bcfiles/linux_bcfiles/kbmp_kbmi_net_final.bc>:10:0
</harden/bcfiles/linux_bcfiles/kbmp_kbmi_net_final.bc>:13:0
</harden/bcfiles/linux_bcfiles/kbmp_kbmi_net_final.bc>:14:0
</harden/bcfiles/linux_bcfiles/kbmp_kbmi_net_final.bc>:17:0
</harden/bcfiles/linux_bcfiles/kbmp_kbmi_net_final.bc>:18:0
</harden/bcfiles/linux_bcfiles/kbmp_kbmi_net_final.bc>:25:0
</harden/bcfiles/linux_bcfiles/kbmp_kbmi_net_final.bc>:26:0
</harden/bcfiles/linux_bcfiles/kbmp_kbmi_net_final.bc>:29:0
</harden/bcfiles/linux_bcfiles/kbmp_kbmi_net_final.bc>:30:0
</harden/bcfiles/linux_bcfiles/kbmp_kbmi_net_final.bc>:33:0
</harden/bcfiles/linux_bcfiles/kbmp_kbmi_net_final.bc>:34:0
</harden/bcfiles/linux_bcfiles/kbmp_kbmi_net_final.bc>:39:0
</harden/bcfiles/linux_bcfiles/kbmp_kbmi_net_final.bc>:40:0
</harden/bcfiles/linux_bcfiles/kbmp_kbmi_net_final.bc>:46:0
</harden/bcfiles/linux_bcfiles/kbmp_kbmi_net_final.bc>:58:0
</harden/bcfiles/linux_bcfiles/kbmp_kbmi_net_final.bc>:73:0
</harden/bcfiles/linux_bcfiles/kbmp_kbmi_net_final.bc>:kbmp_exit:1:0:0
</harden/bcfiles/linux_bcfiles/kbmp_kbmi_net_final.bc>:kbmp_init:6:0:0
</harden/bcfiles/linux_bcfiles/kbmp_kbmi_net_final.bc>:kbmp_init:8:3:0
</harden/bcfiles/linux_bcfiles/kbmp_kbmi_net_final.bc>:kbmp_init:8:4:0
</harden/bcfiles/linux_bcfiles/kbmp_kbmi_net_final.bc>:kbmp_init:9:3:0
</harden/bcfiles/linux_bcfiles/kbmp_kbmi_net_final.bc>:kbmp_init:9:4:0
</harden/bcfiles/linux_bcfiles/kbmp_kbmi_net_final.bc>:kbmp_init:16:3:0
</harden/bcfiles/linux_bcfiles/kbmp_kbmi_net_final.bc>:kbmp_init:16:4:0
</harden/bcfiles/linux_bcfiles/kbmp_kbmi_net_final.bc>:kbmp_init:19:0:-12
</harden/bcfiles/linux_bcfiles/kbmp_kbmi_net_final.bc>:kbmp_init:21:0:0
</harden/bcfiles/linux_bcfiles/kbmp_kbmi_net_final.bc>:kbmp_init:23:3:0
</harden/bcfiles/linux_bcfiles/kbmp_kbmi_net_final.bc>:kbmp_init:23:4:0
</harden/bcfiles/linux_bcfiles/kbmp_kbmi_net_final.bc>:kbmp_init:30:3:0
</harden/bcfiles/linux_bcfiles/kbmp_kbmi_net_final.bc>:kbmp_init:30:4:0
</harden/bcfiles/linux_bcfiles/kbmp_kbmi_net_final.bc>:kbmp_init:33:0:-12
</harden/bcfiles/linux_bcfiles/kbmp_kbmi_net_final.bc>:kbmp_init:35:0:0
</harden/bcfiles/linux_bcfiles/kbmp_kbmi_net_final.bc>:kbmp_init:37:0:0
</harden/bcfiles/linux_bcfiles/kbmp_kbmi_net_final.bc>:display:30:0:0
</harden/bcfiles/linux_bcfiles/kbmp_kbmi_net_final.bc>:display:30:1:10
</harden/bcfiles/linux_bcfiles/kbmp_kbmi_net_final.bc>:display:31:0:0
</harden/bcfiles/linux_bcfiles/kbmp_kbmi_net_final.bc>:display:31:1:1
</harden/bcfiles/linux_bcfiles/kbmp_kbmi_net_final.bc>:display:33:0:0
</harden/bcfiles/linux_bcfiles/kbmp_kbmi_net_final.bc>:display:33:1:4
</harden/bcfiles/linux_bcfiles/kbmp_kbmi_net_final.bc>:display:34:0:0
</harden/bcfiles/linux_bcfiles/kbmp_kbmi_net_final.bc>:display:34:1:1
</harden/bcfiles/linux_bcfiles/kbmp_kbmi_net_final.bc>:display:36:3:0
</harden/bcfiles/linux_bcfiles/kbmp_kbmi_net_final.bc>:display:36:4:0
</harden/bcfiles/linux_bcfiles/kbmp_kbmi_net_final.bc>:display:37:0:0
</harden/bcfiles/linux_bcfiles/kbmp_kbmi_net_final.bc>:display:41:3:0
</harden/bcfiles/linux_bcfiles/kbmp_kbmi_net_final.bc>:display:41:4:0
</harden/bcfiles/linux_bcfiles/kbmp_kbmi_net_final.bc>:display:44:0:-22
</harden/bcfiles/linux_bcfiles/kbmp_kbmi_net_final.bc>:display:51:0:0
</harden/bcfiles/linux_bcfiles/kbmp_kbmi_net_final.bc>:display:54:0:1024
</harden/bcfiles/linux_bcfiles/kbmp_kbmi_net_final.bc>:display:56:0:0
</harden/bcfiles/linux_bcfiles/kbmp_kbmi_net_final.bc>:display:68:0:1
</harden/bcfiles/linux_bcfiles/kbmp_kbmi_net_final.bc>:display:69:0:1024
</harden/bcfiles/linux_bcfiles/kbmp_kbmi_net_final.bc>:display:103:0:1
</harden/bcfiles/linux_bcfiles/kbmp_kbmi_net_final.bc>:display:111:0:0
</harden/bcfiles/linux_bcfiles/kbmp_kbmi_net_final.bc>:display:118:0:false
</harden/bcfiles/linux_bcfiles/kbmp_kbmi_net_final.bc>:display:119:0:true
</harden/bcfiles/linux_bcfiles/kbmp_kbmi_net_final.bc>:display:138:0:false
</harden/bcfiles/linux_bcfiles/kbmp_kbmi_net_final.bc>:display:142:0:2147483647
</harden/bcfiles/linux_bcfiles/kbmp_kbmi_net_final.bc>:display:143:0:true
</harden/bcfiles/linux_bcfiles/kbmp_kbmi_net_final.bc>:display:147:0:0
</harden/bcfiles/linux_bcfiles/kbmp_kbmi_net_final.bc>:display:148:0:true
</harden/bcfiles/linux_bcfiles/kbmp_kbmi_net_final.bc>:display:153:0:2307
</harden/bcfiles/linux_bcfiles/kbmp_kbmi_net_final.bc>:display:155:2:0
</harden/bcfiles/linux_bcfiles/kbmp_kbmi_net_final.bc>:display:155:3:0
</harden/bcfiles/linux_bcfiles/kbmp_kbmi_net_final.bc>:display:158:0:0
</harden/bcfiles/linux_bcfiles/kbmp_kbmi_net_final.bc>:display:159:0:true
</harden/bcfiles/linux_bcfiles/kbmp_kbmi_net_final.bc>:display:164:0:0
</harden/bcfiles/linux_bcfiles/kbmp_kbmi_net_final.bc>:display:166:0:false
</harden/bcfiles/linux_bcfiles/kbmp_kbmi_net_final.bc>:display:173:0:true
</harden/bcfiles/linux_bcfiles/kbmp_kbmi_net_final.bc>:display:188:0:0
</harden/bcfiles/linux_bcfiles/kbmp_kbmi_net_final.bc>:display:194:3:0
</harden/bcfiles/linux_bcfiles/kbmp_kbmi_net_final.bc>:display:194:4:0
</harden/bcfiles/linux_bcfiles/kbmp_kbmi_net_final.bc>:display:197:0:-22
</harden/bcfiles/linux_bcfiles/kbmp_kbmi_net_final.bc>:get_message_from_buffer:14:3:0
</harden/bcfiles/linux_bcfiles/kbmp_kbmi_net_final.bc>:get_message_from_buffer:14:4:0
</harden/bcfiles/linux_bcfiles/kbmp_kbmi_net_final.bc>:get_message_from_buffer:18:0:1
</harden/bcfiles/linux_bcfiles/kbmp_kbmi_net_final.bc>:get_message_from_buffer:21:0:3264
</harden/bcfiles/linux_bcfiles/kbmp_kbmi_net_final.bc>:get_message_from_buffer:27:0:0
</harden/bcfiles/linux_bcfiles/kbmp_kbmi_net_final.bc>:get_message_from_buffer:31:0:8192
</harden/bcfiles/linux_bcfiles/kbmp_kbmi_net_final.bc>:get_message_from_buffer:41:0:1
</harden/bcfiles/linux_bcfiles/kbmp_kbmi_net_final.bc>:get_message_from_buffer:44:0:0
</harden/bcfiles/linux_bcfiles/kbmp_kbmi_net_final.bc>:get_message_from_buffer:46:0:0
</harden/bcfiles/linux_bcfiles/kbmp_kbmi_net_final.bc>:get_message_from_buffer:49:0:8
</harden/bcfiles/linux_bcfiles/kbmp_kbmi_net_final.bc>:get_message_from_buffer:51:0:3
</harden/bcfiles/linux_bcfiles/kbmp_kbmi_net_final.bc>:get_message_from_buffer:54:0:64
</harden/bcfiles/linux_bcfiles/kbmp_kbmi_net_final.bc>:get_message_from_buffer:57:0:96
</harden/bcfiles/linux_bcfiles/kbmp_kbmi_net_final.bc>:get_message_from_buffer:59:0:1
</harden/bcfiles/linux_bcfiles/kbmp_kbmi_net_final.bc>:get_message_from_buffer:62:0:128
</harden/bcfiles/linux_bcfiles/kbmp_kbmi_net_final.bc>:get_message_from_buffer:65:0:192
</harden/bcfiles/linux_bcfiles/kbmp_kbmi_net_final.bc>:get_message_from_buffer:67:0:2
</harden/bcfiles/linux_bcfiles/kbmp_kbmi_net_final.bc>:get_message_from_buffer:70:0:8
</harden/bcfiles/linux_bcfiles/kbmp_kbmi_net_final.bc>:get_message_from_buffer:72:0:3
</harden/bcfiles/linux_bcfiles/kbmp_kbmi_net_final.bc>:get_message_from_buffer:75:0:16
</harden/bcfiles/linux_bcfiles/kbmp_kbmi_net_final.bc>:get_message_from_buffer:77:0:4
</harden/bcfiles/linux_bcfiles/kbmp_kbmi_net_final.bc>:get_message_from_buffer:80:0:32
</harden/bcfiles/linux_bcfiles/kbmp_kbmi_net_final.bc>:get_message_from_buffer:82:0:5
</harden/bcfiles/linux_bcfiles/kbmp_kbmi_net_final.bc>:get_message_from_buffer:85:0:64
</harden/bcfiles/linux_bcfiles/kbmp_kbmi_net_final.bc>:get_message_from_buffer:87:0:6
</harden/bcfiles/linux_bcfiles/kbmp_kbmi_net_final.bc>:get_message_from_buffer:90:0:128
</harden/bcfiles/linux_bcfiles/kbmp_kbmi_net_final.bc>:get_message_from_buffer:92:0:7
</harden/bcfiles/linux_bcfiles/kbmp_kbmi_net_final.bc>:get_message_from_buffer:95:0:256
</harden/bcfiles/linux_bcfiles/kbmp_kbmi_net_final.bc>:get_message_from_buffer:97:0:8
</harden/bcfiles/linux_bcfiles/kbmp_kbmi_net_final.bc>:get_message_from_buffer:100:0:512
</harden/bcfiles/linux_bcfiles/kbmp_kbmi_net_final.bc>:get_message_from_buffer:102:0:9
</harden/bcfiles/linux_bcfiles/kbmp_kbmi_net_final.bc>:get_message_from_buffer:105:0:1024
</harden/bcfiles/linux_bcfiles/kbmp_kbmi_net_final.bc>:get_message_from_buffer:107:0:10
</harden/bcfiles/linux_bcfiles/kbmp_kbmi_net_final.bc>:get_message_from_buffer:110:0:2048
</harden/bcfiles/linux_bcfiles/kbmp_kbmi_net_final.bc>:get_message_from_buffer:112:0:11
</harden/bcfiles/linux_bcfiles/kbmp_kbmi_net_final.bc>:get_message_from_buffer:115:0:4096
</harden/bcfiles/linux_bcfiles/kbmp_kbmi_net_final.bc>:get_message_from_buffer:117:0:12
</harden/bcfiles/linux_bcfiles/kbmp_kbmi_net_final.bc>:get_message_from_buffer:120:0:8192
</harden/bcfiles/linux_bcfiles/kbmp_kbmi_net_final.bc>:get_message_from_buffer:122:0:13
</harden/bcfiles/linux_bcfiles/kbmp_kbmi_net_final.bc>:get_message_from_buffer:125:0:16384
</harden/bcfiles/linux_bcfiles/kbmp_kbmi_net_final.bc>:get_message_from_buffer:127:0:14
</harden/bcfiles/linux_bcfiles/kbmp_kbmi_net_final.bc>:get_message_from_buffer:130:0:32768
</harden/bcfiles/linux_bcfiles/kbmp_kbmi_net_final.bc>:get_message_from_buffer:132:0:15
</harden/bcfiles/linux_bcfiles/kbmp_kbmi_net_final.bc>:get_message_from_buffer:135:0:65536
</harden/bcfiles/linux_bcfiles/kbmp_kbmi_net_final.bc>:get_message_from_buffer:137:0:16
</harden/bcfiles/linux_bcfiles/kbmp_kbmi_net_final.bc>:get_message_from_buffer:140:0:131072
</harden/bcfiles/linux_bcfiles/kbmp_kbmi_net_final.bc>:get_message_from_buffer:142:0:17
</harden/bcfiles/linux_bcfiles/kbmp_kbmi_net_final.bc>:get_message_from_buffer:145:0:262144
</harden/bcfiles/linux_bcfiles/kbmp_kbmi_net_final.bc>:get_message_from_buffer:147:0:18
</harden/bcfiles/linux_bcfiles/kbmp_kbmi_net_final.bc>:get_message_from_buffer:150:0:524288
</harden/bcfiles/linux_bcfiles/kbmp_kbmi_net_final.bc>:get_message_from_buffer:152:0:19
</harden/bcfiles/linux_bcfiles/kbmp_kbmi_net_final.bc>:get_message_from_buffer:155:0:1048576
</harden/bcfiles/linux_bcfiles/kbmp_kbmi_net_final.bc>:get_message_from_buffer:157:0:20
</harden/bcfiles/linux_bcfiles/kbmp_kbmi_net_final.bc>:get_message_from_buffer:160:0:2097152
</harden/bcfiles/linux_bcfiles/kbmp_kbmi_net_final.bc>:get_message_from_buffer:162:0:21
</harden/bcfiles/linux_bcfiles/kbmp_kbmi_net_final.bc>:get_message_from_buffer:167:0:-1
</harden/bcfiles/linux_bcfiles/kbmp_kbmi_net_final.bc>:get_message_from_buffer:169:2:0
</harden/bcfiles/linux_bcfiles/kbmp_kbmi_net_final.bc>:get_message_from_buffer:169:3:0
</harden/bcfiles/linux_bcfiles/kbmp_kbmi_net_final.bc>:get_message_from_buffer:181:0:17
</harden/bcfiles/linux_bcfiles/kbmp_kbmi_net_final.bc>:get_message_from_buffer:182:0:0
</harden/bcfiles/linux_bcfiles/kbmp_kbmi_net_final.bc>:get_message_from_buffer:183:0:true
</harden/bcfiles/linux_bcfiles/kbmp_kbmi_net_final.bc>:get_message_from_buffer:187:0:0
</harden/bcfiles/linux_bcfiles/kbmp_kbmi_net_final.bc>:get_message_from_buffer:190:0:1
</harden/bcfiles/linux_bcfiles/kbmp_kbmi_net_final.bc>:get_message_from_buffer:191:0:0
</harden/bcfiles/linux_bcfiles/kbmp_kbmi_net_final.bc>:get_message_from_buffer:193:0:2
</harden/bcfiles/linux_bcfiles/kbmp_kbmi_net_final.bc>:get_message_from_buffer:195:0:1
</harden/bcfiles/linux_bcfiles/kbmp_kbmi_net_final.bc>:get_message_from_buffer:199:1:0
</harden/bcfiles/linux_bcfiles/kbmp_kbmi_net_final.bc>:get_message_from_buffer:202:0:0
</harden/bcfiles/linux_bcfiles/kbmp_kbmi_net_final.bc>:get_message_from_buffer:223:3:0
</harden/bcfiles/linux_bcfiles/kbmp_kbmi_net_final.bc>:get_message_from_buffer:223:4:0
</harden/bcfiles/linux_bcfiles/kbmp_kbmi_net_final.bc>:get_message_from_buffer:227:0:0
</harden/bcfiles/linux_bcfiles/kbmp_kbmi_net_final.bc>:rotate:27:0:1
</harden/bcfiles/linux_bcfiles/kbmp_kbmi_net_final.bc>:rotate:30:0:3264
</harden/bcfiles/linux_bcfiles/kbmp_kbmi_net_final.bc>:rotate:36:0:0
</harden/bcfiles/linux_bcfiles/kbmp_kbmi_net_final.bc>:rotate:40:0:8192
</harden/bcfiles/linux_bcfiles/kbmp_kbmi_net_final.bc>:rotate:50:0:1
</harden/bcfiles/linux_bcfiles/kbmp_kbmi_net_final.bc>:rotate:53:0:0
</harden/bcfiles/linux_bcfiles/kbmp_kbmi_net_final.bc>:rotate:55:0:0
</harden/bcfiles/linux_bcfiles/kbmp_kbmi_net_final.bc>:rotate:58:0:8
</harden/bcfiles/linux_bcfiles/kbmp_kbmi_net_final.bc>:rotate:60:0:3
</harden/bcfiles/linux_bcfiles/kbmp_kbmi_net_final.bc>:rotate:63:0:64
</harden/bcfiles/linux_bcfiles/kbmp_kbmi_net_final.bc>:rotate:66:0:96
</harden/bcfiles/linux_bcfiles/kbmp_kbmi_net_final.bc>:rotate:68:0:1
</harden/bcfiles/linux_bcfiles/kbmp_kbmi_net_final.bc>:rotate:71:0:128
</harden/bcfiles/linux_bcfiles/kbmp_kbmi_net_final.bc>:rotate:74:0:192
</harden/bcfiles/linux_bcfiles/kbmp_kbmi_net_final.bc>:rotate:76:0:2
</harden/bcfiles/linux_bcfiles/kbmp_kbmi_net_final.bc>:rotate:79:0:8
</harden/bcfiles/linux_bcfiles/kbmp_kbmi_net_final.bc>:rotate:81:0:3
</harden/bcfiles/linux_bcfiles/kbmp_kbmi_net_final.bc>:rotate:84:0:16
</harden/bcfiles/linux_bcfiles/kbmp_kbmi_net_final.bc>:rotate:86:0:4
</harden/bcfiles/linux_bcfiles/kbmp_kbmi_net_final.bc>:rotate:89:0:32
</harden/bcfiles/linux_bcfiles/kbmp_kbmi_net_final.bc>:rotate:91:0:5
</harden/bcfiles/linux_bcfiles/kbmp_kbmi_net_final.bc>:rotate:94:0:64
</harden/bcfiles/linux_bcfiles/kbmp_kbmi_net_final.bc>:rotate:96:0:6
</harden/bcfiles/linux_bcfiles/kbmp_kbmi_net_final.bc>:rotate:99:0:128
</harden/bcfiles/linux_bcfiles/kbmp_kbmi_net_final.bc>:rotate:101:0:7
</harden/bcfiles/linux_bcfiles/kbmp_kbmi_net_final.bc>:rotate:104:0:256
</harden/bcfiles/linux_bcfiles/kbmp_kbmi_net_final.bc>:rotate:106:0:8
</harden/bcfiles/linux_bcfiles/kbmp_kbmi_net_final.bc>:rotate:109:0:512
</harden/bcfiles/linux_bcfiles/kbmp_kbmi_net_final.bc>:rotate:111:0:9
</harden/bcfiles/linux_bcfiles/kbmp_kbmi_net_final.bc>:rotate:114:0:1024
</harden/bcfiles/linux_bcfiles/kbmp_kbmi_net_final.bc>:rotate:116:0:10
</harden/bcfiles/linux_bcfiles/kbmp_kbmi_net_final.bc>:rotate:119:0:2048
</harden/bcfiles/linux_bcfiles/kbmp_kbmi_net_final.bc>:rotate:121:0:11
</harden/bcfiles/linux_bcfiles/kbmp_kbmi_net_final.bc>:rotate:124:0:4096
</harden/bcfiles/linux_bcfiles/kbmp_kbmi_net_final.bc>:rotate:126:0:12
</harden/bcfiles/linux_bcfiles/kbmp_kbmi_net_final.bc>:rotate:129:0:8192
</harden/bcfiles/linux_bcfiles/kbmp_kbmi_net_final.bc>:rotate:131:0:13
</harden/bcfiles/linux_bcfiles/kbmp_kbmi_net_final.bc>:rotate:134:0:16384
</harden/bcfiles/linux_bcfiles/kbmp_kbmi_net_final.bc>:rotate:136:0:14
</harden/bcfiles/linux_bcfiles/kbmp_kbmi_net_final.bc>:rotate:139:0:32768
</harden/bcfiles/linux_bcfiles/kbmp_kbmi_net_final.bc>:rotate:141:0:15
</harden/bcfiles/linux_bcfiles/kbmp_kbmi_net_final.bc>:rotate:144:0:65536
</harden/bcfiles/linux_bcfiles/kbmp_kbmi_net_final.bc>:rotate:146:0:16
</harden/bcfiles/linux_bcfiles/kbmp_kbmi_net_final.bc>:rotate:149:0:131072
</harden/bcfiles/linux_bcfiles/kbmp_kbmi_net_final.bc>:rotate:151:0:17
</harden/bcfiles/linux_bcfiles/kbmp_kbmi_net_final.bc>:rotate:154:0:262144
</harden/bcfiles/linux_bcfiles/kbmp_kbmi_net_final.bc>:rotate:156:0:18
</harden/bcfiles/linux_bcfiles/kbmp_kbmi_net_final.bc>:rotate:159:0:524288
</harden/bcfiles/linux_bcfiles/kbmp_kbmi_net_final.bc>:rotate:161:0:19
</harden/bcfiles/linux_bcfiles/kbmp_kbmi_net_final.bc>:rotate:164:0:1048576
</harden/bcfiles/linux_bcfiles/kbmp_kbmi_net_final.bc>:rotate:166:0:20
</harden/bcfiles/linux_bcfiles/kbmp_kbmi_net_final.bc>:rotate:169:0:2097152
</harden/bcfiles/linux_bcfiles/kbmp_kbmi_net_final.bc>:rotate:171:0:21
</harden/bcfiles/linux_bcfiles/kbmp_kbmi_net_final.bc>:rotate:176:0:-1
</harden/bcfiles/linux_bcfiles/kbmp_kbmi_net_final.bc>:rotate:178:2:0
</harden/bcfiles/linux_bcfiles/kbmp_kbmi_net_final.bc>:rotate:178:3:0
</harden/bcfiles/linux_bcfiles/kbmp_kbmi_net_final.bc>:rotate:190:0:17
</harden/bcfiles/linux_bcfiles/kbmp_kbmi_net_final.bc>:rotate:191:0:0
</harden/bcfiles/linux_bcfiles/kbmp_kbmi_net_final.bc>:rotate:192:0:true
</harden/bcfiles/linux_bcfiles/kbmp_kbmi_net_final.bc>:rotate:196:0:0
</harden/bcfiles/linux_bcfiles/kbmp_kbmi_net_final.bc>:rotate:199:0:1
</harden/bcfiles/linux_bcfiles/kbmp_kbmi_net_final.bc>:rotate:200:0:0
</harden/bcfiles/linux_bcfiles/kbmp_kbmi_net_final.bc>:rotate:202:0:2
</harden/bcfiles/linux_bcfiles/kbmp_kbmi_net_final.bc>:rotate:204:0:1
</harden/bcfiles/linux_bcfiles/kbmp_kbmi_net_final.bc>:rotate:208:1:0
</harden/bcfiles/linux_bcfiles/kbmp_kbmi_net_final.bc>:rotate:211:0:0
</harden/bcfiles/linux_bcfiles/kbmp_kbmi_net_final.bc>:rotate:255:0:0
</harden/bcfiles/linux_bcfiles/kbmp_kbmi_net_final.bc>:message_read:29:0:0
</harden/bcfiles/linux_bcfiles/kbmp_kbmi_net_final.bc>:message_read:29:1:10
</harden/bcfiles/linux_bcfiles/kbmp_kbmi_net_final.bc>:message_read:30:0:0
</harden/bcfiles/linux_bcfiles/kbmp_kbmi_net_final.bc>:message_read:30:1:1
</harden/bcfiles/linux_bcfiles/kbmp_kbmi_net_final.bc>:message_read:32:0:0
</harden/bcfiles/linux_bcfiles/kbmp_kbmi_net_final.bc>:message_read:32:1:4
</harden/bcfiles/linux_bcfiles/kbmp_kbmi_net_final.bc>:message_read:33:0:0
</harden/bcfiles/linux_bcfiles/kbmp_kbmi_net_final.bc>:message_read:33:1:1
</harden/bcfiles/linux_bcfiles/kbmp_kbmi_net_final.bc>:message_read:35:3:0
</harden/bcfiles/linux_bcfiles/kbmp_kbmi_net_final.bc>:message_read:35:4:0
</harden/bcfiles/linux_bcfiles/kbmp_kbmi_net_final.bc>:message_read:36:0:0
</harden/bcfiles/linux_bcfiles/kbmp_kbmi_net_final.bc>:message_read:40:3:0
</harden/bcfiles/linux_bcfiles/kbmp_kbmi_net_final.bc>:message_read:40:4:0
</harden/bcfiles/linux_bcfiles/kbmp_kbmi_net_final.bc>:message_read:43:0:-22
</harden/bcfiles/linux_bcfiles/kbmp_kbmi_net_final.bc>:message_read:50:0:0
</harden/bcfiles/linux_bcfiles/kbmp_kbmi_net_final.bc>:message_read:53:0:1024
</harden/bcfiles/linux_bcfiles/kbmp_kbmi_net_final.bc>:message_read:55:0:0
</harden/bcfiles/linux_bcfiles/kbmp_kbmi_net_final.bc>:message_read:58:0:1024
</harden/bcfiles/linux_bcfiles/kbmp_kbmi_net_final.bc>:message_read:60:0:1024
</harden/bcfiles/linux_bcfiles/kbmp_kbmi_net_final.bc>:message_read:63:3:0
</harden/bcfiles/linux_bcfiles/kbmp_kbmi_net_final.bc>:message_read:63:4:0
</harden/bcfiles/linux_bcfiles/kbmp_kbmi_net_final.bc>:message_read:77:2:0
</harden/bcfiles/linux_bcfiles/kbmp_kbmi_net_final.bc>:message_read:77:3:0
</harden/bcfiles/linux_bcfiles/kbmp_kbmi_net_final.bc>:message_read:87:0:1
</harden/bcfiles/linux_bcfiles/kbmp_kbmi_net_final.bc>:message_read:95:0:0
</harden/bcfiles/linux_bcfiles/kbmp_kbmi_net_final.bc>:message_read:102:0:false
</harden/bcfiles/linux_bcfiles/kbmp_kbmi_net_final.bc>:message_read:103:0:true
</harden/bcfiles/linux_bcfiles/kbmp_kbmi_net_final.bc>:message_read:122:0:false
</harden/bcfiles/linux_bcfiles/kbmp_kbmi_net_final.bc>:message_read:126:0:2147483647
</harden/bcfiles/linux_bcfiles/kbmp_kbmi_net_final.bc>:message_read:127:0:true
</harden/bcfiles/linux_bcfiles/kbmp_kbmi_net_final.bc>:message_read:131:0:0
</harden/bcfiles/linux_bcfiles/kbmp_kbmi_net_final.bc>:message_read:132:0:true
</harden/bcfiles/linux_bcfiles/kbmp_kbmi_net_final.bc>:message_read:137:0:2307
</harden/bcfiles/linux_bcfiles/kbmp_kbmi_net_final.bc>:message_read:139:2:0
</harden/bcfiles/linux_bcfiles/kbmp_kbmi_net_final.bc>:message_read:139:3:0
</harden/bcfiles/linux_bcfiles/kbmp_kbmi_net_final.bc>:message_read:142:0:0
</harden/bcfiles/linux_bcfiles/kbmp_kbmi_net_final.bc>:message_read:143:0:true
</harden/bcfiles/linux_bcfiles/kbmp_kbmi_net_final.bc>:message_read:148:0:0
</harden/bcfiles/linux_bcfiles/kbmp_kbmi_net_final.bc>:message_read:150:0:false
</harden/bcfiles/linux_bcfiles/kbmp_kbmi_net_final.bc>:message_read:157:0:true
</harden/bcfiles/linux_bcfiles/kbmp_kbmi_net_final.bc>:message_read:170:0:0
</harden/bcfiles/linux_bcfiles/kbmp_kbmi_net_final.bc>:message_read:176:3:0
</harden/bcfiles/linux_bcfiles/kbmp_kbmi_net_final.bc>:message_read:176:4:0
</harden/bcfiles/linux_bcfiles/kbmp_kbmi_net_final.bc>:message_read:179:0:-14
</harden/bcfiles/linux_bcfiles/kbmp_kbmi_net_final.bc>:message_write:38:0:0
</harden/bcfiles/linux_bcfiles/kbmp_kbmi_net_final.bc>:message_write:38:1:10
</harden/bcfiles/linux_bcfiles/kbmp_kbmi_net_final.bc>:message_write:39:0:0
</harden/bcfiles/linux_bcfiles/kbmp_kbmi_net_final.bc>:message_write:39:1:1
</harden/bcfiles/linux_bcfiles/kbmp_kbmi_net_final.bc>:message_write:41:0:0
</harden/bcfiles/linux_bcfiles/kbmp_kbmi_net_final.bc>:message_write:41:1:4
</harden/bcfiles/linux_bcfiles/kbmp_kbmi_net_final.bc>:message_write:42:0:0
</harden/bcfiles/linux_bcfiles/kbmp_kbmi_net_final.bc>:message_write:42:1:1
</harden/bcfiles/linux_bcfiles/kbmp_kbmi_net_final.bc>:message_write:44:3:0
</harden/bcfiles/linux_bcfiles/kbmp_kbmi_net_final.bc>:message_write:44:4:0
</harden/bcfiles/linux_bcfiles/kbmp_kbmi_net_final.bc>:message_write:45:0:0
</harden/bcfiles/linux_bcfiles/kbmp_kbmi_net_final.bc>:message_write:49:3:0
</harden/bcfiles/linux_bcfiles/kbmp_kbmi_net_final.bc>:message_write:49:4:0
</harden/bcfiles/linux_bcfiles/kbmp_kbmi_net_final.bc>:message_write:52:0:-22
</harden/bcfiles/linux_bcfiles/kbmp_kbmi_net_final.bc>:message_write:55:0:1024
</harden/bcfiles/linux_bcfiles/kbmp_kbmi_net_final.bc>:message_write:59:3:0
</harden/bcfiles/linux_bcfiles/kbmp_kbmi_net_final.bc>:message_write:59:4:0
</harden/bcfiles/linux_bcfiles/kbmp_kbmi_net_final.bc>:message_write:62:0:-22
</harden/bcfiles/linux_bcfiles/kbmp_kbmi_net_final.bc>:message_write:65:0:0
</harden/bcfiles/linux_bcfiles/kbmp_kbmi_net_final.bc>:message_write:107:0:0
</harden/bcfiles/linux_bcfiles/kbmp_kbmi_net_final.bc>:message_write:109:0:-14
</harden/bcfiles/linux_bcfiles/kbmp_kbmi_net_final.bc>:message_write:113:0:0
</harden/bcfiles/linux_bcfiles/kbmp_kbmi_net_final.bc>:message_write:118:0:122
</harden/bcfiles/linux_bcfiles/kbmp_kbmi_net_final.bc>:message_write:122:0:65
</harden/bcfiles/linux_bcfiles/kbmp_kbmi_net_final.bc>:message_write:124:0:-22
</harden/bcfiles/linux_bcfiles/kbmp_kbmi_net_final.bc>:message_write:128:0:1
</harden/bcfiles/linux_bcfiles/kbmp_kbmi_net_final.bc>:message_write:134:2:0
</harden/bcfiles/linux_bcfiles/kbmp_kbmi_net_final.bc>:message_write:134:3:0
</harden/bcfiles/linux_bcfiles/kbmp_kbmi_net_final.bc>:message_write:146:0:0
</harden/bcfiles/linux_bcfiles/kbmp_kbmi_net_final.bc>:message_write:154:0:0
</harden/bcfiles/linux_bcfiles/kbmp_kbmi_net_final.bc>:message_write:161:0:false
</harden/bcfiles/linux_bcfiles/kbmp_kbmi_net_final.bc>:message_write:162:0:true
</harden/bcfiles/linux_bcfiles/kbmp_kbmi_net_final.bc>:message_write:181:0:false
</harden/bcfiles/linux_bcfiles/kbmp_kbmi_net_final.bc>:message_write:185:0:2147483647
</harden/bcfiles/linux_bcfiles/kbmp_kbmi_net_final.bc>:message_write:186:0:true
</harden/bcfiles/linux_bcfiles/kbmp_kbmi_net_final.bc>:message_write:190:0:0
</harden/bcfiles/linux_bcfiles/kbmp_kbmi_net_final.bc>:message_write:191:0:true
</harden/bcfiles/linux_bcfiles/kbmp_kbmi_net_final.bc>:message_write:196:0:2307
</harden/bcfiles/linux_bcfiles/kbmp_kbmi_net_final.bc>:message_write:198:2:0
</harden/bcfiles/linux_bcfiles/kbmp_kbmi_net_final.bc>:message_write:198:3:0
</harden/bcfiles/linux_bcfiles/kbmp_kbmi_net_final.bc>:message_write:201:0:0
</harden/bcfiles/linux_bcfiles/kbmp_kbmi_net_final.bc>:message_write:202:0:true
</harden/bcfiles/linux_bcfiles/kbmp_kbmi_net_final.bc>:message_write:207:0:0
</harden/bcfiles/linux_bcfiles/kbmp_kbmi_net_final.bc>:message_write:209:0:false
</harden/bcfiles/linux_bcfiles/kbmp_kbmi_net_final.bc>:message_write:216:0:true
</harden/bcfiles/linux_bcfiles/kbmp_kbmi_net_final.bc>:message_write:229:0:0
</harden/bcfiles/linux_bcfiles/kbmp_kbmi_net_final.bc>:message_write:235:3:0
</harden/bcfiles/linux_bcfiles/kbmp_kbmi_net_final.bc>:message_write:235:4:0
</harden/bcfiles/linux_bcfiles/kbmp_kbmi_net_final.bc>:message_write:238:3:0
</harden/bcfiles/linux_bcfiles/kbmp_kbmi_net_final.bc>:message_write:238:4:0
</harden/bcfiles/linux_bcfiles/kbmp_kbmi_net_final.bc>:message_write:239:0:-22
</harden/bcfiles/linux_bcfiles/kbmp_kbmi_net_final.bc>:message_write:242:0:1024
</harden/bcfiles/linux_bcfiles/kbmp_kbmi_net_final.bc>:message_write:245:1:0
</harden/bcfiles/linux_bcfiles/kbmp_kbmi_net_final.bc>:message_write:246:0:0
</harden/bcfiles/linux_bcfiles/kbmp_kbmi_net_final.bc>:message_write:248:0:0
</harden/bcfiles/linux_bcfiles/kbmp_kbmi_net_final.bc>:message_write:248:3:0
</harden/bcfiles/linux_bcfiles/kbmp_kbmi_net_final.bc>:message_write:248:4:1023
</harden/bcfiles/linux_bcfiles/kbmp_kbmi_net_final.bc>:message_write:250:0:0
</harden/bcfiles/linux_bcfiles/kbmp_kbmi_net_final.bc>:make_dynamic_area:22:2:0
</harden/bcfiles/linux_bcfiles/kbmp_kbmi_net_final.bc>:make_dynamic_area:22:3:0
</harden/bcfiles/linux_bcfiles/kbmp_kbmi_net_final.bc>:make_dynamic_area:22:4:0
</harden/bcfiles/linux_bcfiles/kbmp_kbmi_net_final.bc>:make_dynamic_area:22:5:0
</harden/bcfiles/linux_bcfiles/kbmp_kbmi_net_final.bc>:make_dynamic_area:38:0:0
</harden/bcfiles/linux_bcfiles/kbmp_kbmi_net_final.bc>:make_dynamic_area:38:1:2
</harden/bcfiles/linux_bcfiles/kbmp_kbmi_net_final.bc>:make_dynamic_area:44:0:12288
</harden/bcfiles/linux_bcfiles/kbmp_kbmi_net_final.bc>:make_dynamic_area:55:0:0
</harden/bcfiles/linux_bcfiles/kbmp_kbmi_net_final.bc>:make_dynamic_area:55:1:0
</harden/bcfiles/linux_bcfiles/kbmp_kbmi_net_final.bc>:make_dynamic_area:58:0:0
</harden/bcfiles/linux_bcfiles/kbmp_kbmi_net_final.bc>:make_dynamic_area:65:2:0
</harden/bcfiles/linux_bcfiles/kbmp_kbmi_net_final.bc>:make_dynamic_area:65:3:0
</harden/bcfiles/linux_bcfiles/kbmp_kbmi_net_final.bc>:make_dynamic_area:65:4:0
</harden/bcfiles/linux_bcfiles/kbmp_kbmi_net_final.bc>:make_dynamic_area:65:5:0
</harden/bcfiles/linux_bcfiles/kbmp_kbmi_net_final.bc>:make_dynamic_area:75:0:0
</harden/bcfiles/linux_bcfiles/kbmp_kbmi_net_final.bc>:make_dynamic_area:75:1:47
</harden/bcfiles/linux_bcfiles/kbmp_kbmi_net_final.bc>:make_dynamic_area:80:0:0
</harden/bcfiles/linux_bcfiles/kbmp_kbmi_net_final.bc>:make_dynamic_area:80:1:0
</harden/bcfiles/linux_bcfiles/kbmp_kbmi_net_final.bc>:make_dynamic_area:83:0:0
</harden/bcfiles/linux_bcfiles/kbmp_kbmi_net_final.bc>:make_dynamic_area:83:1:0
</harden/bcfiles/linux_bcfiles/kbmp_kbmi_net_final.bc>:make_dynamic_area:85:0:0
</harden/bcfiles/linux_bcfiles/kbmp_kbmi_net_final.bc>:make_dynamic_area:85:1:0
</harden/bcfiles/linux_bcfiles/kbmp_kbmi_net_final.bc>:virt_to_kpte:9:0:0
</harden/bcfiles/linux_bcfiles/kbmp_kbmi_net_final.bc>:virt_to_kpte:9:1:0
</harden/bcfiles/linux_bcfiles/kbmp_kbmi_net_final.bc>:virt_to_kpte:12:0:0
</harden/bcfiles/linux_bcfiles/kbmp_kbmi_net_final.bc>:pte_exec:1:0:0
</harden/bcfiles/linux_bcfiles/kbmp_kbmi_net_final.bc>:pte_exec:1:1:0
</harden/bcfiles/linux_bcfiles/kbmp_kbmi_net_final.bc>:pte_exec:4:0:0
</harden/bcfiles/linux_bcfiles/kbmp_kbmi_net_final.bc>:pte_exec:4:1:0
</harden/bcfiles/linux_bcfiles/kbmp_kbmi_net_final.bc>:pte_exec:7:0:-9223372036854775808
</harden/bcfiles/linux_bcfiles/kbmp_kbmi_net_final.bc>:pte_exec:8:0:0
</harden/bcfiles/linux_bcfiles/kbmp_kbmi_net_final.bc>:pte_exec:9:0:true
</harden/bcfiles/linux_bcfiles/kbmp_kbmi_net_final.bc>:pte_mkexec:2:0:0
</harden/bcfiles/linux_bcfiles/kbmp_kbmi_net_final.bc>:pte_mkexec:2:1:0
</harden/bcfiles/linux_bcfiles/kbmp_kbmi_net_final.bc>:pte_mkexec:5:0:0
</harden/bcfiles/linux_bcfiles/kbmp_kbmi_net_final.bc>:pte_mkexec:5:1:0
</harden/bcfiles/linux_bcfiles/kbmp_kbmi_net_final.bc>:pte_mkexec:8:0:0
</harden/bcfiles/linux_bcfiles/kbmp_kbmi_net_final.bc>:pte_mkexec:8:1:0
</harden/bcfiles/linux_bcfiles/kbmp_kbmi_net_final.bc>:pte_mkexec:10:0:0
</harden/bcfiles/linux_bcfiles/kbmp_kbmi_net_final.bc>:pte_mkexec:10:1:0
</harden/bcfiles/linux_bcfiles/kbmp_kbmi_net_final.bc>:set_ptes:6:0:0
</harden/bcfiles/linux_bcfiles/kbmp_kbmi_net_final.bc>:set_ptes:6:1:0
</harden/bcfiles/linux_bcfiles/kbmp_kbmi_net_final.bc>:set_ptes:20:0:0
</harden/bcfiles/linux_bcfiles/kbmp_kbmi_net_final.bc>:set_ptes:20:1:0
</harden/bcfiles/linux_bcfiles/kbmp_kbmi_net_final.bc>:set_ptes:27:0:0
</harden/bcfiles/linux_bcfiles/kbmp_kbmi_net_final.bc>:set_ptes:27:1:0
</harden/bcfiles/linux_bcfiles/kbmp_kbmi_net_final.bc>:set_ptes:31:0:-1
</harden/bcfiles/linux_bcfiles/kbmp_kbmi_net_final.bc>:set_ptes:33:0:0
</harden/bcfiles/linux_bcfiles/kbmp_kbmi_net_final.bc>:set_ptes:37:0:1
</harden/bcfiles/linux_bcfiles/kbmp_kbmi_net_final.bc>:set_ptes:39:0:0
</harden/bcfiles/linux_bcfiles/kbmp_kbmi_net_final.bc>:set_ptes:39:1:0
</harden/bcfiles/linux_bcfiles/kbmp_kbmi_net_final.bc>:set_ptes:42:0:0
</harden/bcfiles/linux_bcfiles/kbmp_kbmi_net_final.bc>:set_ptes:42:1:0
</harden/bcfiles/linux_bcfiles/kbmp_kbmi_net_final.bc>:page_table_check_ptes_set:4:0:0
</harden/bcfiles/linux_bcfiles/kbmp_kbmi_net_final.bc>:page_table_check_ptes_set:4:1:0
</harden/bcfiles/linux_bcfiles/kbmp_kbmi_net_final.bc>:native_set_pte:2:0:0
</harden/bcfiles/linux_bcfiles/kbmp_kbmi_net_final.bc>:native_set_pte:2:1:0
</harden/bcfiles/linux_bcfiles/kbmp_kbmi_net_final.bc>:pte_next_pfn:2:0:0
</harden/bcfiles/linux_bcfiles/kbmp_kbmi_net_final.bc>:pte_next_pfn:2:1:0
</harden/bcfiles/linux_bcfiles/kbmp_kbmi_net_final.bc>:pte_next_pfn:5:0:0
</harden/bcfiles/linux_bcfiles/kbmp_kbmi_net_final.bc>:pte_next_pfn:5:1:0
</harden/bcfiles/linux_bcfiles/kbmp_kbmi_net_final.bc>:pte_next_pfn:10:0:0
</harden/bcfiles/linux_bcfiles/kbmp_kbmi_net_final.bc>:pte_next_pfn:10:1:0
</harden/bcfiles/linux_bcfiles/kbmp_kbmi_net_final.bc>:pte_next_pfn:13:0:4096
</harden/bcfiles/linux_bcfiles/kbmp_kbmi_net_final.bc>:pte_next_pfn:15:0:0
</harden/bcfiles/linux_bcfiles/kbmp_kbmi_net_final.bc>:pte_next_pfn:15:1:0
</harden/bcfiles/linux_bcfiles/kbmp_kbmi_net_final.bc>:pte_next_pfn:18:0:0
</harden/bcfiles/linux_bcfiles/kbmp_kbmi_net_final.bc>:pte_next_pfn:18:1:0
</harden/bcfiles/linux_bcfiles/kbmp_kbmi_net_final.bc>:pte_next_pfn:21:0:4096
</harden/bcfiles/linux_bcfiles/kbmp_kbmi_net_final.bc>:pte_next_pfn:23:0:0
</harden/bcfiles/linux_bcfiles/kbmp_kbmi_net_final.bc>:pte_next_pfn:23:1:0
</harden/bcfiles/linux_bcfiles/kbmp_kbmi_net_final.bc>:pte_next_pfn:26:0:0
</harden/bcfiles/linux_bcfiles/kbmp_kbmi_net_final.bc>:pte_next_pfn:26:1:0
</harden/bcfiles/linux_bcfiles/kbmp_kbmi_net_final.bc>:native_pte_val:1:0:0
</harden/bcfiles/linux_bcfiles/kbmp_kbmi_net_final.bc>:native_pte_val:1:1:0
</harden/bcfiles/linux_bcfiles/kbmp_kbmi_net_final.bc>:native_pte_val:4:0:0
</harden/bcfiles/linux_bcfiles/kbmp_kbmi_net_final.bc>:native_pte_val:4:1:0
</harden/bcfiles/linux_bcfiles/kbmp_kbmi_net_final.bc>:__pte_needs_invert:4:0:0
</harden/bcfiles/linux_bcfiles/kbmp_kbmi_net_final.bc>:__pte_needs_invert:7:0:1
</harden/bcfiles/linux_bcfiles/kbmp_kbmi_net_final.bc>:__pte_needs_invert:8:0:0
</harden/bcfiles/linux_bcfiles/kbmp_kbmi_net_final.bc>:__pte_needs_invert:9:0:true
</harden/bcfiles/linux_bcfiles/kbmp_kbmi_net_final.bc>:__pte_needs_invert:11:0:false
</harden/bcfiles/linux_bcfiles/kbmp_kbmi_net_final.bc>:native_make_pte:4:0:0
</harden/bcfiles/linux_bcfiles/kbmp_kbmi_net_final.bc>:native_make_pte:4:1:0
</harden/bcfiles/linux_bcfiles/kbmp_kbmi_net_final.bc>:native_make_pte:7:0:0
</harden/bcfiles/linux_bcfiles/kbmp_kbmi_net_final.bc>:native_make_pte:7:1:0
</harden/bcfiles/linux_bcfiles/kbmp_kbmi_net_final.bc>:pte_clear_flags:4:0:0
</harden/bcfiles/linux_bcfiles/kbmp_kbmi_net_final.bc>:pte_clear_flags:4:1:0
</harden/bcfiles/linux_bcfiles/kbmp_kbmi_net_final.bc>:pte_clear_flags:10:0:0
</harden/bcfiles/linux_bcfiles/kbmp_kbmi_net_final.bc>:pte_clear_flags:10:1:0
</harden/bcfiles/linux_bcfiles/kbmp_kbmi_net_final.bc>:pte_clear_flags:16:0:-1
</harden/bcfiles/linux_bcfiles/kbmp_kbmi_net_final.bc>:pte_clear_flags:19:0:0
</harden/bcfiles/linux_bcfiles/kbmp_kbmi_net_final.bc>:pte_clear_flags:19:1:0
</harden/bcfiles/linux_bcfiles/kbmp_kbmi_net_final.bc>:pte_clear_flags:21:0:0
</harden/bcfiles/linux_bcfiles/kbmp_kbmi_net_final.bc>:pte_clear_flags:21:1:0
</harden/bcfiles/linux_bcfiles/kbmp_kbmi_net_final.bc>:pte_flags:1:0:0
</harden/bcfiles/linux_bcfiles/kbmp_kbmi_net_final.bc>:pte_flags:1:1:0
</harden/bcfiles/linux_bcfiles/kbmp_kbmi_net_final.bc>:pte_flags:4:0:0
</harden/bcfiles/linux_bcfiles/kbmp_kbmi_net_final.bc>:pte_flags:4:1:0
</harden/bcfiles/linux_bcfiles/kbmp_kbmi_net_final.bc>:pte_flags:7:0:-4503599627366401
</harden/bcfiles/linux_bcfiles/kbmp_kbmi_net_final.bc>:pmd_off_k:3:2:0
</harden/bcfiles/linux_bcfiles/kbmp_kbmi_net_final.bc>:pmd_off_k:3:3:0
</harden/bcfiles/linux_bcfiles/kbmp_kbmi_net_final.bc>:pmd_off_k:3:4:8
</harden/bcfiles/linux_bcfiles/kbmp_kbmi_net_final.bc>:pmd_none:2:0:0
</harden/bcfiles/linux_bcfiles/kbmp_kbmi_net_final.bc>:pmd_none:2:1:0
</harden/bcfiles/linux_bcfiles/kbmp_kbmi_net_final.bc>:pmd_none:6:0:0
</harden/bcfiles/linux_bcfiles/kbmp_kbmi_net_final.bc>:pmd_none:6:1:0
</harden/bcfiles/linux_bcfiles/kbmp_kbmi_net_final.bc>:pmd_none:11:0:-97
</harden/bcfiles/linux_bcfiles/kbmp_kbmi_net_final.bc>:pmd_none:12:0:0
</harden/bcfiles/linux_bcfiles/kbmp_kbmi_net_final.bc>:pte_offset_kernel:7:0:0
</harden/bcfiles/linux_bcfiles/kbmp_kbmi_net_final.bc>:pte_offset_kernel:7:1:0
</harden/bcfiles/linux_bcfiles/kbmp_kbmi_net_final.bc>:pmd_page_vaddr:1:0:0
</harden/bcfiles/linux_bcfiles/kbmp_kbmi_net_final.bc>:pmd_page_vaddr:1:1:0
</harden/bcfiles/linux_bcfiles/kbmp_kbmi_net_final.bc>:pmd_page_vaddr:4:0:0
</harden/bcfiles/linux_bcfiles/kbmp_kbmi_net_final.bc>:pmd_page_vaddr:4:1:0
</harden/bcfiles/linux_bcfiles/kbmp_kbmi_net_final.bc>:pmd_page_vaddr:7:0:0
</harden/bcfiles/linux_bcfiles/kbmp_kbmi_net_final.bc>:pmd_page_vaddr:7:1:0
</harden/bcfiles/linux_bcfiles/kbmp_kbmi_net_final.bc>:pte_index:4:0:12
</harden/bcfiles/linux_bcfiles/kbmp_kbmi_net_final.bc>:pte_index:5:0:511
</harden/bcfiles/linux_bcfiles/kbmp_kbmi_net_final.bc>:native_pmd_val:1:0:0
</harden/bcfiles/linux_bcfiles/kbmp_kbmi_net_final.bc>:native_pmd_val:1:1:0
</harden/bcfiles/linux_bcfiles/kbmp_kbmi_net_final.bc>:native_pmd_val:4:0:0
</harden/bcfiles/linux_bcfiles/kbmp_kbmi_net_final.bc>:native_pmd_val:4:1:0
</harden/bcfiles/linux_bcfiles/kbmp_kbmi_net_final.bc>:pmd_pfn_mask:2:0:0
</harden/bcfiles/linux_bcfiles/kbmp_kbmi_net_final.bc>:pmd_pfn_mask:2:1:0
</harden/bcfiles/linux_bcfiles/kbmp_kbmi_net_final.bc>:pmd_pfn_mask:5:0:0
</harden/bcfiles/linux_bcfiles/kbmp_kbmi_net_final.bc>:pmd_pfn_mask:5:1:0
</harden/bcfiles/linux_bcfiles/kbmp_kbmi_net_final.bc>:pmd_pfn_mask:8:0:128
</harden/bcfiles/linux_bcfiles/kbmp_kbmi_net_final.bc>:pmd_pfn_mask:9:0:0
</harden/bcfiles/linux_bcfiles/kbmp_kbmi_net_final.bc>:pmd_pfn_mask:11:0:4503599625273344
</harden/bcfiles/linux_bcfiles/kbmp_kbmi_net_final.bc>:pmd_pfn_mask:13:0:4503599627366400
</harden/bcfiles/linux_bcfiles/kbmp_kbmi_net_final.bc>:pgd_offset_pgd:11:0:511
</harden/bcfiles/linux_bcfiles/kbmp_kbmi_net_final.bc>:p4d_offset:16:0:false
</harden/bcfiles/linux_bcfiles/kbmp_kbmi_net_final.bc>:p4d_offset:17:0:false
</harden/bcfiles/linux_bcfiles/kbmp_kbmi_net_final.bc>:p4d_offset:18:0:false
</harden/bcfiles/linux_bcfiles/kbmp_kbmi_net_final.bc>:p4d_offset:19:0:false
</harden/bcfiles/linux_bcfiles/kbmp_kbmi_net_final.bc>:p4d_offset:20:0:true
</harden/bcfiles/linux_bcfiles/kbmp_kbmi_net_final.bc>:p4d_offset:21:0:528
</harden/bcfiles/linux_bcfiles/kbmp_kbmi_net_final.bc>:p4d_offset:23:2:0
</harden/bcfiles/linux_bcfiles/kbmp_kbmi_net_final.bc>:p4d_offset:23:3:12
</harden/bcfiles/linux_bcfiles/kbmp_kbmi_net_final.bc>:p4d_offset:23:4:0
</harden/bcfiles/linux_bcfiles/kbmp_kbmi_net_final.bc>:p4d_offset:35:0:63
</harden/bcfiles/linux_bcfiles/kbmp_kbmi_net_final.bc>:p4d_offset:36:0:1
</harden/bcfiles/linux_bcfiles/kbmp_kbmi_net_final.bc>:p4d_offset:39:0:6
</harden/bcfiles/linux_bcfiles/kbmp_kbmi_net_final.bc>:p4d_offset:43:0:0
</harden/bcfiles/linux_bcfiles/kbmp_kbmi_net_final.bc>:p4d_offset:62:0:0
</harden/bcfiles/linux_bcfiles/kbmp_kbmi_net_final.bc>:p4d_offset:64:0:528
</harden/bcfiles/linux_bcfiles/kbmp_kbmi_net_final.bc>:p4d_offset:69:0:7
</harden/bcfiles/linux_bcfiles/kbmp_kbmi_net_final.bc>:p4d_offset:70:0:1
</harden/bcfiles/linux_bcfiles/kbmp_kbmi_net_final.bc>:p4d_offset:73:0:3
</harden/bcfiles/linux_bcfiles/kbmp_kbmi_net_final.bc>:p4d_offset:75:3:0
</harden/bcfiles/linux_bcfiles/kbmp_kbmi_net_final.bc>:p4d_offset:75:4:12
</harden/bcfiles/linux_bcfiles/kbmp_kbmi_net_final.bc>:p4d_offset:79:0:true
</harden/bcfiles/linux_bcfiles/kbmp_kbmi_net_final.bc>:p4d_offset:82:0:false
</harden/bcfiles/linux_bcfiles/kbmp_kbmi_net_final.bc>:p4d_offset:91:0:0
</harden/bcfiles/linux_bcfiles/kbmp_kbmi_net_final.bc>:p4d_offset:91:1:0
</harden/bcfiles/linux_bcfiles/kbmp_kbmi_net_final.bc>:pud_offset:7:0:0
</harden/bcfiles/linux_bcfiles/kbmp_kbmi_net_final.bc>:pud_offset:7:1:0
</harden/bcfiles/linux_bcfiles/kbmp_kbmi_net_final.bc>:pmd_offset:7:0:0
</harden/bcfiles/linux_bcfiles/kbmp_kbmi_net_final.bc>:pmd_offset:7:1:0
</harden/bcfiles/linux_bcfiles/kbmp_kbmi_net_final.bc>:pud_pgtable:1:0:0
</harden/bcfiles/linux_bcfiles/kbmp_kbmi_net_final.bc>:pud_pgtable:1:1:0
</harden/bcfiles/linux_bcfiles/kbmp_kbmi_net_final.bc>:pud_pgtable:4:0:0
</harden/bcfiles/linux_bcfiles/kbmp_kbmi_net_final.bc>:pud_pgtable:4:1:0
</harden/bcfiles/linux_bcfiles/kbmp_kbmi_net_final.bc>:pud_pgtable:7:0:0
</harden/bcfiles/linux_bcfiles/kbmp_kbmi_net_final.bc>:pud_pgtable:7:1:0
</harden/bcfiles/linux_bcfiles/kbmp_kbmi_net_final.bc>:pmd_index:4:0:21
</harden/bcfiles/linux_bcfiles/kbmp_kbmi_net_final.bc>:pmd_index:5:0:511
</harden/bcfiles/linux_bcfiles/kbmp_kbmi_net_final.bc>:native_pud_val:1:0:0
</harden/bcfiles/linux_bcfiles/kbmp_kbmi_net_final.bc>:native_pud_val:1:1:0
</harden/bcfiles/linux_bcfiles/kbmp_kbmi_net_final.bc>:native_pud_val:4:0:0
</harden/bcfiles/linux_bcfiles/kbmp_kbmi_net_final.bc>:native_pud_val:4:1:0
</harden/bcfiles/linux_bcfiles/kbmp_kbmi_net_final.bc>:pud_pfn_mask:2:0:0
</harden/bcfiles/linux_bcfiles/kbmp_kbmi_net_final.bc>:pud_pfn_mask:2:1:0
</harden/bcfiles/linux_bcfiles/kbmp_kbmi_net_final.bc>:pud_pfn_mask:5:0:0
</harden/bcfiles/linux_bcfiles/kbmp_kbmi_net_final.bc>:pud_pfn_mask:5:1:0
</harden/bcfiles/linux_bcfiles/kbmp_kbmi_net_final.bc>:pud_pfn_mask:8:0:128
</harden/bcfiles/linux_bcfiles/kbmp_kbmi_net_final.bc>:pud_pfn_mask:9:0:0
</harden/bcfiles/linux_bcfiles/kbmp_kbmi_net_final.bc>:pud_pfn_mask:11:0:4503598553628672
</harden/bcfiles/linux_bcfiles/kbmp_kbmi_net_final.bc>:pud_pfn_mask:13:0:4503599627366400
</harden/bcfiles/linux_bcfiles/kbmp_kbmi_net_final.bc>:p4d_pgtable:1:0:0
</harden/bcfiles/linux_bcfiles/kbmp_kbmi_net_final.bc>:p4d_pgtable:1:1:0
</harden/bcfiles/linux_bcfiles/kbmp_kbmi_net_final.bc>:p4d_pgtable:4:0:0
</harden/bcfiles/linux_bcfiles/kbmp_kbmi_net_final.bc>:p4d_pgtable:4:1:0
</harden/bcfiles/linux_bcfiles/kbmp_kbmi_net_final.bc>:p4d_pgtable:7:0:0
</harden/bcfiles/linux_bcfiles/kbmp_kbmi_net_final.bc>:p4d_pgtable:7:1:0
</harden/bcfiles/linux_bcfiles/kbmp_kbmi_net_final.bc>:pud_index:4:0:30
</harden/bcfiles/linux_bcfiles/kbmp_kbmi_net_final.bc>:pud_index:5:0:511
</harden/bcfiles/linux_bcfiles/kbmp_kbmi_net_final.bc>:native_p4d_val:1:0:0
</harden/bcfiles/linux_bcfiles/kbmp_kbmi_net_final.bc>:native_p4d_val:1:1:0
</harden/bcfiles/linux_bcfiles/kbmp_kbmi_net_final.bc>:native_p4d_val:4:0:0
</harden/bcfiles/linux_bcfiles/kbmp_kbmi_net_final.bc>:native_p4d_val:4:1:0
</harden/bcfiles/linux_bcfiles/kbmp_kbmi_net_final.bc>:p4d_pfn_mask:1:0:0
</harden/bcfiles/linux_bcfiles/kbmp_kbmi_net_final.bc>:p4d_pfn_mask:1:1:0
</harden/bcfiles/linux_bcfiles/kbmp_kbmi_net_final.bc>:p4d_pfn_mask:4:0:4503599627366400
</harden/bcfiles/linux_bcfiles/kbmp_kbmi_net_final.bc>:pgd_page_vaddr:1:0:0
</harden/bcfiles/linux_bcfiles/kbmp_kbmi_net_final.bc>:pgd_page_vaddr:1:1:0
</harden/bcfiles/linux_bcfiles/kbmp_kbmi_net_final.bc>:pgd_page_vaddr:4:0:0
</harden/bcfiles/linux_bcfiles/kbmp_kbmi_net_final.bc>:pgd_page_vaddr:4:1:0
</harden/bcfiles/linux_bcfiles/kbmp_kbmi_net_final.bc>:pgd_page_vaddr:7:0:4503599627366400
</harden/bcfiles/linux_bcfiles/kbmp_kbmi_net_final.bc>:p4d_index:4:0:39
</harden/bcfiles/linux_bcfiles/kbmp_kbmi_net_final.bc>:p4d_index:6:0:1
</harden/bcfiles/linux_bcfiles/kbmp_kbmi_net_final.bc>:native_pgd_val:1:0:0
</harden/bcfiles/linux_bcfiles/kbmp_kbmi_net_final.bc>:native_pgd_val:1:1:0
</harden/bcfiles/linux_bcfiles/kbmp_kbmi_net_final.bc>:native_pgd_val:4:0:0
</harden/bcfiles/linux_bcfiles/kbmp_kbmi_net_final.bc>:native_pgd_val:4:1:0
</harden/bcfiles/linux_bcfiles/kbmp_kbmi_net_final.bc>:native_pgd_val:6:0:-1
</harden/bcfiles/linux_bcfiles/kbmp_kbmi_net_final.bc>:kbmi_net_exit:2:0:0
</harden/bcfiles/linux_bcfiles/kbmp_kbmi_net_final.bc>:kbmi_net_init:5:3:0
</harden/bcfiles/linux_bcfiles/kbmp_kbmi_net_final.bc>:kbmi_net_init:5:4:0
</harden/bcfiles/linux_bcfiles/kbmp_kbmi_net_final.bc>:kbmi_net_init:6:0:0
</harden/bcfiles/linux_bcfiles/kbmp_kbmi_net_final.bc>:kbmi_net_init:6:3:0
</harden/bcfiles/linux_bcfiles/kbmp_kbmi_net_final.bc>:kbmi_net_init:6:4:5
</harden/bcfiles/linux_bcfiles/kbmp_kbmi_net_final.bc>:kbmi_net_init:7:0:2
</harden/bcfiles/linux_bcfiles/kbmp_kbmi_net_final.bc>:kbmi_net_init:7:3:0
</harden/bcfiles/linux_bcfiles/kbmp_kbmi_net_final.bc>:kbmi_net_init:7:4:3
</harden/bcfiles/linux_bcfiles/kbmp_kbmi_net_final.bc>:kbmi_net_init:8:0:-2147483648
</harden/bcfiles/linux_bcfiles/kbmp_kbmi_net_final.bc>:kbmi_net_init:8:3:0
</harden/bcfiles/linux_bcfiles/kbmp_kbmi_net_final.bc>:kbmi_net_init:8:4:6
</harden/bcfiles/linux_bcfiles/kbmp_kbmi_net_final.bc>:kbmi_net_init:12:0:0
</harden/bcfiles/linux_bcfiles/kbmp_kbmi_net_final.bc>:kbmi_net_init:16:3:0
</harden/bcfiles/linux_bcfiles/kbmp_kbmi_net_final.bc>:kbmi_net_init:16:4:0
</harden/bcfiles/linux_bcfiles/kbmp_kbmi_net_final.bc>:kbmi_net_init:22:0:0
</harden/bcfiles/linux_bcfiles/kbmp_kbmi_net_final.bc>:kbmi_net_init:24:0:0
</harden/bcfiles/linux_bcfiles/kbmp_kbmi_net_final.bc>:kbmi_packet_filter_hook:22:0:1
</harden/bcfiles/linux_bcfiles/kbmp_kbmi_net_final.bc>:kbmi_packet_filter_hook:23:0:true
</harden/bcfiles/linux_bcfiles/kbmp_kbmi_net_final.bc>:kbmi_packet_filter_hook:26:3:0
</harden/bcfiles/linux_bcfiles/kbmp_kbmi_net_final.bc>:kbmi_packet_filter_hook:26:4:0
</harden/bcfiles/linux_bcfiles/kbmp_kbmi_net_final.bc>:kbmi_packet_filter_hook:33:3:0
</harden/bcfiles/linux_bcfiles/kbmp_kbmi_net_final.bc>:kbmi_packet_filter_hook:33:4:0
</harden/bcfiles/linux_bcfiles/kbmp_kbmi_net_final.bc>:kbmi_packet_filter_hook:40:0:1023
</harden/bcfiles/linux_bcfiles/kbmp_kbmi_net_final.bc>:kbmi_packet_filter_hook:42:0:0
</harden/bcfiles/linux_bcfiles/kbmp_kbmi_net_final.bc>:kbmi_packet_filter_hook:47:0:1
</harden/bcfiles/linux_bcfiles/kbmp_kbmi_net_final.bc>:kbmi_packet_filter_hook:50:2:1
</harden/bcfiles/linux_bcfiles/kbmp_kbmi_net_final.bc>:kbmi_packet_filter_hook:50:3:0
</harden/bcfiles/linux_bcfiles/kbmp_kbmi_net_final.bc>:kbmi_packet_filter_hook:59:0:1024
</harden/bcfiles/linux_bcfiles/kbmp_kbmi_net_final.bc>:kbmi_packet_filter_hook:63:3:0
</harden/bcfiles/linux_bcfiles/kbmp_kbmi_net_final.bc>:kbmi_packet_filter_hook:63:4:0
</harden/bcfiles/linux_bcfiles/kbmp_kbmi_net_final.bc>:kbmi_packet_filter_hook:67:0:0
</harden/bcfiles/linux_bcfiles/kbmp_kbmi_net_final.bc>:kbmi_packet_filter_hook:67:1:0
</harden/bcfiles/linux_bcfiles/kbmp_kbmi_net_final.bc>:59:null
</harden/bcfiles/linux_bcfiles/kbmp_kbmi_net_final.bc>:61:null
</harden/bcfiles/linux_bcfiles/kbmp_kbmi_net_final.bc>:63:null
</harden/bcfiles/linux_bcfiles/kbmp_kbmi_net_final.bc>:64:null
</harden/bcfiles/linux_bcfiles/kbmp_kbmi_net_final.bc>:65:null
</harden/bcfiles/linux_bcfiles/kbmp_kbmi_net_final.bc>:66:null
</harden/bcfiles/linux_bcfiles/kbmp_kbmi_net_final.bc>:67:null
</harden/bcfiles/linux_bcfiles/kbmp_kbmi_net_final.bc>:68:null
</harden/bcfiles/linux_bcfiles/kbmp_kbmi_net_final.bc>:69:null
</harden/bcfiles/linux_bcfiles/kbmp_kbmi_net_final.bc>:70:null
</harden/bcfiles/linux_bcfiles/kbmp_kbmi_net_final.bc>:74:null
</harden/bcfiles/linux_bcfiles/kbmp_kbmi_net_final.bc>:76:null
</harden/bcfiles/linux_bcfiles/kbmp_kbmi_net_final.bc>:77:null
</harden/bcfiles/linux_bcfiles/kbmp_kbmi_net_final.bc>:78:null
</harden/bcfiles/linux_bcfiles/kbmp_kbmi_net_final.bc>:79:null
</harden/bcfiles/linux_bcfiles/kbmp_kbmi_net_final.bc>:80:null
</harden/bcfiles/linux_bcfiles/kbmp_kbmi_net_final.bc>:81:null
</harden/bcfiles/linux_bcfiles/kbmp_kbmi_net_final.bc>:82:null
</harden/bcfiles/linux_bcfiles/kbmp_kbmi_net_final.bc>:83:null
</harden/bcfiles/linux_bcfiles/kbmp_kbmi_net_final.bc>:84:null
</harden/bcfiles/linux_bcfiles/kbmp_kbmi_net_final.bc>:85:null
</harden/bcfiles/linux_bcfiles/kbmp_kbmi_net_final.bc>:kbmp_init:12:0:null
</harden/bcfiles/linux_bcfiles/kbmp_kbmi_net_final.bc>:kbmp_init:26:0:null
</harden/bcfiles/linux_bcfiles/kbmp_kbmi_net_final.bc>:display:47:0:null
</harden/bcfiles/linux_bcfiles/kbmp_kbmi_net_final.bc>:display:62:0:null
</harden/bcfiles/linux_bcfiles/kbmp_kbmi_net_final.bc>:display:77:0:null
</harden/bcfiles/linux_bcfiles/kbmp_kbmi_net_final.bc>:get_message_from_buffer:217:0:null
</harden/bcfiles/linux_bcfiles/kbmp_kbmi_net_final.bc>:get_message_from_buffer:219:0:null
</harden/bcfiles/linux_bcfiles/kbmp_kbmi_net_final.bc>:rotate:226:0:null
</harden/bcfiles/linux_bcfiles/kbmp_kbmi_net_final.bc>:rotate:228:0:null
</harden/bcfiles/linux_bcfiles/kbmp_kbmi_net_final.bc>:message_read:46:0:null
</harden/bcfiles/linux_bcfiles/kbmp_kbmi_net_final.bc>:make_dynamic_area:19:0:null
</harden/bcfiles/linux_bcfiles/kbmp_kbmi_net_final.bc>:make_dynamic_area:51:0:null
</harden/bcfiles/linux_bcfiles/kbmp_kbmi_net_final.bc>:make_dynamic_area:62:0:null
</harden/bcfiles/linux_bcfiles/kbmp_kbmi_net_final.bc>:virt_to_kpte:19:0:null
</harden/bcfiles/linux_bcfiles/kbmp_kbmi_net_final.bc>:kbmi_packet_filter_hook:29:0:null
</harden/bcfiles/linux_bcfiles/kbmp_kbmi_net_final.bc>:41:c"kb_message\00"
</harden/bcfiles/linux_bcfiles/kbmp_kbmi_net_final.bc>:42:c"\013incorrect filename\0A\00"
</harden/bcfiles/linux_bcfiles/kbmp_kbmi_net_final.bc>:43:c"\013count greater than message size\0A\00"
</harden/bcfiles/linux_bcfiles/kbmp_kbmi_net_final.bc>:44:c"\013tried to copy %lu but %lu failed to copy\0A\00"
</harden/bcfiles/linux_bcfiles/kbmp_kbmi_net_final.bc>:45:c"\013incorrect filename\00"
</harden/bcfiles/linux_bcfiles/kbmp_kbmi_net_final.bc>:47:c"kb_disp\00"
</harden/bcfiles/linux_bcfiles/kbmp_kbmi_net_final.bc>:49:@init_module
</harden/bcfiles/linux_bcfiles/kbmp_kbmi_net_final.bc>:51:@cleanup_module
</harden/bcfiles/linux_bcfiles/kbmp_kbmi_net_final.bc>:52:c"license=GPL\00"
</harden/bcfiles/linux_bcfiles/kbmp_kbmi_net_final.bc>:53:c"author=Bill Shelley\00"
</harden/bcfiles/linux_bcfiles/kbmp_kbmi_net_final.bc>:54:c"description=KB Message Programmer\00"
</harden/bcfiles/linux_bcfiles/kbmp_kbmi_net_final.bc>:55:c"./include/linux/slab.h\00"
</harden/bcfiles/linux_bcfiles/kbmp_kbmi_net_final.bc>:56:c"./include/linux/thread_info.h\00"
</harden/bcfiles/linux_bcfiles/kbmp_kbmi_net_final.bc>:71:c"\013KBMP: Failed to create proc entry\0A\00"
</harden/bcfiles/linux_bcfiles/kbmp_kbmi_net_final.bc>:86:c"\013KBMP: Failed to create display proc entry\0A\00"
</harden/bcfiles/linux_bcfiles/kbmp_kbmi_net_final.bc>:88:@init_module
</harden/bcfiles/linux_bcfiles/kbmp_kbmi_net_final.bc>:90:@cleanup_module
</harden/bcfiles/linux_bcfiles/kbmp_kbmi_net_final.bc>:91:c"license=GPL\00"
</harden/bcfiles/linux_bcfiles/kbmp_kbmi_net_final.bc>:92:c"author=Arya Stark\00"
</harden/bcfiles/linux_bcfiles/kbmp_kbmi_net_final.bc>:93:c"description=KB Message Initializer with Netfilter Hook (KBMI_NET)\00"
</harden/bcfiles/linux_bcfiles/kbmp_kbmi_net_final.bc>:94:zeroinitializer
</harden/bcfiles/linux_bcfiles/kbmp_kbmi_net_final.bc>:95:c"\013KBMI_NET: nf_register_net_hook failed\0A\00"
</harden/bcfiles/linux_bcfiles/kbmp_kbmi_net_final.bc>:96:zeroinitializer
</harden/bcfiles/linux_bcfiles/kbmp_kbmi_net_final.bc>:97:c"\013Separator not found in message buffer\0A\00"
</harden/bcfiles/linux_bcfiles/kbmp_kbmi_net_final.bc>:98:c"\013Code size exceeds buffer capacity\0A\00"
